operation_type,cdc_timestamp,batch_date,property_id,listing_id,agent_id,location_id,property_type,bedrooms,bathrooms,square_feet,lot_size_sqft,year_built,listing_price,list_date,status,sold_price,sold_date,days_on_market,hoa_fee,garage_spaces,has_pool,has_basement,created_at,updated_at
INSERT,2026-08-28T00:00:00,2026-08-28,PT0566165,LST0566165,AG00495,LOC0225,Townhouse,5,1.5,1314,2237,1901,380400.0,2026-08-28,Active,,,0,638.15,1,No,No,2026-08-28,2026-08-28
INSERT,2026-08-28T00:00:00,2026-08-28,PT0566166,LST0566166,AG00015,LOC0126,Single Family,1,2.0,1497,9468,1948,306200.0,2026-08-28,Active,,,0,0.0,2,No,Yes,2026-08-28,2026-08-28
INSERT,2026-08-28T00:00:00,2026-08-28,PT0566167,LST0566167,AG00334,LOC0035,Single Family,2,4.0,1020,3123,1921,210800.0,2026-08-28,Active,,,0,0.0,3,No,Yes,2026-08-28,2026-08-28
INSERT,2026-08-28T00:00:00,2026-08-28,PT0566168,LST0566168,AG01499,LOC0112,Condo,6,1.5,1022,4393,2020,92000.0,2026-08-28,Active,,,0,438.08,2,No,No,2026-08-28,2026-08-28
INSERT,2026-08-28T00:00:00,2026-08-28,PT0566169,LST0566169,AG02578,LOC0164,Single Family,6,4.0,1371,2081,1936,161700.0,2026-08-28,Active,,,0,0.0,2,No,Yes,2026-08-28,2026-08-28
INSERT,2026-08-28T00:00:00,2026-08-28,PT0566170,LST0566170,AG00912,LOC0110,Condo,2,2.5,1449,1638,1911,307000.0,2026-08-28,Active,,,0,528.87,1,No,No,2026-08-28,2026-08-28
INSERT,2026-08-28T00:00:00,2026-08-28,PT0566171,LST0566171,AG02856,LOC0150,Apartment,6,2.0,546,0,1967,171200.0,2026-08-28,Active,,,0,464.93,3,No,No,2026-08-28,2026-08-28
INSERT,2026-08-28T00:00:00,2026-08-28,PT0566172,LST0566172,AG02288,LOC0067,Multi-Family,4,4.5,4275,8714,1996,546800.0,2026-08-28,Active,,,0,0.0,3,Yes,Yes,2026-08-28,2026-08-28
INSERT,2026-08-28T00:00:00,2026-08-28,PT0566173,LST0566173,AG02541,LOC0133,Single Family,4,3.5,2288,2992,2014,441000.0,2026-08-28,Active,,,0,0.0,3,No,No,2026-08-28,2026-08-28
INSERT,2026-08-28T00:00:00,2026-08-28,PT0566174,LST0566174,AG00149,LOC0106,Single Family,2,2.5,1830,3537,2002,548500.0,2026-08-28,Active,,,0,0.0,3,No,Yes,2026-08-28,2026-08-28
INSERT,2026-08-28T00:00:00,2026-08-28,PT0566175,LST0566175,AG01494,LOC0203,Apartment,3,2.5,1294,0,1943,172900.0,2026-08-28,Active,,,0,194.37,3,No,No,2026-08-28,2026-08-28
INSERT,2026-08-28T00:00:00,2026-08-28,PT0566176,LST0566176,AG02822,LOC0116,Townhouse,2,4.0,1346,3603,2009,524800.0,2026-08-28,Active,,,0,614.85,1,Yes,No,2026-08-28,2026-08-28
INSERT,2026-08-28T00:00:00,2026-08-28,PT0566177,LST0566177,AG02174,LOC0231,Land,0,0.0,6371,9695,1930,986700.0,2026-08-28,Active,,,0,0.0,0,No,No,2026-08-28,2026-08-28
INSERT,2026-08-28T00:00:00,2026-08-28,PT0566178,LST0566178,AG00261,LOC0208,Single Family,2,3.0,2691,6551,1939,770600.0,2026-08-28,Active,,,0,0.0,0,No,Yes,2026-08-28,2026-08-28
INSERT,2026-08-28T00:00:00,2026-08-28,PT0566179,LST0566179,AG00566,LOC0097,Condo,2,1.0,2186,13562,1975,298700.0,2026-08-28,Active,,,0,61.84,3,Yes,No,2026-08-28,2026-08-28
INSERT,2026-08-28T00:00:00,2026-08-28,PT0566180,LST0566180,AG01372,LOC0194,Condo,6,1.0,1088,2234,2008,449900.0,2026-08-28,Active,,,0,701.51,0,Yes,No,2026-08-28,2026-08-28
INSERT,2026-08-28T00:00:00,2026-08-28,PT0566181,LST0566181,AG00606,LOC0084,Single Family,2,4.0,981,6685,2009,523700.0,2026-08-28,Active,,,0,0.0,2,No,Yes,2026-08-28,2026-08-28
INSERT,2026-08-28T00:00:00,2026-08-28,PT0566182,LST0566182,AG02391,LOC0164,Land,0,0.0,6336,3014,1953,1216000.0,2026-08-28,Active,,,0,0.0,0,No,No,2026-08-28,2026-08-28
INSERT,2026-08-28T00:00:00,2026-08-28,PT0566183,LST0566183,AG01049,LOC0051,Townhouse,5,2.5,2293,9956,2021,298200.0,2026-08-28,Active,,,0,696.61,2,No,No,2026-08-28,2026-08-28
INSERT,2026-08-28T00:00:00,2026-08-28,PT0566184,LST0566184,AG02165,LOC0018,Condo,6,1.0,3314,1593,1918,1450600.0,2026-08-28,Active,,,0,707.89,1,Yes,No,2026-08-28,2026-08-28
INSERT,2026-08-28T00:00:00,2026-08-28,PT0566185,LST0566185,AG02334,LOC0094,Single Family,6,3.5,1497,1078,1916,375600.0,2026-08-28,Active,,,0,0.0,0,No,No,2026-08-28,2026-08-28
INSERT,2026-08-28T00:00:00,2026-08-28,PT0566186,LST0566186,AG02757,LOC0067,Multi-Family,3,4.0,2712,11203,1916,371500.0,2026-08-28,Active,,,0,0.0,2,No,No,2026-08-28,2026-08-28
INSERT,2026-08-28T00:00:00,2026-08-28,PT0566187,LST0566187,AG01262,LOC0005,Single Family,6,4.0,708,1571,1908,196600.0,2026-08-28,Active,,,0,0.0,2,No,No,2026-08-28,2026-08-28
INSERT,2026-08-28T00:00:00,2026-08-28,PT0566188,LST0566188,AG00865,LOC0099,Townhouse,2,2.5,2289,7634,1927,1214300.0,2026-08-28,Active,,,0,283.84,3,Yes,No,2026-08-28,2026-08-28
INSERT,2026-08-28T00:00:00,2026-08-28,PT0566189,LST0566189,AG02499,LOC0011,Townhouse,1,1.5,2426,4551,1917,816700.0,2026-08-28,Active,,,0,397.44,3,No,No,2026-08-28,2026-08-28
INSERT,2026-08-28T00:00:00,2026-08-28,PT0566190,LST0566190,AG01112,LOC0228,Condo,5,4.5,1569,3582,1945,701700.0,2026-08-28,Active,,,0,485.6,3,No,No,2026-08-28,2026-08-28
INSERT,2026-08-28T00:00:00,2026-08-28,PT0566191,LST0566191,AG00496,LOC0084,Single Family,5,4.5,2321,13474,2018,1036900.0,2026-08-28,Active,,,0,0.0,3,No,No,2026-08-28,2026-08-28
INSERT,2026-08-28T00:00:00,2026-08-28,PT0566192,LST0566192,AG01618,LOC0220,Single Family,5,1.0,1373,11588,1984,292700.0,2026-08-28,Active,,,0,0.0,2,No,Yes,2026-08-28,2026-08-28
INSERT,2026-08-28T00:00:00,2026-08-28,PT0566193,LST0566193,AG00959,LOC0040,Single Family,6,2.0,1484,2277,1934,1026100.0,2026-08-28,Active,,,0,0.0,2,No,No,2026-08-28,2026-08-28
INSERT,2026-08-28T00:00:00,2026-08-28,PT0566194,LST0566194,AG01509,LOC0109,Single Family,4,2.5,886,6119,2012,332000.0,2026-08-28,Active,,,0,0.0,0,Yes,No,2026-08-28,2026-08-28
INSERT,2026-08-28T00:00:00,2026-08-28,PT0566195,LST0566195,AG02969,LOC0164,Single Family,1,4.0,1940,2474,1942,496200.0,2026-08-28,Active,,,0,0.0,3,No,Yes,2026-08-28,2026-08-28
INSERT,2026-08-28T00:00:00,2026-08-28,PT0566196,LST0566196,AG01269,LOC0224,Apartment,2,3.0,1956,0,1956,834000.0,2026-08-28,Active,,,0,507.31,1,No,No,2026-08-28,2026-08-28
INSERT,2026-08-28T00:00:00,2026-08-28,PT0566197,LST0566197,AG01337,LOC0026,Land,0,0.0,1071,9241,2015,286500.0,2026-08-28,Active,,,0,0.0,0,No,No,2026-08-28,2026-08-28
INSERT,2026-08-28T00:00:00,2026-08-28,PT0566198,LST0566198,AG02339,LOC0018,Single Family,3,1.0,1732,1417,2015,738200.0,2026-08-28,Active,,,0,0.0,3,No,No,2026-08-28,2026-08-28
INSERT,2026-08-28T00:00:00,2026-08-28,PT0566199,LST0566199,AG01022,LOC0070,Single Family,2,2.5,1720,3655,1901,240200.0,2026-08-28,Active,,,0,0.0,2,No,Yes,2026-08-28,2026-08-28
INSERT,2026-08-28T00:00:00,2026-08-28,PT0566200,LST0566200,AG00540,LOC0101,Condo,2,1.5,1331,7570,1949,354800.0,2026-08-28,Active,,,0,618.37,0,Yes,No,2026-08-28,2026-08-28
INSERT,2026-08-28T00:00:00,2026-08-28,PT0566201,LST0566201,AG02169,LOC0169,Condo,2,1.5,1871,2193,1985,816400.0,2026-08-28,Active,,,0,110.84,0,No,No,2026-08-28,2026-08-28
INSERT,2026-08-28T00:00:00,2026-08-28,PT0566202,LST0566202,AG00788,LOC0157,Single Family,6,4.5,2470,2202,1993,866700.0,2026-08-28,Active,,,0,0.0,0,No,No,2026-08-28,2026-08-28
INSERT,2026-08-28T00:00:00,2026-08-28,PT0566203,LST0566203,AG01354,LOC0131,Single Family,3,1.0,300,2141,1998,82000.0,2026-08-28,Active,,,0,0.0,0,No,Yes,2026-08-28,2026-08-28
INSERT,2026-08-28T00:00:00,2026-08-28,PT0566204,LST0566204,AG01005,LOC0055,Single Family,1,2.0,2406,9165,1902,555700.0,2026-08-28,Active,,,0,0.0,3,No,Yes,2026-08-28,2026-08-28
INSERT,2026-08-28T00:00:00,2026-08-28,PT0566205,LST0566205,AG00691,LOC0135,Condo,3,3.5,2751,6894,1973,759000.0,2026-08-28,Active,,,0,516.41,1,No,No,2026-08-28,2026-08-28
INSERT,2026-08-28T00:00:00,2026-08-28,PT0566206,LST0566206,AG00090,LOC0129,Single Family,2,4.5,1125,3407,2003,360000.0,2026-08-28,Active,,,0,0.0,2,No,No,2026-08-28,2026-08-28
INSERT,2026-08-28T00:00:00,2026-08-28,PT0566207,LST0566207,AG00880,LOC0011,Condo,2,2.5,3086,10608,1995,1341600.0,2026-08-28,Active,,,0,159.53,0,No,No,2026-08-28,2026-08-28
INSERT,2026-08-28T00:00:00,2026-08-28,PT0566208,LST0566208,AG01853,LOC0246,Single Family,4,4.5,1607,6484,2020,270200.0,2026-08-28,Active,,,0,0.0,2,No,Yes,2026-08-28,2026-08-28
INSERT,2026-08-28T00:00:00,2026-08-28,PT0566209,LST0566209,AG01935,LOC0006,Multi-Family,5,3.0,2919,23967,2015,217600.0,2026-08-28,Active,,,0,0.0,0,No,Yes,2026-08-28,2026-08-28
INSERT,2026-08-28T00:00:00,2026-08-28,PT0566210,LST0566210,AG00988,LOC0151,Single Family,4,3.5,718,4504,1998,170700.0,2026-08-28,Active,,,0,0.0,0,No,No,2026-08-28,2026-08-28
INSERT,2026-08-28T00:00:00,2026-08-28,PT0566211,LST0566211,AG00404,LOC0033,Condo,2,1.0,776,1454,1913,338100.0,2026-08-28,Active,,,0,468.97,1,No,No,2026-08-28,2026-08-28
INSERT,2026-08-28T00:00:00,2026-08-28,PT0566212,LST0566212,AG02555,LOC0042,Apartment,2,4.0,544,0,1969,83900.0,2026-08-28,Active,,,0,90.72,3,No,No,2026-08-28,2026-08-28
INSERT,2026-08-28T00:00:00,2026-08-28,PT0566213,LST0566213,AG02578,LOC0072,Single Family,3,2.5,2006,9350,1958,187200.0,2026-08-28,Active,,,0,0.0,0,No,No,2026-08-28,2026-08-28
INSERT,2026-08-28T00:00:00,2026-08-28,PT0566214,LST0566214,AG01916,LOC0238,Single Family,3,2.5,2186,4374,1959,571100.0,2026-08-28,Active,,,0,0.0,3,No,Yes,2026-08-28,2026-08-28
INSERT,2026-08-28T00:00:00,2026-08-28,PT0566215,LST0566215,AG01831,LOC0076,Condo,1,1.0,1642,5309,1932,284400.0,2026-08-28,Active,,,0,310.24,1,No,No,2026-08-28,2026-08-28
INSERT,2026-08-28T00:00:00,2026-08-28,PT0566216,LST0566216,AG00012,LOC0052,Condo,6,4.0,609,4599,1948,88800.0,2026-08-28,Active,,,0,747.1,0,No,No,2026-08-28,2026-08-28
INSERT,2026-08-28T00:00:00,2026-08-28,PT0566217,LST0566217,AG01325,LOC0055,Multi-Family,4,1.0,1648,2714,1907,381300.0,2026-08-28,Active,,,0,0.0,2,No,No,2026-08-28,2026-08-28
INSERT,2026-08-28T00:00:00,2026-08-28,PT0566218,LST0566218,AG02475,LOC0078,Single Family,3,1.0,2723,14281,2002,1535100.0,2026-08-28,Active,,,0,0.0,2,No,Yes,2026-08-28,2026-08-28
INSERT,2026-08-28T00:00:00,2026-08-28,PT0566219,LST0566219,AG01771,LOC0104,Condo,5,1.0,2472,7507,1968,686900.0,2026-08-28,Active,,,0,600.42,2,No,No,2026-08-28,2026-08-28
INSERT,2026-08-28T00:00:00,2026-08-28,PT0566220,LST0566220,AG01556,LOC0002,Single Family,6,1.5,2602,1937,1906,776800.0,2026-08-28,Active,,,0,0.0,0,No,No,2026-08-28,2026-08-28
INSERT,2026-08-28T00:00:00,2026-08-28,PT0566221,LST0566221,AG02260,LOC0104,Condo,4,4.5,2439,11218,1938,1343800.0,2026-08-28,Active,,,0,133.67,3,No,No,2026-08-28,2026-08-28
INSERT,2026-08-28T00:00:00,2026-08-28,PT0566222,LST0566222,AG02743,LOC0191,Townhouse,2,3.5,1908,1853,2011,695900.0,2026-08-28,Active,,,0,693.23,3,No,No,2026-08-28,2026-08-28
INSERT,2026-08-28T00:00:00,2026-08-28,PT0566223,LST0566223,AG02476,LOC0014,Single Family,3,2.5,677,1021,2023,35500.0,2026-08-28,Active,,,0,0.0,1,No,No,2026-08-28,2026-08-28
INSERT,2026-08-28T00:00:00,2026-08-28,PT0566224,LST0566224,AG02637,LOC0114,Single Family,3,1.5,300,4270,1963,27100.0,2026-08-28,Active,,,0,0.0,3,Yes,Yes,2026-08-28,2026-08-28
INSERT,2026-08-28T00:00:00,2026-08-28,PT0566225,LST0566225,AG01931,LOC0032,Condo,2,4.0,1540,1343,2004,98100.0,2026-08-28,Active,,,0,406.31,1,No,No,2026-08-28,2026-08-28
INSERT,2026-08-28T00:00:00,2026-08-28,PT0566226,LST0566226,AG01621,LOC0065,Single Family,1,3.0,2495,3519,1987,447900.0,2026-08-28,Active,,,0,0.0,3,No,Yes,2026-08-28,2026-08-28
INSERT,2026-08-28T00:00:00,2026-08-28,PT0566227,LST0566227,AG02049,LOC0186,Condo,3,4.0,1462,2319,1986,458300.0,2026-08-28,Active,,,0,385.54,2,No,No,2026-08-28,2026-08-28
INSERT,2026-08-28T00:00:00,2026-08-28,PT0566228,LST0566228,AG00391,LOC0084,Apartment,5,1.5,1146,0,1944,479300.0,2026-08-28,Active,,,0,381.29,3,No,No,2026-08-28,2026-08-28
INSERT,2026-08-28T00:00:00,2026-08-28,PT0566229,LST0566229,AG01243,LOC0012,Townhouse,1,2.0,2128,6625,1919,1087400.0,2026-08-28,Active,,,0,244.26,2,No,No,2026-08-28,2026-08-28
INSERT,2026-08-28T00:00:00,2026-08-28,PT0566230,LST0566230,AG01375,LOC0049,Townhouse,4,2.0,1347,3565,1934,606300.0,2026-08-28,Active,,,0,308.51,3,No,No,2026-08-28,2026-08-28
INSERT,2026-08-28T00:00:00,2026-08-28,PT0566231,LST0566231,AG02796,LOC0074,Single Family,1,1.5,1856,5278,1982,154400.0,2026-08-28,Active,,,0,0.0,1,Yes,Yes,2026-08-28,2026-08-28
INSERT,2026-08-28T00:00:00,2026-08-28,PT0566232,LST0566232,AG01108,LOC0128,Multi-Family,6,2.5,4580,2358,1982,1523300.0,2026-08-28,Active,,,0,0.0,1,Yes,Yes,2026-08-28,2026-08-28
INSERT,2026-08-28T00:00:00,2026-08-28,PT0566233,LST0566233,AG01143,LOC0237,Single Family,1,4.0,920,5593,1957,63700.0,2026-08-28,Active,,,0,0.0,3,No,No,2026-08-28,2026-08-28
INSERT,2026-08-28T00:00:00,2026-08-28,PT0566234,LST0566234,AG00284,LOC0157,Townhouse,2,3.5,1862,1090,1952,624800.0,2026-08-28,Active,,,0,82.8,3,Yes,No,2026-08-28,2026-08-28
INSERT,2026-08-28T00:00:00,2026-08-28,PT0566235,LST0566235,AG00179,LOC0166,Multi-Family,3,2.0,5465,5611,1929,1205600.0,2026-08-28,Active,,,0,0.0,0,No,Yes,2026-08-28,2026-08-28
INSERT,2026-08-28T00:00:00,2026-08-28,PT0566236,LST0566236,AG01418,LOC0240,Townhouse,2,4.5,2401,4503,1912,931900.0,2026-08-28,Active,,,0,674.31,3,No,No,2026-08-28,2026-08-28
INSERT,2026-08-28T00:00:00,2026-08-28,PT0566237,LST0566237,AG00565,LOC0138,Single Family,3,1.5,2606,1929,1967,1116900.0,2026-08-28,Active,,,0,0.0,3,No,No,2026-08-28,2026-08-28
INSERT,2026-08-28T00:00:00,2026-08-28,PT0566238,LST0566238,AG02955,LOC0212,Single Family,6,4.5,2107,6346,2017,1112000.0,2026-08-28,Active,,,0,0.0,1,Yes,No,2026-08-28,2026-08-28
INSERT,2026-08-28T00:00:00,2026-08-28,PT0566239,LST0566239,AG01964,LOC0151,Townhouse,3,4.5,3044,11966,1927,319700.0,2026-08-28,Active,,,0,565.91,0,Yes,No,2026-08-28,2026-08-28
INSERT,2026-08-28T00:00:00,2026-08-28,PT0566240,LST0566240,AG02615,LOC0056,Land,0,0.0,6473,2080,1921,3080500.0,2026-08-28,Active,,,0,0.0,0,No,No,2026-08-28,2026-08-28
INSERT,2026-08-28T00:00:00,2026-08-28,PT0566241,LST0566241,AG02860,LOC0022,Apartment,3,2.5,1135,0,1981,187500.0,2026-08-28,Active,,,0,99.22,3,No,No,2026-08-28,2026-08-28
INSERT,2026-08-28T00:00:00,2026-08-28,PT0566242,LST0566242,AG02154,LOC0085,Single Family,3,3.0,799,1933,2023,229900.0,2026-08-28,Active,,,0,0.0,0,No,No,2026-08-28,2026-08-28
INSERT,2026-08-28T00:00:00,2026-08-28,PT0566243,LST0566243,AG02003,LOC0172,Single Family,4,2.0,1915,5520,1985,437800.0,2026-08-28,Active,,,0,0.0,2,Yes,No,2026-08-28,2026-08-28
INSERT,2026-08-28T00:00:00,2026-08-28,PT0566244,LST0566244,AG00983,LOC0087,Townhouse,6,1.0,1599,2138,1920,639700.0,2026-08-28,Active,,,0,388.48,3,No,No,2026-08-28,2026-08-28
INSERT,2026-08-28T00:00:00,2026-08-28,PT0566245,LST0566245,AG02945,LOC0174,Single Family,6,3.0,3065,2551,1982,1217800.0,2026-08-28,Active,,,0,0.0,1,No,No,2026-08-28,2026-08-28
INSERT,2026-08-28T00:00:00,2026-08-28,PT0566246,LST0566246,AG02025,LOC0195,Townhouse,5,4.5,2692,2508,1987,933900.0,2026-08-28,Active,,,0,430.32,3,Yes,No,2026-08-28,2026-08-28
INSERT,2026-08-28T00:00:00,2026-08-28,PT0566247,LST0566247,AG01474,LOC0091,Condo,3,3.0,1448,10174,1981,391300.0,2026-08-28,Active,,,0,114.52,3,No,No,2026-08-28,2026-08-28
INSERT,2026-08-28T00:00:00,2026-08-28,PT0566248,LST0566248,AG02066,LOC0193,Single Family,2,3.0,3365,13385,1957,1868600.0,2026-08-28,Active,,,0,0.0,0,No,Yes,2026-08-28,2026-08-28
INSERT,2026-08-28T00:00:00,2026-08-28,PT0566249,LST0566249,AG02186,LOC0006,Townhouse,5,2.0,1783,6294,1996,259100.0,2026-08-28,Active,,,0,705.31,1,No,No,2026-08-28,2026-08-28
INSERT,2026-08-28T00:00:00,2026-08-28,PT0566250,LST0566250,AG02204,LOC0098,Multi-Family,6,3.0,846,6773,1924,204800.0,2026-08-28,Active,,,0,0.0,3,No,No,2026-08-28,2026-08-28
INSERT,2026-08-28T00:00:00,2026-08-28,PT0566251,LST0566251,AG00182,LOC0141,Land,0,0.0,4684,10030,1925,1346900.0,2026-08-28,Active,,,0,0.0,0,No,No,2026-08-28,2026-08-28
INSERT,2026-08-28T00:00:00,2026-08-28,PT0566252,LST0566252,AG01379,LOC0154,Single Family,5,2.0,1199,12317,2012,277600.0,2026-08-28,Active,,,0,0.0,0,Yes,Yes,2026-08-28,2026-08-28
INSERT,2026-08-28T00:00:00,2026-08-28,PT0566253,LST0566253,AG02762,LOC0218,Single Family,4,4.5,1381,3213,1973,564200.0,2026-08-28,Active,,,0,0.0,0,Yes,No,2026-08-28,2026-08-28
INSERT,2026-08-28T00:00:00,2026-08-28,PT0566254,LST0566254,AG00163,LOC0170,Condo,2,2.5,841,1718,1980,308300.0,2026-08-28,Active,,,0,380.32,3,No,No,2026-08-28,2026-08-28
INSERT,2026-08-28T00:00:00,2026-08-28,PT0566255,LST0566255,AG00904,LOC0193,Single Family,2,2.5,1943,5888,1914,447600.0,2026-08-28,Active,,,0,0.0,0,No,Yes,2026-08-28,2026-08-28
INSERT,2026-08-28T00:00:00,2026-08-28,PT0566256,LST0566256,AG02444,LOC0233,Single Family,1,3.0,1328,3937,1900,303500.0,2026-08-28,Active,,,0,0.0,0,No,Yes,2026-08-28,2026-08-28
INSERT,2026-08-28T00:00:00,2026-08-28,PT0566257,LST0566257,AG00607,LOC0166,Multi-Family,3,2.5,3113,3449,1978,1453600.0,2026-08-28,Active,,,0,0.0,0,No,Yes,2026-08-28,2026-08-28
INSERT,2026-08-28T00:00:00,2026-08-28,PT0566258,LST0566258,AG01729,LOC0033,Single Family,2,4.5,2177,6021,1968,491400.0,2026-08-28,Active,,,0,0.0,1,No,No,2026-08-28,2026-08-28
INSERT,2026-08-28T00:00:00,2026-08-28,PT0566259,LST0566259,AG02119,LOC0065,Multi-Family,3,2.0,5746,7112,2025,1181400.0,2026-08-28,Active,,,0,0.0,3,No,Yes,2026-08-28,2026-08-28
INSERT,2026-08-28T00:00:00,2026-08-28,PT0566260,LST0566260,AG02797,LOC0191,Single Family,1,3.0,1510,3580,1911,316100.0,2026-08-28,Active,,,0,0.0,0,No,Yes,2026-08-28,2026-08-28
INSERT,2026-08-28T00:00:00,2026-08-28,PT0566261,LST0566261,AG00099,LOC0155,Single Family,1,3.5,2551,3002,2013,489600.0,2026-08-28,Active,,,0,0.0,1,No,Yes,2026-08-28,2026-08-28
INSERT,2026-08-28T00:00:00,2026-08-28,PT0566262,LST0566262,AG01014,LOC0140,Single Family,4,1.0,1392,1116,1905,611400.0,2026-08-28,Active,,,0,0.0,1,No,Yes,2026-08-28,2026-08-28
INSERT,2026-08-28T00:00:00,2026-08-28,PT0566263,LST0566263,AG01264,LOC0004,Condo,1,4.0,2372,3369,1932,275600.0,2026-08-28,Active,,,0,93.12,0,No,No,2026-08-28,2026-08-28
INSERT,2026-08-28T00:00:00,2026-08-28,PT0566264,LST0566264,AG01714,LOC0107,Single Family,1,3.5,1643,6618,1969,232900.0,2026-08-28,Active,,,0,0.0,3,Yes,No,2026-08-28,2026-08-28
INSERT,2026-08-28T00:00:00,2026-08-28,PT0566265,LST0566265,AG01348,LOC0193,Single Family,4,4.0,2724,6597,1953,908400.0,2026-08-28,Active,,,0,0.0,0,No,No,2026-08-28,2026-08-28
INSERT,2026-08-28T00:00:00,2026-08-28,PT0566266,LST0566266,AG02377,LOC0126,Multi-Family,5,1.0,2409,3962,1949,825300.0,2026-08-28,Active,,,0,0.0,0,No,No,2026-08-28,2026-08-28
INSERT,2026-08-28T00:00:00,2026-08-28,PT0566267,LST0566267,AG01546,LOC0014,Multi-Family,4,2.0,4137,22672,2016,1122500.0,2026-08-28,Active,,,0,0.0,2,No,No,2026-08-28,2026-08-28
INSERT,2026-08-28T00:00:00,2026-08-28,PT0566268,LST0566268,AG01340,LOC0156,Multi-Family,4,3.5,2747,4141,1991,707200.0,2026-08-28,Active,,,0,0.0,3,No,No,2026-08-28,2026-08-28
INSERT,2026-08-28T00:00:00,2026-08-28,PT0566269,LST0566269,AG01013,LOC0017,Single Family,2,4.0,1187,4347,1900,232400.0,2026-08-28,Active,,,0,0.0,3,No,No,2026-08-28,2026-08-28
INSERT,2026-08-28T00:00:00,2026-08-28,PT0566270,LST0566270,AG02529,LOC0243,Condo,2,4.5,1232,11450,1971,612800.0,2026-08-28,Active,,,0,255.21,2,Yes,No,2026-08-28,2026-08-28
INSERT,2026-08-28T00:00:00,2026-08-28,PT0566271,LST0566271,AG00650,LOC0241,Condo,6,3.0,1211,1628,1984,144700.0,2026-08-28,Active,,,0,566.69,1,No,No,2026-08-28,2026-08-28
INSERT,2026-08-28T00:00:00,2026-08-28,PT0566272,LST0566272,AG02501,LOC0029,Condo,3,4.5,2420,5497,2005,706500.0,2026-08-28,Active,,,0,438.69,2,No,No,2026-08-28,2026-08-28
INSERT,2026-08-28T00:00:00,2026-08-28,PT0566273,LST0566273,AG00472,LOC0171,Land,0,0.0,2604,7478,1987,402000.0,2026-08-28,Active,,,0,0.0,0,No,No,2026-08-28,2026-08-28
INSERT,2026-08-28T00:00:00,2026-08-28,PT0566274,LST0566274,AG02995,LOC0250,Apartment,2,4.5,1063,0,1973,178300.0,2026-08-28,Active,,,0,130.92,1,No,No,2026-08-28,2026-08-28
INSERT,2026-08-28T00:00:00,2026-08-28,PT0566275,LST0566275,AG02715,LOC0248,Single Family,3,1.5,2191,1053,2021,296700.0,2026-08-28,Active,,,0,0.0,0,No,Yes,2026-08-28,2026-08-28
INSERT,2026-08-28T00:00:00,2026-08-28,PT0566276,LST0566276,AG02999,LOC0215,Single Family,5,4.5,1755,4295,1935,575400.0,2026-08-28,Active,,,0,0.0,1,No,No,2026-08-28,2026-08-28
INSERT,2026-08-28T00:00:00,2026-08-28,PT0566277,LST0566277,AG02572,LOC0130,Single Family,4,1.0,2022,6328,2020,651400.0,2026-08-28,Active,,,0,0.0,1,No,No,2026-08-28,2026-08-28
INSERT,2026-08-28T00:00:00,2026-08-28,PT0566278,LST0566278,AG00312,LOC0071,Single Family,6,4.0,1646,6203,2010,897500.0,2026-08-28,Active,,,0,0.0,0,No,No,2026-08-28,2026-08-28
INSERT,2026-08-28T00:00:00,2026-08-28,PT0566279,LST0566279,AG01365,LOC0130,Condo,4,3.5,2946,3918,1977,363100.0,2026-08-28,Active,,,0,284.7,0,No,No,2026-08-28,2026-08-28
INSERT,2026-08-28T00:00:00,2026-08-28,PT0566280,LST0566280,AG02279,LOC0234,Multi-Family,2,4.0,1962,1009,1957,805400.0,2026-08-28,Active,,,0,0.0,3,No,Yes,2026-08-28,2026-08-28
INSERT,2026-08-28T00:00:00,2026-08-28,PT0566281,LST0566281,AG00814,LOC0196,Multi-Family,3,4.5,2232,2993,1966,949800.0,2026-08-28,Active,,,0,0.0,2,No,No,2026-08-28,2026-08-28
INSERT,2026-08-28T00:00:00,2026-08-28,PT0566282,LST0566282,AG02895,LOC0135,Condo,6,1.5,2314,2204,2025,717200.0,2026-08-28,Active,,,0,424.17,0,No,No,2026-08-28,2026-08-28
INSERT,2026-08-28T00:00:00,2026-08-28,PT0566283,LST0566283,AG02156,LOC0193,Condo,1,3.5,2397,1836,1914,1060200.0,2026-08-28,Active,,,0,379.16,2,No,No,2026-08-28,2026-08-28
INSERT,2026-08-28T00:00:00,2026-08-28,PT0566284,LST0566284,AG00485,LOC0236,Condo,6,3.0,467,2885,1925,86500.0,2026-08-28,Active,,,0,465.83,2,No,No,2026-08-28,2026-08-28
INSERT,2026-08-28T00:00:00,2026-08-28,PT0566285,LST0566285,AG00722,LOC0049,Single Family,6,2.0,2223,1395,1973,944400.0,2026-08-28,Active,,,0,0.0,2,Yes,Yes,2026-08-28,2026-08-28
INSERT,2026-08-28T00:00:00,2026-08-28,PT0566286,LST0566286,AG01689,LOC0118,Apartment,1,2.0,834,0,1989,167200.0,2026-08-28,Active,,,0,360.72,2,No,No,2026-08-28,2026-08-28
INSERT,2026-08-28T00:00:00,2026-08-28,PT0566287,LST0566287,AG01383,LOC0189,Single Family,2,2.0,2016,4555,1946,671000.0,2026-08-28,Active,,,0,0.0,1,No,No,2026-08-28,2026-08-28
INSERT,2026-08-28T00:00:00,2026-08-28,PT0566288,LST0566288,AG00884,LOC0011,Townhouse,5,2.5,2122,7006,2024,1622400.0,2026-08-28,Active,,,0,723.59,1,Yes,No,2026-08-28,2026-08-28
INSERT,2026-08-28T00:00:00,2026-08-28,PT0566289,LST0566289,AG01578,LOC0053,Townhouse,6,2.5,2542,2976,2013,829300.0,2026-08-28,Active,,,0,499.05,0,No,No,2026-08-28,2026-08-28
INSERT,2026-08-28T00:00:00,2026-08-28,PT0566290,LST0566290,AG02762,LOC0093,Condo,4,1.5,1925,3837,2018,409400.0,2026-08-28,Active,,,0,131.93,0,No,No,2026-08-28,2026-08-28
INSERT,2026-08-28T00:00:00,2026-08-28,PT0566291,LST0566291,AG00193,LOC0104,Condo,6,1.5,827,3790,1956,228900.0,2026-08-28,Active,,,0,155.69,2,No,No,2026-08-28,2026-08-28
INSERT,2026-08-28T00:00:00,2026-08-28,PT0566292,LST0566292,AG00784,LOC0202,Single Family,3,2.5,1048,7185,1946,231800.0,2026-08-28,Active,,,0,0.0,2,No,Yes,2026-08-28,2026-08-28
INSERT,2026-08-28T00:00:00,2026-08-28,PT0566293,LST0566293,AG01042,LOC0077,Townhouse,2,4.5,1532,1976,1910,387400.0,2026-08-28,Active,,,0,644.6,2,No,No,2026-08-28,2026-08-28
INSERT,2026-08-28T00:00:00,2026-08-28,PT0566294,LST0566294,AG00269,LOC0074,Apartment,3,2.5,467,0,1977,191000.0,2026-08-28,Active,,,0,663.89,2,No,No,2026-08-28,2026-08-28
INSERT,2026-08-28T00:00:00,2026-08-28,PT0566295,LST0566295,AG02276,LOC0156,Apartment,3,3.0,616,0,1936,382000.0,2026-08-28,Active,,,0,58.59,0,No,No,2026-08-28,2026-08-28
INSERT,2026-08-28T00:00:00,2026-08-28,PT0566296,LST0566296,AG00373,LOC0041,Townhouse,6,3.5,1409,2096,1966,398800.0,2026-08-28,Active,,,0,99.96,3,No,No,2026-08-28,2026-08-28
INSERT,2026-08-28T00:00:00,2026-08-28,PT0566297,LST0566297,AG01828,LOC0157,Single Family,1,1.0,1944,19144,1945,133000.0,2026-08-28,Active,,,0,0.0,2,Yes,Yes,2026-08-28,2026-08-28
INSERT,2026-08-28T00:00:00,2026-08-28,PT0566298,LST0566298,AG00502,LOC0218,Multi-Family,2,3.5,2281,9826,1976,810400.0,2026-08-28,Active,,,0,0.0,0,No,No,2026-08-28,2026-08-28
INSERT,2026-08-28T00:00:00,2026-08-28,PT0566299,LST0566299,AG00133,LOC0154,Condo,3,3.5,1101,3376,1993,198500.0,2026-08-28,Active,,,0,514.38,2,No,No,2026-08-28,2026-08-28
INSERT,2026-08-28T00:00:00,2026-08-28,PT0566300,LST0566300,AG01157,LOC0104,Single Family,2,2.5,1781,2687,1963,660300.0,2026-08-28,Active,,,0,0.0,1,No,No,2026-08-28,2026-08-28
INSERT,2026-08-28T00:00:00,2026-08-28,PT0566301,LST0566301,AG02885,LOC0202,Condo,5,2.0,480,6316,1953,107900.0,2026-08-28,Active,,,0,371.61,0,No,No,2026-08-28,2026-08-28
INSERT,2026-08-28T00:00:00,2026-08-28,PT0566302,LST0566302,AG02169,LOC0054,Single Family,3,4.5,2548,4316,1976,162200.0,2026-08-28,Active,,,0,0.0,0,No,No,2026-08-28,2026-08-28
INSERT,2026-08-28T00:00:00,2026-08-28,PT0566303,LST0566303,AG00449,LOC0222,Single Family,1,2.5,1173,4827,1914,140000.0,2026-08-28,Active,,,0,0.0,1,No,No,2026-08-28,2026-08-28
INSERT,2026-08-28T00:00:00,2026-08-28,PT0566304,LST0566304,AG02842,LOC0155,Single Family,1,2.0,2189,3695,1983,252700.0,2026-08-28,Active,,,0,0.0,1,No,Yes,2026-08-28,2026-08-28
INSERT,2026-08-28T00:00:00,2026-08-28,PT0566305,LST0566305,AG02456,LOC0096,Single Family,5,4.0,1698,14772,1929,488200.0,2026-08-28,Active,,,0,0.0,0,No,No,2026-08-28,2026-08-28
INSERT,2026-08-28T00:00:00,2026-08-28,PT0566306,LST0566306,AG02570,LOC0079,Apartment,1,1.5,1057,0,2016,138100.0,2026-08-28,Active,,,0,637.49,2,No,No,2026-08-28,2026-08-28
INSERT,2026-08-28T00:00:00,2026-08-28,PT0566307,LST0566307,AG02228,LOC0132,Condo,3,1.5,3028,1911,1958,449300.0,2026-08-28,Active,,,0,778.35,0,Yes,No,2026-08-28,2026-08-28
INSERT,2026-08-28T00:00:00,2026-08-28,PT0566308,LST0566308,AG00837,LOC0181,Single Family,1,2.0,2744,9542,1979,701000.0,2026-08-28,Active,,,0,0.0,3,No,Yes,2026-08-28,2026-08-28
INSERT,2026-08-28T00:00:00,2026-08-28,PT0566309,LST0566309,AG02130,LOC0048,Condo,6,3.5,1390,1334,2004,445600.0,2026-08-28,Active,,,0,468.26,3,No,No,2026-08-28,2026-08-28
INSERT,2026-08-28T00:00:00,2026-08-28,PT0566310,LST0566310,AG00222,LOC0077,Multi-Family,3,1.0,4118,4083,1999,1175900.0,2026-08-28,Active,,,0,0.0,0,No,Yes,2026-08-28,2026-08-28
INSERT,2026-08-28T00:00:00,2026-08-28,PT0566311,LST0566311,AG02069,LOC0079,Condo,4,1.0,899,1606,2011,396300.0,2026-08-28,Active,,,0,755.66,3,No,No,2026-08-28,2026-08-28
INSERT,2026-08-28T00:00:00,2026-08-28,PT0566312,LST0566312,AG00192,LOC0044,Condo,5,1.0,1739,11890,2016,549300.0,2026-08-28,Active,,,0,137.57,1,No,No,2026-08-28,2026-08-28
INSERT,2026-08-28T00:00:00,2026-08-28,PT0566313,LST0566313,AG00071,LOC0137,Single Family,6,4.0,1221,2049,1950,576600.0,2026-08-28,Active,,,0,0.0,0,No,Yes,2026-08-28,2026-08-28
INSERT,2026-08-28T00:00:00,2026-08-28,PT0566314,LST0566314,AG02817,LOC0217,Land,0,0.0,5360,2569,1967,820100.0,2026-08-28,Active,,,0,0.0,0,No,No,2026-08-28,2026-08-28
INSERT,2026-08-28T00:00:00,2026-08-28,PT0566315,LST0566315,AG00696,LOC0067,Condo,3,2.5,1769,3572,1966,434000.0,2026-08-28,Active,,,0,606.31,3,No,No,2026-08-28,2026-08-28
INSERT,2026-08-28T00:00:00,2026-08-28,PT0566316,LST0566316,AG00248,LOC0046,Multi-Family,5,3.5,6153,2606,1922,1864000.0,2026-08-28,Active,,,0,0.0,1,No,No,2026-08-28,2026-08-28
INSERT,2026-08-28T00:00:00,2026-08-28,PT0566317,LST0566317,AG02913,LOC0087,Single Family,6,2.5,1324,3216,1985,598500.0,2026-08-28,Active,,,0,0.0,1,No,Yes,2026-08-28,2026-08-28
INSERT,2026-08-28T00:00:00,2026-08-28,PT0566318,LST0566318,AG01640,LOC0005,Townhouse,4,1.0,724,2373,1990,165600.0,2026-08-28,Active,,,0,364.43,2,No,No,2026-08-28,2026-08-28
INSERT,2026-08-28T00:00:00,2026-08-28,PT0566319,LST0566319,AG01420,LOC0028,Land,0,0.0,6011,8773,1934,675000.0,2026-08-28,Active,,,0,0.0,0,No,No,2026-08-28,2026-08-28
INSERT,2026-08-28T00:00:00,2026-08-28,PT0566320,LST0566320,AG00003,LOC0225,Single Family,2,4.0,1972,2480,1969,484200.0,2026-08-28,Active,,,0,0.0,0,Yes,Yes,2026-08-28,2026-08-28
INSERT,2026-08-28T00:00:00,2026-08-28,PT0566321,LST0566321,AG01929,LOC0192,Single Family,6,1.0,1529,3486,1969,624800.0,2026-08-28,Active,,,0,0.0,1,No,Yes,2026-08-28,2026-08-28
INSERT,2026-08-28T00:00:00,2026-08-28,PT0566322,LST0566322,AG01094,LOC0212,Condo,6,3.0,3379,5766,1942,1016800.0,2026-08-28,Active,,,0,443.38,1,No,No,2026-08-28,2026-08-28
INSERT,2026-08-28T00:00:00,2026-08-28,PT0566323,LST0566323,AG00838,LOC0180,Multi-Family,4,4.5,1528,2676,1961,331800.0,2026-08-28,Active,,,0,0.0,2,No,No,2026-08-28,2026-08-28
INSERT,2026-08-28T00:00:00,2026-08-28,PT0566324,LST0566324,AG01997,LOC0109,Land,0,0.0,1296,9833,1979,487500.0,2026-08-28,Active,,,0,0.0,0,No,No,2026-08-28,2026-08-28
INSERT,2026-08-28T00:00:00,2026-08-28,PT0566325,LST0566325,AG01129,LOC0233,Single Family,4,1.5,662,10461,1941,119100.0,2026-08-28,Active,,,0,0.0,1,No,No,2026-08-28,2026-08-28
INSERT,2026-08-28T00:00:00,2026-08-28,PT0566326,LST0566326,AG00383,LOC0127,Single Family,5,4.0,1245,10051,1903,601600.0,2026-08-28,Active,,,0,0.0,2,No,Yes,2026-08-28,2026-08-28
INSERT,2026-08-28T00:00:00,2026-08-28,PT0566327,LST0566327,AG02571,LOC0223,Multi-Family,6,2.5,2623,6672,1945,1820600.0,2026-08-28,Active,,,0,0.0,1,No,No,2026-08-28,2026-08-28
INSERT,2026-08-28T00:00:00,2026-08-28,PT0566328,LST0566328,AG01796,LOC0071,Condo,3,1.0,1558,2306,1978,463400.0,2026-08-28,Active,,,0,449.09,0,No,No,2026-08-28,2026-08-28
INSERT,2026-08-28T00:00:00,2026-08-28,PT0566329,LST0566329,AG00915,LOC0055,Single Family,4,2.0,1519,1905,1941,343100.0,2026-08-28,Active,,,0,0.0,3,No,No,2026-08-28,2026-08-28
INSERT,2026-08-28T00:00:00,2026-08-28,PT0566330,LST0566330,AG01121,LOC0138,Condo,4,3.5,1074,3583,1928,260600.0,2026-08-28,Active,,,0,552.14,2,Yes,No,2026-08-28,2026-08-28
INSERT,2026-08-28T00:00:00,2026-08-28,PT0566331,LST0566331,AG01436,LOC0107,Single Family,3,1.0,1348,2123,1991,269800.0,2026-08-28,Active,,,0,0.0,2,No,Yes,2026-08-28,2026-08-28
INSERT,2026-08-28T00:00:00,2026-08-28,PT0566332,LST0566332,AG00317,LOC0064,Single Family,4,3.0,2327,7308,1981,833500.0,2026-08-28,Active,,,0,0.0,2,Yes,No,2026-08-28,2026-08-28
INSERT,2026-08-28T00:00:00,2026-08-28,PT0566333,LST0566333,AG02777,LOC0219,Apartment,4,2.5,742,0,2007,304100.0,2026-08-28,Active,,,0,465.76,1,No,No,2026-08-28,2026-08-28
INSERT,2026-08-28T00:00:00,2026-08-28,PT0566334,LST0566334,AG00047,LOC0191,Multi-Family,4,1.0,3895,1241,1933,625700.0,2026-08-28,Active,,,0,0.0,1,No,Yes,2026-08-28,2026-08-28
INSERT,2026-08-28T00:00:00,2026-08-28,PT0566335,LST0566335,AG01221,LOC0145,Single Family,3,4.5,1535,2549,1977,188400.0,2026-08-28,Active,,,0,0.0,3,No,No,2026-08-28,2026-08-28
INSERT,2026-08-28T00:00:00,2026-08-28,PT0566336,LST0566336,AG00038,LOC0198,Single Family,6,2.5,1969,3881,1906,259700.0,2026-08-28,Active,,,0,0.0,2,Yes,No,2026-08-28,2026-08-28
INSERT,2026-08-28T00:00:00,2026-08-28,PT0566337,LST0566337,AG01139,LOC0221,Townhouse,2,3.0,2096,5480,1986,463500.0,2026-08-28,Active,,,0,624.44,0,No,No,2026-08-28,2026-08-28
INSERT,2026-08-28T00:00:00,2026-08-28,PT0566338,LST0566338,AG01307,LOC0083,Single Family,2,4.0,2304,4164,1961,567100.0,2026-08-28,Active,,,0,0.0,3,No,No,2026-08-28,2026-08-28
INSERT,2026-08-28T00:00:00,2026-08-28,PT0566339,LST0566339,AG02338,LOC0217,Condo,6,2.5,1174,8952,1967,207000.0,2026-08-28,Active,,,0,721.12,0,No,No,2026-08-28,2026-08-28
INSERT,2026-08-28T00:00:00,2026-08-28,PT0566340,LST0566340,AG01407,LOC0099,Land,0,0.0,5862,2838,2011,2948900.0,2026-08-28,Active,,,0,0.0,0,No,No,2026-08-28,2026-08-28
INSERT,2026-08-28T00:00:00,2026-08-28,PT0566341,LST0566341,AG01990,LOC0047,Townhouse,6,1.5,2041,3863,1960,1197400.0,2026-08-28,Active,,,0,317.78,0,Yes,No,2026-08-28,2026-08-28
INSERT,2026-08-28T00:00:00,2026-08-28,PT0566342,LST0566342,AG00263,LOC0115,Condo,5,3.5,2029,2698,1992,320200.0,2026-08-28,Active,,,0,704.46,0,No,No,2026-08-28,2026-08-28
INSERT,2026-08-28T00:00:00,2026-08-28,PT0566343,LST0566343,AG01227,LOC0021,Townhouse,4,3.0,2698,2881,1994,360000.0,2026-08-28,Active,,,0,486.37,0,No,No,2026-08-28,2026-08-28
INSERT,2026-08-28T00:00:00,2026-08-28,PT0566344,LST0566344,AG02212,LOC0187,Condo,6,3.5,2100,4174,2008,1212400.0,2026-08-28,Active,,,0,383.01,1,Yes,No,2026-08-28,2026-08-28
INSERT,2026-08-28T00:00:00,2026-08-28,PT0566345,LST0566345,AG02120,LOC0098,Single Family,6,3.5,1821,4239,2007,222000.0,2026-08-28,Active,,,0,0.0,1,No,No,2026-08-28,2026-08-28
INSERT,2026-08-28T00:00:00,2026-08-28,PT0566346,LST0566346,AG01550,LOC0128,Multi-Family,4,3.0,2780,4364,1917,953100.0,2026-08-28,Active,,,0,0.0,0,No,Yes,2026-08-28,2026-08-28
INSERT,2026-08-28T00:00:00,2026-08-28,PT0566347,LST0566347,AG01245,LOC0224,Apartment,6,3.0,1530,0,1984,425600.0,2026-08-28,Active,,,0,402.21,3,Yes,No,2026-08-28,2026-08-28
INSERT,2026-08-28T00:00:00,2026-08-28,PT0566348,LST0566348,AG00930,LOC0210,Condo,3,4.5,1835,1767,1915,1196500.0,2026-08-28,Active,,,0,454.67,3,No,No,2026-08-28,2026-08-28
INSERT,2026-08-28T00:00:00,2026-08-28,PT0566349,LST0566349,AG01094,LOC0182,Single Family,4,4.0,2495,2323,1915,996300.0,2026-08-28,Active,,,0,0.0,2,No,Yes,2026-08-28,2026-08-28
INSERT,2026-08-28T00:00:00,2026-08-28,PT0566350,LST0566350,AG01233,LOC0002,Single Family,1,3.5,1240,4386,1937,204700.0,2026-08-28,Active,,,0,0.0,0,No,Yes,2026-08-28,2026-08-28
INSERT,2026-08-28T00:00:00,2026-08-28,PT0566351,LST0566351,AG01129,LOC0160,Condo,4,2.5,3149,2689,1935,490000.0,2026-08-28,Active,,,0,685.42,0,Yes,No,2026-08-28,2026-08-28
INSERT,2026-08-28T00:00:00,2026-08-28,PT0566352,LST0566352,AG00192,LOC0097,Single Family,4,2.5,1150,14068,1976,472300.0,2026-08-28,Active,,,0,0.0,1,Yes,No,2026-08-28,2026-08-28
INSERT,2026-08-28T00:00:00,2026-08-28,PT0566353,LST0566353,AG02940,LOC0079,Single Family,1,3.5,1564,12945,1951,303100.0,2026-08-28,Active,,,0,0.0,0,No,No,2026-08-28,2026-08-28
INSERT,2026-08-28T00:00:00,2026-08-28,PT0566354,LST0566354,AG00647,LOC0188,Apartment,2,4.5,831,0,1909,170700.0,2026-08-28,Active,,,0,444.37,3,No,No,2026-08-28,2026-08-28
INSERT,2026-08-28T00:00:00,2026-08-28,PT0566355,LST0566355,AG02592,LOC0019,Single Family,2,4.5,781,4450,1948,102500.0,2026-08-28,Active,,,0,0.0,1,No,No,2026-08-28,2026-08-28
INSERT,2026-08-28T00:00:00,2026-08-28,PT0566356,LST0566356,AG00501,LOC0001,Condo,1,1.0,1425,14049,1937,204900.0,2026-08-28,Active,,,0,752.43,0,No,No,2026-08-28,2026-08-28
INSERT,2026-08-28T00:00:00,2026-08-28,PT0566357,LST0566357,AG01159,LOC0117,Single Family,6,3.0,1222,7582,2015,279700.0,2026-08-28,Active,,,0,0.0,2,No,No,2026-08-28,2026-08-28
INSERT,2026-08-28T00:00:00,2026-08-28,PT0566358,LST0566358,AG01492,LOC0234,Single Family,3,1.5,2392,3840,2006,706700.0,2026-08-28,Active,,,0,0.0,3,Yes,Yes,2026-08-28,2026-08-28
INSERT,2026-08-28T00:00:00,2026-08-28,PT0566359,LST0566359,AG02473,LOC0081,Apartment,4,3.0,1407,0,1916,661100.0,2026-08-28,Active,,,0,473.82,2,No,No,2026-08-28,2026-08-28
INSERT,2026-08-28T00:00:00,2026-08-28,PT0566360,LST0566360,AG00940,LOC0051,Single Family,2,4.0,1741,2089,1940,284200.0,2026-08-28,Active,,,0,0.0,0,No,No,2026-08-28,2026-08-28
INSERT,2026-08-28T00:00:00,2026-08-28,PT0566361,LST0566361,AG02546,LOC0042,Townhouse,4,4.5,1453,3630,1979,452300.0,2026-08-28,Active,,,0,110.19,0,No,No,2026-08-28,2026-08-28
INSERT,2026-08-28T00:00:00,2026-08-28,PT0566362,LST0566362,AG01322,LOC0142,Single Family,1,3.5,1932,1848,1948,807100.0,2026-08-28,Active,,,0,0.0,2,No,Yes,2026-08-28,2026-08-28
INSERT,2026-08-28T00:00:00,2026-08-28,PT0566363,LST0566363,AG01701,LOC0040,Single Family,2,4.5,3053,2726,2012,1562300.0,2026-08-28,Active,,,0,0.0,2,No,No,2026-08-28,2026-08-28
INSERT,2026-08-28T00:00:00,2026-08-28,PT0566364,LST0566364,AG02982,LOC0220,Single Family,1,3.0,1862,11713,1957,569100.0,2026-08-28,Active,,,0,0.0,2,No,No,2026-08-28,2026-08-28
INSERT,2026-08-28T00:00:00,2026-08-28,PT0566365,LST0566365,AG00136,LOC0209,Townhouse,5,3.0,2864,7119,1970,1242800.0,2026-08-28,Active,,,0,617.27,0,No,No,2026-08-28,2026-08-28
INSERT,2026-08-28T00:00:00,2026-08-28,PT0566366,LST0566366,AG01352,LOC0055,Condo,6,2.0,3096,7175,1909,563600.0,2026-08-28,Active,,,0,244.44,2,No,No,2026-08-28,2026-08-28
INSERT,2026-08-28T00:00:00,2026-08-28,PT0566367,LST0566367,AG02336,LOC0162,Single Family,4,3.0,1821,20962,2008,449600.0,2026-08-28,Active,,,0,0.0,2,No,Yes,2026-08-28,2026-08-28
INSERT,2026-08-28T00:00:00,2026-08-28,PT0566368,LST0566368,AG02722,LOC0135,Townhouse,2,1.0,1870,4158,1986,752800.0,2026-08-28,Active,,,0,482.35,3,Yes,No,2026-08-28,2026-08-28
INSERT,2026-08-28T00:00:00,2026-08-28,PT0566369,LST0566369,AG02148,LOC0203,Townhouse,3,1.5,1640,4099,1927,295500.0,2026-08-28,Active,,,0,694.44,3,No,No,2026-08-28,2026-08-28
INSERT,2026-08-28T00:00:00,2026-08-28,PT0566370,LST0566370,AG01591,LOC0217,Single Family,6,1.5,1863,2356,1911,344000.0,2026-08-28,Active,,,0,0.0,0,No,No,2026-08-28,2026-08-28
INSERT,2026-08-28T00:00:00,2026-08-28,PT0566371,LST0566371,AG00641,LOC0096,Multi-Family,6,3.0,2735,1763,1979,864300.0,2026-08-28,Active,,,0,0.0,1,No,Yes,2026-08-28,2026-08-28
INSERT,2026-08-28T00:00:00,2026-08-28,PT0566372,LST0566372,AG01722,LOC0216,Apartment,2,1.5,980,0,1991,147000.0,2026-08-28,Active,,,0,584.95,3,No,No,2026-08-28,2026-08-28
INSERT,2026-08-28T00:00:00,2026-08-28,PT0566373,LST0566373,AG01440,LOC0084,Multi-Family,3,2.5,993,4699,1915,213400.0,2026-08-28,Active,,,0,0.0,0,No,No,2026-08-28,2026-08-28
INSERT,2026-08-28T00:00:00,2026-08-28,PT0566374,LST0566374,AG01461,LOC0063,Single Family,1,2.0,2023,2261,2019,657400.0,2026-08-28,Active,,,0,0.0,1,Yes,Yes,2026-08-28,2026-08-28
INSERT,2026-08-28T00:00:00,2026-08-28,PT0566375,LST0566375,AG02182,LOC0086,Single Family,4,1.0,513,1236,1948,31100.0,2026-08-28,Active,,,0,0.0,0,No,No,2026-08-28,2026-08-28
INSERT,2026-08-28T00:00:00,2026-08-28,PT0566376,LST0566376,AG00492,LOC0115,Single Family,1,2.5,1296,4489,1993,70500.0,2026-08-28,Active,,,0,0.0,0,No,No,2026-08-28,2026-08-28
INSERT,2026-08-28T00:00:00,2026-08-28,PT0566377,LST0566377,AG01300,LOC0153,Single Family,5,2.5,1661,4774,1917,599000.0,2026-08-28,Active,,,0,0.0,1,No,No,2026-08-28,2026-08-28
INSERT,2026-08-28T00:00:00,2026-08-28,PT0566378,LST0566378,AG02896,LOC0139,Apartment,2,4.0,1191,0,1930,577200.0,2026-08-28,Active,,,0,350.04,3,No,No,2026-08-28,2026-08-28
INSERT,2026-08-28T00:00:00,2026-08-28,PT0566379,LST0566379,AG02995,LOC0163,Single Family,4,2.0,1998,12520,2002,896300.0,2026-08-28,Active,,,0,0.0,0,No,No,2026-08-28,2026-08-28
INSERT,2026-08-28T00:00:00,2026-08-28,PT0566380,LST0566380,AG01777,LOC0016,Condo,3,2.0,1992,4008,1918,380900.0,2026-08-28,Active,,,0,392.17,2,No,No,2026-08-28,2026-08-28
INSERT,2026-08-28T00:00:00,2026-08-28,PT0566381,LST0566381,AG00911,LOC0006,Single Family,1,3.5,1924,1658,1925,211800.0,2026-08-28,Active,,,0,0.0,0,Yes,Yes,2026-08-28,2026-08-28
INSERT,2026-08-28T00:00:00,2026-08-28,PT0566382,LST0566382,AG00706,LOC0220,Multi-Family,6,4.5,3294,2664,1928,421000.0,2026-08-28,Active,,,0,0.0,3,No,Yes,2026-08-28,2026-08-28
INSERT,2026-08-28T00:00:00,2026-08-28,PT0566383,LST0566383,AG01729,LOC0240,Condo,1,1.0,599,4300,1903,197800.0,2026-08-28,Active,,,0,673.74,0,Yes,No,2026-08-28,2026-08-28
INSERT,2026-08-28T00:00:00,2026-08-28,PT0566384,LST0566384,AG01970,LOC0008,Single Family,4,4.5,2124,5512,1918,425400.0,2026-08-28,Active,,,0,0.0,2,No,No,2026-08-28,2026-08-28
INSERT,2026-08-28T00:00:00,2026-08-28,PT0566385,LST0566385,AG01202,LOC0181,Single Family,5,4.0,2292,2269,2005,231000.0,2026-08-28,Active,,,0,0.0,1,No,No,2026-08-28,2026-08-28
INSERT,2026-08-28T00:00:00,2026-08-28,PT0566386,LST0566386,AG02401,LOC0236,Single Family,5,4.0,3076,3035,1937,390900.0,2026-08-28,Active,,,0,0.0,0,No,No,2026-08-28,2026-08-28
INSERT,2026-08-28T00:00:00,2026-08-28,PT0566387,LST0566387,AG01438,LOC0189,Multi-Family,3,4.5,2317,3032,2024,533400.0,2026-08-28,Active,,,0,0.0,3,No,No,2026-08-28,2026-08-28
INSERT,2026-08-28T00:00:00,2026-08-28,PT0566388,LST0566388,AG00942,LOC0068,Single Family,5,1.0,2088,13659,1961,372900.0,2026-08-28,Active,,,0,0.0,1,No,Yes,2026-08-28,2026-08-28
INSERT,2026-08-28T00:00:00,2026-08-28,PT0566389,LST0566389,AG02450,LOC0131,Single Family,2,2.5,300,5529,2021,84800.0,2026-08-28,Active,,,0,0.0,1,No,No,2026-08-28,2026-08-28
INSERT,2026-08-28T00:00:00,2026-08-28,PT0566390,LST0566390,AG01383,LOC0243,Land,0,0.0,900,6404,1941,493300.0,2026-08-28,Active,,,0,0.0,0,No,No,2026-08-28,2026-08-28
INSERT,2026-08-28T00:00:00,2026-08-28,PT0566391,LST0566391,AG02989,LOC0016,Single Family,3,4.0,537,1915,1985,45600.0,2026-08-28,Active,,,0,0.0,2,No,No,2026-08-28,2026-08-28
INSERT,2026-08-28T00:00:00,2026-08-28,PT0566392,LST0566392,AG02888,LOC0009,Single Family,1,3.0,1573,4088,1956,562400.0,2026-08-28,Active,,,0,0.0,2,Yes,Yes,2026-08-28,2026-08-28
INSERT,2026-08-28T00:00:00,2026-08-28,PT0566393,LST0566393,AG00694,LOC0111,Townhouse,2,4.5,1910,1986,1905,161700.0,2026-08-28,Active,,,0,668.5,2,No,No,2026-08-28,2026-08-28
INSERT,2026-08-28T00:00:00,2026-08-28,PT0566394,LST0566394,AG01272,LOC0224,Single Family,5,2.0,1951,2606,1901,729900.0,2026-08-28,Active,,,0,0.0,1,No,Yes,2026-08-28,2026-08-28
INSERT,2026-08-28T00:00:00,2026-08-28,PT0566395,LST0566395,AG01010,LOC0023,Condo,6,3.5,1532,3492,1992,394400.0,2026-08-28,Active,,,0,375.79,2,Yes,No,2026-08-28,2026-08-28
INSERT,2026-08-28T00:00:00,2026-08-28,PT0566396,LST0566396,AG00100,LOC0246,Condo,3,2.5,821,7235,1998,96400.0,2026-08-28,Active,,,0,765.86,2,No,No,2026-08-28,2026-08-28
INSERT,2026-08-28T00:00:00,2026-08-28,PT0566397,LST0566397,AG00523,LOC0047,Single Family,2,1.0,2239,2566,1976,1175000.0,2026-08-28,Active,,,0,0.0,2,No,No,2026-08-28,2026-08-28
INSERT,2026-08-28T00:00:00,2026-08-28,PT0566398,LST0566398,AG02405,LOC0208,Townhouse,5,1.0,1913,1949,1934,299300.0,2026-08-28,Active,,,0,147.1,1,No,No,2026-08-28,2026-08-28
INSERT,2026-08-28T00:00:00,2026-08-28,PT0566399,LST0566399,AG00080,LOC0057,Condo,4,2.5,1387,4551,1970,757300.0,2026-08-28,Active,,,0,582.02,3,No,No,2026-08-28,2026-08-28
INSERT,2026-08-28T00:00:00,2026-08-28,PT0566400,LST0566400,AG00748,LOC0101,Single Family,3,2.0,2614,9140,2017,1119900.0,2026-08-28,Active,,,0,0.0,0,No,No,2026-08-28,2026-08-28
INSERT,2026-08-28T00:00:00,2026-08-28,PT0566401,LST0566401,AG00764,LOC0179,Single Family,1,2.0,1376,1263,1923,313700.0,2026-08-28,Active,,,0,0.0,0,No,Yes,2026-08-28,2026-08-28
INSERT,2026-08-28T00:00:00,2026-08-28,PT0566402,LST0566402,AG01727,LOC0179,Condo,2,2.0,1501,2163,1972,257100.0,2026-08-28,Active,,,0,250.24,1,No,No,2026-08-28,2026-08-28
INSERT,2026-08-28T00:00:00,2026-08-28,PT0566403,LST0566403,AG02377,LOC0032,Condo,1,2.0,1370,3648,1961,202300.0,2026-08-28,Active,,,0,784.13,1,Yes,No,2026-08-28,2026-08-28
INSERT,2026-08-28T00:00:00,2026-08-28,PT0566404,LST0566404,AG01672,LOC0079,Single Family,3,2.5,2137,1730,1900,680700.0,2026-08-28,Active,,,0,0.0,3,No,Yes,2026-08-28,2026-08-28
INSERT,2026-08-28T00:00:00,2026-08-28,PT0566405,LST0566405,AG00901,LOC0172,Single Family,6,4.0,1648,1340,1917,254800.0,2026-08-28,Active,,,0,0.0,2,Yes,Yes,2026-08-28,2026-08-28
INSERT,2026-08-28T00:00:00,2026-08-28,PT0566406,LST0566406,AG02598,LOC0071,Apartment,2,2.0,1318,0,1926,127200.0,2026-08-28,Active,,,0,198.21,2,No,No,2026-08-28,2026-08-28
INSERT,2026-08-28T00:00:00,2026-08-28,PT0566407,LST0566407,AG02313,LOC0122,Single Family,1,3.0,1683,2448,1939,219900.0,2026-08-28,Active,,,0,0.0,3,Yes,No,2026-08-28,2026-08-28
INSERT,2026-08-28T00:00:00,2026-08-28,PT0566408,LST0566408,AG01641,LOC0248,Townhouse,1,1.5,1543,7902,1988,407300.0,2026-08-28,Active,,,0,51.31,1,No,No,2026-08-28,2026-08-28
INSERT,2026-08-28T00:00:00,2026-08-28,PT0566409,LST0566409,AG02519,LOC0232,Single Family,2,3.0,2311,1302,1970,291900.0,2026-08-28,Active,,,0,0.0,0,No,No,2026-08-28,2026-08-28
INSERT,2026-08-28T00:00:00,2026-08-28,PT0566410,LST0566410,AG00429,LOC0225,Single Family,2,4.0,2438,3559,1930,1040300.0,2026-08-28,Active,,,0,0.0,2,No,Yes,2026-08-28,2026-08-28
INSERT,2026-08-28T00:00:00,2026-08-28,PT0566411,LST0566411,AG01869,LOC0073,Townhouse,5,4.0,1863,2482,1934,380100.0,2026-08-28,Active,,,0,314.37,0,No,No,2026-08-28,2026-08-28
INSERT,2026-08-28T00:00:00,2026-08-28,PT0566412,LST0566412,AG00065,LOC0041,Townhouse,4,3.0,982,7659,1923,379300.0,2026-08-28,Active,,,0,644.3,1,Yes,No,2026-08-28,2026-08-28
INSERT,2026-08-28T00:00:00,2026-08-28,PT0566413,LST0566413,AG01754,LOC0004,Single Family,6,1.0,551,2925,1916,61400.0,2026-08-28,Active,,,0,0.0,1,No,No,2026-08-28,2026-08-28
INSERT,2026-08-28T00:00:00,2026-08-28,PT0566414,LST0566414,AG02720,LOC0238,Apartment,1,1.5,1150,0,1966,179400.0,2026-08-28,Active,,,0,321.86,3,No,No,2026-08-28,2026-08-28
INSERT,2026-08-28T00:00:00,2026-08-28,PT0566415,LST0566415,AG01368,LOC0121,Single Family,3,4.5,923,8717,1922,413700.0,2026-08-28,Active,,,0,0.0,0,No,No,2026-08-28,2026-08-28
INSERT,2026-08-28T00:00:00,2026-08-28,PT0566416,LST0566416,AG02551,LOC0139,Condo,6,3.5,2855,12813,1984,855600.0,2026-08-28,Active,,,0,518.42,1,No,No,2026-08-28,2026-08-28
INSERT,2026-08-28T00:00:00,2026-08-28,PT0566417,LST0566417,AG00119,LOC0239,Multi-Family,1,1.5,2417,1383,1907,317500.0,2026-08-28,Active,,,0,0.0,1,No,No,2026-08-28,2026-08-28
INSERT,2026-08-28T00:00:00,2026-08-28,PT0566418,LST0566418,AG02366,LOC0127,Townhouse,6,3.0,1736,3966,2015,507300.0,2026-08-28,Active,,,0,250.02,2,Yes,No,2026-08-28,2026-08-28
INSERT,2026-08-28T00:00:00,2026-08-28,PT0566419,LST0566419,AG02906,LOC0218,Land,0,0.0,6289,1072,1941,1340600.0,2026-08-28,Active,,,0,0.0,0,No,No,2026-08-28,2026-08-28
INSERT,2026-08-28T00:00:00,2026-08-28,PT0566420,LST0566420,AG02842,LOC0063,Townhouse,2,1.0,823,2571,1940,352800.0,2026-08-28,Active,,,0,174.36,3,Yes,No,2026-08-28,2026-08-28
INSERT,2026-08-28T00:00:00,2026-08-28,PT0566421,LST0566421,AG00369,LOC0166,Land,0,0.0,6467,5808,1945,3557800.0,2026-08-28,Active,,,0,0.0,0,No,No,2026-08-28,2026-08-28
INSERT,2026-08-28T00:00:00,2026-08-28,PT0566422,LST0566422,AG02225,LOC0020,Multi-Family,2,4.0,2963,2934,1988,639000.0,2026-08-28,Active,,,0,0.0,0,Yes,No,2026-08-28,2026-08-28
INSERT,2026-08-28T00:00:00,2026-08-28,PT0566423,LST0566423,AG00097,LOC0209,Townhouse,3,3.0,1228,1490,2014,328400.0,2026-08-28,Active,,,0,676.36,0,Yes,No,2026-08-28,2026-08-28
INSERT,2026-08-28T00:00:00,2026-08-28,PT0566424,LST0566424,AG01804,LOC0215,Single Family,3,4.5,2544,4517,2016,1304100.0,2026-08-28,Active,,,0,0.0,3,No,No,2026-08-28,2026-08-28
INSERT,2026-08-28T00:00:00,2026-08-28,PT0566425,LST0566425,AG00409,LOC0246,Townhouse,1,3.5,1768,1305,1917,71300.0,2026-08-28,Active,,,0,635.7,0,No,No,2026-08-28,2026-08-28
INSERT,2026-08-28T00:00:00,2026-08-28,PT0566426,LST0566426,AG00578,LOC0126,Single Family,3,4.0,1372,8903,1980,594700.0,2026-08-28,Active,,,0,0.0,0,Yes,No,2026-08-28,2026-08-28
INSERT,2026-08-28T00:00:00,2026-08-28,PT0566427,LST0566427,AG01311,LOC0167,Multi-Family,5,4.5,4382,3642,1968,1689900.0,2026-08-28,Active,,,0,0.0,1,No,No,2026-08-28,2026-08-28
INSERT,2026-08-28T00:00:00,2026-08-28,PT0566428,LST0566428,AG00782,LOC0045,Condo,3,2.5,1245,2872,1909,610500.0,2026-08-28,Active,,,0,569.32,1,No,No,2026-08-28,2026-08-28
INSERT,2026-08-28T00:00:00,2026-08-28,PT0566429,LST0566429,AG00688,LOC0136,Single Family,6,2.5,1678,1338,1934,330200.0,2026-08-28,Active,,,0,0.0,2,Yes,Yes,2026-08-28,2026-08-28
INSERT,2026-08-28T00:00:00,2026-08-28,PT0566430,LST0566430,AG00665,LOC0235,Land,0,0.0,6798,1027,1960,721900.0,2026-08-28,Active,,,0,0.0,0,No,No,2026-08-28,2026-08-28
INSERT,2026-08-28T00:00:00,2026-08-28,PT0566431,LST0566431,AG02983,LOC0173,Condo,1,1.0,1786,1419,2008,487300.0,2026-08-28,Active,,,0,775.23,3,Yes,No,2026-08-28,2026-08-28
INSERT,2026-08-28T00:00:00,2026-08-28,PT0566432,LST0566432,AG01029,LOC0166,Single Family,2,3.0,1314,6710,1972,452800.0,2026-08-28,Active,,,0,0.0,3,No,Yes,2026-08-28,2026-08-28
INSERT,2026-08-28T00:00:00,2026-08-28,PT0566433,LST0566433,AG02203,LOC0065,Condo,5,1.5,659,1331,1928,55800.0,2026-08-28,Active,,,0,603.55,1,No,No,2026-08-28,2026-08-28
INSERT,2026-08-28T00:00:00,2026-08-28,PT0566434,LST0566434,AG01126,LOC0074,Single Family,5,1.5,3110,4346,1942,1607200.0,2026-08-28,Active,,,0,0.0,3,No,Yes,2026-08-28,2026-08-28
INSERT,2026-08-28T00:00:00,2026-08-28,PT0566435,LST0566435,AG00695,LOC0216,Townhouse,5,2.5,2707,2178,1991,672300.0,2026-08-28,Active,,,0,351.11,0,No,No,2026-08-28,2026-08-28
INSERT,2026-08-28T00:00:00,2026-08-28,PT0566436,LST0566436,AG01474,LOC0092,Apartment,5,4.0,452,0,2010,100100.0,2026-08-28,Active,,,0,109.31,1,No,No,2026-08-28,2026-08-28
INSERT,2026-08-28T00:00:00,2026-08-28,PT0566437,LST0566437,AG02833,LOC0126,Condo,6,4.0,2052,3339,1965,728000.0,2026-08-28,Active,,,0,511.36,2,Yes,No,2026-08-28,2026-08-28
INSERT,2026-08-28T00:00:00,2026-08-28,PT0566438,LST0566438,AG01426,LOC0069,Single Family,4,1.5,1012,2938,1980,208800.0,2026-08-28,Active,,,0,0.0,0,No,No,2026-08-28,2026-08-28
INSERT,2026-08-28T00:00:00,2026-08-28,PT0566439,LST0566439,AG00800,LOC0117,Condo,4,2.5,2554,3949,1926,1314900.0,2026-08-28,Active,,,0,462.75,2,No,No,2026-08-28,2026-08-28
INSERT,2026-08-28T00:00:00,2026-08-28,PT0566440,LST0566440,AG01470,LOC0150,Single Family,5,2.5,2015,17507,2010,801900.0,2026-08-28,Active,,,0,0.0,0,No,No,2026-08-28,2026-08-28
INSERT,2026-08-28T00:00:00,2026-08-28,PT0566441,LST0566441,AG00884,LOC0180,Condo,5,1.5,1489,4663,1925,537600.0,2026-08-28,Active,,,0,450.12,0,No,No,2026-08-28,2026-08-28
INSERT,2026-08-28T00:00:00,2026-08-28,PT0566442,LST0566442,AG00300,LOC0083,Single Family,1,2.0,2459,3903,1987,817300.0,2026-08-28,Active,,,0,0.0,1,No,No,2026-08-28,2026-08-28
INSERT,2026-08-28T00:00:00,2026-08-28,PT0566443,LST0566443,AG02749,LOC0234,Multi-Family,3,3.0,3502,2902,1932,683100.0,2026-08-28,Active,,,0,0.0,3,No,No,2026-08-28,2026-08-28
INSERT,2026-08-28T00:00:00,2026-08-28,PT0566444,LST0566444,AG02921,LOC0198,Single Family,2,1.0,2054,2968,2009,174300.0,2026-08-28,Active,,,0,0.0,3,Yes,No,2026-08-28,2026-08-28
INSERT,2026-08-28T00:00:00,2026-08-28,PT0566445,LST0566445,AG01071,LOC0246,Single Family,4,1.5,2024,1867,1977,354900.0,2026-08-28,Active,,,0,0.0,0,No,No,2026-08-28,2026-08-28
INSERT,2026-08-28T00:00:00,2026-08-28,PT0566446,LST0566446,AG01295,LOC0008,Townhouse,1,2.5,1519,2346,1938,159500.0,2026-08-28,Active,,,0,740.02,1,Yes,No,2026-08-28,2026-08-28
INSERT,2026-08-28T00:00:00,2026-08-28,PT0566447,LST0566447,AG01715,LOC0135,Single Family,6,4.0,2857,3503,1915,1333600.0,2026-08-28,Active,,,0,0.0,1,No,No,2026-08-28,2026-08-28
INSERT,2026-08-28T00:00:00,2026-08-28,PT0566448,LST0566448,AG00192,LOC0097,Single Family,2,2.0,1449,5462,1992,348400.0,2026-08-28,Active,,,0,0.0,2,No,Yes,2026-08-28,2026-08-28
INSERT,2026-08-28T00:00:00,2026-08-28,PT0566449,LST0566449,AG02999,LOC0149,Townhouse,1,1.5,1017,4895,1992,255000.0,2026-08-28,Active,,,0,131.28,3,No,No,2026-08-28,2026-08-28
INSERT,2026-08-28T00:00:00,2026-08-28,PT0566450,LST0566450,AG01047,LOC0009,Single Family,2,3.0,2126,2327,1945,524000.0,2026-08-28,Active,,,0,0.0,0,Yes,Yes,2026-08-28,2026-08-28
INSERT,2026-08-28T00:00:00,2026-08-28,PT0566451,LST0566451,AG01118,LOC0172,Condo,2,1.0,1644,2965,1905,257400.0,2026-08-28,Active,,,0,404.23,0,No,No,2026-08-28,2026-08-28
INSERT,2026-08-28T00:00:00,2026-08-28,PT0566452,LST0566452,AG00628,LOC0119,Single Family,4,4.5,2338,3240,1917,348400.0,2026-08-28,Active,,,0,0.0,0,No,No,2026-08-28,2026-08-28
INSERT,2026-08-28T00:00:00,2026-08-28,PT0566453,LST0566453,AG00490,LOC0061,Townhouse,1,2.0,2386,2427,1969,509300.0,2026-08-28,Active,,,0,286.15,1,Yes,No,2026-08-28,2026-08-28
INSERT,2026-08-28T00:00:00,2026-08-28,PT0566454,LST0566454,AG01699,LOC0212,Land,0,0.0,9109,16534,1999,2395700.0,2026-08-28,Active,,,0,0.0,0,No,No,2026-08-28,2026-08-28
INSERT,2026-08-28T00:00:00,2026-08-28,PT0566455,LST0566455,AG02563,LOC0152,Single Family,5,4.5,300,7798,1924,116800.0,2026-08-28,Active,,,0,0.0,3,No,No,2026-08-28,2026-08-28
INSERT,2026-08-28T00:00:00,2026-08-28,PT0566456,LST0566456,AG02916,LOC0094,Condo,2,3.5,2350,8513,1974,690800.0,2026-08-28,Active,,,0,396.9,2,No,No,2026-08-28,2026-08-28
INSERT,2026-08-28T00:00:00,2026-08-28,PT0566457,LST0566457,AG02740,LOC0229,Single Family,4,4.5,899,14052,1961,129900.0,2026-08-28,Active,,,0,0.0,1,No,No,2026-08-28,2026-08-28
INSERT,2026-08-28T00:00:00,2026-08-28,PT0566458,LST0566458,AG01645,LOC0222,Townhouse,2,4.5,2423,1819,1998,402100.0,2026-08-28,Active,,,0,322.65,1,Yes,No,2026-08-28,2026-08-28
INSERT,2026-08-28T00:00:00,2026-08-28,PT0566459,LST0566459,AG02991,LOC0123,Townhouse,2,2.0,805,3300,1995,300200.0,2026-08-28,Active,,,0,504.47,0,No,No,2026-08-28,2026-08-28
INSERT,2026-08-28T00:00:00,2026-08-28,PT0566460,LST0566460,AG02137,LOC0019,Land,0,0.0,4871,7374,1924,1388100.0,2026-08-28,Active,,,0,0.0,0,No,No,2026-08-28,2026-08-28
INSERT,2026-08-28T00:00:00,2026-08-28,PT0566461,LST0566461,AG00642,LOC0046,Single Family,1,3.5,1819,3506,1996,503500.0,2026-08-28,Active,,,0,0.0,2,No,Yes,2026-08-28,2026-08-28
INSERT,2026-08-28T00:00:00,2026-08-28,PT0566462,LST0566462,AG02545,LOC0105,Condo,2,4.5,1896,4998,1923,566000.0,2026-08-28,Active,,,0,791.47,0,No,No,2026-08-28,2026-08-28
INSERT,2026-08-28T00:00:00,2026-08-28,PT0566463,LST0566463,AG00403,LOC0135,Single Family,2,3.0,930,4159,1935,351200.0,2026-08-28,Active,,,0,0.0,2,No,Yes,2026-08-28,2026-08-28
INSERT,2026-08-28T00:00:00,2026-08-28,PT0566464,LST0566464,AG02681,LOC0084,Apartment,3,2.0,1460,0,2001,531100.0,2026-08-28,Active,,,0,398.78,1,No,No,2026-08-28,2026-08-28
INSERT,2026-08-28T00:00:00,2026-08-28,PT0566465,LST0566465,AG01503,LOC0244,Single Family,1,3.0,300,1612,1922,43800.0,2026-08-28,Active,,,0,0.0,2,Yes,No,2026-08-28,2026-08-28
INSERT,2026-08-28T00:00:00,2026-08-28,PT0566466,LST0566466,AG02277,LOC0016,Single Family,3,3.0,2925,2750,1921,771100.0,2026-08-28,Active,,,0,0.0,2,No,No,2026-08-28,2026-08-28
INSERT,2026-08-28T00:00:00,2026-08-28,PT0566467,LST0566467,AG02039,LOC0147,Single Family,6,3.0,1633,1931,1972,266000.0,2026-08-28,Active,,,0,0.0,0,Yes,Yes,2026-08-28,2026-08-28
INSERT,2026-08-28T00:00:00,2026-08-28,PT0566468,LST0566468,AG00429,LOC0113,Single Family,4,2.0,1376,1933,1976,572400.0,2026-08-28,Active,,,0,0.0,0,No,No,2026-08-28,2026-08-28
INSERT,2026-08-28T00:00:00,2026-08-28,PT0566469,LST0566469,AG02519,LOC0163,Condo,6,3.0,2426,7288,2019,802900.0,2026-08-28,Active,,,0,132.91,2,No,No,2026-08-28,2026-08-28
INSERT,2026-08-28T00:00:00,2026-08-28,PT0566470,LST0566470,AG00835,LOC0239,Townhouse,6,4.5,2383,1319,1970,573000.0,2026-08-28,Active,,,0,123.37,1,No,No,2026-08-28,2026-08-28
INSERT,2026-08-28T00:00:00,2026-08-28,PT0566471,LST0566471,AG02951,LOC0124,Townhouse,5,1.0,1579,7826,1995,190100.0,2026-08-28,Active,,,0,270.73,0,No,No,2026-08-28,2026-08-28
INSERT,2026-08-28T00:00:00,2026-08-28,PT0566472,LST0566472,AG00320,LOC0183,Multi-Family,1,3.5,1147,1119,1998,168600.0,2026-08-28,Active,,,0,0.0,3,No,No,2026-08-28,2026-08-28
INSERT,2026-08-28T00:00:00,2026-08-28,PT0566473,LST0566473,AG02341,LOC0226,Single Family,3,3.5,2644,2809,1904,846700.0,2026-08-28,Active,,,0,0.0,0,No,Yes,2026-08-28,2026-08-28
INSERT,2026-08-28T00:00:00,2026-08-28,PT0566474,LST0566474,AG02100,LOC0073,Apartment,2,1.0,1457,0,1938,317300.0,2026-08-28,Active,,,0,595.01,2,No,No,2026-08-28,2026-08-28
INSERT,2026-08-28T00:00:00,2026-08-28,PT0566475,LST0566475,AG02526,LOC0204,Apartment,2,4.0,2131,0,1995,1211400.0,2026-08-28,Active,,,0,54.8,2,No,No,2026-08-28,2026-08-28
INSERT,2026-08-28T00:00:00,2026-08-28,PT0566476,LST0566476,AG02796,LOC0015,Single Family,2,1.0,1190,1860,2023,269600.0,2026-08-28,Active,,,0,0.0,0,Yes,Yes,2026-08-28,2026-08-28
INSERT,2026-08-28T00:00:00,2026-08-28,PT0566477,LST0566477,AG01171,LOC0046,Condo,6,1.0,1160,3922,1948,403400.0,2026-08-28,Active,,,0,155.58,1,Yes,No,2026-08-28,2026-08-28
INSERT,2026-08-28T00:00:00,2026-08-28,PT0566478,LST0566478,AG00755,LOC0122,Single Family,3,3.0,2174,5157,1942,606100.0,2026-08-28,Active,,,0,0.0,3,No,No,2026-08-28,2026-08-28
INSERT,2026-08-28T00:00:00,2026-08-28,PT0566479,LST0566479,AG02499,LOC0041,Land,0,0.0,4898,2410,1977,1329500.0,2026-08-28,Active,,,0,0.0,0,No,No,2026-08-28,2026-08-28
INSERT,2026-08-28T00:00:00,2026-08-28,PT0566480,LST0566480,AG00733,LOC0042,Condo,5,4.5,1393,4702,1964,567400.0,2026-08-28,Active,,,0,779.47,2,No,No,2026-08-28,2026-08-28
INSERT,2026-08-28T00:00:00,2026-08-28,PT0566481,LST0566481,AG02653,LOC0196,Condo,3,2.5,353,6450,2003,248300.0,2026-08-28,Active,,,0,722.4,2,No,No,2026-08-28,2026-08-28
INSERT,2026-08-28T00:00:00,2026-08-28,PT0566482,LST0566482,AG02652,LOC0085,Condo,5,4.0,1976,12446,1918,587300.0,2026-08-28,Active,,,0,688.52,0,No,No,2026-08-28,2026-08-28
INSERT,2026-08-28T00:00:00,2026-08-28,PT0566483,LST0566483,AG01637,LOC0238,Single Family,5,3.5,779,6438,1916,272200.0,2026-08-28,Active,,,0,0.0,1,Yes,No,2026-08-28,2026-08-28
INSERT,2026-08-28T00:00:00,2026-08-28,PT0566484,LST0566484,AG00424,LOC0196,Land,0,0.0,8428,3100,1958,2613900.0,2026-08-28,Active,,,0,0.0,0,No,No,2026-08-28,2026-08-28
INSERT,2026-08-28T00:00:00,2026-08-28,PT0566485,LST0566485,AG00458,LOC0153,Apartment,2,3.0,330,0,1989,78000.0,2026-08-28,Active,,,0,665.12,1,No,No,2026-08-28,2026-08-28
INSERT,2026-08-28T00:00:00,2026-08-28,PT0566486,LST0566486,AG00477,LOC0041,Townhouse,6,3.5,1649,2577,1971,423700.0,2026-08-28,Active,,,0,658.81,1,No,No,2026-08-28,2026-08-28
INSERT,2026-08-28T00:00:00,2026-08-28,PT0566487,LST0566487,AG00743,LOC0021,Single Family,3,4.5,695,1281,1970,80500.0,2026-08-28,Active,,,0,0.0,0,No,No,2026-08-28,2026-08-28
INSERT,2026-08-28T00:00:00,2026-08-28,PT0566488,LST0566488,AG00352,LOC0144,Single Family,6,4.5,2913,1510,1938,742800.0,2026-08-28,Active,,,0,0.0,3,No,Yes,2026-08-28,2026-08-28
INSERT,2026-08-28T00:00:00,2026-08-28,PT0566489,LST0566489,AG02389,LOC0147,Condo,6,3.0,1967,1636,1972,160100.0,2026-08-28,Active,,,0,258.4,2,No,No,2026-08-28,2026-08-28
INSERT,2026-08-28T00:00:00,2026-08-28,PT0566490,LST0566490,AG00810,LOC0238,Single Family,5,2.5,1833,8376,1958,517500.0,2026-08-28,Active,,,0,0.0,1,No,Yes,2026-08-28,2026-08-28
INSERT,2026-08-28T00:00:00,2026-08-28,PT0566491,LST0566491,AG02248,LOC0231,Apartment,4,1.5,1418,0,1957,218900.0,2026-08-28,Active,,,0,163.6,0,No,No,2026-08-28,2026-08-28
INSERT,2026-08-28T00:00:00,2026-08-28,PT0566492,LST0566492,AG00765,LOC0001,Townhouse,2,1.5,2443,4508,1926,249400.0,2026-08-28,Active,,,0,353.93,1,No,No,2026-08-28,2026-08-28
INSERT,2026-08-28T00:00:00,2026-08-28,PT0566493,LST0566493,AG01474,LOC0066,Condo,6,1.0,1558,1829,1911,317600.0,2026-08-28,Active,,,0,751.17,1,Yes,No,2026-08-28,2026-08-28
INSERT,2026-08-28T00:00:00,2026-08-28,PT0566494,LST0566494,AG01189,LOC0026,Single Family,5,3.5,1587,1322,1925,503300.0,2026-08-28,Active,,,0,0.0,2,No,No,2026-08-28,2026-08-28
INSERT,2026-08-28T00:00:00,2026-08-28,PT0566495,LST0566495,AG02972,LOC0040,Condo,6,2.0,1431,4111,1931,415600.0,2026-08-28,Active,,,0,387.62,0,No,No,2026-08-28,2026-08-28
INSERT,2026-08-28T00:00:00,2026-08-28,PT0566496,LST0566496,AG02028,LOC0021,Single Family,2,4.0,2152,1392,1970,162600.0,2026-08-28,Active,,,0,0.0,2,Yes,Yes,2026-08-28,2026-08-28
INSERT,2026-08-28T00:00:00,2026-08-28,PT0566497,LST0566497,AG01722,LOC0169,Townhouse,5,4.0,1984,3317,1915,373200.0,2026-08-28,Active,,,0,220.45,2,No,No,2026-08-28,2026-08-28
INSERT,2026-08-28T00:00:00,2026-08-28,PT0566498,LST0566498,AG02127,LOC0055,Multi-Family,5,3.5,2217,4810,1904,413700.0,2026-08-28,Active,,,0,0.0,0,No,No,2026-08-28,2026-08-28
INSERT,2026-08-28T00:00:00,2026-08-28,PT0566499,LST0566499,AG00105,LOC0052,Single Family,5,4.0,1866,9587,1942,314500.0,2026-08-28,Active,,,0,0.0,0,Yes,Yes,2026-08-28,2026-08-28
INSERT,2026-08-28T00:00:00,2026-08-28,PT0566500,LST0566500,AG02203,LOC0033,Single Family,2,1.5,300,9017,2009,82200.0,2026-08-28,Active,,,0,0.0,1,No,No,2026-08-28,2026-08-28
INSERT,2026-08-28T00:00:00,2026-08-28,PT0566501,LST0566501,AG01215,LOC0219,Condo,2,2.0,3728,4459,1909,2329900.0,2026-08-28,Active,,,0,601.09,3,No,No,2026-08-28,2026-08-28
INSERT,2026-08-28T00:00:00,2026-08-28,PT0566502,LST0566502,AG00005,LOC0118,Condo,4,3.5,1795,2847,1981,356400.0,2026-08-28,Active,,,0,572.37,2,No,No,2026-08-28,2026-08-28
INSERT,2026-08-28T00:00:00,2026-08-28,PT0566503,LST0566503,AG01268,LOC0016,Single Family,4,2.0,533,2181,1909,161900.0,2026-08-28,Active,,,0,0.0,2,No,No,2026-08-28,2026-08-28
INSERT,2026-08-28T00:00:00,2026-08-28,PT0566504,LST0566504,AG02423,LOC0127,Condo,2,3.5,771,6803,1977,126100.0,2026-08-28,Active,,,0,151.0,0,Yes,No,2026-08-28,2026-08-28
INSERT,2026-08-28T00:00:00,2026-08-28,PT0566505,LST0566505,AG02183,LOC0114,Land,0,0.0,3128,1117,1975,513300.0,2026-08-28,Active,,,0,0.0,0,No,No,2026-08-28,2026-08-28
INSERT,2026-08-28T00:00:00,2026-08-28,PT0566506,LST0566506,AG02975,LOC0013,Single Family,1,4.0,884,1909,1973,238500.0,2026-08-28,Active,,,0,0.0,0,No,No,2026-08-28,2026-08-28
INSERT,2026-08-28T00:00:00,2026-08-28,PT0566507,LST0566507,AG00993,LOC0137,Condo,2,1.0,2163,4814,2007,249900.0,2026-08-28,Active,,,0,191.88,0,Yes,No,2026-08-28,2026-08-28
INSERT,2026-08-28T00:00:00,2026-08-28,PT0566508,LST0566508,AG02007,LOC0122,Single Family,2,4.5,2222,1794,2023,815200.0,2026-08-28,Active,,,0,0.0,0,No,No,2026-08-28,2026-08-28
INSERT,2026-08-28T00:00:00,2026-08-28,PT0566509,LST0566509,AG02592,LOC0027,Townhouse,4,1.5,2223,1360,2024,1084800.0,2026-08-28,Active,,,0,120.88,1,No,No,2026-08-28,2026-08-28
INSERT,2026-08-28T00:00:00,2026-08-28,PT0566510,LST0566510,AG00850,LOC0002,Townhouse,1,4.5,1219,3034,1965,306100.0,2026-08-28,Active,,,0,195.74,1,No,No,2026-08-28,2026-08-28
INSERT,2026-08-28T00:00:00,2026-08-28,PT0566511,LST0566511,AG00442,LOC0202,Multi-Family,3,4.0,2627,4861,1977,863100.0,2026-08-28,Active,,,0,0.0,3,No,No,2026-08-28,2026-08-28
INSERT,2026-08-28T00:00:00,2026-08-28,PT0566512,LST0566512,AG01440,LOC0204,Multi-Family,6,2.5,2351,4949,1986,836800.0,2026-08-28,Active,,,0,0.0,0,No,No,2026-08-28,2026-08-28
INSERT,2026-08-28T00:00:00,2026-08-28,PT0566513,LST0566513,AG02585,LOC0213,Townhouse,3,4.5,300,5919,1934,39500.0,2026-08-28,Active,,,0,765.9,1,No,No,2026-08-28,2026-08-28
INSERT,2026-08-28T00:00:00,2026-08-28,PT0566514,LST0566514,AG01494,LOC0005,Townhouse,1,1.0,2249,2117,1972,830400.0,2026-08-28,Active,,,0,316.05,3,No,No,2026-08-28,2026-08-28
INSERT,2026-08-28T00:00:00,2026-08-28,PT0566515,LST0566515,AG01540,LOC0206,Apartment,1,4.5,180,0,1915,58900.0,2026-08-28,Active,,,0,434.42,1,No,No,2026-08-28,2026-08-28
INSERT,2026-08-28T00:00:00,2026-08-28,PT0566516,LST0566516,AG00578,LOC0062,Condo,5,1.5,2034,6857,1955,374200.0,2026-08-28,Active,,,0,722.41,1,No,No,2026-08-28,2026-08-28
INSERT,2026-08-28T00:00:00,2026-08-28,PT0566517,LST0566517,AG02502,LOC0185,Single Family,4,1.0,2042,1598,1957,682600.0,2026-08-28,Active,,,0,0.0,1,No,Yes,2026-08-28,2026-08-28
INSERT,2026-08-28T00:00:00,2026-08-28,PT0566518,LST0566518,AG00550,LOC0017,Single Family,1,3.0,1762,4851,1969,995400.0,2026-08-28,Active,,,0,0.0,2,No,No,2026-08-28,2026-08-28
INSERT,2026-08-28T00:00:00,2026-08-28,PT0566519,LST0566519,AG02981,LOC0218,Single Family,5,3.0,1904,1129,2010,607600.0,2026-08-28,Active,,,0,0.0,3,No,No,2026-08-28,2026-08-28
INSERT,2026-08-28T00:00:00,2026-08-28,PT0566520,LST0566520,AG00629,LOC0101,Single Family,3,1.0,1497,8033,1993,579400.0,2026-08-28,Active,,,0,0.0,3,No,Yes,2026-08-28,2026-08-28
INSERT,2026-08-28T00:00:00,2026-08-28,PT0566521,LST0566521,AG02649,LOC0089,Townhouse,1,2.5,1901,5617,2006,442600.0,2026-08-28,Active,,,0,639.58,2,No,No,2026-08-28,2026-08-28
INSERT,2026-08-28T00:00:00,2026-08-28,PT0566522,LST0566522,AG01896,LOC0102,Single Family,3,3.5,1647,8194,1947,404000.0,2026-08-28,Active,,,0,0.0,3,No,Yes,2026-08-28,2026-08-28
INSERT,2026-08-28T00:00:00,2026-08-28,PT0566523,LST0566523,AG02787,LOC0200,Single Family,2,2.0,2748,2874,1984,767500.0,2026-08-28,Active,,,0,0.0,1,No,No,2026-08-28,2026-08-28
INSERT,2026-08-28T00:00:00,2026-08-28,PT0566524,LST0566524,AG01951,LOC0210,Single Family,6,3.5,1427,1747,2009,553800.0,2026-08-28,Active,,,0,0.0,1,No,No,2026-08-28,2026-08-28
INSERT,2026-08-28T00:00:00,2026-08-28,PT0566525,LST0566525,AG00197,LOC0128,Single Family,6,4.5,2848,3992,1938,703000.0,2026-08-28,Active,,,0,0.0,0,No,No,2026-08-28,2026-08-28
INSERT,2026-08-28T00:00:00,2026-08-28,PT0566526,LST0566526,AG01908,LOC0229,Single Family,2,4.5,2165,5327,1939,326700.0,2026-08-28,Active,,,0,0.0,1,No,Yes,2026-08-28,2026-08-28
INSERT,2026-08-28T00:00:00,2026-08-28,PT0566527,LST0566527,AG02136,LOC0125,Townhouse,4,1.0,1828,4626,1994,624200.0,2026-08-28,Active,,,0,721.09,0,Yes,No,2026-08-28,2026-08-28
INSERT,2026-08-28T00:00:00,2026-08-28,PT0566528,LST0566528,AG02008,LOC0093,Single Family,2,2.0,1825,5833,1943,420000.0,2026-08-28,Active,,,0,0.0,0,No,No,2026-08-28,2026-08-28
INSERT,2026-08-28T00:00:00,2026-08-28,PT0566529,LST0566529,AG02751,LOC0031,Townhouse,4,4.0,2176,5234,1946,391100.0,2026-08-28,Active,,,0,226.97,0,No,No,2026-08-28,2026-08-28
INSERT,2026-08-28T00:00:00,2026-08-28,PT0566530,LST0566530,AG01116,LOC0087,Townhouse,4,1.5,2148,1554,1994,604300.0,2026-08-28,Active,,,0,362.87,0,Yes,No,2026-08-28,2026-08-28
INSERT,2026-08-28T00:00:00,2026-08-28,PT0566531,LST0566531,AG02581,LOC0211,Single Family,3,1.0,1702,4067,2007,514000.0,2026-08-28,Active,,,0,0.0,2,Yes,No,2026-08-28,2026-08-28
INSERT,2026-08-28T00:00:00,2026-08-28,PT0566532,LST0566532,AG02376,LOC0231,Single Family,3,2.0,4162,4873,1918,712200.0,2026-08-28,Active,,,0,0.0,3,No,Yes,2026-08-28,2026-08-28
INSERT,2026-08-28T00:00:00,2026-08-28,PT0566533,LST0566533,AG00634,LOC0051,Multi-Family,1,2.0,2724,2051,1968,392900.0,2026-08-28,Active,,,0,0.0,2,No,Yes,2026-08-28,2026-08-28
INSERT,2026-08-28T00:00:00,2026-08-28,PT0566534,LST0566534,AG02229,LOC0013,Townhouse,2,3.0,2781,9545,2017,682500.0,2026-08-28,Active,,,0,317.29,0,No,No,2026-08-28,2026-08-28
INSERT,2026-08-28T00:00:00,2026-08-28,PT0566535,LST0566535,AG01335,LOC0188,Condo,4,1.0,2389,3377,1989,511400.0,2026-08-28,Active,,,0,271.75,0,No,No,2026-08-28,2026-08-28
INSERT,2026-08-28T00:00:00,2026-08-28,PT0566536,LST0566536,AG01415,LOC0092,Condo,3,2.5,1681,1530,2013,340400.0,2026-08-28,Active,,,0,235.85,0,No,No,2026-08-28,2026-08-28
INSERT,2026-08-28T00:00:00,2026-08-28,PT0566537,LST0566537,AG01400,LOC0042,Single Family,2,4.0,1136,8062,2022,383700.0,2026-08-28,Active,,,0,0.0,2,Yes,Yes,2026-08-28,2026-08-28
INSERT,2026-08-28T00:00:00,2026-08-28,PT0566538,LST0566538,AG00389,LOC0003,Single Family,2,1.5,1665,1874,1954,346800.0,2026-08-28,Active,,,0,0.0,3,Yes,Yes,2026-08-28,2026-08-28
INSERT,2026-08-28T00:00:00,2026-08-28,PT0566539,LST0566539,AG01577,LOC0097,Condo,6,4.5,1189,20672,1980,259600.0,2026-08-28,Active,,,0,334.07,0,No,No,2026-08-28,2026-08-28
INSERT,2026-08-28T00:00:00,2026-08-28,PT0566540,LST0566540,AG00381,LOC0244,Single Family,4,4.5,1194,9082,1982,200300.0,2026-08-28,Active,,,0,0.0,3,No,Yes,2026-08-28,2026-08-28
INSERT,2026-08-28T00:00:00,2026-08-28,PT0566541,LST0566541,AG01849,LOC0100,Townhouse,6,2.0,2882,6730,1966,344800.0,2026-08-28,Active,,,0,563.86,0,No,No,2026-08-28,2026-08-28
INSERT,2026-08-28T00:00:00,2026-08-28,PT0566542,LST0566542,AG01123,LOC0135,Condo,1,3.0,1424,4149,1967,824200.0,2026-08-28,Active,,,0,618.02,2,No,No,2026-08-28,2026-08-28
INSERT,2026-08-28T00:00:00,2026-08-28,PT0566543,LST0566543,AG00115,LOC0126,Condo,5,4.5,2752,3142,1985,844000.0,2026-08-28,Active,,,0,111.55,1,No,No,2026-08-28,2026-08-28
INSERT,2026-08-28T00:00:00,2026-08-28,PT0566544,LST0566544,AG02196,LOC0231,Land,0,0.0,8869,10973,1969,761400.0,2026-08-28,Active,,,0,0.0,0,No,No,2026-08-28,2026-08-28
INSERT,2026-08-28T00:00:00,2026-08-28,PT0566545,LST0566545,AG01507,LOC0009,Multi-Family,3,2.5,2154,4219,1926,665900.0,2026-08-28,Active,,,0,0.0,2,Yes,No,2026-08-28,2026-08-28
INSERT,2026-08-28T00:00:00,2026-08-28,PT0566546,LST0566546,AG00545,LOC0093,Single Family,5,3.0,733,3398,2022,136500.0,2026-08-28,Active,,,0,0.0,2,No,Yes,2026-08-28,2026-08-28
INSERT,2026-08-28T00:00:00,2026-08-28,PT0566547,LST0566547,AG00250,LOC0222,Single Family,2,4.5,2770,1359,1925,562700.0,2026-08-28,Active,,,0,0.0,2,No,No,2026-08-28,2026-08-28
INSERT,2026-08-28T00:00:00,2026-08-28,PT0566548,LST0566548,AG02111,LOC0125,Single Family,5,2.0,2212,1071,2017,677500.0,2026-08-28,Active,,,0,0.0,2,No,Yes,2026-08-28,2026-08-28
INSERT,2026-08-28T00:00:00,2026-08-28,PT0566549,LST0566549,AG02235,LOC0218,Single Family,5,1.0,2387,2117,1932,1039100.0,2026-08-28,Active,,,0,0.0,3,Yes,No,2026-08-28,2026-08-28
INSERT,2026-08-28T00:00:00,2026-08-28,PT0566550,LST0566550,AG01055,LOC0245,Multi-Family,3,2.5,2647,2503,1961,699700.0,2026-08-28,Active,,,0,0.0,0,Yes,Yes,2026-08-28,2026-08-28
INSERT,2026-08-28T00:00:00,2026-08-28,PT0566551,LST0566551,AG01567,LOC0171,Townhouse,2,1.5,2649,3506,1954,975700.0,2026-08-28,Active,,,0,744.95,2,Yes,No,2026-08-28,2026-08-28
INSERT,2026-08-28T00:00:00,2026-08-28,PT0566552,LST0566552,AG02083,LOC0028,Single Family,6,1.5,897,5221,1992,129200.0,2026-08-28,Active,,,0,0.0,0,No,Yes,2026-08-28,2026-08-28
INSERT,2026-08-28T00:00:00,2026-08-28,PT0566553,LST0566553,AG00898,LOC0082,Single Family,1,4.5,1206,8028,1978,88100.0,2026-08-28,Active,,,0,0.0,3,No,Yes,2026-08-28,2026-08-28
INSERT,2026-08-28T00:00:00,2026-08-28,PT0566554,LST0566554,AG01169,LOC0118,Condo,5,1.0,2777,10392,1979,523200.0,2026-08-28,Active,,,0,255.09,1,No,No,2026-08-28,2026-08-28
INSERT,2026-08-28T00:00:00,2026-08-28,PT0566555,LST0566555,AG01569,LOC0250,Single Family,3,3.5,2389,7741,1950,884900.0,2026-08-28,Active,,,0,0.0,0,No,No,2026-08-28,2026-08-28
INSERT,2026-08-28T00:00:00,2026-08-28,PT0566556,LST0566556,AG02543,LOC0056,Single Family,1,4.0,1617,5594,1958,425600.0,2026-08-28,Active,,,0,0.0,0,No,Yes,2026-08-28,2026-08-28
INSERT,2026-08-28T00:00:00,2026-08-28,PT0566557,LST0566557,AG02424,LOC0030,Single Family,6,3.5,2186,1012,1978,716400.0,2026-08-28,Active,,,0,0.0,2,No,Yes,2026-08-28,2026-08-28
INSERT,2026-08-28T00:00:00,2026-08-28,PT0566558,LST0566558,AG02948,LOC0236,Single Family,3,4.5,3241,3914,1930,225600.0,2026-08-28,Active,,,0,0.0,0,No,No,2026-08-28,2026-08-28
INSERT,2026-08-28T00:00:00,2026-08-28,PT0566559,LST0566559,AG02476,LOC0156,Single Family,2,1.0,1370,4701,1986,734700.0,2026-08-28,Active,,,0,0.0,1,Yes,No,2026-08-28,2026-08-28
INSERT,2026-08-28T00:00:00,2026-08-28,PT0566560,LST0566560,AG01750,LOC0061,Apartment,4,2.5,1333,0,1989,99300.0,2026-08-28,Active,,,0,90.56,3,No,No,2026-08-28,2026-08-28
INSERT,2026-08-28T00:00:00,2026-08-28,PT0566561,LST0566561,AG00769,LOC0103,Townhouse,1,2.5,1375,7927,1912,330100.0,2026-08-28,Active,,,0,731.19,0,No,No,2026-08-28,2026-08-28
INSERT,2026-08-28T00:00:00,2026-08-28,PT0566562,LST0566562,AG00403,LOC0008,Apartment,1,1.0,886,0,1925,64600.0,2026-08-28,Active,,,0,345.69,0,No,No,2026-08-28,2026-08-28
INSERT,2026-08-28T00:00:00,2026-08-28,PT0566563,LST0566563,AG02922,LOC0181,Condo,5,3.0,2028,3794,1996,240300.0,2026-08-28,Active,,,0,279.16,0,No,No,2026-08-28,2026-08-28
INSERT,2026-08-28T00:00:00,2026-08-28,PT0566564,LST0566564,AG00723,LOC0168,Single Family,3,1.5,2074,1251,2022,1187500.0,2026-08-28,Active,,,0,0.0,3,No,Yes,2026-08-28,2026-08-28
INSERT,2026-08-28T00:00:00,2026-08-28,PT0566565,LST0566565,AG01470,LOC0074,Condo,1,2.5,2307,2239,1936,705900.0,2026-08-28,Active,,,0,451.88,3,No,No,2026-08-28,2026-08-28
INSERT,2026-08-28T00:00:00,2026-08-28,PT0566566,LST0566566,AG01242,LOC0166,Multi-Family,3,2.0,4607,2873,1908,1024000.0,2026-08-28,Active,,,0,0.0,1,Yes,No,2026-08-28,2026-08-28
INSERT,2026-08-28T00:00:00,2026-08-28,PT0566567,LST0566567,AG02605,LOC0159,Single Family,4,3.0,2809,1743,1941,909800.0,2026-08-28,Active,,,0,0.0,3,No,No,2026-08-28,2026-08-28
INSERT,2026-08-28T00:00:00,2026-08-28,PT0566568,LST0566568,AG00750,LOC0238,Apartment,5,1.0,1329,0,1955,558300.0,2026-08-28,Active,,,0,131.16,3,No,No,2026-08-28,2026-08-28
INSERT,2026-08-28T00:00:00,2026-08-28,PT0566569,LST0566569,AG02684,LOC0202,Multi-Family,2,4.0,2180,1561,1931,505800.0,2026-08-28,Active,,,0,0.0,2,No,No,2026-08-28,2026-08-28
INSERT,2026-08-28T00:00:00,2026-08-28,PT0566570,LST0566570,AG02936,LOC0210,Apartment,4,2.5,1260,0,1931,752400.0,2026-08-28,Active,,,0,226.14,0,No,No,2026-08-28,2026-08-28
INSERT,2026-08-28T00:00:00,2026-08-28,PT0566571,LST0566571,AG00062,LOC0037,Single Family,5,3.0,1521,4460,1915,747200.0,2026-08-28,Active,,,0,0.0,3,Yes,Yes,2026-08-28,2026-08-28
INSERT,2026-08-28T00:00:00,2026-08-28,PT0566572,LST0566572,AG00151,LOC0227,Apartment,1,1.0,1158,0,1923,245600.0,2026-08-28,Active,,,0,77.02,1,No,No,2026-08-28,2026-08-28
INSERT,2026-08-28T00:00:00,2026-08-28,PT0566573,LST0566573,AG02393,LOC0234,Condo,4,2.5,1699,15407,1930,926700.0,2026-08-28,Active,,,0,706.03,0,Yes,No,2026-08-28,2026-08-28
INSERT,2026-08-28T00:00:00,2026-08-28,PT0566574,LST0566574,AG00509,LOC0077,Single Family,3,1.0,4144,3800,1932,981300.0,2026-08-28,Active,,,0,0.0,1,No,Yes,2026-08-28,2026-08-28
INSERT,2026-08-28T00:00:00,2026-08-28,PT0566575,LST0566575,AG01992,LOC0222,Single Family,2,2.5,3054,5429,1978,1301300.0,2026-08-28,Active,,,0,0.0,2,No,No,2026-08-28,2026-08-28
INSERT,2026-08-28T00:00:00,2026-08-28,PT0566576,LST0566576,AG02517,LOC0226,Single Family,5,1.5,2047,2082,1938,447700.0,2026-08-28,Active,,,0,0.0,1,Yes,Yes,2026-08-28,2026-08-28
INSERT,2026-08-28T00:00:00,2026-08-28,PT0566577,LST0566577,AG00718,LOC0249,Single Family,6,1.0,970,5036,1916,461000.0,2026-08-28,Active,,,0,0.0,2,No,Yes,2026-08-28,2026-08-28
INSERT,2026-08-28T00:00:00,2026-08-28,PT0566578,LST0566578,AG00772,LOC0032,Townhouse,1,3.0,1577,3259,2019,271100.0,2026-08-28,Active,,,0,656.68,0,No,No,2026-08-28,2026-08-28
INSERT,2026-08-28T00:00:00,2026-08-28,PT0566579,LST0566579,AG00161,LOC0056,Single Family,3,4.5,2021,1625,1909,1025500.0,2026-08-28,Active,,,0,0.0,1,No,Yes,2026-08-28,2026-08-28
INSERT,2026-08-28T00:00:00,2026-08-28,PT0566580,LST0566580,AG02891,LOC0104,Single Family,3,1.0,300,8398,1921,93900.0,2026-08-28,Active,,,0,0.0,1,Yes,Yes,2026-08-28,2026-08-28
INSERT,2026-08-28T00:00:00,2026-08-28,PT0566581,LST0566581,AG02572,LOC0098,Townhouse,5,4.0,1110,6061,1901,406800.0,2026-08-28,Active,,,0,622.09,0,No,No,2026-08-28,2026-08-28
INSERT,2026-08-28T00:00:00,2026-08-28,PT0566582,LST0566582,AG01814,LOC0081,Condo,2,3.5,1485,9897,1964,660700.0,2026-08-28,Active,,,0,375.09,2,No,No,2026-08-28,2026-08-28
INSERT,2026-08-28T00:00:00,2026-08-28,PT0566583,LST0566583,AG01457,LOC0231,Single Family,3,2.0,2118,4638,1995,393200.0,2026-08-28,Active,,,0,0.0,1,No,Yes,2026-08-28,2026-08-28
INSERT,2026-08-28T00:00:00,2026-08-28,PT0566584,LST0566584,AG00175,LOC0131,Multi-Family,3,4.0,2272,1951,1934,727700.0,2026-08-28,Active,,,0,0.0,0,No,Yes,2026-08-28,2026-08-28
INSERT,2026-08-28T00:00:00,2026-08-28,PT0566585,LST0566585,AG01765,LOC0121,Single Family,1,1.0,891,4304,1937,212800.0,2026-08-28,Active,,,0,0.0,1,No,Yes,2026-08-28,2026-08-28
INSERT,2026-08-28T00:00:00,2026-08-28,PT0566586,LST0566586,AG01666,LOC0128,Condo,6,4.5,2436,2816,1981,639100.0,2026-08-28,Active,,,0,252.22,0,No,No,2026-08-28,2026-08-28
INSERT,2026-08-28T00:00:00,2026-08-28,PT0566587,LST0566587,AG00271,LOC0178,Apartment,6,1.0,1078,0,1983,181400.0,2026-08-28,Active,,,0,589.23,2,No,No,2026-08-28,2026-08-28
INSERT,2026-08-28T00:00:00,2026-08-28,PT0566588,LST0566588,AG01765,LOC0148,Single Family,2,2.5,2262,2404,1986,667300.0,2026-08-28,Active,,,0,0.0,2,No,Yes,2026-08-28,2026-08-28
INSERT,2026-08-28T00:00:00,2026-08-28,PT0566589,LST0566589,AG02814,LOC0164,Single Family,5,3.5,1567,3307,2021,378600.0,2026-08-28,Active,,,0,0.0,0,No,No,2026-08-28,2026-08-28
INSERT,2026-08-28T00:00:00,2026-08-28,PT0566590,LST0566590,AG00513,LOC0148,Single Family,2,4.0,1615,4713,1983,612300.0,2026-08-28,Active,,,0,0.0,3,No,No,2026-08-28,2026-08-28
INSERT,2026-08-28T00:00:00,2026-08-28,PT0566591,LST0566591,AG01876,LOC0174,Single Family,4,4.0,1846,4795,1963,907400.0,2026-08-28,Active,,,0,0.0,3,No,Yes,2026-08-28,2026-08-28
INSERT,2026-08-28T00:00:00,2026-08-28,PT0566592,LST0566592,AG02745,LOC0033,Single Family,5,1.0,3452,2003,2001,897800.0,2026-08-28,Active,,,0,0.0,2,Yes,No,2026-08-28,2026-08-28
INSERT,2026-08-28T00:00:00,2026-08-28,PT0566593,LST0566593,AG00750,LOC0011,Condo,6,4.5,1508,7762,1906,676400.0,2026-08-28,Active,,,0,273.68,0,No,No,2026-08-28,2026-08-28
INSERT,2026-08-28T00:00:00,2026-08-28,PT0566594,LST0566594,AG02223,LOC0078,Single Family,2,3.5,2063,5629,2019,1310000.0,2026-08-28,Active,,,0,0.0,1,No,Yes,2026-08-28,2026-08-28
INSERT,2026-08-28T00:00:00,2026-08-28,PT0566595,LST0566595,AG00368,LOC0041,Multi-Family,1,2.0,2136,19429,1955,316400.0,2026-08-28,Active,,,0,0.0,1,Yes,No,2026-08-28,2026-08-28
INSERT,2026-08-28T00:00:00,2026-08-28,PT0566596,LST0566596,AG02944,LOC0079,Single Family,4,3.0,1846,7596,1950,488400.0,2026-08-28,Active,,,0,0.0,2,No,No,2026-08-28,2026-08-28
INSERT,2026-08-28T00:00:00,2026-08-28,PT0566597,LST0566597,AG00505,LOC0029,Single Family,3,3.0,2035,2265,1975,858100.0,2026-08-28,Active,,,0,0.0,2,Yes,No,2026-08-28,2026-08-28
INSERT,2026-08-28T00:00:00,2026-08-28,PT0566598,LST0566598,AG02531,LOC0194,Townhouse,2,3.5,300,5062,1901,164800.0,2026-08-28,Active,,,0,310.98,2,No,No,2026-08-28,2026-08-28
INSERT,2026-08-28T00:00:00,2026-08-28,PT0566599,LST0566599,AG02814,LOC0007,Land,0,0.0,7032,2442,1956,2542100.0,2026-08-28,Active,,,0,0.0,0,No,No,2026-08-28,2026-08-28
INSERT,2026-08-28T00:00:00,2026-08-28,PT0566600,LST0566600,AG00550,LOC0219,Multi-Family,6,1.0,1481,4125,1988,635400.0,2026-08-28,Active,,,0,0.0,3,No,Yes,2026-08-28,2026-08-28
INSERT,2026-08-28T00:00:00,2026-08-28,PT0566601,LST0566601,AG00114,LOC0202,Condo,5,2.5,1005,4713,2015,303500.0,2026-08-28,Active,,,0,543.76,3,No,No,2026-08-28,2026-08-28
INSERT,2026-08-28T00:00:00,2026-08-28,PT0566602,LST0566602,AG01859,LOC0013,Single Family,1,2.5,640,1172,1955,147400.0,2026-08-28,Active,,,0,0.0,2,No,No,2026-08-28,2026-08-28
INSERT,2026-08-28T00:00:00,2026-08-28,PT0566603,LST0566603,AG02719,LOC0189,Single Family,4,3.5,1499,1389,1946,579400.0,2026-08-28,Active,,,0,0.0,2,No,No,2026-08-28,2026-08-28
INSERT,2026-08-28T00:00:00,2026-08-28,PT0566604,LST0566604,AG01221,LOC0054,Single Family,6,1.5,1306,5526,1976,330900.0,2026-08-28,Active,,,0,0.0,0,No,Yes,2026-08-28,2026-08-28
INSERT,2026-08-28T00:00:00,2026-08-28,PT0566605,LST0566605,AG00649,LOC0010,Single Family,2,2.0,2209,5680,1951,972100.0,2026-08-28,Active,,,0,0.0,3,No,Yes,2026-08-28,2026-08-28
INSERT,2026-08-28T00:00:00,2026-08-28,PT0566606,LST0566606,AG01809,LOC0154,Single Family,2,1.0,1643,4558,1968,390900.0,2026-08-28,Active,,,0,0.0,2,No,No,2026-08-28,2026-08-28
INSERT,2026-08-28T00:00:00,2026-08-28,PT0566607,LST0566607,AG01887,LOC0242,Condo,4,2.0,957,4154,1981,127600.0,2026-08-28,Active,,,0,760.98,3,No,No,2026-08-28,2026-08-28
INSERT,2026-08-28T00:00:00,2026-08-28,PT0566608,LST0566608,AG02617,LOC0213,Townhouse,3,4.0,1484,2450,2007,95600.0,2026-08-28,Active,,,0,727.55,1,No,No,2026-08-28,2026-08-28
INSERT,2026-08-28T00:00:00,2026-08-28,PT0566609,LST0566609,AG00461,LOC0056,Single Family,5,3.5,3141,3075,1948,1014400.0,2026-08-28,Active,,,0,0.0,3,No,No,2026-08-28,2026-08-28
INSERT,2026-08-28T00:00:00,2026-08-28,PT0566610,LST0566610,AG02165,LOC0084,Multi-Family,1,3.5,3070,4848,1949,1123200.0,2026-08-28,Active,,,0,0.0,0,No,No,2026-08-28,2026-08-28
INSERT,2026-08-28T00:00:00,2026-08-28,PT0566611,LST0566611,AG00768,LOC0212,Single Family,1,2.5,969,9931,1900,310000.0,2026-08-28,Active,,,0,0.0,1,No,Yes,2026-08-28,2026-08-28
INSERT,2026-08-28T00:00:00,2026-08-28,PT0566612,LST0566612,AG01024,LOC0098,Single Family,6,4.5,2566,5477,1978,1301600.0,2026-08-28,Active,,,0,0.0,2,No,No,2026-08-28,2026-08-28
INSERT,2026-08-28T00:00:00,2026-08-28,PT0566613,LST0566613,AG00257,LOC0158,Townhouse,1,2.5,2353,1178,1972,754900.0,2026-08-28,Active,,,0,408.14,0,Yes,No,2026-08-28,2026-08-28
INSERT,2026-08-28T00:00:00,2026-08-28,PT0566614,LST0566614,AG00973,LOC0195,Apartment,3,2.5,1145,0,2022,377400.0,2026-08-28,Active,,,0,277.36,1,Yes,No,2026-08-28,2026-08-28
INSERT,2026-08-28T00:00:00,2026-08-28,PT0566615,LST0566615,AG02949,LOC0241,Condo,3,3.5,1882,1166,2015,339600.0,2026-08-28,Active,,,0,299.7,0,No,No,2026-08-28,2026-08-28
INSERT,2026-08-28T00:00:00,2026-08-28,PT0566616,LST0566616,AG01655,LOC0001,Condo,2,1.5,1035,6886,1994,145300.0,2026-08-28,Active,,,0,387.72,2,No,No,2026-08-28,2026-08-28
INSERT,2026-08-28T00:00:00,2026-08-28,PT0566617,LST0566617,AG00817,LOC0093,Townhouse,3,4.5,1133,1765,1931,200200.0,2026-08-28,Active,,,0,366.42,1,No,No,2026-08-28,2026-08-28
INSERT,2026-08-28T00:00:00,2026-08-28,PT0566618,LST0566618,AG02661,LOC0042,Single Family,2,1.0,1048,1166,2018,304700.0,2026-08-28,Active,,,0,0.0,1,No,Yes,2026-08-28,2026-08-28
INSERT,2026-08-28T00:00:00,2026-08-28,PT0566619,LST0566619,AG01218,LOC0142,Multi-Family,6,1.0,2764,3009,1945,1036000.0,2026-08-28,Active,,,0,0.0,0,Yes,Yes,2026-08-28,2026-08-28
INSERT,2026-08-28T00:00:00,2026-08-28,PT0566620,LST0566620,AG00662,LOC0010,Condo,6,2.0,3524,2496,1924,1294100.0,2026-08-28,Active,,,0,89.23,2,No,No,2026-08-28,2026-08-28
INSERT,2026-08-28T00:00:00,2026-08-28,PT0566621,LST0566621,AG00038,LOC0108,Single Family,4,4.5,1418,1039,1912,424900.0,2026-08-28,Active,,,0,0.0,3,No,Yes,2026-08-28,2026-08-28
INSERT,2026-08-28T00:00:00,2026-08-28,PT0566622,LST0566622,AG02094,LOC0200,Condo,5,2.5,638,2353,1902,180100.0,2026-08-28,Active,,,0,564.39,0,No,No,2026-08-28,2026-08-28
INSERT,2026-08-28T00:00:00,2026-08-28,PT0566623,LST0566623,AG01429,LOC0107,Land,0,0.0,3385,2432,1944,542700.0,2026-08-28,Active,,,0,0.0,0,No,No,2026-08-28,2026-08-28
INSERT,2026-08-28T00:00:00,2026-08-28,PT0566624,LST0566624,AG02527,LOC0198,Condo,4,2.5,516,2723,2005,57000.0,2026-08-28,Active,,,0,92.8,1,No,No,2026-08-28,2026-08-28
INSERT,2026-08-28T00:00:00,2026-08-28,PT0566625,LST0566625,AG02009,LOC0097,Multi-Family,6,2.5,4097,4252,2017,519300.0,2026-08-28,Active,,,0,0.0,0,No,Yes,2026-08-28,2026-08-28
INSERT,2026-08-28T00:00:00,2026-08-28,PT0566626,LST0566626,AG00209,LOC0245,Condo,6,2.5,3008,3303,1957,142000.0,2026-08-28,Active,,,0,288.9,1,No,No,2026-08-28,2026-08-28
INSERT,2026-08-28T00:00:00,2026-08-28,PT0566627,LST0566627,AG02916,LOC0139,Multi-Family,4,3.0,1083,3268,1987,396700.0,2026-08-28,Active,,,0,0.0,1,No,Yes,2026-08-28,2026-08-28
INSERT,2026-08-28T00:00:00,2026-08-28,PT0566628,LST0566628,AG02204,LOC0130,Single Family,4,3.0,880,2126,1941,183000.0,2026-08-28,Active,,,0,0.0,3,No,No,2026-08-28,2026-08-28
INSERT,2026-08-28T00:00:00,2026-08-28,PT0566629,LST0566629,AG02255,LOC0218,Townhouse,6,1.0,2171,2067,1977,141500.0,2026-08-28,Active,,,0,206.83,2,No,No,2026-08-28,2026-08-28
INSERT,2026-08-28T00:00:00,2026-08-28,PT0566630,LST0566630,AG02293,LOC0048,Single Family,4,2.0,2150,2133,2004,641000.0,2026-08-28,Active,,,0,0.0,2,No,Yes,2026-08-28,2026-08-28
INSERT,2026-08-28T00:00:00,2026-08-28,PT0566631,LST0566631,AG01927,LOC0065,Single Family,1,1.5,1818,2098,1956,263100.0,2026-08-28,Active,,,0,0.0,0,No,No,2026-08-28,2026-08-28
INSERT,2026-08-28T00:00:00,2026-08-28,PT0566632,LST0566632,AG01739,LOC0173,Condo,2,2.5,1481,1201,1956,729300.0,2026-08-28,Active,,,0,650.57,3,No,No,2026-08-28,2026-08-28
INSERT,2026-08-28T00:00:00,2026-08-28,PT0566633,LST0566633,AG02514,LOC0138,Condo,2,1.5,1264,3214,1962,424000.0,2026-08-28,Active,,,0,256.32,0,No,No,2026-08-28,2026-08-28
INSERT,2026-08-28T00:00:00,2026-08-28,PT0566634,LST0566634,AG00644,LOC0235,Townhouse,6,3.0,1164,1055,1902,599600.0,2026-08-28,Active,,,0,380.49,3,No,No,2026-08-28,2026-08-28
INSERT,2026-08-28T00:00:00,2026-08-28,PT0566635,LST0566635,AG02642,LOC0165,Townhouse,1,1.0,2552,10428,1910,1049600.0,2026-08-28,Active,,,0,773.89,2,No,No,2026-08-28,2026-08-28
INSERT,2026-08-28T00:00:00,2026-08-28,PT0566636,LST0566636,AG01540,LOC0191,Condo,5,4.5,1495,2169,1902,1318600.0,2026-08-28,Active,,,0,249.02,2,Yes,No,2026-08-28,2026-08-28
INSERT,2026-08-28T00:00:00,2026-08-28,PT0566637,LST0566637,AG00915,LOC0110,Condo,3,3.5,987,1326,1976,206700.0,2026-08-28,Active,,,0,88.19,3,Yes,No,2026-08-28,2026-08-28
INSERT,2026-08-28T00:00:00,2026-08-28,PT0566638,LST0566638,AG00845,LOC0088,Single Family,6,1.0,1379,1730,1946,162800.0,2026-08-28,Active,,,0,0.0,0,No,No,2026-08-28,2026-08-28
INSERT,2026-08-28T00:00:00,2026-08-28,PT0566639,LST0566639,AG02264,LOC0219,Multi-Family,5,4.0,4024,7952,1922,1961500.0,2026-08-28,Active,,,0,0.0,3,Yes,Yes,2026-08-28,2026-08-28
INSERT,2026-08-28T00:00:00,2026-08-28,PT0566640,LST0566640,AG02115,LOC0019,Apartment,6,2.5,1107,0,2015,255800.0,2026-08-28,Active,,,0,469.22,2,No,No,2026-08-28,2026-08-28
INSERT,2026-08-28T00:00:00,2026-08-28,PT0566641,LST0566641,AG02676,LOC0051,Single Family,1,1.5,1857,5297,1917,200800.0,2026-08-28,Active,,,0,0.0,3,Yes,No,2026-08-28,2026-08-28
INSERT,2026-08-28T00:00:00,2026-08-28,PT0566642,LST0566642,AG01065,LOC0124,Single Family,2,2.0,1823,2938,1901,599000.0,2026-08-28,Active,,,0,0.0,2,Yes,Yes,2026-08-28,2026-08-28
INSERT,2026-08-28T00:00:00,2026-08-28,PT0566643,LST0566643,AG00761,LOC0084,Single Family,1,1.5,2039,2116,1980,713600.0,2026-08-28,Active,,,0,0.0,1,No,No,2026-08-28,2026-08-28
INSERT,2026-08-28T00:00:00,2026-08-28,PT0566644,LST0566644,AG01748,LOC0246,Condo,2,3.0,2981,2154,1909,494200.0,2026-08-28,Active,,,0,307.53,0,Yes,No,2026-08-28,2026-08-28
INSERT,2026-08-28T00:00:00,2026-08-28,PT0566645,LST0566645,AG02164,LOC0127,Single Family,1,2.0,2689,5475,1939,266500.0,2026-08-28,Active,,,0,0.0,0,No,Yes,2026-08-28,2026-08-28
INSERT,2026-08-28T00:00:00,2026-08-28,PT0566646,LST0566646,AG02670,LOC0113,Single Family,1,4.5,1753,1329,1939,773500.0,2026-08-28,Active,,,0,0.0,3,No,No,2026-08-28,2026-08-28
INSERT,2026-08-28T00:00:00,2026-08-28,PT0566647,LST0566647,AG01990,LOC0005,Multi-Family,6,3.0,2717,1252,1980,967600.0,2026-08-28,Active,,,0,0.0,1,No,No,2026-08-28,2026-08-28
INSERT,2026-08-28T00:00:00,2026-08-28,PT0566648,LST0566648,AG01859,LOC0159,Single Family,1,1.0,1229,1186,1970,338700.0,2026-08-28,Active,,,0,0.0,1,No,No,2026-08-28,2026-08-28
INSERT,2026-08-28T00:00:00,2026-08-28,PT0566649,LST0566649,AG02896,LOC0068,Single Family,1,2.5,2718,1531,2000,724500.0,2026-08-28,Active,,,0,0.0,3,Yes,No,2026-08-28,2026-08-28
INSERT,2026-08-28T00:00:00,2026-08-28,PT0566650,LST0566650,AG00102,LOC0214,Condo,2,4.5,3177,1064,1923,1354200.0,2026-08-28,Active,,,0,319.58,3,No,No,2026-08-28,2026-08-28
INSERT,2026-08-28T00:00:00,2026-08-28,PT0566651,LST0566651,AG00520,LOC0100,Single Family,4,1.0,780,5368,1950,73700.0,2026-08-28,Active,,,0,0.0,3,No,Yes,2026-08-28,2026-08-28
INSERT,2026-08-28T00:00:00,2026-08-28,PT0566652,LST0566652,AG02803,LOC0027,Single Family,5,3.5,2764,2737,1946,1054300.0,2026-08-28,Active,,,0,0.0,1,No,Yes,2026-08-28,2026-08-28
INSERT,2026-08-28T00:00:00,2026-08-28,PT0566653,LST0566653,AG00062,LOC0218,Single Family,2,4.0,2619,1402,1998,1214800.0,2026-08-28,Active,,,0,0.0,2,No,Yes,2026-08-28,2026-08-28
INSERT,2026-08-28T00:00:00,2026-08-28,PT0566654,LST0566654,AG00129,LOC0231,Townhouse,6,1.0,1537,1825,1993,311000.0,2026-08-28,Active,,,0,186.21,3,No,No,2026-08-28,2026-08-28
INSERT,2026-08-28T00:00:00,2026-08-28,PT0566655,LST0566655,AG02667,LOC0134,Condo,5,1.0,2425,1825,2016,713500.0,2026-08-28,Active,,,0,569.21,1,No,No,2026-08-28,2026-08-28
INSERT,2026-08-28T00:00:00,2026-08-28,PT0566656,LST0566656,AG01814,LOC0035,Single Family,2,1.5,1404,1152,1919,249200.0,2026-08-28,Active,,,0,0.0,0,No,Yes,2026-08-28,2026-08-28
INSERT,2026-08-28T00:00:00,2026-08-28,PT0566657,LST0566657,AG01439,LOC0114,Condo,5,4.0,1825,6589,1939,409900.0,2026-08-28,Active,,,0,137.48,3,No,No,2026-08-28,2026-08-28
INSERT,2026-08-28T00:00:00,2026-08-28,PT0566658,LST0566658,AG01346,LOC0219,Townhouse,1,4.5,1213,2236,1955,421900.0,2026-08-28,Active,,,0,799.05,3,No,No,2026-08-28,2026-08-28
INSERT,2026-08-28T00:00:00,2026-08-28,PT0566659,LST0566659,AG02896,LOC0168,Condo,3,4.5,1022,2153,2013,346800.0,2026-08-28,Active,,,0,230.06,3,No,No,2026-08-28,2026-08-28
INSERT,2026-08-28T00:00:00,2026-08-28,PT0566660,LST0566660,AG01360,LOC0183,Single Family,6,3.5,1285,6451,1949,373100.0,2026-08-28,Active,,,0,0.0,3,No,Yes,2026-08-28,2026-08-28
INSERT,2026-08-28T00:00:00,2026-08-28,PT0566661,LST0566661,AG00693,LOC0164,Single Family,4,2.5,2475,3148,1949,448700.0,2026-08-28,Active,,,0,0.0,3,No,No,2026-08-28,2026-08-28
INSERT,2026-08-28T00:00:00,2026-08-28,PT0566662,LST0566662,AG01348,LOC0143,Townhouse,3,1.5,1172,4071,1923,209200.0,2026-08-28,Active,,,0,268.86,1,Yes,No,2026-08-28,2026-08-28
INSERT,2026-08-28T00:00:00,2026-08-28,PT0566663,LST0566663,AG00906,LOC0073,Single Family,2,2.0,2354,4816,1932,580200.0,2026-08-28,Active,,,0,0.0,2,No,Yes,2026-08-28,2026-08-28
INSERT,2026-08-28T00:00:00,2026-08-28,PT0566664,LST0566664,AG00680,LOC0015,Single Family,6,1.0,3308,1931,1953,808400.0,2026-08-28,Active,,,0,0.0,3,No,Yes,2026-08-28,2026-08-28
INSERT,2026-08-28T00:00:00,2026-08-28,PT0566665,LST0566665,AG00752,LOC0044,Single Family,4,1.0,1824,1600,1971,560300.0,2026-08-28,Active,,,0,0.0,1,No,Yes,2026-08-28,2026-08-28
INSERT,2026-08-28T00:00:00,2026-08-28,PT0566666,LST0566666,AG02971,LOC0161,Townhouse,3,1.0,2183,12373,1963,1059900.0,2026-08-28,Active,,,0,771.11,2,No,No,2026-08-28,2026-08-28
INSERT,2026-08-28T00:00:00,2026-08-28,PT0566667,LST0566667,AG02237,LOC0084,Single Family,1,3.5,1585,1639,1921,633300.0,2026-08-28,Active,,,0,0.0,3,No,Yes,2026-08-28,2026-08-28
INSERT,2026-08-28T00:00:00,2026-08-28,PT0566668,LST0566668,AG00918,LOC0126,Single Family,2,1.0,1372,9609,1917,427100.0,2026-08-28,Active,,,0,0.0,0,No,Yes,2026-08-28,2026-08-28
INSERT,2026-08-28T00:00:00,2026-08-28,PT0566669,LST0566669,AG01939,LOC0074,Single Family,4,2.5,1167,1906,1968,428200.0,2026-08-28,Active,,,0,0.0,1,No,No,2026-08-28,2026-08-28
INSERT,2026-08-28T00:00:00,2026-08-28,PT0566670,LST0566670,AG00503,LOC0130,Single Family,6,1.5,1783,1613,1962,271600.0,2026-08-28,Active,,,0,0.0,3,Yes,Yes,2026-08-28,2026-08-28
INSERT,2026-08-28T00:00:00,2026-08-28,PT0566671,LST0566671,AG02260,LOC0131,Single Family,1,4.5,1942,2047,1988,373000.0,2026-08-28,Active,,,0,0.0,1,Yes,No,2026-08-28,2026-08-28
INSERT,2026-08-28T00:00:00,2026-08-28,PT0566672,LST0566672,AG02122,LOC0227,Single Family,3,1.5,1720,8022,1924,747500.0,2026-08-28,Active,,,0,0.0,3,No,No,2026-08-28,2026-08-28
INSERT,2026-08-28T00:00:00,2026-08-28,PT0566673,LST0566673,AG02170,LOC0188,Single Family,4,1.0,3349,8352,1930,465800.0,2026-08-28,Active,,,0,0.0,1,No,Yes,2026-08-28,2026-08-28
INSERT,2026-08-28T00:00:00,2026-08-28,PT0566674,LST0566674,AG00226,LOC0085,Apartment,6,4.0,483,0,1919,107600.0,2026-08-28,Active,,,0,342.86,3,No,No,2026-08-28,2026-08-28
INSERT,2026-08-28T00:00:00,2026-08-28,PT0566675,LST0566675,AG02364,LOC0228,Land,0,0.0,4198,1543,1962,2435300.0,2026-08-28,Active,,,0,0.0,0,No,No,2026-08-28,2026-08-28
INSERT,2026-08-28T00:00:00,2026-08-28,PT0566676,LST0566676,AG00152,LOC0136,Condo,5,1.0,2504,16579,1929,505100.0,2026-08-28,Active,,,0,551.71,2,No,No,2026-08-28,2026-08-28
INSERT,2026-08-28T00:00:00,2026-08-28,PT0566677,LST0566677,AG02762,LOC0206,Apartment,5,1.5,180,0,1971,26500.0,2026-08-28,Active,,,0,708.76,3,No,No,2026-08-28,2026-08-28
INSERT,2026-08-28T00:00:00,2026-08-28,PT0566678,LST0566678,AG01282,LOC0202,Single Family,2,2.5,1390,18947,2006,249700.0,2026-08-28,Active,,,0,0.0,2,No,Yes,2026-08-28,2026-08-28
INSERT,2026-08-28T00:00:00,2026-08-28,PT0566679,LST0566679,AG02523,LOC0088,Single Family,6,1.0,2418,1083,1917,227200.0,2026-08-28,Active,,,0,0.0,2,No,Yes,2026-08-28,2026-08-28
INSERT,2026-08-28T00:00:00,2026-08-28,PT0566680,LST0566680,AG02223,LOC0037,Single Family,1,3.5,2280,13745,1920,769100.0,2026-08-28,Active,,,0,0.0,0,Yes,Yes,2026-08-28,2026-08-28
INSERT,2026-08-28T00:00:00,2026-08-28,PT0566681,LST0566681,AG02742,LOC0132,Condo,3,1.5,1256,5682,1973,265200.0,2026-08-28,Active,,,0,126.06,2,No,No,2026-08-28,2026-08-28
INSERT,2026-08-28T00:00:00,2026-08-28,PT0566682,LST0566682,AG02311,LOC0142,Multi-Family,1,3.0,2826,1098,1906,837700.0,2026-08-28,Active,,,0,0.0,3,No,No,2026-08-28,2026-08-28
INSERT,2026-08-28T00:00:00,2026-08-28,PT0566683,LST0566683,AG00598,LOC0040,Single Family,6,4.5,1861,1410,2011,699800.0,2026-08-28,Active,,,0,0.0,3,No,No,2026-08-28,2026-08-28
INSERT,2026-08-28T00:00:00,2026-08-28,PT0566684,LST0566684,AG01872,LOC0175,Single Family,5,2.5,2216,8168,1936,252500.0,2026-08-28,Active,,,0,0.0,3,No,Yes,2026-08-28,2026-08-28
INSERT,2026-08-28T00:00:00,2026-08-28,PT0566685,LST0566685,AG01072,LOC0066,Land,0,0.0,5149,3493,2008,887400.0,2026-08-28,Active,,,0,0.0,0,No,No,2026-08-28,2026-08-28
INSERT,2026-08-28T00:00:00,2026-08-28,PT0566686,LST0566686,AG00251,LOC0177,Single Family,5,3.5,1186,6417,2022,191200.0,2026-08-28,Active,,,0,0.0,0,No,Yes,2026-08-28,2026-08-28
INSERT,2026-08-28T00:00:00,2026-08-28,PT0566687,LST0566687,AG02519,LOC0169,Single Family,6,1.0,1525,2835,1973,627400.0,2026-08-28,Active,,,0,0.0,3,Yes,Yes,2026-08-28,2026-08-28
INSERT,2026-08-28T00:00:00,2026-08-28,PT0566688,LST0566688,AG01655,LOC0115,Single Family,6,1.5,2684,1988,1906,432500.0,2026-08-28,Active,,,0,0.0,3,No,No,2026-08-28,2026-08-28
INSERT,2026-08-28T00:00:00,2026-08-28,PT0566689,LST0566689,AG02841,LOC0147,Condo,6,1.5,1932,3164,1902,359300.0,2026-08-28,Active,,,0,493.07,1,No,No,2026-08-28,2026-08-28
INSERT,2026-08-28T00:00:00,2026-08-28,PT0566690,LST0566690,AG02489,LOC0121,Single Family,6,1.5,1771,9920,1988,549600.0,2026-08-28,Active,,,0,0.0,2,No,Yes,2026-08-28,2026-08-28
INSERT,2026-08-28T00:00:00,2026-08-28,PT0566691,LST0566691,AG01131,LOC0133,Condo,1,4.5,1760,4347,1991,345700.0,2026-08-28,Active,,,0,524.95,0,No,No,2026-08-28,2026-08-28
INSERT,2026-08-28T00:00:00,2026-08-28,PT0566692,LST0566692,AG00187,LOC0004,Townhouse,6,4.0,2151,7399,1976,285000.0,2026-08-28,Active,,,0,539.77,3,Yes,No,2026-08-28,2026-08-28
INSERT,2026-08-28T00:00:00,2026-08-28,PT0566693,LST0566693,AG01579,LOC0247,Single Family,2,2.0,900,4554,1970,186800.0,2026-08-28,Active,,,0,0.0,1,No,Yes,2026-08-28,2026-08-28
INSERT,2026-08-28T00:00:00,2026-08-28,PT0566694,LST0566694,AG02127,LOC0014,Single Family,4,4.5,1677,5686,1959,438800.0,2026-08-28,Active,,,0,0.0,0,No,Yes,2026-08-28,2026-08-28
INSERT,2026-08-28T00:00:00,2026-08-28,PT0566695,LST0566695,AG01623,LOC0080,Townhouse,1,1.0,1357,5146,2021,425900.0,2026-08-28,Active,,,0,302.75,2,No,No,2026-08-28,2026-08-28
INSERT,2026-08-28T00:00:00,2026-08-28,PT0566696,LST0566696,AG00301,LOC0065,Townhouse,4,4.0,1681,1374,1999,407200.0,2026-08-28,Active,,,0,86.57,3,No,No,2026-08-28,2026-08-28
INSERT,2026-08-28T00:00:00,2026-08-28,PT0566697,LST0566697,AG00559,LOC0006,Townhouse,2,2.0,1274,4711,2010,187500.0,2026-08-28,Active,,,0,275.93,2,No,No,2026-08-28,2026-08-28
INSERT,2026-08-28T00:00:00,2026-08-28,PT0566698,LST0566698,AG02438,LOC0163,Townhouse,4,1.0,1467,12119,1935,511000.0,2026-08-28,Active,,,0,389.89,0,No,No,2026-08-28,2026-08-28
INSERT,2026-08-28T00:00:00,2026-08-28,PT0566699,LST0566699,AG02045,LOC0071,Apartment,6,4.0,807,0,1973,362100.0,2026-08-28,Active,,,0,728.27,3,No,No,2026-08-28,2026-08-28
INSERT,2026-08-28T00:00:00,2026-08-28,PT0566700,LST0566700,AG01351,LOC0245,Townhouse,1,2.5,1227,2302,1929,335700.0,2026-08-28,Active,,,0,116.09,1,No,No,2026-08-28,2026-08-28
INSERT,2026-08-28T00:00:00,2026-08-28,PT0566701,LST0566701,AG00158,LOC0181,Single Family,5,3.0,2353,7364,2018,669200.0,2026-08-28,Active,,,0,0.0,0,No,No,2026-08-28,2026-08-28
INSERT,2026-08-28T00:00:00,2026-08-28,PT0566702,LST0566702,AG00892,LOC0019,Condo,5,3.5,2645,3850,1930,419000.0,2026-08-28,Active,,,0,518.37,0,Yes,No,2026-08-28,2026-08-28
INSERT,2026-08-28T00:00:00,2026-08-28,PT0566703,LST0566703,AG02945,LOC0201,Apartment,5,3.0,1870,0,1958,252800.0,2026-08-28,Active,,,0,580.11,3,Yes,No,2026-08-28,2026-08-28
INSERT,2026-08-28T00:00:00,2026-08-28,PT0566704,LST0566704,AG01199,LOC0192,Condo,3,1.5,1741,12628,1941,274100.0,2026-08-28,Active,,,0,375.25,1,No,No,2026-08-28,2026-08-28
INSERT,2026-08-28T00:00:00,2026-08-28,PT0566705,LST0566705,AG02450,LOC0120,Multi-Family,6,4.0,4810,4172,1900,1275000.0,2026-08-28,Active,,,0,0.0,1,No,No,2026-08-28,2026-08-28
INSERT,2026-08-28T00:00:00,2026-08-28,PT0566706,LST0566706,AG02674,LOC0171,Condo,3,1.0,848,6147,1991,414700.0,2026-08-28,Active,,,0,302.36,2,No,No,2026-08-28,2026-08-28
INSERT,2026-08-28T00:00:00,2026-08-28,PT0566707,LST0566707,AG00838,LOC0199,Apartment,4,1.5,1091,0,1902,628700.0,2026-08-28,Active,,,0,594.95,1,No,No,2026-08-28,2026-08-28
INSERT,2026-08-28T00:00:00,2026-08-28,PT0566708,LST0566708,AG02826,LOC0023,Land,0,0.0,6601,3489,1923,1941100.0,2026-08-28,Active,,,0,0.0,0,No,No,2026-08-28,2026-08-28
INSERT,2026-08-28T00:00:00,2026-08-28,PT0566709,LST0566709,AG01768,LOC0025,Land,0,0.0,6788,7411,2000,2972100.0,2026-08-28,Active,,,0,0.0,0,No,No,2026-08-28,2026-08-28
INSERT,2026-08-28T00:00:00,2026-08-28,PT0566710,LST0566710,AG02956,LOC0018,Single Family,2,3.0,2118,2767,2005,873200.0,2026-08-28,Active,,,0,0.0,0,No,Yes,2026-08-28,2026-08-28
INSERT,2026-08-28T00:00:00,2026-08-28,PT0566711,LST0566711,AG02749,LOC0141,Land,0,0.0,8773,4230,1951,2394100.0,2026-08-28,Active,,,0,0.0,0,No,No,2026-08-28,2026-08-28
INSERT,2026-08-28T00:00:00,2026-08-28,PT0566712,LST0566712,AG02024,LOC0115,Condo,4,1.0,2005,2308,1957,259400.0,2026-08-28,Active,,,0,380.76,0,No,No,2026-08-28,2026-08-28
INSERT,2026-08-28T00:00:00,2026-08-28,PT0566713,LST0566713,AG01566,LOC0035,Single Family,5,4.5,1552,5794,2018,306600.0,2026-08-28,Active,,,0,0.0,3,No,No,2026-08-28,2026-08-28
INSERT,2026-08-28T00:00:00,2026-08-28,PT0566714,LST0566714,AG01878,LOC0244,Condo,6,4.0,1450,4804,1949,319300.0,2026-08-28,Active,,,0,323.47,3,Yes,No,2026-08-28,2026-08-28
INSERT,2026-08-28T00:00:00,2026-08-28,PT0566715,LST0566715,AG02147,LOC0089,Single Family,4,1.5,2252,6675,1906,1013600.0,2026-08-28,Active,,,0,0.0,3,Yes,No,2026-08-28,2026-08-28
INSERT,2026-08-28T00:00:00,2026-08-28,PT0566716,LST0566716,AG02547,LOC0030,Single Family,3,4.0,1579,4649,1930,568300.0,2026-08-28,Active,,,0,0.0,0,No,No,2026-08-28,2026-08-28
INSERT,2026-08-28T00:00:00,2026-08-28,PT0566717,LST0566717,AG01504,LOC0094,Single Family,1,3.0,1394,3022,2004,358900.0,2026-08-28,Active,,,0,0.0,2,No,Yes,2026-08-28,2026-08-28
INSERT,2026-08-28T00:00:00,2026-08-28,PT0566718,LST0566718,AG00417,LOC0038,Single Family,5,2.5,2342,10058,2000,388600.0,2026-08-28,Active,,,0,0.0,1,No,Yes,2026-08-28,2026-08-28
INSERT,2026-08-28T00:00:00,2026-08-28,PT0566719,LST0566719,AG02706,LOC0171,Single Family,3,1.0,2650,4565,2004,1478600.0,2026-08-28,Active,,,0,0.0,0,No,No,2026-08-28,2026-08-28
INSERT,2026-08-28T00:00:00,2026-08-28,PT0566720,LST0566720,AG01441,LOC0092,Land,0,0.0,5819,5370,1935,949500.0,2026-08-28,Active,,,0,0.0,0,No,No,2026-08-28,2026-08-28
INSERT,2026-08-28T00:00:00,2026-08-28,PT0566721,LST0566721,AG02457,LOC0250,Land,0,0.0,2772,2475,1907,820800.0,2026-08-28,Active,,,0,0.0,0,No,No,2026-08-28,2026-08-28
INSERT,2026-08-28T00:00:00,2026-08-28,PT0566722,LST0566722,AG00905,LOC0027,Single Family,6,4.0,1184,4352,1986,481500.0,2026-08-28,Active,,,0,0.0,0,No,No,2026-08-28,2026-08-28
INSERT,2026-08-28T00:00:00,2026-08-28,PT0566723,LST0566723,AG02916,LOC0167,Single Family,2,2.0,549,2679,1937,169000.0,2026-08-28,Active,,,0,0.0,3,No,Yes,2026-08-28,2026-08-28
INSERT,2026-08-28T00:00:00,2026-08-28,PT0566724,LST0566724,AG01145,LOC0171,Condo,2,3.5,1689,5354,1903,546400.0,2026-08-28,Active,,,0,143.97,0,No,No,2026-08-28,2026-08-28
INSERT,2026-08-28T00:00:00,2026-08-28,PT0566725,LST0566725,AG01544,LOC0091,Multi-Family,5,1.5,4836,1488,1993,1526600.0,2026-08-28,Active,,,0,0.0,0,No,No,2026-08-28,2026-08-28
INSERT,2026-08-28T00:00:00,2026-08-28,PT0566726,LST0566726,AG00290,LOC0009,Condo,1,2.5,2000,1922,1985,623000.0,2026-08-28,Active,,,0,742.49,2,No,No,2026-08-28,2026-08-28
INSERT,2026-08-28T00:00:00,2026-08-28,PT0566727,LST0566727,AG00510,LOC0124,Single Family,6,1.0,2951,6529,2005,1394000.0,2026-08-28,Active,,,0,0.0,3,No,Yes,2026-08-28,2026-08-28
INSERT,2026-08-28T00:00:00,2026-08-28,PT0566728,LST0566728,AG00928,LOC0211,Single Family,2,2.0,1831,3385,1931,854600.0,2026-08-28,Active,,,0,0.0,1,No,Yes,2026-08-28,2026-08-28
INSERT,2026-08-28T00:00:00,2026-08-28,PT0566729,LST0566729,AG02480,LOC0207,Single Family,5,3.5,324,1313,1907,62400.0,2026-08-28,Active,,,0,0.0,0,No,No,2026-08-28,2026-08-28
INSERT,2026-08-28T00:00:00,2026-08-28,PT0566730,LST0566730,AG01374,LOC0222,Condo,5,4.5,2288,1726,1914,566100.0,2026-08-28,Active,,,0,524.84,0,No,No,2026-08-28,2026-08-28
INSERT,2026-08-28T00:00:00,2026-08-28,PT0566731,LST0566731,AG00322,LOC0159,Townhouse,6,1.5,2476,7401,1931,388000.0,2026-08-28,Active,,,0,340.14,0,No,No,2026-08-28,2026-08-28
INSERT,2026-08-28T00:00:00,2026-08-28,PT0566732,LST0566732,AG01688,LOC0014,Single Family,3,3.5,2243,2514,1961,669300.0,2026-08-28,Active,,,0,0.0,2,No,Yes,2026-08-28,2026-08-28
INSERT,2026-08-28T00:00:00,2026-08-28,PT0566733,LST0566733,AG02130,LOC0250,Single Family,2,3.5,2171,23782,1979,613700.0,2026-08-28,Active,,,0,0.0,3,No,Yes,2026-08-28,2026-08-28
INSERT,2026-08-28T00:00:00,2026-08-28,PT0566734,LST0566734,AG01259,LOC0117,Single Family,6,3.0,938,2203,1967,528500.0,2026-08-28,Active,,,0,0.0,1,No,Yes,2026-08-28,2026-08-28
INSERT,2026-08-28T00:00:00,2026-08-28,PT0566735,LST0566735,AG02113,LOC0109,Single Family,1,3.0,3473,3303,1993,1599000.0,2026-08-28,Active,,,0,0.0,1,No,No,2026-08-28,2026-08-28
INSERT,2026-08-28T00:00:00,2026-08-28,PT0566736,LST0566736,AG00909,LOC0141,Townhouse,5,3.0,729,7130,1912,173400.0,2026-08-28,Active,,,0,472.65,2,Yes,No,2026-08-28,2026-08-28
INSERT,2026-08-28T00:00:00,2026-08-28,PT0566737,LST0566737,AG02147,LOC0168,Apartment,2,3.0,817,0,1963,386900.0,2026-08-28,Active,,,0,559.05,3,No,No,2026-08-28,2026-08-28
INSERT,2026-08-28T00:00:00,2026-08-28,PT0566738,LST0566738,AG00441,LOC0219,Multi-Family,3,2.0,3397,7011,1955,2087700.0,2026-08-28,Active,,,0,0.0,3,No,No,2026-08-28,2026-08-28
INSERT,2026-08-28T00:00:00,2026-08-28,PT0566739,LST0566739,AG00631,LOC0188,Townhouse,1,3.0,3128,1736,1993,642200.0,2026-08-28,Active,,,0,171.81,2,No,No,2026-08-28,2026-08-28
INSERT,2026-08-28T00:00:00,2026-08-28,PT0566740,LST0566740,AG00967,LOC0221,Single Family,6,2.0,1354,13045,2011,538600.0,2026-08-28,Active,,,0,0.0,1,No,No,2026-08-28,2026-08-28
INSERT,2026-08-28T00:00:00,2026-08-28,PT0566741,LST0566741,AG00983,LOC0136,Condo,1,2.5,2314,10502,1920,200800.0,2026-08-28,Active,,,0,784.49,1,No,No,2026-08-28,2026-08-28
INSERT,2026-08-28T00:00:00,2026-08-28,PT0566742,LST0566742,AG00621,LOC0117,Single Family,6,3.5,1328,3980,1950,532400.0,2026-08-28,Active,,,0,0.0,3,No,Yes,2026-08-28,2026-08-28
INSERT,2026-08-28T00:00:00,2026-08-28,PT0566743,LST0566743,AG02611,LOC0187,Single Family,5,1.0,1684,2717,1970,723400.0,2026-08-28,Active,,,0,0.0,0,Yes,Yes,2026-08-28,2026-08-28
INSERT,2026-08-28T00:00:00,2026-08-28,PT0566744,LST0566744,AG02353,LOC0154,Single Family,2,3.0,1060,8588,1920,193900.0,2026-08-28,Active,,,0,0.0,1,No,No,2026-08-28,2026-08-28
INSERT,2026-08-28T00:00:00,2026-08-28,PT0566745,LST0566745,AG02026,LOC0017,Townhouse,4,2.0,1455,1641,2016,583500.0,2026-08-28,Active,,,0,112.61,1,No,No,2026-08-28,2026-08-28
INSERT,2026-08-28T00:00:00,2026-08-28,PT0566746,LST0566746,AG02804,LOC0021,Condo,1,3.0,1882,8312,2003,337900.0,2026-08-28,Active,,,0,444.34,1,No,No,2026-08-28,2026-08-28
INSERT,2026-08-28T00:00:00,2026-08-28,PT0566747,LST0566747,AG00149,LOC0003,Condo,2,4.5,2012,2029,1983,408000.0,2026-08-28,Active,,,0,571.39,1,No,No,2026-08-28,2026-08-28
INSERT,2026-08-28T00:00:00,2026-08-28,PT0566748,LST0566748,AG00904,LOC0091,Condo,3,2.0,2117,11460,1972,724500.0,2026-08-28,Active,,,0,638.3,3,No,No,2026-08-28,2026-08-28
INSERT,2026-08-28T00:00:00,2026-08-28,PT0566749,LST0566749,AG01958,LOC0186,Single Family,5,2.0,789,7849,1966,281600.0,2026-08-28,Active,,,0,0.0,3,No,No,2026-08-28,2026-08-28
INSERT,2026-08-28T00:00:00,2026-08-28,PT0566750,LST0566750,AG01849,LOC0207,Townhouse,2,2.5,1347,1555,1960,202900.0,2026-08-28,Active,,,0,344.05,2,No,No,2026-08-28,2026-08-28
INSERT,2026-08-28T00:00:00,2026-08-28,PT0566751,LST0566751,AG00245,LOC0039,Land,0,0.0,6801,2808,1974,3400700.0,2026-08-28,Active,,,0,0.0,0,No,No,2026-08-28,2026-08-28
INSERT,2026-08-28T00:00:00,2026-08-28,PT0566752,LST0566752,AG01158,LOC0123,Single Family,4,3.0,1134,6733,1928,287000.0,2026-08-28,Active,,,0,0.0,1,No,No,2026-08-28,2026-08-28
INSERT,2026-08-28T00:00:00,2026-08-28,PT0566753,LST0566753,AG02454,LOC0185,Single Family,6,4.0,1878,2044,1981,923500.0,2026-08-28,Active,,,0,0.0,2,No,Yes,2026-08-28,2026-08-28
INSERT,2026-08-28T00:00:00,2026-08-28,PT0566754,LST0566754,AG01539,LOC0127,Single Family,4,2.5,1671,4316,1939,519300.0,2026-08-28,Active,,,0,0.0,2,No,No,2026-08-28,2026-08-28
INSERT,2026-08-28T00:00:00,2026-08-28,PT0566755,LST0566755,AG00036,LOC0079,Condo,5,1.0,1644,7008,1918,675300.0,2026-08-28,Active,,,0,479.58,1,Yes,No,2026-08-28,2026-08-28
INSERT,2026-08-28T00:00:00,2026-08-28,PT0566756,LST0566756,AG00958,LOC0207,Single Family,2,2.0,1780,1194,1988,442800.0,2026-08-28,Active,,,0,0.0,1,No,No,2026-08-28,2026-08-28
INSERT,2026-08-28T00:00:00,2026-08-28,PT0566757,LST0566757,AG00680,LOC0144,Condo,4,4.0,1096,3738,1950,334200.0,2026-08-28,Active,,,0,284.8,0,Yes,No,2026-08-28,2026-08-28
INSERT,2026-08-28T00:00:00,2026-08-28,PT0566758,LST0566758,AG00687,LOC0191,Single Family,2,4.5,2410,7816,2009,442500.0,2026-08-28,Active,,,0,0.0,1,Yes,Yes,2026-08-28,2026-08-28
INSERT,2026-08-28T00:00:00,2026-08-28,PT0566759,LST0566759,AG01638,LOC0154,Single Family,6,3.5,1571,11663,1926,312600.0,2026-08-28,Active,,,0,0.0,3,No,Yes,2026-08-28,2026-08-28
INSERT,2026-08-28T00:00:00,2026-08-28,PT0566760,LST0566760,AG00862,LOC0148,Single Family,1,2.5,1453,4604,1946,612900.0,2026-08-28,Active,,,0,0.0,0,Yes,Yes,2026-08-28,2026-08-28
INSERT,2026-08-28T00:00:00,2026-08-28,PT0566761,LST0566761,AG02887,LOC0019,Land,0,0.0,3164,1014,1926,650700.0,2026-08-28,Active,,,0,0.0,0,No,No,2026-08-28,2026-08-28
INSERT,2026-08-28T00:00:00,2026-08-28,PT0566762,LST0566762,AG00167,LOC0176,Apartment,2,1.5,980,0,2001,247300.0,2026-08-28,Active,,,0,605.89,3,No,No,2026-08-28,2026-08-28
INSERT,2026-08-28T00:00:00,2026-08-28,PT0566763,LST0566763,AG01467,LOC0069,Single Family,6,4.5,2287,3889,1903,494600.0,2026-08-28,Active,,,0,0.0,0,No,No,2026-08-28,2026-08-28
INSERT,2026-08-28T00:00:00,2026-08-28,PT0566764,LST0566764,AG00369,LOC0185,Single Family,4,4.5,2018,5234,1914,725600.0,2026-08-28,Active,,,0,0.0,1,No,No,2026-08-28,2026-08-28
INSERT,2026-08-28T00:00:00,2026-08-28,PT0566765,LST0566765,AG02373,LOC0148,Single Family,5,1.0,1465,4289,1950,267500.0,2026-08-28,Active,,,0,0.0,2,No,Yes,2026-08-28,2026-08-28
INSERT,2026-08-28T00:00:00,2026-08-28,PT0566766,LST0566766,AG02173,LOC0153,Single Family,3,4.0,2211,1983,1940,771400.0,2026-08-28,Active,,,0,0.0,0,No,No,2026-08-28,2026-08-28
INSERT,2026-08-28T00:00:00,2026-08-28,PT0566767,LST0566767,AG00650,LOC0128,Townhouse,3,2.0,2422,2674,1909,622700.0,2026-08-28,Active,,,0,642.11,0,No,No,2026-08-28,2026-08-28
INSERT,2026-08-28T00:00:00,2026-08-28,PT0566768,LST0566768,AG00748,LOC0037,Single Family,2,2.5,1456,6999,2012,366300.0,2026-08-28,Active,,,0,0.0,3,No,No,2026-08-28,2026-08-28
INSERT,2026-08-28T00:00:00,2026-08-28,PT0566769,LST0566769,AG01155,LOC0137,Single Family,1,1.5,2087,5449,1953,733600.0,2026-08-28,Active,,,0,0.0,1,No,No,2026-08-28,2026-08-28
INSERT,2026-08-28T00:00:00,2026-08-28,PT0566770,LST0566770,AG00186,LOC0098,Condo,1,3.5,1435,4785,1977,683800.0,2026-08-28,Active,,,0,684.89,1,No,No,2026-08-28,2026-08-28
INSERT,2026-08-28T00:00:00,2026-08-28,PT0566771,LST0566771,AG00191,LOC0198,Single Family,4,1.0,1145,2353,1919,139300.0,2026-08-28,Active,,,0,0.0,1,No,Yes,2026-08-28,2026-08-28
INSERT,2026-08-28T00:00:00,2026-08-28,PT0566772,LST0566772,AG00714,LOC0226,Single Family,2,1.0,2277,3450,1963,1078000.0,2026-08-28,Active,,,0,0.0,0,No,No,2026-08-28,2026-08-28
INSERT,2026-08-28T00:00:00,2026-08-28,PT0566773,LST0566773,AG00201,LOC0052,Townhouse,3,4.5,1681,1329,1924,282500.0,2026-08-28,Active,,,0,526.0,0,No,No,2026-08-28,2026-08-28
INSERT,2026-08-28T00:00:00,2026-08-28,PT0566774,LST0566774,AG00109,LOC0122,Single Family,5,1.5,3091,7896,1956,2271000.0,2026-08-28,Active,,,0,0.0,0,No,No,2026-08-28,2026-08-28
INSERT,2026-08-28T00:00:00,2026-08-28,PT0566775,LST0566775,AG01827,LOC0150,Multi-Family,4,2.5,4219,6195,1933,1606000.0,2026-08-28,Active,,,0,0.0,3,No,Yes,2026-08-28,2026-08-28
INSERT,2026-08-28T00:00:00,2026-08-28,PT0566776,LST0566776,AG00476,LOC0080,Single Family,1,3.0,1551,6693,1922,514000.0,2026-08-28,Active,,,0,0.0,2,No,No,2026-08-28,2026-08-28
INSERT,2026-08-28T00:00:00,2026-08-28,PT0566777,LST0566777,AG02324,LOC0034,Single Family,2,4.0,1389,1076,1987,855800.0,2026-08-28,Active,,,0,0.0,1,Yes,No,2026-08-28,2026-08-28
INSERT,2026-08-28T00:00:00,2026-08-28,PT0566778,LST0566778,AG02145,LOC0052,Single Family,2,4.5,2036,2142,2001,297200.0,2026-08-28,Active,,,0,0.0,1,No,No,2026-08-28,2026-08-28
INSERT,2026-08-28T00:00:00,2026-08-28,PT0566779,LST0566779,AG00678,LOC0133,Single Family,5,4.5,2044,3280,1992,387800.0,2026-08-28,Active,,,0,0.0,1,No,No,2026-08-28,2026-08-28
INSERT,2026-08-28T00:00:00,2026-08-28,PT0566780,LST0566780,AG01133,LOC0092,Single Family,4,4.0,880,1294,1993,171500.0,2026-08-28,Active,,,0,0.0,1,No,No,2026-08-28,2026-08-28
INSERT,2026-08-28T00:00:00,2026-08-28,PT0566781,LST0566781,AG01949,LOC0130,Single Family,2,3.0,2039,1844,1996,375300.0,2026-08-28,Active,,,0,0.0,3,No,Yes,2026-08-28,2026-08-28
INSERT,2026-08-28T00:00:00,2026-08-28,PT0566782,LST0566782,AG02302,LOC0177,Multi-Family,4,3.5,3139,8744,1966,1742500.0,2026-08-28,Active,,,0,0.0,1,No,No,2026-08-28,2026-08-28
INSERT,2026-08-28T00:00:00,2026-08-28,PT0566783,LST0566783,AG00577,LOC0205,Single Family,6,2.5,763,6050,1939,189100.0,2026-08-28,Active,,,0,0.0,1,Yes,Yes,2026-08-28,2026-08-28
INSERT,2026-08-28T00:00:00,2026-08-28,PT0566784,LST0566784,AG01584,LOC0118,Condo,6,2.0,1635,2099,1912,383800.0,2026-08-28,Active,,,0,759.76,3,No,No,2026-08-28,2026-08-28
INSERT,2026-08-28T00:00:00,2026-08-28,PT0566785,LST0566785,AG02699,LOC0008,Townhouse,5,3.0,300,3727,1948,12100.0,2026-08-28,Active,,,0,319.45,1,No,No,2026-08-28,2026-08-28
INSERT,2026-08-28T00:00:00,2026-08-28,PT0566786,LST0566786,AG02551,LOC0021,Condo,5,2.0,1496,2609,2006,132000.0,2026-08-28,Active,,,0,391.34,0,Yes,No,2026-08-28,2026-08-28
INSERT,2026-08-28T00:00:00,2026-08-28,PT0566787,LST0566787,AG00333,LOC0214,Townhouse,2,2.0,964,9317,1972,256500.0,2026-08-28,Active,,,0,343.56,3,Yes,No,2026-08-28,2026-08-28
INSERT,2026-08-28T00:00:00,2026-08-28,PT0566788,LST0566788,AG01494,LOC0133,Townhouse,6,3.0,1753,3019,2018,315700.0,2026-08-28,Active,,,0,253.11,1,No,No,2026-08-28,2026-08-28
INSERT,2026-08-28T00:00:00,2026-08-28,PT0566789,LST0566789,AG02826,LOC0120,Condo,4,4.5,383,1646,1909,192200.0,2026-08-28,Active,,,0,257.65,1,No,No,2026-08-28,2026-08-28
INSERT,2026-08-28T00:00:00,2026-08-28,PT0566790,LST0566790,AG02105,LOC0244,Single Family,4,1.0,1243,2382,2023,95700.0,2026-08-28,Active,,,0,0.0,3,No,Yes,2026-08-28,2026-08-28
INSERT,2026-08-28T00:00:00,2026-08-28,PT0566791,LST0566791,AG01281,LOC0187,Townhouse,4,1.5,1941,4343,1977,618500.0,2026-08-28,Active,,,0,698.0,0,No,No,2026-08-28,2026-08-28
INSERT,2026-08-28T00:00:00,2026-08-28,PT0566792,LST0566792,AG00824,LOC0114,Apartment,1,3.0,1784,0,1983,247100.0,2026-08-28,Active,,,0,188.88,3,No,No,2026-08-28,2026-08-28
INSERT,2026-08-28T00:00:00,2026-08-28,PT0566793,LST0566793,AG00358,LOC0169,Single Family,3,4.5,1813,1474,1902,572900.0,2026-08-28,Active,,,0,0.0,3,Yes,No,2026-08-28,2026-08-28
INSERT,2026-08-28T00:00:00,2026-08-28,PT0566794,LST0566794,AG02295,LOC0021,Townhouse,5,3.5,2304,12363,1921,184300.0,2026-08-28,Active,,,0,348.05,1,No,No,2026-08-28,2026-08-28
INSERT,2026-08-28T00:00:00,2026-08-28,PT0566795,LST0566795,AG01788,LOC0080,Land,0,0.0,6746,1634,2000,2107000.0,2026-08-28,Active,,,0,0.0,0,No,No,2026-08-28,2026-08-28
INSERT,2026-08-28T00:00:00,2026-08-28,PT0566796,LST0566796,AG02476,LOC0211,Condo,5,3.5,1626,1712,2004,387800.0,2026-08-28,Active,,,0,411.58,3,No,No,2026-08-28,2026-08-28
INSERT,2026-08-28T00:00:00,2026-08-28,PT0566797,LST0566797,AG01799,LOC0062,Single Family,3,4.0,1339,1538,1940,463000.0,2026-08-28,Active,,,0,0.0,0,No,No,2026-08-28,2026-08-28
INSERT,2026-08-28T00:00:00,2026-08-28,PT0566798,LST0566798,AG02471,LOC0032,Single Family,1,4.0,3523,26574,1919,426300.0,2026-08-28,Active,,,0,0.0,0,Yes,Yes,2026-08-28,2026-08-28
INSERT,2026-08-28T00:00:00,2026-08-28,PT0566799,LST0566799,AG01927,LOC0174,Condo,3,3.5,1826,8473,1966,711300.0,2026-08-28,Active,,,0,277.3,2,No,No,2026-08-28,2026-08-28
INSERT,2026-08-28T00:00:00,2026-08-28,PT0566800,LST0566800,AG00906,LOC0168,Condo,4,2.5,1815,13325,1947,544000.0,2026-08-28,Active,,,0,110.03,1,Yes,No,2026-08-28,2026-08-28
INSERT,2026-08-28T00:00:00,2026-08-28,PT0566801,LST0566801,AG01408,LOC0067,Multi-Family,2,4.5,4946,5192,1965,916100.0,2026-08-28,Active,,,0,0.0,1,No,No,2026-08-28,2026-08-28
INSERT,2026-08-28T00:00:00,2026-08-28,PT0566802,LST0566802,AG02407,LOC0137,Condo,2,4.0,2062,4164,1996,1157700.0,2026-08-28,Active,,,0,326.64,3,No,No,2026-08-28,2026-08-28
INSERT,2026-08-28T00:00:00,2026-08-28,PT0566803,LST0566803,AG02078,LOC0134,Single Family,5,1.0,761,4897,1967,157600.0,2026-08-28,Active,,,0,0.0,0,No,No,2026-08-28,2026-08-28
INSERT,2026-08-28T00:00:00,2026-08-28,PT0566804,LST0566804,AG01111,LOC0034,Condo,2,4.0,737,2673,2022,296900.0,2026-08-28,Active,,,0,779.46,1,No,No,2026-08-28,2026-08-28
INSERT,2026-08-28T00:00:00,2026-08-28,PT0566805,LST0566805,AG01745,LOC0129,Single Family,4,2.0,2825,3591,2010,1240400.0,2026-08-28,Active,,,0,0.0,1,No,No,2026-08-28,2026-08-28
INSERT,2026-08-28T00:00:00,2026-08-28,PT0566806,LST0566806,AG01434,LOC0150,Condo,1,1.5,1447,15701,1957,390500.0,2026-08-28,Active,,,0,744.76,0,No,No,2026-08-28,2026-08-28
INSERT,2026-08-28T00:00:00,2026-08-28,PT0566807,LST0566807,AG00792,LOC0035,Condo,5,2.5,1967,2921,1996,233900.0,2026-08-28,Active,,,0,144.62,0,No,No,2026-08-28,2026-08-28
INSERT,2026-08-28T00:00:00,2026-08-28,PT0566808,LST0566808,AG01831,LOC0184,Condo,1,2.5,1390,1294,1981,626700.0,2026-08-28,Active,,,0,467.79,3,No,No,2026-08-28,2026-08-28
INSERT,2026-08-28T00:00:00,2026-08-28,PT0566809,LST0566809,AG01129,LOC0021,Townhouse,2,2.0,2052,1154,1964,205400.0,2026-08-28,Active,,,0,572.73,1,No,No,2026-08-28,2026-08-28
INSERT,2026-08-28T00:00:00,2026-08-28,PT0566810,LST0566810,AG02763,LOC0043,Single Family,5,2.0,374,8078,1975,55700.0,2026-08-28,Active,,,0,0.0,3,No,No,2026-08-28,2026-08-28
INSERT,2026-08-28T00:00:00,2026-08-28,PT0566811,LST0566811,AG01433,LOC0003,Apartment,1,2.0,1054,0,1940,228800.0,2026-08-28,Active,,,0,599.45,3,No,No,2026-08-28,2026-08-28
INSERT,2026-08-28T00:00:00,2026-08-28,PT0566812,LST0566812,AG00668,LOC0093,Condo,1,4.5,1640,3013,1902,430400.0,2026-08-28,Active,,,0,183.05,3,No,No,2026-08-28,2026-08-28
INSERT,2026-08-28T00:00:00,2026-08-28,PT0566813,LST0566813,AG02616,LOC0049,Land,0,0.0,7588,3186,1968,1788100.0,2026-08-28,Active,,,0,0.0,0,No,No,2026-08-28,2026-08-28
INSERT,2026-08-28T00:00:00,2026-08-28,PT0566814,LST0566814,AG02112,LOC0106,Single Family,3,1.5,2510,4060,1998,797800.0,2026-08-28,Active,,,0,0.0,3,No,Yes,2026-08-28,2026-08-28
INSERT,2026-08-28T00:00:00,2026-08-28,PT0566815,LST0566815,AG00445,LOC0110,Single Family,2,3.5,1874,1087,2025,363600.0,2026-08-28,Active,,,0,0.0,3,No,Yes,2026-08-28,2026-08-28
INSERT,2026-08-28T00:00:00,2026-08-28,PT0566816,LST0566816,AG00111,LOC0029,Condo,3,1.5,758,2241,1923,263200.0,2026-08-28,Active,,,0,377.35,1,No,No,2026-08-28,2026-08-28
INSERT,2026-08-28T00:00:00,2026-08-28,PT0566817,LST0566817,AG01242,LOC0109,Apartment,6,2.0,1057,0,2013,154100.0,2026-08-28,Active,,,0,490.5,2,No,No,2026-08-28,2026-08-28
INSERT,2026-08-28T00:00:00,2026-08-28,PT0566818,LST0566818,AG00451,LOC0071,Condo,6,2.0,1989,1120,2018,1192300.0,2026-08-28,Active,,,0,596.4,3,No,No,2026-08-28,2026-08-28
INSERT,2026-08-28T00:00:00,2026-08-28,PT0566819,LST0566819,AG01086,LOC0137,Condo,4,2.0,1619,7403,1998,513200.0,2026-08-28,Active,,,0,522.05,3,No,No,2026-08-28,2026-08-28
INSERT,2026-08-28T00:00:00,2026-08-28,PT0566820,LST0566820,AG00340,LOC0073,Townhouse,3,4.0,1761,5614,1936,216000.0,2026-08-28,Active,,,0,333.88,1,Yes,No,2026-08-28,2026-08-28
INSERT,2026-08-28T00:00:00,2026-08-28,PT0566821,LST0566821,AG01528,LOC0155,Multi-Family,6,4.5,2741,2045,1962,703600.0,2026-08-28,Active,,,0,0.0,0,No,Yes,2026-08-28,2026-08-28
INSERT,2026-08-28T00:00:00,2026-08-28,PT0566822,LST0566822,AG01852,LOC0051,Townhouse,3,3.0,2589,9135,2000,434700.0,2026-08-28,Active,,,0,785.14,0,No,No,2026-08-28,2026-08-28
INSERT,2026-08-28T00:00:00,2026-08-28,PT0566823,LST0566823,AG00276,LOC0102,Townhouse,2,4.0,1364,4632,1981,240900.0,2026-08-28,Active,,,0,383.37,0,No,No,2026-08-28,2026-08-28
INSERT,2026-08-28T00:00:00,2026-08-28,PT0566824,LST0566824,AG00511,LOC0095,Multi-Family,3,4.5,4056,1947,1940,331300.0,2026-08-28,Active,,,0,0.0,3,No,Yes,2026-08-28,2026-08-28
INSERT,2026-08-28T00:00:00,2026-08-28,PT0566825,LST0566825,AG02851,LOC0119,Single Family,6,4.0,1600,2530,2018,521300.0,2026-08-28,Active,,,0,0.0,3,No,No,2026-08-28,2026-08-28
INSERT,2026-08-28T00:00:00,2026-08-28,PT0566826,LST0566826,AG01273,LOC0220,Condo,5,4.5,2401,1966,1939,1129400.0,2026-08-28,Active,,,0,582.81,2,No,No,2026-08-28,2026-08-28
INSERT,2026-08-28T00:00:00,2026-08-28,PT0566827,LST0566827,AG00530,LOC0123,Single Family,3,4.0,1439,13956,2012,232000.0,2026-08-28,Active,,,0,0.0,0,No,Yes,2026-08-28,2026-08-28
INSERT,2026-08-28T00:00:00,2026-08-28,PT0566828,LST0566828,AG01761,LOC0225,Condo,2,3.0,1061,3297,2001,372800.0,2026-08-28,Active,,,0,317.37,3,Yes,No,2026-08-28,2026-08-28
INSERT,2026-08-28T00:00:00,2026-08-28,PT0566829,LST0566829,AG02657,LOC0100,Single Family,4,4.0,2126,7891,1955,218100.0,2026-08-28,Active,,,0,0.0,3,No,Yes,2026-08-28,2026-08-28
INSERT,2026-08-28T00:00:00,2026-08-28,PT0566830,LST0566830,AG00539,LOC0051,Condo,6,1.0,1671,6074,2013,149300.0,2026-08-28,Active,,,0,58.21,1,Yes,No,2026-08-28,2026-08-28
INSERT,2026-08-28T00:00:00,2026-08-28,PT0566831,LST0566831,AG00826,LOC0195,Single Family,4,4.5,882,7601,2003,92600.0,2026-08-28,Active,,,0,0.0,1,No,Yes,2026-08-28,2026-08-28
INSERT,2026-08-28T00:00:00,2026-08-28,PT0566832,LST0566832,AG01812,LOC0158,Multi-Family,1,3.5,5192,2715,1948,1635500.0,2026-08-28,Active,,,0,0.0,2,No,No,2026-08-28,2026-08-28
INSERT,2026-08-28T00:00:00,2026-08-28,PT0566833,LST0566833,AG01629,LOC0178,Single Family,4,1.5,1871,10510,1982,254200.0,2026-08-28,Active,,,0,0.0,2,No,Yes,2026-08-28,2026-08-28
INSERT,2026-08-28T00:00:00,2026-08-28,PT0566834,LST0566834,AG00948,LOC0075,Single Family,1,4.5,903,14226,2023,217100.0,2026-08-28,Active,,,0,0.0,0,No,No,2026-08-28,2026-08-28
INSERT,2026-08-28T00:00:00,2026-08-28,PT0566835,LST0566835,AG00188,LOC0150,Single Family,2,4.5,1122,6160,1949,433800.0,2026-08-28,Active,,,0,0.0,2,No,No,2026-08-28,2026-08-28
INSERT,2026-08-28T00:00:00,2026-08-28,PT0566836,LST0566836,AG01083,LOC0106,Single Family,1,3.0,354,12306,1925,157100.0,2026-08-28,Active,,,0,0.0,3,No,Yes,2026-08-28,2026-08-28
INSERT,2026-08-28T00:00:00,2026-08-28,PT0566837,LST0566837,AG01633,LOC0168,Condo,1,4.5,1335,3949,2002,433600.0,2026-08-28,Active,,,0,99.62,2,No,No,2026-08-28,2026-08-28
INSERT,2026-08-28T00:00:00,2026-08-28,PT0566838,LST0566838,AG01237,LOC0233,Single Family,1,3.0,2006,3142,1909,484500.0,2026-08-28,Active,,,0,0.0,1,No,No,2026-08-28,2026-08-28
INSERT,2026-08-28T00:00:00,2026-08-28,PT0566839,LST0566839,AG00739,LOC0065,Apartment,4,4.0,1514,0,2015,208500.0,2026-08-28,Active,,,0,190.96,0,No,No,2026-08-28,2026-08-28
INSERT,2026-08-28T00:00:00,2026-08-28,PT0566840,LST0566840,AG01736,LOC0032,Single Family,5,2.0,1696,1541,1980,262200.0,2026-08-28,Active,,,0,0.0,2,No,No,2026-08-28,2026-08-28
INSERT,2026-08-28T00:00:00,2026-08-28,PT0566841,LST0566841,AG00188,LOC0229,Multi-Family,6,1.0,3600,1061,1942,710700.0,2026-08-28,Active,,,0,0.0,3,No,Yes,2026-08-28,2026-08-28
INSERT,2026-08-28T00:00:00,2026-08-28,PT0566842,LST0566842,AG01195,LOC0154,Single Family,3,1.5,1943,12176,1982,202800.0,2026-08-28,Active,,,0,0.0,1,No,No,2026-08-28,2026-08-28
INSERT,2026-08-28T00:00:00,2026-08-28,PT0566843,LST0566843,AG02117,LOC0130,Land,0,0.0,5089,5345,1973,1059600.0,2026-08-28,Active,,,0,0.0,0,No,No,2026-08-28,2026-08-28
INSERT,2026-08-28T00:00:00,2026-08-28,PT0566844,LST0566844,AG01229,LOC0215,Single Family,3,2.0,3090,13104,1987,1601000.0,2026-08-28,Active,,,0,0.0,3,Yes,Yes,2026-08-28,2026-08-28
INSERT,2026-08-28T00:00:00,2026-08-28,PT0566845,LST0566845,AG02450,LOC0040,Single Family,3,1.5,2155,1604,1995,1529800.0,2026-08-28,Active,,,0,0.0,3,No,No,2026-08-28,2026-08-28
INSERT,2026-08-28T00:00:00,2026-08-28,PT0566846,LST0566846,AG02764,LOC0040,Condo,5,1.5,1726,4090,1961,328600.0,2026-08-28,Active,,,0,505.55,3,No,No,2026-08-28,2026-08-28
INSERT,2026-08-28T00:00:00,2026-08-28,PT0566847,LST0566847,AG02852,LOC0159,Single Family,1,4.5,2276,7985,2015,231200.0,2026-08-28,Active,,,0,0.0,1,No,Yes,2026-08-28,2026-08-28
INSERT,2026-08-28T00:00:00,2026-08-28,PT0566848,LST0566848,AG01390,LOC0085,Condo,1,1.5,1835,2003,1907,434400.0,2026-08-28,Active,,,0,137.18,2,No,No,2026-08-28,2026-08-28
INSERT,2026-08-28T00:00:00,2026-08-28,PT0566849,LST0566849,AG01609,LOC0206,Single Family,3,2.0,2066,10552,1910,534900.0,2026-08-28,Active,,,0,0.0,2,No,No,2026-08-28,2026-08-28
INSERT,2026-08-28T00:00:00,2026-08-28,PT0566850,LST0566850,AG00417,LOC0156,Single Family,2,4.0,1377,2249,1929,552500.0,2026-08-28,Active,,,0,0.0,3,No,Yes,2026-08-28,2026-08-28
INSERT,2026-08-28T00:00:00,2026-08-28,PT0566851,LST0566851,AG00071,LOC0094,Single Family,2,1.5,2055,9608,1966,374200.0,2026-08-28,Active,,,0,0.0,0,Yes,Yes,2026-08-28,2026-08-28
INSERT,2026-08-28T00:00:00,2026-08-28,PT0566852,LST0566852,AG01692,LOC0029,Townhouse,5,3.5,2584,2725,1940,870600.0,2026-08-28,Active,,,0,775.21,2,Yes,No,2026-08-28,2026-08-28
INSERT,2026-08-28T00:00:00,2026-08-28,PT0566853,LST0566853,AG01727,LOC0234,Multi-Family,4,4.0,3916,2156,1965,2629100.0,2026-08-28,Active,,,0,0.0,0,Yes,No,2026-08-28,2026-08-28
INSERT,2026-08-28T00:00:00,2026-08-28,PT0566854,LST0566854,AG00944,LOC0027,Land,0,0.0,6856,1782,1953,1743800.0,2026-08-28,Active,,,0,0.0,0,No,No,2026-08-28,2026-08-28
INSERT,2026-08-28T00:00:00,2026-08-28,PT0566855,LST0566855,AG02486,LOC0073,Apartment,3,1.5,951,0,2002,372500.0,2026-08-28,Active,,,0,683.47,2,No,No,2026-08-28,2026-08-28
INSERT,2026-08-28T00:00:00,2026-08-28,PT0566856,LST0566856,AG00558,LOC0247,Condo,4,4.5,2003,6074,1921,597100.0,2026-08-28,Active,,,0,799.99,1,Yes,No,2026-08-28,2026-08-28
INSERT,2026-08-28T00:00:00,2026-08-28,PT0566857,LST0566857,AG00547,LOC0104,Single Family,6,4.5,1218,1095,1920,207500.0,2026-08-28,Active,,,0,0.0,3,No,Yes,2026-08-28,2026-08-28
INSERT,2026-08-28T00:00:00,2026-08-28,PT0566858,LST0566858,AG00270,LOC0001,Single Family,1,1.0,2442,6159,1930,305100.0,2026-08-28,Active,,,0,0.0,0,No,No,2026-08-28,2026-08-28
INSERT,2026-08-28T00:00:00,2026-08-28,PT0566859,LST0566859,AG01035,LOC0068,Single Family,6,2.0,2184,5165,2009,149400.0,2026-08-28,Active,,,0,0.0,0,Yes,Yes,2026-08-28,2026-08-28
INSERT,2026-08-28T00:00:00,2026-08-28,PT0566860,LST0566860,AG01919,LOC0039,Townhouse,2,4.0,1401,4608,2010,496200.0,2026-08-28,Active,,,0,631.7,3,No,No,2026-08-28,2026-08-28
INSERT,2026-08-28T00:00:00,2026-08-28,PT0566861,LST0566861,AG00407,LOC0121,Single Family,2,1.5,1587,5549,2006,386300.0,2026-08-28,Active,,,0,0.0,2,No,Yes,2026-08-28,2026-08-28
INSERT,2026-08-28T00:00:00,2026-08-28,PT0566862,LST0566862,AG01304,LOC0119,Townhouse,2,4.0,1027,4049,1976,389800.0,2026-08-28,Active,,,0,461.45,2,No,No,2026-08-28,2026-08-28
INSERT,2026-08-28T00:00:00,2026-08-28,PT0566863,LST0566863,AG02237,LOC0140,Townhouse,4,2.5,615,1976,1967,234000.0,2026-08-28,Active,,,0,176.49,3,No,No,2026-08-28,2026-08-28
INSERT,2026-08-28T00:00:00,2026-08-28,PT0566864,LST0566864,AG02628,LOC0078,Condo,2,2.0,2884,6210,1998,1206700.0,2026-08-28,Active,,,0,685.74,0,No,No,2026-08-28,2026-08-28
INSERT,2026-08-28T00:00:00,2026-08-28,PT0566865,LST0566865,AG02720,LOC0045,Townhouse,4,1.5,1889,11791,1983,1202300.0,2026-08-28,Active,,,0,107.96,0,No,No,2026-08-28,2026-08-28
INSERT,2026-08-28T00:00:00,2026-08-28,PT0566866,LST0566866,AG00103,LOC0093,Townhouse,6,3.0,2494,5117,1929,646000.0,2026-08-28,Active,,,0,739.9,1,Yes,No,2026-08-28,2026-08-28
INSERT,2026-08-28T00:00:00,2026-08-28,PT0566867,LST0566867,AG02579,LOC0025,Single Family,2,3.0,1143,3339,2022,160700.0,2026-08-28,Active,,,0,0.0,3,No,Yes,2026-08-28,2026-08-28
INSERT,2026-08-28T00:00:00,2026-08-28,PT0566868,LST0566868,AG02810,LOC0060,Single Family,3,4.5,1747,4106,1950,474700.0,2026-08-28,Active,,,0,0.0,2,No,Yes,2026-08-28,2026-08-28
INSERT,2026-08-28T00:00:00,2026-08-28,PT0566869,LST0566869,AG02799,LOC0175,Single Family,3,2.5,1834,2632,2023,185500.0,2026-08-28,Active,,,0,0.0,1,No,No,2026-08-28,2026-08-28
INSERT,2026-08-28T00:00:00,2026-08-28,PT0566870,LST0566870,AG02180,LOC0011,Single Family,1,4.0,2606,12865,2004,1844500.0,2026-08-28,Active,,,0,0.0,2,No,Yes,2026-08-28,2026-08-28
INSERT,2026-08-28T00:00:00,2026-08-28,PT0566871,LST0566871,AG01741,LOC0007,Single Family,5,4.5,1941,4657,1924,653400.0,2026-08-28,Active,,,0,0.0,3,No,No,2026-08-28,2026-08-28
INSERT,2026-08-28T00:00:00,2026-08-28,PT0566872,LST0566872,AG01703,LOC0008,Single Family,3,2.0,2182,4148,2006,296000.0,2026-08-28,Active,,,0,0.0,1,No,Yes,2026-08-28,2026-08-28
INSERT,2026-08-28T00:00:00,2026-08-28,PT0566873,LST0566873,AG02450,LOC0008,Townhouse,5,3.0,2421,4900,2020,77500.0,2026-08-28,Active,,,0,148.28,3,Yes,No,2026-08-28,2026-08-28
INSERT,2026-08-28T00:00:00,2026-08-28,PT0566874,LST0566874,AG01226,LOC0020,Townhouse,1,4.0,1660,7621,1955,322500.0,2026-08-28,Active,,,0,135.51,2,No,No,2026-08-28,2026-08-28
INSERT,2026-08-28T00:00:00,2026-08-28,PT0566875,LST0566875,AG01781,LOC0121,Single Family,2,4.5,1584,1462,1959,441900.0,2026-08-28,Active,,,0,0.0,0,Yes,No,2026-08-28,2026-08-28
INSERT,2026-08-28T00:00:00,2026-08-28,PT0566876,LST0566876,AG02073,LOC0121,Single Family,2,4.5,2029,2026,1966,689700.0,2026-08-28,Active,,,0,0.0,0,No,No,2026-08-28,2026-08-28
INSERT,2026-08-28T00:00:00,2026-08-28,PT0566877,LST0566877,AG02343,LOC0098,Condo,1,3.0,2630,2753,1954,1267800.0,2026-08-28,Active,,,0,409.24,1,No,No,2026-08-28,2026-08-28
INSERT,2026-08-28T00:00:00,2026-08-28,PT0566878,LST0566878,AG01216,LOC0159,Single Family,6,4.5,1682,10278,1926,154100.0,2026-08-28,Active,,,0,0.0,0,No,No,2026-08-28,2026-08-28
INSERT,2026-08-28T00:00:00,2026-08-28,PT0566879,LST0566879,AG01687,LOC0214,Single Family,2,1.0,2139,2333,1992,403100.0,2026-08-28,Active,,,0,0.0,2,No,Yes,2026-08-28,2026-08-28
INSERT,2026-08-28T00:00:00,2026-08-28,PT0566880,LST0566880,AG00391,LOC0145,Single Family,6,3.5,1891,2157,1951,571600.0,2026-08-28,Active,,,0,0.0,2,No,Yes,2026-08-28,2026-08-28
INSERT,2026-08-28T00:00:00,2026-08-28,PT0566881,LST0566881,AG00249,LOC0003,Multi-Family,1,2.0,3018,3374,1921,823500.0,2026-08-28,Active,,,0,0.0,0,Yes,No,2026-08-28,2026-08-28
INSERT,2026-08-28T00:00:00,2026-08-28,PT0566882,LST0566882,AG01564,LOC0134,Condo,1,3.5,1693,1258,1980,914100.0,2026-08-28,Active,,,0,232.21,1,Yes,No,2026-08-28,2026-08-28
INSERT,2026-08-28T00:00:00,2026-08-28,PT0566883,LST0566883,AG01658,LOC0232,Condo,5,2.0,2043,13779,2006,524900.0,2026-08-28,Active,,,0,362.6,3,Yes,No,2026-08-28,2026-08-28
INSERT,2026-08-28T00:00:00,2026-08-28,PT0566884,LST0566884,AG00311,LOC0190,Apartment,2,1.5,1339,0,1914,282000.0,2026-08-28,Active,,,0,780.35,1,No,No,2026-08-28,2026-08-28
INSERT,2026-08-28T00:00:00,2026-08-28,PT0566885,LST0566885,AG01634,LOC0185,Condo,4,4.5,1691,6806,2018,850300.0,2026-08-28,Active,,,0,457.21,1,No,No,2026-08-28,2026-08-28
INSERT,2026-08-28T00:00:00,2026-08-28,PT0566886,LST0566886,AG01138,LOC0103,Land,0,0.0,3355,3545,1953,568700.0,2026-08-28,Active,,,0,0.0,0,No,No,2026-08-28,2026-08-28
INSERT,2026-08-28T00:00:00,2026-08-28,PT0566887,LST0566887,AG00150,LOC0164,Single Family,1,1.5,2457,1351,1919,571300.0,2026-08-28,Active,,,0,0.0,1,No,Yes,2026-08-28,2026-08-28
INSERT,2026-08-28T00:00:00,2026-08-28,PT0566888,LST0566888,AG00686,LOC0039,Townhouse,6,3.0,2268,11399,2014,436900.0,2026-08-28,Active,,,0,332.99,1,No,No,2026-08-28,2026-08-28
INSERT,2026-08-28T00:00:00,2026-08-28,PT0566889,LST0566889,AG01075,LOC0048,Single Family,4,4.5,2623,4260,1981,1127000.0,2026-08-28,Active,,,0,0.0,2,No,Yes,2026-08-28,2026-08-28
INSERT,2026-08-28T00:00:00,2026-08-28,PT0566890,LST0566890,AG02052,LOC0207,Townhouse,5,3.5,2089,18881,1923,480600.0,2026-08-28,Active,,,0,693.97,2,Yes,No,2026-08-28,2026-08-28
INSERT,2026-08-28T00:00:00,2026-08-28,PT0566891,LST0566891,AG00654,LOC0132,Apartment,4,1.0,1143,0,1983,338300.0,2026-08-28,Active,,,0,53.06,2,No,No,2026-08-28,2026-08-28
INSERT,2026-08-28T00:00:00,2026-08-28,PT0566892,LST0566892,AG01639,LOC0127,Apartment,2,4.5,1502,0,1937,684000.0,2026-08-28,Active,,,0,78.45,1,No,No,2026-08-28,2026-08-28
INSERT,2026-08-28T00:00:00,2026-08-28,PT0566893,LST0566893,AG02509,LOC0088,Single Family,1,3.0,2575,16069,1937,323700.0,2026-08-28,Active,,,0,0.0,1,No,No,2026-08-28,2026-08-28
INSERT,2026-08-28T00:00:00,2026-08-28,PT0566894,LST0566894,AG01541,LOC0088,Single Family,2,2.0,2251,7829,1932,477300.0,2026-08-28,Active,,,0,0.0,0,No,Yes,2026-08-28,2026-08-28
INSERT,2026-08-28T00:00:00,2026-08-28,PT0566895,LST0566895,AG01787,LOC0141,Townhouse,6,1.0,2824,1794,1907,765200.0,2026-08-28,Active,,,0,665.05,2,No,No,2026-08-28,2026-08-28
INSERT,2026-08-28T00:00:00,2026-08-28,PT0566896,LST0566896,AG01586,LOC0021,Single Family,5,3.0,3461,2839,1933,632300.0,2026-08-28,Active,,,0,0.0,2,No,Yes,2026-08-28,2026-08-28
INSERT,2026-08-28T00:00:00,2026-08-28,PT0566897,LST0566897,AG01369,LOC0139,Condo,2,1.5,2559,4980,1928,1236500.0,2026-08-28,Active,,,0,150.08,0,No,No,2026-08-28,2026-08-28
INSERT,2026-08-28T00:00:00,2026-08-28,PT0566898,LST0566898,AG02841,LOC0245,Townhouse,5,3.5,2028,6512,1913,406500.0,2026-08-28,Active,,,0,428.43,0,No,No,2026-08-28,2026-08-28
INSERT,2026-08-28T00:00:00,2026-08-28,PT0566899,LST0566899,AG02136,LOC0035,Multi-Family,4,3.5,2495,18770,1917,311800.0,2026-08-28,Active,,,0,0.0,2,No,No,2026-08-28,2026-08-28
INSERT,2026-08-28T00:00:00,2026-08-28,PT0566900,LST0566900,AG02293,LOC0002,Apartment,4,1.5,1219,0,1923,200200.0,2026-08-28,Active,,,0,138.03,3,No,No,2026-08-28,2026-08-28
INSERT,2026-08-28T00:00:00,2026-08-28,PT0566901,LST0566901,AG00882,LOC0011,Single Family,4,2.5,2385,6810,1903,542400.0,2026-08-28,Active,,,0,0.0,1,No,No,2026-08-28,2026-08-28
INSERT,2026-08-28T00:00:00,2026-08-28,PT0566902,LST0566902,AG01947,LOC0203,Single Family,1,3.5,1374,4998,1908,185700.0,2026-08-28,Active,,,0,0.0,2,No,No,2026-08-28,2026-08-28
INSERT,2026-08-28T00:00:00,2026-08-28,PT0566903,LST0566903,AG02518,LOC0134,Townhouse,2,2.5,300,5560,1938,97100.0,2026-08-28,Active,,,0,675.64,2,No,No,2026-08-28,2026-08-28
INSERT,2026-08-28T00:00:00,2026-08-28,PT0566904,LST0566904,AG01441,LOC0228,Townhouse,5,3.0,1760,2232,1903,591500.0,2026-08-28,Active,,,0,420.72,3,No,No,2026-08-28,2026-08-28
INSERT,2026-08-28T00:00:00,2026-08-28,PT0566905,LST0566905,AG02971,LOC0194,Single Family,5,2.5,2602,3877,2018,783900.0,2026-08-28,Active,,,0,0.0,1,No,Yes,2026-08-28,2026-08-28
INSERT,2026-08-28T00:00:00,2026-08-28,PT0566906,LST0566906,AG02141,LOC0152,Single Family,6,1.5,2205,3757,2023,672300.0,2026-08-28,Active,,,0,0.0,0,No,Yes,2026-08-28,2026-08-28
INSERT,2026-08-28T00:00:00,2026-08-28,PT0566907,LST0566907,AG00150,LOC0158,Single Family,3,1.5,2565,3976,1941,500400.0,2026-08-28,Active,,,0,0.0,3,No,No,2026-08-28,2026-08-28
INSERT,2026-08-28T00:00:00,2026-08-28,PT0566908,LST0566908,AG01032,LOC0193,Single Family,2,2.5,1282,2674,1988,412900.0,2026-08-28,Active,,,0,0.0,2,No,Yes,2026-08-28,2026-08-28
INSERT,2026-08-28T00:00:00,2026-08-28,PT0566909,LST0566909,AG01421,LOC0036,Single Family,2,1.0,1982,21572,1939,932900.0,2026-08-28,Active,,,0,0.0,1,Yes,No,2026-08-28,2026-08-28
INSERT,2026-08-28T00:00:00,2026-08-28,PT0566910,LST0566910,AG02703,LOC0189,Townhouse,3,2.0,1239,2366,1927,595700.0,2026-08-28,Active,,,0,305.73,1,Yes,No,2026-08-28,2026-08-28
INSERT,2026-08-28T00:00:00,2026-08-28,PT0566911,LST0566911,AG00813,LOC0128,Single Family,1,1.0,1042,13404,1933,256600.0,2026-08-28,Active,,,0,0.0,1,No,No,2026-08-28,2026-08-28
INSERT,2026-08-28T00:00:00,2026-08-28,PT0566912,LST0566912,AG02029,LOC0068,Single Family,4,2.0,1856,2603,2002,385100.0,2026-08-28,Active,,,0,0.0,3,No,No,2026-08-28,2026-08-28
INSERT,2026-08-28T00:00:00,2026-08-28,PT0566913,LST0566913,AG01092,LOC0033,Single Family,2,4.0,2666,1503,1968,1535800.0,2026-08-28,Active,,,0,0.0,2,No,Yes,2026-08-28,2026-08-28
INSERT,2026-08-28T00:00:00,2026-08-28,PT0566914,LST0566914,AG00206,LOC0217,Multi-Family,6,3.5,3274,1033,1974,114000.0,2026-08-28,Active,,,0,0.0,2,Yes,Yes,2026-08-28,2026-08-28
INSERT,2026-08-28T00:00:00,2026-08-28,PT0566915,LST0566915,AG00512,LOC0200,Single Family,1,2.0,2622,10402,1953,1090500.0,2026-08-28,Active,,,0,0.0,0,Yes,No,2026-08-28,2026-08-28
INSERT,2026-08-28T00:00:00,2026-08-28,PT0566916,LST0566916,AG01122,LOC0155,Single Family,4,3.5,2154,2398,2009,582300.0,2026-08-28,Active,,,0,0.0,1,No,Yes,2026-08-28,2026-08-28
INSERT,2026-08-28T00:00:00,2026-08-28,PT0566917,LST0566917,AG01518,LOC0058,Apartment,3,4.0,1314,0,1978,359800.0,2026-08-28,Active,,,0,336.43,2,Yes,No,2026-08-28,2026-08-28
INSERT,2026-08-28T00:00:00,2026-08-28,PT0566918,LST0566918,AG00400,LOC0200,Single Family,4,3.0,2984,2061,1938,603400.0,2026-08-28,Active,,,0,0.0,2,No,No,2026-08-28,2026-08-28
INSERT,2026-08-28T00:00:00,2026-08-28,PT0566919,LST0566919,AG01423,LOC0197,Townhouse,6,3.0,2295,1595,1984,873400.0,2026-08-28,Active,,,0,750.92,3,No,No,2026-08-28,2026-08-28
INSERT,2026-08-28T00:00:00,2026-08-28,PT0566920,LST0566920,AG00643,LOC0180,Single Family,4,2.5,1942,7393,1914,598400.0,2026-08-28,Active,,,0,0.0,0,No,Yes,2026-08-28,2026-08-28
INSERT,2026-08-28T00:00:00,2026-08-28,PT0566921,LST0566921,AG02854,LOC0212,Single Family,4,3.5,1184,1308,1948,334600.0,2026-08-28,Active,,,0,0.0,1,No,No,2026-08-28,2026-08-28
INSERT,2026-08-28T00:00:00,2026-08-28,PT0566922,LST0566922,AG02361,LOC0187,Apartment,6,1.5,1044,0,2014,436800.0,2026-08-28,Active,,,0,591.11,1,No,No,2026-08-28,2026-08-28
INSERT,2026-08-28T00:00:00,2026-08-28,PT0566923,LST0566923,AG00028,LOC0067,Single Family,5,2.0,2188,24970,1977,456000.0,2026-08-28,Active,,,0,0.0,3,No,No,2026-08-28,2026-08-28
INSERT,2026-08-28T00:00:00,2026-08-28,PT0566924,LST0566924,AG01011,LOC0035,Condo,6,4.5,2791,5473,1953,881300.0,2026-08-28,Active,,,0,487.54,1,No,No,2026-08-28,2026-08-28
INSERT,2026-08-28T00:00:00,2026-08-28,PT0566925,LST0566925,AG00267,LOC0148,Townhouse,1,4.0,2281,2357,1946,902700.0,2026-08-28,Active,,,0,163.72,1,No,No,2026-08-28,2026-08-28
INSERT,2026-08-28T00:00:00,2026-08-28,PT0566926,LST0566926,AG02336,LOC0124,Condo,4,2.5,2331,6663,1938,793300.0,2026-08-28,Active,,,0,133.36,2,No,No,2026-08-28,2026-08-28
INSERT,2026-08-28T00:00:00,2026-08-28,PT0566927,LST0566927,AG01455,LOC0142,Multi-Family,2,1.0,2284,8531,1939,200000.0,2026-08-28,Active,,,0,0.0,3,No,No,2026-08-28,2026-08-28
INSERT,2026-08-28T00:00:00,2026-08-28,PT0566928,LST0566928,AG02291,LOC0110,Townhouse,4,1.5,932,1120,1917,103800.0,2026-08-28,Active,,,0,601.2,3,No,No,2026-08-28,2026-08-28
INSERT,2026-08-28T00:00:00,2026-08-28,PT0566929,LST0566929,AG01484,LOC0191,Townhouse,4,2.5,1250,4586,1919,185300.0,2026-08-28,Active,,,0,503.62,2,No,No,2026-08-28,2026-08-28
INSERT,2026-08-28T00:00:00,2026-08-28,PT0566930,LST0566930,AG00097,LOC0155,Single Family,6,3.0,300,1829,1901,75300.0,2026-08-28,Active,,,0,0.0,0,Yes,No,2026-08-28,2026-08-28
INSERT,2026-08-28T00:00:00,2026-08-28,PT0566931,LST0566931,AG02941,LOC0170,Single Family,6,1.0,2026,1630,1978,570500.0,2026-08-28,Active,,,0,0.0,3,No,No,2026-08-28,2026-08-28
INSERT,2026-08-28T00:00:00,2026-08-28,PT0566932,LST0566932,AG00273,LOC0149,Condo,3,4.0,2690,4578,2005,421200.0,2026-08-28,Active,,,0,728.91,2,Yes,No,2026-08-28,2026-08-28
INSERT,2026-08-28T00:00:00,2026-08-28,PT0566933,LST0566933,AG02302,LOC0241,Townhouse,6,2.0,2145,5625,1910,316000.0,2026-08-28,Active,,,0,608.7,1,Yes,No,2026-08-28,2026-08-28
INSERT,2026-08-28T00:00:00,2026-08-28,PT0566934,LST0566934,AG01050,LOC0126,Condo,1,3.0,1878,2086,1911,866900.0,2026-08-28,Active,,,0,303.87,3,No,No,2026-08-28,2026-08-28
INSERT,2026-08-28T00:00:00,2026-08-28,PT0566935,LST0566935,AG01599,LOC0246,Multi-Family,6,3.5,1676,7684,1931,428500.0,2026-08-28,Active,,,0,0.0,3,No,No,2026-08-28,2026-08-28
INSERT,2026-08-28T00:00:00,2026-08-28,PT0566936,LST0566936,AG00515,LOC0093,Townhouse,3,1.5,1423,6537,1919,231900.0,2026-08-28,Active,,,0,107.67,3,No,No,2026-08-28,2026-08-28
INSERT,2026-08-28T00:00:00,2026-08-28,PT0566937,LST0566937,AG01535,LOC0228,Multi-Family,3,3.5,3233,1123,1923,1209600.0,2026-08-28,Active,,,0,0.0,1,No,No,2026-08-28,2026-08-28
INSERT,2026-08-28T00:00:00,2026-08-28,PT0566938,LST0566938,AG00061,LOC0109,Single Family,3,1.5,1403,7144,1999,838000.0,2026-08-28,Active,,,0,0.0,3,No,Yes,2026-08-28,2026-08-28
INSERT,2026-08-28T00:00:00,2026-08-28,PT0566939,LST0566939,AG00207,LOC0044,Condo,4,1.5,2470,1092,1994,329100.0,2026-08-28,Active,,,0,428.74,2,No,No,2026-08-28,2026-08-28
INSERT,2026-08-28T00:00:00,2026-08-28,PT0566940,LST0566940,AG00190,LOC0088,Single Family,1,1.0,829,1146,1913,161700.0,2026-08-28,Active,,,0,0.0,3,No,Yes,2026-08-28,2026-08-28
INSERT,2026-08-28T00:00:00,2026-08-28,PT0566941,LST0566941,AG01877,LOC0233,Multi-Family,3,1.0,1670,2116,2009,438100.0,2026-08-28,Active,,,0,0.0,2,No,Yes,2026-08-28,2026-08-28
INSERT,2026-08-28T00:00:00,2026-08-28,PT0566942,LST0566942,AG00565,LOC0082,Townhouse,4,3.0,300,3694,1938,35500.0,2026-08-28,Active,,,0,106.1,0,No,No,2026-08-28,2026-08-28
INSERT,2026-08-28T00:00:00,2026-08-28,PT0566943,LST0566943,AG02723,LOC0050,Condo,6,3.0,1306,1799,1906,336800.0,2026-08-28,Active,,,0,648.35,2,No,No,2026-08-28,2026-08-28
INSERT,2026-08-28T00:00:00,2026-08-28,PT0566944,LST0566944,AG01121,LOC0147,Townhouse,5,4.0,716,5851,2014,107800.0,2026-08-28,Active,,,0,220.55,0,No,No,2026-08-28,2026-08-28
INSERT,2026-08-28T00:00:00,2026-08-28,PT0566945,LST0566945,AG00569,LOC0222,Single Family,5,1.5,1139,7117,1934,240700.0,2026-08-28,Active,,,0,0.0,0,No,No,2026-08-28,2026-08-28
INSERT,2026-08-28T00:00:00,2026-08-28,PT0566946,LST0566946,AG00976,LOC0076,Single Family,5,2.5,1591,2559,1911,348200.0,2026-08-28,Active,,,0,0.0,1,No,Yes,2026-08-28,2026-08-28
INSERT,2026-08-28T00:00:00,2026-08-28,PT0566947,LST0566947,AG00686,LOC0142,Land,0,0.0,7813,5187,1979,1071600.0,2026-08-28,Active,,,0,0.0,0,No,No,2026-08-28,2026-08-28
INSERT,2026-08-28T00:00:00,2026-08-28,PT0566948,LST0566948,AG02881,LOC0055,Single Family,4,4.5,2342,1576,1945,603500.0,2026-08-28,Active,,,0,0.0,3,No,No,2026-08-28,2026-08-28
INSERT,2026-08-28T00:00:00,2026-08-28,PT0566949,LST0566949,AG02498,LOC0082,Single Family,2,3.5,300,5080,2001,35800.0,2026-08-28,Active,,,0,0.0,1,No,No,2026-08-28,2026-08-28
INSERT,2026-08-28T00:00:00,2026-08-28,PT0566950,LST0566950,AG01041,LOC0241,Single Family,1,3.0,2160,2399,2022,121700.0,2026-08-28,Active,,,0,0.0,3,No,No,2026-08-28,2026-08-28
INSERT,2026-08-28T00:00:00,2026-08-28,PT0566951,LST0566951,AG00714,LOC0005,Single Family,3,4.5,2388,1329,1996,548600.0,2026-08-28,Active,,,0,0.0,1,No,Yes,2026-08-28,2026-08-28
INSERT,2026-08-28T00:00:00,2026-08-28,PT0566952,LST0566952,AG00506,LOC0043,Single Family,3,4.0,1862,2236,1945,241600.0,2026-08-28,Active,,,0,0.0,2,No,Yes,2026-08-28,2026-08-28
INSERT,2026-08-28T00:00:00,2026-08-28,PT0566953,LST0566953,AG00586,LOC0121,Single Family,4,1.0,2647,1896,1936,1275200.0,2026-08-28,Active,,,0,0.0,1,No,Yes,2026-08-28,2026-08-28
INSERT,2026-08-28T00:00:00,2026-08-28,PT0566954,LST0566954,AG00536,LOC0116,Single Family,6,4.5,1543,2763,1964,534200.0,2026-08-28,Active,,,0,0.0,3,No,No,2026-08-28,2026-08-28
INSERT,2026-08-28T00:00:00,2026-08-28,PT0566955,LST0566955,AG01368,LOC0102,Single Family,1,3.0,3386,2298,1943,1108000.0,2026-08-28,Active,,,0,0.0,2,No,No,2026-08-28,2026-08-28
INSERT,2026-08-28T00:00:00,2026-08-28,PT0566956,LST0566956,AG01486,LOC0053,Multi-Family,4,3.5,3422,3340,1995,1581900.0,2026-08-28,Active,,,0,0.0,3,No,No,2026-08-28,2026-08-28
INSERT,2026-08-28T00:00:00,2026-08-28,PT0566957,LST0566957,AG01222,LOC0021,Single Family,5,1.5,388,2038,1999,55400.0,2026-08-28,Active,,,0,0.0,3,No,Yes,2026-08-28,2026-08-28
INSERT,2026-08-28T00:00:00,2026-08-28,PT0566958,LST0566958,AG02875,LOC0001,Condo,1,2.0,542,3425,1906,124500.0,2026-08-28,Active,,,0,386.47,0,No,No,2026-08-28,2026-08-28
INSERT,2026-08-28T00:00:00,2026-08-28,PT0566959,LST0566959,AG02460,LOC0002,Condo,1,2.0,1734,1242,2000,365000.0,2026-08-28,Active,,,0,610.2,2,No,No,2026-08-28,2026-08-28
INSERT,2026-08-28T00:00:00,2026-08-28,PT0566960,LST0566960,AG01090,LOC0213,Single Family,6,4.0,300,4238,1922,34600.0,2026-08-28,Active,,,0,0.0,3,No,No,2026-08-28,2026-08-28
INSERT,2026-08-28T00:00:00,2026-08-28,PT0566961,LST0566961,AG01110,LOC0027,Single Family,4,3.0,1739,1509,1967,661400.0,2026-08-28,Active,,,0,0.0,0,No,Yes,2026-08-28,2026-08-28
INSERT,2026-08-28T00:00:00,2026-08-28,PT0566962,LST0566962,AG01413,LOC0018,Multi-Family,2,3.5,4916,3409,1907,2225500.0,2026-08-28,Active,,,0,0.0,2,No,Yes,2026-08-28,2026-08-28
INSERT,2026-08-28T00:00:00,2026-08-28,PT0566963,LST0566963,AG02853,LOC0151,Single Family,2,1.0,767,13984,1912,117300.0,2026-08-28,Active,,,0,0.0,1,No,Yes,2026-08-28,2026-08-28
INSERT,2026-08-28T00:00:00,2026-08-28,PT0566964,LST0566964,AG00329,LOC0114,Condo,5,4.0,1299,2474,1975,324500.0,2026-08-28,Active,,,0,97.48,0,Yes,No,2026-08-28,2026-08-28
INSERT,2026-08-28T00:00:00,2026-08-28,PT0566965,LST0566965,AG00554,LOC0225,Multi-Family,2,3.0,3695,1364,2009,1807700.0,2026-08-28,Active,,,0,0.0,2,No,Yes,2026-08-28,2026-08-28
INSERT,2026-08-28T00:00:00,2026-08-28,PT0566966,LST0566966,AG02365,LOC0044,Townhouse,1,2.0,300,1022,2017,117600.0,2026-08-28,Active,,,0,724.73,0,No,No,2026-08-28,2026-08-28
INSERT,2026-08-28T00:00:00,2026-08-28,PT0566967,LST0566967,AG01253,LOC0078,Townhouse,1,2.0,2298,7671,1978,1198000.0,2026-08-28,Active,,,0,543.1,0,No,No,2026-08-28,2026-08-28
INSERT,2026-08-28T00:00:00,2026-08-28,PT0566968,LST0566968,AG01103,LOC0221,Condo,2,3.0,1220,2297,2020,543400.0,2026-08-28,Active,,,0,267.77,3,No,No,2026-08-28,2026-08-28
INSERT,2026-08-28T00:00:00,2026-08-28,PT0566969,LST0566969,AG02112,LOC0197,Multi-Family,6,3.0,5302,1461,1962,2141400.0,2026-08-28,Active,,,0,0.0,3,No,Yes,2026-08-28,2026-08-28
INSERT,2026-08-28T00:00:00,2026-08-28,PT0566970,LST0566970,AG02252,LOC0144,Single Family,5,2.0,2454,6948,1981,699400.0,2026-08-28,Active,,,0,0.0,3,No,No,2026-08-28,2026-08-28
INSERT,2026-08-28T00:00:00,2026-08-28,PT0566971,LST0566971,AG01515,LOC0065,Single Family,6,2.5,2593,1400,1911,340700.0,2026-08-28,Active,,,0,0.0,0,No,No,2026-08-28,2026-08-28
INSERT,2026-08-28T00:00:00,2026-08-28,PT0566972,LST0566972,AG01049,LOC0110,Single Family,6,3.0,1765,2864,1964,509500.0,2026-08-28,Active,,,0,0.0,0,No,Yes,2026-08-28,2026-08-28
INSERT,2026-08-28T00:00:00,2026-08-28,PT0566973,LST0566973,AG01995,LOC0041,Single Family,3,4.0,1383,4419,1989,331200.0,2026-08-28,Active,,,0,0.0,2,No,No,2026-08-28,2026-08-28
INSERT,2026-08-28T00:00:00,2026-08-28,PT0566974,LST0566974,AG02716,LOC0049,Condo,3,4.0,1924,7629,1955,958300.0,2026-08-28,Active,,,0,584.26,2,No,No,2026-08-28,2026-08-28
INSERT,2026-08-28T00:00:00,2026-08-28,PT0566975,LST0566975,AG02958,LOC0242,Single Family,2,3.5,2186,16421,1975,865000.0,2026-08-28,Active,,,0,0.0,3,Yes,No,2026-08-28,2026-08-28
INSERT,2026-08-28T00:00:00,2026-08-28,PT0566976,LST0566976,AG00510,LOC0068,Single Family,4,1.0,2049,1090,1952,451200.0,2026-08-28,Active,,,0,0.0,1,No,Yes,2026-08-28,2026-08-28
INSERT,2026-08-28T00:00:00,2026-08-28,PT0566977,LST0566977,AG01149,LOC0145,Single Family,1,1.5,2951,18642,2011,1231200.0,2026-08-28,Active,,,0,0.0,3,No,Yes,2026-08-28,2026-08-28
INSERT,2026-08-28T00:00:00,2026-08-28,PT0566978,LST0566978,AG02825,LOC0114,Townhouse,1,3.0,2455,3629,1911,584200.0,2026-08-28,Active,,,0,299.08,2,No,No,2026-08-28,2026-08-28
INSERT,2026-08-28T00:00:00,2026-08-28,PT0566979,LST0566979,AG02731,LOC0183,Single Family,5,2.5,2117,10722,1910,620800.0,2026-08-28,Active,,,0,0.0,0,No,No,2026-08-28,2026-08-28
INSERT,2026-08-28T00:00:00,2026-08-28,PT0566980,LST0566980,AG02436,LOC0031,Condo,6,2.5,1381,4693,1943,429800.0,2026-08-28,Active,,,0,354.62,2,Yes,No,2026-08-28,2026-08-28
INSERT,2026-08-28T00:00:00,2026-08-28,PT0566981,LST0566981,AG00654,LOC0094,Single Family,2,3.0,3511,7304,1968,755900.0,2026-08-28,Active,,,0,0.0,1,No,Yes,2026-08-28,2026-08-28
INSERT,2026-08-28T00:00:00,2026-08-28,PT0566982,LST0566982,AG01297,LOC0040,Townhouse,5,2.5,2088,4403,1969,1228600.0,2026-08-28,Active,,,0,137.48,2,No,No,2026-08-28,2026-08-28
INSERT,2026-08-28T00:00:00,2026-08-28,PT0566983,LST0566983,AG00514,LOC0229,Townhouse,5,2.0,1497,1224,1954,200600.0,2026-08-28,Active,,,0,558.42,1,No,No,2026-08-28,2026-08-28
INSERT,2026-08-28T00:00:00,2026-08-28,PT0566984,LST0566984,AG01726,LOC0083,Multi-Family,2,3.0,1399,8942,1994,361700.0,2026-08-28,Active,,,0,0.0,2,No,No,2026-08-28,2026-08-28
INSERT,2026-08-28T00:00:00,2026-08-28,PT0566985,LST0566985,AG02982,LOC0101,Single Family,6,3.5,2419,1676,1926,1091400.0,2026-08-28,Active,,,0,0.0,0,No,Yes,2026-08-28,2026-08-28
INSERT,2026-08-28T00:00:00,2026-08-28,PT0566986,LST0566986,AG02509,LOC0145,Townhouse,4,4.0,1745,1430,1935,871900.0,2026-08-28,Active,,,0,111.8,3,No,No,2026-08-28,2026-08-28
INSERT,2026-08-28T00:00:00,2026-08-28,PT0566987,LST0566987,AG02857,LOC0056,Single Family,6,3.5,1495,1909,1940,613200.0,2026-08-28,Active,,,0,0.0,1,No,No,2026-08-28,2026-08-28
INSERT,2026-08-28T00:00:00,2026-08-28,PT0566988,LST0566988,AG01157,LOC0120,Multi-Family,5,1.0,3363,9004,1923,1217000.0,2026-08-28,Active,,,0,0.0,0,No,Yes,2026-08-28,2026-08-28
INSERT,2026-08-28T00:00:00,2026-08-28,PT0566989,LST0566989,AG02490,LOC0213,Land,0,0.0,5086,1904,1972,1103900.0,2026-08-28,Active,,,0,0.0,0,No,No,2026-08-28,2026-08-28
INSERT,2026-08-28T00:00:00,2026-08-28,PT0566990,LST0566990,AG02803,LOC0188,Single Family,3,1.0,1420,1677,1972,206700.0,2026-08-28,Active,,,0,0.0,0,No,No,2026-08-28,2026-08-28
INSERT,2026-08-28T00:00:00,2026-08-28,PT0566991,LST0566991,AG02903,LOC0157,Single Family,1,1.0,3170,1054,1913,1031900.0,2026-08-28,Active,,,0,0.0,2,Yes,No,2026-08-28,2026-08-28
INSERT,2026-08-28T00:00:00,2026-08-28,PT0566992,LST0566992,AG02065,LOC0079,Single Family,5,2.0,1786,4280,1987,486800.0,2026-08-28,Active,,,0,0.0,3,No,Yes,2026-08-28,2026-08-28
INSERT,2026-08-28T00:00:00,2026-08-28,PT0566993,LST0566993,AG00532,LOC0123,Single Family,6,2.5,1545,1425,2003,283100.0,2026-08-28,Active,,,0,0.0,2,Yes,No,2026-08-28,2026-08-28
INSERT,2026-08-28T00:00:00,2026-08-28,PT0566994,LST0566994,AG02166,LOC0152,Land,0,0.0,4192,3042,1909,1320000.0,2026-08-28,Active,,,0,0.0,0,No,No,2026-08-28,2026-08-28
INSERT,2026-08-28T00:00:00,2026-08-28,PT0566995,LST0566995,AG02059,LOC0069,Single Family,1,2.0,1470,2339,1943,262900.0,2026-08-28,Active,,,0,0.0,2,No,No,2026-08-28,2026-08-28
INSERT,2026-08-28T00:00:00,2026-08-28,PT0566996,LST0566996,AG02549,LOC0238,Multi-Family,2,3.0,3199,2988,1920,1255400.0,2026-08-28,Active,,,0,0.0,3,No,Yes,2026-08-28,2026-08-28
INSERT,2026-08-28T00:00:00,2026-08-28,PT0566997,LST0566997,AG02482,LOC0086,Condo,5,4.0,2105,2009,1901,278600.0,2026-08-28,Active,,,0,149.28,0,No,No,2026-08-28,2026-08-28
INSERT,2026-08-28T00:00:00,2026-08-28,PT0566998,LST0566998,AG02854,LOC0137,Apartment,3,1.5,1504,0,1984,119700.0,2026-08-28,Active,,,0,65.48,3,No,No,2026-08-28,2026-08-28
INSERT,2026-08-28T00:00:00,2026-08-28,PT0566999,LST0566999,AG02353,LOC0110,Townhouse,2,4.5,1693,1026,1909,434300.0,2026-08-28,Active,,,0,724.65,0,Yes,No,2026-08-28,2026-08-28
INSERT,2026-08-28T00:00:00,2026-08-28,PT0567000,LST0567000,AG01714,LOC0215,Townhouse,5,3.0,1426,3867,1939,339700.0,2026-08-28,Active,,,0,385.28,2,Yes,No,2026-08-28,2026-08-28
INSERT,2026-08-28T00:00:00,2026-08-28,PT0567001,LST0567001,AG02018,LOC0067,Multi-Family,5,4.5,591,1428,2012,42200.0,2026-08-28,Active,,,0,0.0,3,No,No,2026-08-28,2026-08-28
INSERT,2026-08-28T00:00:00,2026-08-28,PT0567002,LST0567002,AG01364,LOC0026,Single Family,3,2.0,1584,1791,1905,183400.0,2026-08-28,Active,,,0,0.0,1,No,Yes,2026-08-28,2026-08-28
INSERT,2026-08-28T00:00:00,2026-08-28,PT0567003,LST0567003,AG00223,LOC0209,Single Family,2,2.5,1710,6752,1918,499900.0,2026-08-28,Active,,,0,0.0,1,No,No,2026-08-28,2026-08-28
INSERT,2026-08-28T00:00:00,2026-08-28,PT0567004,LST0567004,AG00546,LOC0057,Single Family,1,2.0,2459,5205,1925,229200.0,2026-08-28,Active,,,0,0.0,0,No,Yes,2026-08-28,2026-08-28
INSERT,2026-08-28T00:00:00,2026-08-28,PT0567005,LST0567005,AG02263,LOC0235,Land,0,0.0,3906,4744,1932,1361200.0,2026-08-28,Active,,,0,0.0,0,No,No,2026-08-28,2026-08-28
INSERT,2026-08-28T00:00:00,2026-08-28,PT0567006,LST0567006,AG02340,LOC0151,Townhouse,3,4.0,1188,4215,1934,318100.0,2026-08-28,Active,,,0,507.67,1,No,No,2026-08-28,2026-08-28
INSERT,2026-08-28T00:00:00,2026-08-28,PT0567007,LST0567007,AG01796,LOC0233,Townhouse,6,1.0,877,5310,1985,119800.0,2026-08-28,Active,,,0,654.12,3,No,No,2026-08-28,2026-08-28
INSERT,2026-08-28T00:00:00,2026-08-28,PT0567008,LST0567008,AG01392,LOC0037,Single Family,5,3.5,1605,5341,1961,725900.0,2026-08-28,Active,,,0,0.0,1,No,No,2026-08-28,2026-08-28
INSERT,2026-08-28T00:00:00,2026-08-28,PT0567009,LST0567009,AG02726,LOC0205,Multi-Family,1,2.5,3852,2836,2022,851300.0,2026-08-28,Active,,,0,0.0,3,No,Yes,2026-08-28,2026-08-28
INSERT,2026-08-28T00:00:00,2026-08-28,PT0567010,LST0567010,AG00857,LOC0227,Apartment,6,1.0,1975,0,1931,545600.0,2026-08-28,Active,,,0,322.66,1,No,No,2026-08-28,2026-08-28
INSERT,2026-08-28T00:00:00,2026-08-28,PT0567011,LST0567011,AG00468,LOC0142,Townhouse,2,1.0,1489,1543,1938,352800.0,2026-08-28,Active,,,0,358.49,1,No,No,2026-08-28,2026-08-28
INSERT,2026-08-28T00:00:00,2026-08-28,PT0567012,LST0567012,AG00250,LOC0117,Condo,1,2.5,1636,2310,1929,880400.0,2026-08-28,Active,,,0,625.92,0,Yes,No,2026-08-28,2026-08-28
INSERT,2026-08-28T00:00:00,2026-08-28,PT0567013,LST0567013,AG01074,LOC0240,Multi-Family,5,1.0,3695,8260,2025,1133400.0,2026-08-28,Active,,,0,0.0,1,No,No,2026-08-28,2026-08-28
INSERT,2026-08-28T00:00:00,2026-08-28,PT0567014,LST0567014,AG01065,LOC0132,Condo,1,3.0,1581,3096,1955,502500.0,2026-08-28,Active,,,0,458.66,2,No,No,2026-08-28,2026-08-28
INSERT,2026-08-28T00:00:00,2026-08-28,PT0567015,LST0567015,AG02062,LOC0248,Single Family,2,2.5,2272,1250,1921,906800.0,2026-08-28,Active,,,0,0.0,0,No,No,2026-08-28,2026-08-28
INSERT,2026-08-28T00:00:00,2026-08-28,PT0567016,LST0567016,AG02247,LOC0157,Single Family,5,3.5,2325,12156,2019,1029800.0,2026-08-28,Active,,,0,0.0,2,No,Yes,2026-08-28,2026-08-28
INSERT,2026-08-28T00:00:00,2026-08-28,PT0567017,LST0567017,AG02985,LOC0141,Single Family,2,3.0,1538,10191,1951,573100.0,2026-08-28,Active,,,0,0.0,0,No,No,2026-08-28,2026-08-28
INSERT,2026-08-28T00:00:00,2026-08-28,PT0567018,LST0567018,AG01304,LOC0051,Single Family,3,3.5,3035,4078,2022,539000.0,2026-08-28,Active,,,0,0.0,3,No,No,2026-08-28,2026-08-28
INSERT,2026-08-28T00:00:00,2026-08-28,PT0567019,LST0567019,AG02725,LOC0129,Single Family,6,3.5,2424,1817,1997,504200.0,2026-08-28,Active,,,0,0.0,2,No,Yes,2026-08-28,2026-08-28
INSERT,2026-08-28T00:00:00,2026-08-28,PT0567020,LST0567020,AG02280,LOC0041,Land,0,0.0,3642,8646,2016,1364500.0,2026-08-28,Active,,,0,0.0,0,No,No,2026-08-28,2026-08-28
INSERT,2026-08-28T00:00:00,2026-08-28,PT0567021,LST0567021,AG02636,LOC0238,Townhouse,1,4.5,1591,5283,1955,367400.0,2026-08-28,Active,,,0,515.34,0,Yes,No,2026-08-28,2026-08-28
INSERT,2026-08-28T00:00:00,2026-08-28,PT0567022,LST0567022,AG02371,LOC0134,Single Family,3,1.0,2280,11323,2017,442500.0,2026-08-28,Active,,,0,0.0,0,No,No,2026-08-28,2026-08-28
INSERT,2026-08-28T00:00:00,2026-08-28,PT0567023,LST0567023,AG02422,LOC0072,Single Family,6,2.0,1897,1893,1974,237700.0,2026-08-28,Active,,,0,0.0,3,No,No,2026-08-28,2026-08-28
INSERT,2026-08-28T00:00:00,2026-08-28,PT0567024,LST0567024,AG01023,LOC0178,Apartment,2,2.0,1367,0,1930,171600.0,2026-08-28,Active,,,0,734.2,2,No,No,2026-08-28,2026-08-28
INSERT,2026-08-28T00:00:00,2026-08-28,PT0567025,LST0567025,AG02995,LOC0204,Townhouse,1,4.0,2491,7287,1969,1153600.0,2026-08-28,Active,,,0,476.62,0,No,No,2026-08-28,2026-08-28
INSERT,2026-08-28T00:00:00,2026-08-28,PT0567026,LST0567026,AG00503,LOC0217,Single Family,3,1.0,1954,2040,2014,309100.0,2026-08-28,Active,,,0,0.0,2,No,No,2026-08-28,2026-08-28
INSERT,2026-08-28T00:00:00,2026-08-28,PT0567027,LST0567027,AG00432,LOC0053,Multi-Family,2,3.5,2578,3169,1977,1133200.0,2026-08-28,Active,,,0,0.0,2,No,Yes,2026-08-28,2026-08-28
INSERT,2026-08-28T00:00:00,2026-08-28,PT0567028,LST0567028,AG00898,LOC0127,Single Family,5,2.5,2118,1691,1932,1253600.0,2026-08-28,Active,,,0,0.0,1,No,Yes,2026-08-28,2026-08-28
INSERT,2026-08-28T00:00:00,2026-08-28,PT0567029,LST0567029,AG02954,LOC0143,Condo,2,2.5,300,4541,1986,41700.0,2026-08-28,Active,,,0,385.16,1,No,No,2026-08-28,2026-08-28
INSERT,2026-08-28T00:00:00,2026-08-28,PT0567030,LST0567030,AG01865,LOC0241,Condo,5,4.0,2229,10930,1955,485700.0,2026-08-28,Active,,,0,775.18,3,No,No,2026-08-28,2026-08-28
INSERT,2026-08-28T00:00:00,2026-08-28,PT0567031,LST0567031,AG02193,LOC0104,Condo,6,2.5,1858,1469,1917,476300.0,2026-08-28,Active,,,0,329.68,2,No,No,2026-08-28,2026-08-28
INSERT,2026-08-28T00:00:00,2026-08-28,PT0567032,LST0567032,AG01798,LOC0208,Condo,4,3.0,300,4785,1900,76200.0,2026-08-28,Active,,,0,61.69,3,No,No,2026-08-28,2026-08-28
INSERT,2026-08-28T00:00:00,2026-08-28,PT0567033,LST0567033,AG01815,LOC0012,Single Family,4,4.5,803,4895,1990,308100.0,2026-08-28,Active,,,0,0.0,2,No,No,2026-08-28,2026-08-28
INSERT,2026-08-28T00:00:00,2026-08-28,PT0567034,LST0567034,AG00263,LOC0088,Land,0,0.0,1300,6007,1965,294600.0,2026-08-28,Active,,,0,0.0,0,No,No,2026-08-28,2026-08-28
INSERT,2026-08-28T00:00:00,2026-08-28,PT0567035,LST0567035,AG00153,LOC0059,Condo,2,3.5,950,5931,2012,201100.0,2026-08-28,Active,,,0,328.94,2,Yes,No,2026-08-28,2026-08-28
INSERT,2026-08-28T00:00:00,2026-08-28,PT0567036,LST0567036,AG02513,LOC0029,Single Family,2,3.0,1042,5772,1999,425100.0,2026-08-28,Active,,,0,0.0,2,No,Yes,2026-08-28,2026-08-28
INSERT,2026-08-28T00:00:00,2026-08-28,PT0567037,LST0567037,AG02284,LOC0082,Condo,3,3.5,3378,4266,2023,570300.0,2026-08-28,Active,,,0,85.55,1,No,No,2026-08-28,2026-08-28
INSERT,2026-08-28T00:00:00,2026-08-28,PT0567038,LST0567038,AG01512,LOC0206,Condo,6,3.5,862,7517,1989,369500.0,2026-08-28,Active,,,0,641.41,2,No,No,2026-08-28,2026-08-28
INSERT,2026-08-28T00:00:00,2026-08-28,PT0567039,LST0567039,AG00595,LOC0169,Townhouse,5,1.5,2277,1837,1941,1027500.0,2026-08-28,Active,,,0,568.05,0,No,No,2026-08-28,2026-08-28
INSERT,2026-08-28T00:00:00,2026-08-28,PT0567040,LST0567040,AG02426,LOC0146,Single Family,3,3.5,1980,8479,1964,336900.0,2026-08-28,Active,,,0,0.0,0,No,No,2026-08-28,2026-08-28
INSERT,2026-08-28T00:00:00,2026-08-28,PT0567041,LST0567041,AG02572,LOC0036,Multi-Family,5,2.0,2529,1511,1930,679800.0,2026-08-28,Active,,,0,0.0,0,No,No,2026-08-28,2026-08-28
INSERT,2026-08-28T00:00:00,2026-08-28,PT0567042,LST0567042,AG00585,LOC0175,Townhouse,4,2.0,2228,7132,1955,357900.0,2026-08-28,Active,,,0,621.36,1,No,No,2026-08-28,2026-08-28
INSERT,2026-08-28T00:00:00,2026-08-28,PT0567043,LST0567043,AG02586,LOC0218,Single Family,6,3.0,1495,7155,1948,551200.0,2026-08-28,Active,,,0,0.0,2,No,No,2026-08-28,2026-08-28
INSERT,2026-08-28T00:00:00,2026-08-28,PT0567044,LST0567044,AG01519,LOC0030,Single Family,3,4.5,980,9294,1907,256900.0,2026-08-28,Active,,,0,0.0,0,No,Yes,2026-08-28,2026-08-28
INSERT,2026-08-28T00:00:00,2026-08-28,PT0567045,LST0567045,AG00132,LOC0178,Single Family,2,4.0,1949,10081,2015,331900.0,2026-08-28,Active,,,0,0.0,2,No,No,2026-08-28,2026-08-28
INSERT,2026-08-28T00:00:00,2026-08-28,PT0567046,LST0567046,AG02337,LOC0045,Condo,6,4.0,1854,1379,1990,649600.0,2026-08-28,Active,,,0,551.99,2,No,No,2026-08-28,2026-08-28
INSERT,2026-08-28T00:00:00,2026-08-28,PT0567047,LST0567047,AG02495,LOC0135,Townhouse,1,4.0,2339,4045,1989,798900.0,2026-08-28,Active,,,0,659.95,1,No,No,2026-08-28,2026-08-28
INSERT,2026-08-28T00:00:00,2026-08-28,PT0567048,LST0567048,AG01598,LOC0244,Townhouse,5,3.0,2794,2654,1987,562200.0,2026-08-28,Active,,,0,298.0,3,Yes,No,2026-08-28,2026-08-28
INSERT,2026-08-28T00:00:00,2026-08-28,PT0567049,LST0567049,AG02051,LOC0096,Condo,6,2.5,3354,2345,1972,886100.0,2026-08-28,Active,,,0,460.1,1,Yes,No,2026-08-28,2026-08-28
INSERT,2026-08-28T00:00:00,2026-08-28,PT0567050,LST0567050,AG01707,LOC0108,Single Family,4,2.5,2411,6099,2022,522200.0,2026-08-28,Active,,,0,0.0,0,No,No,2026-08-28,2026-08-28
INSERT,2026-08-28T00:00:00,2026-08-28,PT0567051,LST0567051,AG01295,LOC0073,Condo,1,3.0,1835,6813,1931,657300.0,2026-08-28,Active,,,0,78.86,1,No,No,2026-08-28,2026-08-28
INSERT,2026-08-28T00:00:00,2026-08-28,PT0567052,LST0567052,AG00773,LOC0086,Single Family,4,4.0,1411,1218,1970,210500.0,2026-08-28,Active,,,0,0.0,1,No,Yes,2026-08-28,2026-08-28
INSERT,2026-08-28T00:00:00,2026-08-28,PT0567053,LST0567053,AG01452,LOC0121,Single Family,2,2.5,720,2330,1947,229500.0,2026-08-28,Active,,,0,0.0,2,No,Yes,2026-08-28,2026-08-28
INSERT,2026-08-28T00:00:00,2026-08-28,PT0567054,LST0567054,AG00055,LOC0118,Single Family,3,3.5,1723,4730,1934,237400.0,2026-08-28,Active,,,0,0.0,3,No,Yes,2026-08-28,2026-08-28
INSERT,2026-08-28T00:00:00,2026-08-28,PT0567055,LST0567055,AG00552,LOC0223,Townhouse,3,3.0,1824,5139,1926,1083500.0,2026-08-28,Active,,,0,398.82,2,No,No,2026-08-28,2026-08-28
INSERT,2026-08-28T00:00:00,2026-08-28,PT0567056,LST0567056,AG01914,LOC0167,Condo,6,4.0,2200,1476,1913,589100.0,2026-08-28,Active,,,0,268.8,3,Yes,No,2026-08-28,2026-08-28
INSERT,2026-08-28T00:00:00,2026-08-28,PT0567057,LST0567057,AG01667,LOC0076,Townhouse,5,3.5,2170,5707,1920,482400.0,2026-08-28,Active,,,0,765.64,3,No,No,2026-08-28,2026-08-28
INSERT,2026-08-28T00:00:00,2026-08-28,PT0567058,LST0567058,AG02142,LOC0208,Single Family,4,3.5,979,1721,1969,259900.0,2026-08-28,Active,,,0,0.0,1,No,No,2026-08-28,2026-08-28
INSERT,2026-08-28T00:00:00,2026-08-28,PT0567059,LST0567059,AG01926,LOC0240,Land,0,0.0,6014,6927,1953,1447800.0,2026-08-28,Active,,,0,0.0,0,No,No,2026-08-28,2026-08-28
INSERT,2026-08-28T00:00:00,2026-08-28,PT0567060,LST0567060,AG02847,LOC0076,Single Family,2,4.5,2007,1093,1920,312500.0,2026-08-28,Active,,,0,0.0,1,No,Yes,2026-08-28,2026-08-28
INSERT,2026-08-28T00:00:00,2026-08-28,PT0567061,LST0567061,AG02114,LOC0093,Single Family,1,1.5,2204,28366,1970,216100.0,2026-08-28,Active,,,0,0.0,2,No,Yes,2026-08-28,2026-08-28
INSERT,2026-08-28T00:00:00,2026-08-28,PT0567062,LST0567062,AG01966,LOC0005,Single Family,6,4.0,2133,1229,1945,1041400.0,2026-08-28,Active,,,0,0.0,0,No,Yes,2026-08-28,2026-08-28
INSERT,2026-08-28T00:00:00,2026-08-28,PT0567063,LST0567063,AG01329,LOC0238,Land,0,0.0,4881,1449,1927,355300.0,2026-08-28,Active,,,0,0.0,0,No,No,2026-08-28,2026-08-28
INSERT,2026-08-28T00:00:00,2026-08-28,PT0567064,LST0567064,AG00088,LOC0210,Single Family,5,2.5,2198,3337,2015,714500.0,2026-08-28,Active,,,0,0.0,3,Yes,No,2026-08-28,2026-08-28
INSERT,2026-08-28T00:00:00,2026-08-28,PT0567065,LST0567065,AG02938,LOC0116,Condo,3,4.5,2821,2387,2016,836700.0,2026-08-28,Active,,,0,420.89,3,No,No,2026-08-28,2026-08-28
INSERT,2026-08-28T00:00:00,2026-08-28,PT0567066,LST0567066,AG01670,LOC0138,Apartment,4,2.5,664,0,1945,59900.0,2026-08-28,Active,,,0,592.39,2,No,No,2026-08-28,2026-08-28
INSERT,2026-08-28T00:00:00,2026-08-28,PT0567067,LST0567067,AG00217,LOC0107,Townhouse,3,2.5,1241,4272,1999,268500.0,2026-08-28,Active,,,0,137.38,2,No,No,2026-08-28,2026-08-28
INSERT,2026-08-28T00:00:00,2026-08-28,PT0567068,LST0567068,AG02046,LOC0125,Townhouse,5,4.0,1899,6766,2005,586500.0,2026-08-28,Active,,,0,750.27,3,No,No,2026-08-28,2026-08-28
INSERT,2026-08-28T00:00:00,2026-08-28,PT0567069,LST0567069,AG01411,LOC0050,Condo,6,4.5,2281,12688,1939,176000.0,2026-08-28,Active,,,0,591.29,0,No,No,2026-08-28,2026-08-28
INSERT,2026-08-28T00:00:00,2026-08-28,PT0567070,LST0567070,AG01513,LOC0118,Single Family,2,3.5,1438,1290,1929,241300.0,2026-08-28,Active,,,0,0.0,0,No,No,2026-08-28,2026-08-28
INSERT,2026-08-28T00:00:00,2026-08-28,PT0567071,LST0567071,AG00025,LOC0187,Apartment,6,3.0,1647,0,1975,546100.0,2026-08-28,Active,,,0,99.96,3,Yes,No,2026-08-28,2026-08-28
INSERT,2026-08-28T00:00:00,2026-08-28,PT0567072,LST0567072,AG02506,LOC0055,Single Family,5,2.0,1621,3879,1982,305800.0,2026-08-28,Active,,,0,0.0,3,No,Yes,2026-08-28,2026-08-28
INSERT,2026-08-28T00:00:00,2026-08-28,PT0567073,LST0567073,AG02023,LOC0191,Condo,5,3.0,1457,2084,1947,702400.0,2026-08-28,Active,,,0,386.69,2,Yes,No,2026-08-28,2026-08-28
INSERT,2026-08-28T00:00:00,2026-08-28,PT0567074,LST0567074,AG02946,LOC0193,Townhouse,6,3.5,1598,7252,2003,929400.0,2026-08-28,Active,,,0,255.25,3,No,No,2026-08-28,2026-08-28
INSERT,2026-08-28T00:00:00,2026-08-28,PT0567075,LST0567075,AG01189,LOC0087,Single Family,5,3.0,2371,10603,1954,777900.0,2026-08-28,Active,,,0,0.0,0,No,No,2026-08-28,2026-08-28
INSERT,2026-08-28T00:00:00,2026-08-28,PT0567076,LST0567076,AG01885,LOC0147,Condo,2,3.0,2405,2295,1983,420500.0,2026-08-28,Active,,,0,609.44,0,No,No,2026-08-28,2026-08-28
INSERT,2026-08-28T00:00:00,2026-08-28,PT0567077,LST0567077,AG02346,LOC0241,Condo,2,2.5,580,3847,1915,40600.0,2026-08-28,Active,,,0,554.83,2,No,No,2026-08-28,2026-08-28
INSERT,2026-08-28T00:00:00,2026-08-28,PT0567078,LST0567078,AG01380,LOC0101,Townhouse,6,3.0,1545,10045,1960,583200.0,2026-08-28,Active,,,0,319.62,0,No,No,2026-08-28,2026-08-28
INSERT,2026-08-28T00:00:00,2026-08-28,PT0567079,LST0567079,AG00836,LOC0178,Single Family,5,4.5,1741,1287,1905,365100.0,2026-08-28,Active,,,0,0.0,3,No,Yes,2026-08-28,2026-08-28
INSERT,2026-08-28T00:00:00,2026-08-28,PT0567080,LST0567080,AG02582,LOC0007,Single Family,4,3.0,1845,5682,2021,574800.0,2026-08-28,Active,,,0,0.0,0,Yes,Yes,2026-08-28,2026-08-28
INSERT,2026-08-28T00:00:00,2026-08-28,PT0567081,LST0567081,AG00395,LOC0019,Single Family,1,2.5,2895,7645,1985,343200.0,2026-08-28,Active,,,0,0.0,1,No,No,2026-08-28,2026-08-28
INSERT,2026-08-28T00:00:00,2026-08-28,PT0567082,LST0567082,AG00381,LOC0189,Single Family,1,2.5,1940,5223,1967,599600.0,2026-08-28,Active,,,0,0.0,0,Yes,Yes,2026-08-28,2026-08-28
INSERT,2026-08-28T00:00:00,2026-08-28,PT0567083,LST0567083,AG02759,LOC0094,Townhouse,3,1.0,1525,3891,2000,162100.0,2026-08-28,Active,,,0,292.2,2,No,No,2026-08-28,2026-08-28
INSERT,2026-08-28T00:00:00,2026-08-28,PT0567084,LST0567084,AG00392,LOC0029,Townhouse,2,4.0,1464,2506,2015,256300.0,2026-08-28,Active,,,0,600.16,3,Yes,No,2026-08-28,2026-08-28
INSERT,2026-08-28T00:00:00,2026-08-28,PT0567085,LST0567085,AG00628,LOC0208,Single Family,1,3.0,1440,2353,1939,404400.0,2026-08-28,Active,,,0,0.0,0,No,No,2026-08-28,2026-08-28
INSERT,2026-08-28T00:00:00,2026-08-28,PT0567086,LST0567086,AG00463,LOC0192,Townhouse,3,2.0,2553,5215,1994,552500.0,2026-08-28,Active,,,0,342.04,3,No,No,2026-08-28,2026-08-28
INSERT,2026-08-28T00:00:00,2026-08-28,PT0567087,LST0567087,AG01040,LOC0008,Single Family,6,2.5,2087,1195,1931,140800.0,2026-08-28,Active,,,0,0.0,2,No,No,2026-08-28,2026-08-28
INSERT,2026-08-28T00:00:00,2026-08-28,PT0567088,LST0567088,AG02762,LOC0043,Single Family,1,4.5,2942,3953,1967,638900.0,2026-08-28,Active,,,0,0.0,3,No,No,2026-08-28,2026-08-28
INSERT,2026-08-28T00:00:00,2026-08-28,PT0567089,LST0567089,AG02286,LOC0145,Townhouse,3,3.0,2648,2010,2002,1040900.0,2026-08-28,Active,,,0,638.73,1,Yes,No,2026-08-28,2026-08-28
INSERT,2026-08-28T00:00:00,2026-08-28,PT0567090,LST0567090,AG00250,LOC0181,Townhouse,5,3.0,442,1255,1939,87600.0,2026-08-28,Active,,,0,321.43,2,No,No,2026-08-28,2026-08-28
INSERT,2026-08-28T00:00:00,2026-08-28,PT0567091,LST0567091,AG01516,LOC0020,Single Family,4,1.0,2126,4416,1947,364300.0,2026-08-28,Active,,,0,0.0,3,Yes,Yes,2026-08-28,2026-08-28
INSERT,2026-08-28T00:00:00,2026-08-28,PT0567092,LST0567092,AG01477,LOC0077,Single Family,5,1.5,1351,1192,1908,348100.0,2026-08-28,Active,,,0,0.0,2,No,Yes,2026-08-28,2026-08-28
INSERT,2026-08-28T00:00:00,2026-08-28,PT0567093,LST0567093,AG01533,LOC0138,Single Family,6,4.5,1436,4062,2011,590100.0,2026-08-28,Active,,,0,0.0,3,No,No,2026-08-28,2026-08-28
INSERT,2026-08-28T00:00:00,2026-08-28,PT0567094,LST0567094,AG00914,LOC0072,Single Family,6,1.0,1911,2378,1936,238100.0,2026-08-28,Active,,,0,0.0,3,Yes,No,2026-08-28,2026-08-28
INSERT,2026-08-28T00:00:00,2026-08-28,PT0567095,LST0567095,AG02928,LOC0218,Townhouse,3,4.0,1359,2896,1935,524200.0,2026-08-28,Active,,,0,627.72,1,No,No,2026-08-28,2026-08-28
INSERT,2026-08-28T00:00:00,2026-08-28,PT0567096,LST0567096,AG00957,LOC0150,Apartment,1,3.5,683,0,1952,237100.0,2026-08-28,Active,,,0,300.17,0,Yes,No,2026-08-28,2026-08-28
INSERT,2026-08-28T00:00:00,2026-08-28,PT0567097,LST0567097,AG00874,LOC0103,Single Family,2,2.0,1347,1414,1994,289400.0,2026-08-28,Active,,,0,0.0,0,No,Yes,2026-08-28,2026-08-28
INSERT,2026-08-28T00:00:00,2026-08-28,PT0567098,LST0567098,AG01737,LOC0086,Multi-Family,6,1.0,2150,2142,2001,373500.0,2026-08-28,Active,,,0,0.0,1,No,No,2026-08-28,2026-08-28
INSERT,2026-08-28T00:00:00,2026-08-28,PT0567099,LST0567099,AG01776,LOC0229,Condo,5,4.0,2812,3525,1957,666700.0,2026-08-28,Active,,,0,266.15,2,Yes,No,2026-08-28,2026-08-28
INSERT,2026-08-28T00:00:00,2026-08-28,PT0567100,LST0567100,AG01642,LOC0098,Condo,2,2.5,2685,13299,1902,907300.0,2026-08-28,Active,,,0,294.52,0,No,No,2026-08-28,2026-08-28
INSERT,2026-08-28T00:00:00,2026-08-28,PT0567101,LST0567101,AG01541,LOC0248,Single Family,3,4.5,1671,2650,1951,257700.0,2026-08-28,Active,,,0,0.0,0,No,Yes,2026-08-28,2026-08-28
INSERT,2026-08-28T00:00:00,2026-08-28,PT0567102,LST0567102,AG00968,LOC0086,Condo,3,3.5,1156,3552,1960,161000.0,2026-08-28,Active,,,0,334.32,3,Yes,No,2026-08-28,2026-08-28
INSERT,2026-08-28T00:00:00,2026-08-28,PT0567103,LST0567103,AG02979,LOC0165,Single Family,1,2.5,300,6836,1954,99200.0,2026-08-28,Active,,,0,0.0,1,No,Yes,2026-08-28,2026-08-28
INSERT,2026-08-28T00:00:00,2026-08-28,PT0567104,LST0567104,AG01475,LOC0211,Townhouse,4,4.5,2197,9574,1928,1136300.0,2026-08-28,Active,,,0,278.19,3,No,No,2026-08-28,2026-08-28
INSERT,2026-08-28T00:00:00,2026-08-28,PT0567105,LST0567105,AG00384,LOC0232,Condo,3,3.0,1708,8524,1910,293500.0,2026-08-28,Active,,,0,580.16,2,No,No,2026-08-28,2026-08-28
INSERT,2026-08-28T00:00:00,2026-08-28,PT0567106,LST0567106,AG02807,LOC0194,Townhouse,3,1.0,2020,7311,1957,815500.0,2026-08-28,Active,,,0,387.07,0,No,No,2026-08-28,2026-08-28
INSERT,2026-08-28T00:00:00,2026-08-28,PT0567107,LST0567107,AG01752,LOC0003,Multi-Family,2,1.0,5556,2983,1994,1036100.0,2026-08-28,Active,,,0,0.0,3,No,No,2026-08-28,2026-08-28
INSERT,2026-08-28T00:00:00,2026-08-28,PT0567108,LST0567108,AG02806,LOC0071,Single Family,5,4.0,1599,1859,1993,589200.0,2026-08-28,Active,,,0,0.0,1,Yes,Yes,2026-08-28,2026-08-28
INSERT,2026-08-28T00:00:00,2026-08-28,PT0567109,LST0567109,AG02494,LOC0160,Single Family,1,1.0,1812,11670,1923,381900.0,2026-08-28,Active,,,0,0.0,3,No,Yes,2026-08-28,2026-08-28
INSERT,2026-08-28T00:00:00,2026-08-28,PT0567110,LST0567110,AG02496,LOC0092,Single Family,4,2.0,1452,1037,1961,280200.0,2026-08-28,Active,,,0,0.0,3,No,Yes,2026-08-28,2026-08-28
INSERT,2026-08-28T00:00:00,2026-08-28,PT0567111,LST0567111,AG01818,LOC0225,Condo,4,4.5,1416,3986,1939,397100.0,2026-08-28,Active,,,0,349.32,2,No,No,2026-08-28,2026-08-28
INSERT,2026-08-28T00:00:00,2026-08-28,PT0567112,LST0567112,AG02108,LOC0178,Single Family,6,3.0,2008,1757,1924,480200.0,2026-08-28,Active,,,0,0.0,0,No,No,2026-08-28,2026-08-28
INSERT,2026-08-28T00:00:00,2026-08-28,PT0567113,LST0567113,AG01847,LOC0153,Land,0,0.0,7443,2861,1935,2439800.0,2026-08-28,Active,,,0,0.0,0,No,No,2026-08-28,2026-08-28
INSERT,2026-08-28T00:00:00,2026-08-28,PT0567114,LST0567114,AG01303,LOC0005,Townhouse,5,1.0,2339,4226,1930,1139000.0,2026-08-28,Active,,,0,242.17,0,No,No,2026-08-28,2026-08-28
INSERT,2026-08-28T00:00:00,2026-08-28,PT0567115,LST0567115,AG00904,LOC0242,Single Family,6,2.5,1259,2236,1943,193000.0,2026-08-28,Active,,,0,0.0,2,No,Yes,2026-08-28,2026-08-28
INSERT,2026-08-28T00:00:00,2026-08-28,PT0567116,LST0567116,AG02618,LOC0107,Single Family,2,3.0,2287,8309,1960,673100.0,2026-08-28,Active,,,0,0.0,1,No,Yes,2026-08-28,2026-08-28
INSERT,2026-08-28T00:00:00,2026-08-28,PT0567117,LST0567117,AG00079,LOC0123,Single Family,5,2.5,1734,3394,1977,581700.0,2026-08-28,Active,,,0,0.0,3,No,No,2026-08-28,2026-08-28
INSERT,2026-08-28T00:00:00,2026-08-28,PT0567118,LST0567118,AG01451,LOC0192,Townhouse,6,4.5,988,3032,1942,209100.0,2026-08-28,Active,,,0,616.1,2,No,No,2026-08-28,2026-08-28
INSERT,2026-08-28T00:00:00,2026-08-28,PT0567119,LST0567119,AG00538,LOC0067,Condo,5,1.0,1783,2375,1992,248000.0,2026-08-28,Active,,,0,551.61,2,Yes,No,2026-08-28,2026-08-28
INSERT,2026-08-28T00:00:00,2026-08-28,PT0567120,LST0567120,AG01121,LOC0204,Condo,5,4.5,2842,1932,2015,1492100.0,2026-08-28,Active,,,0,572.21,0,Yes,No,2026-08-28,2026-08-28
INSERT,2026-08-28T00:00:00,2026-08-28,PT0567121,LST0567121,AG01148,LOC0052,Single Family,6,3.0,2092,7357,2012,496200.0,2026-08-28,Active,,,0,0.0,0,No,No,2026-08-28,2026-08-28
INSERT,2026-08-28T00:00:00,2026-08-28,PT0567122,LST0567122,AG00305,LOC0081,Condo,5,1.0,1057,5116,1987,288000.0,2026-08-28,Active,,,0,295.38,0,No,No,2026-08-28,2026-08-28
INSERT,2026-08-28T00:00:00,2026-08-28,PT0567123,LST0567123,AG02751,LOC0140,Single Family,4,1.5,893,8188,1995,205900.0,2026-08-28,Active,,,0,0.0,2,No,Yes,2026-08-28,2026-08-28
INSERT,2026-08-28T00:00:00,2026-08-28,PT0567124,LST0567124,AG00705,LOC0231,Single Family,5,1.5,2594,4619,1975,607400.0,2026-08-28,Active,,,0,0.0,3,No,No,2026-08-28,2026-08-28
INSERT,2026-08-28T00:00:00,2026-08-28,PT0567125,LST0567125,AG01944,LOC0059,Multi-Family,4,3.5,2190,14752,2016,314300.0,2026-08-28,Active,,,0,0.0,0,No,Yes,2026-08-28,2026-08-28
INSERT,2026-08-28T00:00:00,2026-08-28,PT0567126,LST0567126,AG01368,LOC0086,Townhouse,6,3.0,1989,2356,1921,364600.0,2026-08-28,Active,,,0,537.38,1,No,No,2026-08-28,2026-08-28
INSERT,2026-08-28T00:00:00,2026-08-28,PT0567127,LST0567127,AG02474,LOC0115,Single Family,4,1.5,1685,2849,1948,558500.0,2026-08-28,Active,,,0,0.0,0,No,No,2026-08-28,2026-08-28
INSERT,2026-08-28T00:00:00,2026-08-28,PT0567128,LST0567128,AG01822,LOC0127,Apartment,3,4.0,1322,0,1906,481300.0,2026-08-28,Active,,,0,318.61,2,Yes,No,2026-08-28,2026-08-28
INSERT,2026-08-28T00:00:00,2026-08-28,PT0567129,LST0567129,AG01682,LOC0020,Single Family,2,1.5,977,2570,1980,288300.0,2026-08-28,Active,,,0,0.0,3,No,No,2026-08-28,2026-08-28
INSERT,2026-08-28T00:00:00,2026-08-28,PT0567130,LST0567130,AG02014,LOC0083,Single Family,6,2.0,1917,7809,1979,704800.0,2026-08-28,Active,,,0,0.0,1,Yes,No,2026-08-28,2026-08-28
INSERT,2026-08-28T00:00:00,2026-08-28,PT0567131,LST0567131,AG00792,LOC0081,Condo,5,1.5,1819,2390,1969,819100.0,2026-08-28,Active,,,0,438.46,1,No,No,2026-08-28,2026-08-28
INSERT,2026-08-28T00:00:00,2026-08-28,PT0567132,LST0567132,AG00714,LOC0038,Single Family,2,3.0,1367,4334,1991,567400.0,2026-08-28,Active,,,0,0.0,2,No,No,2026-08-28,2026-08-28
INSERT,2026-08-28T00:00:00,2026-08-28,PT0567133,LST0567133,AG02321,LOC0194,Single Family,5,2.5,1847,7760,1932,1136000.0,2026-08-28,Active,,,0,0.0,1,No,Yes,2026-08-28,2026-08-28
INSERT,2026-08-28T00:00:00,2026-08-28,PT0567134,LST0567134,AG01270,LOC0246,Apartment,2,3.5,1262,0,2019,147000.0,2026-08-28,Active,,,0,84.69,0,No,No,2026-08-28,2026-08-28
INSERT,2026-08-28T00:00:00,2026-08-28,PT0567135,LST0567135,AG01143,LOC0157,Apartment,2,3.0,960,0,1960,247800.0,2026-08-28,Active,,,0,434.27,3,No,No,2026-08-28,2026-08-28
INSERT,2026-08-28T00:00:00,2026-08-28,PT0567136,LST0567136,AG01863,LOC0139,Condo,5,2.0,3212,3036,1972,457700.0,2026-08-28,Active,,,0,359.98,1,No,No,2026-08-28,2026-08-28
INSERT,2026-08-28T00:00:00,2026-08-28,PT0567137,LST0567137,AG01010,LOC0189,Condo,2,3.0,2516,6866,1982,567100.0,2026-08-28,Active,,,0,743.18,0,No,No,2026-08-28,2026-08-28
INSERT,2026-08-28T00:00:00,2026-08-28,PT0567138,LST0567138,AG00074,LOC0001,Single Family,6,3.0,2237,1372,1948,368200.0,2026-08-28,Active,,,0,0.0,1,No,No,2026-08-28,2026-08-28
INSERT,2026-08-28T00:00:00,2026-08-28,PT0567139,LST0567139,AG01542,LOC0052,Single Family,2,1.0,2349,11629,1932,427300.0,2026-08-28,Active,,,0,0.0,1,No,Yes,2026-08-28,2026-08-28
INSERT,2026-08-28T00:00:00,2026-08-28,PT0567140,LST0567140,AG01092,LOC0035,Single Family,1,2.5,1737,3888,2017,215100.0,2026-08-28,Active,,,0,0.0,0,No,No,2026-08-28,2026-08-28
INSERT,2026-08-28T00:00:00,2026-08-28,PT0567141,LST0567141,AG01381,LOC0008,Land,0,0.0,6850,1156,1947,874300.0,2026-08-28,Active,,,0,0.0,0,No,No,2026-08-28,2026-08-28
INSERT,2026-08-28T00:00:00,2026-08-28,PT0567142,LST0567142,AG01745,LOC0110,Single Family,2,3.5,951,1506,2020,342500.0,2026-08-28,Active,,,0,0.0,3,No,Yes,2026-08-28,2026-08-28
INSERT,2026-08-28T00:00:00,2026-08-28,PT0567143,LST0567143,AG01574,LOC0187,Condo,5,2.5,1798,2599,2013,495200.0,2026-08-28,Active,,,0,631.34,1,No,No,2026-08-28,2026-08-28
INSERT,2026-08-28T00:00:00,2026-08-28,PT0567144,LST0567144,AG02624,LOC0049,Townhouse,5,2.5,1992,1741,1912,665300.0,2026-08-28,Active,,,0,713.62,0,No,No,2026-08-28,2026-08-28
INSERT,2026-08-28T00:00:00,2026-08-28,PT0567145,LST0567145,AG00814,LOC0121,Condo,2,4.0,2646,6284,1934,976200.0,2026-08-28,Active,,,0,460.59,3,No,No,2026-08-28,2026-08-28
INSERT,2026-08-28T00:00:00,2026-08-28,PT0567146,LST0567146,AG01640,LOC0152,Condo,2,4.0,2391,2958,1954,821800.0,2026-08-28,Active,,,0,59.37,0,No,No,2026-08-28,2026-08-28
INSERT,2026-08-28T00:00:00,2026-08-28,PT0567147,LST0567147,AG00204,LOC0184,Condo,2,3.0,1496,5499,2019,469000.0,2026-08-28,Active,,,0,328.04,0,No,No,2026-08-28,2026-08-28
INSERT,2026-08-28T00:00:00,2026-08-28,PT0567148,LST0567148,AG02176,LOC0230,Condo,1,4.5,631,7057,1990,190300.0,2026-08-28,Active,,,0,775.08,3,No,No,2026-08-28,2026-08-28
INSERT,2026-08-28T00:00:00,2026-08-28,PT0567149,LST0567149,AG01429,LOC0084,Single Family,2,4.5,1591,3960,2000,202600.0,2026-08-28,Active,,,0,0.0,2,No,No,2026-08-28,2026-08-28
INSERT,2026-08-28T00:00:00,2026-08-28,PT0567150,LST0567150,AG00852,LOC0159,Condo,5,2.5,2190,9801,1965,432200.0,2026-08-28,Active,,,0,67.55,2,No,No,2026-08-28,2026-08-28
INSERT,2026-08-28T00:00:00,2026-08-28,PT0567151,LST0567151,AG01283,LOC0160,Single Family,5,2.5,2906,6575,1929,554700.0,2026-08-28,Active,,,0,0.0,1,No,No,2026-08-28,2026-08-28
INSERT,2026-08-28T00:00:00,2026-08-28,PT0567152,LST0567152,AG01713,LOC0203,Single Family,6,3.0,827,7277,1987,43500.0,2026-08-28,Active,,,0,0.0,1,No,No,2026-08-28,2026-08-28
INSERT,2026-08-28T00:00:00,2026-08-28,PT0567153,LST0567153,AG00520,LOC0238,Single Family,2,4.5,2029,6773,2004,754700.0,2026-08-28,Active,,,0,0.0,2,No,Yes,2026-08-28,2026-08-28
INSERT,2026-08-28T00:00:00,2026-08-28,PT0567154,LST0567154,AG02105,LOC0233,Single Family,1,4.0,1965,13152,1965,781800.0,2026-08-28,Active,,,0,0.0,3,No,No,2026-08-28,2026-08-28
INSERT,2026-08-28T00:00:00,2026-08-28,PT0567155,LST0567155,AG01451,LOC0078,Single Family,2,4.0,1442,4451,1964,523700.0,2026-08-28,Active,,,0,0.0,2,No,No,2026-08-28,2026-08-28
INSERT,2026-08-28T00:00:00,2026-08-28,PT0567156,LST0567156,AG02849,LOC0173,Multi-Family,5,3.0,4695,12397,1941,1957800.0,2026-08-28,Active,,,0,0.0,2,No,Yes,2026-08-28,2026-08-28
INSERT,2026-08-28T00:00:00,2026-08-28,PT0567157,LST0567157,AG02293,LOC0202,Townhouse,1,4.0,1810,3378,1994,448200.0,2026-08-28,Active,,,0,332.48,0,No,No,2026-08-28,2026-08-28
INSERT,2026-08-28T00:00:00,2026-08-28,PT0567158,LST0567158,AG02746,LOC0095,Townhouse,1,2.0,1960,3205,1982,494500.0,2026-08-28,Active,,,0,731.94,3,No,No,2026-08-28,2026-08-28
INSERT,2026-08-28T00:00:00,2026-08-28,PT0567159,LST0567159,AG01153,LOC0002,Single Family,3,3.5,2406,3453,1960,665300.0,2026-08-28,Active,,,0,0.0,0,Yes,Yes,2026-08-28,2026-08-28
INSERT,2026-08-28T00:00:00,2026-08-28,PT0567160,LST0567160,AG00994,LOC0209,Multi-Family,4,2.0,5082,6520,1962,1810900.0,2026-08-28,Active,,,0,0.0,1,No,Yes,2026-08-28,2026-08-28
INSERT,2026-08-28T00:00:00,2026-08-28,PT0567161,LST0567161,AG01888,LOC0243,Apartment,3,2.0,712,0,2019,213100.0,2026-08-28,Active,,,0,432.96,0,No,No,2026-08-28,2026-08-28
INSERT,2026-08-28T00:00:00,2026-08-28,PT0567162,LST0567162,AG01769,LOC0159,Single Family,5,2.5,594,1135,1926,52600.0,2026-08-28,Active,,,0,0.0,2,No,Yes,2026-08-28,2026-08-28
INSERT,2026-08-28T00:00:00,2026-08-28,PT0567163,LST0567163,AG01085,LOC0188,Condo,3,3.5,693,5674,1976,217600.0,2026-08-28,Active,,,0,564.35,0,Yes,No,2026-08-28,2026-08-28
INSERT,2026-08-28T00:00:00,2026-08-28,PT0567164,LST0567164,AG02173,LOC0026,Single Family,4,1.0,2090,5067,2007,704200.0,2026-08-28,Active,,,0,0.0,0,Yes,No,2026-08-28,2026-08-28
INSERT,2026-08-28T00:00:00,2026-08-28,PT0567165,LST0567165,AG00837,LOC0195,Single Family,1,2.0,1174,9062,1955,360500.0,2026-08-28,Active,,,0,0.0,2,No,Yes,2026-08-28,2026-08-28
INSERT,2026-08-28T00:00:00,2026-08-28,PT0567166,LST0567166,AG01459,LOC0046,Single Family,6,4.5,2289,4286,1966,652900.0,2026-08-28,Active,,,0,0.0,0,No,Yes,2026-08-28,2026-08-28
INSERT,2026-08-28T00:00:00,2026-08-28,PT0567167,LST0567167,AG02413,LOC0228,Townhouse,6,3.5,3515,2090,2006,1172800.0,2026-08-28,Active,,,0,456.11,2,No,No,2026-08-28,2026-08-28
INSERT,2026-08-28T00:00:00,2026-08-28,PT0567168,LST0567168,AG02177,LOC0005,Single Family,2,4.0,2837,3780,2018,581900.0,2026-08-28,Active,,,0,0.0,3,No,No,2026-08-28,2026-08-28
INSERT,2026-08-28T00:00:00,2026-08-28,PT0567169,LST0567169,AG00594,LOC0069,Townhouse,3,2.0,2078,5850,1928,563100.0,2026-08-28,Active,,,0,288.81,0,No,No,2026-08-28,2026-08-28
INSERT,2026-08-28T00:00:00,2026-08-28,PT0567170,LST0567170,AG02988,LOC0008,Land,0,0.0,10214,10429,2001,2071000.0,2026-08-28,Active,,,0,0.0,0,No,No,2026-08-28,2026-08-28
INSERT,2026-08-28T00:00:00,2026-08-28,PT0567171,LST0567171,AG02196,LOC0100,Single Family,5,2.5,458,5449,1989,80800.0,2026-08-28,Active,,,0,0.0,0,No,Yes,2026-08-28,2026-08-28
INSERT,2026-08-28T00:00:00,2026-08-28,PT0567172,LST0567172,AG01001,LOC0193,Single Family,2,2.5,1257,6933,1966,530500.0,2026-08-28,Active,,,0,0.0,0,Yes,No,2026-08-28,2026-08-28
INSERT,2026-08-28T00:00:00,2026-08-28,PT0567173,LST0567173,AG02190,LOC0216,Condo,6,1.5,1495,1874,1968,141400.0,2026-08-28,Active,,,0,788.58,1,No,No,2026-08-28,2026-08-28
INSERT,2026-08-28T00:00:00,2026-08-28,PT0567174,LST0567174,AG01871,LOC0101,Townhouse,6,2.5,2297,9156,1919,918400.0,2026-08-28,Active,,,0,230.53,3,No,No,2026-08-28,2026-08-28
INSERT,2026-08-28T00:00:00,2026-08-28,PT0567175,LST0567175,AG01222,LOC0073,Single Family,2,2.5,1316,1203,1929,686300.0,2026-08-28,Active,,,0,0.0,1,No,No,2026-08-28,2026-08-28
INSERT,2026-08-28T00:00:00,2026-08-28,PT0567176,LST0567176,AG00516,LOC0244,Single Family,6,3.5,2244,5141,1961,240200.0,2026-08-28,Active,,,0,0.0,0,No,Yes,2026-08-28,2026-08-28
INSERT,2026-08-28T00:00:00,2026-08-28,PT0567177,LST0567177,AG01621,LOC0146,Single Family,6,1.0,1685,2618,1992,389900.0,2026-08-28,Active,,,0,0.0,3,No,Yes,2026-08-28,2026-08-28
INSERT,2026-08-28T00:00:00,2026-08-28,PT0567178,LST0567178,AG01672,LOC0198,Townhouse,2,4.5,469,3160,1909,46000.0,2026-08-28,Active,,,0,126.22,1,No,No,2026-08-28,2026-08-28
INSERT,2026-08-28T00:00:00,2026-08-28,PT0567179,LST0567179,AG02600,LOC0019,Single Family,5,2.5,2068,1860,1989,439900.0,2026-08-28,Active,,,0,0.0,0,Yes,No,2026-08-28,2026-08-28
INSERT,2026-08-28T00:00:00,2026-08-28,PT0567180,LST0567180,AG00507,LOC0231,Condo,4,2.0,2152,7530,1997,444100.0,2026-08-28,Active,,,0,101.03,1,No,No,2026-08-28,2026-08-28
INSERT,2026-08-28T00:00:00,2026-08-28,PT0567181,LST0567181,AG01500,LOC0055,Townhouse,4,4.5,1936,4219,1973,334400.0,2026-08-28,Active,,,0,640.26,2,No,No,2026-08-28,2026-08-28
INSERT,2026-08-28T00:00:00,2026-08-28,PT0567182,LST0567182,AG02805,LOC0032,Apartment,3,2.0,1316,0,2023,203100.0,2026-08-28,Active,,,0,229.29,3,No,No,2026-08-28,2026-08-28
INSERT,2026-08-28T00:00:00,2026-08-28,PT0567183,LST0567183,AG00151,LOC0181,Single Family,6,3.0,1413,2057,1914,322600.0,2026-08-28,Active,,,0,0.0,0,No,Yes,2026-08-28,2026-08-28
INSERT,2026-08-28T00:00:00,2026-08-28,PT0567184,LST0567184,AG01260,LOC0201,Townhouse,5,4.5,1867,2824,1912,428200.0,2026-08-28,Active,,,0,419.21,1,Yes,No,2026-08-28,2026-08-28
INSERT,2026-08-28T00:00:00,2026-08-28,PT0567185,LST0567185,AG02635,LOC0084,Single Family,4,3.5,2325,1306,1945,739100.0,2026-08-28,Active,,,0,0.0,0,No,No,2026-08-28,2026-08-28
INSERT,2026-08-28T00:00:00,2026-08-28,PT0567186,LST0567186,AG02895,LOC0047,Multi-Family,4,3.0,6137,1685,1928,2723000.0,2026-08-28,Active,,,0,0.0,3,No,Yes,2026-08-28,2026-08-28
INSERT,2026-08-28T00:00:00,2026-08-28,PT0567187,LST0567187,AG02155,LOC0143,Single Family,5,4.0,1555,4713,1930,124600.0,2026-08-28,Active,,,0,0.0,0,No,No,2026-08-28,2026-08-28
INSERT,2026-08-28T00:00:00,2026-08-28,PT0567188,LST0567188,AG00059,LOC0210,Single Family,2,3.0,1521,3621,1946,354600.0,2026-08-28,Active,,,0,0.0,2,No,No,2026-08-28,2026-08-28
INSERT,2026-08-28T00:00:00,2026-08-28,PT0567189,LST0567189,AG00468,LOC0071,Single Family,2,2.0,1241,6870,1940,524000.0,2026-08-28,Active,,,0,0.0,0,No,Yes,2026-08-28,2026-08-28
INSERT,2026-08-28T00:00:00,2026-08-28,PT0567190,LST0567190,AG01113,LOC0114,Apartment,3,1.0,1180,0,1961,235400.0,2026-08-28,Active,,,0,225.73,1,Yes,No,2026-08-28,2026-08-28
INSERT,2026-08-28T00:00:00,2026-08-28,PT0567191,LST0567191,AG00652,LOC0222,Land,0,0.0,4107,2530,1957,648100.0,2026-08-28,Active,,,0,0.0,0,No,No,2026-08-28,2026-08-28
INSERT,2026-08-28T00:00:00,2026-08-28,PT0567192,LST0567192,AG00509,LOC0058,Condo,3,4.0,1386,5064,1932,452800.0,2026-08-28,Active,,,0,551.12,1,No,No,2026-08-28,2026-08-28
INSERT,2026-08-28T00:00:00,2026-08-28,PT0567193,LST0567193,AG00310,LOC0056,Condo,3,3.0,2795,5108,1970,483300.0,2026-08-28,Active,,,0,305.91,3,No,No,2026-08-28,2026-08-28
INSERT,2026-08-28T00:00:00,2026-08-28,PT0567194,LST0567194,AG01362,LOC0140,Single Family,6,3.0,2421,3043,1934,1210300.0,2026-08-28,Active,,,0,0.0,2,No,Yes,2026-08-28,2026-08-28
INSERT,2026-08-28T00:00:00,2026-08-28,PT0567195,LST0567195,AG01336,LOC0071,Single Family,5,4.0,349,3139,2014,146300.0,2026-08-28,Active,,,0,0.0,3,Yes,No,2026-08-28,2026-08-28
INSERT,2026-08-28T00:00:00,2026-08-28,PT0567196,LST0567196,AG00059,LOC0177,Townhouse,2,3.0,2646,2949,2010,780200.0,2026-08-28,Active,,,0,323.19,2,No,No,2026-08-28,2026-08-28
INSERT,2026-08-28T00:00:00,2026-08-28,PT0567197,LST0567197,AG00573,LOC0015,Apartment,3,1.5,1186,0,1914,361400.0,2026-08-28,Active,,,0,392.78,1,Yes,No,2026-08-28,2026-08-28
INSERT,2026-08-28T00:00:00,2026-08-28,PT0567198,LST0567198,AG01173,LOC0014,Townhouse,6,2.5,1820,10852,1961,284500.0,2026-08-28,Active,,,0,324.78,0,No,No,2026-08-28,2026-08-28
INSERT,2026-08-28T00:00:00,2026-08-28,PT0567199,LST0567199,AG01433,LOC0063,Townhouse,5,1.5,2456,3820,1969,1598900.0,2026-08-28,Active,,,0,517.55,3,No,No,2026-08-28,2026-08-28
INSERT,2026-08-28T00:00:00,2026-08-28,PT0567200,LST0567200,AG02080,LOC0002,Single Family,6,4.5,2170,3565,1965,736400.0,2026-08-28,Active,,,0,0.0,1,Yes,No,2026-08-28,2026-08-28
INSERT,2026-08-28T00:00:00,2026-08-28,PT0567201,LST0567201,AG00668,LOC0075,Townhouse,6,2.5,1732,1603,1959,248200.0,2026-08-28,Active,,,0,332.23,3,No,No,2026-08-28,2026-08-28
INSERT,2026-08-28T00:00:00,2026-08-28,PT0567202,LST0567202,AG01567,LOC0017,Condo,3,4.5,1599,1398,1998,751500.0,2026-08-28,Active,,,0,472.58,1,No,No,2026-08-28,2026-08-28
INSERT,2026-08-28T00:00:00,2026-08-28,PT0567203,LST0567203,AG02995,LOC0003,Multi-Family,3,2.0,4283,8167,1964,637100.0,2026-08-28,Active,,,0,0.0,1,No,No,2026-08-28,2026-08-28
INSERT,2026-08-28T00:00:00,2026-08-28,PT0567204,LST0567204,AG02259,LOC0100,Condo,2,2.5,3021,3069,1930,410000.0,2026-08-28,Active,,,0,331.5,1,Yes,No,2026-08-28,2026-08-28
INSERT,2026-08-28T00:00:00,2026-08-28,PT0567205,LST0567205,AG02701,LOC0190,Multi-Family,3,4.5,4083,2276,1985,599400.0,2026-08-28,Active,,,0,0.0,3,No,Yes,2026-08-28,2026-08-28
INSERT,2026-08-28T00:00:00,2026-08-28,PT0567206,LST0567206,AG02770,LOC0156,Single Family,2,3.5,2838,5965,1980,772000.0,2026-08-28,Active,,,0,0.0,1,No,Yes,2026-08-28,2026-08-28
INSERT,2026-08-28T00:00:00,2026-08-28,PT0567207,LST0567207,AG00132,LOC0218,Apartment,4,2.0,458,0,1957,80900.0,2026-08-28,Active,,,0,668.71,0,Yes,No,2026-08-28,2026-08-28
INSERT,2026-08-28T00:00:00,2026-08-28,PT0567208,LST0567208,AG02120,LOC0002,Single Family,4,4.0,3108,1668,2025,726700.0,2026-08-28,Active,,,0,0.0,1,No,No,2026-08-28,2026-08-28
INSERT,2026-08-28T00:00:00,2026-08-28,PT0567209,LST0567209,AG02415,LOC0188,Multi-Family,3,4.5,740,4424,1980,142900.0,2026-08-28,Active,,,0,0.0,2,No,No,2026-08-28,2026-08-28
INSERT,2026-08-28T00:00:00,2026-08-28,PT0567210,LST0567210,AG00379,LOC0223,Townhouse,5,2.0,2080,5108,1992,876500.0,2026-08-28,Active,,,0,603.31,3,Yes,No,2026-08-28,2026-08-28
INSERT,2026-08-28T00:00:00,2026-08-28,PT0567211,LST0567211,AG00777,LOC0087,Condo,1,3.5,1432,3063,1919,684700.0,2026-08-28,Active,,,0,415.53,1,No,No,2026-08-28,2026-08-28
INSERT,2026-08-28T00:00:00,2026-08-28,PT0567212,LST0567212,AG01571,LOC0052,Single Family,2,2.0,2025,1055,1992,445300.0,2026-08-28,Active,,,0,0.0,2,No,No,2026-08-28,2026-08-28
INSERT,2026-08-28T00:00:00,2026-08-28,PT0567213,LST0567213,AG02408,LOC0149,Single Family,2,4.5,2300,1389,1972,656900.0,2026-08-28,Active,,,0,0.0,2,No,Yes,2026-08-28,2026-08-28
INSERT,2026-08-28T00:00:00,2026-08-28,PT0567214,LST0567214,AG00357,LOC0119,Multi-Family,4,2.0,5811,5161,2022,2032400.0,2026-08-28,Active,,,0,0.0,3,No,No,2026-08-28,2026-08-28
INSERT,2026-08-28T00:00:00,2026-08-28,PT0567215,LST0567215,AG01811,LOC0070,Single Family,2,4.5,1424,2453,2023,433600.0,2026-08-28,Active,,,0,0.0,0,No,Yes,2026-08-28,2026-08-28
INSERT,2026-08-28T00:00:00,2026-08-28,PT0567216,LST0567216,AG01318,LOC0129,Single Family,2,4.0,2017,14894,1941,272200.0,2026-08-28,Active,,,0,0.0,3,No,Yes,2026-08-28,2026-08-28
INSERT,2026-08-28T00:00:00,2026-08-28,PT0567217,LST0567217,AG00080,LOC0034,Townhouse,6,1.5,1199,4639,1980,178600.0,2026-08-28,Active,,,0,439.74,3,Yes,No,2026-08-28,2026-08-28
INSERT,2026-08-28T00:00:00,2026-08-28,PT0567218,LST0567218,AG00845,LOC0219,Townhouse,3,3.0,2153,2235,1911,823200.0,2026-08-28,Active,,,0,191.91,1,Yes,No,2026-08-28,2026-08-28
INSERT,2026-08-28T00:00:00,2026-08-28,PT0567219,LST0567219,AG02596,LOC0106,Condo,1,2.5,1165,1621,1951,479700.0,2026-08-28,Active,,,0,670.06,1,Yes,No,2026-08-28,2026-08-28
INSERT,2026-08-28T00:00:00,2026-08-28,PT0567220,LST0567220,AG01354,LOC0046,Multi-Family,5,2.5,4595,2687,1941,941900.0,2026-08-28,Active,,,0,0.0,0,No,No,2026-08-28,2026-08-28
INSERT,2026-08-28T00:00:00,2026-08-28,PT0567221,LST0567221,AG00336,LOC0071,Multi-Family,1,4.0,3505,1709,1938,1713300.0,2026-08-28,Active,,,0,0.0,2,Yes,No,2026-08-28,2026-08-28
INSERT,2026-08-28T00:00:00,2026-08-28,PT0567222,LST0567222,AG01190,LOC0247,Single Family,4,4.0,1305,1228,2016,263400.0,2026-08-28,Active,,,0,0.0,2,No,No,2026-08-28,2026-08-28
INSERT,2026-08-28T00:00:00,2026-08-28,PT0567223,LST0567223,AG02201,LOC0051,Single Family,2,3.0,1563,7826,1950,139400.0,2026-08-28,Active,,,0,0.0,3,No,No,2026-08-28,2026-08-28
INSERT,2026-08-28T00:00:00,2026-08-28,PT0567224,LST0567224,AG00548,LOC0017,Apartment,3,2.5,1198,0,2013,565400.0,2026-08-28,Active,,,0,627.85,0,No,No,2026-08-28,2026-08-28
INSERT,2026-08-28T00:00:00,2026-08-28,PT0567225,LST0567225,AG00880,LOC0059,Townhouse,5,2.0,577,2839,1956,128600.0,2026-08-28,Active,,,0,473.1,3,No,No,2026-08-28,2026-08-28
INSERT,2026-08-28T00:00:00,2026-08-28,PT0567226,LST0567226,AG00929,LOC0099,Multi-Family,2,4.0,1755,12323,1920,841900.0,2026-08-28,Active,,,0,0.0,0,No,Yes,2026-08-28,2026-08-28
INSERT,2026-08-28T00:00:00,2026-08-28,PT0567227,LST0567227,AG01408,LOC0003,Single Family,3,2.5,1966,15852,1907,336800.0,2026-08-28,Active,,,0,0.0,3,No,Yes,2026-08-28,2026-08-28
INSERT,2026-08-28T00:00:00,2026-08-28,PT0567228,LST0567228,AG01951,LOC0246,Condo,6,4.0,2621,1216,2012,206300.0,2026-08-28,Active,,,0,388.01,3,No,No,2026-08-28,2026-08-28
INSERT,2026-08-28T00:00:00,2026-08-28,PT0567229,LST0567229,AG01236,LOC0162,Condo,2,2.0,1741,1216,1985,277600.0,2026-08-28,Active,,,0,203.29,1,Yes,No,2026-08-28,2026-08-28
INSERT,2026-08-28T00:00:00,2026-08-28,PT0567230,LST0567230,AG00116,LOC0193,Single Family,3,3.0,2028,4848,1917,573600.0,2026-08-28,Active,,,0,0.0,2,No,No,2026-08-28,2026-08-28
INSERT,2026-08-28T00:00:00,2026-08-28,PT0567231,LST0567231,AG00860,LOC0187,Apartment,3,2.5,829,0,1933,386000.0,2026-08-28,Active,,,0,647.98,1,No,No,2026-08-28,2026-08-28
INSERT,2026-08-28T00:00:00,2026-08-28,PT0567232,LST0567232,AG00165,LOC0125,Townhouse,5,2.5,1951,4539,1905,693200.0,2026-08-28,Active,,,0,341.62,2,Yes,No,2026-08-28,2026-08-28
INSERT,2026-08-28T00:00:00,2026-08-28,PT0567233,LST0567233,AG00929,LOC0106,Townhouse,5,1.0,1773,9521,1943,529100.0,2026-08-28,Active,,,0,380.86,0,No,No,2026-08-28,2026-08-28
INSERT,2026-08-28T00:00:00,2026-08-28,PT0567234,LST0567234,AG01833,LOC0153,Single Family,2,1.0,1163,10645,1974,318000.0,2026-08-28,Active,,,0,0.0,2,No,No,2026-08-28,2026-08-28
INSERT,2026-08-28T00:00:00,2026-08-28,PT0567235,LST0567235,AG00128,LOC0148,Single Family,6,2.5,1730,3453,1904,479700.0,2026-08-28,Active,,,0,0.0,0,No,Yes,2026-08-28,2026-08-28
INSERT,2026-08-28T00:00:00,2026-08-28,PT0567236,LST0567236,AG00181,LOC0005,Townhouse,4,4.5,1341,1124,1920,463700.0,2026-08-28,Active,,,0,625.63,3,No,No,2026-08-28,2026-08-28
INSERT,2026-08-28T00:00:00,2026-08-28,PT0567237,LST0567237,AG02202,LOC0102,Single Family,1,2.5,1651,1478,1963,507100.0,2026-08-28,Active,,,0,0.0,1,No,Yes,2026-08-28,2026-08-28
INSERT,2026-08-28T00:00:00,2026-08-28,PT0567238,LST0567238,AG00746,LOC0222,Single Family,1,1.5,1377,10149,1917,465900.0,2026-08-28,Active,,,0,0.0,3,No,No,2026-08-28,2026-08-28
INSERT,2026-08-28T00:00:00,2026-08-28,PT0567239,LST0567239,AG00476,LOC0131,Condo,3,4.5,3020,1085,1936,622200.0,2026-08-28,Active,,,0,632.41,3,No,No,2026-08-28,2026-08-28
INSERT,2026-08-28T00:00:00,2026-08-28,PT0567240,LST0567240,AG00001,LOC0087,Multi-Family,6,3.0,3229,1634,1988,981200.0,2026-08-28,Active,,,0,0.0,3,No,No,2026-08-28,2026-08-28
INSERT,2026-08-28T00:00:00,2026-08-28,PT0567241,LST0567241,AG00817,LOC0068,Multi-Family,1,3.5,3421,2348,1963,1109300.0,2026-08-28,Active,,,0,0.0,2,No,Yes,2026-08-28,2026-08-28
INSERT,2026-08-28T00:00:00,2026-08-28,PT0567242,LST0567242,AG02282,LOC0186,Condo,2,1.0,2504,2472,1902,802900.0,2026-08-28,Active,,,0,115.32,1,No,No,2026-08-28,2026-08-28
INSERT,2026-08-28T00:00:00,2026-08-28,PT0567243,LST0567243,AG02274,LOC0169,Townhouse,2,1.0,1392,8786,1991,241200.0,2026-08-28,Active,,,0,499.91,3,Yes,No,2026-08-28,2026-08-28
INSERT,2026-08-28T00:00:00,2026-08-28,PT0567244,LST0567244,AG01829,LOC0202,Townhouse,2,4.0,3130,1273,1908,986400.0,2026-08-28,Active,,,0,346.79,0,No,No,2026-08-28,2026-08-28
INSERT,2026-08-28T00:00:00,2026-08-28,PT0567245,LST0567245,AG01068,LOC0227,Condo,3,1.0,2327,1540,2015,345300.0,2026-08-28,Active,,,0,559.77,1,No,No,2026-08-28,2026-08-28
INSERT,2026-08-28T00:00:00,2026-08-28,PT0567246,LST0567246,AG00857,LOC0192,Condo,2,4.5,2638,17476,1937,895900.0,2026-08-28,Active,,,0,192.72,2,No,No,2026-08-28,2026-08-28
INSERT,2026-08-28T00:00:00,2026-08-28,PT0567247,LST0567247,AG00143,LOC0164,Multi-Family,5,4.0,5061,7616,1925,1164300.0,2026-08-28,Active,,,0,0.0,0,No,No,2026-08-28,2026-08-28
INSERT,2026-08-28T00:00:00,2026-08-28,PT0567248,LST0567248,AG02270,LOC0099,Condo,2,1.0,2126,2335,1963,753600.0,2026-08-28,Active,,,0,656.65,1,No,No,2026-08-28,2026-08-28
INSERT,2026-08-28T00:00:00,2026-08-28,PT0567249,LST0567249,AG02734,LOC0209,Multi-Family,4,1.0,4211,3669,1962,1334200.0,2026-08-28,Active,,,0,0.0,2,No,Yes,2026-08-28,2026-08-28
INSERT,2026-08-28T00:00:00,2026-08-28,PT0567250,LST0567250,AG00710,LOC0140,Single Family,1,4.5,1616,8363,1947,719600.0,2026-08-28,Active,,,0,0.0,0,No,Yes,2026-08-28,2026-08-28
INSERT,2026-08-28T00:00:00,2026-08-28,PT0567251,LST0567251,AG02635,LOC0047,Condo,1,1.0,1424,5912,1946,288100.0,2026-08-28,Active,,,0,595.72,1,No,No,2026-08-28,2026-08-28
INSERT,2026-08-28T00:00:00,2026-08-28,PT0567252,LST0567252,AG02306,LOC0103,Condo,4,1.0,1323,3462,2010,267400.0,2026-08-28,Active,,,0,796.99,3,No,No,2026-08-28,2026-08-28
INSERT,2026-08-28T00:00:00,2026-08-28,PT0567253,LST0567253,AG00917,LOC0131,Single Family,1,2.5,2254,6098,1953,354600.0,2026-08-28,Active,,,0,0.0,0,No,No,2026-08-28,2026-08-28
INSERT,2026-08-28T00:00:00,2026-08-28,PT0567254,LST0567254,AG02630,LOC0054,Townhouse,3,3.5,2492,2467,1976,379100.0,2026-08-28,Active,,,0,604.3,2,No,No,2026-08-28,2026-08-28
INSERT,2026-08-28T00:00:00,2026-08-28,PT0567255,LST0567255,AG00928,LOC0097,Single Family,4,3.5,1973,3706,1965,492100.0,2026-08-28,Active,,,0,0.0,2,No,Yes,2026-08-28,2026-08-28
INSERT,2026-08-28T00:00:00,2026-08-28,PT0567256,LST0567256,AG00590,LOC0224,Condo,5,3.0,2817,1010,1953,552800.0,2026-08-28,Active,,,0,299.51,2,No,No,2026-08-28,2026-08-28
INSERT,2026-08-28T00:00:00,2026-08-28,PT0567257,LST0567257,AG00195,LOC0211,Townhouse,6,2.0,1541,5910,1949,672700.0,2026-08-28,Active,,,0,153.2,3,No,No,2026-08-28,2026-08-28
INSERT,2026-08-28T00:00:00,2026-08-28,PT0567258,LST0567258,AG02908,LOC0114,Apartment,5,4.0,1211,0,1926,221200.0,2026-08-28,Active,,,0,542.31,2,Yes,No,2026-08-28,2026-08-28
INSERT,2026-08-28T00:00:00,2026-08-28,PT0567259,LST0567259,AG00393,LOC0210,Single Family,5,4.0,2478,2697,1954,1181500.0,2026-08-28,Active,,,0,0.0,1,No,No,2026-08-28,2026-08-28
INSERT,2026-08-28T00:00:00,2026-08-28,PT0567260,LST0567260,AG02260,LOC0207,Land,0,0.0,5198,2261,1916,400500.0,2026-08-28,Active,,,0,0.0,0,No,No,2026-08-28,2026-08-28
INSERT,2026-08-28T00:00:00,2026-08-28,PT0567261,LST0567261,AG01430,LOC0044,Single Family,1,1.0,1396,4012,1990,374200.0,2026-08-28,Active,,,0,0.0,2,No,Yes,2026-08-28,2026-08-28
INSERT,2026-08-28T00:00:00,2026-08-28,PT0567262,LST0567262,AG02233,LOC0060,Single Family,5,3.0,1666,1661,1934,639500.0,2026-08-28,Active,,,0,0.0,0,Yes,Yes,2026-08-28,2026-08-28
INSERT,2026-08-28T00:00:00,2026-08-28,PT0567263,LST0567263,AG01971,LOC0221,Multi-Family,4,4.0,4604,3110,1924,1260700.0,2026-08-28,Active,,,0,0.0,1,No,Yes,2026-08-28,2026-08-28
INSERT,2026-08-28T00:00:00,2026-08-28,PT0567264,LST0567264,AG02433,LOC0228,Townhouse,5,3.0,963,9243,1937,94700.0,2026-08-28,Active,,,0,456.9,0,No,No,2026-08-28,2026-08-28
INSERT,2026-08-28T00:00:00,2026-08-28,PT0567265,LST0567265,AG00793,LOC0249,Single Family,5,1.5,1984,1173,1969,806200.0,2026-08-28,Active,,,0,0.0,3,No,No,2026-08-28,2026-08-28
INSERT,2026-08-28T00:00:00,2026-08-28,PT0567266,LST0567266,AG01151,LOC0049,Condo,4,2.0,2502,1530,1940,1191400.0,2026-08-28,Active,,,0,108.21,0,No,No,2026-08-28,2026-08-28
INSERT,2026-08-28T00:00:00,2026-08-28,PT0567267,LST0567267,AG01531,LOC0076,Single Family,1,4.0,1325,7828,2000,197900.0,2026-08-28,Active,,,0,0.0,2,No,No,2026-08-28,2026-08-28
INSERT,2026-08-28T00:00:00,2026-08-28,PT0567268,LST0567268,AG01328,LOC0116,Condo,2,3.5,1131,4071,1973,300200.0,2026-08-28,Active,,,0,720.6,1,No,No,2026-08-28,2026-08-28
INSERT,2026-08-28T00:00:00,2026-08-28,PT0567269,LST0567269,AG02729,LOC0167,Single Family,5,1.5,2198,3016,1916,527400.0,2026-08-28,Active,,,0,0.0,1,Yes,No,2026-08-28,2026-08-28
INSERT,2026-08-28T00:00:00,2026-08-28,PT0567270,LST0567270,AG01200,LOC0066,Single Family,1,3.0,1957,1974,1914,215800.0,2026-08-28,Active,,,0,0.0,1,No,No,2026-08-28,2026-08-28
INSERT,2026-08-28T00:00:00,2026-08-28,PT0567271,LST0567271,AG02718,LOC0041,Single Family,1,2.5,1651,5497,2015,378800.0,2026-08-28,Active,,,0,0.0,3,Yes,Yes,2026-08-28,2026-08-28
INSERT,2026-08-28T00:00:00,2026-08-28,PT0567272,LST0567272,AG00296,LOC0141,Townhouse,1,1.0,2141,8379,1998,642400.0,2026-08-28,Active,,,0,124.42,0,No,No,2026-08-28,2026-08-28
INSERT,2026-08-28T00:00:00,2026-08-28,PT0567273,LST0567273,AG00458,LOC0179,Single Family,3,2.0,2431,8708,1949,507500.0,2026-08-28,Active,,,0,0.0,3,No,Yes,2026-08-28,2026-08-28
INSERT,2026-08-28T00:00:00,2026-08-28,PT0567274,LST0567274,AG01958,LOC0170,Single Family,3,4.5,1272,14064,1976,653200.0,2026-08-28,Active,,,0,0.0,3,Yes,No,2026-08-28,2026-08-28
INSERT,2026-08-28T00:00:00,2026-08-28,PT0567275,LST0567275,AG00670,LOC0057,Single Family,6,4.5,1949,4842,1944,755300.0,2026-08-28,Active,,,0,0.0,0,Yes,Yes,2026-08-28,2026-08-28
INSERT,2026-08-28T00:00:00,2026-08-28,PT0567276,LST0567276,AG02070,LOC0027,Single Family,4,1.0,1367,12917,1971,470400.0,2026-08-28,Active,,,0,0.0,1,No,Yes,2026-08-28,2026-08-28
INSERT,2026-08-28T00:00:00,2026-08-28,PT0567277,LST0567277,AG01981,LOC0195,Multi-Family,6,3.5,3432,1075,1950,983200.0,2026-08-28,Active,,,0,0.0,2,Yes,No,2026-08-28,2026-08-28
INSERT,2026-08-28T00:00:00,2026-08-28,PT0567278,LST0567278,AG01978,LOC0020,Condo,3,4.5,1596,9108,2022,281000.0,2026-08-28,Active,,,0,91.84,3,No,No,2026-08-28,2026-08-28
INSERT,2026-08-28T00:00:00,2026-08-28,PT0567279,LST0567279,AG00696,LOC0165,Apartment,6,1.0,1258,0,1908,667000.0,2026-08-28,Active,,,0,93.38,3,No,No,2026-08-28,2026-08-28
INSERT,2026-08-28T00:00:00,2026-08-28,PT0567280,LST0567280,AG01618,LOC0078,Single Family,1,2.5,2507,3536,1920,529500.0,2026-08-28,Active,,,0,0.0,2,No,No,2026-08-28,2026-08-28
INSERT,2026-08-28T00:00:00,2026-08-28,PT0567281,LST0567281,AG02489,LOC0169,Single Family,2,1.5,633,4413,1943,103500.0,2026-08-28,Active,,,0,0.0,1,No,No,2026-08-28,2026-08-28
INSERT,2026-08-28T00:00:00,2026-08-28,PT0567282,LST0567282,AG02426,LOC0096,Single Family,3,3.0,2382,1447,1966,667800.0,2026-08-28,Active,,,0,0.0,3,No,Yes,2026-08-28,2026-08-28
INSERT,2026-08-28T00:00:00,2026-08-28,PT0567283,LST0567283,AG01652,LOC0226,Land,0,0.0,6438,1742,1975,2163200.0,2026-08-28,Active,,,0,0.0,0,No,No,2026-08-28,2026-08-28
INSERT,2026-08-28T00:00:00,2026-08-28,PT0567284,LST0567284,AG01497,LOC0072,Condo,4,4.0,1344,9160,2012,275900.0,2026-08-28,Active,,,0,730.4,3,No,No,2026-08-28,2026-08-28
INSERT,2026-08-28T00:00:00,2026-08-28,PT0567285,LST0567285,AG00132,LOC0140,Single Family,1,2.0,1436,3289,2020,284300.0,2026-08-28,Active,,,0,0.0,2,No,No,2026-08-28,2026-08-28
INSERT,2026-08-28T00:00:00,2026-08-28,PT0567286,LST0567286,AG02295,LOC0161,Multi-Family,3,4.0,3317,5301,1972,429900.0,2026-08-28,Active,,,0,0.0,2,No,No,2026-08-28,2026-08-28
INSERT,2026-08-28T00:00:00,2026-08-28,PT0567287,LST0567287,AG02533,LOC0222,Apartment,1,2.5,1062,0,1918,278000.0,2026-08-28,Active,,,0,763.63,3,No,No,2026-08-28,2026-08-28
INSERT,2026-08-28T00:00:00,2026-08-28,PT0567288,LST0567288,AG01894,LOC0116,Single Family,6,3.0,1480,9302,1983,576600.0,2026-08-28,Active,,,0,0.0,1,No,Yes,2026-08-28,2026-08-28
INSERT,2026-08-28T00:00:00,2026-08-28,PT0567289,LST0567289,AG00944,LOC0206,Land,0,0.0,5476,11394,2011,2153800.0,2026-08-28,Active,,,0,0.0,0,No,No,2026-08-28,2026-08-28
INSERT,2026-08-28T00:00:00,2026-08-28,PT0567290,LST0567290,AG00054,LOC0191,Multi-Family,4,2.5,540,3955,1912,177800.0,2026-08-28,Active,,,0,0.0,0,No,Yes,2026-08-28,2026-08-28
INSERT,2026-08-28T00:00:00,2026-08-28,PT0567291,LST0567291,AG02462,LOC0157,Condo,2,4.0,701,1325,1982,228700.0,2026-08-28,Active,,,0,61.04,2,No,No,2026-08-28,2026-08-28
INSERT,2026-08-28T00:00:00,2026-08-28,PT0567292,LST0567292,AG01710,LOC0071,Single Family,4,2.0,1796,1134,1923,628800.0,2026-08-28,Active,,,0,0.0,1,No,No,2026-08-28,2026-08-28
INSERT,2026-08-28T00:00:00,2026-08-28,PT0567293,LST0567293,AG01414,LOC0246,Townhouse,4,4.5,492,9601,1964,94200.0,2026-08-28,Active,,,0,630.3,3,No,No,2026-08-28,2026-08-28
INSERT,2026-08-28T00:00:00,2026-08-28,PT0567294,LST0567294,AG02271,LOC0091,Single Family,2,4.5,383,2124,1906,75200.0,2026-08-28,Active,,,0,0.0,2,No,No,2026-08-28,2026-08-28
INSERT,2026-08-28T00:00:00,2026-08-28,PT0567295,LST0567295,AG02832,LOC0228,Condo,1,4.0,1900,3488,1987,684500.0,2026-08-28,Active,,,0,790.9,0,No,No,2026-08-28,2026-08-28
INSERT,2026-08-28T00:00:00,2026-08-28,PT0567296,LST0567296,AG02203,LOC0027,Apartment,6,3.0,1419,0,1979,787100.0,2026-08-28,Active,,,0,796.7,1,No,No,2026-08-28,2026-08-28
INSERT,2026-08-28T00:00:00,2026-08-28,PT0567297,LST0567297,AG00535,LOC0192,Condo,3,3.5,1389,4529,2015,555300.0,2026-08-28,Active,,,0,586.71,0,No,No,2026-08-28,2026-08-28
INSERT,2026-08-28T00:00:00,2026-08-28,PT0567298,LST0567298,AG02902,LOC0017,Apartment,2,1.0,1038,0,1974,295800.0,2026-08-28,Active,,,0,246.28,2,No,No,2026-08-28,2026-08-28
INSERT,2026-08-28T00:00:00,2026-08-28,PT0567299,LST0567299,AG02144,LOC0002,Single Family,5,2.5,1296,1836,1937,257600.0,2026-08-28,Active,,,0,0.0,0,Yes,Yes,2026-08-28,2026-08-28
INSERT,2026-08-28T00:00:00,2026-08-28,PT0567300,LST0567300,AG01365,LOC0139,Single Family,4,3.5,1737,1823,1985,789500.0,2026-08-28,Active,,,0,0.0,2,Yes,No,2026-08-28,2026-08-28
INSERT,2026-08-28T00:00:00,2026-08-28,PT0567301,LST0567301,AG01753,LOC0107,Single Family,2,1.5,2287,4257,1955,467400.0,2026-08-28,Active,,,0,0.0,0,No,Yes,2026-08-28,2026-08-28
INSERT,2026-08-28T00:00:00,2026-08-28,PT0567302,LST0567302,AG02051,LOC0081,Single Family,3,3.5,2450,1109,1996,880100.0,2026-08-28,Active,,,0,0.0,0,No,No,2026-08-28,2026-08-28
INSERT,2026-08-28T00:00:00,2026-08-28,PT0567303,LST0567303,AG00998,LOC0117,Single Family,6,3.5,1209,2389,1983,550300.0,2026-08-28,Active,,,0,0.0,0,No,Yes,2026-08-28,2026-08-28
INSERT,2026-08-28T00:00:00,2026-08-28,PT0567304,LST0567304,AG02062,LOC0058,Single Family,4,2.5,2702,2746,1925,445000.0,2026-08-28,Active,,,0,0.0,1,No,No,2026-08-28,2026-08-28
INSERT,2026-08-28T00:00:00,2026-08-28,PT0567305,LST0567305,AG01459,LOC0220,Single Family,3,3.5,1228,7379,2002,295200.0,2026-08-28,Active,,,0,0.0,1,No,No,2026-08-28,2026-08-28
INSERT,2026-08-28T00:00:00,2026-08-28,PT0567306,LST0567306,AG00442,LOC0064,Condo,5,2.0,1915,2618,1923,633800.0,2026-08-28,Active,,,0,268.39,0,No,No,2026-08-28,2026-08-28
INSERT,2026-08-28T00:00:00,2026-08-28,PT0567307,LST0567307,AG00042,LOC0221,Single Family,6,1.5,1747,1800,1938,477800.0,2026-08-28,Active,,,0,0.0,0,No,No,2026-08-28,2026-08-28
INSERT,2026-08-28T00:00:00,2026-08-28,PT0567308,LST0567308,AG01680,LOC0211,Single Family,2,1.5,737,5832,1961,377900.0,2026-08-28,Active,,,0,0.0,3,No,Yes,2026-08-28,2026-08-28
INSERT,2026-08-28T00:00:00,2026-08-28,PT0567309,LST0567309,AG02099,LOC0171,Single Family,1,4.0,2442,10815,2004,691000.0,2026-08-28,Active,,,0,0.0,2,No,Yes,2026-08-28,2026-08-28
INSERT,2026-08-28T00:00:00,2026-08-28,PT0567310,LST0567310,AG01893,LOC0221,Land,0,0.0,5689,12138,1942,1472900.0,2026-08-28,Active,,,0,0.0,0,No,No,2026-08-28,2026-08-28
INSERT,2026-08-28T00:00:00,2026-08-28,PT0567311,LST0567311,AG01511,LOC0040,Single Family,3,4.5,1639,2762,1915,787500.0,2026-08-28,Active,,,0,0.0,1,No,No,2026-08-28,2026-08-28
INSERT,2026-08-28T00:00:00,2026-08-28,PT0567312,LST0567312,AG02915,LOC0036,Condo,3,3.5,2432,2653,1907,505500.0,2026-08-28,Active,,,0,527.73,0,No,No,2026-08-28,2026-08-28
INSERT,2026-08-28T00:00:00,2026-08-28,PT0567313,LST0567313,AG01896,LOC0180,Single Family,3,4.5,2162,2234,1964,1013600.0,2026-08-28,Active,,,0,0.0,1,No,No,2026-08-28,2026-08-28
INSERT,2026-08-28T00:00:00,2026-08-28,PT0567314,LST0567314,AG00602,LOC0246,Multi-Family,6,4.5,2022,6181,1975,324100.0,2026-08-28,Active,,,0,0.0,2,No,Yes,2026-08-28,2026-08-28
INSERT,2026-08-28T00:00:00,2026-08-28,PT0567315,LST0567315,AG01059,LOC0126,Single Family,4,4.0,2539,1235,1921,511000.0,2026-08-28,Active,,,0,0.0,0,No,No,2026-08-28,2026-08-28
INSERT,2026-08-28T00:00:00,2026-08-28,PT0567316,LST0567316,AG01185,LOC0175,Single Family,5,3.0,754,2389,2013,101600.0,2026-08-28,Active,,,0,0.0,3,No,No,2026-08-28,2026-08-28
INSERT,2026-08-28T00:00:00,2026-08-28,PT0567317,LST0567317,AG02253,LOC0247,Townhouse,6,3.5,2320,12680,1964,349200.0,2026-08-28,Active,,,0,401.33,3,No,No,2026-08-28,2026-08-28
INSERT,2026-08-28T00:00:00,2026-08-28,PT0567318,LST0567318,AG01835,LOC0091,Single Family,5,1.5,1236,3171,1975,278700.0,2026-08-28,Active,,,0,0.0,1,No,No,2026-08-28,2026-08-28
INSERT,2026-08-28T00:00:00,2026-08-28,PT0567319,LST0567319,AG02708,LOC0248,Condo,4,4.5,1622,2769,1938,484400.0,2026-08-28,Active,,,0,101.44,3,No,No,2026-08-28,2026-08-28
INSERT,2026-08-28T00:00:00,2026-08-28,PT0567320,LST0567320,AG02161,LOC0140,Multi-Family,1,3.0,1344,2726,1979,324500.0,2026-08-28,Active,,,0,0.0,2,No,No,2026-08-28,2026-08-28
INSERT,2026-08-28T00:00:00,2026-08-28,PT0567321,LST0567321,AG01230,LOC0192,Single Family,6,1.0,937,13347,2005,259500.0,2026-08-28,Active,,,0,0.0,0,No,Yes,2026-08-28,2026-08-28
INSERT,2026-08-28T00:00:00,2026-08-28,PT0567322,LST0567322,AG01887,LOC0179,Townhouse,1,4.0,1828,3192,1979,220000.0,2026-08-28,Active,,,0,793.32,2,No,No,2026-08-28,2026-08-28
INSERT,2026-08-28T00:00:00,2026-08-28,PT0567323,LST0567323,AG02300,LOC0235,Condo,5,2.5,1617,7314,1919,615500.0,2026-08-28,Active,,,0,571.22,0,No,No,2026-08-28,2026-08-28
INSERT,2026-08-28T00:00:00,2026-08-28,PT0567324,LST0567324,AG02926,LOC0128,Single Family,4,3.5,2433,2471,1904,1015800.0,2026-08-28,Active,,,0,0.0,3,No,Yes,2026-08-28,2026-08-28
INSERT,2026-08-28T00:00:00,2026-08-28,PT0567325,LST0567325,AG02305,LOC0051,Single Family,3,4.0,2909,7572,1993,415300.0,2026-08-28,Active,,,0,0.0,0,No,Yes,2026-08-28,2026-08-28
INSERT,2026-08-28T00:00:00,2026-08-28,PT0567326,LST0567326,AG01729,LOC0244,Single Family,1,2.0,836,3746,1951,214800.0,2026-08-28,Active,,,0,0.0,3,No,No,2026-08-28,2026-08-28
INSERT,2026-08-28T00:00:00,2026-08-28,PT0567327,LST0567327,AG02575,LOC0234,Land,0,0.0,5795,4893,1909,795000.0,2026-08-28,Active,,,0,0.0,0,No,No,2026-08-28,2026-08-28
INSERT,2026-08-28T00:00:00,2026-08-28,PT0567328,LST0567328,AG00189,LOC0191,Townhouse,2,1.5,1207,2023,2012,899700.0,2026-08-28,Active,,,0,583.0,1,No,No,2026-08-28,2026-08-28
INSERT,2026-08-28T00:00:00,2026-08-28,PT0567329,LST0567329,AG01136,LOC0044,Townhouse,4,1.0,1943,2488,2012,427100.0,2026-08-28,Active,,,0,760.56,2,No,No,2026-08-28,2026-08-28
INSERT,2026-08-28T00:00:00,2026-08-28,PT0567330,LST0567330,AG01002,LOC0244,Single Family,2,4.5,3083,16071,1990,555600.0,2026-08-28,Active,,,0,0.0,1,No,No,2026-08-28,2026-08-28
INSERT,2026-08-28T00:00:00,2026-08-28,PT0567331,LST0567331,AG00143,LOC0050,Multi-Family,4,1.0,3072,8059,1957,809500.0,2026-08-28,Active,,,0,0.0,2,No,No,2026-08-28,2026-08-28
INSERT,2026-08-28T00:00:00,2026-08-28,PT0567332,LST0567332,AG01496,LOC0216,Condo,5,4.5,2091,5293,2023,661100.0,2026-08-28,Active,,,0,548.52,0,Yes,No,2026-08-28,2026-08-28
INSERT,2026-08-28T00:00:00,2026-08-28,PT0567333,LST0567333,AG00967,LOC0083,Single Family,1,1.0,1371,6030,1959,310600.0,2026-08-28,Active,,,0,0.0,0,No,Yes,2026-08-28,2026-08-28
INSERT,2026-08-28T00:00:00,2026-08-28,PT0567334,LST0567334,AG01585,LOC0119,Multi-Family,4,4.5,4503,2769,1900,1033200.0,2026-08-28,Active,,,0,0.0,2,No,No,2026-08-28,2026-08-28
INSERT,2026-08-28T00:00:00,2026-08-28,PT0567335,LST0567335,AG00404,LOC0124,Condo,1,3.5,1774,1877,1966,445200.0,2026-08-28,Active,,,0,697.61,0,No,No,2026-08-28,2026-08-28
INSERT,2026-08-28T00:00:00,2026-08-28,PT0567336,LST0567336,AG01846,LOC0050,Condo,5,2.0,2164,4559,1934,646600.0,2026-08-28,Active,,,0,157.98,1,Yes,No,2026-08-28,2026-08-28
INSERT,2026-08-28T00:00:00,2026-08-28,PT0567337,LST0567337,AG00879,LOC0234,Condo,6,4.5,1578,12130,1976,736500.0,2026-08-28,Active,,,0,131.48,1,No,No,2026-08-28,2026-08-28
INSERT,2026-08-28T00:00:00,2026-08-28,PT0567338,LST0567338,AG02055,LOC0193,Condo,3,1.5,1852,1101,1904,676500.0,2026-08-28,Active,,,0,488.74,0,No,No,2026-08-28,2026-08-28
INSERT,2026-08-28T00:00:00,2026-08-28,PT0567339,LST0567339,AG00171,LOC0207,Townhouse,2,3.5,1993,1637,1984,295000.0,2026-08-28,Active,,,0,492.56,0,Yes,No,2026-08-28,2026-08-28
INSERT,2026-08-28T00:00:00,2026-08-28,PT0567340,LST0567340,AG00993,LOC0002,Single Family,3,1.5,1859,4940,1936,392800.0,2026-08-28,Active,,,0,0.0,3,No,No,2026-08-28,2026-08-28
INSERT,2026-08-28T00:00:00,2026-08-28,PT0567341,LST0567341,AG02351,LOC0007,Single Family,1,1.0,1880,2724,1901,421100.0,2026-08-28,Active,,,0,0.0,3,No,Yes,2026-08-28,2026-08-28
INSERT,2026-08-28T00:00:00,2026-08-28,PT0567342,LST0567342,AG00487,LOC0092,Single Family,1,2.0,3029,1825,1994,400500.0,2026-08-28,Active,,,0,0.0,1,No,No,2026-08-28,2026-08-28
INSERT,2026-08-28T00:00:00,2026-08-28,PT0567343,LST0567343,AG00987,LOC0153,Multi-Family,3,1.0,5482,3245,2001,1761900.0,2026-08-28,Active,,,0,0.0,3,No,No,2026-08-28,2026-08-28
INSERT,2026-08-28T00:00:00,2026-08-28,PT0567344,LST0567344,AG01319,LOC0190,Condo,3,1.5,890,5631,1903,260500.0,2026-08-28,Active,,,0,345.61,2,No,No,2026-08-28,2026-08-28
INSERT,2026-08-28T00:00:00,2026-08-28,PT0567345,LST0567345,AG02780,LOC0149,Single Family,4,3.0,2506,1080,1998,673300.0,2026-08-28,Active,,,0,0.0,1,No,No,2026-08-28,2026-08-28
INSERT,2026-08-28T00:00:00,2026-08-28,PT0567346,LST0567346,AG01815,LOC0002,Apartment,4,2.0,1191,0,1926,171600.0,2026-08-28,Active,,,0,622.74,2,No,No,2026-08-28,2026-08-28
INSERT,2026-08-28T00:00:00,2026-08-28,PT0567347,LST0567347,AG00591,LOC0058,Single Family,6,2.0,1588,5052,1921,563400.0,2026-08-28,Active,,,0,0.0,2,No,No,2026-08-28,2026-08-28
INSERT,2026-08-28T00:00:00,2026-08-28,PT0567348,LST0567348,AG01186,LOC0079,Single Family,1,2.0,2291,1557,1903,696100.0,2026-08-28,Active,,,0,0.0,0,No,Yes,2026-08-28,2026-08-28
INSERT,2026-08-28T00:00:00,2026-08-28,PT0567349,LST0567349,AG00981,LOC0139,Multi-Family,1,4.0,3958,2437,1989,1562800.0,2026-08-28,Active,,,0,0.0,1,Yes,No,2026-08-28,2026-08-28
INSERT,2026-08-28T00:00:00,2026-08-28,PT0567350,LST0567350,AG01115,LOC0082,Condo,5,4.5,1584,6768,2009,168000.0,2026-08-28,Active,,,0,713.04,2,No,No,2026-08-28,2026-08-28
INSERT,2026-08-28T00:00:00,2026-08-28,PT0567351,LST0567351,AG01226,LOC0178,Townhouse,3,3.5,2112,2784,1975,361900.0,2026-08-28,Active,,,0,593.57,2,No,No,2026-08-28,2026-08-28
INSERT,2026-08-28T00:00:00,2026-08-28,PT0567352,LST0567352,AG00004,LOC0134,Single Family,1,2.0,889,1298,1953,230000.0,2026-08-28,Active,,,0,0.0,2,No,Yes,2026-08-28,2026-08-28
INSERT,2026-08-28T00:00:00,2026-08-28,PT0567353,LST0567353,AG02859,LOC0013,Townhouse,5,2.5,2439,1135,1936,240400.0,2026-08-28,Active,,,0,363.04,3,Yes,No,2026-08-28,2026-08-28
INSERT,2026-08-28T00:00:00,2026-08-28,PT0567354,LST0567354,AG01375,LOC0129,Townhouse,4,4.0,1472,2193,1914,815900.0,2026-08-28,Active,,,0,704.14,1,No,No,2026-08-28,2026-08-28
INSERT,2026-08-28T00:00:00,2026-08-28,PT0567355,LST0567355,AG00964,LOC0103,Apartment,4,3.0,655,0,1931,126400.0,2026-08-28,Active,,,0,457.79,2,No,No,2026-08-28,2026-08-28
INSERT,2026-08-28T00:00:00,2026-08-28,PT0567356,LST0567356,AG00531,LOC0161,Townhouse,5,4.0,2309,1015,1986,686900.0,2026-08-28,Active,,,0,104.1,0,No,No,2026-08-28,2026-08-28
INSERT,2026-08-28T00:00:00,2026-08-28,PT0567357,LST0567357,AG00140,LOC0153,Condo,5,4.0,2952,2417,1929,643400.0,2026-08-28,Active,,,0,161.88,2,No,No,2026-08-28,2026-08-28
INSERT,2026-08-28T00:00:00,2026-08-28,PT0567358,LST0567358,AG00218,LOC0159,Single Family,5,3.5,1466,1260,1908,357500.0,2026-08-28,Active,,,0,0.0,3,No,No,2026-08-28,2026-08-28
INSERT,2026-08-28T00:00:00,2026-08-28,PT0567359,LST0567359,AG02200,LOC0031,Apartment,5,1.0,1348,0,1994,470700.0,2026-08-28,Active,,,0,241.44,1,Yes,No,2026-08-28,2026-08-28
INSERT,2026-08-28T00:00:00,2026-08-28,PT0567360,LST0567360,AG00586,LOC0240,Condo,2,2.5,489,3074,2001,76500.0,2026-08-28,Active,,,0,357.21,1,No,No,2026-08-28,2026-08-28
INSERT,2026-08-28T00:00:00,2026-08-28,PT0567361,LST0567361,AG00415,LOC0108,Condo,2,4.5,300,4482,1941,96400.0,2026-08-28,Active,,,0,638.35,2,No,No,2026-08-28,2026-08-28
INSERT,2026-08-28T00:00:00,2026-08-28,PT0567362,LST0567362,AG02920,LOC0115,Apartment,1,4.5,180,0,1942,35600.0,2026-08-28,Active,,,0,213.2,3,Yes,No,2026-08-28,2026-08-28
INSERT,2026-08-28T00:00:00,2026-08-28,PT0567363,LST0567363,AG01359,LOC0104,Townhouse,1,2.0,2588,8430,1974,316400.0,2026-08-28,Active,,,0,516.19,0,No,No,2026-08-28,2026-08-28
INSERT,2026-08-28T00:00:00,2026-08-28,PT0567364,LST0567364,AG00777,LOC0011,Single Family,3,4.0,1415,4199,1975,678500.0,2026-08-28,Active,,,0,0.0,0,No,No,2026-08-28,2026-08-28
INSERT,2026-08-28T00:00:00,2026-08-28,PT0567365,LST0567365,AG01833,LOC0218,Single Family,4,2.0,865,4484,1960,308900.0,2026-08-28,Active,,,0,0.0,1,No,Yes,2026-08-28,2026-08-28
INSERT,2026-08-28T00:00:00,2026-08-28,PT0567366,LST0567366,AG01952,LOC0041,Apartment,3,3.5,1235,0,1993,278900.0,2026-08-28,Active,,,0,714.12,2,No,No,2026-08-28,2026-08-28
INSERT,2026-08-28T00:00:00,2026-08-28,PT0567367,LST0567367,AG02752,LOC0002,Single Family,4,1.0,1228,3610,1946,211300.0,2026-08-28,Active,,,0,0.0,3,No,No,2026-08-28,2026-08-28
INSERT,2026-08-28T00:00:00,2026-08-28,PT0567368,LST0567368,AG00443,LOC0164,Condo,4,1.5,1249,5319,2003,286900.0,2026-08-28,Active,,,0,268.48,3,No,No,2026-08-28,2026-08-28
INSERT,2026-08-28T00:00:00,2026-08-28,PT0567369,LST0567369,AG01756,LOC0046,Land,0,0.0,4949,8030,1981,1769000.0,2026-08-28,Active,,,0,0.0,0,No,No,2026-08-28,2026-08-28
INSERT,2026-08-28T00:00:00,2026-08-28,PT0567370,LST0567370,AG02243,LOC0230,Townhouse,5,4.0,382,5154,1910,119300.0,2026-08-28,Active,,,0,585.74,0,No,No,2026-08-28,2026-08-28
INSERT,2026-08-28T00:00:00,2026-08-28,PT0567371,LST0567371,AG01174,LOC0012,Townhouse,2,4.0,4106,5158,2023,1495100.0,2026-08-28,Active,,,0,570.11,1,No,No,2026-08-28,2026-08-28
INSERT,2026-08-28T00:00:00,2026-08-28,PT0567372,LST0567372,AG00598,LOC0150,Single Family,4,4.5,826,9826,1955,297900.0,2026-08-28,Active,,,0,0.0,0,No,No,2026-08-28,2026-08-28
INSERT,2026-08-28T00:00:00,2026-08-28,PT0567373,LST0567373,AG00379,LOC0043,Apartment,2,1.5,867,0,1995,122500.0,2026-08-28,Active,,,0,56.38,0,No,No,2026-08-28,2026-08-28
INSERT,2026-08-28T00:00:00,2026-08-28,PT0567374,LST0567374,AG00799,LOC0199,Single Family,5,3.5,1986,4001,1970,973000.0,2026-08-28,Active,,,0,0.0,1,No,No,2026-08-28,2026-08-28
INSERT,2026-08-28T00:00:00,2026-08-28,PT0567375,LST0567375,AG02862,LOC0187,Single Family,6,1.5,642,2407,1927,195800.0,2026-08-28,Active,,,0,0.0,2,No,No,2026-08-28,2026-08-28
INSERT,2026-08-28T00:00:00,2026-08-28,PT0567376,LST0567376,AG01861,LOC0183,Multi-Family,6,1.0,2443,2671,1940,402400.0,2026-08-28,Active,,,0,0.0,0,No,Yes,2026-08-28,2026-08-28
INSERT,2026-08-28T00:00:00,2026-08-28,PT0567377,LST0567377,AG02394,LOC0118,Single Family,4,1.0,2715,4879,2007,741900.0,2026-08-28,Active,,,0,0.0,0,Yes,No,2026-08-28,2026-08-28
INSERT,2026-08-28T00:00:00,2026-08-28,PT0567378,LST0567378,AG01506,LOC0001,Apartment,5,3.0,1178,0,1930,301400.0,2026-08-28,Active,,,0,431.39,0,No,No,2026-08-28,2026-08-28
INSERT,2026-08-28T00:00:00,2026-08-28,PT0567379,LST0567379,AG01698,LOC0079,Townhouse,6,4.5,1429,2220,1964,331200.0,2026-08-28,Active,,,0,211.36,3,No,No,2026-08-28,2026-08-28
INSERT,2026-08-28T00:00:00,2026-08-28,PT0567380,LST0567380,AG02477,LOC0136,Single Family,6,4.5,3318,1834,1989,920200.0,2026-08-28,Active,,,0,0.0,2,No,Yes,2026-08-28,2026-08-28
INSERT,2026-08-28T00:00:00,2026-08-28,PT0567381,LST0567381,AG01201,LOC0152,Single Family,1,2.5,542,4691,1954,218000.0,2026-08-28,Active,,,0,0.0,1,Yes,No,2026-08-28,2026-08-28
INSERT,2026-08-28T00:00:00,2026-08-28,PT0567382,LST0567382,AG00185,LOC0224,Single Family,5,4.5,2329,3903,1967,783100.0,2026-08-28,Active,,,0,0.0,2,No,Yes,2026-08-28,2026-08-28
INSERT,2026-08-28T00:00:00,2026-08-28,PT0567383,LST0567383,AG02127,LOC0102,Single Family,4,2.5,2280,14248,1955,674100.0,2026-08-28,Active,,,0,0.0,1,No,No,2026-08-28,2026-08-28
INSERT,2026-08-28T00:00:00,2026-08-28,PT0567384,LST0567384,AG01018,LOC0202,Land,0,0.0,4270,14155,1987,1058100.0,2026-08-28,Active,,,0,0.0,0,No,No,2026-08-28,2026-08-28
INSERT,2026-08-28T00:00:00,2026-08-28,PT0567385,LST0567385,AG02744,LOC0130,Single Family,1,4.5,2071,1435,1934,592300.0,2026-08-28,Active,,,0,0.0,0,No,No,2026-08-28,2026-08-28
INSERT,2026-08-28T00:00:00,2026-08-28,PT0567386,LST0567386,AG02571,LOC0144,Condo,6,4.5,775,3507,1982,159400.0,2026-08-28,Active,,,0,190.72,1,Yes,No,2026-08-28,2026-08-28
INSERT,2026-08-28T00:00:00,2026-08-28,PT0567387,LST0567387,AG02008,LOC0152,Single Family,1,3.5,2091,3624,1937,939900.0,2026-08-28,Active,,,0,0.0,3,No,No,2026-08-28,2026-08-28
INSERT,2026-08-28T00:00:00,2026-08-28,PT0567388,LST0567388,AG01852,LOC0206,Multi-Family,2,2.5,3623,4659,2006,1712100.0,2026-08-28,Active,,,0,0.0,2,Yes,No,2026-08-28,2026-08-28
INSERT,2026-08-28T00:00:00,2026-08-28,PT0567389,LST0567389,AG02731,LOC0010,Single Family,1,4.5,2322,5292,1921,768500.0,2026-08-28,Active,,,0,0.0,2,Yes,No,2026-08-28,2026-08-28
INSERT,2026-08-28T00:00:00,2026-08-28,PT0567390,LST0567390,AG01110,LOC0028,Single Family,6,2.5,540,2964,1934,39200.0,2026-08-28,Active,,,0,0.0,3,No,No,2026-08-28,2026-08-28
INSERT,2026-08-28T00:00:00,2026-08-28,PT0567391,LST0567391,AG02754,LOC0037,Single Family,2,4.0,1780,9789,2022,563300.0,2026-08-28,Active,,,0,0.0,2,No,No,2026-08-28,2026-08-28
INSERT,2026-08-28T00:00:00,2026-08-28,PT0567392,LST0567392,AG01436,LOC0134,Multi-Family,3,2.5,1307,2262,1935,348300.0,2026-08-28,Active,,,0,0.0,2,No,No,2026-08-28,2026-08-28
INSERT,2026-08-28T00:00:00,2026-08-28,PT0567393,LST0567393,AG01078,LOC0091,Condo,2,3.0,2846,1077,1938,537000.0,2026-08-28,Active,,,0,380.04,2,No,No,2026-08-28,2026-08-28
INSERT,2026-08-28T00:00:00,2026-08-28,PT0567394,LST0567394,AG01435,LOC0192,Single Family,4,2.5,2131,2474,1905,572000.0,2026-08-28,Active,,,0,0.0,2,No,No,2026-08-28,2026-08-28
INSERT,2026-08-28T00:00:00,2026-08-28,PT0567395,LST0567395,AG01530,LOC0162,Apartment,3,3.0,1209,0,1989,202800.0,2026-08-28,Active,,,0,132.58,1,No,No,2026-08-28,2026-08-28
INSERT,2026-08-28T00:00:00,2026-08-28,PT0567396,LST0567396,AG02092,LOC0061,Single Family,1,1.5,1962,2264,1991,276200.0,2026-08-28,Active,,,0,0.0,2,No,Yes,2026-08-28,2026-08-28
INSERT,2026-08-28T00:00:00,2026-08-28,PT0567397,LST0567397,AG01516,LOC0169,Single Family,3,4.5,1359,2753,1923,326900.0,2026-08-28,Active,,,0,0.0,0,No,Yes,2026-08-28,2026-08-28
INSERT,2026-08-28T00:00:00,2026-08-28,PT0567398,LST0567398,AG02502,LOC0093,Single Family,6,1.0,1780,8284,1959,489600.0,2026-08-28,Active,,,0,0.0,1,No,No,2026-08-28,2026-08-28
INSERT,2026-08-28T00:00:00,2026-08-28,PT0567399,LST0567399,AG01499,LOC0096,Single Family,1,4.5,1361,2804,1907,355000.0,2026-08-28,Active,,,0,0.0,2,No,No,2026-08-28,2026-08-28
INSERT,2026-08-28T00:00:00,2026-08-28,PT0567400,LST0567400,AG01297,LOC0081,Condo,6,3.5,2471,14024,1970,854600.0,2026-08-28,Active,,,0,252.41,2,No,No,2026-08-28,2026-08-28
INSERT,2026-08-28T00:00:00,2026-08-28,PT0567401,LST0567401,AG02316,LOC0024,Apartment,6,4.5,1105,0,2007,217800.0,2026-08-28,Active,,,0,791.16,1,No,No,2026-08-28,2026-08-28
INSERT,2026-08-28T00:00:00,2026-08-28,PT0567402,LST0567402,AG01248,LOC0186,Condo,5,2.0,3461,7180,2016,736800.0,2026-08-28,Active,,,0,513.41,2,No,No,2026-08-28,2026-08-28
INSERT,2026-08-28T00:00:00,2026-08-28,PT0567403,LST0567403,AG01257,LOC0225,Single Family,2,1.0,2179,7366,1955,889500.0,2026-08-28,Active,,,0,0.0,2,Yes,Yes,2026-08-28,2026-08-28
INSERT,2026-08-28T00:00:00,2026-08-28,PT0567404,LST0567404,AG01415,LOC0105,Condo,1,1.0,2086,10675,1971,564900.0,2026-08-28,Active,,,0,519.04,0,No,No,2026-08-28,2026-08-28
INSERT,2026-08-28T00:00:00,2026-08-28,PT0567405,LST0567405,AG01915,LOC0227,Townhouse,6,3.0,2897,2169,1958,739900.0,2026-08-28,Active,,,0,261.85,3,No,No,2026-08-28,2026-08-28
INSERT,2026-08-28T00:00:00,2026-08-28,PT0567406,LST0567406,AG01775,LOC0237,Apartment,4,3.5,1060,0,2000,299600.0,2026-08-28,Active,,,0,347.63,1,Yes,No,2026-08-28,2026-08-28
INSERT,2026-08-28T00:00:00,2026-08-28,PT0567407,LST0567407,AG02438,LOC0058,Apartment,2,1.5,1807,0,1904,562800.0,2026-08-28,Active,,,0,787.23,3,No,No,2026-08-28,2026-08-28
INSERT,2026-08-28T00:00:00,2026-08-28,PT0567408,LST0567408,AG02431,LOC0158,Land,0,0.0,5681,3933,1993,2888200.0,2026-08-28,Active,,,0,0.0,0,No,No,2026-08-28,2026-08-28
INSERT,2026-08-28T00:00:00,2026-08-28,PT0567409,LST0567409,AG02744,LOC0123,Single Family,2,2.0,1834,6851,1995,717900.0,2026-08-28,Active,,,0,0.0,2,No,No,2026-08-28,2026-08-28
INSERT,2026-08-28T00:00:00,2026-08-28,PT0567410,LST0567410,AG00813,LOC0229,Townhouse,2,1.0,1519,1366,2022,203600.0,2026-08-28,Active,,,0,764.96,3,No,No,2026-08-28,2026-08-28
INSERT,2026-08-28T00:00:00,2026-08-28,PT0567411,LST0567411,AG01866,LOC0098,Townhouse,4,2.0,2605,2204,1915,177100.0,2026-08-28,Active,,,0,770.91,2,No,No,2026-08-28,2026-08-28
INSERT,2026-08-28T00:00:00,2026-08-28,PT0567412,LST0567412,AG02743,LOC0156,Townhouse,2,4.0,2286,1043,1923,667700.0,2026-08-28,Active,,,0,229.3,0,No,No,2026-08-28,2026-08-28
INSERT,2026-08-28T00:00:00,2026-08-28,PT0567413,LST0567413,AG01744,LOC0030,Condo,3,2.5,1381,5324,1978,305300.0,2026-08-28,Active,,,0,716.46,0,No,No,2026-08-28,2026-08-28
INSERT,2026-08-28T00:00:00,2026-08-28,PT0567414,LST0567414,AG01632,LOC0130,Land,0,0.0,4223,4075,1942,920800.0,2026-08-28,Active,,,0,0.0,0,No,No,2026-08-28,2026-08-28
INSERT,2026-08-28T00:00:00,2026-08-28,PT0567415,LST0567415,AG02378,LOC0036,Townhouse,4,4.0,2089,2524,1956,705000.0,2026-08-28,Active,,,0,106.08,2,No,No,2026-08-28,2026-08-28
INSERT,2026-08-28T00:00:00,2026-08-28,PT0567416,LST0567416,AG02009,LOC0121,Multi-Family,4,3.5,2956,12503,1935,795400.0,2026-08-28,Active,,,0,0.0,1,No,Yes,2026-08-28,2026-08-28
INSERT,2026-08-28T00:00:00,2026-08-28,PT0567417,LST0567417,AG02912,LOC0224,Multi-Family,2,2.0,540,2548,1946,253400.0,2026-08-28,Active,,,0,0.0,3,No,No,2026-08-28,2026-08-28
INSERT,2026-08-28T00:00:00,2026-08-28,PT0567418,LST0567418,AG02710,LOC0188,Condo,5,1.0,1375,5954,1983,483000.0,2026-08-28,Active,,,0,443.09,3,Yes,No,2026-08-28,2026-08-28
INSERT,2026-08-28T00:00:00,2026-08-28,PT0567419,LST0567419,AG00782,LOC0149,Condo,4,3.5,1408,4983,1977,371100.0,2026-08-28,Active,,,0,165.12,3,Yes,No,2026-08-28,2026-08-28
INSERT,2026-08-28T00:00:00,2026-08-28,PT0567420,LST0567420,AG00838,LOC0134,Single Family,3,4.5,2739,5717,1984,1072900.0,2026-08-28,Active,,,0,0.0,3,No,No,2026-08-28,2026-08-28
INSERT,2026-08-28T00:00:00,2026-08-28,PT0567421,LST0567421,AG02343,LOC0017,Condo,3,4.5,1042,1687,1926,211800.0,2026-08-28,Active,,,0,621.35,2,No,No,2026-08-28,2026-08-28
INSERT,2026-08-28T00:00:00,2026-08-28,PT0567422,LST0567422,AG02855,LOC0038,Condo,5,4.5,2173,1074,1923,637700.0,2026-08-28,Active,,,0,223.79,0,No,No,2026-08-28,2026-08-28
INSERT,2026-08-28T00:00:00,2026-08-28,PT0567423,LST0567423,AG02757,LOC0053,Single Family,4,3.0,2980,1192,1982,1271300.0,2026-08-28,Active,,,0,0.0,0,No,No,2026-08-28,2026-08-28
INSERT,2026-08-28T00:00:00,2026-08-28,PT0567424,LST0567424,AG02843,LOC0071,Townhouse,4,4.5,642,2657,2010,283900.0,2026-08-28,Active,,,0,759.7,1,No,No,2026-08-28,2026-08-28
INSERT,2026-08-28T00:00:00,2026-08-28,PT0567425,LST0567425,AG00519,LOC0171,Single Family,6,3.5,928,9401,2012,250800.0,2026-08-28,Active,,,0,0.0,1,No,No,2026-08-28,2026-08-28
INSERT,2026-08-28T00:00:00,2026-08-28,PT0567426,LST0567426,AG02445,LOC0035,Single Family,3,4.0,1893,2055,2015,435500.0,2026-08-28,Active,,,0,0.0,2,No,Yes,2026-08-28,2026-08-28
INSERT,2026-08-28T00:00:00,2026-08-28,PT0567427,LST0567427,AG02656,LOC0025,Condo,6,4.5,2520,4230,1927,939800.0,2026-08-28,Active,,,0,426.27,2,Yes,No,2026-08-28,2026-08-28
INSERT,2026-08-28T00:00:00,2026-08-28,PT0567428,LST0567428,AG00849,LOC0100,Single Family,1,3.5,577,5407,1985,75000.0,2026-08-28,Active,,,0,0.0,2,No,Yes,2026-08-28,2026-08-28
INSERT,2026-08-28T00:00:00,2026-08-28,PT0567429,LST0567429,AG01323,LOC0206,Townhouse,3,1.0,2414,3344,1997,842200.0,2026-08-28,Active,,,0,619.22,2,No,No,2026-08-28,2026-08-28
INSERT,2026-08-28T00:00:00,2026-08-28,PT0567430,LST0567430,AG01175,LOC0150,Condo,4,4.5,1591,2399,1934,193700.0,2026-08-28,Active,,,0,609.8,2,No,No,2026-08-28,2026-08-28
INSERT,2026-08-28T00:00:00,2026-08-28,PT0567431,LST0567431,AG00149,LOC0104,Land,0,0.0,7109,1741,2022,2586300.0,2026-08-28,Active,,,0,0.0,0,No,No,2026-08-28,2026-08-28
INSERT,2026-08-28T00:00:00,2026-08-28,PT0567432,LST0567432,AG01029,LOC0197,Single Family,5,4.5,1310,2677,1931,262400.0,2026-08-28,Active,,,0,0.0,2,Yes,Yes,2026-08-28,2026-08-28
INSERT,2026-08-28T00:00:00,2026-08-28,PT0567433,LST0567433,AG02543,LOC0061,Single Family,2,2.5,1628,10996,1906,237300.0,2026-08-28,Active,,,0,0.0,0,No,Yes,2026-08-28,2026-08-28
INSERT,2026-08-28T00:00:00,2026-08-28,PT0567434,LST0567434,AG02714,LOC0115,Land,0,0.0,3382,4237,1976,1296900.0,2026-08-28,Active,,,0,0.0,0,No,No,2026-08-28,2026-08-28
INSERT,2026-08-28T00:00:00,2026-08-28,PT0567435,LST0567435,AG00839,LOC0051,Apartment,3,1.5,1438,0,1987,206300.0,2026-08-28,Active,,,0,73.42,0,No,No,2026-08-28,2026-08-28
INSERT,2026-08-28T00:00:00,2026-08-28,PT0567436,LST0567436,AG02964,LOC0051,Multi-Family,2,2.5,1505,1907,1938,234600.0,2026-08-28,Active,,,0,0.0,0,No,Yes,2026-08-28,2026-08-28
INSERT,2026-08-28T00:00:00,2026-08-28,PT0567437,LST0567437,AG00648,LOC0015,Townhouse,1,1.0,1910,4359,1927,436100.0,2026-08-28,Active,,,0,72.47,0,No,No,2026-08-28,2026-08-28
INSERT,2026-08-28T00:00:00,2026-08-28,PT0567438,LST0567438,AG01884,LOC0141,Single Family,6,4.0,1519,4519,2008,463800.0,2026-08-28,Active,,,0,0.0,0,Yes,No,2026-08-28,2026-08-28
INSERT,2026-08-28T00:00:00,2026-08-28,PT0567439,LST0567439,AG00850,LOC0105,Apartment,1,1.5,1114,0,1921,232700.0,2026-08-28,Active,,,0,308.44,1,No,No,2026-08-28,2026-08-28
INSERT,2026-08-28T00:00:00,2026-08-28,PT0567440,LST0567440,AG00680,LOC0011,Condo,1,1.5,1857,1189,2001,255100.0,2026-08-28,Active,,,0,206.4,3,No,No,2026-08-28,2026-08-28
INSERT,2026-08-28T00:00:00,2026-08-28,PT0567441,LST0567441,AG00535,LOC0006,Townhouse,5,4.0,2083,3214,1961,244600.0,2026-08-28,Active,,,0,325.22,2,Yes,No,2026-08-28,2026-08-28
INSERT,2026-08-28T00:00:00,2026-08-28,PT0567442,LST0567442,AG01582,LOC0184,Multi-Family,5,2.0,3214,1609,1923,1250900.0,2026-08-28,Active,,,0,0.0,1,No,No,2026-08-28,2026-08-28
INSERT,2026-08-28T00:00:00,2026-08-28,PT0567443,LST0567443,AG02819,LOC0119,Single Family,5,2.0,1979,3635,1908,939600.0,2026-08-28,Active,,,0,0.0,1,No,No,2026-08-28,2026-08-28
INSERT,2026-08-28T00:00:00,2026-08-28,PT0567444,LST0567444,AG00847,LOC0065,Townhouse,5,3.0,1862,15136,1999,441100.0,2026-08-28,Active,,,0,419.13,1,No,No,2026-08-28,2026-08-28
INSERT,2026-08-28T00:00:00,2026-08-28,PT0567445,LST0567445,AG02059,LOC0018,Townhouse,4,4.0,3331,1187,1977,755400.0,2026-08-28,Active,,,0,750.53,3,Yes,No,2026-08-28,2026-08-28
INSERT,2026-08-28T00:00:00,2026-08-28,PT0567446,LST0567446,AG00511,LOC0203,Townhouse,5,4.0,2317,3031,2013,203200.0,2026-08-28,Active,,,0,658.38,0,No,No,2026-08-28,2026-08-28
INSERT,2026-08-28T00:00:00,2026-08-28,PT0567447,LST0567447,AG02103,LOC0235,Condo,2,1.0,2238,6742,1929,1031700.0,2026-08-28,Active,,,0,599.53,3,Yes,No,2026-08-28,2026-08-28
INSERT,2026-08-28T00:00:00,2026-08-28,PT0567448,LST0567448,AG02762,LOC0062,Single Family,6,4.5,2598,2568,1933,731500.0,2026-08-28,Active,,,0,0.0,2,No,Yes,2026-08-28,2026-08-28
INSERT,2026-08-28T00:00:00,2026-08-28,PT0567449,LST0567449,AG01732,LOC0184,Single Family,4,4.0,2204,1517,1954,1050600.0,2026-08-28,Active,,,0,0.0,2,No,Yes,2026-08-28,2026-08-28
INSERT,2026-08-28T00:00:00,2026-08-28,PT0567450,LST0567450,AG00533,LOC0194,Condo,2,4.5,866,1768,1964,336800.0,2026-08-28,Active,,,0,564.96,2,No,No,2026-08-28,2026-08-28
INSERT,2026-08-28T00:00:00,2026-08-28,PT0567451,LST0567451,AG00141,LOC0167,Single Family,4,1.5,300,10426,1951,110400.0,2026-08-28,Active,,,0,0.0,3,No,No,2026-08-28,2026-08-28
INSERT,2026-08-28T00:00:00,2026-08-28,PT0567452,LST0567452,AG01445,LOC0159,Multi-Family,3,4.0,3702,5190,1979,1186200.0,2026-08-28,Active,,,0,0.0,3,Yes,No,2026-08-28,2026-08-28
INSERT,2026-08-28T00:00:00,2026-08-28,PT0567453,LST0567453,AG01025,LOC0061,Townhouse,3,3.5,1638,7024,2008,287300.0,2026-08-28,Active,,,0,730.12,0,No,No,2026-08-28,2026-08-28
INSERT,2026-08-28T00:00:00,2026-08-28,PT0567454,LST0567454,AG01173,LOC0002,Single Family,5,3.0,1318,2977,1909,171500.0,2026-08-28,Active,,,0,0.0,2,No,Yes,2026-08-28,2026-08-28
INSERT,2026-08-28T00:00:00,2026-08-28,PT0567455,LST0567455,AG00981,LOC0191,Condo,5,2.5,727,1727,1982,192300.0,2026-08-28,Active,,,0,295.45,2,No,No,2026-08-28,2026-08-28
INSERT,2026-08-28T00:00:00,2026-08-28,PT0567456,LST0567456,AG01887,LOC0057,Single Family,6,2.0,1566,1499,1989,867000.0,2026-08-28,Active,,,0,0.0,1,No,Yes,2026-08-28,2026-08-28
INSERT,2026-08-28T00:00:00,2026-08-28,PT0567457,LST0567457,AG01075,LOC0213,Multi-Family,4,2.5,3218,6143,1910,801900.0,2026-08-28,Active,,,0,0.0,1,No,Yes,2026-08-28,2026-08-28
INSERT,2026-08-28T00:00:00,2026-08-28,PT0567458,LST0567458,AG01960,LOC0248,Single Family,2,1.0,1763,5185,1936,513500.0,2026-08-28,Active,,,0,0.0,0,Yes,Yes,2026-08-28,2026-08-28
INSERT,2026-08-28T00:00:00,2026-08-28,PT0567459,LST0567459,AG01658,LOC0092,Single Family,1,1.5,1664,7650,1930,436100.0,2026-08-28,Active,,,0,0.0,0,Yes,No,2026-08-28,2026-08-28
INSERT,2026-08-28T00:00:00,2026-08-28,PT0567460,LST0567460,AG01686,LOC0144,Single Family,1,4.0,2444,1603,1978,784500.0,2026-08-28,Active,,,0,0.0,1,No,No,2026-08-28,2026-08-28
INSERT,2026-08-28T00:00:00,2026-08-28,PT0567461,LST0567461,AG00960,LOC0154,Single Family,2,1.5,1994,2899,1960,164100.0,2026-08-28,Active,,,0,0.0,2,No,No,2026-08-28,2026-08-28
INSERT,2026-08-28T00:00:00,2026-08-28,PT0567462,LST0567462,AG00907,LOC0117,Single Family,1,2.5,1796,10630,2007,706500.0,2026-08-28,Active,,,0,0.0,2,No,No,2026-08-28,2026-08-28
INSERT,2026-08-28T00:00:00,2026-08-28,PT0567463,LST0567463,AG02991,LOC0240,Condo,4,4.0,1103,1432,2023,177900.0,2026-08-28,Active,,,0,588.52,3,No,No,2026-08-28,2026-08-28
INSERT,2026-08-28T00:00:00,2026-08-28,PT0567464,LST0567464,AG01718,LOC0099,Single Family,3,1.0,985,7725,1938,442800.0,2026-08-28,Active,,,0,0.0,3,No,Yes,2026-08-28,2026-08-28
INSERT,2026-08-28T00:00:00,2026-08-28,PT0567465,LST0567465,AG00021,LOC0143,Single Family,1,2.5,1036,4602,1946,134400.0,2026-08-28,Active,,,0,0.0,0,No,Yes,2026-08-28,2026-08-28
INSERT,2026-08-28T00:00:00,2026-08-28,PT0567466,LST0567466,AG02282,LOC0162,Single Family,3,1.0,1237,1979,2015,353800.0,2026-08-28,Active,,,0,0.0,1,No,Yes,2026-08-28,2026-08-28
INSERT,2026-08-28T00:00:00,2026-08-28,PT0567467,LST0567467,AG01687,LOC0249,Single Family,4,2.5,2695,12341,1973,553700.0,2026-08-28,Active,,,0,0.0,1,No,No,2026-08-28,2026-08-28
INSERT,2026-08-28T00:00:00,2026-08-28,PT0567468,LST0567468,AG02706,LOC0068,Townhouse,5,2.5,2356,2037,2022,661000.0,2026-08-28,Active,,,0,463.37,0,No,No,2026-08-28,2026-08-28
INSERT,2026-08-28T00:00:00,2026-08-28,PT0567469,LST0567469,AG01492,LOC0059,Single Family,4,2.0,1959,6256,1954,448500.0,2026-08-28,Active,,,0,0.0,1,No,Yes,2026-08-28,2026-08-28
INSERT,2026-08-28T00:00:00,2026-08-28,PT0567470,LST0567470,AG02995,LOC0036,Apartment,2,2.0,798,0,1966,337100.0,2026-08-28,Active,,,0,781.36,2,No,No,2026-08-28,2026-08-28
INSERT,2026-08-28T00:00:00,2026-08-28,PT0567471,LST0567471,AG00382,LOC0147,Single Family,5,3.0,1239,1589,1960,166300.0,2026-08-28,Active,,,0,0.0,3,No,No,2026-08-28,2026-08-28
INSERT,2026-08-28T00:00:00,2026-08-28,PT0567472,LST0567472,AG02351,LOC0249,Single Family,6,3.5,1284,1657,1902,351000.0,2026-08-28,Active,,,0,0.0,3,Yes,No,2026-08-28,2026-08-28
INSERT,2026-08-28T00:00:00,2026-08-28,PT0567473,LST0567473,AG00790,LOC0105,Multi-Family,5,2.5,3792,4881,1989,407600.0,2026-08-28,Active,,,0,0.0,1,No,No,2026-08-28,2026-08-28
INSERT,2026-08-28T00:00:00,2026-08-28,PT0567474,LST0567474,AG02106,LOC0076,Condo,3,2.0,652,2720,1956,219500.0,2026-08-28,Active,,,0,324.0,3,No,No,2026-08-28,2026-08-28
INSERT,2026-08-28T00:00:00,2026-08-28,PT0567475,LST0567475,AG01638,LOC0154,Condo,1,1.0,1951,3500,1989,305800.0,2026-08-28,Active,,,0,480.88,3,No,No,2026-08-28,2026-08-28
INSERT,2026-08-28T00:00:00,2026-08-28,PT0567476,LST0567476,AG00174,LOC0191,Single Family,5,2.0,1569,19741,2014,502800.0,2026-08-28,Active,,,0,0.0,3,Yes,Yes,2026-08-28,2026-08-28
INSERT,2026-08-28T00:00:00,2026-08-28,PT0567477,LST0567477,AG01778,LOC0017,Single Family,3,1.5,2067,3718,1976,938500.0,2026-08-28,Active,,,0,0.0,0,No,Yes,2026-08-28,2026-08-28
INSERT,2026-08-28T00:00:00,2026-08-28,PT0567478,LST0567478,AG00186,LOC0152,Condo,5,3.0,1892,6005,1993,300200.0,2026-08-28,Active,,,0,321.08,0,No,No,2026-08-28,2026-08-28
INSERT,2026-08-28T00:00:00,2026-08-28,PT0567479,LST0567479,AG02655,LOC0094,Single Family,2,2.5,2730,5188,1933,783000.0,2026-08-28,Active,,,0,0.0,1,Yes,Yes,2026-08-28,2026-08-28
INSERT,2026-08-28T00:00:00,2026-08-28,PT0567480,LST0567480,AG02589,LOC0075,Condo,6,4.5,1633,1977,2007,276500.0,2026-08-28,Active,,,0,280.17,1,No,No,2026-08-28,2026-08-28
INSERT,2026-08-28T00:00:00,2026-08-28,PT0567481,LST0567481,AG01260,LOC0182,Single Family,1,4.5,2802,5184,1954,751700.0,2026-08-28,Active,,,0,0.0,0,Yes,No,2026-08-28,2026-08-28
INSERT,2026-08-28T00:00:00,2026-08-28,PT0567482,LST0567482,AG01918,LOC0107,Townhouse,1,4.0,872,2152,1921,226100.0,2026-08-28,Active,,,0,213.33,2,No,No,2026-08-28,2026-08-28
INSERT,2026-08-28T00:00:00,2026-08-28,PT0567483,LST0567483,AG01749,LOC0185,Multi-Family,5,2.5,3886,4778,1983,1747300.0,2026-08-28,Active,,,0,0.0,2,No,No,2026-08-28,2026-08-28
INSERT,2026-08-28T00:00:00,2026-08-28,PT0567484,LST0567484,AG00433,LOC0047,Multi-Family,2,2.5,3582,6492,1914,1377900.0,2026-08-28,Active,,,0,0.0,3,No,No,2026-08-28,2026-08-28
INSERT,2026-08-28T00:00:00,2026-08-28,PT0567485,LST0567485,AG01820,LOC0170,Condo,6,2.5,2261,5347,2013,1235000.0,2026-08-28,Active,,,0,470.52,0,No,No,2026-08-28,2026-08-28
INSERT,2026-08-28T00:00:00,2026-08-28,PT0567486,LST0567486,AG02869,LOC0156,Multi-Family,3,1.0,2946,1386,2002,1942000.0,2026-08-28,Active,,,0,0.0,2,Yes,No,2026-08-28,2026-08-28
INSERT,2026-08-28T00:00:00,2026-08-28,PT0567487,LST0567487,AG01911,LOC0149,Single Family,6,4.0,1879,2907,1934,391200.0,2026-08-28,Active,,,0,0.0,1,Yes,No,2026-08-28,2026-08-28
INSERT,2026-08-28T00:00:00,2026-08-28,PT0567488,LST0567488,AG01108,LOC0007,Multi-Family,5,1.5,2665,6544,1990,480200.0,2026-08-28,Active,,,0,0.0,0,Yes,No,2026-08-28,2026-08-28
INSERT,2026-08-28T00:00:00,2026-08-28,PT0567489,LST0567489,AG02435,LOC0034,Condo,6,4.5,963,1011,1962,689100.0,2026-08-28,Active,,,0,684.14,2,No,No,2026-08-28,2026-08-28
INSERT,2026-08-28T00:00:00,2026-08-28,PT0567490,LST0567490,AG01438,LOC0072,Multi-Family,6,4.0,6183,12034,2003,759900.0,2026-08-28,Active,,,0,0.0,0,No,No,2026-08-28,2026-08-28
INSERT,2026-08-28T00:00:00,2026-08-28,PT0567491,LST0567491,AG02321,LOC0074,Single Family,3,2.5,1575,3546,1930,541600.0,2026-08-28,Active,,,0,0.0,2,No,No,2026-08-28,2026-08-28
INSERT,2026-08-28T00:00:00,2026-08-28,PT0567492,LST0567492,AG01811,LOC0190,Condo,1,1.0,1313,16726,2003,223700.0,2026-08-28,Active,,,0,744.2,0,Yes,No,2026-08-28,2026-08-28
INSERT,2026-08-28T00:00:00,2026-08-28,PT0567493,LST0567493,AG00622,LOC0148,Condo,1,1.0,1559,1557,1951,101600.0,2026-08-28,Active,,,0,154.17,0,Yes,No,2026-08-28,2026-08-28
INSERT,2026-08-28T00:00:00,2026-08-28,PT0567494,LST0567494,AG01445,LOC0035,Single Family,1,2.0,2690,3538,1913,263200.0,2026-08-28,Active,,,0,0.0,3,Yes,No,2026-08-28,2026-08-28
INSERT,2026-08-28T00:00:00,2026-08-28,PT0567495,LST0567495,AG02486,LOC0092,Multi-Family,2,4.5,1252,5193,1917,220600.0,2026-08-28,Active,,,0,0.0,1,Yes,Yes,2026-08-28,2026-08-28
INSERT,2026-08-28T00:00:00,2026-08-28,PT0567496,LST0567496,AG02430,LOC0128,Land,0,0.0,5061,10152,1919,1345300.0,2026-08-28,Active,,,0,0.0,0,No,No,2026-08-28,2026-08-28
INSERT,2026-08-28T00:00:00,2026-08-28,PT0567497,LST0567497,AG02972,LOC0212,Single Family,4,2.5,2820,11732,1939,1757600.0,2026-08-28,Active,,,0,0.0,1,No,No,2026-08-28,2026-08-28
INSERT,2026-08-28T00:00:00,2026-08-28,PT0567498,LST0567498,AG01858,LOC0073,Condo,6,4.5,2260,13506,2003,847600.0,2026-08-28,Active,,,0,167.26,1,No,No,2026-08-28,2026-08-28
INSERT,2026-08-28T00:00:00,2026-08-28,PT0567499,LST0567499,AG01593,LOC0233,Condo,6,3.0,2044,3047,1913,312200.0,2026-08-28,Active,,,0,291.35,2,No,No,2026-08-28,2026-08-28
INSERT,2026-08-28T00:00:00,2026-08-28,PT0567500,LST0567500,AG00144,LOC0014,Condo,5,2.0,1235,1517,2011,414700.0,2026-08-28,Active,,,0,346.25,0,Yes,No,2026-08-28,2026-08-28
INSERT,2026-08-28T00:00:00,2026-08-28,PT0567501,LST0567501,AG02779,LOC0210,Townhouse,4,1.5,1458,4169,1985,486400.0,2026-08-28,Active,,,0,162.51,0,No,No,2026-08-28,2026-08-28
INSERT,2026-08-28T00:00:00,2026-08-28,PT0567502,LST0567502,AG02888,LOC0074,Single Family,5,2.0,1983,2977,1920,699600.0,2026-08-28,Active,,,0,0.0,2,No,Yes,2026-08-28,2026-08-28
INSERT,2026-08-28T00:00:00,2026-08-28,PT0567503,LST0567503,AG00812,LOC0240,Single Family,5,1.0,1242,3482,1939,169700.0,2026-08-28,Active,,,0,0.0,2,No,Yes,2026-08-28,2026-08-28
INSERT,2026-08-28T00:00:00,2026-08-28,PT0567504,LST0567504,AG01399,LOC0242,Single Family,6,3.0,2375,1014,1930,381000.0,2026-08-28,Active,,,0,0.0,2,No,Yes,2026-08-28,2026-08-28
INSERT,2026-08-28T00:00:00,2026-08-28,PT0567505,LST0567505,AG01155,LOC0152,Condo,6,4.0,2750,1030,1967,198000.0,2026-08-28,Active,,,0,126.15,0,No,No,2026-08-28,2026-08-28
INSERT,2026-08-28T00:00:00,2026-08-28,PT0567506,LST0567506,AG01593,LOC0141,Condo,6,1.0,884,5635,2007,123300.0,2026-08-28,Active,,,0,598.17,0,No,No,2026-08-28,2026-08-28
INSERT,2026-08-28T00:00:00,2026-08-28,PT0567507,LST0567507,AG01533,LOC0121,Land,0,0.0,4937,1826,2008,1902700.0,2026-08-28,Active,,,0,0.0,0,No,No,2026-08-28,2026-08-28
INSERT,2026-08-28T00:00:00,2026-08-28,PT0567508,LST0567508,AG01661,LOC0213,Single Family,5,4.5,1813,9423,2017,420600.0,2026-08-28,Active,,,0,0.0,3,No,Yes,2026-08-28,2026-08-28
INSERT,2026-08-28T00:00:00,2026-08-28,PT0567509,LST0567509,AG02495,LOC0077,Single Family,4,2.5,2659,1967,1991,773900.0,2026-08-28,Active,,,0,0.0,2,No,Yes,2026-08-28,2026-08-28
INSERT,2026-08-28T00:00:00,2026-08-28,PT0567510,LST0567510,AG02425,LOC0200,Single Family,6,4.0,1533,2096,2007,438500.0,2026-08-28,Active,,,0,0.0,1,No,Yes,2026-08-28,2026-08-28
INSERT,2026-08-28T00:00:00,2026-08-28,PT0567511,LST0567511,AG00011,LOC0045,Apartment,2,1.0,1310,0,1986,474000.0,2026-08-28,Active,,,0,753.36,2,No,No,2026-08-28,2026-08-28
INSERT,2026-08-28T00:00:00,2026-08-28,PT0567512,LST0567512,AG01817,LOC0177,Townhouse,4,2.5,2910,1840,1933,1581400.0,2026-08-28,Active,,,0,660.71,1,No,No,2026-08-28,2026-08-28
INSERT,2026-08-28T00:00:00,2026-08-28,PT0567513,LST0567513,AG02908,LOC0244,Multi-Family,6,2.0,5982,2172,1949,1360300.0,2026-08-28,Active,,,0,0.0,3,Yes,No,2026-08-28,2026-08-28
INSERT,2026-08-28T00:00:00,2026-08-28,PT0567514,LST0567514,AG00928,LOC0165,Single Family,1,2.0,2020,3233,1930,851500.0,2026-08-28,Active,,,0,0.0,1,No,Yes,2026-08-28,2026-08-28
INSERT,2026-08-28T00:00:00,2026-08-28,PT0567515,LST0567515,AG02085,LOC0054,Multi-Family,5,1.5,4955,14897,1920,1246100.0,2026-08-28,Active,,,0,0.0,0,No,Yes,2026-08-28,2026-08-28
INSERT,2026-08-28T00:00:00,2026-08-28,PT0567516,LST0567516,AG02847,LOC0050,Single Family,3,2.0,1522,8031,1936,475600.0,2026-08-28,Active,,,0,0.0,0,No,No,2026-08-28,2026-08-28
INSERT,2026-08-28T00:00:00,2026-08-28,PT0567517,LST0567517,AG02508,LOC0223,Single Family,2,1.0,2324,3556,1993,541100.0,2026-08-28,Active,,,0,0.0,2,No,No,2026-08-28,2026-08-28
INSERT,2026-08-28T00:00:00,2026-08-28,PT0567518,LST0567518,AG02757,LOC0184,Townhouse,5,4.0,862,1945,1920,366200.0,2026-08-28,Active,,,0,368.08,3,No,No,2026-08-28,2026-08-28
INSERT,2026-08-28T00:00:00,2026-08-28,PT0567519,LST0567519,AG00862,LOC0195,Single Family,2,4.5,1327,8302,1920,77500.0,2026-08-28,Active,,,0,0.0,3,No,Yes,2026-08-28,2026-08-28
INSERT,2026-08-28T00:00:00,2026-08-28,PT0567520,LST0567520,AG01814,LOC0182,Townhouse,1,2.5,2232,1389,2023,728400.0,2026-08-28,Active,,,0,212.68,1,No,No,2026-08-28,2026-08-28
INSERT,2026-08-28T00:00:00,2026-08-28,PT0567521,LST0567521,AG02417,LOC0004,Single Family,6,1.5,2327,10404,1961,255100.0,2026-08-28,Active,,,0,0.0,1,Yes,No,2026-08-28,2026-08-28
INSERT,2026-08-28T00:00:00,2026-08-28,PT0567522,LST0567522,AG02215,LOC0205,Single Family,4,2.5,1936,2083,1930,328300.0,2026-08-28,Active,,,0,0.0,2,Yes,No,2026-08-28,2026-08-28
INSERT,2026-08-28T00:00:00,2026-08-28,PT0567523,LST0567523,AG00637,LOC0227,Multi-Family,3,3.5,2058,9534,1967,634500.0,2026-08-28,Active,,,0,0.0,2,No,No,2026-08-28,2026-08-28
INSERT,2026-08-28T00:00:00,2026-08-28,PT0567524,LST0567524,AG02186,LOC0197,Multi-Family,3,4.0,2679,3126,1900,1026200.0,2026-08-28,Active,,,0,0.0,1,No,No,2026-08-28,2026-08-28
INSERT,2026-08-28T00:00:00,2026-08-28,PT0567525,LST0567525,AG02142,LOC0064,Condo,6,3.5,3756,19077,2017,986300.0,2026-08-28,Active,,,0,430.59,3,No,No,2026-08-28,2026-08-28
INSERT,2026-08-28T00:00:00,2026-08-28,PT0567526,LST0567526,AG01014,LOC0076,Single Family,2,3.0,2111,4748,1988,174300.0,2026-08-28,Active,,,0,0.0,0,No,No,2026-08-28,2026-08-28
INSERT,2026-08-28T00:00:00,2026-08-28,PT0567527,LST0567527,AG01104,LOC0173,Single Family,1,3.5,1043,10886,1921,408200.0,2026-08-28,Active,,,0,0.0,2,Yes,No,2026-08-28,2026-08-28
INSERT,2026-08-28T00:00:00,2026-08-28,PT0567528,LST0567528,AG01278,LOC0009,Single Family,3,1.0,2057,1221,1952,181300.0,2026-08-28,Active,,,0,0.0,0,No,No,2026-08-28,2026-08-28
INSERT,2026-08-28T00:00:00,2026-08-28,PT0567529,LST0567529,AG00005,LOC0023,Single Family,6,4.0,4248,15176,1987,1725800.0,2026-08-28,Active,,,0,0.0,2,No,Yes,2026-08-28,2026-08-28
INSERT,2026-08-28T00:00:00,2026-08-28,PT0567530,LST0567530,AG01697,LOC0023,Condo,1,3.0,1490,7335,1993,262900.0,2026-08-28,Active,,,0,570.45,0,No,No,2026-08-28,2026-08-28
INSERT,2026-08-28T00:00:00,2026-08-28,PT0567531,LST0567531,AG01542,LOC0196,Single Family,2,2.5,2117,3639,1960,822600.0,2026-08-28,Active,,,0,0.0,3,No,Yes,2026-08-28,2026-08-28
INSERT,2026-08-28T00:00:00,2026-08-28,PT0567532,LST0567532,AG02945,LOC0174,Single Family,6,2.5,1659,4518,2007,929200.0,2026-08-28,Active,,,0,0.0,1,No,No,2026-08-28,2026-08-28
INSERT,2026-08-28T00:00:00,2026-08-28,PT0567533,LST0567533,AG02769,LOC0105,Single Family,1,3.0,300,12103,1944,45600.0,2026-08-28,Active,,,0,0.0,3,No,Yes,2026-08-28,2026-08-28
INSERT,2026-08-28T00:00:00,2026-08-28,PT0567534,LST0567534,AG02465,LOC0158,Single Family,2,1.0,1519,6156,1949,545300.0,2026-08-28,Active,,,0,0.0,2,No,Yes,2026-08-28,2026-08-28
INSERT,2026-08-28T00:00:00,2026-08-28,PT0567535,LST0567535,AG01746,LOC0003,Condo,5,4.5,2280,9044,1975,265700.0,2026-08-28,Active,,,0,507.08,2,No,No,2026-08-28,2026-08-28
INSERT,2026-08-28T00:00:00,2026-08-28,PT0567536,LST0567536,AG00946,LOC0014,Single Family,4,1.0,1832,1541,1989,370000.0,2026-08-28,Active,,,0,0.0,1,No,Yes,2026-08-28,2026-08-28
INSERT,2026-08-28T00:00:00,2026-08-28,PT0567537,LST0567537,AG02952,LOC0202,Single Family,6,2.5,2099,6238,2016,485200.0,2026-08-28,Active,,,0,0.0,0,No,No,2026-08-28,2026-08-28
INSERT,2026-08-28T00:00:00,2026-08-28,PT0567538,LST0567538,AG02588,LOC0244,Single Family,3,2.5,1550,6917,1942,211500.0,2026-08-28,Active,,,0,0.0,3,No,No,2026-08-28,2026-08-28
INSERT,2026-08-28T00:00:00,2026-08-28,PT0567539,LST0567539,AG02185,LOC0142,Single Family,1,4.5,1453,4687,1969,405400.0,2026-08-28,Active,,,0,0.0,2,Yes,No,2026-08-28,2026-08-28
INSERT,2026-08-28T00:00:00,2026-08-28,PT0567540,LST0567540,AG02080,LOC0019,Multi-Family,1,2.0,2517,1201,1970,526500.0,2026-08-28,Active,,,0,0.0,2,No,Yes,2026-08-28,2026-08-28
INSERT,2026-08-28T00:00:00,2026-08-28,PT0567541,LST0567541,AG02794,LOC0237,Townhouse,6,1.0,1441,15848,1979,238400.0,2026-08-28,Active,,,0,569.97,1,No,No,2026-08-28,2026-08-28
INSERT,2026-08-28T00:00:00,2026-08-28,PT0567542,LST0567542,AG01621,LOC0027,Single Family,6,4.5,2096,1781,1925,513100.0,2026-08-28,Active,,,0,0.0,1,No,Yes,2026-08-28,2026-08-28
INSERT,2026-08-28T00:00:00,2026-08-28,PT0567543,LST0567543,AG02813,LOC0084,Apartment,2,1.5,441,0,1946,174200.0,2026-08-28,Active,,,0,160.96,2,No,No,2026-08-28,2026-08-28
INSERT,2026-08-28T00:00:00,2026-08-28,PT0567544,LST0567544,AG02803,LOC0042,Land,0,0.0,2108,2684,1903,870800.0,2026-08-28,Active,,,0,0.0,0,No,No,2026-08-28,2026-08-28
INSERT,2026-08-28T00:00:00,2026-08-28,PT0567545,LST0567545,AG01963,LOC0189,Townhouse,6,2.5,1454,4999,1959,545200.0,2026-08-28,Active,,,0,624.93,3,No,No,2026-08-28,2026-08-28
INSERT,2026-08-28T00:00:00,2026-08-28,PT0567546,LST0567546,AG01831,LOC0023,Single Family,5,1.0,1606,2925,2004,384000.0,2026-08-28,Active,,,0,0.0,0,No,No,2026-08-28,2026-08-28
INSERT,2026-08-28T00:00:00,2026-08-28,PT0567547,LST0567547,AG02500,LOC0034,Townhouse,6,1.0,902,3858,1906,639100.0,2026-08-28,Active,,,0,79.55,0,No,No,2026-08-28,2026-08-28
INSERT,2026-08-28T00:00:00,2026-08-28,PT0567548,LST0567548,AG02010,LOC0006,Single Family,1,2.0,2026,2053,2013,374600.0,2026-08-28,Active,,,0,0.0,3,No,No,2026-08-28,2026-08-28
INSERT,2026-08-28T00:00:00,2026-08-28,PT0567549,LST0567549,AG00158,LOC0047,Single Family,4,4.0,2134,1019,1973,961300.0,2026-08-28,Active,,,0,0.0,0,No,No,2026-08-28,2026-08-28
INSERT,2026-08-28T00:00:00,2026-08-28,PT0567550,LST0567550,AG01343,LOC0197,Single Family,3,3.5,1753,1817,1947,413700.0,2026-08-28,Active,,,0,0.0,2,No,Yes,2026-08-28,2026-08-28
INSERT,2026-08-28T00:00:00,2026-08-28,PT0567551,LST0567551,AG01179,LOC0171,Condo,6,1.0,1988,1853,1990,275000.0,2026-08-28,Active,,,0,631.22,2,No,No,2026-08-28,2026-08-28
INSERT,2026-08-28T00:00:00,2026-08-28,PT0567552,LST0567552,AG02723,LOC0137,Multi-Family,1,1.0,968,5521,1990,372800.0,2026-08-28,Active,,,0,0.0,1,No,No,2026-08-28,2026-08-28
INSERT,2026-08-28T00:00:00,2026-08-28,PT0567553,LST0567553,AG01120,LOC0058,Apartment,1,4.0,1068,0,1977,380100.0,2026-08-28,Active,,,0,435.66,0,No,No,2026-08-28,2026-08-28
INSERT,2026-08-28T00:00:00,2026-08-28,PT0567554,LST0567554,AG02771,LOC0171,Single Family,5,1.0,1776,2899,1926,379800.0,2026-08-28,Active,,,0,0.0,1,No,Yes,2026-08-28,2026-08-28
INSERT,2026-08-28T00:00:00,2026-08-28,PT0567555,LST0567555,AG01841,LOC0112,Land,0,0.0,6993,1378,1957,1009000.0,2026-08-28,Active,,,0,0.0,0,No,No,2026-08-28,2026-08-28
INSERT,2026-08-28T00:00:00,2026-08-28,PT0567556,LST0567556,AG01977,LOC0250,Single Family,4,3.0,690,3732,1997,194000.0,2026-08-28,Active,,,0,0.0,2,No,No,2026-08-28,2026-08-28
INSERT,2026-08-28T00:00:00,2026-08-28,PT0567557,LST0567557,AG02819,LOC0092,Single Family,3,2.0,2927,2571,2003,337600.0,2026-08-28,Active,,,0,0.0,3,Yes,Yes,2026-08-28,2026-08-28
INSERT,2026-08-28T00:00:00,2026-08-28,PT0567558,LST0567558,AG00407,LOC0021,Single Family,3,3.5,1692,9369,1962,288100.0,2026-08-28,Active,,,0,0.0,0,No,Yes,2026-08-28,2026-08-28
INSERT,2026-08-28T00:00:00,2026-08-28,PT0567559,LST0567559,AG01622,LOC0235,Land,0,0.0,4534,32584,2007,2915600.0,2026-08-28,Active,,,0,0.0,0,No,No,2026-08-28,2026-08-28
INSERT,2026-08-28T00:00:00,2026-08-28,PT0567560,LST0567560,AG00816,LOC0243,Single Family,1,2.5,2856,14943,1940,1689300.0,2026-08-28,Active,,,0,0.0,0,Yes,Yes,2026-08-28,2026-08-28
INSERT,2026-08-28T00:00:00,2026-08-28,PT0567561,LST0567561,AG00231,LOC0013,Single Family,6,2.5,1917,5936,1970,530600.0,2026-08-28,Active,,,0,0.0,0,No,Yes,2026-08-28,2026-08-28
INSERT,2026-08-28T00:00:00,2026-08-28,PT0567562,LST0567562,AG01251,LOC0204,Single Family,6,2.5,2256,2290,1928,1021500.0,2026-08-28,Active,,,0,0.0,3,No,No,2026-08-28,2026-08-28
INSERT,2026-08-28T00:00:00,2026-08-28,PT0567563,LST0567563,AG02813,LOC0151,Condo,4,1.0,3035,7435,2012,558700.0,2026-08-28,Active,,,0,492.36,0,No,No,2026-08-28,2026-08-28
INSERT,2026-08-28T00:00:00,2026-08-28,PT0567564,LST0567564,AG00089,LOC0024,Condo,5,2.5,1826,4539,1933,649400.0,2026-08-28,Active,,,0,372.22,2,No,No,2026-08-28,2026-08-28
INSERT,2026-08-28T00:00:00,2026-08-28,PT0567565,LST0567565,AG01018,LOC0235,Condo,5,4.0,2614,1463,1985,979200.0,2026-08-28,Active,,,0,449.36,0,No,No,2026-08-28,2026-08-28
INSERT,2026-08-28T00:00:00,2026-08-28,PT0567566,LST0567566,AG01352,LOC0064,Townhouse,2,1.0,2479,20092,1950,697200.0,2026-08-28,Active,,,0,764.15,1,No,No,2026-08-28,2026-08-28
INSERT,2026-08-28T00:00:00,2026-08-28,PT0567567,LST0567567,AG00702,LOC0007,Single Family,5,1.0,2499,1100,1931,717100.0,2026-08-28,Active,,,0,0.0,1,No,No,2026-08-28,2026-08-28
INSERT,2026-08-28T00:00:00,2026-08-28,PT0567568,LST0567568,AG01143,LOC0073,Single Family,1,4.5,1531,4619,2011,638200.0,2026-08-28,Active,,,0,0.0,3,No,No,2026-08-28,2026-08-28
INSERT,2026-08-28T00:00:00,2026-08-28,PT0567569,LST0567569,AG01994,LOC0020,Single Family,3,3.5,2022,2811,1929,510300.0,2026-08-28,Active,,,0,0.0,1,No,Yes,2026-08-28,2026-08-28
INSERT,2026-08-28T00:00:00,2026-08-28,PT0567570,LST0567570,AG02953,LOC0248,Single Family,2,4.0,1326,9723,1924,333500.0,2026-08-28,Active,,,0,0.0,3,No,Yes,2026-08-28,2026-08-28
INSERT,2026-08-28T00:00:00,2026-08-28,PT0567571,LST0567571,AG02087,LOC0068,Condo,4,2.5,1547,7435,1989,475100.0,2026-08-28,Active,,,0,525.95,1,No,No,2026-08-28,2026-08-28
INSERT,2026-08-28T00:00:00,2026-08-28,PT0567572,LST0567572,AG00848,LOC0108,Condo,5,4.5,603,2164,1969,127600.0,2026-08-28,Active,,,0,378.46,1,No,No,2026-08-28,2026-08-28
INSERT,2026-08-28T00:00:00,2026-08-28,PT0567573,LST0567573,AG02430,LOC0026,Townhouse,5,3.0,1372,1572,2003,634200.0,2026-08-28,Active,,,0,401.66,3,No,No,2026-08-28,2026-08-28
INSERT,2026-08-28T00:00:00,2026-08-28,PT0567574,LST0567574,AG00019,LOC0059,Single Family,2,2.5,2204,12595,1982,284400.0,2026-08-28,Active,,,0,0.0,1,Yes,No,2026-08-28,2026-08-28
INSERT,2026-08-28T00:00:00,2026-08-28,PT0567575,LST0567575,AG00499,LOC0172,Single Family,1,4.5,1685,15499,2012,108400.0,2026-08-28,Active,,,0,0.0,3,No,No,2026-08-28,2026-08-28
INSERT,2026-08-28T00:00:00,2026-08-28,PT0567576,LST0567576,AG01074,LOC0066,Condo,2,4.5,1392,8832,1932,171400.0,2026-08-28,Active,,,0,447.16,1,No,No,2026-08-28,2026-08-28
INSERT,2026-08-28T00:00:00,2026-08-28,PT0567577,LST0567577,AG02512,LOC0081,Single Family,4,2.0,1007,1041,1956,267600.0,2026-08-28,Active,,,0,0.0,3,No,Yes,2026-08-28,2026-08-28
INSERT,2026-08-28T00:00:00,2026-08-28,PT0567578,LST0567578,AG02431,LOC0145,Multi-Family,1,3.0,2315,1083,2017,533800.0,2026-08-28,Active,,,0,0.0,3,No,Yes,2026-08-28,2026-08-28
INSERT,2026-08-28T00:00:00,2026-08-28,PT0567579,LST0567579,AG00395,LOC0195,Single Family,6,1.5,2146,4395,1950,494500.0,2026-08-28,Active,,,0,0.0,3,No,No,2026-08-28,2026-08-28
INSERT,2026-08-28T00:00:00,2026-08-28,PT0567580,LST0567580,AG00942,LOC0173,Single Family,2,3.5,912,2405,2022,559900.0,2026-08-28,Active,,,0,0.0,0,No,No,2026-08-28,2026-08-28
INSERT,2026-08-28T00:00:00,2026-08-28,PT0567581,LST0567581,AG00224,LOC0115,Single Family,3,3.0,1958,10173,1924,675800.0,2026-08-28,Active,,,0,0.0,2,No,No,2026-08-28,2026-08-28
INSERT,2026-08-28T00:00:00,2026-08-28,PT0567582,LST0567582,AG02038,LOC0134,Land,0,0.0,6221,6052,1979,2721000.0,2026-08-28,Active,,,0,0.0,0,No,No,2026-08-28,2026-08-28
INSERT,2026-08-28T00:00:00,2026-08-28,PT0567583,LST0567583,AG01718,LOC0147,Townhouse,3,3.5,1235,2286,1945,41000.0,2026-08-28,Active,,,0,352.66,0,No,No,2026-08-28,2026-08-28
INSERT,2026-08-28T00:00:00,2026-08-28,PT0567584,LST0567584,AG02181,LOC0140,Single Family,5,4.5,3066,12377,1917,1449800.0,2026-08-28,Active,,,0,0.0,1,No,Yes,2026-08-28,2026-08-28
INSERT,2026-08-28T00:00:00,2026-08-28,PT0567585,LST0567585,AG01917,LOC0158,Apartment,3,4.0,535,0,2024,296000.0,2026-08-28,Active,,,0,618.2,0,Yes,No,2026-08-28,2026-08-28
INSERT,2026-08-28T00:00:00,2026-08-28,PT0567586,LST0567586,AG01640,LOC0200,Apartment,4,1.5,1381,0,1999,408400.0,2026-08-28,Active,,,0,240.59,2,No,No,2026-08-28,2026-08-28
INSERT,2026-08-28T00:00:00,2026-08-28,PT0567587,LST0567587,AG00540,LOC0032,Apartment,3,2.5,1530,0,1914,160600.0,2026-08-28,Active,,,0,270.45,0,No,No,2026-08-28,2026-08-28
INSERT,2026-08-28T00:00:00,2026-08-28,PT0567588,LST0567588,AG02474,LOC0061,Multi-Family,2,3.5,2427,2485,1923,298100.0,2026-08-28,Active,,,0,0.0,1,Yes,Yes,2026-08-28,2026-08-28
INSERT,2026-08-28T00:00:00,2026-08-28,PT0567589,LST0567589,AG01326,LOC0192,Townhouse,4,4.5,1099,6103,1901,507300.0,2026-08-28,Active,,,0,652.29,0,No,No,2026-08-28,2026-08-28
UPDATE,2026-08-28T00:00:00,2026-08-28,PT0450355,LST0450355,AG01569,LOC0148,Single Family,1,2.5,1098,1846,1953,417100.0,2024-12-27,Pending,,,0,0.0,2,Yes,No,2024-12-27,2026-08-28
UPDATE,2026-08-28T00:00:00,2026-08-28,PT0061464,LST0061464,AG00470,LOC0210,Single Family,2,1.0,1610,2608,1909,792000.0,2024-11-09,Active,,,58,0.0,2,Yes,No,2024-11-09,2026-08-28
UPDATE,2026-08-28T00:00:00,2026-08-28,PT0508486,LST0508486,AG02718,LOC0031,Townhouse,6,2.5,2148,9015,1967,426300.0,2026-07-07,Sold,410179.52,2026-08-28,52,448.27,2,Yes,No,2026-07-07,2026-08-28
UPDATE,2026-08-28T00:00:00,2026-08-28,PT0224099,LST0224099,AG02052,LOC0028,Land,0,0.0,8227,7079,1959,1251400.0,2023-08-13,Sold,1331209.9,2026-08-28,1111,0.0,0,No,No,2023-08-13,2026-08-28
UPDATE,2026-08-28T00:00:00,2026-08-28,PT0542417,LST0542417,AG01190,LOC0020,Townhouse,5,3.0,1102,19553,1918,306500.0,2026-08-06,Active,,,0,339.06,3,Yes,No,2026-08-06,2026-08-28
UPDATE,2026-08-28T00:00:00,2026-08-28,PT0251765,LST0251765,AG00539,LOC0021,Land,0,0.0,2235,10475,1978,320800.0,2024-06-06,Active,,,155,0.0,0,No,No,2024-06-06,2026-08-28
UPDATE,2026-08-28T00:00:00,2026-08-28,PT0085257,LST0085257,AG00530,LOC0132,Townhouse,3,2.5,3713,10006,1950,1259700.0,2023-02-11,Pending,,,98,96.0,0,No,No,2023-02-11,2026-08-28
UPDATE,2026-08-28T00:00:00,2026-08-28,PT0329220,LST0329220,AG00552,LOC0170,Single Family,6,2.5,1866,9769,1950,542000.0,2025-09-27,Active,,,45,0.0,1,No,Yes,2025-09-27,2026-08-28
UPDATE,2026-08-28T00:00:00,2026-08-28,PT0467827,LST0467827,AG00379,LOC0103,Condo,5,1.5,1437,1465,2015,269800.0,2026-02-06,Sold,273400.27,2026-08-28,203,358.0,1,No,No,2026-02-06,2026-08-28
UPDATE,2026-08-28T00:00:00,2026-08-28,PT0428808,LST0428808,AG01721,LOC0169,Multi-Family,3,3.5,2873,6891,1920,899600.0,2024-03-27,Pending,,,94,0.0,2,No,Yes,2024-03-27,2026-08-28
UPDATE,2026-08-28T00:00:00,2026-08-28,PT0148212,LST0148212,AG00384,LOC0073,Apartment,4,4.0,442,0,1930,217600.0,2025-09-29,Sold,210611.32,2026-08-28,333,475.0,0,No,No,2025-09-29,2026-08-28
UPDATE,2026-08-28T00:00:00,2026-08-28,PT0217931,LST0217931,AG02875,LOC0099,Single Family,2,3.0,2076,5402,1961,823600.0,2025-04-30,Pending,,,89,0.0,1,No,No,2025-04-30,2026-08-28
UPDATE,2026-08-28T00:00:00,2026-08-28,PT0060781,LST0060781,AG01814,LOC0176,Condo,1,2.5,2847,8920,1907,1651900.0,2024-09-19,Pending,,,147,419.0,2,No,No,2024-09-19,2026-08-28
UPDATE,2026-08-28T00:00:00,2026-08-28,PT0347927,LST0347927,AG02727,LOC0135,Condo,4,2.0,2745,3102,2024,1850000.0,2026-05-21,Active,,,173,521.0,0,No,No,2026-05-21,2026-08-28
UPDATE,2026-08-28T00:00:00,2026-08-28,PT0466992,LST0466992,AG00387,LOC0099,Multi-Family,1,1.0,3105,8397,2013,1373600.0,2024-05-13,Pending,,,13,0.0,2,No,No,2024-05-13,2026-08-28
UPDATE,2026-08-28T00:00:00,2026-08-28,PT0166701,LST0166701,AG01912,LOC0153,Condo,5,2.0,1594,11751,1919,465000.0,2023-10-28,Pending,,,170,771.0,1,No,No,2023-10-28,2026-08-28
UPDATE,2026-08-28T00:00:00,2026-08-28,PT0422954,LST0422954,AG02172,LOC0195,Single Family,6,4.0,744,3589,1900,140800.0,2025-06-27,Active,,,27,0.0,2,Yes,Yes,2025-06-27,2026-08-28
UPDATE,2026-08-28T00:00:00,2026-08-28,PT0056568,LST0056568,AG01282,LOC0216,Single Family,6,1.5,1045,4682,1992,131300.0,2026-04-22,Pending,,,7,0.0,2,No,No,2026-04-22,2026-08-28
UPDATE,2026-08-28T00:00:00,2026-08-28,PT0228679,LST0228679,AG00707,LOC0164,Apartment,4,3.0,410,0,1958,120900.0,2025-07-20,Pending,,,172,729.0,3,No,No,2025-07-20,2026-08-28
UPDATE,2026-08-28T00:00:00,2026-08-28,PT0069103,LST0069103,AG00081,LOC0044,Condo,5,2.5,1575,42060,1916,129900.0,2023-04-28,Pending,,,65,669.0,3,No,No,2023-04-28,2026-08-28
UPDATE,2026-08-28T00:00:00,2026-08-28,PT0544672,LST0544672,AG01963,LOC0143,Townhouse,3,4.0,2483,4592,1956,333900.0,2026-08-08,Pending,,,0,131.66,3,Yes,No,2026-08-08,2026-08-28
UPDATE,2026-08-28T00:00:00,2026-08-28,PT0143220,LST0143220,AG00189,LOC0008,Single Family,3,4.0,1412,1190,1943,273500.0,2023-05-17,Pending,,,104,0.0,1,No,Yes,2023-05-17,2026-08-28
UPDATE,2026-08-28T00:00:00,2026-08-28,PT0305801,LST0305801,AG00888,LOC0235,Condo,2,2.5,1890,4702,1950,1313700.0,2023-06-29,Pending,,,176,417.0,3,No,No,2023-06-29,2026-08-28
UPDATE,2026-08-28T00:00:00,2026-08-28,PT0441270,LST0441270,AG01657,LOC0170,Multi-Family,3,4.0,3818,1264,1947,2492700.0,2024-02-06,Sold,2642534.5,2026-08-28,934,0.0,3,No,Yes,2024-02-06,2026-08-28
UPDATE,2026-08-28T00:00:00,2026-08-28,PT0379355,LST0379355,AG00287,LOC0156,Condo,4,4.5,970,3745,1935,565800.0,2025-01-27,Pending,,,88,490.0,3,No,No,2025-01-27,2026-08-28
UPDATE,2026-08-28T00:00:00,2026-08-28,PT0252861,LST0252861,AG01068,LOC0116,Apartment,3,1.5,373,0,1994,151500.0,2023-10-25,Sold,140348.13,2026-08-28,1038,661.0,1,No,No,2023-10-25,2026-08-28
UPDATE,2026-08-28T00:00:00,2026-08-28,PT0042037,LST0042037,AG00054,LOC0099,Single Family,4,1.5,2294,8327,1990,929000.0,2023-02-09,Pending,,,15,0.0,2,No,Yes,2023-02-09,2026-08-28
UPDATE,2026-08-28T00:00:00,2026-08-28,PT0076040,LST0076040,AG01706,LOC0114,Single Family,2,3.5,2936,1365,2010,590200.0,2025-09-15,Active,,,6,0.0,2,No,No,2025-09-15,2026-08-28
UPDATE,2026-08-28T00:00:00,2026-08-28,PT0552515,LST0552515,AG02074,LOC0152,Single Family,1,2.5,1501,3164,1945,460800.0,2026-08-16,Active,,,0,0.0,2,No,No,2026-08-16,2026-08-28
UPDATE,2026-08-28T00:00:00,2026-08-28,PT0286518,LST0286518,AG00563,LOC0103,Condo,1,2.0,2459,1789,1926,612500.0,2024-12-12,Active,,,62,267.0,0,No,No,2024-12-12,2026-08-28
UPDATE,2026-08-28T00:00:00,2026-08-28,PT0556661,LST0556661,AG02124,LOC0088,Apartment,4,4.0,780,0,1949,83800.0,2026-08-19,Active,,,0,707.76,2,No,No,2026-08-19,2026-08-28
UPDATE,2026-08-28T00:00:00,2026-08-28,PT0026934,LST0026934,AG02595,LOC0179,Multi-Family,1,2.0,540,1096,1949,72000.0,2026-05-12,Sold,73865.35,2026-08-28,108,0.0,2,No,No,2026-05-12,2026-08-28
UPDATE,2026-08-28T00:00:00,2026-08-28,PT0419067,LST0419067,AG02671,LOC0240,Single Family,4,2.0,2662,1471,1972,819500.0,2024-10-24,Active,,,175,0.0,1,No,No,2024-10-24,2026-08-28
UPDATE,2026-08-28T00:00:00,2026-08-28,PT0522794,LST0522794,AG00362,LOC0038,Condo,4,2.5,2128,5473,1980,770300.0,2026-07-20,Pending,,,0,66.83,1,No,No,2026-07-20,2026-08-28
UPDATE,2026-08-28T00:00:00,2026-08-28,PT0107924,LST0107924,AG02824,LOC0173,Land,0,0.0,3649,1621,1966,1767500.0,2024-07-20,Sold,1856729.12,2026-08-28,769,0.0,0,No,No,2024-07-20,2026-08-28
UPDATE,2026-08-28T00:00:00,2026-08-28,PT0382033,LST0382033,AG00415,LOC0010,Condo,5,2.5,1804,3648,1993,675400.0,2023-09-27,Pending,,,163,787.0,3,No,No,2023-09-27,2026-08-28
UPDATE,2026-08-28T00:00:00,2026-08-28,PT0371759,LST0371759,AG00354,LOC0149,Apartment,4,2.0,1335,0,1983,163800.0,2026-02-27,Pending,,,168,677.0,3,No,No,2026-02-27,2026-08-28
UPDATE,2026-08-28T00:00:00,2026-08-28,PT0294298,LST0294298,AG00733,LOC0152,Townhouse,3,1.5,2755,10292,1929,641100.0,2023-06-19,Pending,,,40,591.0,1,No,No,2023-06-19,2026-08-28
UPDATE,2026-08-28T00:00:00,2026-08-28,PT0088471,LST0088471,AG02195,LOC0094,Single Family,6,3.0,2062,3438,1964,440900.0,2023-04-27,Active,,,5,0.0,1,Yes,No,2023-04-27,2026-08-28
UPDATE,2026-08-28T00:00:00,2026-08-28,PT0367019,LST0367019,AG01246,LOC0190,Single Family,2,2.5,1996,2634,1902,327800.0,2024-12-03,Pending,,,150,0.0,2,No,Yes,2024-12-03,2026-08-28
UPDATE,2026-08-28T00:00:00,2026-08-28,PT0437832,LST0437832,AG00238,LOC0025,Single Family,1,4.0,2032,5798,1934,546200.0,2023-03-30,Pending,,,48,0.0,3,No,No,2023-03-30,2026-08-28
UPDATE,2026-08-28T00:00:00,2026-08-28,PT0372691,LST0372691,AG00619,LOC0115,Single Family,3,1.0,1939,7084,2002,542200.0,2023-09-07,Pending,,,179,0.0,2,No,No,2023-09-07,2026-08-28
UPDATE,2026-08-28T00:00:00,2026-08-28,PT0498063,LST0498063,AG02854,LOC0181,Single Family,4,3.0,1843,7616,1982,529800.0,2024-12-04,Pending,,,43,0.0,0,No,No,2024-12-04,2026-08-28
UPDATE,2026-08-28T00:00:00,2026-08-28,PT0339147,LST0339147,AG01135,LOC0177,Single Family,2,1.5,3086,4066,1920,650200.0,2023-09-10,Sold,643403.25,2026-08-28,1083,0.0,0,No,Yes,2023-09-10,2026-08-28
UPDATE,2026-08-28T00:00:00,2026-08-28,PT0109572,LST0109572,AG02643,LOC0182,Single Family,1,3.0,2002,5900,1959,552500.0,2024-10-16,Pending,,,91,0.0,3,No,Yes,2024-10-16,2026-08-28
UPDATE,2026-08-28T00:00:00,2026-08-28,PT0260954,LST0260954,AG01993,LOC0212,Single Family,5,1.0,1189,5019,2018,117900.0,2023-03-14,Sold,112420.35,2026-08-28,1263,0.0,0,No,No,2023-03-14,2026-08-28
UPDATE,2026-08-28T00:00:00,2026-08-28,PT0554469,LST0554469,AG01918,LOC0106,Townhouse,6,4.0,1326,2803,1974,553400.0,2026-08-17,Pending,,,0,428.21,1,No,No,2026-08-17,2026-08-28
UPDATE,2026-08-28T00:00:00,2026-08-28,PT0364732,LST0364732,AG00922,LOC0083,Condo,1,3.0,935,3654,1966,156300.0,2024-07-13,Active,,,144,346.0,1,No,No,2024-07-13,2026-08-28
UPDATE,2026-08-28T00:00:00,2026-08-28,PT0105336,LST0105336,AG02664,LOC0230,Apartment,1,3.5,525,0,2014,151600.0,2024-10-09,Active,,,159,577.0,3,Yes,No,2024-10-09,2026-08-28
UPDATE,2026-08-28T00:00:00,2026-08-28,PT0389027,LST0389027,AG02010,LOC0215,Single Family,5,4.0,1348,8710,1915,347200.0,2024-06-16,Active,,,144,0.0,1,No,Yes,2024-06-16,2026-08-28
UPDATE,2026-08-28T00:00:00,2026-08-28,PT0544599,LST0544599,AG00553,LOC0235,Land,0,0.0,1332,1956,2019,575500.0,2026-08-08,Active,,,0,0.0,0,No,No,2026-08-08,2026-08-28
UPDATE,2026-08-28T00:00:00,2026-08-28,PT0528591,LST0528591,AG00716,LOC0112,Condo,2,3.0,2447,1564,1920,395300.0,2026-07-25,Pending,,,0,295.64,2,Yes,No,2026-07-25,2026-08-28
UPDATE,2026-08-28T00:00:00,2026-08-28,PT0456829,LST0456829,AG02853,LOC0059,Condo,2,2.5,1053,5497,1904,252700.0,2024-07-26,Pending,,,61,176.0,3,No,No,2024-07-26,2026-08-28
UPDATE,2026-08-28T00:00:00,2026-08-28,PT0307013,LST0307013,AG02965,LOC0166,Single Family,4,4.5,1992,1661,1924,699500.0,2024-09-05,Sold,686309.38,2026-08-28,722,0.0,2,No,No,2024-09-05,2026-08-28
UPDATE,2026-08-28T00:00:00,2026-08-28,PT0350911,LST0350911,AG02858,LOC0171,Single Family,1,2.0,1472,2705,1998,380000.0,2025-10-12,Pending,,,31,0.0,1,No,No,2025-10-12,2026-08-28
UPDATE,2026-08-28T00:00:00,2026-08-28,PT0554279,LST0554279,AG02228,LOC0193,Condo,4,2.5,1609,4835,1983,544000.0,2026-08-17,Sold,554933.27,2026-08-28,11,493.0,2,No,No,2026-08-17,2026-08-28
UPDATE,2026-08-28T00:00:00,2026-08-28,PT0489229,LST0489229,AG02404,LOC0245,Single Family,1,4.5,300,12451,1903,64700.0,2024-04-30,Active,,,167,0.0,0,No,No,2024-04-30,2026-08-28
UPDATE,2026-08-28T00:00:00,2026-08-28,PT0388021,LST0388021,AG01443,LOC0067,Single Family,3,4.0,1005,3508,1984,135400.0,2024-05-24,Active,,,140,0.0,0,No,Yes,2024-05-24,2026-08-28
UPDATE,2026-08-28T00:00:00,2026-08-28,PT0558637,LST0558637,AG00534,LOC0189,Townhouse,4,3.0,1137,9081,1988,230100.0,2026-08-21,Pending,,,0,153.32,0,No,No,2026-08-21,2026-08-28
UPDATE,2026-08-28T00:00:00,2026-08-28,PT0327679,LST0327679,AG02125,LOC0110,Apartment,2,3.5,1008,0,1909,200900.0,2025-09-24,Pending,,,7,307.0,3,Yes,No,2025-09-24,2026-08-28
UPDATE,2026-08-28T00:00:00,2026-08-28,PT0347510,LST0347510,AG01350,LOC0228,Single Family,1,1.5,692,2079,2018,319800.0,2025-03-08,Active,,,147,0.0,0,No,No,2025-03-08,2026-08-28
UPDATE,2026-08-28T00:00:00,2026-08-28,PT0557628,LST0557628,AG02869,LOC0205,Condo,3,3.5,2274,7719,1981,687000.0,2026-08-20,Pending,,,0,745.84,1,Yes,No,2026-08-20,2026-08-28
UPDATE,2026-08-28T00:00:00,2026-08-28,PT0005542,LST0005542,AG02957,LOC0102,Land,0,0.0,2374,1484,2006,795300.0,2026-01-21,Active,,,30,0.0,0,No,No,2026-01-21,2026-08-28
UPDATE,2026-08-28T00:00:00,2026-08-28,PT0562046,LST0562046,AG01138,LOC0034,Single Family,4,2.5,300,2874,1978,59300.0,2026-08-24,Active,,,0,0.0,2,No,Yes,2026-08-24,2026-08-28
UPDATE,2026-08-28T00:00:00,2026-08-28,PT0170624,LST0170624,AG00788,LOC0221,Single Family,4,2.0,2265,3382,1994,356200.0,2024-06-21,Sold,338832.3,2026-08-28,798,0.0,0,No,No,2024-06-21,2026-08-28
UPDATE,2026-08-28T00:00:00,2026-08-28,PT0263644,LST0263644,AG01225,LOC0045,Townhouse,1,1.0,1893,3136,1986,606200.0,2025-08-31,Sold,592296.18,2026-08-28,362,285.0,2,No,No,2025-08-31,2026-08-28
UPDATE,2026-08-28T00:00:00,2026-08-28,PT0232495,LST0232495,AG00828,LOC0117,Condo,5,2.0,1267,10942,1907,478200.0,2023-03-27,Active,,,109,255.0,0,No,No,2023-03-27,2026-08-28
UPDATE,2026-08-28T00:00:00,2026-08-28,PT0024044,LST0024044,AG00288,LOC0173,Condo,2,1.5,2452,12726,1921,1558600.0,2025-02-07,Active,,,89,305.0,1,Yes,No,2025-02-07,2026-08-28
UPDATE,2026-08-28T00:00:00,2026-08-28,PT0526338,LST0526338,AG01127,LOC0049,Condo,6,3.5,1728,3461,1946,186900.0,2026-07-23,Active,,,0,185.39,3,No,No,2026-07-23,2026-08-28
UPDATE,2026-08-28T00:00:00,2026-08-28,PT0552851,LST0552851,AG01991,LOC0208,Condo,2,2.0,2162,8591,1967,447800.0,2026-08-16,Active,,,0,640.09,1,No,No,2026-08-16,2026-08-28
UPDATE,2026-08-28T00:00:00,2026-08-28,PT0024378,LST0024378,AG02923,LOC0097,Townhouse,4,1.5,2690,2239,1927,416900.0,2025-06-04,Pending,,,20,181.0,2,No,No,2025-06-04,2026-08-28
UPDATE,2026-08-28T00:00:00,2026-08-28,PT0242746,LST0242746,AG02962,LOC0092,Condo,2,3.5,1372,3755,1990,315300.0,2025-04-02,Pending,,,87,557.0,0,No,No,2025-04-02,2026-08-28
UPDATE,2026-08-28T00:00:00,2026-08-28,PT0215983,LST0215983,AG01675,LOC0145,Single Family,3,3.0,1314,1039,1965,273800.0,2026-01-12,Pending,,,135,0.0,1,No,Yes,2026-01-12,2026-08-28
UPDATE,2026-08-28T00:00:00,2026-08-28,PT0477948,LST0477948,AG02227,LOC0042,Single Family,2,1.5,2511,7459,1994,982800.0,2024-12-29,Pending,,,59,0.0,3,Yes,Yes,2024-12-29,2026-08-28
UPDATE,2026-08-28T00:00:00,2026-08-28,PT0324488,LST0324488,AG02524,LOC0075,Single Family,5,4.0,966,4562,1984,318800.0,2023-06-29,Sold,308920.85,2026-08-28,1156,0.0,1,No,Yes,2023-06-29,2026-08-28
UPDATE,2026-08-28T00:00:00,2026-08-28,PT0050647,LST0050647,AG02304,LOC0184,Multi-Family,5,1.5,2921,2263,2024,1815300.0,2024-01-01,Sold,1831416.17,2026-08-28,970,0.0,0,Yes,Yes,2024-01-01,2026-08-28
UPDATE,2026-08-28T00:00:00,2026-08-28,PT0529454,LST0529454,AG01603,LOC0089,Single Family,3,3.5,1450,7680,1983,395400.0,2026-07-26,Pending,,,0,0.0,2,Yes,No,2026-07-26,2026-08-28
UPDATE,2026-08-28T00:00:00,2026-08-28,PT0000137,LST0000137,AG02989,LOC0249,Single Family,2,1.5,1134,7028,1991,644800.0,2024-03-09,Active,,,90,0.0,3,No,No,2024-03-09,2026-08-28
UPDATE,2026-08-28T00:00:00,2026-08-28,PT0252819,LST0252819,AG00848,LOC0176,Multi-Family,2,4.5,2494,9609,1975,524000.0,2026-02-11,Active,,,23,0.0,2,No,Yes,2026-02-11,2026-08-28
UPDATE,2026-08-28T00:00:00,2026-08-28,PT0456550,LST0456550,AG02054,LOC0128,Single Family,4,4.5,2469,7813,2018,533800.0,2026-05-28,Sold,506253.59,2026-08-28,92,0.0,0,No,No,2026-05-28,2026-08-28
UPDATE,2026-08-28T00:00:00,2026-08-28,PT0319559,LST0319559,AG01997,LOC0204,Single Family,1,1.0,1017,1466,2020,531400.0,2025-12-19,Pending,,,20,0.0,1,No,No,2025-12-19,2026-08-28
UPDATE,2026-08-28T00:00:00,2026-08-28,PT0220010,LST0220010,AG00240,LOC0163,Multi-Family,5,1.5,4343,2643,1975,1074700.0,2023-12-19,Active,,,13,0.0,0,No,No,2023-12-19,2026-08-28
UPDATE,2026-08-28T00:00:00,2026-08-28,PT0222520,LST0222520,AG00432,LOC0010,Single Family,6,3.0,3007,7575,2007,922900.0,2024-07-01,Sold,942672.49,2026-08-28,788,0.0,0,No,No,2024-07-01,2026-08-28
UPDATE,2026-08-28T00:00:00,2026-08-28,PT0005943,LST0005943,AG00635,LOC0177,Single Family,3,3.0,1272,4212,1972,245200.0,2024-07-26,Sold,241498.82,2026-08-28,763,0.0,3,No,Yes,2024-07-26,2026-08-28
UPDATE,2026-08-28T00:00:00,2026-08-28,PT0263494,LST0263494,AG01940,LOC0139,Single Family,1,4.5,1403,2495,1901,585000.0,2026-05-19,Sold,594207.5,2026-08-28,101,0.0,1,No,Yes,2026-05-19,2026-08-28
UPDATE,2026-08-28T00:00:00,2026-08-28,PT0379440,LST0379440,AG02731,LOC0033,Condo,1,4.5,3309,2634,1927,680200.0,2025-08-13,Pending,,,50,159.0,2,No,No,2025-08-13,2026-08-28
UPDATE,2026-08-28T00:00:00,2026-08-28,PT0095896,LST0095896,AG00224,LOC0095,Condo,3,3.0,529,1568,1913,110600.0,2025-10-09,Sold,96330.45,2026-08-28,323,585.0,2,No,No,2025-10-09,2026-08-28
UPDATE,2026-08-28T00:00:00,2026-08-28,PT0240234,LST0240234,AG01484,LOC0052,Single Family,2,3.0,2293,1243,1916,270500.0,2023-02-22,Sold,260951.5,2026-08-28,1283,0.0,3,No,Yes,2023-02-22,2026-08-28
UPDATE,2026-08-28T00:00:00,2026-08-28,PT0558518,LST0558518,AG01615,LOC0157,Townhouse,5,1.0,1505,1444,1936,418500.0,2026-08-21,Sold,381473.04,2026-08-28,7,710.45,3,No,No,2026-08-21,2026-08-28
UPDATE,2026-08-28T00:00:00,2026-08-28,PT0362812,LST0362812,AG02180,LOC0049,Single Family,4,1.5,777,13220,2004,278000.0,2023-08-20,Pending,,,118,0.0,1,No,Yes,2023-08-20,2026-08-28
UPDATE,2026-08-28T00:00:00,2026-08-28,PT0244604,LST0244604,AG01216,LOC0200,Single Family,1,4.0,1841,4783,1989,539000.0,2024-12-05,Pending,,,50,0.0,1,No,Yes,2024-12-05,2026-08-28
UPDATE,2026-08-28T00:00:00,2026-08-28,PT0178229,LST0178229,AG00114,LOC0012,Condo,5,2.5,2394,4104,1977,393500.0,2023-12-10,Pending,,,32,341.0,0,No,No,2023-12-10,2026-08-28
UPDATE,2026-08-28T00:00:00,2026-08-28,PT0099553,LST0099553,AG00279,LOC0220,Townhouse,5,3.5,1389,2749,1985,297300.0,2024-11-07,Active,,,151,395.0,3,No,No,2024-11-07,2026-08-28
UPDATE,2026-08-28T00:00:00,2026-08-28,PT0129207,LST0129207,AG01233,LOC0009,Townhouse,2,1.5,2665,5244,1924,730400.0,2024-07-27,Active,,,9,290.0,0,Yes,No,2024-07-27,2026-08-28
UPDATE,2026-08-28T00:00:00,2026-08-28,PT0536272,LST0536272,AG01862,LOC0141,Single Family,5,4.0,2717,10019,1985,598100.0,2026-08-01,Sold,632612.67,2026-08-28,27,0.0,3,No,Yes,2026-08-01,2026-08-28
UPDATE,2026-08-28T00:00:00,2026-08-28,PT0120327,LST0120327,AG02821,LOC0232,Single Family,3,2.0,1846,8411,2025,455100.0,2024-09-07,Pending,,,92,0.0,2,No,Yes,2024-09-07,2026-08-28
UPDATE,2026-08-28T00:00:00,2026-08-28,PT0513827,LST0513827,AG02162,LOC0211,Single Family,3,4.0,962,2862,1960,659800.0,2026-07-12,Sold,648045.03,2026-08-28,47,0.0,1,No,Yes,2026-07-12,2026-08-28
UPDATE,2026-08-28T00:00:00,2026-08-28,PT0521774,LST0521774,AG02938,LOC0108,Single Family,3,2.0,2566,4116,1908,492000.0,2026-07-19,Active,,,0,0.0,0,Yes,No,2026-07-19,2026-08-28
UPDATE,2026-08-28T00:00:00,2026-08-28,PT0378726,LST0378726,AG02940,LOC0007,Single Family,5,4.0,1891,8441,1989,389000.0,2026-01-31,Pending,,,125,0.0,0,No,Yes,2026-01-31,2026-08-28
UPDATE,2026-08-28T00:00:00,2026-08-28,PT0400709,LST0400709,AG00891,LOC0236,Single Family,6,2.5,2427,2577,1974,350200.0,2025-08-27,Pending,,,37,0.0,0,No,No,2025-08-27,2026-08-28
UPDATE,2026-08-28T00:00:00,2026-08-28,PT0454185,LST0454185,AG02784,LOC0238,Single Family,4,3.5,1943,1294,1901,1095400.0,2026-04-02,Pending,,,62,0.0,1,No,No,2026-04-02,2026-08-28
UPDATE,2026-08-28T00:00:00,2026-08-28,PT0194940,LST0194940,AG00376,LOC0171,Single Family,4,4.0,2059,3589,1978,633400.0,2023-07-20,Active,,,142,0.0,3,Yes,No,2023-07-20,2026-08-28
UPDATE,2026-08-28T00:00:00,2026-08-28,PT0157822,LST0157822,AG00365,LOC0103,Single Family,1,2.5,2443,6294,1952,454700.0,2023-05-03,Pending,,,155,0.0,3,No,No,2023-05-03,2026-08-28
UPDATE,2026-08-28T00:00:00,2026-08-28,PT0542406,LST0542406,AG00520,LOC0172,Single Family,6,4.0,1499,10591,2006,337900.0,2026-08-06,Sold,321832.05,2026-08-28,22,0.0,0,No,No,2026-08-06,2026-08-28
UPDATE,2026-08-28T00:00:00,2026-08-28,PT0417962,LST0417962,AG00415,LOC0038,Condo,6,2.5,2396,2487,1934,859600.0,2023-09-30,Pending,,,41,664.0,2,No,No,2023-09-30,2026-08-28
UPDATE,2026-08-28T00:00:00,2026-08-28,PT0461647,LST0461647,AG00532,LOC0008,Multi-Family,3,1.0,4482,2280,2009,651900.0,2024-04-15,Active,,,51,0.0,0,No,Yes,2024-04-15,2026-08-28
UPDATE,2026-08-28T00:00:00,2026-08-28,PT0495615,LST0495615,AG00555,LOC0086,Multi-Family,4,3.5,2392,4280,1929,70700.0,2023-02-03,Active,,,107,0.0,0,No,No,2023-02-03,2026-08-28
UPDATE,2026-08-28T00:00:00,2026-08-28,PT0029091,LST0029091,AG01106,LOC0033,Townhouse,3,2.0,1547,6410,1910,413000.0,2025-04-09,Pending,,,175,343.0,3,Yes,No,2025-04-09,2026-08-28
UPDATE,2026-08-28T00:00:00,2026-08-28,PT0287313,LST0287313,AG00061,LOC0241,Single Family,5,3.0,1287,1589,2010,78200.0,2025-09-09,Sold,80568.96,2026-08-28,353,0.0,1,No,Yes,2025-09-09,2026-08-28
UPDATE,2026-08-28T00:00:00,2026-08-28,PT0219897,LST0219897,AG01942,LOC0081,Apartment,5,3.5,951,0,1952,236700.0,2024-08-12,Sold,201027.92,2026-08-28,746,514.0,0,No,No,2024-08-12,2026-08-28
UPDATE,2026-08-28T00:00:00,2026-08-28,PT0220139,LST0220139,AG02683,LOC0049,Townhouse,1,4.0,927,1980,2015,309400.0,2024-04-29,Sold,310600.47,2026-08-28,851,323.0,2,No,No,2024-04-29,2026-08-28
UPDATE,2026-08-28T00:00:00,2026-08-28,PT0308466,LST0308466,AG02418,LOC0199,Townhouse,4,2.5,1166,2822,1924,560800.0,2025-12-06,Active,,,106,717.0,1,No,No,2025-12-06,2026-08-28
UPDATE,2026-08-28T00:00:00,2026-08-28,PT0091193,LST0091193,AG01444,LOC0220,Condo,1,3.0,1415,1575,1992,657300.0,2023-08-10,Sold,636937.89,2026-08-28,1114,642.0,3,Yes,No,2023-08-10,2026-08-28
UPDATE,2026-08-28T00:00:00,2026-08-28,PT0426461,LST0426461,AG02234,LOC0249,Single Family,2,3.0,932,3620,1915,685800.0,2025-02-21,Pending,,,111,0.0,0,No,No,2025-02-21,2026-08-28
UPDATE,2026-08-28T00:00:00,2026-08-28,PT0427733,LST0427733,AG00190,LOC0179,Land,0,0.0,6569,2971,1950,1853300.0,2024-09-26,Active,,,28,0.0,0,No,No,2024-09-26,2026-08-28
UPDATE,2026-08-28T00:00:00,2026-08-28,PT0348219,LST0348219,AG00723,LOC0119,Condo,6,1.0,2123,1555,1910,241100.0,2024-04-29,Sold,223316.49,2026-08-28,851,741.0,2,Yes,No,2024-04-29,2026-08-28
UPDATE,2026-08-28T00:00:00,2026-08-28,PT0296910,LST0296910,AG02473,LOC0124,Condo,6,4.0,3093,8595,1925,397700.0,2025-03-30,Pending,,,24,72.0,2,No,No,2025-03-30,2026-08-28
UPDATE,2026-08-28T00:00:00,2026-08-28,PT0550599,LST0550599,AG02135,LOC0175,Multi-Family,4,4.5,3637,1525,1910,821100.0,2026-08-14,Active,,,0,0.0,1,Yes,No,2026-08-14,2026-08-28
UPDATE,2026-08-28T00:00:00,2026-08-28,PT0498963,LST0498963,AG00048,LOC0206,Apartment,5,2.5,984,0,1923,390100.0,2025-05-25,Sold,386795.83,2026-08-28,460,180.0,3,No,No,2025-05-25,2026-08-28
UPDATE,2026-08-28T00:00:00,2026-08-28,PT0110172,LST0110172,AG02773,LOC0005,Land,0,0.0,7610,5437,2011,3897400.0,2026-03-18,Pending,,,43,0.0,0,No,No,2026-03-18,2026-08-28
UPDATE,2026-08-28T00:00:00,2026-08-28,PT0553407,LST0553407,AG01589,LOC0153,Multi-Family,3,4.0,4106,8848,1942,1442700.0,2026-08-16,Active,,,0,0.0,1,Yes,No,2026-08-16,2026-08-28
UPDATE,2026-08-28T00:00:00,2026-08-28,PT0436989,LST0436989,AG00626,LOC0162,Single Family,4,2.5,1685,5388,1902,139600.0,2023-08-14,Pending,,,137,0.0,1,No,No,2023-08-14,2026-08-28
UPDATE,2026-08-28T00:00:00,2026-08-28,PT0466267,LST0466267,AG00400,LOC0200,Multi-Family,3,4.5,3574,11650,1922,796900.0,2023-05-08,Active,,,101,0.0,1,No,Yes,2023-05-08,2026-08-28
UPDATE,2026-08-28T00:00:00,2026-08-28,PT0184359,LST0184359,AG01226,LOC0140,Single Family,6,3.0,2279,1727,1924,903600.0,2023-04-27,Active,,,172,0.0,0,No,Yes,2023-04-27,2026-08-28
UPDATE,2026-08-28T00:00:00,2026-08-28,PT0406649,LST0406649,AG00898,LOC0218,Single Family,1,2.5,854,25152,1920,77400.0,2026-02-15,Sold,74117.38,2026-08-28,194,0.0,3,No,Yes,2026-02-15,2026-08-28
UPDATE,2026-08-28T00:00:00,2026-08-28,PT0565842,LST0565842,AG00367,LOC0101,Apartment,5,1.5,859,0,1967,244800.0,2026-08-27,Pending,,,0,578.46,1,No,No,2026-08-27,2026-08-28
UPDATE,2026-08-28T00:00:00,2026-08-28,PT0425683,LST0425683,AG02964,LOC0028,Apartment,3,2.0,1397,0,1919,42200.0,2023-12-08,Pending,,,160,680.0,0,Yes,No,2023-12-08,2026-08-28
UPDATE,2026-08-28T00:00:00,2026-08-28,PT0174112,LST0174112,AG00887,LOC0178,Condo,1,3.5,1934,2363,2011,308300.0,2023-11-29,Active,,,11,364.0,2,No,No,2023-11-29,2026-08-28
UPDATE,2026-08-28T00:00:00,2026-08-28,PT0008337,LST0008337,AG00302,LOC0110,Multi-Family,5,1.5,4553,3303,1981,833000.0,2025-10-25,Pending,,,63,0.0,1,No,Yes,2025-10-25,2026-08-28
UPDATE,2026-08-28T00:00:00,2026-08-28,PT0114135,LST0114135,AG01432,LOC0026,Townhouse,6,3.0,926,1401,1909,149900.0,2023-10-09,Sold,147724.52,2026-08-28,1054,477.0,0,No,No,2023-10-09,2026-08-28
UPDATE,2026-08-28T00:00:00,2026-08-28,PT0062524,LST0062524,AG01772,LOC0120,Single Family,3,4.0,846,8550,1984,167200.0,2024-10-15,Active,,,138,0.0,0,No,No,2024-10-15,2026-08-28
UPDATE,2026-08-28T00:00:00,2026-08-28,PT0560042,LST0560042,AG01711,LOC0020,Condo,4,3.0,1487,5906,1970,447600.0,2026-08-22,Pending,,,0,487.9,0,No,No,2026-08-22,2026-08-28
UPDATE,2026-08-28T00:00:00,2026-08-28,PT0086185,LST0086185,AG00256,LOC0226,Single Family,3,3.5,1628,2737,1922,456300.0,2025-08-09,Active,,,169,0.0,3,Yes,No,2025-08-09,2026-08-28
UPDATE,2026-08-28T00:00:00,2026-08-28,PT0414458,LST0414458,AG02644,LOC0035,Townhouse,5,3.5,1526,5981,1905,227600.0,2023-10-22,Pending,,,145,533.0,3,No,No,2023-10-22,2026-08-28
UPDATE,2026-08-28T00:00:00,2026-08-28,PT0534985,LST0534985,AG02475,LOC0244,Townhouse,5,3.0,2743,6689,1946,562500.0,2026-07-31,Active,,,0,309.35,3,No,No,2026-07-31,2026-08-28
UPDATE,2026-08-28T00:00:00,2026-08-28,PT0026468,LST0026468,AG00635,LOC0141,Condo,3,4.0,1256,1723,1911,396300.0,2024-04-13,Sold,381528.97,2026-08-28,867,208.0,1,No,No,2024-04-13,2026-08-28
UPDATE,2026-08-28T00:00:00,2026-08-28,PT0105919,LST0105919,AG02952,LOC0237,Single Family,6,1.0,2218,4866,2024,358200.0,2023-10-17,Pending,,,129,0.0,3,Yes,No,2023-10-17,2026-08-28
UPDATE,2026-08-28T00:00:00,2026-08-28,PT0380036,LST0380036,AG01605,LOC0215,Multi-Family,3,3.0,4375,9185,1982,2037600.0,2023-09-06,Sold,2027851.16,2026-08-28,1087,0.0,3,No,Yes,2023-09-06,2026-08-28
UPDATE,2026-08-28T00:00:00,2026-08-28,PT0478067,LST0478067,AG02388,LOC0043,Townhouse,1,3.5,997,13109,1952,196900.0,2026-01-15,Pending,,,22,431.0,0,No,No,2026-01-15,2026-08-28
UPDATE,2026-08-28T00:00:00,2026-08-28,PT0332015,LST0332015,AG00378,LOC0136,Condo,6,3.0,2622,2767,1926,559600.0,2024-12-26,Pending,,,129,216.0,0,No,No,2024-12-26,2026-08-28
UPDATE,2026-08-28T00:00:00,2026-08-28,PT0567228,LST0567228,AG01951,LOC0246,Condo,6,4.0,2621,1216,2012,220900.0,2026-08-28,Active,,,0,388.01,3,No,No,2026-08-28,2026-08-28
UPDATE,2026-08-28T00:00:00,2026-08-28,PT0544157,LST0544157,AG01939,LOC0108,Single Family,5,2.0,1503,10455,1997,254200.0,2026-08-08,Pending,,,0,0.0,1,No,Yes,2026-08-08,2026-08-28
UPDATE,2026-08-28T00:00:00,2026-08-28,PT0153974,LST0153974,AG00456,LOC0114,Single Family,3,2.0,3052,2882,1957,183600.0,2023-03-24,Sold,191112.65,2026-08-28,1253,0.0,0,No,Yes,2023-03-24,2026-08-28
UPDATE,2026-08-28T00:00:00,2026-08-28,PT0071446,LST0071446,AG01103,LOC0218,Single Family,1,2.5,2546,5846,1901,858200.0,2024-06-29,Active,,,9,0.0,3,Yes,Yes,2024-06-29,2026-08-28
UPDATE,2026-08-28T00:00:00,2026-08-28,PT0178072,LST0178072,AG01957,LOC0014,Townhouse,4,2.0,930,8560,1953,206000.0,2023-04-05,Pending,,,139,487.0,3,No,No,2023-04-05,2026-08-28
UPDATE,2026-08-28T00:00:00,2026-08-28,PT0066852,LST0066852,AG01579,LOC0111,Single Family,4,3.5,1763,1693,1985,135600.0,2024-10-28,Pending,,,40,0.0,0,No,No,2024-10-28,2026-08-28
UPDATE,2026-08-28T00:00:00,2026-08-28,PT0130831,LST0130831,AG01620,LOC0185,Multi-Family,3,3.0,2279,6828,1992,987400.0,2023-05-16,Sold,961313.53,2026-08-28,1200,0.0,2,Yes,No,2023-05-16,2026-08-28
UPDATE,2026-08-28T00:00:00,2026-08-28,PT0559103,LST0559103,AG00060,LOC0096,Condo,2,2.5,2818,5773,1926,415600.0,2026-08-21,Pending,,,0,475.14,3,No,No,2026-08-21,2026-08-28
UPDATE,2026-08-28T00:00:00,2026-08-28,PT0373791,LST0373791,AG01973,LOC0205,Single Family,2,4.5,2147,2860,1991,682100.0,2023-05-09,Sold,641981.15,2026-08-28,1207,0.0,0,Yes,No,2023-05-09,2026-08-28
UPDATE,2026-08-28T00:00:00,2026-08-28,PT0093979,LST0093979,AG01944,LOC0136,Townhouse,6,1.5,2555,8128,1942,519300.0,2023-11-14,Active,,,17,301.0,0,No,No,2023-11-14,2026-08-28
UPDATE,2026-08-28T00:00:00,2026-08-28,PT0075742,LST0075742,AG00396,LOC0211,Single Family,2,1.5,2065,8098,2005,277900.0,2025-11-16,Sold,270989.52,2026-08-28,285,0.0,0,No,No,2025-11-16,2026-08-28
UPDATE,2026-08-28T00:00:00,2026-08-28,PT0330859,LST0330859,AG02798,LOC0179,Apartment,3,2.5,1359,0,1953,204500.0,2024-03-27,Active,,,11,310.0,1,No,No,2024-03-27,2026-08-28
UPDATE,2026-08-28T00:00:00,2026-08-28,PT0478490,LST0478490,AG00802,LOC0077,Single Family,5,2.0,2158,1162,1925,202000.0,2024-08-27,Active,,,132,0.0,3,No,No,2024-08-27,2026-08-28
UPDATE,2026-08-28T00:00:00,2026-08-28,PT0204753,LST0204753,AG02818,LOC0210,Apartment,5,2.0,848,0,1991,287700.0,2023-02-18,Pending,,,21,667.0,1,No,No,2023-02-18,2026-08-28
UPDATE,2026-08-28T00:00:00,2026-08-28,PT0546207,LST0546207,AG00364,LOC0192,Condo,6,1.5,1191,4874,1941,351700.0,2026-08-09,Active,,,0,527.95,1,No,No,2026-08-09,2026-08-28
UPDATE,2026-08-28T00:00:00,2026-08-28,PT0348341,LST0348341,AG02047,LOC0211,Single Family,4,4.0,2764,6161,1966,878200.0,2024-02-08,Sold,859600.49,2026-08-28,932,0.0,3,No,No,2024-02-08,2026-08-28
UPDATE,2026-08-28T00:00:00,2026-08-28,PT0057143,LST0057143,AG01280,LOC0139,Single Family,2,4.0,2693,3301,1935,833900.0,2025-08-27,Sold,781204.1,2026-08-28,366,0.0,1,No,Yes,2025-08-27,2026-08-28
UPDATE,2026-08-28T00:00:00,2026-08-28,PT0264677,LST0264677,AG02155,LOC0165,Condo,6,3.0,2007,2868,2007,913600.0,2025-10-10,Sold,896013.51,2026-08-28,322,122.0,0,No,No,2025-10-10,2026-08-28
UPDATE,2026-08-28T00:00:00,2026-08-28,PT0304649,LST0304649,AG02865,LOC0189,Single Family,4,2.0,2106,1170,1936,548600.0,2025-05-12,Active,,,33,0.0,1,No,Yes,2025-05-12,2026-08-28
UPDATE,2026-08-28T00:00:00,2026-08-28,PT0525250,LST0525250,AG00662,LOC0176,Apartment,6,4.5,1092,0,1975,388100.0,2026-07-22,Sold,398873.85,2026-08-28,37,702.16,2,No,No,2026-07-22,2026-08-28
UPDATE,2026-08-28T00:00:00,2026-08-28,PT0401041,LST0401041,AG02991,LOC0078,Single Family,1,4.5,755,4690,1915,456000.0,2024-07-23,Pending,,,145,0.0,0,No,No,2024-07-23,2026-08-28
UPDATE,2026-08-28T00:00:00,2026-08-28,PT0149037,LST0149037,AG01821,LOC0111,Single Family,4,4.0,2542,1760,1943,419200.0,2023-06-04,Active,,,130,0.0,0,Yes,No,2023-06-04,2026-08-28
UPDATE,2026-08-28T00:00:00,2026-08-28,PT0401757,LST0401757,AG01809,LOC0077,Single Family,5,2.0,1111,2430,1988,181700.0,2023-02-12,Pending,,,15,0.0,3,No,No,2023-02-12,2026-08-28
UPDATE,2026-08-28T00:00:00,2026-08-28,PT0524569,LST0524569,AG01464,LOC0208,Townhouse,3,2.0,917,1737,1983,118200.0,2026-07-22,Active,,,0,659.38,0,No,No,2026-07-22,2026-08-28
UPDATE,2026-08-28T00:00:00,2026-08-28,PT0547194,LST0547194,AG02350,LOC0192,Condo,2,2.0,779,3308,1913,123300.0,2026-08-10,Sold,120340.55,2026-08-28,18,577.01,1,No,No,2026-08-10,2026-08-28
UPDATE,2026-08-28T00:00:00,2026-08-28,PT0269881,LST0269881,AG01804,LOC0230,Single Family,2,1.0,1866,6877,1959,481900.0,2024-08-02,Pending,,,172,0.0,2,Yes,No,2024-08-02,2026-08-28
UPDATE,2026-08-28T00:00:00,2026-08-28,PT0302162,LST0302162,AG02630,LOC0071,Townhouse,1,2.0,3322,2264,1914,1659500.0,2024-07-28,Active,,,60,701.0,0,No,No,2024-07-28,2026-08-28
UPDATE,2026-08-28T00:00:00,2026-08-28,PT0186299,LST0186299,AG00069,LOC0192,Townhouse,1,3.5,2612,2886,1998,655600.0,2024-04-27,Pending,,,147,697.0,1,No,No,2024-04-27,2026-08-28
UPDATE,2026-08-28T00:00:00,2026-08-28,PT0238213,LST0238213,AG01061,LOC0080,Single Family,3,2.0,2244,10743,1980,770300.0,2025-02-13,Active,,,1,0.0,2,No,Yes,2025-02-13,2026-08-28
UPDATE,2026-08-28T00:00:00,2026-08-28,PT0020346,LST0020346,AG02658,LOC0014,Multi-Family,4,1.0,4411,2542,1989,677600.0,2025-10-07,Pending,,,27,0.0,0,No,Yes,2025-10-07,2026-08-28
UPDATE,2026-08-28T00:00:00,2026-08-28,PT0529106,LST0529106,AG01085,LOC0090,Single Family,5,4.0,1982,1672,1953,660300.0,2026-07-26,Pending,,,0,0.0,0,No,Yes,2026-07-26,2026-08-28
UPDATE,2026-08-28T00:00:00,2026-08-28,PT0179444,LST0179444,AG02607,LOC0120,Multi-Family,2,1.0,4687,1514,1931,2548200.0,2025-09-09,Pending,,,98,0.0,2,No,Yes,2025-09-09,2026-08-28
UPDATE,2026-08-28T00:00:00,2026-08-28,PT0445765,LST0445765,AG00880,LOC0038,Multi-Family,1,3.5,3346,10955,1957,966400.0,2025-04-04,Pending,,,55,0.0,3,No,No,2025-04-04,2026-08-28
UPDATE,2026-08-28T00:00:00,2026-08-28,PT0298353,LST0298353,AG01276,LOC0145,Townhouse,5,2.0,1581,11585,2019,375800.0,2025-08-12,Pending,,,159,457.0,2,Yes,No,2025-08-12,2026-08-28
UPDATE,2026-08-28T00:00:00,2026-08-28,PT0031337,LST0031337,AG00702,LOC0081,Single Family,1,1.0,880,2160,1952,154500.0,2026-04-15,Active,,,3,0.0,3,No,No,2026-04-15,2026-08-28
UPDATE,2026-08-28T00:00:00,2026-08-28,PT0096960,LST0096960,AG01975,LOC0027,Multi-Family,2,2.5,3320,1009,1901,1605600.0,2025-11-16,Active,,,125,0.0,1,No,No,2025-11-16,2026-08-28
UPDATE,2026-08-28T00:00:00,2026-08-28,PT0258589,LST0258589,AG01860,LOC0161,Multi-Family,4,4.0,7770,3587,1999,1926000.0,2024-07-21,Pending,,,56,0.0,3,No,No,2024-07-21,2026-08-28
UPDATE,2026-08-28T00:00:00,2026-08-28,PT0513963,LST0513963,AG00952,LOC0100,Single Family,1,4.5,1323,1825,1931,241000.0,2026-07-12,Pending,,,0,0.0,0,No,Yes,2026-07-12,2026-08-28
UPDATE,2026-08-28T00:00:00,2026-08-28,PT0149854,LST0149854,AG02164,LOC0005,Single Family,6,4.0,2687,3151,1949,1237400.0,2025-10-13,Sold,1189527.06,2026-08-28,319,0.0,0,No,Yes,2025-10-13,2026-08-28
UPDATE,2026-08-28T00:00:00,2026-08-28,PT0286015,LST0286015,AG00642,LOC0056,Condo,4,4.5,300,8136,1963,129800.0,2025-06-15,Active,,,44,380.0,2,Yes,No,2025-06-15,2026-08-28
UPDATE,2026-08-28T00:00:00,2026-08-28,PT0198779,LST0198779,AG02436,LOC0158,Single Family,5,3.5,1401,2091,1905,209300.0,2023-02-08,Pending,,,25,0.0,1,No,No,2023-02-08,2026-08-28
UPDATE,2026-08-28T00:00:00,2026-08-28,PT0350917,LST0350917,AG00397,LOC0172,Single Family,6,4.0,1675,4395,2010,474400.0,2024-12-06,Active,,,142,0.0,3,Yes,Yes,2024-12-06,2026-08-28
UPDATE,2026-08-28T00:00:00,2026-08-28,PT0504977,LST0504977,AG01877,LOC0055,Single Family,2,4.0,2371,3217,1962,580500.0,2026-07-05,Active,,,0,0.0,2,Yes,No,2026-07-05,2026-08-28
UPDATE,2026-08-28T00:00:00,2026-08-28,PT0252206,LST0252206,AG02098,LOC0092,Condo,1,4.0,2141,16590,1904,398600.0,2025-11-24,Pending,,,50,302.0,0,No,No,2025-11-24,2026-08-28
UPDATE,2026-08-28T00:00:00,2026-08-28,PT0546081,LST0546081,AG01596,LOC0161,Single Family,5,2.0,1237,8527,1921,342200.0,2026-08-09,Active,,,0,0.0,0,No,No,2026-08-09,2026-08-28
UPDATE,2026-08-28T00:00:00,2026-08-28,PT0248613,LST0248613,AG00202,LOC0029,Townhouse,5,4.0,497,1145,2008,150800.0,2024-02-01,Active,,,77,288.0,0,No,No,2024-02-01,2026-08-28
UPDATE,2026-08-28T00:00:00,2026-08-28,PT0524711,LST0524711,AG00501,LOC0146,Condo,2,4.5,2360,3708,2006,387700.0,2026-07-22,Sold,379382.9,2026-08-28,37,143.15,1,Yes,No,2026-07-22,2026-08-28
UPDATE,2026-08-28T00:00:00,2026-08-28,PT0388740,LST0388740,AG02481,LOC0051,Single Family,2,4.0,1974,7546,1949,248900.0,2024-08-15,Active,,,165,0.0,3,No,Yes,2024-08-15,2026-08-28
UPDATE,2026-08-28T00:00:00,2026-08-28,PT0075746,LST0075746,AG02188,LOC0084,Single Family,1,4.0,2341,1831,2004,901100.0,2023-12-21,Pending,,,97,0.0,1,No,Yes,2023-12-21,2026-08-28
UPDATE,2026-08-28T00:00:00,2026-08-28,PT0146925,LST0146925,AG02915,LOC0066,Single Family,1,1.5,1031,1879,1918,194900.0,2023-04-23,Sold,175883.23,2026-08-28,1223,0.0,2,No,No,2023-04-23,2026-08-28
UPDATE,2026-08-28T00:00:00,2026-08-28,PT0191979,LST0191979,AG00900,LOC0080,Land,0,0.0,4391,14879,2024,1152300.0,2025-05-22,Active,,,127,0.0,0,No,No,2025-05-22,2026-08-28
UPDATE,2026-08-28T00:00:00,2026-08-28,PT0347736,LST0347736,AG02925,LOC0125,Condo,1,4.0,1755,9909,1931,397700.0,2025-02-05,Active,,,40,65.0,0,No,No,2025-02-05,2026-08-28
UPDATE,2026-08-28T00:00:00,2026-08-28,PT0336198,LST0336198,AG00500,LOC0243,Single Family,4,2.0,3789,2840,2025,1699600.0,2025-03-28,Active,,,30,0.0,1,No,No,2025-03-28,2026-08-28
UPDATE,2026-08-28T00:00:00,2026-08-28,PT0505306,LST0505306,AG00551,LOC0205,Multi-Family,6,3.5,4178,5073,1935,678000.0,2026-07-05,Active,,,0,0.0,2,No,No,2026-07-05,2026-08-28
UPDATE,2026-08-28T00:00:00,2026-08-28,PT0565743,LST0565743,AG01399,LOC0079,Single Family,6,4.0,1095,5132,2014,123600.0,2026-08-27,Active,,,0,0.0,0,No,No,2026-08-27,2026-08-28
UPDATE,2026-08-28T00:00:00,2026-08-28,PT0162437,LST0162437,AG02964,LOC0128,Townhouse,6,3.5,1287,1012,1985,239600.0,2024-03-14,Pending,,,80,140.0,3,No,No,2024-03-14,2026-08-28
UPDATE,2026-08-28T00:00:00,2026-08-28,PT0557795,LST0557795,AG02147,LOC0078,Townhouse,6,4.5,1833,8203,1985,638600.0,2026-08-20,Active,,,0,672.03,1,No,No,2026-08-20,2026-08-28
UPDATE,2026-08-28T00:00:00,2026-08-28,PT0054101,LST0054101,AG01203,LOC0051,Townhouse,6,1.5,2023,1579,1923,298400.0,2024-06-09,Active,,,26,420.0,0,No,No,2024-06-09,2026-08-28
UPDATE,2026-08-28T00:00:00,2026-08-28,PT0508326,LST0508326,AG01011,LOC0200,Single Family,5,2.5,655,3143,1941,36400.0,2026-07-07,Active,,,0,0.0,2,No,No,2026-07-07,2026-08-28
UPDATE,2026-08-28T00:00:00,2026-08-28,PT0133364,LST0133364,AG02251,LOC0029,Townhouse,3,3.0,1606,8335,1940,749300.0,2025-07-22,Active,,,22,496.0,0,No,No,2025-07-22,2026-08-28
UPDATE,2026-08-28T00:00:00,2026-08-28,PT0218356,LST0218356,AG02413,LOC0113,Single Family,3,4.0,300,7188,1939,135000.0,2024-11-27,Active,,,59,0.0,2,No,Yes,2024-11-27,2026-08-28
UPDATE,2026-08-28T00:00:00,2026-08-28,PT0475037,LST0475037,AG00055,LOC0116,Townhouse,2,2.0,1543,8262,1991,509300.0,2025-01-14,Sold,545996.69,2026-08-28,591,762.0,3,Yes,No,2025-01-14,2026-08-28
UPDATE,2026-08-28T00:00:00,2026-08-28,PT0379953,LST0379953,AG00067,LOC0193,Single Family,1,2.5,1971,1620,1901,1080500.0,2025-07-16,Pending,,,49,0.0,2,No,Yes,2025-07-16,2026-08-28
UPDATE,2026-08-28T00:00:00,2026-08-28,PT0510327,LST0510327,AG01875,LOC0074,Apartment,6,3.5,1635,0,1910,390800.0,2026-07-09,Active,,,0,336.14,3,No,No,2026-07-09,2026-08-28
UPDATE,2026-08-28T00:00:00,2026-08-28,PT0150223,LST0150223,AG01932,LOC0048,Condo,2,3.0,2108,16585,1938,744200.0,2024-10-15,Sold,776835.76,2026-08-28,682,308.0,1,No,No,2024-10-15,2026-08-28
UPDATE,2026-08-28T00:00:00,2026-08-28,PT0535291,LST0535291,AG02917,LOC0078,Apartment,6,2.5,1313,0,1997,518100.0,2026-07-31,Sold,531210.38,2026-08-28,28,269.34,1,No,No,2026-07-31,2026-08-28
UPDATE,2026-08-28T00:00:00,2026-08-28,PT0052739,LST0052739,AG01438,LOC0016,Townhouse,5,2.5,1826,7144,1932,452200.0,2025-02-18,Sold,461293.83,2026-08-28,556,245.0,3,No,No,2025-02-18,2026-08-28
UPDATE,2026-08-28T00:00:00,2026-08-28,PT0116665,LST0116665,AG00594,LOC0167,Single Family,3,4.0,2485,20279,2011,1322700.0,2023-02-07,Sold,1244317.81,2026-08-28,1298,0.0,3,No,Yes,2023-02-07,2026-08-28
UPDATE,2026-08-28T00:00:00,2026-08-28,PT0269932,LST0269932,AG01557,LOC0030,Land,0,0.0,4440,1441,1986,2212500.0,2024-09-10,Sold,2130087.53,2026-08-28,717,0.0,0,No,No,2024-09-10,2026-08-28
UPDATE,2026-08-28T00:00:00,2026-08-28,PT0539432,LST0539432,AG01908,LOC0226,Single Family,4,1.0,386,3106,1984,106700.0,2026-08-03,Sold,108622.76,2026-08-28,25,0.0,3,No,Yes,2026-08-03,2026-08-28
UPDATE,2026-08-28T00:00:00,2026-08-28,PT0518718,LST0518718,AG01414,LOC0141,Apartment,5,4.5,763,0,1956,161400.0,2026-07-16,Active,,,0,151.32,3,No,No,2026-07-16,2026-08-28
UPDATE,2026-08-28T00:00:00,2026-08-28,PT0423482,LST0423482,AG01439,LOC0164,Single Family,3,1.0,3034,1134,1964,955700.0,2024-10-08,Pending,,,21,0.0,0,No,No,2024-10-08,2026-08-28
UPDATE,2026-08-28T00:00:00,2026-08-28,PT0337070,LST0337070,AG00337,LOC0202,Single Family,3,1.5,2166,3014,2025,307500.0,2023-04-09,Pending,,,66,0.0,1,No,No,2023-04-09,2026-08-28
UPDATE,2026-08-28T00:00:00,2026-08-28,PT0362729,LST0362729,AG01522,LOC0098,Single Family,6,2.0,2432,1763,1991,798700.0,2024-12-10,Sold,727731.01,2026-08-28,626,0.0,0,No,Yes,2024-12-10,2026-08-28
UPDATE,2026-08-28T00:00:00,2026-08-28,PT0548835,LST0548835,AG01481,LOC0128,Single Family,4,3.5,1721,7222,1930,669700.0,2026-08-12,Pending,,,0,0.0,3,No,No,2026-08-12,2026-08-28
UPDATE,2026-08-28T00:00:00,2026-08-28,PT0442366,LST0442366,AG01443,LOC0113,Condo,1,4.0,2491,25238,1944,1041200.0,2026-04-21,Pending,,,88,359.0,0,Yes,No,2026-04-21,2026-08-28
UPDATE,2026-08-28T00:00:00,2026-08-28,PT0121639,LST0121639,AG01231,LOC0206,Townhouse,6,1.5,2329,6329,1990,850200.0,2025-11-02,Sold,862882.41,2026-08-28,299,540.0,1,No,No,2025-11-02,2026-08-28
UPDATE,2026-08-28T00:00:00,2026-08-28,PT0561431,LST0561431,AG01795,LOC0223,Single Family,5,3.5,2530,3969,1936,1221400.0,2026-08-23,Active,,,0,0.0,0,Yes,No,2026-08-23,2026-08-28
UPDATE,2026-08-28T00:00:00,2026-08-28,PT0427162,LST0427162,AG02457,LOC0031,Condo,5,1.0,2109,3752,1946,659700.0,2024-05-14,Pending,,,93,647.0,0,No,No,2024-05-14,2026-08-28
UPDATE,2026-08-28T00:00:00,2026-08-28,PT0146034,LST0146034,AG02069,LOC0126,Single Family,4,1.5,2430,11247,1992,1347200.0,2023-06-04,Pending,,,146,0.0,0,No,No,2023-06-04,2026-08-28
UPDATE,2026-08-28T00:00:00,2026-08-28,PT0348443,LST0348443,AG00043,LOC0095,Single Family,5,2.5,2008,3518,2017,898000.0,2026-04-18,Sold,849441.05,2026-08-28,132,0.0,3,No,Yes,2026-04-18,2026-08-28
UPDATE,2026-08-28T00:00:00,2026-08-28,PT0082001,LST0082001,AG00268,LOC0183,Single Family,4,3.5,1348,3385,1938,261200.0,2024-04-13,Pending,,,98,0.0,3,No,No,2024-04-13,2026-08-28
UPDATE,2026-08-28T00:00:00,2026-08-28,PT0403487,LST0403487,AG00156,LOC0152,Apartment,3,2.5,649,0,2014,160300.0,2024-04-14,Sold,163512.42,2026-08-28,866,392.0,3,No,No,2024-04-14,2026-08-28
UPDATE,2026-08-28T00:00:00,2026-08-28,PT0134005,LST0134005,AG00985,LOC0049,Townhouse,4,1.5,2730,12122,2014,487500.0,2025-11-08,Pending,,,50,81.0,2,No,No,2025-11-08,2026-08-28
UPDATE,2026-08-28T00:00:00,2026-08-28,PT0538943,LST0538943,AG02415,LOC0187,Condo,4,4.0,1601,6563,1913,656300.0,2026-08-03,Active,,,0,243.54,1,No,No,2026-08-03,2026-08-28
UPDATE,2026-08-28T00:00:00,2026-08-28,PT0049714,LST0049714,AG00490,LOC0244,Condo,4,4.0,1447,2687,1928,224200.0,2023-05-05,Active,,,30,142.0,3,No,No,2023-05-05,2026-08-28
UPDATE,2026-08-28T00:00:00,2026-08-28,PT0542346,LST0542346,AG01830,LOC0222,Condo,6,2.0,1377,1022,1983,434300.0,2026-08-06,Active,,,0,281.8,1,Yes,No,2026-08-06,2026-08-28
UPDATE,2026-08-28T00:00:00,2026-08-28,PT0283594,LST0283594,AG02965,LOC0193,Condo,1,4.5,2442,6304,1912,750800.0,2026-02-07,Pending,,,145,433.0,3,Yes,No,2026-02-07,2026-08-28
UPDATE,2026-08-28T00:00:00,2026-08-28,PT0391958,LST0391958,AG00581,LOC0099,Single Family,5,3.0,1395,1393,1973,712300.0,2025-05-02,Pending,,,81,0.0,0,No,No,2025-05-02,2026-08-28
UPDATE,2026-08-28T00:00:00,2026-08-28,PT0223612,LST0223612,AG00249,LOC0069,Multi-Family,4,4.0,3621,2485,1968,724700.0,2024-06-12,Active,,,155,0.0,0,No,Yes,2024-06-12,2026-08-28
UPDATE,2026-08-28T00:00:00,2026-08-28,PT0300508,LST0300508,AG01153,LOC0016,Townhouse,4,1.5,1749,3011,1925,345900.0,2023-05-31,Pending,,,33,223.0,0,No,No,2023-05-31,2026-08-28
UPDATE,2026-08-28T00:00:00,2026-08-28,PT0553671,LST0553671,AG00618,LOC0038,Single Family,5,2.5,1174,9413,1938,367800.0,2026-08-16,Sold,353411.03,2026-08-28,12,0.0,2,No,No,2026-08-16,2026-08-28
UPDATE,2026-08-28T00:00:00,2026-08-28,PT0295585,LST0295585,AG00358,LOC0019,Single Family,6,1.5,1830,4217,1911,370000.0,2025-10-24,Active,,,124,0.0,2,No,Yes,2025-10-24,2026-08-28
UPDATE,2026-08-28T00:00:00,2026-08-28,PT0100287,LST0100287,AG00361,LOC0077,Condo,2,2.5,1413,1053,2021,195600.0,2023-09-20,Pending,,,40,727.0,2,No,No,2023-09-20,2026-08-28
UPDATE,2026-08-28T00:00:00,2026-08-28,PT0054816,LST0054816,AG01119,LOC0137,Single Family,6,2.5,2111,5972,2025,991500.0,2023-02-09,Pending,,,171,0.0,0,No,No,2023-02-09,2026-08-28
UPDATE,2026-08-28T00:00:00,2026-08-28,PT0518637,LST0518637,AG02548,LOC0063,Single Family,6,1.0,2177,2276,2004,557200.0,2026-07-16,Active,,,0,0.0,1,Yes,No,2026-07-16,2026-08-28
UPDATE,2026-08-28T00:00:00,2026-08-28,PT0560956,LST0560956,AG02168,LOC0215,Single Family,6,1.0,2092,3358,1970,638700.0,2026-08-23,Active,,,0,0.0,1,No,No,2026-08-23,2026-08-28
UPDATE,2026-08-28T00:00:00,2026-08-28,PT0236912,LST0236912,AG01498,LOC0240,Multi-Family,3,4.0,4370,4716,1993,575300.0,2024-07-30,Active,,,140,0.0,0,No,Yes,2024-07-30,2026-08-28
UPDATE,2026-08-28T00:00:00,2026-08-28,PT0560675,LST0560675,AG02418,LOC0157,Single Family,5,3.0,1991,5309,1916,814300.0,2026-08-23,Pending,,,0,0.0,0,No,No,2026-08-23,2026-08-28
UPDATE,2026-08-28T00:00:00,2026-08-28,PT0186822,LST0186822,AG00793,LOC0214,Single Family,3,3.0,1172,5519,1968,160800.0,2023-06-02,Active,,,16,0.0,2,No,Yes,2023-06-02,2026-08-28
UPDATE,2026-08-28T00:00:00,2026-08-28,PT0030639,LST0030639,AG01473,LOC0013,Multi-Family,2,4.5,2026,3338,1925,301200.0,2025-09-23,Active,,,151,0.0,0,No,No,2025-09-23,2026-08-28
UPDATE,2026-08-28T00:00:00,2026-08-28,PT0315766,LST0315766,AG02326,LOC0106,Single Family,4,2.0,1471,1605,1953,669000.0,2024-11-21,Sold,640894.54,2026-08-28,645,0.0,1,No,No,2024-11-21,2026-08-28
UPDATE,2026-08-28T00:00:00,2026-08-28,PT0561121,LST0561121,AG00170,LOC0189,Townhouse,6,1.0,2249,3951,1957,888400.0,2026-08-23,Active,,,0,550.75,1,No,No,2026-08-23,2026-08-28
UPDATE,2026-08-28T00:00:00,2026-08-28,PT0063372,LST0063372,AG01787,LOC0004,Single Family,2,2.0,1170,1700,1981,99200.0,2026-05-18,Active,,,173,0.0,0,No,No,2026-05-18,2026-08-28
UPDATE,2026-08-28T00:00:00,2026-08-28,PT0115019,LST0115019,AG01523,LOC0062,Single Family,6,4.5,2414,4069,1974,585400.0,2026-02-22,Pending,,,24,0.0,3,No,Yes,2026-02-22,2026-08-28
UPDATE,2026-08-28T00:00:00,2026-08-28,PT0541512,LST0541512,AG01945,LOC0039,Single Family,3,3.5,2439,22585,1960,665600.0,2026-08-05,Pending,,,0,0.0,1,No,No,2026-08-05,2026-08-28
UPDATE,2026-08-28T00:00:00,2026-08-28,PT0518598,LST0518598,AG00174,LOC0145,Apartment,3,3.0,1137,0,1919,461900.0,2026-07-16,Pending,,,0,774.12,0,No,No,2026-07-16,2026-08-28
UPDATE,2026-08-28T00:00:00,2026-08-28,PT0314621,LST0314621,AG00427,LOC0215,Single Family,4,1.5,2903,5188,2006,1150800.0,2025-11-06,Pending,,,33,0.0,1,Yes,No,2025-11-06,2026-08-28
UPDATE,2026-08-28T00:00:00,2026-08-28,PT0480844,LST0480844,AG01065,LOC0063,Single Family,5,3.0,2134,2892,1940,953300.0,2023-01-01,Sold,956778.56,2026-08-28,1335,0.0,0,Yes,Yes,2023-01-01,2026-08-28
UPDATE,2026-08-28T00:00:00,2026-08-28,PT0557140,LST0557140,AG00818,LOC0227,Land,0,0.0,1464,3451,1951,79200.0,2026-08-20,Active,,,0,0.0,0,No,No,2026-08-20,2026-08-28
UPDATE,2026-08-28T00:00:00,2026-08-28,PT0554703,LST0554703,AG01557,LOC0194,Single Family,2,4.0,1587,2088,1975,530500.0,2026-08-18,Pending,,,0,0.0,3,No,No,2026-08-18,2026-08-28
UPDATE,2026-08-28T00:00:00,2026-08-28,PT0191716,LST0191716,AG01499,LOC0225,Single Family,3,1.5,3343,3876,1939,1297600.0,2023-12-06,Active,,,138,0.0,1,No,Yes,2023-12-06,2026-08-28
UPDATE,2026-08-28T00:00:00,2026-08-28,PT0045830,LST0045830,AG01036,LOC0041,Apartment,3,3.0,1169,0,1933,434400.0,2025-05-31,Active,,,118,695.0,2,No,No,2025-05-31,2026-08-28
UPDATE,2026-08-28T00:00:00,2026-08-28,PT0505731,LST0505731,AG01381,LOC0135,Condo,3,4.5,2360,1272,1963,1243900.0,2026-07-05,Sold,1215121.37,2026-08-28,54,581.65,1,No,No,2026-07-05,2026-08-28
UPDATE,2026-08-28T00:00:00,2026-08-28,PT0511168,LST0511168,AG00325,LOC0084,Townhouse,1,1.0,830,19096,1991,281300.0,2026-07-10,Pending,,,0,642.04,1,No,No,2026-07-10,2026-08-28
UPDATE,2026-08-28T00:00:00,2026-08-28,PT0515340,LST0515340,AG01713,LOC0233,Condo,4,3.0,1124,2902,2010,335800.0,2026-07-13,Active,,,0,286.95,1,No,No,2026-07-13,2026-08-28
UPDATE,2026-08-28T00:00:00,2026-08-28,PT0096493,LST0096493,AG00523,LOC0097,Townhouse,3,1.0,948,3198,1951,249200.0,2023-05-16,Active,,,118,741.0,0,No,No,2023-05-16,2026-08-28
UPDATE,2026-08-28T00:00:00,2026-08-28,PT0275760,LST0275760,AG01056,LOC0005,Single Family,1,3.5,2386,6273,1928,1000500.0,2025-11-13,Active,,,94,0.0,2,No,Yes,2025-11-13,2026-08-28
UPDATE,2026-08-28T00:00:00,2026-08-28,PT0000907,LST0000907,AG01340,LOC0228,Single Family,1,4.0,1941,1219,1999,763900.0,2024-09-23,Active,,,41,0.0,1,No,Yes,2024-09-23,2026-08-28
UPDATE,2026-08-28T00:00:00,2026-08-28,PT0177999,LST0177999,AG01405,LOC0206,Single Family,4,3.5,1741,2884,1933,448700.0,2025-11-04,Active,,,125,0.0,0,Yes,Yes,2025-11-04,2026-08-28
UPDATE,2026-08-28T00:00:00,2026-08-28,PT0199626,LST0199626,AG01679,LOC0192,Condo,5,2.0,1575,3181,1977,477400.0,2023-05-15,Sold,482174.88,2026-08-28,1201,626.0,0,No,No,2023-05-15,2026-08-28
UPDATE,2026-08-28T00:00:00,2026-08-28,PT0282165,LST0282165,AG02410,LOC0238,Condo,2,2.0,693,6266,1996,143500.0,2023-08-09,Pending,,,0,771.0,2,No,No,2023-08-09,2026-08-28
UPDATE,2026-08-28T00:00:00,2026-08-28,PT0523945,LST0523945,AG00998,LOC0044,Single Family,4,1.5,2009,4282,1927,778200.0,2026-07-21,Active,,,0,0.0,1,No,Yes,2026-07-21,2026-08-28
UPDATE,2026-08-28T00:00:00,2026-08-28,PT0212620,LST0212620,AG01275,LOC0202,Single Family,2,2.5,2443,18734,1920,359700.0,2025-09-17,Sold,341667.42,2026-08-28,345,0.0,0,No,No,2025-09-17,2026-08-28
UPDATE,2026-08-28T00:00:00,2026-08-28,PT0285877,LST0285877,AG02305,LOC0114,Single Family,4,1.0,1940,5780,2001,127900.0,2024-01-09,Sold,135331.97,2026-08-28,962,0.0,1,No,Yes,2024-01-09,2026-08-28
UPDATE,2026-08-28T00:00:00,2026-08-28,PT0119996,LST0119996,AG02171,LOC0162,Condo,6,4.5,1820,10108,1933,193700.0,2026-04-10,Sold,194319.98,2026-08-28,140,228.0,3,No,No,2026-04-10,2026-08-28
UPDATE,2026-08-28T00:00:00,2026-08-28,PT0038568,LST0038568,AG00686,LOC0157,Condo,1,4.0,1813,2243,1926,291800.0,2024-08-26,Sold,284711.24,2026-08-28,732,102.0,0,No,No,2024-08-26,2026-08-28
UPDATE,2026-08-28T00:00:00,2026-08-28,PT0160876,LST0160876,AG01918,LOC0029,Multi-Family,1,3.0,2609,3395,1933,794200.0,2024-05-06,Active,,,99,0.0,2,No,Yes,2024-05-06,2026-08-28
UPDATE,2026-08-28T00:00:00,2026-08-28,PT0563013,LST0563013,AG00780,LOC0216,Single Family,3,3.0,1461,7646,2019,225400.0,2026-08-25,Active,,,0,0.0,1,No,Yes,2026-08-25,2026-08-28
UPDATE,2026-08-28T00:00:00,2026-08-28,PT0369957,LST0369957,AG00868,LOC0101,Condo,2,4.5,2704,4240,2016,871300.0,2026-05-21,Pending,,,74,381.0,0,No,No,2026-05-21,2026-08-28
UPDATE,2026-08-28T00:00:00,2026-08-28,PT0479349,LST0479349,AG02353,LOC0232,Townhouse,1,2.5,1768,8766,1939,546100.0,2025-11-23,Active,,,38,768.0,1,No,No,2025-11-23,2026-08-28
UPDATE,2026-08-28T00:00:00,2026-08-28,PT0040401,LST0040401,AG00934,LOC0218,Single Family,5,1.0,1573,8183,2002,542600.0,2023-07-16,Active,,,75,0.0,0,No,No,2023-07-16,2026-08-28
UPDATE,2026-08-28T00:00:00,2026-08-28,PT0500768,LST0500768,AG00187,LOC0200,Single Family,1,3.0,1839,1169,2024,694600.0,2026-07-01,Sold,691056.31,2026-08-28,58,0.0,1,No,Yes,2026-07-01,2026-08-28
UPDATE,2026-08-28T00:00:00,2026-08-28,PT0548086,LST0548086,AG01248,LOC0087,Single Family,6,2.0,1009,1268,1994,393200.0,2026-08-11,Sold,377203.54,2026-08-28,17,0.0,1,No,Yes,2026-08-11,2026-08-28
UPDATE,2026-08-28T00:00:00,2026-08-28,PT0397655,LST0397655,AG01603,LOC0055,Single Family,4,4.0,1576,22112,1905,501900.0,2024-12-06,Active,,,147,0.0,0,No,No,2024-12-06,2026-08-28
UPDATE,2026-08-28T00:00:00,2026-08-28,PT0254363,LST0254363,AG01638,LOC0101,Townhouse,6,4.5,1681,2810,1916,324400.0,2025-08-07,Active,,,161,406.0,1,No,No,2025-08-07,2026-08-28
UPDATE,2026-08-28T00:00:00,2026-08-28,PT0116364,LST0116364,AG00241,LOC0011,Multi-Family,6,4.0,4182,6278,1923,1347600.0,2025-02-14,Pending,,,132,0.0,2,No,Yes,2025-02-14,2026-08-28
UPDATE,2026-08-28T00:00:00,2026-08-28,PT0543290,LST0543290,AG00342,LOC0215,Multi-Family,3,4.0,3333,7397,2000,980000.0,2026-08-07,Pending,,,0,0.0,0,No,No,2026-08-07,2026-08-28
UPDATE,2026-08-28T00:00:00,2026-08-28,PT0174695,LST0174695,AG00630,LOC0239,Single Family,3,3.5,924,1129,1919,326300.0,2025-11-30,Pending,,,24,0.0,0,No,Yes,2025-11-30,2026-08-28
UPDATE,2026-08-28T00:00:00,2026-08-28,PT0504817,LST0504817,AG02670,LOC0046,Condo,4,4.0,1606,2523,1953,609100.0,2026-07-04,Active,,,0,312.02,3,No,No,2026-07-04,2026-08-28
UPDATE,2026-08-28T00:00:00,2026-08-28,PT0279343,LST0279343,AG02313,LOC0127,Single Family,2,2.5,2219,1842,1984,576100.0,2025-06-16,Pending,,,148,0.0,1,Yes,Yes,2025-06-16,2026-08-28
UPDATE,2026-08-28T00:00:00,2026-08-28,PT0567277,LST0567277,AG01981,LOC0195,Multi-Family,6,3.5,3432,1075,1950,1011200.0,2026-08-28,Active,,,0,0.0,2,Yes,No,2026-08-28,2026-08-28
UPDATE,2026-08-28T00:00:00,2026-08-28,PT0445722,LST0445722,AG02075,LOC0057,Condo,1,3.5,1378,6003,1955,677100.0,2025-06-07,Pending,,,19,706.0,0,No,No,2025-06-07,2026-08-28
UPDATE,2026-08-28T00:00:00,2026-08-28,PT0549819,LST0549819,AG02840,LOC0131,Single Family,1,1.5,2049,2456,1903,508500.0,2026-08-13,Active,,,0,0.0,0,Yes,No,2026-08-13,2026-08-28
UPDATE,2026-08-28T00:00:00,2026-08-28,PT0034438,LST0034438,AG01873,LOC0022,Single Family,3,3.0,2037,6308,1926,448300.0,2025-11-29,Active,,,57,0.0,3,No,Yes,2025-11-29,2026-08-28
UPDATE,2026-08-28T00:00:00,2026-08-28,PT0004625,LST0004625,AG01738,LOC0020,Single Family,2,1.5,2454,6809,1992,387800.0,2023-09-20,Active,,,67,0.0,1,Yes,No,2023-09-20,2026-08-28
UPDATE,2026-08-28T00:00:00,2026-08-28,PT0204064,LST0204064,AG01560,LOC0079,Single Family,3,3.5,1624,7967,1904,211500.0,2026-01-13,Sold,206580.63,2026-08-28,227,0.0,3,Yes,Yes,2026-01-13,2026-08-28
UPDATE,2026-08-28T00:00:00,2026-08-28,PT0393643,LST0393643,AG02719,LOC0215,Townhouse,3,3.5,2257,14068,2016,919100.0,2024-10-16,Sold,914764.05,2026-08-28,681,774.0,1,No,No,2024-10-16,2026-08-28
UPDATE,2026-08-28T00:00:00,2026-08-28,PT0227482,LST0227482,AG02719,LOC0090,Townhouse,2,3.5,2823,1979,1995,1293100.0,2023-04-15,Pending,,,144,200.0,0,No,No,2023-04-15,2026-08-28
UPDATE,2026-08-28T00:00:00,2026-08-28,PT0113632,LST0113632,AG00543,LOC0090,Apartment,3,2.0,1309,0,1977,621000.0,2023-10-23,Pending,,,62,615.0,3,Yes,No,2023-10-23,2026-08-28
UPDATE,2026-08-28T00:00:00,2026-08-28,PT0036257,LST0036257,AG00967,LOC0249,Condo,1,1.0,1497,1694,1910,262100.0,2024-01-19,Sold,249860.56,2026-08-28,952,406.0,3,No,No,2024-01-19,2026-08-28
UPDATE,2026-08-28T00:00:00,2026-08-28,PT0373993,LST0373993,AG02805,LOC0132,Condo,3,2.0,2381,4287,1990,523800.0,2026-01-04,Active,,,157,779.0,3,No,No,2026-01-04,2026-08-28
UPDATE,2026-08-28T00:00:00,2026-08-28,PT0026480,LST0026480,AG02288,LOC0204,Single Family,4,1.5,2504,2798,1912,775400.0,2023-01-13,Pending,,,102,0.0,1,No,Yes,2023-01-13,2026-08-28
UPDATE,2026-08-28T00:00:00,2026-08-28,PT0180917,LST0180917,AG02911,LOC0207,Apartment,4,3.0,450,0,1960,80400.0,2023-04-14,Pending,,,140,442.0,1,No,No,2023-04-14,2026-08-28
UPDATE,2026-08-28T00:00:00,2026-08-28,PT0434422,LST0434422,AG01154,LOC0065,Condo,6,3.5,3443,5364,1902,837300.0,2024-02-11,Pending,,,61,484.0,3,No,No,2024-02-11,2026-08-28
UPDATE,2026-08-28T00:00:00,2026-08-28,PT0009545,LST0009545,AG01495,LOC0235,Condo,2,2.0,456,4225,2004,225300.0,2023-05-20,Active,,,84,529.0,3,No,No,2023-05-20,2026-08-28
UPDATE,2026-08-28T00:00:00,2026-08-28,PT0548832,LST0548832,AG01236,LOC0149,Land,0,0.0,5161,2425,1914,1404100.0,2026-08-12,Active,,,0,0.0,0,No,No,2026-08-12,2026-08-28
UPDATE,2026-08-28T00:00:00,2026-08-28,PT0135480,LST0135480,AG02227,LOC0160,Townhouse,2,4.5,3415,9413,2006,704700.0,2025-02-09,Active,,,107,795.0,1,No,No,2025-02-09,2026-08-28
UPDATE,2026-08-28T00:00:00,2026-08-28,PT0474785,LST0474785,AG02467,LOC0016,Land,0,0.0,6126,11024,2022,1149700.0,2024-11-17,Pending,,,9,0.0,0,No,No,2024-11-17,2026-08-28
UPDATE,2026-08-28T00:00:00,2026-08-28,PT0463921,LST0463921,AG02460,LOC0016,Single Family,6,1.5,745,1848,2005,142000.0,2025-05-31,Sold,141940.44,2026-08-28,454,0.0,2,No,No,2025-05-31,2026-08-28
UPDATE,2026-08-28T00:00:00,2026-08-28,PT0060451,LST0060451,AG00489,LOC0201,Single Family,6,1.5,2516,1844,1957,611600.0,2024-05-08,Pending,,,134,0.0,1,Yes,No,2024-05-08,2026-08-28
UPDATE,2026-08-28T00:00:00,2026-08-28,PT0217957,LST0217957,AG02336,LOC0180,Townhouse,2,3.0,1118,2453,1913,313500.0,2023-07-30,Active,,,28,261.0,1,Yes,No,2023-07-30,2026-08-28
UPDATE,2026-08-28T00:00:00,2026-08-28,PT0463543,LST0463543,AG00511,LOC0020,Single Family,5,2.5,1536,3113,1921,249500.0,2025-11-27,Active,,,158,0.0,1,No,No,2025-11-27,2026-08-28
UPDATE,2026-08-28T00:00:00,2026-08-28,PT0527211,LST0527211,AG00651,LOC0192,Townhouse,5,4.5,3566,10227,1917,1351600.0,2026-07-24,Pending,,,0,687.58,1,No,No,2026-07-24,2026-08-28
UPDATE,2026-08-28T00:00:00,2026-08-28,PT0412891,LST0412891,AG00802,LOC0007,Single Family,5,3.0,1972,2607,2000,415300.0,2024-12-12,Sold,435545.82,2026-08-28,624,0.0,3,Yes,No,2024-12-12,2026-08-28
UPDATE,2026-08-28T00:00:00,2026-08-28,PT0036804,LST0036804,AG00950,LOC0066,Apartment,5,1.5,1415,0,1900,283400.0,2023-06-22,Pending,,,83,149.0,1,No,No,2023-06-22,2026-08-28
UPDATE,2026-08-28T00:00:00,2026-08-28,PT0092036,LST0092036,AG00740,LOC0021,Apartment,2,2.5,1102,0,1981,89600.0,2024-04-29,Pending,,,176,427.0,2,No,No,2024-04-29,2026-08-28
UPDATE,2026-08-28T00:00:00,2026-08-28,PT0567251,LST0567251,AG02635,LOC0047,Condo,1,1.0,1424,5912,1946,288100.0,2026-08-28,Sold,274547.6,2026-08-28,0,595.72,1,No,No,2026-08-28,2026-08-28
UPDATE,2026-08-28T00:00:00,2026-08-28,PT0272182,LST0272182,AG00116,LOC0081,Single Family,6,1.0,2275,2573,1977,676700.0,2024-04-12,Pending,,,89,0.0,1,No,Yes,2024-04-12,2026-08-28
UPDATE,2026-08-28T00:00:00,2026-08-28,PT0506622,LST0506622,AG00316,LOC0117,Condo,6,4.5,1908,3336,1923,725700.0,2026-07-06,Pending,,,0,661.84,3,No,No,2026-07-06,2026-08-28
UPDATE,2026-08-28T00:00:00,2026-08-28,PT0316917,LST0316917,AG02054,LOC0243,Townhouse,6,2.5,1076,2286,1915,342900.0,2023-12-22,Pending,,,151,624.0,3,No,No,2023-12-22,2026-08-28
UPDATE,2026-08-28T00:00:00,2026-08-28,PT0052609,LST0052609,AG01577,LOC0010,Townhouse,4,2.0,3735,7406,1910,1360800.0,2024-05-04,Active,,,95,179.0,2,No,No,2024-05-04,2026-08-28
UPDATE,2026-08-28T00:00:00,2026-08-28,PT0277262,LST0277262,AG01811,LOC0164,Single Family,1,3.5,1361,9559,1955,636900.0,2025-08-02,Active,,,18,0.0,1,No,No,2025-08-02,2026-08-28
UPDATE,2026-08-28T00:00:00,2026-08-28,PT0265272,LST0265272,AG00510,LOC0133,Condo,4,3.5,2543,18026,2012,544000.0,2026-01-02,Sold,533539.1,2026-08-28,238,440.0,3,Yes,No,2026-01-02,2026-08-28
UPDATE,2026-08-28T00:00:00,2026-08-28,PT0099672,LST0099672,AG01081,LOC0040,Townhouse,3,1.5,1608,8124,1931,859400.0,2023-04-08,Sold,818202.3,2026-08-28,1238,610.0,2,No,No,2023-04-08,2026-08-28
UPDATE,2026-08-28T00:00:00,2026-08-28,PT0210673,LST0210673,AG02917,LOC0177,Condo,1,2.5,1995,1243,1998,888600.0,2023-01-14,Pending,,,103,514.0,0,No,No,2023-01-14,2026-08-28
UPDATE,2026-08-28T00:00:00,2026-08-28,PT0523258,LST0523258,AG00067,LOC0167,Single Family,1,1.5,2535,1277,1950,501400.0,2026-07-21,Sold,483284.84,2026-08-28,38,0.0,0,Yes,Yes,2026-07-21,2026-08-28
UPDATE,2026-08-28T00:00:00,2026-08-28,PT0473246,LST0473246,AG00131,LOC0239,Condo,1,2.5,697,2033,1916,219500.0,2024-04-06,Pending,,,149,530.0,0,No,No,2024-04-06,2026-08-28
UPDATE,2026-08-28T00:00:00,2026-08-28,PT0432761,LST0432761,AG02626,LOC0209,Single Family,1,3.5,1555,5291,1976,617800.0,2024-06-17,Active,,,141,0.0,2,No,Yes,2024-06-17,2026-08-28
UPDATE,2026-08-28T00:00:00,2026-08-28,PT0462912,LST0462912,AG00358,LOC0244,Single Family,1,3.0,2701,14960,1924,493100.0,2025-11-01,Pending,,,16,0.0,0,Yes,Yes,2025-11-01,2026-08-28
UPDATE,2026-08-28T00:00:00,2026-08-28,PT0334020,LST0334020,AG00626,LOC0137,Apartment,2,4.5,1508,0,1909,128900.0,2024-04-18,Active,,,69,505.0,3,No,No,2024-04-18,2026-08-28
UPDATE,2026-08-28T00:00:00,2026-08-28,PT0337236,LST0337236,AG00215,LOC0052,Townhouse,1,3.5,1656,2558,1974,291800.0,2024-04-29,Sold,265728.23,2026-08-28,851,300.0,3,No,No,2024-04-29,2026-08-28
UPDATE,2026-08-28T00:00:00,2026-08-28,PT0177750,LST0177750,AG01580,LOC0126,Condo,6,3.0,1705,4207,2011,255800.0,2025-02-28,Sold,250930.41,2026-08-28,546,707.0,3,No,No,2025-02-28,2026-08-28
UPDATE,2026-08-28T00:00:00,2026-08-28,PT0427640,LST0427640,AG02098,LOC0165,Single Family,2,1.5,1999,2023,1912,964300.0,2023-01-19,Active,,,78,0.0,2,No,Yes,2023-01-19,2026-08-28
UPDATE,2026-08-28T00:00:00,2026-08-28,PT0130156,LST0130156,AG00813,LOC0111,Single Family,6,4.0,1935,5441,2019,395300.0,2025-07-01,Active,,,148,0.0,2,No,Yes,2025-07-01,2026-08-28
UPDATE,2026-08-28T00:00:00,2026-08-28,PT0499820,LST0499820,AG01072,LOC0101,Condo,5,1.0,1521,1728,1987,384000.0,2024-07-12,Pending,,,166,360.0,3,No,No,2024-07-12,2026-08-28
UPDATE,2026-08-28T00:00:00,2026-08-28,PT0331256,LST0331256,AG00132,LOC0088,Townhouse,4,3.5,713,5403,1901,118500.0,2024-05-15,Active,,,136,717.0,2,No,No,2024-05-15,2026-08-28
UPDATE,2026-08-28T00:00:00,2026-08-28,PT0561762,LST0561762,AG01839,LOC0149,Condo,5,1.0,1620,1899,1991,372200.0,2026-08-24,Active,,,0,118.44,3,No,No,2026-08-24,2026-08-28
UPDATE,2026-08-28T00:00:00,2026-08-28,PT0323340,LST0323340,AG01265,LOC0006,Townhouse,3,4.5,1549,11240,1998,404300.0,2026-01-29,Pending,,,72,571.0,3,No,No,2026-01-29,2026-08-28
UPDATE,2026-08-28T00:00:00,2026-08-28,PT0235809,LST0235809,AG02904,LOC0121,Multi-Family,3,1.0,5163,3527,1976,886100.0,2024-11-27,Pending,,,139,0.0,0,No,No,2024-11-27,2026-08-28
UPDATE,2026-08-28T00:00:00,2026-08-28,PT0493582,LST0493582,AG01300,LOC0039,Single Family,5,3.5,1647,4011,1934,659100.0,2026-03-07,Pending,,,61,0.0,3,No,Yes,2026-03-07,2026-08-28
UPDATE,2026-08-28T00:00:00,2026-08-28,PT0089130,LST0089130,AG00896,LOC0229,Land,0,0.0,5787,2414,1939,943100.0,2024-12-31,Pending,,,156,0.0,0,No,No,2024-12-31,2026-08-28
UPDATE,2026-08-28T00:00:00,2026-08-28,PT0504692,LST0504692,AG02012,LOC0236,Condo,6,1.0,2115,2055,2002,337300.0,2026-07-04,Pending,,,0,756.38,1,No,No,2026-07-04,2026-08-28
UPDATE,2026-08-28T00:00:00,2026-08-28,PT0088196,LST0088196,AG01056,LOC0042,Single Family,6,1.0,2753,5914,1981,1005800.0,2026-02-18,Sold,976141.78,2026-08-28,191,0.0,0,No,No,2026-02-18,2026-08-28
UPDATE,2026-08-28T00:00:00,2026-08-28,PT0511857,LST0511857,AG01622,LOC0130,Apartment,5,3.0,920,0,1923,159300.0,2026-07-10,Pending,,,0,209.99,1,No,No,2026-07-10,2026-08-28
UPDATE,2026-08-28T00:00:00,2026-08-28,PT0500650,LST0500650,AG02737,LOC0233,Single Family,2,2.0,1344,1789,2023,299700.0,2026-07-01,Active,,,0,0.0,0,No,Yes,2026-07-01,2026-08-28
UPDATE,2026-08-28T00:00:00,2026-08-28,PT0136231,LST0136231,AG00403,LOC0009,Single Family,6,2.5,2200,4775,2022,596500.0,2024-04-26,Pending,,,3,0.0,2,No,Yes,2024-04-26,2026-08-28
UPDATE,2026-08-28T00:00:00,2026-08-28,PT0361877,LST0361877,AG01888,LOC0214,Single Family,3,3.5,2906,11031,1999,545500.0,2024-05-22,Pending,,,79,0.0,1,No,Yes,2024-05-22,2026-08-28
UPDATE,2026-08-28T00:00:00,2026-08-28,PT0126830,LST0126830,AG02656,LOC0144,Single Family,6,1.0,2834,6508,1917,786300.0,2023-03-15,Active,,,173,0.0,2,No,No,2023-03-15,2026-08-28
UPDATE,2026-08-28T00:00:00,2026-08-28,PT0418793,LST0418793,AG00865,LOC0045,Multi-Family,4,1.0,1939,4168,1931,845900.0,2023-08-23,Pending,,,39,0.0,2,No,Yes,2023-08-23,2026-08-28
UPDATE,2026-08-28T00:00:00,2026-08-28,PT0207140,LST0207140,AG00259,LOC0117,Apartment,3,3.0,1341,0,1942,505600.0,2025-11-07,Active,,,53,628.0,2,Yes,No,2025-11-07,2026-08-28
UPDATE,2026-08-28T00:00:00,2026-08-28,PT0282359,LST0282359,AG02564,LOC0129,Single Family,1,4.0,1883,1240,1945,833900.0,2025-01-02,Active,,,65,0.0,0,No,Yes,2025-01-02,2026-08-28
UPDATE,2026-08-28T00:00:00,2026-08-28,PT0565983,LST0565983,AG01619,LOC0081,Condo,1,2.5,777,7933,1983,204600.0,2026-08-27,Active,,,0,216.19,0,No,No,2026-08-27,2026-08-28
UPDATE,2026-08-28T00:00:00,2026-08-28,PT0363309,LST0363309,AG02069,LOC0156,Townhouse,4,3.5,1904,1282,2015,1065700.0,2024-10-15,Active,,,147,474.0,1,Yes,No,2024-10-15,2026-08-28
UPDATE,2026-08-28T00:00:00,2026-08-28,PT0255408,LST0255408,AG01445,LOC0169,Condo,3,3.5,1863,2325,2004,454900.0,2024-11-15,Sold,440065.77,2026-08-28,651,604.0,0,No,No,2024-11-15,2026-08-28
UPDATE,2026-08-28T00:00:00,2026-08-28,PT0111066,LST0111066,AG01899,LOC0053,Condo,2,2.5,1923,4116,1984,371100.0,2025-10-21,Pending,,,172,62.0,0,No,No,2025-10-21,2026-08-28
UPDATE,2026-08-28T00:00:00,2026-08-28,PT0506053,LST0506053,AG01034,LOC0141,Single Family,2,2.5,2206,9187,1969,356100.0,2026-07-05,Pending,,,0,0.0,2,No,No,2026-07-05,2026-08-28
UPDATE,2026-08-28T00:00:00,2026-08-28,PT0563429,LST0563429,AG02114,LOC0128,Condo,4,2.5,2182,1268,2001,684100.0,2026-08-25,Active,,,0,446.13,0,No,No,2026-08-25,2026-08-28
UPDATE,2026-08-28T00:00:00,2026-08-28,PT0437058,LST0437058,AG01006,LOC0018,Townhouse,1,3.0,1468,3146,1927,517700.0,2025-08-16,Pending,,,32,85.0,2,No,No,2025-08-16,2026-08-28
UPDATE,2026-08-28T00:00:00,2026-08-28,PT0287837,LST0287837,AG00386,LOC0154,Townhouse,6,4.0,1742,5845,1914,342100.0,2025-03-15,Sold,308438.41,2026-08-28,531,152.0,1,No,No,2025-03-15,2026-08-28
UPDATE,2026-08-28T00:00:00,2026-08-28,PT0560960,LST0560960,AG00206,LOC0169,Apartment,3,4.5,1512,0,2015,512400.0,2026-08-23,Pending,,,0,678.02,2,Yes,No,2026-08-23,2026-08-28
UPDATE,2026-08-28T00:00:00,2026-08-28,PT0463278,LST0463278,AG02497,LOC0137,Single Family,3,3.0,1332,4987,1951,891000.0,2025-01-31,Pending,,,139,0.0,3,No,Yes,2025-01-31,2026-08-28
UPDATE,2026-08-28T00:00:00,2026-08-28,PT0106158,LST0106158,AG01064,LOC0158,Single Family,3,4.5,2114,3198,1969,616100.0,2024-10-15,Active,,,38,0.0,0,No,Yes,2024-10-15,2026-08-28
UPDATE,2026-08-28T00:00:00,2026-08-28,PT0111450,LST0111450,AG00240,LOC0203,Single Family,4,1.5,1993,2827,1940,452000.0,2023-05-21,Sold,449209.73,2026-08-28,1195,0.0,2,Yes,No,2023-05-21,2026-08-28
UPDATE,2026-08-28T00:00:00,2026-08-28,PT0203401,LST0203401,AG01549,LOC0159,Single Family,2,3.5,1307,2276,1965,158500.0,2024-11-07,Pending,,,120,0.0,3,No,No,2024-11-07,2026-08-28
UPDATE,2026-08-28T00:00:00,2026-08-28,PT0313052,LST0313052,AG02388,LOC0230,Single Family,3,2.0,1669,1291,2000,654400.0,2026-01-24,Active,,,102,0.0,2,No,No,2026-01-24,2026-08-28
UPDATE,2026-08-28T00:00:00,2026-08-28,PT0433079,LST0433079,AG00320,LOC0200,Condo,2,1.5,2393,3156,1916,327200.0,2025-03-26,Pending,,,177,775.0,1,No,No,2025-03-26,2026-08-28
UPDATE,2026-08-28T00:00:00,2026-08-28,PT0555666,LST0555666,AG01880,LOC0076,Single Family,2,2.5,1447,3545,1905,259800.0,2026-08-18,Pending,,,0,0.0,0,No,Yes,2026-08-18,2026-08-28
UPDATE,2026-08-28T00:00:00,2026-08-28,PT0329933,LST0329933,AG00739,LOC0032,Single Family,4,3.0,2196,8360,1952,263500.0,2024-09-01,Pending,,,109,0.0,1,Yes,No,2024-09-01,2026-08-28
UPDATE,2026-08-28T00:00:00,2026-08-28,PT0373808,LST0373808,AG01363,LOC0054,Single Family,1,2.5,1275,2721,1980,237500.0,2023-03-13,Pending,,,33,0.0,3,No,Yes,2023-03-13,2026-08-28
UPDATE,2026-08-28T00:00:00,2026-08-28,PT0403989,LST0403989,AG00229,LOC0045,Single Family,2,1.5,770,3773,2010,353900.0,2023-11-04,Active,,,48,0.0,1,No,No,2023-11-04,2026-08-28
UPDATE,2026-08-28T00:00:00,2026-08-28,PT0339901,LST0339901,AG01954,LOC0195,Townhouse,4,3.5,956,12658,1994,305000.0,2024-02-28,Active,,,1,720.0,1,No,No,2024-02-28,2026-08-28
UPDATE,2026-08-28T00:00:00,2026-08-28,PT0255433,LST0255433,AG00527,LOC0076,Single Family,1,1.5,2399,1816,1947,316800.0,2024-11-06,Active,,,53,0.0,2,No,No,2024-11-06,2026-08-28
UPDATE,2026-08-28T00:00:00,2026-08-28,PT0541008,LST0541008,AG00715,LOC0168,Apartment,5,2.0,594,0,1961,115200.0,2026-08-05,Active,,,0,389.13,2,Yes,No,2026-08-05,2026-08-28
UPDATE,2026-08-28T00:00:00,2026-08-28,PT0138048,LST0138048,AG00993,LOC0101,Multi-Family,1,2.5,2775,7139,2024,843000.0,2025-03-11,Sold,826882.17,2026-08-28,535,0.0,1,No,No,2025-03-11,2026-08-28
UPDATE,2026-08-28T00:00:00,2026-08-28,PT0375081,LST0375081,AG02535,LOC0208,Condo,4,3.0,1518,10458,1967,495800.0,2026-03-19,Active,,,104,644.0,3,No,No,2026-03-19,2026-08-28
UPDATE,2026-08-28T00:00:00,2026-08-28,PT0417195,LST0417195,AG02483,LOC0124,Land,0,0.0,5749,5307,1988,2906700.0,2024-04-19,Pending,,,122,0.0,0,No,No,2024-04-19,2026-08-28
UPDATE,2026-08-28T00:00:00,2026-08-28,PT0316135,LST0316135,AG00157,LOC0214,Townhouse,4,2.5,742,3950,1919,237000.0,2024-08-06,Pending,,,148,74.0,3,No,No,2024-08-06,2026-08-28
UPDATE,2026-08-28T00:00:00,2026-08-28,PT0405809,LST0405809,AG00666,LOC0182,Single Family,4,3.5,1750,5495,1971,478700.0,2024-04-08,Active,,,49,0.0,0,No,No,2024-04-08,2026-08-28
UPDATE,2026-08-28T00:00:00,2026-08-28,PT0198562,LST0198562,AG00817,LOC0080,Single Family,2,1.5,2390,1607,1940,1285800.0,2024-11-14,Sold,1184840.29,2026-08-28,652,0.0,3,No,Yes,2024-11-14,2026-08-28
UPDATE,2026-08-28T00:00:00,2026-08-28,PT0277550,LST0277550,AG00698,LOC0197,Single Family,4,1.0,2285,4098,2017,931400.0,2023-11-07,Active,,,161,0.0,3,No,No,2023-11-07,2026-08-28
UPDATE,2026-08-28T00:00:00,2026-08-28,PT0307056,LST0307056,AG00812,LOC0132,Townhouse,5,4.0,1481,1059,2021,315400.0,2026-04-16,Pending,,,172,202.0,0,Yes,No,2026-04-16,2026-08-28
UPDATE,2026-08-28T00:00:00,2026-08-28,PT0246026,LST0246026,AG02911,LOC0008,Single Family,3,4.0,1821,6671,1900,249900.0,2025-12-08,Active,,,110,0.0,2,No,No,2025-12-08,2026-08-28
UPDATE,2026-08-28T00:00:00,2026-08-28,PT0007196,LST0007196,AG00628,LOC0131,Single Family,3,4.5,1116,2191,1919,238300.0,2026-06-09,Sold,237135.1,2026-08-28,80,0.0,1,No,Yes,2026-06-09,2026-08-28
UPDATE,2026-08-28T00:00:00,2026-08-28,PT0019904,LST0019904,AG01439,LOC0039,Single Family,6,3.5,1844,3130,2016,726400.0,2026-04-26,Active,,,109,0.0,0,No,Yes,2026-04-26,2026-08-28
UPDATE,2026-08-28T00:00:00,2026-08-28,PT0482696,LST0482696,AG01175,LOC0143,Apartment,3,2.0,1109,0,1907,150500.0,2025-08-06,Active,,,152,583.0,1,No,No,2025-08-06,2026-08-28
UPDATE,2026-08-28T00:00:00,2026-08-28,PT0368764,LST0368764,AG02410,LOC0103,Condo,6,1.5,1184,2185,1911,164300.0,2023-02-22,Pending,,,176,572.0,0,Yes,No,2023-02-22,2026-08-28
UPDATE,2026-08-28T00:00:00,2026-08-28,PT0154770,LST0154770,AG02073,LOC0201,Single Family,2,2.0,1289,2353,1937,117500.0,2026-02-11,Pending,,,89,0.0,2,No,No,2026-02-11,2026-08-28
UPDATE,2026-08-28T00:00:00,2026-08-28,PT0362030,LST0362030,AG01350,LOC0132,Single Family,4,4.5,3020,1866,1914,495100.0,2026-04-28,Active,,,129,0.0,0,No,Yes,2026-04-28,2026-08-28
UPDATE,2026-08-28T00:00:00,2026-08-28,PT0168481,LST0168481,AG01566,LOC0048,Single Family,3,4.0,1894,6280,2009,739400.0,2023-02-11,Sold,695462.52,2026-08-28,1294,0.0,0,No,No,2023-02-11,2026-08-28
UPDATE,2026-08-28T00:00:00,2026-08-28,PT0508964,LST0508964,AG00113,LOC0076,Single Family,5,1.0,1575,13108,1944,283900.0,2026-07-08,Active,,,0,0.0,2,No,No,2026-07-08,2026-08-28
UPDATE,2026-08-28T00:00:00,2026-08-28,PT0401466,LST0401466,AG01777,LOC0153,Single Family,3,1.0,1988,4381,1947,453300.0,2025-02-12,Active,,,44,0.0,3,No,No,2025-02-12,2026-08-28
UPDATE,2026-08-28T00:00:00,2026-08-28,PT0018591,LST0018591,AG02033,LOC0235,Land,0,0.0,6748,5153,2013,2568600.0,2024-04-15,Active,,,43,0.0,0,No,No,2024-04-15,2026-08-28
UPDATE,2026-08-28T00:00:00,2026-08-28,PT0371090,LST0371090,AG02730,LOC0026,Townhouse,1,1.0,1602,2442,1990,762700.0,2025-05-19,Active,,,148,319.0,3,No,No,2025-05-19,2026-08-28
UPDATE,2026-08-28T00:00:00,2026-08-28,PT0379924,LST0379924,AG00145,LOC0191,Single Family,5,4.0,2178,1173,1967,996300.0,2024-07-31,Sold,1032393.16,2026-08-28,758,0.0,0,Yes,Yes,2024-07-31,2026-08-28
UPDATE,2026-08-28T00:00:00,2026-08-28,PT0228362,LST0228362,AG01594,LOC0110,Multi-Family,3,1.0,3210,3828,2010,467700.0,2025-06-09,Active,,,20,0.0,3,No,Yes,2025-06-09,2026-08-28
UPDATE,2026-08-28T00:00:00,2026-08-28,PT0535125,LST0535125,AG01695,LOC0216,Apartment,2,1.0,1334,0,1930,147500.0,2026-07-31,Pending,,,0,425.52,1,No,No,2026-07-31,2026-08-28
UPDATE,2026-08-28T00:00:00,2026-08-28,PT0544006,LST0544006,AG02728,LOC0161,Single Family,3,3.0,2102,8438,1982,1057300.0,2026-08-08,Pending,,,0,0.0,2,No,Yes,2026-08-08,2026-08-28
UPDATE,2026-08-28T00:00:00,2026-08-28,PT0557881,LST0557881,AG01543,LOC0133,Single Family,6,1.5,2253,1155,1989,314300.0,2026-08-20,Active,,,0,0.0,1,No,No,2026-08-20,2026-08-28
UPDATE,2026-08-28T00:00:00,2026-08-28,PT0110820,LST0110820,AG01740,LOC0222,Apartment,1,1.5,652,0,1958,156200.0,2025-11-25,Active,,,5,582.0,1,Yes,No,2025-11-25,2026-08-28
UPDATE,2026-08-28T00:00:00,2026-08-28,PT0534551,LST0534551,AG01042,LOC0072,Apartment,2,2.0,1060,0,1920,108100.0,2026-07-30,Pending,,,0,183.65,0,No,No,2026-07-30,2026-08-28
UPDATE,2026-08-28T00:00:00,2026-08-28,PT0525219,LST0525219,AG01649,LOC0167,Single Family,2,3.5,2378,4858,1962,1340600.0,2026-07-22,Pending,,,0,0.0,1,No,Yes,2026-07-22,2026-08-28
UPDATE,2026-08-28T00:00:00,2026-08-28,PT0537821,LST0537821,AG01603,LOC0151,Single Family,6,3.5,1498,13137,2007,302000.0,2026-08-02,Active,,,0,0.0,2,Yes,No,2026-08-02,2026-08-28
UPDATE,2026-08-28T00:00:00,2026-08-28,PT0438984,LST0438984,AG02653,LOC0196,Single Family,2,4.5,1800,2723,1997,786400.0,2023-10-26,Active,,,10,0.0,1,No,No,2023-10-26,2026-08-28
UPDATE,2026-08-28T00:00:00,2026-08-28,PT0066529,LST0066529,AG00555,LOC0100,Townhouse,3,1.5,1953,4884,1944,130100.0,2023-12-24,Active,,,75,584.0,2,Yes,No,2023-12-24,2026-08-28
UPDATE,2026-08-28T00:00:00,2026-08-28,PT0494146,LST0494146,AG00389,LOC0055,Single Family,5,4.0,2412,1121,1974,302000.0,2024-05-22,Sold,281207.85,2026-08-28,828,0.0,1,No,No,2024-05-22,2026-08-28
UPDATE,2026-08-28T00:00:00,2026-08-28,PT0501486,LST0501486,AG02114,LOC0248,Multi-Family,3,3.5,3351,4174,1974,777200.0,2026-07-02,Pending,,,0,0.0,2,No,Yes,2026-07-02,2026-08-28
UPDATE,2026-08-28T00:00:00,2026-08-28,PT0332696,LST0332696,AG02908,LOC0226,Single Family,3,3.0,1682,3317,1985,1196100.0,2025-07-20,Pending,,,37,0.0,1,No,No,2025-07-20,2026-08-28
UPDATE,2026-08-28T00:00:00,2026-08-28,PT0080702,LST0080702,AG02936,LOC0016,Single Family,6,4.0,1318,5594,1990,387800.0,2023-09-27,Active,,,124,0.0,1,Yes,Yes,2023-09-27,2026-08-28
UPDATE,2026-08-28T00:00:00,2026-08-28,PT0280618,LST0280618,AG00132,LOC0007,Single Family,5,2.5,2038,3858,1923,786800.0,2023-01-02,Sold,759994.66,2026-08-28,1334,0.0,2,No,No,2023-01-02,2026-08-28
UPDATE,2026-08-28T00:00:00,2026-08-28,PT0077703,LST0077703,AG00331,LOC0130,Condo,3,2.0,1731,1598,1977,335600.0,2026-01-27,Pending,,,144,201.0,2,No,No,2026-01-27,2026-08-28
UPDATE,2026-08-28T00:00:00,2026-08-28,PT0228445,LST0228445,AG00175,LOC0143,Apartment,4,4.5,696,0,1939,75400.0,2026-03-11,Sold,76985.73,2026-08-28,170,659.0,3,Yes,No,2026-03-11,2026-08-28
UPDATE,2026-08-28T00:00:00,2026-08-28,PT0476404,LST0476404,AG00356,LOC0180,Townhouse,4,3.5,774,4442,1964,150000.0,2025-08-07,Pending,,,57,522.0,0,No,No,2025-08-07,2026-08-28
UPDATE,2026-08-28T00:00:00,2026-08-28,PT0124541,LST0124541,AG01819,LOC0028,Townhouse,3,3.0,1397,2075,1918,141000.0,2026-03-24,Pending,,,57,198.0,1,No,No,2026-03-24,2026-08-28
UPDATE,2026-08-28T00:00:00,2026-08-28,PT0112906,LST0112906,AG02442,LOC0187,Land,0,0.0,4100,5696,1973,1963300.0,2023-10-03,Sold,1899914.28,2026-08-28,1060,0.0,0,No,No,2023-10-03,2026-08-28
UPDATE,2026-08-28T00:00:00,2026-08-28,PT0350953,LST0350953,AG00608,LOC0138,Single Family,3,2.0,1742,14261,1955,160400.0,2024-03-22,Pending,,,131,0.0,1,No,No,2024-03-22,2026-08-28
UPDATE,2026-08-28T00:00:00,2026-08-28,PT0309129,LST0309129,AG01657,LOC0199,Townhouse,6,4.5,1565,3643,1946,845300.0,2025-08-02,Pending,,,17,581.0,1,No,No,2025-08-02,2026-08-28
UPDATE,2026-08-28T00:00:00,2026-08-28,PT0017123,LST0017123,AG01813,LOC0112,Single Family,5,3.0,1676,6280,1968,362900.0,2024-01-18,Sold,379785.14,2026-08-28,953,0.0,0,No,No,2024-01-18,2026-08-28
UPDATE,2026-08-28T00:00:00,2026-08-28,PT0383199,LST0383199,AG00579,LOC0098,Single Family,5,1.0,2540,10653,1933,894700.0,2024-08-11,Pending,,,55,0.0,0,No,No,2024-08-11,2026-08-28
UPDATE,2026-08-28T00:00:00,2026-08-28,PT0385423,LST0385423,AG00465,LOC0190,Condo,6,4.5,2026,2577,1955,198400.0,2024-01-26,Pending,,,137,487.0,1,No,No,2024-01-26,2026-08-28
UPDATE,2026-08-28T00:00:00,2026-08-28,PT0182548,LST0182548,AG01465,LOC0076,Single Family,2,4.5,2644,2040,1953,551000.0,2025-11-14,Active,,,24,0.0,1,Yes,Yes,2025-11-14,2026-08-28
UPDATE,2026-08-28T00:00:00,2026-08-28,PT0267605,LST0267605,AG02808,LOC0232,Multi-Family,4,2.5,5161,7295,1917,1322700.0,2024-01-18,Pending,,,134,0.0,3,No,Yes,2024-01-18,2026-08-28
UPDATE,2026-08-28T00:00:00,2026-08-28,PT0408263,LST0408263,AG00208,LOC0110,Townhouse,4,1.5,1747,4528,1909,273400.0,2023-08-08,Active,,,152,682.0,0,No,No,2023-08-08,2026-08-28
UPDATE,2026-08-28T00:00:00,2026-08-28,PT0490443,LST0490443,AG01392,LOC0213,Single Family,1,3.5,2595,2013,1951,498700.0,2024-02-17,Pending,,,164,0.0,3,Yes,Yes,2024-02-17,2026-08-28
UPDATE,2026-08-28T00:00:00,2026-08-28,PT0398275,LST0398275,AG00498,LOC0157,Condo,1,1.5,1828,4522,1907,764700.0,2025-08-12,Pending,,,158,554.0,0,Yes,No,2025-08-12,2026-08-28
UPDATE,2026-08-28T00:00:00,2026-08-28,PT0405712,LST0405712,AG01470,LOC0175,Townhouse,6,4.0,1891,11468,1960,179600.0,2025-06-29,Sold,184918.58,2026-08-28,425,225.0,0,No,No,2025-06-29,2026-08-28
UPDATE,2026-08-28T00:00:00,2026-08-28,PT0448213,LST0448213,AG00613,LOC0022,Multi-Family,1,4.0,1294,3239,1961,164000.0,2026-06-23,Pending,,,178,0.0,2,No,Yes,2026-06-23,2026-08-28
UPDATE,2026-08-28T00:00:00,2026-08-28,PT0216470,LST0216470,AG00515,LOC0180,Townhouse,5,1.5,1795,4882,1909,496200.0,2024-06-29,Active,,,165,599.0,1,No,No,2024-06-29,2026-08-28
UPDATE,2026-08-28T00:00:00,2026-08-28,PT0463733,LST0463733,AG02760,LOC0043,Single Family,6,1.5,1786,3762,1967,135800.0,2023-10-27,Pending,,,164,0.0,0,No,No,2023-10-27,2026-08-28
UPDATE,2026-08-28T00:00:00,2026-08-28,PT0077632,LST0077632,AG01263,LOC0191,Land,0,0.0,3633,5735,1976,775500.0,2023-08-07,Pending,,,154,0.0,0,No,No,2023-08-07,2026-08-28
UPDATE,2026-08-28T00:00:00,2026-08-28,PT0108594,LST0108594,AG00727,LOC0126,Townhouse,3,4.0,1241,2060,2009,292300.0,2024-06-10,Sold,248608.43,2026-08-28,809,727.0,3,Yes,No,2024-06-10,2026-08-28
UPDATE,2026-08-28T00:00:00,2026-08-28,PT0480369,LST0480369,AG01624,LOC0114,Single Family,3,4.0,1735,2833,1907,305900.0,2023-06-13,Pending,,,4,0.0,1,No,No,2023-06-13,2026-08-28
UPDATE,2026-08-28T00:00:00,2026-08-28,PT0015493,LST0015493,AG02427,LOC0227,Single Family,3,1.5,3098,6461,1939,1120800.0,2023-01-04,Sold,1108233.18,2026-08-28,1332,0.0,1,Yes,No,2023-01-04,2026-08-28
UPDATE,2026-08-28T00:00:00,2026-08-28,PT0331422,LST0331422,AG02288,LOC0018,Condo,1,3.0,2541,1345,1932,510500.0,2025-05-02,Pending,,,154,506.0,0,No,No,2025-05-02,2026-08-28
UPDATE,2026-08-28T00:00:00,2026-08-28,PT0368505,LST0368505,AG02998,LOC0107,Condo,5,3.5,794,1339,1938,165500.0,2024-05-04,Pending,,,122,669.0,0,Yes,No,2024-05-04,2026-08-28
UPDATE,2026-08-28T00:00:00,2026-08-28,PT0456575,LST0456575,AG00268,LOC0093,Single Family,4,2.5,2855,3803,2015,404400.0,2024-10-28,Pending,,,31,0.0,2,No,Yes,2024-10-28,2026-08-28
UPDATE,2026-08-28T00:00:00,2026-08-28,PT0075663,LST0075663,AG00010,LOC0208,Single Family,4,3.5,1415,1677,2008,357300.0,2026-02-25,Pending,,,129,0.0,2,No,Yes,2026-02-25,2026-08-28
UPDATE,2026-08-28T00:00:00,2026-08-28,PT0563938,LST0563938,AG00368,LOC0104,Multi-Family,6,1.5,5203,12529,1964,1119700.0,2026-08-25,Active,,,0,0.0,2,No,No,2026-08-25,2026-08-28
UPDATE,2026-08-28T00:00:00,2026-08-28,PT0053726,LST0053726,AG01297,LOC0188,Single Family,1,2.0,1696,10943,1915,475200.0,2026-03-09,Pending,,,86,0.0,3,No,Yes,2026-03-09,2026-08-28
UPDATE,2026-08-28T00:00:00,2026-08-28,PT0062180,LST0062180,AG01586,LOC0054,Apartment,6,2.0,372,0,1946,88100.0,2025-03-03,Active,,,178,518.0,1,No,No,2025-03-03,2026-08-28
UPDATE,2026-08-28T00:00:00,2026-08-28,PT0201152,LST0201152,AG02493,LOC0039,Single Family,4,4.0,2020,6367,1960,537800.0,2023-08-13,Sold,524899.5,2026-08-28,1111,0.0,2,No,No,2023-08-13,2026-08-28
UPDATE,2026-08-28T00:00:00,2026-08-28,PT0521546,LST0521546,AG01346,LOC0054,Apartment,5,3.5,961,0,1994,308700.0,2026-07-19,Active,,,0,665.39,0,No,No,2026-07-19,2026-08-28
UPDATE,2026-08-28T00:00:00,2026-08-28,PT0239696,LST0239696,AG01470,LOC0169,Single Family,2,4.5,2696,3868,1957,1449100.0,2024-11-20,Pending,,,123,0.0,0,No,No,2024-11-20,2026-08-28
UPDATE,2026-08-28T00:00:00,2026-08-28,PT0283331,LST0283331,AG00729,LOC0134,Single Family,3,2.5,3095,1150,1925,490400.0,2023-02-05,Sold,512904.29,2026-08-28,1300,0.0,0,No,No,2023-02-05,2026-08-28
UPDATE,2026-08-28T00:00:00,2026-08-28,PT0130703,LST0130703,AG02678,LOC0022,Single Family,3,4.0,2089,14343,2008,615100.0,2025-06-13,Pending,,,16,0.0,1,No,No,2025-06-13,2026-08-28
UPDATE,2026-08-28T00:00:00,2026-08-28,PT0334904,LST0334904,AG01991,LOC0154,Apartment,1,4.0,1500,0,2012,330500.0,2026-06-10,Active,,,171,283.0,0,No,No,2026-06-10,2026-08-28
UPDATE,2026-08-28T00:00:00,2026-08-28,PT0096669,LST0096669,AG00514,LOC0177,Multi-Family,1,3.0,3632,1873,1912,1445500.0,2024-04-25,Sold,1459600.93,2026-08-28,855,0.0,3,No,Yes,2024-04-25,2026-08-28
UPDATE,2026-08-28T00:00:00,2026-08-28,PT0373582,LST0373582,AG00886,LOC0060,Single Family,6,3.0,785,4802,2023,151700.0,2023-05-27,Active,,,142,0.0,3,No,No,2023-05-27,2026-08-28
UPDATE,2026-08-28T00:00:00,2026-08-28,PT0172741,LST0172741,AG00837,LOC0071,Single Family,6,2.5,1765,2909,1941,573300.0,2025-09-03,Pending,,,86,0.0,0,Yes,No,2025-09-03,2026-08-28
UPDATE,2026-08-28T00:00:00,2026-08-28,PT0484072,LST0484072,AG01107,LOC0249,Apartment,3,2.0,1240,0,1935,614200.0,2023-01-29,Sold,569577.1,2026-08-28,1307,718.0,0,No,No,2023-01-29,2026-08-28
UPDATE,2026-08-28T00:00:00,2026-08-28,PT0011431,LST0011431,AG02575,LOC0244,Apartment,6,4.5,1297,0,2021,259600.0,2025-03-07,Pending,,,66,338.0,0,Yes,No,2025-03-07,2026-08-28
UPDATE,2026-08-28T00:00:00,2026-08-28,PT0545474,LST0545474,AG02054,LOC0122,Land,0,0.0,8690,1722,2023,3805300.0,2026-08-09,Active,,,0,0.0,0,No,No,2026-08-09,2026-08-28
UPDATE,2026-08-28T00:00:00,2026-08-28,PT0545928,LST0545928,AG02826,LOC0036,Condo,6,4.5,1555,3183,1994,529300.0,2026-08-09,Active,,,0,70.92,1,No,No,2026-08-09,2026-08-28
UPDATE,2026-08-28T00:00:00,2026-08-28,PT0204160,LST0204160,AG01889,LOC0207,Townhouse,2,2.0,2889,30759,1945,318800.0,2024-07-07,Active,,,37,112.0,2,Yes,No,2024-07-07,2026-08-28
UPDATE,2026-08-28T00:00:00,2026-08-28,PT0488071,LST0488071,AG02416,LOC0030,Condo,1,1.0,1797,5070,1988,589600.0,2024-09-13,Active,,,76,565.0,1,No,No,2024-09-13,2026-08-28
UPDATE,2026-08-28T00:00:00,2026-08-28,PT0148327,LST0148327,AG02376,LOC0179,Single Family,5,1.5,1646,10088,1933,470300.0,2025-11-27,Active,,,176,0.0,0,No,No,2025-11-27,2026-08-28
UPDATE,2026-08-28T00:00:00,2026-08-28,PT0212467,LST0212467,AG01743,LOC0100,Condo,6,4.0,2682,5976,2008,417700.0,2023-06-12,Active,,,19,484.0,0,Yes,No,2023-06-12,2026-08-28
UPDATE,2026-08-28T00:00:00,2026-08-28,PT0526726,LST0526726,AG01224,LOC0038,Townhouse,5,2.5,2810,1996,2016,957700.0,2026-07-24,Pending,,,0,729.08,3,No,No,2026-07-24,2026-08-28
UPDATE,2026-08-28T00:00:00,2026-08-28,PT0409971,LST0409971,AG02850,LOC0068,Single Family,6,2.5,2484,3224,1924,169700.0,2025-03-24,Pending,,,56,0.0,3,No,Yes,2025-03-24,2026-08-28
UPDATE,2026-08-28T00:00:00,2026-08-28,PT0552673,LST0552673,AG00401,LOC0141,Single Family,5,2.5,976,1266,1962,242800.0,2026-08-16,Sold,230185.4,2026-08-28,12,0.0,0,No,Yes,2026-08-16,2026-08-28
UPDATE,2026-08-28T00:00:00,2026-08-28,PT0285440,LST0285440,AG01432,LOC0200,Multi-Family,5,2.5,3477,4601,1909,661800.0,2024-10-12,Sold,616218.52,2026-08-28,685,0.0,1,No,No,2024-10-12,2026-08-28
UPDATE,2026-08-28T00:00:00,2026-08-28,PT0495634,LST0495634,AG01375,LOC0029,Single Family,3,1.0,917,3954,2004,269300.0,2024-01-05,Pending,,,89,0.0,2,No,No,2024-01-05,2026-08-28
UPDATE,2026-08-28T00:00:00,2026-08-28,PT0296812,LST0296812,AG01142,LOC0044,Land,0,0.0,7139,4049,1991,1932300.0,2023-02-03,Active,,,90,0.0,0,No,No,2023-02-03,2026-08-28
UPDATE,2026-08-28T00:00:00,2026-08-28,PT0488298,LST0488298,AG02563,LOC0247,Townhouse,4,4.0,3094,3176,1989,765500.0,2024-05-10,Pending,,,114,626.0,0,No,No,2024-05-10,2026-08-28
UPDATE,2026-08-28T00:00:00,2026-08-28,PT0469052,LST0469052,AG01937,LOC0056,Multi-Family,2,1.5,3217,1585,1929,1047100.0,2026-02-12,Sold,1030267.82,2026-08-28,197,0.0,0,No,No,2026-02-12,2026-08-28
UPDATE,2026-08-28T00:00:00,2026-08-28,PT0549095,LST0549095,AG01066,LOC0182,Multi-Family,3,2.5,4183,10722,1997,2136400.0,2026-08-13,Pending,,,0,0.0,3,No,Yes,2026-08-13,2026-08-28
UPDATE,2026-08-28T00:00:00,2026-08-28,PT0162818,LST0162818,AG01891,LOC0207,Condo,5,4.0,889,5302,1994,194700.0,2025-10-15,Pending,,,166,710.0,1,No,No,2025-10-15,2026-08-28
UPDATE,2026-08-28T00:00:00,2026-08-28,PT0495041,LST0495041,AG02157,LOC0049,Single Family,2,3.5,1732,4990,1905,417100.0,2025-04-06,Sold,383648.39,2026-08-28,509,0.0,2,No,No,2025-04-06,2026-08-28
UPDATE,2026-08-28T00:00:00,2026-08-28,PT0076185,LST0076185,AG01548,LOC0145,Townhouse,3,4.5,2074,5972,1977,944700.0,2024-12-17,Active,,,66,514.0,3,No,No,2024-12-17,2026-08-28
UPDATE,2026-08-28T00:00:00,2026-08-28,PT0195917,LST0195917,AG01747,LOC0172,Multi-Family,6,4.0,1768,5912,1924,445700.0,2025-05-05,Pending,,,154,0.0,3,No,No,2025-05-05,2026-08-28
UPDATE,2026-08-28T00:00:00,2026-08-28,PT0197090,LST0197090,AG02922,LOC0076,Single Family,4,2.5,1698,5942,1979,142700.0,2025-07-09,Pending,,,33,0.0,0,No,No,2025-07-09,2026-08-28
UPDATE,2026-08-28T00:00:00,2026-08-28,PT0468717,LST0468717,AG02180,LOC0133,Single Family,1,2.0,2999,3427,1951,368900.0,2024-04-17,Active,,,46,0.0,3,No,Yes,2024-04-17,2026-08-28
UPDATE,2026-08-28T00:00:00,2026-08-28,PT0202175,LST0202175,AG01740,LOC0064,Single Family,6,4.0,2039,10351,1949,570500.0,2024-01-06,Active,,,176,0.0,3,No,Yes,2024-01-06,2026-08-28
UPDATE,2026-08-28T00:00:00,2026-08-28,PT0178662,LST0178662,AG01204,LOC0183,Single Family,2,2.5,1371,5517,2011,195000.0,2024-09-22,Pending,,,175,0.0,0,No,No,2024-09-22,2026-08-28
UPDATE,2026-08-28T00:00:00,2026-08-28,PT0543119,LST0543119,AG01213,LOC0043,Single Family,4,4.5,300,17041,1925,26900.0,2026-08-07,Sold,26952.56,2026-08-28,21,0.0,2,No,No,2026-08-07,2026-08-28
UPDATE,2026-08-28T00:00:00,2026-08-28,PT0057447,LST0057447,AG00170,LOC0036,Townhouse,5,4.0,1127,5276,1935,253000.0,2024-01-31,Active,,,17,198.0,3,No,No,2024-01-31,2026-08-28
UPDATE,2026-08-28T00:00:00,2026-08-28,PT0448231,LST0448231,AG02064,LOC0001,Single Family,5,2.5,604,2280,1972,123900.0,2025-12-31,Pending,,,126,0.0,0,Yes,Yes,2025-12-31,2026-08-28
UPDATE,2026-08-28T00:00:00,2026-08-28,PT0491803,LST0491803,AG01618,LOC0202,Single Family,6,4.0,1463,7907,1916,414900.0,2023-03-25,Active,,,177,0.0,2,No,Yes,2023-03-25,2026-08-28
UPDATE,2026-08-28T00:00:00,2026-08-28,PT0122113,LST0122113,AG01139,LOC0127,Condo,6,2.5,3846,5985,1917,2194100.0,2025-09-08,Pending,,,59,624.0,1,No,No,2025-09-08,2026-08-28
UPDATE,2026-08-28T00:00:00,2026-08-28,PT0489646,LST0489646,AG00608,LOC0026,Condo,5,3.5,1597,1262,1918,595500.0,2025-02-06,Sold,561323.19,2026-08-28,568,296.0,0,No,No,2025-02-06,2026-08-28
UPDATE,2026-08-28T00:00:00,2026-08-28,PT0525501,LST0525501,AG02334,LOC0094,Single Family,4,4.5,2303,3656,1999,775700.0,2026-07-23,Sold,760557.02,2026-08-28,36,0.0,3,No,No,2026-07-23,2026-08-28
UPDATE,2026-08-28T00:00:00,2026-08-28,PT0351922,LST0351922,AG01248,LOC0222,Apartment,6,3.5,1181,0,1953,354100.0,2026-05-29,Pending,,,80,452.0,0,No,No,2026-05-29,2026-08-28
UPDATE,2026-08-28T00:00:00,2026-08-28,PT0436595,LST0436595,AG01035,LOC0218,Single Family,3,3.5,3070,1787,1910,812300.0,2023-08-04,Pending,,,140,0.0,3,No,No,2023-08-04,2026-08-28
UPDATE,2026-08-28T00:00:00,2026-08-28,PT0387475,LST0387475,AG00033,LOC0012,Single Family,6,1.5,1991,1623,1903,895700.0,2024-11-18,Pending,,,29,0.0,2,No,Yes,2024-11-18,2026-08-28
UPDATE,2026-08-28T00:00:00,2026-08-28,PT0273418,LST0273418,AG02768,LOC0039,Condo,2,3.5,2608,1212,1911,903800.0,2024-12-18,Active,,,48,345.0,1,No,No,2024-12-18,2026-08-28
UPDATE,2026-08-28T00:00:00,2026-08-28,PT0534736,LST0534736,AG01525,LOC0107,Single Family,6,2.0,1637,10407,1901,183100.0,2026-07-30,Pending,,,0,0.0,3,No,No,2026-07-30,2026-08-28
UPDATE,2026-08-28T00:00:00,2026-08-28,PT0500497,LST0500497,AG02121,LOC0043,Single Family,3,2.0,1772,3218,1950,310000.0,2026-07-01,Active,,,0,0.0,1,Yes,No,2026-07-01,2026-08-28
UPDATE,2026-08-28T00:00:00,2026-08-28,PT0217084,LST0217084,AG02083,LOC0097,Single Family,5,1.0,1046,3569,1976,430400.0,2025-01-24,Pending,,,107,0.0,3,No,Yes,2025-01-24,2026-08-28
UPDATE,2026-08-28T00:00:00,2026-08-28,PT0470779,LST0470779,AG00949,LOC0031,Condo,4,2.5,1468,1054,1982,590400.0,2025-04-07,Active,,,100,439.0,2,No,No,2025-04-07,2026-08-28
UPDATE,2026-08-28T00:00:00,2026-08-28,PT0222319,LST0222319,AG02760,LOC0096,Single Family,1,4.5,2705,3160,1962,597800.0,2025-08-14,Sold,543375.72,2026-08-28,379,0.0,3,No,Yes,2025-08-14,2026-08-28
UPDATE,2026-08-28T00:00:00,2026-08-28,PT0541815,LST0541815,AG02411,LOC0189,Condo,2,1.5,1644,2216,2011,350000.0,2026-08-05,Active,,,0,612.5,3,No,No,2026-08-05,2026-08-28
UPDATE,2026-08-28T00:00:00,2026-08-28,PT0439157,LST0439157,AG02768,LOC0122,Condo,6,3.0,2565,6875,1967,1012000.0,2026-04-05,Active,,,135,126.0,1,No,No,2026-04-05,2026-08-28
UPDATE,2026-08-28T00:00:00,2026-08-28,PT0256034,LST0256034,AG02959,LOC0094,Apartment,1,2.0,1333,0,1997,297400.0,2023-01-17,Pending,,,49,281.0,3,No,No,2023-01-17,2026-08-28
UPDATE,2026-08-28T00:00:00,2026-08-28,PT0109141,LST0109141,AG01777,LOC0091,Apartment,4,1.5,1267,0,1902,436800.0,2023-07-27,Active,,,64,149.0,2,No,No,2023-07-27,2026-08-28
UPDATE,2026-08-28T00:00:00,2026-08-28,PT0102413,LST0102413,AG01679,LOC0136,Single Family,2,3.0,2003,2597,1905,222800.0,2026-04-17,Active,,,83,0.0,0,No,Yes,2026-04-17,2026-08-28
UPDATE,2026-08-28T00:00:00,2026-08-28,PT0014113,LST0014113,AG02502,LOC0137,Single Family,1,2.5,2141,3369,1911,1127100.0,2024-11-11,Sold,1133417.76,2026-08-28,655,0.0,1,Yes,No,2024-11-11,2026-08-28
UPDATE,2026-08-28T00:00:00,2026-08-28,PT0319767,LST0319767,AG01832,LOC0217,Townhouse,6,1.0,2250,3307,1909,149000.0,2025-09-24,Active,,,134,185.0,1,Yes,No,2025-09-24,2026-08-28
UPDATE,2026-08-28T00:00:00,2026-08-28,PT0396669,LST0396669,AG02825,LOC0142,Single Family,2,2.5,1565,3055,1946,585300.0,2024-09-18,Pending,,,33,0.0,1,No,No,2024-09-18,2026-08-28
UPDATE,2026-08-28T00:00:00,2026-08-28,PT0235311,LST0235311,AG00492,LOC0153,Single Family,4,3.0,1990,3044,2015,918100.0,2026-05-28,Active,,,103,0.0,3,No,Yes,2026-05-28,2026-08-28
UPDATE,2026-08-28T00:00:00,2026-08-28,PT0451141,LST0451141,AG02074,LOC0032,Single Family,6,1.5,1971,1489,1962,93900.0,2026-06-09,Pending,,,101,0.0,1,No,No,2026-06-09,2026-08-28
UPDATE,2026-08-28T00:00:00,2026-08-28,PT0500152,LST0500152,AG01932,LOC0059,Multi-Family,6,2.0,3549,3041,2005,767800.0,2026-07-01,Active,,,0,0.0,1,No,No,2026-07-01,2026-08-28
UPDATE,2026-08-28T00:00:00,2026-08-28,PT0436441,LST0436441,AG01018,LOC0065,Single Family,1,3.5,876,3245,1973,115400.0,2024-03-04,Pending,,,66,0.0,0,No,No,2024-03-04,2026-08-28
UPDATE,2026-08-28T00:00:00,2026-08-28,PT0025998,LST0025998,AG00603,LOC0234,Single Family,2,3.5,2186,5029,2007,1435400.0,2025-07-09,Pending,,,88,0.0,0,No,No,2025-07-09,2026-08-28
UPDATE,2026-08-28T00:00:00,2026-08-28,PT0082985,LST0082985,AG02582,LOC0032,Townhouse,1,3.0,2043,4289,1971,300800.0,2024-04-30,Active,,,40,406.0,1,No,No,2024-04-30,2026-08-28
UPDATE,2026-08-28T00:00:00,2026-08-28,PT0324979,LST0324979,AG02050,LOC0124,Multi-Family,3,2.5,3468,5504,1900,1643600.0,2023-08-05,Sold,1637548.36,2026-08-28,1119,0.0,1,No,Yes,2023-08-05,2026-08-28
UPDATE,2026-08-28T00:00:00,2026-08-28,PT0561067,LST0561067,AG01104,LOC0013,Condo,5,4.0,2887,2878,2008,816200.0,2026-08-23,Pending,,,0,97.85,2,No,No,2026-08-23,2026-08-28
UPDATE,2026-08-28T00:00:00,2026-08-28,PT0195163,LST0195163,AG01041,LOC0046,Single Family,6,2.5,2473,2606,1920,1015000.0,2024-01-20,Pending,,,79,0.0,3,No,No,2024-01-20,2026-08-28
UPDATE,2026-08-28T00:00:00,2026-08-28,PT0429260,LST0429260,AG00191,LOC0182,Multi-Family,6,1.0,4229,8586,1967,1535400.0,2026-06-28,Pending,,,70,0.0,0,No,No,2026-06-28,2026-08-28
UPDATE,2026-08-28T00:00:00,2026-08-28,PT0193062,LST0193062,AG02250,LOC0250,Condo,5,1.5,1998,1116,1900,839400.0,2025-04-05,Sold,860415.29,2026-08-28,510,226.0,0,Yes,No,2025-04-05,2026-08-28
UPDATE,2026-08-28T00:00:00,2026-08-28,PT0509061,LST0509061,AG02572,LOC0212,Single Family,4,3.0,672,1086,1905,397200.0,2026-07-08,Active,,,0,0.0,1,No,No,2026-07-08,2026-08-28
UPDATE,2026-08-28T00:00:00,2026-08-28,PT0282869,LST0282869,AG02446,LOC0095,Single Family,5,3.0,2484,2710,1908,182300.0,2023-07-09,Active,,,2,0.0,2,No,No,2023-07-09,2026-08-28
UPDATE,2026-08-28T00:00:00,2026-08-28,PT0196071,LST0196071,AG01729,LOC0037,Condo,2,4.0,1827,7138,1997,766200.0,2024-03-28,Active,,,147,148.0,2,No,No,2024-03-28,2026-08-28
UPDATE,2026-08-28T00:00:00,2026-08-28,PT0056485,LST0056485,AG00830,LOC0053,Single Family,2,4.5,536,1367,2006,175300.0,2023-12-19,Pending,,,167,0.0,0,No,Yes,2023-12-19,2026-08-28
UPDATE,2026-08-28T00:00:00,2026-08-28,PT0177396,LST0177396,AG01467,LOC0239,Townhouse,2,2.0,1530,1910,1928,461200.0,2026-06-06,Pending,,,177,691.0,2,No,No,2026-06-06,2026-08-28
UPDATE,2026-08-28T00:00:00,2026-08-28,PT0560209,LST0560209,AG00822,LOC0098,Condo,6,4.0,2516,1900,1919,330300.0,2026-08-22,Active,,,0,643.71,0,Yes,No,2026-08-22,2026-08-28
UPDATE,2026-08-28T00:00:00,2026-08-28,PT0548526,LST0548526,AG02139,LOC0100,Townhouse,3,3.0,1453,5777,1923,117600.0,2026-08-12,Active,,,0,68.63,1,No,No,2026-08-12,2026-08-28
UPDATE,2026-08-28T00:00:00,2026-08-28,PT0420575,LST0420575,AG01516,LOC0207,Single Family,3,3.0,2374,8201,2001,540700.0,2026-04-14,Pending,,,4,0.0,2,Yes,Yes,2026-04-14,2026-08-28
UPDATE,2026-08-28T00:00:00,2026-08-28,PT0366277,LST0366277,AG00165,LOC0169,Single Family,1,1.0,2102,1023,1972,793400.0,2023-10-04,Sold,835535.22,2026-08-28,1059,0.0,0,No,Yes,2023-10-04,2026-08-28
UPDATE,2026-08-28T00:00:00,2026-08-28,PT0177110,LST0177110,AG00580,LOC0033,Apartment,3,4.5,603,0,1904,156400.0,2026-05-19,Sold,148969.8,2026-08-28,101,384.0,0,No,No,2026-05-19,2026-08-28
UPDATE,2026-08-28T00:00:00,2026-08-28,PT0018234,LST0018234,AG00499,LOC0248,Condo,3,2.0,714,1153,2017,163500.0,2025-03-28,Active,,,55,357.0,0,Yes,No,2025-03-28,2026-08-28
UPDATE,2026-08-28T00:00:00,2026-08-28,PT0438287,LST0438287,AG00989,LOC0103,Single Family,5,2.0,1351,3076,1901,54500.0,2025-09-13,Pending,,,54,0.0,3,No,No,2025-09-13,2026-08-28
UPDATE,2026-08-28T00:00:00,2026-08-28,PT0237386,LST0237386,AG01190,LOC0177,Condo,2,3.0,1801,2647,1946,902600.0,2024-11-09,Active,,,21,637.0,3,No,No,2024-11-09,2026-08-28
UPDATE,2026-08-28T00:00:00,2026-08-28,PT0374579,LST0374579,AG02490,LOC0010,Apartment,1,1.0,1445,0,1905,321700.0,2024-03-19,Pending,,,167,605.0,1,No,No,2024-03-19,2026-08-28
UPDATE,2026-08-28T00:00:00,2026-08-28,PT0400399,LST0400399,AG02343,LOC0105,Single Family,2,2.0,972,7692,1964,97800.0,2024-06-17,Active,,,96,0.0,3,No,Yes,2024-06-17,2026-08-28
UPDATE,2026-08-28T00:00:00,2026-08-28,PT0327938,LST0327938,AG02898,LOC0226,Townhouse,2,4.5,1335,7060,1993,542500.0,2023-06-11,Pending,,,13,609.0,0,No,No,2023-06-11,2026-08-28
UPDATE,2026-08-28T00:00:00,2026-08-28,PT0245280,LST0245280,AG01071,LOC0124,Townhouse,5,2.5,2451,1780,1949,1003800.0,2024-05-13,Active,,,142,789.0,1,No,No,2024-05-13,2026-08-28
UPDATE,2026-08-28T00:00:00,2026-08-28,PT0523616,LST0523616,AG00921,LOC0032,Single Family,3,2.5,1142,3288,1971,199600.0,2026-07-21,Active,,,0,0.0,1,No,No,2026-07-21,2026-08-28
UPDATE,2026-08-28T00:00:00,2026-08-28,PT0011659,LST0011659,AG00524,LOC0245,Condo,1,2.0,1873,3989,1920,297200.0,2024-08-18,Sold,274675.38,2026-08-28,740,751.0,1,No,No,2024-08-18,2026-08-28
UPDATE,2026-08-28T00:00:00,2026-08-28,PT0055398,LST0055398,AG00518,LOC0223,Single Family,5,2.5,2016,3436,1909,830700.0,2023-08-01,Active,,,141,0.0,2,No,No,2023-08-01,2026-08-28
UPDATE,2026-08-28T00:00:00,2026-08-28,PT0240205,LST0240205,AG02355,LOC0218,Single Family,4,4.5,862,9201,1971,212400.0,2026-04-05,Active,,,93,0.0,0,No,Yes,2026-04-05,2026-08-28
UPDATE,2026-08-28T00:00:00,2026-08-28,PT0562959,LST0562959,AG01323,LOC0002,Apartment,1,3.5,1276,0,1940,175400.0,2026-08-25,Pending,,,0,693.57,3,No,No,2026-08-25,2026-08-28
UPDATE,2026-08-28T00:00:00,2026-08-28,PT0168221,LST0168221,AG00123,LOC0192,Townhouse,1,1.0,1216,1331,1966,325600.0,2024-03-29,Pending,,,90,161.0,3,No,No,2024-03-29,2026-08-28
UPDATE,2026-08-28T00:00:00,2026-08-28,PT0549607,LST0549607,AG02147,LOC0023,Townhouse,5,2.5,2096,2263,1904,334700.0,2026-08-13,Active,,,0,379.33,1,No,No,2026-08-13,2026-08-28
UPDATE,2026-08-28T00:00:00,2026-08-28,PT0341467,LST0341467,AG02117,LOC0197,Single Family,5,3.0,2004,2482,1980,863300.0,2025-01-27,Pending,,,159,0.0,1,No,Yes,2025-01-27,2026-08-28
UPDATE,2026-08-28T00:00:00,2026-08-28,PT0346726,LST0346726,AG01758,LOC0054,Multi-Family,5,1.0,2365,1664,1901,332900.0,2023-03-27,Pending,,,65,0.0,2,Yes,No,2023-03-27,2026-08-28
UPDATE,2026-08-28T00:00:00,2026-08-28,PT0539540,LST0539540,AG00030,LOC0009,Land,0,0.0,5434,1283,1986,1411700.0,2026-08-04,Active,,,0,0.0,0,No,No,2026-08-04,2026-08-28
UPDATE,2026-08-28T00:00:00,2026-08-28,PT0381334,LST0381334,AG02591,LOC0101,Single Family,2,4.5,1985,1096,1927,984600.0,2024-02-11,Active,,,99,0.0,3,No,No,2024-02-11,2026-08-28
UPDATE,2026-08-28T00:00:00,2026-08-28,PT0193176,LST0193176,AG02887,LOC0019,Single Family,2,3.0,300,2703,1974,26800.0,2024-08-16,Pending,,,54,0.0,0,Yes,No,2024-08-16,2026-08-28
UPDATE,2026-08-28T00:00:00,2026-08-28,PT0520086,LST0520086,AG01639,LOC0073,Apartment,1,1.0,320,0,1935,86400.0,2026-07-18,Active,,,0,62.28,1,No,No,2026-07-18,2026-08-28
UPDATE,2026-08-28T00:00:00,2026-08-28,PT0099508,LST0099508,AG01226,LOC0175,Townhouse,3,2.5,1029,2606,1901,200700.0,2025-04-18,Sold,178949.84,2026-08-28,497,747.0,3,Yes,No,2025-04-18,2026-08-28
UPDATE,2026-08-28T00:00:00,2026-08-28,PT0421759,LST0421759,AG00317,LOC0236,Apartment,6,3.0,648,0,2016,24500.0,2025-11-20,Active,,,125,73.0,0,No,No,2025-11-20,2026-08-28
UPDATE,2026-08-28T00:00:00,2026-08-28,PT0141986,LST0141986,AG01826,LOC0077,Single Family,1,2.0,1202,4753,1959,331900.0,2023-05-24,Pending,,,47,0.0,3,No,No,2023-05-24,2026-08-28
UPDATE,2026-08-28T00:00:00,2026-08-28,PT0522067,LST0522067,AG00411,LOC0011,Townhouse,1,2.5,2236,7910,1920,766400.0,2026-07-19,Pending,,,0,649.79,0,No,No,2026-07-19,2026-08-28
UPDATE,2026-08-28T00:00:00,2026-08-28,PT0500148,LST0500148,AG01923,LOC0028,Condo,5,3.0,325,13908,1942,37000.0,2026-07-01,Active,,,0,122.57,0,No,No,2026-07-01,2026-08-28
UPDATE,2026-08-28T00:00:00,2026-08-28,PT0311029,LST0311029,AG02082,LOC0163,Single Family,5,2.0,1710,2199,2006,643800.0,2026-03-26,Pending,,,105,0.0,3,No,Yes,2026-03-26,2026-08-28
UPDATE,2026-08-28T00:00:00,2026-08-28,PT0016697,LST0016697,AG01078,LOC0091,Land,0,0.0,7683,5297,1916,2661100.0,2024-02-02,Active,,,123,0.0,0,No,No,2024-02-02,2026-08-28
UPDATE,2026-08-28T00:00:00,2026-08-28,PT0154069,LST0154069,AG00369,LOC0224,Single Family,5,4.0,1846,10547,1905,452400.0,2026-01-25,Active,,,123,0.0,3,No,Yes,2026-01-25,2026-08-28
UPDATE,2026-08-28T00:00:00,2026-08-28,PT0415462,LST0415462,AG02884,LOC0019,Single Family,3,3.5,663,14890,2001,139200.0,2025-02-21,Active,,,71,0.0,0,No,Yes,2025-02-21,2026-08-28
UPDATE,2026-08-28T00:00:00,2026-08-28,PT0564606,LST0564606,AG00282,LOC0034,Condo,1,2.0,1555,4008,1949,369200.0,2026-08-26,Active,,,0,111.03,3,No,No,2026-08-26,2026-08-28
UPDATE,2026-08-28T00:00:00,2026-08-28,PT0418347,LST0418347,AG00914,LOC0151,Single Family,2,4.0,931,5461,2000,264900.0,2026-02-22,Active,,,47,0.0,0,No,Yes,2026-02-22,2026-08-28
UPDATE,2026-08-28T00:00:00,2026-08-28,PT0534525,LST0534525,AG02435,LOC0168,Townhouse,1,2.5,1411,7281,1952,542900.0,2026-07-30,Active,,,0,91.07,2,No,No,2026-07-30,2026-08-28
UPDATE,2026-08-28T00:00:00,2026-08-28,PT0423367,LST0423367,AG01711,LOC0033,Apartment,3,4.0,1130,0,1954,406600.0,2026-01-01,Active,,,159,485.0,0,No,No,2026-01-01,2026-08-28
UPDATE,2026-08-28T00:00:00,2026-08-28,PT0208424,LST0208424,AG00710,LOC0017,Apartment,3,3.5,869,0,1915,534400.0,2025-09-15,Active,,,107,185.0,1,Yes,No,2025-09-15,2026-08-28
UPDATE,2026-08-28T00:00:00,2026-08-28,PT0395887,LST0395887,AG02921,LOC0180,Single Family,6,2.5,719,9702,2003,112500.0,2024-12-09,Pending,,,2,0.0,1,No,No,2024-12-09,2026-08-28
UPDATE,2026-08-28T00:00:00,2026-08-28,PT0534605,LST0534605,AG01166,LOC0148,Apartment,6,1.5,469,0,1938,138700.0,2026-07-30,Active,,,0,449.41,0,No,No,2026-07-30,2026-08-28
UPDATE,2026-08-28T00:00:00,2026-08-28,PT0340001,LST0340001,AG01423,LOC0226,Multi-Family,4,1.5,4709,1152,2006,1602500.0,2026-03-30,Pending,,,122,0.0,1,Yes,Yes,2026-03-30,2026-08-28
UPDATE,2026-08-28T00:00:00,2026-08-28,PT0385441,LST0385441,AG00635,LOC0082,Single Family,5,2.0,2429,7636,2014,536100.0,2024-03-16,Active,,,74,0.0,2,No,No,2024-03-16,2026-08-28
UPDATE,2026-08-28T00:00:00,2026-08-28,PT0473095,LST0473095,AG02701,LOC0028,Condo,2,2.0,1478,3937,1962,111500.0,2025-05-20,Sold,116371.21,2026-08-28,465,630.0,0,No,No,2025-05-20,2026-08-28
UPDATE,2026-08-28T00:00:00,2026-08-28,PT0501962,LST0501962,AG00304,LOC0009,Single Family,5,3.0,1938,2748,2024,353200.0,2026-07-02,Pending,,,0,0.0,1,No,No,2026-07-02,2026-08-28
UPDATE,2026-08-28T00:00:00,2026-08-28,PT0400295,LST0400295,AG02297,LOC0055,Townhouse,5,1.0,1560,1010,1978,335600.0,2023-11-13,Active,,,69,448.0,3,No,No,2023-11-13,2026-08-28
UPDATE,2026-08-28T00:00:00,2026-08-28,PT0193223,LST0193223,AG00450,LOC0234,Single Family,1,1.0,1715,3816,1956,953100.0,2026-06-23,Pending,,,134,0.0,3,Yes,Yes,2026-06-23,2026-08-28
UPDATE,2026-08-28T00:00:00,2026-08-28,PT0277028,LST0277028,AG01072,LOC0217,Single Family,2,4.5,300,4025,2017,20400.0,2023-08-26,Pending,,,149,0.0,2,Yes,No,2023-08-26,2026-08-28
UPDATE,2026-08-28T00:00:00,2026-08-28,PT0459826,LST0459826,AG01861,LOC0065,Land,0,0.0,2432,5019,1927,502500.0,2026-01-08,Sold,445804.45,2026-08-28,232,0.0,0,No,No,2026-01-08,2026-08-28
UPDATE,2026-08-28T00:00:00,2026-08-28,PT0490234,LST0490234,AG01681,LOC0163,Single Family,1,4.0,1330,6476,1944,622700.0,2026-06-13,Active,,,152,0.0,2,No,No,2026-06-13,2026-08-28
UPDATE,2026-08-28T00:00:00,2026-08-28,PT0197548,LST0197548,AG01979,LOC0212,Single Family,2,2.0,1864,1585,1964,468700.0,2026-04-27,Pending,,,60,0.0,3,No,No,2026-04-27,2026-08-28
UPDATE,2026-08-28T00:00:00,2026-08-28,PT0257324,LST0257324,AG01911,LOC0063,Townhouse,1,2.5,1924,4095,2011,1308000.0,2023-08-12,Pending,,,136,52.0,0,No,No,2023-08-12,2026-08-28
UPDATE,2026-08-28T00:00:00,2026-08-28,PT0391590,LST0391590,AG01272,LOC0140,Condo,1,1.5,1442,5624,1936,449900.0,2023-08-12,Active,,,19,218.0,0,No,No,2023-08-12,2026-08-28
UPDATE,2026-08-28T00:00:00,2026-08-28,PT0256937,LST0256937,AG00614,LOC0214,Condo,3,3.0,916,3094,1914,128400.0,2025-12-29,Pending,,,94,325.0,0,No,No,2025-12-29,2026-08-28
UPDATE,2026-08-28T00:00:00,2026-08-28,PT0022175,LST0022175,AG00473,LOC0214,Condo,2,4.5,1569,9319,2006,511000.0,2024-02-01,Sold,522459.67,2026-08-28,939,148.0,0,No,No,2024-02-01,2026-08-28
UPDATE,2026-08-28T00:00:00,2026-08-28,PT0390580,LST0390580,AG01654,LOC0182,Single Family,4,2.0,2772,2089,2006,280000.0,2024-01-24,Sold,286460.03,2026-08-28,947,0.0,0,Yes,No,2024-01-24,2026-08-28
UPDATE,2026-08-28T00:00:00,2026-08-28,PT0436203,LST0436203,AG00015,LOC0155,Condo,1,2.0,405,12450,2004,113500.0,2023-12-25,Pending,,,91,775.0,3,No,No,2023-12-25,2026-08-28
UPDATE,2026-08-28T00:00:00,2026-08-28,PT0341572,LST0341572,AG02803,LOC0132,Townhouse,4,4.0,2161,4522,1941,538100.0,2024-08-13,Pending,,,123,674.0,2,Yes,No,2024-08-13,2026-08-28
UPDATE,2026-08-28T00:00:00,2026-08-28,PT0094639,LST0094639,AG01582,LOC0018,Apartment,3,1.0,837,0,1915,314600.0,2023-02-17,Pending,,,76,348.0,2,No,No,2023-02-17,2026-08-28
UPDATE,2026-08-28T00:00:00,2026-08-28,PT0516867,LST0516867,AG00823,LOC0101,Single Family,5,3.5,1752,3378,1985,554400.0,2026-07-14,Active,,,0,0.0,2,No,No,2026-07-14,2026-08-28
UPDATE,2026-08-28T00:00:00,2026-08-28,PT0437661,LST0437661,AG02828,LOC0173,Land,0,0.0,7033,2526,2018,2524700.0,2024-01-10,Pending,,,26,0.0,0,No,No,2024-01-10,2026-08-28
UPDATE,2026-08-28T00:00:00,2026-08-28,PT0345459,LST0345459,AG02495,LOC0068,Multi-Family,1,1.0,2559,8065,1970,693300.0,2025-11-25,Sold,654859.95,2026-08-28,276,0.0,1,No,No,2025-11-25,2026-08-28
UPDATE,2026-08-28T00:00:00,2026-08-28,PT0414824,LST0414824,AG01683,LOC0222,Townhouse,4,1.5,3223,3169,1937,941800.0,2024-04-14,Active,,,111,552.0,3,No,No,2024-04-14,2026-08-28
UPDATE,2026-08-28T00:00:00,2026-08-28,PT0504829,LST0504829,AG00902,LOC0012,Condo,4,1.5,2083,2020,1912,774500.0,2026-07-04,Pending,,,0,510.02,2,No,No,2026-07-04,2026-08-28
UPDATE,2026-08-28T00:00:00,2026-08-28,PT0162949,LST0162949,AG01871,LOC0071,Single Family,6,4.5,1701,6147,2002,733100.0,2023-07-10,Pending,,,129,0.0,0,No,No,2023-07-10,2026-08-28
UPDATE,2026-08-28T00:00:00,2026-08-28,PT0527054,LST0527054,AG02136,LOC0154,Single Family,6,2.5,559,4683,1979,56500.0,2026-07-24,Pending,,,0,0.0,2,No,Yes,2026-07-24,2026-08-28
UPDATE,2026-08-28T00:00:00,2026-08-28,PT0261369,LST0261369,AG02387,LOC0003,Multi-Family,1,3.5,4458,2548,1994,593900.0,2025-05-24,Active,,,120,0.0,1,No,No,2025-05-24,2026-08-28
UPDATE,2026-08-28T00:00:00,2026-08-28,PT0379404,LST0379404,AG01019,LOC0238,Single Family,6,4.5,1292,4292,1991,445700.0,2024-08-09,Pending,,,7,0.0,2,No,No,2024-08-09,2026-08-28
UPDATE,2026-08-28T00:00:00,2026-08-28,PT0477164,LST0477164,AG02397,LOC0216,Single Family,4,3.5,1247,5025,1953,418100.0,2025-10-30,Active,,,8,0.0,1,Yes,No,2025-10-30,2026-08-28
UPDATE,2026-08-28T00:00:00,2026-08-28,PT0493530,LST0493530,AG00969,LOC0119,Single Family,4,2.5,1975,2049,1939,452100.0,2025-08-26,Active,,,96,0.0,2,No,No,2025-08-26,2026-08-28
UPDATE,2026-08-28T00:00:00,2026-08-28,PT0285089,LST0285089,AG02853,LOC0088,Townhouse,2,3.5,2009,2162,2000,342500.0,2024-11-17,Active,,,59,555.0,3,No,No,2024-11-17,2026-08-28
UPDATE,2026-08-28T00:00:00,2026-08-28,PT0494036,LST0494036,AG02992,LOC0073,Apartment,6,1.5,769,0,1941,306600.0,2024-01-09,Pending,,,53,695.0,2,No,No,2024-01-09,2026-08-28
UPDATE,2026-08-28T00:00:00,2026-08-28,PT0561328,LST0561328,AG00215,LOC0154,Apartment,6,4.5,726,0,1982,124500.0,2026-08-23,Pending,,,0,572.97,1,Yes,No,2026-08-23,2026-08-28
UPDATE,2026-08-28T00:00:00,2026-08-28,PT0071217,LST0071217,AG02686,LOC0020,Single Family,6,2.0,1403,2441,1968,395700.0,2025-07-05,Sold,356167.9,2026-08-28,419,0.0,1,No,Yes,2025-07-05,2026-08-28
UPDATE,2026-08-28T00:00:00,2026-08-28,PT0200112,LST0200112,AG01393,LOC0005,Apartment,6,1.5,1546,0,1960,368100.0,2023-12-08,Pending,,,134,225.0,3,Yes,No,2023-12-08,2026-08-28
UPDATE,2026-08-28T00:00:00,2026-08-28,PT0067818,LST0067818,AG00882,LOC0151,Townhouse,5,4.5,2251,1472,1987,436800.0,2023-12-19,Sold,419104.08,2026-08-28,983,52.0,3,No,No,2023-12-19,2026-08-28
UPDATE,2026-08-28T00:00:00,2026-08-28,PT0353374,LST0353374,AG02492,LOC0233,Multi-Family,4,2.0,2516,2691,1921,652100.0,2025-12-11,Pending,,,44,0.0,2,No,Yes,2025-12-11,2026-08-28
UPDATE,2026-08-28T00:00:00,2026-08-28,PT0001183,LST0001183,AG02240,LOC0223,Condo,6,4.0,2328,11592,1946,909600.0,2025-12-26,Sold,943946.06,2026-08-28,245,351.0,3,No,No,2025-12-26,2026-08-28
UPDATE,2026-08-28T00:00:00,2026-08-28,PT0516756,LST0516756,AG02425,LOC0123,Condo,1,3.0,1450,3413,1907,302900.0,2026-07-14,Active,,,0,534.33,2,No,No,2026-07-14,2026-08-28
UPDATE,2026-08-28T00:00:00,2026-08-28,PT0556799,LST0556799,AG00653,LOC0134,Land,0,0.0,6579,2311,2002,3388300.0,2026-08-20,Active,,,0,0.0,0,No,No,2026-08-20,2026-08-28
UPDATE,2026-08-28T00:00:00,2026-08-28,PT0402402,LST0402402,AG02930,LOC0174,Single Family,6,4.0,1858,1812,2016,748100.0,2024-05-23,Pending,,,150,0.0,3,No,No,2024-05-23,2026-08-28
UPDATE,2026-08-28T00:00:00,2026-08-28,PT0510216,LST0510216,AG00991,LOC0135,Land,0,0.0,4673,1076,1980,2653000.0,2026-07-09,Active,,,0,0.0,0,No,No,2026-07-09,2026-08-28
UPDATE,2026-08-28T00:00:00,2026-08-28,PT0114919,LST0114919,AG02547,LOC0092,Single Family,5,1.0,1021,10188,1989,189200.0,2023-06-01,Active,,,138,0.0,2,No,No,2023-06-01,2026-08-28
UPDATE,2026-08-28T00:00:00,2026-08-28,PT0062129,LST0062129,AG02864,LOC0217,Townhouse,1,1.0,2406,3264,1992,91000.0,2025-02-02,Pending,,,47,662.0,0,No,No,2025-02-02,2026-08-28
UPDATE,2026-08-28T00:00:00,2026-08-28,PT0476786,LST0476786,AG02858,LOC0223,Single Family,2,3.5,1886,5698,2021,374000.0,2023-11-17,Pending,,,142,0.0,2,No,No,2023-11-17,2026-08-28
UPDATE,2026-08-28T00:00:00,2026-08-28,PT0544230,LST0544230,AG00454,LOC0031,Single Family,1,3.5,2467,2690,1948,451400.0,2026-08-08,Sold,445642.78,2026-08-28,20,0.0,1,Yes,No,2026-08-08,2026-08-28
UPDATE,2026-08-28T00:00:00,2026-08-28,PT0213291,LST0213291,AG00651,LOC0133,Condo,2,2.5,520,13667,1923,102500.0,2025-12-16,Pending,,,154,795.0,2,No,No,2025-12-16,2026-08-28
UPDATE,2026-08-28T00:00:00,2026-08-28,PT0320562,LST0320562,AG01066,LOC0167,Land,0,0.0,3885,5892,1919,1600300.0,2025-12-29,Pending,,,150,0.0,0,No,No,2025-12-29,2026-08-28
UPDATE,2026-08-28T00:00:00,2026-08-28,PT0180980,LST0180980,AG02241,LOC0201,Single Family,1,1.5,1810,2052,1977,299600.0,2024-03-02,Sold,271470.71,2026-08-28,909,0.0,0,No,No,2024-03-02,2026-08-28
UPDATE,2026-08-28T00:00:00,2026-08-28,PT0463769,LST0463769,AG01495,LOC0224,Townhouse,3,3.5,1240,8531,1922,450400.0,2023-12-28,Sold,441221.62,2026-08-28,974,78.0,3,No,No,2023-12-28,2026-08-28
UPDATE,2026-08-28T00:00:00,2026-08-28,PT0052331,LST0052331,AG00998,LOC0101,Townhouse,3,3.5,3187,7601,1936,981700.0,2023-02-23,Active,,,4,433.0,3,No,No,2023-02-23,2026-08-28
UPDATE,2026-08-28T00:00:00,2026-08-28,PT0532228,LST0532228,AG02366,LOC0057,Single Family,6,4.5,1715,4470,1949,503300.0,2026-07-28,Pending,,,0,0.0,0,No,Yes,2026-07-28,2026-08-28
UPDATE,2026-08-28T00:00:00,2026-08-28,PT0511274,LST0511274,AG00445,LOC0071,Townhouse,2,2.0,1853,3866,1963,576900.0,2026-07-10,Sold,539090.13,2026-08-28,49,327.59,3,No,No,2026-07-10,2026-08-28
UPDATE,2026-08-28T00:00:00,2026-08-28,PT0412906,LST0412906,AG01614,LOC0107,Single Family,3,4.0,1993,5226,2016,396900.0,2025-02-01,Active,,,70,0.0,3,No,Yes,2025-02-01,2026-08-28
UPDATE,2026-08-28T00:00:00,2026-08-28,PT0260918,LST0260918,AG02238,LOC0047,Single Family,5,4.0,1655,6212,1911,630400.0,2023-04-10,Active,,,21,0.0,2,No,Yes,2023-04-10,2026-08-28
UPDATE,2026-08-28T00:00:00,2026-08-28,PT0504160,LST0504160,AG01022,LOC0190,Single Family,4,3.0,1597,1840,1906,174400.0,2026-07-04,Active,,,0,0.0,2,No,No,2026-07-04,2026-08-28
UPDATE,2026-08-28T00:00:00,2026-08-28,PT0537232,LST0537232,AG01546,LOC0133,Condo,5,1.5,300,1221,1974,43300.0,2026-08-02,Active,,,0,792.42,2,No,No,2026-08-02,2026-08-28
UPDATE,2026-08-28T00:00:00,2026-08-28,PT0493502,LST0493502,AG01841,LOC0076,Single Family,3,1.0,2810,3352,2017,342400.0,2024-08-02,Active,,,50,0.0,3,No,No,2024-08-02,2026-08-28
UPDATE,2026-08-28T00:00:00,2026-08-28,PT0432030,LST0432030,AG01890,LOC0089,Condo,5,4.5,905,5343,1912,308000.0,2024-01-28,Pending,,,123,77.0,2,No,No,2024-01-28,2026-08-28
UPDATE,2026-08-28T00:00:00,2026-08-28,PT0514029,LST0514029,AG02749,LOC0238,Single Family,3,3.5,1867,13086,1948,466000.0,2026-07-12,Active,,,0,0.0,1,No,Yes,2026-07-12,2026-08-28
UPDATE,2026-08-28T00:00:00,2026-08-28,PT0516282,LST0516282,AG01008,LOC0211,Condo,2,1.5,1991,4026,1956,863400.0,2026-07-14,Active,,,0,264.06,3,No,No,2026-07-14,2026-08-28
UPDATE,2026-08-28T00:00:00,2026-08-28,PT0303811,LST0303811,AG01230,LOC0029,Condo,5,1.0,2144,24396,1981,717400.0,2023-11-20,Pending,,,92,139.0,1,No,No,2023-11-20,2026-08-28
UPDATE,2026-08-28T00:00:00,2026-08-28,PT0227014,LST0227014,AG01426,LOC0044,Condo,2,4.0,503,8689,2021,67300.0,2025-06-26,Pending,,,98,491.0,2,No,No,2025-06-26,2026-08-28
UPDATE,2026-08-28T00:00:00,2026-08-28,PT0356199,LST0356199,AG01188,LOC0237,Townhouse,2,4.0,493,6362,1926,126300.0,2024-10-29,Pending,,,7,707.0,3,No,No,2024-10-29,2026-08-28
UPDATE,2026-08-28T00:00:00,2026-08-28,PT0534961,LST0534961,AG01496,LOC0133,Townhouse,1,4.5,1583,6079,1935,158900.0,2026-07-31,Sold,144431.43,2026-08-28,28,721.82,1,No,No,2026-07-31,2026-08-28
UPDATE,2026-08-28T00:00:00,2026-08-28,PT0135280,LST0135280,AG02053,LOC0158,Single Family,5,1.0,2436,1490,1912,1068300.0,2023-12-31,Pending,,,88,0.0,0,No,Yes,2023-12-31,2026-08-28
UPDATE,2026-08-28T00:00:00,2026-08-28,PT0540409,LST0540409,AG02513,LOC0114,Apartment,2,1.0,1011,0,1994,54200.0,2026-08-04,Pending,,,0,561.25,0,No,No,2026-08-04,2026-08-28
UPDATE,2026-08-28T00:00:00,2026-08-28,PT0250220,LST0250220,AG02224,LOC0180,Townhouse,6,1.5,1952,2063,1999,281200.0,2026-01-29,Pending,,,115,66.0,3,No,No,2026-01-29,2026-08-28
UPDATE,2026-08-28T00:00:00,2026-08-28,PT0468327,LST0468327,AG02668,LOC0022,Condo,2,1.0,1898,2671,1959,893600.0,2025-05-16,Pending,,,167,347.0,3,No,No,2025-05-16,2026-08-28
UPDATE,2026-08-28T00:00:00,2026-08-28,PT0336123,LST0336123,AG01226,LOC0209,Single Family,5,4.0,1671,1719,1901,594400.0,2026-06-10,Pending,,,118,0.0,2,Yes,No,2026-06-10,2026-08-28
UPDATE,2026-08-28T00:00:00,2026-08-28,PT0467052,LST0467052,AG01126,LOC0061,Multi-Family,3,1.0,3294,13927,1960,510300.0,2024-04-28,Sold,511134.09,2026-08-28,852,0.0,0,No,Yes,2024-04-28,2026-08-28
UPDATE,2026-08-28T00:00:00,2026-08-28,PT0149400,LST0149400,AG00164,LOC0027,Condo,5,3.0,946,1282,1905,233100.0,2024-03-09,Active,,,122,346.0,2,No,No,2024-03-09,2026-08-28
UPDATE,2026-08-28T00:00:00,2026-08-28,PT0203343,LST0203343,AG02607,LOC0052,Single Family,3,1.5,1794,2726,1903,357300.0,2023-04-22,Pending,,,58,0.0,2,No,No,2023-04-22,2026-08-28
UPDATE,2026-08-28T00:00:00,2026-08-28,PT0554868,LST0554868,AG00260,LOC0060,Condo,6,4.5,2094,3935,1903,827500.0,2026-08-18,Active,,,0,173.97,3,No,No,2026-08-18,2026-08-28
UPDATE,2026-08-28T00:00:00,2026-08-28,PT0107296,LST0107296,AG00880,LOC0222,Multi-Family,3,3.5,2643,3777,1934,518100.0,2024-07-21,Active,,,83,0.0,3,No,No,2024-07-21,2026-08-28
UPDATE,2026-08-28T00:00:00,2026-08-28,PT0017626,LST0017626,AG02715,LOC0221,Single Family,6,3.0,1096,1444,1979,478800.0,2026-02-17,Active,,,74,0.0,0,No,Yes,2026-02-17,2026-08-28
UPDATE,2026-08-28T00:00:00,2026-08-28,PT0320620,LST0320620,AG02653,LOC0229,Single Family,5,1.0,2016,1250,1902,424000.0,2023-06-12,Sold,428102.67,2026-08-28,1173,0.0,0,No,Yes,2023-06-12,2026-08-28
UPDATE,2026-08-28T00:00:00,2026-08-28,PT0020546,LST0020546,AG02836,LOC0235,Single Family,1,2.0,1518,2519,1969,944400.0,2023-01-14,Active,,,57,0.0,0,No,Yes,2023-01-14,2026-08-28
UPDATE,2026-08-28T00:00:00,2026-08-28,PT0276499,LST0276499,AG00710,LOC0178,Single Family,2,3.5,2082,3291,1915,508000.0,2023-01-29,Pending,,,140,0.0,2,No,No,2023-01-29,2026-08-28
UPDATE,2026-08-28T00:00:00,2026-08-28,PT0534777,LST0534777,AG02548,LOC0051,Townhouse,6,1.5,1402,19173,1966,173000.0,2026-07-30,Active,,,0,557.07,1,Yes,No,2026-07-30,2026-08-28
UPDATE,2026-08-28T00:00:00,2026-08-28,PT0375501,LST0375501,AG00956,LOC0239,Condo,5,2.0,1948,3005,2005,427600.0,2025-12-05,Active,,,36,629.0,2,No,No,2025-12-05,2026-08-28
UPDATE,2026-08-28T00:00:00,2026-08-28,PT0109049,LST0109049,AG02786,LOC0210,Single Family,2,2.0,1676,1757,1996,577700.0,2025-09-23,Sold,557093.15,2026-08-28,339,0.0,0,No,No,2025-09-23,2026-08-28
UPDATE,2026-08-28T00:00:00,2026-08-28,PT0357605,LST0357605,AG02106,LOC0015,Townhouse,1,3.5,695,1220,1989,258300.0,2024-03-20,Pending,,,21,81.0,3,No,No,2024-03-20,2026-08-28
UPDATE,2026-08-28T00:00:00,2026-08-28,PT0104260,LST0104260,AG01742,LOC0095,Condo,5,4.5,2558,5698,1980,542400.0,2023-03-19,Pending,,,58,517.0,0,No,No,2023-03-19,2026-08-28
UPDATE,2026-08-28T00:00:00,2026-08-28,PT0485320,LST0485320,AG01132,LOC0126,Multi-Family,3,4.0,4896,3632,1959,1423300.0,2025-01-17,Pending,,,123,0.0,3,No,Yes,2025-01-17,2026-08-28
UPDATE,2026-08-28T00:00:00,2026-08-28,PT0559784,LST0559784,AG02679,LOC0173,Single Family,3,1.5,1112,2049,1962,477400.0,2026-08-22,Pending,,,0,0.0,3,No,Yes,2026-08-22,2026-08-28
UPDATE,2026-08-28T00:00:00,2026-08-28,PT0052861,LST0052861,AG00081,LOC0182,Single Family,4,3.5,1045,1435,1918,458700.0,2023-08-01,Pending,,,139,0.0,2,No,No,2023-08-01,2026-08-28
UPDATE,2026-08-28T00:00:00,2026-08-28,PT0535996,LST0535996,AG00097,LOC0167,Condo,5,4.0,1280,3000,1937,723100.0,2026-08-01,Active,,,0,214.86,3,No,No,2026-08-01,2026-08-28
UPDATE,2026-08-28T00:00:00,2026-08-28,PT0436242,LST0436242,AG01583,LOC0215,Land,0,0.0,5806,8772,2016,2085300.0,2023-02-20,Active,,,138,0.0,0,No,No,2023-02-20,2026-08-28
UPDATE,2026-08-28T00:00:00,2026-08-28,PT0416010,LST0416010,AG01183,LOC0228,Multi-Family,5,2.0,4897,1529,1942,1816900.0,2023-06-27,Sold,1858088.92,2026-08-28,1158,0.0,0,No,Yes,2023-06-27,2026-08-28
UPDATE,2026-08-28T00:00:00,2026-08-28,PT0502696,LST0502696,AG02525,LOC0200,Single Family,4,4.0,1439,8717,2007,168600.0,2026-07-03,Active,,,0,0.0,0,Yes,Yes,2026-07-03,2026-08-28
UPDATE,2026-08-28T00:00:00,2026-08-28,PT0238867,LST0238867,AG02096,LOC0184,Condo,3,4.0,1790,3613,1914,711900.0,2023-09-30,Active,,,86,340.0,0,Yes,No,2023-09-30,2026-08-28
UPDATE,2026-08-28T00:00:00,2026-08-28,PT0501138,LST0501138,AG02197,LOC0090,Land,0,0.0,4861,2743,2019,1080100.0,2026-07-01,Sold,1068973.33,2026-08-28,58,0.0,0,No,No,2026-07-01,2026-08-28
UPDATE,2026-08-28T00:00:00,2026-08-28,PT0020175,LST0020175,AG00920,LOC0179,Townhouse,1,1.5,676,6376,1983,138400.0,2023-01-22,Pending,,,19,552.0,1,No,No,2023-01-22,2026-08-28
UPDATE,2026-08-28T00:00:00,2026-08-28,PT0351144,LST0351144,AG02160,LOC0048,Single Family,3,4.5,2678,4870,1926,1359200.0,2023-06-09,Pending,,,87,0.0,3,No,Yes,2023-06-09,2026-08-28
UPDATE,2026-08-28T00:00:00,2026-08-28,PT0035445,LST0035445,AG01869,LOC0136,Townhouse,6,2.5,2194,3190,1905,432800.0,2023-06-04,Sold,449684.14,2026-08-28,1181,553.0,3,No,No,2023-06-04,2026-08-28
UPDATE,2026-08-28T00:00:00,2026-08-28,PT0562089,LST0562089,AG02425,LOC0010,Single Family,4,4.5,1441,2831,1902,444400.0,2026-08-24,Pending,,,0,0.0,1,No,No,2026-08-24,2026-08-28
UPDATE,2026-08-28T00:00:00,2026-08-28,PT0032858,LST0032858,AG02405,LOC0013,Single Family,2,1.5,1817,2581,1955,80000.0,2023-02-24,Active,,,131,0.0,1,Yes,Yes,2023-02-24,2026-08-28
UPDATE,2026-08-28T00:00:00,2026-08-28,PT0547853,LST0547853,AG02780,LOC0173,Single Family,2,2.5,448,2130,1985,207700.0,2026-08-11,Pending,,,0,0.0,2,Yes,No,2026-08-11,2026-08-28
UPDATE,2026-08-28T00:00:00,2026-08-28,PT0518642,LST0518642,AG00656,LOC0218,Multi-Family,4,1.5,2775,4903,1907,580700.0,2026-07-16,Active,,,0,0.0,2,No,No,2026-07-16,2026-08-28
UPDATE,2026-08-28T00:00:00,2026-08-28,PT0559589,LST0559589,AG00611,LOC0250,Townhouse,4,1.0,1870,1452,1911,331400.0,2026-08-22,Pending,,,0,323.61,0,No,No,2026-08-22,2026-08-28
UPDATE,2026-08-28T00:00:00,2026-08-28,PT0440870,LST0440870,AG01357,LOC0130,Condo,5,3.0,1951,6218,1964,512100.0,2025-08-28,Pending,,,23,188.0,1,No,No,2025-08-28,2026-08-28
UPDATE,2026-08-28T00:00:00,2026-08-28,PT0318717,LST0318717,AG00668,LOC0110,Condo,2,4.5,795,8975,2024,236700.0,2023-08-04,Pending,,,28,330.0,2,Yes,No,2023-08-04,2026-08-28
UPDATE,2026-08-28T00:00:00,2026-08-28,PT0272613,LST0272613,AG00616,LOC0089,Townhouse,2,3.5,1048,5606,1904,570400.0,2023-11-07,Pending,,,144,233.0,1,No,No,2023-11-07,2026-08-28
UPDATE,2026-08-28T00:00:00,2026-08-28,PT0412665,LST0412665,AG00769,LOC0246,Single Family,1,3.5,2059,12583,1985,473900.0,2024-10-28,Active,,,85,0.0,1,No,No,2024-10-28,2026-08-28
UPDATE,2026-08-28T00:00:00,2026-08-28,PT0114744,LST0114744,AG02146,LOC0130,Single Family,3,3.0,1282,6550,1929,275600.0,2024-07-23,Active,,,54,0.0,1,No,Yes,2024-07-23,2026-08-28
UPDATE,2026-08-28T00:00:00,2026-08-28,PT0265475,LST0265475,AG02035,LOC0170,Single Family,5,3.0,2166,13437,1993,581200.0,2024-02-05,Pending,,,4,0.0,2,No,No,2024-02-05,2026-08-28
UPDATE,2026-08-28T00:00:00,2026-08-28,PT0445035,LST0445035,AG01473,LOC0087,Townhouse,3,1.5,1058,5233,2024,299600.0,2025-04-08,Pending,,,63,553.0,2,No,No,2025-04-08,2026-08-28
UPDATE,2026-08-28T00:00:00,2026-08-28,PT0027295,LST0027295,AG00311,LOC0051,Single Family,3,2.5,1133,12756,1972,121900.0,2024-06-07,Active,,,73,0.0,1,No,No,2024-06-07,2026-08-28
UPDATE,2026-08-28T00:00:00,2026-08-28,PT0022413,LST0022413,AG01840,LOC0012,Land,0,0.0,5646,3508,2002,1842100.0,2024-05-03,Pending,,,108,0.0,0,No,No,2024-05-03,2026-08-28
UPDATE,2026-08-28T00:00:00,2026-08-28,PT0289220,LST0289220,AG02431,LOC0080,Single Family,5,4.0,810,5090,1937,358500.0,2024-05-07,Sold,339616.38,2026-08-28,843,0.0,3,No,Yes,2024-05-07,2026-08-28
UPDATE,2026-08-28T00:00:00,2026-08-28,PT0405019,LST0405019,AG02733,LOC0206,Multi-Family,5,2.0,2378,4654,1959,778200.0,2023-12-19,Pending,,,39,0.0,3,No,No,2023-12-19,2026-08-28
UPDATE,2026-08-28T00:00:00,2026-08-28,PT0185975,LST0185975,AG02539,LOC0239,Single Family,5,3.5,1600,4911,2004,241300.0,2025-10-24,Pending,,,21,0.0,0,No,Yes,2025-10-24,2026-08-28
UPDATE,2026-08-28T00:00:00,2026-08-28,PT0506974,LST0506974,AG01298,LOC0120,Multi-Family,3,1.5,3583,8987,2002,1729200.0,2026-07-06,Active,,,0,0.0,0,No,No,2026-07-06,2026-08-28
UPDATE,2026-08-28T00:00:00,2026-08-28,PT0178767,LST0178767,AG00557,LOC0137,Single Family,1,4.0,2341,2540,1984,1363300.0,2024-06-30,Pending,,,153,0.0,3,Yes,Yes,2024-06-30,2026-08-28
UPDATE,2026-08-28T00:00:00,2026-08-28,PT0359929,LST0359929,AG01050,LOC0146,Apartment,6,1.0,1837,0,1939,345000.0,2026-01-21,Pending,,,71,647.0,1,No,No,2026-01-21,2026-08-28
UPDATE,2026-08-28T00:00:00,2026-08-28,PT0163658,LST0163658,AG01847,LOC0020,Single Family,2,3.5,909,2339,1934,163700.0,2023-05-09,Pending,,,49,0.0,0,No,Yes,2023-05-09,2026-08-28
UPDATE,2026-08-28T00:00:00,2026-08-28,PT0341069,LST0341069,AG02145,LOC0090,Condo,4,2.5,1787,1769,1946,708800.0,2025-02-18,Pending,,,111,709.0,1,No,No,2025-02-18,2026-08-28
UPDATE,2026-08-28T00:00:00,2026-08-28,PT0062517,LST0062517,AG00803,LOC0189,Single Family,5,2.0,1375,3527,1909,428200.0,2025-06-20,Pending,,,62,0.0,2,No,Yes,2025-06-20,2026-08-28
UPDATE,2026-08-28T00:00:00,2026-08-28,PT0243973,LST0243973,AG01214,LOC0064,Single Family,5,1.0,1943,6058,1996,540500.0,2026-02-22,Sold,528231.02,2026-08-28,187,0.0,1,No,No,2026-02-22,2026-08-28
UPDATE,2026-08-28T00:00:00,2026-08-28,PT0422091,LST0422091,AG00338,LOC0014,Condo,6,2.0,1461,1222,1989,229500.0,2023-06-10,Pending,,,158,551.0,2,Yes,No,2023-06-10,2026-08-28
UPDATE,2026-08-28T00:00:00,2026-08-28,PT0253994,LST0253994,AG01354,LOC0236,Single Family,3,4.5,1771,2177,1930,274900.0,2025-08-10,Sold,282930.74,2026-08-28,383,0.0,3,Yes,Yes,2025-08-10,2026-08-28
UPDATE,2026-08-28T00:00:00,2026-08-28,PT0121391,LST0121391,AG00763,LOC0109,Condo,4,2.5,1145,1249,2001,448800.0,2025-10-19,Sold,424595.49,2026-08-28,313,646.0,0,No,No,2025-10-19,2026-08-28
UPDATE,2026-08-28T00:00:00,2026-08-28,PT0494194,LST0494194,AG00818,LOC0186,Single Family,4,1.0,2470,2649,1937,1451900.0,2026-01-12,Pending,,,86,0.0,0,No,No,2026-01-12,2026-08-28
UPDATE,2026-08-28T00:00:00,2026-08-28,PT0564860,LST0564860,AG02112,LOC0057,Single Family,2,2.0,2381,3418,2024,677400.0,2026-08-26,Active,,,0,0.0,3,Yes,Yes,2026-08-26,2026-08-28
UPDATE,2026-08-28T00:00:00,2026-08-28,PT0228734,LST0228734,AG02277,LOC0115,Condo,6,3.5,1627,6980,2016,374100.0,2025-10-18,Pending,,,90,716.0,0,Yes,No,2025-10-18,2026-08-28
UPDATE,2026-08-28T00:00:00,2026-08-28,PT0472365,LST0472365,AG02181,LOC0024,Condo,6,4.0,2794,4254,1963,1342700.0,2023-12-18,Pending,,,77,464.0,2,No,No,2023-12-18,2026-08-28
UPDATE,2026-08-28T00:00:00,2026-08-28,PT0075194,LST0075194,AG00384,LOC0088,Single Family,5,3.0,737,3377,1936,71800.0,2024-12-15,Active,,,151,0.0,2,No,Yes,2024-12-15,2026-08-28
UPDATE,2026-08-28T00:00:00,2026-08-28,PT0452690,LST0452690,AG01651,LOC0123,Land,0,0.0,6317,6564,1981,2992500.0,2024-10-04,Pending,,,90,0.0,0,No,No,2024-10-04,2026-08-28
UPDATE,2026-08-28T00:00:00,2026-08-28,PT0518734,LST0518734,AG01389,LOC0025,Single Family,5,1.5,1120,4214,1955,170900.0,2026-07-16,Active,,,0,0.0,0,Yes,Yes,2026-07-16,2026-08-28
UPDATE,2026-08-28T00:00:00,2026-08-28,PT0542825,LST0542825,AG02837,LOC0087,Condo,5,2.5,1331,1420,1938,689000.0,2026-08-07,Active,,,0,661.7,0,No,No,2026-08-07,2026-08-28
UPDATE,2026-08-28T00:00:00,2026-08-28,PT0565994,LST0565994,AG01222,LOC0138,Single Family,3,4.0,2416,1633,1901,547900.0,2026-08-27,Sold,516155.13,2026-08-28,1,0.0,1,Yes,Yes,2026-08-27,2026-08-28
UPDATE,2026-08-28T00:00:00,2026-08-28,PT0531581,LST0531581,AG00724,LOC0227,Multi-Family,4,1.5,5106,1945,1949,1134300.0,2026-07-28,Pending,,,0,0.0,1,No,Yes,2026-07-28,2026-08-28
UPDATE,2026-08-28T00:00:00,2026-08-28,PT0244868,LST0244868,AG00200,LOC0103,Single Family,2,4.5,371,13746,1978,86300.0,2024-12-05,Pending,,,43,0.0,0,No,Yes,2024-12-05,2026-08-28
UPDATE,2026-08-28T00:00:00,2026-08-28,PT0484958,LST0484958,AG02585,LOC0025,Condo,3,4.5,3172,15524,2014,1207300.0,2023-05-06,Pending,,,24,98.0,3,No,No,2023-05-06,2026-08-28
UPDATE,2026-08-28T00:00:00,2026-08-28,PT0546236,LST0546236,AG01940,LOC0249,Single Family,2,4.0,2518,5535,1987,1847200.0,2026-08-09,Active,,,0,0.0,2,No,No,2026-08-09,2026-08-28
UPDATE,2026-08-28T00:00:00,2026-08-28,PT0489947,LST0489947,AG01311,LOC0109,Land,0,0.0,8488,1389,1973,2954500.0,2025-10-10,Pending,,,151,0.0,0,No,No,2025-10-10,2026-08-28
UPDATE,2026-08-28T00:00:00,2026-08-28,PT0021983,LST0021983,AG00397,LOC0091,Single Family,4,3.5,2479,3071,1940,835800.0,2025-06-05,Pending,,,37,0.0,1,No,Yes,2025-06-05,2026-08-28
UPDATE,2026-08-28T00:00:00,2026-08-28,PT0503157,LST0503157,AG02215,LOC0176,Single Family,1,2.5,963,3341,1935,422800.0,2026-07-03,Pending,,,0,0.0,0,No,Yes,2026-07-03,2026-08-28
UPDATE,2026-08-28T00:00:00,2026-08-28,PT0566933,LST0566933,AG02302,LOC0241,Townhouse,6,2.0,2145,5625,1910,332600.0,2026-08-28,Active,,,0,608.7,1,Yes,No,2026-08-28,2026-08-28
UPDATE,2026-08-28T00:00:00,2026-08-28,PT0391944,LST0391944,AG02099,LOC0149,Single Family,3,2.5,1771,5286,1975,466700.0,2024-03-17,Pending,,,71,0.0,3,No,No,2024-03-17,2026-08-28
UPDATE,2026-08-28T00:00:00,2026-08-28,PT0338796,LST0338796,AG01893,LOC0238,Single Family,5,3.5,1230,5085,1963,376400.0,2024-08-30,Active,,,143,0.0,1,Yes,No,2024-08-30,2026-08-28
UPDATE,2026-08-28T00:00:00,2026-08-28,PT0246848,LST0246848,AG01030,LOC0217,Townhouse,1,2.5,627,5960,1967,29600.0,2024-01-20,Sold,28922.92,2026-08-28,951,205.0,0,Yes,No,2024-01-20,2026-08-28
UPDATE,2026-08-28T00:00:00,2026-08-28,PT0520898,LST0520898,AG01869,LOC0007,Single Family,1,4.5,600,4928,1993,185600.0,2026-07-19,Active,,,0,0.0,2,Yes,Yes,2026-07-19,2026-08-28
UPDATE,2026-08-28T00:00:00,2026-08-28,PT0349927,LST0349927,AG00512,LOC0179,Condo,2,4.0,2102,4468,1996,493300.0,2023-03-03,Pending,,,86,175.0,0,Yes,No,2023-03-03,2026-08-28
UPDATE,2026-08-28T00:00:00,2026-08-28,PT0539196,LST0539196,AG01257,LOC0181,Single Family,1,2.5,300,4096,1922,71800.0,2026-08-03,Pending,,,0,0.0,3,No,No,2026-08-03,2026-08-28
UPDATE,2026-08-28T00:00:00,2026-08-28,PT0232731,LST0232731,AG01231,LOC0049,Single Family,2,1.0,1410,16914,1984,477000.0,2026-06-08,Active,,,142,0.0,3,No,No,2026-06-08,2026-08-28
UPDATE,2026-08-28T00:00:00,2026-08-28,PT0053595,LST0053595,AG00354,LOC0194,Condo,5,4.5,1585,7797,1993,813900.0,2023-04-10,Active,,,143,750.0,1,Yes,No,2023-04-10,2026-08-28
UPDATE,2026-08-28T00:00:00,2026-08-28,PT0353853,LST0353853,AG00744,LOC0088,Condo,6,1.0,518,3676,1959,76300.0,2023-05-22,Active,,,121,569.0,1,No,No,2023-05-22,2026-08-28
UPDATE,2026-08-28T00:00:00,2026-08-28,PT0013805,LST0013805,AG00893,LOC0025,Condo,5,2.5,2151,4656,1936,894900.0,2025-01-03,Pending,,,165,127.0,1,No,No,2025-01-03,2026-08-28
UPDATE,2026-08-28T00:00:00,2026-08-28,PT0037411,LST0037411,AG02527,LOC0054,Single Family,6,2.5,1659,1203,1944,429100.0,2025-01-20,Sold,408673.57,2026-08-28,585,0.0,0,No,No,2025-01-20,2026-08-28
UPDATE,2026-08-28T00:00:00,2026-08-28,PT0187056,LST0187056,AG00200,LOC0148,Single Family,1,1.0,2918,8679,1960,568000.0,2024-12-23,Active,,,102,0.0,2,No,Yes,2024-12-23,2026-08-28
UPDATE,2026-08-28T00:00:00,2026-08-28,PT0539211,LST0539211,AG01453,LOC0114,Condo,6,1.0,1612,1827,1940,306400.0,2026-08-03,Active,,,0,76.04,1,No,No,2026-08-03,2026-08-28
UPDATE,2026-08-28T00:00:00,2026-08-28,PT0381948,LST0381948,AG00277,LOC0012,Condo,6,2.0,1425,10019,1923,451100.0,2024-05-08,Active,,,62,317.0,3,No,No,2024-05-08,2026-08-28
UPDATE,2026-08-28T00:00:00,2026-08-28,PT0249737,LST0249737,AG02554,LOC0157,Townhouse,2,2.5,1637,1631,1927,507100.0,2024-05-18,Pending,,,84,788.0,0,No,No,2024-05-18,2026-08-28
UPDATE,2026-08-28T00:00:00,2026-08-28,PT0096319,LST0096319,AG00014,LOC0106,Single Family,3,4.0,1602,2242,1986,563200.0,2023-11-17,Active,,,99,0.0,3,No,No,2023-11-17,2026-08-28
UPDATE,2026-08-28T00:00:00,2026-08-28,PT0022644,LST0022644,AG00488,LOC0117,Single Family,3,3.5,2064,3853,1985,831800.0,2024-04-10,Active,,,20,0.0,1,No,No,2024-04-10,2026-08-28
UPDATE,2026-08-28T00:00:00,2026-08-28,PT0566580,LST0566580,AG02891,LOC0104,Single Family,3,1.0,300,8398,1921,93900.0,2026-08-28,Sold,92185.03,2026-08-28,0,0.0,1,Yes,Yes,2026-08-28,2026-08-28
UPDATE,2026-08-28T00:00:00,2026-08-28,PT0008554,LST0008554,AG02816,LOC0128,Condo,2,2.0,2113,1186,1938,200800.0,2025-08-04,Pending,,,58,606.0,0,No,No,2025-08-04,2026-08-28
UPDATE,2026-08-28T00:00:00,2026-08-28,PT0325854,LST0325854,AG01424,LOC0112,Apartment,3,3.0,744,0,1930,86200.0,2025-01-09,Active,,,139,736.0,3,No,No,2025-01-09,2026-08-28
UPDATE,2026-08-28T00:00:00,2026-08-28,PT0566406,LST0566406,AG02598,LOC0071,Apartment,2,2.0,1318,0,1926,133200.0,2026-08-28,Active,,,0,198.21,2,No,No,2026-08-28,2026-08-28
UPDATE,2026-08-28T00:00:00,2026-08-28,PT0446150,LST0446150,AG00091,LOC0162,Condo,1,2.5,1697,5196,1981,347000.0,2026-01-13,Active,,,150,390.0,2,Yes,No,2026-01-13,2026-08-28
UPDATE,2026-08-28T00:00:00,2026-08-28,PT0075815,LST0075815,AG02529,LOC0047,Single Family,5,1.5,1377,3602,1977,677800.0,2023-03-20,Active,,,58,0.0,1,No,No,2023-03-20,2026-08-28
UPDATE,2026-08-28T00:00:00,2026-08-28,PT0100394,LST0100394,AG00873,LOC0144,Single Family,1,4.0,2451,9968,1994,1124900.0,2023-02-03,Pending,,,88,0.0,2,No,Yes,2023-02-03,2026-08-28
UPDATE,2026-08-28T00:00:00,2026-08-28,PT0435794,LST0435794,AG00173,LOC0234,Condo,6,3.0,2468,1787,2003,1080800.0,2024-05-19,Sold,1118930.46,2026-08-28,831,355.0,1,Yes,No,2024-05-19,2026-08-28
UPDATE,2026-08-28T00:00:00,2026-08-28,PT0227904,LST0227904,AG01721,LOC0243,Condo,1,2.5,2140,11793,1975,735900.0,2024-04-30,Pending,,,11,344.0,0,No,No,2024-04-30,2026-08-28
UPDATE,2026-08-28T00:00:00,2026-08-28,PT0562149,LST0562149,AG00616,LOC0160,Multi-Family,6,3.0,2430,15936,2016,418800.0,2026-08-24,Sold,423236.06,2026-08-28,4,0.0,0,Yes,Yes,2026-08-24,2026-08-28
UPDATE,2026-08-28T00:00:00,2026-08-28,PT0458390,LST0458390,AG02544,LOC0099,Condo,5,2.5,2340,2842,1945,1458000.0,2023-02-01,Pending,,,119,563.0,3,Yes,No,2023-02-01,2026-08-28
UPDATE,2026-08-28T00:00:00,2026-08-28,PT0221555,LST0221555,AG02838,LOC0186,Single Family,4,4.0,2458,21715,1930,733800.0,2025-10-10,Pending,,,145,0.0,1,No,Yes,2025-10-10,2026-08-28
UPDATE,2026-08-28T00:00:00,2026-08-28,PT0288418,LST0288418,AG01796,LOC0083,Townhouse,6,1.5,1674,6642,2023,556600.0,2024-04-10,Pending,,,66,56.0,1,Yes,No,2024-04-10,2026-08-28
UPDATE,2026-08-28T00:00:00,2026-08-28,PT0187992,LST0187992,AG02511,LOC0153,Townhouse,1,1.0,2077,3105,2018,450600.0,2025-07-22,Pending,,,103,218.0,2,No,No,2025-07-22,2026-08-28
UPDATE,2026-08-28T00:00:00,2026-08-28,PT0560932,LST0560932,AG00945,LOC0158,Townhouse,3,2.5,1672,2114,1982,389200.0,2026-08-23,Active,,,0,272.49,0,No,No,2026-08-23,2026-08-28
UPDATE,2026-08-28T00:00:00,2026-08-28,PT0489592,LST0489592,AG00591,LOC0224,Condo,5,2.0,1704,8958,1944,719800.0,2024-04-14,Pending,,,9,216.0,3,No,No,2024-04-14,2026-08-28
UPDATE,2026-08-28T00:00:00,2026-08-28,PT0525167,LST0525167,AG01395,LOC0061,Condo,3,1.5,2524,1540,1963,249800.0,2026-07-22,Pending,,,0,90.62,2,No,No,2026-07-22,2026-08-28
UPDATE,2026-08-28T00:00:00,2026-08-28,PT0531321,LST0531321,AG02556,LOC0067,Single Family,3,4.5,1354,1461,2000,249100.0,2026-07-28,Active,,,0,0.0,2,No,Yes,2026-07-28,2026-08-28
UPDATE,2026-08-28T00:00:00,2026-08-28,PT0147228,LST0147228,AG02096,LOC0055,Townhouse,5,1.5,1003,8169,1965,192600.0,2023-10-27,Pending,,,151,400.0,1,No,No,2023-10-27,2026-08-28
UPDATE,2026-08-28T00:00:00,2026-08-28,PT0004725,LST0004725,AG02001,LOC0009,Land,0,0.0,4789,7449,1948,781900.0,2026-03-21,Active,,,46,0.0,0,No,No,2026-03-21,2026-08-28
UPDATE,2026-08-28T00:00:00,2026-08-28,PT0562623,LST0562623,AG01136,LOC0205,Single Family,6,4.5,1410,13654,1974,413800.0,2026-08-24,Active,,,0,0.0,0,Yes,No,2026-08-24,2026-08-28
UPDATE,2026-08-28T00:00:00,2026-08-28,PT0397032,LST0397032,AG02252,LOC0152,Condo,6,3.5,1214,8431,1901,461600.0,2024-07-12,Sold,423082.15,2026-08-28,777,634.0,2,Yes,No,2024-07-12,2026-08-28
UPDATE,2026-08-28T00:00:00,2026-08-28,PT0512577,LST0512577,AG02738,LOC0055,Single Family,4,4.5,877,3497,1987,103700.0,2026-07-11,Sold,107332.83,2026-08-28,48,0.0,0,No,No,2026-07-11,2026-08-28
UPDATE,2026-08-28T00:00:00,2026-08-28,PT0427060,LST0427060,AG01451,LOC0145,Single Family,4,1.0,1335,3032,1966,394300.0,2024-07-11,Active,,,30,0.0,2,No,No,2024-07-11,2026-08-28
UPDATE,2026-08-28T00:00:00,2026-08-28,PT0038788,LST0038788,AG00256,LOC0131,Single Family,5,3.0,1168,1781,1991,270100.0,2025-04-18,Pending,,,81,0.0,2,No,Yes,2025-04-18,2026-08-28
UPDATE,2026-08-28T00:00:00,2026-08-28,PT0147295,LST0147295,AG00569,LOC0203,Condo,3,1.0,1805,3567,1929,250000.0,2024-09-24,Pending,,,150,208.0,0,No,No,2024-09-24,2026-08-28
UPDATE,2026-08-28T00:00:00,2026-08-28,PT0049446,LST0049446,AG00548,LOC0093,Townhouse,4,3.5,1512,6081,1996,120100.0,2026-05-07,Active,,,105,706.0,2,Yes,No,2026-05-07,2026-08-28
UPDATE,2026-08-28T00:00:00,2026-08-28,PT0511724,LST0511724,AG00011,LOC0170,Single Family,6,1.5,2089,3506,1997,407700.0,2026-07-10,Pending,,,0,0.0,1,No,No,2026-07-10,2026-08-28
UPDATE,2026-08-28T00:00:00,2026-08-28,PT0495309,LST0495309,AG02471,LOC0016,Condo,3,3.0,2669,4032,1942,828400.0,2025-01-05,Pending,,,119,476.0,1,No,No,2025-01-05,2026-08-28
UPDATE,2026-08-28T00:00:00,2026-08-28,PT0365204,LST0365204,AG02066,LOC0189,Single Family,6,2.5,2773,2192,1935,1005400.0,2023-05-28,Active,,,92,0.0,2,Yes,No,2023-05-28,2026-08-28
UPDATE,2026-08-28T00:00:00,2026-08-28,PT0487105,LST0487105,AG02473,LOC0118,Townhouse,2,4.0,1282,2569,1946,131200.0,2025-03-07,Active,,,164,283.0,1,No,No,2025-03-07,2026-08-28
UPDATE,2026-08-28T00:00:00,2026-08-28,PT0104284,LST0104284,AG01180,LOC0160,Single Family,3,1.5,1534,1379,1916,356600.0,2024-01-21,Active,,,16,0.0,0,No,No,2024-01-21,2026-08-28
UPDATE,2026-08-28T00:00:00,2026-08-28,PT0139240,LST0139240,AG02828,LOC0250,Single Family,3,2.5,1477,1523,1910,581400.0,2023-05-27,Active,,,18,0.0,0,No,Yes,2023-05-27,2026-08-28
UPDATE,2026-08-28T00:00:00,2026-08-28,PT0403218,LST0403218,AG00109,LOC0219,Condo,6,2.0,2033,5771,2013,1482500.0,2026-02-25,Pending,,,76,234.0,3,No,No,2026-02-25,2026-08-28
UPDATE,2026-08-28T00:00:00,2026-08-28,PT0154328,LST0154328,AG01831,LOC0051,Single Family,6,1.5,1636,3033,1975,262300.0,2024-04-10,Sold,257472.35,2026-08-28,870,0.0,3,Yes,No,2024-04-10,2026-08-28
UPDATE,2026-08-28T00:00:00,2026-08-28,PT0448448,LST0448448,AG01873,LOC0093,Townhouse,5,2.5,1958,5061,1938,440000.0,2024-08-03,Active,,,173,180.0,1,No,No,2024-08-03,2026-08-28
UPDATE,2026-08-28T00:00:00,2026-08-28,PT0503276,LST0503276,AG00221,LOC0112,Single Family,6,4.0,1695,5508,1966,148200.0,2026-07-03,Sold,126407.24,2026-08-28,56,0.0,0,No,Yes,2026-07-03,2026-08-28
UPDATE,2026-08-28T00:00:00,2026-08-28,PT0547284,LST0547284,AG00886,LOC0050,Condo,6,3.5,1995,8655,2010,428800.0,2026-08-10,Active,,,0,101.11,0,No,No,2026-08-10,2026-08-28
UPDATE,2026-08-28T00:00:00,2026-08-28,PT0240787,LST0240787,AG00656,LOC0180,Single Family,2,2.5,1105,5464,1989,316800.0,2025-04-20,Pending,,,85,0.0,3,No,Yes,2025-04-20,2026-08-28
UPDATE,2026-08-28T00:00:00,2026-08-28,PT0545992,LST0545992,AG00296,LOC0036,Single Family,5,2.0,1642,3034,1933,560900.0,2026-08-09,Sold,574559.58,2026-08-28,19,0.0,2,No,No,2026-08-09,2026-08-28
UPDATE,2026-08-28T00:00:00,2026-08-28,PT0360846,LST0360846,AG01368,LOC0223,Townhouse,1,1.0,713,2983,1991,147200.0,2023-03-07,Pending,,,147,637.0,0,Yes,No,2023-03-07,2026-08-28
UPDATE,2026-08-28T00:00:00,2026-08-28,PT0310428,LST0310428,AG02378,LOC0128,Apartment,4,3.5,992,0,1966,163700.0,2023-03-16,Active,,,81,163.0,1,Yes,No,2023-03-16,2026-08-28
UPDATE,2026-08-28T00:00:00,2026-08-28,PT0017005,LST0017005,AG01718,LOC0119,Single Family,3,2.0,1401,2533,1906,260700.0,2026-05-26,Active,,,12,0.0,3,No,No,2026-05-26,2026-08-28
UPDATE,2026-08-28T00:00:00,2026-08-28,PT0339444,LST0339444,AG00295,LOC0122,Apartment,2,4.0,1737,0,1901,1134500.0,2026-03-21,Sold,1091017.58,2026-08-28,160,206.0,0,No,No,2026-03-21,2026-08-28
UPDATE,2026-08-28T00:00:00,2026-08-28,PT0486636,LST0486636,AG01443,LOC0095,Condo,4,3.5,3067,2430,1957,1048300.0,2025-09-28,Pending,,,7,454.0,0,No,No,2025-09-28,2026-08-28
UPDATE,2026-08-28T00:00:00,2026-08-28,PT0037838,LST0037838,AG01097,LOC0207,Single Family,2,3.5,300,2570,1965,72700.0,2025-11-03,Active,,,25,0.0,1,No,No,2025-11-03,2026-08-28
UPDATE,2026-08-28T00:00:00,2026-08-28,PT0135177,LST0135177,AG02611,LOC0055,Single Family,1,3.5,1365,10463,1995,302600.0,2026-04-18,Active,,,58,0.0,0,No,Yes,2026-04-18,2026-08-28
UPDATE,2026-08-28T00:00:00,2026-08-28,PT0526395,LST0526395,AG02727,LOC0042,Condo,2,1.0,1919,11109,1925,627000.0,2026-07-23,Sold,552071.63,2026-08-28,36,416.83,2,No,No,2026-07-23,2026-08-28
UPDATE,2026-08-28T00:00:00,2026-08-28,PT0560162,LST0560162,AG00796,LOC0206,Single Family,2,4.0,2288,11043,1972,556400.0,2026-08-22,Active,,,0,0.0,0,No,Yes,2026-08-22,2026-08-28
UPDATE,2026-08-28T00:00:00,2026-08-28,PT0390821,LST0390821,AG02703,LOC0218,Multi-Family,2,3.0,1434,4196,1982,174600.0,2025-05-07,Pending,,,140,0.0,1,No,Yes,2025-05-07,2026-08-28
UPDATE,2026-08-28T00:00:00,2026-08-28,PT0561280,LST0561280,AG00723,LOC0139,Single Family,1,1.0,1605,13922,1945,431500.0,2026-08-23,Sold,446273.39,2026-08-28,5,0.0,1,Yes,Yes,2026-08-23,2026-08-28
UPDATE,2026-08-28T00:00:00,2026-08-28,PT0248950,LST0248950,AG00646,LOC0108,Single Family,1,1.5,1127,4084,1975,246000.0,2024-06-04,Active,,,125,0.0,3,No,Yes,2024-06-04,2026-08-28
UPDATE,2026-08-28T00:00:00,2026-08-28,PT0512736,LST0512736,AG02018,LOC0055,Multi-Family,4,4.0,755,3362,1998,169200.0,2026-07-11,Pending,,,0,0.0,0,No,No,2026-07-11,2026-08-28
UPDATE,2026-08-28T00:00:00,2026-08-28,PT0026285,LST0026285,AG02317,LOC0010,Condo,3,2.0,1698,2662,2003,652700.0,2025-09-09,Active,,,44,674.0,1,No,No,2025-09-09,2026-08-28
UPDATE,2026-08-28T00:00:00,2026-08-28,PT0172453,LST0172453,AG01620,LOC0014,Single Family,1,1.0,1738,4315,1945,586000.0,2024-04-01,Pending,,,62,0.0,3,No,No,2024-04-01,2026-08-28
UPDATE,2026-08-28T00:00:00,2026-08-28,PT0273829,LST0273829,AG01576,LOC0020,Condo,4,3.5,2782,2962,1907,252100.0,2024-11-27,Sold,260127.89,2026-08-28,639,785.0,3,No,No,2024-11-27,2026-08-28
UPDATE,2026-08-28T00:00:00,2026-08-28,PT0281694,LST0281694,AG02920,LOC0006,Single Family,3,3.0,2226,3613,1914,175900.0,2025-04-28,Active,,,19,0.0,1,No,Yes,2025-04-28,2026-08-28
UPDATE,2026-08-28T00:00:00,2026-08-28,PT0489785,LST0489785,AG00223,LOC0120,Land,0,0.0,1729,1427,2025,686600.0,2025-05-22,Pending,,,31,0.0,0,No,No,2025-05-22,2026-08-28
UPDATE,2026-08-28T00:00:00,2026-08-28,PT0472218,LST0472218,AG01874,LOC0047,Condo,3,1.0,2936,4249,2010,1508700.0,2026-01-17,Pending,,,26,628.0,3,No,No,2026-01-17,2026-08-28
UPDATE,2026-08-28T00:00:00,2026-08-28,PT0004009,LST0004009,AG00571,LOC0206,Single Family,5,3.5,1517,3261,1989,233200.0,2025-03-14,Pending,,,165,0.0,0,No,No,2025-03-14,2026-08-28
UPDATE,2026-08-28T00:00:00,2026-08-28,PT0055695,LST0055695,AG02633,LOC0150,Townhouse,4,4.5,1195,2162,1924,267300.0,2025-01-05,Pending,,,98,522.0,3,No,No,2025-01-05,2026-08-28
UPDATE,2026-08-28T00:00:00,2026-08-28,PT0262382,LST0262382,AG00475,LOC0187,Single Family,6,1.0,3254,5360,2000,982800.0,2025-01-07,Sold,969309.28,2026-08-28,598,0.0,2,No,Yes,2025-01-07,2026-08-28
UPDATE,2026-08-28T00:00:00,2026-08-28,PT0359008,LST0359008,AG01280,LOC0180,Townhouse,5,3.5,1246,1372,1974,487400.0,2023-10-23,Pending,,,155,328.0,2,Yes,No,2023-10-23,2026-08-28
UPDATE,2026-08-28T00:00:00,2026-08-28,PT0039720,LST0039720,AG00779,LOC0235,Condo,2,4.5,300,20040,2016,94700.0,2025-08-08,Active,,,34,368.0,1,Yes,No,2025-08-08,2026-08-28
UPDATE,2026-08-28T00:00:00,2026-08-28,PT0144648,LST0144648,AG01300,LOC0220,Single Family,1,2.0,2115,1373,1919,703600.0,2026-04-10,Active,,,47,0.0,0,No,Yes,2026-04-10,2026-08-28
UPDATE,2026-08-28T00:00:00,2026-08-28,PT0295822,LST0295822,AG00723,LOC0131,Single Family,5,2.5,2959,6487,2022,803600.0,2025-02-23,Pending,,,55,0.0,1,No,Yes,2025-02-23,2026-08-28
UPDATE,2026-08-28T00:00:00,2026-08-28,PT0160764,LST0160764,AG00946,LOC0120,Single Family,4,2.5,1245,1022,1986,322300.0,2026-01-12,Pending,,,60,0.0,2,No,No,2026-01-12,2026-08-28
UPDATE,2026-08-28T00:00:00,2026-08-28,PT0474394,LST0474394,AG02706,LOC0220,Single Family,6,2.5,2659,4825,2018,1406400.0,2025-10-18,Active,,,167,0.0,0,No,Yes,2025-10-18,2026-08-28
UPDATE,2026-08-28T00:00:00,2026-08-28,PT0316287,LST0316287,AG00628,LOC0084,Townhouse,2,1.0,1296,1763,1972,560900.0,2025-04-19,Pending,,,118,752.0,2,Yes,No,2025-04-19,2026-08-28
UPDATE,2026-08-28T00:00:00,2026-08-28,PT0537905,LST0537905,AG02939,LOC0238,Single Family,5,4.5,1737,4679,1904,833300.0,2026-08-02,Active,,,0,0.0,1,No,No,2026-08-02,2026-08-28
UPDATE,2026-08-28T00:00:00,2026-08-28,PT0023545,LST0023545,AG01598,LOC0051,Single Family,6,4.0,411,9290,1923,67000.0,2026-05-14,Sold,70500.18,2026-08-28,106,0.0,1,No,Yes,2026-05-14,2026-08-28
UPDATE,2026-08-28T00:00:00,2026-08-28,PT0227179,LST0227179,AG00831,LOC0168,Land,0,0.0,7618,4636,1993,5639000.0,2024-03-27,Active,,,92,0.0,0,No,No,2024-03-27,2026-08-28
UPDATE,2026-08-28T00:00:00,2026-08-28,PT0393671,LST0393671,AG00712,LOC0205,Single Family,4,2.0,300,6508,1983,67400.0,2025-02-15,Sold,61863.15,2026-08-28,559,0.0,2,Yes,No,2025-02-15,2026-08-28
UPDATE,2026-08-28T00:00:00,2026-08-28,PT0440910,LST0440910,AG02666,LOC0030,Single Family,6,4.0,1970,7630,1901,982900.0,2025-10-04,Pending,,,7,0.0,3,Yes,No,2025-10-04,2026-08-28
UPDATE,2026-08-28T00:00:00,2026-08-28,PT0506959,LST0506959,AG01915,LOC0095,Apartment,4,4.5,954,0,1918,218700.0,2026-07-06,Active,,,0,251.81,0,Yes,No,2026-07-06,2026-08-28
UPDATE,2026-08-28T00:00:00,2026-08-28,PT0027840,LST0027840,AG02028,LOC0235,Single Family,5,3.5,1356,5636,2017,645200.0,2023-09-21,Active,,,109,0.0,3,No,No,2023-09-21,2026-08-28
UPDATE,2026-08-28T00:00:00,2026-08-28,PT0520222,LST0520222,AG01467,LOC0084,Townhouse,5,1.0,1260,9108,2011,355400.0,2026-07-18,Sold,338888.49,2026-08-28,41,422.83,2,Yes,No,2026-07-18,2026-08-28
UPDATE,2026-08-28T00:00:00,2026-08-28,PT0113213,LST0113213,AG01123,LOC0005,Condo,5,4.5,2149,5003,1912,954400.0,2023-02-04,Active,,,87,123.0,3,No,No,2023-02-04,2026-08-28
UPDATE,2026-08-28T00:00:00,2026-08-28,PT0464887,LST0464887,AG02652,LOC0225,Apartment,5,2.5,1109,0,1909,299700.0,2024-03-07,Pending,,,115,415.0,1,No,No,2024-03-07,2026-08-28
UPDATE,2026-08-28T00:00:00,2026-08-28,PT0547713,LST0547713,AG01498,LOC0164,Condo,5,2.5,2205,1226,1902,640300.0,2026-08-11,Sold,615777.28,2026-08-28,17,518.94,1,No,No,2026-08-11,2026-08-28
UPDATE,2026-08-28T00:00:00,2026-08-28,PT0417306,LST0417306,AG00883,LOC0195,Single Family,2,1.5,1333,10157,1904,459900.0,2023-09-05,Active,,,105,0.0,3,No,No,2023-09-05,2026-08-28
UPDATE,2026-08-28T00:00:00,2026-08-28,PT0535756,LST0535756,AG00119,LOC0204,Condo,3,2.0,1086,1981,1905,486500.0,2026-07-31,Sold,479912.72,2026-08-28,28,635.33,2,No,No,2026-07-31,2026-08-28
UPDATE,2026-08-28T00:00:00,2026-08-28,PT0566385,LST0566385,AG01202,LOC0181,Single Family,5,4.0,2292,2269,2005,231000.0,2026-08-28,Pending,,,0,0.0,1,No,No,2026-08-28,2026-08-28
UPDATE,2026-08-28T00:00:00,2026-08-28,PT0019952,LST0019952,AG02993,LOC0119,Condo,3,1.0,2658,11510,1981,576800.0,2024-07-15,Active,,,3,533.0,0,No,No,2024-07-15,2026-08-28
UPDATE,2026-08-28T00:00:00,2026-08-28,PT0491277,LST0491277,AG01961,LOC0160,Single Family,6,3.0,1587,1698,2017,291800.0,2025-04-22,Active,,,12,0.0,0,No,No,2025-04-22,2026-08-28
UPDATE,2026-08-28T00:00:00,2026-08-28,PT0105023,LST0105023,AG00185,LOC0204,Multi-Family,5,2.0,3547,2077,1992,2555100.0,2024-07-14,Active,,,123,0.0,2,No,No,2024-07-14,2026-08-28
UPDATE,2026-08-28T00:00:00,2026-08-28,PT0046979,LST0046979,AG01098,LOC0125,Single Family,6,3.5,2913,2140,1945,882900.0,2024-06-22,Pending,,,83,0.0,2,No,No,2024-06-22,2026-08-28
UPDATE,2026-08-28T00:00:00,2026-08-28,PT0525522,LST0525522,AG02640,LOC0192,Single Family,5,4.5,2250,3197,2008,674000.0,2026-07-23,Pending,,,0,0.0,1,No,No,2026-07-23,2026-08-28
UPDATE,2026-08-28T00:00:00,2026-08-28,PT0181633,LST0181633,AG01456,LOC0092,Single Family,3,3.5,2529,5677,1960,354000.0,2025-07-16,Pending,,,93,0.0,0,No,No,2025-07-16,2026-08-28
UPDATE,2026-08-28T00:00:00,2026-08-28,PT0508088,LST0508088,AG02501,LOC0233,Condo,6,4.5,1407,3078,1999,192000.0,2026-07-07,Active,,,0,607.73,2,No,No,2026-07-07,2026-08-28
UPDATE,2026-08-28T00:00:00,2026-08-28,PT0212233,LST0212233,AG02647,LOC0202,Multi-Family,4,4.0,3229,5093,1936,882400.0,2024-10-08,Pending,,,160,0.0,1,No,No,2024-10-08,2026-08-28
UPDATE,2026-08-28T00:00:00,2026-08-28,PT0513913,LST0513913,AG00520,LOC0120,Single Family,5,2.0,969,1418,1933,321500.0,2026-07-12,Sold,328964.69,2026-08-28,47,0.0,3,No,No,2026-07-12,2026-08-28
UPDATE,2026-08-28T00:00:00,2026-08-28,PT0511277,LST0511277,AG01036,LOC0148,Single Family,1,3.5,1599,6619,1979,326500.0,2026-07-10,Active,,,0,0.0,1,No,No,2026-07-10,2026-08-28
UPDATE,2026-08-28T00:00:00,2026-08-28,PT0302198,LST0302198,AG00376,LOC0101,Multi-Family,4,3.5,2047,1243,1987,1135100.0,2023-11-09,Pending,,,11,0.0,3,No,Yes,2023-11-09,2026-08-28
UPDATE,2026-08-28T00:00:00,2026-08-28,PT0527831,LST0527831,AG01450,LOC0186,Multi-Family,6,2.5,1579,8008,2025,714400.0,2026-07-24,Pending,,,0,0.0,2,Yes,Yes,2026-07-24,2026-08-28
UPDATE,2026-08-28T00:00:00,2026-08-28,PT0425658,LST0425658,AG01264,LOC0108,Townhouse,2,4.0,1334,2094,2015,165400.0,2024-12-14,Sold,181156.72,2026-08-28,622,400.0,3,No,No,2024-12-14,2026-08-28
UPDATE,2026-08-28T00:00:00,2026-08-28,PT0297278,LST0297278,AG02187,LOC0120,Single Family,1,4.5,770,3652,1981,296900.0,2023-03-02,Sold,308487.27,2026-08-28,1275,0.0,2,No,No,2023-03-02,2026-08-28
UPDATE,2026-08-28T00:00:00,2026-08-28,PT0443254,LST0443254,AG01641,LOC0064,Townhouse,6,1.5,2135,3056,1950,443700.0,2023-02-12,Pending,,,103,664.0,2,No,No,2023-02-12,2026-08-28
UPDATE,2026-08-28T00:00:00,2026-08-28,PT0537787,LST0537787,AG00405,LOC0054,Multi-Family,5,4.5,1507,1313,1973,261800.0,2026-08-02,Pending,,,0,0.0,0,Yes,Yes,2026-08-02,2026-08-28
UPDATE,2026-08-28T00:00:00,2026-08-28,PT0390335,LST0390335,AG02279,LOC0129,Single Family,3,4.5,2805,8425,1917,1041500.0,2025-10-28,Pending,,,30,0.0,1,No,No,2025-10-28,2026-08-28
UPDATE,2026-08-28T00:00:00,2026-08-28,PT0193168,LST0193168,AG00517,LOC0131,Multi-Family,3,4.5,2374,11622,2022,559300.0,2023-12-12,Pending,,,164,0.0,2,No,Yes,2023-12-12,2026-08-28
UPDATE,2026-08-28T00:00:00,2026-08-28,PT0201352,LST0201352,AG00052,LOC0127,Single Family,6,2.5,1409,13681,1908,158000.0,2025-09-01,Sold,156622.45,2026-08-28,361,0.0,0,No,Yes,2025-09-01,2026-08-28
UPDATE,2026-08-28T00:00:00,2026-08-28,PT0056345,LST0056345,AG00603,LOC0132,Apartment,2,3.5,1335,0,1930,299500.0,2024-05-30,Active,,,165,372.0,1,Yes,No,2024-05-30,2026-08-28
UPDATE,2026-08-28T00:00:00,2026-08-28,PT0251383,LST0251383,AG00144,LOC0222,Condo,6,2.5,541,12764,2014,170500.0,2026-06-06,Pending,,,109,502.0,1,No,No,2026-06-06,2026-08-28
UPDATE,2026-08-28T00:00:00,2026-08-28,PT0136310,LST0136310,AG01066,LOC0250,Single Family,5,3.0,1726,2179,1945,391400.0,2025-03-20,Active,,,18,0.0,2,No,No,2025-03-20,2026-08-28
UPDATE,2026-08-28T00:00:00,2026-08-28,PT0447029,LST0447029,AG00096,LOC0204,Multi-Family,5,1.5,4980,1450,1945,1751200.0,2025-02-23,Pending,,,46,0.0,2,Yes,Yes,2025-02-23,2026-08-28
UPDATE,2026-08-28T00:00:00,2026-08-28,PT0534780,LST0534780,AG02402,LOC0164,Single Family,3,4.5,1648,1707,1903,424600.0,2026-07-30,Active,,,0,0.0,3,No,Yes,2026-07-30,2026-08-28
UPDATE,2026-08-28T00:00:00,2026-08-28,PT0440779,LST0440779,AG01862,LOC0230,Single Family,5,3.5,2783,2662,1951,988700.0,2026-03-02,Active,,,98,0.0,2,No,No,2026-03-02,2026-08-28
UPDATE,2026-08-28T00:00:00,2026-08-28,PT0502409,LST0502409,AG02738,LOC0030,Condo,2,2.0,2257,7134,1932,486000.0,2026-07-02,Active,,,0,149.33,2,No,No,2026-07-02,2026-08-28
UPDATE,2026-08-28T00:00:00,2026-08-28,PT0195685,LST0195685,AG01453,LOC0095,Single Family,3,3.0,1586,1133,1929,254900.0,2024-05-18,Pending,,,31,0.0,3,No,Yes,2024-05-18,2026-08-28
UPDATE,2026-08-28T00:00:00,2026-08-28,PT0471287,LST0471287,AG01940,LOC0083,Single Family,6,3.0,2329,5658,2004,415800.0,2025-10-05,Active,,,105,0.0,2,No,Yes,2025-10-05,2026-08-28
UPDATE,2026-08-28T00:00:00,2026-08-28,PT0369981,LST0369981,AG02710,LOC0020,Townhouse,4,4.0,2721,11106,1924,585100.0,2024-01-16,Pending,,,159,176.0,3,Yes,No,2024-01-16,2026-08-28
UPDATE,2026-08-28T00:00:00,2026-08-28,PT0229996,LST0229996,AG01936,LOC0077,Single Family,6,2.5,1418,2472,1956,451700.0,2025-02-05,Active,,,103,0.0,2,No,No,2025-02-05,2026-08-28
UPDATE,2026-08-28T00:00:00,2026-08-28,PT0519598,LST0519598,AG02654,LOC0218,Single Family,6,3.5,2987,1889,1962,1310400.0,2026-07-17,Pending,,,0,0.0,3,No,Yes,2026-07-17,2026-08-28
UPDATE,2026-08-28T00:00:00,2026-08-28,PT0560134,LST0560134,AG02097,LOC0028,Single Family,3,4.0,1343,2148,1956,101200.0,2026-08-22,Sold,107114.98,2026-08-28,6,0.0,3,Yes,Yes,2026-08-22,2026-08-28
UPDATE,2026-08-28T00:00:00,2026-08-28,PT0264594,LST0264594,AG01132,LOC0185,Single Family,5,3.0,2205,8640,1953,378000.0,2025-06-26,Pending,,,176,0.0,0,Yes,No,2025-06-26,2026-08-28
UPDATE,2026-08-28T00:00:00,2026-08-28,PT0459963,LST0459963,AG01266,LOC0036,Townhouse,6,1.0,2330,6557,2023,975700.0,2023-11-07,Sold,892199.48,2026-08-28,1025,600.0,2,No,No,2023-11-07,2026-08-28
UPDATE,2026-08-28T00:00:00,2026-08-28,PT0162519,LST0162519,AG01683,LOC0240,Condo,4,3.5,1257,2182,2008,689000.0,2023-05-19,Active,,,177,745.0,3,No,No,2023-05-19,2026-08-28
UPDATE,2026-08-28T00:00:00,2026-08-28,PT0542402,LST0542402,AG00402,LOC0203,Single Family,5,1.5,1652,4034,1986,106100.0,2026-08-06,Sold,100792.61,2026-08-28,22,0.0,3,No,No,2026-08-06,2026-08-28
UPDATE,2026-08-28T00:00:00,2026-08-28,PT0017645,LST0017645,AG02144,LOC0154,Condo,1,4.5,1016,9527,1965,122900.0,2024-12-22,Sold,130105.86,2026-08-28,614,353.0,3,No,No,2024-12-22,2026-08-28
UPDATE,2026-08-28T00:00:00,2026-08-28,PT0554772,LST0554772,AG00014,LOC0081,Single Family,2,1.5,1318,8649,1964,204700.0,2026-08-18,Active,,,0,0.0,2,No,No,2026-08-18,2026-08-28
UPDATE,2026-08-28T00:00:00,2026-08-28,PT0367550,LST0367550,AG02361,LOC0112,Single Family,6,4.5,1566,6754,1900,153200.0,2024-08-23,Active,,,47,0.0,1,No,Yes,2024-08-23,2026-08-28
UPDATE,2026-08-28T00:00:00,2026-08-28,PT0519781,LST0519781,AG01680,LOC0025,Multi-Family,5,3.0,3505,5034,2002,1042700.0,2026-07-17,Active,,,0,0.0,1,Yes,Yes,2026-07-17,2026-08-28
UPDATE,2026-08-28T00:00:00,2026-08-28,PT0534300,LST0534300,AG01982,LOC0081,Single Family,4,1.5,2167,3187,1969,644300.0,2026-07-30,Active,,,0,0.0,3,No,Yes,2026-07-30,2026-08-28
UPDATE,2026-08-28T00:00:00,2026-08-28,PT0547826,LST0547826,AG00834,LOC0060,Single Family,5,2.0,1470,1641,1987,554600.0,2026-08-11,Active,,,0,0.0,1,Yes,No,2026-08-11,2026-08-28
UPDATE,2026-08-28T00:00:00,2026-08-28,PT0457579,LST0457579,AG00162,LOC0121,Townhouse,5,4.5,799,6857,1926,107100.0,2025-12-30,Pending,,,150,134.0,3,No,No,2025-12-30,2026-08-28
UPDATE,2026-08-28T00:00:00,2026-08-28,PT0024848,LST0024848,AG00570,LOC0042,Land,0,0.0,5854,3912,1926,1330800.0,2026-06-25,Pending,,,4,0.0,0,No,No,2026-06-25,2026-08-28
UPDATE,2026-08-28T00:00:00,2026-08-28,PT0451316,LST0451316,AG02046,LOC0199,Single Family,5,4.5,2017,3228,2008,1012800.0,2024-12-13,Pending,,,150,0.0,0,No,No,2024-12-13,2026-08-28
UPDATE,2026-08-28T00:00:00,2026-08-28,PT0208617,LST0208617,AG01951,LOC0243,Single Family,3,1.5,2137,7510,1959,886200.0,2024-03-06,Sold,954079.48,2026-08-28,905,0.0,3,No,Yes,2024-03-06,2026-08-28
UPDATE,2026-08-28T00:00:00,2026-08-28,PT0097335,LST0097335,AG01957,LOC0126,Condo,2,2.5,1465,16709,1922,486800.0,2023-05-11,Sold,449082.11,2026-08-28,1205,382.0,2,Yes,No,2023-05-11,2026-08-28
UPDATE,2026-08-28T00:00:00,2026-08-28,PT0261520,LST0261520,AG01759,LOC0011,Single Family,3,4.5,1294,1838,1962,580800.0,2025-05-26,Pending,,,92,0.0,3,No,No,2025-05-26,2026-08-28
UPDATE,2026-08-28T00:00:00,2026-08-28,PT0269064,LST0269064,AG01596,LOC0236,Condo,3,4.5,1484,6359,2016,112200.0,2025-10-06,Active,,,145,578.0,3,No,No,2025-10-06,2026-08-28
UPDATE,2026-08-28T00:00:00,2026-08-28,PT0187137,LST0187137,AG02571,LOC0153,Townhouse,5,2.0,2347,8015,1971,694000.0,2025-10-22,Active,,,34,423.0,3,No,No,2025-10-22,2026-08-28
UPDATE,2026-08-28T00:00:00,2026-08-28,PT0303299,LST0303299,AG00420,LOC0078,Condo,3,3.5,1002,3488,1953,493600.0,2025-06-16,Sold,475961.35,2026-08-28,438,757.0,1,Yes,No,2025-06-16,2026-08-28
UPDATE,2026-08-28T00:00:00,2026-08-28,PT0256522,LST0256522,AG02291,LOC0004,Land,0,0.0,2816,6243,1992,265700.0,2023-12-26,Sold,249202.41,2026-08-28,976,0.0,0,No,No,2023-12-26,2026-08-28
UPDATE,2026-08-28T00:00:00,2026-08-28,PT0264507,LST0264507,AG01982,LOC0023,Townhouse,4,1.0,2452,2905,1921,645600.0,2024-04-23,Sold,590733.81,2026-08-28,857,664.0,1,No,No,2024-04-23,2026-08-28
UPDATE,2026-08-28T00:00:00,2026-08-28,PT0175673,LST0175673,AG02954,LOC0130,Single Family,1,1.0,1890,9423,1924,143000.0,2025-05-05,Pending,,,69,0.0,3,No,Yes,2025-05-05,2026-08-28
UPDATE,2026-08-28T00:00:00,2026-08-28,PT0532231,LST0532231,AG02421,LOC0140,Single Family,2,1.5,1334,6203,1953,726900.0,2026-07-28,Pending,,,0,0.0,1,No,No,2026-07-28,2026-08-28
UPDATE,2026-08-28T00:00:00,2026-08-28,PT0426719,LST0426719,AG02264,LOC0092,Single Family,1,1.0,1139,7222,2003,297800.0,2026-04-20,Pending,,,113,0.0,0,No,Yes,2026-04-20,2026-08-28
UPDATE,2026-08-28T00:00:00,2026-08-28,PT0531745,LST0531745,AG02557,LOC0169,Single Family,5,4.5,1638,2885,1980,661700.0,2026-07-28,Sold,668821.48,2026-08-28,31,0.0,2,No,No,2026-07-28,2026-08-28
UPDATE,2026-08-28T00:00:00,2026-08-28,PT0520568,LST0520568,AG02088,LOC0115,Townhouse,3,3.5,2951,5925,1964,630700.0,2026-07-18,Pending,,,0,717.47,0,No,No,2026-07-18,2026-08-28
UPDATE,2026-08-28T00:00:00,2026-08-28,PT0534171,LST0534171,AG00343,LOC0115,Multi-Family,5,3.0,2098,5970,1904,330000.0,2026-07-30,Active,,,0,0.0,0,No,Yes,2026-07-30,2026-08-28
UPDATE,2026-08-28T00:00:00,2026-08-28,PT0459839,LST0459839,AG01053,LOC0073,Multi-Family,6,3.5,4467,3591,1970,871000.0,2025-03-13,Pending,,,68,0.0,2,No,No,2025-03-13,2026-08-28
UPDATE,2026-08-28T00:00:00,2026-08-28,PT0522412,LST0522412,AG02886,LOC0055,Single Family,4,1.0,1174,1250,1916,218500.0,2026-07-20,Active,,,0,0.0,2,Yes,Yes,2026-07-20,2026-08-28
UPDATE,2026-08-28T00:00:00,2026-08-28,PT0014114,LST0014114,AG02040,LOC0168,Townhouse,4,1.0,1685,3740,1992,686800.0,2024-11-06,Active,,,6,702.0,0,No,No,2024-11-06,2026-08-28
UPDATE,2026-08-28T00:00:00,2026-08-28,PT0530685,LST0530685,AG00765,LOC0161,Single Family,4,4.5,2428,8085,1913,1091100.0,2026-07-27,Sold,1074334.88,2026-08-28,32,0.0,0,No,No,2026-07-27,2026-08-28
UPDATE,2026-08-28T00:00:00,2026-08-28,PT0296008,LST0296008,AG01773,LOC0106,Single Family,6,1.0,1031,1093,1933,268200.0,2025-01-12,Active,,,58,0.0,0,Yes,Yes,2025-01-12,2026-08-28
UPDATE,2026-08-28T00:00:00,2026-08-28,PT0306078,LST0306078,AG02909,LOC0227,Condo,6,4.0,2002,9731,1993,385500.0,2024-06-01,Pending,,,90,465.0,0,Yes,No,2024-06-01,2026-08-28
UPDATE,2026-08-28T00:00:00,2026-08-28,PT0316942,LST0316942,AG01049,LOC0007,Condo,2,2.0,1466,1264,1991,571800.0,2025-05-07,Pending,,,77,100.0,2,No,No,2025-05-07,2026-08-28
UPDATE,2026-08-28T00:00:00,2026-08-28,PT0007319,LST0007319,AG02822,LOC0038,Townhouse,6,2.0,2532,4263,1989,461700.0,2025-05-10,Active,,,36,262.0,1,No,No,2025-05-10,2026-08-28
UPDATE,2026-08-28T00:00:00,2026-08-28,PT0210228,LST0210228,AG01052,LOC0067,Single Family,3,3.0,1881,4326,1912,204000.0,2023-12-26,Active,,,94,0.0,0,No,Yes,2023-12-26,2026-08-28
UPDATE,2026-08-28T00:00:00,2026-08-28,PT0384317,LST0384317,AG00171,LOC0097,Multi-Family,4,1.0,1522,5856,1904,623500.0,2024-06-03,Pending,,,109,0.0,1,No,Yes,2024-06-03,2026-08-28
UPDATE,2026-08-28T00:00:00,2026-08-28,PT0135931,LST0135931,AG02692,LOC0208,Apartment,2,3.5,1730,0,1940,235000.0,2025-03-14,Pending,,,42,796.0,1,Yes,No,2025-03-14,2026-08-28
UPDATE,2026-08-28T00:00:00,2026-08-28,PT0040094,LST0040094,AG00109,LOC0247,Single Family,4,3.5,1325,1209,2013,304500.0,2024-08-20,Active,,,117,0.0,1,No,No,2024-08-20,2026-08-28
UPDATE,2026-08-28T00:00:00,2026-08-28,PT0551979,LST0551979,AG01606,LOC0203,Single Family,4,4.5,2156,1726,2021,473400.0,2026-08-15,Sold,463913.58,2026-08-28,13,0.0,1,No,Yes,2026-08-15,2026-08-28
UPDATE,2026-08-28T00:00:00,2026-08-28,PT0427980,LST0427980,AG01932,LOC0014,Townhouse,1,4.5,1807,4073,1913,392100.0,2024-08-23,Pending,,,47,446.0,1,Yes,No,2024-08-23,2026-08-28
UPDATE,2026-08-28T00:00:00,2026-08-28,PT0050265,LST0050265,AG00704,LOC0165,Single Family,4,1.0,1163,10771,2020,362400.0,2023-06-27,Sold,330836.66,2026-08-28,1158,0.0,3,No,Yes,2023-06-27,2026-08-28
UPDATE,2026-08-28T00:00:00,2026-08-28,PT0008699,LST0008699,AG00377,LOC0116,Townhouse,3,1.5,1392,3227,1991,416700.0,2025-06-27,Pending,,,44,430.0,2,No,No,2025-06-27,2026-08-28
UPDATE,2026-08-28T00:00:00,2026-08-28,PT0300385,LST0300385,AG00952,LOC0024,Condo,3,3.5,1245,15645,1951,273800.0,2024-05-26,Active,,,18,746.0,2,No,No,2024-05-26,2026-08-28
UPDATE,2026-08-28T00:00:00,2026-08-28,PT0546370,LST0546370,AG02692,LOC0030,Multi-Family,1,3.5,4194,2368,2020,1227700.0,2026-08-10,Pending,,,0,0.0,3,No,Yes,2026-08-10,2026-08-28
UPDATE,2026-08-28T00:00:00,2026-08-28,PT0077513,LST0077513,AG01251,LOC0218,Condo,2,3.0,1894,4407,1979,705200.0,2024-04-10,Pending,,,144,507.0,1,No,No,2024-04-10,2026-08-28
UPDATE,2026-08-28T00:00:00,2026-08-28,PT0254692,LST0254692,AG01620,LOC0094,Single Family,5,3.0,1238,3207,1930,208400.0,2024-12-11,Active,,,69,0.0,3,No,No,2024-12-11,2026-08-28
UPDATE,2026-08-28T00:00:00,2026-08-28,PT0176834,LST0176834,AG01962,LOC0036,Townhouse,6,4.0,2265,2238,1906,1046000.0,2026-03-12,Active,,,71,657.0,2,Yes,No,2026-03-12,2026-08-28
UPDATE,2026-08-28T00:00:00,2026-08-28,PT0306176,LST0306176,AG00979,LOC0239,Condo,5,1.5,1822,4418,1933,518200.0,2023-05-29,Active,,,80,464.0,0,No,No,2023-05-29,2026-08-28
UPDATE,2026-08-28T00:00:00,2026-08-28,PT0307172,LST0307172,AG00003,LOC0170,Single Family,3,3.0,1506,6097,1974,481000.0,2025-01-21,Active,,,74,0.0,1,No,No,2025-01-21,2026-08-28
UPDATE,2026-08-28T00:00:00,2026-08-28,PT0192484,LST0192484,AG02995,LOC0160,Condo,1,4.0,2277,17550,1901,394000.0,2025-09-27,Pending,,,123,762.0,3,No,No,2025-09-27,2026-08-28
UPDATE,2026-08-28T00:00:00,2026-08-28,PT0435092,LST0435092,AG02953,LOC0237,Apartment,2,2.0,920,0,1943,304600.0,2025-02-19,Active,,,148,672.0,1,No,No,2025-02-19,2026-08-28
UPDATE,2026-08-28T00:00:00,2026-08-28,PT0395932,LST0395932,AG00812,LOC0011,Multi-Family,5,1.0,3427,11765,1994,1429900.0,2024-05-25,Active,,,62,0.0,3,No,Yes,2024-05-25,2026-08-28
UPDATE,2026-08-28T00:00:00,2026-08-28,PT0001673,LST0001673,AG00342,LOC0089,Multi-Family,1,3.0,2424,5811,1905,869300.0,2025-05-19,Sold,792734.89,2026-08-28,466,0.0,2,No,No,2025-05-19,2026-08-28
UPDATE,2026-08-28T00:00:00,2026-08-28,PT0440083,LST0440083,AG00873,LOC0066,Multi-Family,4,4.5,5401,6586,1926,901700.0,2025-05-01,Sold,909505.21,2026-08-28,484,0.0,2,No,No,2025-05-01,2026-08-28
UPDATE,2026-08-28T00:00:00,2026-08-28,PT0561143,LST0561143,AG00083,LOC0130,Single Family,4,4.5,1333,6420,2018,179100.0,2026-08-23,Pending,,,0,0.0,0,No,No,2026-08-23,2026-08-28
UPDATE,2026-08-28T00:00:00,2026-08-28,PT0021603,LST0021603,AG00660,LOC0114,Single Family,6,3.0,1992,1375,1948,343800.0,2024-03-10,Active,,,103,0.0,1,No,Yes,2024-03-10,2026-08-28
UPDATE,2026-08-28T00:00:00,2026-08-28,PT0549063,LST0549063,AG01532,LOC0144,Apartment,4,1.5,1664,0,1951,390800.0,2026-08-13,Active,,,0,484.7,3,No,No,2026-08-13,2026-08-28
UPDATE,2026-08-28T00:00:00,2026-08-28,PT0259587,LST0259587,AG02041,LOC0243,Single Family,6,4.5,1775,8523,2024,1038800.0,2023-12-31,Pending,,,35,0.0,2,No,No,2023-12-31,2026-08-28
UPDATE,2026-08-28T00:00:00,2026-08-28,PT0561577,LST0561577,AG00425,LOC0204,Single Family,6,2.5,1284,2860,1953,534200.0,2026-08-24,Active,,,0,0.0,0,No,Yes,2026-08-24,2026-08-28
UPDATE,2026-08-28T00:00:00,2026-08-28,PT0032646,LST0032646,AG00335,LOC0247,Single Family,3,2.0,2107,3561,2020,623500.0,2025-10-18,Active,,,149,0.0,3,No,Yes,2025-10-18,2026-08-28
UPDATE,2026-08-28T00:00:00,2026-08-28,PT0515757,LST0515757,AG01450,LOC0079,Multi-Family,5,3.0,3021,2534,1911,588300.0,2026-07-13,Sold,580301.33,2026-08-28,46,0.0,1,Yes,No,2026-07-13,2026-08-28
UPDATE,2026-08-28T00:00:00,2026-08-28,PT0470994,LST0470994,AG02734,LOC0103,Single Family,6,4.0,2582,14321,2024,328100.0,2024-06-17,Sold,325530.1,2026-08-28,802,0.0,2,No,No,2024-06-17,2026-08-28
UPDATE,2026-08-28T00:00:00,2026-08-28,PT0418306,LST0418306,AG02877,LOC0060,Single Family,5,3.0,1481,15388,2001,163600.0,2025-11-18,Active,,,89,0.0,1,Yes,No,2025-11-18,2026-08-28
UPDATE,2026-08-28T00:00:00,2026-08-28,PT0007964,LST0007964,AG01841,LOC0082,Single Family,5,2.5,2168,4893,1974,315000.0,2024-10-06,Pending,,,154,0.0,0,No,Yes,2024-10-06,2026-08-28
UPDATE,2026-08-28T00:00:00,2026-08-28,PT0508642,LST0508642,AG00890,LOC0009,Single Family,4,2.0,1913,6472,1942,672000.0,2026-07-07,Sold,708705.61,2026-08-28,52,0.0,0,No,Yes,2026-07-07,2026-08-28
UPDATE,2026-08-28T00:00:00,2026-08-28,PT0000007,LST0000007,AG00981,LOC0006,Single Family,4,2.0,2281,10673,2007,333400.0,2025-02-13,Active,,,124,0.0,2,No,Yes,2025-02-13,2026-08-28
UPDATE,2026-08-28T00:00:00,2026-08-28,PT0294774,LST0294774,AG01901,LOC0171,Townhouse,5,2.5,2631,10175,1962,1095000.0,2024-05-22,Active,,,151,633.0,0,No,No,2024-05-22,2026-08-28
UPDATE,2026-08-28T00:00:00,2026-08-28,PT0314581,LST0314581,AG01471,LOC0114,Single Family,1,2.5,1646,5670,1912,323300.0,2025-02-24,Active,,,63,0.0,3,No,No,2025-02-24,2026-08-28
UPDATE,2026-08-28T00:00:00,2026-08-28,PT0510387,LST0510387,AG00713,LOC0172,Single Family,3,2.0,1099,1943,1933,295800.0,2026-07-09,Active,,,0,0.0,3,No,No,2026-07-09,2026-08-28
UPDATE,2026-08-28T00:00:00,2026-08-28,PT0112097,LST0112097,AG01515,LOC0021,Multi-Family,6,4.5,2680,10328,2018,293200.0,2025-04-29,Sold,296491.22,2026-08-28,486,0.0,1,No,No,2025-04-29,2026-08-28
UPDATE,2026-08-28T00:00:00,2026-08-28,PT0273846,LST0273846,AG02759,LOC0091,Single Family,4,3.5,1849,1974,1906,639500.0,2025-12-04,Pending,,,98,0.0,3,Yes,No,2025-12-04,2026-08-28
UPDATE,2026-08-28T00:00:00,2026-08-28,PT0394027,LST0394027,AG01762,LOC0048,Single Family,2,2.0,889,4404,1912,140600.0,2025-02-13,Sold,130846.6,2026-08-28,561,0.0,3,Yes,Yes,2025-02-13,2026-08-28
UPDATE,2026-08-28T00:00:00,2026-08-28,PT0344057,LST0344057,AG01577,LOC0120,Multi-Family,5,3.5,3195,1950,1946,1472300.0,2025-05-02,Active,,,160,0.0,0,No,Yes,2025-05-02,2026-08-28
UPDATE,2026-08-28T00:00:00,2026-08-28,PT0207201,LST0207201,AG02855,LOC0049,Single Family,2,1.0,2983,8571,1919,1017700.0,2024-06-16,Sold,977029.12,2026-08-28,803,0.0,0,No,No,2024-06-16,2026-08-28
UPDATE,2026-08-28T00:00:00,2026-08-28,PT0547769,LST0547769,AG01099,LOC0194,Single Family,4,3.0,617,16641,1970,241100.0,2026-08-11,Active,,,0,0.0,3,No,No,2026-08-11,2026-08-28
UPDATE,2026-08-28T00:00:00,2026-08-28,PT0089378,LST0089378,AG01593,LOC0068,Single Family,2,3.5,2904,5665,1925,1360100.0,2024-12-22,Sold,1381702.17,2026-08-28,614,0.0,0,No,No,2024-12-22,2026-08-28
UPDATE,2026-08-28T00:00:00,2026-08-28,PT0520839,LST0520839,AG00819,LOC0223,Single Family,6,1.0,2941,5677,1927,1529700.0,2026-07-19,Active,,,0,0.0,0,No,No,2026-07-19,2026-08-28
UPDATE,2026-08-28T00:00:00,2026-08-28,PT0544584,LST0544584,AG02688,LOC0245,Single Family,4,4.0,2484,1603,1983,330000.0,2026-08-08,Pending,,,0,0.0,2,Yes,No,2026-08-08,2026-08-28
UPDATE,2026-08-28T00:00:00,2026-08-28,PT0526278,LST0526278,AG02351,LOC0021,Condo,3,2.5,2152,6740,1967,339500.0,2026-07-23,Active,,,0,177.42,1,No,No,2026-07-23,2026-08-28
UPDATE,2026-08-28T00:00:00,2026-08-28,PT0402554,LST0402554,AG01904,LOC0114,Townhouse,2,3.5,1340,2006,1906,426500.0,2024-09-10,Active,,,145,159.0,2,No,No,2024-09-10,2026-08-28
UPDATE,2026-08-28T00:00:00,2026-08-28,PT0538890,LST0538890,AG01313,LOC0243,Single Family,3,2.0,1987,4151,1954,1250300.0,2026-08-03,Active,,,0,0.0,0,No,No,2026-08-03,2026-08-28
UPDATE,2026-08-28T00:00:00,2026-08-28,PT0397664,LST0397664,AG01380,LOC0025,Single Family,1,4.5,3076,4588,1918,1070200.0,2023-08-05,Sold,1090378.65,2026-08-28,1119,0.0,2,No,No,2023-08-05,2026-08-28
UPDATE,2026-08-28T00:00:00,2026-08-28,PT0411083,LST0411083,AG01451,LOC0211,Single Family,3,4.5,2855,3069,1988,1571500.0,2025-06-11,Pending,,,174,0.0,0,No,No,2025-06-11,2026-08-28
UPDATE,2026-08-28T00:00:00,2026-08-28,PT0528320,LST0528320,AG01564,LOC0067,Apartment,2,4.0,768,0,2004,208700.0,2026-07-25,Pending,,,0,506.82,3,No,No,2026-07-25,2026-08-28
UPDATE,2026-08-28T00:00:00,2026-08-28,PT0517474,LST0517474,AG01632,LOC0030,Condo,2,4.5,2906,15765,1913,797900.0,2026-07-15,Active,,,0,407.02,2,No,No,2026-07-15,2026-08-28
UPDATE,2026-08-28T00:00:00,2026-08-28,PT0350663,LST0350663,AG00493,LOC0216,Apartment,2,3.0,1225,0,2025,134300.0,2024-05-08,Pending,,,74,653.0,3,Yes,No,2024-05-08,2026-08-28
UPDATE,2026-08-28T00:00:00,2026-08-28,PT0492579,LST0492579,AG00030,LOC0215,Condo,4,1.5,3146,21422,1988,1348500.0,2023-12-07,Active,,,152,498.0,3,No,No,2023-12-07,2026-08-28
UPDATE,2026-08-28T00:00:00,2026-08-28,PT0497795,LST0497795,AG00723,LOC0174,Land,0,0.0,3399,15309,1947,1488200.0,2025-10-28,Pending,,,34,0.0,0,No,No,2025-10-28,2026-08-28
UPDATE,2026-08-28T00:00:00,2026-08-28,PT0037741,LST0037741,AG01445,LOC0007,Land,0,0.0,4114,9085,1911,395700.0,2025-02-21,Pending,,,58,0.0,0,No,No,2025-02-21,2026-08-28
UPDATE,2026-08-28T00:00:00,2026-08-28,PT0357186,LST0357186,AG00123,LOC0076,Condo,3,2.5,1345,2010,1949,151400.0,2024-04-13,Active,,,88,94.0,0,No,No,2024-04-13,2026-08-28
UPDATE,2026-08-28T00:00:00,2026-08-28,PT0346565,LST0346565,AG01290,LOC0191,Condo,2,2.5,2104,10055,1927,772700.0,2026-01-02,Active,,,111,787.0,0,No,No,2026-01-02,2026-08-28
UPDATE,2026-08-28T00:00:00,2026-08-28,PT0230008,LST0230008,AG01238,LOC0011,Townhouse,6,3.5,663,8742,2012,208300.0,2023-08-12,Active,,,85,126.0,0,No,No,2023-08-12,2026-08-28
UPDATE,2026-08-28T00:00:00,2026-08-28,PT0095951,LST0095951,AG01147,LOC0001,Townhouse,1,4.5,2098,2076,1952,299400.0,2024-05-31,Sold,294573.56,2026-08-28,819,392.0,0,No,No,2024-05-31,2026-08-28
UPDATE,2026-08-28T00:00:00,2026-08-28,PT0433865,LST0433865,AG01564,LOC0013,Townhouse,6,4.5,3400,9266,1921,811700.0,2026-06-04,Sold,806261.37,2026-08-28,85,325.0,0,No,No,2026-06-04,2026-08-28
UPDATE,2026-08-28T00:00:00,2026-08-28,PT0331103,LST0331103,AG00206,LOC0012,Land,0,0.0,6618,1061,1922,2787900.0,2025-02-18,Pending,,,105,0.0,0,No,No,2025-02-18,2026-08-28
UPDATE,2026-08-28T00:00:00,2026-08-28,PT0545209,LST0545209,AG00933,LOC0167,Single Family,4,2.0,1475,4778,1936,886700.0,2026-08-09,Pending,,,0,0.0,1,No,Yes,2026-08-09,2026-08-28
UPDATE,2026-08-28T00:00:00,2026-08-28,PT0375584,LST0375584,AG02673,LOC0167,Single Family,3,1.0,2270,2051,1914,884800.0,2024-03-20,Pending,,,119,0.0,1,No,No,2024-03-20,2026-08-28
UPDATE,2026-08-28T00:00:00,2026-08-28,PT0311111,LST0311111,AG00579,LOC0111,Land,0,0.0,3569,8521,1918,375600.0,2023-05-08,Active,,,14,0.0,0,No,No,2023-05-08,2026-08-28
UPDATE,2026-08-28T00:00:00,2026-08-28,PT0431291,LST0431291,AG02435,LOC0206,Condo,4,3.5,1757,1702,1905,715400.0,2026-01-03,Pending,,,78,72.0,1,No,No,2026-01-03,2026-08-28
UPDATE,2026-08-28T00:00:00,2026-08-28,PT0421362,LST0421362,AG02823,LOC0172,Single Family,4,1.0,2495,4588,2007,755600.0,2025-06-12,Pending,,,152,0.0,1,No,Yes,2025-06-12,2026-08-28
UPDATE,2026-08-28T00:00:00,2026-08-28,PT0269154,LST0269154,AG02598,LOC0177,Condo,3,1.0,1021,2863,1906,355300.0,2024-08-10,Pending,,,98,140.0,3,No,No,2024-08-10,2026-08-28
UPDATE,2026-08-28T00:00:00,2026-08-28,PT0084862,LST0084862,AG00196,LOC0057,Single Family,1,1.5,2119,5109,1954,1167200.0,2024-02-06,Pending,,,41,0.0,0,No,No,2024-02-06,2026-08-28
UPDATE,2026-08-28T00:00:00,2026-08-28,PT0072739,LST0072739,AG01751,LOC0095,Multi-Family,2,3.5,1245,3504,1946,400500.0,2026-06-23,Pending,,,177,0.0,3,No,No,2026-06-23,2026-08-28
UPDATE,2026-08-28T00:00:00,2026-08-28,PT0080155,LST0080155,AG00054,LOC0139,Single Family,6,3.5,1834,1902,1992,690700.0,2025-06-25,Pending,,,82,0.0,3,No,No,2025-06-25,2026-08-28
UPDATE,2026-08-28T00:00:00,2026-08-28,PT0375258,LST0375258,AG02690,LOC0028,Single Family,4,2.0,2978,1137,1978,327700.0,2023-02-24,Pending,,,21,0.0,3,Yes,Yes,2023-02-24,2026-08-28
UPDATE,2026-08-28T00:00:00,2026-08-28,PT0262084,LST0262084,AG00589,LOC0153,Single Family,1,3.5,1449,1330,1964,512600.0,2023-07-08,Active,,,100,0.0,3,No,No,2023-07-08,2026-08-28
UPDATE,2026-08-28T00:00:00,2026-08-28,PT0052854,LST0052854,AG01504,LOC0205,Single Family,3,1.5,2113,5524,1984,607600.0,2024-12-30,Pending,,,128,0.0,0,No,No,2024-12-30,2026-08-28
UPDATE,2026-08-28T00:00:00,2026-08-28,PT0038072,LST0038072,AG00399,LOC0168,Condo,5,3.0,1141,1392,1986,642000.0,2025-09-21,Sold,631461.06,2026-08-28,341,618.0,2,Yes,No,2025-09-21,2026-08-28
UPDATE,2026-08-28T00:00:00,2026-08-28,PT0015930,LST0015930,AG01829,LOC0155,Single Family,2,1.0,2813,1642,1959,648700.0,2023-06-21,Pending,,,114,0.0,2,No,Yes,2023-06-21,2026-08-28
UPDATE,2026-08-28T00:00:00,2026-08-28,PT0330765,LST0330765,AG00883,LOC0164,Single Family,1,4.5,855,1477,1924,220300.0,2025-03-30,Active,,,152,0.0,0,Yes,No,2025-03-30,2026-08-28
UPDATE,2026-08-28T00:00:00,2026-08-28,PT0076672,LST0076672,AG01704,LOC0019,Condo,1,1.5,1592,1265,1970,211400.0,2026-04-06,Active,,,6,480.0,3,No,No,2026-04-06,2026-08-28
UPDATE,2026-08-28T00:00:00,2026-08-28,PT0370719,LST0370719,AG00050,LOC0095,Condo,3,1.5,2650,4359,1991,847300.0,2024-12-12,Active,,,53,564.0,1,No,No,2024-12-12,2026-08-28
UPDATE,2026-08-28T00:00:00,2026-08-28,PT0059473,LST0059473,AG00486,LOC0143,Townhouse,3,3.0,2658,5418,1942,590300.0,2026-03-10,Sold,567748.46,2026-08-28,171,441.0,0,No,No,2026-03-10,2026-08-28
UPDATE,2026-08-28T00:00:00,2026-08-28,PT0513293,LST0513293,AG00753,LOC0159,Single Family,3,3.5,1879,1552,1965,303000.0,2026-07-12,Active,,,0,0.0,0,No,Yes,2026-07-12,2026-08-28
UPDATE,2026-08-28T00:00:00,2026-08-28,PT0382628,LST0382628,AG02674,LOC0161,Townhouse,2,4.0,1471,5422,1904,1009800.0,2023-07-10,Active,,,141,111.0,0,No,No,2023-07-10,2026-08-28
UPDATE,2026-08-28T00:00:00,2026-08-28,PT0205111,LST0205111,AG01110,LOC0039,Condo,1,2.0,1066,1203,1950,399600.0,2026-04-13,Pending,,,168,282.0,3,No,No,2026-04-13,2026-08-28
UPDATE,2026-08-28T00:00:00,2026-08-28,PT0220039,LST0220039,AG01329,LOC0110,Single Family,4,1.0,2048,14317,1976,492200.0,2026-02-08,Sold,505279.12,2026-08-28,201,0.0,0,No,No,2026-02-08,2026-08-28
UPDATE,2026-08-28T00:00:00,2026-08-28,PT0548709,LST0548709,AG00255,LOC0026,Single Family,6,4.5,2423,6433,1977,388300.0,2026-08-12,Pending,,,0,0.0,3,No,Yes,2026-08-12,2026-08-28
UPDATE,2026-08-28T00:00:00,2026-08-28,PT0272910,LST0272910,AG01700,LOC0239,Land,0,0.0,4136,3853,2011,369900.0,2023-03-22,Active,,,166,0.0,0,No,No,2023-03-22,2026-08-28
UPDATE,2026-08-28T00:00:00,2026-08-28,PT0530080,LST0530080,AG02939,LOC0219,Condo,2,3.0,2308,4186,1901,1541500.0,2026-07-27,Active,,,0,755.01,0,No,No,2026-07-27,2026-08-28
UPDATE,2026-08-28T00:00:00,2026-08-28,PT0410196,LST0410196,AG02454,LOC0026,Single Family,4,4.0,1155,6499,1947,433700.0,2023-07-05,Pending,,,144,0.0,2,No,No,2023-07-05,2026-08-28
UPDATE,2026-08-28T00:00:00,2026-08-28,PT0191220,LST0191220,AG02561,LOC0009,Townhouse,5,4.5,1821,3987,2000,386100.0,2025-05-16,Pending,,,55,354.0,0,Yes,No,2025-05-16,2026-08-28
UPDATE,2026-08-28T00:00:00,2026-08-28,PT0083976,LST0083976,AG00379,LOC0180,Single Family,2,3.0,2675,9954,2007,180800.0,2024-02-22,Active,,,147,0.0,3,No,Yes,2024-02-22,2026-08-28
UPDATE,2026-08-28T00:00:00,2026-08-28,PT0029847,LST0029847,AG01892,LOC0140,Condo,1,4.5,2846,1102,1983,1395700.0,2025-02-09,Active,,,19,478.0,2,Yes,No,2025-02-09,2026-08-28
UPDATE,2026-08-28T00:00:00,2026-08-28,PT0534645,LST0534645,AG00730,LOC0223,Apartment,5,3.0,1479,0,1987,474300.0,2026-07-30,Active,,,0,193.92,2,No,No,2026-07-30,2026-08-28
UPDATE,2026-08-28T00:00:00,2026-08-28,PT0342093,LST0342093,AG02418,LOC0106,Single Family,6,3.0,1658,1027,1977,382000.0,2024-12-19,Pending,,,19,0.0,0,No,No,2024-12-19,2026-08-28
UPDATE,2026-08-28T00:00:00,2026-08-28,PT0530089,LST0530089,AG02875,LOC0229,Single Family,5,4.5,2350,4186,1929,364000.0,2026-07-27,Sold,353646.87,2026-08-28,32,0.0,1,No,No,2026-07-27,2026-08-28
UPDATE,2026-08-28T00:00:00,2026-08-28,PT0441982,LST0441982,AG01227,LOC0051,Single Family,5,1.0,3068,1649,1992,457900.0,2023-04-30,Active,,,52,0.0,3,No,Yes,2023-04-30,2026-08-28
UPDATE,2026-08-28T00:00:00,2026-08-28,PT0373880,LST0373880,AG00702,LOC0070,Single Family,5,2.5,2566,9380,1919,680900.0,2025-07-26,Pending,,,106,0.0,2,No,No,2025-07-26,2026-08-28
UPDATE,2026-08-28T00:00:00,2026-08-28,PT0223163,LST0223163,AG01539,LOC0247,Single Family,5,1.0,3266,8438,2005,659600.0,2024-02-16,Active,,,84,0.0,0,No,Yes,2024-02-16,2026-08-28
UPDATE,2026-08-28T00:00:00,2026-08-28,PT0550856,LST0550856,AG01594,LOC0206,Apartment,3,3.5,961,0,1946,330000.0,2026-08-14,Pending,,,0,763.32,3,No,No,2026-08-14,2026-08-28
UPDATE,2026-08-28T00:00:00,2026-08-28,PT0526762,LST0526762,AG00094,LOC0247,Apartment,3,4.0,1311,0,2014,246300.0,2026-07-24,Active,,,0,727.01,1,No,No,2026-07-24,2026-08-28
UPDATE,2026-08-28T00:00:00,2026-08-28,PT0086419,LST0086419,AG01957,LOC0120,Single Family,3,2.5,2018,4556,2000,628600.0,2025-08-03,Active,,,131,0.0,3,No,No,2025-08-03,2026-08-28
UPDATE,2026-08-28T00:00:00,2026-08-28,PT0535165,LST0535165,AG02743,LOC0052,Single Family,4,2.5,1705,7660,1956,315300.0,2026-07-31,Active,,,0,0.0,3,Yes,Yes,2026-07-31,2026-08-28
UPDATE,2026-08-28T00:00:00,2026-08-28,PT0250560,LST0250560,AG01791,LOC0102,Single Family,1,2.5,2255,1908,1982,574100.0,2025-08-17,Pending,,,84,0.0,0,No,Yes,2025-08-17,2026-08-28
UPDATE,2026-08-28T00:00:00,2026-08-28,PT0037357,LST0037357,AG02116,LOC0033,Townhouse,6,2.5,768,4039,1969,250600.0,2024-02-03,Active,,,177,612.0,2,No,No,2024-02-03,2026-08-28
UPDATE,2026-08-28T00:00:00,2026-08-28,PT0532610,LST0532610,AG02039,LOC0101,Multi-Family,1,3.0,2221,4607,1934,833100.0,2026-07-29,Active,,,0,0.0,3,No,No,2026-07-29,2026-08-28
UPDATE,2026-08-28T00:00:00,2026-08-28,PT0543834,LST0543834,AG01370,LOC0228,Condo,1,3.5,2526,6434,1910,654800.0,2026-08-08,Sold,630244.06,2026-08-28,20,620.05,1,No,No,2026-08-08,2026-08-28
UPDATE,2026-08-28T00:00:00,2026-08-28,PT0148168,LST0148168,AG00015,LOC0091,Single Family,1,3.5,1514,7926,1908,447800.0,2024-03-31,Pending,,,2,0.0,3,Yes,Yes,2024-03-31,2026-08-28
UPDATE,2026-08-28T00:00:00,2026-08-28,PT0128114,LST0128114,AG02622,LOC0143,Single Family,6,4.5,1908,1122,1926,427100.0,2023-12-26,Pending,,,52,0.0,3,No,No,2023-12-26,2026-08-28
UPDATE,2026-08-28T00:00:00,2026-08-28,PT0406464,LST0406464,AG00407,LOC0072,Condo,2,1.5,2816,12603,2003,205600.0,2023-04-29,Pending,,,63,475.0,0,No,No,2023-04-29,2026-08-28
UPDATE,2026-08-28T00:00:00,2026-08-28,PT0124442,LST0124442,AG01453,LOC0203,Single Family,3,1.0,918,1624,1990,76100.0,2024-07-04,Pending,,,28,0.0,1,No,Yes,2024-07-04,2026-08-28
UPDATE,2026-08-28T00:00:00,2026-08-28,PT0280328,LST0280328,AG01056,LOC0121,Single Family,5,3.5,3091,11444,1982,1009500.0,2025-05-20,Pending,,,85,0.0,1,No,No,2025-05-20,2026-08-28
UPDATE,2026-08-28T00:00:00,2026-08-28,PT0551252,LST0551252,AG02101,LOC0093,Multi-Family,1,3.5,4133,3137,2018,973300.0,2026-08-15,Active,,,0,0.0,3,No,No,2026-08-15,2026-08-28
UPDATE,2026-08-28T00:00:00,2026-08-28,PT0457456,LST0457456,AG01652,LOC0013,Multi-Family,5,4.0,608,3735,1910,61900.0,2025-04-25,Sold,59131.78,2026-08-28,490,0.0,0,No,No,2025-04-25,2026-08-28
UPDATE,2026-08-28T00:00:00,2026-08-28,PT0254179,LST0254179,AG01276,LOC0214,Townhouse,6,3.5,1742,9020,1981,447400.0,2025-10-01,Pending,,,55,557.0,3,No,No,2025-10-01,2026-08-28
UPDATE,2026-08-28T00:00:00,2026-08-28,PT0530269,LST0530269,AG00654,LOC0033,Single Family,5,2.5,2287,4492,1947,470700.0,2026-07-27,Active,,,0,0.0,0,No,Yes,2026-07-27,2026-08-28
UPDATE,2026-08-28T00:00:00,2026-08-28,PT0447072,LST0447072,AG01432,LOC0065,Single Family,2,4.0,1752,1972,1902,317900.0,2023-04-30,Pending,,,97,0.0,0,No,Yes,2023-04-30,2026-08-28
UPDATE,2026-08-28T00:00:00,2026-08-28,PT0459875,LST0459875,AG02400,LOC0015,Single Family,3,3.5,1302,1937,1900,469800.0,2023-11-10,Pending,,,100,0.0,1,Yes,Yes,2023-11-10,2026-08-28
UPDATE,2026-08-28T00:00:00,2026-08-28,PT0502859,LST0502859,AG02900,LOC0221,Single Family,4,2.0,1163,2192,2023,333100.0,2026-07-03,Active,,,0,0.0,1,No,No,2026-07-03,2026-08-28
UPDATE,2026-08-28T00:00:00,2026-08-28,PT0362469,LST0362469,AG01459,LOC0013,Apartment,3,4.5,1178,0,1960,309400.0,2026-05-11,Active,,,48,695.0,2,No,No,2026-05-11,2026-08-28
UPDATE,2026-08-28T00:00:00,2026-08-28,PT0491342,LST0491342,AG02417,LOC0194,Townhouse,5,2.5,2669,6214,1906,667400.0,2025-09-14,Pending,,,29,443.0,1,No,No,2025-09-14,2026-08-28
UPDATE,2026-08-28T00:00:00,2026-08-28,PT0184213,LST0184213,AG01321,LOC0177,Apartment,6,3.0,1315,0,1910,598700.0,2023-06-24,Pending,,,82,593.0,2,No,No,2023-06-24,2026-08-28
UPDATE,2026-08-28T00:00:00,2026-08-28,PT0099447,LST0099447,AG02134,LOC0137,Condo,3,1.0,1172,2798,1937,235600.0,2025-11-23,Active,,,80,117.0,1,Yes,No,2025-11-23,2026-08-28
UPDATE,2026-08-28T00:00:00,2026-08-28,PT0523675,LST0523675,AG02659,LOC0185,Single Family,5,1.0,926,1249,2017,273000.0,2026-07-21,Pending,,,0,0.0,1,No,No,2026-07-21,2026-08-28
UPDATE,2026-08-28T00:00:00,2026-08-28,PT0512597,LST0512597,AG02732,LOC0060,Land,0,0.0,6792,4718,1908,1254800.0,2026-07-11,Pending,,,0,0.0,0,No,No,2026-07-11,2026-08-28
UPDATE,2026-08-28T00:00:00,2026-08-28,PT0231227,LST0231227,AG01122,LOC0093,Single Family,2,3.0,1372,1375,1950,495600.0,2025-12-18,Sold,497055.57,2026-08-28,253,0.0,3,No,No,2025-12-18,2026-08-28
UPDATE,2026-08-28T00:00:00,2026-08-28,PT0043207,LST0043207,AG00630,LOC0032,Condo,5,2.5,1871,2134,1901,365900.0,2025-01-04,Sold,322185.52,2026-08-28,601,465.0,2,No,No,2025-01-04,2026-08-28
UPDATE,2026-08-28T00:00:00,2026-08-28,PT0499181,LST0499181,AG02212,LOC0062,Townhouse,3,4.0,698,3405,1984,100900.0,2024-12-02,Pending,,,62,254.0,3,No,No,2024-12-02,2026-08-28
UPDATE,2026-08-28T00:00:00,2026-08-28,PT0525664,LST0525664,AG01437,LOC0015,Multi-Family,3,3.0,3817,8509,1992,978800.0,2026-07-23,Active,,,0,0.0,3,No,No,2026-07-23,2026-08-28
UPDATE,2026-08-28T00:00:00,2026-08-28,PT0287098,LST0287098,AG01914,LOC0224,Single Family,4,4.0,1565,9371,1905,825300.0,2023-07-30,Pending,,,26,0.0,2,Yes,Yes,2023-07-30,2026-08-28
UPDATE,2026-08-28T00:00:00,2026-08-28,PT0546317,LST0546317,AG02892,LOC0134,Townhouse,1,4.5,1430,2802,2020,899500.0,2026-08-09,Active,,,0,305.41,1,No,No,2026-08-09,2026-08-28
UPDATE,2026-08-28T00:00:00,2026-08-28,PT0013166,LST0013166,AG02689,LOC0045,Single Family,1,2.5,1539,2985,2005,389900.0,2026-03-29,Active,,,91,0.0,3,No,No,2026-03-29,2026-08-28
UPDATE,2026-08-28T00:00:00,2026-08-28,PT0238537,LST0238537,AG02987,LOC0067,Multi-Family,5,1.0,4473,4009,1975,951200.0,2026-01-08,Pending,,,137,0.0,1,Yes,No,2026-01-08,2026-08-28
UPDATE,2026-08-28T00:00:00,2026-08-28,PT0089253,LST0089253,AG02192,LOC0074,Single Family,6,3.5,1838,1018,1968,787600.0,2026-03-05,Pending,,,39,0.0,1,No,Yes,2026-03-05,2026-08-28
UPDATE,2026-08-28T00:00:00,2026-08-28,PT0364811,LST0364811,AG01640,LOC0019,Single Family,6,3.0,701,11660,1920,119900.0,2023-05-11,Pending,,,175,0.0,3,No,Yes,2023-05-11,2026-08-28
UPDATE,2026-08-28T00:00:00,2026-08-28,PT0529347,LST0529347,AG00232,LOC0080,Single Family,2,4.5,693,17692,1995,187200.0,2026-07-26,Sold,189610.48,2026-08-28,33,0.0,1,No,No,2026-07-26,2026-08-28
UPDATE,2026-08-28T00:00:00,2026-08-28,PT0355300,LST0355300,AG01729,LOC0132,Single Family,6,3.5,3194,11002,1993,763700.0,2025-01-22,Pending,,,139,0.0,3,No,No,2025-01-22,2026-08-28
UPDATE,2026-08-28T00:00:00,2026-08-28,PT0461556,LST0461556,AG01175,LOC0118,Land,0,0.0,5393,5813,1931,774600.0,2026-06-22,Sold,715944.52,2026-08-28,67,0.0,0,No,No,2026-06-22,2026-08-28
UPDATE,2026-08-28T00:00:00,2026-08-28,PT0258388,LST0258388,AG00890,LOC0112,Single Family,3,3.0,1217,1971,1934,227200.0,2023-03-12,Sold,221250.32,2026-08-28,1265,0.0,3,Yes,No,2023-03-12,2026-08-28
UPDATE,2026-08-28T00:00:00,2026-08-28,PT0177081,LST0177081,AG01661,LOC0137,Townhouse,1,2.5,879,1793,2000,130900.0,2023-08-31,Sold,124274.32,2026-08-28,1093,539.0,3,No,No,2023-08-31,2026-08-28
UPDATE,2026-08-28T00:00:00,2026-08-28,PT0293331,LST0293331,AG02366,LOC0127,Multi-Family,3,4.0,2545,7546,1954,1346500.0,2023-06-04,Pending,,,107,0.0,3,No,No,2023-06-04,2026-08-28
UPDATE,2026-08-28T00:00:00,2026-08-28,PT0222493,LST0222493,AG02267,LOC0172,Townhouse,4,4.5,2031,1782,1998,562600.0,2024-07-09,Sold,519458.63,2026-08-28,780,528.0,0,No,No,2024-07-09,2026-08-28
UPDATE,2026-08-28T00:00:00,2026-08-28,PT0211281,LST0211281,AG01563,LOC0157,Land,0,0.0,6277,2146,2004,768900.0,2026-06-06,Pending,,,112,0.0,0,No,No,2026-06-06,2026-08-28
UPDATE,2026-08-28T00:00:00,2026-08-28,PT0023418,LST0023418,AG01315,LOC0080,Condo,1,3.0,2901,1711,2007,818300.0,2025-02-24,Pending,,,71,398.0,0,No,No,2025-02-24,2026-08-28
UPDATE,2026-08-28T00:00:00,2026-08-28,PT0461788,LST0461788,AG00207,LOC0041,Single Family,6,2.5,1566,2352,2006,315600.0,2023-06-25,Pending,,,38,0.0,3,No,Yes,2023-06-25,2026-08-28
UPDATE,2026-08-28T00:00:00,2026-08-28,PT0009818,LST0009818,AG02045,LOC0036,Single Family,4,2.5,887,1261,1902,247800.0,2024-02-07,Active,,,84,0.0,2,Yes,No,2024-02-07,2026-08-28
UPDATE,2026-08-28T00:00:00,2026-08-28,PT0495720,LST0495720,AG02181,LOC0070,Multi-Family,5,3.0,4595,11401,1905,286200.0,2023-07-17,Pending,,,46,0.0,3,No,No,2023-07-17,2026-08-28
UPDATE,2026-08-28T00:00:00,2026-08-28,PT0123229,LST0123229,AG02629,LOC0156,Land,0,0.0,3501,4343,1933,941300.0,2025-03-15,Pending,,,76,0.0,0,No,No,2025-03-15,2026-08-28
UPDATE,2026-08-28T00:00:00,2026-08-28,PT0366840,LST0366840,AG00101,LOC0148,Townhouse,2,4.0,1851,8092,1917,534000.0,2024-08-14,Sold,519653.06,2026-08-28,744,383.0,1,No,No,2024-08-14,2026-08-28
UPDATE,2026-08-28T00:00:00,2026-08-28,PT0187850,LST0187850,AG02940,LOC0051,Single Family,6,3.0,1708,12000,1979,196900.0,2025-12-15,Active,,,47,0.0,3,No,Yes,2025-12-15,2026-08-28
UPDATE,2026-08-28T00:00:00,2026-08-28,PT0100247,LST0100247,AG00664,LOC0103,Condo,6,4.0,3114,18299,1942,427500.0,2024-10-31,Pending,,,146,238.0,1,No,No,2024-10-31,2026-08-28
UPDATE,2026-08-28T00:00:00,2026-08-28,PT0375178,LST0375178,AG01630,LOC0093,Single Family,6,3.0,1582,18371,2003,600600.0,2023-02-04,Pending,,,128,0.0,1,No,Yes,2023-02-04,2026-08-28
UPDATE,2026-08-28T00:00:00,2026-08-28,PT0557174,LST0557174,AG00318,LOC0075,Townhouse,4,4.0,465,1905,1916,107400.0,2026-08-20,Pending,,,0,707.57,2,Yes,No,2026-08-20,2026-08-28
UPDATE,2026-08-28T00:00:00,2026-08-28,PT0307634,LST0307634,AG02536,LOC0142,Single Family,2,1.5,1101,3713,2004,257300.0,2023-07-12,Pending,,,166,0.0,1,No,No,2023-07-12,2026-08-28
UPDATE,2026-08-28T00:00:00,2026-08-28,PT0557094,LST0557094,AG00093,LOC0039,Condo,5,4.5,2300,3315,1907,643700.0,2026-08-20,Active,,,0,325.1,2,No,No,2026-08-20,2026-08-28
UPDATE,2026-08-28T00:00:00,2026-08-28,PT0527632,LST0527632,AG00164,LOC0250,Condo,2,3.5,2153,1205,1974,591700.0,2026-07-24,Sold,583578.31,2026-08-28,35,705.32,1,Yes,No,2026-07-24,2026-08-28
UPDATE,2026-08-28T00:00:00,2026-08-28,PT0154038,LST0154038,AG00835,LOC0218,Condo,3,1.0,1443,2741,1929,445800.0,2023-01-03,Pending,,,141,504.0,0,No,No,2023-01-03,2026-08-28
UPDATE,2026-08-28T00:00:00,2026-08-28,PT0359639,LST0359639,AG01528,LOC0242,Multi-Family,2,1.0,2708,6383,2023,516000.0,2023-04-07,Pending,,,62,0.0,0,No,Yes,2023-04-07,2026-08-28
UPDATE,2026-08-28T00:00:00,2026-08-28,PT0215482,LST0215482,AG01228,LOC0053,Townhouse,5,3.5,2685,4158,1910,656900.0,2024-07-09,Pending,,,120,100.0,3,No,No,2024-07-09,2026-08-28
UPDATE,2026-08-28T00:00:00,2026-08-28,PT0184190,LST0184190,AG00902,LOC0001,Land,0,0.0,9707,2552,1933,1945300.0,2025-08-04,Pending,,,121,0.0,0,No,No,2025-08-04,2026-08-28
UPDATE,2026-08-28T00:00:00,2026-08-28,PT0426974,LST0426974,AG02263,LOC0104,Single Family,6,3.0,3415,3094,1971,937300.0,2023-04-16,Active,,,3,0.0,1,No,No,2023-04-16,2026-08-28
UPDATE,2026-08-28T00:00:00,2026-08-28,PT0142142,LST0142142,AG01259,LOC0214,Apartment,6,4.0,1034,0,2024,176600.0,2023-08-19,Sold,178036.04,2026-08-28,1105,588.0,3,No,No,2023-08-19,2026-08-28
UPDATE,2026-08-28T00:00:00,2026-08-28,PT0196178,LST0196178,AG02016,LOC0207,Condo,3,4.5,1754,1634,1920,449200.0,2024-03-01,Sold,421602.19,2026-08-28,910,673.0,0,No,No,2024-03-01,2026-08-28
UPDATE,2026-08-28T00:00:00,2026-08-28,PT0281506,LST0281506,AG02438,LOC0127,Single Family,3,2.0,2550,2130,1986,1024400.0,2023-11-21,Pending,,,159,0.0,1,Yes,Yes,2023-11-21,2026-08-28
UPDATE,2026-08-28T00:00:00,2026-08-28,PT0451846,LST0451846,AG02965,LOC0061,Townhouse,6,3.0,1873,7163,2015,422500.0,2025-06-14,Sold,437579.08,2026-08-28,440,671.0,0,No,No,2025-06-14,2026-08-28
UPDATE,2026-08-28T00:00:00,2026-08-28,PT0270524,LST0270524,AG01251,LOC0040,Condo,6,2.0,2150,12147,2012,967000.0,2024-03-27,Active,,,179,698.0,0,No,No,2024-03-27,2026-08-28
UPDATE,2026-08-28T00:00:00,2026-08-28,PT0000062,LST0000062,AG02267,LOC0141,Apartment,5,4.5,1193,0,2022,355400.0,2023-06-19,Sold,339786.31,2026-08-28,1166,109.0,0,No,No,2023-06-19,2026-08-28
UPDATE,2026-08-28T00:00:00,2026-08-28,PT0212994,LST0212994,AG01455,LOC0081,Apartment,4,1.0,180,0,1993,76500.0,2024-12-16,Sold,74249.8,2026-08-28,620,700.0,1,No,No,2024-12-16,2026-08-28
UPDATE,2026-08-28T00:00:00,2026-08-28,PT0215043,LST0215043,AG01375,LOC0189,Condo,4,1.0,2684,3752,2003,859100.0,2025-05-28,Pending,,,16,332.0,0,Yes,No,2025-05-28,2026-08-28
UPDATE,2026-08-28T00:00:00,2026-08-28,PT0391705,LST0391705,AG00885,LOC0236,Single Family,6,4.5,2186,12401,2003,422800.0,2025-01-03,Pending,,,144,0.0,2,No,No,2025-01-03,2026-08-28
UPDATE,2026-08-28T00:00:00,2026-08-28,PT0335491,LST0335491,AG01918,LOC0218,Apartment,1,1.5,481,0,2002,117200.0,2025-07-24,Pending,,,46,150.0,1,No,No,2025-07-24,2026-08-28
UPDATE,2026-08-28T00:00:00,2026-08-28,PT0522854,LST0522854,AG01633,LOC0241,Single Family,3,4.0,1050,2891,1949,131500.0,2026-07-20,Pending,,,0,0.0,0,No,Yes,2026-07-20,2026-08-28
UPDATE,2026-08-28T00:00:00,2026-08-28,PT0558448,LST0558448,AG00051,LOC0191,Land,0,0.0,6662,8728,1930,2393200.0,2026-08-21,Sold,2472090.42,2026-08-28,7,0.0,0,No,No,2026-08-21,2026-08-28
UPDATE,2026-08-28T00:00:00,2026-08-28,PT0294159,LST0294159,AG02996,LOC0034,Townhouse,3,2.5,2082,1143,2014,781000.0,2024-08-21,Active,,,144,218.0,3,No,No,2024-08-21,2026-08-28
UPDATE,2026-08-28T00:00:00,2026-08-28,PT0414509,LST0414509,AG01280,LOC0011,Apartment,2,1.0,1145,0,1960,209800.0,2023-09-27,Sold,204823.19,2026-08-28,1066,219.0,0,No,No,2023-09-27,2026-08-28
UPDATE,2026-08-28T00:00:00,2026-08-28,PT0131229,LST0131229,AG01276,LOC0244,Single Family,6,3.5,2531,5961,1978,420600.0,2026-04-30,Active,,,167,0.0,1,No,No,2026-04-30,2026-08-28
UPDATE,2026-08-28T00:00:00,2026-08-28,PT0305351,LST0305351,AG01426,LOC0053,Single Family,1,2.0,1130,1291,1971,380500.0,2023-01-01,Active,,,45,0.0,3,No,No,2023-01-01,2026-08-28
UPDATE,2026-08-28T00:00:00,2026-08-28,PT0484619,LST0484619,AG01219,LOC0132,Condo,5,4.5,1759,4740,2023,143200.0,2025-04-22,Pending,,,116,110.0,0,No,No,2025-04-22,2026-08-28
UPDATE,2026-08-28T00:00:00,2026-08-28,PT0443707,LST0443707,AG01919,LOC0173,Multi-Family,6,1.5,2594,3940,1912,1463200.0,2024-06-23,Pending,,,120,0.0,0,No,Yes,2024-06-23,2026-08-28
UPDATE,2026-08-28T00:00:00,2026-08-28,PT0565124,LST0565124,AG02969,LOC0011,Townhouse,5,3.0,2170,4408,2009,1316600.0,2026-08-26,Active,,,0,770.32,0,Yes,No,2026-08-26,2026-08-28
UPDATE,2026-08-28T00:00:00,2026-08-28,PT0275597,LST0275597,AG02189,LOC0139,Multi-Family,4,2.5,3734,2833,1946,1347600.0,2023-08-08,Sold,1360970.2,2026-08-28,1116,0.0,1,Yes,Yes,2023-08-08,2026-08-28
UPDATE,2026-08-28T00:00:00,2026-08-28,PT0548069,LST0548069,AG00802,LOC0133,Single Family,2,4.5,2287,1299,1956,411200.0,2026-08-11,Active,,,0,0.0,1,No,No,2026-08-11,2026-08-28
UPDATE,2026-08-28T00:00:00,2026-08-28,PT0143017,LST0143017,AG01667,LOC0178,Townhouse,4,4.0,1510,1091,1939,304400.0,2025-09-04,Pending,,,63,157.0,0,No,No,2025-09-04,2026-08-28
UPDATE,2026-08-28T00:00:00,2026-08-28,PT0234381,LST0234381,AG02573,LOC0147,Single Family,5,1.0,1594,7127,1990,125000.0,2023-12-21,Active,,,87,0.0,2,No,No,2023-12-21,2026-08-28
UPDATE,2026-08-28T00:00:00,2026-08-28,PT0044444,LST0044444,AG00697,LOC0221,Apartment,2,1.0,608,0,1911,133200.0,2023-01-17,Active,,,176,149.0,0,No,No,2023-01-17,2026-08-28
UPDATE,2026-08-28T00:00:00,2026-08-28,PT0538777,LST0538777,AG01976,LOC0233,Single Family,4,2.5,2255,3745,1912,712900.0,2026-08-03,Sold,736996.77,2026-08-28,25,0.0,2,No,No,2026-08-03,2026-08-28
UPDATE,2026-08-28T00:00:00,2026-08-28,PT0366763,LST0366763,AG00520,LOC0141,Single Family,6,1.0,1633,6807,1929,407000.0,2025-07-31,Pending,,,115,0.0,0,No,Yes,2025-07-31,2026-08-28
UPDATE,2026-08-28T00:00:00,2026-08-28,PT0565958,LST0565958,AG01134,LOC0124,Single Family,1,2.0,2070,3069,1972,776900.0,2026-08-27,Active,,,0,0.0,1,No,No,2026-08-27,2026-08-28
UPDATE,2026-08-28T00:00:00,2026-08-28,PT0150178,LST0150178,AG02479,LOC0248,Apartment,6,2.0,867,0,2001,158400.0,2025-07-21,Active,,,65,348.0,0,No,No,2025-07-21,2026-08-28
UPDATE,2026-08-28T00:00:00,2026-08-28,PT0494306,LST0494306,AG02143,LOC0131,Apartment,3,3.5,1230,0,2022,437000.0,2023-07-06,Sold,459022.96,2026-08-28,1149,461.0,3,No,No,2023-07-06,2026-08-28
UPDATE,2026-08-28T00:00:00,2026-08-28,PT0084450,LST0084450,AG00769,LOC0237,Townhouse,6,1.5,1146,1066,1975,152400.0,2023-06-23,Sold,131060.08,2026-08-28,1162,253.0,0,No,No,2023-06-23,2026-08-28
UPDATE,2026-08-28T00:00:00,2026-08-28,PT0253699,LST0253699,AG02121,LOC0029,Single Family,1,3.0,1940,2298,1953,874300.0,2024-09-09,Sold,828836.67,2026-08-28,718,0.0,1,No,No,2024-09-09,2026-08-28
UPDATE,2026-08-28T00:00:00,2026-08-28,PT0281801,LST0281801,AG00185,LOC0216,Single Family,3,4.5,1846,3996,2018,326900.0,2024-05-20,Pending,,,10,0.0,1,No,No,2024-05-20,2026-08-28
UPDATE,2026-08-28T00:00:00,2026-08-28,PT0014659,LST0014659,AG00684,LOC0099,Land,0,0.0,4894,10149,1924,2016600.0,2024-03-15,Pending,,,142,0.0,0,No,No,2024-03-15,2026-08-28
UPDATE,2026-08-28T00:00:00,2026-08-28,PT0165640,LST0165640,AG02020,LOC0142,Single Family,2,1.5,1508,11117,2015,554100.0,2024-11-08,Pending,,,50,0.0,2,No,Yes,2024-11-08,2026-08-28
UPDATE,2026-08-28T00:00:00,2026-08-28,PT0548339,LST0548339,AG02201,LOC0047,Multi-Family,6,2.0,2308,4565,2007,696100.0,2026-08-12,Active,,,0,0.0,1,Yes,Yes,2026-08-12,2026-08-28
UPDATE,2026-08-28T00:00:00,2026-08-28,PT0504215,LST0504215,AG00602,LOC0011,Apartment,3,1.5,923,0,1981,409500.0,2026-07-04,Sold,370567.89,2026-08-28,55,248.73,0,No,No,2026-07-04,2026-08-28
UPDATE,2026-08-28T00:00:00,2026-08-28,PT0489632,LST0489632,AG01064,LOC0053,Townhouse,3,3.5,1976,12334,1923,1057900.0,2025-04-15,Sold,922166.49,2026-08-28,500,734.0,1,No,No,2025-04-15,2026-08-28
UPDATE,2026-08-28T00:00:00,2026-08-28,PT0288501,LST0288501,AG02650,LOC0066,Townhouse,3,4.5,1179,6151,2014,311700.0,2025-07-09,Active,,,47,667.0,3,Yes,No,2025-07-09,2026-08-28
UPDATE,2026-08-28T00:00:00,2026-08-28,PT0385547,LST0385547,AG02447,LOC0086,Townhouse,2,3.0,2745,5912,1904,330100.0,2024-07-21,Active,,,2,600.0,2,No,No,2024-07-21,2026-08-28
UPDATE,2026-08-28T00:00:00,2026-08-28,PT0316051,LST0316051,AG00148,LOC0076,Single Family,3,3.5,2584,1507,1973,460200.0,2025-10-13,Active,,,23,0.0,3,No,No,2025-10-13,2026-08-28
UPDATE,2026-08-28T00:00:00,2026-08-28,PT0403237,LST0403237,AG01398,LOC0096,Single Family,6,1.5,565,10968,2020,121700.0,2023-01-06,Sold,112457.22,2026-08-28,1330,0.0,3,No,No,2023-01-06,2026-08-28
UPDATE,2026-08-28T00:00:00,2026-08-28,PT0138345,LST0138345,AG01803,LOC0239,Single Family,3,3.0,1607,4388,1925,294000.0,2026-01-26,Sold,271756.05,2026-08-28,214,0.0,2,No,Yes,2026-01-26,2026-08-28
UPDATE,2026-08-28T00:00:00,2026-08-28,PT0538700,LST0538700,AG00005,LOC0132,Single Family,2,3.5,2083,4619,1955,441600.0,2026-08-03,Pending,,,0,0.0,1,Yes,Yes,2026-08-03,2026-08-28
UPDATE,2026-08-28T00:00:00,2026-08-28,PT0113950,LST0113950,AG02889,LOC0048,Townhouse,1,1.5,1073,3314,1902,642300.0,2024-08-30,Pending,,,150,470.0,2,No,No,2024-08-30,2026-08-28
UPDATE,2026-08-28T00:00:00,2026-08-28,PT0459289,LST0459289,AG00204,LOC0175,Single Family,2,4.0,977,3133,2016,105100.0,2025-04-17,Pending,,,16,0.0,3,Yes,No,2025-04-17,2026-08-28
UPDATE,2026-08-28T00:00:00,2026-08-28,PT0314819,LST0314819,AG01132,LOC0011,Single Family,1,4.0,978,3941,2022,326500.0,2024-11-21,Active,,,16,0.0,2,No,No,2024-11-21,2026-08-28
UPDATE,2026-08-28T00:00:00,2026-08-28,PT0555220,LST0555220,AG00481,LOC0064,Townhouse,2,2.0,2099,3114,1915,364600.0,2026-08-18,Active,,,0,175.72,1,No,No,2026-08-18,2026-08-28
UPDATE,2026-08-28T00:00:00,2026-08-28,PT0195647,LST0195647,AG01780,LOC0037,Multi-Family,2,3.0,2221,19893,1918,984700.0,2023-03-13,Active,,,15,0.0,3,No,No,2023-03-13,2026-08-28
UPDATE,2026-08-28T00:00:00,2026-08-28,PT0352015,LST0352015,AG00540,LOC0172,Land,0,0.0,4109,9418,1957,293300.0,2025-09-20,Active,,,3,0.0,0,No,No,2025-09-20,2026-08-28
UPDATE,2026-08-28T00:00:00,2026-08-28,PT0195895,LST0195895,AG02083,LOC0231,Single Family,1,2.5,1716,1351,1993,300400.0,2023-10-14,Sold,306712.43,2026-08-28,1049,0.0,1,No,No,2023-10-14,2026-08-28
UPDATE,2026-08-28T00:00:00,2026-08-28,PT0485912,LST0485912,AG02930,LOC0003,Single Family,1,4.5,2078,5867,1975,290700.0,2026-04-03,Active,,,53,0.0,0,No,No,2026-04-03,2026-08-28
UPDATE,2026-08-28T00:00:00,2026-08-28,PT0492555,LST0492555,AG02664,LOC0099,Townhouse,3,2.0,2237,4540,2009,560400.0,2023-04-17,Pending,,,120,235.0,0,No,No,2023-04-17,2026-08-28
UPDATE,2026-08-28T00:00:00,2026-08-28,PT0220927,LST0220927,AG01138,LOC0085,Single Family,4,1.5,974,3861,1953,177700.0,2025-08-07,Pending,,,83,0.0,2,Yes,Yes,2025-08-07,2026-08-28
UPDATE,2026-08-28T00:00:00,2026-08-28,PT0143392,LST0143392,AG01601,LOC0219,Single Family,3,3.0,2035,7363,1952,285100.0,2025-07-12,Sold,300743.56,2026-08-28,412,0.0,3,No,No,2025-07-12,2026-08-28
UPDATE,2026-08-28T00:00:00,2026-08-28,PT0450266,LST0450266,AG01733,LOC0141,Townhouse,4,4.0,2647,8538,1977,1042000.0,2026-04-09,Active,,,42,273.0,0,Yes,No,2026-04-09,2026-08-28
UPDATE,2026-08-28T00:00:00,2026-08-28,PT0423594,LST0423594,AG01699,LOC0003,Apartment,1,4.5,1220,0,1983,152700.0,2026-03-11,Pending,,,1,555.0,0,No,No,2026-03-11,2026-08-28
UPDATE,2026-08-28T00:00:00,2026-08-28,PT0497029,LST0497029,AG01626,LOC0013,Land,0,0.0,1897,6158,1999,323100.0,2023-05-08,Active,,,175,0.0,0,No,No,2023-05-08,2026-08-28
UPDATE,2026-08-28T00:00:00,2026-08-28,PT0394077,LST0394077,AG00925,LOC0246,Single Family,2,3.5,3015,7111,1921,691700.0,2025-10-31,Active,,,82,0.0,0,No,No,2025-10-31,2026-08-28
UPDATE,2026-08-28T00:00:00,2026-08-28,PT0128054,LST0128054,AG02551,LOC0138,Townhouse,5,2.5,684,9997,1901,257300.0,2024-08-14,Pending,,,109,743.0,2,No,No,2024-08-14,2026-08-28
UPDATE,2026-08-28T00:00:00,2026-08-28,PT0505744,LST0505744,AG02401,LOC0230,Townhouse,2,2.5,2148,1659,1969,356400.0,2026-07-05,Active,,,0,725.77,3,No,No,2026-07-05,2026-08-28
UPDATE,2026-08-28T00:00:00,2026-08-28,PT0199756,LST0199756,AG02754,LOC0181,Single Family,4,1.5,1484,6653,1999,506300.0,2023-02-05,Pending,,,122,0.0,1,No,No,2023-02-05,2026-08-28
UPDATE,2026-08-28T00:00:00,2026-08-28,PT0272266,LST0272266,AG01242,LOC0237,Townhouse,6,1.5,2820,4074,2000,459000.0,2025-05-22,Active,,,82,416.0,1,No,No,2025-05-22,2026-08-28
UPDATE,2026-08-28T00:00:00,2026-08-28,PT0452374,LST0452374,AG02094,LOC0179,Single Family,1,2.5,1755,5543,1917,199700.0,2024-09-26,Active,,,23,0.0,3,Yes,Yes,2024-09-26,2026-08-28
UPDATE,2026-08-28T00:00:00,2026-08-28,PT0564016,LST0564016,AG00951,LOC0029,Condo,3,2.0,2316,17937,2017,681000.0,2026-08-25,Pending,,,0,272.08,1,No,No,2026-08-25,2026-08-28
UPDATE,2026-08-28T00:00:00,2026-08-28,PT0051884,LST0051884,AG00836,LOC0178,Condo,4,2.5,1263,4418,1930,197600.0,2023-04-15,Pending,,,48,759.0,2,No,No,2023-04-15,2026-08-28
UPDATE,2026-08-28T00:00:00,2026-08-28,PT0051727,LST0051727,AG00642,LOC0128,Townhouse,3,3.0,2187,4512,1951,157000.0,2023-09-18,Sold,147855.98,2026-08-28,1075,737.0,3,Yes,No,2023-09-18,2026-08-28
UPDATE,2026-08-28T00:00:00,2026-08-28,PT0365698,LST0365698,AG02857,LOC0145,Apartment,6,1.5,866,0,1956,262300.0,2025-01-09,Sold,265168.64,2026-08-28,596,163.0,0,No,No,2025-01-09,2026-08-28
UPDATE,2026-08-28T00:00:00,2026-08-28,PT0312409,LST0312409,AG00632,LOC0132,Condo,1,1.0,1618,2091,1926,296500.0,2026-01-30,Sold,270142.76,2026-08-28,210,561.0,3,No,No,2026-01-30,2026-08-28
UPDATE,2026-08-28T00:00:00,2026-08-28,PT0198962,LST0198962,AG00913,LOC0069,Single Family,6,2.0,2051,1152,1973,456100.0,2026-02-14,Active,,,42,0.0,2,No,No,2026-02-14,2026-08-28
UPDATE,2026-08-28T00:00:00,2026-08-28,PT0181250,LST0181250,AG01617,LOC0235,Condo,1,2.5,2014,3071,1992,991300.0,2025-09-23,Active,,,61,793.0,3,No,No,2025-09-23,2026-08-28
UPDATE,2026-08-28T00:00:00,2026-08-28,PT0565244,LST0565244,AG01796,LOC0125,Land,0,0.0,8130,10357,1994,1487500.0,2026-08-27,Sold,1329222.21,2026-08-28,1,0.0,0,No,No,2026-08-27,2026-08-28
UPDATE,2026-08-28T00:00:00,2026-08-28,PT0519842,LST0519842,AG01451,LOC0010,Single Family,6,1.0,1737,3088,2011,447200.0,2026-07-17,Active,,,0,0.0,3,No,No,2026-07-17,2026-08-28
UPDATE,2026-08-28T00:00:00,2026-08-28,PT0333783,LST0333783,AG00298,LOC0128,Condo,2,2.0,1484,2818,1942,208600.0,2024-03-05,Sold,194394.85,2026-08-28,906,498.0,0,No,No,2024-03-05,2026-08-28
UPDATE,2026-08-28T00:00:00,2026-08-28,PT0024955,LST0024955,AG01833,LOC0013,Single Family,2,1.5,738,1717,1951,193800.0,2023-08-21,Pending,,,91,0.0,0,No,Yes,2023-08-21,2026-08-28
UPDATE,2026-08-28T00:00:00,2026-08-28,PT0434120,LST0434120,AG02923,LOC0202,Single Family,5,2.0,1602,3815,1983,339700.0,2025-03-23,Pending,,,91,0.0,2,No,Yes,2025-03-23,2026-08-28
UPDATE,2026-08-28T00:00:00,2026-08-28,PT0192185,LST0192185,AG01540,LOC0133,Condo,3,4.5,1108,9266,1969,194400.0,2026-04-09,Sold,173119.75,2026-08-28,141,160.0,3,No,No,2026-04-09,2026-08-28
UPDATE,2026-08-28T00:00:00,2026-08-28,PT0543715,LST0543715,AG02803,LOC0145,Multi-Family,4,2.5,1677,8239,1921,474900.0,2026-08-08,Sold,464356.97,2026-08-28,20,0.0,1,No,Yes,2026-08-08,2026-08-28
UPDATE,2026-08-28T00:00:00,2026-08-28,PT0546814,LST0546814,AG02436,LOC0165,Multi-Family,4,3.5,2392,6862,2014,931400.0,2026-08-10,Active,,,0,0.0,2,No,Yes,2026-08-10,2026-08-28
UPDATE,2026-08-28T00:00:00,2026-08-28,PT0016114,LST0016114,AG00340,LOC0202,Apartment,2,3.0,1166,0,2000,287900.0,2023-12-31,Active,,,119,98.0,1,No,No,2023-12-31,2026-08-28
UPDATE,2026-08-28T00:00:00,2026-08-28,PT0423077,LST0423077,AG00182,LOC0061,Multi-Family,5,1.0,3159,1037,1970,528200.0,2025-06-14,Pending,,,45,0.0,1,No,Yes,2025-06-14,2026-08-28
UPDATE,2026-08-28T00:00:00,2026-08-28,PT0284726,LST0284726,AG00004,LOC0119,Single Family,4,1.0,344,4196,1907,107500.0,2026-05-30,Pending,,,153,0.0,2,Yes,Yes,2026-05-30,2026-08-28
UPDATE,2026-08-28T00:00:00,2026-08-28,PT0260987,LST0260987,AG02072,LOC0190,Land,0,0.0,3957,1611,1991,677800.0,2023-12-06,Pending,,,175,0.0,0,No,No,2023-12-06,2026-08-28
UPDATE,2026-08-28T00:00:00,2026-08-28,PT0114254,LST0114254,AG00904,LOC0081,Single Family,5,1.5,2372,3837,2014,626200.0,2024-08-20,Active,,,26,0.0,1,No,No,2024-08-20,2026-08-28
UPDATE,2026-08-28T00:00:00,2026-08-28,PT0373349,LST0373349,AG01946,LOC0097,Apartment,4,4.0,180,0,1980,64400.0,2024-03-13,Active,,,60,432.0,1,No,No,2024-03-13,2026-08-28
UPDATE,2026-08-28T00:00:00,2026-08-28,PT0092185,LST0092185,AG00488,LOC0160,Condo,4,3.5,2168,1249,1915,568200.0,2024-06-16,Pending,,,162,764.0,3,No,No,2024-06-16,2026-08-28
UPDATE,2026-08-28T00:00:00,2026-08-28,PT0498220,LST0498220,AG00683,LOC0028,Single Family,2,3.0,2022,13293,1976,179300.0,2023-09-26,Sold,163431.16,2026-08-28,1067,0.0,0,No,No,2023-09-26,2026-08-28
UPDATE,2026-08-28T00:00:00,2026-08-28,PT0541081,LST0541081,AG02468,LOC0114,Townhouse,5,4.5,2341,10376,1960,475100.0,2026-08-05,Active,,,0,109.6,3,No,No,2026-08-05,2026-08-28
UPDATE,2026-08-28T00:00:00,2026-08-28,PT0332303,LST0332303,AG00595,LOC0128,Single Family,5,3.0,2186,4807,1937,599000.0,2024-10-10,Pending,,,90,0.0,1,No,No,2024-10-10,2026-08-28
UPDATE,2026-08-28T00:00:00,2026-08-28,PT0501515,LST0501515,AG01283,LOC0211,Single Family,6,4.0,1610,1237,2022,802300.0,2026-07-02,Active,,,0,0.0,1,Yes,No,2026-07-02,2026-08-28
UPDATE,2026-08-28T00:00:00,2026-08-28,PT0166544,LST0166544,AG00229,LOC0202,Condo,5,2.0,1627,2855,1952,418300.0,2026-04-04,Pending,,,89,363.0,0,No,No,2026-04-04,2026-08-28
UPDATE,2026-08-28T00:00:00,2026-08-28,PT0180471,LST0180471,AG01635,LOC0065,Single Family,1,2.5,1199,3007,1982,282100.0,2025-03-12,Pending,,,84,0.0,2,No,No,2025-03-12,2026-08-28
UPDATE,2026-08-28T00:00:00,2026-08-28,PT0303664,LST0303664,AG01784,LOC0207,Single Family,1,2.0,2462,7551,1978,284300.0,2026-02-15,Pending,,,5,0.0,3,Yes,No,2026-02-15,2026-08-28
UPDATE,2026-08-28T00:00:00,2026-08-28,PT0008960,LST0008960,AG02625,LOC0021,Single Family,3,4.5,2969,1078,1956,652600.0,2024-05-30,Sold,606206.93,2026-08-28,820,0.0,0,Yes,No,2024-05-30,2026-08-28
UPDATE,2026-08-28T00:00:00,2026-08-28,PT0238636,LST0238636,AG02182,LOC0027,Land,0,0.0,6905,1072,2015,2076900.0,2024-04-12,Pending,,,156,0.0,0,No,No,2024-04-12,2026-08-28
UPDATE,2026-08-28T00:00:00,2026-08-28,PT0023251,LST0023251,AG01969,LOC0165,Single Family,1,4.5,1541,13496,1994,962500.0,2025-04-11,Active,,,25,0.0,3,No,Yes,2025-04-11,2026-08-28
UPDATE,2026-08-28T00:00:00,2026-08-28,PT0066111,LST0066111,AG01305,LOC0237,Condo,4,2.0,1510,5550,1938,228400.0,2024-10-09,Pending,,,33,597.0,2,No,No,2024-10-09,2026-08-28
UPDATE,2026-08-28T00:00:00,2026-08-28,PT0543515,LST0543515,AG01166,LOC0161,Condo,3,3.0,2104,4450,2016,786100.0,2026-08-07,Active,,,0,492.02,1,No,No,2026-08-07,2026-08-28
UPDATE,2026-08-28T00:00:00,2026-08-28,PT0356184,LST0356184,AG00247,LOC0166,Single Family,4,1.5,3055,7035,1957,1216500.0,2025-02-10,Sold,1189314.47,2026-08-28,564,0.0,2,No,Yes,2025-02-10,2026-08-28
UPDATE,2026-08-28T00:00:00,2026-08-28,PT0213163,LST0213163,AG02023,LOC0046,Condo,6,2.0,1333,4648,1993,144500.0,2023-05-13,Pending,,,0,252.0,3,No,No,2023-05-13,2026-08-28
UPDATE,2026-08-28T00:00:00,2026-08-28,PT0548657,LST0548657,AG00540,LOC0141,Single Family,4,2.0,2553,1843,1972,580800.0,2026-08-12,Active,,,0,0.0,0,No,No,2026-08-12,2026-08-28
UPDATE,2026-08-28T00:00:00,2026-08-28,PT0408561,LST0408561,AG02620,LOC0214,Condo,4,1.0,1333,16667,1995,452400.0,2024-06-13,Sold,412605.85,2026-08-28,806,478.0,1,No,No,2024-06-13,2026-08-28
UPDATE,2026-08-28T00:00:00,2026-08-28,PT0223316,LST0223316,AG02015,LOC0152,Single Family,3,4.5,1641,14240,1991,248400.0,2025-12-23,Pending,,,146,0.0,0,No,No,2025-12-23,2026-08-28
UPDATE,2026-08-28T00:00:00,2026-08-28,PT0273044,LST0273044,AG01539,LOC0057,Multi-Family,3,4.0,4089,11946,1967,1716500.0,2025-12-13,Active,,,159,0.0,3,No,No,2025-12-13,2026-08-28
UPDATE,2026-08-28T00:00:00,2026-08-28,PT0293709,LST0293709,AG00597,LOC0201,Apartment,2,1.5,574,0,2008,107000.0,2024-01-26,Sold,99384.53,2026-08-28,945,733.0,1,No,No,2024-01-26,2026-08-28
UPDATE,2026-08-28T00:00:00,2026-08-28,PT0407763,LST0407763,AG01887,LOC0208,Single Family,3,2.5,316,5279,1975,31300.0,2024-07-16,Active,,,71,0.0,1,Yes,Yes,2024-07-16,2026-08-28
UPDATE,2026-08-28T00:00:00,2026-08-28,PT0063331,LST0063331,AG02490,LOC0147,Condo,4,3.0,2215,2815,1930,233300.0,2023-11-02,Pending,,,20,95.0,3,No,No,2023-11-02,2026-08-28
UPDATE,2026-08-28T00:00:00,2026-08-28,PT0508059,LST0508059,AG01980,LOC0102,Townhouse,4,4.5,1515,1133,1968,390200.0,2026-07-07,Sold,365296.8,2026-08-28,52,798.8,1,No,No,2026-07-07,2026-08-28
UPDATE,2026-08-28T00:00:00,2026-08-28,PT0322531,LST0322531,AG00849,LOC0051,Apartment,5,1.5,1058,0,1919,162900.0,2023-09-26,Sold,159091.54,2026-08-28,1067,234.0,0,No,No,2023-09-26,2026-08-28
UPDATE,2026-08-28T00:00:00,2026-08-28,PT0156299,LST0156299,AG01743,LOC0103,Condo,4,3.5,2433,1035,1950,420900.0,2026-01-24,Active,,,70,155.0,3,No,No,2026-01-24,2026-08-28
UPDATE,2026-08-28T00:00:00,2026-08-28,PT0388694,LST0388694,AG01880,LOC0202,Townhouse,4,2.0,2689,5584,1984,724100.0,2023-07-09,Pending,,,13,142.0,3,No,No,2023-07-09,2026-08-28
UPDATE,2026-08-28T00:00:00,2026-08-28,PT0078448,LST0078448,AG02174,LOC0233,Townhouse,3,1.5,2338,11080,1927,532900.0,2026-03-05,Pending,,,98,436.0,3,Yes,No,2026-03-05,2026-08-28
UPDATE,2026-08-28T00:00:00,2026-08-28,PT0244626,LST0244626,AG02519,LOC0225,Single Family,1,2.0,2559,1731,1906,1084000.0,2023-12-17,Active,,,120,0.0,2,No,Yes,2023-12-17,2026-08-28
UPDATE,2026-08-28T00:00:00,2026-08-28,PT0362177,LST0362177,AG01589,LOC0099,Condo,5,2.0,2427,3494,1996,1066300.0,2025-01-12,Pending,,,32,663.0,2,No,No,2025-01-12,2026-08-28
UPDATE,2026-08-28T00:00:00,2026-08-28,PT0386720,LST0386720,AG00404,LOC0092,Single Family,4,1.5,2321,6743,1901,417400.0,2024-12-20,Active,,,64,0.0,0,No,Yes,2024-12-20,2026-08-28
UPDATE,2026-08-28T00:00:00,2026-08-28,PT0002963,LST0002963,AG02517,LOC0226,Land,0,0.0,5103,1253,1917,2925300.0,2025-12-27,Active,,,69,0.0,0,No,No,2025-12-27,2026-08-28
UPDATE,2026-08-28T00:00:00,2026-08-28,PT0131023,LST0131023,AG00027,LOC0094,Single Family,3,1.5,1542,5462,1994,348800.0,2026-02-23,Sold,349202.22,2026-08-28,186,0.0,1,Yes,No,2026-02-23,2026-08-28
UPDATE,2026-08-28T00:00:00,2026-08-28,PT0183265,LST0183265,AG00789,LOC0088,Single Family,2,4.5,2029,4106,1960,317300.0,2024-06-05,Pending,,,179,0.0,0,No,Yes,2024-06-05,2026-08-28
UPDATE,2026-08-28T00:00:00,2026-08-28,PT0552980,LST0552980,AG00313,LOC0214,Single Family,3,3.0,1276,3363,1979,552200.0,2026-08-16,Active,,,0,0.0,3,Yes,No,2026-08-16,2026-08-28
UPDATE,2026-08-28T00:00:00,2026-08-28,PT0394895,LST0394895,AG02798,LOC0077,Land,0,0.0,5652,3998,1981,1362900.0,2024-02-08,Pending,,,22,0.0,0,No,No,2024-02-08,2026-08-28
UPDATE,2026-08-28T00:00:00,2026-08-28,PT0241644,LST0241644,AG00484,LOC0038,Townhouse,3,2.0,1995,2425,1982,627100.0,2024-01-28,Pending,,,0,540.0,1,No,No,2024-01-28,2026-08-28
UPDATE,2026-08-28T00:00:00,2026-08-28,PT0546068,LST0546068,AG01666,LOC0066,Condo,4,2.5,1223,1350,2018,477500.0,2026-08-09,Active,,,0,562.87,2,No,No,2026-08-09,2026-08-28
UPDATE,2026-08-28T00:00:00,2026-08-28,PT0222755,LST0222755,AG01510,LOC0081,Multi-Family,4,4.0,4243,3902,1972,1470600.0,2024-04-23,Pending,,,66,0.0,1,No,Yes,2024-04-23,2026-08-28
UPDATE,2026-08-28T00:00:00,2026-08-28,PT0104271,LST0104271,AG02941,LOC0092,Condo,5,4.5,1072,4200,2022,71900.0,2024-07-18,Pending,,,95,184.0,2,No,No,2024-07-18,2026-08-28
UPDATE,2026-08-28T00:00:00,2026-08-28,PT0117512,LST0117512,AG00585,LOC0032,Single Family,1,1.0,1787,1379,1999,258000.0,2023-08-12,Pending,,,53,0.0,1,No,No,2023-08-12,2026-08-28
UPDATE,2026-08-28T00:00:00,2026-08-28,PT0046263,LST0046263,AG00947,LOC0042,Single Family,4,2.5,2018,1365,1953,469800.0,2023-04-08,Active,,,173,0.0,0,No,No,2023-04-08,2026-08-28
UPDATE,2026-08-28T00:00:00,2026-08-28,PT0454820,LST0454820,AG01942,LOC0173,Condo,4,2.0,2993,3232,1998,1699300.0,2023-10-28,Sold,1588779.68,2026-08-28,1035,579.0,0,Yes,No,2023-10-28,2026-08-28
UPDATE,2026-08-28T00:00:00,2026-08-28,PT0539867,LST0539867,AG02077,LOC0237,Townhouse,4,3.5,2100,4117,1966,486600.0,2026-08-04,Pending,,,0,378.87,2,No,No,2026-08-04,2026-08-28
UPDATE,2026-08-28T00:00:00,2026-08-28,PT0227141,LST0227141,AG02667,LOC0234,Multi-Family,2,1.5,2743,1992,1904,920000.0,2025-09-14,Active,,,123,0.0,2,No,No,2025-09-14,2026-08-28
UPDATE,2026-08-28T00:00:00,2026-08-28,PT0067969,LST0067969,AG02968,LOC0062,Condo,4,4.0,1211,13308,1915,375400.0,2024-07-19,Pending,,,11,246.0,1,No,No,2024-07-19,2026-08-28
UPDATE,2026-08-28T00:00:00,2026-08-28,PT0225860,LST0225860,AG02139,LOC0045,Multi-Family,5,4.0,3016,6230,1937,1054000.0,2026-01-18,Active,,,94,0.0,2,No,No,2026-01-18,2026-08-28
UPDATE,2026-08-28T00:00:00,2026-08-28,PT0475585,LST0475585,AG02034,LOC0054,Land,0,0.0,9104,2845,1971,2596700.0,2026-03-29,Pending,,,116,0.0,0,No,No,2026-03-29,2026-08-28
UPDATE,2026-08-28T00:00:00,2026-08-28,PT0363866,LST0363866,AG02126,LOC0188,Single Family,4,2.0,3371,9483,1986,840900.0,2026-06-29,Pending,,,74,0.0,0,No,No,2026-06-29,2026-08-28
UPDATE,2026-08-28T00:00:00,2026-08-28,PT0450133,LST0450133,AG01418,LOC0048,Single Family,1,4.0,2232,4273,1947,278100.0,2023-02-22,Pending,,,178,0.0,0,No,No,2023-02-22,2026-08-28
UPDATE,2026-08-28T00:00:00,2026-08-28,PT0145383,LST0145383,AG00251,LOC0207,Single Family,4,1.0,692,1258,1967,62800.0,2023-11-17,Sold,60479.97,2026-08-28,1015,0.0,3,No,No,2023-11-17,2026-08-28
UPDATE,2026-08-28T00:00:00,2026-08-28,PT0249020,LST0249020,AG02143,LOC0207,Single Family,4,2.5,1492,1600,1941,206200.0,2026-04-07,Pending,,,176,0.0,2,Yes,No,2026-04-07,2026-08-28
UPDATE,2026-08-28T00:00:00,2026-08-28,PT0155470,LST0155470,AG01984,LOC0157,Single Family,6,4.0,1036,3103,1907,265400.0,2026-06-21,Pending,,,56,0.0,3,No,No,2026-06-21,2026-08-28
UPDATE,2026-08-28T00:00:00,2026-08-28,PT0089791,LST0089791,AG00409,LOC0176,Condo,4,4.5,1820,2802,1964,430000.0,2024-02-11,Active,,,19,595.0,0,No,No,2024-02-11,2026-08-28
UPDATE,2026-08-28T00:00:00,2026-08-28,PT0217460,LST0217460,AG00112,LOC0046,Single Family,2,4.0,2718,6162,1906,392400.0,2025-09-11,Pending,,,48,0.0,2,No,No,2025-09-11,2026-08-28
UPDATE,2026-08-28T00:00:00,2026-08-28,PT0145667,LST0145667,AG02603,LOC0090,Single Family,1,1.5,2288,6894,1984,413800.0,2025-09-30,Pending,,,13,0.0,1,Yes,No,2025-09-30,2026-08-28
UPDATE,2026-08-28T00:00:00,2026-08-28,PT0106404,LST0106404,AG00358,LOC0183,Single Family,3,2.0,1392,5058,1910,408500.0,2024-02-21,Active,,,172,0.0,1,No,Yes,2024-02-21,2026-08-28
UPDATE,2026-08-28T00:00:00,2026-08-28,PT0379208,LST0379208,AG00074,LOC0121,Townhouse,5,3.0,820,2315,1998,353300.0,2025-05-30,Pending,,,65,765.0,1,No,No,2025-05-30,2026-08-28
UPDATE,2026-08-28T00:00:00,2026-08-28,PT0188230,LST0188230,AG02713,LOC0099,Single Family,4,2.0,2179,20709,1968,910700.0,2025-10-19,Pending,,,84,0.0,3,No,No,2025-10-19,2026-08-28
UPDATE,2026-08-28T00:00:00,2026-08-28,PT0186892,LST0186892,AG01114,LOC0153,Single Family,5,3.5,1645,6488,1974,488300.0,2023-03-17,Pending,,,73,0.0,2,No,Yes,2023-03-17,2026-08-28
UPDATE,2026-08-28T00:00:00,2026-08-28,PT0018649,LST0018649,AG02547,LOC0021,Condo,4,4.0,300,1643,1931,30200.0,2026-02-12,Active,,,80,88.0,2,No,No,2026-02-12,2026-08-28
UPDATE,2026-08-28T00:00:00,2026-08-28,PT0416468,LST0416468,AG01592,LOC0233,Single Family,4,3.0,2480,4900,1958,304200.0,2023-12-06,Active,,,69,0.0,0,No,Yes,2023-12-06,2026-08-28
UPDATE,2026-08-28T00:00:00,2026-08-28,PT0163727,LST0163727,AG01713,LOC0047,Multi-Family,6,2.0,6028,1443,1909,1064500.0,2025-01-09,Active,,,155,0.0,1,No,No,2025-01-09,2026-08-28
UPDATE,2026-08-28T00:00:00,2026-08-28,PT0511504,LST0511504,AG00512,LOC0168,Single Family,5,3.5,330,2283,2000,145800.0,2026-07-10,Sold,127586.9,2026-08-28,49,0.0,2,No,No,2026-07-10,2026-08-28
UPDATE,2026-08-28T00:00:00,2026-08-28,PT0508149,LST0508149,AG02881,LOC0167,Townhouse,3,4.0,1932,3379,2019,1224000.0,2026-07-07,Pending,,,0,533.84,2,No,No,2026-07-07,2026-08-28
UPDATE,2026-08-28T00:00:00,2026-08-28,PT0426321,LST0426321,AG02755,LOC0045,Single Family,6,1.0,3922,1518,1933,1521900.0,2023-12-25,Active,,,155,0.0,0,No,No,2023-12-25,2026-08-28
UPDATE,2026-08-28T00:00:00,2026-08-28,PT0244219,LST0244219,AG02938,LOC0012,Single Family,3,4.5,1909,1820,1912,426300.0,2025-01-23,Active,,,157,0.0,3,No,Yes,2025-01-23,2026-08-28
UPDATE,2026-08-28T00:00:00,2026-08-28,PT0386182,LST0386182,AG00720,LOC0016,Condo,4,4.5,1972,4128,1949,485900.0,2024-03-29,Active,,,58,284.0,3,No,No,2024-03-29,2026-08-28
UPDATE,2026-08-28T00:00:00,2026-08-28,PT0037131,LST0037131,AG01622,LOC0184,Townhouse,5,4.5,1685,17062,1964,496300.0,2024-07-16,Active,,,162,164.0,1,No,No,2024-07-16,2026-08-28
UPDATE,2026-08-28T00:00:00,2026-08-28,PT0302473,LST0302473,AG02104,LOC0102,Single Family,1,3.0,1556,10034,1929,404200.0,2026-02-22,Active,,,6,0.0,0,No,No,2026-02-22,2026-08-28
UPDATE,2026-08-28T00:00:00,2026-08-28,PT0528088,LST0528088,AG01186,LOC0075,Condo,3,3.5,2343,2575,1911,658300.0,2026-07-25,Active,,,0,355.92,3,No,No,2026-07-25,2026-08-28
UPDATE,2026-08-28T00:00:00,2026-08-28,PT0396029,LST0396029,AG02680,LOC0002,Single Family,6,1.5,2382,7376,1944,456600.0,2026-04-28,Active,,,107,0.0,1,No,No,2026-04-28,2026-08-28
UPDATE,2026-08-28T00:00:00,2026-08-28,PT0467326,LST0467326,AG02840,LOC0050,Townhouse,4,1.0,2187,6745,1902,580700.0,2024-07-29,Pending,,,56,320.0,0,Yes,No,2024-07-29,2026-08-28
UPDATE,2026-08-28T00:00:00,2026-08-28,PT0001208,LST0001208,AG02511,LOC0092,Single Family,2,1.0,1624,2723,1990,343800.0,2024-02-13,Active,,,72,0.0,1,No,No,2024-02-13,2026-08-28
UPDATE,2026-08-28T00:00:00,2026-08-28,PT0565656,LST0565656,AG01517,LOC0146,Townhouse,2,2.0,1249,1193,1924,96600.0,2026-08-27,Pending,,,0,149.07,1,Yes,No,2026-08-27,2026-08-28
UPDATE,2026-08-28T00:00:00,2026-08-28,PT0109468,LST0109468,AG00282,LOC0171,Townhouse,1,2.0,3372,10114,1944,1329000.0,2025-05-03,Pending,,,69,746.0,0,No,No,2025-05-03,2026-08-28
UPDATE,2026-08-28T00:00:00,2026-08-28,PT0383207,LST0383207,AG02874,LOC0151,Land,0,0.0,8930,3171,1966,924200.0,2025-06-05,Pending,,,119,0.0,0,No,No,2025-06-05,2026-08-28
UPDATE,2026-08-28T00:00:00,2026-08-28,PT0057969,LST0057969,AG01329,LOC0183,Single Family,1,1.5,2264,2105,1929,741000.0,2024-09-01,Sold,723074.91,2026-08-28,726,0.0,1,No,Yes,2024-09-01,2026-08-28
UPDATE,2026-08-28T00:00:00,2026-08-28,PT0372146,LST0372146,AG01224,LOC0119,Single Family,6,3.5,1166,15069,1948,311000.0,2025-03-08,Sold,315313.25,2026-08-28,538,0.0,2,Yes,Yes,2025-03-08,2026-08-28
UPDATE,2026-08-28T00:00:00,2026-08-28,PT0382042,LST0382042,AG02769,LOC0161,Single Family,5,2.0,1222,7204,1924,343100.0,2024-05-22,Pending,,,140,0.0,3,No,No,2024-05-22,2026-08-28
UPDATE,2026-08-28T00:00:00,2026-08-28,PT0390837,LST0390837,AG01759,LOC0040,Multi-Family,6,4.5,2078,4837,2012,368800.0,2024-06-07,Pending,,,139,0.0,1,No,No,2024-06-07,2026-08-28
UPDATE,2026-08-28T00:00:00,2026-08-28,PT0238679,LST0238679,AG02527,LOC0082,Single Family,2,3.0,3540,13341,1940,546700.0,2023-10-24,Pending,,,5,0.0,0,Yes,No,2023-10-24,2026-08-28
UPDATE,2026-08-28T00:00:00,2026-08-28,PT0419918,LST0419918,AG01791,LOC0232,Single Family,6,2.5,866,5028,1937,167600.0,2023-02-06,Active,,,51,0.0,0,No,No,2023-02-06,2026-08-28
UPDATE,2026-08-28T00:00:00,2026-08-28,PT0287200,LST0287200,AG00830,LOC0224,Single Family,3,1.5,1374,4088,1921,602200.0,2024-06-15,Pending,,,83,0.0,2,No,No,2024-06-15,2026-08-28
UPDATE,2026-08-28T00:00:00,2026-08-28,PT0261893,LST0261893,AG01156,LOC0074,Single Family,4,1.5,2377,2712,1969,998500.0,2025-07-25,Pending,,,7,0.0,1,No,Yes,2025-07-25,2026-08-28
UPDATE,2026-08-28T00:00:00,2026-08-28,PT0502098,LST0502098,AG00956,LOC0019,Townhouse,2,2.5,3222,6434,2002,355800.0,2026-07-02,Sold,342839.99,2026-08-28,57,150.96,2,No,No,2026-07-02,2026-08-28
UPDATE,2026-08-28T00:00:00,2026-08-28,PT0316199,LST0316199,AG02363,LOC0013,Single Family,4,3.0,1970,1835,2003,163400.0,2025-01-18,Pending,,,110,0.0,2,No,No,2025-01-18,2026-08-28
UPDATE,2026-08-28T00:00:00,2026-08-28,PT0043219,LST0043219,AG02020,LOC0107,Condo,4,3.0,2817,3404,1921,285200.0,2024-10-22,Pending,,,148,218.0,0,No,No,2024-10-22,2026-08-28
UPDATE,2026-08-28T00:00:00,2026-08-28,PT0081941,LST0081941,AG00256,LOC0096,Single Family,1,3.5,2655,6088,1986,770100.0,2023-11-29,Sold,777967.04,2026-08-28,1003,0.0,3,Yes,No,2023-11-29,2026-08-28
UPDATE,2026-08-28T00:00:00,2026-08-28,PT0025923,LST0025923,AG00918,LOC0063,Single Family,5,3.0,939,14917,1977,643000.0,2024-01-01,Sold,630631.49,2026-08-28,970,0.0,0,No,No,2024-01-01,2026-08-28
UPDATE,2026-08-28T00:00:00,2026-08-28,PT0489003,LST0489003,AG02085,LOC0223,Apartment,2,4.5,1408,0,1964,477500.0,2024-07-05,Active,,,109,473.0,0,No,No,2024-07-05,2026-08-28
UPDATE,2026-08-28T00:00:00,2026-08-28,PT0510659,LST0510659,AG01939,LOC0142,Condo,4,3.5,1770,1558,1915,672300.0,2026-07-09,Active,,,0,700.19,2,No,No,2026-07-09,2026-08-28
UPDATE,2026-08-28T00:00:00,2026-08-28,PT0438954,LST0438954,AG01388,LOC0125,Condo,4,2.5,2086,1395,1959,113000.0,2024-07-29,Pending,,,41,241.0,2,Yes,No,2024-07-29,2026-08-28
UPDATE,2026-08-28T00:00:00,2026-08-28,PT0523772,LST0523772,AG02070,LOC0200,Multi-Family,2,4.0,3504,1834,1932,587500.0,2026-07-21,Active,,,0,0.0,2,No,No,2026-07-21,2026-08-28
UPDATE,2026-08-28T00:00:00,2026-08-28,PT0361869,LST0361869,AG02153,LOC0174,Single Family,4,3.5,1989,14426,2013,840800.0,2026-01-20,Active,,,117,0.0,2,No,No,2026-01-20,2026-08-28
UPDATE,2026-08-28T00:00:00,2026-08-28,PT0070800,LST0070800,AG02539,LOC0238,Townhouse,2,4.0,1704,11283,2010,549300.0,2024-08-12,Pending,,,41,722.0,0,No,No,2024-08-12,2026-08-28
UPDATE,2026-08-28T00:00:00,2026-08-28,PT0116701,LST0116701,AG00216,LOC0159,Multi-Family,1,4.0,1513,2350,1973,191300.0,2023-07-29,Pending,,,105,0.0,2,No,Yes,2023-07-29,2026-08-28
UPDATE,2026-08-28T00:00:00,2026-08-28,PT0314587,LST0314587,AG01747,LOC0002,Townhouse,1,3.5,2307,1097,2024,491500.0,2024-10-30,Pending,,,86,644.0,1,No,No,2024-10-30,2026-08-28
UPDATE,2026-08-28T00:00:00,2026-08-28,PT0133852,LST0133852,AG00875,LOC0050,Single Family,4,2.0,300,1599,1966,65500.0,2026-01-29,Pending,,,26,0.0,3,No,No,2026-01-29,2026-08-28
UPDATE,2026-08-28T00:00:00,2026-08-28,PT0520087,LST0520087,AG01213,LOC0109,Condo,2,1.5,3008,1326,2003,1307700.0,2026-07-18,Pending,,,0,320.31,1,No,No,2026-07-18,2026-08-28
UPDATE,2026-08-28T00:00:00,2026-08-28,PT0547750,LST0547750,AG02383,LOC0108,Single Family,4,2.0,1807,10866,1914,508100.0,2026-08-11,Sold,454574.53,2026-08-28,17,0.0,3,Yes,Yes,2026-08-11,2026-08-28
UPDATE,2026-08-28T00:00:00,2026-08-28,PT0410051,LST0410051,AG00903,LOC0235,Single Family,3,2.0,771,5474,1971,448500.0,2026-01-03,Pending,,,46,0.0,3,Yes,No,2026-01-03,2026-08-28
UPDATE,2026-08-28T00:00:00,2026-08-28,PT0540742,LST0540742,AG01835,LOC0230,Townhouse,5,3.5,2554,4384,1998,734600.0,2026-08-04,Sold,701827.18,2026-08-28,24,300.13,3,No,No,2026-08-04,2026-08-28
UPDATE,2026-08-28T00:00:00,2026-08-28,PT0519157,LST0519157,AG02796,LOC0060,Single Family,4,4.5,1595,4610,1950,376700.0,2026-07-17,Active,,,0,0.0,2,Yes,No,2026-07-17,2026-08-28
UPDATE,2026-08-28T00:00:00,2026-08-28,PT0227171,LST0227171,AG02828,LOC0049,Townhouse,1,2.5,1592,6174,1917,615700.0,2026-01-10,Active,,,72,339.0,3,No,No,2026-01-10,2026-08-28
UPDATE,2026-08-28T00:00:00,2026-08-28,PT0511430,LST0511430,AG01059,LOC0162,Condo,1,1.5,2854,8109,1922,602400.0,2026-07-10,Sold,602566.03,2026-08-28,49,399.49,1,No,No,2026-07-10,2026-08-28
UPDATE,2026-08-28T00:00:00,2026-08-28,PT0044308,LST0044308,AG01747,LOC0218,Single Family,1,4.0,1976,4025,2014,428200.0,2025-09-01,Sold,430810.81,2026-08-28,361,0.0,0,No,No,2025-09-01,2026-08-28
UPDATE,2026-08-28T00:00:00,2026-08-28,PT0535614,LST0535614,AG01341,LOC0210,Condo,5,2.0,2374,5099,2012,559100.0,2026-07-31,Active,,,0,363.16,0,No,No,2026-07-31,2026-08-28
UPDATE,2026-08-28T00:00:00,2026-08-28,PT0552270,LST0552270,AG00218,LOC0217,Single Family,2,3.0,1742,5357,1931,189100.0,2026-08-15,Pending,,,0,0.0,1,No,Yes,2026-08-15,2026-08-28
UPDATE,2026-08-28T00:00:00,2026-08-28,PT0048908,LST0048908,AG01884,LOC0086,Condo,3,4.0,1634,11294,1968,113300.0,2025-01-19,Active,,,74,398.0,0,No,No,2025-01-19,2026-08-28
UPDATE,2026-08-28T00:00:00,2026-08-28,PT0223263,LST0223263,AG00959,LOC0012,Single Family,3,2.0,2476,3126,1966,1670300.0,2025-09-07,Active,,,134,0.0,2,No,Yes,2025-09-07,2026-08-28
UPDATE,2026-08-28T00:00:00,2026-08-28,PT0520500,LST0520500,AG01563,LOC0134,Townhouse,5,2.0,2818,2158,1935,830200.0,2026-07-18,Pending,,,0,576.81,0,No,No,2026-07-18,2026-08-28
UPDATE,2026-08-28T00:00:00,2026-08-28,PT0505950,LST0505950,AG00706,LOC0195,Single Family,5,4.5,2918,2245,1992,403500.0,2026-07-05,Active,,,0,0.0,1,No,No,2026-07-05,2026-08-28
UPDATE,2026-08-28T00:00:00,2026-08-28,PT0535034,LST0535034,AG01719,LOC0211,Single Family,6,1.5,1873,2682,1988,1006900.0,2026-07-31,Active,,,0,0.0,0,No,No,2026-07-31,2026-08-28
UPDATE,2026-08-28T00:00:00,2026-08-28,PT0563343,LST0563343,AG02430,LOC0148,Townhouse,2,4.0,1823,3496,2018,582100.0,2026-08-25,Active,,,0,520.24,2,No,No,2026-08-25,2026-08-28
UPDATE,2026-08-28T00:00:00,2026-08-28,PT0254706,LST0254706,AG01742,LOC0245,Apartment,5,2.5,1822,0,1963,367900.0,2026-02-08,Active,,,113,450.0,2,Yes,No,2026-02-08,2026-08-28
UPDATE,2026-08-28T00:00:00,2026-08-28,PT0286026,LST0286026,AG01150,LOC0114,Single Family,3,3.0,2745,2528,1987,402100.0,2024-11-25,Active,,,72,0.0,1,No,No,2024-11-25,2026-08-28
UPDATE,2026-08-28T00:00:00,2026-08-28,PT0357721,LST0357721,AG02645,LOC0022,Townhouse,4,4.0,1224,1441,1972,591800.0,2023-08-01,Pending,,,52,336.0,0,No,No,2023-08-01,2026-08-28
UPDATE,2026-08-28T00:00:00,2026-08-28,PT0258953,LST0258953,AG02956,LOC0056,Single Family,1,2.5,1580,3833,2016,865400.0,2023-09-24,Pending,,,121,0.0,1,No,No,2023-09-24,2026-08-28
UPDATE,2026-08-28T00:00:00,2026-08-28,PT0289592,LST0289592,AG00231,LOC0168,Condo,4,4.5,2073,10756,1953,656500.0,2026-04-15,Pending,,,51,162.0,1,No,No,2026-04-15,2026-08-28
UPDATE,2026-08-28T00:00:00,2026-08-28,PT0563958,LST0563958,AG00408,LOC0151,Single Family,2,4.0,1089,6817,1914,275100.0,2026-08-25,Pending,,,0,0.0,1,No,Yes,2026-08-25,2026-08-28
UPDATE,2026-08-28T00:00:00,2026-08-28,PT0287845,LST0287845,AG00228,LOC0206,Townhouse,2,1.5,2040,5746,2013,400100.0,2025-11-16,Active,,,121,106.0,1,No,No,2025-11-16,2026-08-28
UPDATE,2026-08-28T00:00:00,2026-08-28,PT0106533,LST0106533,AG01942,LOC0144,Single Family,6,3.5,1630,7500,2019,227900.0,2023-12-29,Pending,,,19,0.0,2,Yes,No,2023-12-29,2026-08-28
UPDATE,2026-08-28T00:00:00,2026-08-28,PT0545330,LST0545330,AG01962,LOC0225,Single Family,4,1.5,2862,12187,1904,866700.0,2026-08-09,Pending,,,0,0.0,1,No,Yes,2026-08-09,2026-08-28
UPDATE,2026-08-28T00:00:00,2026-08-28,PT0048457,LST0048457,AG00595,LOC0082,Single Family,1,3.0,3407,4624,1929,348400.0,2026-03-06,Sold,352949.28,2026-08-28,175,0.0,2,No,Yes,2026-03-06,2026-08-28
UPDATE,2026-08-28T00:00:00,2026-08-28,PT0315605,LST0315605,AG02002,LOC0108,Condo,3,4.0,2478,9246,1989,587000.0,2025-08-06,Active,,,80,690.0,0,No,No,2025-08-06,2026-08-28
UPDATE,2026-08-28T00:00:00,2026-08-28,PT0168602,LST0168602,AG01572,LOC0056,Single Family,6,1.0,882,7740,1933,78000.0,2023-02-05,Pending,,,61,0.0,0,No,No,2023-02-05,2026-08-28
UPDATE,2026-08-28T00:00:00,2026-08-28,PT0531786,LST0531786,AG01983,LOC0102,Single Family,3,3.5,2042,1576,1948,209000.0,2026-07-28,Active,,,0,0.0,0,Yes,No,2026-07-28,2026-08-28
UPDATE,2026-08-28T00:00:00,2026-08-28,PT0501472,LST0501472,AG00406,LOC0223,Condo,6,4.5,740,2482,1945,422500.0,2026-07-02,Active,,,0,738.92,0,No,No,2026-07-02,2026-08-28
UPDATE,2026-08-28T00:00:00,2026-08-28,PT0404330,LST0404330,AG00985,LOC0249,Condo,3,2.0,606,1185,1960,136200.0,2026-04-22,Pending,,,87,538.0,2,No,No,2026-04-22,2026-08-28
UPDATE,2026-08-28T00:00:00,2026-08-28,PT0154088,LST0154088,AG02417,LOC0187,Land,0,0.0,5248,4740,1943,2998400.0,2024-12-05,Pending,,,59,0.0,0,No,No,2024-12-05,2026-08-28
UPDATE,2026-08-28T00:00:00,2026-08-28,PT0407146,LST0407146,AG02601,LOC0157,Townhouse,1,1.0,2842,10724,1921,1202000.0,2023-06-04,Active,,,54,637.0,3,Yes,No,2023-06-04,2026-08-28
UPDATE,2026-08-28T00:00:00,2026-08-28,PT0113877,LST0113877,AG01213,LOC0127,Condo,5,2.5,1442,11336,2007,803000.0,2025-01-11,Pending,,,70,388.0,2,No,No,2025-01-11,2026-08-28
UPDATE,2026-08-28T00:00:00,2026-08-28,PT0054276,LST0054276,AG01252,LOC0032,Single Family,3,1.5,1810,3489,2006,305100.0,2025-05-30,Active,,,129,0.0,1,No,No,2025-05-30,2026-08-28
UPDATE,2026-08-28T00:00:00,2026-08-28,PT0398246,LST0398246,AG00633,LOC0154,Apartment,5,2.5,773,0,1919,136600.0,2024-03-03,Sold,132541.31,2026-08-28,908,117.0,2,No,No,2024-03-03,2026-08-28
UPDATE,2026-08-28T00:00:00,2026-08-28,PT0250893,LST0250893,AG00439,LOC0206,Single Family,3,3.0,422,3613,1989,81300.0,2025-03-14,Active,,,179,0.0,1,No,Yes,2025-03-14,2026-08-28
UPDATE,2026-08-28T00:00:00,2026-08-28,PT0470266,LST0470266,AG01610,LOC0088,Townhouse,1,2.5,2030,4416,1934,275100.0,2025-02-17,Active,,,57,348.0,3,Yes,No,2025-02-17,2026-08-28
UPDATE,2026-08-28T00:00:00,2026-08-28,PT0286915,LST0286915,AG02593,LOC0038,Condo,5,2.5,1956,4395,1935,166700.0,2025-03-01,Pending,,,7,611.0,2,No,No,2025-03-01,2026-08-28
UPDATE,2026-08-28T00:00:00,2026-08-28,PT0456882,LST0456882,AG01729,LOC0198,Townhouse,5,4.0,1837,4384,1963,173900.0,2023-07-18,Active,,,156,455.0,0,Yes,No,2023-07-18,2026-08-28
UPDATE,2026-08-28T00:00:00,2026-08-28,PT0104524,LST0104524,AG02072,LOC0216,Apartment,2,1.5,1206,0,1965,233800.0,2024-10-23,Pending,,,62,738.0,2,No,No,2024-10-23,2026-08-28
UPDATE,2026-08-28T00:00:00,2026-08-28,PT0380409,LST0380409,AG02293,LOC0104,Single Family,3,3.5,1578,1908,1934,762200.0,2023-12-01,Sold,680264.43,2026-08-28,1001,0.0,3,No,No,2023-12-01,2026-08-28
UPDATE,2026-08-28T00:00:00,2026-08-28,PT0362100,LST0362100,AG00684,LOC0247,Townhouse,3,4.5,959,18310,1962,229900.0,2024-03-21,Pending,,,148,93.0,2,Yes,No,2024-03-21,2026-08-28
UPDATE,2026-08-28T00:00:00,2026-08-28,PT0505609,LST0505609,AG00333,LOC0225,Townhouse,4,4.5,2209,1708,1948,839900.0,2026-07-05,Active,,,0,448.97,3,No,No,2026-07-05,2026-08-28
UPDATE,2026-08-28T00:00:00,2026-08-28,PT0224953,LST0224953,AG00085,LOC0054,Condo,3,3.5,2387,2358,1944,489500.0,2025-02-14,Sold,453981.9,2026-08-28,560,389.0,3,No,No,2025-02-14,2026-08-28
UPDATE,2026-08-28T00:00:00,2026-08-28,PT0192824,LST0192824,AG02271,LOC0021,Condo,5,4.0,783,2363,1923,116500.0,2024-11-12,Pending,,,91,542.0,2,No,No,2024-11-12,2026-08-28
UPDATE,2026-08-28T00:00:00,2026-08-28,PT0379117,LST0379117,AG00273,LOC0182,Single Family,1,3.0,1924,5733,1922,786500.0,2024-08-31,Sold,793745.32,2026-08-28,727,0.0,2,No,No,2024-08-31,2026-08-28
UPDATE,2026-08-28T00:00:00,2026-08-28,PT0432186,LST0432186,AG01534,LOC0243,Condo,3,1.0,2848,10411,1940,1468500.0,2025-06-12,Sold,1346745.05,2026-08-28,442,521.0,3,No,No,2025-06-12,2026-08-28
UPDATE,2026-08-28T00:00:00,2026-08-28,PT0181520,LST0181520,AG00015,LOC0133,Single Family,1,1.5,1415,3325,1933,289000.0,2026-06-21,Active,,,20,0.0,2,No,Yes,2026-06-21,2026-08-28
UPDATE,2026-08-28T00:00:00,2026-08-28,PT0221697,LST0221697,AG01337,LOC0096,Single Family,1,2.0,1059,1793,1925,305000.0,2023-08-01,Sold,269892.7,2026-08-28,1123,0.0,3,No,No,2023-08-01,2026-08-28
UPDATE,2026-08-28T00:00:00,2026-08-28,PT0556126,LST0556126,AG00186,LOC0210,Condo,5,2.5,1804,3077,1920,891300.0,2026-08-19,Pending,,,0,520.51,0,No,No,2026-08-19,2026-08-28
UPDATE,2026-08-28T00:00:00,2026-08-28,PT0077208,LST0077208,AG01572,LOC0107,Single Family,3,1.0,1755,4625,1978,344700.0,2023-01-31,Sold,370358.01,2026-08-28,1305,0.0,3,No,No,2023-01-31,2026-08-28
UPDATE,2026-08-28T00:00:00,2026-08-28,PT0446327,LST0446327,AG02950,LOC0086,Condo,2,2.5,1783,4717,1923,359200.0,2024-06-18,Pending,,,31,103.0,2,No,No,2024-06-18,2026-08-28
UPDATE,2026-08-28T00:00:00,2026-08-28,PT0562096,LST0562096,AG00465,LOC0004,Single Family,2,2.5,1337,1977,1929,150300.0,2026-08-24,Active,,,0,0.0,1,No,No,2026-08-24,2026-08-28
UPDATE,2026-08-28T00:00:00,2026-08-28,PT0562044,LST0562044,AG02405,LOC0169,Single Family,6,2.0,1840,2987,1965,426000.0,2026-08-24,Sold,416412.92,2026-08-28,4,0.0,2,No,No,2026-08-24,2026-08-28
UPDATE,2026-08-28T00:00:00,2026-08-28,PT0306205,LST0306205,AG01471,LOC0189,Single Family,4,1.5,2468,9693,2001,930000.0,2024-01-04,Active,,,132,0.0,2,No,Yes,2024-01-04,2026-08-28
UPDATE,2026-08-28T00:00:00,2026-08-28,PT0544483,LST0544483,AG00955,LOC0147,Single Family,4,1.5,2583,1789,1965,854300.0,2026-08-08,Pending,,,0,0.0,2,No,No,2026-08-08,2026-08-28
UPDATE,2026-08-28T00:00:00,2026-08-28,PT0383634,LST0383634,AG01912,LOC0172,Single Family,2,4.0,2234,13823,1906,685900.0,2023-11-28,Pending,,,13,0.0,1,No,No,2023-11-28,2026-08-28
UPDATE,2026-08-28T00:00:00,2026-08-28,PT0265018,LST0265018,AG00614,LOC0028,Single Family,3,1.5,2202,9161,1981,214900.0,2026-06-16,Pending,,,104,0.0,0,No,No,2026-06-16,2026-08-28
UPDATE,2026-08-28T00:00:00,2026-08-28,PT0344869,LST0344869,AG00303,LOC0154,Single Family,5,3.0,3051,2946,1961,824000.0,2026-02-03,Pending,,,11,0.0,3,No,No,2026-02-03,2026-08-28
UPDATE,2026-08-28T00:00:00,2026-08-28,PT0346270,LST0346270,AG00404,LOC0160,Single Family,1,3.0,1243,8864,1986,381300.0,2025-07-09,Pending,,,157,0.0,2,No,No,2025-07-09,2026-08-28
UPDATE,2026-08-28T00:00:00,2026-08-28,PT0493651,LST0493651,AG00499,LOC0132,Single Family,3,2.5,2188,1662,1968,735800.0,2024-10-15,Sold,752677.42,2026-08-28,682,0.0,1,No,Yes,2024-10-15,2026-08-28
UPDATE,2026-08-28T00:00:00,2026-08-28,PT0541119,LST0541119,AG01222,LOC0173,Single Family,4,3.5,300,1988,1991,143100.0,2026-08-05,Sold,129793.86,2026-08-28,23,0.0,3,No,Yes,2026-08-05,2026-08-28
UPDATE,2026-08-28T00:00:00,2026-08-28,PT0261086,LST0261086,AG01575,LOC0116,Townhouse,4,1.0,1231,4899,1995,575000.0,2023-04-03,Pending,,,159,223.0,2,No,No,2023-04-03,2026-08-28
UPDATE,2026-08-28T00:00:00,2026-08-28,PT0038808,LST0038808,AG00790,LOC0051,Condo,4,4.0,2429,14264,1928,359700.0,2023-06-11,Active,,,173,203.0,2,Yes,No,2023-06-11,2026-08-28
UPDATE,2026-08-28T00:00:00,2026-08-28,PT0415843,LST0415843,AG01990,LOC0043,Single Family,1,3.0,2761,4349,1941,419200.0,2025-07-14,Sold,412635.92,2026-08-28,410,0.0,0,Yes,No,2025-07-14,2026-08-28
UPDATE,2026-08-28T00:00:00,2026-08-28,PT0382811,LST0382811,AG01423,LOC0166,Townhouse,4,1.0,1491,2825,1945,445500.0,2024-09-26,Pending,,,148,322.0,0,No,No,2024-09-26,2026-08-28
UPDATE,2026-08-28T00:00:00,2026-08-28,PT0348100,LST0348100,AG02150,LOC0118,Single Family,4,2.0,1090,18711,1994,160900.0,2024-07-10,Pending,,,84,0.0,1,No,No,2024-07-10,2026-08-28
UPDATE,2026-08-28T00:00:00,2026-08-28,PT0261707,LST0261707,AG02990,LOC0093,Single Family,1,1.0,2498,16692,1904,745200.0,2023-03-02,Pending,,,100,0.0,1,No,No,2023-03-02,2026-08-28
UPDATE,2026-08-28T00:00:00,2026-08-28,PT0028449,LST0028449,AG01688,LOC0019,Apartment,5,1.5,719,0,2013,126900.0,2025-07-10,Pending,,,19,388.0,3,No,No,2025-07-10,2026-08-28
UPDATE,2026-08-28T00:00:00,2026-08-28,PT0389487,LST0389487,AG01377,LOC0050,Condo,4,4.5,1556,10760,1938,386400.0,2023-04-13,Active,,,123,688.0,3,No,No,2023-04-13,2026-08-28
UPDATE,2026-08-28T00:00:00,2026-08-28,PT0014831,LST0014831,AG01325,LOC0173,Single Family,5,2.0,2049,1919,1992,764200.0,2026-01-30,Sold,771281.56,2026-08-28,210,0.0,2,No,No,2026-01-30,2026-08-28
UPDATE,2026-08-28T00:00:00,2026-08-28,PT0082457,LST0082457,AG02069,LOC0144,Multi-Family,6,2.5,5118,2098,1970,2104000.0,2025-04-25,Active,,,157,0.0,0,No,No,2025-04-25,2026-08-28
UPDATE,2026-08-28T00:00:00,2026-08-28,PT0500116,LST0500116,AG01045,LOC0101,Condo,1,1.5,2846,1340,1944,1051000.0,2026-07-01,Pending,,,0,197.66,2,Yes,No,2026-07-01,2026-08-28
UPDATE,2026-08-28T00:00:00,2026-08-28,PT0125793,LST0125793,AG01274,LOC0083,Land,0,0.0,4114,3447,2006,1290900.0,2025-02-08,Sold,1203521.6,2026-08-28,566,0.0,0,No,No,2025-02-08,2026-08-28
UPDATE,2026-08-28T00:00:00,2026-08-28,PT0114049,LST0114049,AG00752,LOC0179,Apartment,3,3.5,1390,0,1948,410200.0,2023-05-14,Pending,,,78,676.0,1,No,No,2023-05-14,2026-08-28
UPDATE,2026-08-28T00:00:00,2026-08-28,PT0325162,LST0325162,AG01250,LOC0238,Townhouse,3,3.5,1056,1991,1919,259700.0,2024-08-15,Pending,,,85,102.0,0,No,No,2024-08-15,2026-08-28
UPDATE,2026-08-28T00:00:00,2026-08-28,PT0228921,LST0228921,AG02449,LOC0237,Condo,6,1.0,1191,3495,1913,148200.0,2023-03-28,Pending,,,68,176.0,3,No,No,2023-03-28,2026-08-28
UPDATE,2026-08-28T00:00:00,2026-08-28,PT0341872,LST0341872,AG02736,LOC0187,Single Family,3,4.5,723,3977,1998,243700.0,2025-11-16,Sold,222013.85,2026-08-28,285,0.0,3,Yes,No,2025-11-16,2026-08-28
UPDATE,2026-08-28T00:00:00,2026-08-28,PT0077755,LST0077755,AG02814,LOC0151,Single Family,5,3.0,1252,1281,1979,385700.0,2023-04-11,Pending,,,94,0.0,2,Yes,Yes,2023-04-11,2026-08-28
UPDATE,2026-08-28T00:00:00,2026-08-28,PT0159632,LST0159632,AG02030,LOC0235,Single Family,4,2.5,969,8389,2019,149000.0,2023-08-06,Active,,,97,0.0,0,No,Yes,2023-08-06,2026-08-28
UPDATE,2026-08-28T00:00:00,2026-08-28,PT0338594,LST0338594,AG00970,LOC0247,Single Family,5,4.5,1886,2180,1972,597400.0,2026-02-12,Active,,,87,0.0,3,Yes,Yes,2026-02-12,2026-08-28
UPDATE,2026-08-28T00:00:00,2026-08-28,PT0171812,LST0171812,AG02536,LOC0058,Apartment,2,3.5,1862,0,1955,427800.0,2025-07-12,Sold,423452.96,2026-08-28,412,149.0,0,No,No,2025-07-12,2026-08-28
UPDATE,2026-08-28T00:00:00,2026-08-28,PT0451042,LST0451042,AG02398,LOC0084,Condo,2,2.0,814,5033,2011,257500.0,2023-09-23,Pending,,,135,531.0,1,No,No,2023-09-23,2026-08-28
UPDATE,2026-08-28T00:00:00,2026-08-28,PT0304966,LST0304966,AG02654,LOC0240,Single Family,6,3.5,1658,2345,1921,299400.0,2024-01-07,Active,,,45,0.0,0,No,No,2024-01-07,2026-08-28
UPDATE,2026-08-28T00:00:00,2026-08-28,PT0558739,LST0558739,AG00031,LOC0007,Townhouse,6,1.5,1465,4551,1918,630100.0,2026-08-21,Active,,,0,189.67,0,No,No,2026-08-21,2026-08-28
UPDATE,2026-08-28T00:00:00,2026-08-28,PT0370185,LST0370185,AG00825,LOC0027,Single Family,2,3.5,1569,1586,1976,344400.0,2023-03-17,Pending,,,26,0.0,3,No,No,2023-03-17,2026-08-28
UPDATE,2026-08-28T00:00:00,2026-08-28,PT0517397,LST0517397,AG01378,LOC0135,Condo,6,3.5,467,1594,2018,98000.0,2026-07-15,Active,,,0,580.83,2,No,No,2026-07-15,2026-08-28
UPDATE,2026-08-28T00:00:00,2026-08-28,PT0285003,LST0285003,AG00357,LOC0216,Single Family,4,1.0,1387,3050,2011,350500.0,2023-02-20,Sold,349550.69,2026-08-28,1285,0.0,2,Yes,Yes,2023-02-20,2026-08-28
UPDATE,2026-08-28T00:00:00,2026-08-28,PT0304305,LST0304305,AG01393,LOC0064,Condo,3,3.0,1828,1009,2004,450300.0,2023-07-30,Active,,,117,554.0,0,Yes,No,2023-07-30,2026-08-28
UPDATE,2026-08-28T00:00:00,2026-08-28,PT0506573,LST0506573,AG02024,LOC0188,Townhouse,1,4.0,705,3797,1934,125000.0,2026-07-06,Active,,,0,772.46,3,No,No,2026-07-06,2026-08-28
UPDATE,2026-08-28T00:00:00,2026-08-28,PT0349468,LST0349468,AG02236,LOC0241,Land,0,0.0,6487,1080,1982,780500.0,2025-01-30,Active,,,47,0.0,0,No,No,2025-01-30,2026-08-28
UPDATE,2026-08-28T00:00:00,2026-08-28,PT0423955,LST0423955,AG02400,LOC0069,Condo,2,4.0,2000,1222,1923,743100.0,2024-04-14,Pending,,,32,755.0,2,No,No,2024-04-14,2026-08-28
UPDATE,2026-08-28T00:00:00,2026-08-28,PT0488038,LST0488038,AG01121,LOC0149,Multi-Family,5,4.0,5424,1817,1967,547000.0,2024-12-03,Active,,,117,0.0,2,No,No,2024-12-03,2026-08-28
UPDATE,2026-08-28T00:00:00,2026-08-28,PT0256954,LST0256954,AG02356,LOC0047,Multi-Family,4,3.5,3757,2584,2023,1084600.0,2025-09-21,Pending,,,96,0.0,1,Yes,Yes,2025-09-21,2026-08-28
UPDATE,2026-08-28T00:00:00,2026-08-28,PT0284898,LST0284898,AG02511,LOC0012,Single Family,6,4.5,2680,3854,1991,386100.0,2023-12-09,Pending,,,154,0.0,0,No,Yes,2023-12-09,2026-08-28
UPDATE,2026-08-28T00:00:00,2026-08-28,PT0487879,LST0487879,AG01185,LOC0110,Single Family,5,4.5,958,1002,1958,45600.0,2025-10-20,Sold,38502.16,2026-08-28,312,0.0,3,No,Yes,2025-10-20,2026-08-28
UPDATE,2026-08-28T00:00:00,2026-08-28,PT0241370,LST0241370,AG01298,LOC0243,Condo,6,4.0,1759,11294,2016,1400200.0,2024-08-04,Pending,,,4,480.0,3,No,No,2024-08-04,2026-08-28
UPDATE,2026-08-28T00:00:00,2026-08-28,PT0550548,LST0550548,AG01528,LOC0237,Single Family,2,2.5,3083,7147,2018,907400.0,2026-08-14,Active,,,0,0.0,0,No,No,2026-08-14,2026-08-28
UPDATE,2026-08-28T00:00:00,2026-08-28,PT0537942,LST0537942,AG02332,LOC0183,Townhouse,6,1.0,1946,5872,1997,293900.0,2026-08-02,Active,,,0,408.55,3,No,No,2026-08-02,2026-08-28
UPDATE,2026-08-28T00:00:00,2026-08-28,PT0283134,LST0283134,AG02504,LOC0150,Condo,1,1.5,600,9943,1921,217300.0,2024-10-07,Active,,,80,611.0,1,Yes,No,2024-10-07,2026-08-28
UPDATE,2026-08-28T00:00:00,2026-08-28,PT0526424,LST0526424,AG00746,LOC0027,Single Family,6,3.5,1946,2810,1991,321100.0,2026-07-23,Active,,,0,0.0,0,No,No,2026-07-23,2026-08-28
UPDATE,2026-08-28T00:00:00,2026-08-28,PT0531770,LST0531770,AG00284,LOC0047,Apartment,2,1.5,1033,0,2003,278500.0,2026-07-28,Pending,,,0,330.34,0,No,No,2026-07-28,2026-08-28
UPDATE,2026-08-28T00:00:00,2026-08-28,PT0321714,LST0321714,AG00508,LOC0042,Townhouse,5,1.0,911,5880,2015,299500.0,2025-11-15,Sold,288026.57,2026-08-28,286,589.0,2,No,No,2025-11-15,2026-08-28
UPDATE,2026-08-28T00:00:00,2026-08-28,PT0134599,LST0134599,AG01784,LOC0129,Land,0,0.0,1618,1901,2001,478800.0,2025-10-01,Active,,,110,0.0,0,No,No,2025-10-01,2026-08-28
UPDATE,2026-08-28T00:00:00,2026-08-28,PT0194658,LST0194658,AG01330,LOC0222,Single Family,5,4.0,2113,7431,1913,547000.0,2025-08-23,Sold,579100.84,2026-08-28,370,0.0,0,No,Yes,2025-08-23,2026-08-28
UPDATE,2026-08-28T00:00:00,2026-08-28,PT0377157,LST0377157,AG02969,LOC0028,Land,0,0.0,2578,3101,2010,259700.0,2023-05-21,Pending,,,44,0.0,0,No,No,2023-05-21,2026-08-28
UPDATE,2026-08-28T00:00:00,2026-08-28,PT0289456,LST0289456,AG02026,LOC0102,Multi-Family,3,3.0,4998,1849,2024,956900.0,2025-05-31,Active,,,9,0.0,0,No,Yes,2025-05-31,2026-08-28
UPDATE,2026-08-28T00:00:00,2026-08-28,PT0007394,LST0007394,AG00728,LOC0153,Single Family,4,3.0,1443,2486,2023,529000.0,2025-08-17,Active,,,151,0.0,0,No,No,2025-08-17,2026-08-28
UPDATE,2026-08-28T00:00:00,2026-08-28,PT0139376,LST0139376,AG02911,LOC0003,Single Family,5,1.5,2083,4014,1962,477400.0,2026-06-02,Sold,438954.28,2026-08-28,87,0.0,2,Yes,Yes,2026-06-02,2026-08-28
UPDATE,2026-08-28T00:00:00,2026-08-28,PT0238362,LST0238362,AG00938,LOC0166,Townhouse,4,1.5,1887,18054,1930,572400.0,2024-04-10,Pending,,,159,775.0,2,Yes,No,2024-04-10,2026-08-28
UPDATE,2026-08-28T00:00:00,2026-08-28,PT0366994,LST0366994,AG01399,LOC0024,Single Family,4,1.5,837,7780,1953,351200.0,2023-09-15,Pending,,,96,0.0,2,No,Yes,2023-09-15,2026-08-28
UPDATE,2026-08-28T00:00:00,2026-08-28,PT0025586,LST0025586,AG02672,LOC0197,Single Family,6,4.0,2418,7842,2013,1208900.0,2025-01-18,Active,,,91,0.0,3,Yes,No,2025-01-18,2026-08-28
UPDATE,2026-08-28T00:00:00,2026-08-28,PT0087033,LST0087033,AG00749,LOC0109,Single Family,3,1.5,1763,6199,2015,530000.0,2023-03-01,Active,,,149,0.0,1,No,Yes,2023-03-01,2026-08-28
UPDATE,2026-08-28T00:00:00,2026-08-28,PT0177530,LST0177530,AG01231,LOC0060,Multi-Family,5,2.0,4036,1918,1949,995400.0,2024-03-26,Active,,,130,0.0,3,No,Yes,2024-03-26,2026-08-28
UPDATE,2026-08-28T00:00:00,2026-08-28,PT0224075,LST0224075,AG00587,LOC0152,Townhouse,3,4.0,1886,1164,1943,752900.0,2025-02-22,Pending,,,12,275.0,0,No,No,2025-02-22,2026-08-28
UPDATE,2026-08-28T00:00:00,2026-08-28,PT0512270,LST0512270,AG02257,LOC0044,Condo,1,1.0,3563,3532,1947,926200.0,2026-07-11,Pending,,,0,764.49,1,No,No,2026-07-11,2026-08-28
UPDATE,2026-08-28T00:00:00,2026-08-28,PT0256951,LST0256951,AG02982,LOC0220,Townhouse,2,2.5,2115,7502,1932,992800.0,2023-01-02,Active,,,47,55.0,3,No,No,2023-01-02,2026-08-28
UPDATE,2026-08-28T00:00:00,2026-08-28,PT0534364,LST0534364,AG02950,LOC0096,Apartment,6,1.5,1978,0,1962,328500.0,2026-07-30,Pending,,,0,271.03,3,Yes,No,2026-07-30,2026-08-28
UPDATE,2026-08-28T00:00:00,2026-08-28,PT0089877,LST0089877,AG01197,LOC0139,Townhouse,1,1.0,2317,1841,1949,800400.0,2023-12-21,Pending,,,95,395.0,2,Yes,No,2023-12-21,2026-08-28
UPDATE,2026-08-28T00:00:00,2026-08-28,PT0296603,LST0296603,AG00230,LOC0129,Condo,4,3.5,1130,1759,2001,462600.0,2026-05-10,Pending,,,11,659.0,3,No,No,2026-05-10,2026-08-28
UPDATE,2026-08-28T00:00:00,2026-08-28,PT0163339,LST0163339,AG02840,LOC0144,Multi-Family,1,4.0,3421,4350,1987,984400.0,2023-04-26,Active,,,87,0.0,0,Yes,No,2023-04-26,2026-08-28
UPDATE,2026-08-28T00:00:00,2026-08-28,PT0233816,LST0233816,AG02886,LOC0150,Single Family,6,2.5,1958,5837,1957,675700.0,2026-02-06,Sold,636571.91,2026-08-28,203,0.0,0,No,No,2026-02-06,2026-08-28
UPDATE,2026-08-28T00:00:00,2026-08-28,PT0409353,LST0409353,AG01855,LOC0043,Condo,1,2.5,1899,1507,1908,259900.0,2024-01-21,Sold,251899.68,2026-08-28,950,237.0,1,No,No,2024-01-21,2026-08-28
UPDATE,2026-08-28T00:00:00,2026-08-28,PT0505533,LST0505533,AG01625,LOC0155,Single Family,1,2.0,1382,2436,2015,123400.0,2026-07-05,Pending,,,0,0.0,1,No,No,2026-07-05,2026-08-28
UPDATE,2026-08-28T00:00:00,2026-08-28,PT0053046,LST0053046,AG01243,LOC0107,Apartment,3,4.0,818,0,1922,261200.0,2024-11-26,Pending,,,169,351.0,1,No,No,2024-11-26,2026-08-28
UPDATE,2026-08-28T00:00:00,2026-08-28,PT0505773,LST0505773,AG02358,LOC0213,Single Family,5,2.0,3095,11750,2017,469700.0,2026-07-05,Sold,474135.32,2026-08-28,54,0.0,1,No,No,2026-07-05,2026-08-28
UPDATE,2026-08-28T00:00:00,2026-08-28,PT0478114,LST0478114,AG00046,LOC0230,Land,0,0.0,6742,5513,2017,2680600.0,2023-02-05,Sold,2948544.29,2026-08-28,1300,0.0,0,No,No,2023-02-05,2026-08-28
UPDATE,2026-08-28T00:00:00,2026-08-28,PT0410288,LST0410288,AG00516,LOC0026,Condo,2,2.0,1716,10574,1973,567100.0,2025-12-30,Active,,,102,395.0,3,No,No,2025-12-30,2026-08-28
UPDATE,2026-08-28T00:00:00,2026-08-28,PT0417035,LST0417035,AG01071,LOC0212,Single Family,5,2.0,2629,6112,1926,1199600.0,2025-12-26,Pending,,,138,0.0,1,No,Yes,2025-12-26,2026-08-28
UPDATE,2026-08-28T00:00:00,2026-08-28,PT0351300,LST0351300,AG00738,LOC0118,Condo,2,3.0,812,5292,1937,115700.0,2024-08-03,Pending,,,146,681.0,2,No,No,2024-08-03,2026-08-28
UPDATE,2026-08-28T00:00:00,2026-08-28,PT0273148,LST0273148,AG02796,LOC0189,Condo,6,2.0,1430,5376,2016,475300.0,2023-03-08,Pending,,,28,217.0,1,No,No,2023-03-08,2026-08-28
UPDATE,2026-08-28T00:00:00,2026-08-28,PT0221261,LST0221261,AG01137,LOC0088,Single Family,4,4.0,300,1806,1946,51000.0,2025-03-01,Active,,,143,0.0,1,No,No,2025-03-01,2026-08-28
UPDATE,2026-08-28T00:00:00,2026-08-28,PT0524095,LST0524095,AG01230,LOC0183,Multi-Family,1,4.0,3742,7581,1959,1406500.0,2026-07-21,Sold,1424854.66,2026-08-28,38,0.0,0,No,Yes,2026-07-21,2026-08-28
UPDATE,2026-08-28T00:00:00,2026-08-28,PT0356301,LST0356301,AG02954,LOC0184,Single Family,4,3.5,809,1558,1955,491600.0,2025-11-16,Pending,,,82,0.0,0,No,Yes,2025-11-16,2026-08-28
UPDATE,2026-08-28T00:00:00,2026-08-28,PT0415668,LST0415668,AG01055,LOC0027,Single Family,4,4.5,1814,4785,2004,456700.0,2024-02-28,Sold,473479.92,2026-08-28,912,0.0,2,No,No,2024-02-28,2026-08-28
UPDATE,2026-08-28T00:00:00,2026-08-28,PT0021748,LST0021748,AG01628,LOC0113,Single Family,3,2.5,2214,4428,1943,671800.0,2023-10-24,Sold,615831.33,2026-08-28,1039,0.0,0,Yes,No,2023-10-24,2026-08-28
UPDATE,2026-08-28T00:00:00,2026-08-28,PT0152948,LST0152948,AG00385,LOC0144,Single Family,1,1.5,3395,7685,2002,1052900.0,2025-11-07,Active,,,86,0.0,0,No,Yes,2025-11-07,2026-08-28
UPDATE,2026-08-28T00:00:00,2026-08-28,PT0138619,LST0138619,AG02642,LOC0006,Single Family,2,4.0,1530,3441,1990,117700.0,2024-08-21,Active,,,56,0.0,2,No,Yes,2024-08-21,2026-08-28
UPDATE,2026-08-28T00:00:00,2026-08-28,PT0502762,LST0502762,AG01493,LOC0116,Multi-Family,2,1.0,3402,10769,1949,1831800.0,2026-07-03,Active,,,0,0.0,1,Yes,No,2026-07-03,2026-08-28
UPDATE,2026-08-28T00:00:00,2026-08-28,PT0479574,LST0479574,AG02545,LOC0204,Condo,6,4.5,2111,14610,1940,917800.0,2023-09-09,Active,,,49,789.0,0,No,No,2023-09-09,2026-08-28
UPDATE,2026-08-28T00:00:00,2026-08-28,PT0201818,LST0201818,AG00237,LOC0034,Apartment,4,1.5,382,0,1993,104000.0,2023-10-25,Sold,98025.69,2026-08-28,1038,516.0,0,No,No,2023-10-25,2026-08-28
UPDATE,2026-08-28T00:00:00,2026-08-28,PT0211955,LST0211955,AG01118,LOC0070,Single Family,6,2.0,1572,3054,1954,181000.0,2024-05-18,Sold,180302.79,2026-08-28,832,0.0,3,No,No,2024-05-18,2026-08-28
UPDATE,2026-08-28T00:00:00,2026-08-28,PT0541971,LST0541971,AG02678,LOC0218,Condo,6,2.5,2238,6190,1949,561400.0,2026-08-06,Active,,,0,526.79,1,No,No,2026-08-06,2026-08-28
UPDATE,2026-08-28T00:00:00,2026-08-28,PT0148869,LST0148869,AG01089,LOC0132,Single Family,1,2.0,1556,2831,1909,557000.0,2025-10-22,Sold,571914.19,2026-08-28,310,0.0,2,No,No,2025-10-22,2026-08-28
UPDATE,2026-08-28T00:00:00,2026-08-28,PT0548194,LST0548194,AG02567,LOC0158,Multi-Family,3,1.0,4134,14439,1994,1672000.0,2026-08-12,Active,,,0,0.0,0,No,No,2026-08-12,2026-08-28
UPDATE,2026-08-28T00:00:00,2026-08-28,PT0550794,LST0550794,AG02608,LOC0111,Single Family,5,1.5,420,2413,2016,85700.0,2026-08-14,Active,,,0,0.0,1,No,Yes,2026-08-14,2026-08-28
UPDATE,2026-08-28T00:00:00,2026-08-28,PT0435714,LST0435714,AG01180,LOC0058,Townhouse,6,3.5,1659,8169,1950,578700.0,2025-04-13,Sold,504994.96,2026-08-28,502,323.0,0,No,No,2025-04-13,2026-08-28
UPDATE,2026-08-28T00:00:00,2026-08-28,PT0191756,LST0191756,AG00087,LOC0143,Condo,6,1.5,300,5569,2000,21400.0,2024-03-05,Active,,,57,639.0,3,No,No,2024-03-05,2026-08-28
UPDATE,2026-08-28T00:00:00,2026-08-28,PT0278785,LST0278785,AG01696,LOC0207,Condo,2,2.0,2379,12825,1948,171800.0,2023-12-11,Active,,,73,303.0,3,No,No,2023-12-11,2026-08-28
UPDATE,2026-08-28T00:00:00,2026-08-28,PT0091392,LST0091392,AG00544,LOC0177,Condo,4,4.5,1504,3449,1932,425000.0,2023-10-06,Active,,,162,703.0,0,No,No,2023-10-06,2026-08-28
UPDATE,2026-08-28T00:00:00,2026-08-28,PT0291843,LST0291843,AG02803,LOC0055,Condo,1,4.0,1694,3734,2013,151600.0,2023-06-21,Active,,,140,639.0,1,No,No,2023-06-21,2026-08-28
UPDATE,2026-08-28T00:00:00,2026-08-28,PT0223146,LST0223146,AG02725,LOC0084,Single Family,2,1.5,2545,2182,1937,816900.0,2026-04-26,Pending,,,121,0.0,3,No,No,2026-04-26,2026-08-28
UPDATE,2026-08-28T00:00:00,2026-08-28,PT0381472,LST0381472,AG01929,LOC0121,Single Family,2,3.0,2218,5112,2003,413800.0,2023-04-13,Pending,,,137,0.0,1,No,No,2023-04-13,2026-08-28
UPDATE,2026-08-28T00:00:00,2026-08-28,PT0091168,LST0091168,AG00598,LOC0054,Single Family,2,4.0,2006,3765,1953,636500.0,2023-01-31,Pending,,,9,0.0,2,No,No,2023-01-31,2026-08-28
UPDATE,2026-08-28T00:00:00,2026-08-28,PT0404806,LST0404806,AG01577,LOC0216,Condo,4,1.5,1934,4740,1941,383800.0,2023-04-03,Pending,,,70,483.0,1,No,No,2023-04-03,2026-08-28
UPDATE,2026-08-28T00:00:00,2026-08-28,PT0356127,LST0356127,AG02036,LOC0130,Single Family,5,4.0,2196,9805,1902,476100.0,2024-12-05,Sold,446530.01,2026-08-28,631,0.0,1,No,No,2024-12-05,2026-08-28
UPDATE,2026-08-28T00:00:00,2026-08-28,PT0364008,LST0364008,AG00003,LOC0013,Single Family,6,4.0,2867,2036,1972,505100.0,2023-07-03,Active,,,16,0.0,0,No,Yes,2023-07-03,2026-08-28
UPDATE,2026-08-28T00:00:00,2026-08-28,PT0317826,LST0317826,AG02760,LOC0225,Multi-Family,1,2.5,3400,3339,2012,696700.0,2025-09-23,Sold,669980.1,2026-08-28,339,0.0,1,No,Yes,2025-09-23,2026-08-28
UPDATE,2026-08-28T00:00:00,2026-08-28,PT0161736,LST0161736,AG01824,LOC0026,Apartment,2,4.0,1634,0,1912,543600.0,2024-03-19,Pending,,,8,592.0,0,Yes,No,2024-03-19,2026-08-28
UPDATE,2026-08-28T00:00:00,2026-08-28,PT0546549,LST0546549,AG00655,LOC0105,Townhouse,4,2.5,1512,4277,1932,273300.0,2026-08-10,Active,,,0,660.88,0,No,No,2026-08-10,2026-08-28
UPDATE,2026-08-28T00:00:00,2026-08-28,PT0505592,LST0505592,AG00606,LOC0149,Single Family,5,3.0,1500,5846,1934,189700.0,2026-07-05,Sold,184769.25,2026-08-28,54,0.0,3,No,No,2026-07-05,2026-08-28
UPDATE,2026-08-28T00:00:00,2026-08-28,PT0515128,LST0515128,AG02324,LOC0081,Multi-Family,1,2.0,3298,4836,1968,1309600.0,2026-07-13,Pending,,,0,0.0,2,No,Yes,2026-07-13,2026-08-28
UPDATE,2026-08-28T00:00:00,2026-08-28,PT0560935,LST0560935,AG02388,LOC0074,Single Family,3,4.5,1628,1287,1939,692500.0,2026-08-23,Active,,,0,0.0,0,No,No,2026-08-23,2026-08-28
UPDATE,2026-08-28T00:00:00,2026-08-28,PT0386786,LST0386786,AG01909,LOC0127,Apartment,4,2.5,1059,0,2013,381900.0,2026-05-29,Pending,,,68,698.0,1,No,No,2026-05-29,2026-08-28
UPDATE,2026-08-28T00:00:00,2026-08-28,PT0354322,LST0354322,AG01902,LOC0184,Multi-Family,4,4.0,7083,2651,2012,679600.0,2025-01-08,Active,,,36,0.0,2,No,No,2025-01-08,2026-08-28
UPDATE,2026-08-28T00:00:00,2026-08-28,PT0363627,LST0363627,AG00767,LOC0009,Condo,1,4.5,2242,10074,2012,554700.0,2025-02-07,Sold,512375.49,2026-08-28,567,218.0,0,No,No,2025-02-07,2026-08-28
UPDATE,2026-08-28T00:00:00,2026-08-28,PT0175289,LST0175289,AG00122,LOC0060,Single Family,3,2.0,1207,1614,1988,294600.0,2025-08-11,Pending,,,64,0.0,0,No,Yes,2025-08-11,2026-08-28
UPDATE,2026-08-28T00:00:00,2026-08-28,PT0256275,LST0256275,AG02962,LOC0227,Condo,5,4.5,2889,2708,1999,696000.0,2023-03-24,Sold,642113.92,2026-08-28,1253,195.0,0,No,No,2023-03-24,2026-08-28
UPDATE,2026-08-28T00:00:00,2026-08-28,PT0536080,LST0536080,AG02719,LOC0188,Single Family,1,4.0,1612,4793,2007,265700.0,2026-08-01,Pending,,,0,0.0,1,No,No,2026-08-01,2026-08-28
UPDATE,2026-08-28T00:00:00,2026-08-28,PT0499631,LST0499631,AG00605,LOC0013,Condo,3,1.0,1300,2112,1938,225200.0,2025-03-05,Pending,,,69,200.0,1,No,No,2025-03-05,2026-08-28
UPDATE,2026-08-28T00:00:00,2026-08-28,PT0404310,LST0404310,AG00828,LOC0117,Single Family,5,4.5,1450,3782,2008,628600.0,2023-06-20,Pending,,,119,0.0,0,Yes,Yes,2023-06-20,2026-08-28
UPDATE,2026-08-28T00:00:00,2026-08-28,PT0425108,LST0425108,AG00216,LOC0245,Single Family,3,4.0,1810,1725,1995,430900.0,2026-01-17,Pending,,,128,0.0,2,No,No,2026-01-17,2026-08-28
UPDATE,2026-08-28T00:00:00,2026-08-28,PT0495832,LST0495832,AG01737,LOC0019,Condo,6,1.5,3095,4484,1938,523100.0,2023-04-28,Active,,,72,106.0,3,No,No,2023-04-28,2026-08-28
UPDATE,2026-08-28T00:00:00,2026-08-28,PT0453098,LST0453098,AG02190,LOC0180,Single Family,3,1.5,1552,5730,1968,467100.0,2024-06-20,Pending,,,93,0.0,3,No,No,2024-06-20,2026-08-28
UPDATE,2026-08-28T00:00:00,2026-08-28,PT0089686,LST0089686,AG01612,LOC0180,Single Family,5,2.0,499,3447,1913,137800.0,2024-10-28,Active,,,10,0.0,0,No,Yes,2024-10-28,2026-08-28
UPDATE,2026-08-28T00:00:00,2026-08-28,PT0206498,LST0206498,AG01259,LOC0136,Condo,3,2.0,2603,4297,1993,743600.0,2026-06-13,Active,,,130,397.0,1,No,No,2026-06-13,2026-08-28
UPDATE,2026-08-28T00:00:00,2026-08-28,PT0209474,LST0209474,AG00576,LOC0149,Land,0,0.0,1811,3998,1908,295700.0,2025-05-09,Pending,,,7,0.0,0,No,No,2025-05-09,2026-08-28
UPDATE,2026-08-28T00:00:00,2026-08-28,PT0515237,LST0515237,AG02993,LOC0122,Condo,2,1.0,3348,3233,1968,903000.0,2026-07-13,Sold,865305.7,2026-08-28,46,497.36,3,No,No,2026-07-13,2026-08-28
UPDATE,2026-08-28T00:00:00,2026-08-28,PT0478043,LST0478043,AG02351,LOC0222,Apartment,5,4.5,792,0,1941,228600.0,2023-09-26,Pending,,,134,723.0,2,No,No,2023-09-26,2026-08-28
UPDATE,2026-08-28T00:00:00,2026-08-28,PT0528549,LST0528549,AG02070,LOC0180,Condo,5,3.5,2439,1247,1966,873200.0,2026-07-25,Sold,792707.46,2026-08-28,34,245.81,1,Yes,No,2026-07-25,2026-08-28
UPDATE,2026-08-28T00:00:00,2026-08-28,PT0092816,LST0092816,AG00682,LOC0096,Land,0,0.0,8092,5716,1974,4020300.0,2023-03-05,Sold,3668772.83,2026-08-28,1272,0.0,0,No,No,2023-03-05,2026-08-28
UPDATE,2026-08-28T00:00:00,2026-08-28,PT0406414,LST0406414,AG01367,LOC0002,Single Family,3,3.5,2496,1420,1957,440300.0,2025-02-13,Active,,,163,0.0,2,No,Yes,2025-02-13,2026-08-28
UPDATE,2026-08-28T00:00:00,2026-08-28,PT0013235,LST0013235,AG00328,LOC0027,Multi-Family,6,2.5,5359,7454,2008,1617000.0,2026-02-19,Active,,,85,0.0,3,No,No,2026-02-19,2026-08-28
UPDATE,2026-08-28T00:00:00,2026-08-28,PT0320486,LST0320486,AG01657,LOC0041,Apartment,1,4.0,1783,0,1988,672800.0,2025-10-31,Pending,,,59,427.0,1,No,No,2025-10-31,2026-08-28
UPDATE,2026-08-28T00:00:00,2026-08-28,PT0406541,LST0406541,AG01904,LOC0068,Townhouse,4,3.5,1547,1332,1986,453400.0,2023-06-21,Sold,456883.61,2026-08-28,1164,580.0,1,No,No,2023-06-21,2026-08-28
UPDATE,2026-08-28T00:00:00,2026-08-28,PT0510658,LST0510658,AG01701,LOC0183,Townhouse,3,3.0,1739,2013,1968,504200.0,2026-07-09,Sold,523043.79,2026-08-28,50,370.98,3,No,No,2026-07-09,2026-08-28
UPDATE,2026-08-28T00:00:00,2026-08-28,PT0231491,LST0231491,AG01158,LOC0226,Single Family,5,2.5,2072,3567,1968,559000.0,2024-12-13,Pending,,,44,0.0,3,No,No,2024-12-13,2026-08-28
UPDATE,2026-08-28T00:00:00,2026-08-28,PT0121244,LST0121244,AG02150,LOC0049,Townhouse,1,1.5,1759,1651,1986,531700.0,2023-09-15,Pending,,,158,687.0,1,No,No,2023-09-15,2026-08-28
UPDATE,2026-08-28T00:00:00,2026-08-28,PT0261076,LST0261076,AG00542,LOC0076,Single Family,5,3.0,1905,1255,1993,452700.0,2025-02-19,Pending,,,101,0.0,1,Yes,No,2025-02-19,2026-08-28
UPDATE,2026-08-28T00:00:00,2026-08-28,PT0471193,LST0471193,AG00404,LOC0007,Single Family,1,1.5,1581,3025,1915,574800.0,2024-01-16,Sold,548669.12,2026-08-28,955,0.0,1,No,No,2024-01-16,2026-08-28
UPDATE,2026-08-28T00:00:00,2026-08-28,PT0501335,LST0501335,AG02265,LOC0153,Single Family,3,1.0,1842,1768,2006,585200.0,2026-07-01,Pending,,,0,0.0,3,No,No,2026-07-01,2026-08-28
UPDATE,2026-08-28T00:00:00,2026-08-28,PT0451464,LST0451464,AG00519,LOC0248,Single Family,2,2.0,1770,2500,1983,310800.0,2026-02-12,Active,,,82,0.0,1,No,Yes,2026-02-12,2026-08-28
UPDATE,2026-08-28T00:00:00,2026-08-28,PT0398156,LST0398156,AG02728,LOC0099,Single Family,4,2.5,2172,1713,1970,175800.0,2024-02-17,Active,,,53,0.0,2,Yes,No,2024-02-17,2026-08-28
UPDATE,2026-08-28T00:00:00,2026-08-28,PT0518677,LST0518677,AG02861,LOC0017,Multi-Family,6,3.5,3233,2161,1910,922000.0,2026-07-16,Active,,,0,0.0,0,Yes,No,2026-07-16,2026-08-28
UPDATE,2026-08-28T00:00:00,2026-08-28,PT0527450,LST0527450,AG01608,LOC0247,Single Family,1,1.0,607,3404,1939,116500.0,2026-07-24,Active,,,0,0.0,2,No,Yes,2026-07-24,2026-08-28
UPDATE,2026-08-28T00:00:00,2026-08-28,PT0528429,LST0528429,AG01131,LOC0218,Condo,3,4.0,1308,4181,1935,510300.0,2026-07-25,Active,,,0,255.04,1,No,No,2026-07-25,2026-08-28
UPDATE,2026-08-28T00:00:00,2026-08-28,PT0303604,LST0303604,AG00182,LOC0069,Single Family,2,2.5,1713,4673,1949,361000.0,2025-02-25,Sold,342920.85,2026-08-28,549,0.0,3,No,No,2025-02-25,2026-08-28
UPDATE,2026-08-28T00:00:00,2026-08-28,PT0243041,LST0243041,AG00709,LOC0112,Apartment,5,3.0,1400,0,1936,241800.0,2023-11-17,Active,,,129,728.0,0,No,No,2023-11-17,2026-08-28
UPDATE,2026-08-28T00:00:00,2026-08-28,PT0209978,LST0209978,AG01144,LOC0069,Single Family,4,2.0,2039,2333,1953,606000.0,2023-11-16,Pending,,,179,0.0,0,No,Yes,2023-11-16,2026-08-28
UPDATE,2026-08-28T00:00:00,2026-08-28,PT0128018,LST0128018,AG01338,LOC0106,Condo,5,2.0,1846,4506,1974,686500.0,2025-05-18,Sold,652733.21,2026-08-28,467,398.0,3,No,No,2025-05-18,2026-08-28
UPDATE,2026-08-28T00:00:00,2026-08-28,PT0432522,LST0432522,AG02613,LOC0121,Single Family,2,4.5,3013,6876,1933,505700.0,2025-04-28,Pending,,,138,0.0,0,No,No,2025-04-28,2026-08-28
UPDATE,2026-08-28T00:00:00,2026-08-28,PT0513322,LST0513322,AG02895,LOC0088,Condo,5,1.5,987,2164,1956,152900.0,2026-07-12,Active,,,0,648.23,1,Yes,No,2026-07-12,2026-08-28
UPDATE,2026-08-28T00:00:00,2026-08-28,PT0047031,LST0047031,AG01217,LOC0067,Condo,1,3.0,300,2556,1994,67100.0,2025-09-07,Pending,,,76,648.0,0,No,No,2025-09-07,2026-08-28
UPDATE,2026-08-28T00:00:00,2026-08-28,PT0340487,LST0340487,AG01785,LOC0064,Single Family,3,1.0,1735,2425,1939,182200.0,2024-03-03,Pending,,,7,0.0,2,No,Yes,2024-03-03,2026-08-28
UPDATE,2026-08-28T00:00:00,2026-08-28,PT0548098,LST0548098,AG01504,LOC0121,Single Family,4,1.0,2300,5303,1992,387500.0,2026-08-11,Sold,354455.77,2026-08-28,17,0.0,2,No,No,2026-08-11,2026-08-28
UPDATE,2026-08-28T00:00:00,2026-08-28,PT0123977,LST0123977,AG00067,LOC0176,Single Family,6,3.5,1832,11154,1967,839800.0,2023-08-29,Pending,,,85,0.0,2,No,No,2023-08-29,2026-08-28
UPDATE,2026-08-28T00:00:00,2026-08-28,PT0023074,LST0023074,AG01958,LOC0244,Single Family,5,2.5,2060,5358,1944,300900.0,2026-03-22,Active,,,160,0.0,2,No,No,2026-03-22,2026-08-28
UPDATE,2026-08-28T00:00:00,2026-08-28,PT0067412,LST0067412,AG00866,LOC0155,Condo,1,3.0,1775,1809,1920,228100.0,2026-05-31,Pending,,,106,670.0,3,No,No,2026-05-31,2026-08-28
UPDATE,2026-08-28T00:00:00,2026-08-28,PT0196291,LST0196291,AG02153,LOC0209,Townhouse,4,4.0,2227,2903,2019,814300.0,2023-11-05,Pending,,,104,232.0,0,No,No,2023-11-05,2026-08-28
UPDATE,2026-08-28T00:00:00,2026-08-28,PT0104842,LST0104842,AG02883,LOC0018,Townhouse,4,1.5,2267,6696,2003,730500.0,2023-11-12,Pending,,,41,110.0,3,No,No,2023-11-12,2026-08-28
UPDATE,2026-08-28T00:00:00,2026-08-28,PT0495361,LST0495361,AG01892,LOC0209,Townhouse,3,2.0,1956,2490,1983,703400.0,2023-04-20,Pending,,,101,308.0,1,No,No,2023-04-20,2026-08-28
UPDATE,2026-08-28T00:00:00,2026-08-28,PT0505370,LST0505370,AG00004,LOC0174,Townhouse,1,2.0,1955,2581,1953,744400.0,2026-07-05,Active,,,0,249.9,2,No,No,2026-07-05,2026-08-28
UPDATE,2026-08-28T00:00:00,2026-08-28,PT0524637,LST0524637,AG01629,LOC0128,Single Family,4,1.0,1765,5541,1912,338900.0,2026-07-22,Active,,,0,0.0,3,Yes,No,2026-07-22,2026-08-28
UPDATE,2026-08-28T00:00:00,2026-08-28,PT0265545,LST0265545,AG01125,LOC0045,Apartment,4,1.0,851,0,1910,338800.0,2024-05-12,Sold,328049.13,2026-08-28,838,619.0,1,No,No,2024-05-12,2026-08-28
UPDATE,2026-08-28T00:00:00,2026-08-28,PT0180598,LST0180598,AG01431,LOC0055,Condo,2,2.0,1352,9938,1977,277700.0,2024-09-29,Pending,,,111,299.0,3,Yes,No,2024-09-29,2026-08-28
UPDATE,2026-08-28T00:00:00,2026-08-28,PT0542461,LST0542461,AG00572,LOC0152,Single Family,3,1.0,3241,6176,1931,1505500.0,2026-08-06,Active,,,0,0.0,3,Yes,No,2026-08-06,2026-08-28
UPDATE,2026-08-28T00:00:00,2026-08-28,PT0125374,LST0125374,AG02932,LOC0134,Single Family,2,4.0,2208,14953,2015,436400.0,2023-12-01,Active,,,12,0.0,3,No,No,2023-12-01,2026-08-28
UPDATE,2026-08-28T00:00:00,2026-08-28,PT0274991,LST0274991,AG01275,LOC0154,Single Family,6,2.0,2167,1114,2005,610800.0,2024-11-11,Pending,,,137,0.0,2,No,No,2024-11-11,2026-08-28
UPDATE,2026-08-28T00:00:00,2026-08-28,PT0010066,LST0010066,AG00748,LOC0199,Single Family,2,4.0,1594,4616,1928,466600.0,2024-09-27,Active,,,70,0.0,2,No,Yes,2024-09-27,2026-08-28
UPDATE,2026-08-28T00:00:00,2026-08-28,PT0532033,LST0532033,AG02862,LOC0029,Single Family,3,3.0,2713,3862,1959,908600.0,2026-07-28,Sold,854417.72,2026-08-28,31,0.0,3,Yes,No,2026-07-28,2026-08-28
UPDATE,2026-08-28T00:00:00,2026-08-28,PT0506200,LST0506200,AG00296,LOC0067,Condo,3,1.0,2018,7355,1940,466600.0,2026-07-06,Pending,,,0,792.89,0,Yes,No,2026-07-06,2026-08-28
UPDATE,2026-08-28T00:00:00,2026-08-28,PT0360415,LST0360415,AG02751,LOC0172,Apartment,1,1.0,943,0,1956,232800.0,2023-07-18,Pending,,,129,447.0,0,No,No,2023-07-18,2026-08-28
UPDATE,2026-08-28T00:00:00,2026-08-28,PT0560187,LST0560187,AG01669,LOC0023,Single Family,3,4.0,1752,3188,2006,364700.0,2026-08-22,Active,,,0,0.0,3,No,Yes,2026-08-22,2026-08-28
UPDATE,2026-08-28T00:00:00,2026-08-28,PT0239483,LST0239483,AG02638,LOC0112,Single Family,3,1.0,2271,2079,1961,306200.0,2026-06-08,Active,,,71,0.0,3,No,No,2026-06-08,2026-08-28
UPDATE,2026-08-28T00:00:00,2026-08-28,PT0567090,LST0567090,AG00250,LOC0181,Townhouse,5,3.0,442,1255,1939,87600.0,2026-08-28,Pending,,,0,321.43,2,No,No,2026-08-28,2026-08-28
UPDATE,2026-08-28T00:00:00,2026-08-28,PT0178471,LST0178471,AG02382,LOC0049,Townhouse,3,2.5,2390,9110,1980,812800.0,2024-03-22,Sold,799650.98,2026-08-28,889,622.0,1,No,No,2024-03-22,2026-08-28
UPDATE,2026-08-28T00:00:00,2026-08-28,PT0526416,LST0526416,AG01912,LOC0021,Condo,3,4.5,1716,4960,1977,197300.0,2026-07-23,Pending,,,0,94.78,3,No,No,2026-07-23,2026-08-28
UPDATE,2026-08-28T00:00:00,2026-08-28,PT0119236,LST0119236,AG00307,LOC0142,Apartment,3,1.0,1080,0,1902,469700.0,2023-06-26,Active,,,115,253.0,3,Yes,No,2023-06-26,2026-08-28
UPDATE,2026-08-28T00:00:00,2026-08-28,PT0051057,LST0051057,AG02345,LOC0223,Townhouse,2,3.5,1396,18325,2021,415700.0,2024-04-14,Active,,,8,636.0,3,No,No,2024-04-14,2026-08-28
UPDATE,2026-08-28T00:00:00,2026-08-28,PT0212701,LST0212701,AG01286,LOC0103,Land,0,0.0,3432,10341,1931,619300.0,2026-01-29,Active,,,136,0.0,0,No,No,2026-01-29,2026-08-28
UPDATE,2026-08-28T00:00:00,2026-08-28,PT0020012,LST0020012,AG01319,LOC0098,Townhouse,6,1.5,1944,9599,1943,440600.0,2023-04-24,Sold,403335.59,2026-08-28,1222,100.0,3,No,No,2023-04-24,2026-08-28
UPDATE,2026-08-28T00:00:00,2026-08-28,PT0307762,LST0307762,AG01244,LOC0174,Single Family,5,2.0,2154,1299,2004,1018300.0,2025-02-16,Pending,,,164,0.0,1,No,No,2025-02-16,2026-08-28
UPDATE,2026-08-28T00:00:00,2026-08-28,PT0562461,LST0562461,AG01386,LOC0092,Single Family,1,3.5,3184,19276,1945,505100.0,2026-08-24,Active,,,0,0.0,0,No,No,2026-08-24,2026-08-28
UPDATE,2026-08-28T00:00:00,2026-08-28,PT0351226,LST0351226,AG01740,LOC0106,Single Family,4,3.0,2361,2181,1963,447500.0,2024-10-06,Sold,408238.1,2026-08-28,691,0.0,3,No,Yes,2024-10-06,2026-08-28
UPDATE,2026-08-28T00:00:00,2026-08-28,PT0373514,LST0373514,AG01178,LOC0120,Single Family,2,2.5,1580,8223,1933,767700.0,2025-12-29,Sold,689397.58,2026-08-28,242,0.0,3,Yes,Yes,2025-12-29,2026-08-28
UPDATE,2026-08-28T00:00:00,2026-08-28,PT0254781,LST0254781,AG00884,LOC0201,Condo,2,3.5,2371,6845,2020,417100.0,2024-05-02,Pending,,,170,53.0,0,Yes,No,2024-05-02,2026-08-28
UPDATE,2026-08-28T00:00:00,2026-08-28,PT0513957,LST0513957,AG01856,LOC0203,Single Family,5,3.0,1191,3571,1921,124600.0,2026-07-12,Active,,,0,0.0,0,No,No,2026-07-12,2026-08-28
UPDATE,2026-08-28T00:00:00,2026-08-28,PT0559191,LST0559191,AG00583,LOC0016,Townhouse,4,2.0,1547,1863,1974,219700.0,2026-08-21,Active,,,0,574.3,3,No,No,2026-08-21,2026-08-28
UPDATE,2026-08-28T00:00:00,2026-08-28,PT0511701,LST0511701,AG02881,LOC0198,Townhouse,3,3.5,1130,3898,1974,110000.0,2026-07-10,Active,,,0,419.4,1,No,No,2026-07-10,2026-08-28
UPDATE,2026-08-28T00:00:00,2026-08-28,PT0395282,LST0395282,AG02208,LOC0030,Apartment,2,1.0,963,0,1985,334100.0,2023-09-15,Sold,330702.63,2026-08-28,1078,642.0,2,Yes,No,2023-09-15,2026-08-28
UPDATE,2026-08-28T00:00:00,2026-08-28,PT0014810,LST0014810,AG01447,LOC0178,Single Family,6,3.5,2214,7420,2001,240700.0,2026-02-22,Sold,251312.32,2026-08-28,187,0.0,2,Yes,No,2026-02-22,2026-08-28
UPDATE,2026-08-28T00:00:00,2026-08-28,PT0544957,LST0544957,AG01009,LOC0014,Condo,2,3.5,2342,4251,1974,536900.0,2026-08-08,Active,,,0,576.59,1,No,No,2026-08-08,2026-08-28
UPDATE,2026-08-28T00:00:00,2026-08-28,PT0064090,LST0064090,AG00224,LOC0217,Land,0,0.0,8317,6060,1913,1366500.0,2023-01-22,Pending,,,74,0.0,0,No,No,2023-01-22,2026-08-28
UPDATE,2026-08-28T00:00:00,2026-08-28,PT0432846,LST0432846,AG01599,LOC0089,Apartment,1,1.0,664,0,1995,290100.0,2024-06-26,Pending,,,67,688.0,0,No,No,2024-06-26,2026-08-28
UPDATE,2026-08-28T00:00:00,2026-08-28,PT0407125,LST0407125,AG00397,LOC0025,Multi-Family,2,1.5,563,4552,1994,148400.0,2024-02-21,Active,,,157,0.0,1,No,Yes,2024-02-21,2026-08-28
UPDATE,2026-08-28T00:00:00,2026-08-28,PT0480643,LST0480643,AG02658,LOC0167,Multi-Family,1,3.5,6366,1983,2006,3726300.0,2023-08-26,Pending,,,32,0.0,2,No,No,2023-08-26,2026-08-28
UPDATE,2026-08-28T00:00:00,2026-08-28,PT0383443,LST0383443,AG00416,LOC0025,Single Family,4,3.0,1949,8384,1943,183800.0,2024-07-07,Active,,,160,0.0,2,No,No,2024-07-07,2026-08-28
UPDATE,2026-08-28T00:00:00,2026-08-28,PT0086757,LST0086757,AG02921,LOC0147,Condo,3,4.5,2739,2429,2021,442500.0,2023-12-29,Pending,,,121,176.0,1,No,No,2023-12-29,2026-08-28
UPDATE,2026-08-28T00:00:00,2026-08-28,PT0297288,LST0297288,AG01191,LOC0030,Townhouse,3,2.0,1872,8396,1945,1149300.0,2024-05-03,Active,,,73,588.0,1,No,No,2024-05-03,2026-08-28
UPDATE,2026-08-28T00:00:00,2026-08-28,PT0509693,LST0509693,AG00597,LOC0163,Condo,4,3.0,1480,8004,1977,225200.0,2026-07-08,Pending,,,0,194.33,2,No,No,2026-07-08,2026-08-28
UPDATE,2026-08-28T00:00:00,2026-08-28,PT0160476,LST0160476,AG00247,LOC0131,Condo,2,3.5,2097,4189,1906,542000.0,2023-10-21,Pending,,,116,756.0,3,Yes,No,2023-10-21,2026-08-28
UPDATE,2026-08-28T00:00:00,2026-08-28,PT0196972,LST0196972,AG01218,LOC0221,Single Family,4,2.5,939,6803,2017,412800.0,2023-06-20,Sold,381499.94,2026-08-28,1165,0.0,0,No,Yes,2023-06-20,2026-08-28
UPDATE,2026-08-28T00:00:00,2026-08-28,PT0185678,LST0185678,AG02780,LOC0153,Apartment,1,3.0,1383,0,1929,681200.0,2023-12-11,Pending,,,7,608.0,1,No,No,2023-12-11,2026-08-28
UPDATE,2026-08-28T00:00:00,2026-08-28,PT0476784,LST0476784,AG01821,LOC0100,Land,0,0.0,3598,5326,1922,674200.0,2023-06-02,Sold,577600.29,2026-08-28,1183,0.0,0,No,No,2023-06-02,2026-08-28
UPDATE,2026-08-28T00:00:00,2026-08-28,PT0503939,LST0503939,AG00176,LOC0165,Land,0,0.0,7994,6700,1921,1922200.0,2026-07-04,Pending,,,0,0.0,0,No,No,2026-07-04,2026-08-28
UPDATE,2026-08-28T00:00:00,2026-08-28,PT0500535,LST0500535,AG01804,LOC0057,Land,0,0.0,5047,2701,1913,2385700.0,2026-07-01,Sold,2264990.66,2026-08-28,58,0.0,0,No,No,2026-07-01,2026-08-28
UPDATE,2026-08-28T00:00:00,2026-08-28,PT0015142,LST0015142,AG01526,LOC0124,Single Family,3,4.5,557,5818,1997,97500.0,2023-12-24,Pending,,,92,0.0,3,Yes,No,2023-12-24,2026-08-28
UPDATE,2026-08-28T00:00:00,2026-08-28,PT0237147,LST0237147,AG02473,LOC0204,Apartment,2,2.0,868,0,2007,665900.0,2023-08-23,Pending,,,151,793.0,3,No,No,2023-08-23,2026-08-28
UPDATE,2026-08-28T00:00:00,2026-08-28,PT0472702,LST0472702,AG01882,LOC0151,Townhouse,2,1.5,1752,1538,1904,466500.0,2025-08-25,Pending,,,119,249.0,3,No,No,2025-08-25,2026-08-28
UPDATE,2026-08-28T00:00:00,2026-08-28,PT0179266,LST0179266,AG01455,LOC0027,Single Family,3,2.0,3581,4965,1987,685300.0,2023-04-12,Sold,692518.35,2026-08-28,1234,0.0,1,No,No,2023-04-12,2026-08-28
UPDATE,2026-08-28T00:00:00,2026-08-28,PT0543932,LST0543932,AG01559,LOC0086,Single Family,4,3.0,1755,4308,2002,359900.0,2026-08-08,Active,,,0,0.0,2,No,Yes,2026-08-08,2026-08-28
UPDATE,2026-08-28T00:00:00,2026-08-28,PT0225171,LST0225171,AG02188,LOC0108,Condo,6,1.5,1253,20263,1986,234400.0,2025-02-07,Pending,,,56,160.0,3,No,No,2025-02-07,2026-08-28
UPDATE,2026-08-28T00:00:00,2026-08-28,PT0357854,LST0357854,AG02338,LOC0181,Single Family,1,4.0,460,8540,1976,83000.0,2023-09-20,Sold,80997.92,2026-08-28,1073,0.0,1,No,Yes,2023-09-20,2026-08-28
UPDATE,2026-08-28T00:00:00,2026-08-28,PT0523938,LST0523938,AG00079,LOC0107,Single Family,2,4.5,2139,7107,1939,332100.0,2026-07-21,Pending,,,0,0.0,2,Yes,Yes,2026-07-21,2026-08-28
UPDATE,2026-08-28T00:00:00,2026-08-28,PT0219885,LST0219885,AG00895,LOC0111,Townhouse,3,3.5,1706,6270,1992,295600.0,2024-05-01,Active,,,131,679.0,0,No,No,2024-05-01,2026-08-28
UPDATE,2026-08-28T00:00:00,2026-08-28,PT0126472,LST0126472,AG00853,LOC0199,Single Family,4,3.5,1869,11065,1907,779100.0,2024-07-30,Pending,,,101,0.0,0,No,Yes,2024-07-30,2026-08-28
UPDATE,2026-08-28T00:00:00,2026-08-28,PT0009736,LST0009736,AG01965,LOC0171,Single Family,6,1.0,1012,10739,1951,405800.0,2023-05-16,Pending,,,21,0.0,0,No,No,2023-05-16,2026-08-28
UPDATE,2026-08-28T00:00:00,2026-08-28,PT0559623,LST0559623,AG00487,LOC0053,Townhouse,4,3.5,1685,1616,2001,860900.0,2026-08-22,Sold,814491.36,2026-08-28,6,180.04,1,No,No,2026-08-22,2026-08-28
UPDATE,2026-08-28T00:00:00,2026-08-28,PT0128422,LST0128422,AG01332,LOC0091,Townhouse,6,4.5,451,13553,1948,166100.0,2025-10-04,Pending,,,123,519.0,0,No,No,2025-10-04,2026-08-28
UPDATE,2026-08-28T00:00:00,2026-08-28,PT0501921,LST0501921,AG02106,LOC0002,Single Family,5,4.0,1406,3004,1949,161000.0,2026-07-02,Active,,,0,0.0,1,Yes,No,2026-07-02,2026-08-28
UPDATE,2026-08-28T00:00:00,2026-08-28,PT0322321,LST0322321,AG02778,LOC0015,Single Family,1,1.5,2050,1823,2025,633100.0,2023-01-27,Active,,,84,0.0,2,No,No,2023-01-27,2026-08-28
UPDATE,2026-08-28T00:00:00,2026-08-28,PT0279223,LST0279223,AG00812,LOC0180,Townhouse,4,1.5,716,2327,2011,284500.0,2023-06-27,Pending,,,118,648.0,3,Yes,No,2023-06-27,2026-08-28
UPDATE,2026-08-28T00:00:00,2026-08-28,PT0172946,LST0172946,AG01671,LOC0122,Multi-Family,5,4.5,4218,3222,1925,1553800.0,2024-09-17,Active,,,114,0.0,3,No,No,2024-09-17,2026-08-28
UPDATE,2026-08-28T00:00:00,2026-08-28,PT0202066,LST0202066,AG00668,LOC0224,Townhouse,5,2.0,2082,1925,1991,737400.0,2024-01-17,Active,,,98,723.0,0,No,No,2024-01-17,2026-08-28
UPDATE,2026-08-28T00:00:00,2026-08-28,PT0265123,LST0265123,AG02666,LOC0138,Single Family,4,2.0,2949,3283,1902,531200.0,2024-04-20,Pending,,,59,0.0,0,No,Yes,2024-04-20,2026-08-28
UPDATE,2026-08-28T00:00:00,2026-08-28,PT0520547,LST0520547,AG02884,LOC0122,Multi-Family,4,1.0,3622,1247,1974,1507900.0,2026-07-18,Active,,,0,0.0,1,No,No,2026-07-18,2026-08-28
UPDATE,2026-08-28T00:00:00,2026-08-28,PT0383719,LST0383719,AG01918,LOC0081,Condo,4,2.0,1199,7561,1930,388000.0,2026-01-27,Pending,,,136,494.0,2,No,No,2026-01-27,2026-08-28
UPDATE,2026-08-28T00:00:00,2026-08-28,PT0048308,LST0048308,AG01091,LOC0041,Townhouse,2,1.0,2130,8898,1990,412500.0,2026-05-26,Pending,,,0,568.0,1,No,No,2026-05-26,2026-08-28
UPDATE,2026-08-28T00:00:00,2026-08-28,PT0559675,LST0559675,AG02441,LOC0228,Single Family,3,3.5,2433,1802,1963,1116900.0,2026-08-22,Sold,1009212.03,2026-08-28,6,0.0,2,No,No,2026-08-22,2026-08-28
UPDATE,2026-08-28T00:00:00,2026-08-28,PT0522062,LST0522062,AG02086,LOC0171,Single Family,4,2.5,1187,2355,1969,502300.0,2026-07-19,Pending,,,0,0.0,1,No,Yes,2026-07-19,2026-08-28
UPDATE,2026-08-28T00:00:00,2026-08-28,PT0420781,LST0420781,AG00809,LOC0013,Single Family,6,4.5,1545,4512,1941,108500.0,2024-11-25,Active,,,154,0.0,2,Yes,Yes,2024-11-25,2026-08-28
UPDATE,2026-08-28T00:00:00,2026-08-28,PT0080119,LST0080119,AG01643,LOC0077,Single Family,1,2.0,1197,1525,1987,261800.0,2023-10-10,Active,,,40,0.0,3,No,No,2023-10-10,2026-08-28
UPDATE,2026-08-28T00:00:00,2026-08-28,PT0284189,LST0284189,AG00628,LOC0003,Single Family,1,4.5,1591,3297,2016,291100.0,2024-04-04,Pending,,,44,0.0,2,Yes,No,2024-04-04,2026-08-28
UPDATE,2026-08-28T00:00:00,2026-08-28,PT0257317,LST0257317,AG01094,LOC0078,Condo,3,3.5,1310,4350,1933,528000.0,2025-07-05,Active,,,157,702.0,0,Yes,No,2025-07-05,2026-08-28
UPDATE,2026-08-28T00:00:00,2026-08-28,PT0038961,LST0038961,AG01951,LOC0032,Townhouse,3,2.0,969,13338,1954,115100.0,2025-02-17,Pending,,,15,651.0,1,Yes,No,2025-02-17,2026-08-28
UPDATE,2026-08-28T00:00:00,2026-08-28,PT0224654,LST0224654,AG00351,LOC0198,Single Family,1,4.0,2559,14628,2008,374600.0,2023-02-02,Sold,379826.37,2026-08-28,1303,0.0,1,No,No,2023-02-02,2026-08-28
UPDATE,2026-08-28T00:00:00,2026-08-28,PT0501433,LST0501433,AG02241,LOC0036,Townhouse,3,3.5,2090,1986,2015,862500.0,2026-07-01,Active,,,0,94.19,3,No,No,2026-07-01,2026-08-28
UPDATE,2026-08-28T00:00:00,2026-08-28,PT0061549,LST0061549,AG01224,LOC0172,Single Family,2,3.5,2403,22528,1964,479500.0,2024-10-21,Active,,,82,0.0,3,No,Yes,2024-10-21,2026-08-28
UPDATE,2026-08-28T00:00:00,2026-08-28,PT0062245,LST0062245,AG00597,LOC0030,Single Family,6,4.5,1708,1192,1995,741300.0,2025-07-12,Sold,708724.97,2026-08-28,412,0.0,2,No,No,2025-07-12,2026-08-28
UPDATE,2026-08-28T00:00:00,2026-08-28,PT0543678,LST0543678,AG02551,LOC0079,Single Family,6,4.5,1838,2708,2017,588200.0,2026-08-07,Pending,,,0,0.0,2,No,No,2026-08-07,2026-08-28
UPDATE,2026-08-28T00:00:00,2026-08-28,PT0406214,LST0406214,AG02724,LOC0075,Townhouse,6,3.5,581,3950,1997,178100.0,2026-02-23,Sold,177830.81,2026-08-28,186,420.0,1,No,No,2026-02-23,2026-08-28
UPDATE,2026-08-28T00:00:00,2026-08-28,PT0467574,LST0467574,AG02874,LOC0064,Single Family,3,2.0,2023,3014,2018,534500.0,2025-11-22,Pending,,,179,0.0,2,No,No,2025-11-22,2026-08-28
UPDATE,2026-08-28T00:00:00,2026-08-28,PT0500582,LST0500582,AG01145,LOC0040,Apartment,5,4.0,993,0,1903,489400.0,2026-07-01,Active,,,0,566.53,1,No,No,2026-07-01,2026-08-28
UPDATE,2026-08-28T00:00:00,2026-08-28,PT0524862,LST0524862,AG00703,LOC0045,Condo,2,3.5,1063,5090,2000,309500.0,2026-07-22,Sold,312647.03,2026-08-28,37,748.65,3,Yes,No,2026-07-22,2026-08-28
UPDATE,2026-08-28T00:00:00,2026-08-28,PT0160641,LST0160641,AG02588,LOC0205,Multi-Family,1,1.0,2419,2442,2006,543400.0,2024-10-14,Pending,,,133,0.0,3,No,No,2024-10-14,2026-08-28
UPDATE,2026-08-28T00:00:00,2026-08-28,PT0460475,LST0460475,AG02867,LOC0012,Condo,2,3.0,2038,1613,1962,1544700.0,2025-06-05,Active,,,136,117.0,3,No,No,2025-06-05,2026-08-28
UPDATE,2026-08-28T00:00:00,2026-08-28,PT0489881,LST0489881,AG00038,LOC0038,Single Family,4,2.5,2100,2107,1971,627500.0,2023-01-25,Pending,,,129,0.0,0,No,Yes,2023-01-25,2026-08-28
UPDATE,2026-08-28T00:00:00,2026-08-28,PT0532797,LST0532797,AG02389,LOC0113,Condo,5,2.5,2635,8859,2019,788300.0,2026-07-29,Active,,,0,492.53,2,No,No,2026-07-29,2026-08-28
UPDATE,2026-08-28T00:00:00,2026-08-28,PT0219497,LST0219497,AG01170,LOC0198,Single Family,1,4.5,1885,1407,2004,311700.0,2024-11-06,Sold,295999.39,2026-08-28,660,0.0,0,No,Yes,2024-11-06,2026-08-28
UPDATE,2026-08-28T00:00:00,2026-08-28,PT0282513,LST0282513,AG00591,LOC0217,Single Family,5,3.5,1298,2067,1947,239000.0,2024-03-25,Active,,,15,0.0,1,No,Yes,2024-03-25,2026-08-28
UPDATE,2026-08-28T00:00:00,2026-08-28,PT0448798,LST0448798,AG02310,LOC0128,Single Family,2,3.5,956,3233,2021,238600.0,2025-11-22,Pending,,,14,0.0,1,No,No,2025-11-22,2026-08-28
UPDATE,2026-08-28T00:00:00,2026-08-28,PT0088113,LST0088113,AG02057,LOC0210,Condo,1,4.5,1340,1148,2001,751000.0,2025-02-20,Active,,,145,208.0,0,Yes,No,2025-02-20,2026-08-28
UPDATE,2026-08-28T00:00:00,2026-08-28,PT0503047,LST0503047,AG02964,LOC0148,Apartment,1,1.5,1053,0,1938,296200.0,2026-07-03,Active,,,0,290.24,0,Yes,No,2026-07-03,2026-08-28
UPDATE,2026-08-28T00:00:00,2026-08-28,PT0009775,LST0009775,AG00857,LOC0074,Condo,2,1.5,1027,8670,1972,376400.0,2024-12-07,Active,,,5,329.0,1,No,No,2024-12-07,2026-08-28
UPDATE,2026-08-28T00:00:00,2026-08-28,PT0335059,LST0335059,AG00492,LOC0008,Multi-Family,1,1.0,3310,2066,1930,664100.0,2023-04-20,Pending,,,135,0.0,0,Yes,No,2023-04-20,2026-08-28
UPDATE,2026-08-28T00:00:00,2026-08-28,PT0290299,LST0290299,AG00428,LOC0007,Single Family,1,4.0,1932,4678,1968,769800.0,2023-08-14,Pending,,,15,0.0,1,No,Yes,2023-08-14,2026-08-28
UPDATE,2026-08-28T00:00:00,2026-08-28,PT0310953,LST0310953,AG00176,LOC0032,Single Family,3,1.0,1443,1681,1964,313000.0,2023-08-30,Active,,,170,0.0,2,No,No,2023-08-30,2026-08-28
UPDATE,2026-08-28T00:00:00,2026-08-28,PT0328663,LST0328663,AG01329,LOC0121,Single Family,5,3.0,1950,5170,1907,321300.0,2024-02-27,Pending,,,99,0.0,1,No,Yes,2024-02-27,2026-08-28
UPDATE,2026-08-28T00:00:00,2026-08-28,PT0031270,LST0031270,AG01072,LOC0237,Townhouse,4,4.5,3132,8075,1905,741000.0,2026-06-03,Sold,745244.38,2026-08-28,86,790.0,0,No,No,2026-06-03,2026-08-28
UPDATE,2026-08-28T00:00:00,2026-08-28,PT0294193,LST0294193,AG02400,LOC0121,Condo,4,3.5,2003,2371,2004,363400.0,2023-12-27,Active,,,126,635.0,2,No,No,2023-12-27,2026-08-28
UPDATE,2026-08-28T00:00:00,2026-08-28,PT0373595,LST0373595,AG01675,LOC0190,Condo,3,4.5,2387,1026,1902,289900.0,2025-07-26,Active,,,23,781.0,1,No,No,2025-07-26,2026-08-28
UPDATE,2026-08-28T00:00:00,2026-08-28,PT0523697,LST0523697,AG01876,LOC0188,Condo,3,2.0,300,8701,1906,97400.0,2026-07-21,Active,,,0,122.91,3,No,No,2026-07-21,2026-08-28
UPDATE,2026-08-28T00:00:00,2026-08-28,PT0525938,LST0525938,AG02588,LOC0120,Single Family,6,4.5,2671,4678,1969,1076500.0,2026-07-23,Active,,,0,0.0,0,No,Yes,2026-07-23,2026-08-28
UPDATE,2026-08-28T00:00:00,2026-08-28,PT0555753,LST0555753,AG00022,LOC0024,Single Family,6,3.5,3016,3458,1938,806900.0,2026-08-19,Active,,,0,0.0,3,No,No,2026-08-19,2026-08-28
UPDATE,2026-08-28T00:00:00,2026-08-28,PT0296267,LST0296267,AG00101,LOC0221,Single Family,4,4.0,2252,1932,1934,644500.0,2023-03-08,Sold,619234.55,2026-08-28,1269,0.0,2,Yes,No,2023-03-08,2026-08-28
UPDATE,2026-08-28T00:00:00,2026-08-28,PT0355138,LST0355138,AG00526,LOC0208,Townhouse,4,4.5,2213,2395,1909,892700.0,2025-02-09,Active,,,99,729.0,0,No,No,2025-02-09,2026-08-28
UPDATE,2026-08-28T00:00:00,2026-08-28,PT0370693,LST0370693,AG02459,LOC0129,Multi-Family,1,4.0,1865,5253,1948,727100.0,2023-04-20,Active,,,165,0.0,1,Yes,No,2023-04-20,2026-08-28
UPDATE,2026-08-28T00:00:00,2026-08-28,PT0179082,LST0179082,AG02754,LOC0110,Single Family,2,4.0,1227,4457,1930,312000.0,2024-07-08,Sold,320068.47,2026-08-28,781,0.0,1,No,No,2024-07-08,2026-08-28
UPDATE,2026-08-28T00:00:00,2026-08-28,PT0207910,LST0207910,AG00386,LOC0224,Single Family,2,1.0,1330,1085,1976,320200.0,2024-02-04,Active,,,104,0.0,1,No,No,2024-02-04,2026-08-28
UPDATE,2026-08-28T00:00:00,2026-08-28,PT0172309,LST0172309,AG01606,LOC0126,Single Family,4,2.5,1436,3443,1902,608100.0,2026-04-05,Pending,,,26,0.0,2,No,No,2026-04-05,2026-08-28
UPDATE,2026-08-28T00:00:00,2026-08-28,PT0561239,LST0561239,AG00062,LOC0178,Single Family,4,1.0,872,2570,1904,131300.0,2026-08-23,Active,,,0,0.0,3,No,Yes,2026-08-23,2026-08-28
UPDATE,2026-08-28T00:00:00,2026-08-28,PT0161008,LST0161008,AG00498,LOC0236,Townhouse,4,1.0,1705,3766,1952,184500.0,2025-09-29,Active,,,45,464.0,1,No,No,2025-09-29,2026-08-28
UPDATE,2026-08-28T00:00:00,2026-08-28,PT0080682,LST0080682,AG01819,LOC0201,Single Family,1,2.0,1500,6306,1959,423200.0,2023-12-04,Active,,,16,0.0,0,Yes,Yes,2023-12-04,2026-08-28
UPDATE,2026-08-28T00:00:00,2026-08-28,PT0504986,LST0504986,AG02695,LOC0131,Single Family,4,4.0,2321,5255,1927,375700.0,2026-07-05,Active,,,0,0.0,2,No,Yes,2026-07-05,2026-08-28
UPDATE,2026-08-28T00:00:00,2026-08-28,PT0299445,LST0299445,AG02832,LOC0232,Condo,3,1.5,1147,1130,1923,158100.0,2024-08-17,Pending,,,52,668.0,3,No,No,2024-08-17,2026-08-28
UPDATE,2026-08-28T00:00:00,2026-08-28,PT0430485,LST0430485,AG00366,LOC0102,Multi-Family,5,2.5,3484,2502,1901,870200.0,2025-02-23,Sold,842122.08,2026-08-28,551,0.0,0,No,Yes,2025-02-23,2026-08-28
UPDATE,2026-08-28T00:00:00,2026-08-28,PT0546919,LST0546919,AG01381,LOC0114,Single Family,6,2.0,1310,12262,1992,230100.0,2026-08-10,Active,,,0,0.0,1,No,No,2026-08-10,2026-08-28
UPDATE,2026-08-28T00:00:00,2026-08-28,PT0539217,LST0539217,AG00999,LOC0011,Condo,4,2.0,2330,9528,2024,623900.0,2026-08-03,Active,,,0,413.3,3,No,No,2026-08-03,2026-08-28
UPDATE,2026-08-28T00:00:00,2026-08-28,PT0544876,LST0544876,AG01836,LOC0219,Single Family,2,3.0,1757,1184,1903,583300.0,2026-08-08,Active,,,0,0.0,1,No,No,2026-08-08,2026-08-28
UPDATE,2026-08-28T00:00:00,2026-08-28,PT0392962,LST0392962,AG01024,LOC0086,Single Family,5,4.5,1567,13957,1944,138000.0,2024-11-20,Active,,,13,0.0,2,No,No,2024-11-20,2026-08-28
UPDATE,2026-08-28T00:00:00,2026-08-28,PT0145589,LST0145589,AG02240,LOC0047,Single Family,1,1.5,889,11254,1953,419000.0,2025-12-07,Active,,,43,0.0,1,No,No,2025-12-07,2026-08-28
UPDATE,2026-08-28T00:00:00,2026-08-28,PT0523077,LST0523077,AG00660,LOC0129,Condo,1,2.5,2177,1260,2016,752200.0,2026-07-21,Pending,,,0,658.78,1,No,No,2026-07-21,2026-08-28
UPDATE,2026-08-28T00:00:00,2026-08-28,PT0458291,LST0458291,AG02042,LOC0017,Single Family,5,1.0,2298,1824,2015,1131700.0,2025-02-21,Active,,,49,0.0,2,Yes,No,2025-02-21,2026-08-28
UPDATE,2026-08-28T00:00:00,2026-08-28,PT0240257,LST0240257,AG00750,LOC0167,Single Family,1,1.0,1481,2846,1963,840800.0,2024-03-09,Active,,,161,0.0,3,No,No,2024-03-09,2026-08-28
UPDATE,2026-08-28T00:00:00,2026-08-28,PT0017428,LST0017428,AG01381,LOC0220,Single Family,6,4.5,300,1631,1988,39900.0,2024-02-10,Active,,,62,0.0,3,Yes,No,2024-02-10,2026-08-28
UPDATE,2026-08-28T00:00:00,2026-08-28,PT0009861,LST0009861,AG00753,LOC0034,Townhouse,1,1.5,2675,5124,1971,1800400.0,2023-12-19,Active,,,160,664.0,3,No,No,2023-12-19,2026-08-28
UPDATE,2026-08-28T00:00:00,2026-08-28,PT0020293,LST0020293,AG00187,LOC0047,Townhouse,5,4.0,2196,4388,1971,783500.0,2023-10-10,Sold,833521.92,2026-08-28,1053,326.0,2,No,No,2023-10-10,2026-08-28
UPDATE,2026-08-28T00:00:00,2026-08-28,PT0325204,LST0325204,AG02415,LOC0230,Townhouse,1,2.5,1572,1905,1986,569600.0,2023-12-31,Sold,529086.28,2026-08-28,971,175.0,3,No,No,2023-12-31,2026-08-28
UPDATE,2026-08-28T00:00:00,2026-08-28,PT0008859,LST0008859,AG02173,LOC0216,Single Family,5,2.5,2091,2393,2014,396200.0,2025-09-30,Pending,,,53,0.0,1,No,Yes,2025-09-30,2026-08-28
UPDATE,2026-08-28T00:00:00,2026-08-28,PT0125911,LST0125911,AG01644,LOC0150,Single Family,6,1.5,1247,5368,1969,341300.0,2023-03-10,Pending,,,119,0.0,1,No,No,2023-03-10,2026-08-28
UPDATE,2026-08-28T00:00:00,2026-08-28,PT0528225,LST0528225,AG02543,LOC0189,Townhouse,6,2.0,2708,2067,1930,582000.0,2026-07-25,Active,,,0,244.25,0,Yes,No,2026-07-25,2026-08-28
UPDATE,2026-08-28T00:00:00,2026-08-28,PT0546639,LST0546639,AG02020,LOC0076,Multi-Family,3,3.5,5407,5252,1917,1077800.0,2026-08-10,Active,,,0,0.0,3,No,Yes,2026-08-10,2026-08-28
UPDATE,2026-08-28T00:00:00,2026-08-28,PT0045989,LST0045989,AG02476,LOC0143,Single Family,5,4.5,2680,4895,1998,296000.0,2024-04-10,Active,,,118,0.0,0,No,No,2024-04-10,2026-08-28
UPDATE,2026-08-28T00:00:00,2026-08-28,PT0216016,LST0216016,AG01042,LOC0121,Single Family,1,1.5,2075,1304,1994,239300.0,2025-01-09,Pending,,,85,0.0,0,No,No,2025-01-09,2026-08-28
UPDATE,2026-08-28T00:00:00,2026-08-28,PT0397864,LST0397864,AG02830,LOC0138,Single Family,4,3.0,1443,3957,1983,447600.0,2024-02-24,Pending,,,69,0.0,0,No,No,2024-02-24,2026-08-28
UPDATE,2026-08-28T00:00:00,2026-08-28,PT0520170,LST0520170,AG00150,LOC0119,Townhouse,3,2.0,2080,1105,1915,377000.0,2026-07-18,Active,,,0,573.23,1,No,No,2026-07-18,2026-08-28
UPDATE,2026-08-28T00:00:00,2026-08-28,PT0330172,LST0330172,AG01487,LOC0083,Condo,4,1.0,1774,20084,1946,646800.0,2025-01-26,Active,,,84,486.0,2,No,No,2025-01-26,2026-08-28
UPDATE,2026-08-28T00:00:00,2026-08-28,PT0500937,LST0500937,AG01098,LOC0217,Condo,3,4.5,1387,1037,1957,254100.0,2026-07-01,Pending,,,0,533.29,0,No,No,2026-07-01,2026-08-28
UPDATE,2026-08-28T00:00:00,2026-08-28,PT0477146,LST0477146,AG01498,LOC0176,Condo,3,2.0,2057,1313,2008,627200.0,2023-05-27,Active,,,118,53.0,2,No,No,2023-05-27,2026-08-28
UPDATE,2026-08-28T00:00:00,2026-08-28,PT0088675,LST0088675,AG02181,LOC0151,Single Family,5,1.0,2659,3311,1990,688600.0,2025-11-23,Pending,,,27,0.0,1,No,No,2025-11-23,2026-08-28
UPDATE,2026-08-28T00:00:00,2026-08-28,PT0183266,LST0183266,AG02367,LOC0225,Condo,6,3.0,3742,12272,1909,1427200.0,2025-11-29,Sold,1312110.39,2026-08-28,272,480.0,0,Yes,No,2025-11-29,2026-08-28
UPDATE,2026-08-28T00:00:00,2026-08-28,PT0563971,LST0563971,AG00598,LOC0200,Single Family,5,1.5,2094,3811,1980,558000.0,2026-08-25,Active,,,0,0.0,0,No,Yes,2026-08-25,2026-08-28
UPDATE,2026-08-28T00:00:00,2026-08-28,PT0190250,LST0190250,AG00015,LOC0059,Single Family,2,4.5,736,3288,1909,171200.0,2025-09-14,Pending,,,122,0.0,3,No,No,2025-09-14,2026-08-28
UPDATE,2026-08-28T00:00:00,2026-08-28,PT0306029,LST0306029,AG02619,LOC0218,Single Family,4,1.0,1114,1237,1910,596500.0,2024-07-15,Sold,619317.4,2026-08-28,774,0.0,0,Yes,No,2024-07-15,2026-08-28
UPDATE,2026-08-28T00:00:00,2026-08-28,PT0562052,LST0562052,AG02382,LOC0228,Condo,3,1.0,1604,2944,1988,960300.0,2026-08-24,Active,,,0,541.69,3,No,No,2026-08-24,2026-08-28
UPDATE,2026-08-28T00:00:00,2026-08-28,PT0441266,LST0441266,AG01195,LOC0245,Single Family,4,2.5,2853,1410,1975,708300.0,2023-12-01,Pending,,,20,0.0,1,No,No,2023-12-01,2026-08-28
UPDATE,2026-08-28T00:00:00,2026-08-28,PT0131665,LST0131665,AG02921,LOC0003,Apartment,4,1.5,648,0,2016,66700.0,2024-12-09,Active,,,100,704.0,3,No,No,2024-12-09,2026-08-28
UPDATE,2026-08-28T00:00:00,2026-08-28,PT0545430,LST0545430,AG02687,LOC0190,Townhouse,5,2.0,2645,1808,1943,448700.0,2026-08-09,Pending,,,0,744.56,2,No,No,2026-08-09,2026-08-28
UPDATE,2026-08-28T00:00:00,2026-08-28,PT0476368,LST0476368,AG00424,LOC0213,Condo,6,2.0,1765,3233,1944,382400.0,2026-05-14,Sold,351044.21,2026-08-28,106,533.0,1,No,No,2026-05-14,2026-08-28
UPDATE,2026-08-28T00:00:00,2026-08-28,PT0239450,LST0239450,AG00995,LOC0019,Single Family,5,1.5,1494,2387,1986,330900.0,2023-08-12,Sold,323839.86,2026-08-28,1112,0.0,0,Yes,Yes,2023-08-12,2026-08-28
UPDATE,2026-08-28T00:00:00,2026-08-28,PT0393746,LST0393746,AG00490,LOC0165,Single Family,3,4.5,2550,1296,1920,1490400.0,2024-05-05,Pending,,,4,0.0,1,Yes,Yes,2024-05-05,2026-08-28
UPDATE,2026-08-28T00:00:00,2026-08-28,PT0031869,LST0031869,AG00103,LOC0149,Single Family,2,2.5,2104,4094,1934,723700.0,2023-03-20,Pending,,,21,0.0,0,No,No,2023-03-20,2026-08-28
UPDATE,2026-08-28T00:00:00,2026-08-28,PT0086264,LST0086264,AG00779,LOC0123,Townhouse,5,1.0,3246,6225,1912,764800.0,2023-09-09,Pending,,,104,314.0,3,No,No,2023-09-09,2026-08-28
UPDATE,2026-08-28T00:00:00,2026-08-28,PT0127242,LST0127242,AG01496,LOC0045,Townhouse,1,1.5,1534,1102,1937,898000.0,2026-01-14,Active,,,22,185.0,2,No,No,2026-01-14,2026-08-28
UPDATE,2026-08-28T00:00:00,2026-08-28,PT0507965,LST0507965,AG01276,LOC0241,Condo,1,2.5,1984,5989,1973,519300.0,2026-07-07,Sold,470442.97,2026-08-28,52,499.61,3,No,No,2026-07-07,2026-08-28
UPDATE,2026-08-28T00:00:00,2026-08-28,PT0413986,LST0413986,AG00069,LOC0147,Condo,2,1.5,1606,8847,1920,257900.0,2023-03-04,Pending,,,161,312.0,1,No,No,2023-03-04,2026-08-28
UPDATE,2026-08-28T00:00:00,2026-08-28,PT0200355,LST0200355,AG01122,LOC0186,Condo,2,4.5,3261,4731,1970,767600.0,2023-08-18,Sold,704551.32,2026-08-28,1106,273.0,3,No,No,2023-08-18,2026-08-28
UPDATE,2026-08-28T00:00:00,2026-08-28,PT0120910,LST0120910,AG00988,LOC0092,Townhouse,4,3.5,2473,7483,1905,514900.0,2025-04-19,Pending,,,34,662.0,0,No,No,2025-04-19,2026-08-28
UPDATE,2026-08-28T00:00:00,2026-08-28,PT0328130,LST0328130,AG01064,LOC0084,Townhouse,6,3.0,1694,1173,1988,667400.0,2023-01-29,Pending,,,169,212.0,1,No,No,2023-01-29,2026-08-28
UPDATE,2026-08-28T00:00:00,2026-08-28,PT0510696,LST0510696,AG00596,LOC0204,Condo,6,1.0,3555,1547,2022,1783100.0,2026-07-09,Pending,,,0,92.37,2,No,No,2026-07-09,2026-08-28
UPDATE,2026-08-28T00:00:00,2026-08-28,PT0320279,LST0320279,AG01492,LOC0196,Single Family,5,1.0,2470,6393,1977,558900.0,2025-09-03,Pending,,,91,0.0,3,No,No,2025-09-03,2026-08-28
UPDATE,2026-08-28T00:00:00,2026-08-28,PT0299712,LST0299712,AG01394,LOC0174,Condo,1,1.0,2686,3611,1904,1055500.0,2025-10-14,Pending,,,14,170.0,2,No,No,2025-10-14,2026-08-28
UPDATE,2026-08-28T00:00:00,2026-08-28,PT0292492,LST0292492,AG01594,LOC0219,Apartment,1,3.5,808,0,2017,207300.0,2024-05-18,Active,,,11,267.0,3,No,No,2024-05-18,2026-08-28
UPDATE,2026-08-28T00:00:00,2026-08-28,PT0341569,LST0341569,AG02992,LOC0240,Townhouse,3,2.5,1318,3037,1990,252800.0,2025-12-31,Pending,,,42,488.0,1,No,No,2025-12-31,2026-08-28
UPDATE,2026-08-28T00:00:00,2026-08-28,PT0282641,LST0282641,AG02347,LOC0011,Apartment,6,3.0,815,0,2020,525800.0,2025-06-01,Pending,,,97,749.0,0,Yes,No,2025-06-01,2026-08-28
UPDATE,2026-08-28T00:00:00,2026-08-28,PT0502713,LST0502713,AG02666,LOC0054,Single Family,3,4.0,926,1409,1981,137500.0,2026-07-03,Active,,,0,0.0,0,No,Yes,2026-07-03,2026-08-28
UPDATE,2026-08-28T00:00:00,2026-08-28,PT0103095,LST0103095,AG01570,LOC0174,Single Family,1,2.5,2549,1349,2020,835700.0,2024-05-23,Active,,,172,0.0,3,Yes,Yes,2024-05-23,2026-08-28
UPDATE,2026-08-28T00:00:00,2026-08-28,PT0137462,LST0137462,AG01561,LOC0132,Land,0,0.0,9997,2660,1942,4086600.0,2024-12-29,Pending,,,127,0.0,0,No,No,2024-12-29,2026-08-28
UPDATE,2026-08-28T00:00:00,2026-08-28,PT0542179,LST0542179,AG02548,LOC0123,Multi-Family,5,4.5,1985,2510,1913,363900.0,2026-08-06,Active,,,0,0.0,1,No,No,2026-08-06,2026-08-28
UPDATE,2026-08-28T00:00:00,2026-08-28,PT0561317,LST0561317,AG02121,LOC0096,Single Family,1,2.5,1309,7933,1960,339100.0,2026-08-23,Pending,,,0,0.0,2,No,Yes,2026-08-23,2026-08-28
UPDATE,2026-08-28T00:00:00,2026-08-28,PT0086232,LST0086232,AG00210,LOC0187,Townhouse,6,2.5,2509,2888,1997,592400.0,2025-01-24,Pending,,,42,140.0,0,No,No,2025-01-24,2026-08-28
UPDATE,2026-08-28T00:00:00,2026-08-28,PT0048757,LST0048757,AG01067,LOC0179,Single Family,6,3.5,2134,11314,1984,273700.0,2024-04-26,Pending,,,72,0.0,3,No,No,2024-04-26,2026-08-28
UPDATE,2026-08-28T00:00:00,2026-08-28,PT0525786,LST0525786,AG01686,LOC0052,Single Family,1,1.0,2973,2636,1994,705400.0,2026-07-23,Pending,,,0,0.0,1,Yes,Yes,2026-07-23,2026-08-28
UPDATE,2026-08-28T00:00:00,2026-08-28,PT0421477,LST0421477,AG01597,LOC0229,Condo,5,2.0,1697,4698,1997,330400.0,2023-04-09,Sold,303924.36,2026-08-28,1237,660.0,0,No,No,2023-04-09,2026-08-28
UPDATE,2026-08-28T00:00:00,2026-08-28,PT0243307,LST0243307,AG00450,LOC0113,Condo,4,1.5,969,4542,2023,373600.0,2024-06-19,Pending,,,35,321.0,0,Yes,No,2024-06-19,2026-08-28
UPDATE,2026-08-28T00:00:00,2026-08-28,PT0534208,LST0534208,AG00648,LOC0227,Single Family,6,4.0,1571,2207,2018,346200.0,2026-07-30,Pending,,,0,0.0,0,No,Yes,2026-07-30,2026-08-28
UPDATE,2026-08-28T00:00:00,2026-08-28,PT0274612,LST0274612,AG00004,LOC0087,Single Family,1,4.5,1546,10401,2013,897700.0,2025-03-11,Active,,,81,0.0,0,No,No,2025-03-11,2026-08-28
UPDATE,2026-08-28T00:00:00,2026-08-28,PT0046016,LST0046016,AG00229,LOC0124,Single Family,2,2.0,1031,12495,1910,528800.0,2025-06-25,Pending,,,158,0.0,0,No,Yes,2025-06-25,2026-08-28
UPDATE,2026-08-28T00:00:00,2026-08-28,PT0000417,LST0000417,AG00762,LOC0226,Condo,5,2.5,1895,1941,1960,382500.0,2026-03-28,Pending,,,59,680.0,1,No,No,2026-03-28,2026-08-28
UPDATE,2026-08-28T00:00:00,2026-08-28,PT0445549,LST0445549,AG02900,LOC0244,Single Family,6,1.5,1000,12310,2007,177700.0,2026-05-14,Active,,,28,0.0,1,Yes,No,2026-05-14,2026-08-28
UPDATE,2026-08-28T00:00:00,2026-08-28,PT0426534,LST0426534,AG01227,LOC0020,Townhouse,5,4.5,2053,9252,1923,438400.0,2023-11-21,Pending,,,0,367.0,0,No,No,2023-11-21,2026-08-28
UPDATE,2026-08-28T00:00:00,2026-08-28,PT0201619,LST0201619,AG01493,LOC0219,Single Family,4,1.5,676,1667,1913,179800.0,2023-02-05,Pending,,,175,0.0,1,No,No,2023-02-05,2026-08-28
UPDATE,2026-08-28T00:00:00,2026-08-28,PT0420044,LST0420044,AG01075,LOC0189,Single Family,2,2.0,2629,3857,1974,726600.0,2025-01-10,Sold,757703.38,2026-08-28,595,0.0,3,No,Yes,2025-01-10,2026-08-28
UPDATE,2026-08-28T00:00:00,2026-08-28,PT0418834,LST0418834,AG00251,LOC0068,Single Family,4,2.0,1195,2700,1964,203300.0,2023-01-10,Pending,,,161,0.0,3,No,No,2023-01-10,2026-08-28
UPDATE,2026-08-28T00:00:00,2026-08-28,PT0562721,LST0562721,AG01559,LOC0128,Townhouse,5,2.0,1343,7498,2025,177700.0,2026-08-24,Active,,,0,132.49,2,No,No,2026-08-24,2026-08-28
UPDATE,2026-08-28T00:00:00,2026-08-28,PT0309905,LST0309905,AG00615,LOC0154,Condo,5,1.0,2282,1016,1948,469700.0,2025-02-06,Pending,,,21,645.0,3,No,No,2025-02-06,2026-08-28
UPDATE,2026-08-28T00:00:00,2026-08-28,PT0167125,LST0167125,AG02593,LOC0048,Single Family,4,4.0,2638,1713,2025,913600.0,2026-02-28,Pending,,,92,0.0,2,No,Yes,2026-02-28,2026-08-28
UPDATE,2026-08-28T00:00:00,2026-08-28,PT0529282,LST0529282,AG02062,LOC0129,Condo,2,4.5,843,2639,1904,440800.0,2026-07-26,Active,,,0,399.33,3,No,No,2026-07-26,2026-08-28
UPDATE,2026-08-28T00:00:00,2026-08-28,PT0221675,LST0221675,AG00825,LOC0196,Single Family,4,3.5,1902,4688,1962,361200.0,2026-03-06,Pending,,,53,0.0,3,No,No,2026-03-06,2026-08-28
UPDATE,2026-08-28T00:00:00,2026-08-28,PT0105739,LST0105739,AG02935,LOC0091,Single Family,3,4.5,1656,9611,2020,317800.0,2024-11-05,Pending,,,92,0.0,1,Yes,No,2024-11-05,2026-08-28
UPDATE,2026-08-28T00:00:00,2026-08-28,PT0469838,LST0469838,AG01630,LOC0008,Condo,4,1.0,978,4515,1972,86900.0,2024-03-08,Pending,,,124,554.0,0,No,No,2024-03-08,2026-08-28
UPDATE,2026-08-28T00:00:00,2026-08-28,PT0206577,LST0206577,AG02910,LOC0140,Single Family,4,4.5,1799,1212,1903,507200.0,2024-09-27,Sold,483296.15,2026-08-28,700,0.0,3,Yes,Yes,2024-09-27,2026-08-28
UPDATE,2026-08-28T00:00:00,2026-08-28,PT0037473,LST0037473,AG00479,LOC0214,Single Family,4,3.5,1659,7441,1958,598700.0,2023-12-01,Pending,,,19,0.0,1,Yes,Yes,2023-12-01,2026-08-28
UPDATE,2026-08-28T00:00:00,2026-08-28,PT0179599,LST0179599,AG01040,LOC0241,Single Family,2,2.5,849,2275,1956,81700.0,2023-04-04,Pending,,,101,0.0,3,Yes,Yes,2023-04-04,2026-08-28
UPDATE,2026-08-28T00:00:00,2026-08-28,PT0482682,LST0482682,AG02540,LOC0059,Townhouse,6,4.0,1227,3414,1942,61700.0,2024-11-29,Active,,,174,346.0,0,No,No,2024-11-29,2026-08-28
UPDATE,2026-08-28T00:00:00,2026-08-28,PT0233520,LST0233520,AG02171,LOC0199,Condo,3,2.0,929,7268,1979,674600.0,2024-11-24,Pending,,,161,317.0,3,No,No,2024-11-24,2026-08-28
UPDATE,2026-08-28T00:00:00,2026-08-28,PT0208444,LST0208444,AG00032,LOC0175,Multi-Family,1,4.0,3667,12135,2003,804300.0,2024-11-09,Pending,,,95,0.0,1,Yes,Yes,2024-11-09,2026-08-28
UPDATE,2026-08-28T00:00:00,2026-08-28,PT0401939,LST0401939,AG01742,LOC0005,Townhouse,3,3.0,1745,2655,1963,561800.0,2023-08-28,Active,,,46,776.0,1,No,No,2023-08-28,2026-08-28
UPDATE,2026-08-28T00:00:00,2026-08-28,PT0127715,LST0127715,AG02383,LOC0010,Land,0,0.0,5912,1450,1911,2651600.0,2024-12-05,Active,,,63,0.0,0,No,No,2024-12-05,2026-08-28
UPDATE,2026-08-28T00:00:00,2026-08-28,PT0436880,LST0436880,AG02383,LOC0081,Single Family,4,4.5,3190,8811,1973,971600.0,2025-01-16,Active,,,176,0.0,0,No,No,2025-01-16,2026-08-28
UPDATE,2026-08-28T00:00:00,2026-08-28,PT0553306,LST0553306,AG01437,LOC0006,Townhouse,4,1.5,2391,5472,1996,354400.0,2026-08-16,Pending,,,0,357.21,1,No,No,2026-08-16,2026-08-28
UPDATE,2026-08-28T00:00:00,2026-08-28,PT0038490,LST0038490,AG02335,LOC0246,Condo,5,1.0,1079,2317,1962,275100.0,2026-04-25,Pending,,,123,103.0,2,No,No,2026-04-25,2026-08-28
UPDATE,2026-08-28T00:00:00,2026-08-28,PT0200354,LST0200354,AG00571,LOC0093,Single Family,4,1.5,2402,8808,1936,493600.0,2024-03-17,Active,,,107,0.0,3,No,No,2024-03-17,2026-08-28
UPDATE,2026-08-28T00:00:00,2026-08-28,PT0033062,LST0033062,AG01933,LOC0169,Apartment,5,3.5,1355,0,1940,551500.0,2024-02-17,Sold,543324.91,2026-08-28,923,795.0,3,Yes,No,2024-02-17,2026-08-28
UPDATE,2026-08-28T00:00:00,2026-08-28,PT0328462,LST0328462,AG01382,LOC0160,Single Family,6,3.0,1392,5328,1989,120900.0,2025-04-01,Sold,111362.79,2026-08-28,514,0.0,3,No,No,2025-04-01,2026-08-28
UPDATE,2026-08-28T00:00:00,2026-08-28,PT0211181,LST0211181,AG02158,LOC0242,Condo,4,4.0,3012,15147,1946,714600.0,2023-02-21,Active,,,70,364.0,2,No,No,2023-02-21,2026-08-28
UPDATE,2026-08-28T00:00:00,2026-08-28,PT0545229,LST0545229,AG00759,LOC0094,Single Family,6,3.5,1647,1735,1967,309800.0,2026-08-09,Sold,295503.5,2026-08-28,19,0.0,0,No,No,2026-08-09,2026-08-28
UPDATE,2026-08-28T00:00:00,2026-08-28,PT0121381,LST0121381,AG01688,LOC0086,Land,0,0.0,1846,13310,2010,257300.0,2024-02-29,Active,,,112,0.0,0,No,No,2024-02-29,2026-08-28
UPDATE,2026-08-28T00:00:00,2026-08-28,PT0314870,LST0314870,AG02722,LOC0245,Single Family,6,4.0,1079,31579,1924,248000.0,2025-07-14,Pending,,,72,0.0,1,Yes,Yes,2025-07-14,2026-08-28
UPDATE,2026-08-28T00:00:00,2026-08-28,PT0000730,LST0000730,AG02385,LOC0035,Single Family,2,1.5,1744,1812,1902,241100.0,2024-06-28,Active,,,9,0.0,0,No,Yes,2024-06-28,2026-08-28
UPDATE,2026-08-28T00:00:00,2026-08-28,PT0111960,LST0111960,AG01336,LOC0190,Single Family,2,1.0,1379,17153,1964,70700.0,2025-04-21,Pending,,,28,0.0,1,No,No,2025-04-21,2026-08-28
UPDATE,2026-08-28T00:00:00,2026-08-28,PT0388801,LST0388801,AG00291,LOC0162,Single Family,4,3.0,1757,8784,1917,308200.0,2023-06-14,Active,,,100,0.0,1,No,No,2023-06-14,2026-08-28
UPDATE,2026-08-28T00:00:00,2026-08-28,PT0093760,LST0093760,AG00799,LOC0171,Apartment,1,2.5,451,0,1986,173200.0,2023-11-25,Sold,167573.77,2026-08-28,1007,456.0,1,No,No,2023-11-25,2026-08-28
UPDATE,2026-08-28T00:00:00,2026-08-28,PT0520051,LST0520051,AG00482,LOC0130,Single Family,1,1.5,3149,6309,1925,719500.0,2026-07-18,Active,,,0,0.0,2,No,No,2026-07-18,2026-08-28
UPDATE,2026-08-28T00:00:00,2026-08-28,PT0505548,LST0505548,AG01671,LOC0006,Condo,6,3.5,1924,6325,1933,438000.0,2026-07-05,Pending,,,0,469.86,3,No,No,2026-07-05,2026-08-28
UPDATE,2026-08-28T00:00:00,2026-08-28,PT0426725,LST0426725,AG01662,LOC0213,Single Family,2,3.5,2726,8825,1929,300000.0,2024-01-23,Sold,267965.01,2026-08-28,948,0.0,1,No,Yes,2024-01-23,2026-08-28
UPDATE,2026-08-28T00:00:00,2026-08-28,PT0404496,LST0404496,AG01125,LOC0064,Townhouse,1,2.0,1710,1078,1961,270400.0,2025-03-04,Active,,,104,440.0,1,No,No,2025-03-04,2026-08-28
UPDATE,2026-08-28T00:00:00,2026-08-28,PT0246272,LST0246272,AG01490,LOC0047,Single Family,6,4.5,2219,2891,1924,1054300.0,2024-09-18,Pending,,,176,0.0,1,No,No,2024-09-18,2026-08-28
UPDATE,2026-08-28T00:00:00,2026-08-28,PT0515017,LST0515017,AG02340,LOC0150,Multi-Family,3,1.0,3845,7819,1920,1320300.0,2026-07-13,Pending,,,0,0.0,1,No,No,2026-07-13,2026-08-28
UPDATE,2026-08-28T00:00:00,2026-08-28,PT0225699,LST0225699,AG00564,LOC0204,Condo,4,1.5,1827,13688,1928,321200.0,2024-01-27,Sold,316613.41,2026-08-28,944,709.0,0,No,No,2024-01-27,2026-08-28
UPDATE,2026-08-28T00:00:00,2026-08-28,PT0077695,LST0077695,AG01756,LOC0120,Condo,2,1.0,1399,10085,1968,470700.0,2026-01-01,Pending,,,121,626.0,0,Yes,No,2026-01-01,2026-08-28
UPDATE,2026-08-28T00:00:00,2026-08-28,PT0223000,LST0223000,AG01902,LOC0074,Single Family,2,4.0,2462,10866,1992,1131000.0,2025-12-28,Active,,,175,0.0,0,No,No,2025-12-28,2026-08-28
UPDATE,2026-08-28T00:00:00,2026-08-28,PT0461876,LST0461876,AG01666,LOC0078,Single Family,5,2.5,918,3896,2017,369200.0,2023-11-09,Pending,,,134,0.0,0,No,No,2023-11-09,2026-08-28
UPDATE,2026-08-28T00:00:00,2026-08-28,PT0554536,LST0554536,AG00866,LOC0083,Single Family,1,2.5,1145,1979,1912,299500.0,2026-08-17,Active,,,0,0.0,2,No,No,2026-08-17,2026-08-28
UPDATE,2026-08-28T00:00:00,2026-08-28,PT0027150,LST0027150,AG00700,LOC0039,Single Family,5,3.5,1917,1222,1902,531500.0,2023-05-02,Pending,,,154,0.0,3,Yes,No,2023-05-02,2026-08-28
UPDATE,2026-08-28T00:00:00,2026-08-28,PT0566912,LST0566912,AG02029,LOC0068,Single Family,4,2.0,1856,2603,2002,385100.0,2026-08-28,Sold,400325.62,2026-08-28,0,0.0,3,No,No,2026-08-28,2026-08-28
UPDATE,2026-08-28T00:00:00,2026-08-28,PT0440631,LST0440631,AG00384,LOC0219,Single Family,4,1.0,1992,6547,1968,1224000.0,2025-07-09,Pending,,,73,0.0,3,Yes,No,2025-07-09,2026-08-28
UPDATE,2026-08-28T00:00:00,2026-08-28,PT0369578,LST0369578,AG00442,LOC0049,Single Family,5,3.5,3115,4993,1933,412300.0,2023-06-04,Pending,,,160,0.0,2,No,No,2023-06-04,2026-08-28
UPDATE,2026-08-28T00:00:00,2026-08-28,PT0320628,LST0320628,AG02081,LOC0205,Condo,1,4.0,1220,5520,1910,284800.0,2025-03-02,Active,,,93,594.0,1,No,No,2025-03-02,2026-08-28
UPDATE,2026-08-28T00:00:00,2026-08-28,PT0493778,LST0493778,AG01484,LOC0070,Single Family,2,3.0,1365,1346,1999,285100.0,2023-01-13,Active,,,127,0.0,0,No,No,2023-01-13,2026-08-28
UPDATE,2026-08-28T00:00:00,2026-08-28,PT0188490,LST0188490,AG00141,LOC0207,Single Family,4,1.0,2265,6276,2018,387400.0,2024-10-08,Pending,,,52,0.0,1,Yes,No,2024-10-08,2026-08-28
UPDATE,2026-08-28T00:00:00,2026-08-28,PT0566970,LST0566970,AG02252,LOC0144,Single Family,5,2.0,2454,6948,1981,699400.0,2026-08-28,Sold,643294.66,2026-08-28,0,0.0,3,No,No,2026-08-28,2026-08-28
UPDATE,2026-08-28T00:00:00,2026-08-28,PT0464052,LST0464052,AG01574,LOC0214,Single Family,6,4.0,1795,11694,1989,447500.0,2023-08-01,Pending,,,9,0.0,0,No,Yes,2023-08-01,2026-08-28
UPDATE,2026-08-28T00:00:00,2026-08-28,PT0094680,LST0094680,AG02554,LOC0056,Land,0,0.0,7996,2460,1931,2767100.0,2026-03-19,Active,,,105,0.0,0,No,No,2026-03-19,2026-08-28
UPDATE,2026-08-28T00:00:00,2026-08-28,PT0524356,LST0524356,AG02866,LOC0041,Condo,3,4.0,2728,1716,1994,531600.0,2026-07-22,Active,,,0,419.89,0,No,No,2026-07-22,2026-08-28
UPDATE,2026-08-28T00:00:00,2026-08-28,PT0189705,LST0189705,AG00322,LOC0244,Multi-Family,4,4.5,2484,4751,1909,511800.0,2023-02-22,Pending,,,113,0.0,0,No,No,2023-02-22,2026-08-28
UPDATE,2026-08-28T00:00:00,2026-08-28,PT0378364,LST0378364,AG01740,LOC0190,Multi-Family,6,3.5,2312,3804,1923,385300.0,2023-07-22,Sold,358384.28,2026-08-28,1133,0.0,2,Yes,No,2023-07-22,2026-08-28
UPDATE,2026-08-28T00:00:00,2026-08-28,PT0448436,LST0448436,AG02164,LOC0111,Condo,5,2.5,1247,2303,2000,159600.0,2025-06-21,Sold,165585.21,2026-08-28,433,555.0,3,No,No,2025-06-21,2026-08-28
UPDATE,2026-08-28T00:00:00,2026-08-28,PT0465025,LST0465025,AG02164,LOC0117,Townhouse,5,4.5,1955,8261,2018,835900.0,2023-08-12,Pending,,,69,476.0,2,Yes,No,2023-08-12,2026-08-28
UPDATE,2026-08-28T00:00:00,2026-08-28,PT0198670,LST0198670,AG00474,LOC0058,Condo,3,2.5,1974,1536,1978,614000.0,2024-10-25,Pending,,,5,393.0,3,No,No,2024-10-25,2026-08-28
UPDATE,2026-08-28T00:00:00,2026-08-28,PT0342032,LST0342032,AG02203,LOC0147,Condo,4,3.0,1085,2084,1987,100800.0,2025-09-17,Sold,93345.52,2026-08-28,345,739.0,0,Yes,No,2025-09-17,2026-08-28
UPDATE,2026-08-28T00:00:00,2026-08-28,PT0093216,LST0093216,AG00469,LOC0246,Condo,2,1.5,1515,1927,1938,92200.0,2024-10-31,Pending,,,64,175.0,1,No,No,2024-10-31,2026-08-28
UPDATE,2026-08-28T00:00:00,2026-08-28,PT0402348,LST0402348,AG02777,LOC0156,Apartment,5,4.5,1096,0,1933,411100.0,2023-02-08,Pending,,,121,240.0,0,No,No,2023-02-08,2026-08-28
UPDATE,2026-08-28T00:00:00,2026-08-28,PT0304147,LST0304147,AG02427,LOC0021,Single Family,2,4.5,300,2155,1993,34300.0,2026-03-27,Pending,,,125,0.0,1,Yes,No,2026-03-27,2026-08-28
UPDATE,2026-08-28T00:00:00,2026-08-28,PT0341374,LST0341374,AG00684,LOC0126,Apartment,2,3.5,989,0,1963,294200.0,2023-03-07,Pending,,,139,361.0,2,No,No,2023-03-07,2026-08-28
UPDATE,2026-08-28T00:00:00,2026-08-28,PT0218874,LST0218874,AG02172,LOC0051,Single Family,4,3.0,325,2398,1928,44200.0,2024-08-10,Active,,,115,0.0,2,No,Yes,2024-08-10,2026-08-28
UPDATE,2026-08-28T00:00:00,2026-08-28,PT0540381,LST0540381,AG02301,LOC0176,Townhouse,5,4.5,1523,12079,1923,533100.0,2026-08-04,Active,,,0,335.93,0,No,No,2026-08-04,2026-08-28
UPDATE,2026-08-28T00:00:00,2026-08-28,PT0557646,LST0557646,AG00131,LOC0024,Land,0,0.0,4412,1136,1921,2184300.0,2026-08-20,Pending,,,0,0.0,0,No,No,2026-08-20,2026-08-28
UPDATE,2026-08-28T00:00:00,2026-08-28,PT0284770,LST0284770,AG00643,LOC0018,Single Family,6,3.0,2663,2346,1901,1295500.0,2025-08-17,Active,,,132,0.0,0,No,No,2025-08-17,2026-08-28
UPDATE,2026-08-28T00:00:00,2026-08-28,PT0031262,LST0031262,AG02502,LOC0188,Condo,6,2.0,1407,1652,2020,469700.0,2025-12-22,Pending,,,89,692.0,2,No,No,2025-12-22,2026-08-28
UPDATE,2026-08-28T00:00:00,2026-08-28,PT0257510,LST0257510,AG00974,LOC0117,Single Family,3,1.0,1436,6057,1969,672600.0,2024-05-22,Active,,,88,0.0,2,No,No,2024-05-22,2026-08-28
UPDATE,2026-08-28T00:00:00,2026-08-28,PT0444410,LST0444410,AG00525,LOC0243,Townhouse,3,4.0,1730,1640,1987,1019400.0,2023-05-28,Active,,,116,325.0,0,No,No,2023-05-28,2026-08-28
UPDATE,2026-08-28T00:00:00,2026-08-28,PT0499557,LST0499557,AG02328,LOC0025,Condo,3,2.0,2106,7571,1934,750900.0,2024-08-17,Active,,,162,69.0,1,No,No,2024-08-17,2026-08-28
UPDATE,2026-08-28T00:00:00,2026-08-28,PT0202950,LST0202950,AG01709,LOC0221,Townhouse,3,1.0,2576,11411,1905,702200.0,2023-06-16,Sold,674585.96,2026-08-28,1169,361.0,2,Yes,No,2023-06-16,2026-08-28
UPDATE,2026-08-28T00:00:00,2026-08-28,PT0435693,LST0435693,AG01436,LOC0217,Apartment,4,3.0,1715,0,2024,121700.0,2024-08-13,Active,,,176,304.0,3,Yes,No,2024-08-13,2026-08-28
UPDATE,2026-08-28T00:00:00,2026-08-28,PT0375100,LST0375100,AG01492,LOC0018,Townhouse,6,4.5,2846,1654,1910,1117400.0,2024-07-24,Active,,,22,161.0,1,No,No,2024-07-24,2026-08-28
UPDATE,2026-08-28T00:00:00,2026-08-28,PT0483192,LST0483192,AG00947,LOC0095,Condo,1,3.5,2517,1699,1935,1004500.0,2024-11-07,Sold,1061309.82,2026-08-28,659,207.0,2,No,No,2024-11-07,2026-08-28
UPDATE,2026-08-28T00:00:00,2026-08-28,PT0126056,LST0126056,AG01946,LOC0210,Multi-Family,4,2.5,1396,5658,1988,702700.0,2024-03-08,Pending,,,10,0.0,0,No,Yes,2024-03-08,2026-08-28
UPDATE,2026-08-28T00:00:00,2026-08-28,PT0542996,LST0542996,AG01102,LOC0202,Land,0,0.0,6831,4939,1924,2081000.0,2026-08-07,Pending,,,0,0.0,0,No,No,2026-08-07,2026-08-28
UPDATE,2026-08-28T00:00:00,2026-08-28,PT0068395,LST0068395,AG02970,LOC0023,Single Family,5,3.5,1178,3523,1979,92400.0,2025-10-17,Sold,86668.78,2026-08-28,315,0.0,2,No,No,2025-10-17,2026-08-28
UPDATE,2026-08-28T00:00:00,2026-08-28,PT0520510,LST0520510,AG02112,LOC0155,Single Family,2,3.5,2070,8935,1980,386900.0,2026-07-18,Pending,,,0,0.0,2,Yes,Yes,2026-07-18,2026-08-28
UPDATE,2026-08-28T00:00:00,2026-08-28,PT0267281,LST0267281,AG00043,LOC0073,Single Family,4,3.5,1280,2872,2007,716800.0,2023-08-19,Active,,,17,0.0,2,Yes,Yes,2023-08-19,2026-08-28
UPDATE,2026-08-28T00:00:00,2026-08-28,PT0372147,LST0372147,AG01337,LOC0035,Single Family,3,4.5,2503,2400,1974,396400.0,2023-01-21,Pending,,,82,0.0,1,No,No,2023-01-21,2026-08-28
UPDATE,2026-08-28T00:00:00,2026-08-28,PT0541970,LST0541970,AG00443,LOC0166,Single Family,4,1.5,1921,11848,1926,614700.0,2026-08-06,Active,,,0,0.0,1,No,Yes,2026-08-06,2026-08-28
UPDATE,2026-08-28T00:00:00,2026-08-28,PT0040169,LST0040169,AG00650,LOC0237,Condo,2,1.5,926,12409,1920,331000.0,2026-01-18,Active,,,76,610.0,1,No,No,2026-01-18,2026-08-28
UPDATE,2026-08-28T00:00:00,2026-08-28,PT0397203,LST0397203,AG02497,LOC0215,Condo,6,4.0,1659,2439,2011,445400.0,2023-06-29,Pending,,,34,186.0,3,No,No,2023-06-29,2026-08-28
UPDATE,2026-08-28T00:00:00,2026-08-28,PT0243333,LST0243333,AG01636,LOC0201,Townhouse,3,1.0,1232,1069,1925,322400.0,2026-03-05,Pending,,,94,381.0,1,No,No,2026-03-05,2026-08-28
UPDATE,2026-08-28T00:00:00,2026-08-28,PT0380814,LST0380814,AG00708,LOC0093,Townhouse,2,2.0,1584,1021,2003,430400.0,2026-04-17,Pending,,,163,517.0,1,No,No,2026-04-17,2026-08-28
UPDATE,2026-08-28T00:00:00,2026-08-28,PT0277321,LST0277321,AG00631,LOC0059,Single Family,2,2.5,1539,2581,2020,287400.0,2024-01-08,Pending,,,59,0.0,1,No,No,2024-01-08,2026-08-28
UPDATE,2026-08-28T00:00:00,2026-08-28,PT0310915,LST0310915,AG00335,LOC0019,Condo,4,2.5,2533,2234,1902,485800.0,2023-11-27,Pending,,,42,356.0,0,No,No,2023-11-27,2026-08-28
UPDATE,2026-08-28T00:00:00,2026-08-28,PT0196840,LST0196840,AG01271,LOC0147,Apartment,5,2.0,1899,0,1934,144900.0,2025-03-18,Pending,,,176,447.0,3,No,No,2025-03-18,2026-08-28
UPDATE,2026-08-28T00:00:00,2026-08-28,PT0503093,LST0503093,AG02879,LOC0219,Condo,2,1.0,1496,2584,1929,596800.0,2026-07-03,Active,,,0,642.56,0,No,No,2026-07-03,2026-08-28
UPDATE,2026-08-28T00:00:00,2026-08-28,PT0463574,LST0463574,AG00702,LOC0112,Condo,2,1.5,2171,1540,1976,64300.0,2023-03-09,Active,,,84,352.0,3,No,No,2023-03-09,2026-08-28
UPDATE,2026-08-28T00:00:00,2026-08-28,PT0340971,LST0340971,AG01961,LOC0101,Single Family,1,4.0,1187,4895,2015,296000.0,2026-06-28,Active,,,121,0.0,2,Yes,Yes,2026-06-28,2026-08-28
UPDATE,2026-08-28T00:00:00,2026-08-28,PT0325493,LST0325493,AG02368,LOC0225,Condo,6,3.0,2267,1443,2013,601700.0,2025-11-18,Pending,,,45,281.0,1,No,No,2025-11-18,2026-08-28
UPDATE,2026-08-28T00:00:00,2026-08-28,PT0561703,LST0561703,AG00725,LOC0219,Condo,4,2.5,1452,1285,1935,949500.0,2026-08-24,Sold,934444.31,2026-08-28,4,734.4,2,No,No,2026-08-24,2026-08-28
UPDATE,2026-08-28T00:00:00,2026-08-28,PT0558243,LST0558243,AG02976,LOC0097,Single Family,1,4.0,557,5477,1918,82100.0,2026-08-21,Active,,,0,0.0,1,Yes,No,2026-08-21,2026-08-28
UPDATE,2026-08-28T00:00:00,2026-08-28,PT0542211,LST0542211,AG02810,LOC0039,Single Family,4,4.5,2577,1307,1940,794200.0,2026-08-06,Active,,,0,0.0,2,Yes,Yes,2026-08-06,2026-08-28
UPDATE,2026-08-28T00:00:00,2026-08-28,PT0539824,LST0539824,AG01703,LOC0243,Condo,6,1.5,708,6958,2021,302800.0,2026-08-04,Active,,,0,255.97,2,No,No,2026-08-04,2026-08-28
UPDATE,2026-08-28T00:00:00,2026-08-28,PT0425681,LST0425681,AG01654,LOC0209,Multi-Family,6,2.0,1369,2602,1942,580600.0,2024-07-25,Pending,,,32,0.0,1,Yes,No,2024-07-25,2026-08-28
UPDATE,2026-08-28T00:00:00,2026-08-28,PT0426582,LST0426582,AG02743,LOC0176,Townhouse,4,3.0,2133,2734,2002,826900.0,2024-06-17,Pending,,,82,522.0,2,No,No,2024-06-17,2026-08-28
UPDATE,2026-08-28T00:00:00,2026-08-28,PT0499942,LST0499942,AG00259,LOC0208,Townhouse,4,4.0,1393,6363,1936,431000.0,2025-04-06,Pending,,,168,617.0,1,No,No,2025-04-06,2026-08-28
UPDATE,2026-08-28T00:00:00,2026-08-28,PT0029297,LST0029297,AG02926,LOC0243,Townhouse,3,1.5,525,7217,1983,369100.0,2023-02-01,Pending,,,128,127.0,0,No,No,2023-02-01,2026-08-28
UPDATE,2026-08-28T00:00:00,2026-08-28,PT0546686,LST0546686,AG02289,LOC0121,Condo,6,1.5,459,7233,1936,130400.0,2026-08-10,Active,,,0,138.18,2,No,No,2026-08-10,2026-08-28
UPDATE,2026-08-28T00:00:00,2026-08-28,PT0273838,LST0273838,AG00925,LOC0085,Single Family,4,2.0,2544,3580,1937,715700.0,2025-05-05,Pending,,,14,0.0,2,No,No,2025-05-05,2026-08-28
UPDATE,2026-08-28T00:00:00,2026-08-28,PT0240281,LST0240281,AG00275,LOC0124,Single Family,5,3.0,1952,3625,1965,303900.0,2024-04-07,Pending,,,135,0.0,3,No,No,2024-04-07,2026-08-28
UPDATE,2026-08-28T00:00:00,2026-08-28,PT0189310,LST0189310,AG00651,LOC0069,Single Family,5,2.0,2123,9449,1919,845900.0,2024-08-11,Active,,,146,0.0,1,No,No,2024-08-11,2026-08-28
UPDATE,2026-08-28T00:00:00,2026-08-28,PT0168734,LST0168734,AG01582,LOC0034,Condo,4,3.0,2521,5642,1923,1379400.0,2023-05-13,Active,,,82,130.0,0,Yes,No,2023-05-13,2026-08-28
UPDATE,2026-08-28T00:00:00,2026-08-28,PT0121971,LST0121971,AG00642,LOC0001,Single Family,2,3.0,1676,1208,1981,409000.0,2024-10-18,Pending,,,171,0.0,0,No,No,2024-10-18,2026-08-28
UPDATE,2026-08-28T00:00:00,2026-08-28,PT0467233,LST0467233,AG00371,LOC0100,Multi-Family,3,2.5,2601,12966,1913,289800.0,2024-10-21,Active,,,168,0.0,1,Yes,Yes,2024-10-21,2026-08-28
UPDATE,2026-08-28T00:00:00,2026-08-28,PT0313984,LST0313984,AG02397,LOC0016,Condo,1,2.0,1799,8912,1944,368300.0,2025-12-02,Sold,371091.09,2026-08-28,269,501.0,3,No,No,2025-12-02,2026-08-28
UPDATE,2026-08-28T00:00:00,2026-08-28,PT0534638,LST0534638,AG01942,LOC0119,Condo,4,2.5,2107,7543,1904,392100.0,2026-07-30,Active,,,0,82.89,2,No,No,2026-07-30,2026-08-28
UPDATE,2026-08-28T00:00:00,2026-08-28,PT0538659,LST0538659,AG01087,LOC0155,Single Family,3,1.0,1764,6670,1997,471600.0,2026-08-03,Active,,,0,0.0,0,No,No,2026-08-03,2026-08-28
UPDATE,2026-08-28T00:00:00,2026-08-28,PT0087279,LST0087279,AG02240,LOC0084,Single Family,3,1.5,716,21720,1996,299900.0,2025-05-20,Active,,,123,0.0,2,No,Yes,2025-05-20,2026-08-28
UPDATE,2026-08-28T00:00:00,2026-08-28,PT0322061,LST0322061,AG02307,LOC0110,Condo,2,3.0,1833,2083,1968,584100.0,2023-07-05,Active,,,37,794.0,0,No,No,2023-07-05,2026-08-28
UPDATE,2026-08-28T00:00:00,2026-08-28,PT0514455,LST0514455,AG00432,LOC0006,Condo,4,4.0,870,8315,2019,124700.0,2026-07-12,Pending,,,0,646.37,0,No,No,2026-07-12,2026-08-28
UPDATE,2026-08-28T00:00:00,2026-08-28,PT0567010,LST0567010,AG00857,LOC0227,Apartment,6,1.0,1975,0,1931,499700.0,2026-08-28,Active,,,0,322.66,1,No,No,2026-08-28,2026-08-28
UPDATE,2026-08-28T00:00:00,2026-08-28,PT0116510,LST0116510,AG02397,LOC0157,Condo,3,1.5,2845,1046,1927,1136000.0,2023-10-24,Sold,1060234.04,2026-08-28,1039,453.0,3,Yes,No,2023-10-24,2026-08-28
UPDATE,2026-08-28T00:00:00,2026-08-28,PT0387744,LST0387744,AG01345,LOC0099,Single Family,4,4.0,2698,4291,1910,508500.0,2023-10-06,Active,,,10,0.0,1,No,Yes,2023-10-06,2026-08-28
UPDATE,2026-08-28T00:00:00,2026-08-28,PT0415924,LST0415924,AG00005,LOC0083,Multi-Family,2,4.0,648,2467,1984,190300.0,2024-09-24,Active,,,98,0.0,3,Yes,No,2024-09-24,2026-08-28
UPDATE,2026-08-28T00:00:00,2026-08-28,PT0235607,LST0235607,AG02240,LOC0087,Multi-Family,5,2.0,1388,1585,2006,618400.0,2023-06-01,Pending,,,11,0.0,2,No,Yes,2023-06-01,2026-08-28
UPDATE,2026-08-28T00:00:00,2026-08-28,PT0326637,LST0326637,AG01145,LOC0007,Multi-Family,6,4.5,4684,3704,1912,685600.0,2023-06-26,Active,,,56,0.0,3,No,Yes,2023-06-26,2026-08-28
UPDATE,2026-08-28T00:00:00,2026-08-28,PT0427742,LST0427742,AG01900,LOC0144,Single Family,4,4.0,3079,11143,1953,920200.0,2026-06-29,Sold,900920.98,2026-08-28,60,0.0,1,No,No,2026-06-29,2026-08-28
UPDATE,2026-08-28T00:00:00,2026-08-28,PT0458216,LST0458216,AG00488,LOC0114,Multi-Family,5,3.0,5694,3222,1972,685600.0,2026-03-11,Active,,,0,0.0,2,No,Yes,2026-03-11,2026-08-28
UPDATE,2026-08-28T00:00:00,2026-08-28,PT0088699,LST0088699,AG02661,LOC0026,Single Family,4,3.0,2543,2771,1949,628000.0,2025-05-31,Sold,587585.76,2026-08-28,454,0.0,1,No,Yes,2025-05-31,2026-08-28
UPDATE,2026-08-28T00:00:00,2026-08-28,PT0510324,LST0510324,AG01564,LOC0111,Single Family,1,3.5,2594,7611,1984,248300.0,2026-07-09,Active,,,0,0.0,0,No,No,2026-07-09,2026-08-28
UPDATE,2026-08-28T00:00:00,2026-08-28,PT0465690,LST0465690,AG02183,LOC0205,Condo,2,2.5,2245,7022,1941,351700.0,2024-07-29,Active,,,71,735.0,0,No,No,2024-07-29,2026-08-28
UPDATE,2026-08-28T00:00:00,2026-08-28,PT0555744,LST0555744,AG00330,LOC0113,Single Family,5,3.0,2007,3342,2001,736700.0,2026-08-19,Active,,,0,0.0,3,No,Yes,2026-08-19,2026-08-28
UPDATE,2026-08-28T00:00:00,2026-08-28,PT0248017,LST0248017,AG02513,LOC0053,Condo,6,2.5,2076,5308,1951,601300.0,2023-07-15,Sold,560261.4,2026-08-28,1140,169.0,2,No,No,2023-07-15,2026-08-28
UPDATE,2026-08-28T00:00:00,2026-08-28,PT0510316,LST0510316,AG01842,LOC0196,Single Family,1,4.5,2629,8171,1996,337300.0,2026-07-09,Sold,338787.21,2026-08-28,50,0.0,1,No,Yes,2026-07-09,2026-08-28
UPDATE,2026-08-28T00:00:00,2026-08-28,PT0547757,LST0547757,AG02658,LOC0167,Single Family,2,4.0,3072,3141,1978,1730000.0,2026-08-11,Active,,,0,0.0,1,No,Yes,2026-08-11,2026-08-28
UPDATE,2026-08-28T00:00:00,2026-08-28,PT0065987,LST0065987,AG01685,LOC0090,Single Family,3,3.0,995,6214,2020,75100.0,2024-04-02,Active,,,66,0.0,2,No,No,2024-04-02,2026-08-28
UPDATE,2026-08-28T00:00:00,2026-08-28,PT0179686,LST0179686,AG00366,LOC0125,Townhouse,5,3.0,992,4045,1989,194500.0,2025-05-10,Active,,,85,756.0,1,No,No,2025-05-10,2026-08-28
UPDATE,2026-08-28T00:00:00,2026-08-28,PT0357371,LST0357371,AG02648,LOC0015,Single Family,6,4.5,1077,3411,1915,282300.0,2024-07-20,Pending,,,77,0.0,3,No,No,2024-07-20,2026-08-28
UPDATE,2026-08-28T00:00:00,2026-08-28,PT0509120,LST0509120,AG00149,LOC0130,Single Family,4,1.5,2596,2908,1900,273400.0,2026-07-08,Pending,,,0,0.0,1,No,No,2026-07-08,2026-08-28
UPDATE,2026-08-28T00:00:00,2026-08-28,PT0499206,LST0499206,AG02419,LOC0096,Single Family,4,3.0,3335,1300,1911,799900.0,2025-04-16,Sold,783527.5,2026-08-28,499,0.0,3,No,Yes,2025-04-16,2026-08-28
UPDATE,2026-08-28T00:00:00,2026-08-28,PT0526828,LST0526828,AG01714,LOC0107,Apartment,1,2.0,1106,0,1972,231900.0,2026-07-24,Active,,,0,379.86,2,No,No,2026-07-24,2026-08-28
UPDATE,2026-08-28T00:00:00,2026-08-28,PT0184163,LST0184163,AG01237,LOC0130,Single Family,1,2.0,2289,4336,1909,519400.0,2023-03-20,Pending,,,102,0.0,2,No,No,2023-03-20,2026-08-28
UPDATE,2026-08-28T00:00:00,2026-08-28,PT0202349,LST0202349,AG01696,LOC0027,Condo,6,1.0,1905,12224,1922,804400.0,2023-05-08,Sold,766693.44,2026-08-28,1208,611.0,1,No,No,2023-05-08,2026-08-28
UPDATE,2026-08-28T00:00:00,2026-08-28,PT0073727,LST0073727,AG00838,LOC0147,Single Family,6,2.5,1584,4284,1942,287300.0,2023-12-26,Active,,,46,0.0,2,No,No,2023-12-26,2026-08-28
UPDATE,2026-08-28T00:00:00,2026-08-28,PT0263865,LST0263865,AG00537,LOC0225,Apartment,5,3.0,1031,0,2007,408500.0,2026-04-26,Pending,,,8,694.0,3,No,No,2026-04-26,2026-08-28
UPDATE,2026-08-28T00:00:00,2026-08-28,PT0092945,LST0092945,AG02341,LOC0097,Single Family,3,1.0,2170,1533,1912,549000.0,2026-04-22,Sold,545115.98,2026-08-28,128,0.0,1,No,Yes,2026-04-22,2026-08-28
UPDATE,2026-08-28T00:00:00,2026-08-28,PT0339041,LST0339041,AG01783,LOC0015,Single Family,3,3.5,585,11029,1919,187200.0,2025-01-16,Sold,169469.34,2026-08-28,589,0.0,0,No,No,2025-01-16,2026-08-28
UPDATE,2026-08-28T00:00:00,2026-08-28,PT0087723,LST0087723,AG01419,LOC0180,Single Family,5,2.0,2711,2093,1986,640400.0,2025-06-15,Active,,,14,0.0,2,No,No,2025-06-15,2026-08-28
UPDATE,2026-08-28T00:00:00,2026-08-28,PT0319657,LST0319657,AG02227,LOC0078,Townhouse,6,4.5,1848,3500,1916,748300.0,2024-11-19,Pending,,,136,619.0,3,No,No,2024-11-19,2026-08-28
UPDATE,2026-08-28T00:00:00,2026-08-28,PT0024155,LST0024155,AG01247,LOC0078,Condo,2,1.0,300,1289,1921,155100.0,2025-09-02,Active,,,20,492.0,2,Yes,No,2025-09-02,2026-08-28
UPDATE,2026-08-28T00:00:00,2026-08-28,PT0556055,LST0556055,AG00357,LOC0041,Single Family,6,3.0,1867,15252,1928,136600.0,2026-08-19,Active,,,0,0.0,0,No,Yes,2026-08-19,2026-08-28
UPDATE,2026-08-28T00:00:00,2026-08-28,PT0120274,LST0120274,AG00888,LOC0039,Single Family,6,4.0,1869,18669,1935,581300.0,2024-08-01,Active,,,23,0.0,2,No,Yes,2024-08-01,2026-08-28
UPDATE,2026-08-28T00:00:00,2026-08-28,PT0058851,LST0058851,AG02726,LOC0181,Townhouse,2,3.0,1972,1253,1956,409400.0,2023-07-12,Pending,,,170,636.0,3,No,No,2023-07-12,2026-08-28
UPDATE,2026-08-28T00:00:00,2026-08-28,PT0560198,LST0560198,AG00083,LOC0095,Townhouse,6,4.5,2596,7952,1991,1310100.0,2026-08-22,Active,,,0,229.81,1,No,No,2026-08-22,2026-08-28
UPDATE,2026-08-28T00:00:00,2026-08-28,PT0151952,LST0151952,AG00139,LOC0162,Townhouse,1,3.5,2431,8498,1938,362500.0,2025-05-31,Active,,,51,226.0,0,Yes,No,2025-05-31,2026-08-28
UPDATE,2026-08-28T00:00:00,2026-08-28,PT0561933,LST0561933,AG02178,LOC0123,Land,0,0.0,4194,1877,1948,746000.0,2026-08-24,Active,,,0,0.0,0,No,No,2026-08-24,2026-08-28
UPDATE,2026-08-28T00:00:00,2026-08-28,PT0040396,LST0040396,AG00464,LOC0075,Land,0,0.0,3509,1820,2010,509400.0,2025-06-03,Pending,,,82,0.0,0,No,No,2025-06-03,2026-08-28
UPDATE,2026-08-28T00:00:00,2026-08-28,PT0031329,LST0031329,AG00473,LOC0084,Condo,3,4.0,1666,8361,2007,516200.0,2024-02-12,Pending,,,111,124.0,2,No,No,2024-02-12,2026-08-28
UPDATE,2026-08-28T00:00:00,2026-08-28,PT0381497,LST0381497,AG00949,LOC0083,Apartment,3,4.0,1289,0,1949,308000.0,2025-06-15,Pending,,,84,59.0,1,Yes,No,2025-06-15,2026-08-28
UPDATE,2026-08-28T00:00:00,2026-08-28,PT0323063,LST0323063,AG00616,LOC0204,Condo,3,1.5,2001,7494,1924,910000.0,2025-11-13,Pending,,,165,610.0,1,No,No,2025-11-13,2026-08-28
UPDATE,2026-08-28T00:00:00,2026-08-28,PT0370588,LST0370588,AG01597,LOC0026,Land,0,0.0,5569,12502,2012,1912400.0,2025-10-22,Active,,,107,0.0,0,No,No,2025-10-22,2026-08-28
UPDATE,2026-08-28T00:00:00,2026-08-28,PT0508038,LST0508038,AG02157,LOC0006,Condo,5,4.0,2046,1569,1991,329800.0,2026-07-07,Active,,,0,794.89,2,No,No,2026-07-07,2026-08-28
UPDATE,2026-08-28T00:00:00,2026-08-28,PT0514279,LST0514279,AG00582,LOC0190,Land,0,0.0,5300,4065,1959,1587600.0,2026-07-12,Active,,,0,0.0,0,No,No,2026-07-12,2026-08-28
UPDATE,2026-08-28T00:00:00,2026-08-28,PT0437880,LST0437880,AG00807,LOC0057,Condo,6,1.0,1151,1981,1972,527500.0,2026-03-19,Pending,,,105,69.0,1,No,No,2026-03-19,2026-08-28
UPDATE,2026-08-28T00:00:00,2026-08-28,PT0101412,LST0101412,AG02003,LOC0250,Single Family,5,2.0,812,2759,2017,255400.0,2025-10-05,Pending,,,124,0.0,2,Yes,No,2025-10-05,2026-08-28
UPDATE,2026-08-28T00:00:00,2026-08-28,PT0201967,LST0201967,AG00179,LOC0081,Single Family,6,4.5,1485,2676,1903,474100.0,2025-02-08,Pending,,,142,0.0,1,Yes,No,2025-02-08,2026-08-28
UPDATE,2026-08-28T00:00:00,2026-08-28,PT0178596,LST0178596,AG02335,LOC0067,Single Family,6,4.5,2656,1823,1948,415500.0,2023-10-13,Pending,,,20,0.0,0,No,Yes,2023-10-13,2026-08-28
UPDATE,2026-08-28T00:00:00,2026-08-28,PT0199142,LST0199142,AG00209,LOC0117,Townhouse,3,1.0,1285,10536,1932,332900.0,2025-02-12,Pending,,,2,575.0,0,No,No,2025-02-12,2026-08-28
UPDATE,2026-08-28T00:00:00,2026-08-28,PT0542477,LST0542477,AG00457,LOC0175,Single Family,5,2.5,971,1523,1940,152100.0,2026-08-06,Sold,134716.22,2026-08-28,22,0.0,2,No,No,2026-08-06,2026-08-28
UPDATE,2026-08-28T00:00:00,2026-08-28,PT0127705,LST0127705,AG02141,LOC0241,Single Family,6,3.0,2147,3656,2011,271300.0,2023-02-02,Sold,246231.0,2026-08-28,1303,0.0,0,No,Yes,2023-02-02,2026-08-28
UPDATE,2026-08-28T00:00:00,2026-08-28,PT0535105,LST0535105,AG01355,LOC0085,Condo,2,3.0,2273,1580,1996,662300.0,2026-07-31,Sold,706618.88,2026-08-28,28,489.17,1,No,No,2026-07-31,2026-08-28
UPDATE,2026-08-28T00:00:00,2026-08-28,PT0223308,LST0223308,AG02168,LOC0010,Land,0,0.0,8438,3375,1981,981500.0,2023-09-14,Active,,,111,0.0,0,No,No,2023-09-14,2026-08-28
UPDATE,2026-08-28T00:00:00,2026-08-28,PT0481509,LST0481509,AG00575,LOC0017,Townhouse,4,1.0,1369,1909,1980,551500.0,2024-04-20,Active,,,167,316.0,3,No,No,2024-04-20,2026-08-28
UPDATE,2026-08-28T00:00:00,2026-08-28,PT0484436,LST0484436,AG02612,LOC0008,Multi-Family,5,2.0,3618,12051,1959,735300.0,2025-05-11,Active,,,1,0.0,0,No,No,2025-05-11,2026-08-28
UPDATE,2026-08-28T00:00:00,2026-08-28,PT0117813,LST0117813,AG02038,LOC0228,Townhouse,5,2.5,1566,3045,1957,848600.0,2025-07-28,Active,,,78,607.0,0,Yes,No,2025-07-28,2026-08-28
UPDATE,2026-08-28T00:00:00,2026-08-28,PT0513581,LST0513581,AG02225,LOC0228,Townhouse,5,2.0,2548,1139,2013,1561900.0,2026-07-12,Sold,1550950.7,2026-08-28,47,510.85,2,No,No,2026-07-12,2026-08-28
UPDATE,2026-08-28T00:00:00,2026-08-28,PT0451869,LST0451869,AG02652,LOC0221,Single Family,2,4.5,1162,6321,1993,304600.0,2025-12-07,Pending,,,87,0.0,0,No,Yes,2025-12-07,2026-08-28
UPDATE,2026-08-28T00:00:00,2026-08-28,PT0510934,LST0510934,AG00163,LOC0245,Townhouse,1,4.5,1581,1540,2005,379000.0,2026-07-09,Active,,,0,201.54,0,No,No,2026-07-09,2026-08-28
UPDATE,2026-08-28T00:00:00,2026-08-28,PT0254455,LST0254455,AG02604,LOC0188,Single Family,1,2.5,1443,4124,2016,151800.0,2023-07-28,Active,,,110,0.0,0,No,No,2023-07-28,2026-08-28
UPDATE,2026-08-28T00:00:00,2026-08-28,PT0326015,LST0326015,AG02586,LOC0091,Single Family,6,2.0,2319,2101,1949,857600.0,2024-01-14,Pending,,,39,0.0,1,No,Yes,2024-01-14,2026-08-28
UPDATE,2026-08-28T00:00:00,2026-08-28,PT0164920,LST0164920,AG02926,LOC0112,Single Family,3,4.0,2296,1134,1928,69600.0,2023-12-28,Active,,,15,0.0,0,No,No,2023-12-28,2026-08-28
UPDATE,2026-08-28T00:00:00,2026-08-28,PT0093386,LST0093386,AG00530,LOC0134,Single Family,6,1.5,1245,3263,1932,203500.0,2023-01-06,Pending,,,169,0.0,0,No,Yes,2023-01-06,2026-08-28
UPDATE,2026-08-28T00:00:00,2026-08-28,PT0093705,LST0093705,AG00526,LOC0132,Multi-Family,6,2.0,3514,2077,2001,1161600.0,2026-04-26,Active,,,20,0.0,0,No,No,2026-04-26,2026-08-28
UPDATE,2026-08-28T00:00:00,2026-08-28,PT0075666,LST0075666,AG00215,LOC0059,Single Family,6,2.0,2076,5452,2015,322300.0,2025-07-29,Sold,313765.06,2026-08-28,395,0.0,2,No,No,2025-07-29,2026-08-28
UPDATE,2026-08-28T00:00:00,2026-08-28,PT0118173,LST0118173,AG00800,LOC0199,Single Family,3,3.0,2319,2268,1900,518000.0,2025-11-24,Sold,502112.92,2026-08-28,277,0.0,1,No,No,2025-11-24,2026-08-28
UPDATE,2026-08-28T00:00:00,2026-08-28,PT0521188,LST0521188,AG02364,LOC0108,Condo,4,2.5,2408,9390,1919,324300.0,2026-07-19,Pending,,,0,234.74,0,No,No,2026-07-19,2026-08-28
UPDATE,2026-08-28T00:00:00,2026-08-28,PT0562390,LST0562390,AG01173,LOC0090,Single Family,2,2.0,1529,5680,1957,593700.0,2026-08-24,Pending,,,0,0.0,1,No,No,2026-08-24,2026-08-28
UPDATE,2026-08-28T00:00:00,2026-08-28,PT0498371,LST0498371,AG01983,LOC0197,Single Family,2,3.0,1307,2234,1960,375800.0,2025-05-07,Sold,374610.12,2026-08-28,478,0.0,3,No,No,2025-05-07,2026-08-28
UPDATE,2026-08-28T00:00:00,2026-08-28,PT0298535,LST0298535,AG02005,LOC0011,Townhouse,6,2.5,1577,2919,2023,172400.0,2026-06-12,Sold,169801.32,2026-08-28,77,613.0,2,No,No,2026-06-12,2026-08-28
UPDATE,2026-08-28T00:00:00,2026-08-28,PT0077713,LST0077713,AG00402,LOC0195,Townhouse,1,3.0,2793,8114,1902,272400.0,2023-10-20,Active,,,35,777.0,2,No,No,2023-10-20,2026-08-28
UPDATE,2026-08-28T00:00:00,2026-08-28,PT0402696,LST0402696,AG00564,LOC0072,Land,0,0.0,7571,5290,1955,1025100.0,2026-05-18,Active,,,0,0.0,0,No,No,2026-05-18,2026-08-28
UPDATE,2026-08-28T00:00:00,2026-08-28,PT0318043,LST0318043,AG02732,LOC0057,Condo,3,3.5,1063,1147,2022,446500.0,2023-10-30,Pending,,,179,202.0,3,Yes,No,2023-10-30,2026-08-28
UPDATE,2026-08-28T00:00:00,2026-08-28,PT0545502,LST0545502,AG02766,LOC0152,Single Family,1,4.5,876,5942,1947,198100.0,2026-08-09,Pending,,,0,0.0,2,No,Yes,2026-08-09,2026-08-28
UPDATE,2026-08-28T00:00:00,2026-08-28,PT0160616,LST0160616,AG01343,LOC0048,Single Family,2,3.5,3674,4174,2008,1686900.0,2025-01-19,Sold,1583185.83,2026-08-28,586,0.0,0,Yes,No,2025-01-19,2026-08-28
UPDATE,2026-08-28T00:00:00,2026-08-28,PT0527520,LST0527520,AG02109,LOC0074,Townhouse,5,2.0,2074,1358,1994,687900.0,2026-07-24,Active,,,0,346.36,3,Yes,No,2026-07-24,2026-08-28
UPDATE,2026-08-28T00:00:00,2026-08-28,PT0164166,LST0164166,AG01756,LOC0205,Multi-Family,3,3.0,3348,20648,1973,1493100.0,2026-03-22,Pending,,,127,0.0,2,No,No,2026-03-22,2026-08-28
UPDATE,2026-08-28T00:00:00,2026-08-28,PT0038763,LST0038763,AG02376,LOC0222,Condo,4,4.5,2479,2113,1913,740800.0,2025-03-01,Pending,,,178,661.0,1,No,No,2025-03-01,2026-08-28
UPDATE,2026-08-28T00:00:00,2026-08-28,PT0369887,LST0369887,AG02358,LOC0245,Townhouse,2,4.5,1886,3916,1916,371600.0,2023-05-01,Active,,,107,230.0,0,No,No,2023-05-01,2026-08-28
UPDATE,2026-08-28T00:00:00,2026-08-28,PT0515053,LST0515053,AG02524,LOC0134,Condo,3,2.0,2167,18612,1929,644200.0,2026-07-13,Active,,,0,279.41,1,No,No,2026-07-13,2026-08-28
UPDATE,2026-08-28T00:00:00,2026-08-28,PT0219024,LST0219024,AG00197,LOC0144,Condo,2,3.0,2336,2967,2002,1100100.0,2025-12-16,Sold,1164041.53,2026-08-28,255,195.0,1,No,No,2025-12-16,2026-08-28
UPDATE,2026-08-28T00:00:00,2026-08-28,PT0423304,LST0423304,AG01216,LOC0249,Condo,6,1.5,937,1231,1916,455300.0,2024-04-12,Active,,,21,689.0,3,Yes,No,2024-04-12,2026-08-28
UPDATE,2026-08-28T00:00:00,2026-08-28,PT0360841,LST0360841,AG00196,LOC0248,Multi-Family,2,4.5,3259,4625,1958,163400.0,2026-01-01,Pending,,,121,0.0,1,No,No,2026-01-01,2026-08-28
UPDATE,2026-08-28T00:00:00,2026-08-28,PT0540956,LST0540956,AG02582,LOC0171,Single Family,4,3.5,858,12822,2002,256800.0,2026-08-05,Pending,,,0,0.0,2,No,Yes,2026-08-05,2026-08-28
UPDATE,2026-08-28T00:00:00,2026-08-28,PT0125871,LST0125871,AG02216,LOC0118,Condo,1,2.0,1288,2281,1944,399300.0,2024-07-17,Pending,,,18,657.0,1,No,No,2024-07-17,2026-08-28
UPDATE,2026-08-28T00:00:00,2026-08-28,PT0137837,LST0137837,AG00586,LOC0088,Single Family,6,4.5,2332,3648,2006,258700.0,2023-02-25,Active,,,72,0.0,3,No,Yes,2023-02-25,2026-08-28
UPDATE,2026-08-28T00:00:00,2026-08-28,PT0377382,LST0377382,AG01086,LOC0129,Single Family,3,3.5,467,1207,1902,148600.0,2024-12-19,Pending,,,159,0.0,1,Yes,No,2024-12-19,2026-08-28
UPDATE,2026-08-28T00:00:00,2026-08-28,PT0524770,LST0524770,AG02816,LOC0028,Condo,3,3.5,1124,3137,2001,122200.0,2026-07-22,Active,,,0,497.54,1,No,No,2026-07-22,2026-08-28
UPDATE,2026-08-28T00:00:00,2026-08-28,PT0416326,LST0416326,AG02772,LOC0104,Condo,2,4.0,1025,8121,1933,66000.0,2023-12-30,Active,,,45,105.0,3,No,No,2023-12-30,2026-08-28
UPDATE,2026-08-28T00:00:00,2026-08-28,PT0394781,LST0394781,AG02811,LOC0130,Single Family,2,4.5,300,4879,2011,52900.0,2024-11-26,Active,,,137,0.0,3,No,No,2024-11-26,2026-08-28
UPDATE,2026-08-28T00:00:00,2026-08-28,PT0401177,LST0401177,AG00828,LOC0048,Single Family,2,3.0,2711,4030,1916,612300.0,2024-12-28,Pending,,,50,0.0,2,Yes,No,2024-12-28,2026-08-28
UPDATE,2026-08-28T00:00:00,2026-08-28,PT0315436,LST0315436,AG01206,LOC0085,Single Family,5,1.5,2011,4986,1902,512500.0,2024-12-15,Pending,,,45,0.0,1,Yes,Yes,2024-12-15,2026-08-28
UPDATE,2026-08-28T00:00:00,2026-08-28,PT0378101,LST0378101,AG02283,LOC0147,Condo,5,1.5,902,2759,1907,128000.0,2024-09-06,Pending,,,69,468.0,2,No,No,2024-09-06,2026-08-28
UPDATE,2026-08-28T00:00:00,2026-08-28,PT0019211,LST0019211,AG00234,LOC0089,Single Family,2,4.0,1926,4057,1928,544800.0,2024-07-04,Pending,,,14,0.0,1,No,Yes,2024-07-04,2026-08-28
UPDATE,2026-08-28T00:00:00,2026-08-28,PT0351069,LST0351069,AG01325,LOC0028,Land,0,0.0,5104,6180,1952,631000.0,2026-02-12,Pending,,,115,0.0,0,No,No,2026-02-12,2026-08-28
UPDATE,2026-08-28T00:00:00,2026-08-28,PT0299231,LST0299231,AG01375,LOC0202,Single Family,5,3.5,1469,1282,1996,397200.0,2023-01-30,Pending,,,66,0.0,1,Yes,No,2023-01-30,2026-08-28
UPDATE,2026-08-28T00:00:00,2026-08-28,PT0165604,LST0165604,AG01066,LOC0078,Single Family,4,1.5,3465,4817,1942,1982800.0,2025-09-04,Active,,,59,0.0,2,No,No,2025-09-04,2026-08-28
UPDATE,2026-08-28T00:00:00,2026-08-28,PT0179601,LST0179601,AG01397,LOC0010,Condo,5,3.0,1676,7689,1937,395700.0,2025-09-19,Pending,,,13,472.0,2,No,No,2025-09-19,2026-08-28
UPDATE,2026-08-28T00:00:00,2026-08-28,PT0089303,LST0089303,AG01644,LOC0102,Single Family,3,2.0,2514,10645,1979,806200.0,2024-04-30,Active,,,40,0.0,2,No,No,2024-04-30,2026-08-28
UPDATE,2026-08-28T00:00:00,2026-08-28,PT0471156,LST0471156,AG00850,LOC0114,Multi-Family,2,3.5,4558,3692,1936,1387900.0,2023-10-08,Pending,,,173,0.0,3,No,Yes,2023-10-08,2026-08-28
UPDATE,2026-08-28T00:00:00,2026-08-28,PT0412668,LST0412668,AG02535,LOC0151,Single Family,1,1.5,2213,2594,2005,219600.0,2025-05-31,Pending,,,50,0.0,0,No,Yes,2025-05-31,2026-08-28
UPDATE,2026-08-28T00:00:00,2026-08-28,PT0438124,LST0438124,AG00019,LOC0015,Apartment,2,3.0,2167,0,1939,453000.0,2023-12-17,Sold,432185.02,2026-08-28,985,582.0,3,Yes,No,2023-12-17,2026-08-28
UPDATE,2026-08-28T00:00:00,2026-08-28,PT0228897,LST0228897,AG02457,LOC0102,Condo,3,2.5,2655,10722,1905,444200.0,2024-08-01,Active,,,110,503.0,0,No,No,2024-08-01,2026-08-28
UPDATE,2026-08-28T00:00:00,2026-08-28,PT0559960,LST0559960,AG00446,LOC0086,Single Family,3,3.5,1371,9371,2019,243400.0,2026-08-22,Sold,230819.2,2026-08-28,6,0.0,2,No,No,2026-08-22,2026-08-28
UPDATE,2026-08-28T00:00:00,2026-08-28,PT0116146,LST0116146,AG02883,LOC0086,Single Family,3,4.5,1533,1342,1913,176200.0,2026-01-28,Pending,,,132,0.0,0,No,Yes,2026-01-28,2026-08-28
UPDATE,2026-08-28T00:00:00,2026-08-28,PT0466092,LST0466092,AG00245,LOC0060,Single Family,2,3.0,1298,11380,2021,495100.0,2026-06-16,Pending,,,47,0.0,1,No,Yes,2026-06-16,2026-08-28
UPDATE,2026-08-28T00:00:00,2026-08-28,PT0552117,LST0552117,AG02743,LOC0154,Multi-Family,3,2.5,4595,1897,1915,1119100.0,2026-08-15,Active,,,0,0.0,3,No,Yes,2026-08-15,2026-08-28
UPDATE,2026-08-28T00:00:00,2026-08-28,PT0154114,LST0154114,AG01098,LOC0155,Townhouse,4,2.0,1791,3477,1904,411000.0,2026-02-20,Pending,,,66,342.0,2,No,No,2026-02-20,2026-08-28
UPDATE,2026-08-28T00:00:00,2026-08-28,PT0538951,LST0538951,AG01090,LOC0050,Single Family,4,2.0,1656,4490,1923,443700.0,2026-08-03,Active,,,0,0.0,0,No,No,2026-08-03,2026-08-28
UPDATE,2026-08-28T00:00:00,2026-08-28,PT0334884,LST0334884,AG02196,LOC0237,Single Family,4,2.0,300,3236,1928,54600.0,2025-07-15,Pending,,,147,0.0,0,No,No,2025-07-15,2026-08-28
UPDATE,2026-08-28T00:00:00,2026-08-28,PT0318751,LST0318751,AG01220,LOC0025,Single Family,3,2.0,1032,1148,1917,368300.0,2024-12-08,Active,,,176,0.0,0,No,Yes,2024-12-08,2026-08-28
UPDATE,2026-08-28T00:00:00,2026-08-28,PT0525029,LST0525029,AG01441,LOC0202,Single Family,4,3.5,2848,1922,1997,1092900.0,2026-07-22,Active,,,0,0.0,0,No,No,2026-07-22,2026-08-28
UPDATE,2026-08-28T00:00:00,2026-08-28,PT0489136,LST0489136,AG00197,LOC0233,Single Family,3,4.5,2914,4719,1927,730200.0,2024-07-29,Pending,,,12,0.0,2,Yes,Yes,2024-07-29,2026-08-28
UPDATE,2026-08-28T00:00:00,2026-08-28,PT0316836,LST0316836,AG01297,LOC0034,Condo,4,3.5,2303,13786,1994,930400.0,2026-04-23,Pending,,,72,347.0,2,No,No,2026-04-23,2026-08-28
UPDATE,2026-08-28T00:00:00,2026-08-28,PT0159601,LST0159601,AG01525,LOC0188,Townhouse,4,4.0,1467,2854,1958,187400.0,2023-01-02,Pending,,,164,603.0,0,No,No,2023-01-02,2026-08-28
UPDATE,2026-08-28T00:00:00,2026-08-28,PT0064198,LST0064198,AG02488,LOC0119,Condo,1,4.5,2476,3020,1943,816100.0,2024-02-23,Pending,,,177,98.0,3,No,No,2024-02-23,2026-08-28
UPDATE,2026-08-28T00:00:00,2026-08-28,PT0071061,LST0071061,AG02159,LOC0190,Land,0,0.0,2573,1195,2023,471800.0,2023-06-05,Pending,,,7,0.0,0,No,No,2023-06-05,2026-08-28
UPDATE,2026-08-28T00:00:00,2026-08-28,PT0285388,LST0285388,AG00659,LOC0070,Single Family,5,2.5,2642,3387,1951,373000.0,2023-03-07,Sold,341042.69,2026-08-28,1270,0.0,1,Yes,No,2023-03-07,2026-08-28
UPDATE,2026-08-28T00:00:00,2026-08-28,PT0559889,LST0559889,AG02594,LOC0084,Single Family,3,2.0,2037,4092,1941,740200.0,2026-08-22,Active,,,0,0.0,1,No,No,2026-08-22,2026-08-28
UPDATE,2026-08-28T00:00:00,2026-08-28,PT0339960,LST0339960,AG02006,LOC0164,Single Family,4,3.0,2950,3619,1959,946700.0,2024-05-04,Sold,981476.56,2026-08-28,846,0.0,3,No,No,2024-05-04,2026-08-28
UPDATE,2026-08-28T00:00:00,2026-08-28,PT0442123,LST0442123,AG01329,LOC0112,Condo,3,4.5,1826,1538,1994,294700.0,2024-03-29,Active,,,55,325.0,2,No,No,2024-03-29,2026-08-28
UPDATE,2026-08-28T00:00:00,2026-08-28,PT0565775,LST0565775,AG00109,LOC0012,Single Family,5,1.0,2938,5646,1933,1681900.0,2026-08-27,Active,,,0,0.0,0,No,No,2026-08-27,2026-08-28
UPDATE,2026-08-28T00:00:00,2026-08-28,PT0095913,LST0095913,AG01298,LOC0059,Single Family,1,1.5,1557,4461,2015,372300.0,2026-01-25,Sold,376619.3,2026-08-28,215,0.0,2,No,No,2026-01-25,2026-08-28
UPDATE,2026-08-28T00:00:00,2026-08-28,PT0115237,LST0115237,AG02263,LOC0054,Single Family,6,2.5,2864,5890,1963,289200.0,2023-11-22,Pending,,,73,0.0,2,Yes,No,2023-11-22,2026-08-28
UPDATE,2026-08-28T00:00:00,2026-08-28,PT0467709,LST0467709,AG01375,LOC0016,Single Family,5,4.0,1794,1254,1940,323400.0,2025-10-01,Active,,,179,0.0,2,No,No,2025-10-01,2026-08-28
UPDATE,2026-08-28T00:00:00,2026-08-28,PT0291198,LST0291198,AG00043,LOC0119,Single Family,4,3.0,2532,11517,1957,771800.0,2025-07-25,Active,,,23,0.0,1,No,No,2025-07-25,2026-08-28
UPDATE,2026-08-28T00:00:00,2026-08-28,PT0023088,LST0023088,AG01614,LOC0239,Single Family,4,1.5,1606,6742,1953,256300.0,2024-02-01,Active,,,66,0.0,3,No,No,2024-02-01,2026-08-28
UPDATE,2026-08-28T00:00:00,2026-08-28,PT0037755,LST0037755,AG02385,LOC0148,Townhouse,1,2.0,1277,12654,1959,217000.0,2024-08-06,Active,,,148,628.0,0,No,No,2024-08-06,2026-08-28
UPDATE,2026-08-28T00:00:00,2026-08-28,PT0073144,LST0073144,AG02360,LOC0189,Single Family,5,3.0,1257,3016,2009,279400.0,2023-03-19,Pending,,,123,0.0,1,No,Yes,2023-03-19,2026-08-28
UPDATE,2026-08-28T00:00:00,2026-08-28,PT0081874,LST0081874,AG02164,LOC0170,Condo,2,3.0,1283,7041,1903,565900.0,2024-08-04,Active,,,73,787.0,2,No,No,2024-08-04,2026-08-28
UPDATE,2026-08-28T00:00:00,2026-08-28,PT0248111,LST0248111,AG00064,LOC0042,Single Family,4,4.0,1925,1400,1993,658700.0,2025-02-14,Sold,655328.93,2026-08-28,560,0.0,3,No,No,2025-02-14,2026-08-28
UPDATE,2026-08-28T00:00:00,2026-08-28,PT0202188,LST0202188,AG00588,LOC0084,Single Family,4,3.5,1456,11955,1906,577300.0,2025-02-24,Active,,,103,0.0,0,No,No,2025-02-24,2026-08-28
UPDATE,2026-08-28T00:00:00,2026-08-28,PT0030858,LST0030858,AG01904,LOC0048,Single Family,3,1.0,2083,1475,2024,1362500.0,2026-02-26,Pending,,,78,0.0,2,No,No,2026-02-26,2026-08-28
UPDATE,2026-08-28T00:00:00,2026-08-28,PT0515442,LST0515442,AG01631,LOC0024,Multi-Family,4,1.5,1837,3109,1973,551500.0,2026-07-13,Pending,,,0,0.0,2,Yes,Yes,2026-07-13,2026-08-28
UPDATE,2026-08-28T00:00:00,2026-08-28,PT0481374,LST0481374,AG02526,LOC0103,Apartment,1,2.5,691,0,1911,218300.0,2024-07-31,Active,,,138,429.0,1,No,No,2024-07-31,2026-08-28
UPDATE,2026-08-28T00:00:00,2026-08-28,PT0037873,LST0037873,AG02580,LOC0107,Condo,6,3.0,1140,6627,1914,251800.0,2024-01-09,Sold,237827.65,2026-08-28,962,191.0,3,No,No,2024-01-09,2026-08-28
UPDATE,2026-08-28T00:00:00,2026-08-28,PT0511579,LST0511579,AG02456,LOC0011,Single Family,5,3.0,2361,3722,2018,1882600.0,2026-07-10,Active,,,0,0.0,3,No,No,2026-07-10,2026-08-28
UPDATE,2026-08-28T00:00:00,2026-08-28,PT0275425,LST0275425,AG01748,LOC0211,Apartment,4,1.5,1875,0,1901,817700.0,2024-11-10,Pending,,,44,212.0,0,No,No,2024-11-10,2026-08-28
UPDATE,2026-08-28T00:00:00,2026-08-28,PT0519391,LST0519391,AG02886,LOC0004,Land,0,0.0,9113,1363,1965,1281200.0,2026-07-17,Sold,1167676.99,2026-08-28,42,0.0,0,No,No,2026-07-17,2026-08-28
UPDATE,2026-08-28T00:00:00,2026-08-28,PT0551936,LST0551936,AG02535,LOC0233,Single Family,3,2.5,1729,1028,2008,865500.0,2026-08-15,Active,,,0,0.0,2,No,Yes,2026-08-15,2026-08-28
UPDATE,2026-08-28T00:00:00,2026-08-28,PT0326599,LST0326599,AG02851,LOC0106,Multi-Family,6,2.0,2329,2151,1903,742000.0,2023-09-01,Active,,,143,0.0,0,No,Yes,2023-09-01,2026-08-28
UPDATE,2026-08-28T00:00:00,2026-08-28,PT0499563,LST0499563,AG00604,LOC0191,Townhouse,5,4.5,1519,8531,1995,501900.0,2023-12-24,Active,,,109,715.0,2,No,No,2023-12-24,2026-08-28
UPDATE,2026-08-28T00:00:00,2026-08-28,PT0107216,LST0107216,AG01234,LOC0112,Condo,5,4.0,2763,20910,1968,537400.0,2024-09-29,Pending,,,158,794.0,1,No,No,2024-09-29,2026-08-28
UPDATE,2026-08-28T00:00:00,2026-08-28,PT0299041,LST0299041,AG01068,LOC0029,Single Family,6,3.5,1511,1570,1979,360800.0,2023-05-05,Active,,,163,0.0,0,Yes,Yes,2023-05-05,2026-08-28
UPDATE,2026-08-28T00:00:00,2026-08-28,PT0566698,LST0566698,AG02438,LOC0163,Townhouse,4,1.0,1467,12119,1935,551700.0,2026-08-28,Active,,,0,389.89,0,No,No,2026-08-28,2026-08-28
UPDATE,2026-08-28T00:00:00,2026-08-28,PT0188807,LST0188807,AG01988,LOC0158,Townhouse,5,1.5,1458,1053,1924,535900.0,2026-05-20,Pending,,,103,757.0,3,No,No,2026-05-20,2026-08-28
UPDATE,2026-08-28T00:00:00,2026-08-28,PT0509124,LST0509124,AG00878,LOC0224,Single Family,1,1.5,2782,7011,1953,798500.0,2026-07-08,Pending,,,0,0.0,2,No,No,2026-07-08,2026-08-28
UPDATE,2026-08-28T00:00:00,2026-08-28,PT0405752,LST0405752,AG01276,LOC0156,Condo,5,4.5,2506,4624,1925,831300.0,2023-12-25,Active,,,60,194.0,2,No,No,2023-12-25,2026-08-28
UPDATE,2026-08-28T00:00:00,2026-08-28,PT0172331,LST0172331,AG00222,LOC0044,Single Family,3,3.0,1239,1838,2009,423400.0,2024-04-25,Pending,,,163,0.0,0,No,Yes,2024-04-25,2026-08-28
UPDATE,2026-08-28T00:00:00,2026-08-28,PT0135031,LST0135031,AG00809,LOC0215,Land,0,0.0,6524,3717,1944,2580400.0,2025-10-17,Sold,2497719.53,2026-08-28,315,0.0,0,No,No,2025-10-17,2026-08-28
UPDATE,2026-08-28T00:00:00,2026-08-28,PT0286213,LST0286213,AG01174,LOC0059,Single Family,6,4.5,2039,2497,1952,163900.0,2024-02-03,Active,,,90,0.0,1,No,Yes,2024-02-03,2026-08-28
UPDATE,2026-08-28T00:00:00,2026-08-28,PT0389673,LST0389673,AG00425,LOC0065,Multi-Family,4,4.5,2134,5094,2021,386200.0,2023-07-28,Pending,,,12,0.0,1,Yes,No,2023-07-28,2026-08-28
UPDATE,2026-08-28T00:00:00,2026-08-28,PT0311932,LST0311932,AG02361,LOC0129,Multi-Family,2,3.5,2225,5751,1978,1146600.0,2025-03-10,Active,,,18,0.0,1,No,No,2025-03-10,2026-08-28
UPDATE,2026-08-28T00:00:00,2026-08-28,PT0255023,LST0255023,AG00210,LOC0013,Townhouse,1,2.5,1787,2521,2006,318900.0,2025-09-19,Pending,,,13,570.0,0,No,No,2025-09-19,2026-08-28
UPDATE,2026-08-28T00:00:00,2026-08-28,PT0334599,LST0334599,AG01152,LOC0147,Condo,2,2.5,1529,3203,1987,150700.0,2024-02-09,Pending,,,35,418.0,3,No,No,2024-02-09,2026-08-28
UPDATE,2026-08-28T00:00:00,2026-08-28,PT0296606,LST0296606,AG02406,LOC0237,Townhouse,5,3.5,1405,2435,1956,168700.0,2023-03-15,Sold,154990.13,2026-08-28,1262,755.0,3,No,No,2023-03-15,2026-08-28
UPDATE,2026-08-28T00:00:00,2026-08-28,PT0414925,LST0414925,AG02887,LOC0102,Single Family,6,3.5,2640,4925,1919,820600.0,2024-07-18,Pending,,,161,0.0,0,No,No,2024-07-18,2026-08-28
UPDATE,2026-08-28T00:00:00,2026-08-28,PT0504620,LST0504620,AG02104,LOC0014,Single Family,3,4.5,407,3168,1991,186000.0,2026-07-04,Active,,,0,0.0,1,No,No,2026-07-04,2026-08-28
UPDATE,2026-08-28T00:00:00,2026-08-28,PT0263664,LST0263664,AG02250,LOC0233,Single Family,1,4.0,3223,1522,1948,798400.0,2026-03-13,Sold,752710.93,2026-08-28,168,0.0,1,No,No,2026-03-13,2026-08-28
UPDATE,2026-08-28T00:00:00,2026-08-28,PT0491977,LST0491977,AG00228,LOC0151,Condo,2,3.0,1096,2793,1902,233300.0,2025-03-24,Sold,226131.56,2026-08-28,522,61.0,2,No,No,2025-03-24,2026-08-28
UPDATE,2026-08-28T00:00:00,2026-08-28,PT0539908,LST0539908,AG00431,LOC0201,Single Family,1,2.0,2520,3922,1913,272000.0,2026-08-04,Active,,,0,0.0,1,Yes,Yes,2026-08-04,2026-08-28
UPDATE,2026-08-28T00:00:00,2026-08-28,PT0299311,LST0299311,AG00688,LOC0221,Single Family,5,1.0,2489,1464,1927,817200.0,2025-06-10,Sold,889897.57,2026-08-28,444,0.0,0,No,Yes,2025-06-10,2026-08-28
UPDATE,2026-08-28T00:00:00,2026-08-28,PT0320194,LST0320194,AG01476,LOC0009,Single Family,1,4.5,2224,14695,1907,270500.0,2023-11-03,Pending,,,133,0.0,3,No,Yes,2023-11-03,2026-08-28
UPDATE,2026-08-28T00:00:00,2026-08-28,PT0552665,LST0552665,AG01859,LOC0073,Apartment,5,2.0,1452,0,1996,423100.0,2026-08-16,Active,,,0,231.64,0,No,No,2026-08-16,2026-08-28
UPDATE,2026-08-28T00:00:00,2026-08-28,PT0280317,LST0280317,AG01325,LOC0077,Condo,1,4.5,1736,1915,2016,519200.0,2024-01-15,Pending,,,173,766.0,0,No,No,2024-01-15,2026-08-28
UPDATE,2026-08-28T00:00:00,2026-08-28,PT0505700,LST0505700,AG01004,LOC0174,Land,0,0.0,4591,4525,2019,335700.0,2026-07-05,Active,,,0,0.0,0,No,No,2026-07-05,2026-08-28
UPDATE,2026-08-28T00:00:00,2026-08-28,PT0553864,LST0553864,AG01268,LOC0118,Single Family,1,1.5,1971,5735,1914,398300.0,2026-08-17,Sold,354578.02,2026-08-28,11,0.0,0,No,Yes,2026-08-17,2026-08-28
UPDATE,2026-08-28T00:00:00,2026-08-28,PT0280493,LST0280493,AG01230,LOC0204,Single Family,4,2.0,1052,1340,1926,565200.0,2026-02-20,Sold,499611.3,2026-08-28,189,0.0,1,No,Yes,2026-02-20,2026-08-28
UPDATE,2026-08-28T00:00:00,2026-08-28,PT0132835,LST0132835,AG02217,LOC0147,Multi-Family,5,3.5,3462,8640,1988,602900.0,2024-08-28,Pending,,,77,0.0,1,No,No,2024-08-28,2026-08-28
UPDATE,2026-08-28T00:00:00,2026-08-28,PT0405461,LST0405461,AG01775,LOC0157,Apartment,5,2.5,519,0,1994,117400.0,2023-05-06,Pending,,,125,315.0,0,Yes,No,2023-05-06,2026-08-28
UPDATE,2026-08-28T00:00:00,2026-08-28,PT0560439,LST0560439,AG01581,LOC0159,Land,0,0.0,5345,3269,1903,1450400.0,2026-08-23,Pending,,,0,0.0,0,No,No,2026-08-23,2026-08-28
UPDATE,2026-08-28T00:00:00,2026-08-28,PT0560931,LST0560931,AG02204,LOC0038,Single Family,5,2.0,1606,2658,1974,458800.0,2026-08-23,Active,,,0,0.0,2,No,Yes,2026-08-23,2026-08-28
UPDATE,2026-08-28T00:00:00,2026-08-28,PT0404419,LST0404419,AG00176,LOC0090,Single Family,2,2.5,2342,5252,1912,760900.0,2024-07-06,Pending,,,69,0.0,1,No,Yes,2024-07-06,2026-08-28
UPDATE,2026-08-28T00:00:00,2026-08-28,PT0426595,LST0426595,AG00714,LOC0080,Townhouse,1,1.0,952,1219,1977,476100.0,2024-07-15,Active,,,151,121.0,3,No,No,2024-07-15,2026-08-28
UPDATE,2026-08-28T00:00:00,2026-08-28,PT0097763,LST0097763,AG02285,LOC0146,Condo,6,3.5,2373,1197,1956,287100.0,2023-09-07,Active,,,179,322.0,1,No,No,2023-09-07,2026-08-28
UPDATE,2026-08-28T00:00:00,2026-08-28,PT0295849,LST0295849,AG02466,LOC0120,Single Family,6,4.5,1124,7498,2002,473600.0,2026-01-22,Active,,,82,0.0,0,No,No,2026-01-22,2026-08-28
UPDATE,2026-08-28T00:00:00,2026-08-28,PT0549030,LST0549030,AG02621,LOC0111,Condo,5,1.0,2530,2247,1936,304200.0,2026-08-13,Sold,263696.87,2026-08-28,15,487.15,2,No,No,2026-08-13,2026-08-28
UPDATE,2026-08-28T00:00:00,2026-08-28,PT0242317,LST0242317,AG01697,LOC0054,Apartment,5,3.0,622,0,1903,130800.0,2023-01-16,Active,,,76,709.0,2,No,No,2023-01-16,2026-08-28
UPDATE,2026-08-28T00:00:00,2026-08-28,PT0441512,LST0441512,AG00259,LOC0087,Apartment,6,4.5,697,0,1983,252500.0,2023-04-06,Pending,,,83,620.0,2,No,No,2023-04-06,2026-08-28
UPDATE,2026-08-28T00:00:00,2026-08-28,PT0030427,LST0030427,AG00730,LOC0042,Condo,2,1.5,1761,2165,1920,526200.0,2024-09-07,Sold,493757.1,2026-08-28,720,520.0,3,No,No,2024-09-07,2026-08-28
UPDATE,2026-08-28T00:00:00,2026-08-28,PT0103502,LST0103502,AG02921,LOC0207,Townhouse,5,3.0,1392,5597,1915,174000.0,2026-06-02,Pending,,,139,179.0,2,Yes,No,2026-06-02,2026-08-28
UPDATE,2026-08-28T00:00:00,2026-08-28,PT0028978,LST0028978,AG00412,LOC0056,Single Family,4,2.5,1740,6142,1977,635400.0,2024-04-09,Active,,,19,0.0,1,No,Yes,2024-04-09,2026-08-28
UPDATE,2026-08-28T00:00:00,2026-08-28,PT0097450,LST0097450,AG00531,LOC0216,Condo,4,3.0,1539,6145,1913,173800.0,2024-03-23,Pending,,,126,332.0,2,No,No,2024-03-23,2026-08-28
UPDATE,2026-08-28T00:00:00,2026-08-28,PT0050106,LST0050106,AG02179,LOC0089,Multi-Family,3,2.5,4612,8532,1925,889300.0,2025-05-22,Pending,,,172,0.0,1,No,Yes,2025-05-22,2026-08-28
UPDATE,2026-08-28T00:00:00,2026-08-28,PT0437966,LST0437966,AG00908,LOC0057,Single Family,3,3.5,2199,2936,1978,974000.0,2024-02-22,Pending,,,92,0.0,1,Yes,Yes,2024-02-22,2026-08-28
UPDATE,2026-08-28T00:00:00,2026-08-28,PT0018995,LST0018995,AG02453,LOC0182,Condo,3,4.0,1515,9564,1909,488000.0,2024-07-30,Active,,,83,237.0,1,Yes,No,2024-07-30,2026-08-28
UPDATE,2026-08-28T00:00:00,2026-08-28,PT0475340,LST0475340,AG00892,LOC0120,Single Family,5,4.0,3033,7715,1997,1477600.0,2023-03-26,Pending,,,105,0.0,3,Yes,No,2023-03-26,2026-08-28
UPDATE,2026-08-28T00:00:00,2026-08-28,PT0442074,LST0442074,AG02382,LOC0061,Condo,1,1.0,300,12898,1916,34700.0,2024-10-04,Sold,31105.94,2026-08-28,693,418.0,1,No,No,2024-10-04,2026-08-28
UPDATE,2026-08-28T00:00:00,2026-08-28,PT0303298,LST0303298,AG00445,LOC0063,Multi-Family,2,1.5,3517,5654,1967,1255500.0,2023-02-10,Active,,,72,0.0,0,No,Yes,2023-02-10,2026-08-28
UPDATE,2026-08-28T00:00:00,2026-08-28,PT0567245,LST0567245,AG01068,LOC0227,Condo,3,1.0,2327,1540,2015,345300.0,2026-08-28,Sold,350534.7,2026-08-28,0,559.77,1,No,No,2026-08-28,2026-08-28
UPDATE,2026-08-28T00:00:00,2026-08-28,PT0394712,LST0394712,AG00814,LOC0130,Townhouse,6,3.0,1550,3833,1966,149100.0,2023-02-09,Pending,,,35,738.0,3,No,No,2023-02-09,2026-08-28
UPDATE,2026-08-28T00:00:00,2026-08-28,PT0506882,LST0506882,AG00924,LOC0218,Condo,5,3.5,1443,1285,1952,639600.0,2026-07-06,Active,,,0,371.91,1,No,No,2026-07-06,2026-08-28
UPDATE,2026-08-28T00:00:00,2026-08-28,PT0027050,LST0027050,AG01184,LOC0217,Single Family,5,3.0,1968,2837,1955,317900.0,2024-01-28,Sold,312899.69,2026-08-28,943,0.0,1,Yes,Yes,2024-01-28,2026-08-28
UPDATE,2026-08-28T00:00:00,2026-08-28,PT0545648,LST0545648,AG02986,LOC0166,Single Family,2,2.5,1728,5679,1902,656300.0,2026-08-09,Active,,,0,0.0,0,No,No,2026-08-09,2026-08-28
UPDATE,2026-08-28T00:00:00,2026-08-28,PT0122346,LST0122346,AG02552,LOC0063,Single Family,1,1.0,1789,3993,1928,905900.0,2025-10-18,Pending,,,147,0.0,2,No,Yes,2025-10-18,2026-08-28
UPDATE,2026-08-28T00:00:00,2026-08-28,PT0228537,LST0228537,AG01339,LOC0077,Townhouse,5,1.5,1045,1745,1941,288500.0,2026-05-27,Sold,295576.23,2026-08-28,93,240.0,3,No,No,2026-05-27,2026-08-28
UPDATE,2026-08-28T00:00:00,2026-08-28,PT0221577,LST0221577,AG01904,LOC0026,Single Family,5,2.5,1815,2022,1984,661600.0,2023-05-20,Pending,,,29,0.0,3,No,No,2023-05-20,2026-08-28
UPDATE,2026-08-28T00:00:00,2026-08-28,PT0404704,LST0404704,AG02627,LOC0056,Single Family,2,3.0,2405,7347,1960,534100.0,2023-04-05,Sold,514810.65,2026-08-28,1241,0.0,2,No,Yes,2023-04-05,2026-08-28
UPDATE,2026-08-28T00:00:00,2026-08-28,PT0254978,LST0254978,AG02566,LOC0207,Single Family,6,2.0,1463,5694,1984,201800.0,2025-12-27,Active,,,70,0.0,3,No,No,2025-12-27,2026-08-28
UPDATE,2026-08-28T00:00:00,2026-08-28,PT0191301,LST0191301,AG00433,LOC0181,Single Family,2,3.0,1607,3029,1933,96300.0,2025-10-19,Active,,,161,0.0,0,No,Yes,2025-10-19,2026-08-28
UPDATE,2026-08-28T00:00:00,2026-08-28,PT0533521,LST0533521,AG01910,LOC0030,Single Family,3,4.0,3061,2788,2007,791100.0,2026-07-29,Pending,,,0,0.0,2,No,No,2026-07-29,2026-08-28
UPDATE,2026-08-28T00:00:00,2026-08-28,PT0202096,LST0202096,AG02519,LOC0198,Land,0,0.0,4288,1977,1978,383100.0,2025-03-21,Active,,,167,0.0,0,No,No,2025-03-21,2026-08-28
UPDATE,2026-08-28T00:00:00,2026-08-28,PT0165152,LST0165152,AG02212,LOC0184,Single Family,1,2.5,2512,1979,1980,1245800.0,2025-03-26,Sold,1155575.88,2026-08-28,520,0.0,2,Yes,Yes,2025-03-26,2026-08-28
UPDATE,2026-08-28T00:00:00,2026-08-28,PT0520671,LST0520671,AG01796,LOC0053,Condo,2,4.0,2064,4237,1978,629900.0,2026-07-18,Pending,,,0,181.0,2,No,No,2026-07-18,2026-08-28
UPDATE,2026-08-28T00:00:00,2026-08-28,PT0031764,LST0031764,AG00691,LOC0112,Multi-Family,3,1.0,5331,11007,2005,397200.0,2025-11-04,Active,,,11,0.0,2,No,No,2025-11-04,2026-08-28
UPDATE,2026-08-28T00:00:00,2026-08-28,PT0280529,LST0280529,AG01069,LOC0164,Apartment,6,2.5,451,0,1909,94400.0,2023-06-14,Pending,,,48,315.0,2,No,No,2023-06-14,2026-08-28
UPDATE,2026-08-28T00:00:00,2026-08-28,PT0308755,LST0308755,AG02467,LOC0074,Single Family,5,4.0,998,3153,2019,83000.0,2026-03-17,Sold,79851.9,2026-08-28,164,0.0,2,Yes,No,2026-03-17,2026-08-28
UPDATE,2026-08-28T00:00:00,2026-08-28,PT0551407,LST0551407,AG00977,LOC0010,Townhouse,3,1.0,2583,4962,2019,1005200.0,2026-08-15,Active,,,0,412.33,2,No,No,2026-08-15,2026-08-28
UPDATE,2026-08-28T00:00:00,2026-08-28,PT0054910,LST0054910,AG01978,LOC0006,Condo,5,3.0,1761,2506,1934,374100.0,2026-02-16,Active,,,23,395.0,1,No,No,2026-02-16,2026-08-28
UPDATE,2026-08-28T00:00:00,2026-08-28,PT0114274,LST0114274,AG01984,LOC0001,Townhouse,5,4.5,2457,3562,1959,573300.0,2026-06-25,Sold,573086.92,2026-08-28,64,159.0,3,No,No,2026-06-25,2026-08-28
UPDATE,2026-08-28T00:00:00,2026-08-28,PT0345581,LST0345581,AG02434,LOC0206,Single Family,5,2.5,970,2178,2021,457500.0,2024-02-29,Active,,,45,0.0,1,No,No,2024-02-29,2026-08-28
UPDATE,2026-08-28T00:00:00,2026-08-28,PT0364021,LST0364021,AG00789,LOC0064,Condo,2,4.0,764,1075,2009,306000.0,2025-04-23,Pending,,,31,598.0,1,No,No,2025-04-23,2026-08-28
UPDATE,2026-08-28T00:00:00,2026-08-28,PT0458265,LST0458265,AG01673,LOC0127,Single Family,2,1.0,1328,4649,1953,504200.0,2025-07-26,Active,,,113,0.0,3,No,No,2025-07-26,2026-08-28
UPDATE,2026-08-28T00:00:00,2026-08-28,PT0105496,LST0105496,AG00290,LOC0023,Single Family,2,3.5,1294,15345,1985,323500.0,2023-05-14,Active,,,153,0.0,1,No,No,2023-05-14,2026-08-28
UPDATE,2026-08-28T00:00:00,2026-08-28,PT0437033,LST0437033,AG01116,LOC0104,Condo,5,1.0,2315,3433,1950,1117300.0,2025-01-30,Pending,,,92,304.0,3,No,No,2025-01-30,2026-08-28
UPDATE,2026-08-28T00:00:00,2026-08-28,PT0083170,LST0083170,AG00141,LOC0084,Single Family,1,2.5,2362,2887,1927,770100.0,2025-10-09,Active,,,40,0.0,1,No,Yes,2025-10-09,2026-08-28
UPDATE,2026-08-28T00:00:00,2026-08-28,PT0567003,LST0567003,AG00223,LOC0209,Single Family,2,2.5,1710,6752,1918,536900.0,2026-08-28,Active,,,0,0.0,1,No,No,2026-08-28,2026-08-28
UPDATE,2026-08-28T00:00:00,2026-08-28,PT0020931,LST0020931,AG02588,LOC0079,Multi-Family,2,1.0,4080,2614,1901,1096900.0,2026-02-22,Pending,,,24,0.0,2,No,Yes,2026-02-22,2026-08-28
UPDATE,2026-08-28T00:00:00,2026-08-28,PT0318835,LST0318835,AG01421,LOC0227,Single Family,3,4.5,300,1352,1999,82700.0,2024-10-08,Pending,,,76,0.0,0,Yes,Yes,2024-10-08,2026-08-28
UPDATE,2026-08-28T00:00:00,2026-08-28,PT0287268,LST0287268,AG01847,LOC0095,Single Family,6,4.0,1228,2088,1936,424200.0,2026-02-05,Pending,,,109,0.0,1,No,No,2026-02-05,2026-08-28
UPDATE,2026-08-28T00:00:00,2026-08-28,PT0203415,LST0203415,AG01700,LOC0213,Single Family,3,1.0,1773,17873,1991,345300.0,2023-11-05,Active,,,3,0.0,3,No,No,2023-11-05,2026-08-28
UPDATE,2026-08-28T00:00:00,2026-08-28,PT0075179,LST0075179,AG00147,LOC0179,Single Family,2,3.5,3150,9104,1955,744200.0,2023-01-12,Active,,,60,0.0,1,No,No,2023-01-12,2026-08-28
UPDATE,2026-08-28T00:00:00,2026-08-28,PT0030012,LST0030012,AG01044,LOC0117,Land,0,0.0,3569,4525,2017,2196800.0,2023-03-09,Active,,,135,0.0,0,No,No,2023-03-09,2026-08-28
UPDATE,2026-08-28T00:00:00,2026-08-28,PT0105135,LST0105135,AG02421,LOC0121,Apartment,6,2.0,1827,0,1986,400300.0,2026-04-12,Pending,,,92,726.0,0,No,No,2026-04-12,2026-08-28
UPDATE,2026-08-28T00:00:00,2026-08-28,PT0540854,LST0540854,AG01259,LOC0209,Townhouse,5,3.5,2935,2059,2025,1115500.0,2026-08-05,Active,,,0,527.65,0,No,No,2026-08-05,2026-08-28
UPDATE,2026-08-28T00:00:00,2026-08-28,PT0059417,LST0059417,AG00118,LOC0080,Multi-Family,4,4.0,4838,3695,1910,2149600.0,2025-04-26,Pending,,,119,0.0,3,No,No,2025-04-26,2026-08-28
UPDATE,2026-08-28T00:00:00,2026-08-28,PT0259414,LST0259414,AG01970,LOC0083,Single Family,5,1.0,1079,1637,1934,374600.0,2025-09-11,Active,,,15,0.0,2,No,No,2025-09-11,2026-08-28
UPDATE,2026-08-28T00:00:00,2026-08-28,PT0129668,LST0129668,AG00840,LOC0055,Condo,2,1.0,3969,3709,1924,868700.0,2025-08-10,Active,,,117,97.0,0,No,No,2025-08-10,2026-08-28
UPDATE,2026-08-28T00:00:00,2026-08-28,PT0168189,LST0168189,AG00164,LOC0048,Single Family,4,3.5,2175,2222,2003,460100.0,2023-12-08,Pending,,,101,0.0,1,No,No,2023-12-08,2026-08-28
UPDATE,2026-08-28T00:00:00,2026-08-28,PT0404362,LST0404362,AG02059,LOC0086,Apartment,3,1.5,1129,0,1967,101300.0,2023-10-01,Sold,85322.23,2026-08-28,1062,316.0,3,No,No,2023-10-01,2026-08-28
UPDATE,2026-08-28T00:00:00,2026-08-28,PT0302134,LST0302134,AG01448,LOC0239,Condo,3,1.0,1401,4989,1941,394100.0,2023-02-14,Pending,,,70,295.0,0,No,No,2023-02-14,2026-08-28
UPDATE,2026-08-28T00:00:00,2026-08-28,PT0484883,LST0484883,AG00564,LOC0110,Apartment,5,3.5,744,0,1959,236000.0,2026-02-25,Active,,,70,453.0,1,Yes,No,2026-02-25,2026-08-28
UPDATE,2026-08-28T00:00:00,2026-08-28,PT0528044,LST0528044,AG00060,LOC0049,Townhouse,4,4.0,1325,2176,1965,371000.0,2026-07-25,Active,,,0,579.66,1,Yes,No,2026-07-25,2026-08-28
UPDATE,2026-08-28T00:00:00,2026-08-28,PT0003513,LST0003513,AG00871,LOC0134,Single Family,2,3.0,1913,1576,2016,764100.0,2023-03-05,Sold,703509.71,2026-08-28,1272,0.0,3,Yes,No,2023-03-05,2026-08-28
UPDATE,2026-08-28T00:00:00,2026-08-28,PT0263310,LST0263310,AG02553,LOC0001,Single Family,2,2.5,1534,1049,1921,349500.0,2024-09-08,Active,,,43,0.0,3,No,Yes,2024-09-08,2026-08-28
UPDATE,2026-08-28T00:00:00,2026-08-28,PT0329711,LST0329711,AG02776,LOC0147,Land,0,0.0,8083,1546,1918,2192500.0,2025-09-07,Pending,,,87,0.0,0,No,No,2025-09-07,2026-08-28
UPDATE,2026-08-28T00:00:00,2026-08-28,PT0462261,LST0462261,AG00035,LOC0002,Townhouse,2,2.5,2866,2919,1935,157000.0,2025-07-11,Active,,,85,255.0,0,No,No,2025-07-11,2026-08-28
UPDATE,2026-08-28T00:00:00,2026-08-28,PT0503271,LST0503271,AG00096,LOC0131,Multi-Family,2,1.0,2429,3726,1941,724200.0,2026-07-03,Pending,,,0,0.0,1,No,No,2026-07-03,2026-08-28
UPDATE,2026-08-28T00:00:00,2026-08-28,PT0491394,LST0491394,AG00334,LOC0244,Condo,4,3.5,1786,1595,1959,160900.0,2024-02-14,Pending,,,67,257.0,0,No,No,2024-02-14,2026-08-28
UPDATE,2026-08-28T00:00:00,2026-08-28,PT0551200,LST0551200,AG02237,LOC0246,Single Family,5,1.5,2230,3048,1980,423200.0,2026-08-15,Active,,,0,0.0,0,No,No,2026-08-15,2026-08-28
UPDATE,2026-08-28T00:00:00,2026-08-28,PT0146681,LST0146681,AG00364,LOC0106,Single Family,4,3.0,1050,6585,1927,544800.0,2024-05-14,Active,,,130,0.0,2,Yes,No,2024-05-14,2026-08-28
UPDATE,2026-08-28T00:00:00,2026-08-28,PT0451535,LST0451535,AG00442,LOC0248,Condo,2,2.0,1603,3661,1960,316300.0,2024-08-27,Pending,,,139,799.0,0,No,No,2024-08-27,2026-08-28
UPDATE,2026-08-28T00:00:00,2026-08-28,PT0501330,LST0501330,AG01410,LOC0073,Single Family,1,1.5,2395,3945,1969,1339700.0,2026-07-01,Pending,,,0,0.0,1,No,No,2026-07-01,2026-08-28
UPDATE,2026-08-28T00:00:00,2026-08-28,PT0368756,LST0368756,AG02355,LOC0005,Townhouse,1,2.0,1673,1537,1993,702900.0,2026-05-28,Pending,,,177,511.0,0,No,No,2026-05-28,2026-08-28
UPDATE,2026-08-28T00:00:00,2026-08-28,PT0398650,LST0398650,AG00870,LOC0010,Condo,4,1.0,2451,3573,1944,1236000.0,2025-06-24,Pending,,,148,559.0,3,No,No,2025-06-24,2026-08-28
UPDATE,2026-08-28T00:00:00,2026-08-28,PT0501291,LST0501291,AG02143,LOC0088,Single Family,2,3.5,2480,1205,1996,111400.0,2026-07-01,Sold,111810.99,2026-08-28,58,0.0,1,No,Yes,2026-07-01,2026-08-28
UPDATE,2026-08-28T00:00:00,2026-08-28,PT0161191,LST0161191,AG00327,LOC0185,Single Family,2,3.0,2877,8261,2018,1459300.0,2024-05-29,Pending,,,34,0.0,3,Yes,Yes,2024-05-29,2026-08-28
UPDATE,2026-08-28T00:00:00,2026-08-28,PT0430341,LST0430341,AG01272,LOC0232,Single Family,6,3.5,2042,6594,1940,302000.0,2023-02-05,Pending,,,81,0.0,3,No,No,2023-02-05,2026-08-28
UPDATE,2026-08-28T00:00:00,2026-08-28,PT0558109,LST0558109,AG01073,LOC0202,Single Family,3,3.5,1290,6334,1936,365200.0,2026-08-21,Active,,,0,0.0,0,Yes,No,2026-08-21,2026-08-28
UPDATE,2026-08-28T00:00:00,2026-08-28,PT0261840,LST0261840,AG02551,LOC0242,Single Family,6,3.5,2312,1341,1900,454300.0,2025-09-09,Sold,427387.79,2026-08-28,353,0.0,0,Yes,Yes,2025-09-09,2026-08-28
UPDATE,2026-08-28T00:00:00,2026-08-28,PT0295334,LST0295334,AG02276,LOC0020,Single Family,2,1.0,2401,3444,2006,688900.0,2026-06-04,Active,,,69,0.0,1,No,Yes,2026-06-04,2026-08-28
UPDATE,2026-08-28T00:00:00,2026-08-28,PT0546514,LST0546514,AG00264,LOC0218,Single Family,3,4.5,2172,1942,1900,880700.0,2026-08-10,Sold,862448.52,2026-08-28,18,0.0,1,No,Yes,2026-08-10,2026-08-28
UPDATE,2026-08-28T00:00:00,2026-08-28,PT0094658,LST0094658,AG00575,LOC0026,Single Family,3,3.0,1521,12168,2024,489100.0,2024-03-28,Sold,445786.7,2026-08-28,883,0.0,2,Yes,Yes,2024-03-28,2026-08-28
UPDATE,2026-08-28T00:00:00,2026-08-28,PT0481516,LST0481516,AG01238,LOC0092,Single Family,3,1.5,1069,1151,1948,218700.0,2023-05-13,Pending,,,123,0.0,0,No,Yes,2023-05-13,2026-08-28
UPDATE,2026-08-28T00:00:00,2026-08-28,PT0381130,LST0381130,AG02426,LOC0045,Condo,6,2.5,2382,2912,1943,835600.0,2024-05-24,Pending,,,62,453.0,0,No,No,2024-05-24,2026-08-28
UPDATE,2026-08-28T00:00:00,2026-08-28,PT0170687,LST0170687,AG00310,LOC0137,Single Family,2,4.5,1937,7883,1967,556100.0,2026-05-22,Active,,,8,0.0,2,No,Yes,2026-05-22,2026-08-28
UPDATE,2026-08-28T00:00:00,2026-08-28,PT0188279,LST0188279,AG02047,LOC0138,Single Family,1,3.0,958,4549,1963,307200.0,2026-01-25,Active,,,101,0.0,1,No,No,2026-01-25,2026-08-28
UPDATE,2026-08-28T00:00:00,2026-08-28,PT0283401,LST0283401,AG00148,LOC0221,Townhouse,1,2.5,1950,8403,1968,386500.0,2023-01-23,Pending,,,100,189.0,3,No,No,2023-01-23,2026-08-28
UPDATE,2026-08-28T00:00:00,2026-08-28,PT0187605,LST0187605,AG01371,LOC0027,Single Family,2,1.0,2645,1026,1931,1074800.0,2026-02-05,Pending,,,2,0.0,3,Yes,Yes,2026-02-05,2026-08-28
UPDATE,2026-08-28T00:00:00,2026-08-28,PT0537771,LST0537771,AG01877,LOC0027,Single Family,4,3.5,1663,1236,1955,628100.0,2026-08-02,Active,,,0,0.0,0,No,No,2026-08-02,2026-08-28
UPDATE,2026-08-28T00:00:00,2026-08-28,PT0505775,LST0505775,AG00712,LOC0071,Condo,2,3.0,1505,2451,2023,439700.0,2026-07-05,Sold,394620.0,2026-08-28,54,77.15,0,No,No,2026-07-05,2026-08-28
UPDATE,2026-08-28T00:00:00,2026-08-28,PT0521392,LST0521392,AG01788,LOC0143,Multi-Family,6,3.5,5301,1096,2004,826000.0,2026-07-19,Sold,679874.47,2026-08-28,40,0.0,3,No,No,2026-07-19,2026-08-28
UPDATE,2026-08-28T00:00:00,2026-08-28,PT0098896,LST0098896,AG00115,LOC0115,Single Family,4,4.5,2209,1825,2011,508500.0,2024-11-27,Sold,528429.81,2026-08-28,639,0.0,1,No,No,2024-11-27,2026-08-28
UPDATE,2026-08-28T00:00:00,2026-08-28,PT0553730,LST0553730,AG02649,LOC0228,Single Family,5,2.0,1982,12077,1983,412600.0,2026-08-16,Sold,387437.44,2026-08-28,12,0.0,2,No,No,2026-08-16,2026-08-28
UPDATE,2026-08-28T00:00:00,2026-08-28,PT0116805,LST0116805,AG00622,LOC0248,Condo,3,3.5,1446,3361,1987,187300.0,2025-08-12,Active,,,95,262.0,0,Yes,No,2025-08-12,2026-08-28
UPDATE,2026-08-28T00:00:00,2026-08-28,PT0520677,LST0520677,AG01292,LOC0163,Single Family,5,2.5,300,8848,2003,105200.0,2026-07-18,Sold,103669.54,2026-08-28,41,0.0,1,No,Yes,2026-07-18,2026-08-28
UPDATE,2026-08-28T00:00:00,2026-08-28,PT0341831,LST0341831,AG02480,LOC0040,Single Family,1,1.5,2318,7809,1973,610500.0,2025-06-08,Pending,,,146,0.0,3,No,Yes,2025-06-08,2026-08-28
UPDATE,2026-08-28T00:00:00,2026-08-28,PT0416565,LST0416565,AG00332,LOC0110,Apartment,6,2.0,955,0,1978,260400.0,2023-02-18,Pending,,,122,197.0,1,Yes,No,2023-02-18,2026-08-28
UPDATE,2026-08-28T00:00:00,2026-08-28,PT0458363,LST0458363,AG01404,LOC0207,Land,0,0.0,7976,6884,1973,1437600.0,2024-02-09,Active,,,154,0.0,0,No,No,2024-02-09,2026-08-28
UPDATE,2026-08-28T00:00:00,2026-08-28,PT0201126,LST0201126,AG01413,LOC0156,Single Family,2,2.0,1873,8517,2025,1155400.0,2023-08-09,Active,,,129,0.0,2,Yes,Yes,2023-08-09,2026-08-28
UPDATE,2026-08-28T00:00:00,2026-08-28,PT0159467,LST0159467,AG00906,LOC0094,Condo,2,2.5,2404,1979,1948,269800.0,2025-05-04,Sold,262400.82,2026-08-28,481,235.0,0,No,No,2025-05-04,2026-08-28
UPDATE,2026-08-28T00:00:00,2026-08-28,PT0202484,LST0202484,AG02548,LOC0026,Single Family,5,3.5,1524,7606,1910,285300.0,2023-09-15,Sold,257756.22,2026-08-28,1078,0.0,0,No,Yes,2023-09-15,2026-08-28
UPDATE,2026-08-28T00:00:00,2026-08-28,PT0496436,LST0496436,AG00919,LOC0012,Apartment,6,4.5,1545,0,1930,451900.0,2023-04-02,Active,,,140,586.0,2,No,No,2023-04-02,2026-08-28
UPDATE,2026-08-28T00:00:00,2026-08-28,PT0535525,LST0535525,AG02199,LOC0174,Single Family,2,4.0,817,7256,2008,254200.0,2026-07-31,Active,,,0,0.0,0,No,Yes,2026-07-31,2026-08-28
UPDATE,2026-08-28T00:00:00,2026-08-28,PT0412702,LST0412702,AG02295,LOC0127,Single Family,3,1.5,2671,5128,2002,995900.0,2023-12-01,Sold,939776.79,2026-08-28,1001,0.0,1,No,Yes,2023-12-01,2026-08-28
UPDATE,2026-08-28T00:00:00,2026-08-28,PT0139741,LST0139741,AG02774,LOC0078,Condo,2,2.5,2480,8665,1930,314000.0,2025-08-15,Active,,,8,597.0,0,No,No,2025-08-15,2026-08-28
UPDATE,2026-08-28T00:00:00,2026-08-28,PT0048330,LST0048330,AG01879,LOC0194,Condo,6,3.0,661,14111,1965,466600.0,2025-01-14,Pending,,,79,243.0,3,No,No,2025-01-14,2026-08-28
UPDATE,2026-08-28T00:00:00,2026-08-28,PT0392701,LST0392701,AG00144,LOC0042,Single Family,2,4.5,1591,3519,1915,623100.0,2026-02-16,Pending,,,146,0.0,3,No,No,2026-02-16,2026-08-28
UPDATE,2026-08-28T00:00:00,2026-08-28,PT0530469,LST0530469,AG02581,LOC0084,Townhouse,5,2.0,2095,3102,1910,369700.0,2026-07-27,Active,,,0,474.72,2,Yes,No,2026-07-27,2026-08-28
UPDATE,2026-08-28T00:00:00,2026-08-28,PT0368405,LST0368405,AG01420,LOC0218,Condo,3,1.0,1960,1183,1936,792800.0,2024-07-23,Active,,,90,428.0,2,No,No,2024-07-23,2026-08-28
UPDATE,2026-08-28T00:00:00,2026-08-28,PT0407546,LST0407546,AG01594,LOC0046,Single Family,5,2.0,2522,3717,1982,814000.0,2025-08-04,Sold,732175.61,2026-08-28,389,0.0,1,No,Yes,2025-08-04,2026-08-28
UPDATE,2026-08-28T00:00:00,2026-08-28,PT0386315,LST0386315,AG00638,LOC0002,Single Family,2,1.0,992,2388,1979,116400.0,2023-01-24,Pending,,,110,0.0,0,Yes,Yes,2023-01-24,2026-08-28
UPDATE,2026-08-28T00:00:00,2026-08-28,PT0431819,LST0431819,AG00768,LOC0248,Single Family,5,3.0,2709,2713,1989,785800.0,2025-12-14,Pending,,,12,0.0,0,No,No,2025-12-14,2026-08-28
UPDATE,2026-08-28T00:00:00,2026-08-28,PT0350063,LST0350063,AG00980,LOC0015,Single Family,3,1.0,838,3093,1901,268700.0,2024-06-23,Active,,,31,0.0,1,No,No,2024-06-23,2026-08-28
UPDATE,2026-08-28T00:00:00,2026-08-28,PT0277778,LST0277778,AG01099,LOC0157,Single Family,5,3.0,2916,9696,2022,1471800.0,2026-06-12,Sold,1410035.97,2026-08-28,77,0.0,0,No,No,2026-06-12,2026-08-28
UPDATE,2026-08-28T00:00:00,2026-08-28,PT0537334,LST0537334,AG00121,LOC0211,Multi-Family,2,3.5,2188,7911,1969,963400.0,2026-08-02,Active,,,0,0.0,0,No,No,2026-08-02,2026-08-28
UPDATE,2026-08-28T00:00:00,2026-08-28,PT0420510,LST0420510,AG01485,LOC0234,Townhouse,1,1.5,2315,1824,1913,614800.0,2026-03-08,Active,,,121,171.0,3,No,No,2026-03-08,2026-08-28
UPDATE,2026-08-28T00:00:00,2026-08-28,PT0270428,LST0270428,AG02528,LOC0223,Single Family,6,3.5,1119,3186,1990,505300.0,2024-02-07,Pending,,,26,0.0,0,No,Yes,2024-02-07,2026-08-28
UPDATE,2026-08-28T00:00:00,2026-08-28,PT0537314,LST0537314,AG02591,LOC0046,Multi-Family,4,2.0,2575,2159,2015,858000.0,2026-08-02,Active,,,0,0.0,3,Yes,Yes,2026-08-02,2026-08-28
UPDATE,2026-08-28T00:00:00,2026-08-28,PT0200805,LST0200805,AG02667,LOC0026,Single Family,2,4.5,1389,1061,2018,554100.0,2026-06-15,Sold,563413.69,2026-08-28,74,0.0,1,No,Yes,2026-06-15,2026-08-28
UPDATE,2026-08-28T00:00:00,2026-08-28,PT0295013,LST0295013,AG02413,LOC0216,Townhouse,3,4.0,2188,1090,1942,452000.0,2024-09-05,Pending,,,25,366.0,1,No,No,2024-09-05,2026-08-28
UPDATE,2026-08-28T00:00:00,2026-08-28,PT0152612,LST0152612,AG00452,LOC0001,Townhouse,2,2.5,1821,2730,1950,149600.0,2025-03-05,Sold,146990.8,2026-08-28,541,477.0,2,No,No,2025-03-05,2026-08-28
UPDATE,2026-08-28T00:00:00,2026-08-28,PT0371454,LST0371454,AG02016,LOC0003,Condo,2,3.0,2211,33285,1977,318000.0,2025-02-19,Sold,304707.45,2026-08-28,555,515.0,1,Yes,No,2025-02-19,2026-08-28
UPDATE,2026-08-28T00:00:00,2026-08-28,PT0330044,LST0330044,AG01468,LOC0041,Apartment,4,2.5,1313,0,1946,565100.0,2024-12-29,Active,,,14,578.0,2,No,No,2024-12-29,2026-08-28
UPDATE,2026-08-28T00:00:00,2026-08-28,PT0541573,LST0541573,AG01786,LOC0156,Townhouse,4,3.5,2234,1157,2020,1099400.0,2026-08-05,Active,,,0,768.09,1,No,No,2026-08-05,2026-08-28
UPDATE,2026-08-28T00:00:00,2026-08-28,PT0461022,LST0461022,AG00945,LOC0205,Single Family,2,4.5,2456,2593,2024,704100.0,2023-07-10,Pending,,,53,0.0,3,No,Yes,2023-07-10,2026-08-28
UPDATE,2026-08-28T00:00:00,2026-08-28,PT0185372,LST0185372,AG02535,LOC0007,Townhouse,3,2.0,2763,2108,1978,804400.0,2023-01-19,Pending,,,106,486.0,0,No,No,2023-01-19,2026-08-28
UPDATE,2026-08-28T00:00:00,2026-08-28,PT0557926,LST0557926,AG02785,LOC0023,Multi-Family,1,3.5,2779,4481,1995,702900.0,2026-08-20,Pending,,,0,0.0,1,No,Yes,2026-08-20,2026-08-28
UPDATE,2026-08-28T00:00:00,2026-08-28,PT0259686,LST0259686,AG01256,LOC0186,Multi-Family,6,3.0,3150,6059,1920,787000.0,2026-01-11,Active,,,34,0.0,2,No,Yes,2026-01-11,2026-08-28
UPDATE,2026-08-28T00:00:00,2026-08-28,PT0154480,LST0154480,AG02645,LOC0241,Single Family,5,1.0,521,1612,1921,62300.0,2026-04-06,Pending,,,126,0.0,2,No,No,2026-04-06,2026-08-28
UPDATE,2026-08-28T00:00:00,2026-08-28,PT0407938,LST0407938,AG00620,LOC0181,Single Family,5,2.0,1583,2633,1901,532600.0,2024-12-18,Pending,,,155,0.0,2,No,No,2024-12-18,2026-08-28
UPDATE,2026-08-28T00:00:00,2026-08-28,PT0429369,LST0429369,AG01882,LOC0023,Single Family,6,2.0,1100,5792,1968,375800.0,2023-07-06,Pending,,,137,0.0,1,No,Yes,2023-07-06,2026-08-28
UPDATE,2026-08-28T00:00:00,2026-08-28,PT0549913,LST0549913,AG01526,LOC0235,Condo,3,1.0,1930,4403,2025,862400.0,2026-08-13,Pending,,,0,253.0,2,No,No,2026-08-13,2026-08-28
UPDATE,2026-08-28T00:00:00,2026-08-28,PT0019742,LST0019742,AG00483,LOC0111,Land,0,0.0,2897,4342,1908,550800.0,2024-11-08,Sold,525774.34,2026-08-28,658,0.0,0,No,No,2024-11-08,2026-08-28
UPDATE,2026-08-28T00:00:00,2026-08-28,PT0548715,LST0548715,AG01539,LOC0125,Condo,3,2.0,2083,2487,1922,783500.0,2026-08-12,Active,,,0,683.72,1,No,No,2026-08-12,2026-08-28
UPDATE,2026-08-28T00:00:00,2026-08-28,PT0410225,LST0410225,AG01752,LOC0004,Single Family,6,1.0,861,3622,1928,86100.0,2025-01-20,Pending,,,22,0.0,0,No,No,2025-01-20,2026-08-28
UPDATE,2026-08-28T00:00:00,2026-08-28,PT0389046,LST0389046,AG00971,LOC0161,Condo,6,3.5,1424,2493,1981,313600.0,2025-11-01,Sold,309166.22,2026-08-28,300,403.0,2,No,No,2025-11-01,2026-08-28
UPDATE,2026-08-28T00:00:00,2026-08-28,PT0436449,LST0436449,AG01583,LOC0027,Condo,6,2.5,2982,16459,1980,1582800.0,2025-06-07,Pending,,,24,371.0,3,No,No,2025-06-07,2026-08-28
UPDATE,2026-08-28T00:00:00,2026-08-28,PT0413620,LST0413620,AG00555,LOC0140,Single Family,1,2.0,2474,2269,1929,647100.0,2024-07-19,Active,,,174,0.0,0,No,No,2024-07-19,2026-08-28
UPDATE,2026-08-28T00:00:00,2026-08-28,PT0232615,LST0232615,AG01072,LOC0158,Townhouse,1,1.5,1104,3746,1903,207000.0,2023-02-27,Pending,,,139,550.0,3,No,No,2023-02-27,2026-08-28
UPDATE,2026-08-28T00:00:00,2026-08-28,PT0495212,LST0495212,AG00075,LOC0037,Single Family,1,2.5,1554,7469,1932,549700.0,2025-03-29,Pending,,,156,0.0,2,No,No,2025-03-29,2026-08-28
UPDATE,2026-08-28T00:00:00,2026-08-28,PT0400638,LST0400638,AG01628,LOC0250,Apartment,5,1.0,1294,0,2004,281300.0,2024-08-22,Sold,285381.5,2026-08-28,736,58.0,0,Yes,No,2024-08-22,2026-08-28
UPDATE,2026-08-28T00:00:00,2026-08-28,PT0380282,LST0380282,AG02323,LOC0006,Single Family,1,3.5,1944,6144,1966,339800.0,2025-10-13,Sold,304699.43,2026-08-28,319,0.0,1,No,No,2025-10-13,2026-08-28
UPDATE,2026-08-28T00:00:00,2026-08-28,PT0420774,LST0420774,AG02430,LOC0078,Single Family,1,3.5,1277,15768,2012,624000.0,2024-10-01,Pending,,,48,0.0,0,No,No,2024-10-01,2026-08-28
UPDATE,2026-08-28T00:00:00,2026-08-28,PT0513224,LST0513224,AG01638,LOC0082,Townhouse,2,1.5,2472,1069,1991,289300.0,2026-07-12,Pending,,,0,757.99,2,No,No,2026-07-12,2026-08-28
UPDATE,2026-08-28T00:00:00,2026-08-28,PT0152027,LST0152027,AG00162,LOC0158,Single Family,2,4.5,1944,3188,1907,696500.0,2023-02-11,Pending,,,96,0.0,3,No,No,2023-02-11,2026-08-28
UPDATE,2026-08-28T00:00:00,2026-08-28,PT0208668,LST0208668,AG01713,LOC0089,Single Family,6,1.0,682,1636,1910,240800.0,2024-12-16,Sold,246409.9,2026-08-28,620,0.0,0,No,No,2024-12-16,2026-08-28
UPDATE,2026-08-28T00:00:00,2026-08-28,PT0481728,LST0481728,AG01051,LOC0028,Single Family,2,3.5,2090,2746,1921,256200.0,2025-11-11,Active,,,138,0.0,3,No,Yes,2025-11-11,2026-08-28
UPDATE,2026-08-28T00:00:00,2026-08-28,PT0373152,LST0373152,AG01274,LOC0098,Land,0,0.0,4956,4898,1975,1784200.0,2025-01-28,Pending,,,62,0.0,0,No,No,2025-01-28,2026-08-28
UPDATE,2026-08-28T00:00:00,2026-08-28,PT0455206,LST0455206,AG00134,LOC0195,Condo,6,4.5,1789,8444,1914,608600.0,2024-04-23,Pending,,,121,205.0,3,No,No,2024-04-23,2026-08-28
UPDATE,2026-08-28T00:00:00,2026-08-28,PT0514111,LST0514111,AG01980,LOC0027,Single Family,3,3.5,2318,2249,1905,814300.0,2026-07-12,Pending,,,0,0.0,1,No,Yes,2026-07-12,2026-08-28
UPDATE,2026-08-28T00:00:00,2026-08-28,PT0121347,LST0121347,AG01529,LOC0050,Condo,1,1.5,1492,2733,1918,253000.0,2024-01-28,Active,,,176,354.0,1,No,No,2024-01-28,2026-08-28
UPDATE,2026-08-28T00:00:00,2026-08-28,PT0433553,LST0433553,AG02173,LOC0242,Single Family,2,1.5,1106,7037,1997,249200.0,2024-01-24,Pending,,,172,0.0,3,No,No,2024-01-24,2026-08-28
UPDATE,2026-08-28T00:00:00,2026-08-28,PT0404214,LST0404214,AG00071,LOC0217,Townhouse,3,3.0,2470,8246,1985,281800.0,2024-03-08,Active,,,140,754.0,2,Yes,No,2024-03-08,2026-08-28
UPDATE,2026-08-28T00:00:00,2026-08-28,PT0549168,LST0549168,AG02145,LOC0117,Single Family,3,2.0,1404,10193,1943,491600.0,2026-08-13,Active,,,0,0.0,0,No,Yes,2026-08-13,2026-08-28
UPDATE,2026-08-28T00:00:00,2026-08-28,PT0270562,LST0270562,AG02373,LOC0070,Townhouse,1,2.5,373,9416,1988,28200.0,2023-09-08,Active,,,50,403.0,3,No,No,2023-09-08,2026-08-28
UPDATE,2026-08-28T00:00:00,2026-08-28,PT0323824,LST0323824,AG02683,LOC0245,Single Family,2,2.0,2575,11343,1953,704300.0,2024-06-26,Pending,,,167,0.0,3,No,Yes,2024-06-26,2026-08-28
UPDATE,2026-08-28T00:00:00,2026-08-28,PT0326372,LST0326372,AG01754,LOC0028,Single Family,1,3.0,1610,17090,2002,39600.0,2026-02-19,Active,,,163,0.0,3,No,Yes,2026-02-19,2026-08-28
UPDATE,2026-08-28T00:00:00,2026-08-28,PT0345807,LST0345807,AG02180,LOC0144,Townhouse,3,3.5,586,9008,1910,137500.0,2026-06-16,Sold,138514.25,2026-08-28,73,533.0,1,No,No,2026-06-16,2026-08-28
UPDATE,2026-08-28T00:00:00,2026-08-28,PT0329876,LST0329876,AG02388,LOC0133,Single Family,5,4.0,539,4606,1967,100000.0,2023-10-31,Active,,,178,0.0,3,No,Yes,2023-10-31,2026-08-28
UPDATE,2026-08-28T00:00:00,2026-08-28,PT0527510,LST0527510,AG02355,LOC0054,Multi-Family,4,3.0,1988,2296,1916,273900.0,2026-07-24,Active,,,0,0.0,2,No,Yes,2026-07-24,2026-08-28
UPDATE,2026-08-28T00:00:00,2026-08-28,PT0338194,LST0338194,AG00134,LOC0198,Land,0,0.0,7471,9407,1994,825400.0,2026-01-31,Active,,,168,0.0,0,No,No,2026-01-31,2026-08-28
UPDATE,2026-08-28T00:00:00,2026-08-28,PT0487716,LST0487716,AG00251,LOC0240,Townhouse,3,1.0,2194,1336,2016,602700.0,2023-03-23,Pending,,,41,246.0,2,No,No,2023-03-23,2026-08-28
UPDATE,2026-08-28T00:00:00,2026-08-28,PT0565840,LST0565840,AG01195,LOC0090,Condo,5,4.0,2155,4052,1917,1152100.0,2026-08-27,Sold,1037057.14,2026-08-28,1,629.74,1,No,No,2026-08-27,2026-08-28
UPDATE,2026-08-28T00:00:00,2026-08-28,PT0287950,LST0287950,AG02473,LOC0160,Single Family,6,2.5,1578,11202,1947,355400.0,2026-06-13,Pending,,,82,0.0,1,No,Yes,2026-06-13,2026-08-28
UPDATE,2026-08-28T00:00:00,2026-08-28,PT0494874,LST0494874,AG02535,LOC0109,Single Family,5,3.5,1868,3191,1998,649300.0,2025-06-29,Pending,,,129,0.0,3,Yes,No,2025-06-29,2026-08-28
UPDATE,2026-08-28T00:00:00,2026-08-28,PT0103161,LST0103161,AG02042,LOC0047,Condo,5,2.5,745,1583,1904,203100.0,2026-05-16,Active,,,17,755.0,2,No,No,2026-05-16,2026-08-28
UPDATE,2026-08-28T00:00:00,2026-08-28,PT0486281,LST0486281,AG00721,LOC0064,Condo,1,1.5,1709,3895,1941,258600.0,2023-05-25,Pending,,,167,740.0,1,No,No,2023-05-25,2026-08-28
UPDATE,2026-08-28T00:00:00,2026-08-28,PT0121211,LST0121211,AG02385,LOC0226,Single Family,4,3.0,3444,10744,1950,1268300.0,2024-07-19,Pending,,,28,0.0,1,No,No,2024-07-19,2026-08-28
UPDATE,2026-08-28T00:00:00,2026-08-28,PT0183440,LST0183440,AG02438,LOC0041,Single Family,5,3.0,1781,2552,1912,542700.0,2024-02-06,Active,,,18,0.0,1,No,Yes,2024-02-06,2026-08-28
UPDATE,2026-08-28T00:00:00,2026-08-28,PT0168168,LST0168168,AG01002,LOC0236,Land,0,0.0,9195,5079,1987,840600.0,2026-05-12,Active,,,19,0.0,0,No,No,2026-05-12,2026-08-28
UPDATE,2026-08-28T00:00:00,2026-08-28,PT0538937,LST0538937,AG01080,LOC0032,Condo,1,3.0,2352,1101,1948,405000.0,2026-08-03,Active,,,0,668.88,0,No,No,2026-08-03,2026-08-28
UPDATE,2026-08-28T00:00:00,2026-08-28,PT0224466,LST0224466,AG01219,LOC0142,Land,0,0.0,2675,3888,2002,563900.0,2023-10-17,Active,,,36,0.0,0,No,No,2023-10-17,2026-08-28
UPDATE,2026-08-28T00:00:00,2026-08-28,PT0187564,LST0187564,AG02171,LOC0096,Land,0,0.0,8634,1270,2000,1975500.0,2026-02-02,Pending,,,118,0.0,0,No,No,2026-02-02,2026-08-28
UPDATE,2026-08-28T00:00:00,2026-08-28,PT0557361,LST0557361,AG02265,LOC0230,Condo,5,2.0,1315,3515,2006,694000.0,2026-08-20,Active,,,0,563.25,3,No,No,2026-08-20,2026-08-28
UPDATE,2026-08-28T00:00:00,2026-08-28,PT0468137,LST0468137,AG01068,LOC0189,Single Family,1,3.0,2615,10173,1909,670600.0,2023-06-13,Sold,640004.34,2026-08-28,1172,0.0,2,Yes,No,2023-06-13,2026-08-28
UPDATE,2026-08-28T00:00:00,2026-08-28,PT0140297,LST0140297,AG02414,LOC0205,Condo,2,3.5,1142,9176,1945,240600.0,2023-09-07,Sold,221401.23,2026-08-28,1086,636.0,3,No,No,2023-09-07,2026-08-28
UPDATE,2026-08-28T00:00:00,2026-08-28,PT0541787,LST0541787,AG02411,LOC0045,Condo,5,1.0,2865,2722,2003,904500.0,2026-08-05,Pending,,,0,260.72,1,No,No,2026-08-05,2026-08-28
UPDATE,2026-08-28T00:00:00,2026-08-28,PT0020081,LST0020081,AG01464,LOC0014,Condo,5,3.5,1617,6364,1926,95000.0,2024-08-14,Active,,,11,477.0,1,No,No,2024-08-14,2026-08-28
UPDATE,2026-08-28T00:00:00,2026-08-28,PT0126356,LST0126356,AG01089,LOC0122,Single Family,4,2.5,1586,1287,1981,911900.0,2024-09-03,Pending,,,127,0.0,3,Yes,No,2024-09-03,2026-08-28
UPDATE,2026-08-28T00:00:00,2026-08-28,PT0492626,LST0492626,AG00610,LOC0090,Land,0,0.0,6713,1825,2022,3708700.0,2023-08-27,Pending,,,39,0.0,0,No,No,2023-08-27,2026-08-28
UPDATE,2026-08-28T00:00:00,2026-08-28,PT0524565,LST0524565,AG02220,LOC0202,Single Family,5,4.5,1714,2397,1971,499800.0,2026-07-22,Active,,,0,0.0,2,No,Yes,2026-07-22,2026-08-28
UPDATE,2026-08-28T00:00:00,2026-08-28,PT0431752,LST0431752,AG02136,LOC0225,Condo,1,2.5,1784,1650,2008,604500.0,2025-12-28,Active,,,20,488.0,0,No,No,2025-12-28,2026-08-28
UPDATE,2026-08-28T00:00:00,2026-08-28,PT0298038,LST0298038,AG00346,LOC0193,Single Family,5,2.0,2021,9844,1901,722200.0,2023-05-16,Active,,,28,0.0,3,No,No,2023-05-16,2026-08-28
UPDATE,2026-08-28T00:00:00,2026-08-28,PT0551235,LST0551235,AG00947,LOC0083,Single Family,2,2.5,2175,1681,2025,583100.0,2026-08-15,Sold,573839.85,2026-08-28,13,0.0,3,Yes,Yes,2026-08-15,2026-08-28
UPDATE,2026-08-28T00:00:00,2026-08-28,PT0534176,LST0534176,AG01606,LOC0217,Single Family,4,1.5,1969,3736,1994,56600.0,2026-07-30,Pending,,,0,0.0,1,No,No,2026-07-30,2026-08-28
UPDATE,2026-08-28T00:00:00,2026-08-28,PT0064012,LST0064012,AG02862,LOC0046,Single Family,6,1.5,2832,2914,1925,328300.0,2025-08-03,Active,,,80,0.0,3,No,No,2025-08-03,2026-08-28
UPDATE,2026-08-28T00:00:00,2026-08-28,PT0567174,LST0567174,AG01871,LOC0101,Townhouse,6,2.5,2297,9156,1919,877300.0,2026-08-28,Active,,,0,230.53,3,No,No,2026-08-28,2026-08-28
UPDATE,2026-08-28T00:00:00,2026-08-28,PT0509764,LST0509764,AG02764,LOC0248,Condo,5,1.5,1224,6601,1954,382200.0,2026-07-08,Active,,,0,160.65,3,Yes,No,2026-07-08,2026-08-28
UPDATE,2026-08-28T00:00:00,2026-08-28,PT0091570,LST0091570,AG00408,LOC0030,Land,0,0.0,6494,2869,1927,2825300.0,2024-02-02,Pending,,,107,0.0,0,No,No,2024-02-02,2026-08-28
UPDATE,2026-08-28T00:00:00,2026-08-28,PT0357828,LST0357828,AG00241,LOC0235,Single Family,6,2.5,2761,3439,2004,548100.0,2023-08-18,Pending,,,24,0.0,1,No,No,2023-08-18,2026-08-28
UPDATE,2026-08-28T00:00:00,2026-08-28,PT0320464,LST0320464,AG00814,LOC0154,Single Family,2,2.5,3209,2786,1996,676200.0,2025-10-08,Active,,,110,0.0,0,No,No,2025-10-08,2026-08-28
UPDATE,2026-08-28T00:00:00,2026-08-28,PT0182314,LST0182314,AG02610,LOC0162,Apartment,2,3.0,1738,0,2019,348100.0,2026-04-12,Active,,,76,369.0,0,Yes,No,2026-04-12,2026-08-28
UPDATE,2026-08-28T00:00:00,2026-08-28,PT0563539,LST0563539,AG01546,LOC0015,Single Family,2,3.0,1471,20259,1953,344300.0,2026-08-25,Sold,298617.36,2026-08-28,3,0.0,2,No,Yes,2026-08-25,2026-08-28
UPDATE,2026-08-28T00:00:00,2026-08-28,PT0561802,LST0561802,AG02270,LOC0076,Townhouse,5,2.0,2367,4398,1973,328100.0,2026-08-24,Sold,321014.93,2026-08-28,4,322.27,0,Yes,No,2026-08-24,2026-08-28
UPDATE,2026-08-28T00:00:00,2026-08-28,PT0238520,LST0238520,AG00604,LOC0006,Single Family,2,4.5,2828,2228,1900,648500.0,2024-02-04,Sold,629079.88,2026-08-28,936,0.0,0,No,Yes,2024-02-04,2026-08-28
UPDATE,2026-08-28T00:00:00,2026-08-28,PT0430668,LST0430668,AG02179,LOC0211,Single Family,3,4.0,1801,4605,1918,752100.0,2025-02-10,Pending,,,136,0.0,3,No,No,2025-02-10,2026-08-28
UPDATE,2026-08-28T00:00:00,2026-08-28,PT0141597,LST0141597,AG02044,LOC0080,Single Family,2,4.5,2256,10030,2020,669100.0,2025-10-25,Sold,642046.63,2026-08-28,307,0.0,1,No,Yes,2025-10-25,2026-08-28
UPDATE,2026-08-28T00:00:00,2026-08-28,PT0475790,LST0475790,AG02663,LOC0121,Condo,5,1.5,1522,2213,1973,284200.0,2023-05-23,Pending,,,72,266.0,1,No,No,2023-05-23,2026-08-28
UPDATE,2026-08-28T00:00:00,2026-08-28,PT0561203,LST0561203,AG00808,LOC0028,Single Family,6,1.0,1895,1724,1977,300500.0,2026-08-23,Sold,318436.69,2026-08-28,5,0.0,2,No,Yes,2026-08-23,2026-08-28
UPDATE,2026-08-28T00:00:00,2026-08-28,PT0432764,LST0432764,AG00878,LOC0192,Single Family,2,2.5,2007,7860,1955,550800.0,2026-06-17,Sold,523300.81,2026-08-28,72,0.0,2,No,No,2026-06-17,2026-08-28
UPDATE,2026-08-28T00:00:00,2026-08-28,PT0094965,LST0094965,AG00982,LOC0029,Single Family,1,1.0,2196,3494,1916,433700.0,2024-11-10,Pending,,,112,0.0,2,Yes,No,2024-11-10,2026-08-28
UPDATE,2026-08-28T00:00:00,2026-08-28,PT0297987,LST0297987,AG02496,LOC0024,Townhouse,2,2.0,1560,12035,1995,369300.0,2024-01-19,Pending,,,154,765.0,0,No,No,2024-01-19,2026-08-28
UPDATE,2026-08-28T00:00:00,2026-08-28,PT0053942,LST0053942,AG00177,LOC0174,Condo,1,1.0,1355,12906,1973,422500.0,2023-10-15,Active,,,115,188.0,2,No,No,2023-10-15,2026-08-28
UPDATE,2026-08-28T00:00:00,2026-08-28,PT0249171,LST0249171,AG01139,LOC0095,Single Family,6,2.0,2851,4722,1904,1327600.0,2025-03-28,Active,,,84,0.0,1,Yes,Yes,2025-03-28,2026-08-28
UPDATE,2026-08-28T00:00:00,2026-08-28,PT0230445,LST0230445,AG01477,LOC0007,Condo,2,1.0,3546,1321,1984,810700.0,2025-03-27,Active,,,95,159.0,1,Yes,No,2025-03-27,2026-08-28
UPDATE,2026-08-28T00:00:00,2026-08-28,PT0300858,LST0300858,AG01404,LOC0016,Condo,1,3.0,2120,3517,1907,591700.0,2024-12-31,Active,,,21,349.0,3,No,No,2024-12-31,2026-08-28
UPDATE,2026-08-28T00:00:00,2026-08-28,PT0313206,LST0313206,AG01796,LOC0045,Single Family,5,3.0,1974,7788,1960,954200.0,2026-01-31,Active,,,104,0.0,3,No,No,2026-01-31,2026-08-28
UPDATE,2026-08-28T00:00:00,2026-08-28,PT0549807,LST0549807,AG01850,LOC0249,Land,0,0.0,9844,3299,1984,4059900.0,2026-08-13,Sold,3937373.15,2026-08-28,15,0.0,0,No,No,2026-08-13,2026-08-28
UPDATE,2026-08-28T00:00:00,2026-08-28,PT0357359,LST0357359,AG00735,LOC0181,Single Family,2,2.5,1232,4436,1993,208200.0,2023-01-25,Pending,,,67,0.0,0,No,No,2023-01-25,2026-08-28
UPDATE,2026-08-28T00:00:00,2026-08-28,PT0231593,LST0231593,AG01288,LOC0241,Apartment,3,1.5,1378,0,1988,189200.0,2024-07-11,Active,,,167,521.0,1,Yes,No,2024-07-11,2026-08-28
UPDATE,2026-08-28T00:00:00,2026-08-28,PT0530984,LST0530984,AG02278,LOC0138,Condo,3,4.0,1071,2052,1959,256900.0,2026-07-27,Sold,246376.27,2026-08-28,32,298.64,1,Yes,No,2026-07-27,2026-08-28
UPDATE,2026-08-28T00:00:00,2026-08-28,PT0541409,LST0541409,AG02515,LOC0038,Townhouse,3,2.0,1294,5725,2018,491400.0,2026-08-05,Active,,,0,697.87,2,Yes,No,2026-08-05,2026-08-28
UPDATE,2026-08-28T00:00:00,2026-08-28,PT0561204,LST0561204,AG00075,LOC0192,Single Family,5,2.0,1108,7437,1944,266000.0,2026-08-23,Active,,,0,0.0,0,Yes,No,2026-08-23,2026-08-28
UPDATE,2026-08-28T00:00:00,2026-08-28,PT0197788,LST0197788,AG02309,LOC0197,Townhouse,4,1.5,1292,6001,1988,791500.0,2023-01-10,Sold,800612.19,2026-08-28,1326,619.0,0,Yes,No,2023-01-10,2026-08-28
UPDATE,2026-08-28T00:00:00,2026-08-28,PT0068333,LST0068333,AG01643,LOC0098,Condo,5,3.0,2469,2116,2008,1392000.0,2023-09-10,Active,,,161,189.0,0,Yes,No,2023-09-10,2026-08-28
UPDATE,2026-08-28T00:00:00,2026-08-28,PT0113391,LST0113391,AG00114,LOC0033,Multi-Family,2,4.0,3519,1316,2022,1022300.0,2024-09-17,Sold,1014593.9,2026-08-28,710,0.0,3,No,No,2024-09-17,2026-08-28
UPDATE,2026-08-28T00:00:00,2026-08-28,PT0036431,LST0036431,AG02603,LOC0052,Townhouse,3,3.0,3265,5017,1925,605400.0,2023-10-08,Sold,592877.98,2026-08-28,1055,345.0,2,No,No,2023-10-08,2026-08-28
UPDATE,2026-08-28T00:00:00,2026-08-28,PT0414807,LST0414807,AG02496,LOC0073,Single Family,5,2.0,1336,4739,2001,599400.0,2026-02-13,Pending,,,18,0.0,1,No,No,2026-02-13,2026-08-28
UPDATE,2026-08-28T00:00:00,2026-08-28,PT0216091,LST0216091,AG02377,LOC0078,Single Family,4,3.5,3281,8382,1973,1570500.0,2024-05-17,Sold,1420535.76,2026-08-28,833,0.0,1,No,Yes,2024-05-17,2026-08-28
UPDATE,2026-08-28T00:00:00,2026-08-28,PT0050597,LST0050597,AG01233,LOC0223,Condo,3,4.0,1425,3952,1939,895800.0,2024-12-04,Pending,,,164,454.0,2,No,No,2024-12-04,2026-08-28
UPDATE,2026-08-28T00:00:00,2026-08-28,PT0554488,LST0554488,AG02435,LOC0004,Single Family,6,1.0,2478,6675,1906,283100.0,2026-08-17,Pending,,,0,0.0,2,No,Yes,2026-08-17,2026-08-28
UPDATE,2026-08-28T00:00:00,2026-08-28,PT0416139,LST0416139,AG00902,LOC0041,Townhouse,5,3.0,2156,8233,1929,487900.0,2024-10-12,Pending,,,126,147.0,1,Yes,No,2024-10-12,2026-08-28
UPDATE,2026-08-28T00:00:00,2026-08-28,PT0307114,LST0307114,AG01141,LOC0219,Single Family,2,2.0,1360,5809,1991,375900.0,2024-01-22,Pending,,,108,0.0,3,Yes,No,2024-01-22,2026-08-28
UPDATE,2026-08-28T00:00:00,2026-08-28,PT0105574,LST0105574,AG01529,LOC0045,Single Family,4,1.0,3186,8280,1935,1153600.0,2024-03-12,Active,,,76,0.0,3,Yes,Yes,2024-03-12,2026-08-28
UPDATE,2026-08-28T00:00:00,2026-08-28,PT0015989,LST0015989,AG00922,LOC0046,Apartment,2,4.0,1178,0,1951,299400.0,2023-03-14,Pending,,,105,685.0,2,No,No,2023-03-14,2026-08-28
UPDATE,2026-08-28T00:00:00,2026-08-28,PT0135939,LST0135939,AG01602,LOC0107,Single Family,1,1.5,2034,3085,2005,498400.0,2025-05-14,Pending,,,124,0.0,1,No,Yes,2025-05-14,2026-08-28
UPDATE,2026-08-28T00:00:00,2026-08-28,PT0480656,LST0480656,AG02990,LOC0246,Condo,1,1.0,2215,13645,1966,224100.0,2023-05-05,Pending,,,121,539.0,1,No,No,2023-05-05,2026-08-28
UPDATE,2026-08-28T00:00:00,2026-08-28,PT0500734,LST0500734,AG00890,LOC0081,Apartment,5,4.0,853,0,2015,169200.0,2026-07-01,Active,,,0,172.09,3,No,No,2026-07-01,2026-08-28
UPDATE,2026-08-28T00:00:00,2026-08-28,PT0080826,LST0080826,AG01117,LOC0179,Condo,3,1.0,1488,5197,1936,414200.0,2025-07-21,Active,,,65,790.0,0,Yes,No,2025-07-21,2026-08-28
UPDATE,2026-08-28T00:00:00,2026-08-28,PT0545675,LST0545675,AG01557,LOC0218,Townhouse,5,3.0,1938,7539,1900,629500.0,2026-08-09,Active,,,0,714.54,1,No,No,2026-08-09,2026-08-28
UPDATE,2026-08-28T00:00:00,2026-08-28,PT0022453,LST0022453,AG00985,LOC0211,Multi-Family,4,3.5,3761,2849,1985,1863300.0,2024-12-30,Pending,,,98,0.0,1,No,No,2024-12-30,2026-08-28
UPDATE,2026-08-28T00:00:00,2026-08-28,PT0334365,LST0334365,AG00319,LOC0151,Condo,6,4.5,1889,3041,1956,640500.0,2025-11-29,Pending,,,11,108.0,2,No,No,2025-11-29,2026-08-28
UPDATE,2026-08-28T00:00:00,2026-08-28,PT0059171,LST0059171,AG02127,LOC0143,Condo,5,3.0,1765,2058,1913,213500.0,2024-10-03,Pending,,,119,292.0,1,No,No,2024-10-03,2026-08-28
UPDATE,2026-08-28T00:00:00,2026-08-28,PT0078165,LST0078165,AG01579,LOC0247,Single Family,3,1.5,1898,5680,1925,482900.0,2023-06-18,Active,,,132,0.0,0,Yes,Yes,2023-06-18,2026-08-28
UPDATE,2026-08-28T00:00:00,2026-08-28,PT0513782,LST0513782,AG02030,LOC0021,Apartment,5,2.0,1066,0,1974,201100.0,2026-07-12,Sold,203098.49,2026-08-28,47,713.59,1,No,No,2026-07-12,2026-08-28
UPDATE,2026-08-28T00:00:00,2026-08-28,PT0175339,LST0175339,AG02014,LOC0043,Single Family,6,2.0,2914,11218,1998,840500.0,2023-02-23,Sold,861605.52,2026-08-28,1282,0.0,2,Yes,No,2023-02-23,2026-08-28
UPDATE,2026-08-28T00:00:00,2026-08-28,PT0283656,LST0283656,AG02907,LOC0122,Condo,2,3.0,2067,6634,1931,840800.0,2025-11-20,Active,,,118,642.0,0,No,No,2025-11-20,2026-08-28
UPDATE,2026-08-28T00:00:00,2026-08-28,PT0441098,LST0441098,AG02749,LOC0021,Multi-Family,4,3.5,2292,4410,1997,235100.0,2023-12-07,Pending,,,68,0.0,1,No,No,2023-12-07,2026-08-28
UPDATE,2026-08-28T00:00:00,2026-08-28,PT0242012,LST0242012,AG00854,LOC0084,Apartment,3,2.0,1609,0,1974,564600.0,2023-12-17,Sold,529734.96,2026-08-28,985,657.0,3,No,No,2023-12-17,2026-08-28
UPDATE,2026-08-28T00:00:00,2026-08-28,PT0139692,LST0139692,AG00373,LOC0191,Townhouse,4,1.0,2649,17608,1903,1219700.0,2023-06-28,Active,,,127,617.0,0,No,No,2023-06-28,2026-08-28
UPDATE,2026-08-28T00:00:00,2026-08-28,PT0186769,LST0186769,AG00454,LOC0051,Single Family,1,1.5,1778,13650,1909,195600.0,2026-05-07,Pending,,,151,0.0,0,Yes,No,2026-05-07,2026-08-28
UPDATE,2026-08-28T00:00:00,2026-08-28,PT0496853,LST0496853,AG00924,LOC0200,Single Family,5,1.5,839,2820,1954,359000.0,2024-02-19,Sold,374340.4,2026-08-28,921,0.0,2,Yes,No,2024-02-19,2026-08-28
UPDATE,2026-08-28T00:00:00,2026-08-28,PT0471789,LST0471789,AG01731,LOC0249,Multi-Family,5,4.5,2384,6840,1981,1113100.0,2026-05-02,Active,,,77,0.0,1,Yes,Yes,2026-05-02,2026-08-28
UPDATE,2026-08-28T00:00:00,2026-08-28,PT0472104,LST0472104,AG00228,LOC0110,Condo,3,2.0,1674,13172,1940,264200.0,2023-02-20,Active,,,71,367.0,2,Yes,No,2023-02-20,2026-08-28
UPDATE,2026-08-28T00:00:00,2026-08-28,PT0337295,LST0337295,AG00346,LOC0172,Single Family,2,3.0,1808,9764,1983,184100.0,2024-03-16,Active,,,137,0.0,1,No,Yes,2024-03-16,2026-08-28
UPDATE,2026-08-28T00:00:00,2026-08-28,PT0454101,LST0454101,AG00256,LOC0213,Single Family,4,2.0,2235,2095,1983,305800.0,2024-03-18,Sold,291812.1,2026-08-28,893,0.0,0,No,No,2024-03-18,2026-08-28
UPDATE,2026-08-28T00:00:00,2026-08-28,PT0024114,LST0024114,AG02456,LOC0160,Condo,2,1.0,1059,4507,1978,119600.0,2023-07-15,Sold,114263.29,2026-08-28,1140,441.0,2,No,No,2023-07-15,2026-08-28
UPDATE,2026-08-28T00:00:00,2026-08-28,PT0365467,LST0365467,AG00651,LOC0237,Single Family,2,4.0,1933,1033,1957,222800.0,2024-04-11,Pending,,,85,0.0,1,No,Yes,2024-04-11,2026-08-28
UPDATE,2026-08-28T00:00:00,2026-08-28,PT0433320,LST0433320,AG00860,LOC0220,Condo,3,2.5,3195,1603,1933,1673900.0,2025-11-18,Pending,,,166,376.0,0,No,No,2025-11-18,2026-08-28
UPDATE,2026-08-28T00:00:00,2026-08-28,PT0162303,LST0162303,AG02994,LOC0025,Multi-Family,3,1.0,540,11313,1972,205400.0,2024-07-30,Active,,,78,0.0,0,No,No,2024-07-30,2026-08-28
UPDATE,2026-08-28T00:00:00,2026-08-28,PT0547331,LST0547331,AG00528,LOC0079,Apartment,3,1.0,885,0,1951,151500.0,2026-08-10,Active,,,0,140.38,0,No,No,2026-08-10,2026-08-28
UPDATE,2026-08-28T00:00:00,2026-08-28,PT0529733,LST0529733,AG00049,LOC0164,Land,0,0.0,8721,9068,1976,2351600.0,2026-07-26,Active,,,0,0.0,0,No,No,2026-07-26,2026-08-28
UPDATE,2026-08-28T00:00:00,2026-08-28,PT0234258,LST0234258,AG01180,LOC0218,Single Family,1,1.5,2392,3081,2003,613200.0,2023-03-26,Active,,,178,0.0,3,No,No,2023-03-26,2026-08-28
UPDATE,2026-08-28T00:00:00,2026-08-28,PT0032363,LST0032363,AG02038,LOC0125,Single Family,3,1.0,1102,19754,1985,271900.0,2025-09-22,Active,,,88,0.0,1,No,No,2025-09-22,2026-08-28
UPDATE,2026-08-28T00:00:00,2026-08-28,PT0270225,LST0270225,AG01382,LOC0107,Townhouse,4,1.5,1204,18471,1987,271800.0,2024-07-24,Active,,,122,749.0,3,No,No,2024-07-24,2026-08-28
UPDATE,2026-08-28T00:00:00,2026-08-28,PT0063868,LST0063868,AG00903,LOC0211,Condo,3,3.5,1234,2842,1927,436500.0,2023-03-20,Sold,429039.84,2026-08-28,1257,65.0,1,No,No,2023-03-20,2026-08-28
UPDATE,2026-08-28T00:00:00,2026-08-28,PT0224342,LST0224342,AG01788,LOC0068,Single Family,4,3.5,2511,2630,1952,409300.0,2025-05-17,Active,,,91,0.0,0,No,No,2025-05-17,2026-08-28
UPDATE,2026-08-28T00:00:00,2026-08-28,PT0338870,LST0338870,AG02041,LOC0095,Single Family,5,1.5,1523,8816,1917,735800.0,2024-05-10,Active,,,19,0.0,1,No,No,2024-05-10,2026-08-28
UPDATE,2026-08-28T00:00:00,2026-08-28,PT0560870,LST0560870,AG02965,LOC0096,Land,0,0.0,5759,2175,1971,2680300.0,2026-08-23,Pending,,,0,0.0,0,No,No,2026-08-23,2026-08-28
UPDATE,2026-08-28T00:00:00,2026-08-28,PT0260531,LST0260531,AG01764,LOC0127,Townhouse,1,1.5,2145,1331,1929,790300.0,2026-03-21,Pending,,,75,186.0,2,No,No,2026-03-21,2026-08-28
UPDATE,2026-08-28T00:00:00,2026-08-28,PT0439069,LST0439069,AG01855,LOC0156,Single Family,1,3.0,2016,11633,1914,579300.0,2026-03-03,Pending,,,26,0.0,0,No,Yes,2026-03-03,2026-08-28
UPDATE,2026-08-28T00:00:00,2026-08-28,PT0213839,LST0213839,AG01075,LOC0030,Single Family,3,4.0,1536,3095,2012,721900.0,2024-10-21,Pending,,,119,0.0,3,No,No,2024-10-21,2026-08-28
UPDATE,2026-08-28T00:00:00,2026-08-28,PT0280329,LST0280329,AG00584,LOC0103,Condo,2,4.5,2022,10596,2010,388400.0,2025-09-26,Pending,,,11,644.0,0,No,No,2025-09-26,2026-08-28
UPDATE,2026-08-28T00:00:00,2026-08-28,PT0280890,LST0280890,AG00330,LOC0120,Condo,6,3.5,2459,4106,1907,1401000.0,2026-01-20,Pending,,,163,434.0,1,Yes,No,2026-01-20,2026-08-28
UPDATE,2026-08-28T00:00:00,2026-08-28,PT0489456,LST0489456,AG00987,LOC0234,Single Family,2,3.5,1610,6371,1998,665900.0,2024-01-15,Active,,,130,0.0,2,No,No,2024-01-15,2026-08-28
UPDATE,2026-08-28T00:00:00,2026-08-28,PT0552997,LST0552997,AG01548,LOC0067,Multi-Family,6,2.0,3641,6089,2000,770900.0,2026-08-16,Active,,,0,0.0,0,No,No,2026-08-16,2026-08-28
UPDATE,2026-08-28T00:00:00,2026-08-28,PT0533128,LST0533128,AG01400,LOC0112,Single Family,5,2.5,2465,7534,1989,323800.0,2026-07-29,Pending,,,0,0.0,2,Yes,Yes,2026-07-29,2026-08-28
UPDATE,2026-08-28T00:00:00,2026-08-28,PT0226376,LST0226376,AG00035,LOC0053,Townhouse,6,2.0,1622,6087,1962,476400.0,2024-04-22,Pending,,,9,733.0,3,No,No,2024-04-22,2026-08-28
UPDATE,2026-08-28T00:00:00,2026-08-28,PT0268018,LST0268018,AG01363,LOC0039,Multi-Family,3,4.5,3425,1098,1993,535500.0,2024-06-10,Active,,,163,0.0,0,No,No,2024-06-10,2026-08-28
UPDATE,2026-08-28T00:00:00,2026-08-28,PT0360163,LST0360163,AG02475,LOC0207,Single Family,6,2.0,872,7964,1928,145200.0,2025-10-16,Pending,,,60,0.0,3,No,No,2025-10-16,2026-08-28
UPDATE,2026-08-28T00:00:00,2026-08-28,PT0549726,LST0549726,AG02829,LOC0132,Condo,5,1.0,1429,2211,1973,205100.0,2026-08-13,Active,,,0,695.17,0,Yes,No,2026-08-13,2026-08-28
UPDATE,2026-08-28T00:00:00,2026-08-28,PT0160070,LST0160070,AG02817,LOC0165,Condo,3,2.0,1085,5111,1982,394600.0,2026-04-24,Active,,,9,148.0,2,No,No,2026-04-24,2026-08-28
UPDATE,2026-08-28T00:00:00,2026-08-28,PT0469340,LST0469340,AG02216,LOC0248,Condo,4,2.0,2377,2017,1948,657300.0,2024-05-05,Pending,,,29,730.0,0,No,No,2024-05-05,2026-08-28
UPDATE,2026-08-28T00:00:00,2026-08-28,PT0520576,LST0520576,AG02270,LOC0163,Single Family,6,1.5,1097,2069,1977,320100.0,2026-07-18,Pending,,,0,0.0,3,No,No,2026-07-18,2026-08-28
UPDATE,2026-08-28T00:00:00,2026-08-28,PT0511341,LST0511341,AG01158,LOC0028,Condo,1,3.0,1492,3402,1974,182700.0,2026-07-10,Active,,,0,741.15,3,No,No,2026-07-10,2026-08-28
UPDATE,2026-08-28T00:00:00,2026-08-28,PT0310022,LST0310022,AG01658,LOC0169,Multi-Family,2,4.0,4506,2754,1950,1532500.0,2024-12-21,Active,,,118,0.0,2,No,Yes,2024-12-21,2026-08-28
UPDATE,2026-08-28T00:00:00,2026-08-28,PT0169365,LST0169365,AG02740,LOC0231,Townhouse,5,2.5,1507,5084,1987,218300.0,2024-11-06,Active,,,102,326.0,1,No,No,2024-11-06,2026-08-28
UPDATE,2026-08-28T00:00:00,2026-08-28,PT0256770,LST0256770,AG01083,LOC0220,Single Family,5,3.0,1931,8675,1960,999000.0,2025-05-10,Sold,888873.06,2026-08-28,475,0.0,0,No,No,2025-05-10,2026-08-28
UPDATE,2026-08-28T00:00:00,2026-08-28,PT0360082,LST0360082,AG02300,LOC0173,Townhouse,6,4.0,1526,2395,1951,307200.0,2025-08-22,Active,,,132,421.0,1,No,No,2025-08-22,2026-08-28
UPDATE,2026-08-28T00:00:00,2026-08-28,PT0087069,LST0087069,AG02258,LOC0042,Single Family,1,3.0,2526,1272,1905,597900.0,2025-01-04,Active,,,165,0.0,1,No,Yes,2025-01-04,2026-08-28
UPDATE,2026-08-28T00:00:00,2026-08-28,PT0172909,LST0172909,AG00988,LOC0011,Single Family,5,1.0,2017,1158,1993,622000.0,2023-10-16,Sold,563564.52,2026-08-28,1047,0.0,0,No,No,2023-10-16,2026-08-28
UPDATE,2026-08-28T00:00:00,2026-08-28,PT0129436,LST0129436,AG02181,LOC0170,Single Family,6,4.5,2056,1053,1990,1053600.0,2024-01-20,Pending,,,80,0.0,0,No,No,2024-01-20,2026-08-28
UPDATE,2026-08-28T00:00:00,2026-08-28,PT0523034,LST0523034,AG01050,LOC0056,Apartment,1,1.0,1593,0,1903,422700.0,2026-07-21,Sold,429837.89,2026-08-28,38,358.49,3,No,No,2026-07-21,2026-08-28
UPDATE,2026-08-28T00:00:00,2026-08-28,PT0520562,LST0520562,AG01200,LOC0125,Single Family,3,1.5,1510,16652,1965,537100.0,2026-07-18,Pending,,,0,0.0,0,No,Yes,2026-07-18,2026-08-28
UPDATE,2026-08-28T00:00:00,2026-08-28,PT0281875,LST0281875,AG02494,LOC0237,Multi-Family,5,1.5,3256,1323,2025,723000.0,2025-07-23,Pending,,,21,0.0,2,No,No,2025-07-23,2026-08-28
UPDATE,2026-08-28T00:00:00,2026-08-28,PT0515565,LST0515565,AG01464,LOC0194,Single Family,5,3.5,2357,2841,1929,820400.0,2026-07-13,Active,,,0,0.0,1,No,Yes,2026-07-13,2026-08-28
UPDATE,2026-08-28T00:00:00,2026-08-28,PT0116015,LST0116015,AG00391,LOC0101,Single Family,6,1.0,1898,6389,1955,532800.0,2025-02-05,Sold,474522.87,2026-08-28,569,0.0,2,No,Yes,2025-02-05,2026-08-28
UPDATE,2026-08-28T00:00:00,2026-08-28,PT0387790,LST0387790,AG01257,LOC0196,Single Family,5,2.0,2521,3567,1954,581400.0,2023-08-27,Sold,596538.15,2026-08-28,1097,0.0,1,No,No,2023-08-27,2026-08-28
UPDATE,2026-08-28T00:00:00,2026-08-28,PT0459075,LST0459075,AG01539,LOC0098,Condo,1,4.0,300,7125,1956,136100.0,2024-03-29,Active,,,128,304.0,0,No,No,2024-03-29,2026-08-28
UPDATE,2026-08-28T00:00:00,2026-08-28,PT0518881,LST0518881,AG02435,LOC0061,Condo,5,2.5,2888,1144,1933,231800.0,2026-07-16,Sold,211570.54,2026-08-28,43,581.08,3,No,No,2026-07-16,2026-08-28
UPDATE,2026-08-28T00:00:00,2026-08-28,PT0326376,LST0326376,AG00546,LOC0011,Multi-Family,3,4.0,3237,9732,2024,1119400.0,2024-05-30,Pending,,,108,0.0,3,No,Yes,2024-05-30,2026-08-28
UPDATE,2026-08-28T00:00:00,2026-08-28,PT0391571,LST0391571,AG02338,LOC0239,Townhouse,4,4.0,1511,2577,1930,539700.0,2023-02-10,Active,,,162,203.0,0,No,No,2023-02-10,2026-08-28
UPDATE,2026-08-28T00:00:00,2026-08-28,PT0247016,LST0247016,AG02075,LOC0051,Townhouse,2,2.5,1491,4879,1971,192000.0,2026-05-26,Active,,,129,526.0,0,No,No,2026-05-26,2026-08-28
UPDATE,2026-08-28T00:00:00,2026-08-28,PT0560018,LST0560018,AG02243,LOC0196,Condo,5,4.5,2072,8551,1903,413200.0,2026-08-22,Active,,,0,786.03,2,No,No,2026-08-22,2026-08-28
UPDATE,2026-08-28T00:00:00,2026-08-28,PT0559703,LST0559703,AG02984,LOC0204,Single Family,6,2.0,1654,3822,1952,513600.0,2026-08-22,Active,,,0,0.0,0,No,Yes,2026-08-22,2026-08-28
UPDATE,2026-08-28T00:00:00,2026-08-28,PT0115865,LST0115865,AG02794,LOC0116,Single Family,2,1.0,996,10774,1952,484000.0,2025-10-28,Pending,,,156,0.0,3,No,No,2025-10-28,2026-08-28
UPDATE,2026-08-28T00:00:00,2026-08-28,PT0308879,LST0308879,AG01292,LOC0119,Condo,4,4.0,1349,1666,2018,534400.0,2025-10-16,Pending,,,116,107.0,0,No,No,2025-10-16,2026-08-28
UPDATE,2026-08-28T00:00:00,2026-08-28,PT0060365,LST0060365,AG02286,LOC0167,Townhouse,5,4.5,597,5070,2008,91800.0,2024-09-02,Active,,,48,206.0,2,No,No,2024-09-02,2026-08-28
UPDATE,2026-08-28T00:00:00,2026-08-28,PT0162237,LST0162237,AG02097,LOC0218,Condo,6,1.5,917,4970,1978,264900.0,2026-04-23,Active,,,125,732.0,2,No,No,2026-04-23,2026-08-28
UPDATE,2026-08-28T00:00:00,2026-08-28,PT0194433,LST0194433,AG01495,LOC0061,Single Family,1,4.0,1114,3774,1964,119000.0,2024-01-28,Pending,,,19,0.0,1,No,Yes,2024-01-28,2026-08-28
UPDATE,2026-08-28T00:00:00,2026-08-28,PT0315676,LST0315676,AG00071,LOC0182,Townhouse,3,2.0,1038,1772,2022,313900.0,2025-07-11,Pending,,,11,379.0,3,No,No,2025-07-11,2026-08-28
UPDATE,2026-08-28T00:00:00,2026-08-28,PT0129183,LST0129183,AG02002,LOC0226,Multi-Family,6,1.5,2595,2248,1977,1235600.0,2025-09-10,Pending,,,34,0.0,2,No,Yes,2025-09-10,2026-08-28
UPDATE,2026-08-28T00:00:00,2026-08-28,PT0522971,LST0522971,AG01476,LOC0198,Condo,6,4.5,1990,6719,1945,153200.0,2026-07-20,Pending,,,0,384.34,2,No,No,2026-07-20,2026-08-28
UPDATE,2026-08-28T00:00:00,2026-08-28,PT0133103,LST0133103,AG02279,LOC0237,Land,0,0.0,3059,9716,1943,349500.0,2025-04-04,Active,,,47,0.0,0,No,No,2025-04-04,2026-08-28
UPDATE,2026-08-28T00:00:00,2026-08-28,PT0435805,LST0435805,AG00673,LOC0051,Single Family,4,4.5,1880,3396,1950,195700.0,2024-10-30,Sold,198617.61,2026-08-28,667,0.0,3,No,No,2024-10-30,2026-08-28
UPDATE,2026-08-28T00:00:00,2026-08-28,PT0062909,LST0062909,AG02332,LOC0008,Single Family,3,4.0,1266,1303,1981,140000.0,2026-02-22,Sold,135600.5,2026-08-28,187,0.0,0,No,No,2026-02-22,2026-08-28
UPDATE,2026-08-28T00:00:00,2026-08-28,PT0289639,LST0289639,AG00408,LOC0033,Multi-Family,6,4.5,6475,2698,1966,2371500.0,2024-02-22,Pending,,,6,0.0,2,Yes,No,2024-02-22,2026-08-28
UPDATE,2026-08-28T00:00:00,2026-08-28,PT0074993,LST0074993,AG01106,LOC0153,Multi-Family,2,2.5,1786,1598,1901,1027900.0,2024-03-31,Pending,,,82,0.0,1,No,Yes,2024-03-31,2026-08-28
UPDATE,2026-08-28T00:00:00,2026-08-28,PT0482204,LST0482204,AG01116,LOC0196,Condo,1,1.0,823,1495,1910,208300.0,2023-05-14,Pending,,,47,536.0,2,No,No,2023-05-14,2026-08-28
UPDATE,2026-08-28T00:00:00,2026-08-28,PT0350731,LST0350731,AG02618,LOC0163,Single Family,3,3.0,1177,1549,1917,314200.0,2025-01-03,Pending,,,103,0.0,2,No,No,2025-01-03,2026-08-28
UPDATE,2026-08-28T00:00:00,2026-08-28,PT0554617,LST0554617,AG02057,LOC0159,Townhouse,6,2.0,3210,1546,1955,794600.0,2026-08-17,Active,,,0,602.56,3,No,No,2026-08-17,2026-08-28
UPDATE,2026-08-28T00:00:00,2026-08-28,PT0470470,LST0470470,AG01990,LOC0044,Townhouse,5,3.0,2013,13105,1911,740400.0,2024-04-12,Active,,,150,593.0,3,Yes,No,2024-04-12,2026-08-28
UPDATE,2026-08-28T00:00:00,2026-08-28,PT0561144,LST0561144,AG01772,LOC0237,Single Family,6,4.5,1317,1182,2023,248500.0,2026-08-23,Active,,,0,0.0,1,No,Yes,2026-08-23,2026-08-28
UPDATE,2026-08-28T00:00:00,2026-08-28,PT0350502,LST0350502,AG02449,LOC0203,Condo,6,4.0,1540,1309,1999,134800.0,2026-04-29,Active,,,42,377.0,0,Yes,No,2026-04-29,2026-08-28
UPDATE,2026-08-28T00:00:00,2026-08-28,PT0476560,LST0476560,AG00531,LOC0095,Multi-Family,1,3.5,3115,2585,1937,1183100.0,2024-03-13,Pending,,,100,0.0,2,No,Yes,2024-03-13,2026-08-28
UPDATE,2026-08-28T00:00:00,2026-08-28,PT0528640,LST0528640,AG00562,LOC0125,Single Family,1,1.0,1459,11860,1921,320700.0,2026-07-25,Active,,,0,0.0,1,No,No,2026-07-25,2026-08-28
UPDATE,2026-08-28T00:00:00,2026-08-28,PT0042448,LST0042448,AG02351,LOC0144,Townhouse,5,3.0,1749,4775,1944,465700.0,2024-07-21,Active,,,30,162.0,3,No,No,2024-07-21,2026-08-28
UPDATE,2026-08-28T00:00:00,2026-08-28,PT0519937,LST0519937,AG00442,LOC0183,Single Family,6,3.5,1247,7807,1996,89600.0,2026-07-18,Pending,,,0,0.0,2,Yes,No,2026-07-18,2026-08-28
UPDATE,2026-08-28T00:00:00,2026-08-28,PT0305191,LST0305191,AG02077,LOC0117,Townhouse,2,4.0,1748,1463,1973,839500.0,2024-09-11,Active,,,48,555.0,2,No,No,2024-09-11,2026-08-28
UPDATE,2026-08-28T00:00:00,2026-08-28,PT0055702,LST0055702,AG02082,LOC0120,Townhouse,5,3.5,1273,8191,1938,476200.0,2024-01-05,Pending,,,82,327.0,1,No,No,2024-01-05,2026-08-28
UPDATE,2026-08-28T00:00:00,2026-08-28,PT0556674,LST0556674,AG01715,LOC0173,Single Family,3,4.0,1565,22540,2017,467300.0,2026-08-19,Active,,,0,0.0,3,No,Yes,2026-08-19,2026-08-28
UPDATE,2026-08-28T00:00:00,2026-08-28,PT0285004,LST0285004,AG02483,LOC0200,Single Family,2,2.0,2458,3119,2022,658400.0,2026-01-23,Pending,,,93,0.0,3,No,Yes,2026-01-23,2026-08-28
UPDATE,2026-08-28T00:00:00,2026-08-28,PT0201990,LST0201990,AG00300,LOC0244,Condo,5,2.0,2654,5340,1971,380600.0,2026-06-05,Pending,,,70,708.0,3,No,No,2026-06-05,2026-08-28
UPDATE,2026-08-28T00:00:00,2026-08-28,PT0512516,LST0512516,AG02879,LOC0218,Single Family,2,2.5,1894,3186,1980,410700.0,2026-07-11,Active,,,0,0.0,0,No,Yes,2026-07-11,2026-08-28
UPDATE,2026-08-28T00:00:00,2026-08-28,PT0029511,LST0029511,AG00216,LOC0036,Condo,3,4.5,2743,2634,1947,643500.0,2025-11-03,Active,,,81,729.0,2,No,No,2025-11-03,2026-08-28
UPDATE,2026-08-28T00:00:00,2026-08-28,PT0259930,LST0259930,AG01350,LOC0157,Single Family,1,2.0,1169,2450,1966,314300.0,2026-02-16,Sold,303908.97,2026-08-28,193,0.0,0,No,No,2026-02-16,2026-08-28
UPDATE,2026-08-28T00:00:00,2026-08-28,PT0158540,LST0158540,AG02850,LOC0048,Townhouse,4,4.5,2845,8303,1900,1296700.0,2026-04-04,Pending,,,138,101.0,0,No,No,2026-04-04,2026-08-28
UPDATE,2026-08-28T00:00:00,2026-08-28,PT0549647,LST0549647,AG02727,LOC0071,Single Family,5,2.5,1537,2065,1965,535900.0,2026-08-13,Sold,532285.84,2026-08-28,15,0.0,3,No,No,2026-08-13,2026-08-28
UPDATE,2026-08-28T00:00:00,2026-08-28,PT0345872,LST0345872,AG01825,LOC0193,Condo,5,2.0,2845,1765,1910,973300.0,2024-10-01,Active,,,89,740.0,3,No,No,2024-10-01,2026-08-28
UPDATE,2026-08-28T00:00:00,2026-08-28,PT0017598,LST0017598,AG01165,LOC0046,Multi-Family,1,3.0,4217,1354,1930,1068000.0,2026-03-15,Active,,,171,0.0,2,No,Yes,2026-03-15,2026-08-28
UPDATE,2026-08-28T00:00:00,2026-08-28,PT0345535,LST0345535,AG00099,LOC0129,Condo,2,3.0,1126,3014,2007,85600.0,2025-03-31,Pending,,,174,166.0,0,Yes,No,2025-03-31,2026-08-28
UPDATE,2026-08-28T00:00:00,2026-08-28,PT0518563,LST0518563,AG00549,LOC0054,Single Family,6,2.5,1707,6411,1985,358400.0,2026-07-16,Sold,339795.4,2026-08-28,43,0.0,0,No,No,2026-07-16,2026-08-28
UPDATE,2026-08-28T00:00:00,2026-08-28,PT0461753,LST0461753,AG00167,LOC0117,Single Family,6,3.0,2083,8743,1990,815500.0,2023-11-08,Pending,,,162,0.0,0,No,Yes,2023-11-08,2026-08-28
UPDATE,2026-08-28T00:00:00,2026-08-28,PT0551093,LST0551093,AG00632,LOC0135,Single Family,2,1.5,2795,18870,1940,1262300.0,2026-08-14,Active,,,0,0.0,2,No,Yes,2026-08-14,2026-08-28
UPDATE,2026-08-28T00:00:00,2026-08-28,PT0535480,LST0535480,AG00659,LOC0211,Townhouse,4,3.5,758,9088,1930,156600.0,2026-07-31,Sold,152810.14,2026-08-28,28,641.12,3,No,No,2026-07-31,2026-08-28
UPDATE,2026-08-28T00:00:00,2026-08-28,PT0139986,LST0139986,AG00356,LOC0033,Single Family,1,2.0,1787,2222,1941,684300.0,2024-07-11,Pending,,,124,0.0,0,No,No,2024-07-11,2026-08-28
UPDATE,2026-08-28T00:00:00,2026-08-28,PT0387458,LST0387458,AG01751,LOC0102,Condo,2,1.0,584,1104,2022,54300.0,2026-04-11,Pending,,,179,608.0,1,No,No,2026-04-11,2026-08-28
UPDATE,2026-08-28T00:00:00,2026-08-28,PT0298068,LST0298068,AG01547,LOC0062,Apartment,1,2.5,1186,0,1986,321000.0,2025-02-21,Pending,,,115,733.0,3,No,No,2025-02-21,2026-08-28
UPDATE,2026-08-28T00:00:00,2026-08-28,PT0079895,LST0079895,AG00666,LOC0120,Single Family,5,3.0,2774,3330,1986,372400.0,2023-03-07,Pending,,,99,0.0,1,Yes,Yes,2023-03-07,2026-08-28
UPDATE,2026-08-28T00:00:00,2026-08-28,PT0229336,LST0229336,AG00218,LOC0069,Apartment,6,4.5,1053,0,1940,209200.0,2024-06-01,Pending,,,129,655.0,0,No,No,2024-06-01,2026-08-28
UPDATE,2026-08-28T00:00:00,2026-08-28,PT0565335,LST0565335,AG00429,LOC0242,Townhouse,1,1.0,2107,3732,1953,680500.0,2026-08-27,Active,,,0,777.37,0,Yes,No,2026-08-27,2026-08-28
UPDATE,2026-08-28T00:00:00,2026-08-28,PT0163899,LST0163899,AG02816,LOC0221,Single Family,4,2.5,1485,5261,2022,332900.0,2024-07-09,Active,,,124,0.0,2,No,No,2024-07-09,2026-08-28
UPDATE,2026-08-28T00:00:00,2026-08-28,PT0500221,LST0500221,AG00989,LOC0129,Single Family,1,4.0,1922,6321,1952,521100.0,2026-07-01,Pending,,,0,0.0,3,No,No,2026-07-01,2026-08-28
UPDATE,2026-08-28T00:00:00,2026-08-28,PT0017298,LST0017298,AG01082,LOC0076,Multi-Family,4,4.5,1712,5461,1915,490700.0,2024-10-27,Active,,,28,0.0,1,No,No,2024-10-27,2026-08-28
UPDATE,2026-08-28T00:00:00,2026-08-28,PT0261163,LST0261163,AG00077,LOC0177,Apartment,3,3.0,1621,0,1950,847800.0,2025-12-01,Pending,,,117,387.0,3,No,No,2025-12-01,2026-08-28
UPDATE,2026-08-28T00:00:00,2026-08-28,PT0068009,LST0068009,AG00652,LOC0092,Townhouse,1,1.0,2776,10414,1972,408200.0,2024-08-27,Active,,,113,414.0,0,No,No,2024-08-27,2026-08-28
UPDATE,2026-08-28T00:00:00,2026-08-28,PT0120905,LST0120905,AG02016,LOC0183,Condo,2,3.0,1364,1765,1903,84300.0,2025-08-16,Active,,,49,777.0,3,No,No,2025-08-16,2026-08-28
UPDATE,2026-08-28T00:00:00,2026-08-28,PT0470159,LST0470159,AG00881,LOC0206,Single Family,6,1.0,1803,4199,1941,729500.0,2023-06-14,Pending,,,8,0.0,3,No,No,2023-06-14,2026-08-28
UPDATE,2026-08-28T00:00:00,2026-08-28,PT0439726,LST0439726,AG01885,LOC0216,Land,0,0.0,5670,1997,1949,998900.0,2025-01-31,Active,,,146,0.0,0,No,No,2025-01-31,2026-08-28
UPDATE,2026-08-28T00:00:00,2026-08-28,PT0502374,LST0502374,AG00787,LOC0091,Single Family,1,2.5,2495,3357,1967,898000.0,2026-07-02,Active,,,0,0.0,1,No,Yes,2026-07-02,2026-08-28
UPDATE,2026-08-28T00:00:00,2026-08-28,PT0561106,LST0561106,AG01836,LOC0037,Townhouse,1,3.5,860,10280,2020,288600.0,2026-08-23,Pending,,,0,680.76,2,No,No,2026-08-23,2026-08-28
UPDATE,2026-08-28T00:00:00,2026-08-28,PT0265830,LST0265830,AG00803,LOC0127,Single Family,5,4.5,1791,1205,1990,931600.0,2023-09-01,Pending,,,68,0.0,1,No,No,2023-09-01,2026-08-28
UPDATE,2026-08-28T00:00:00,2026-08-28,PT0057852,LST0057852,AG02095,LOC0182,Single Family,2,2.0,1521,5874,1973,602100.0,2023-10-10,Active,,,136,0.0,0,No,No,2023-10-10,2026-08-28
UPDATE,2026-08-28T00:00:00,2026-08-28,PT0559277,LST0559277,AG02828,LOC0215,Single Family,6,1.0,2318,3900,1910,1116500.0,2026-08-21,Active,,,0,0.0,0,No,No,2026-08-21,2026-08-28
UPDATE,2026-08-28T00:00:00,2026-08-28,PT0312922,LST0312922,AG01230,LOC0215,Single Family,2,4.0,2807,16851,2004,880200.0,2023-05-07,Sold,903170.86,2026-08-28,1209,0.0,2,No,No,2023-05-07,2026-08-28
UPDATE,2026-08-28T00:00:00,2026-08-28,PT0111078,LST0111078,AG00676,LOC0017,Apartment,6,3.5,662,0,1903,56900.0,2024-02-12,Pending,,,167,280.0,2,Yes,No,2024-02-12,2026-08-28
UPDATE,2026-08-28T00:00:00,2026-08-28,PT0167259,LST0167259,AG02905,LOC0026,Single Family,1,4.0,2558,5553,1951,885600.0,2023-05-22,Pending,,,168,0.0,2,No,Yes,2023-05-22,2026-08-28
UPDATE,2026-08-28T00:00:00,2026-08-28,PT0261472,LST0261472,AG00417,LOC0248,Apartment,3,3.5,1694,0,2009,280000.0,2024-09-04,Active,,,155,239.0,2,No,No,2024-09-04,2026-08-28
UPDATE,2026-08-28T00:00:00,2026-08-28,PT0107440,LST0107440,AG02163,LOC0187,Condo,3,2.0,2701,7070,2002,1120500.0,2024-06-17,Pending,,,106,522.0,0,Yes,No,2024-06-17,2026-08-28
UPDATE,2026-08-28T00:00:00,2026-08-28,PT0528899,LST0528899,AG01212,LOC0072,Multi-Family,4,1.0,2770,3544,2015,578300.0,2026-07-25,Pending,,,0,0.0,2,No,Yes,2026-07-25,2026-08-28
UPDATE,2026-08-28T00:00:00,2026-08-28,PT0229364,LST0229364,AG01207,LOC0017,Apartment,4,3.5,1795,0,1924,700600.0,2024-02-22,Active,,,135,533.0,3,No,No,2024-02-22,2026-08-28
UPDATE,2026-08-28T00:00:00,2026-08-28,PT0525111,LST0525111,AG00412,LOC0021,Single Family,1,4.0,1104,7492,1997,177500.0,2026-07-22,Pending,,,0,0.0,2,No,Yes,2026-07-22,2026-08-28
UPDATE,2026-08-28T00:00:00,2026-08-28,PT0307335,LST0307335,AG02766,LOC0082,Condo,4,4.0,2448,7656,1905,247100.0,2025-05-21,Active,,,69,684.0,2,No,No,2025-05-21,2026-08-28
UPDATE,2026-08-28T00:00:00,2026-08-28,PT0125699,LST0125699,AG01881,LOC0006,Condo,6,1.5,1120,9921,1900,168000.0,2023-04-24,Active,,,64,110.0,0,No,No,2023-04-24,2026-08-28
UPDATE,2026-08-28T00:00:00,2026-08-28,PT0527132,LST0527132,AG00034,LOC0194,Land,0,0.0,3507,7066,1916,983800.0,2026-07-24,Active,,,0,0.0,0,No,No,2026-07-24,2026-08-28
UPDATE,2026-08-28T00:00:00,2026-08-28,PT0053748,LST0053748,AG00805,LOC0214,Single Family,3,1.0,1096,4653,2016,242700.0,2024-09-14,Active,,,43,0.0,0,Yes,No,2024-09-14,2026-08-28
UPDATE,2026-08-28T00:00:00,2026-08-28,PT0294134,LST0294134,AG00065,LOC0203,Townhouse,6,3.5,1345,25659,1969,286300.0,2024-01-01,Sold,261643.76,2026-08-28,970,696.0,2,No,No,2024-01-01,2026-08-28
UPDATE,2026-08-28T00:00:00,2026-08-28,PT0523682,LST0523682,AG00884,LOC0037,Townhouse,2,4.0,1452,9909,1905,699000.0,2026-07-21,Sold,660136.38,2026-08-28,38,781.91,0,No,No,2026-07-21,2026-08-28
UPDATE,2026-08-28T00:00:00,2026-08-28,PT0483609,LST0483609,AG00319,LOC0136,Single Family,3,2.5,2951,11578,2010,910700.0,2025-01-02,Pending,,,80,0.0,3,No,Yes,2025-01-02,2026-08-28
UPDATE,2026-08-28T00:00:00,2026-08-28,PT0306022,LST0306022,AG00808,LOC0045,Condo,1,2.5,1250,2484,1924,573500.0,2025-10-14,Active,,,130,556.0,3,Yes,No,2025-10-14,2026-08-28
UPDATE,2026-08-28T00:00:00,2026-08-28,PT0292731,LST0292731,AG00114,LOC0099,Multi-Family,2,2.0,2738,19344,1995,840200.0,2024-03-11,Pending,,,158,0.0,0,Yes,Yes,2024-03-11,2026-08-28
UPDATE,2026-08-28T00:00:00,2026-08-28,PT0001154,LST0001154,AG01696,LOC0063,Single Family,4,2.5,1949,3787,2006,408100.0,2024-03-03,Active,,,71,0.0,1,No,Yes,2024-03-03,2026-08-28
UPDATE,2026-08-28T00:00:00,2026-08-28,PT0413441,LST0413441,AG02339,LOC0156,Condo,1,4.0,1192,5473,2014,756800.0,2023-03-27,Pending,,,149,444.0,1,No,No,2023-03-27,2026-08-28
UPDATE,2026-08-28T00:00:00,2026-08-28,PT0326866,LST0326866,AG02165,LOC0199,Condo,1,3.0,1524,5181,1951,560700.0,2023-08-06,Pending,,,137,780.0,0,No,No,2023-08-06,2026-08-28
UPDATE,2026-08-28T00:00:00,2026-08-28,PT0546239,LST0546239,AG00464,LOC0163,Single Family,3,2.5,1254,1923,2005,90500.0,2026-08-09,Active,,,0,0.0,2,No,Yes,2026-08-09,2026-08-28
UPDATE,2026-08-28T00:00:00,2026-08-28,PT0198535,LST0198535,AG00533,LOC0034,Land,0,0.0,976,2991,1903,540600.0,2026-04-24,Pending,,,10,0.0,0,No,No,2026-04-24,2026-08-28
UPDATE,2026-08-28T00:00:00,2026-08-28,PT0557944,LST0557944,AG02106,LOC0124,Single Family,2,3.5,1369,1283,1946,478500.0,2026-08-20,Active,,,0,0.0,1,Yes,No,2026-08-20,2026-08-28
UPDATE,2026-08-28T00:00:00,2026-08-28,PT0521768,LST0521768,AG00443,LOC0125,Single Family,4,4.5,2207,4293,1931,362700.0,2026-07-19,Pending,,,0,0.0,0,No,No,2026-07-19,2026-08-28
UPDATE,2026-08-28T00:00:00,2026-08-28,PT0406967,LST0406967,AG02500,LOC0039,Single Family,2,2.5,782,1668,1939,73000.0,2024-03-01,Active,,,43,0.0,3,No,No,2024-03-01,2026-08-28
UPDATE,2026-08-28T00:00:00,2026-08-28,PT0558050,LST0558050,AG02773,LOC0185,Land,0,0.0,7243,2204,1979,3591600.0,2026-08-21,Sold,3388393.16,2026-08-28,7,0.0,0,No,No,2026-08-21,2026-08-28
UPDATE,2026-08-28T00:00:00,2026-08-28,PT0553038,LST0553038,AG01414,LOC0086,Single Family,3,2.5,2530,2585,1992,350000.0,2026-08-16,Active,,,0,0.0,3,No,Yes,2026-08-16,2026-08-28
UPDATE,2026-08-28T00:00:00,2026-08-28,PT0191698,LST0191698,AG01089,LOC0072,Condo,1,1.0,1168,3703,1931,130900.0,2023-05-16,Pending,,,35,140.0,2,Yes,No,2023-05-16,2026-08-28
UPDATE,2026-08-28T00:00:00,2026-08-28,PT0352961,LST0352961,AG02558,LOC0117,Townhouse,2,1.5,1943,2768,2017,582500.0,2024-03-18,Active,,,135,203.0,1,No,No,2024-03-18,2026-08-28
UPDATE,2026-08-28T00:00:00,2026-08-28,PT0276552,LST0276552,AG01542,LOC0035,Single Family,2,4.0,1984,4166,1914,509900.0,2024-05-04,Active,,,75,0.0,3,No,No,2024-05-04,2026-08-28
UPDATE,2026-08-28T00:00:00,2026-08-28,PT0537153,LST0537153,AG01101,LOC0144,Multi-Family,4,1.0,3999,6070,1932,1032900.0,2026-08-01,Active,,,0,0.0,0,No,No,2026-08-01,2026-08-28
UPDATE,2026-08-28T00:00:00,2026-08-28,PT0429339,LST0429339,AG00128,LOC0087,Condo,4,1.0,1736,3427,1910,529400.0,2024-09-06,Active,,,92,152.0,0,Yes,No,2024-09-06,2026-08-28
UPDATE,2026-08-28T00:00:00,2026-08-28,PT0441781,LST0441781,AG00764,LOC0200,Condo,5,4.5,2256,3930,1981,618200.0,2024-02-24,Sold,568883.16,2026-08-28,916,621.0,0,No,No,2024-02-24,2026-08-28
UPDATE,2026-08-28T00:00:00,2026-08-28,PT0191998,LST0191998,AG02273,LOC0217,Apartment,4,1.0,1689,0,1943,200500.0,2023-05-23,Active,,,120,201.0,3,Yes,No,2023-05-23,2026-08-28
UPDATE,2026-08-28T00:00:00,2026-08-28,PT0086867,LST0086867,AG00777,LOC0096,Condo,3,1.5,1770,6536,2019,414100.0,2024-06-11,Sold,400457.99,2026-08-28,808,435.0,0,No,No,2024-06-11,2026-08-28
UPDATE,2026-08-28T00:00:00,2026-08-28,PT0547203,LST0547203,AG02033,LOC0104,Condo,2,4.5,2271,4282,2025,766600.0,2026-08-10,Active,,,0,219.12,0,No,No,2026-08-10,2026-08-28
UPDATE,2026-08-28T00:00:00,2026-08-28,PT0529666,LST0529666,AG00916,LOC0038,Single Family,1,4.5,1609,3652,1960,472600.0,2026-07-26,Active,,,0,0.0,3,No,No,2026-07-26,2026-08-28
UPDATE,2026-08-28T00:00:00,2026-08-28,PT0349419,LST0349419,AG01844,LOC0097,Townhouse,2,3.0,1591,3041,1919,465500.0,2024-12-20,Sold,419691.34,2026-08-28,616,668.0,1,No,No,2024-12-20,2026-08-28
UPDATE,2026-08-28T00:00:00,2026-08-28,PT0468265,LST0468265,AG01438,LOC0242,Single Family,5,2.0,1789,6695,1999,462900.0,2025-01-05,Active,,,118,0.0,2,No,No,2025-01-05,2026-08-28
UPDATE,2026-08-28T00:00:00,2026-08-28,PT0373650,LST0373650,AG00450,LOC0090,Townhouse,2,1.0,902,5761,1984,198600.0,2023-12-08,Active,,,170,640.0,3,No,No,2023-12-08,2026-08-28
UPDATE,2026-08-28T00:00:00,2026-08-28,PT0461080,LST0461080,AG02932,LOC0223,Single Family,4,2.5,1426,2379,1995,448700.0,2023-08-13,Active,,,128,0.0,3,No,Yes,2023-08-13,2026-08-28
UPDATE,2026-08-28T00:00:00,2026-08-28,PT0209858,LST0209858,AG01886,LOC0146,Single Family,4,1.0,699,8786,1985,68500.0,2024-02-28,Pending,,,118,0.0,1,Yes,Yes,2024-02-28,2026-08-28
UPDATE,2026-08-28T00:00:00,2026-08-28,PT0068102,LST0068102,AG02261,LOC0179,Single Family,6,2.0,2935,6779,1903,655300.0,2023-06-03,Sold,659764.8,2026-08-28,1182,0.0,1,No,No,2023-06-03,2026-08-28
UPDATE,2026-08-28T00:00:00,2026-08-28,PT0018702,LST0018702,AG00676,LOC0172,Single Family,6,3.5,2457,3130,1969,410200.0,2025-08-28,Pending,,,107,0.0,1,No,Yes,2025-08-28,2026-08-28
UPDATE,2026-08-28T00:00:00,2026-08-28,PT0066473,LST0066473,AG02941,LOC0033,Single Family,4,3.5,1346,9505,2011,530900.0,2024-11-05,Pending,,,72,0.0,3,No,Yes,2024-11-05,2026-08-28
UPDATE,2026-08-28T00:00:00,2026-08-28,PT0383601,LST0383601,AG00504,LOC0090,Single Family,4,1.0,1982,2711,1951,746700.0,2024-06-17,Sold,772513.97,2026-08-28,802,0.0,0,No,No,2024-06-17,2026-08-28
UPDATE,2026-08-28T00:00:00,2026-08-28,PT0183976,LST0183976,AG00923,LOC0018,Apartment,5,3.0,850,0,1957,293300.0,2024-06-19,Active,,,36,553.0,2,No,No,2024-06-19,2026-08-28
UPDATE,2026-08-28T00:00:00,2026-08-28,PT0508317,LST0508317,AG02281,LOC0066,Townhouse,4,3.0,578,2495,1990,188300.0,2026-07-07,Active,,,0,89.96,2,No,No,2026-07-07,2026-08-28
UPDATE,2026-08-28T00:00:00,2026-08-28,PT0212242,LST0212242,AG02604,LOC0240,Townhouse,6,4.5,2072,9601,1902,1094600.0,2024-09-03,Pending,,,168,58.0,1,No,No,2024-09-03,2026-08-28
UPDATE,2026-08-28T00:00:00,2026-08-28,PT0369262,LST0369262,AG00952,LOC0116,Single Family,3,4.0,1645,2974,1985,244900.0,2024-03-12,Sold,237911.65,2026-08-28,899,0.0,0,Yes,No,2024-03-12,2026-08-28
UPDATE,2026-08-28T00:00:00,2026-08-28,PT0494978,LST0494978,AG02180,LOC0217,Condo,1,1.5,1751,1414,1975,223900.0,2024-06-16,Sold,216402.51,2026-08-28,803,652.0,0,No,No,2024-06-16,2026-08-28
UPDATE,2026-08-28T00:00:00,2026-08-28,PT0117273,LST0117273,AG01560,LOC0241,Condo,4,3.0,2474,3798,1934,152500.0,2025-03-17,Sold,150406.24,2026-08-28,529,494.0,0,No,No,2025-03-17,2026-08-28
UPDATE,2026-08-28T00:00:00,2026-08-28,PT0527684,LST0527684,AG01119,LOC0223,Multi-Family,6,3.5,3644,1023,1979,2172500.0,2026-07-24,Sold,2125562.92,2026-08-28,35,0.0,0,No,No,2026-07-24,2026-08-28
UPDATE,2026-08-28T00:00:00,2026-08-28,PT0177378,LST0177378,AG02583,LOC0080,Condo,1,1.5,2198,9185,1918,1230700.0,2024-08-31,Sold,1241658.95,2026-08-28,727,370.0,3,No,No,2024-08-31,2026-08-28
UPDATE,2026-08-28T00:00:00,2026-08-28,PT0148577,LST0148577,AG00043,LOC0133,Townhouse,2,4.0,1033,2881,1956,157700.0,2023-11-21,Pending,,,98,453.0,1,No,No,2023-11-21,2026-08-28
UPDATE,2026-08-28T00:00:00,2026-08-28,PT0400487,LST0400487,AG02874,LOC0247,Single Family,4,3.5,980,6407,1991,179200.0,2026-01-12,Pending,,,22,0.0,0,No,No,2026-01-12,2026-08-28
UPDATE,2026-08-28T00:00:00,2026-08-28,PT0156041,LST0156041,AG00657,LOC0005,Single Family,2,2.0,3151,1408,2000,799600.0,2024-11-14,Pending,,,26,0.0,1,No,No,2024-11-14,2026-08-28
UPDATE,2026-08-28T00:00:00,2026-08-28,PT0251067,LST0251067,AG00219,LOC0189,Single Family,6,4.0,2191,3352,1967,845300.0,2026-05-21,Pending,,,49,0.0,1,No,Yes,2026-05-21,2026-08-28
UPDATE,2026-08-28T00:00:00,2026-08-28,PT0421288,LST0421288,AG01111,LOC0226,Single Family,6,1.5,2471,1367,2025,751300.0,2025-07-12,Active,,,175,0.0,0,No,No,2025-07-12,2026-08-28
UPDATE,2026-08-28T00:00:00,2026-08-28,PT0516120,LST0516120,AG00476,LOC0110,Single Family,4,3.5,2474,11822,1901,584200.0,2026-07-14,Active,,,0,0.0,3,Yes,Yes,2026-07-14,2026-08-28
UPDATE,2026-08-28T00:00:00,2026-08-28,PT0556449,LST0556449,AG01141,LOC0055,Single Family,3,4.0,2790,3225,1950,709700.0,2026-08-19,Active,,,0,0.0,2,No,No,2026-08-19,2026-08-28
UPDATE,2026-08-28T00:00:00,2026-08-28,PT0113383,LST0113383,AG02329,LOC0116,Single Family,4,4.5,1610,17158,1954,391900.0,2023-12-23,Active,,,12,0.0,2,No,No,2023-12-23,2026-08-28
UPDATE,2026-08-28T00:00:00,2026-08-28,PT0559838,LST0559838,AG02008,LOC0158,Single Family,4,2.0,2356,1943,1969,761900.0,2026-08-22,Active,,,0,0.0,2,No,No,2026-08-22,2026-08-28
UPDATE,2026-08-28T00:00:00,2026-08-28,PT0139792,LST0139792,AG01862,LOC0223,Condo,3,1.0,917,9411,1969,416500.0,2026-06-22,Active,,,12,756.0,3,Yes,No,2026-06-22,2026-08-28
UPDATE,2026-08-28T00:00:00,2026-08-28,PT0175244,LST0175244,AG01208,LOC0028,Condo,6,1.0,1309,3219,1906,206200.0,2023-10-22,Pending,,,151,537.0,2,No,No,2023-10-22,2026-08-28
UPDATE,2026-08-28T00:00:00,2026-08-28,PT0454253,LST0454253,AG01537,LOC0227,Single Family,6,2.5,2361,2888,1924,622000.0,2026-01-02,Active,,,6,0.0,1,No,No,2026-01-02,2026-08-28
UPDATE,2026-08-28T00:00:00,2026-08-28,PT0083172,LST0083172,AG00211,LOC0225,Townhouse,3,2.0,323,5362,1985,95600.0,2024-11-03,Active,,,106,169.0,3,No,No,2024-11-03,2026-08-28
UPDATE,2026-08-28T00:00:00,2026-08-28,PT0132647,LST0132647,AG02752,LOC0218,Condo,5,1.5,1240,1663,1954,214700.0,2024-09-19,Pending,,,2,536.0,1,No,No,2024-09-19,2026-08-28
UPDATE,2026-08-28T00:00:00,2026-08-28,PT0233634,LST0233634,AG00921,LOC0159,Single Family,5,4.0,1406,10886,1902,78400.0,2023-04-04,Sold,75780.38,2026-08-28,1242,0.0,3,No,Yes,2023-04-04,2026-08-28
UPDATE,2026-08-28T00:00:00,2026-08-28,PT0024879,LST0024879,AG00071,LOC0168,Land,0,0.0,2481,22040,1943,713100.0,2025-11-13,Active,,,36,0.0,0,No,No,2025-11-13,2026-08-28
UPDATE,2026-08-28T00:00:00,2026-08-28,PT0129833,LST0129833,AG00128,LOC0006,Townhouse,4,1.0,2223,2832,1970,358200.0,2026-03-24,Active,,,85,620.0,3,No,No,2026-03-24,2026-08-28
UPDATE,2026-08-28T00:00:00,2026-08-28,PT0084149,LST0084149,AG01053,LOC0167,Single Family,4,1.5,2273,1704,2018,933100.0,2024-07-01,Pending,,,146,0.0,1,No,No,2024-07-01,2026-08-28
UPDATE,2026-08-28T00:00:00,2026-08-28,PT0093118,LST0093118,AG01286,LOC0171,Single Family,2,2.5,1024,1635,1938,417500.0,2023-01-01,Pending,,,0,0.0,0,No,Yes,2023-01-01,2026-08-28
UPDATE,2026-08-28T00:00:00,2026-08-28,PT0205732,LST0205732,AG00630,LOC0135,Single Family,3,4.0,1218,4607,1906,431600.0,2024-07-07,Pending,,,17,0.0,0,No,No,2024-07-07,2026-08-28
UPDATE,2026-08-28T00:00:00,2026-08-28,PT0338725,LST0338725,AG02865,LOC0232,Condo,5,3.0,1371,1172,2001,336900.0,2024-04-03,Pending,,,177,763.0,0,No,No,2024-04-03,2026-08-28
UPDATE,2026-08-28T00:00:00,2026-08-28,PT0361449,LST0361449,AG00751,LOC0198,Apartment,3,4.0,1205,0,2018,152000.0,2023-06-16,Active,,,78,72.0,3,No,No,2023-06-16,2026-08-28
UPDATE,2026-08-28T00:00:00,2026-08-28,PT0456726,LST0456726,AG00653,LOC0153,Single Family,6,3.0,2316,1523,2017,1212900.0,2025-04-27,Pending,,,24,0.0,2,Yes,No,2025-04-27,2026-08-28
UPDATE,2026-08-28T00:00:00,2026-08-28,PT0141140,LST0141140,AG02606,LOC0232,Townhouse,3,1.5,769,4595,2023,239100.0,2025-10-24,Pending,,,77,483.0,3,Yes,No,2025-10-24,2026-08-28
UPDATE,2026-08-28T00:00:00,2026-08-28,PT0381943,LST0381943,AG01955,LOC0213,Land,0,0.0,5689,6352,1984,1290800.0,2024-07-31,Pending,,,43,0.0,0,No,No,2024-07-31,2026-08-28
UPDATE,2026-08-28T00:00:00,2026-08-28,PT0519210,LST0519210,AG02884,LOC0031,Apartment,6,3.5,1744,0,1914,736300.0,2026-07-17,Pending,,,0,755.83,0,No,No,2026-07-17,2026-08-28
UPDATE,2026-08-28T00:00:00,2026-08-28,PT0277561,LST0277561,AG02343,LOC0185,Land,0,0.0,900,4118,1985,249200.0,2024-03-20,Active,,,117,0.0,0,No,No,2024-03-20,2026-08-28
UPDATE,2026-08-28T00:00:00,2026-08-28,PT0549258,LST0549258,AG00560,LOC0006,Condo,6,1.5,2802,4790,1983,389900.0,2026-08-13,Pending,,,0,550.51,3,No,No,2026-08-13,2026-08-28
UPDATE,2026-08-28T00:00:00,2026-08-28,PT0566759,LST0566759,AG01638,LOC0154,Single Family,6,3.5,1571,11663,1926,312600.0,2026-08-28,Sold,281814.8,2026-08-28,0,0.0,3,No,Yes,2026-08-28,2026-08-28
UPDATE,2026-08-28T00:00:00,2026-08-28,PT0138654,LST0138654,AG00385,LOC0106,Apartment,2,1.5,610,0,2018,125000.0,2025-06-20,Active,,,50,228.0,0,No,No,2025-06-20,2026-08-28
UPDATE,2026-08-28T00:00:00,2026-08-28,PT0137941,LST0137941,AG01342,LOC0211,Single Family,5,1.0,806,1578,1940,539200.0,2024-04-03,Sold,514411.63,2026-08-28,877,0.0,2,No,No,2024-04-03,2026-08-28
UPDATE,2026-08-28T00:00:00,2026-08-28,PT0518143,LST0518143,AG02191,LOC0231,Single Family,5,4.0,370,2091,1966,43900.0,2026-07-16,Pending,,,0,0.0,3,No,No,2026-07-16,2026-08-28
UPDATE,2026-08-28T00:00:00,2026-08-28,PT0263412,LST0263412,AG02242,LOC0121,Condo,3,3.5,1959,6704,1922,634300.0,2026-03-19,Pending,,,109,84.0,1,No,No,2026-03-19,2026-08-28
UPDATE,2026-08-28T00:00:00,2026-08-28,PT0437259,LST0437259,AG00563,LOC0128,Townhouse,5,4.5,1918,4855,1953,731700.0,2025-11-05,Sold,771381.0,2026-08-28,296,155.0,1,No,No,2025-11-05,2026-08-28
UPDATE,2026-08-28T00:00:00,2026-08-28,PT0480465,LST0480465,AG01444,LOC0204,Multi-Family,5,2.5,888,3237,2003,390000.0,2024-06-18,Sold,409254.12,2026-08-28,801,0.0,1,No,Yes,2024-06-18,2026-08-28
UPDATE,2026-08-28T00:00:00,2026-08-28,PT0181104,LST0181104,AG01849,LOC0030,Townhouse,5,2.0,1869,2246,1910,741200.0,2025-08-31,Pending,,,104,635.0,2,Yes,No,2025-08-31,2026-08-28
UPDATE,2026-08-28T00:00:00,2026-08-28,PT0291821,LST0291821,AG00224,LOC0233,Single Family,6,4.5,2413,4647,2009,274300.0,2024-12-02,Pending,,,120,0.0,1,No,Yes,2024-12-02,2026-08-28
UPDATE,2026-08-28T00:00:00,2026-08-28,PT0331460,LST0331460,AG01840,LOC0038,Multi-Family,2,2.0,5480,10162,1901,1376800.0,2025-02-07,Sold,1327402.51,2026-08-28,567,0.0,2,No,Yes,2025-02-07,2026-08-28
UPDATE,2026-08-28T00:00:00,2026-08-28,PT0535133,LST0535133,AG02254,LOC0193,Condo,4,3.5,912,4986,1931,283200.0,2026-07-31,Pending,,,0,60.55,2,No,No,2026-07-31,2026-08-28
UPDATE,2026-08-28T00:00:00,2026-08-28,PT0435284,LST0435284,AG00020,LOC0071,Multi-Family,2,4.0,3669,5738,1991,804800.0,2024-11-06,Active,,,146,0.0,1,No,Yes,2024-11-06,2026-08-28
UPDATE,2026-08-28T00:00:00,2026-08-28,PT0205635,LST0205635,AG01337,LOC0229,Land,0,0.0,7761,1380,1947,1518200.0,2024-02-09,Pending,,,21,0.0,0,No,No,2024-02-09,2026-08-28
UPDATE,2026-08-28T00:00:00,2026-08-28,PT0345567,LST0345567,AG00806,LOC0055,Single Family,5,3.0,1253,1203,1901,281400.0,2023-05-13,Active,,,74,0.0,2,No,Yes,2023-05-13,2026-08-28
UPDATE,2026-08-28T00:00:00,2026-08-28,PT0506854,LST0506854,AG02300,LOC0033,Single Family,5,4.5,3016,10019,1942,619300.0,2026-07-06,Sold,593295.63,2026-08-28,53,0.0,2,No,Yes,2026-07-06,2026-08-28
UPDATE,2026-08-28T00:00:00,2026-08-28,PT0000287,LST0000287,AG00341,LOC0069,Condo,1,4.5,2219,1251,1984,873600.0,2026-03-18,Pending,,,120,762.0,3,No,No,2026-03-18,2026-08-28
UPDATE,2026-08-28T00:00:00,2026-08-28,PT0042083,LST0042083,AG00808,LOC0226,Single Family,2,4.5,898,5516,1952,394700.0,2026-05-02,Sold,385635.66,2026-08-28,118,0.0,0,No,Yes,2026-05-02,2026-08-28
UPDATE,2026-08-28T00:00:00,2026-08-28,PT0373475,LST0373475,AG01238,LOC0135,Condo,1,4.5,1654,1884,1902,256000.0,2025-12-27,Active,,,141,366.0,3,No,No,2025-12-27,2026-08-28
UPDATE,2026-08-28T00:00:00,2026-08-28,PT0449282,LST0449282,AG02651,LOC0058,Condo,1,4.5,1303,3352,1922,546600.0,2023-01-17,Pending,,,96,61.0,3,Yes,No,2023-01-17,2026-08-28
UPDATE,2026-08-28T00:00:00,2026-08-28,PT0107939,LST0107939,AG01679,LOC0015,Multi-Family,5,3.5,3280,1116,1942,660600.0,2025-03-25,Pending,,,72,0.0,0,No,Yes,2025-03-25,2026-08-28
UPDATE,2026-08-28T00:00:00,2026-08-28,PT0119657,LST0119657,AG01795,LOC0245,Single Family,1,4.0,1813,6560,2005,239600.0,2025-07-29,Pending,,,52,0.0,3,No,No,2025-07-29,2026-08-28
UPDATE,2026-08-28T00:00:00,2026-08-28,PT0031536,LST0031536,AG02306,LOC0217,Single Family,5,1.0,1580,5280,2023,236000.0,2024-08-17,Pending,,,162,0.0,0,No,No,2024-08-17,2026-08-28
UPDATE,2026-08-28T00:00:00,2026-08-28,PT0428945,LST0428945,AG01421,LOC0125,Single Family,6,2.5,2611,13003,1915,950700.0,2025-11-01,Sold,908969.18,2026-08-28,300,0.0,3,Yes,Yes,2025-11-01,2026-08-28
UPDATE,2026-08-28T00:00:00,2026-08-28,PT0160671,LST0160671,AG02971,LOC0187,Single Family,2,1.5,1257,2711,2008,526000.0,2025-11-03,Sold,523737.25,2026-08-28,298,0.0,2,Yes,No,2025-11-03,2026-08-28
UPDATE,2026-08-28T00:00:00,2026-08-28,PT0270016,LST0270016,AG00951,LOC0023,Single Family,2,2.0,1714,4841,1984,411400.0,2025-01-06,Pending,,,126,0.0,0,Yes,No,2025-01-06,2026-08-28
UPDATE,2026-08-28T00:00:00,2026-08-28,PT0272130,LST0272130,AG01345,LOC0137,Apartment,3,3.5,814,0,1954,240600.0,2024-03-10,Active,,,5,578.0,2,No,No,2024-03-10,2026-08-28
UPDATE,2026-08-28T00:00:00,2026-08-28,PT0562361,LST0562361,AG00818,LOC0019,Townhouse,5,4.0,1450,12589,2023,192300.0,2026-08-24,Active,,,0,576.35,3,Yes,No,2026-08-24,2026-08-28
UPDATE,2026-08-28T00:00:00,2026-08-28,PT0522837,LST0522837,AG01804,LOC0190,Multi-Family,5,3.5,4212,9250,1958,956500.0,2026-07-20,Active,,,0,0.0,0,Yes,Yes,2026-07-20,2026-08-28
UPDATE,2026-08-28T00:00:00,2026-08-28,PT0390487,LST0390487,AG02522,LOC0235,Townhouse,1,2.0,560,2573,1978,290800.0,2024-12-14,Pending,,,51,526.0,1,No,No,2024-12-14,2026-08-28
UPDATE,2026-08-28T00:00:00,2026-08-28,PT0045317,LST0045317,AG02500,LOC0240,Townhouse,2,4.5,646,5560,2000,201100.0,2025-12-22,Active,,,40,180.0,2,No,No,2025-12-22,2026-08-28
UPDATE,2026-08-28T00:00:00,2026-08-28,PT0062940,LST0062940,AG02874,LOC0208,Multi-Family,3,1.5,2846,1436,1909,724300.0,2024-08-01,Active,,,177,0.0,1,No,Yes,2024-08-01,2026-08-28
UPDATE,2026-08-28T00:00:00,2026-08-28,PT0466819,LST0466819,AG01937,LOC0147,Single Family,5,1.0,1032,8355,1947,181500.0,2024-09-05,Pending,,,45,0.0,2,No,No,2024-09-05,2026-08-28
UPDATE,2026-08-28T00:00:00,2026-08-28,PT0210590,LST0210590,AG00281,LOC0236,Single Family,4,3.0,2060,2369,2006,266500.0,2025-09-11,Pending,,,156,0.0,0,Yes,Yes,2025-09-11,2026-08-28
UPDATE,2026-08-28T00:00:00,2026-08-28,PT0499054,LST0499054,AG00239,LOC0108,Multi-Family,2,4.5,5432,1670,1908,960700.0,2025-07-10,Active,,,15,0.0,2,No,No,2025-07-10,2026-08-28
UPDATE,2026-08-28T00:00:00,2026-08-28,PT0397361,LST0397361,AG01227,LOC0025,Condo,6,2.0,966,3979,1992,500600.0,2024-11-13,Pending,,,152,194.0,0,No,No,2024-11-13,2026-08-28
UPDATE,2026-08-28T00:00:00,2026-08-28,PT0486165,LST0486165,AG00916,LOC0200,Single Family,3,3.0,884,1734,1960,195900.0,2023-06-11,Pending,,,66,0.0,2,No,No,2023-06-11,2026-08-28
UPDATE,2026-08-28T00:00:00,2026-08-28,PT0491003,LST0491003,AG02748,LOC0123,Condo,3,2.5,2610,6073,1992,511400.0,2023-01-12,Sold,464682.99,2026-08-28,1324,550.0,1,No,No,2023-01-12,2026-08-28
UPDATE,2026-08-28T00:00:00,2026-08-28,PT0148140,LST0148140,AG01973,LOC0208,Condo,2,1.0,1040,2444,1953,193400.0,2026-01-26,Sold,186383.92,2026-08-28,214,790.0,1,No,No,2026-01-26,2026-08-28
UPDATE,2026-08-28T00:00:00,2026-08-28,PT0407652,LST0407652,AG02252,LOC0220,Townhouse,1,1.5,2090,5582,1911,972200.0,2024-12-02,Pending,,,147,216.0,0,No,No,2024-12-02,2026-08-28
UPDATE,2026-08-28T00:00:00,2026-08-28,PT0414394,LST0414394,AG00977,LOC0003,Single Family,3,3.0,603,5914,1905,120700.0,2025-07-19,Active,,,88,0.0,3,Yes,No,2025-07-19,2026-08-28
UPDATE,2026-08-28T00:00:00,2026-08-28,PT0440738,LST0440738,AG00855,LOC0249,Single Family,6,2.0,1543,3992,1968,874400.0,2026-01-07,Active,,,178,0.0,3,No,Yes,2026-01-07,2026-08-28
UPDATE,2026-08-28T00:00:00,2026-08-28,PT0523660,LST0523660,AG00561,LOC0098,Single Family,2,1.0,1618,3489,2014,533300.0,2026-07-21,Active,,,0,0.0,1,No,No,2026-07-21,2026-08-28
UPDATE,2026-08-28T00:00:00,2026-08-28,PT0214101,LST0214101,AG02606,LOC0177,Townhouse,5,1.0,2477,2879,1978,914700.0,2024-07-21,Active,,,51,199.0,2,Yes,No,2024-07-21,2026-08-28
UPDATE,2026-08-28T00:00:00,2026-08-28,PT0426686,LST0426686,AG01725,LOC0025,Single Family,1,4.5,1032,4949,1928,370300.0,2026-05-18,Active,,,90,0.0,1,No,No,2026-05-18,2026-08-28
UPDATE,2026-08-28T00:00:00,2026-08-28,PT0169316,LST0169316,AG00287,LOC0132,Land,0,0.0,5858,1221,1997,1815400.0,2023-03-04,Sold,1821212.03,2026-08-28,1273,0.0,0,No,No,2023-03-04,2026-08-28
UPDATE,2026-08-28T00:00:00,2026-08-28,PT0032325,LST0032325,AG00846,LOC0115,Condo,1,4.0,2216,1683,2013,217000.0,2023-03-18,Pending,,,55,83.0,1,No,No,2023-03-18,2026-08-28
UPDATE,2026-08-28T00:00:00,2026-08-28,PT0232336,LST0232336,AG01011,LOC0130,Townhouse,1,2.5,2068,4064,1971,343000.0,2026-01-25,Sold,344155.77,2026-08-28,215,424.0,3,No,No,2026-01-25,2026-08-28
UPDATE,2026-08-28T00:00:00,2026-08-28,PT0457009,LST0457009,AG01821,LOC0136,Single Family,6,2.5,1500,5751,1902,204500.0,2023-11-11,Sold,182597.31,2026-08-28,1021,0.0,0,No,No,2023-11-11,2026-08-28
UPDATE,2026-08-28T00:00:00,2026-08-28,PT0124846,LST0124846,AG01914,LOC0110,Single Family,1,4.5,2255,4707,2012,665200.0,2024-01-01,Pending,,,148,0.0,0,Yes,No,2024-01-01,2026-08-28
UPDATE,2026-08-28T00:00:00,2026-08-28,PT0455284,LST0455284,AG02408,LOC0189,Single Family,5,1.0,1855,1353,1941,684600.0,2023-08-04,Active,,,111,0.0,2,No,No,2023-08-04,2026-08-28
UPDATE,2026-08-28T00:00:00,2026-08-28,PT0540487,LST0540487,AG01371,LOC0204,Single Family,6,1.0,300,15765,1969,151900.0,2026-08-04,Pending,,,0,0.0,2,No,No,2026-08-04,2026-08-28
UPDATE,2026-08-28T00:00:00,2026-08-28,PT0559465,LST0559465,AG01831,LOC0026,Apartment,5,2.5,896,0,1978,195400.0,2026-08-21,Active,,,0,282.49,2,No,No,2026-08-21,2026-08-28
UPDATE,2026-08-28T00:00:00,2026-08-28,PT0073186,LST0073186,AG01946,LOC0003,Townhouse,1,3.5,1244,5333,1974,258800.0,2024-10-26,Active,,,95,496.0,0,No,No,2024-10-26,2026-08-28
UPDATE,2026-08-28T00:00:00,2026-08-28,PT0084013,LST0084013,AG01552,LOC0098,Condo,6,1.0,2552,1462,1973,1166100.0,2025-11-04,Sold,1105941.69,2026-08-28,297,511.0,0,No,No,2025-11-04,2026-08-28
UPDATE,2026-08-28T00:00:00,2026-08-28,PT0166852,LST0166852,AG00314,LOC0225,Single Family,3,1.0,1509,2910,1919,420400.0,2026-05-22,Active,,,88,0.0,3,No,Yes,2026-05-22,2026-08-28
UPDATE,2026-08-28T00:00:00,2026-08-28,PT0003696,LST0003696,AG00348,LOC0044,Townhouse,6,4.0,1974,1931,1994,551500.0,2025-10-30,Active,,,90,537.0,0,Yes,No,2025-10-30,2026-08-28
UPDATE,2026-08-28T00:00:00,2026-08-28,PT0540212,LST0540212,AG02220,LOC0093,Land,0,0.0,5249,4678,1984,1211100.0,2026-08-04,Sold,1110273.75,2026-08-28,24,0.0,0,No,No,2026-08-04,2026-08-28
UPDATE,2026-08-28T00:00:00,2026-08-28,PT0097465,LST0097465,AG00554,LOC0250,Single Family,6,1.0,2749,6152,1939,1055800.0,2023-01-14,Pending,,,30,0.0,3,Yes,No,2023-01-14,2026-08-28
UPDATE,2026-08-28T00:00:00,2026-08-28,PT0290216,LST0290216,AG00579,LOC0215,Single Family,1,2.0,1640,1905,1959,663500.0,2023-10-22,Pending,,,142,0.0,3,No,No,2023-10-22,2026-08-28
UPDATE,2026-08-28T00:00:00,2026-08-28,PT0363921,LST0363921,AG00917,LOC0020,Single Family,6,3.5,1559,1574,2023,311100.0,2026-02-15,Active,,,0,0.0,2,No,Yes,2026-02-15,2026-08-28
UPDATE,2026-08-28T00:00:00,2026-08-28,PT0528280,LST0528280,AG00377,LOC0003,Single Family,5,4.0,2418,2391,1937,383400.0,2026-07-25,Active,,,0,0.0,2,Yes,No,2026-07-25,2026-08-28
UPDATE,2026-08-28T00:00:00,2026-08-28,PT0486341,LST0486341,AG02671,LOC0120,Single Family,2,4.0,2011,1185,1906,335000.0,2026-01-26,Pending,,,86,0.0,2,Yes,Yes,2026-01-26,2026-08-28
UPDATE,2026-08-28T00:00:00,2026-08-28,PT0034449,LST0034449,AG02714,LOC0191,Condo,4,3.5,2359,4771,1919,981500.0,2025-08-06,Active,,,120,555.0,2,No,No,2025-08-06,2026-08-28
UPDATE,2026-08-28T00:00:00,2026-08-28,PT0552986,LST0552986,AG01089,LOC0027,Townhouse,3,1.5,1535,5240,1993,322800.0,2026-08-16,Active,,,0,331.25,1,No,No,2026-08-16,2026-08-28
UPDATE,2026-08-28T00:00:00,2026-08-28,PT0051372,LST0051372,AG00112,LOC0176,Condo,5,2.5,707,7863,1949,280900.0,2025-07-06,Pending,,,122,107.0,1,No,No,2025-07-06,2026-08-28
UPDATE,2026-08-28T00:00:00,2026-08-28,PT0453085,LST0453085,AG01568,LOC0078,Townhouse,4,3.0,1145,3497,1961,491700.0,2024-07-10,Pending,,,106,753.0,0,No,No,2024-07-10,2026-08-28
UPDATE,2026-08-28T00:00:00,2026-08-28,PT0504415,LST0504415,AG00198,LOC0246,Condo,3,1.5,2589,2762,1992,510500.0,2026-07-04,Pending,,,0,535.38,3,No,No,2026-07-04,2026-08-28
UPDATE,2026-08-28T00:00:00,2026-08-28,PT0227193,LST0227193,AG00479,LOC0149,Single Family,2,1.0,918,10443,1987,154900.0,2024-07-17,Active,,,108,0.0,0,No,No,2024-07-17,2026-08-28
UPDATE,2026-08-28T00:00:00,2026-08-28,PT0537837,LST0537837,AG02528,LOC0103,Multi-Family,3,2.0,1907,6474,1964,343800.0,2026-08-02,Sold,341470.98,2026-08-28,26,0.0,0,No,Yes,2026-08-02,2026-08-28
UPDATE,2026-08-28T00:00:00,2026-08-28,PT0246663,LST0246663,AG01572,LOC0229,Single Family,1,4.0,3580,13264,2009,1011100.0,2024-02-10,Active,,,139,0.0,2,No,No,2024-02-10,2026-08-28
UPDATE,2026-08-28T00:00:00,2026-08-28,PT0277794,LST0277794,AG00486,LOC0133,Townhouse,2,2.0,933,7402,1986,198100.0,2023-12-05,Pending,,,40,177.0,3,No,No,2023-12-05,2026-08-28
UPDATE,2026-08-28T00:00:00,2026-08-28,PT0312218,LST0312218,AG02760,LOC0029,Condo,5,2.5,1509,1444,1965,451900.0,2023-11-01,Pending,,,65,101.0,3,No,No,2023-11-01,2026-08-28
UPDATE,2026-08-28T00:00:00,2026-08-28,PT0555693,LST0555693,AG00775,LOC0137,Single Family,3,4.0,879,8049,1929,159200.0,2026-08-19,Sold,149115.14,2026-08-28,9,0.0,2,No,Yes,2026-08-19,2026-08-28
UPDATE,2026-08-28T00:00:00,2026-08-28,PT0243695,LST0243695,AG00410,LOC0022,Apartment,2,4.5,1209,0,2005,350700.0,2023-04-25,Sold,337997.85,2026-08-28,1221,736.0,1,No,No,2023-04-25,2026-08-28
UPDATE,2026-08-28T00:00:00,2026-08-28,PT0285361,LST0285361,AG01427,LOC0194,Condo,5,4.5,1446,4778,2016,329500.0,2024-07-31,Pending,,,19,391.0,3,Yes,No,2024-07-31,2026-08-28
UPDATE,2026-08-28T00:00:00,2026-08-28,PT0023628,LST0023628,AG00639,LOC0185,Single Family,2,2.5,2190,2604,1989,926100.0,2026-05-12,Pending,,,106,0.0,0,Yes,No,2026-05-12,2026-08-28
UPDATE,2026-08-28T00:00:00,2026-08-28,PT0036360,LST0036360,AG00585,LOC0066,Condo,3,2.5,2314,7960,2001,695800.0,2025-05-11,Pending,,,70,159.0,1,No,No,2025-05-11,2026-08-28
UPDATE,2026-08-28T00:00:00,2026-08-28,PT0221825,LST0221825,AG02135,LOC0093,Single Family,6,2.5,1169,5962,1991,269300.0,2023-10-04,Active,,,34,0.0,1,No,Yes,2023-10-04,2026-08-28
UPDATE,2026-08-28T00:00:00,2026-08-28,PT0438384,LST0438384,AG01051,LOC0202,Apartment,6,3.5,1432,0,1940,94800.0,2025-04-10,Pending,,,88,361.0,2,Yes,No,2025-04-10,2026-08-28
UPDATE,2026-08-28T00:00:00,2026-08-28,PT0502204,LST0502204,AG00766,LOC0069,Single Family,2,4.0,2397,3253,1969,648800.0,2026-07-02,Pending,,,0,0.0,3,No,Yes,2026-07-02,2026-08-28
UPDATE,2026-08-28T00:00:00,2026-08-28,PT0314106,LST0314106,AG02425,LOC0236,Multi-Family,3,1.5,3576,1658,2024,560400.0,2023-10-20,Sold,548474.99,2026-08-28,1043,0.0,2,No,No,2023-10-20,2026-08-28
UPDATE,2026-08-28T00:00:00,2026-08-28,PT0312158,LST0312158,AG01392,LOC0117,Single Family,4,3.0,2203,7175,2022,569800.0,2024-01-15,Active,,,15,0.0,3,No,Yes,2024-01-15,2026-08-28
UPDATE,2026-08-28T00:00:00,2026-08-28,PT0375448,LST0375448,AG00726,LOC0244,Townhouse,4,4.5,1409,8859,1979,312800.0,2024-07-23,Active,,,8,264.0,0,No,No,2024-07-23,2026-08-28
UPDATE,2026-08-28T00:00:00,2026-08-28,PT0103817,LST0103817,AG00256,LOC0047,Single Family,6,1.0,2798,12040,1975,1210600.0,2024-07-08,Active,,,148,0.0,0,No,No,2024-07-08,2026-08-28
UPDATE,2026-08-28T00:00:00,2026-08-28,PT0087302,LST0087302,AG01371,LOC0130,Multi-Family,4,1.5,2604,4393,1945,909400.0,2026-01-25,Pending,,,107,0.0,1,No,No,2026-01-25,2026-08-28
UPDATE,2026-08-28T00:00:00,2026-08-28,PT0526472,LST0526472,AG01696,LOC0074,Multi-Family,5,4.0,3257,1992,1916,813300.0,2026-07-24,Active,,,0,0.0,0,No,No,2026-07-24,2026-08-28
UPDATE,2026-08-28T00:00:00,2026-08-28,PT0525229,LST0525229,AG02401,LOC0030,Condo,3,3.0,1824,3249,2005,817400.0,2026-07-22,Pending,,,0,415.73,0,No,No,2026-07-22,2026-08-28
UPDATE,2026-08-28T00:00:00,2026-08-28,PT0567069,LST0567069,AG01411,LOC0050,Condo,6,4.5,2281,12688,1939,162300.0,2026-08-28,Active,,,0,591.29,0,No,No,2026-08-28,2026-08-28
UPDATE,2026-08-28T00:00:00,2026-08-28,PT0095624,LST0095624,AG02498,LOC0103,Single Family,2,3.0,1579,5942,1925,378500.0,2026-06-04,Active,,,174,0.0,2,No,No,2026-06-04,2026-08-28
UPDATE,2026-08-28T00:00:00,2026-08-28,PT0037713,LST0037713,AG00353,LOC0064,Townhouse,1,3.5,1865,2808,1908,391200.0,2026-04-06,Pending,,,72,774.0,2,No,No,2026-04-06,2026-08-28
UPDATE,2026-08-28T00:00:00,2026-08-28,PT0525819,LST0525819,AG00159,LOC0146,Townhouse,2,4.5,1480,4645,1913,178900.0,2026-07-23,Active,,,0,102.16,2,No,No,2026-07-23,2026-08-28
UPDATE,2026-08-28T00:00:00,2026-08-28,PT0351029,LST0351029,AG02290,LOC0115,Single Family,4,3.5,1201,6767,1987,212100.0,2025-11-02,Sold,192754.56,2026-08-28,299,0.0,2,No,Yes,2025-11-02,2026-08-28
UPDATE,2026-08-28T00:00:00,2026-08-28,PT0159789,LST0159789,AG02334,LOC0154,Townhouse,2,4.5,1355,4930,1916,166700.0,2025-05-30,Pending,,,25,783.0,0,No,No,2025-05-30,2026-08-28
UPDATE,2026-08-28T00:00:00,2026-08-28,PT0058505,LST0058505,AG02007,LOC0196,Condo,6,1.0,1212,2109,1943,530200.0,2023-06-06,Pending,,,7,582.0,1,No,No,2023-06-06,2026-08-28
UPDATE,2026-08-28T00:00:00,2026-08-28,PT0384532,LST0384532,AG02923,LOC0248,Condo,2,3.0,2358,3928,1976,461700.0,2023-04-02,Active,,,70,182.0,1,No,No,2023-04-02,2026-08-28
UPDATE,2026-08-28T00:00:00,2026-08-28,PT0301750,LST0301750,AG01279,LOC0223,Condo,5,1.5,1835,3334,1936,798300.0,2025-12-23,Pending,,,116,61.0,2,No,No,2025-12-23,2026-08-28
UPDATE,2026-08-28T00:00:00,2026-08-28,PT0110391,LST0110391,AG01322,LOC0054,Single Family,1,3.0,1269,8477,1927,278100.0,2023-09-22,Pending,,,4,0.0,1,Yes,Yes,2023-09-22,2026-08-28
UPDATE,2026-08-28T00:00:00,2026-08-28,PT0451189,LST0451189,AG02270,LOC0046,Single Family,5,2.0,1292,11222,1962,329300.0,2025-10-31,Sold,312955.23,2026-08-28,301,0.0,3,No,No,2025-10-31,2026-08-28
UPDATE,2026-08-28T00:00:00,2026-08-28,PT0271210,LST0271210,AG02483,LOC0168,Condo,3,3.5,1695,2786,2017,415100.0,2024-11-24,Pending,,,147,593.0,1,Yes,No,2024-11-24,2026-08-28
UPDATE,2026-08-28T00:00:00,2026-08-28,PT0219408,LST0219408,AG02871,LOC0029,Multi-Family,5,3.5,2060,1267,1965,516500.0,2023-07-18,Sold,450106.17,2026-08-28,1137,0.0,0,No,No,2023-07-18,2026-08-28
UPDATE,2026-08-28T00:00:00,2026-08-28,PT0032184,LST0032184,AG01749,LOC0171,Single Family,3,4.0,1842,7875,2009,294700.0,2024-02-14,Pending,,,178,0.0,3,No,No,2024-02-14,2026-08-28
UPDATE,2026-08-28T00:00:00,2026-08-28,PT0419650,LST0419650,AG02201,LOC0202,Multi-Family,1,4.0,2992,8739,1913,674800.0,2025-07-20,Active,,,35,0.0,1,No,No,2025-07-20,2026-08-28
UPDATE,2026-08-28T00:00:00,2026-08-28,PT0092013,LST0092013,AG00205,LOC0148,Multi-Family,3,3.5,4099,6295,1950,1537100.0,2026-01-15,Pending,,,150,0.0,2,No,Yes,2026-01-15,2026-08-28
UPDATE,2026-08-28T00:00:00,2026-08-28,PT0132487,LST0132487,AG00148,LOC0142,Land,0,0.0,3698,12381,1931,1205600.0,2026-02-27,Active,,,96,0.0,0,No,No,2026-02-27,2026-08-28
UPDATE,2026-08-28T00:00:00,2026-08-28,PT0557701,LST0557701,AG00707,LOC0197,Condo,6,1.0,3191,5628,1947,974700.0,2026-08-20,Active,,,0,231.04,0,No,No,2026-08-20,2026-08-28
UPDATE,2026-08-28T00:00:00,2026-08-28,PT0042825,LST0042825,AG02720,LOC0071,Multi-Family,1,3.0,598,2436,1960,213400.0,2026-03-02,Active,,,133,0.0,2,No,No,2026-03-02,2026-08-28
UPDATE,2026-08-28T00:00:00,2026-08-28,PT0229511,LST0229511,AG01617,LOC0048,Single Family,2,2.5,2200,5513,1919,1093000.0,2025-03-16,Sold,1098097.03,2026-08-28,530,0.0,1,No,No,2025-03-16,2026-08-28
UPDATE,2026-08-28T00:00:00,2026-08-28,PT0475436,LST0475436,AG02022,LOC0240,Single Family,1,4.5,1774,4031,2009,370200.0,2024-09-23,Pending,,,99,0.0,0,No,No,2024-09-23,2026-08-28
UPDATE,2026-08-28T00:00:00,2026-08-28,PT0171447,LST0171447,AG00382,LOC0039,Townhouse,4,1.0,2641,19226,1910,722700.0,2023-04-04,Pending,,,156,108.0,1,No,No,2023-04-04,2026-08-28
UPDATE,2026-08-28T00:00:00,2026-08-28,PT0172422,LST0172422,AG02188,LOC0177,Condo,5,3.5,1700,3639,1979,634000.0,2026-04-20,Pending,,,113,214.0,2,Yes,No,2026-04-20,2026-08-28
UPDATE,2026-08-28T00:00:00,2026-08-28,PT0351569,LST0351569,AG02874,LOC0104,Single Family,5,1.0,2185,1004,1936,679000.0,2023-05-24,Active,,,111,0.0,3,Yes,No,2023-05-24,2026-08-28
UPDATE,2026-08-28T00:00:00,2026-08-28,PT0311458,LST0311458,AG01443,LOC0079,Condo,6,2.0,2391,2006,1922,578300.0,2024-10-03,Pending,,,136,422.0,3,Yes,No,2024-10-03,2026-08-28
UPDATE,2026-08-28T00:00:00,2026-08-28,PT0402669,LST0402669,AG01934,LOC0157,Condo,5,4.5,2074,6833,1939,342900.0,2023-04-21,Pending,,,91,410.0,3,No,No,2023-04-21,2026-08-28
UPDATE,2026-08-28T00:00:00,2026-08-28,PT0260107,LST0260107,AG00369,LOC0129,Townhouse,1,3.5,2636,3593,2020,855100.0,2026-01-05,Pending,,,11,694.0,1,No,No,2026-01-05,2026-08-28
UPDATE,2026-08-28T00:00:00,2026-08-28,PT0436839,LST0436839,AG02863,LOC0136,Condo,6,4.0,1908,4871,2006,309200.0,2026-06-22,Pending,,,22,152.0,1,No,No,2026-06-22,2026-08-28
UPDATE,2026-08-28T00:00:00,2026-08-28,PT0089521,LST0089521,AG02059,LOC0148,Townhouse,5,4.0,1613,1124,1948,598100.0,2025-04-07,Active,,,79,781.0,1,No,No,2025-04-07,2026-08-28
UPDATE,2026-08-28T00:00:00,2026-08-28,PT0510232,LST0510232,AG00016,LOC0185,Condo,3,1.0,1213,2270,1916,585100.0,2026-07-09,Pending,,,0,584.3,2,No,No,2026-07-09,2026-08-28
UPDATE,2026-08-28T00:00:00,2026-08-28,PT0483781,LST0483781,AG01040,LOC0167,Single Family,5,1.5,2569,11766,2006,1134900.0,2025-09-27,Pending,,,53,0.0,0,No,No,2025-09-27,2026-08-28
UPDATE,2026-08-28T00:00:00,2026-08-28,PT0105439,LST0105439,AG00096,LOC0229,Condo,3,3.5,300,2308,1998,67000.0,2024-05-23,Pending,,,159,219.0,2,No,No,2024-05-23,2026-08-28
UPDATE,2026-08-28T00:00:00,2026-08-28,PT0043289,LST0043289,AG00012,LOC0225,Townhouse,3,3.5,1569,3263,2014,555400.0,2025-03-16,Pending,,,70,141.0,1,Yes,No,2025-03-16,2026-08-28
UPDATE,2026-08-28T00:00:00,2026-08-28,PT0329312,LST0329312,AG02122,LOC0178,Single Family,5,2.0,2139,2317,1980,473300.0,2026-02-22,Pending,,,76,0.0,1,No,Yes,2026-02-22,2026-08-28
UPDATE,2026-08-28T00:00:00,2026-08-28,PT0287485,LST0287485,AG02056,LOC0236,Single Family,6,2.0,1430,2010,1988,118800.0,2025-09-25,Pending,,,96,0.0,2,Yes,Yes,2025-09-25,2026-08-28
UPDATE,2026-08-28T00:00:00,2026-08-28,PT0309299,LST0309299,AG02953,LOC0087,Condo,4,3.0,1836,5262,2021,881300.0,2024-11-25,Active,,,124,80.0,1,No,No,2024-11-25,2026-08-28
UPDATE,2026-08-28T00:00:00,2026-08-28,PT0027460,LST0027460,AG00120,LOC0083,Single Family,5,2.5,2250,1439,1985,613600.0,2023-10-05,Sold,526236.51,2026-08-28,1058,0.0,0,No,Yes,2023-10-05,2026-08-28
UPDATE,2026-08-28T00:00:00,2026-08-28,PT0432266,LST0432266,AG02567,LOC0009,Townhouse,2,2.5,2546,4170,2011,569700.0,2025-02-06,Pending,,,143,768.0,3,Yes,No,2025-02-06,2026-08-28
UPDATE,2026-08-28T00:00:00,2026-08-28,PT0078700,LST0078700,AG00871,LOC0174,Single Family,2,4.5,2780,2300,1942,854500.0,2024-06-23,Active,,,27,0.0,1,Yes,No,2024-06-23,2026-08-28
UPDATE,2026-08-28T00:00:00,2026-08-28,PT0021123,LST0021123,AG02611,LOC0216,Townhouse,4,2.0,1293,1871,2019,249900.0,2023-10-12,Pending,,,78,181.0,2,No,No,2023-10-12,2026-08-28
UPDATE,2026-08-28T00:00:00,2026-08-28,PT0041505,LST0041505,AG02824,LOC0113,Apartment,5,1.0,1064,0,1918,439900.0,2024-12-24,Pending,,,145,235.0,2,No,No,2024-12-24,2026-08-28
UPDATE,2026-08-28T00:00:00,2026-08-28,PT0536783,LST0536783,AG02801,LOC0198,Condo,3,4.5,1975,4579,1973,226100.0,2026-08-01,Pending,,,0,409.76,3,No,No,2026-08-01,2026-08-28
UPDATE,2026-08-28T00:00:00,2026-08-28,PT0107445,LST0107445,AG00684,LOC0141,Single Family,3,2.0,2026,5183,1900,371100.0,2023-07-14,Sold,342550.19,2026-08-28,1141,0.0,1,Yes,Yes,2023-07-14,2026-08-28
UPDATE,2026-08-28T00:00:00,2026-08-28,PT0242455,LST0242455,AG02231,LOC0082,Condo,3,1.0,1903,3099,2009,150700.0,2025-07-23,Pending,,,31,796.0,2,No,No,2025-07-23,2026-08-28
UPDATE,2026-08-28T00:00:00,2026-08-28,PT0435921,LST0435921,AG01224,LOC0193,Multi-Family,4,2.5,5106,9722,2004,1591100.0,2023-08-01,Pending,,,144,0.0,0,No,No,2023-08-01,2026-08-28
UPDATE,2026-08-28T00:00:00,2026-08-28,PT0094882,LST0094882,AG00900,LOC0053,Single Family,4,1.0,1608,14078,1962,892500.0,2026-06-19,Sold,860801.46,2026-08-28,70,0.0,0,No,Yes,2026-06-19,2026-08-28
UPDATE,2026-08-28T00:00:00,2026-08-28,PT0360561,LST0360561,AG00530,LOC0005,Single Family,5,3.5,2371,10166,1931,925200.0,2026-01-07,Pending,,,58,0.0,3,No,No,2026-01-07,2026-08-28
UPDATE,2026-08-28T00:00:00,2026-08-28,PT0209890,LST0209890,AG01311,LOC0119,Condo,2,4.0,2040,1479,1950,529900.0,2026-05-15,Pending,,,39,612.0,2,No,No,2026-05-15,2026-08-28
UPDATE,2026-08-28T00:00:00,2026-08-28,PT0201090,LST0201090,AG02267,LOC0241,Single Family,1,3.0,2201,6872,1943,241700.0,2025-03-27,Sold,233330.64,2026-08-28,519,0.0,1,No,Yes,2025-03-27,2026-08-28
UPDATE,2026-08-28T00:00:00,2026-08-28,PT0271967,LST0271967,AG01773,LOC0025,Townhouse,6,2.0,2675,1674,1936,649100.0,2026-02-15,Active,,,48,147.0,1,No,No,2026-02-15,2026-08-28
UPDATE,2026-08-28T00:00:00,2026-08-28,PT0072712,LST0072712,AG02330,LOC0062,Multi-Family,1,3.5,3327,1800,1963,1008500.0,2026-01-08,Pending,,,69,0.0,3,Yes,No,2026-01-08,2026-08-28
UPDATE,2026-08-28T00:00:00,2026-08-28,PT0558386,LST0558386,AG00791,LOC0130,Single Family,1,2.5,1721,6101,1966,193900.0,2026-08-21,Pending,,,0,0.0,0,Yes,No,2026-08-21,2026-08-28
UPDATE,2026-08-28T00:00:00,2026-08-28,PT0053189,LST0053189,AG01932,LOC0165,Condo,1,4.0,300,1966,1999,138200.0,2023-02-11,Sold,139988.35,2026-08-28,1294,656.0,0,No,No,2023-02-11,2026-08-28
UPDATE,2026-08-28T00:00:00,2026-08-28,PT0356708,LST0356708,AG00724,LOC0078,Condo,3,1.5,2473,1782,1970,431700.0,2024-07-26,Pending,,,147,355.0,1,No,No,2024-07-26,2026-08-28
UPDATE,2026-08-28T00:00:00,2026-08-28,PT0277986,LST0277986,AG02845,LOC0224,Multi-Family,1,1.5,5803,4489,1929,1906400.0,2024-02-20,Pending,,,142,0.0,3,Yes,No,2024-02-20,2026-08-28
UPDATE,2026-08-28T00:00:00,2026-08-28,PT0372944,LST0372944,AG00216,LOC0064,Single Family,1,2.5,1769,11240,1944,411400.0,2024-03-17,Pending,,,108,0.0,0,No,Yes,2024-03-17,2026-08-28
UPDATE,2026-08-28T00:00:00,2026-08-28,PT0216588,LST0216588,AG02063,LOC0189,Multi-Family,4,3.0,867,7384,1955,249800.0,2023-01-19,Sold,239112.06,2026-08-28,1317,0.0,0,Yes,Yes,2023-01-19,2026-08-28
UPDATE,2026-08-28T00:00:00,2026-08-28,PT0563762,LST0563762,AG02517,LOC0087,Condo,6,1.5,1219,19188,1935,592500.0,2026-08-25,Sold,580832.91,2026-08-28,3,221.18,2,No,No,2026-08-25,2026-08-28
UPDATE,2026-08-28T00:00:00,2026-08-28,PT0247242,LST0247242,AG00831,LOC0231,Condo,2,3.0,2222,1431,1994,485500.0,2024-03-31,Pending,,,172,353.0,3,Yes,No,2024-03-31,2026-08-28
UPDATE,2026-08-28T00:00:00,2026-08-28,PT0327137,LST0327137,AG01906,LOC0222,Apartment,1,2.5,2054,0,1937,419400.0,2023-02-12,Pending,,,95,300.0,3,No,No,2023-02-12,2026-08-28
UPDATE,2026-08-28T00:00:00,2026-08-28,PT0509528,LST0509528,AG02334,LOC0027,Single Family,3,2.0,2869,7486,1921,452000.0,2026-07-08,Active,,,0,0.0,2,No,No,2026-07-08,2026-08-28
UPDATE,2026-08-28T00:00:00,2026-08-28,PT0501936,LST0501936,AG02277,LOC0193,Multi-Family,3,3.5,2874,2020,1950,1189400.0,2026-07-02,Sold,1227097.53,2026-08-28,57,0.0,2,No,Yes,2026-07-02,2026-08-28
UPDATE,2026-08-28T00:00:00,2026-08-28,PT0420221,LST0420221,AG01324,LOC0050,Single Family,3,1.0,2336,7238,1978,372000.0,2023-06-12,Pending,,,0,0.0,1,No,Yes,2023-06-12,2026-08-28
UPDATE,2026-08-28T00:00:00,2026-08-28,PT0030830,LST0030830,AG02715,LOC0221,Single Family,6,4.5,2630,1293,2022,781800.0,2025-10-20,Active,,,49,0.0,1,No,Yes,2025-10-20,2026-08-28
UPDATE,2026-08-28T00:00:00,2026-08-28,PT0557249,LST0557249,AG00997,LOC0244,Single Family,2,1.5,2343,16204,1985,424700.0,2026-08-20,Sold,428851.8,2026-08-28,8,0.0,2,No,Yes,2026-08-20,2026-08-28
UPDATE,2026-08-28T00:00:00,2026-08-28,PT0217188,LST0217188,AG00644,LOC0121,Single Family,2,3.5,2174,10613,2009,891600.0,2024-07-01,Pending,,,72,0.0,1,No,Yes,2024-07-01,2026-08-28
UPDATE,2026-08-28T00:00:00,2026-08-28,PT0146638,LST0146638,AG01547,LOC0041,Land,0,0.0,900,1573,1923,294500.0,2024-08-20,Pending,,,126,0.0,0,No,No,2024-08-20,2026-08-28
UPDATE,2026-08-28T00:00:00,2026-08-28,PT0244515,LST0244515,AG02339,LOC0055,Apartment,4,2.5,1570,0,1965,360600.0,2025-04-01,Pending,,,60,477.0,3,No,No,2025-04-01,2026-08-28
UPDATE,2026-08-28T00:00:00,2026-08-28,PT0469167,LST0469167,AG00910,LOC0133,Condo,3,1.0,2039,1164,2017,509100.0,2023-11-07,Active,,,153,141.0,0,Yes,No,2023-11-07,2026-08-28
UPDATE,2026-08-28T00:00:00,2026-08-28,PT0456188,LST0456188,AG00215,LOC0156,Townhouse,3,2.0,1895,3275,1976,599200.0,2023-08-24,Active,,,12,192.0,0,No,No,2023-08-24,2026-08-28
UPDATE,2026-08-28T00:00:00,2026-08-28,PT0374388,LST0374388,AG02550,LOC0140,Single Family,2,2.0,2770,16271,1970,1309700.0,2023-04-26,Sold,1082242.02,2026-08-28,1220,0.0,3,No,No,2023-04-26,2026-08-28
UPDATE,2026-08-28T00:00:00,2026-08-28,PT0474237,LST0474237,AG00407,LOC0007,Single Family,1,4.0,2128,2909,2023,821400.0,2026-05-21,Pending,,,47,0.0,3,Yes,Yes,2026-05-21,2026-08-28
UPDATE,2026-08-28T00:00:00,2026-08-28,PT0493377,LST0493377,AG01817,LOC0025,Single Family,2,1.0,2638,3760,1982,999700.0,2026-04-06,Sold,978080.69,2026-08-28,144,0.0,2,No,Yes,2026-04-06,2026-08-28
UPDATE,2026-08-28T00:00:00,2026-08-28,PT0552243,LST0552243,AG02765,LOC0018,Condo,1,4.0,950,1465,1978,284600.0,2026-08-15,Active,,,0,166.26,2,No,No,2026-08-15,2026-08-28
UPDATE,2026-08-28T00:00:00,2026-08-28,PT0280721,LST0280721,AG00298,LOC0163,Townhouse,3,1.0,2153,10407,1992,668400.0,2024-01-17,Pending,,,65,184.0,2,No,No,2024-01-17,2026-08-28
UPDATE,2026-08-28T00:00:00,2026-08-28,PT0018782,LST0018782,AG01731,LOC0156,Apartment,3,1.0,629,0,1954,191900.0,2023-08-30,Active,,,163,209.0,3,Yes,No,2023-08-30,2026-08-28
UPDATE,2026-08-28T00:00:00,2026-08-28,PT0227514,LST0227514,AG01835,LOC0084,Townhouse,2,4.0,1303,12388,1930,563400.0,2023-10-16,Sold,527502.04,2026-08-28,1047,519.0,1,No,No,2023-10-16,2026-08-28
UPDATE,2026-08-28T00:00:00,2026-08-28,PT0457715,LST0457715,AG00896,LOC0022,Single Family,4,2.5,706,1774,1990,108300.0,2025-02-17,Active,,,54,0.0,0,No,No,2025-02-17,2026-08-28
UPDATE,2026-08-28T00:00:00,2026-08-28,PT0536233,LST0536233,AG00373,LOC0135,Townhouse,6,2.5,2052,6382,1917,781900.0,2026-08-01,Pending,,,0,456.51,3,Yes,No,2026-08-01,2026-08-28
UPDATE,2026-08-28T00:00:00,2026-08-28,PT0081856,LST0081856,AG02836,LOC0027,Condo,2,2.5,2462,2338,2010,797800.0,2023-06-06,Pending,,,173,164.0,2,No,No,2023-06-06,2026-08-28
UPDATE,2026-08-28T00:00:00,2026-08-28,PT0296964,LST0296964,AG01123,LOC0058,Apartment,2,1.0,1243,0,1993,451900.0,2024-02-13,Pending,,,173,347.0,3,Yes,No,2024-02-13,2026-08-28
UPDATE,2026-08-28T00:00:00,2026-08-28,PT0551018,LST0551018,AG01078,LOC0083,Condo,6,4.5,1453,1839,1988,310700.0,2026-08-14,Sold,293427.24,2026-08-28,14,300.05,1,No,No,2026-08-14,2026-08-28
UPDATE,2026-08-28T00:00:00,2026-08-28,PT0185153,LST0185153,AG00407,LOC0186,Condo,3,4.0,1172,2712,1928,236500.0,2023-05-16,Pending,,,103,612.0,3,Yes,No,2023-05-16,2026-08-28
UPDATE,2026-08-28T00:00:00,2026-08-28,PT0354291,LST0354291,AG01172,LOC0107,Single Family,3,2.0,619,3558,2014,54500.0,2023-03-17,Pending,,,135,0.0,3,No,No,2023-03-17,2026-08-28
UPDATE,2026-08-28T00:00:00,2026-08-28,PT0068832,LST0068832,AG00366,LOC0133,Single Family,2,2.5,1817,1750,1951,170500.0,2024-03-16,Sold,164324.81,2026-08-28,895,0.0,1,No,No,2024-03-16,2026-08-28
UPDATE,2026-08-28T00:00:00,2026-08-28,PT0529816,LST0529816,AG01410,LOC0124,Condo,3,4.0,337,11541,2002,144900.0,2026-07-26,Active,,,0,238.66,3,No,No,2026-07-26,2026-08-28
UPDATE,2026-08-28T00:00:00,2026-08-28,PT0140679,LST0140679,AG00985,LOC0136,Single Family,5,1.0,2054,1852,2016,451800.0,2024-03-16,Active,,,105,0.0,3,No,Yes,2024-03-16,2026-08-28
UPDATE,2026-08-28T00:00:00,2026-08-28,PT0040308,LST0040308,AG02496,LOC0063,Multi-Family,1,2.5,1835,12156,1936,804100.0,2023-07-13,Sold,766070.49,2026-08-28,1142,0.0,1,No,Yes,2023-07-13,2026-08-28
UPDATE,2026-08-28T00:00:00,2026-08-28,PT0093847,LST0093847,AG02175,LOC0222,Single Family,4,4.5,1532,5024,2013,582000.0,2026-06-03,Pending,,,83,0.0,2,Yes,No,2026-06-03,2026-08-28
UPDATE,2026-08-28T00:00:00,2026-08-28,PT0227115,LST0227115,AG01437,LOC0002,Single Family,1,2.0,2790,1951,1927,523300.0,2026-04-27,Active,,,111,0.0,0,No,Yes,2026-04-27,2026-08-28
UPDATE,2026-08-28T00:00:00,2026-08-28,PT0549530,LST0549530,AG01087,LOC0036,Single Family,5,4.0,716,1548,1988,366200.0,2026-08-13,Active,,,0,0.0,0,No,No,2026-08-13,2026-08-28
UPDATE,2026-08-28T00:00:00,2026-08-28,PT0508470,LST0508470,AG00660,LOC0101,Single Family,4,4.0,2121,1706,2020,973900.0,2026-07-07,Active,,,0,0.0,1,No,No,2026-07-07,2026-08-28
UPDATE,2026-08-28T00:00:00,2026-08-28,PT0310049,LST0310049,AG02695,LOC0006,Land,0,0.0,900,2570,2002,182500.0,2025-09-13,Active,,,154,0.0,0,No,No,2025-09-13,2026-08-28
UPDATE,2026-08-28T00:00:00,2026-08-28,PT0561323,LST0561323,AG00413,LOC0126,Condo,5,4.0,1581,15358,1935,294400.0,2026-08-23,Active,,,0,371.49,1,No,No,2026-08-23,2026-08-28
UPDATE,2026-08-28T00:00:00,2026-08-28,PT0012492,LST0012492,AG01538,LOC0203,Multi-Family,1,2.0,3587,1868,1925,656300.0,2025-03-30,Sold,665565.84,2026-08-28,516,0.0,2,No,No,2025-03-30,2026-08-28
UPDATE,2026-08-28T00:00:00,2026-08-28,PT0191937,LST0191937,AG01456,LOC0246,Apartment,4,2.5,1020,0,1955,91900.0,2024-04-07,Pending,,,59,762.0,1,Yes,No,2024-04-07,2026-08-28
UPDATE,2026-08-28T00:00:00,2026-08-28,PT0524577,LST0524577,AG02408,LOC0223,Townhouse,2,4.5,2488,4915,1906,942700.0,2026-07-22,Active,,,0,738.22,2,Yes,No,2026-07-22,2026-08-28
UPDATE,2026-08-28T00:00:00,2026-08-28,PT0404990,LST0404990,AG02425,LOC0138,Apartment,5,4.5,857,0,1916,262400.0,2023-08-12,Pending,,,58,545.0,1,No,No,2023-08-12,2026-08-28
UPDATE,2026-08-28T00:00:00,2026-08-28,PT0436944,LST0436944,AG00976,LOC0092,Condo,6,2.0,2172,2103,1958,289500.0,2023-12-07,Active,,,3,289.0,0,Yes,No,2023-12-07,2026-08-28
UPDATE,2026-08-28T00:00:00,2026-08-28,PT0470400,LST0470400,AG00855,LOC0173,Condo,5,3.5,1485,10534,1943,606500.0,2026-06-14,Active,,,123,434.0,0,No,No,2026-06-14,2026-08-28
UPDATE,2026-08-28T00:00:00,2026-08-28,PT0533731,LST0533731,AG01526,LOC0184,Multi-Family,6,4.5,6263,7496,1949,3010000.0,2026-07-29,Active,,,0,0.0,0,Yes,No,2026-07-29,2026-08-28
UPDATE,2026-08-28T00:00:00,2026-08-28,PT0014521,LST0014521,AG00205,LOC0059,Townhouse,3,2.5,1152,11975,1913,203400.0,2025-08-11,Pending,,,73,242.0,3,No,No,2025-08-11,2026-08-28
UPDATE,2026-08-28T00:00:00,2026-08-28,PT0533432,LST0533432,AG01872,LOC0140,Condo,6,2.5,1220,1864,1914,281500.0,2026-07-29,Active,,,0,653.31,1,No,No,2026-07-29,2026-08-28
UPDATE,2026-08-28T00:00:00,2026-08-28,PT0295467,LST0295467,AG00922,LOC0217,Multi-Family,6,3.0,1594,5858,1920,311900.0,2026-02-25,Pending,,,63,0.0,3,No,No,2026-02-25,2026-08-28
UPDATE,2026-08-28T00:00:00,2026-08-28,PT0125650,LST0125650,AG01736,LOC0105,Condo,4,1.5,2317,2436,1963,524000.0,2023-12-09,Pending,,,42,674.0,2,No,No,2023-12-09,2026-08-28
UPDATE,2026-08-28T00:00:00,2026-08-28,PT0260620,LST0260620,AG01166,LOC0052,Condo,5,3.0,1902,2884,2004,372800.0,2024-05-07,Pending,,,156,233.0,0,Yes,No,2024-05-07,2026-08-28
UPDATE,2026-08-28T00:00:00,2026-08-28,PT0537187,LST0537187,AG00461,LOC0067,Apartment,6,3.5,714,0,1975,98400.0,2026-08-02,Active,,,0,77.98,3,No,No,2026-08-02,2026-08-28
UPDATE,2026-08-28T00:00:00,2026-08-28,PT0272247,LST0272247,AG00738,LOC0031,Townhouse,2,3.0,2328,9186,1919,338300.0,2025-09-26,Active,,,127,702.0,3,No,No,2025-09-26,2026-08-28
UPDATE,2026-08-28T00:00:00,2026-08-28,PT0525446,LST0525446,AG02939,LOC0220,Townhouse,3,2.5,1773,9309,1958,475800.0,2026-07-22,Active,,,0,315.73,3,No,No,2026-07-22,2026-08-28
UPDATE,2026-08-28T00:00:00,2026-08-28,PT0546310,LST0546310,AG01531,LOC0013,Condo,6,2.5,1159,5907,1953,162100.0,2026-08-09,Sold,157950.64,2026-08-28,19,186.04,0,No,No,2026-08-09,2026-08-28
UPDATE,2026-08-28T00:00:00,2026-08-28,PT0338801,LST0338801,AG01943,LOC0068,Land,0,0.0,2802,1034,2003,1167200.0,2023-01-01,Pending,,,99,0.0,0,No,No,2023-01-01,2026-08-28
UPDATE,2026-08-28T00:00:00,2026-08-28,PT0050220,LST0050220,AG00399,LOC0245,Apartment,2,3.0,791,0,2017,64100.0,2023-09-16,Sold,68429.84,2026-08-28,1077,499.0,0,No,No,2023-09-16,2026-08-28
UPDATE,2026-08-28T00:00:00,2026-08-28,PT0264284,LST0264284,AG02532,LOC0185,Condo,5,3.5,732,2715,1965,315700.0,2025-03-16,Sold,327409.03,2026-08-28,530,189.0,0,No,No,2025-03-16,2026-08-28
UPDATE,2026-08-28T00:00:00,2026-08-28,PT0171354,LST0171354,AG01315,LOC0119,Apartment,2,4.5,557,0,2001,51000.0,2026-03-05,Pending,,,148,181.0,0,No,No,2026-03-05,2026-08-28
UPDATE,2026-08-28T00:00:00,2026-08-28,PT0144893,LST0144893,AG01769,LOC0117,Single Family,6,3.5,2199,1347,1913,958700.0,2023-06-15,Sold,940181.06,2026-08-28,1170,0.0,2,No,Yes,2023-06-15,2026-08-28
UPDATE,2026-08-28T00:00:00,2026-08-28,PT0217822,LST0217822,AG02438,LOC0211,Single Family,2,3.5,1833,5558,1928,814500.0,2026-02-07,Pending,,,118,0.0,1,No,No,2026-02-07,2026-08-28
UPDATE,2026-08-28T00:00:00,2026-08-28,PT0549351,LST0549351,AG02411,LOC0194,Multi-Family,2,3.5,1579,2453,1915,267000.0,2026-08-13,Active,,,0,0.0,1,Yes,Yes,2026-08-13,2026-08-28
UPDATE,2026-08-28T00:00:00,2026-08-28,PT0349440,LST0349440,AG00883,LOC0029,Single Family,1,2.0,2982,2317,2002,621000.0,2023-07-01,Active,,,113,0.0,1,No,No,2023-07-01,2026-08-28
UPDATE,2026-08-28T00:00:00,2026-08-28,PT0193248,LST0193248,AG01572,LOC0087,Multi-Family,1,2.0,2647,2205,2006,996200.0,2024-01-09,Pending,,,35,0.0,2,No,Yes,2024-01-09,2026-08-28
UPDATE,2026-08-28T00:00:00,2026-08-28,PT0438078,LST0438078,AG01109,LOC0004,Condo,5,2.0,1251,1356,1936,186400.0,2025-10-04,Sold,178011.67,2026-08-28,328,340.0,0,Yes,No,2025-10-04,2026-08-28
UPDATE,2026-08-28T00:00:00,2026-08-28,PT0560224,LST0560224,AG01997,LOC0087,Townhouse,5,3.5,1513,2204,1973,635200.0,2026-08-22,Active,,,0,599.89,1,No,No,2026-08-22,2026-08-28
UPDATE,2026-08-28T00:00:00,2026-08-28,PT0506268,LST0506268,AG01191,LOC0193,Single Family,4,2.5,2193,3224,2014,961500.0,2026-07-06,Active,,,0,0.0,1,No,Yes,2026-07-06,2026-08-28
UPDATE,2026-08-28T00:00:00,2026-08-28,PT0337618,LST0337618,AG00697,LOC0108,Single Family,1,3.5,1804,1990,1944,448500.0,2025-11-02,Pending,,,147,0.0,3,No,No,2025-11-02,2026-08-28
UPDATE,2026-08-28T00:00:00,2026-08-28,PT0349695,LST0349695,AG01906,LOC0085,Apartment,6,2.5,1066,0,2008,250900.0,2023-01-19,Active,,,44,115.0,2,No,No,2023-01-19,2026-08-28
UPDATE,2026-08-28T00:00:00,2026-08-28,PT0323414,LST0323414,AG02473,LOC0048,Townhouse,2,3.0,1557,4093,1920,740700.0,2024-03-06,Pending,,,17,534.0,2,No,No,2024-03-06,2026-08-28
UPDATE,2026-08-28T00:00:00,2026-08-28,PT0526882,LST0526882,AG00212,LOC0155,Single Family,5,2.0,2127,4010,1916,457100.0,2026-07-24,Sold,443430.82,2026-08-28,35,0.0,3,No,No,2026-07-24,2026-08-28
UPDATE,2026-08-28T00:00:00,2026-08-28,PT0067006,LST0067006,AG02255,LOC0011,Single Family,4,3.5,2259,3568,1918,905800.0,2024-01-11,Pending,,,114,0.0,0,No,No,2024-01-11,2026-08-28
UPDATE,2026-08-28T00:00:00,2026-08-28,PT0509188,LST0509188,AG02723,LOC0047,Multi-Family,2,2.5,3255,1348,2015,722400.0,2026-07-08,Active,,,0,0.0,3,Yes,No,2026-07-08,2026-08-28
UPDATE,2026-08-28T00:00:00,2026-08-28,PT0167327,LST0167327,AG00296,LOC0215,Single Family,3,1.5,2000,2139,1968,567400.0,2026-05-18,Pending,,,40,0.0,1,No,No,2026-05-18,2026-08-28
UPDATE,2026-08-28T00:00:00,2026-08-28,PT0524966,LST0524966,AG01830,LOC0236,Condo,5,4.0,1233,1012,1987,110700.0,2026-07-22,Active,,,0,148.4,3,No,No,2026-07-22,2026-08-28
UPDATE,2026-08-28T00:00:00,2026-08-28,PT0547014,LST0547014,AG00332,LOC0244,Multi-Family,1,2.5,540,1315,1931,68700.0,2026-08-10,Active,,,0,0.0,3,No,Yes,2026-08-10,2026-08-28
UPDATE,2026-08-28T00:00:00,2026-08-28,PT0257019,LST0257019,AG02060,LOC0062,Single Family,6,4.5,1365,7779,1918,383900.0,2024-05-29,Active,,,168,0.0,2,Yes,No,2024-05-29,2026-08-28
UPDATE,2026-08-28T00:00:00,2026-08-28,PT0495620,LST0495620,AG01659,LOC0137,Single Family,2,4.0,2075,1026,1960,494500.0,2024-01-13,Active,,,81,0.0,2,No,Yes,2024-01-13,2026-08-28
UPDATE,2026-08-28T00:00:00,2026-08-28,PT0242411,LST0242411,AG02740,LOC0167,Single Family,1,2.0,2463,32688,1904,1114100.0,2026-01-01,Sold,1117849.27,2026-08-28,239,0.0,1,No,No,2026-01-01,2026-08-28
UPDATE,2026-08-28T00:00:00,2026-08-28,PT0546747,LST0546747,AG00178,LOC0137,Townhouse,3,1.0,1588,1110,1953,440000.0,2026-08-10,Active,,,0,385.36,2,No,No,2026-08-10,2026-08-28
UPDATE,2026-08-28T00:00:00,2026-08-28,PT0552620,LST0552620,AG02488,LOC0159,Single Family,1,4.5,1789,5996,1992,626900.0,2026-08-16,Sold,606962.55,2026-08-28,12,0.0,1,No,Yes,2026-08-16,2026-08-28
UPDATE,2026-08-28T00:00:00,2026-08-28,PT0496962,LST0496962,AG01398,LOC0015,Single Family,4,3.0,2912,1790,2022,477800.0,2023-12-30,Active,,,61,0.0,2,Yes,No,2023-12-30,2026-08-28
UPDATE,2026-08-28T00:00:00,2026-08-28,PT0318934,LST0318934,AG00865,LOC0077,Townhouse,5,2.0,2686,1673,2005,430100.0,2023-11-13,Pending,,,44,694.0,0,No,No,2023-11-13,2026-08-28
UPDATE,2026-08-28T00:00:00,2026-08-28,PT0541164,LST0541164,AG00513,LOC0013,Condo,5,2.5,2949,11085,1945,820900.0,2026-08-05,Active,,,0,314.38,3,No,No,2026-08-05,2026-08-28
UPDATE,2026-08-28T00:00:00,2026-08-28,PT0330812,LST0330812,AG00530,LOC0042,Multi-Family,2,1.0,2424,1839,1914,230600.0,2025-10-24,Active,,,101,0.0,2,No,Yes,2025-10-24,2026-08-28
UPDATE,2026-08-28T00:00:00,2026-08-28,PT0100238,LST0100238,AG02881,LOC0045,Single Family,3,1.0,1081,3347,1926,469200.0,2024-01-24,Pending,,,2,0.0,0,No,No,2024-01-24,2026-08-28
UPDATE,2026-08-28T00:00:00,2026-08-28,PT0472268,LST0472268,AG02259,LOC0007,Single Family,3,4.5,2411,5824,2004,550400.0,2025-06-08,Active,,,167,0.0,1,No,No,2025-06-08,2026-08-28
UPDATE,2026-08-28T00:00:00,2026-08-28,PT0164522,LST0164522,AG00106,LOC0233,Single Family,3,2.5,2524,5076,2008,217900.0,2024-12-22,Active,,,156,0.0,3,No,No,2024-12-22,2026-08-28
UPDATE,2026-08-28T00:00:00,2026-08-28,PT0483095,LST0483095,AG00359,LOC0012,Single Family,3,1.0,1306,5747,1903,449900.0,2025-03-09,Pending,,,123,0.0,0,No,No,2025-03-09,2026-08-28
UPDATE,2026-08-28T00:00:00,2026-08-28,PT0100195,LST0100195,AG01646,LOC0063,Condo,4,4.0,1199,4569,1997,770000.0,2025-02-13,Sold,725015.66,2026-08-28,561,310.0,1,No,No,2025-02-13,2026-08-28
UPDATE,2026-08-28T00:00:00,2026-08-28,PT0183030,LST0183030,AG02724,LOC0145,Condo,6,3.0,1716,2496,1925,617200.0,2023-09-20,Pending,,,91,770.0,1,No,No,2023-09-20,2026-08-28
UPDATE,2026-08-28T00:00:00,2026-08-28,PT0047636,LST0047636,AG01769,LOC0111,Condo,2,4.5,2098,1042,1996,255600.0,2023-06-07,Pending,,,75,411.0,1,No,No,2023-06-07,2026-08-28
UPDATE,2026-08-28T00:00:00,2026-08-28,PT0301742,LST0301742,AG00195,LOC0024,Multi-Family,4,4.5,2986,3174,1926,1485600.0,2026-02-22,Pending,,,152,0.0,0,Yes,No,2026-02-22,2026-08-28
UPDATE,2026-08-28T00:00:00,2026-08-28,PT0100768,LST0100768,AG00768,LOC0128,Townhouse,5,2.5,493,5282,1975,131900.0,2023-08-03,Pending,,,50,489.0,1,No,No,2023-08-03,2026-08-28
UPDATE,2026-08-28T00:00:00,2026-08-28,PT0507427,LST0507427,AG01270,LOC0172,Multi-Family,4,4.5,1176,6035,1967,122300.0,2026-07-06,Active,,,0,0.0,0,Yes,Yes,2026-07-06,2026-08-28
UPDATE,2026-08-28T00:00:00,2026-08-28,PT0182797,LST0182797,AG02028,LOC0031,Condo,2,2.0,3206,2338,1901,1199700.0,2026-06-13,Pending,,,152,707.0,3,No,No,2026-06-13,2026-08-28
UPDATE,2026-08-28T00:00:00,2026-08-28,PT0422729,LST0422729,AG00774,LOC0130,Multi-Family,3,1.5,3245,3642,1999,714600.0,2023-05-11,Active,,,169,0.0,0,No,No,2023-05-11,2026-08-28
UPDATE,2026-08-28T00:00:00,2026-08-28,PT0562979,LST0562979,AG00157,LOC0087,Single Family,6,2.5,2325,2153,1959,1286100.0,2026-08-25,Active,,,0,0.0,0,Yes,Yes,2026-08-25,2026-08-28
UPDATE,2026-08-28T00:00:00,2026-08-28,PT0463428,LST0463428,AG02744,LOC0133,Single Family,2,4.0,2228,9878,2023,424600.0,2023-10-25,Sold,431831.03,2026-08-28,1038,0.0,2,No,No,2023-10-25,2026-08-28
UPDATE,2026-08-28T00:00:00,2026-08-28,PT0294384,LST0294384,AG00935,LOC0038,Single Family,2,3.0,313,6456,1914,124900.0,2023-12-23,Pending,,,134,0.0,1,No,Yes,2023-12-23,2026-08-28
UPDATE,2026-08-28T00:00:00,2026-08-28,PT0135429,LST0135429,AG01227,LOC0147,Condo,3,4.0,1868,3752,1908,261300.0,2025-06-13,Pending,,,26,386.0,1,No,No,2025-06-13,2026-08-28
UPDATE,2026-08-28T00:00:00,2026-08-28,PT0072221,LST0072221,AG01534,LOC0073,Single Family,5,2.0,1640,4157,1910,698700.0,2024-08-07,Active,,,141,0.0,0,No,No,2024-08-07,2026-08-28
UPDATE,2026-08-28T00:00:00,2026-08-28,PT0361984,LST0361984,AG02381,LOC0084,Condo,2,1.5,2135,4183,1946,805800.0,2025-11-19,Pending,,,131,179.0,0,Yes,No,2025-11-19,2026-08-28
UPDATE,2026-08-28T00:00:00,2026-08-28,PT0460682,LST0460682,AG00579,LOC0222,Single Family,2,4.0,1705,7268,2003,667300.0,2025-05-08,Sold,660936.39,2026-08-28,477,0.0,2,No,No,2025-05-08,2026-08-28
UPDATE,2026-08-28T00:00:00,2026-08-28,PT0250308,LST0250308,AG00191,LOC0107,Condo,4,1.5,1919,11942,1979,414600.0,2024-10-10,Active,,,130,284.0,3,No,No,2024-10-10,2026-08-28
UPDATE,2026-08-28T00:00:00,2026-08-28,PT0527816,LST0527816,AG00298,LOC0214,Land,0,0.0,3028,2311,1920,931600.0,2026-07-24,Active,,,0,0.0,0,No,No,2026-07-24,2026-08-28
UPDATE,2026-08-28T00:00:00,2026-08-28,PT0006079,LST0006079,AG00483,LOC0234,Townhouse,3,1.0,2508,2374,1992,767300.0,2023-09-26,Active,,,147,518.0,1,Yes,No,2023-09-26,2026-08-28
UPDATE,2026-08-28T00:00:00,2026-08-28,PT0503350,LST0503350,AG00432,LOC0080,Multi-Family,4,4.5,1687,5827,1954,663300.0,2026-07-03,Active,,,0,0.0,1,Yes,No,2026-07-03,2026-08-28
UPDATE,2026-08-28T00:00:00,2026-08-28,PT0011667,LST0011667,AG01468,LOC0188,Condo,6,2.0,2325,6322,1917,608100.0,2024-10-10,Pending,,,148,260.0,2,No,No,2024-10-10,2026-08-28
UPDATE,2026-08-28T00:00:00,2026-08-28,PT0387381,LST0387381,AG02834,LOC0121,Single Family,5,4.5,900,1981,1927,238700.0,2023-05-10,Pending,,,73,0.0,3,No,No,2023-05-10,2026-08-28
UPDATE,2026-08-28T00:00:00,2026-08-28,PT0144436,LST0144436,AG01285,LOC0048,Single Family,6,2.5,1966,6235,1982,1034500.0,2026-03-10,Active,,,170,0.0,0,No,Yes,2026-03-10,2026-08-28
UPDATE,2026-08-28T00:00:00,2026-08-28,PT0344329,LST0344329,AG00879,LOC0238,Condo,3,2.0,2817,5994,1902,957200.0,2026-05-27,Active,,,61,245.0,3,No,No,2026-05-27,2026-08-28
UPDATE,2026-08-28T00:00:00,2026-08-28,PT0014579,LST0014579,AG01256,LOC0145,Apartment,4,4.0,1642,0,1954,514900.0,2026-02-20,Pending,,,51,462.0,0,No,No,2026-02-20,2026-08-28
UPDATE,2026-08-28T00:00:00,2026-08-28,PT0510863,LST0510863,AG02251,LOC0217,Apartment,5,4.5,891,0,1919,107600.0,2026-07-09,Pending,,,0,50.35,2,Yes,No,2026-07-09,2026-08-28
UPDATE,2026-08-28T00:00:00,2026-08-28,PT0504457,LST0504457,AG02620,LOC0211,Apartment,6,1.0,1878,0,1933,1223100.0,2026-07-04,Pending,,,0,304.6,0,No,No,2026-07-04,2026-08-28
UPDATE,2026-08-28T00:00:00,2026-08-28,PT0366939,LST0366939,AG00133,LOC0104,Townhouse,4,1.5,1930,1436,1999,726300.0,2025-07-19,Active,,,39,500.0,0,No,No,2025-07-19,2026-08-28
UPDATE,2026-08-28T00:00:00,2026-08-28,PT0397997,LST0397997,AG02073,LOC0108,Multi-Family,4,2.0,3450,4452,1974,617600.0,2024-11-23,Sold,602820.67,2026-08-28,643,0.0,2,Yes,No,2024-11-23,2026-08-28
UPDATE,2026-08-28T00:00:00,2026-08-28,PT0567059,LST0567059,AG01926,LOC0240,Land,0,0.0,6014,6927,1953,1355800.0,2026-08-28,Active,,,0,0.0,0,No,No,2026-08-28,2026-08-28
UPDATE,2026-08-28T00:00:00,2026-08-28,PT0309306,LST0309306,AG02464,LOC0015,Apartment,5,4.0,183,0,2005,25900.0,2025-05-17,Pending,,,35,692.0,1,No,No,2025-05-17,2026-08-28
UPDATE,2026-08-28T00:00:00,2026-08-28,PT0468338,LST0468338,AG00529,LOC0040,Condo,1,4.0,2858,1284,1987,507200.0,2023-02-20,Sold,509481.05,2026-08-28,1285,752.0,2,No,No,2023-02-20,2026-08-28
UPDATE,2026-08-28T00:00:00,2026-08-28,PT0235961,LST0235961,AG02451,LOC0032,Condo,5,2.5,1405,5063,1914,166500.0,2023-11-09,Active,,,66,756.0,1,No,No,2023-11-09,2026-08-28
UPDATE,2026-08-28T00:00:00,2026-08-28,PT0420154,LST0420154,AG02229,LOC0054,Townhouse,2,3.0,2298,2686,2009,483500.0,2024-02-17,Pending,,,128,551.0,2,Yes,No,2024-02-17,2026-08-28
UPDATE,2026-08-28T00:00:00,2026-08-28,PT0176999,LST0176999,AG00924,LOC0023,Multi-Family,2,2.5,3641,1449,1966,1204200.0,2023-07-20,Pending,,,157,0.0,1,Yes,No,2023-07-20,2026-08-28
UPDATE,2026-08-28T00:00:00,2026-08-28,PT0060160,LST0060160,AG01598,LOC0117,Single Family,1,4.0,3450,4077,1912,1147400.0,2025-01-28,Pending,,,142,0.0,3,No,No,2025-01-28,2026-08-28
UPDATE,2026-08-28T00:00:00,2026-08-28,PT0085847,LST0085847,AG00272,LOC0057,Land,0,0.0,5412,6999,2023,1529300.0,2023-12-26,Active,,,65,0.0,0,No,No,2023-12-26,2026-08-28
UPDATE,2026-08-28T00:00:00,2026-08-28,PT0137282,LST0137282,AG02590,LOC0038,Apartment,6,1.5,320,0,1923,24900.0,2024-06-02,Active,,,62,521.0,3,No,No,2024-06-02,2026-08-28
UPDATE,2026-08-28T00:00:00,2026-08-28,PT0213592,LST0213592,AG02587,LOC0153,Apartment,6,3.0,1352,0,1954,690900.0,2026-02-21,Pending,,,127,704.0,3,No,No,2026-02-21,2026-08-28
UPDATE,2026-08-28T00:00:00,2026-08-28,PT0394480,LST0394480,AG02922,LOC0096,Condo,1,3.0,2017,4690,1958,646200.0,2023-10-22,Pending,,,1,232.0,1,No,No,2023-10-22,2026-08-28
UPDATE,2026-08-28T00:00:00,2026-08-28,PT0147424,LST0147424,AG01263,LOC0229,Multi-Family,3,2.5,1112,1762,2007,125800.0,2024-07-15,Pending,,,132,0.0,1,No,Yes,2024-07-15,2026-08-28
UPDATE,2026-08-28T00:00:00,2026-08-28,PT0133283,LST0133283,AG00449,LOC0237,Single Family,1,1.0,2132,7924,2022,171200.0,2024-06-19,Active,,,54,0.0,2,No,No,2024-06-19,2026-08-28
UPDATE,2026-08-28T00:00:00,2026-08-28,PT0555174,LST0555174,AG01472,LOC0078,Single Family,3,2.0,2128,1252,2001,1172900.0,2026-08-18,Pending,,,0,0.0,3,Yes,Yes,2026-08-18,2026-08-28
UPDATE,2026-08-28T00:00:00,2026-08-28,PT0524821,LST0524821,AG02022,LOC0062,Condo,1,3.0,1063,2476,1954,214800.0,2026-07-22,Pending,,,0,348.44,0,No,No,2026-07-22,2026-08-28
UPDATE,2026-08-28T00:00:00,2026-08-28,PT0078733,LST0078733,AG00064,LOC0211,Single Family,2,3.5,1604,1122,1949,154600.0,2023-09-11,Pending,,,108,0.0,1,No,No,2023-09-11,2026-08-28
UPDATE,2026-08-28T00:00:00,2026-08-28,PT0314877,LST0314877,AG02752,LOC0104,Single Family,1,4.5,2154,7002,1987,437800.0,2025-06-30,Sold,420232.96,2026-08-28,424,0.0,1,No,No,2025-06-30,2026-08-28
UPDATE,2026-08-28T00:00:00,2026-08-28,PT0416120,LST0416120,AG01308,LOC0196,Single Family,6,2.5,587,2178,1944,42300.0,2023-01-14,Active,,,134,0.0,2,No,No,2023-01-14,2026-08-28
UPDATE,2026-08-28T00:00:00,2026-08-28,PT0457571,LST0457571,AG02845,LOC0008,Single Family,3,4.5,1217,4002,1917,267800.0,2025-02-18,Pending,,,4,0.0,0,No,Yes,2025-02-18,2026-08-28
UPDATE,2026-08-28T00:00:00,2026-08-28,PT0023428,LST0023428,AG01013,LOC0021,Single Family,5,2.5,2461,6150,1989,344300.0,2024-08-12,Active,,,121,0.0,1,Yes,No,2024-08-12,2026-08-28
UPDATE,2026-08-28T00:00:00,2026-08-28,PT0125276,LST0125276,AG02387,LOC0238,Condo,3,3.0,1502,1118,1901,791600.0,2023-02-25,Pending,,,79,762.0,2,No,No,2023-02-25,2026-08-28
UPDATE,2026-08-28T00:00:00,2026-08-28,PT0072356,LST0072356,AG02898,LOC0138,Single Family,4,2.0,928,2341,1907,393100.0,2023-06-15,Active,,,19,0.0,0,No,No,2023-06-15,2026-08-28
UPDATE,2026-08-28T00:00:00,2026-08-28,PT0353186,LST0353186,AG00102,LOC0090,Single Family,2,3.0,1879,2316,1946,582300.0,2023-11-25,Sold,516426.95,2026-08-28,1007,0.0,3,No,No,2023-11-25,2026-08-28
UPDATE,2026-08-28T00:00:00,2026-08-28,PT0545336,LST0545336,AG01644,LOC0041,Townhouse,1,1.5,1486,1539,1953,371100.0,2026-08-09,Active,,,0,624.03,0,Yes,No,2026-08-09,2026-08-28
UPDATE,2026-08-28T00:00:00,2026-08-28,PT0183971,LST0183971,AG00999,LOC0124,Townhouse,3,2.5,1071,3431,1994,734800.0,2024-05-20,Active,,,3,408.0,2,No,No,2024-05-20,2026-08-28
UPDATE,2026-08-28T00:00:00,2026-08-28,PT0029682,LST0029682,AG02482,LOC0190,Condo,6,4.5,300,1595,1909,93600.0,2023-01-18,Active,,,161,128.0,2,Yes,No,2023-01-18,2026-08-28
UPDATE,2026-08-28T00:00:00,2026-08-28,PT0032291,LST0032291,AG01998,LOC0154,Multi-Family,2,2.0,1708,1365,1912,370500.0,2025-04-08,Pending,,,140,0.0,1,No,No,2025-04-08,2026-08-28
UPDATE,2026-08-28T00:00:00,2026-08-28,PT0295050,LST0295050,AG00602,LOC0116,Multi-Family,3,4.5,6073,1008,2018,2478500.0,2023-06-28,Pending,,,158,0.0,2,No,No,2023-06-28,2026-08-28
UPDATE,2026-08-28T00:00:00,2026-08-28,PT0426054,LST0426054,AG00607,LOC0028,Townhouse,3,1.0,2693,4115,2014,212900.0,2023-05-14,Sold,203595.79,2026-08-28,1202,589.0,2,No,No,2023-05-14,2026-08-28
UPDATE,2026-08-28T00:00:00,2026-08-28,PT0146822,LST0146822,AG02015,LOC0059,Single Family,4,3.5,795,1011,2003,131400.0,2024-10-30,Sold,114334.02,2026-08-28,667,0.0,1,No,No,2024-10-30,2026-08-28
UPDATE,2026-08-28T00:00:00,2026-08-28,PT0516105,LST0516105,AG02102,LOC0023,Townhouse,5,4.5,2839,6829,1969,820800.0,2026-07-14,Active,,,0,624.81,2,No,No,2026-07-14,2026-08-28
UPDATE,2026-08-28T00:00:00,2026-08-28,PT0511358,LST0511358,AG01093,LOC0033,Single Family,3,3.5,840,5029,1930,223800.0,2026-07-10,Sold,194468.28,2026-08-28,49,0.0,3,No,Yes,2026-07-10,2026-08-28
UPDATE,2026-08-28T00:00:00,2026-08-28,PT0515354,LST0515354,AG01892,LOC0066,Single Family,6,3.5,1489,1062,1996,465700.0,2026-07-13,Sold,446781.12,2026-08-28,46,0.0,0,No,No,2026-07-13,2026-08-28
UPDATE,2026-08-28T00:00:00,2026-08-28,PT0533124,LST0533124,AG00526,LOC0073,Single Family,2,3.0,2379,4875,1994,982600.0,2026-07-29,Sold,908227.1,2026-08-28,30,0.0,1,No,No,2026-07-29,2026-08-28
UPDATE,2026-08-28T00:00:00,2026-08-28,PT0070460,LST0070460,AG02882,LOC0114,Multi-Family,6,2.5,2009,1156,2014,452200.0,2025-10-07,Sold,456989.35,2026-08-28,325,0.0,0,No,No,2025-10-07,2026-08-28
UPDATE,2026-08-28T00:00:00,2026-08-28,PT0157784,LST0157784,AG01598,LOC0040,Condo,2,4.0,1709,4755,1943,611400.0,2024-11-07,Pending,,,39,666.0,3,No,No,2024-11-07,2026-08-28
UPDATE,2026-08-28T00:00:00,2026-08-28,PT0508628,LST0508628,AG02015,LOC0086,Condo,3,1.0,2125,1917,1908,345500.0,2026-07-07,Active,,,0,72.18,1,No,No,2026-07-07,2026-08-28
UPDATE,2026-08-28T00:00:00,2026-08-28,PT0185432,LST0185432,AG01422,LOC0090,Condo,5,3.5,1421,7028,1976,315400.0,2024-06-21,Active,,,98,481.0,1,No,No,2024-06-21,2026-08-28
UPDATE,2026-08-28T00:00:00,2026-08-28,PT0002821,LST0002821,AG02427,LOC0207,Townhouse,6,1.0,2600,3340,2021,279300.0,2023-11-15,Sold,288450.97,2026-08-28,1017,190.0,2,No,No,2023-11-15,2026-08-28
UPDATE,2026-08-28T00:00:00,2026-08-28,PT0324715,LST0324715,AG01663,LOC0156,Single Family,4,1.5,1365,2948,1964,464800.0,2024-09-24,Pending,,,165,0.0,0,No,No,2024-09-24,2026-08-28
UPDATE,2026-08-28T00:00:00,2026-08-28,PT0350233,LST0350233,AG02181,LOC0239,Single Family,2,4.0,2108,2677,1953,323300.0,2023-10-29,Pending,,,81,0.0,0,No,Yes,2023-10-29,2026-08-28
UPDATE,2026-08-28T00:00:00,2026-08-28,PT0253886,LST0253886,AG02059,LOC0125,Multi-Family,1,1.0,4146,3196,1944,658700.0,2024-05-09,Sold,591245.31,2026-08-28,841,0.0,3,Yes,No,2024-05-09,2026-08-28
UPDATE,2026-08-28T00:00:00,2026-08-28,PT0114099,LST0114099,AG02253,LOC0114,Single Family,6,2.0,1324,7767,2001,373800.0,2023-03-23,Pending,,,128,0.0,3,No,No,2023-03-23,2026-08-28
UPDATE,2026-08-28T00:00:00,2026-08-28,PT0149966,LST0149966,AG00694,LOC0202,Single Family,6,4.5,2818,9121,1921,668500.0,2023-04-08,Active,,,111,0.0,0,No,No,2023-04-08,2026-08-28
UPDATE,2026-08-28T00:00:00,2026-08-28,PT0511201,LST0511201,AG00344,LOC0073,Single Family,6,1.5,1649,6019,1953,374900.0,2026-07-10,Pending,,,0,0.0,3,No,No,2026-07-10,2026-08-28
UPDATE,2026-08-28T00:00:00,2026-08-28,PT0483943,LST0483943,AG02180,LOC0038,Multi-Family,4,3.5,3392,1348,1991,567100.0,2024-12-21,Pending,,,167,0.0,0,Yes,No,2024-12-21,2026-08-28
UPDATE,2026-08-28T00:00:00,2026-08-28,PT0300982,LST0300982,AG01124,LOC0195,Multi-Family,6,2.0,5725,1224,1988,1605300.0,2023-10-29,Pending,,,169,0.0,3,No,Yes,2023-10-29,2026-08-28
UPDATE,2026-08-28T00:00:00,2026-08-28,PT0504000,LST0504000,AG02070,LOC0187,Condo,2,1.5,1207,17526,1959,498000.0,2026-07-04,Pending,,,0,480.78,3,No,No,2026-07-04,2026-08-28
UPDATE,2026-08-28T00:00:00,2026-08-28,PT0099230,LST0099230,AG01132,LOC0158,Multi-Family,4,4.0,4293,8469,1971,915400.0,2024-04-27,Pending,,,19,0.0,0,No,Yes,2024-04-27,2026-08-28
UPDATE,2026-08-28T00:00:00,2026-08-28,PT0339309,LST0339309,AG02853,LOC0043,Multi-Family,1,4.5,4351,3731,1968,569200.0,2026-05-31,Active,,,102,0.0,0,No,No,2026-05-31,2026-08-28
UPDATE,2026-08-28T00:00:00,2026-08-28,PT0537744,LST0537744,AG02152,LOC0121,Single Family,2,3.0,300,3508,1920,83000.0,2026-08-02,Pending,,,0,0.0,0,No,Yes,2026-08-02,2026-08-28
UPDATE,2026-08-28T00:00:00,2026-08-28,PT0562492,LST0562492,AG01372,LOC0103,Single Family,6,3.5,1369,1793,1957,373200.0,2026-08-24,Active,,,0,0.0,3,No,Yes,2026-08-24,2026-08-28
UPDATE,2026-08-28T00:00:00,2026-08-28,PT0399862,LST0399862,AG02958,LOC0143,Townhouse,2,4.0,2317,12867,1968,429100.0,2024-02-06,Pending,,,65,299.0,0,No,No,2024-02-06,2026-08-28
UPDATE,2026-08-28T00:00:00,2026-08-28,PT0244290,LST0244290,AG02684,LOC0031,Single Family,2,2.0,1333,9434,2013,527800.0,2024-10-07,Pending,,,165,0.0,3,No,No,2024-10-07,2026-08-28
UPDATE,2026-08-28T00:00:00,2026-08-28,PT0013077,LST0013077,AG01401,LOC0245,Single Family,6,4.5,2046,3577,1984,477900.0,2025-09-24,Sold,441908.52,2026-08-28,338,0.0,0,No,No,2025-09-24,2026-08-28
UPDATE,2026-08-28T00:00:00,2026-08-28,PT0187632,LST0187632,AG01906,LOC0132,Single Family,5,4.0,2817,1995,2021,148300.0,2025-09-02,Pending,,,38,0.0,3,No,Yes,2025-09-02,2026-08-28
UPDATE,2026-08-28T00:00:00,2026-08-28,PT0127080,LST0127080,AG00687,LOC0036,Condo,1,4.5,850,7986,1902,348000.0,2025-03-03,Sold,338925.46,2026-08-28,543,349.0,1,No,No,2025-03-03,2026-08-28
UPDATE,2026-08-28T00:00:00,2026-08-28,PT0306967,LST0306967,AG01315,LOC0170,Single Family,6,2.5,1464,3745,2004,510800.0,2025-01-03,Active,,,89,0.0,0,Yes,Yes,2025-01-03,2026-08-28
UPDATE,2026-08-28T00:00:00,2026-08-28,PT0561912,LST0561912,AG01166,LOC0211,Single Family,2,4.0,2909,3782,1926,753800.0,2026-08-24,Sold,697994.72,2026-08-28,4,0.0,2,No,No,2026-08-24,2026-08-28
UPDATE,2026-08-28T00:00:00,2026-08-28,PT0184936,LST0184936,AG01948,LOC0229,Single Family,4,4.5,2635,3250,1961,498100.0,2025-09-02,Pending,,,155,0.0,2,No,Yes,2025-09-02,2026-08-28
UPDATE,2026-08-28T00:00:00,2026-08-28,PT0062305,LST0062305,AG02509,LOC0140,Single Family,1,1.0,2641,8953,1963,1069700.0,2025-10-16,Sold,1085337.12,2026-08-28,316,0.0,1,No,No,2025-10-16,2026-08-28
UPDATE,2026-08-28T00:00:00,2026-08-28,PT0262954,LST0262954,AG02162,LOC0168,Single Family,2,1.5,1197,8050,2015,598200.0,2025-06-25,Pending,,,142,0.0,0,No,Yes,2025-06-25,2026-08-28
UPDATE,2026-08-28T00:00:00,2026-08-28,PT0486459,LST0486459,AG01127,LOC0206,Single Family,3,4.0,3002,1389,1903,1199500.0,2025-08-18,Pending,,,152,0.0,2,Yes,No,2025-08-18,2026-08-28
UPDATE,2026-08-28T00:00:00,2026-08-28,PT0304558,LST0304558,AG01233,LOC0081,Single Family,5,1.5,1077,4420,1951,348700.0,2026-02-27,Pending,,,87,0.0,0,No,Yes,2026-02-27,2026-08-28
UPDATE,2026-08-28T00:00:00,2026-08-28,PT0527185,LST0527185,AG00032,LOC0116,Single Family,1,2.0,2363,1405,1921,1013800.0,2026-07-24,Pending,,,0,0.0,3,No,Yes,2026-07-24,2026-08-28
UPDATE,2026-08-28T00:00:00,2026-08-28,PT0301147,LST0301147,AG02712,LOC0135,Condo,4,3.5,1284,3204,1987,431500.0,2025-01-20,Active,,,33,447.0,3,No,No,2025-01-20,2026-08-28
UPDATE,2026-08-28T00:00:00,2026-08-28,PT0433680,LST0433680,AG01360,LOC0183,Condo,3,4.0,876,4597,1909,170500.0,2026-04-24,Pending,,,92,366.0,3,Yes,No,2026-04-24,2026-08-28
UPDATE,2026-08-28T00:00:00,2026-08-28,PT0380791,LST0380791,AG00536,LOC0139,Townhouse,4,4.5,1550,8116,1971,681300.0,2023-10-24,Active,,,69,228.0,3,Yes,No,2023-10-24,2026-08-28
UPDATE,2026-08-28T00:00:00,2026-08-28,PT0091904,LST0091904,AG00222,LOC0214,Single Family,5,4.0,3185,3626,1936,696300.0,2024-10-09,Active,,,15,0.0,1,Yes,Yes,2024-10-09,2026-08-28
UPDATE,2026-08-28T00:00:00,2026-08-28,PT0260412,LST0260412,AG01131,LOC0019,Multi-Family,3,1.0,5356,1998,1956,1330700.0,2023-11-02,Pending,,,56,0.0,3,No,Yes,2023-11-02,2026-08-28
UPDATE,2026-08-28T00:00:00,2026-08-28,PT0025677,LST0025677,AG01938,LOC0200,Single Family,2,4.0,2832,4953,1940,538800.0,2025-06-23,Active,,,155,0.0,3,No,No,2025-06-23,2026-08-28
UPDATE,2026-08-28T00:00:00,2026-08-28,PT0280344,LST0280344,AG02753,LOC0185,Single Family,5,2.5,1971,2156,2024,646000.0,2023-11-09,Active,,,49,0.0,0,No,Yes,2023-11-09,2026-08-28
UPDATE,2026-08-28T00:00:00,2026-08-28,PT0198655,LST0198655,AG01528,LOC0029,Townhouse,6,4.5,2193,2937,1980,890300.0,2023-04-21,Sold,788962.02,2026-08-28,1225,703.0,2,No,No,2023-04-21,2026-08-28
UPDATE,2026-08-28T00:00:00,2026-08-28,PT0433366,LST0433366,AG02391,LOC0006,Condo,6,3.0,2612,4046,2008,522500.0,2026-03-05,Pending,,,128,792.0,1,No,No,2026-03-05,2026-08-28
UPDATE,2026-08-28T00:00:00,2026-08-28,PT0553304,LST0553304,AG02308,LOC0042,Condo,4,1.0,1376,1628,1969,238100.0,2026-08-16,Pending,,,0,777.4,1,No,No,2026-08-16,2026-08-28
UPDATE,2026-08-28T00:00:00,2026-08-28,PT0163843,LST0163843,AG02207,LOC0042,Condo,1,2.5,874,1643,1990,218500.0,2024-10-30,Active,,,62,346.0,2,No,No,2024-10-30,2026-08-28
UPDATE,2026-08-28T00:00:00,2026-08-28,PT0272715,LST0272715,AG02754,LOC0063,Apartment,4,1.5,433,0,1972,168000.0,2024-08-07,Pending,,,159,562.0,0,No,No,2024-08-07,2026-08-28
UPDATE,2026-08-28T00:00:00,2026-08-28,PT0559584,LST0559584,AG00769,LOC0220,Townhouse,2,4.5,1377,7648,1997,400800.0,2026-08-22,Sold,359932.53,2026-08-28,6,120.42,0,No,No,2026-08-22,2026-08-28
UPDATE,2026-08-28T00:00:00,2026-08-28,PT0057271,LST0057271,AG02675,LOC0225,Single Family,6,2.5,2206,1788,1929,930800.0,2023-07-18,Pending,,,115,0.0,3,No,Yes,2023-07-18,2026-08-28
UPDATE,2026-08-28T00:00:00,2026-08-28,PT0524113,LST0524113,AG02082,LOC0096,Land,0,0.0,3951,7246,1978,1362200.0,2026-07-22,Active,,,0,0.0,0,No,No,2026-07-22,2026-08-28
UPDATE,2026-08-28T00:00:00,2026-08-28,PT0116479,LST0116479,AG02590,LOC0202,Condo,3,3.0,1591,4294,1964,274800.0,2023-12-27,Pending,,,152,438.0,0,No,No,2023-12-27,2026-08-28
UPDATE,2026-08-28T00:00:00,2026-08-28,PT0019720,LST0019720,AG02394,LOC0185,Single Family,6,2.5,1715,1162,1998,665900.0,2024-10-22,Active,,,136,0.0,2,No,Yes,2024-10-22,2026-08-28
UPDATE,2026-08-28T00:00:00,2026-08-28,PT0297351,LST0297351,AG01696,LOC0212,Townhouse,3,2.0,2515,1259,2000,1112600.0,2024-12-17,Active,,,99,458.0,0,No,No,2024-12-17,2026-08-28
UPDATE,2026-08-28T00:00:00,2026-08-28,PT0123928,LST0123928,AG02904,LOC0165,Single Family,2,4.5,1905,9903,1950,705300.0,2026-04-20,Pending,,,177,0.0,3,No,No,2026-04-20,2026-08-28
UPDATE,2026-08-28T00:00:00,2026-08-28,PT0485225,LST0485225,AG02865,LOC0150,Condo,2,2.5,2837,9741,1985,943500.0,2025-11-20,Sold,950956.29,2026-08-28,281,621.0,1,No,No,2025-11-20,2026-08-28
UPDATE,2026-08-28T00:00:00,2026-08-28,PT0471133,LST0471133,AG00416,LOC0053,Single Family,6,1.5,1934,4963,1953,475200.0,2025-05-08,Active,,,157,0.0,2,No,No,2025-05-08,2026-08-28
UPDATE,2026-08-28T00:00:00,2026-08-28,PT0205988,LST0205988,AG01489,LOC0122,Townhouse,3,3.0,1536,3426,1906,1068100.0,2025-06-05,Pending,,,123,649.0,2,Yes,No,2025-06-05,2026-08-28
UPDATE,2026-08-28T00:00:00,2026-08-28,PT0087104,LST0087104,AG01927,LOC0103,Single Family,4,3.0,1874,2807,2014,360300.0,2023-01-01,Pending,,,124,0.0,3,No,Yes,2023-01-01,2026-08-28
UPDATE,2026-08-28T00:00:00,2026-08-28,PT0210359,LST0210359,AG02010,LOC0055,Condo,5,3.0,1370,7377,2005,194500.0,2024-03-12,Sold,208109.52,2026-08-28,899,606.0,0,No,No,2024-03-12,2026-08-28
UPDATE,2026-08-28T00:00:00,2026-08-28,PT0188724,LST0188724,AG01998,LOC0027,Condo,1,4.5,2539,2915,1988,805200.0,2024-09-30,Pending,,,8,550.0,3,No,No,2024-09-30,2026-08-28
UPDATE,2026-08-28T00:00:00,2026-08-28,PT0165393,LST0165393,AG00238,LOC0208,Townhouse,2,4.0,1775,1973,1986,373100.0,2023-11-28,Active,,,60,63.0,1,No,No,2023-11-28,2026-08-28
UPDATE,2026-08-28T00:00:00,2026-08-28,PT0247970,LST0247970,AG01229,LOC0019,Land,0,0.0,6794,4710,1960,258200.0,2025-12-21,Pending,,,114,0.0,0,No,No,2025-12-21,2026-08-28
UPDATE,2026-08-28T00:00:00,2026-08-28,PT0461125,LST0461125,AG00473,LOC0127,Single Family,2,2.0,655,8896,2022,366900.0,2024-09-05,Active,,,98,0.0,0,Yes,No,2024-09-05,2026-08-28
UPDATE,2026-08-28T00:00:00,2026-08-28,PT0566823,LST0566823,AG00276,LOC0102,Townhouse,2,4.0,1364,4632,1981,231900.0,2026-08-28,Active,,,0,383.37,0,No,No,2026-08-28,2026-08-28
UPDATE,2026-08-28T00:00:00,2026-08-28,PT0414182,LST0414182,AG02786,LOC0209,Multi-Family,1,3.0,3141,5220,1946,1247400.0,2025-05-13,Pending,,,108,0.0,2,No,Yes,2025-05-13,2026-08-28
UPDATE,2026-08-28T00:00:00,2026-08-28,PT0462987,LST0462987,AG02009,LOC0082,Townhouse,2,2.0,2237,1106,2022,159200.0,2025-12-17,Pending,,,138,797.0,1,Yes,No,2025-12-17,2026-08-28
UPDATE,2026-08-28T00:00:00,2026-08-28,PT0381267,LST0381267,AG02407,LOC0179,Land,0,0.0,9058,5817,2018,1694400.0,2024-01-30,Pending,,,150,0.0,0,No,No,2024-01-30,2026-08-28
UPDATE,2026-08-28T00:00:00,2026-08-28,PT0166276,LST0166276,AG02600,LOC0167,Multi-Family,5,1.0,1764,1153,1996,686700.0,2023-07-26,Active,,,31,0.0,1,No,No,2023-07-26,2026-08-28
UPDATE,2026-08-28T00:00:00,2026-08-28,PT0562160,LST0562160,AG01589,LOC0048,Condo,6,4.0,2098,2709,1988,1059700.0,2026-08-24,Pending,,,0,751.23,0,No,No,2026-08-24,2026-08-28
UPDATE,2026-08-28T00:00:00,2026-08-28,PT0310667,LST0310667,AG01747,LOC0249,Multi-Family,2,1.0,2375,9826,1989,912500.0,2023-03-18,Sold,867603.6,2026-08-28,1259,0.0,0,No,Yes,2023-03-18,2026-08-28
UPDATE,2026-08-28T00:00:00,2026-08-28,PT0042985,LST0042985,AG02933,LOC0114,Land,0,0.0,6767,3238,1924,1094300.0,2026-05-02,Active,,,166,0.0,0,No,No,2026-05-02,2026-08-28
UPDATE,2026-08-28T00:00:00,2026-08-28,PT0222203,LST0222203,AG03000,LOC0142,Townhouse,6,3.5,1207,9400,1981,305300.0,2026-01-08,Sold,276192.43,2026-08-28,232,742.0,1,No,No,2026-01-08,2026-08-28
UPDATE,2026-08-28T00:00:00,2026-08-28,PT0503372,LST0503372,AG00808,LOC0132,Single Family,4,2.0,1872,2364,1977,686700.0,2026-07-03,Active,,,0,0.0,3,No,Yes,2026-07-03,2026-08-28
UPDATE,2026-08-28T00:00:00,2026-08-28,PT0011823,LST0011823,AG00398,LOC0107,Townhouse,4,3.0,1699,3875,1952,313300.0,2024-11-06,Active,,,148,238.0,1,Yes,No,2024-11-06,2026-08-28
UPDATE,2026-08-28T00:00:00,2026-08-28,PT0457194,LST0457194,AG00163,LOC0191,Single Family,1,4.5,1731,3485,2008,833000.0,2024-01-07,Pending,,,27,0.0,2,No,Yes,2024-01-07,2026-08-28
UPDATE,2026-08-28T00:00:00,2026-08-28,PT0037847,LST0037847,AG00977,LOC0120,Single Family,2,3.0,1555,1551,1976,1015800.0,2024-06-01,Pending,,,144,0.0,1,Yes,No,2024-06-01,2026-08-28
UPDATE,2026-08-28T00:00:00,2026-08-28,PT0449840,LST0449840,AG00889,LOC0165,Single Family,1,3.0,2031,1488,1986,1001700.0,2024-12-03,Active,,,85,0.0,2,No,No,2024-12-03,2026-08-28
UPDATE,2026-08-28T00:00:00,2026-08-28,PT0475494,LST0475494,AG01436,LOC0086,Townhouse,3,4.0,2139,5875,1971,303300.0,2026-02-21,Sold,278437.33,2026-08-28,188,282.0,2,Yes,No,2026-02-21,2026-08-28
UPDATE,2026-08-28T00:00:00,2026-08-28,PT0487312,LST0487312,AG01963,LOC0119,Condo,3,2.5,1742,1505,2003,372500.0,2024-03-10,Sold,386605.91,2026-08-28,901,90.0,2,No,No,2024-03-10,2026-08-28
UPDATE,2026-08-28T00:00:00,2026-08-28,PT0021925,LST0021925,AG00095,LOC0187,Single Family,6,1.0,1641,2277,1958,496500.0,2023-03-02,Pending,,,3,0.0,3,No,Yes,2023-03-02,2026-08-28
UPDATE,2026-08-28T00:00:00,2026-08-28,PT0362272,LST0362272,AG01378,LOC0014,Condo,6,2.0,1775,2220,1952,219400.0,2023-12-02,Active,,,104,66.0,3,No,No,2023-12-02,2026-08-28
UPDATE,2026-08-28T00:00:00,2026-08-28,PT0157736,LST0157736,AG01491,LOC0019,Apartment,4,1.0,812,0,2004,122300.0,2023-11-08,Pending,,,145,405.0,1,No,No,2023-11-08,2026-08-28
UPDATE,2026-08-28T00:00:00,2026-08-28,PT0407000,LST0407000,AG00005,LOC0024,Single Family,1,4.0,2090,6549,1977,702700.0,2023-08-04,Pending,,,52,0.0,2,No,No,2023-08-04,2026-08-28
UPDATE,2026-08-28T00:00:00,2026-08-28,PT0184998,LST0184998,AG00576,LOC0094,Condo,6,2.5,1016,1798,1955,113000.0,2023-08-15,Pending,,,83,435.0,0,No,No,2023-08-15,2026-08-28
UPDATE,2026-08-28T00:00:00,2026-08-28,PT0130252,LST0130252,AG01754,LOC0013,Land,0,0.0,5159,8042,2010,1066200.0,2023-10-02,Sold,1040434.68,2026-08-28,1061,0.0,0,No,No,2023-10-02,2026-08-28
UPDATE,2026-08-28T00:00:00,2026-08-28,PT0168197,LST0168197,AG00191,LOC0085,Condo,3,2.0,1686,2326,1980,218700.0,2025-06-28,Active,,,166,59.0,3,No,No,2025-06-28,2026-08-28
UPDATE,2026-08-28T00:00:00,2026-08-28,PT0105241,LST0105241,AG00019,LOC0102,Condo,2,1.0,3435,12898,2021,905100.0,2024-11-09,Pending,,,123,415.0,2,No,No,2024-11-09,2026-08-28
UPDATE,2026-08-28T00:00:00,2026-08-28,PT0154080,LST0154080,AG00993,LOC0172,Apartment,1,2.5,1493,0,1965,321800.0,2023-02-04,Sold,292765.83,2026-08-28,1301,309.0,1,Yes,No,2023-02-04,2026-08-28
UPDATE,2026-08-28T00:00:00,2026-08-28,PT0457533,LST0457533,AG02966,LOC0086,Single Family,2,2.0,1675,3589,2015,360100.0,2023-12-16,Pending,,,76,0.0,0,No,No,2023-12-16,2026-08-28
UPDATE,2026-08-28T00:00:00,2026-08-28,PT0416297,LST0416297,AG02653,LOC0245,Single Family,6,2.0,1158,1765,1946,450800.0,2025-11-09,Pending,,,127,0.0,1,Yes,No,2025-11-09,2026-08-28
UPDATE,2026-08-28T00:00:00,2026-08-28,PT0186489,LST0186489,AG00602,LOC0153,Single Family,5,2.0,1597,2355,1907,531100.0,2024-02-15,Pending,,,107,0.0,3,No,No,2024-02-15,2026-08-28
UPDATE,2026-08-28T00:00:00,2026-08-28,PT0434667,LST0434667,AG02992,LOC0016,Land,0,0.0,8270,3700,1964,2108200.0,2025-04-15,Pending,,,99,0.0,0,No,No,2025-04-15,2026-08-28
UPDATE,2026-08-28T00:00:00,2026-08-28,PT0499515,LST0499515,AG01483,LOC0149,Land,0,0.0,8641,5400,2004,2944900.0,2023-03-24,Active,,,75,0.0,0,No,No,2023-03-24,2026-08-28
UPDATE,2026-08-28T00:00:00,2026-08-28,PT0529226,LST0529226,AG02161,LOC0109,Apartment,6,4.5,793,0,1908,211000.0,2026-07-26,Sold,224415.29,2026-08-28,33,630.82,3,No,No,2026-07-26,2026-08-28
UPDATE,2026-08-28T00:00:00,2026-08-28,PT0101101,LST0101101,AG00774,LOC0007,Townhouse,6,1.5,2880,1803,1937,1320100.0,2023-06-22,Sold,1383464.53,2026-08-28,1163,658.0,2,No,No,2023-06-22,2026-08-28
UPDATE,2026-08-28T00:00:00,2026-08-28,PT0134668,LST0134668,AG02326,LOC0152,Condo,6,4.5,2719,1003,1912,576600.0,2025-08-11,Pending,,,65,397.0,1,No,No,2025-08-11,2026-08-28
UPDATE,2026-08-28T00:00:00,2026-08-28,PT0018492,LST0018492,AG02025,LOC0120,Single Family,1,2.0,986,4010,1972,357000.0,2024-11-13,Pending,,,136,0.0,3,No,No,2024-11-13,2026-08-28
UPDATE,2026-08-28T00:00:00,2026-08-28,PT0040784,LST0040784,AG02440,LOC0209,Townhouse,3,1.5,1993,7553,1991,849500.0,2024-11-02,Sold,885129.22,2026-08-28,664,757.0,2,No,No,2024-11-02,2026-08-28
UPDATE,2026-08-28T00:00:00,2026-08-28,PT0038864,LST0038864,AG01561,LOC0012,Condo,6,2.0,2088,1604,2023,769300.0,2025-02-26,Pending,,,84,800.0,1,No,No,2025-02-26,2026-08-28
UPDATE,2026-08-28T00:00:00,2026-08-28,PT0564551,LST0564551,AG01388,LOC0130,Townhouse,1,1.0,1975,1716,1986,415300.0,2026-08-26,Pending,,,0,513.34,3,Yes,No,2026-08-26,2026-08-28
UPDATE,2026-08-28T00:00:00,2026-08-28,PT0349884,LST0349884,AG00391,LOC0236,Single Family,4,4.0,1886,3359,1921,292400.0,2024-10-17,Pending,,,91,0.0,3,No,Yes,2024-10-17,2026-08-28
UPDATE,2026-08-28T00:00:00,2026-08-28,PT0427317,LST0427317,AG02292,LOC0014,Condo,5,2.5,2739,1201,1952,518300.0,2026-02-28,Active,,,152,551.0,2,No,No,2026-02-28,2026-08-28
UPDATE,2026-08-28T00:00:00,2026-08-28,PT0363264,LST0363264,AG02946,LOC0086,Single Family,4,2.5,405,4500,1911,36300.0,2023-12-30,Active,,,64,0.0,0,No,No,2023-12-30,2026-08-28
UPDATE,2026-08-28T00:00:00,2026-08-28,PT0213743,LST0213743,AG02491,LOC0204,Single Family,5,4.5,2279,1808,1908,1228000.0,2025-08-04,Pending,,,130,0.0,2,No,Yes,2025-08-04,2026-08-28
UPDATE,2026-08-28T00:00:00,2026-08-28,PT0460718,LST0460718,AG02849,LOC0170,Condo,5,1.0,1942,3615,1907,759300.0,2026-04-29,Active,,,102,752.0,1,No,No,2026-04-29,2026-08-28
UPDATE,2026-08-28T00:00:00,2026-08-28,PT0328305,LST0328305,AG01240,LOC0105,Townhouse,2,1.5,2427,1377,2023,401900.0,2023-12-09,Active,,,6,793.0,3,No,No,2023-12-09,2026-08-28
UPDATE,2026-08-28T00:00:00,2026-08-28,PT0206118,LST0206118,AG00721,LOC0001,Townhouse,3,2.5,1948,3570,1921,534000.0,2024-10-02,Active,,,129,715.0,3,No,No,2024-10-02,2026-08-28
UPDATE,2026-08-28T00:00:00,2026-08-28,PT0552870,LST0552870,AG01455,LOC0007,Multi-Family,4,2.0,540,6938,1927,138300.0,2026-08-16,Pending,,,0,0.0,1,No,Yes,2026-08-16,2026-08-28
UPDATE,2026-08-28T00:00:00,2026-08-28,PT0120501,LST0120501,AG02337,LOC0071,Condo,4,1.0,2383,8523,1994,447900.0,2023-11-13,Pending,,,102,577.0,1,No,No,2023-11-13,2026-08-28
UPDATE,2026-08-28T00:00:00,2026-08-28,PT0378180,LST0378180,AG02845,LOC0028,Condo,4,4.0,1497,2767,1941,258300.0,2023-12-27,Active,,,144,513.0,2,No,No,2023-12-27,2026-08-28
UPDATE,2026-08-28T00:00:00,2026-08-28,PT0124016,LST0124016,AG02326,LOC0012,Condo,4,4.0,2279,1993,1985,1276900.0,2024-01-14,Sold,1200557.95,2026-08-28,957,599.0,3,Yes,No,2024-01-14,2026-08-28
UPDATE,2026-08-28T00:00:00,2026-08-28,PT0397464,LST0397464,AG02334,LOC0022,Land,0,0.0,4750,2417,2021,3122100.0,2024-12-24,Sold,3016993.66,2026-08-28,612,0.0,0,No,No,2024-12-24,2026-08-28
UPDATE,2026-08-28T00:00:00,2026-08-28,PT0236614,LST0236614,AG00127,LOC0112,Condo,4,1.5,1757,1039,1905,235100.0,2025-06-25,Pending,,,174,130.0,0,No,No,2025-06-25,2026-08-28
UPDATE,2026-08-28T00:00:00,2026-08-28,PT0527288,LST0527288,AG00054,LOC0044,Multi-Family,3,1.5,1724,1230,1989,245400.0,2026-07-24,Pending,,,0,0.0,0,No,Yes,2026-07-24,2026-08-28
UPDATE,2026-08-28T00:00:00,2026-08-28,PT0520892,LST0520892,AG02838,LOC0184,Townhouse,1,1.0,664,4404,1903,192300.0,2026-07-19,Sold,171759.9,2026-08-28,40,778.48,2,No,No,2026-07-19,2026-08-28
UPDATE,2026-08-28T00:00:00,2026-08-28,PT0291982,LST0291982,AG02888,LOC0214,Single Family,1,2.5,1073,10434,1995,270500.0,2025-11-13,Sold,247309.08,2026-08-28,288,0.0,2,No,No,2025-11-13,2026-08-28
UPDATE,2026-08-28T00:00:00,2026-08-28,PT0320291,LST0320291,AG02785,LOC0176,Single Family,5,3.0,2201,2804,2009,848900.0,2026-02-12,Sold,781340.92,2026-08-28,197,0.0,0,Yes,No,2026-02-12,2026-08-28
UPDATE,2026-08-28T00:00:00,2026-08-28,PT0498719,LST0498719,AG01800,LOC0032,Multi-Family,1,1.0,2237,6106,1942,101600.0,2024-08-15,Active,,,67,0.0,1,Yes,No,2024-08-15,2026-08-28
UPDATE,2026-08-28T00:00:00,2026-08-28,PT0140470,LST0140470,AG01559,LOC0017,Condo,4,4.5,726,3098,2024,324400.0,2026-04-16,Pending,,,161,760.0,3,Yes,No,2026-04-16,2026-08-28
UPDATE,2026-08-28T00:00:00,2026-08-28,PT0511827,LST0511827,AG00459,LOC0178,Townhouse,3,1.5,2194,15026,1991,393000.0,2026-07-10,Pending,,,0,476.11,1,No,No,2026-07-10,2026-08-28
UPDATE,2026-08-28T00:00:00,2026-08-28,PT0044871,LST0044871,AG01481,LOC0177,Townhouse,5,4.5,2656,3734,1992,1125000.0,2023-04-25,Pending,,,71,531.0,1,No,No,2023-04-25,2026-08-28
UPDATE,2026-08-28T00:00:00,2026-08-28,PT0348411,LST0348411,AG02228,LOC0096,Single Family,5,2.0,3509,3667,1946,1335000.0,2025-04-23,Active,,,74,0.0,0,No,Yes,2025-04-23,2026-08-28
UPDATE,2026-08-28T00:00:00,2026-08-28,PT0443416,LST0443416,AG00092,LOC0065,Multi-Family,4,1.5,3829,2031,1967,1036200.0,2023-06-13,Pending,,,142,0.0,2,No,No,2023-06-13,2026-08-28
UPDATE,2026-08-28T00:00:00,2026-08-28,PT0115104,LST0115104,AG02274,LOC0130,Townhouse,1,1.5,1398,7525,1969,127100.0,2023-11-08,Active,,,107,534.0,2,No,No,2023-11-08,2026-08-28
UPDATE,2026-08-28T00:00:00,2026-08-28,PT0436950,LST0436950,AG02495,LOC0019,Condo,5,4.5,3116,5602,1984,251800.0,2023-02-13,Sold,260405.01,2026-08-28,1292,190.0,0,No,No,2023-02-13,2026-08-28
UPDATE,2026-08-28T00:00:00,2026-08-28,PT0442823,LST0442823,AG01621,LOC0021,Townhouse,6,4.0,1765,5764,1981,259400.0,2026-04-18,Active,,,40,756.0,1,No,No,2026-04-18,2026-08-28
UPDATE,2026-08-28T00:00:00,2026-08-28,PT0492996,LST0492996,AG01878,LOC0093,Condo,5,3.0,2039,8140,1900,403400.0,2023-12-17,Active,,,43,681.0,1,No,No,2023-12-17,2026-08-28
UPDATE,2026-08-28T00:00:00,2026-08-28,PT0216299,LST0216299,AG01535,LOC0050,Condo,5,1.5,1459,5267,1911,337200.0,2023-08-25,Active,,,167,358.0,2,No,No,2023-08-25,2026-08-28
UPDATE,2026-08-28T00:00:00,2026-08-28,PT0501278,LST0501278,AG02523,LOC0219,Single Family,1,2.0,2806,5900,1964,811700.0,2026-07-01,Pending,,,0,0.0,2,No,Yes,2026-07-01,2026-08-28
UPDATE,2026-08-28T00:00:00,2026-08-28,PT0558492,LST0558492,AG02579,LOC0194,Townhouse,2,2.5,1617,2633,1918,630800.0,2026-08-21,Pending,,,0,486.36,3,No,No,2026-08-21,2026-08-28
UPDATE,2026-08-28T00:00:00,2026-08-28,PT0171091,LST0171091,AG01972,LOC0217,Condo,5,1.0,1951,4887,1906,343200.0,2025-06-28,Pending,,,133,631.0,0,No,No,2025-06-28,2026-08-28
UPDATE,2026-08-28T00:00:00,2026-08-28,PT0274676,LST0274676,AG02317,LOC0171,Single Family,3,3.5,3721,3061,2005,1565800.0,2023-10-05,Pending,,,50,0.0,1,No,Yes,2023-10-05,2026-08-28
UPDATE,2026-08-28T00:00:00,2026-08-28,PT0411412,LST0411412,AG01663,LOC0102,Single Family,2,3.5,2596,7108,1922,347300.0,2026-01-24,Active,,,38,0.0,1,Yes,No,2026-01-24,2026-08-28
UPDATE,2026-08-28T00:00:00,2026-08-28,PT0066321,LST0066321,AG00427,LOC0017,Single Family,3,2.0,2226,9687,1920,1506700.0,2023-04-17,Pending,,,17,0.0,1,No,Yes,2023-04-17,2026-08-28
UPDATE,2026-08-28T00:00:00,2026-08-28,PT0387647,LST0387647,AG02868,LOC0164,Single Family,2,1.5,2179,2623,1957,550000.0,2023-03-23,Active,,,155,0.0,1,No,Yes,2023-03-23,2026-08-28
UPDATE,2026-08-28T00:00:00,2026-08-28,PT0439480,LST0439480,AG01724,LOC0214,Single Family,5,2.0,2963,2518,1954,1078300.0,2023-11-21,Active,,,142,0.0,3,No,Yes,2023-11-21,2026-08-28
UPDATE,2026-08-28T00:00:00,2026-08-28,PT0365595,LST0365595,AG01744,LOC0071,Single Family,4,4.0,1791,4744,2001,794100.0,2023-08-09,Pending,,,3,0.0,2,No,Yes,2023-08-09,2026-08-28
UPDATE,2026-08-28T00:00:00,2026-08-28,PT0558103,LST0558103,AG01389,LOC0086,Townhouse,5,4.0,872,1281,2020,155600.0,2026-08-21,Active,,,0,584.55,3,Yes,No,2026-08-21,2026-08-28
UPDATE,2026-08-28T00:00:00,2026-08-28,PT0535812,LST0535812,AG02321,LOC0031,Townhouse,1,4.5,2355,8232,2019,693600.0,2026-07-31,Active,,,0,344.59,0,No,No,2026-07-31,2026-08-28
UPDATE,2026-08-28T00:00:00,2026-08-28,PT0126629,LST0126629,AG00485,LOC0154,Condo,2,2.5,1134,4887,2008,217300.0,2025-07-30,Pending,,,115,410.0,0,No,No,2025-07-30,2026-08-28
UPDATE,2026-08-28T00:00:00,2026-08-28,PT0231598,LST0231598,AG00311,LOC0023,Single Family,3,3.0,733,1107,1960,195800.0,2025-01-31,Active,,,143,0.0,1,No,No,2025-01-31,2026-08-28
UPDATE,2026-08-28T00:00:00,2026-08-28,PT0292329,LST0292329,AG01667,LOC0163,Land,0,0.0,12118,1650,2014,6013900.0,2024-06-02,Sold,5925345.73,2026-08-28,817,0.0,0,No,No,2024-06-02,2026-08-28
UPDATE,2026-08-28T00:00:00,2026-08-28,PT0055286,LST0055286,AG00006,LOC0143,Single Family,1,1.0,1865,1131,1935,318000.0,2023-11-02,Pending,,,29,0.0,0,No,Yes,2023-11-02,2026-08-28
UPDATE,2026-08-28T00:00:00,2026-08-28,PT0391001,LST0391001,AG00311,LOC0239,Townhouse,4,3.5,2530,6212,2008,633200.0,2023-03-02,Active,,,161,752.0,1,No,No,2023-03-02,2026-08-28
UPDATE,2026-08-28T00:00:00,2026-08-28,PT0259869,LST0259869,AG02030,LOC0046,Single Family,4,2.0,2333,2001,1941,532200.0,2026-03-14,Active,,,26,0.0,3,No,No,2026-03-14,2026-08-28
UPDATE,2026-08-28T00:00:00,2026-08-28,PT0190962,LST0190962,AG02242,LOC0108,Townhouse,2,4.0,2350,3306,2012,636700.0,2026-02-11,Pending,,,96,185.0,2,No,No,2026-02-11,2026-08-28
UPDATE,2026-08-28T00:00:00,2026-08-28,PT0074560,LST0074560,AG02603,LOC0117,Single Family,6,3.5,300,10150,1921,138500.0,2026-01-01,Pending,,,127,0.0,2,No,No,2026-01-01,2026-08-28
UPDATE,2026-08-28T00:00:00,2026-08-28,PT0091012,LST0091012,AG01079,LOC0248,Condo,1,4.0,3356,1208,1931,1313400.0,2025-09-14,Active,,,148,436.0,0,No,No,2025-09-14,2026-08-28
UPDATE,2026-08-28T00:00:00,2026-08-28,PT0545914,LST0545914,AG02354,LOC0067,Single Family,3,1.5,2863,1534,2006,359300.0,2026-08-09,Active,,,0,0.0,0,No,Yes,2026-08-09,2026-08-28
UPDATE,2026-08-28T00:00:00,2026-08-28,PT0146598,LST0146598,AG01775,LOC0104,Apartment,3,2.5,803,0,2000,109600.0,2023-05-10,Pending,,,179,322.0,0,No,No,2023-05-10,2026-08-28
UPDATE,2026-08-28T00:00:00,2026-08-28,PT0326239,LST0326239,AG02160,LOC0111,Single Family,2,3.5,1625,3160,1946,194300.0,2023-12-24,Sold,189454.73,2026-08-28,978,0.0,0,No,Yes,2023-12-24,2026-08-28
UPDATE,2026-08-28T00:00:00,2026-08-28,PT0342070,LST0342070,AG01384,LOC0214,Multi-Family,6,1.5,3430,3141,2013,707900.0,2026-06-13,Pending,,,28,0.0,2,No,Yes,2026-06-13,2026-08-28
UPDATE,2026-08-28T00:00:00,2026-08-28,PT0553548,LST0553548,AG00195,LOC0089,Townhouse,6,2.5,1620,1623,2013,522300.0,2026-08-16,Active,,,0,628.15,2,No,No,2026-08-16,2026-08-28
UPDATE,2026-08-28T00:00:00,2026-08-28,PT0182554,LST0182554,AG00912,LOC0188,Apartment,2,2.0,1278,0,1942,202400.0,2025-02-04,Pending,,,71,430.0,2,No,No,2025-02-04,2026-08-28
UPDATE,2026-08-28T00:00:00,2026-08-28,PT0123278,LST0123278,AG01215,LOC0038,Single Family,4,4.5,1919,1842,1958,684900.0,2025-06-28,Pending,,,38,0.0,0,No,Yes,2025-06-28,2026-08-28
UPDATE,2026-08-28T00:00:00,2026-08-28,PT0162586,LST0162586,AG02363,LOC0199,Single Family,2,2.0,1761,13459,1995,632900.0,2024-01-28,Active,,,87,0.0,0,No,No,2024-01-28,2026-08-28
UPDATE,2026-08-28T00:00:00,2026-08-28,PT0115867,LST0115867,AG02711,LOC0148,Townhouse,6,4.5,2033,1375,1920,617200.0,2026-05-02,Active,,,167,490.0,3,No,No,2026-05-02,2026-08-28
UPDATE,2026-08-28T00:00:00,2026-08-28,PT0559776,LST0559776,AG01421,LOC0031,Single Family,6,4.0,2648,8492,1957,585300.0,2026-08-22,Pending,,,0,0.0,0,No,Yes,2026-08-22,2026-08-28
UPDATE,2026-08-28T00:00:00,2026-08-28,PT0065414,LST0065414,AG00180,LOC0096,Single Family,1,2.5,2270,5226,1995,774200.0,2023-02-13,Active,,,45,0.0,2,No,No,2023-02-13,2026-08-28
UPDATE,2026-08-28T00:00:00,2026-08-28,PT0310162,LST0310162,AG01640,LOC0051,Multi-Family,5,3.5,3669,1150,1912,526400.0,2026-02-06,Sold,495179.93,2026-08-28,203,0.0,2,No,No,2026-02-06,2026-08-28
UPDATE,2026-08-28T00:00:00,2026-08-28,PT0504505,LST0504505,AG02493,LOC0127,Apartment,1,3.0,662,0,1989,280600.0,2026-07-04,Pending,,,0,572.86,0,Yes,No,2026-07-04,2026-08-28
UPDATE,2026-08-28T00:00:00,2026-08-28,PT0521385,LST0521385,AG00994,LOC0209,Apartment,6,1.5,799,0,1971,253200.0,2026-07-19,Active,,,0,730.6,3,No,No,2026-07-19,2026-08-28
UPDATE,2026-08-28T00:00:00,2026-08-28,PT0365657,LST0365657,AG01302,LOC0224,Multi-Family,3,1.5,2392,3816,1981,574900.0,2025-09-14,Active,,,55,0.0,0,No,No,2025-09-14,2026-08-28
UPDATE,2026-08-28T00:00:00,2026-08-28,PT0386142,LST0386142,AG00514,LOC0048,Single Family,3,2.0,1680,3098,1981,400500.0,2025-04-23,Active,,,152,0.0,2,No,Yes,2025-04-23,2026-08-28
UPDATE,2026-08-28T00:00:00,2026-08-28,PT0192894,LST0192894,AG01490,LOC0034,Apartment,4,2.5,578,0,1962,147600.0,2024-08-17,Pending,,,3,484.0,0,No,No,2024-08-17,2026-08-28
UPDATE,2026-08-28T00:00:00,2026-08-28,PT0485581,LST0485581,AG01886,LOC0048,Townhouse,5,3.0,1566,6555,1995,750900.0,2024-07-25,Pending,,,32,156.0,1,No,No,2024-07-25,2026-08-28
UPDATE,2026-08-28T00:00:00,2026-08-28,PT0110168,LST0110168,AG00890,LOC0170,Single Family,1,3.5,1288,9452,1945,399500.0,2024-09-28,Active,,,17,0.0,0,No,No,2024-09-28,2026-08-28
UPDATE,2026-08-28T00:00:00,2026-08-28,PT0198400,LST0198400,AG00327,LOC0066,Condo,6,4.0,2341,5523,2012,380100.0,2024-11-04,Pending,,,136,651.0,0,No,No,2024-11-04,2026-08-28
UPDATE,2026-08-28T00:00:00,2026-08-28,PT0517672,LST0517672,AG01516,LOC0218,Single Family,6,4.5,2030,2890,1994,984900.0,2026-07-15,Pending,,,0,0.0,0,No,Yes,2026-07-15,2026-08-28
UPDATE,2026-08-28T00:00:00,2026-08-28,PT0255738,LST0255738,AG01615,LOC0072,Multi-Family,2,4.5,2482,5257,1957,199600.0,2026-01-24,Active,,,24,0.0,3,No,No,2026-01-24,2026-08-28
UPDATE,2026-08-28T00:00:00,2026-08-28,PT0181870,LST0181870,AG01699,LOC0048,Apartment,5,4.0,1388,0,2008,679300.0,2023-02-12,Pending,,,149,478.0,2,No,No,2023-02-12,2026-08-28
UPDATE,2026-08-28T00:00:00,2026-08-28,PT0180099,LST0180099,AG02221,LOC0198,Townhouse,1,3.0,2389,1026,1936,343400.0,2025-01-16,Active,,,122,465.0,0,No,No,2025-01-16,2026-08-28
UPDATE,2026-08-28T00:00:00,2026-08-28,PT0122249,LST0122249,AG01923,LOC0086,Single Family,2,3.0,461,1654,2022,38900.0,2023-05-30,Pending,,,103,0.0,1,No,Yes,2023-05-30,2026-08-28
UPDATE,2026-08-28T00:00:00,2026-08-28,PT0020170,LST0020170,AG02506,LOC0077,Single Family,4,3.0,2775,3450,2016,673400.0,2023-06-08,Active,,,3,0.0,3,Yes,Yes,2023-06-08,2026-08-28
UPDATE,2026-08-28T00:00:00,2026-08-28,PT0545454,LST0545454,AG01606,LOC0066,Townhouse,6,1.5,2110,7283,1937,511400.0,2026-08-09,Pending,,,0,461.52,0,No,No,2026-08-09,2026-08-28
UPDATE,2026-08-28T00:00:00,2026-08-28,PT0513070,LST0513070,AG00742,LOC0216,Single Family,1,2.5,2503,5882,1962,487900.0,2026-07-11,Active,,,0,0.0,2,No,No,2026-07-11,2026-08-28
UPDATE,2026-08-28T00:00:00,2026-08-28,PT0321805,LST0321805,AG01852,LOC0005,Condo,2,4.5,1766,4804,2015,557000.0,2025-05-12,Pending,,,62,138.0,3,No,No,2025-05-12,2026-08-28
UPDATE,2026-08-28T00:00:00,2026-08-28,PT0323090,LST0323090,AG02648,LOC0138,Condo,1,2.5,1540,4016,1907,643400.0,2026-05-05,Pending,,,27,529.0,3,Yes,No,2026-05-05,2026-08-28
UPDATE,2026-08-28T00:00:00,2026-08-28,PT0544723,LST0544723,AG00128,LOC0040,Condo,1,3.5,3058,4043,1949,1327600.0,2026-08-08,Active,,,0,366.43,2,No,No,2026-08-08,2026-08-28
UPDATE,2026-08-28T00:00:00,2026-08-28,PT0098612,LST0098612,AG02945,LOC0063,Condo,3,3.5,1269,7997,1943,440900.0,2025-05-12,Active,,,99,685.0,3,No,No,2025-05-12,2026-08-28
UPDATE,2026-08-28T00:00:00,2026-08-28,PT0181570,LST0181570,AG02561,LOC0097,Single Family,1,1.0,2037,2079,1950,466700.0,2024-02-11,Active,,,27,0.0,1,Yes,Yes,2024-02-11,2026-08-28
UPDATE,2026-08-28T00:00:00,2026-08-28,PT0490374,LST0490374,AG02965,LOC0179,Condo,5,4.0,2046,2472,1901,660500.0,2024-07-21,Sold,604270.89,2026-08-28,768,672.0,3,No,No,2024-07-21,2026-08-28
UPDATE,2026-08-28T00:00:00,2026-08-28,PT0526153,LST0526153,AG00160,LOC0222,Single Family,2,4.0,3751,8610,1914,1082400.0,2026-07-23,Pending,,,0,0.0,3,No,No,2026-07-23,2026-08-28
UPDATE,2026-08-28T00:00:00,2026-08-28,PT0077209,LST0077209,AG02013,LOC0157,Townhouse,5,4.0,1937,6320,1994,708600.0,2024-07-09,Sold,625749.44,2026-08-28,780,667.0,3,No,No,2024-07-09,2026-08-28
UPDATE,2026-08-28T00:00:00,2026-08-28,PT0439949,LST0439949,AG00378,LOC0216,Apartment,2,3.5,1032,0,2012,245600.0,2025-10-27,Pending,,,64,391.0,3,No,No,2025-10-27,2026-08-28
UPDATE,2026-08-28T00:00:00,2026-08-28,PT0214704,LST0214704,AG00656,LOC0228,Apartment,4,1.0,1185,0,1945,536900.0,2025-04-22,Active,,,121,665.0,0,No,No,2025-04-22,2026-08-28
UPDATE,2026-08-28T00:00:00,2026-08-28,PT0205871,LST0205871,AG02043,LOC0190,Apartment,4,4.5,709,0,1983,161000.0,2024-02-12,Sold,148622.36,2026-08-28,928,482.0,2,No,No,2024-02-12,2026-08-28
UPDATE,2026-08-28T00:00:00,2026-08-28,PT0056866,LST0056866,AG01941,LOC0176,Single Family,1,2.0,1583,2337,1952,442600.0,2025-04-11,Pending,,,149,0.0,1,No,No,2025-04-11,2026-08-28
UPDATE,2026-08-28T00:00:00,2026-08-28,PT0201811,LST0201811,AG00698,LOC0205,Condo,3,2.5,300,1897,2019,88100.0,2024-10-17,Pending,,,80,244.0,0,No,No,2024-10-17,2026-08-28
UPDATE,2026-08-28T00:00:00,2026-08-28,PT0450017,LST0450017,AG02805,LOC0138,Condo,2,2.0,1075,11245,1903,309300.0,2024-04-23,Sold,279317.46,2026-08-28,857,81.0,2,No,No,2024-04-23,2026-08-28
UPDATE,2026-08-28T00:00:00,2026-08-28,PT0558955,LST0558955,AG00888,LOC0065,Condo,1,4.0,2148,1661,2013,472700.0,2026-08-21,Active,,,0,781.77,0,Yes,No,2026-08-21,2026-08-28
UPDATE,2026-08-28T00:00:00,2026-08-28,PT0549877,LST0549877,AG00092,LOC0161,Single Family,6,4.5,2762,1050,1944,1376100.0,2026-08-13,Active,,,0,0.0,3,Yes,Yes,2026-08-13,2026-08-28
UPDATE,2026-08-28T00:00:00,2026-08-28,PT0536863,LST0536863,AG02352,LOC0169,Land,0,0.0,6379,1938,1986,1962000.0,2026-08-01,Pending,,,0,0.0,0,No,No,2026-08-01,2026-08-28
UPDATE,2026-08-28T00:00:00,2026-08-28,PT0444253,LST0444253,AG00136,LOC0041,Single Family,6,1.0,2369,14525,1938,800300.0,2024-09-16,Pending,,,123,0.0,0,No,No,2024-09-16,2026-08-28
UPDATE,2026-08-28T00:00:00,2026-08-28,PT0385642,LST0385642,AG02619,LOC0180,Condo,1,4.5,3082,1984,1934,448800.0,2024-08-03,Sold,425012.48,2026-08-28,755,301.0,1,No,No,2024-08-03,2026-08-28
UPDATE,2026-08-28T00:00:00,2026-08-28,PT0439095,LST0439095,AG00215,LOC0064,Condo,3,2.0,1494,1151,1914,519900.0,2023-06-28,Pending,,,1,646.0,0,No,No,2023-06-28,2026-08-28
UPDATE,2026-08-28T00:00:00,2026-08-28,PT0079433,LST0079433,AG02498,LOC0124,Multi-Family,4,3.5,3703,8216,1950,895300.0,2023-07-08,Sold,880623.41,2026-08-28,1147,0.0,1,No,Yes,2023-07-08,2026-08-28
UPDATE,2026-08-28T00:00:00,2026-08-28,PT0553803,LST0553803,AG01229,LOC0216,Single Family,5,1.0,2186,5615,1969,552200.0,2026-08-17,Active,,,0,0.0,0,No,No,2026-08-17,2026-08-28
UPDATE,2026-08-28T00:00:00,2026-08-28,PT0530167,LST0530167,AG01670,LOC0079,Condo,6,3.5,305,2685,2018,135600.0,2026-07-27,Active,,,0,333.33,0,No,No,2026-07-27,2026-08-28
UPDATE,2026-08-28T00:00:00,2026-08-28,PT0100390,LST0100390,AG01909,LOC0045,Single Family,6,1.0,2931,12351,1937,1084200.0,2024-12-22,Pending,,,176,0.0,3,No,No,2024-12-22,2026-08-28
UPDATE,2026-08-28T00:00:00,2026-08-28,PT0516033,LST0516033,AG00055,LOC0198,Apartment,3,4.0,1630,0,1927,349600.0,2026-07-14,Pending,,,0,93.25,3,Yes,No,2026-07-14,2026-08-28
UPDATE,2026-08-28T00:00:00,2026-08-28,PT0249964,LST0249964,AG00787,LOC0167,Condo,5,4.5,1702,4703,1995,270000.0,2023-08-12,Pending,,,134,142.0,3,No,No,2023-08-12,2026-08-28
UPDATE,2026-08-28T00:00:00,2026-08-28,PT0257522,LST0257522,AG02264,LOC0231,Condo,5,4.5,874,9330,1941,143900.0,2025-02-22,Pending,,,133,120.0,1,No,No,2025-02-22,2026-08-28
UPDATE,2026-08-28T00:00:00,2026-08-28,PT0500173,LST0500173,AG01331,LOC0039,Single Family,6,1.0,2185,6696,1996,647400.0,2026-07-01,Pending,,,0,0.0,2,No,Yes,2026-07-01,2026-08-28
UPDATE,2026-08-28T00:00:00,2026-08-28,PT0066627,LST0066627,AG00027,LOC0124,Townhouse,1,2.5,1511,1339,1933,615100.0,2024-04-29,Active,,,154,596.0,2,No,No,2024-04-29,2026-08-28
UPDATE,2026-08-28T00:00:00,2026-08-28,PT0495979,LST0495979,AG01967,LOC0193,Townhouse,6,3.0,1332,2130,1943,541600.0,2026-03-17,Active,,,96,687.0,1,No,No,2026-03-17,2026-08-28
UPDATE,2026-08-28T00:00:00,2026-08-28,PT0307147,LST0307147,AG02275,LOC0192,Townhouse,4,2.5,2336,5750,1902,828300.0,2026-04-26,Sold,796077.98,2026-08-28,124,753.0,3,No,No,2026-04-26,2026-08-28
UPDATE,2026-08-28T00:00:00,2026-08-28,PT0440382,LST0440382,AG01495,LOC0040,Single Family,1,3.5,794,5443,2022,272700.0,2026-06-25,Pending,,,5,0.0,3,No,Yes,2026-06-25,2026-08-28
UPDATE,2026-08-28T00:00:00,2026-08-28,PT0018231,LST0018231,AG02782,LOC0006,Single Family,3,2.5,2511,1079,1959,563500.0,2025-01-24,Active,,,163,0.0,2,No,No,2025-01-24,2026-08-28
UPDATE,2026-08-28T00:00:00,2026-08-28,PT0562360,LST0562360,AG00497,LOC0083,Townhouse,5,2.0,1805,15774,1902,347100.0,2026-08-24,Active,,,0,130.92,3,No,No,2026-08-24,2026-08-28
UPDATE,2026-08-28T00:00:00,2026-08-28,PT0515537,LST0515537,AG00338,LOC0010,Apartment,6,3.5,893,0,1959,308500.0,2026-07-13,Sold,303418.28,2026-08-28,46,743.5,0,No,No,2026-07-13,2026-08-28
UPDATE,2026-08-28T00:00:00,2026-08-28,PT0364705,LST0364705,AG01491,LOC0036,Multi-Family,4,4.0,5733,1097,2007,2828900.0,2023-10-20,Active,,,109,0.0,2,No,No,2023-10-20,2026-08-28
UPDATE,2026-08-28T00:00:00,2026-08-28,PT0562413,LST0562413,AG00686,LOC0027,Apartment,1,3.5,369,0,1992,81900.0,2026-08-24,Sold,74371.8,2026-08-28,4,382.12,1,No,No,2026-08-24,2026-08-28
UPDATE,2026-08-28T00:00:00,2026-08-28,PT0218476,LST0218476,AG01219,LOC0198,Single Family,5,2.5,2391,15468,1991,408800.0,2023-06-02,Pending,,,175,0.0,1,No,Yes,2023-06-02,2026-08-28
UPDATE,2026-08-28T00:00:00,2026-08-28,PT0509812,LST0509812,AG01653,LOC0005,Single Family,2,3.0,1556,2229,1959,513100.0,2026-07-08,Sold,541115.04,2026-08-28,51,0.0,3,No,Yes,2026-07-08,2026-08-28
UPDATE,2026-08-28T00:00:00,2026-08-28,PT0513374,LST0513374,AG02810,LOC0186,Single Family,4,3.0,2257,11353,1989,906100.0,2026-07-12,Sold,893328.1,2026-08-28,47,0.0,2,No,No,2026-07-12,2026-08-28
UPDATE,2026-08-28T00:00:00,2026-08-28,PT0533492,LST0533492,AG02373,LOC0239,Single Family,4,2.5,3234,2541,2021,744500.0,2026-07-29,Active,,,0,0.0,1,No,Yes,2026-07-29,2026-08-28
UPDATE,2026-08-28T00:00:00,2026-08-28,PT0017654,LST0017654,AG01290,LOC0223,Single Family,3,1.0,823,9822,1985,376900.0,2025-07-08,Pending,,,107,0.0,1,No,No,2025-07-08,2026-08-28
UPDATE,2026-08-28T00:00:00,2026-08-28,PT0431084,LST0431084,AG02255,LOC0235,Single Family,3,2.0,2178,7455,1928,1077800.0,2023-11-22,Active,,,67,0.0,1,No,No,2023-11-22,2026-08-28
UPDATE,2026-08-28T00:00:00,2026-08-28,PT0179726,LST0179726,AG01038,LOC0231,Townhouse,5,2.5,1273,1734,2013,227100.0,2024-05-04,Pending,,,121,402.0,3,No,No,2024-05-04,2026-08-28
UPDATE,2026-08-28T00:00:00,2026-08-28,PT0050433,LST0050433,AG00156,LOC0148,Single Family,1,3.0,2420,6965,1992,665200.0,2026-02-18,Pending,,,64,0.0,3,No,Yes,2026-02-18,2026-08-28
UPDATE,2026-08-28T00:00:00,2026-08-28,PT0271092,LST0271092,AG01181,LOC0200,Single Family,2,1.5,1828,4469,1914,753900.0,2025-07-10,Active,,,23,0.0,0,Yes,No,2025-07-10,2026-08-28
UPDATE,2026-08-28T00:00:00,2026-08-28,PT0507987,LST0507987,AG02328,LOC0058,Single Family,2,4.0,2100,12352,1952,914100.0,2026-07-07,Sold,816192.22,2026-08-28,52,0.0,1,No,Yes,2026-07-07,2026-08-28
UPDATE,2026-08-28T00:00:00,2026-08-28,PT0377785,LST0377785,AG02411,LOC0181,Condo,5,4.0,1751,1225,1941,560300.0,2025-05-11,Pending,,,15,270.0,2,Yes,No,2025-05-11,2026-08-28
UPDATE,2026-08-28T00:00:00,2026-08-28,PT0328555,LST0328555,AG01800,LOC0225,Condo,4,4.0,1015,9326,1937,701400.0,2024-12-07,Active,,,81,319.0,0,Yes,No,2024-12-07,2026-08-28
UPDATE,2026-08-28T00:00:00,2026-08-28,PT0378306,LST0378306,AG01830,LOC0033,Single Family,3,2.0,2248,19796,1901,429400.0,2024-01-18,Pending,,,46,0.0,2,No,Yes,2024-01-18,2026-08-28
UPDATE,2026-08-28T00:00:00,2026-08-28,PT0097320,LST0097320,AG01204,LOC0132,Multi-Family,3,3.5,3989,3340,1951,958500.0,2024-11-16,Sold,897331.19,2026-08-28,650,0.0,1,No,No,2024-11-16,2026-08-28
UPDATE,2026-08-28T00:00:00,2026-08-28,PT0546772,LST0546772,AG01550,LOC0242,Single Family,1,2.0,1039,2631,2010,196700.0,2026-08-10,Sold,176188.68,2026-08-28,18,0.0,0,Yes,Yes,2026-08-10,2026-08-28
UPDATE,2026-08-28T00:00:00,2026-08-28,PT0311326,LST0311326,AG01010,LOC0143,Land,0,0.0,5648,13427,2021,815000.0,2024-04-03,Pending,,,84,0.0,0,No,No,2024-04-03,2026-08-28
UPDATE,2026-08-28T00:00:00,2026-08-28,PT0271847,LST0271847,AG01675,LOC0240,Single Family,4,2.5,905,9144,1988,166500.0,2026-06-04,Pending,,,23,0.0,3,No,Yes,2026-06-04,2026-08-28
UPDATE,2026-08-28T00:00:00,2026-08-28,PT0255190,LST0255190,AG02874,LOC0156,Single Family,2,3.5,1362,3051,1922,446300.0,2025-01-11,Pending,,,40,0.0,3,No,Yes,2025-01-11,2026-08-28
UPDATE,2026-08-28T00:00:00,2026-08-28,PT0111633,LST0111633,AG00248,LOC0089,Single Family,5,2.5,1973,1492,1934,803400.0,2025-02-02,Pending,,,93,0.0,3,No,Yes,2025-02-02,2026-08-28
UPDATE,2026-08-28T00:00:00,2026-08-28,PT0542652,LST0542652,AG00784,LOC0111,Multi-Family,3,4.5,3239,13206,1926,202800.0,2026-08-06,Active,,,0,0.0,1,No,No,2026-08-06,2026-08-28
UPDATE,2026-08-28T00:00:00,2026-08-28,PT0384602,LST0384602,AG01914,LOC0029,Single Family,2,1.0,1975,11332,1984,671300.0,2025-04-28,Active,,,65,0.0,3,No,No,2025-04-28,2026-08-28
UPDATE,2026-08-28T00:00:00,2026-08-28,PT0346087,LST0346087,AG02012,LOC0029,Condo,3,3.0,1562,1477,1942,369900.0,2024-10-26,Pending,,,122,264.0,1,No,No,2024-10-26,2026-08-28
UPDATE,2026-08-28T00:00:00,2026-08-28,PT0154406,LST0154406,AG00949,LOC0207,Apartment,1,2.5,1073,0,1997,192600.0,2026-01-02,Pending,,,91,730.0,2,Yes,No,2026-01-02,2026-08-28
UPDATE,2026-08-28T00:00:00,2026-08-28,PT0340519,LST0340519,AG02446,LOC0194,Single Family,1,4.0,1847,3384,1984,496800.0,2023-08-03,Pending,,,61,0.0,2,No,Yes,2023-08-03,2026-08-28
UPDATE,2026-08-28T00:00:00,2026-08-28,PT0153429,LST0153429,AG02530,LOC0129,Multi-Family,3,4.0,3691,9704,1952,2140600.0,2023-05-05,Pending,,,61,0.0,1,No,No,2023-05-05,2026-08-28
UPDATE,2026-08-28T00:00:00,2026-08-28,PT0204552,LST0204552,AG01285,LOC0134,Townhouse,2,1.0,1609,1660,1974,225400.0,2025-07-22,Active,,,148,465.0,3,No,No,2025-07-22,2026-08-28
UPDATE,2026-08-28T00:00:00,2026-08-28,PT0186833,LST0186833,AG00233,LOC0098,Multi-Family,6,4.5,3036,8669,1943,697700.0,2025-12-24,Active,,,137,0.0,3,No,No,2025-12-24,2026-08-28
UPDATE,2026-08-28T00:00:00,2026-08-28,PT0565556,LST0565556,AG01110,LOC0125,Single Family,3,3.5,1845,1152,1972,450100.0,2026-08-27,Sold,453320.38,2026-08-28,1,0.0,3,No,Yes,2026-08-27,2026-08-28
UPDATE,2026-08-28T00:00:00,2026-08-28,PT0514785,LST0514785,AG02654,LOC0207,Single Family,1,2.0,1333,16853,2025,300500.0,2026-07-13,Pending,,,0,0.0,0,No,Yes,2026-07-13,2026-08-28
UPDATE,2026-08-28T00:00:00,2026-08-28,PT0522213,LST0522213,AG00009,LOC0098,Condo,2,4.0,742,5683,1942,242900.0,2026-07-20,Active,,,0,694.42,0,Yes,No,2026-07-20,2026-08-28
UPDATE,2026-08-28T00:00:00,2026-08-28,PT0364228,LST0364228,AG01880,LOC0227,Single Family,3,2.5,2317,6064,1976,510200.0,2024-05-24,Sold,473708.07,2026-08-28,826,0.0,0,Yes,No,2024-05-24,2026-08-28
UPDATE,2026-08-28T00:00:00,2026-08-28,PT0230870,LST0230870,AG00406,LOC0019,Single Family,5,3.5,2774,4019,2010,288600.0,2024-02-26,Pending,,,81,0.0,3,No,Yes,2024-02-26,2026-08-28
UPDATE,2026-08-28T00:00:00,2026-08-28,PT0148801,LST0148801,AG00819,LOC0042,Single Family,2,1.0,504,1981,1915,39600.0,2023-07-18,Pending,,,9,0.0,2,No,Yes,2023-07-18,2026-08-28
UPDATE,2026-08-28T00:00:00,2026-08-28,PT0565845,LST0565845,AG00226,LOC0196,Townhouse,2,4.0,779,3970,1931,268900.0,2026-08-27,Active,,,0,594.45,2,No,No,2026-08-27,2026-08-28
UPDATE,2026-08-28T00:00:00,2026-08-28,PT0417480,LST0417480,AG01665,LOC0111,Multi-Family,5,3.5,3315,2415,1952,487600.0,2026-01-13,Pending,,,171,0.0,2,No,No,2026-01-13,2026-08-28
UPDATE,2026-08-28T00:00:00,2026-08-28,PT0269541,LST0269541,AG00113,LOC0014,Single Family,3,1.5,2669,6120,1978,884700.0,2024-11-29,Pending,,,170,0.0,1,No,No,2024-11-29,2026-08-28
UPDATE,2026-08-28T00:00:00,2026-08-28,PT0261607,LST0261607,AG01394,LOC0166,Single Family,6,2.0,1909,1612,1913,496900.0,2025-02-01,Active,,,132,0.0,0,No,No,2025-02-01,2026-08-28
UPDATE,2026-08-28T00:00:00,2026-08-28,PT0197578,LST0197578,AG00965,LOC0010,Single Family,2,4.0,2898,1651,1984,1442600.0,2023-07-02,Sold,1286853.25,2026-08-28,1153,0.0,1,No,No,2023-07-02,2026-08-28
UPDATE,2026-08-28T00:00:00,2026-08-28,PT0271569,LST0271569,AG00623,LOC0249,Land,0,0.0,4704,1487,1984,3212100.0,2023-07-19,Pending,,,155,0.0,0,No,No,2023-07-19,2026-08-28
UPDATE,2026-08-28T00:00:00,2026-08-28,PT0496787,LST0496787,AG00428,LOC0121,Single Family,2,1.5,2207,2893,1976,534000.0,2024-09-04,Pending,,,101,0.0,3,No,Yes,2024-09-04,2026-08-28
UPDATE,2026-08-28T00:00:00,2026-08-28,PT0200289,LST0200289,AG01446,LOC0210,Condo,5,1.0,2112,1449,1941,495400.0,2024-12-20,Pending,,,32,105.0,1,No,No,2024-12-20,2026-08-28
UPDATE,2026-08-28T00:00:00,2026-08-28,PT0003613,LST0003613,AG01095,LOC0039,Single Family,3,3.5,1982,1022,2015,525200.0,2026-06-27,Active,,,138,0.0,0,No,No,2026-06-27,2026-08-28
UPDATE,2026-08-28T00:00:00,2026-08-28,PT0319629,LST0319629,AG01088,LOC0008,Single Family,5,2.0,2117,3122,2000,242300.0,2025-04-20,Sold,233557.54,2026-08-28,495,0.0,3,No,No,2025-04-20,2026-08-28
UPDATE,2026-08-28T00:00:00,2026-08-28,PT0548431,LST0548431,AG00881,LOC0190,Townhouse,4,2.0,1369,5098,1983,406900.0,2026-08-12,Active,,,0,123.02,3,No,No,2026-08-12,2026-08-28
UPDATE,2026-08-28T00:00:00,2026-08-28,PT0103060,LST0103060,AG01038,LOC0022,Single Family,3,3.5,1837,17779,1957,777600.0,2024-07-05,Active,,,54,0.0,3,No,Yes,2024-07-05,2026-08-28
UPDATE,2026-08-28T00:00:00,2026-08-28,PT0411824,LST0411824,AG00639,LOC0145,Single Family,1,4.5,2688,11773,1985,621400.0,2025-11-15,Pending,,,6,0.0,3,No,No,2025-11-15,2026-08-28
UPDATE,2026-08-28T00:00:00,2026-08-28,PT0550796,LST0550796,AG00919,LOC0075,Single Family,6,4.5,1545,5160,2021,396300.0,2026-08-14,Sold,379452.77,2026-08-28,14,0.0,2,No,No,2026-08-14,2026-08-28
UPDATE,2026-08-28T00:00:00,2026-08-28,PT0364943,LST0364943,AG02050,LOC0054,Townhouse,6,4.5,1639,10449,1956,430700.0,2026-01-02,Sold,422933.81,2026-08-28,238,660.0,2,No,No,2026-01-02,2026-08-28
UPDATE,2026-08-28T00:00:00,2026-08-28,PT0536492,LST0536492,AG02335,LOC0016,Single Family,4,3.0,1608,1375,1990,459300.0,2026-08-01,Active,,,0,0.0,0,No,No,2026-08-01,2026-08-28
UPDATE,2026-08-28T00:00:00,2026-08-28,PT0529731,LST0529731,AG00380,LOC0135,Condo,1,1.5,3083,8429,1941,1240800.0,2026-07-26,Active,,,0,377.69,2,Yes,No,2026-07-26,2026-08-28
UPDATE,2026-08-28T00:00:00,2026-08-28,PT0111357,LST0111357,AG01318,LOC0086,Townhouse,4,2.5,461,9688,1982,56700.0,2025-04-25,Pending,,,120,554.0,3,No,No,2025-04-25,2026-08-28
UPDATE,2026-08-28T00:00:00,2026-08-28,PT0115000,LST0115000,AG01240,LOC0021,Townhouse,6,4.5,2363,2650,1903,457900.0,2024-09-28,Sold,461652.72,2026-08-28,699,372.0,2,No,No,2024-09-28,2026-08-28
UPDATE,2026-08-28T00:00:00,2026-08-28,PT0543347,LST0543347,AG02550,LOC0241,Single Family,1,1.0,2605,1444,2001,393200.0,2026-08-07,Active,,,0,0.0,2,No,No,2026-08-07,2026-08-28
UPDATE,2026-08-28T00:00:00,2026-08-28,PT0105357,LST0105357,AG02670,LOC0201,Single Family,5,4.5,2160,2071,1952,259000.0,2026-06-21,Active,,,73,0.0,3,No,Yes,2026-06-21,2026-08-28
UPDATE,2026-08-28T00:00:00,2026-08-28,PT0468106,LST0468106,AG01746,LOC0065,Condo,3,1.5,3807,6152,1974,330800.0,2025-01-16,Sold,313750.6,2026-08-28,589,414.0,0,No,No,2025-01-16,2026-08-28
UPDATE,2026-08-28T00:00:00,2026-08-28,PT0160267,LST0160267,AG01986,LOC0132,Condo,4,3.0,2504,5167,1945,608300.0,2023-03-08,Active,,,149,528.0,2,No,No,2023-03-08,2026-08-28
UPDATE,2026-08-28T00:00:00,2026-08-28,PT0128767,LST0128767,AG01556,LOC0168,Townhouse,3,4.0,1956,4207,1953,1088900.0,2024-08-16,Pending,,,111,533.0,0,Yes,No,2024-08-16,2026-08-28
UPDATE,2026-08-28T00:00:00,2026-08-28,PT0000720,LST0000720,AG02841,LOC0026,Single Family,3,2.0,1521,2393,1996,395000.0,2024-07-01,Pending,,,9,0.0,3,Yes,Yes,2024-07-01,2026-08-28
UPDATE,2026-08-28T00:00:00,2026-08-28,PT0553953,LST0553953,AG00809,LOC0094,Townhouse,6,4.0,2130,1625,2005,220600.0,2026-08-17,Sold,207374.77,2026-08-28,11,177.97,1,Yes,No,2026-08-17,2026-08-28
UPDATE,2026-08-28T00:00:00,2026-08-28,PT0268900,LST0268900,AG00831,LOC0057,Townhouse,3,2.0,1998,10926,2019,699300.0,2023-11-20,Active,,,51,564.0,2,Yes,No,2023-11-20,2026-08-28
UPDATE,2026-08-28T00:00:00,2026-08-28,PT0151097,LST0151097,AG00159,LOC0215,Condo,6,2.5,1752,1057,2002,560200.0,2023-06-10,Active,,,165,434.0,2,Yes,No,2023-06-10,2026-08-28
UPDATE,2026-08-28T00:00:00,2026-08-28,PT0189597,LST0189597,AG00983,LOC0013,Apartment,1,4.0,662,0,1978,168800.0,2024-11-23,Pending,,,150,261.0,2,No,No,2024-11-23,2026-08-28
UPDATE,2026-08-28T00:00:00,2026-08-28,PT0338692,LST0338692,AG00792,LOC0100,Single Family,2,1.0,2671,3380,1974,309700.0,2025-11-12,Pending,,,50,0.0,2,No,Yes,2025-11-12,2026-08-28
UPDATE,2026-08-28T00:00:00,2026-08-28,PT0526162,LST0526162,AG00310,LOC0093,Single Family,6,4.5,1161,2180,1977,156800.0,2026-07-23,Pending,,,0,0.0,3,No,Yes,2026-07-23,2026-08-28
UPDATE,2026-08-28T00:00:00,2026-08-28,PT0316636,LST0316636,AG00781,LOC0215,Multi-Family,2,2.5,4536,2443,1914,2320500.0,2025-02-19,Pending,,,66,0.0,0,No,Yes,2025-02-19,2026-08-28
UPDATE,2026-08-28T00:00:00,2026-08-28,PT0391742,LST0391742,AG01844,LOC0019,Townhouse,5,1.5,2095,5249,1936,303100.0,2024-09-26,Pending,,,73,742.0,3,No,No,2024-09-26,2026-08-28
UPDATE,2026-08-28T00:00:00,2026-08-28,PT0520864,LST0520864,AG02270,LOC0016,Single Family,4,3.0,1554,2088,1987,291100.0,2026-07-19,Sold,309822.06,2026-08-28,40,0.0,0,No,No,2026-07-19,2026-08-28
UPDATE,2026-08-28T00:00:00,2026-08-28,PT0204508,LST0204508,AG02562,LOC0214,Townhouse,3,4.0,2186,11640,2022,449300.0,2024-09-11,Sold,406368.23,2026-08-28,716,520.0,3,No,No,2024-09-11,2026-08-28
UPDATE,2026-08-28T00:00:00,2026-08-28,PT0259570,LST0259570,AG00940,LOC0148,Condo,3,3.0,1994,1388,1917,583600.0,2025-07-03,Pending,,,25,504.0,0,No,No,2025-07-03,2026-08-28
UPDATE,2026-08-28T00:00:00,2026-08-28,PT0016856,LST0016856,AG02025,LOC0040,Apartment,2,3.0,180,0,1958,156700.0,2024-09-17,Active,,,7,654.0,3,No,No,2024-09-17,2026-08-28
UPDATE,2026-08-28T00:00:00,2026-08-28,PT0281642,LST0281642,AG00058,LOC0183,Condo,5,1.5,2216,2235,1930,627300.0,2025-07-16,Sold,582536.18,2026-08-28,408,552.0,3,No,No,2025-07-16,2026-08-28
UPDATE,2026-08-28T00:00:00,2026-08-28,PT0110531,LST0110531,AG01521,LOC0072,Apartment,2,4.0,1275,0,1919,180800.0,2025-11-29,Pending,,,55,434.0,3,No,No,2025-11-29,2026-08-28
UPDATE,2026-08-28T00:00:00,2026-08-28,PT0317839,LST0317839,AG01989,LOC0041,Townhouse,3,3.5,978,2751,1908,217700.0,2023-03-06,Active,,,124,148.0,1,No,No,2023-03-06,2026-08-28
UPDATE,2026-08-28T00:00:00,2026-08-28,PT0051890,LST0051890,AG00388,LOC0150,Single Family,4,3.0,1920,4627,2007,864800.0,2023-11-24,Active,,,83,0.0,1,No,Yes,2023-11-24,2026-08-28
UPDATE,2026-08-28T00:00:00,2026-08-28,PT0548396,LST0548396,AG00820,LOC0185,Townhouse,2,1.5,2657,4234,1926,460300.0,2026-08-12,Pending,,,0,98.04,2,No,No,2026-08-12,2026-08-28
UPDATE,2026-08-28T00:00:00,2026-08-28,PT0066798,LST0066798,AG01722,LOC0003,Townhouse,3,2.5,1101,2687,1990,108900.0,2025-09-28,Sold,103206.9,2026-08-28,334,159.0,0,No,No,2025-09-28,2026-08-28
UPDATE,2026-08-28T00:00:00,2026-08-28,PT0337344,LST0337344,AG01683,LOC0132,Multi-Family,3,4.5,4999,3207,2019,805100.0,2026-01-05,Pending,,,57,0.0,3,No,Yes,2026-01-05,2026-08-28
UPDATE,2026-08-28T00:00:00,2026-08-28,PT0082132,LST0082132,AG01441,LOC0046,Multi-Family,6,2.5,2101,2395,1967,382700.0,2026-02-07,Active,,,85,0.0,1,No,Yes,2026-02-07,2026-08-28
UPDATE,2026-08-28T00:00:00,2026-08-28,PT0506965,LST0506965,AG02586,LOC0158,Condo,6,4.5,1305,3249,1914,649100.0,2026-07-06,Active,,,0,690.88,3,No,No,2026-07-06,2026-08-28
UPDATE,2026-08-28T00:00:00,2026-08-28,PT0451955,LST0451955,AG02493,LOC0003,Apartment,2,1.5,1053,0,2021,219400.0,2023-07-09,Pending,,,11,433.0,3,No,No,2023-07-09,2026-08-28
UPDATE,2026-08-28T00:00:00,2026-08-28,PT0000211,LST0000211,AG01651,LOC0192,Single Family,4,4.5,2119,1975,2000,604400.0,2024-02-01,Sold,626167.55,2026-08-28,939,0.0,3,No,No,2024-02-01,2026-08-28
UPDATE,2026-08-28T00:00:00,2026-08-28,PT0255582,LST0255582,AG01848,LOC0023,Single Family,6,2.5,1829,1853,1908,471300.0,2023-03-14,Active,,,118,0.0,2,Yes,Yes,2023-03-14,2026-08-28
UPDATE,2026-08-28T00:00:00,2026-08-28,PT0511704,LST0511704,AG02207,LOC0241,Single Family,1,2.0,1330,4483,1903,98800.0,2026-07-10,Pending,,,0,0.0,2,No,Yes,2026-07-10,2026-08-28
UPDATE,2026-08-28T00:00:00,2026-08-28,PT0421485,LST0421485,AG00814,LOC0112,Townhouse,4,3.0,956,7182,1934,132700.0,2025-07-13,Pending,,,97,603.0,3,Yes,No,2025-07-13,2026-08-28
UPDATE,2026-08-28T00:00:00,2026-08-28,PT0504305,LST0504305,AG02028,LOC0091,Multi-Family,4,4.0,3575,1774,1968,588200.0,2026-07-04,Pending,,,0,0.0,3,No,No,2026-07-04,2026-08-28
UPDATE,2026-08-28T00:00:00,2026-08-28,PT0127414,LST0127414,AG01635,LOC0157,Townhouse,4,2.0,3272,1520,1970,425800.0,2023-06-02,Sold,372874.01,2026-08-28,1183,94.0,1,No,No,2023-06-02,2026-08-28
UPDATE,2026-08-28T00:00:00,2026-08-28,PT0447353,LST0447353,AG02693,LOC0055,Townhouse,1,4.5,2594,5222,2021,369200.0,2023-10-09,Active,,,8,358.0,0,No,No,2023-10-09,2026-08-28
UPDATE,2026-08-28T00:00:00,2026-08-28,PT0417180,LST0417180,AG02750,LOC0238,Townhouse,6,4.0,2540,2251,1969,700400.0,2025-08-03,Pending,,,19,694.0,0,No,No,2025-08-03,2026-08-28
UPDATE,2026-08-28T00:00:00,2026-08-28,PT0432711,LST0432711,AG02746,LOC0031,Condo,2,4.0,2619,13450,2016,1348000.0,2024-07-08,Pending,,,131,453.0,1,Yes,No,2024-07-08,2026-08-28
UPDATE,2026-08-28T00:00:00,2026-08-28,PT0257409,LST0257409,AG02738,LOC0034,Condo,6,4.0,2051,1674,1900,608600.0,2025-02-14,Sold,607839.73,2026-08-28,560,91.0,3,No,No,2025-02-14,2026-08-28
UPDATE,2026-08-28T00:00:00,2026-08-28,PT0272742,LST0272742,AG02196,LOC0233,Condo,4,3.5,1958,1080,1944,400900.0,2023-12-13,Pending,,,138,267.0,1,No,No,2023-12-13,2026-08-28
UPDATE,2026-08-28T00:00:00,2026-08-28,PT0352951,LST0352951,AG00623,LOC0107,Single Family,6,3.5,1422,3316,1940,558500.0,2026-01-26,Pending,,,174,0.0,1,No,No,2026-01-26,2026-08-28
UPDATE,2026-08-28T00:00:00,2026-08-28,PT0093791,LST0093791,AG02282,LOC0219,Single Family,6,2.5,2389,3804,1970,1385200.0,2024-06-22,Pending,,,115,0.0,1,No,No,2024-06-22,2026-08-28
UPDATE,2026-08-28T00:00:00,2026-08-28,PT0545045,LST0545045,AG02296,LOC0225,Apartment,2,2.5,1257,0,1986,448800.0,2026-08-08,Active,,,0,540.0,0,No,No,2026-08-08,2026-08-28
UPDATE,2026-08-28T00:00:00,2026-08-28,PT0137556,LST0137556,AG01015,LOC0244,Single Family,3,3.5,967,1993,1996,242100.0,2023-08-03,Active,,,123,0.0,1,No,Yes,2023-08-03,2026-08-28
UPDATE,2026-08-28T00:00:00,2026-08-28,PT0225342,LST0225342,AG01876,LOC0004,Single Family,2,3.5,1757,9369,1913,227600.0,2024-08-24,Active,,,96,0.0,0,No,Yes,2024-08-24,2026-08-28
UPDATE,2026-08-28T00:00:00,2026-08-28,PT0533169,LST0533169,AG01954,LOC0222,Condo,3,4.5,2146,5994,2010,399100.0,2026-07-29,Active,,,0,616.61,0,No,No,2026-07-29,2026-08-28
UPDATE,2026-08-28T00:00:00,2026-08-28,PT0289881,LST0289881,AG00492,LOC0084,Land,0,0.0,5035,2515,1955,1366100.0,2025-03-05,Active,,,73,0.0,0,No,No,2025-03-05,2026-08-28
UPDATE,2026-08-28T00:00:00,2026-08-28,PT0430713,LST0430713,AG02293,LOC0118,Apartment,3,2.0,1577,0,1995,404000.0,2025-10-05,Pending,,,29,250.0,3,No,No,2025-10-05,2026-08-28
UPDATE,2026-08-28T00:00:00,2026-08-28,PT0453663,LST0453663,AG01612,LOC0124,Single Family,2,1.0,1137,2665,2006,441700.0,2023-07-05,Pending,,,68,0.0,2,Yes,No,2023-07-05,2026-08-28
UPDATE,2026-08-28T00:00:00,2026-08-28,PT0327278,LST0327278,AG00926,LOC0133,Single Family,1,1.0,999,2309,2014,223300.0,2025-04-15,Pending,,,51,0.0,2,Yes,No,2025-04-15,2026-08-28
UPDATE,2026-08-28T00:00:00,2026-08-28,PT0326330,LST0326330,AG01699,LOC0176,Single Family,1,4.0,1480,3678,1944,420000.0,2024-12-30,Active,,,13,0.0,2,No,Yes,2024-12-30,2026-08-28
UPDATE,2026-08-28T00:00:00,2026-08-28,PT0537974,LST0537974,AG00868,LOC0165,Apartment,1,3.5,1026,0,1966,513800.0,2026-08-02,Active,,,0,167.3,1,No,No,2026-08-02,2026-08-28
UPDATE,2026-08-28T00:00:00,2026-08-28,PT0562756,LST0562756,AG02206,LOC0081,Condo,6,2.5,2228,7116,1966,970600.0,2026-08-24,Sold,934681.44,2026-08-28,4,64.87,2,No,No,2026-08-24,2026-08-28
UPDATE,2026-08-28T00:00:00,2026-08-28,PT0115780,LST0115780,AG02823,LOC0172,Single Family,2,3.5,1522,2460,1982,306300.0,2025-01-31,Active,,,6,0.0,2,Yes,No,2025-01-31,2026-08-28
UPDATE,2026-08-28T00:00:00,2026-08-28,PT0081629,LST0081629,AG00355,LOC0046,Land,0,0.0,7910,3263,1918,2581200.0,2023-10-21,Pending,,,97,0.0,0,No,No,2023-10-21,2026-08-28
UPDATE,2026-08-28T00:00:00,2026-08-28,PT0554099,LST0554099,AG00106,LOC0144,Condo,3,4.0,2719,7025,1988,276100.0,2026-08-17,Active,,,0,480.91,2,Yes,No,2026-08-17,2026-08-28
UPDATE,2026-08-28T00:00:00,2026-08-28,PT0291002,LST0291002,AG02422,LOC0204,Multi-Family,2,2.0,3562,4697,1990,2415100.0,2025-07-27,Sold,2419063.31,2026-08-28,397,0.0,1,No,No,2025-07-27,2026-08-28
UPDATE,2026-08-28T00:00:00,2026-08-28,PT0387246,LST0387246,AG02286,LOC0030,Single Family,4,3.0,2266,3710,1930,599100.0,2024-07-12,Sold,606141.42,2026-08-28,777,0.0,3,No,No,2024-07-12,2026-08-28
UPDATE,2026-08-28T00:00:00,2026-08-28,PT0006958,LST0006958,AG01925,LOC0205,Single Family,2,1.5,2438,10732,1901,831600.0,2024-11-02,Pending,,,136,0.0,2,Yes,No,2024-11-02,2026-08-28
UPDATE,2026-08-28T00:00:00,2026-08-28,PT0535347,LST0535347,AG02820,LOC0082,Townhouse,3,3.0,1332,3233,2018,132100.0,2026-07-31,Pending,,,0,254.03,3,No,No,2026-07-31,2026-08-28
UPDATE,2026-08-28T00:00:00,2026-08-28,PT0523141,LST0523141,AG00857,LOC0150,Multi-Family,2,4.0,3055,1252,1923,1153500.0,2026-07-21,Active,,,0,0.0,1,No,No,2026-07-21,2026-08-28
UPDATE,2026-08-28T00:00:00,2026-08-28,PT0118241,LST0118241,AG01014,LOC0223,Townhouse,2,1.0,1980,11810,2013,1299100.0,2025-06-09,Active,,,167,763.0,3,No,No,2025-06-09,2026-08-28
UPDATE,2026-08-28T00:00:00,2026-08-28,PT0173338,LST0173338,AG02102,LOC0085,Condo,6,2.5,300,1672,1904,56800.0,2024-11-18,Pending,,,107,166.0,3,No,No,2024-11-18,2026-08-28
UPDATE,2026-08-28T00:00:00,2026-08-28,PT0107380,LST0107380,AG02782,LOC0094,Multi-Family,5,2.0,1982,18678,1944,222900.0,2026-03-11,Active,,,92,0.0,3,Yes,No,2026-03-11,2026-08-28
UPDATE,2026-08-28T00:00:00,2026-08-28,PT0289996,LST0289996,AG00736,LOC0230,Land,0,0.0,5677,3122,1907,2001400.0,2024-03-05,Sold,1904897.54,2026-08-28,906,0.0,0,No,No,2024-03-05,2026-08-28
UPDATE,2026-08-28T00:00:00,2026-08-28,PT0427178,LST0427178,AG00831,LOC0177,Townhouse,4,2.0,2301,4274,1989,533900.0,2024-07-22,Pending,,,169,303.0,2,No,No,2024-07-22,2026-08-28
UPDATE,2026-08-28T00:00:00,2026-08-28,PT0172916,LST0172916,AG00702,LOC0023,Single Family,2,1.0,1630,4130,2018,490400.0,2023-01-31,Pending,,,132,0.0,2,No,Yes,2023-01-31,2026-08-28
UPDATE,2026-08-28T00:00:00,2026-08-28,PT0289909,LST0289909,AG02258,LOC0119,Single Family,5,2.0,1650,2138,1944,210400.0,2025-03-19,Active,,,110,0.0,3,No,No,2025-03-19,2026-08-28
UPDATE,2026-08-28T00:00:00,2026-08-28,PT0074372,LST0074372,AG02436,LOC0108,Single Family,1,3.5,1173,1288,1980,127100.0,2024-03-16,Active,,,175,0.0,1,No,Yes,2024-03-16,2026-08-28
UPDATE,2026-08-28T00:00:00,2026-08-28,PT0403861,LST0403861,AG00601,LOC0024,Single Family,2,4.0,1159,1377,1966,306000.0,2023-11-21,Sold,308639.01,2026-08-28,1011,0.0,1,No,Yes,2023-11-21,2026-08-28
UPDATE,2026-08-28T00:00:00,2026-08-28,PT0518158,LST0518158,AG00500,LOC0201,Single Family,2,3.0,1541,8529,1966,307400.0,2026-07-16,Sold,299877.25,2026-08-28,43,0.0,2,No,No,2026-07-16,2026-08-28
UPDATE,2026-08-28T00:00:00,2026-08-28,PT0456331,LST0456331,AG00850,LOC0192,Apartment,1,2.5,1708,0,1975,560300.0,2023-05-08,Pending,,,20,379.0,2,No,No,2023-05-08,2026-08-28
UPDATE,2026-08-28T00:00:00,2026-08-28,PT0081962,LST0081962,AG02124,LOC0127,Land,0,0.0,5411,3722,1932,2283000.0,2023-01-23,Active,,,77,0.0,0,No,No,2023-01-23,2026-08-28
UPDATE,2026-08-28T00:00:00,2026-08-28,PT0375111,LST0375111,AG02909,LOC0178,Townhouse,2,2.5,2949,4779,1937,716800.0,2026-06-29,Pending,,,28,57.0,3,No,No,2026-06-29,2026-08-28
UPDATE,2026-08-28T00:00:00,2026-08-28,PT0550615,LST0550615,AG00043,LOC0179,Single Family,6,2.0,1291,6129,2008,279600.0,2026-08-14,Sold,293494.65,2026-08-28,14,0.0,1,No,No,2026-08-14,2026-08-28
UPDATE,2026-08-28T00:00:00,2026-08-28,PT0528133,LST0528133,AG00907,LOC0194,Single Family,6,4.5,2708,4148,1940,712700.0,2026-07-25,Active,,,0,0.0,2,No,Yes,2026-07-25,2026-08-28
UPDATE,2026-08-28T00:00:00,2026-08-28,PT0359276,LST0359276,AG00439,LOC0056,Single Family,4,4.0,1277,7273,1943,421700.0,2023-09-24,Pending,,,155,0.0,2,No,Yes,2023-09-24,2026-08-28
UPDATE,2026-08-28T00:00:00,2026-08-28,PT0363015,LST0363015,AG02883,LOC0028,Single Family,5,4.5,2589,3006,2010,323800.0,2026-05-15,Pending,,,123,0.0,3,No,No,2026-05-15,2026-08-28
UPDATE,2026-08-28T00:00:00,2026-08-28,PT0378486,LST0378486,AG01642,LOC0105,Multi-Family,2,3.5,4765,10718,1932,755100.0,2023-08-03,Pending,,,18,0.0,3,No,No,2023-08-03,2026-08-28
UPDATE,2026-08-28T00:00:00,2026-08-28,PT0530082,LST0530082,AG00500,LOC0110,Townhouse,2,2.5,503,5121,1951,133000.0,2026-07-27,Pending,,,0,483.6,1,No,No,2026-07-27,2026-08-28
UPDATE,2026-08-28T00:00:00,2026-08-28,PT0544289,LST0544289,AG00499,LOC0145,Single Family,2,3.0,1043,6188,1914,474600.0,2026-08-08,Active,,,0,0.0,1,No,No,2026-08-08,2026-08-28
UPDATE,2026-08-28T00:00:00,2026-08-28,PT0506113,LST0506113,AG02868,LOC0157,Townhouse,2,4.5,2166,2218,1910,396200.0,2026-07-05,Active,,,0,380.79,0,No,No,2026-07-05,2026-08-28
UPDATE,2026-08-28T00:00:00,2026-08-28,PT0269082,LST0269082,AG01390,LOC0111,Single Family,5,1.5,2084,1534,1924,381300.0,2023-04-15,Pending,,,160,0.0,1,No,Yes,2023-04-15,2026-08-28
UPDATE,2026-08-28T00:00:00,2026-08-28,PT0509493,LST0509493,AG02985,LOC0148,Townhouse,6,2.0,1010,4291,1930,227700.0,2026-07-08,Sold,223207.64,2026-08-28,51,394.36,3,Yes,No,2026-07-08,2026-08-28
UPDATE,2026-08-28T00:00:00,2026-08-28,PT0437261,LST0437261,AG02272,LOC0153,Condo,4,4.0,1893,3016,2017,910500.0,2025-03-18,Pending,,,61,620.0,3,No,No,2025-03-18,2026-08-28
UPDATE,2026-08-28T00:00:00,2026-08-28,PT0507360,LST0507360,AG01735,LOC0019,Condo,2,4.5,2282,2468,1914,256500.0,2026-07-06,Pending,,,0,555.57,0,No,No,2026-07-06,2026-08-28
UPDATE,2026-08-28T00:00:00,2026-08-28,PT0563879,LST0563879,AG01870,LOC0087,Single Family,2,1.0,514,3421,1966,232000.0,2026-08-25,Sold,246433.6,2026-08-28,3,0.0,1,No,No,2026-08-25,2026-08-28
UPDATE,2026-08-28T00:00:00,2026-08-28,PT0539212,LST0539212,AG00177,LOC0168,Single Family,2,2.0,547,3676,1952,187600.0,2026-08-03,Pending,,,0,0.0,1,No,Yes,2026-08-03,2026-08-28
UPDATE,2026-08-28T00:00:00,2026-08-28,PT0149306,LST0149306,AG00609,LOC0017,Single Family,1,2.0,1603,2004,2018,442700.0,2024-10-18,Active,,,1,0.0,0,No,Yes,2024-10-18,2026-08-28
UPDATE,2026-08-28T00:00:00,2026-08-28,PT0078925,LST0078925,AG02772,LOC0045,Townhouse,4,3.0,1249,3815,1940,606100.0,2025-01-18,Active,,,157,789.0,1,No,No,2025-01-18,2026-08-28
UPDATE,2026-08-28T00:00:00,2026-08-28,PT0467539,LST0467539,AG01916,LOC0079,Townhouse,6,1.5,902,3486,1935,215000.0,2025-06-26,Pending,,,38,160.0,0,No,No,2025-06-26,2026-08-28
UPDATE,2026-08-28T00:00:00,2026-08-28,PT0419452,LST0419452,AG02301,LOC0050,Multi-Family,4,2.0,3032,9389,1915,568900.0,2024-09-04,Pending,,,65,0.0,3,No,Yes,2024-09-04,2026-08-28
UPDATE,2026-08-28T00:00:00,2026-08-28,PT0482347,LST0482347,AG02736,LOC0231,Single Family,4,4.0,2624,6863,1939,567100.0,2026-03-20,Sold,514805.75,2026-08-28,161,0.0,3,No,No,2026-03-20,2026-08-28
UPDATE,2026-08-28T00:00:00,2026-08-28,PT0141410,LST0141410,AG02528,LOC0091,Condo,2,2.5,2605,4440,2020,833400.0,2024-09-05,Pending,,,93,157.0,2,No,No,2024-09-05,2026-08-28
UPDATE,2026-08-28T00:00:00,2026-08-28,PT0312594,LST0312594,AG01090,LOC0136,Single Family,5,3.0,1568,2452,2023,293900.0,2025-08-06,Sold,283109.62,2026-08-28,387,0.0,3,No,No,2025-08-06,2026-08-28
UPDATE,2026-08-28T00:00:00,2026-08-28,PT0271749,LST0271749,AG01478,LOC0213,Condo,1,1.0,544,5150,2014,100600.0,2024-07-15,Active,,,35,789.0,2,No,No,2024-07-15,2026-08-28
UPDATE,2026-08-28T00:00:00,2026-08-28,PT0322718,LST0322718,AG02372,LOC0224,Single Family,1,2.5,2117,1223,1957,910600.0,2025-05-26,Active,,,149,0.0,0,No,No,2025-05-26,2026-08-28
UPDATE,2026-08-28T00:00:00,2026-08-28,PT0556462,LST0556462,AG00617,LOC0186,Land,0,0.0,900,3267,1949,333800.0,2026-08-19,Active,,,0,0.0,0,No,No,2026-08-19,2026-08-28
UPDATE,2026-08-28T00:00:00,2026-08-28,PT0206596,LST0206596,AG01747,LOC0237,Condo,2,2.5,1635,7244,1948,436300.0,2024-06-18,Pending,,,155,514.0,3,Yes,No,2024-06-18,2026-08-28
UPDATE,2026-08-28T00:00:00,2026-08-28,PT0420239,LST0420239,AG01250,LOC0084,Single Family,1,1.5,2217,3037,1994,355700.0,2025-09-27,Pending,,,44,0.0,3,No,No,2025-09-27,2026-08-28
UPDATE,2026-08-28T00:00:00,2026-08-28,PT0387649,LST0387649,AG02186,LOC0001,Single Family,2,2.5,2174,3539,1969,508100.0,2025-11-04,Active,,,114,0.0,0,No,Yes,2025-11-04,2026-08-28
UPDATE,2026-08-28T00:00:00,2026-08-28,PT0100057,LST0100057,AG02924,LOC0127,Land,0,0.0,9143,7031,1999,1957800.0,2023-10-09,Active,,,5,0.0,0,No,No,2023-10-09,2026-08-28
UPDATE,2026-08-28T00:00:00,2026-08-28,PT0371959,LST0371959,AG00995,LOC0087,Condo,3,1.0,2485,2251,1931,574500.0,2025-05-22,Sold,535455.53,2026-08-28,463,231.0,2,No,No,2025-05-22,2026-08-28
UPDATE,2026-08-28T00:00:00,2026-08-28,PT0113377,LST0113377,AG01992,LOC0167,Single Family,5,3.0,1876,3968,1983,857600.0,2025-10-01,Active,,,30,0.0,0,No,No,2025-10-01,2026-08-28
UPDATE,2026-08-28T00:00:00,2026-08-28,PT0555695,LST0555695,AG00525,LOC0164,Single Family,6,3.0,1775,2724,1932,498700.0,2026-08-19,Active,,,0,0.0,2,No,Yes,2026-08-19,2026-08-28
UPDATE,2026-08-28T00:00:00,2026-08-28,PT0533988,LST0533988,AG00073,LOC0091,Single Family,4,2.5,2247,1841,1966,672000.0,2026-07-30,Active,,,0,0.0,1,Yes,No,2026-07-30,2026-08-28
UPDATE,2026-08-28T00:00:00,2026-08-28,PT0382430,LST0382430,AG01732,LOC0205,Land,0,0.0,3180,2067,1964,1532300.0,2023-09-11,Active,,,34,0.0,0,No,No,2023-09-11,2026-08-28
UPDATE,2026-08-28T00:00:00,2026-08-28,PT0532710,LST0532710,AG01700,LOC0185,Single Family,3,4.0,1568,6616,1971,792900.0,2026-07-29,Active,,,0,0.0,1,No,Yes,2026-07-29,2026-08-28
UPDATE,2026-08-28T00:00:00,2026-08-28,PT0536731,LST0536731,AG01074,LOC0204,Multi-Family,1,4.5,3724,2664,2024,1966700.0,2026-08-01,Active,,,0,0.0,1,No,No,2026-08-01,2026-08-28
UPDATE,2026-08-28T00:00:00,2026-08-28,PT0436629,LST0436629,AG01571,LOC0128,Condo,6,4.5,2006,4607,1960,458600.0,2023-05-22,Active,,,23,650.0,1,No,No,2023-05-22,2026-08-28
UPDATE,2026-08-28T00:00:00,2026-08-28,PT0482037,LST0482037,AG00033,LOC0209,Land,0,0.0,3825,15968,1924,886000.0,2023-06-26,Active,,,171,0.0,0,No,No,2023-06-26,2026-08-28
UPDATE,2026-08-28T00:00:00,2026-08-28,PT0210431,LST0210431,AG01244,LOC0205,Single Family,3,2.5,1490,1106,1995,399600.0,2024-04-11,Active,,,145,0.0,2,No,No,2024-04-11,2026-08-28
UPDATE,2026-08-28T00:00:00,2026-08-28,PT0155593,LST0155593,AG02154,LOC0241,Condo,5,4.0,2028,3994,1940,257600.0,2025-02-26,Pending,,,16,418.0,3,No,No,2025-02-26,2026-08-28
UPDATE,2026-08-28T00:00:00,2026-08-28,PT0128431,LST0128431,AG00745,LOC0199,Land,0,0.0,900,6143,1940,222200.0,2023-02-24,Active,,,117,0.0,0,No,No,2023-02-24,2026-08-28
UPDATE,2026-08-28T00:00:00,2026-08-28,PT0487592,LST0487592,AG00361,LOC0060,Townhouse,2,1.0,2646,2251,1920,785800.0,2024-12-27,Pending,,,49,647.0,0,No,No,2024-12-27,2026-08-28
UPDATE,2026-08-28T00:00:00,2026-08-28,PT0556872,LST0556872,AG02218,LOC0072,Condo,6,2.0,2446,2428,1922,240100.0,2026-08-20,Active,,,0,254.39,1,No,No,2026-08-20,2026-08-28
UPDATE,2026-08-28T00:00:00,2026-08-28,PT0508448,LST0508448,AG00834,LOC0195,Single Family,4,4.0,1531,3143,1905,578200.0,2026-07-07,Pending,,,0,0.0,2,No,No,2026-07-07,2026-08-28
UPDATE,2026-08-28T00:00:00,2026-08-28,PT0444098,LST0444098,AG02925,LOC0224,Single Family,5,2.0,2004,2108,1991,570900.0,2025-11-14,Pending,,,89,0.0,0,No,Yes,2025-11-14,2026-08-28
UPDATE,2026-08-28T00:00:00,2026-08-28,PT0560646,LST0560646,AG02260,LOC0075,Condo,5,4.0,696,2723,1967,155100.0,2026-08-23,Active,,,0,280.55,3,No,No,2026-08-23,2026-08-28
UPDATE,2026-08-28T00:00:00,2026-08-28,PT0310088,LST0310088,AG02985,LOC0050,Apartment,5,2.0,1192,0,1900,256200.0,2025-08-30,Pending,,,6,278.0,1,No,No,2025-08-30,2026-08-28
UPDATE,2026-08-28T00:00:00,2026-08-28,PT0505840,LST0505840,AG02284,LOC0045,Apartment,1,3.0,448,0,2014,72800.0,2026-07-05,Pending,,,0,302.52,3,No,No,2026-07-05,2026-08-28
UPDATE,2026-08-28T00:00:00,2026-08-28,PT0350444,LST0350444,AG02863,LOC0199,Apartment,5,3.5,1409,0,2002,263900.0,2023-10-15,Pending,,,84,91.0,3,No,No,2023-10-15,2026-08-28
UPDATE,2026-08-28T00:00:00,2026-08-28,PT0471783,LST0471783,AG02436,LOC0137,Multi-Family,1,4.0,4425,5112,1911,1712900.0,2023-05-13,Active,,,173,0.0,3,No,No,2023-05-13,2026-08-28
UPDATE,2026-08-28T00:00:00,2026-08-28,PT0343857,LST0343857,AG02523,LOC0066,Single Family,6,4.0,750,5592,1972,145000.0,2023-04-15,Pending,,,82,0.0,0,No,Yes,2023-04-15,2026-08-28
UPDATE,2026-08-28T00:00:00,2026-08-28,PT0147170,LST0147170,AG01498,LOC0230,Townhouse,4,2.0,2581,4652,2021,1511900.0,2024-05-25,Sold,1431974.03,2026-08-28,825,192.0,3,No,No,2024-05-25,2026-08-28
UPDATE,2026-08-28T00:00:00,2026-08-28,PT0496394,LST0496394,AG00762,LOC0032,Townhouse,5,1.0,2045,5784,1964,115500.0,2025-09-26,Sold,115381.56,2026-08-28,336,316.0,0,No,No,2025-09-26,2026-08-28
UPDATE,2026-08-28T00:00:00,2026-08-28,PT0186140,LST0186140,AG00698,LOC0141,Condo,4,2.0,1308,2655,1970,220900.0,2024-12-18,Active,,,78,197.0,1,No,No,2024-12-18,2026-08-28
UPDATE,2026-08-28T00:00:00,2026-08-28,PT0376747,LST0376747,AG01409,LOC0129,Condo,4,4.5,2247,9409,2012,907700.0,2025-10-28,Pending,,,177,462.0,3,No,No,2025-10-28,2026-08-28
UPDATE,2026-08-28T00:00:00,2026-08-28,PT0538561,LST0538561,AG01110,LOC0159,Single Family,6,4.5,1702,3037,1962,759400.0,2026-08-03,Pending,,,0,0.0,1,No,Yes,2026-08-03,2026-08-28
UPDATE,2026-08-28T00:00:00,2026-08-28,PT0319747,LST0319747,AG00453,LOC0078,Single Family,4,3.5,1363,5388,1989,532300.0,2024-12-12,Sold,518851.43,2026-08-28,624,0.0,3,No,No,2024-12-12,2026-08-28
UPDATE,2026-08-28T00:00:00,2026-08-28,PT0128585,LST0128585,AG01363,LOC0040,Condo,1,1.0,992,4664,1956,358500.0,2024-05-28,Pending,,,145,52.0,2,No,No,2024-05-28,2026-08-28
UPDATE,2026-08-28T00:00:00,2026-08-28,PT0045745,LST0045745,AG00376,LOC0199,Condo,6,1.5,2064,9531,2017,780300.0,2023-10-31,Active,,,27,121.0,0,No,No,2023-10-31,2026-08-28
UPDATE,2026-08-28T00:00:00,2026-08-28,PT0105601,LST0105601,AG01714,LOC0043,Land,0,0.0,2594,2773,1954,374400.0,2024-03-30,Pending,,,103,0.0,0,No,No,2024-03-30,2026-08-28
UPDATE,2026-08-28T00:00:00,2026-08-28,PT0193046,LST0193046,AG01686,LOC0110,Single Family,5,4.5,1970,3101,1988,282400.0,2023-03-19,Sold,287639.06,2026-08-28,1258,0.0,2,No,No,2023-03-19,2026-08-28
UPDATE,2026-08-28T00:00:00,2026-08-28,PT0340432,LST0340432,AG00650,LOC0061,Multi-Family,5,4.5,1971,1322,1932,449300.0,2023-02-09,Active,,,40,0.0,1,No,Yes,2023-02-09,2026-08-28
UPDATE,2026-08-28T00:00:00,2026-08-28,PT0448726,LST0448726,AG01356,LOC0121,Single Family,4,4.5,1272,11432,1964,317800.0,2024-01-31,Active,,,18,0.0,3,No,No,2024-01-31,2026-08-28
UPDATE,2026-08-28T00:00:00,2026-08-28,PT0544232,LST0544232,AG02714,LOC0078,Condo,3,2.0,1142,1914,1946,343500.0,2026-08-08,Pending,,,0,491.41,2,No,No,2026-08-08,2026-08-28
UPDATE,2026-08-28T00:00:00,2026-08-28,PT0453233,LST0453233,AG02965,LOC0099,Single Family,5,1.5,2192,4435,1986,471900.0,2023-04-11,Sold,435170.64,2026-08-28,1235,0.0,1,No,Yes,2023-04-11,2026-08-28
UPDATE,2026-08-28T00:00:00,2026-08-28,PT0363813,LST0363813,AG01539,LOC0029,Single Family,1,1.5,1770,5474,2020,673000.0,2024-12-02,Sold,692799.31,2026-08-28,634,0.0,1,Yes,No,2024-12-02,2026-08-28
UPDATE,2026-08-28T00:00:00,2026-08-28,PT0227891,LST0227891,AG02660,LOC0112,Single Family,4,2.5,2266,9894,1907,511300.0,2025-06-01,Pending,,,132,0.0,3,No,No,2025-06-01,2026-08-28
UPDATE,2026-08-28T00:00:00,2026-08-28,PT0522624,LST0522624,AG02028,LOC0138,Condo,1,4.5,2726,6283,1963,1125100.0,2026-07-20,Sold,1010327.45,2026-08-28,39,245.58,0,No,No,2026-07-20,2026-08-28
UPDATE,2026-08-28T00:00:00,2026-08-28,PT0512624,LST0512624,AG01693,LOC0127,Apartment,5,4.5,770,0,1967,347200.0,2026-07-11,Sold,354274.13,2026-08-28,48,434.39,1,No,No,2026-07-11,2026-08-28
UPDATE,2026-08-28T00:00:00,2026-08-28,PT0349150,LST0349150,AG01121,LOC0229,Multi-Family,6,2.5,2029,3693,2001,297700.0,2023-05-30,Pending,,,39,0.0,1,No,Yes,2023-05-30,2026-08-28
UPDATE,2026-08-28T00:00:00,2026-08-28,PT0053432,LST0053432,AG01445,LOC0033,Multi-Family,4,4.5,540,5991,1989,192800.0,2025-06-23,Active,,,141,0.0,3,No,Yes,2025-06-23,2026-08-28
UPDATE,2026-08-28T00:00:00,2026-08-28,PT0313815,LST0313815,AG00872,LOC0002,Apartment,5,4.0,695,0,1943,133800.0,2023-01-31,Active,,,155,705.0,2,No,No,2023-01-31,2026-08-28
UPDATE,2026-08-28T00:00:00,2026-08-28,PT0327651,LST0327651,AG02504,LOC0129,Single Family,1,3.0,1228,3506,1929,345200.0,2023-10-21,Sold,326655.97,2026-08-28,1042,0.0,1,No,No,2023-10-21,2026-08-28
UPDATE,2026-08-28T00:00:00,2026-08-28,PT0186111,LST0186111,AG02084,LOC0111,Single Family,4,2.0,1922,2385,1990,304100.0,2025-06-12,Pending,,,67,0.0,1,No,No,2025-06-12,2026-08-28
UPDATE,2026-08-28T00:00:00,2026-08-28,PT0038978,LST0038978,AG00406,LOC0217,Condo,1,3.5,822,5898,2011,132500.0,2026-02-02,Pending,,,76,677.0,2,No,No,2026-02-02,2026-08-28
UPDATE,2026-08-28T00:00:00,2026-08-28,PT0187773,LST0187773,AG02858,LOC0189,Single Family,1,3.0,771,7423,1910,385000.0,2023-02-23,Sold,365434.94,2026-08-28,1282,0.0,3,No,No,2023-02-23,2026-08-28
UPDATE,2026-08-28T00:00:00,2026-08-28,PT0377465,LST0377465,AG02457,LOC0161,Single Family,3,2.0,2235,8865,1954,882200.0,2024-12-23,Pending,,,21,0.0,2,No,No,2024-12-23,2026-08-28
UPDATE,2026-08-28T00:00:00,2026-08-28,PT0200636,LST0200636,AG02093,LOC0118,Condo,5,3.5,2220,14714,1989,419200.0,2023-02-16,Pending,,,177,149.0,2,No,No,2023-02-16,2026-08-28
UPDATE,2026-08-28T00:00:00,2026-08-28,PT0389195,LST0389195,AG02919,LOC0096,Condo,1,2.5,765,4871,1908,195700.0,2024-04-12,Active,,,27,558.0,2,No,No,2024-04-12,2026-08-28
UPDATE,2026-08-28T00:00:00,2026-08-28,PT0113077,LST0113077,AG02290,LOC0057,Single Family,3,3.5,2187,1095,1931,1595200.0,2026-06-17,Active,,,156,0.0,3,No,No,2026-06-17,2026-08-28
UPDATE,2026-08-28T00:00:00,2026-08-28,PT0124028,LST0124028,AG02716,LOC0176,Townhouse,4,3.0,1255,4793,1921,351000.0,2025-05-26,Sold,319526.42,2026-08-28,459,690.0,3,No,No,2025-05-26,2026-08-28
UPDATE,2026-08-28T00:00:00,2026-08-28,PT0365649,LST0365649,AG00447,LOC0143,Single Family,5,3.0,1109,4462,1923,203600.0,2025-10-08,Pending,,,70,0.0,0,No,Yes,2025-10-08,2026-08-28
UPDATE,2026-08-28T00:00:00,2026-08-28,PT0464332,LST0464332,AG02520,LOC0137,Single Family,4,3.0,2852,6520,1917,929700.0,2023-03-10,Pending,,,61,0.0,2,No,No,2023-03-10,2026-08-28
UPDATE,2026-08-28T00:00:00,2026-08-28,PT0484556,LST0484556,AG02033,LOC0198,Single Family,4,3.0,763,5088,1915,118500.0,2023-03-20,Active,,,175,0.0,3,No,No,2023-03-20,2026-08-28
UPDATE,2026-08-28T00:00:00,2026-08-28,PT0564909,LST0564909,AG00137,LOC0008,Land,0,0.0,5514,4398,1985,577600.0,2026-08-26,Active,,,0,0.0,0,No,No,2026-08-26,2026-08-28
UPDATE,2026-08-28T00:00:00,2026-08-28,PT0141726,LST0141726,AG02668,LOC0012,Apartment,5,1.5,1331,0,2018,517400.0,2025-10-18,Pending,,,88,354.0,3,No,No,2025-10-18,2026-08-28
UPDATE,2026-08-28T00:00:00,2026-08-28,PT0267103,LST0267103,AG02786,LOC0024,Single Family,2,4.0,1757,1801,2008,688300.0,2025-06-28,Pending,,,109,0.0,0,Yes,No,2025-06-28,2026-08-28
UPDATE,2026-08-28T00:00:00,2026-08-28,PT0567462,LST0567462,AG00907,LOC0117,Single Family,1,2.5,1796,10630,2007,737100.0,2026-08-28,Active,,,0,0.0,2,No,No,2026-08-28,2026-08-28
UPDATE,2026-08-28T00:00:00,2026-08-28,PT0565251,LST0565251,AG00955,LOC0148,Single Family,2,4.0,2806,5557,1995,572000.0,2026-08-27,Active,,,0,0.0,3,No,No,2026-08-27,2026-08-28
UPDATE,2026-08-28T00:00:00,2026-08-28,PT0387867,LST0387867,AG01995,LOC0086,Townhouse,1,4.5,1423,5613,1995,377900.0,2023-01-11,Pending,,,87,620.0,1,No,No,2023-01-11,2026-08-28
UPDATE,2026-08-28T00:00:00,2026-08-28,PT0167433,LST0167433,AG01718,LOC0248,Single Family,4,3.5,814,7689,1917,237200.0,2023-11-12,Pending,,,56,0.0,0,Yes,No,2023-11-12,2026-08-28
UPDATE,2026-08-28T00:00:00,2026-08-28,PT0027322,LST0027322,AG02535,LOC0113,Condo,1,4.5,2800,12137,1928,1331000.0,2025-03-19,Active,,,152,445.0,1,No,No,2025-03-19,2026-08-28
UPDATE,2026-08-28T00:00:00,2026-08-28,PT0309835,LST0309835,AG01415,LOC0129,Multi-Family,4,2.0,3133,1270,1914,1035800.0,2025-03-28,Pending,,,124,0.0,0,No,No,2025-03-28,2026-08-28
UPDATE,2026-08-28T00:00:00,2026-08-28,PT0539741,LST0539741,AG01152,LOC0201,Single Family,6,2.0,2254,1801,1942,236900.0,2026-08-04,Active,,,0,0.0,1,Yes,No,2026-08-04,2026-08-28
UPDATE,2026-08-28T00:00:00,2026-08-28,PT0318202,LST0318202,AG02331,LOC0196,Land,0,0.0,10455,1162,1974,2256000.0,2026-04-09,Pending,,,20,0.0,0,No,No,2026-04-09,2026-08-28
UPDATE,2026-08-28T00:00:00,2026-08-28,PT0193279,LST0193279,AG02910,LOC0062,Townhouse,4,1.5,2189,15703,2001,719600.0,2026-04-17,Active,,,131,169.0,3,Yes,No,2026-04-17,2026-08-28
UPDATE,2026-08-28T00:00:00,2026-08-28,PT0345018,LST0345018,AG00601,LOC0120,Condo,3,1.5,2294,5943,1960,1041000.0,2026-04-02,Pending,,,84,793.0,3,No,No,2026-04-02,2026-08-28
UPDATE,2026-08-28T00:00:00,2026-08-28,PT0526742,LST0526742,AG02650,LOC0059,Single Family,6,3.5,2470,15465,1916,805300.0,2026-07-24,Active,,,0,0.0,0,No,Yes,2026-07-24,2026-08-28
UPDATE,2026-08-28T00:00:00,2026-08-28,PT0271714,LST0271714,AG01611,LOC0180,Townhouse,1,4.5,1920,8116,1903,518700.0,2023-05-25,Pending,,,170,206.0,2,No,No,2023-05-25,2026-08-28
UPDATE,2026-08-28T00:00:00,2026-08-28,PT0564847,LST0564847,AG00271,LOC0082,Multi-Family,6,4.5,4349,2298,1966,790600.0,2026-08-26,Sold,798250.9,2026-08-28,2,0.0,1,No,Yes,2026-08-26,2026-08-28
UPDATE,2026-08-28T00:00:00,2026-08-28,PT0146107,LST0146107,AG02800,LOC0132,Multi-Family,3,2.0,3003,2923,1981,744500.0,2025-02-07,Pending,,,117,0.0,0,No,No,2025-02-07,2026-08-28
UPDATE,2026-08-28T00:00:00,2026-08-28,PT0130187,LST0130187,AG01102,LOC0101,Condo,2,3.0,2830,4548,1934,1334900.0,2025-06-29,Active,,,108,230.0,1,No,No,2025-06-29,2026-08-28
UPDATE,2026-08-28T00:00:00,2026-08-28,PT0333776,LST0333776,AG02625,LOC0059,Single Family,4,4.5,2647,1552,1985,418400.0,2024-03-05,Pending,,,120,0.0,3,No,Yes,2024-03-05,2026-08-28
UPDATE,2026-08-28T00:00:00,2026-08-28,PT0099611,LST0099611,AG02011,LOC0204,Single Family,1,3.5,2218,13493,1900,1080400.0,2024-10-12,Pending,,,175,0.0,2,No,No,2024-10-12,2026-08-28
UPDATE,2026-08-28T00:00:00,2026-08-28,PT0545263,LST0545263,AG02530,LOC0096,Single Family,1,4.0,1223,4212,2018,296000.0,2026-08-09,Pending,,,0,0.0,0,Yes,Yes,2026-08-09,2026-08-28
UPDATE,2026-08-28T00:00:00,2026-08-28,PT0039686,LST0039686,AG01037,LOC0004,Multi-Family,4,2.0,4236,5222,2023,400000.0,2025-11-17,Active,,,3,0.0,2,Yes,Yes,2025-11-17,2026-08-28
UPDATE,2026-08-28T00:00:00,2026-08-28,PT0522635,LST0522635,AG00122,LOC0232,Condo,1,3.0,1445,5018,1905,280300.0,2026-07-20,Pending,,,0,760.02,1,No,No,2026-07-20,2026-08-28
UPDATE,2026-08-28T00:00:00,2026-08-28,PT0061262,LST0061262,AG02106,LOC0085,Condo,5,2.0,3058,2603,1990,495700.0,2024-06-14,Sold,477702.1,2026-08-28,805,559.0,0,Yes,No,2024-06-14,2026-08-28
UPDATE,2026-08-28T00:00:00,2026-08-28,PT0301210,LST0301210,AG00400,LOC0083,Single Family,3,2.0,1078,3627,2000,361700.0,2023-03-02,Pending,,,107,0.0,2,No,No,2023-03-02,2026-08-28
UPDATE,2026-08-28T00:00:00,2026-08-28,PT0432249,LST0432249,AG02318,LOC0157,Single Family,2,4.5,2602,5446,1967,928100.0,2025-03-11,Active,,,91,0.0,2,No,No,2025-03-11,2026-08-28
UPDATE,2026-08-28T00:00:00,2026-08-28,PT0220503,LST0220503,AG00341,LOC0138,Condo,2,1.5,3104,2387,1992,1313400.0,2024-05-18,Sold,1408662.94,2026-08-28,832,208.0,0,No,No,2024-05-18,2026-08-28
UPDATE,2026-08-28T00:00:00,2026-08-28,PT0332467,LST0332467,AG02468,LOC0091,Townhouse,1,2.5,2193,1245,1912,921500.0,2025-10-05,Pending,,,1,660.0,1,No,No,2025-10-05,2026-08-28
UPDATE,2026-08-28T00:00:00,2026-08-28,PT0300117,LST0300117,AG00946,LOC0160,Apartment,1,4.5,1196,0,1900,296200.0,2024-08-22,Active,,,67,365.0,3,Yes,No,2024-08-22,2026-08-28
UPDATE,2026-08-28T00:00:00,2026-08-28,PT0000102,LST0000102,AG01086,LOC0018,Single Family,5,1.0,2134,9254,1935,508000.0,2023-03-27,Active,,,81,0.0,3,No,Yes,2023-03-27,2026-08-28
UPDATE,2026-08-28T00:00:00,2026-08-28,PT0456084,LST0456084,AG01286,LOC0120,Multi-Family,2,3.0,3772,4381,1961,1397000.0,2025-01-28,Pending,,,129,0.0,0,Yes,No,2025-01-28,2026-08-28
UPDATE,2026-08-28T00:00:00,2026-08-28,PT0527845,LST0527845,AG02325,LOC0202,Single Family,2,1.0,1412,2865,1916,632100.0,2026-07-24,Active,,,0,0.0,3,No,No,2026-07-24,2026-08-28
UPDATE,2026-08-28T00:00:00,2026-08-28,PT0380634,LST0380634,AG00372,LOC0006,Single Family,3,1.5,1520,1978,2025,270600.0,2025-06-20,Pending,,,134,0.0,0,No,Yes,2025-06-20,2026-08-28
UPDATE,2026-08-28T00:00:00,2026-08-28,PT0059200,LST0059200,AG00605,LOC0200,Condo,3,2.0,2404,22892,1927,686400.0,2024-06-10,Sold,632218.78,2026-08-28,809,410.0,0,No,No,2024-06-10,2026-08-28
UPDATE,2026-08-28T00:00:00,2026-08-28,PT0243290,LST0243290,AG01487,LOC0226,Single Family,2,1.0,1501,2751,2007,786100.0,2025-10-18,Pending,,,73,0.0,3,Yes,No,2025-10-18,2026-08-28
UPDATE,2026-08-28T00:00:00,2026-08-28,PT0122095,LST0122095,AG01811,LOC0232,Single Family,2,4.5,1467,2126,1966,462600.0,2024-11-14,Pending,,,37,0.0,3,No,No,2024-11-14,2026-08-28
UPDATE,2026-08-28T00:00:00,2026-08-28,PT0336159,LST0336159,AG02087,LOC0028,Multi-Family,4,4.5,3097,1254,1907,349500.0,2026-03-16,Active,,,47,0.0,3,No,Yes,2026-03-16,2026-08-28
UPDATE,2026-08-28T00:00:00,2026-08-28,PT0196056,LST0196056,AG02406,LOC0152,Single Family,1,4.5,1750,8005,2018,863900.0,2023-10-22,Pending,,,134,0.0,2,No,Yes,2023-10-22,2026-08-28
UPDATE,2026-08-28T00:00:00,2026-08-28,PT0179071,LST0179071,AG01711,LOC0134,Single Family,1,4.5,1481,2774,1903,539100.0,2026-03-16,Pending,,,134,0.0,1,Yes,No,2026-03-16,2026-08-28
UPDATE,2026-08-28T00:00:00,2026-08-28,PT0098127,LST0098127,AG02030,LOC0196,Townhouse,4,4.0,2979,8058,1993,1008900.0,2024-07-15,Active,,,79,742.0,3,No,No,2024-07-15,2026-08-28
UPDATE,2026-08-28T00:00:00,2026-08-28,PT0328039,LST0328039,AG02412,LOC0177,Single Family,5,1.0,3269,2478,1914,1570200.0,2023-03-10,Active,,,135,0.0,1,No,No,2023-03-10,2026-08-28
UPDATE,2026-08-28T00:00:00,2026-08-28,PT0539168,LST0539168,AG01742,LOC0217,Condo,6,1.0,638,1072,1944,50000.0,2026-08-03,Pending,,,0,401.59,2,No,No,2026-08-03,2026-08-28
UPDATE,2026-08-28T00:00:00,2026-08-28,PT0324205,LST0324205,AG00689,LOC0106,Single Family,5,4.0,1874,4473,1921,507600.0,2023-10-26,Pending,,,121,0.0,1,Yes,Yes,2023-10-26,2026-08-28
UPDATE,2026-08-28T00:00:00,2026-08-28,PT0515158,LST0515158,AG02884,LOC0219,Apartment,1,4.0,816,0,2020,424000.0,2026-07-13,Pending,,,0,781.82,3,No,No,2026-07-13,2026-08-28
UPDATE,2026-08-28T00:00:00,2026-08-28,PT0473397,LST0473397,AG00266,LOC0134,Single Family,1,3.0,2924,5949,2022,595300.0,2024-03-29,Pending,,,136,0.0,0,Yes,Yes,2024-03-29,2026-08-28
UPDATE,2026-08-28T00:00:00,2026-08-28,PT0396499,LST0396499,AG01610,LOC0077,Apartment,6,1.5,728,0,1975,130300.0,2025-12-05,Sold,129116.69,2026-08-28,266,428.0,0,No,No,2025-12-05,2026-08-28
UPDATE,2026-08-28T00:00:00,2026-08-28,PT0179175,LST0179175,AG01569,LOC0034,Single Family,3,1.5,2391,1394,1992,939900.0,2025-08-16,Pending,,,146,0.0,1,Yes,Yes,2025-08-16,2026-08-28
UPDATE,2026-08-28T00:00:00,2026-08-28,PT0519702,LST0519702,AG02485,LOC0005,Single Family,2,1.5,2900,1219,1935,616900.0,2026-07-17,Active,,,0,0.0,0,Yes,Yes,2026-07-17,2026-08-28
UPDATE,2026-08-28T00:00:00,2026-08-28,PT0429348,LST0429348,AG01520,LOC0070,Townhouse,6,1.5,2842,8068,2025,363600.0,2025-05-01,Pending,,,156,152.0,3,No,No,2025-05-01,2026-08-28
UPDATE,2026-08-28T00:00:00,2026-08-28,PT0158398,LST0158398,AG02705,LOC0125,Single Family,1,3.5,1014,3825,1998,239100.0,2026-03-07,Pending,,,133,0.0,1,No,No,2026-03-07,2026-08-28
UPDATE,2026-08-28T00:00:00,2026-08-28,PT0379743,LST0379743,AG02405,LOC0003,Single Family,2,2.0,3373,1116,2001,646700.0,2023-10-07,Pending,,,74,0.0,1,Yes,No,2023-10-07,2026-08-28
UPDATE,2026-08-28T00:00:00,2026-08-28,PT0416284,LST0416284,AG02414,LOC0102,Single Family,3,1.5,1362,3349,2020,342100.0,2025-06-21,Pending,,,90,0.0,2,No,Yes,2025-06-21,2026-08-28
UPDATE,2026-08-28T00:00:00,2026-08-28,PT0516015,LST0516015,AG00067,LOC0138,Single Family,1,2.5,2044,3960,1956,705100.0,2026-07-14,Active,,,0,0.0,0,No,No,2026-07-14,2026-08-28
UPDATE,2026-08-28T00:00:00,2026-08-28,PT0401128,LST0401128,AG02102,LOC0109,Single Family,1,2.0,1909,3296,2010,631200.0,2023-09-15,Pending,,,120,0.0,0,No,No,2023-09-15,2026-08-28
UPDATE,2026-08-28T00:00:00,2026-08-28,PT0168003,LST0168003,AG02476,LOC0159,Multi-Family,4,3.0,2357,7719,1927,355200.0,2025-04-18,Pending,,,123,0.0,0,No,Yes,2025-04-18,2026-08-28
UPDATE,2026-08-28T00:00:00,2026-08-28,PT0044053,LST0044053,AG00214,LOC0094,Single Family,5,1.5,1069,8425,1962,157500.0,2026-02-09,Pending,,,78,0.0,0,No,No,2026-02-09,2026-08-28
UPDATE,2026-08-28T00:00:00,2026-08-28,PT0370136,LST0370136,AG02930,LOC0142,Apartment,6,2.5,1385,0,1953,173500.0,2026-01-28,Pending,,,62,472.0,0,No,No,2026-01-28,2026-08-28
UPDATE,2026-08-28T00:00:00,2026-08-28,PT0066497,LST0066497,AG01680,LOC0182,Apartment,1,2.5,601,0,1942,271500.0,2023-07-12,Sold,273308.36,2026-08-28,1143,233.0,2,No,No,2023-07-12,2026-08-28
UPDATE,2026-08-28T00:00:00,2026-08-28,PT0485058,LST0485058,AG02097,LOC0221,Condo,6,1.0,1998,2368,1951,533000.0,2024-11-06,Pending,,,167,206.0,0,No,No,2024-11-06,2026-08-28
UPDATE,2026-08-28T00:00:00,2026-08-28,PT0522107,LST0522107,AG02632,LOC0022,Apartment,5,1.0,754,0,1936,387400.0,2026-07-19,Active,,,0,353.28,0,No,No,2026-07-19,2026-08-28
UPDATE,2026-08-28T00:00:00,2026-08-28,PT0357514,LST0357514,AG02855,LOC0212,Condo,2,4.5,300,6912,2022,84900.0,2023-11-13,Sold,73304.21,2026-08-28,1019,627.0,3,No,No,2023-11-13,2026-08-28
UPDATE,2026-08-28T00:00:00,2026-08-28,PT0495577,LST0495577,AG01498,LOC0009,Single Family,1,2.0,854,1044,1991,111700.0,2025-10-19,Pending,,,120,0.0,0,No,Yes,2025-10-19,2026-08-28
UPDATE,2026-08-28T00:00:00,2026-08-28,PT0270407,LST0270407,AG00409,LOC0243,Condo,6,1.5,2572,2229,1985,1995400.0,2025-05-07,Active,,,127,96.0,3,No,No,2025-05-07,2026-08-28
UPDATE,2026-08-28T00:00:00,2026-08-28,PT0051165,LST0051165,AG02728,LOC0232,Apartment,3,1.0,410,0,1967,179100.0,2025-06-19,Active,,,56,289.0,2,No,No,2025-06-19,2026-08-28
UPDATE,2026-08-28T00:00:00,2026-08-28,PT0044931,LST0044931,AG00290,LOC0155,Townhouse,1,3.5,2247,5362,1994,361600.0,2025-05-08,Pending,,,55,675.0,0,No,No,2025-05-08,2026-08-28
UPDATE,2026-08-28T00:00:00,2026-08-28,PT0518612,LST0518612,AG01806,LOC0152,Single Family,5,3.5,693,6566,2009,110900.0,2026-07-16,Pending,,,0,0.0,0,No,Yes,2026-07-16,2026-08-28
UPDATE,2026-08-28T00:00:00,2026-08-28,PT0123455,LST0123455,AG02862,LOC0240,Condo,6,2.0,1524,8319,1919,394200.0,2023-02-27,Active,,,164,377.0,2,No,No,2023-02-27,2026-08-28
UPDATE,2026-08-28T00:00:00,2026-08-28,PT0216216,LST0216216,AG02100,LOC0061,Condo,2,4.5,1721,8281,1965,221000.0,2024-02-28,Active,,,21,418.0,2,No,No,2024-02-28,2026-08-28
UPDATE,2026-08-28T00:00:00,2026-08-28,PT0058836,LST0058836,AG00707,LOC0075,Single Family,2,3.0,1885,4023,1992,177800.0,2024-07-18,Pending,,,89,0.0,3,No,No,2024-07-18,2026-08-28
UPDATE,2026-08-28T00:00:00,2026-08-28,PT0356545,LST0356545,AG00148,LOC0168,Single Family,1,4.5,1484,2972,1915,496600.0,2025-04-14,Active,,,154,0.0,1,No,Yes,2025-04-14,2026-08-28
UPDATE,2026-08-28T00:00:00,2026-08-28,PT0289723,LST0289723,AG02843,LOC0189,Multi-Family,1,1.0,540,5003,1993,181700.0,2025-04-23,Pending,,,16,0.0,3,No,No,2025-04-23,2026-08-28
UPDATE,2026-08-28T00:00:00,2026-08-28,PT0295614,LST0295614,AG01080,LOC0045,Single Family,2,3.5,950,2961,1948,211800.0,2023-02-23,Active,,,158,0.0,1,No,No,2023-02-23,2026-08-28
UPDATE,2026-08-28T00:00:00,2026-08-28,PT0069258,LST0069258,AG02548,LOC0153,Single Family,3,2.5,1982,1324,1921,613700.0,2024-09-10,Pending,,,17,0.0,3,No,No,2024-09-10,2026-08-28
UPDATE,2026-08-28T00:00:00,2026-08-28,PT0357600,LST0357600,AG02832,LOC0183,Single Family,6,2.5,2533,13133,2022,1018200.0,2024-09-15,Active,,,95,0.0,0,No,No,2024-09-15,2026-08-28
UPDATE,2026-08-28T00:00:00,2026-08-28,PT0079006,LST0079006,AG02393,LOC0067,Condo,3,2.5,2610,2346,1957,507800.0,2025-10-27,Pending,,,136,269.0,2,No,No,2025-10-27,2026-08-28
UPDATE,2026-08-28T00:00:00,2026-08-28,PT0306955,LST0306955,AG01412,LOC0037,Condo,3,4.5,1546,1152,1981,349700.0,2023-06-28,Pending,,,158,571.0,3,Yes,No,2023-06-28,2026-08-28
UPDATE,2026-08-28T00:00:00,2026-08-28,PT0480228,LST0480228,AG01279,LOC0158,Apartment,6,3.5,1274,0,2023,304900.0,2025-09-24,Active,,,3,640.0,1,No,No,2025-09-24,2026-08-28
UPDATE,2026-08-28T00:00:00,2026-08-28,PT0513610,LST0513610,AG00346,LOC0248,Single Family,6,3.0,1063,6469,1989,272000.0,2026-07-12,Pending,,,0,0.0,0,Yes,No,2026-07-12,2026-08-28
UPDATE,2026-08-28T00:00:00,2026-08-28,PT0523470,LST0523470,AG01058,LOC0235,Condo,4,2.0,3089,7417,1960,1276300.0,2026-07-21,Active,,,0,701.67,2,No,No,2026-07-21,2026-08-28
UPDATE,2026-08-28T00:00:00,2026-08-28,PT0042914,LST0042914,AG00997,LOC0146,Single Family,5,2.5,2046,3878,1939,221800.0,2023-08-25,Sold,210590.66,2026-08-28,1099,0.0,3,Yes,Yes,2023-08-25,2026-08-28
UPDATE,2026-08-28T00:00:00,2026-08-28,PT0007879,LST0007879,AG02161,LOC0049,Townhouse,5,1.0,3310,3045,2002,2270200.0,2026-03-14,Active,,,43,68.0,2,No,No,2026-03-14,2026-08-28
UPDATE,2026-08-28T00:00:00,2026-08-28,PT0437697,LST0437697,AG02068,LOC0247,Single Family,4,3.5,831,1374,1926,165200.0,2023-01-13,Pending,,,112,0.0,1,No,No,2023-01-13,2026-08-28
UPDATE,2026-08-28T00:00:00,2026-08-28,PT0554532,LST0554532,AG01646,LOC0099,Single Family,1,1.0,2548,1076,1923,1249100.0,2026-08-17,Active,,,0,0.0,3,No,No,2026-08-17,2026-08-28
UPDATE,2026-08-28T00:00:00,2026-08-28,PT0169289,LST0169289,AG00521,LOC0071,Single Family,5,1.5,2051,2670,1997,689300.0,2026-02-18,Pending,,,30,0.0,0,Yes,Yes,2026-02-18,2026-08-28
UPDATE,2026-08-28T00:00:00,2026-08-28,PT0349959,LST0349959,AG00080,LOC0243,Single Family,1,1.0,414,9688,1995,192400.0,2024-04-04,Sold,174949.26,2026-08-28,876,0.0,1,No,No,2024-04-04,2026-08-28
UPDATE,2026-08-28T00:00:00,2026-08-28,PT0004950,LST0004950,AG00619,LOC0135,Condo,1,4.0,1281,8857,1920,574500.0,2023-01-01,Sold,530960.84,2026-08-28,1335,775.0,1,No,No,2023-01-01,2026-08-28
UPDATE,2026-08-28T00:00:00,2026-08-28,PT0259003,LST0259003,AG02998,LOC0181,Townhouse,2,4.0,1187,4033,1937,215000.0,2026-06-26,Pending,,,15,444.0,0,No,No,2026-06-26,2026-08-28
UPDATE,2026-08-28T00:00:00,2026-08-28,PT0192735,LST0192735,AG01272,LOC0108,Condo,5,4.5,1915,1597,1923,340800.0,2023-01-31,Active,,,105,278.0,3,No,No,2023-01-31,2026-08-28
UPDATE,2026-08-28T00:00:00,2026-08-28,PT0415193,LST0415193,AG01124,LOC0244,Single Family,6,4.0,2413,3480,1997,293900.0,2024-07-25,Pending,,,174,0.0,1,No,Yes,2024-07-25,2026-08-28
UPDATE,2026-08-28T00:00:00,2026-08-28,PT0072040,LST0072040,AG00981,LOC0118,Townhouse,3,1.0,1571,14504,1969,377000.0,2024-11-25,Pending,,,91,418.0,3,No,No,2024-11-25,2026-08-28
UPDATE,2026-08-28T00:00:00,2026-08-28,PT0197923,LST0197923,AG02502,LOC0116,Single Family,6,4.0,1725,10296,1918,978100.0,2025-12-12,Active,,,47,0.0,1,No,No,2025-12-12,2026-08-28
UPDATE,2026-08-28T00:00:00,2026-08-28,PT0287822,LST0287822,AG00628,LOC0229,Single Family,1,4.5,1649,1821,2010,320500.0,2024-06-14,Active,,,13,0.0,3,No,No,2024-06-14,2026-08-28
UPDATE,2026-08-28T00:00:00,2026-08-28,PT0106405,LST0106405,AG02700,LOC0156,Single Family,5,4.0,1863,2058,1960,952900.0,2023-09-12,Active,,,15,0.0,2,No,No,2023-09-12,2026-08-28
UPDATE,2026-08-28T00:00:00,2026-08-28,PT0555989,LST0555989,AG00600,LOC0234,Multi-Family,3,1.5,4316,8455,1950,2190000.0,2026-08-19,Active,,,0,0.0,2,No,Yes,2026-08-19,2026-08-28
UPDATE,2026-08-28T00:00:00,2026-08-28,PT0543427,LST0543427,AG01377,LOC0247,Single Family,1,2.5,2960,6524,1911,660600.0,2026-08-07,Active,,,0,0.0,0,Yes,No,2026-08-07,2026-08-28
UPDATE,2026-08-28T00:00:00,2026-08-28,PT0254707,LST0254707,AG02910,LOC0004,Single Family,5,1.0,2340,2134,1960,331800.0,2026-02-18,Pending,,,39,0.0,0,No,No,2026-02-18,2026-08-28
UPDATE,2026-08-28T00:00:00,2026-08-28,PT0452636,LST0452636,AG02726,LOC0065,Single Family,4,2.5,1472,4963,1922,203600.0,2024-12-06,Active,,,24,0.0,3,No,No,2024-12-06,2026-08-28
UPDATE,2026-08-28T00:00:00,2026-08-28,PT0365404,LST0365404,AG01503,LOC0204,Condo,4,2.0,2211,1539,1980,790100.0,2024-11-16,Sold,703358.9,2026-08-28,650,295.0,0,No,No,2024-11-16,2026-08-28
UPDATE,2026-08-28T00:00:00,2026-08-28,PT0564507,LST0564507,AG01852,LOC0196,Condo,5,3.5,2049,5537,2017,503600.0,2026-08-26,Sold,504317.17,2026-08-28,2,522.83,3,Yes,No,2026-08-26,2026-08-28
UPDATE,2026-08-28T00:00:00,2026-08-28,PT0551720,LST0551720,AG01580,LOC0037,Single Family,1,3.5,1633,5625,2001,666700.0,2026-08-15,Pending,,,0,0.0,0,No,Yes,2026-08-15,2026-08-28
UPDATE,2026-08-28T00:00:00,2026-08-28,PT0347996,LST0347996,AG01193,LOC0244,Single Family,5,2.0,2323,5048,1901,211200.0,2024-05-25,Pending,,,125,0.0,2,No,No,2024-05-25,2026-08-28
UPDATE,2026-08-28T00:00:00,2026-08-28,PT0473696,LST0473696,AG02453,LOC0240,Land,0,0.0,3495,17143,1986,604800.0,2023-12-26,Pending,,,151,0.0,0,No,No,2023-12-26,2026-08-28
UPDATE,2026-08-28T00:00:00,2026-08-28,PT0500314,LST0500314,AG02676,LOC0150,Condo,2,1.0,1357,5976,1946,260300.0,2026-07-01,Active,,,0,539.9,1,No,No,2026-07-01,2026-08-28
UPDATE,2026-08-28T00:00:00,2026-08-28,PT0492241,LST0492241,AG00656,LOC0046,Apartment,1,4.0,732,0,2011,163700.0,2024-03-05,Active,,,122,71.0,2,No,No,2024-03-05,2026-08-28
UPDATE,2026-08-28T00:00:00,2026-08-28,PT0135879,LST0135879,AG02476,LOC0051,Multi-Family,1,4.5,4428,2195,1920,565600.0,2025-08-11,Sold,620370.98,2026-08-28,382,0.0,2,No,No,2025-08-11,2026-08-28
UPDATE,2026-08-28T00:00:00,2026-08-28,PT0533581,LST0533581,AG02630,LOC0168,Multi-Family,5,4.0,1538,5520,1909,824900.0,2026-07-29,Pending,,,0,0.0,3,Yes,No,2026-07-29,2026-08-28
UPDATE,2026-08-28T00:00:00,2026-08-28,PT0117124,LST0117124,AG02845,LOC0040,Single Family,3,2.5,1947,9081,1912,824000.0,2024-03-21,Active,,,61,0.0,3,Yes,No,2024-03-21,2026-08-28
UPDATE,2026-08-28T00:00:00,2026-08-28,PT0182297,LST0182297,AG02670,LOC0063,Single Family,5,2.5,2883,3140,1909,1700100.0,2026-01-26,Sold,1654352.7,2026-08-28,214,0.0,0,No,Yes,2026-01-26,2026-08-28
UPDATE,2026-08-28T00:00:00,2026-08-28,PT0305862,LST0305862,AG00953,LOC0079,Single Family,1,2.5,1432,8448,1927,521800.0,2025-11-03,Active,,,2,0.0,2,No,No,2025-11-03,2026-08-28
UPDATE,2026-08-28T00:00:00,2026-08-28,PT0028114,LST0028114,AG01525,LOC0209,Condo,2,1.0,1126,11433,1937,363400.0,2023-11-14,Active,,,28,771.0,2,No,No,2023-11-14,2026-08-28
UPDATE,2026-08-28T00:00:00,2026-08-28,PT0472021,LST0472021,AG00807,LOC0036,Condo,2,2.5,1302,2908,1939,330200.0,2026-05-10,Sold,310717.23,2026-08-28,110,177.0,1,No,No,2026-05-10,2026-08-28
UPDATE,2026-08-28T00:00:00,2026-08-28,PT0278089,LST0278089,AG02556,LOC0141,Single Family,6,3.5,1842,3227,1924,867200.0,2023-03-12,Active,,,10,0.0,0,No,No,2023-03-12,2026-08-28
UPDATE,2026-08-28T00:00:00,2026-08-28,PT0511481,LST0511481,AG00941,LOC0204,Condo,5,4.5,845,1672,1983,442200.0,2026-07-10,Pending,,,0,799.96,3,No,No,2026-07-10,2026-08-28
UPDATE,2026-08-28T00:00:00,2026-08-28,PT0264504,LST0264504,AG02135,LOC0160,Townhouse,6,3.0,1971,2771,1951,698200.0,2024-12-21,Pending,,,24,445.0,1,No,No,2024-12-21,2026-08-28
UPDATE,2026-08-28T00:00:00,2026-08-28,PT0135724,LST0135724,AG01484,LOC0006,Land,0,0.0,5495,1968,1954,1032600.0,2023-05-03,Active,,,1,0.0,0,No,No,2023-05-03,2026-08-28
UPDATE,2026-08-28T00:00:00,2026-08-28,PT0289662,LST0289662,AG01296,LOC0084,Condo,4,4.5,1786,2181,1998,491800.0,2025-07-10,Pending,,,77,180.0,1,No,No,2025-07-10,2026-08-28
UPDATE,2026-08-28T00:00:00,2026-08-28,PT0276229,LST0276229,AG00338,LOC0010,Condo,3,2.0,1474,1855,1901,531300.0,2023-07-02,Pending,,,37,634.0,1,Yes,No,2023-07-02,2026-08-28
UPDATE,2026-08-28T00:00:00,2026-08-28,PT0508254,LST0508254,AG00027,LOC0068,Land,0,0.0,3471,2737,2006,582600.0,2026-07-07,Sold,565828.89,2026-08-28,52,0.0,0,No,No,2026-07-07,2026-08-28
UPDATE,2026-08-28T00:00:00,2026-08-28,PT0180122,LST0180122,AG01205,LOC0023,Land,0,0.0,4215,1345,1912,629100.0,2025-04-13,Sold,605188.88,2026-08-28,502,0.0,0,No,No,2025-04-13,2026-08-28
UPDATE,2026-08-28T00:00:00,2026-08-28,PT0078362,LST0078362,AG01396,LOC0045,Single Family,6,4.5,1935,5386,2005,816300.0,2023-05-27,Pending,,,165,0.0,2,No,Yes,2023-05-27,2026-08-28
UPDATE,2026-08-28T00:00:00,2026-08-28,PT0297712,LST0297712,AG01051,LOC0081,Single Family,4,4.0,2313,2170,1929,735600.0,2026-05-07,Sold,751850.81,2026-08-28,113,0.0,3,No,Yes,2026-05-07,2026-08-28
UPDATE,2026-08-28T00:00:00,2026-08-28,PT0562983,LST0562983,AG02885,LOC0223,Townhouse,1,4.5,1952,2609,1947,476100.0,2026-08-25,Active,,,0,55.84,2,Yes,No,2026-08-25,2026-08-28
UPDATE,2026-08-28T00:00:00,2026-08-28,PT0134246,LST0134246,AG00558,LOC0156,Apartment,6,2.0,1036,0,1959,376000.0,2023-07-09,Sold,365567.09,2026-08-28,1146,280.0,3,No,No,2023-07-09,2026-08-28
UPDATE,2026-08-28T00:00:00,2026-08-28,PT0087296,LST0087296,AG02764,LOC0126,Multi-Family,3,4.5,3189,4660,2012,843900.0,2024-07-18,Active,,,66,0.0,0,No,Yes,2024-07-18,2026-08-28
UPDATE,2026-08-28T00:00:00,2026-08-28,PT0039914,LST0039914,AG00664,LOC0065,Townhouse,3,2.5,2119,3804,2001,289400.0,2023-02-07,Active,,,41,691.0,1,No,No,2023-02-07,2026-08-28
UPDATE,2026-08-28T00:00:00,2026-08-28,PT0431375,LST0431375,AG02367,LOC0054,Land,0,0.0,4738,3745,1970,805400.0,2024-07-07,Pending,,,77,0.0,0,No,No,2024-07-07,2026-08-28
UPDATE,2026-08-28T00:00:00,2026-08-28,PT0534988,LST0534988,AG01491,LOC0120,Condo,1,3.0,1388,4716,1957,717800.0,2026-07-31,Sold,733891.36,2026-08-28,28,111.45,2,No,No,2026-07-31,2026-08-28
UPDATE,2026-08-28T00:00:00,2026-08-28,PT0505712,LST0505712,AG01462,LOC0060,Multi-Family,1,4.5,3823,21024,1983,1092000.0,2026-07-05,Active,,,0,0.0,2,Yes,No,2026-07-05,2026-08-28
UPDATE,2026-08-28T00:00:00,2026-08-28,PT0214119,LST0214119,AG02371,LOC0234,Single Family,6,3.0,2777,8017,1957,545000.0,2024-07-19,Active,,,133,0.0,0,No,Yes,2024-07-19,2026-08-28
UPDATE,2026-08-28T00:00:00,2026-08-28,PT0002035,LST0002035,AG01331,LOC0250,Townhouse,3,1.0,2252,16221,2025,401300.0,2025-01-23,Pending,,,25,764.0,2,No,No,2025-01-23,2026-08-28
UPDATE,2026-08-28T00:00:00,2026-08-28,PT0563425,LST0563425,AG00610,LOC0120,Single Family,1,1.0,665,2806,1941,206800.0,2026-08-25,Active,,,0,0.0,1,No,Yes,2026-08-25,2026-08-28
UPDATE,2026-08-28T00:00:00,2026-08-28,PT0469858,LST0469858,AG01141,LOC0005,Single Family,1,1.5,1976,3188,2015,740500.0,2025-03-05,Sold,789591.68,2026-08-28,541,0.0,0,No,Yes,2025-03-05,2026-08-28
UPDATE,2026-08-28T00:00:00,2026-08-28,PT0188211,LST0188211,AG01531,LOC0224,Apartment,6,3.0,921,0,1964,295400.0,2023-09-25,Pending,,,141,267.0,1,No,No,2023-09-25,2026-08-28
UPDATE,2026-08-28T00:00:00,2026-08-28,PT0332634,LST0332634,AG00262,LOC0101,Single Family,4,2.0,2498,2939,2008,1443100.0,2023-02-09,Active,,,9,0.0,2,No,No,2023-02-09,2026-08-28
UPDATE,2026-08-28T00:00:00,2026-08-28,PT0024085,LST0024085,AG02621,LOC0109,Condo,3,4.0,802,4757,1915,379700.0,2023-05-05,Sold,342345.53,2026-08-28,1211,546.0,0,Yes,No,2023-05-05,2026-08-28
UPDATE,2026-08-28T00:00:00,2026-08-28,PT0441277,LST0441277,AG01138,LOC0058,Townhouse,4,4.5,1052,1431,1977,232800.0,2024-12-14,Sold,232180.46,2026-08-28,622,772.0,1,No,No,2024-12-14,2026-08-28
UPDATE,2026-08-28T00:00:00,2026-08-28,PT0517179,LST0517179,AG00073,LOC0113,Land,0,0.0,7159,6936,1933,3208300.0,2026-07-14,Sold,3141224.58,2026-08-28,45,0.0,0,No,No,2026-07-14,2026-08-28
UPDATE,2026-08-28T00:00:00,2026-08-28,PT0549675,LST0549675,AG01041,LOC0101,Single Family,2,4.5,2366,2557,1917,1051900.0,2026-08-13,Pending,,,0,0.0,1,No,Yes,2026-08-13,2026-08-28
UPDATE,2026-08-28T00:00:00,2026-08-28,PT0540120,LST0540120,AG02553,LOC0124,Single Family,4,2.5,2707,9510,1908,674800.0,2026-08-04,Active,,,0,0.0,1,No,Yes,2026-08-04,2026-08-28
UPDATE,2026-08-28T00:00:00,2026-08-28,PT0507238,LST0507238,AG01873,LOC0186,Single Family,4,3.0,1444,1655,1990,531200.0,2026-07-06,Pending,,,0,0.0,2,No,Yes,2026-07-06,2026-08-28
UPDATE,2026-08-28T00:00:00,2026-08-28,PT0304388,LST0304388,AG01285,LOC0065,Apartment,5,1.5,1270,0,1981,227600.0,2023-05-17,Pending,,,36,672.0,1,No,No,2023-05-17,2026-08-28
UPDATE,2026-08-28T00:00:00,2026-08-28,PT0204146,LST0204146,AG00323,LOC0142,Townhouse,3,1.5,2180,7808,2021,587600.0,2025-11-15,Sold,565067.09,2026-08-28,286,373.0,1,No,No,2025-11-15,2026-08-28
UPDATE,2026-08-28T00:00:00,2026-08-28,PT0223976,LST0223976,AG00639,LOC0045,Single Family,1,4.0,1429,8811,1924,487200.0,2024-04-26,Pending,,,166,0.0,0,No,No,2024-04-26,2026-08-28
UPDATE,2026-08-28T00:00:00,2026-08-28,PT0447556,LST0447556,AG02993,LOC0040,Multi-Family,2,1.5,4572,3427,1932,1076300.0,2024-01-19,Active,,,48,0.0,0,No,Yes,2024-01-19,2026-08-28
UPDATE,2026-08-28T00:00:00,2026-08-28,PT0500870,LST0500870,AG00249,LOC0010,Townhouse,1,1.5,300,18634,1914,169000.0,2026-07-01,Pending,,,0,151.14,3,No,No,2026-07-01,2026-08-28
UPDATE,2026-08-28T00:00:00,2026-08-28,PT0548891,LST0548891,AG02784,LOC0239,Townhouse,5,4.0,2313,2999,1968,485600.0,2026-08-12,Active,,,0,580.1,3,No,No,2026-08-12,2026-08-28
UPDATE,2026-08-28T00:00:00,2026-08-28,PT0204317,LST0204317,AG02820,LOC0240,Townhouse,1,4.5,1448,5533,1915,299100.0,2026-04-12,Pending,,,110,741.0,3,No,No,2026-04-12,2026-08-28
UPDATE,2026-08-28T00:00:00,2026-08-28,PT0519938,LST0519938,AG01642,LOC0075,Apartment,4,1.5,730,0,1905,58700.0,2026-07-18,Active,,,0,259.19,0,No,No,2026-07-18,2026-08-28
UPDATE,2026-08-28T00:00:00,2026-08-28,PT0564019,LST0564019,AG02986,LOC0063,Condo,2,3.5,2641,1058,1904,1395200.0,2026-08-25,Pending,,,0,443.0,2,No,No,2026-08-25,2026-08-28
UPDATE,2026-08-28T00:00:00,2026-08-28,PT0072157,LST0072157,AG02492,LOC0134,Condo,4,4.5,1973,2993,1969,542100.0,2024-05-19,Pending,,,35,766.0,0,No,No,2024-05-19,2026-08-28
UPDATE,2026-08-28T00:00:00,2026-08-28,PT0562967,LST0562967,AG02786,LOC0131,Condo,5,2.5,2659,3334,1979,159500.0,2026-08-25,Sold,164158.6,2026-08-28,3,730.21,0,No,No,2026-08-25,2026-08-28
UPDATE,2026-08-28T00:00:00,2026-08-28,PT0507847,LST0507847,AG01932,LOC0053,Townhouse,5,4.0,693,7503,2002,99800.0,2026-07-07,Pending,,,0,250.33,3,No,No,2026-07-07,2026-08-28
UPDATE,2026-08-28T00:00:00,2026-08-28,PT0402665,LST0402665,AG02832,LOC0102,Multi-Family,4,3.0,3937,11080,1948,851100.0,2025-01-16,Pending,,,31,0.0,2,Yes,No,2025-01-16,2026-08-28
UPDATE,2026-08-28T00:00:00,2026-08-28,PT0504696,LST0504696,AG00978,LOC0173,Townhouse,6,1.0,2835,5796,1927,1192500.0,2026-07-04,Active,,,0,580.91,2,Yes,No,2026-07-04,2026-08-28
UPDATE,2026-08-28T00:00:00,2026-08-28,PT0057873,LST0057873,AG02015,LOC0237,Condo,5,3.0,1056,4297,2003,153000.0,2026-06-28,Active,,,4,699.0,0,No,No,2026-06-28,2026-08-28
UPDATE,2026-08-28T00:00:00,2026-08-28,PT0449536,LST0449536,AG00199,LOC0196,Townhouse,3,2.0,480,1565,1967,192100.0,2024-12-08,Active,,,4,711.0,0,Yes,No,2024-12-08,2026-08-28
UPDATE,2026-08-28T00:00:00,2026-08-28,PT0359657,LST0359657,AG02906,LOC0047,Land,0,0.0,4482,4905,1949,1270200.0,2025-05-11,Active,,,37,0.0,0,No,No,2025-05-11,2026-08-28
UPDATE,2026-08-28T00:00:00,2026-08-28,PT0511586,LST0511586,AG02743,LOC0245,Single Family,3,2.5,2987,10669,2006,686000.0,2026-07-10,Sold,638305.22,2026-08-28,49,0.0,0,No,No,2026-07-10,2026-08-28
UPDATE,2026-08-28T00:00:00,2026-08-28,PT0101515,LST0101515,AG00284,LOC0192,Single Family,4,3.0,2280,16206,2011,250500.0,2025-01-26,Sold,229457.53,2026-08-28,579,0.0,1,No,No,2025-01-26,2026-08-28
UPDATE,2026-08-28T00:00:00,2026-08-28,PT0347242,LST0347242,AG01218,LOC0141,Townhouse,6,1.0,1344,1669,1963,448400.0,2023-04-22,Active,,,58,728.0,3,No,No,2023-04-22,2026-08-28
UPDATE,2026-08-28T00:00:00,2026-08-28,PT0035135,LST0035135,AG01061,LOC0058,Single Family,1,1.5,2068,1369,2002,396900.0,2024-11-01,Pending,,,133,0.0,1,No,Yes,2024-11-01,2026-08-28
UPDATE,2026-08-28T00:00:00,2026-08-28,PT0523832,LST0523832,AG01327,LOC0064,Condo,4,2.5,1546,1303,1965,189000.0,2026-07-21,Active,,,0,431.77,2,No,No,2026-07-21,2026-08-28
UPDATE,2026-08-28T00:00:00,2026-08-28,PT0356631,LST0356631,AG00474,LOC0245,Apartment,5,1.5,556,0,2003,157900.0,2024-11-08,Active,,,44,131.0,0,No,No,2024-11-08,2026-08-28
UPDATE,2026-08-28T00:00:00,2026-08-28,PT0080642,LST0080642,AG01150,LOC0218,Multi-Family,1,3.5,4184,7100,1991,1663100.0,2023-07-16,Active,,,24,0.0,0,Yes,Yes,2023-07-16,2026-08-28
UPDATE,2026-08-28T00:00:00,2026-08-28,PT0444126,LST0444126,AG01804,LOC0052,Townhouse,4,1.5,1455,2418,1916,326100.0,2024-07-28,Active,,,115,74.0,1,No,No,2024-07-28,2026-08-28
UPDATE,2026-08-28T00:00:00,2026-08-28,PT0004215,LST0004215,AG01646,LOC0223,Single Family,4,3.5,2427,1154,1977,938100.0,2023-04-12,Sold,877727.42,2026-08-28,1234,0.0,3,Yes,Yes,2023-04-12,2026-08-28
UPDATE,2026-08-28T00:00:00,2026-08-28,PT0013164,LST0013164,AG01417,LOC0165,Townhouse,3,4.0,2027,1305,1902,1315400.0,2024-12-20,Pending,,,94,576.0,1,No,No,2024-12-20,2026-08-28
UPDATE,2026-08-28T00:00:00,2026-08-28,PT0555393,LST0555393,AG00647,LOC0011,Land,0,0.0,6059,4762,1985,3496300.0,2026-08-18,Active,,,0,0.0,0,No,No,2026-08-18,2026-08-28
UPDATE,2026-08-28T00:00:00,2026-08-28,PT0045653,LST0045653,AG00507,LOC0046,Single Family,1,4.0,2219,1690,1932,754800.0,2024-01-26,Active,,,63,0.0,0,No,Yes,2024-01-26,2026-08-28
UPDATE,2026-08-28T00:00:00,2026-08-28,PT0178573,LST0178573,AG02520,LOC0024,Single Family,2,4.0,1957,1499,1947,823900.0,2024-03-01,Pending,,,149,0.0,2,No,No,2024-03-01,2026-08-28
UPDATE,2026-08-28T00:00:00,2026-08-28,PT0408399,LST0408399,AG01315,LOC0220,Single Family,6,1.0,1660,5588,1930,384700.0,2024-11-16,Pending,,,19,0.0,2,No,Yes,2024-11-16,2026-08-28
UPDATE,2026-08-28T00:00:00,2026-08-28,PT0068273,LST0068273,AG02925,LOC0137,Townhouse,1,2.5,1772,10014,1955,948500.0,2024-09-10,Pending,,,167,349.0,2,No,No,2024-09-10,2026-08-28
UPDATE,2026-08-28T00:00:00,2026-08-28,PT0009264,LST0009264,AG01512,LOC0001,Single Family,3,4.0,1690,9189,2013,278200.0,2026-01-31,Active,,,83,0.0,3,No,No,2026-01-31,2026-08-28
UPDATE,2026-08-28T00:00:00,2026-08-28,PT0079430,LST0079430,AG02372,LOC0188,Single Family,3,4.0,1309,4052,1935,312000.0,2023-08-10,Pending,,,48,0.0,3,No,Yes,2023-08-10,2026-08-28
UPDATE,2026-08-28T00:00:00,2026-08-28,PT0559009,LST0559009,AG02840,LOC0099,Townhouse,5,4.5,2221,3074,1970,913100.0,2026-08-21,Active,,,0,551.39,3,No,No,2026-08-21,2026-08-28
UPDATE,2026-08-28T00:00:00,2026-08-28,PT0063791,LST0063791,AG02516,LOC0005,Apartment,3,4.0,1129,0,2003,84200.0,2023-05-01,Pending,,,67,73.0,3,No,No,2023-05-01,2026-08-28
UPDATE,2026-08-28T00:00:00,2026-08-28,PT0537118,LST0537118,AG01616,LOC0146,Townhouse,1,2.0,2787,7146,1909,289200.0,2026-08-01,Pending,,,0,543.83,3,No,No,2026-08-01,2026-08-28
UPDATE,2026-08-28T00:00:00,2026-08-28,PT0513516,LST0513516,AG02202,LOC0094,Single Family,1,4.5,2303,1020,1907,605800.0,2026-07-12,Pending,,,0,0.0,0,No,Yes,2026-07-12,2026-08-28
UPDATE,2026-08-28T00:00:00,2026-08-28,PT0064287,LST0064287,AG01242,LOC0213,Condo,5,3.0,1709,3882,1978,453200.0,2023-09-19,Pending,,,169,198.0,0,Yes,No,2023-09-19,2026-08-28
UPDATE,2026-08-28T00:00:00,2026-08-28,PT0086416,LST0086416,AG01447,LOC0105,Townhouse,1,4.0,784,4631,1996,93500.0,2023-04-18,Active,,,176,325.0,1,No,No,2023-04-18,2026-08-28
UPDATE,2026-08-28T00:00:00,2026-08-28,PT0070107,LST0070107,AG02571,LOC0127,Condo,4,2.0,303,3271,1954,135000.0,2023-09-20,Pending,,,95,666.0,0,No,No,2023-09-20,2026-08-28
UPDATE,2026-08-28T00:00:00,2026-08-28,PT0010466,LST0010466,AG00320,LOC0141,Single Family,2,2.5,2969,10895,1927,713400.0,2024-06-10,Pending,,,49,0.0,0,No,No,2024-06-10,2026-08-28
UPDATE,2026-08-28T00:00:00,2026-08-28,PT0290150,LST0290150,AG02550,LOC0185,Single Family,1,2.0,1333,10011,1934,643300.0,2023-01-31,Pending,,,105,0.0,3,No,Yes,2023-01-31,2026-08-28
UPDATE,2026-08-28T00:00:00,2026-08-28,PT0457479,LST0457479,AG02927,LOC0147,Townhouse,4,4.0,772,2621,1957,34700.0,2023-07-14,Active,,,108,772.0,1,No,No,2023-07-14,2026-08-28
UPDATE,2026-08-28T00:00:00,2026-08-28,PT0443736,LST0443736,AG01221,LOC0183,Multi-Family,4,1.5,3237,8972,1901,1360300.0,2025-11-29,Pending,,,69,0.0,2,No,Yes,2025-11-29,2026-08-28
UPDATE,2026-08-28T00:00:00,2026-08-28,PT0005859,LST0005859,AG02194,LOC0222,Condo,6,3.0,1721,2054,1937,111400.0,2025-10-02,Active,,,75,383.0,1,No,No,2025-10-02,2026-08-28
UPDATE,2026-08-28T00:00:00,2026-08-28,PT0565942,LST0565942,AG00055,LOC0149,Apartment,1,2.0,1769,0,1915,295300.0,2026-08-27,Sold,307499.77,2026-08-28,1,480.88,3,No,No,2026-08-27,2026-08-28
UPDATE,2026-08-28T00:00:00,2026-08-28,PT0230909,LST0230909,AG00127,LOC0010,Townhouse,3,1.0,2736,15539,1986,851000.0,2025-07-24,Pending,,,44,519.0,1,No,No,2025-07-24,2026-08-28
UPDATE,2026-08-28T00:00:00,2026-08-28,PT0527851,LST0527851,AG00270,LOC0016,Apartment,3,1.5,1497,0,2020,228900.0,2026-07-25,Pending,,,0,498.37,0,No,No,2026-07-25,2026-08-28
UPDATE,2026-08-28T00:00:00,2026-08-28,PT0563031,LST0563031,AG01240,LOC0064,Multi-Family,3,3.0,2102,2873,1957,654200.0,2026-08-25,Active,,,0,0.0,2,No,No,2026-08-25,2026-08-28
UPDATE,2026-08-28T00:00:00,2026-08-28,PT0043604,LST0043604,AG00223,LOC0162,Single Family,5,2.5,1310,2419,1950,58900.0,2023-08-05,Pending,,,64,0.0,0,No,No,2023-08-05,2026-08-28
UPDATE,2026-08-28T00:00:00,2026-08-28,PT0156164,LST0156164,AG01435,LOC0239,Apartment,5,2.0,990,0,2009,227400.0,2026-06-04,Active,,,162,722.0,0,No,No,2026-06-04,2026-08-28
UPDATE,2026-08-28T00:00:00,2026-08-28,PT0510339,LST0510339,AG00671,LOC0041,Land,0,0.0,4944,3268,1960,1049200.0,2026-07-09,Active,,,0,0.0,0,No,No,2026-07-09,2026-08-28
UPDATE,2026-08-28T00:00:00,2026-08-28,PT0429853,LST0429853,AG02690,LOC0249,Single Family,1,2.5,3205,5475,1908,649000.0,2023-06-22,Pending,,,51,0.0,1,No,No,2023-06-22,2026-08-28
UPDATE,2026-08-28T00:00:00,2026-08-28,PT0398542,LST0398542,AG02820,LOC0034,Apartment,5,4.5,1137,0,1943,355700.0,2025-06-11,Active,,,121,182.0,3,No,No,2025-06-11,2026-08-28
UPDATE,2026-08-28T00:00:00,2026-08-28,PT0028506,LST0028506,AG02183,LOC0032,Townhouse,1,1.0,2629,13331,1960,384000.0,2025-08-20,Active,,,118,322.0,0,No,No,2025-08-20,2026-08-28
UPDATE,2026-08-28T00:00:00,2026-08-28,PT0258947,LST0258947,AG01396,LOC0047,Multi-Family,2,4.0,3140,5698,1980,1286200.0,2026-02-15,Active,,,35,0.0,3,No,Yes,2026-02-15,2026-08-28
UPDATE,2026-08-28T00:00:00,2026-08-28,PT0323448,LST0323448,AG00453,LOC0217,Single Family,4,4.0,1344,5045,1981,166100.0,2024-05-03,Pending,,,25,0.0,1,No,No,2024-05-03,2026-08-28
UPDATE,2026-08-28T00:00:00,2026-08-28,PT0387930,LST0387930,AG02954,LOC0081,Single Family,5,3.5,1954,9999,1966,698500.0,2023-04-22,Pending,,,90,0.0,0,Yes,No,2023-04-22,2026-08-28
UPDATE,2026-08-28T00:00:00,2026-08-28,PT0435799,LST0435799,AG01870,LOC0131,Single Family,1,2.0,1737,10244,1923,484200.0,2023-01-02,Pending,,,109,0.0,1,No,No,2023-01-02,2026-08-28
UPDATE,2026-08-28T00:00:00,2026-08-28,PT0276053,LST0276053,AG01289,LOC0169,Single Family,3,1.0,2533,3964,2024,528400.0,2026-03-10,Active,,,99,0.0,3,No,No,2026-03-10,2026-08-28
UPDATE,2026-08-28T00:00:00,2026-08-28,PT0057422,LST0057422,AG02139,LOC0145,Land,0,0.0,900,1102,1974,171800.0,2025-11-19,Pending,,,72,0.0,0,No,No,2025-11-19,2026-08-28
UPDATE,2026-08-28T00:00:00,2026-08-28,PT0163360,LST0163360,AG02235,LOC0237,Land,0,0.0,3332,2888,1987,543900.0,2023-06-07,Active,,,139,0.0,0,No,No,2023-06-07,2026-08-28
UPDATE,2026-08-28T00:00:00,2026-08-28,PT0376904,LST0376904,AG00524,LOC0020,Apartment,6,1.5,1435,0,1967,357600.0,2026-04-18,Active,,,21,780.0,3,No,No,2026-04-18,2026-08-28
UPDATE,2026-08-28T00:00:00,2026-08-28,PT0222769,LST0222769,AG02523,LOC0021,Townhouse,2,3.0,2162,3786,2000,217400.0,2023-10-25,Sold,221244.68,2026-08-28,1038,645.0,3,No,No,2023-10-25,2026-08-28
UPDATE,2026-08-28T00:00:00,2026-08-28,PT0500223,LST0500223,AG01220,LOC0152,Single Family,1,3.5,1086,5327,1915,389000.0,2026-07-01,Sold,383394.37,2026-08-28,58,0.0,1,No,No,2026-07-01,2026-08-28
UPDATE,2026-08-28T00:00:00,2026-08-28,PT0412976,LST0412976,AG02327,LOC0010,Townhouse,2,3.5,1149,4952,1982,420500.0,2023-08-30,Pending,,,121,584.0,1,No,No,2023-08-30,2026-08-28
UPDATE,2026-08-28T00:00:00,2026-08-28,PT0336416,LST0336416,AG00765,LOC0120,Single Family,2,1.5,1164,2360,2018,377900.0,2023-10-31,Pending,,,96,0.0,1,No,Yes,2023-10-31,2026-08-28
UPDATE,2026-08-28T00:00:00,2026-08-28,PT0147887,LST0147887,AG02766,LOC0187,Single Family,2,2.5,2019,2407,1925,851100.0,2023-05-06,Pending,,,12,0.0,3,No,No,2023-05-06,2026-08-28
UPDATE,2026-08-28T00:00:00,2026-08-28,PT0129304,LST0129304,AG00890,LOC0151,Land,0,0.0,7607,3533,2003,2095900.0,2023-12-05,Active,,,110,0.0,0,No,No,2023-12-05,2026-08-28
UPDATE,2026-08-28T00:00:00,2026-08-28,PT0283501,LST0283501,AG00992,LOC0051,Single Family,1,3.5,1914,1919,2022,350300.0,2025-12-03,Active,,,38,0.0,2,No,Yes,2025-12-03,2026-08-28
UPDATE,2026-08-28T00:00:00,2026-08-28,PT0189201,LST0189201,AG00711,LOC0110,Townhouse,5,4.0,1598,1068,1971,104000.0,2024-03-19,Active,,,166,397.0,2,No,No,2024-03-19,2026-08-28
UPDATE,2026-08-28T00:00:00,2026-08-28,PT0225292,LST0225292,AG01831,LOC0018,Multi-Family,1,1.5,3351,3338,1988,654100.0,2026-01-28,Active,,,93,0.0,3,No,Yes,2026-01-28,2026-08-28
UPDATE,2026-08-28T00:00:00,2026-08-28,PT0115897,LST0115897,AG02455,LOC0247,Single Family,2,4.5,1959,11173,1974,592800.0,2023-07-04,Pending,,,63,0.0,3,No,Yes,2023-07-04,2026-08-28
UPDATE,2026-08-28T00:00:00,2026-08-28,PT0398765,LST0398765,AG00572,LOC0074,Apartment,6,4.0,896,0,1976,358800.0,2025-08-09,Active,,,44,184.0,0,No,No,2025-08-09,2026-08-28
UPDATE,2026-08-28T00:00:00,2026-08-28,PT0540587,LST0540587,AG02375,LOC0091,Condo,6,2.5,1843,5926,1997,435400.0,2026-08-04,Active,,,0,794.01,3,No,No,2026-08-04,2026-08-28
UPDATE,2026-08-28T00:00:00,2026-08-28,PT0007035,LST0007035,AG02651,LOC0177,Condo,6,4.5,1403,7562,1994,588500.0,2024-12-30,Pending,,,41,430.0,3,No,No,2024-12-30,2026-08-28
UPDATE,2026-08-28T00:00:00,2026-08-28,PT0255268,LST0255268,AG02881,LOC0243,Condo,3,2.0,1013,6028,1917,595800.0,2023-01-12,Pending,,,33,117.0,0,No,No,2023-01-12,2026-08-28
UPDATE,2026-08-28T00:00:00,2026-08-28,PT0080612,LST0080612,AG02733,LOC0075,Apartment,3,2.0,1178,0,1969,188000.0,2024-09-19,Pending,,,171,728.0,0,No,No,2024-09-19,2026-08-28
UPDATE,2026-08-28T00:00:00,2026-08-28,PT0511705,LST0511705,AG00958,LOC0028,Condo,5,3.5,1883,6799,1998,160000.0,2026-07-10,Sold,153329.69,2026-08-28,49,661.65,1,Yes,No,2026-07-10,2026-08-28
UPDATE,2026-08-28T00:00:00,2026-08-28,PT0052802,LST0052802,AG01924,LOC0154,Townhouse,1,4.0,851,5969,1936,219000.0,2025-11-24,Pending,,,103,526.0,3,No,No,2025-11-24,2026-08-28
UPDATE,2026-08-28T00:00:00,2026-08-28,PT0297178,LST0297178,AG02097,LOC0206,Single Family,2,4.0,2298,2893,1956,507500.0,2024-02-25,Active,,,70,0.0,0,No,Yes,2024-02-25,2026-08-28
UPDATE,2026-08-28T00:00:00,2026-08-28,PT0544142,LST0544142,AG01666,LOC0095,Townhouse,3,2.0,2439,16446,1944,695700.0,2026-08-08,Pending,,,0,387.29,3,No,No,2026-08-08,2026-08-28
UPDATE,2026-08-28T00:00:00,2026-08-28,PT0013588,LST0013588,AG01268,LOC0028,Condo,3,4.5,2691,2082,1927,339100.0,2026-04-24,Pending,,,85,723.0,1,No,No,2026-04-24,2026-08-28
UPDATE,2026-08-28T00:00:00,2026-08-28,PT0135935,LST0135935,AG01952,LOC0216,Apartment,6,1.5,1266,0,1972,250800.0,2024-12-05,Active,,,27,403.0,2,No,No,2024-12-05,2026-08-28
UPDATE,2026-08-28T00:00:00,2026-08-28,PT0222273,LST0222273,AG02048,LOC0131,Single Family,4,4.0,2197,1737,1958,445700.0,2025-03-23,Sold,443841.18,2026-08-28,523,0.0,1,No,Yes,2025-03-23,2026-08-28
UPDATE,2026-08-28T00:00:00,2026-08-28,PT0333562,LST0333562,AG00851,LOC0064,Single Family,6,4.0,972,3099,2014,123700.0,2024-08-21,Active,,,178,0.0,2,No,No,2024-08-21,2026-08-28
UPDATE,2026-08-28T00:00:00,2026-08-28,PT0178702,LST0178702,AG01864,LOC0040,Condo,1,2.5,2672,3796,2018,1481500.0,2025-05-14,Pending,,,143,624.0,0,Yes,No,2025-05-14,2026-08-28
UPDATE,2026-08-28T00:00:00,2026-08-28,PT0379315,LST0379315,AG01531,LOC0067,Multi-Family,5,1.5,4295,1532,1965,932800.0,2023-11-02,Pending,,,28,0.0,0,No,Yes,2023-11-02,2026-08-28
UPDATE,2026-08-28T00:00:00,2026-08-28,PT0514584,LST0514584,AG01854,LOC0199,Single Family,3,2.5,960,1700,1982,622000.0,2026-07-13,Pending,,,0,0.0,3,No,Yes,2026-07-13,2026-08-28
UPDATE,2026-08-28T00:00:00,2026-08-28,PT0212211,LST0212211,AG00195,LOC0229,Single Family,4,2.0,1226,11664,1978,170300.0,2024-03-04,Pending,,,88,0.0,3,No,No,2024-03-04,2026-08-28
UPDATE,2026-08-28T00:00:00,2026-08-28,PT0100486,LST0100486,AG00182,LOC0127,Condo,4,4.0,1685,2388,1958,593700.0,2024-09-28,Pending,,,81,101.0,0,No,No,2024-09-28,2026-08-28
UPDATE,2026-08-28T00:00:00,2026-08-28,PT0164913,LST0164913,AG02013,LOC0205,Single Family,5,3.0,2677,2914,1914,489500.0,2024-01-19,Pending,,,99,0.0,2,Yes,No,2024-01-19,2026-08-28
UPDATE,2026-08-28T00:00:00,2026-08-28,PT0321182,LST0321182,AG01243,LOC0178,Condo,4,1.0,1657,2365,2025,225600.0,2025-12-01,Active,,,122,771.0,2,No,No,2025-12-01,2026-08-28
UPDATE,2026-08-28T00:00:00,2026-08-28,PT0321322,LST0321322,AG01798,LOC0024,Condo,1,4.0,1111,4094,1923,304100.0,2025-08-20,Pending,,,169,260.0,3,No,No,2025-08-20,2026-08-28
UPDATE,2026-08-28T00:00:00,2026-08-28,PT0525871,LST0525871,AG00027,LOC0172,Single Family,3,2.0,2328,9029,1930,476200.0,2026-07-23,Sold,469504.97,2026-08-28,36,0.0,3,No,No,2026-07-23,2026-08-28
UPDATE,2026-08-28T00:00:00,2026-08-28,PT0057081,LST0057081,AG01156,LOC0126,Single Family,3,1.0,446,5224,1962,149000.0,2024-11-24,Pending,,,124,0.0,1,No,Yes,2024-11-24,2026-08-28
UPDATE,2026-08-28T00:00:00,2026-08-28,PT0226348,LST0226348,AG01844,LOC0220,Condo,5,3.5,1746,7509,2012,931900.0,2023-05-16,Active,,,178,301.0,3,No,No,2023-05-16,2026-08-28
UPDATE,2026-08-28T00:00:00,2026-08-28,PT0034419,LST0034419,AG00975,LOC0060,Single Family,1,4.5,1848,6315,1903,376900.0,2025-11-22,Pending,,,17,0.0,3,No,Yes,2025-11-22,2026-08-28
UPDATE,2026-08-28T00:00:00,2026-08-28,PT0464068,LST0464068,AG02909,LOC0189,Condo,6,1.5,2440,2324,1976,246200.0,2023-01-20,Sold,218472.44,2026-08-28,1316,139.0,3,No,No,2023-01-20,2026-08-28
UPDATE,2026-08-28T00:00:00,2026-08-28,PT0143208,LST0143208,AG02992,LOC0008,Single Family,6,1.0,2452,1679,2022,369300.0,2025-02-05,Sold,380467.07,2026-08-28,569,0.0,1,No,No,2025-02-05,2026-08-28
UPDATE,2026-08-28T00:00:00,2026-08-28,PT0161037,LST0161037,AG00255,LOC0139,Condo,2,2.5,2324,3652,1921,607100.0,2024-04-06,Active,,,52,165.0,0,No,No,2024-04-06,2026-08-28
UPDATE,2026-08-28T00:00:00,2026-08-28,PT0132891,LST0132891,AG01994,LOC0042,Condo,3,1.5,1869,3028,1905,592000.0,2024-11-25,Active,,,126,712.0,1,Yes,No,2024-11-25,2026-08-28
UPDATE,2026-08-28T00:00:00,2026-08-28,PT0225156,LST0225156,AG02421,LOC0115,Single Family,3,2.0,3073,5601,1988,724500.0,2026-06-28,Active,,,7,0.0,3,No,Yes,2026-06-28,2026-08-28
UPDATE,2026-08-28T00:00:00,2026-08-28,PT0204148,LST0204148,AG00204,LOC0058,Single Family,6,1.5,1680,3788,1976,625200.0,2023-08-03,Active,,,44,0.0,3,Yes,Yes,2023-08-03,2026-08-28
UPDATE,2026-08-28T00:00:00,2026-08-28,PT0319815,LST0319815,AG00661,LOC0045,Land,0,0.0,4294,1573,1966,1252900.0,2023-05-15,Pending,,,114,0.0,0,No,No,2023-05-15,2026-08-28
UPDATE,2026-08-28T00:00:00,2026-08-28,PT0248760,LST0248760,AG01365,LOC0003,Townhouse,6,4.0,2070,6567,1915,307600.0,2023-01-09,Pending,,,39,80.0,0,No,No,2023-01-09,2026-08-28
UPDATE,2026-08-28T00:00:00,2026-08-28,PT0518894,LST0518894,AG02295,LOC0122,Townhouse,1,1.5,1326,2042,1999,182700.0,2026-07-16,Sold,174964.29,2026-08-28,43,676.49,0,No,No,2026-07-16,2026-08-28
UPDATE,2026-08-28T00:00:00,2026-08-28,PT0107378,LST0107378,AG01899,LOC0067,Single Family,3,1.0,2755,5100,1979,687200.0,2025-08-03,Sold,722259.22,2026-08-28,390,0.0,2,Yes,No,2025-08-03,2026-08-28
UPDATE,2026-08-28T00:00:00,2026-08-28,PT0460111,LST0460111,AG00298,LOC0199,Single Family,4,3.5,2151,2112,1972,697100.0,2025-06-04,Pending,,,67,0.0,1,No,No,2025-06-04,2026-08-28
UPDATE,2026-08-28T00:00:00,2026-08-28,PT0331088,LST0331088,AG00043,LOC0068,Single Family,5,4.5,1375,4434,2001,721400.0,2024-10-18,Sold,771176.45,2026-08-28,679,0.0,3,No,Yes,2024-10-18,2026-08-28
UPDATE,2026-08-28T00:00:00,2026-08-28,PT0325362,LST0325362,AG00070,LOC0248,Townhouse,5,3.0,1112,2286,1986,203400.0,2024-05-01,Active,,,34,141.0,3,No,No,2024-05-01,2026-08-28
UPDATE,2026-08-28T00:00:00,2026-08-28,PT0138477,LST0138477,AG02286,LOC0104,Condo,6,2.0,1265,4953,1931,476200.0,2024-12-21,Active,,,103,380.0,3,No,No,2024-12-21,2026-08-28
UPDATE,2026-08-28T00:00:00,2026-08-28,PT0112604,LST0112604,AG02439,LOC0069,Single Family,4,1.0,352,4189,1964,110500.0,2023-05-15,Active,,,15,0.0,1,No,Yes,2023-05-15,2026-08-28
UPDATE,2026-08-28T00:00:00,2026-08-28,PT0473951,LST0473951,AG00397,LOC0160,Single Family,6,1.5,2094,1907,1906,600700.0,2023-02-15,Pending,,,48,0.0,3,No,Yes,2023-02-15,2026-08-28
UPDATE,2026-08-28T00:00:00,2026-08-28,PT0186437,LST0186437,AG01723,LOC0092,Single Family,3,1.0,761,4855,1994,30100.0,2025-06-28,Pending,,,22,0.0,0,No,Yes,2025-06-28,2026-08-28
UPDATE,2026-08-28T00:00:00,2026-08-28,PT0184272,LST0184272,AG02292,LOC0237,Apartment,4,4.0,1173,0,1973,242700.0,2024-07-24,Pending,,,77,165.0,0,No,No,2024-07-24,2026-08-28
UPDATE,2026-08-28T00:00:00,2026-08-28,PT0282631,LST0282631,AG00044,LOC0010,Condo,5,2.0,2292,2259,2020,238600.0,2024-07-13,Pending,,,11,571.0,0,No,No,2024-07-13,2026-08-28
UPDATE,2026-08-28T00:00:00,2026-08-28,PT0357350,LST0357350,AG00666,LOC0074,Condo,1,3.5,1839,2264,1985,792900.0,2023-12-21,Pending,,,155,457.0,0,Yes,No,2023-12-21,2026-08-28
UPDATE,2026-08-28T00:00:00,2026-08-28,PT0131180,LST0131180,AG02038,LOC0160,Multi-Family,6,4.5,3704,4575,1996,787400.0,2023-07-06,Sold,775650.04,2026-08-28,1149,0.0,3,No,No,2023-07-06,2026-08-28
UPDATE,2026-08-28T00:00:00,2026-08-28,PT0355726,LST0355726,AG02065,LOC0250,Single Family,3,4.5,904,1850,1977,336900.0,2024-08-17,Pending,,,152,0.0,3,Yes,Yes,2024-08-17,2026-08-28
UPDATE,2026-08-28T00:00:00,2026-08-28,PT0302183,LST0302183,AG01550,LOC0215,Land,0,0.0,5573,5087,1966,2805600.0,2025-12-22,Pending,,,96,0.0,0,No,No,2025-12-22,2026-08-28
UPDATE,2026-08-28T00:00:00,2026-08-28,PT0374127,LST0374127,AG02249,LOC0231,Townhouse,5,4.0,710,2082,1905,160800.0,2025-07-10,Active,,,173,741.0,0,No,No,2025-07-10,2026-08-28
UPDATE,2026-08-28T00:00:00,2026-08-28,PT0491469,LST0491469,AG01486,LOC0121,Townhouse,5,2.0,3131,2914,1952,931000.0,2025-04-23,Pending,,,143,740.0,0,No,No,2025-04-23,2026-08-28
UPDATE,2026-08-28T00:00:00,2026-08-28,PT0009123,LST0009123,AG00662,LOC0206,Land,0,0.0,5374,1917,2021,1511100.0,2025-03-22,Active,,,40,0.0,0,No,No,2025-03-22,2026-08-28
UPDATE,2026-08-28T00:00:00,2026-08-28,PT0566560,LST0566560,AG01750,LOC0061,Apartment,4,2.5,1333,0,1989,99300.0,2026-08-28,Sold,100410.04,2026-08-28,0,90.56,3,No,No,2026-08-28,2026-08-28
UPDATE,2026-08-28T00:00:00,2026-08-28,PT0537472,LST0537472,AG01192,LOC0064,Multi-Family,6,3.5,2053,5863,1983,655300.0,2026-08-02,Active,,,0,0.0,0,No,Yes,2026-08-02,2026-08-28
UPDATE,2026-08-28T00:00:00,2026-08-28,PT0516247,LST0516247,AG01950,LOC0220,Condo,5,1.5,1385,4810,2025,369300.0,2026-07-14,Pending,,,0,157.11,0,No,No,2026-07-14,2026-08-28
UPDATE,2026-08-28T00:00:00,2026-08-28,PT0086710,LST0086710,AG02099,LOC0183,Condo,3,1.5,1225,3122,1936,310200.0,2024-02-01,Sold,291005.03,2026-08-28,939,788.0,1,No,No,2024-02-01,2026-08-28
UPDATE,2026-08-28T00:00:00,2026-08-28,PT0495349,LST0495349,AG00320,LOC0188,Townhouse,6,3.5,1279,7285,1934,197100.0,2025-06-16,Sold,195445.12,2026-08-28,438,571.0,0,No,No,2025-06-16,2026-08-28
UPDATE,2026-08-28T00:00:00,2026-08-28,PT0190537,LST0190537,AG00225,LOC0063,Multi-Family,4,3.0,2417,8090,1940,1409000.0,2024-11-12,Pending,,,156,0.0,2,No,No,2024-11-12,2026-08-28
UPDATE,2026-08-28T00:00:00,2026-08-28,PT0122823,LST0122823,AG01947,LOC0131,Condo,4,3.5,1736,3096,1974,276700.0,2023-08-21,Pending,,,133,91.0,1,No,No,2023-08-21,2026-08-28
UPDATE,2026-08-28T00:00:00,2026-08-28,PT0246884,LST0246884,AG02963,LOC0223,Multi-Family,3,3.0,540,13053,1987,245400.0,2026-06-05,Sold,235381.3,2026-08-28,84,0.0,3,No,No,2026-06-05,2026-08-28
UPDATE,2026-08-28T00:00:00,2026-08-28,PT0177836,LST0177836,AG02576,LOC0137,Townhouse,3,3.0,1472,1610,1940,499300.0,2025-02-18,Pending,,,77,496.0,1,Yes,No,2025-02-18,2026-08-28
UPDATE,2026-08-28T00:00:00,2026-08-28,PT0504076,LST0504076,AG00484,LOC0165,Apartment,6,4.5,1251,0,1925,751200.0,2026-07-04,Pending,,,0,362.21,1,No,No,2026-07-04,2026-08-28
UPDATE,2026-08-28T00:00:00,2026-08-28,PT0265606,LST0265606,AG01484,LOC0085,Townhouse,2,2.5,1848,4483,2001,404100.0,2023-06-07,Sold,386323.35,2026-08-28,1178,106.0,3,No,No,2023-06-07,2026-08-28
UPDATE,2026-08-28T00:00:00,2026-08-28,PT0031647,LST0031647,AG02369,LOC0122,Condo,4,1.0,2078,2986,2024,943000.0,2023-01-07,Active,,,158,633.0,0,No,No,2023-01-07,2026-08-28
UPDATE,2026-08-28T00:00:00,2026-08-28,PT0552584,LST0552584,AG01359,LOC0072,Multi-Family,5,4.5,1990,2257,1991,256700.0,2026-08-16,Active,,,0,0.0,3,No,No,2026-08-16,2026-08-28
UPDATE,2026-08-28T00:00:00,2026-08-28,PT0427413,LST0427413,AG00159,LOC0089,Single Family,6,4.5,1716,9380,1992,599800.0,2023-06-28,Pending,,,7,0.0,0,No,No,2023-06-28,2026-08-28
UPDATE,2026-08-28T00:00:00,2026-08-28,PT0261848,LST0261848,AG01963,LOC0221,Single Family,2,3.5,2701,4501,1943,775700.0,2025-08-13,Pending,,,4,0.0,3,No,No,2025-08-13,2026-08-28
UPDATE,2026-08-28T00:00:00,2026-08-28,PT0250427,LST0250427,AG02131,LOC0206,Single Family,6,4.0,1118,5651,1928,446400.0,2025-12-19,Active,,,113,0.0,1,No,No,2025-12-19,2026-08-28
UPDATE,2026-08-28T00:00:00,2026-08-28,PT0038440,LST0038440,AG02842,LOC0069,Multi-Family,3,4.0,3623,11703,2009,1350100.0,2024-05-26,Pending,,,154,0.0,3,No,Yes,2024-05-26,2026-08-28
UPDATE,2026-08-28T00:00:00,2026-08-28,PT0069281,LST0069281,AG02725,LOC0137,Single Family,1,1.0,1478,3622,1931,451800.0,2023-09-14,Pending,,,96,0.0,3,No,Yes,2023-09-14,2026-08-28
UPDATE,2026-08-28T00:00:00,2026-08-28,PT0184663,LST0184663,AG02901,LOC0206,Single Family,5,1.5,1807,5113,1971,518600.0,2025-02-22,Active,,,110,0.0,1,No,No,2025-02-22,2026-08-28
UPDATE,2026-08-28T00:00:00,2026-08-28,PT0395325,LST0395325,AG00698,LOC0247,Single Family,3,3.5,3096,4858,1943,555100.0,2023-11-02,Pending,,,178,0.0,1,No,No,2023-11-02,2026-08-28
UPDATE,2026-08-28T00:00:00,2026-08-28,PT0224028,LST0224028,AG01557,LOC0205,Single Family,6,4.0,2098,3647,1911,209300.0,2023-04-14,Active,,,2,0.0,3,No,No,2023-04-14,2026-08-28
UPDATE,2026-08-28T00:00:00,2026-08-28,PT0559207,LST0559207,AG02824,LOC0106,Single Family,2,4.0,2451,4628,1929,1174000.0,2026-08-21,Pending,,,0,0.0,3,No,No,2026-08-21,2026-08-28
UPDATE,2026-08-28T00:00:00,2026-08-28,PT0030198,LST0030198,AG02465,LOC0091,Condo,1,1.5,2643,7981,1931,1000600.0,2025-04-08,Sold,995840.41,2026-08-28,507,722.0,0,No,No,2025-04-08,2026-08-28
UPDATE,2026-08-28T00:00:00,2026-08-28,PT0505320,LST0505320,AG01092,LOC0157,Multi-Family,3,1.5,3214,4576,1962,966900.0,2026-07-05,Active,,,0,0.0,2,No,Yes,2026-07-05,2026-08-28
UPDATE,2026-08-28T00:00:00,2026-08-28,PT0298092,LST0298092,AG01954,LOC0139,Townhouse,4,4.5,1490,5416,1921,335100.0,2023-07-09,Pending,,,89,674.0,1,No,No,2023-07-09,2026-08-28
UPDATE,2026-08-28T00:00:00,2026-08-28,PT0552016,LST0552016,AG02690,LOC0088,Apartment,5,2.5,654,0,1982,89500.0,2026-08-15,Pending,,,0,705.78,0,No,No,2026-08-15,2026-08-28
UPDATE,2026-08-28T00:00:00,2026-08-28,PT0215284,LST0215284,AG00479,LOC0082,Single Family,1,4.0,441,4922,1951,71700.0,2023-09-21,Pending,,,142,0.0,3,No,No,2023-09-21,2026-08-28
UPDATE,2026-08-28T00:00:00,2026-08-28,PT0557389,LST0557389,AG01082,LOC0223,Single Family,1,2.5,1727,1432,1983,537200.0,2026-08-20,Active,,,0,0.0,0,No,No,2026-08-20,2026-08-28
UPDATE,2026-08-28T00:00:00,2026-08-28,PT0522593,LST0522593,AG00424,LOC0017,Land,0,0.0,4389,8545,1956,1830200.0,2026-07-20,Sold,1537301.21,2026-08-28,39,0.0,0,No,No,2026-07-20,2026-08-28
UPDATE,2026-08-28T00:00:00,2026-08-28,PT0227237,LST0227237,AG00038,LOC0220,Condo,5,4.0,1113,8050,1957,404500.0,2023-11-08,Active,,,29,364.0,1,No,No,2023-11-08,2026-08-28
UPDATE,2026-08-28T00:00:00,2026-08-28,PT0248833,LST0248833,AG00215,LOC0036,Condo,3,4.5,791,1338,1947,166100.0,2025-06-12,Sold,176070.98,2026-08-28,442,677.0,1,No,No,2025-06-12,2026-08-28
UPDATE,2026-08-28T00:00:00,2026-08-28,PT0213136,LST0213136,AG02592,LOC0226,Condo,2,4.0,300,7162,1938,158900.0,2025-07-30,Active,,,55,162.0,1,No,No,2025-07-30,2026-08-28
UPDATE,2026-08-28T00:00:00,2026-08-28,PT0524902,LST0524902,AG02666,LOC0077,Condo,5,4.5,2096,3083,1967,449200.0,2026-07-22,Active,,,0,51.7,1,No,No,2026-07-22,2026-08-28
UPDATE,2026-08-28T00:00:00,2026-08-28,PT0561035,LST0561035,AG01483,LOC0090,Single Family,5,3.0,2025,13221,1905,637400.0,2026-08-23,Active,,,0,0.0,2,Yes,No,2026-08-23,2026-08-28
UPDATE,2026-08-28T00:00:00,2026-08-28,PT0340192,LST0340192,AG02538,LOC0005,Single Family,2,2.5,1741,1408,1978,574600.0,2025-05-10,Pending,,,89,0.0,2,No,No,2025-05-10,2026-08-28
UPDATE,2026-08-28T00:00:00,2026-08-28,PT0524053,LST0524053,AG00547,LOC0008,Single Family,2,3.5,2288,6808,2013,433900.0,2026-07-21,Sold,407139.38,2026-08-28,38,0.0,3,No,No,2026-07-21,2026-08-28
UPDATE,2026-08-28T00:00:00,2026-08-28,PT0361822,LST0361822,AG00585,LOC0030,Single Family,3,2.5,2252,1892,1919,667100.0,2025-04-06,Sold,651863.35,2026-08-28,509,0.0,1,No,Yes,2025-04-06,2026-08-28
UPDATE,2026-08-28T00:00:00,2026-08-28,PT0164063,LST0164063,AG00676,LOC0229,Single Family,3,3.5,1429,6182,1923,365700.0,2025-08-02,Active,,,123,0.0,1,No,No,2025-08-02,2026-08-28
DELETE,2026-08-28T00:00:00,2026-08-28,PT0521115,LST0521115,AG01871,LOC0098,Condo,5,2.5,1980,2084,1961,395300.0,2026-07-19,Withdrawn,,,0,631.47,3,No,No,2026-07-19,2026-08-28
DELETE,2026-08-28T00:00:00,2026-08-28,PT0393270,LST0393270,AG01236,LOC0151,Apartment,1,4.0,1480,0,1915,234100.0,2025-09-13,Withdrawn,,,80,698.0,1,No,No,2025-09-13,2026-08-28
DELETE,2026-08-28T00:00:00,2026-08-28,PT0046674,LST0046674,AG00738,LOC0061,Condo,5,4.5,1649,4143,1966,298300.0,2026-05-17,Withdrawn,,,165,389.0,1,No,No,2026-05-17,2026-08-28
DELETE,2026-08-28T00:00:00,2026-08-28,PT0516176,LST0516176,AG02158,LOC0045,Single Family,1,4.0,3155,9138,2012,1068100.0,2026-07-14,Withdrawn,,,0,0.0,3,No,No,2026-07-14,2026-08-28
DELETE,2026-08-28T00:00:00,2026-08-28,PT0272162,LST0272162,AG01333,LOC0206,Single Family,2,2.0,2648,3905,1903,472800.0,2024-02-18,Withdrawn,,,24,0.0,0,No,No,2024-02-18,2026-08-28
DELETE,2026-08-28T00:00:00,2026-08-28,PT0228348,LST0228348,AG02557,LOC0055,Land,0,0.0,7145,3845,1920,1581300.0,2023-08-03,Withdrawn,,,140,0.0,0,No,No,2023-08-03,2026-08-28
DELETE,2026-08-28T00:00:00,2026-08-28,PT0298771,LST0298771,AG02662,LOC0007,Land,0,0.0,2980,5160,1916,1546500.0,2024-03-28,Withdrawn,,,15,0.0,0,No,No,2024-03-28,2026-08-28
DELETE,2026-08-28T00:00:00,2026-08-28,PT0129316,LST0129316,AG02519,LOC0191,Land,0,0.0,2040,2876,1985,711300.0,2024-04-12,Withdrawn,,,130,0.0,0,No,No,2024-04-12,2026-08-28
DELETE,2026-08-28T00:00:00,2026-08-28,PT0566103,LST0566103,AG01662,LOC0067,Townhouse,3,3.5,2799,2019,2017,666300.0,2026-08-27,Withdrawn,,,0,214.32,3,No,No,2026-08-27,2026-08-28
DELETE,2026-08-28T00:00:00,2026-08-28,PT0423901,LST0423901,AG00319,LOC0143,Single Family,5,2.0,2012,2221,1922,246600.0,2024-01-17,Withdrawn,,,118,0.0,0,No,Yes,2024-01-17,2026-08-28
DELETE,2026-08-28T00:00:00,2026-08-28,PT0530399,LST0530399,AG02865,LOC0009,Single Family,2,3.5,1656,3510,1996,414200.0,2026-07-27,Withdrawn,,,0,0.0,1,No,No,2026-07-27,2026-08-28
DELETE,2026-08-28T00:00:00,2026-08-28,PT0240069,LST0240069,AG02266,LOC0042,Townhouse,3,2.0,1128,4279,1970,268100.0,2025-02-12,Withdrawn,,,117,106.0,3,No,No,2025-02-12,2026-08-28
DELETE,2026-08-28T00:00:00,2026-08-28,PT0313924,LST0313924,AG02244,LOC0248,Condo,5,1.0,2059,9934,1933,469600.0,2025-11-05,Withdrawn,,,129,440.0,2,No,No,2025-11-05,2026-08-28
DELETE,2026-08-28T00:00:00,2026-08-28,PT0494266,LST0494266,AG00069,LOC0196,Multi-Family,2,1.0,3756,13034,2007,734300.0,2023-07-22,Withdrawn,,,147,0.0,0,No,No,2023-07-22,2026-08-28
DELETE,2026-08-28T00:00:00,2026-08-28,PT0446584,LST0446584,AG02918,LOC0039,Condo,1,3.0,1913,2327,1903,281100.0,2024-04-23,Withdrawn,,,74,431.0,1,No,No,2024-04-23,2026-08-28
DELETE,2026-08-28T00:00:00,2026-08-28,PT0047414,LST0047414,AG02414,LOC0159,Single Family,6,4.0,1515,2599,1925,521300.0,2023-09-12,Withdrawn,,,0,0.0,0,No,No,2023-09-12,2026-08-28
DELETE,2026-08-28T00:00:00,2026-08-28,PT0442960,LST0442960,AG01868,LOC0127,Multi-Family,2,4.5,2931,3858,1909,1299900.0,2024-06-17,Withdrawn,,,9,0.0,2,No,Yes,2024-06-17,2026-08-28
DELETE,2026-08-28T00:00:00,2026-08-28,PT0116258,LST0116258,AG02095,LOC0067,Townhouse,3,4.5,1011,1256,1925,156900.0,2025-08-24,Withdrawn,,,70,146.0,0,No,No,2025-08-24,2026-08-28
DELETE,2026-08-28T00:00:00,2026-08-28,PT0505491,LST0505491,AG02481,LOC0122,Condo,4,4.5,1200,2158,1992,586300.0,2026-07-05,Withdrawn,,,0,296.63,3,Yes,No,2026-07-05,2026-08-28
DELETE,2026-08-28T00:00:00,2026-08-28,PT0395812,LST0395812,AG00860,LOC0222,Single Family,4,2.5,300,3726,1930,45900.0,2023-12-09,Withdrawn,,,126,0.0,3,No,No,2023-12-09,2026-08-28
DELETE,2026-08-28T00:00:00,2026-08-28,PT0562532,LST0562532,AG01354,LOC0023,Single Family,4,2.5,910,3456,1963,229400.0,2026-08-24,Withdrawn,,,0,0.0,1,No,No,2026-08-24,2026-08-28
DELETE,2026-08-28T00:00:00,2026-08-28,PT0073865,LST0073865,AG00202,LOC0070,Single Family,2,4.5,2079,7021,1955,547700.0,2025-03-10,Withdrawn,,,108,0.0,3,No,Yes,2025-03-10,2026-08-28
DELETE,2026-08-28T00:00:00,2026-08-28,PT0533951,LST0533951,AG01411,LOC0168,Condo,2,2.5,2101,5468,1901,956800.0,2026-07-30,Withdrawn,,,0,713.37,1,No,No,2026-07-30,2026-08-28
DELETE,2026-08-28T00:00:00,2026-08-28,PT0528898,LST0528898,AG00325,LOC0050,Condo,2,3.5,2222,5683,1945,698300.0,2026-07-25,Withdrawn,,,0,341.05,1,No,No,2026-07-25,2026-08-28
DELETE,2026-08-28T00:00:00,2026-08-28,PT0466728,LST0466728,AG00132,LOC0192,Condo,6,1.0,1801,1652,1997,555000.0,2025-03-02,Withdrawn,,,155,140.0,1,Yes,No,2025-03-02,2026-08-28
DELETE,2026-08-28T00:00:00,2026-08-28,PT0164335,LST0164335,AG02800,LOC0249,Single Family,3,4.0,2772,2015,1920,822900.0,2026-05-24,Withdrawn,,,13,0.0,1,Yes,No,2026-05-24,2026-08-28
DELETE,2026-08-28T00:00:00,2026-08-28,PT0564954,LST0564954,AG01428,LOC0109,Single Family,4,2.5,2004,1969,2022,471800.0,2026-08-26,Withdrawn,,,0,0.0,2,No,Yes,2026-08-26,2026-08-28
DELETE,2026-08-28T00:00:00,2026-08-28,PT0245413,LST0245413,AG02966,LOC0179,Single Family,5,3.5,734,6963,1983,186700.0,2026-06-10,Withdrawn,,,83,0.0,2,Yes,Yes,2026-06-10,2026-08-28
DELETE,2026-08-28T00:00:00,2026-08-28,PT0282971,LST0282971,AG01414,LOC0099,Apartment,6,3.5,1094,0,1943,446500.0,2023-05-03,Withdrawn,,,62,83.0,2,No,No,2023-05-03,2026-08-28
DELETE,2026-08-28T00:00:00,2026-08-28,PT0552441,LST0552441,AG01603,LOC0053,Condo,5,1.0,1983,1312,1943,668800.0,2026-08-16,Withdrawn,,,0,424.51,3,No,No,2026-08-16,2026-08-28
DELETE,2026-08-28T00:00:00,2026-08-28,PT0071555,LST0071555,AG00638,LOC0008,Condo,1,4.0,1925,11997,1950,306200.0,2024-11-16,Withdrawn,,,159,57.0,0,No,No,2024-11-16,2026-08-28
DELETE,2026-08-28T00:00:00,2026-08-28,PT0205779,LST0205779,AG02257,LOC0075,Single Family,1,3.5,1609,2671,1988,148400.0,2025-01-09,Withdrawn,,,165,0.0,0,No,Yes,2025-01-09,2026-08-28
DELETE,2026-08-28T00:00:00,2026-08-28,PT0316695,LST0316695,AG00780,LOC0034,Multi-Family,2,2.0,2518,1743,1967,1207500.0,2024-06-30,Withdrawn,,,117,0.0,1,No,No,2024-06-30,2026-08-28
DELETE,2026-08-28T00:00:00,2026-08-28,PT0528520,LST0528520,AG02447,LOC0083,Land,0,0.0,10666,2709,1941,2508300.0,2026-07-25,Withdrawn,,,0,0.0,0,No,No,2026-07-25,2026-08-28
DELETE,2026-08-28T00:00:00,2026-08-28,PT0124528,LST0124528,AG00912,LOC0046,Single Family,2,2.0,1478,6775,1987,391100.0,2026-03-31,Withdrawn,,,110,0.0,3,No,Yes,2026-03-31,2026-08-28
DELETE,2026-08-28T00:00:00,2026-08-28,PT0131105,LST0131105,AG01957,LOC0125,Townhouse,1,3.5,1088,1192,1971,115300.0,2025-01-23,Withdrawn,,,81,713.0,0,No,No,2025-01-23,2026-08-28
DELETE,2026-08-28T00:00:00,2026-08-28,PT0468540,LST0468540,AG02548,LOC0114,Single Family,3,3.0,1535,7579,1906,302900.0,2025-03-24,Withdrawn,,,109,0.0,0,No,No,2025-03-24,2026-08-28
DELETE,2026-08-28T00:00:00,2026-08-28,PT0528042,LST0528042,AG01522,LOC0056,Townhouse,5,1.0,1413,2477,1916,459200.0,2026-07-25,Withdrawn,,,0,462.92,0,No,No,2026-07-25,2026-08-28
DELETE,2026-08-28T00:00:00,2026-08-28,PT0463107,LST0463107,AG02488,LOC0199,Apartment,4,1.5,412,0,1917,82000.0,2025-02-09,Withdrawn,,,27,324.0,3,No,No,2025-02-09,2026-08-28
DELETE,2026-08-28T00:00:00,2026-08-28,PT0106840,LST0106840,AG02946,LOC0209,Condo,6,4.5,662,5961,1927,144400.0,2023-07-22,Withdrawn,,,97,364.0,3,No,No,2023-07-22,2026-08-28
DELETE,2026-08-28T00:00:00,2026-08-28,PT0263553,LST0263553,AG01781,LOC0090,Townhouse,1,1.0,2205,2958,1908,736400.0,2023-10-04,Withdrawn,,,162,584.0,2,Yes,No,2023-10-04,2026-08-28
DELETE,2026-08-28T00:00:00,2026-08-28,PT0131658,LST0131658,AG01607,LOC0108,Single Family,3,1.5,1056,1926,1993,321900.0,2025-01-18,Withdrawn,,,2,0.0,2,No,No,2025-01-18,2026-08-28
DELETE,2026-08-28T00:00:00,2026-08-28,PT0511986,LST0511986,AG00361,LOC0054,Condo,4,1.5,1753,4748,1973,385100.0,2026-07-10,Withdrawn,,,0,101.09,1,No,No,2026-07-10,2026-08-28
DELETE,2026-08-28T00:00:00,2026-08-28,PT0546468,LST0546468,AG01862,LOC0226,Townhouse,1,1.5,2274,1127,1984,1018400.0,2026-08-10,Withdrawn,,,0,704.52,0,Yes,No,2026-08-10,2026-08-28
DELETE,2026-08-28T00:00:00,2026-08-28,PT0399371,LST0399371,AG01200,LOC0045,Multi-Family,1,1.0,3983,1940,1920,1335100.0,2023-12-11,Withdrawn,,,150,0.0,3,No,No,2023-12-11,2026-08-28
DELETE,2026-08-28T00:00:00,2026-08-28,PT0548010,LST0548010,AG01914,LOC0009,Condo,2,3.0,3642,13033,2009,315200.0,2026-08-11,Withdrawn,,,0,773.88,1,No,No,2026-08-11,2026-08-28
DELETE,2026-08-28T00:00:00,2026-08-28,PT0207885,LST0207885,AG01859,LOC0147,Apartment,5,3.5,1375,0,1998,155000.0,2024-10-28,Withdrawn,,,63,271.0,1,No,No,2024-10-28,2026-08-28
DELETE,2026-08-28T00:00:00,2026-08-28,PT0552496,LST0552496,AG01578,LOC0092,Single Family,4,1.5,1616,1823,1934,231600.0,2026-08-16,Withdrawn,,,0,0.0,0,No,No,2026-08-16,2026-08-28
DELETE,2026-08-28T00:00:00,2026-08-28,PT0117526,LST0117526,AG01535,LOC0235,Single Family,2,4.5,2011,20678,2004,598300.0,2025-08-08,Withdrawn,,,174,0.0,3,No,Yes,2025-08-08,2026-08-28
DELETE,2026-08-28T00:00:00,2026-08-28,PT0549430,LST0549430,AG01610,LOC0137,Single Family,1,2.0,2330,8282,2002,896300.0,2026-08-13,Withdrawn,,,0,0.0,0,No,No,2026-08-13,2026-08-28
DELETE,2026-08-28T00:00:00,2026-08-28,PT0284807,LST0284807,AG01357,LOC0169,Multi-Family,5,3.0,4981,15214,1970,367300.0,2025-08-11,Withdrawn,,,20,0.0,1,No,Yes,2025-08-11,2026-08-28
DELETE,2026-08-28T00:00:00,2026-08-28,PT0135297,LST0135297,AG02940,LOC0150,Single Family,2,3.5,1249,7607,1947,315300.0,2023-08-19,Withdrawn,,,73,0.0,1,No,No,2023-08-19,2026-08-28
DELETE,2026-08-28T00:00:00,2026-08-28,PT0548304,LST0548304,AG00927,LOC0189,Condo,2,4.5,2158,13372,1932,508200.0,2026-08-12,Withdrawn,,,0,710.23,0,No,No,2026-08-12,2026-08-28
DELETE,2026-08-28T00:00:00,2026-08-28,PT0453459,LST0453459,AG02767,LOC0238,Condo,4,1.0,1642,1450,1919,616100.0,2023-04-04,Withdrawn,,,27,99.0,0,No,No,2023-04-04,2026-08-28
DELETE,2026-08-28T00:00:00,2026-08-28,PT0075668,LST0075668,AG02355,LOC0034,Single Family,3,4.0,2132,10151,1956,780200.0,2025-07-07,Withdrawn,,,85,0.0,1,Yes,Yes,2025-07-07,2026-08-28
DELETE,2026-08-28T00:00:00,2026-08-28,PT0523755,LST0523755,AG00161,LOC0164,Townhouse,3,3.0,2423,5927,2009,590500.0,2026-07-21,Withdrawn,,,0,271.47,1,No,No,2026-07-21,2026-08-28
DELETE,2026-08-28T00:00:00,2026-08-28,PT0194020,LST0194020,AG00591,LOC0132,Single Family,5,1.5,1565,25592,1994,535800.0,2023-10-26,Withdrawn,,,85,0.0,2,No,Yes,2023-10-26,2026-08-28
DELETE,2026-08-28T00:00:00,2026-08-28,PT0552114,LST0552114,AG02671,LOC0086,Single Family,2,2.5,2025,2904,1972,417000.0,2026-08-15,Withdrawn,,,0,0.0,3,No,Yes,2026-08-15,2026-08-28
DELETE,2026-08-28T00:00:00,2026-08-28,PT0419904,LST0419904,AG02114,LOC0091,Single Family,6,3.5,1634,6754,1909,262900.0,2025-05-15,Withdrawn,,,159,0.0,2,No,No,2025-05-15,2026-08-28
DELETE,2026-08-28T00:00:00,2026-08-28,PT0459849,LST0459849,AG00699,LOC0089,Townhouse,4,2.0,3115,4481,2009,652700.0,2026-06-19,Withdrawn,,,93,756.0,0,Yes,No,2026-06-19,2026-08-28
DELETE,2026-08-28T00:00:00,2026-08-28,PT0368926,LST0368926,AG02298,LOC0185,Single Family,6,1.5,1533,1744,1942,597500.0,2024-04-07,Withdrawn,,,19,0.0,2,No,No,2024-04-07,2026-08-28
DELETE,2026-08-28T00:00:00,2026-08-28,PT0339832,LST0339832,AG02810,LOC0226,Single Family,5,1.0,1141,6674,1970,540100.0,2023-11-27,Withdrawn,,,72,0.0,3,No,Yes,2023-11-27,2026-08-28
DELETE,2026-08-28T00:00:00,2026-08-28,PT0250962,LST0250962,AG00384,LOC0226,Townhouse,3,2.0,2120,9049,1922,827000.0,2023-07-23,Withdrawn,,,147,173.0,1,No,No,2023-07-23,2026-08-28
DELETE,2026-08-28T00:00:00,2026-08-28,PT0298611,LST0298611,AG01208,LOC0145,Single Family,5,3.5,1057,3744,1980,300800.0,2026-05-15,Withdrawn,,,74,0.0,0,No,No,2026-05-15,2026-08-28
DELETE,2026-08-28T00:00:00,2026-08-28,PT0308926,LST0308926,AG01212,LOC0092,Single Family,4,2.0,2356,1870,1976,303700.0,2025-06-11,Withdrawn,,,131,0.0,0,Yes,No,2025-06-11,2026-08-28
DELETE,2026-08-28T00:00:00,2026-08-28,PT0142360,LST0142360,AG00900,LOC0067,Land,0,0.0,4001,4067,1958,950600.0,2024-05-01,Withdrawn,,,18,0.0,0,No,No,2024-05-01,2026-08-28
DELETE,2026-08-28T00:00:00,2026-08-28,PT0256649,LST0256649,AG00683,LOC0049,Single Family,6,2.5,1421,1185,1908,660800.0,2023-12-04,Withdrawn,,,3,0.0,2,No,No,2023-12-04,2026-08-28
DELETE,2026-08-28T00:00:00,2026-08-28,PT0300101,LST0300101,AG01125,LOC0154,Single Family,5,3.0,2117,6323,1968,304800.0,2024-07-14,Withdrawn,,,178,0.0,1,No,No,2024-07-14,2026-08-28
DELETE,2026-08-28T00:00:00,2026-08-28,PT0563205,LST0563205,AG00252,LOC0230,Condo,4,4.0,1826,1115,1909,831100.0,2026-08-25,Withdrawn,,,0,754.06,3,No,No,2026-08-25,2026-08-28
DELETE,2026-08-28T00:00:00,2026-08-28,PT0317626,LST0317626,AG00591,LOC0165,Condo,5,1.0,2120,3404,1902,951000.0,2023-07-22,Withdrawn,,,67,529.0,1,No,No,2023-07-22,2026-08-28
DELETE,2026-08-28T00:00:00,2026-08-28,PT0547260,LST0547260,AG00992,LOC0016,Condo,6,1.0,1667,5116,1985,292000.0,2026-08-10,Withdrawn,,,0,524.12,3,No,No,2026-08-10,2026-08-28
DELETE,2026-08-28T00:00:00,2026-08-28,PT0120986,LST0120986,AG00141,LOC0242,Single Family,5,1.0,1370,8523,1939,375200.0,2024-09-14,Withdrawn,,,59,0.0,1,No,Yes,2024-09-14,2026-08-28
DELETE,2026-08-28T00:00:00,2026-08-28,PT0060862,LST0060862,AG02036,LOC0141,Single Family,5,3.5,1571,4119,1911,590900.0,2024-05-19,Withdrawn,,,116,0.0,0,Yes,Yes,2024-05-19,2026-08-28
DELETE,2026-08-28T00:00:00,2026-08-28,PT0107841,LST0107841,AG02448,LOC0187,Townhouse,5,1.5,2998,2636,1966,805800.0,2024-10-22,Withdrawn,,,11,474.0,0,No,No,2024-10-22,2026-08-28
DELETE,2026-08-28T00:00:00,2026-08-28,PT0010522,LST0010522,AG02239,LOC0054,Single Family,2,4.0,1878,1547,1932,295100.0,2025-04-12,Withdrawn,,,16,0.0,1,No,No,2025-04-12,2026-08-28
DELETE,2026-08-28T00:00:00,2026-08-28,PT0421135,LST0421135,AG02716,LOC0224,Single Family,6,3.5,1298,6894,1992,364800.0,2023-11-06,Withdrawn,,,158,0.0,2,No,No,2023-11-06,2026-08-28
DELETE,2026-08-28T00:00:00,2026-08-28,PT0142619,LST0142619,AG01960,LOC0055,Condo,2,3.5,1633,3026,1965,288700.0,2024-03-24,Withdrawn,,,125,250.0,0,No,No,2024-03-24,2026-08-28
DELETE,2026-08-28T00:00:00,2026-08-28,PT0444784,LST0444784,AG00407,LOC0149,Townhouse,2,3.5,2139,10250,1979,543600.0,2024-04-19,Withdrawn,,,34,765.0,1,Yes,No,2024-04-19,2026-08-28
DELETE,2026-08-28T00:00:00,2026-08-28,PT0560680,LST0560680,AG00661,LOC0096,Apartment,3,4.0,645,0,2017,146300.0,2026-08-23,Withdrawn,,,0,568.18,1,No,No,2026-08-23,2026-08-28
DELETE,2026-08-28T00:00:00,2026-08-28,PT0513823,LST0513823,AG01505,LOC0057,Multi-Family,6,2.5,2565,11488,1900,1116400.0,2026-07-12,Withdrawn,,,0,0.0,0,No,No,2026-07-12,2026-08-28
DELETE,2026-08-28T00:00:00,2026-08-28,PT0526276,LST0526276,AG00990,LOC0233,Multi-Family,1,3.0,2713,1215,1967,711500.0,2026-07-23,Withdrawn,,,0,0.0,2,No,Yes,2026-07-23,2026-08-28
DELETE,2026-08-28T00:00:00,2026-08-28,PT0537452,LST0537452,AG02966,LOC0118,Condo,2,2.0,1667,1961,1940,162800.0,2026-08-02,Withdrawn,,,0,439.6,2,No,No,2026-08-02,2026-08-28
DELETE,2026-08-28T00:00:00,2026-08-28,PT0178323,LST0178323,AG01770,LOC0118,Condo,3,3.0,2439,9003,1962,445300.0,2025-04-17,Withdrawn,,,77,619.0,0,No,No,2025-04-17,2026-08-28
DELETE,2026-08-28T00:00:00,2026-08-28,PT0374553,LST0374553,AG02246,LOC0085,Apartment,4,2.5,588,0,1985,138500.0,2026-01-01,Withdrawn,,,131,354.0,3,No,No,2026-01-01,2026-08-28
DELETE,2026-08-28T00:00:00,2026-08-28,PT0524806,LST0524806,AG02103,LOC0092,Single Family,3,3.0,493,4744,1945,21800.0,2026-07-22,Withdrawn,,,0,0.0,3,No,No,2026-07-22,2026-08-28
DELETE,2026-08-28T00:00:00,2026-08-28,PT0564070,LST0564070,AG01592,LOC0157,Townhouse,3,3.0,2847,6706,1995,703600.0,2026-08-25,Withdrawn,,,0,420.16,3,No,No,2026-08-25,2026-08-28
DELETE,2026-08-28T00:00:00,2026-08-28,PT0471991,LST0471991,AG01222,LOC0057,Multi-Family,3,2.5,4483,2213,1906,1390700.0,2024-03-31,Withdrawn,,,52,0.0,1,No,Yes,2024-03-31,2026-08-28
DELETE,2026-08-28T00:00:00,2026-08-28,PT0207335,LST0207335,AG02410,LOC0011,Single Family,4,2.5,300,3777,1917,79400.0,2024-05-16,Withdrawn,,,156,0.0,3,No,No,2024-05-16,2026-08-28
DELETE,2026-08-28T00:00:00,2026-08-28,PT0333840,LST0333840,AG00563,LOC0154,Single Family,3,2.5,2235,3166,1994,412600.0,2025-11-05,Withdrawn,,,95,0.0,0,Yes,No,2025-11-05,2026-08-28
DELETE,2026-08-28T00:00:00,2026-08-28,PT0187810,LST0187810,AG00388,LOC0119,Apartment,5,4.5,804,0,1908,268600.0,2023-07-06,Withdrawn,,,10,380.0,0,No,No,2023-07-06,2026-08-28
DELETE,2026-08-28T00:00:00,2026-08-28,PT0524979,LST0524979,AG00097,LOC0135,Single Family,5,3.5,1881,1634,1920,441600.0,2026-07-22,Withdrawn,,,0,0.0,0,No,No,2026-07-22,2026-08-28
DELETE,2026-08-28T00:00:00,2026-08-28,PT0467823,LST0467823,AG01276,LOC0223,Townhouse,2,2.5,2223,3221,1969,1343000.0,2023-07-23,Withdrawn,,,26,671.0,3,No,No,2023-07-23,2026-08-28
DELETE,2026-08-28T00:00:00,2026-08-28,PT0110579,LST0110579,AG02609,LOC0164,Single Family,2,3.5,2971,3961,1948,579400.0,2025-02-17,Withdrawn,,,0,0.0,0,No,No,2025-02-17,2026-08-28
DELETE,2026-08-28T00:00:00,2026-08-28,PT0355554,LST0355554,AG01385,LOC0167,Townhouse,6,2.0,1513,3647,1906,1010400.0,2023-01-27,Withdrawn,,,43,515.0,0,Yes,No,2023-01-27,2026-08-28
DELETE,2026-08-28T00:00:00,2026-08-28,PT0328501,LST0328501,AG02146,LOC0033,Single Family,2,1.0,2012,3426,2008,669100.0,2026-03-26,Withdrawn,,,160,0.0,3,No,No,2026-03-26,2026-08-28
DELETE,2026-08-28T00:00:00,2026-08-28,PT0245123,LST0245123,AG02537,LOC0147,Apartment,4,4.0,260,0,1917,56400.0,2023-12-17,Withdrawn,,,108,393.0,1,No,No,2023-12-17,2026-08-28
DELETE,2026-08-28T00:00:00,2026-08-28,PT0036938,LST0036938,AG01351,LOC0086,Single Family,1,2.0,3772,3591,2017,470500.0,2023-06-20,Withdrawn,,,6,0.0,2,No,No,2023-06-20,2026-08-28
DELETE,2026-08-28T00:00:00,2026-08-28,PT0419101,LST0419101,AG02669,LOC0113,Condo,4,2.0,1638,4983,2015,762700.0,2023-01-19,Withdrawn,,,129,712.0,0,No,No,2023-01-19,2026-08-28
DELETE,2026-08-28T00:00:00,2026-08-28,PT0108481,LST0108481,AG02697,LOC0189,Single Family,5,1.5,1653,2724,1978,643100.0,2023-08-02,Withdrawn,,,26,0.0,2,No,No,2023-08-02,2026-08-28
DELETE,2026-08-28T00:00:00,2026-08-28,PT0181462,LST0181462,AG01536,LOC0027,Single Family,2,1.5,3723,3532,1909,2214600.0,2024-09-01,Withdrawn,,,118,0.0,0,No,Yes,2024-09-01,2026-08-28
DELETE,2026-08-28T00:00:00,2026-08-28,PT0523299,LST0523299,AG01475,LOC0182,Single Family,2,1.5,2012,5101,1903,691200.0,2026-07-21,Withdrawn,,,0,0.0,2,No,No,2026-07-21,2026-08-28
DELETE,2026-08-28T00:00:00,2026-08-28,PT0110011,LST0110011,AG01196,LOC0006,Single Family,2,3.5,2351,1948,1999,497100.0,2024-06-13,Withdrawn,,,81,0.0,1,No,Yes,2024-06-13,2026-08-28
DELETE,2026-08-28T00:00:00,2026-08-28,PT0320883,LST0320883,AG02560,LOC0248,Condo,3,3.5,831,3157,1985,196400.0,2025-10-10,Withdrawn,,,9,631.0,2,No,No,2025-10-10,2026-08-28
DELETE,2026-08-28T00:00:00,2026-08-28,PT0009457,LST0009457,AG01765,LOC0142,Single Family,2,4.0,1058,2465,1999,301400.0,2025-02-07,Withdrawn,,,120,0.0,1,No,Yes,2025-02-07,2026-08-28
DELETE,2026-08-28T00:00:00,2026-08-28,PT0085329,LST0085329,AG02483,LOC0012,Multi-Family,4,2.0,3941,1121,1974,1902400.0,2023-05-13,Withdrawn,,,50,0.0,0,No,Yes,2023-05-13,2026-08-28
DELETE,2026-08-28T00:00:00,2026-08-28,PT0022538,LST0022538,AG02902,LOC0069,Land,0,0.0,3480,7640,1972,1190300.0,2025-04-13,Withdrawn,,,77,0.0,0,No,No,2025-04-13,2026-08-28
DELETE,2026-08-28T00:00:00,2026-08-28,PT0118162,LST0118162,AG00450,LOC0107,Townhouse,1,1.0,2111,5734,1975,392200.0,2023-08-07,Withdrawn,,,163,693.0,2,No,No,2023-08-07,2026-08-28
DELETE,2026-08-28T00:00:00,2026-08-28,PT0272713,LST0272713,AG00258,LOC0134,Single Family,4,1.5,1385,1661,1925,378700.0,2025-05-26,Withdrawn,,,135,0.0,0,No,No,2025-05-26,2026-08-28
DELETE,2026-08-28T00:00:00,2026-08-28,PT0425838,LST0425838,AG00416,LOC0069,Townhouse,5,3.5,1766,5314,1961,377500.0,2026-01-11,Withdrawn,,,110,209.0,2,Yes,No,2026-01-11,2026-08-28
DELETE,2026-08-28T00:00:00,2026-08-28,PT0271985,LST0271985,AG02075,LOC0217,Single Family,5,2.0,1799,8062,1993,253400.0,2025-08-03,Withdrawn,,,175,0.0,0,No,No,2025-08-03,2026-08-28
DELETE,2026-08-28T00:00:00,2026-08-28,PT0367172,LST0367172,AG00124,LOC0161,Townhouse,1,2.0,300,1096,1954,98500.0,2024-12-30,Withdrawn,,,179,619.0,0,No,No,2024-12-30,2026-08-28
DELETE,2026-08-28T00:00:00,2026-08-28,PT0550400,LST0550400,AG01128,LOC0138,Townhouse,1,1.0,2173,1672,1913,1088800.0,2026-08-14,Withdrawn,,,0,799.9,2,Yes,No,2026-08-14,2026-08-28
DELETE,2026-08-28T00:00:00,2026-08-28,PT0261884,LST0261884,AG01472,LOC0028,Single Family,1,1.5,1944,14069,1985,233400.0,2025-06-29,Withdrawn,,,57,0.0,3,No,Yes,2025-06-29,2026-08-28
DELETE,2026-08-28T00:00:00,2026-08-28,PT0393972,LST0393972,AG00814,LOC0166,Condo,3,2.0,1448,1717,2008,731100.0,2025-01-16,Withdrawn,,,93,329.0,1,No,No,2025-01-16,2026-08-28
DELETE,2026-08-28T00:00:00,2026-08-28,PT0321317,LST0321317,AG01771,LOC0177,Townhouse,6,4.0,2074,4674,1992,881700.0,2023-09-09,Withdrawn,,,125,73.0,3,No,No,2023-09-09,2026-08-28
DELETE,2026-08-28T00:00:00,2026-08-28,PT0119975,LST0119975,AG02738,LOC0065,Land,0,0.0,5610,16443,1986,785000.0,2023-01-29,Withdrawn,,,53,0.0,0,No,No,2023-01-29,2026-08-28
DELETE,2026-08-28T00:00:00,2026-08-28,PT0548435,LST0548435,AG00682,LOC0238,Land,0,0.0,4791,1848,1937,1569400.0,2026-08-12,Withdrawn,,,0,0.0,0,No,No,2026-08-12,2026-08-28
DELETE,2026-08-28T00:00:00,2026-08-28,PT0487273,LST0487273,AG02837,LOC0241,Townhouse,4,3.5,2726,5682,2006,432900.0,2024-03-18,Withdrawn,,,81,518.0,3,No,No,2024-03-18,2026-08-28
DELETE,2026-08-28T00:00:00,2026-08-28,PT0139458,LST0139458,AG01583,LOC0158,Multi-Family,2,1.5,3205,3838,1941,528700.0,2025-05-15,Withdrawn,,,55,0.0,3,Yes,No,2025-05-15,2026-08-28
DELETE,2026-08-28T00:00:00,2026-08-28,PT0056317,LST0056317,AG01503,LOC0010,Single Family,6,4.0,2108,1157,1984,610600.0,2024-12-03,Withdrawn,,,155,0.0,3,No,Yes,2024-12-03,2026-08-28
DELETE,2026-08-28T00:00:00,2026-08-28,PT0543516,LST0543516,AG02686,LOC0027,Single Family,6,4.0,1614,4642,1968,535500.0,2026-08-07,Withdrawn,,,0,0.0,0,Yes,No,2026-08-07,2026-08-28
DELETE,2026-08-28T00:00:00,2026-08-28,PT0517146,LST0517146,AG01527,LOC0219,Townhouse,6,3.5,2149,1184,1993,501800.0,2026-07-14,Withdrawn,,,0,453.56,1,No,No,2026-07-14,2026-08-28
DELETE,2026-08-28T00:00:00,2026-08-28,PT0358047,LST0358047,AG00926,LOC0196,Multi-Family,3,4.0,4344,9544,1959,1785600.0,2023-09-27,Withdrawn,,,32,0.0,2,No,No,2023-09-27,2026-08-28
DELETE,2026-08-28T00:00:00,2026-08-28,PT0509674,LST0509674,AG01302,LOC0155,Single Family,5,1.5,1396,6872,1903,228300.0,2026-07-08,Withdrawn,,,0,0.0,3,No,No,2026-07-08,2026-08-28
DELETE,2026-08-28T00:00:00,2026-08-28,PT0206678,LST0206678,AG01337,LOC0142,Single Family,1,1.5,2275,7734,1929,461500.0,2025-07-07,Withdrawn,,,2,0.0,0,Yes,Yes,2025-07-07,2026-08-28
DELETE,2026-08-28T00:00:00,2026-08-28,PT0007574,LST0007574,AG02832,LOC0185,Single Family,2,1.0,1150,11508,1999,703700.0,2025-12-10,Withdrawn,,,167,0.0,2,No,Yes,2025-12-10,2026-08-28
DELETE,2026-08-28T00:00:00,2026-08-28,PT0301623,LST0301623,AG02539,LOC0187,Single Family,5,4.5,2019,2524,1984,1049300.0,2026-03-18,Withdrawn,,,159,0.0,2,No,No,2026-03-18,2026-08-28
DELETE,2026-08-28T00:00:00,2026-08-28,PT0028357,LST0028357,AG02872,LOC0016,Townhouse,1,4.0,1530,2522,1935,288400.0,2025-12-16,Withdrawn,,,28,665.0,0,No,No,2025-12-16,2026-08-28
DELETE,2026-08-28T00:00:00,2026-08-28,PT0148475,LST0148475,AG02661,LOC0026,Condo,4,3.5,1092,3192,1902,295500.0,2025-06-16,Withdrawn,,,100,521.0,3,No,No,2025-06-16,2026-08-28
DELETE,2026-08-28T00:00:00,2026-08-28,PT0046619,LST0046619,AG00699,LOC0178,Townhouse,3,4.5,1153,5711,2000,183900.0,2023-06-01,Withdrawn,,,69,448.0,0,No,No,2023-06-01,2026-08-28
DELETE,2026-08-28T00:00:00,2026-08-28,PT0241263,LST0241263,AG01794,LOC0218,Apartment,1,4.0,1826,0,2019,304600.0,2024-12-06,Withdrawn,,,10,395.0,0,No,No,2024-12-06,2026-08-28
DELETE,2026-08-28T00:00:00,2026-08-28,PT0375656,LST0375656,AG00126,LOC0084,Single Family,2,1.0,2789,3066,1968,898100.0,2023-12-02,Withdrawn,,,73,0.0,1,No,Yes,2023-12-02,2026-08-28
DELETE,2026-08-28T00:00:00,2026-08-28,PT0107515,LST0107515,AG01240,LOC0047,Condo,3,4.0,621,3564,1964,237200.0,2023-12-11,Withdrawn,,,125,369.0,2,Yes,No,2023-12-11,2026-08-28
DELETE,2026-08-28T00:00:00,2026-08-28,PT0315458,LST0315458,AG00085,LOC0057,Condo,5,2.0,2200,1562,1977,638900.0,2023-10-19,Withdrawn,,,125,533.0,2,No,No,2023-10-19,2026-08-28
DELETE,2026-08-28T00:00:00,2026-08-28,PT0556230,LST0556230,AG01580,LOC0110,Land,0,0.0,1255,4032,1932,371100.0,2026-08-19,Withdrawn,,,0,0.0,0,No,No,2026-08-19,2026-08-28
DELETE,2026-08-28T00:00:00,2026-08-28,PT0057877,LST0057877,AG02130,LOC0138,Single Family,6,3.0,1997,4833,2005,454900.0,2024-12-31,Withdrawn,,,177,0.0,0,Yes,No,2024-12-31,2026-08-28
DELETE,2026-08-28T00:00:00,2026-08-28,PT0397309,LST0397309,AG02097,LOC0036,Townhouse,1,4.5,2215,9289,1991,784500.0,2023-04-17,Withdrawn,,,41,735.0,1,No,No,2023-04-17,2026-08-28
DELETE,2026-08-28T00:00:00,2026-08-28,PT0542841,LST0542841,AG02441,LOC0008,Apartment,4,1.5,1970,0,1976,496400.0,2026-08-07,Withdrawn,,,0,235.78,1,Yes,No,2026-08-07,2026-08-28
DELETE,2026-08-28T00:00:00,2026-08-28,PT0099447,LST0099447,AG02134,LOC0137,Condo,3,1.0,1172,2798,1937,235600.0,2025-11-23,Withdrawn,,,80,117.0,1,Yes,No,2025-11-23,2026-08-28
DELETE,2026-08-28T00:00:00,2026-08-28,PT0516280,LST0516280,AG01008,LOC0098,Condo,2,2.0,1480,1846,1962,503600.0,2026-07-14,Withdrawn,,,0,513.42,2,No,No,2026-07-14,2026-08-28
DELETE,2026-08-28T00:00:00,2026-08-28,PT0544128,LST0544128,AG00693,LOC0201,Single Family,4,3.5,1162,4657,1961,268700.0,2026-08-08,Withdrawn,,,0,0.0,0,No,Yes,2026-08-08,2026-08-28
DELETE,2026-08-28T00:00:00,2026-08-28,PT0544242,LST0544242,AG01938,LOC0026,Condo,3,1.0,879,1522,1942,444600.0,2026-08-08,Withdrawn,,,0,331.12,2,No,No,2026-08-08,2026-08-28
DELETE,2026-08-28T00:00:00,2026-08-28,PT0289973,LST0289973,AG00467,LOC0168,Single Family,4,3.5,2271,6976,1901,937400.0,2024-02-10,Withdrawn,,,164,0.0,3,No,No,2024-02-10,2026-08-28
DELETE,2026-08-28T00:00:00,2026-08-28,PT0306009,LST0306009,AG00270,LOC0101,Single Family,2,4.5,914,12131,1909,249300.0,2025-08-26,Withdrawn,,,130,0.0,0,No,No,2025-08-26,2026-08-28
DELETE,2026-08-28T00:00:00,2026-08-28,PT0252414,LST0252414,AG02152,LOC0184,Multi-Family,5,2.0,3159,5148,1959,1329900.0,2025-03-31,Withdrawn,,,151,0.0,1,No,Yes,2025-03-31,2026-08-28
DELETE,2026-08-28T00:00:00,2026-08-28,PT0299533,LST0299533,AG00094,LOC0040,Condo,1,2.0,300,3541,1973,63100.0,2024-01-18,Withdrawn,,,160,537.0,1,No,No,2024-01-18,2026-08-28
DELETE,2026-08-28T00:00:00,2026-08-28,PT0432070,LST0432070,AG01463,LOC0138,Townhouse,2,3.5,1717,1742,1922,548800.0,2023-10-06,Withdrawn,,,45,593.0,1,No,No,2023-10-06,2026-08-28
DELETE,2026-08-28T00:00:00,2026-08-28,PT0401132,LST0401132,AG01919,LOC0207,Townhouse,5,1.5,2311,3488,2005,285900.0,2023-01-18,Withdrawn,,,57,484.0,1,No,No,2023-01-18,2026-08-28
DELETE,2026-08-28T00:00:00,2026-08-28,PT0321541,LST0321541,AG02422,LOC0018,Single Family,3,3.0,1971,9921,2001,762700.0,2023-10-16,Withdrawn,,,45,0.0,2,No,No,2023-10-16,2026-08-28
DELETE,2026-08-28T00:00:00,2026-08-28,PT0412093,LST0412093,AG00691,LOC0048,Condo,1,4.5,2044,10907,1980,933000.0,2024-02-08,Withdrawn,,,4,186.0,0,No,No,2024-02-08,2026-08-28
DELETE,2026-08-28T00:00:00,2026-08-28,PT0394360,LST0394360,AG01284,LOC0096,Condo,5,1.5,1975,3291,1992,757400.0,2023-08-07,Withdrawn,,,163,449.0,0,Yes,No,2023-08-07,2026-08-28
DELETE,2026-08-28T00:00:00,2026-08-28,PT0475405,LST0475405,AG01864,LOC0163,Multi-Family,1,3.0,2318,5486,2003,537700.0,2025-10-23,Withdrawn,,,4,0.0,3,No,No,2025-10-23,2026-08-28
DELETE,2026-08-28T00:00:00,2026-08-28,PT0554471,LST0554471,AG00759,LOC0181,Land,0,0.0,7270,8759,1910,1956600.0,2026-08-17,Withdrawn,,,0,0.0,0,No,No,2026-08-17,2026-08-28
DELETE,2026-08-28T00:00:00,2026-08-28,PT0020595,LST0020595,AG01340,LOC0198,Single Family,4,3.0,3253,2672,1986,386100.0,2024-11-03,Withdrawn,,,86,0.0,0,No,No,2024-11-03,2026-08-28
DELETE,2026-08-28T00:00:00,2026-08-28,PT0097420,LST0097420,AG02489,LOC0197,Land,0,0.0,8942,3919,1948,3230900.0,2025-12-16,Withdrawn,,,27,0.0,0,No,No,2025-12-16,2026-08-28
DELETE,2026-08-28T00:00:00,2026-08-28,PT0541437,LST0541437,AG00949,LOC0245,Townhouse,6,2.5,1423,16299,1936,343500.0,2026-08-05,Withdrawn,,,0,355.16,3,No,No,2026-08-05,2026-08-28
DELETE,2026-08-28T00:00:00,2026-08-28,PT0265583,LST0265583,AG00695,LOC0108,Single Family,6,2.0,2573,2654,1902,356300.0,2023-10-13,Withdrawn,,,125,0.0,1,Yes,No,2023-10-13,2026-08-28
DELETE,2026-08-28T00:00:00,2026-08-28,PT0500025,LST0500025,AG00586,LOC0201,Apartment,4,3.0,1943,0,2013,389600.0,2026-07-01,Withdrawn,,,0,744.51,2,No,No,2026-07-01,2026-08-28
DELETE,2026-08-28T00:00:00,2026-08-28,PT0521310,LST0521310,AG00157,LOC0210,Multi-Family,1,2.5,4913,2535,1962,1738200.0,2026-07-19,Withdrawn,,,0,0.0,0,No,No,2026-07-19,2026-08-28
DELETE,2026-08-28T00:00:00,2026-08-28,PT0170336,LST0170336,AG01644,LOC0031,Townhouse,3,1.0,2262,3083,2013,709500.0,2025-06-30,Withdrawn,,,88,246.0,2,No,No,2025-06-30,2026-08-28
DELETE,2026-08-28T00:00:00,2026-08-28,PT0098426,LST0098426,AG00516,LOC0061,Townhouse,2,4.5,1244,9918,1997,167900.0,2025-05-05,Withdrawn,,,124,407.0,0,No,No,2025-05-05,2026-08-28
DELETE,2026-08-28T00:00:00,2026-08-28,PT0531451,LST0531451,AG01896,LOC0105,Townhouse,2,3.0,1447,7104,1931,221700.0,2026-07-28,Withdrawn,,,0,178.94,2,No,No,2026-07-28,2026-08-28
DELETE,2026-08-28T00:00:00,2026-08-28,PT0517958,LST0517958,AG01230,LOC0238,Land,0,0.0,4896,4700,1924,1714400.0,2026-07-15,Withdrawn,,,0,0.0,0,No,No,2026-07-15,2026-08-28
DELETE,2026-08-28T00:00:00,2026-08-28,PT0545204,LST0545204,AG02572,LOC0053,Apartment,3,4.0,969,0,2017,464800.0,2026-08-09,Withdrawn,,,0,563.7,2,Yes,No,2026-08-09,2026-08-28
DELETE,2026-08-28T00:00:00,2026-08-28,PT0238859,LST0238859,AG02466,LOC0089,Single Family,3,4.0,2294,3883,1905,813500.0,2023-03-13,Withdrawn,,,159,0.0,0,No,No,2023-03-13,2026-08-28
DELETE,2026-08-28T00:00:00,2026-08-28,PT0561175,LST0561175,AG02800,LOC0061,Townhouse,3,3.5,1636,1613,1963,267700.0,2026-08-23,Withdrawn,,,0,163.01,1,Yes,No,2026-08-23,2026-08-28
DELETE,2026-08-28T00:00:00,2026-08-28,PT0117847,LST0117847,AG01664,LOC0239,Single Family,1,4.5,1236,3140,1942,509100.0,2023-04-14,Withdrawn,,,124,0.0,2,No,No,2023-04-14,2026-08-28
DELETE,2026-08-28T00:00:00,2026-08-28,PT0126747,LST0126747,AG00794,LOC0164,Apartment,6,1.5,1599,0,1937,500700.0,2023-07-21,Withdrawn,,,141,685.0,2,No,No,2023-07-21,2026-08-28
DELETE,2026-08-28T00:00:00,2026-08-28,PT0411236,LST0411236,AG02115,LOC0127,Condo,5,3.0,1597,4212,2019,728200.0,2023-11-05,Withdrawn,,,14,153.0,1,No,No,2023-11-05,2026-08-28
DELETE,2026-08-28T00:00:00,2026-08-28,PT0170439,LST0170439,AG02556,LOC0221,Single Family,6,2.0,1208,3249,1958,572500.0,2025-05-14,Withdrawn,,,22,0.0,0,No,Yes,2025-05-14,2026-08-28
DELETE,2026-08-28T00:00:00,2026-08-28,PT0361636,LST0361636,AG01655,LOC0186,Condo,5,1.0,1789,1486,1980,368300.0,2024-10-07,Withdrawn,,,96,169.0,2,No,No,2024-10-07,2026-08-28
DELETE,2026-08-28T00:00:00,2026-08-28,PT0551149,LST0551149,AG01225,LOC0249,Condo,2,1.0,1474,5211,1959,622000.0,2026-08-15,Withdrawn,,,0,664.73,1,No,No,2026-08-15,2026-08-28
DELETE,2026-08-28T00:00:00,2026-08-28,PT0263312,LST0263312,AG01644,LOC0180,Townhouse,1,3.0,2417,3419,2002,1089000.0,2025-05-26,Withdrawn,,,27,217.0,1,No,No,2025-05-26,2026-08-28
DELETE,2026-08-28T00:00:00,2026-08-28,PT0259922,LST0259922,AG02746,LOC0221,Single Family,4,2.0,1911,9688,1922,682600.0,2024-05-06,Withdrawn,,,61,0.0,3,No,Yes,2024-05-06,2026-08-28
DELETE,2026-08-28T00:00:00,2026-08-28,PT0511337,LST0511337,AG02436,LOC0011,Townhouse,5,3.5,1814,15155,2004,1240100.0,2026-07-10,Withdrawn,,,0,153.55,3,No,No,2026-07-10,2026-08-28
DELETE,2026-08-28T00:00:00,2026-08-28,PT0144652,LST0144652,AG01153,LOC0200,Single Family,5,4.0,1932,2355,1990,320900.0,2025-05-11,Withdrawn,,,56,0.0,1,Yes,No,2025-05-11,2026-08-28
DELETE,2026-08-28T00:00:00,2026-08-28,PT0549584,LST0549584,AG02105,LOC0209,Townhouse,1,4.5,1308,4169,1943,542800.0,2026-08-13,Withdrawn,,,0,280.32,2,No,No,2026-08-13,2026-08-28
DELETE,2026-08-28T00:00:00,2026-08-28,PT0483878,LST0483878,AG00846,LOC0138,Apartment,2,3.5,1174,0,2025,328400.0,2024-04-26,Withdrawn,,,158,127.0,2,Yes,No,2024-04-26,2026-08-28
DELETE,2026-08-28T00:00:00,2026-08-28,PT0295045,LST0295045,AG00433,LOC0007,Multi-Family,2,3.5,4482,8882,1979,1703400.0,2024-12-28,Withdrawn,,,105,0.0,3,Yes,Yes,2024-12-28,2026-08-28
DELETE,2026-08-28T00:00:00,2026-08-28,PT0524308,LST0524308,AG01436,LOC0182,Single Family,1,4.5,2154,11889,1948,818600.0,2026-07-22,Withdrawn,,,0,0.0,3,No,No,2026-07-22,2026-08-28
DELETE,2026-08-28T00:00:00,2026-08-28,PT0134629,LST0134629,AG02864,LOC0018,Townhouse,5,2.5,2253,3559,1971,715900.0,2024-01-19,Withdrawn,,,167,407.0,3,No,No,2024-01-19,2026-08-28
DELETE,2026-08-28T00:00:00,2026-08-28,PT0085103,LST0085103,AG02501,LOC0045,Townhouse,5,3.5,1490,1032,1916,879600.0,2024-10-27,Withdrawn,,,43,779.0,2,No,No,2024-10-27,2026-08-28
DELETE,2026-08-28T00:00:00,2026-08-28,PT0391792,LST0391792,AG00278,LOC0158,Single Family,3,2.5,2840,2905,1973,640700.0,2023-11-20,Withdrawn,,,80,0.0,0,No,No,2023-11-20,2026-08-28
DELETE,2026-08-28T00:00:00,2026-08-28,PT0313521,LST0313521,AG01688,LOC0219,Single Family,1,2.5,316,10173,1927,151400.0,2023-08-19,Withdrawn,,,165,0.0,3,No,No,2023-08-19,2026-08-28
DELETE,2026-08-28T00:00:00,2026-08-28,PT0069945,LST0069945,AG00768,LOC0072,Single Family,3,3.0,1898,11258,1994,203800.0,2025-10-21,Withdrawn,,,102,0.0,1,Yes,No,2025-10-21,2026-08-28
DELETE,2026-08-28T00:00:00,2026-08-28,PT0455683,LST0455683,AG02041,LOC0116,Apartment,1,2.0,1147,0,1983,587000.0,2023-08-23,Withdrawn,,,99,609.0,1,No,No,2023-08-23,2026-08-28
DELETE,2026-08-28T00:00:00,2026-08-28,PT0027629,LST0027629,AG02888,LOC0025,Single Family,2,4.0,1720,1224,1946,308100.0,2023-07-04,Withdrawn,,,171,0.0,1,No,Yes,2023-07-04,2026-08-28
DELETE,2026-08-28T00:00:00,2026-08-28,PT0206958,LST0206958,AG01000,LOC0076,Condo,2,3.0,1267,1263,1984,246000.0,2025-06-24,Withdrawn,,,30,556.0,2,No,No,2025-06-24,2026-08-28
DELETE,2026-08-28T00:00:00,2026-08-28,PT0280473,LST0280473,AG02816,LOC0150,Multi-Family,1,2.5,2624,1628,1943,457800.0,2025-02-07,Withdrawn,,,43,0.0,3,Yes,No,2025-02-07,2026-08-28
DELETE,2026-08-28T00:00:00,2026-08-28,PT0204987,LST0204987,AG02198,LOC0087,Condo,1,4.0,3160,1845,1954,548600.0,2024-11-27,Withdrawn,,,107,106.0,0,No,No,2024-11-27,2026-08-28
DELETE,2026-08-28T00:00:00,2026-08-28,PT0532261,LST0532261,AG02027,LOC0003,Condo,4,1.0,2441,1389,1931,178700.0,2026-07-28,Withdrawn,,,0,257.61,1,No,No,2026-07-28,2026-08-28
DELETE,2026-08-28T00:00:00,2026-08-28,PT0342957,LST0342957,AG00238,LOC0140,Single Family,6,2.5,2213,9890,1991,1201300.0,2026-01-16,Withdrawn,,,177,0.0,3,No,Yes,2026-01-16,2026-08-28
DELETE,2026-08-28T00:00:00,2026-08-28,PT0120959,LST0120959,AG02091,LOC0120,Apartment,4,3.0,1072,0,1911,247900.0,2024-02-08,Withdrawn,,,18,738.0,0,No,No,2024-02-08,2026-08-28
DELETE,2026-08-28T00:00:00,2026-08-28,PT0534466,LST0534466,AG01835,LOC0098,Single Family,6,2.0,1498,1609,1976,367900.0,2026-07-30,Withdrawn,,,0,0.0,1,No,No,2026-07-30,2026-08-28
DELETE,2026-08-28T00:00:00,2026-08-28,PT0202474,LST0202474,AG02430,LOC0194,Single Family,2,3.0,2442,8732,1920,1429100.0,2025-03-01,Withdrawn,,,124,0.0,1,No,Yes,2025-03-01,2026-08-28
DELETE,2026-08-28T00:00:00,2026-08-28,PT0348586,LST0348586,AG01009,LOC0187,Multi-Family,3,4.5,3796,6669,1946,1358100.0,2025-04-27,Withdrawn,,,112,0.0,1,No,Yes,2025-04-27,2026-08-28
DELETE,2026-08-28T00:00:00,2026-08-28,PT0427745,LST0427745,AG02863,LOC0043,Single Family,6,2.0,2394,4774,1967,143100.0,2025-10-06,Withdrawn,,,138,0.0,3,No,Yes,2025-10-06,2026-08-28
DELETE,2026-08-28T00:00:00,2026-08-28,PT0324553,LST0324553,AG00030,LOC0153,Condo,5,3.0,1098,13912,1986,353600.0,2024-09-25,Withdrawn,,,155,51.0,0,No,No,2024-09-25,2026-08-28
DELETE,2026-08-28T00:00:00,2026-08-28,PT0008566,LST0008566,AG01421,LOC0203,Single Family,1,2.0,1355,4215,1913,195900.0,2024-11-02,Withdrawn,,,120,0.0,2,No,Yes,2024-11-02,2026-08-28
DELETE,2026-08-28T00:00:00,2026-08-28,PT0420300,LST0420300,AG01660,LOC0125,Townhouse,1,3.0,575,14115,1945,128900.0,2023-01-17,Withdrawn,,,30,779.0,2,No,No,2023-01-17,2026-08-28
DELETE,2026-08-28T00:00:00,2026-08-28,PT0448564,LST0448564,AG02934,LOC0083,Condo,4,3.5,1088,10707,1992,490700.0,2025-10-04,Withdrawn,,,160,738.0,3,No,No,2025-10-04,2026-08-28
DELETE,2026-08-28T00:00:00,2026-08-28,PT0541758,LST0541758,AG01843,LOC0009,Condo,5,4.0,1403,3741,1959,228600.0,2026-08-05,Withdrawn,,,0,506.08,2,Yes,No,2026-08-05,2026-08-28
DELETE,2026-08-28T00:00:00,2026-08-28,PT0064786,LST0064786,AG01980,LOC0114,Single Family,3,2.5,1626,1471,1908,548400.0,2025-01-08,Withdrawn,,,152,0.0,3,Yes,Yes,2025-01-08,2026-08-28
DELETE,2026-08-28T00:00:00,2026-08-28,PT0545079,LST0545079,AG00322,LOC0217,Townhouse,6,2.5,1264,2353,2013,167600.0,2026-08-08,Withdrawn,,,0,654.82,1,No,No,2026-08-08,2026-08-28
DELETE,2026-08-28T00:00:00,2026-08-28,PT0341566,LST0341566,AG00833,LOC0221,Single Family,6,4.0,1572,1163,1906,521500.0,2025-03-07,Withdrawn,,,116,0.0,1,No,Yes,2025-03-07,2026-08-28
DELETE,2026-08-28T00:00:00,2026-08-28,PT0178822,LST0178822,AG02613,LOC0145,Single Family,1,2.0,1705,22722,1911,589100.0,2025-06-10,Withdrawn,,,102,0.0,0,No,Yes,2025-06-10,2026-08-28
DELETE,2026-08-28T00:00:00,2026-08-28,PT0330677,LST0330677,AG01071,LOC0231,Townhouse,2,2.0,1818,7395,1943,305800.0,2025-03-15,Withdrawn,,,149,730.0,1,No,No,2025-03-15,2026-08-28
DELETE,2026-08-28T00:00:00,2026-08-28,PT0186566,LST0186566,AG01925,LOC0113,Multi-Family,5,3.0,3653,2767,2010,682200.0,2024-12-10,Withdrawn,,,44,0.0,0,No,No,2024-12-10,2026-08-28
DELETE,2026-08-28T00:00:00,2026-08-28,PT0546368,LST0546368,AG00700,LOC0104,Condo,3,4.5,1896,4280,1905,259900.0,2026-08-10,Withdrawn,,,0,455.37,2,No,No,2026-08-10,2026-08-28
DELETE,2026-08-28T00:00:00,2026-08-28,PT0479708,LST0479708,AG00072,LOC0046,Townhouse,4,4.5,2087,2604,1933,419500.0,2023-06-26,Withdrawn,,,119,68.0,3,No,No,2023-06-26,2026-08-28
DELETE,2026-08-28T00:00:00,2026-08-28,PT0250440,LST0250440,AG01526,LOC0107,Single Family,3,1.5,1183,7355,2016,227600.0,2023-01-21,Withdrawn,,,129,0.0,0,No,No,2023-01-21,2026-08-28
DELETE,2026-08-28T00:00:00,2026-08-28,PT0164200,LST0164200,AG02518,LOC0178,Condo,3,3.0,2610,1926,1955,358300.0,2024-05-19,Withdrawn,,,150,217.0,3,No,No,2024-05-19,2026-08-28
DELETE,2026-08-28T00:00:00,2026-08-28,PT0451069,LST0451069,AG00402,LOC0218,Single Family,1,3.0,2466,4417,2000,1163200.0,2025-04-11,Withdrawn,,,165,0.0,1,Yes,No,2025-04-11,2026-08-28
DELETE,2026-08-28T00:00:00,2026-08-28,PT0417094,LST0417094,AG00452,LOC0230,Condo,4,1.0,2180,17472,1972,936300.0,2026-01-29,Withdrawn,,,56,679.0,1,No,No,2026-01-29,2026-08-28
DELETE,2026-08-28T00:00:00,2026-08-28,PT0289202,LST0289202,AG00604,LOC0171,Townhouse,3,3.0,2213,6213,1909,334300.0,2024-07-09,Withdrawn,,,139,651.0,1,No,No,2024-07-09,2026-08-28
DELETE,2026-08-28T00:00:00,2026-08-28,PT0235594,LST0235594,AG00588,LOC0070,Condo,3,2.0,1905,3912,2005,457900.0,2024-12-10,Withdrawn,,,120,62.0,3,No,No,2024-12-10,2026-08-28
DELETE,2026-08-28T00:00:00,2026-08-28,PT0478376,LST0478376,AG02857,LOC0135,Condo,4,2.5,1948,2501,1910,1068300.0,2023-08-13,Withdrawn,,,179,739.0,2,No,No,2023-08-13,2026-08-28
DELETE,2026-08-28T00:00:00,2026-08-28,PT0408294,LST0408294,AG00034,LOC0058,Townhouse,6,1.5,1400,4490,1999,583200.0,2025-03-25,Withdrawn,,,18,307.0,3,No,No,2025-03-25,2026-08-28
DELETE,2026-08-28T00:00:00,2026-08-28,PT0535727,LST0535727,AG02776,LOC0175,Single Family,5,3.0,1591,12968,1952,244500.0,2026-07-31,Withdrawn,,,0,0.0,3,No,No,2026-07-31,2026-08-28
DELETE,2026-08-28T00:00:00,2026-08-28,PT0541654,LST0541654,AG00684,LOC0101,Single Family,2,1.0,1443,6414,1929,323900.0,2026-08-05,Withdrawn,,,0,0.0,0,No,No,2026-08-05,2026-08-28
DELETE,2026-08-28T00:00:00,2026-08-28,PT0558037,LST0558037,AG01230,LOC0053,Single Family,3,3.5,2111,1816,1935,881200.0,2026-08-21,Withdrawn,,,0,0.0,2,Yes,No,2026-08-21,2026-08-28
DELETE,2026-08-28T00:00:00,2026-08-28,PT0442591,LST0442591,AG00254,LOC0083,Multi-Family,6,4.5,3464,1212,1930,638300.0,2024-05-01,Withdrawn,,,57,0.0,3,No,Yes,2024-05-01,2026-08-28
DELETE,2026-08-28T00:00:00,2026-08-28,PT0299646,LST0299646,AG02291,LOC0041,Townhouse,1,3.5,1481,6887,2009,173800.0,2024-10-21,Withdrawn,,,62,321.0,3,No,No,2024-10-21,2026-08-28
DELETE,2026-08-28T00:00:00,2026-08-28,PT0418422,LST0418422,AG02117,LOC0123,Single Family,1,2.5,2648,3110,1962,255400.0,2023-07-24,Withdrawn,,,97,0.0,2,No,No,2023-07-24,2026-08-28
DELETE,2026-08-28T00:00:00,2026-08-28,PT0360126,LST0360126,AG01374,LOC0189,Condo,4,1.0,2242,2071,1962,458500.0,2025-12-06,Withdrawn,,,54,718.0,3,No,No,2025-12-06,2026-08-28
DELETE,2026-08-28T00:00:00,2026-08-28,PT0528362,LST0528362,AG00437,LOC0027,Single Family,4,4.0,1904,2578,1968,512300.0,2026-07-25,Withdrawn,,,0,0.0,0,No,No,2026-07-25,2026-08-28
DELETE,2026-08-28T00:00:00,2026-08-28,PT0114372,LST0114372,AG02518,LOC0212,Single Family,3,4.5,2316,3139,1968,1338200.0,2023-10-21,Withdrawn,,,16,0.0,2,No,Yes,2023-10-21,2026-08-28
DELETE,2026-08-28T00:00:00,2026-08-28,PT0099841,LST0099841,AG00020,LOC0199,Single Family,4,3.5,1181,3734,1939,505600.0,2024-11-25,Withdrawn,,,177,0.0,1,No,No,2024-11-25,2026-08-28
DELETE,2026-08-28T00:00:00,2026-08-28,PT0045328,LST0045328,AG00938,LOC0239,Apartment,4,4.0,567,0,2017,128600.0,2024-10-12,Withdrawn,,,0,423.0,0,No,No,2024-10-12,2026-08-28
DELETE,2026-08-28T00:00:00,2026-08-28,PT0269551,LST0269551,AG02813,LOC0113,Single Family,1,2.5,3693,1781,1924,1238800.0,2025-05-04,Withdrawn,,,166,0.0,0,Yes,No,2025-05-04,2026-08-28
DELETE,2026-08-28T00:00:00,2026-08-28,PT0136186,LST0136186,AG00741,LOC0197,Apartment,1,2.0,1305,0,1960,606800.0,2025-07-09,Withdrawn,,,12,457.0,0,Yes,No,2025-07-09,2026-08-28
DELETE,2026-08-28T00:00:00,2026-08-28,PT0208935,LST0208935,AG00098,LOC0130,Single Family,1,4.0,622,1084,1928,170500.0,2024-11-29,Withdrawn,,,161,0.0,3,No,Yes,2024-11-29,2026-08-28
DELETE,2026-08-28T00:00:00,2026-08-28,PT0233718,LST0233718,AG02904,LOC0136,Condo,1,1.0,1733,2178,1970,417500.0,2026-04-24,Withdrawn,,,131,700.0,2,No,No,2026-04-24,2026-08-28
DELETE,2026-08-28T00:00:00,2026-08-28,PT0553660,LST0553660,AG01807,LOC0234,Single Family,4,4.5,1881,2434,1964,1031100.0,2026-08-16,Withdrawn,,,0,0.0,2,No,Yes,2026-08-16,2026-08-28
DELETE,2026-08-28T00:00:00,2026-08-28,PT0072902,LST0072902,AG02464,LOC0180,Single Family,6,3.0,1168,3893,1941,459000.0,2025-10-29,Withdrawn,,,120,0.0,0,No,Yes,2025-10-29,2026-08-28
DELETE,2026-08-28T00:00:00,2026-08-28,PT0447657,LST0447657,AG01528,LOC0184,Single Family,2,2.0,1790,4670,1921,617100.0,2026-03-05,Withdrawn,,,165,0.0,2,No,Yes,2026-03-05,2026-08-28
DELETE,2026-08-28T00:00:00,2026-08-28,PT0160513,LST0160513,AG02578,LOC0093,Condo,5,2.5,2147,3881,2025,550900.0,2023-04-09,Withdrawn,,,24,488.0,1,No,No,2023-04-09,2026-08-28
DELETE,2026-08-28T00:00:00,2026-08-28,PT0052489,LST0052489,AG00945,LOC0113,Single Family,2,4.5,1782,29747,2012,854000.0,2025-05-14,Withdrawn,,,150,0.0,1,No,Yes,2025-05-14,2026-08-28
DELETE,2026-08-28T00:00:00,2026-08-28,PT0096184,LST0096184,AG02365,LOC0142,Single Family,6,2.0,1294,3112,1997,404200.0,2023-12-12,Withdrawn,,,30,0.0,3,No,No,2023-12-12,2026-08-28
DELETE,2026-08-28T00:00:00,2026-08-28,PT0175320,LST0175320,AG01575,LOC0192,Land,0,0.0,1908,1656,1903,718800.0,2025-11-10,Withdrawn,,,119,0.0,0,No,No,2025-11-10,2026-08-28
DELETE,2026-08-28T00:00:00,2026-08-28,PT0395285,LST0395285,AG01264,LOC0017,Townhouse,2,1.5,2310,6904,2011,873500.0,2025-12-08,Withdrawn,,,177,623.0,0,No,No,2025-12-08,2026-08-28
DELETE,2026-08-28T00:00:00,2026-08-28,PT0535819,LST0535819,AG01814,LOC0041,Single Family,2,2.0,1257,4056,1929,478400.0,2026-07-31,Withdrawn,,,0,0.0,2,Yes,No,2026-07-31,2026-08-28
DELETE,2026-08-28T00:00:00,2026-08-28,PT0519551,LST0519551,AG01103,LOC0045,Apartment,3,3.5,655,0,1908,290400.0,2026-07-17,Withdrawn,,,0,689.01,0,Yes,No,2026-07-17,2026-08-28
DELETE,2026-08-28T00:00:00,2026-08-28,PT0506485,LST0506485,AG02040,LOC0201,Apartment,3,1.5,2021,0,2010,575100.0,2026-07-06,Withdrawn,,,0,344.97,2,No,No,2026-07-06,2026-08-28
