operation_type,cdc_timestamp,batch_date,property_id,listing_id,agent_id,location_id,property_type,bedrooms,bathrooms,square_feet,lot_size_sqft,year_built,listing_price,list_date,status,sold_price,sold_date,days_on_market,hoa_fee,garage_spaces,has_pool,has_basement,created_at,updated_at
INSERT,2026-08-24T00:00:00,2026-08-24,PT0561500,LST0561500,AG02436,LOC0073,Single Family,3,4.0,1797,1407,1957,549900.0,2026-08-24,Active,,,0,0.0,2,No,Yes,2026-08-24,2026-08-24
INSERT,2026-08-24T00:00:00,2026-08-24,PT0561501,LST0561501,AG00081,LOC0134,Townhouse,4,3.0,2007,5725,1978,621400.0,2026-08-24,Active,,,0,257.27,3,No,No,2026-08-24,2026-08-24
INSERT,2026-08-24T00:00:00,2026-08-24,PT0561502,LST0561502,AG02015,LOC0009,Single Family,3,2.0,2115,2108,1987,485500.0,2026-08-24,Active,,,0,0.0,2,No,No,2026-08-24,2026-08-24
INSERT,2026-08-24T00:00:00,2026-08-24,PT0561503,LST0561503,AG02611,LOC0055,Apartment,3,2.0,1333,0,1951,284800.0,2026-08-24,Active,,,0,638.11,2,No,No,2026-08-24,2026-08-24
INSERT,2026-08-24T00:00:00,2026-08-24,PT0561504,LST0561504,AG01083,LOC0151,Multi-Family,6,3.5,3604,11767,1948,550400.0,2026-08-24,Active,,,0,0.0,3,No,Yes,2026-08-24,2026-08-24
INSERT,2026-08-24T00:00:00,2026-08-24,PT0561505,LST0561505,AG00341,LOC0050,Townhouse,2,4.5,2484,5637,2012,426700.0,2026-08-24,Active,,,0,682.4,3,No,No,2026-08-24,2026-08-24
INSERT,2026-08-24T00:00:00,2026-08-24,PT0561506,LST0561506,AG00278,LOC0017,Single Family,4,4.5,2186,1937,1901,621600.0,2026-08-24,Active,,,0,0.0,1,No,Yes,2026-08-24,2026-08-24
INSERT,2026-08-24T00:00:00,2026-08-24,PT0561507,LST0561507,AG01599,LOC0137,Single Family,1,1.5,1270,3585,1965,516400.0,2026-08-24,Active,,,0,0.0,1,No,No,2026-08-24,2026-08-24
INSERT,2026-08-24T00:00:00,2026-08-24,PT0561508,LST0561508,AG00446,LOC0169,Single Family,2,1.0,300,2091,2013,98000.0,2026-08-24,Active,,,0,0.0,2,No,Yes,2026-08-24,2026-08-24
INSERT,2026-08-24T00:00:00,2026-08-24,PT0561509,LST0561509,AG00183,LOC0191,Condo,6,4.5,606,7231,1904,284900.0,2026-08-24,Active,,,0,129.94,2,No,No,2026-08-24,2026-08-24
INSERT,2026-08-24T00:00:00,2026-08-24,PT0561510,LST0561510,AG01684,LOC0049,Single Family,3,1.5,2589,2172,1945,439400.0,2026-08-24,Active,,,0,0.0,3,No,No,2026-08-24,2026-08-24
INSERT,2026-08-24T00:00:00,2026-08-24,PT0561511,LST0561511,AG00544,LOC0149,Condo,2,3.0,2564,4933,2015,797500.0,2026-08-24,Active,,,0,239.2,3,No,No,2026-08-24,2026-08-24
INSERT,2026-08-24T00:00:00,2026-08-24,PT0561512,LST0561512,AG00371,LOC0067,Land,0,0.0,5894,6351,2010,1125500.0,2026-08-24,Active,,,0,0.0,0,No,No,2026-08-24,2026-08-24
INSERT,2026-08-24T00:00:00,2026-08-24,PT0561513,LST0561513,AG01407,LOC0228,Land,0,0.0,7491,5769,1904,3692700.0,2026-08-24,Active,,,0,0.0,0,No,No,2026-08-24,2026-08-24
INSERT,2026-08-24T00:00:00,2026-08-24,PT0561514,LST0561514,AG01519,LOC0056,Condo,4,4.5,1749,9951,1978,1046400.0,2026-08-24,Active,,,0,164.33,3,No,No,2026-08-24,2026-08-24
INSERT,2026-08-24T00:00:00,2026-08-24,PT0561515,LST0561515,AG00619,LOC0156,Single Family,2,2.5,1641,1222,1924,702500.0,2026-08-24,Active,,,0,0.0,3,No,Yes,2026-08-24,2026-08-24
INSERT,2026-08-24T00:00:00,2026-08-24,PT0561516,LST0561516,AG01499,LOC0180,Townhouse,1,3.0,2233,4322,2019,913500.0,2026-08-24,Active,,,0,772.29,0,No,No,2026-08-24,2026-08-24
INSERT,2026-08-24T00:00:00,2026-08-24,PT0561517,LST0561517,AG01481,LOC0144,Single Family,1,3.0,1632,4618,1908,174200.0,2026-08-24,Active,,,0,0.0,0,No,Yes,2026-08-24,2026-08-24
INSERT,2026-08-24T00:00:00,2026-08-24,PT0561518,LST0561518,AG02383,LOC0066,Single Family,5,3.0,1056,13836,2006,192300.0,2026-08-24,Active,,,0,0.0,3,No,No,2026-08-24,2026-08-24
INSERT,2026-08-24T00:00:00,2026-08-24,PT0561519,LST0561519,AG00933,LOC0133,Townhouse,1,3.0,3012,2099,1906,636600.0,2026-08-24,Active,,,0,406.51,1,No,No,2026-08-24,2026-08-24
INSERT,2026-08-24T00:00:00,2026-08-24,PT0561520,LST0561520,AG02324,LOC0131,Condo,5,1.0,1538,4653,1973,539700.0,2026-08-24,Active,,,0,113.57,2,No,No,2026-08-24,2026-08-24
INSERT,2026-08-24T00:00:00,2026-08-24,PT0561521,LST0561521,AG02341,LOC0243,Single Family,3,4.0,1531,7194,1901,416000.0,2026-08-24,Active,,,0,0.0,3,No,No,2026-08-24,2026-08-24
INSERT,2026-08-24T00:00:00,2026-08-24,PT0561522,LST0561522,AG00768,LOC0096,Single Family,4,4.0,3074,4989,1903,578300.0,2026-08-24,Active,,,0,0.0,3,No,Yes,2026-08-24,2026-08-24
INSERT,2026-08-24T00:00:00,2026-08-24,PT0561523,LST0561523,AG00643,LOC0188,Multi-Family,4,4.0,3831,5358,2003,487700.0,2026-08-24,Active,,,0,0.0,3,No,Yes,2026-08-24,2026-08-24
INSERT,2026-08-24T00:00:00,2026-08-24,PT0561524,LST0561524,AG01687,LOC0202,Condo,1,3.0,1512,1254,1903,343500.0,2026-08-24,Active,,,0,340.48,3,No,No,2026-08-24,2026-08-24
INSERT,2026-08-24T00:00:00,2026-08-24,PT0561525,LST0561525,AG01777,LOC0129,Land,0,0.0,4360,10360,1920,1258900.0,2026-08-24,Active,,,0,0.0,0,No,No,2026-08-24,2026-08-24
INSERT,2026-08-24T00:00:00,2026-08-24,PT0561526,LST0561526,AG02138,LOC0126,Single Family,3,1.5,2288,11617,1960,477200.0,2026-08-24,Active,,,0,0.0,2,Yes,No,2026-08-24,2026-08-24
INSERT,2026-08-24T00:00:00,2026-08-24,PT0561527,LST0561527,AG01472,LOC0060,Single Family,5,4.5,2679,9928,1925,616200.0,2026-08-24,Active,,,0,0.0,2,Yes,No,2026-08-24,2026-08-24
INSERT,2026-08-24T00:00:00,2026-08-24,PT0561528,LST0561528,AG01703,LOC0246,Condo,1,2.5,2153,1038,1997,313400.0,2026-08-24,Active,,,0,469.43,3,No,No,2026-08-24,2026-08-24
INSERT,2026-08-24T00:00:00,2026-08-24,PT0561529,LST0561529,AG02454,LOC0158,Multi-Family,2,1.5,1482,4516,1964,574100.0,2026-08-24,Active,,,0,0.0,0,Yes,No,2026-08-24,2026-08-24
INSERT,2026-08-24T00:00:00,2026-08-24,PT0561530,LST0561530,AG00385,LOC0204,Single Family,6,2.0,1965,2537,2000,1161100.0,2026-08-24,Active,,,0,0.0,0,No,No,2026-08-24,2026-08-24
INSERT,2026-08-24T00:00:00,2026-08-24,PT0561531,LST0561531,AG02181,LOC0156,Condo,5,4.5,2899,9205,1983,895700.0,2026-08-24,Active,,,0,150.31,1,No,No,2026-08-24,2026-08-24
INSERT,2026-08-24T00:00:00,2026-08-24,PT0561532,LST0561532,AG02935,LOC0248,Single Family,4,3.5,1666,5231,1911,121900.0,2026-08-24,Active,,,0,0.0,0,No,No,2026-08-24,2026-08-24
INSERT,2026-08-24T00:00:00,2026-08-24,PT0561533,LST0561533,AG02802,LOC0132,Multi-Family,1,2.5,540,1014,1979,128600.0,2026-08-24,Active,,,0,0.0,1,No,Yes,2026-08-24,2026-08-24
INSERT,2026-08-24T00:00:00,2026-08-24,PT0561534,LST0561534,AG02276,LOC0187,Single Family,4,2.0,759,3698,1967,267300.0,2026-08-24,Active,,,0,0.0,1,Yes,Yes,2026-08-24,2026-08-24
INSERT,2026-08-24T00:00:00,2026-08-24,PT0561535,LST0561535,AG00224,LOC0215,Single Family,2,2.0,1109,7732,1941,469500.0,2026-08-24,Active,,,0,0.0,2,No,No,2026-08-24,2026-08-24
INSERT,2026-08-24T00:00:00,2026-08-24,PT0561536,LST0561536,AG00674,LOC0052,Multi-Family,5,2.5,5023,2351,1945,572000.0,2026-08-24,Active,,,0,0.0,1,No,No,2026-08-24,2026-08-24
INSERT,2026-08-24T00:00:00,2026-08-24,PT0561537,LST0561537,AG02862,LOC0247,Condo,2,1.0,2222,3057,1969,546400.0,2026-08-24,Active,,,0,678.79,2,No,No,2026-08-24,2026-08-24
INSERT,2026-08-24T00:00:00,2026-08-24,PT0561538,LST0561538,AG01491,LOC0034,Condo,2,4.5,878,6214,1958,417000.0,2026-08-24,Active,,,0,775.24,2,Yes,No,2026-08-24,2026-08-24
INSERT,2026-08-24T00:00:00,2026-08-24,PT0561539,LST0561539,AG01570,LOC0023,Land,0,0.0,4033,2943,2006,668300.0,2026-08-24,Active,,,0,0.0,0,No,No,2026-08-24,2026-08-24
INSERT,2026-08-24T00:00:00,2026-08-24,PT0561540,LST0561540,AG00278,LOC0064,Apartment,3,4.0,1051,0,1948,157100.0,2026-08-24,Active,,,0,334.97,3,Yes,No,2026-08-24,2026-08-24
INSERT,2026-08-24T00:00:00,2026-08-24,PT0561541,LST0561541,AG01563,LOC0142,Single Family,4,4.5,1963,19640,1936,679600.0,2026-08-24,Active,,,0,0.0,2,No,No,2026-08-24,2026-08-24
INSERT,2026-08-24T00:00:00,2026-08-24,PT0561542,LST0561542,AG01423,LOC0006,Condo,5,2.5,817,2078,2010,162600.0,2026-08-24,Active,,,0,591.2,3,No,No,2026-08-24,2026-08-24
INSERT,2026-08-24T00:00:00,2026-08-24,PT0561543,LST0561543,AG02300,LOC0022,Single Family,1,4.5,1883,4324,1912,648300.0,2026-08-24,Active,,,0,0.0,2,No,No,2026-08-24,2026-08-24
INSERT,2026-08-24T00:00:00,2026-08-24,PT0561544,LST0561544,AG02033,LOC0005,Condo,3,4.5,1942,3388,1941,662200.0,2026-08-24,Active,,,0,289.65,1,No,No,2026-08-24,2026-08-24
INSERT,2026-08-24T00:00:00,2026-08-24,PT0561545,LST0561545,AG00312,LOC0126,Single Family,3,4.5,2059,12834,1910,725900.0,2026-08-24,Active,,,0,0.0,1,No,No,2026-08-24,2026-08-24
INSERT,2026-08-24T00:00:00,2026-08-24,PT0561546,LST0561546,AG01949,LOC0211,Multi-Family,5,1.5,5108,2353,1931,1939700.0,2026-08-24,Active,,,0,0.0,3,No,Yes,2026-08-24,2026-08-24
INSERT,2026-08-24T00:00:00,2026-08-24,PT0561547,LST0561547,AG00255,LOC0166,Single Family,6,4.5,2309,3298,1972,694500.0,2026-08-24,Active,,,0,0.0,0,Yes,No,2026-08-24,2026-08-24
INSERT,2026-08-24T00:00:00,2026-08-24,PT0561548,LST0561548,AG01618,LOC0071,Condo,3,1.0,2760,7404,1935,802200.0,2026-08-24,Active,,,0,97.23,3,No,No,2026-08-24,2026-08-24
INSERT,2026-08-24T00:00:00,2026-08-24,PT0561549,LST0561549,AG01329,LOC0154,Condo,3,2.5,1716,8775,1921,408200.0,2026-08-24,Active,,,0,693.19,0,No,No,2026-08-24,2026-08-24
INSERT,2026-08-24T00:00:00,2026-08-24,PT0561550,LST0561550,AG01442,LOC0136,Apartment,6,4.5,987,0,1950,221700.0,2026-08-24,Active,,,0,218.82,1,No,No,2026-08-24,2026-08-24
INSERT,2026-08-24T00:00:00,2026-08-24,PT0561551,LST0561551,AG01855,LOC0187,Multi-Family,2,1.0,3184,1567,1970,750200.0,2026-08-24,Active,,,0,0.0,0,No,Yes,2026-08-24,2026-08-24
INSERT,2026-08-24T00:00:00,2026-08-24,PT0561552,LST0561552,AG00200,LOC0238,Single Family,3,1.0,2829,11388,1947,1056500.0,2026-08-24,Active,,,0,0.0,0,Yes,Yes,2026-08-24,2026-08-24
INSERT,2026-08-24T00:00:00,2026-08-24,PT0561553,LST0561553,AG02709,LOC0213,Townhouse,3,1.0,1489,7296,1958,360400.0,2026-08-24,Active,,,0,191.38,2,No,No,2026-08-24,2026-08-24
INSERT,2026-08-24T00:00:00,2026-08-24,PT0561554,LST0561554,AG00042,LOC0247,Multi-Family,3,3.5,2423,5448,1926,500700.0,2026-08-24,Active,,,0,0.0,2,No,Yes,2026-08-24,2026-08-24
INSERT,2026-08-24T00:00:00,2026-08-24,PT0561555,LST0561555,AG01559,LOC0148,Condo,4,3.0,2272,2463,1977,612800.0,2026-08-24,Active,,,0,778.36,3,No,No,2026-08-24,2026-08-24
INSERT,2026-08-24T00:00:00,2026-08-24,PT0561556,LST0561556,AG02236,LOC0018,Condo,1,4.5,2462,10482,1967,695500.0,2026-08-24,Active,,,0,587.31,3,No,No,2026-08-24,2026-08-24
INSERT,2026-08-24T00:00:00,2026-08-24,PT0561557,LST0561557,AG01101,LOC0080,Single Family,1,1.0,2032,3114,1926,981400.0,2026-08-24,Active,,,0,0.0,1,No,No,2026-08-24,2026-08-24
INSERT,2026-08-24T00:00:00,2026-08-24,PT0561558,LST0561558,AG01495,LOC0123,Land,0,0.0,3369,4160,1957,793200.0,2026-08-24,Active,,,0,0.0,0,No,No,2026-08-24,2026-08-24
INSERT,2026-08-24T00:00:00,2026-08-24,PT0561559,LST0561559,AG01442,LOC0171,Land,0,0.0,5834,4356,1939,1487500.0,2026-08-24,Active,,,0,0.0,0,No,No,2026-08-24,2026-08-24
INSERT,2026-08-24T00:00:00,2026-08-24,PT0561560,LST0561560,AG02717,LOC0032,Apartment,1,3.0,1882,0,1957,305900.0,2026-08-24,Active,,,0,576.6,0,No,No,2026-08-24,2026-08-24
INSERT,2026-08-24T00:00:00,2026-08-24,PT0561561,LST0561561,AG00509,LOC0134,Single Family,6,2.5,1228,3755,1976,380500.0,2026-08-24,Active,,,0,0.0,3,No,No,2026-08-24,2026-08-24
INSERT,2026-08-24T00:00:00,2026-08-24,PT0561562,LST0561562,AG02588,LOC0203,Townhouse,4,4.0,1839,3008,1914,342000.0,2026-08-24,Active,,,0,499.55,0,No,No,2026-08-24,2026-08-24
INSERT,2026-08-24T00:00:00,2026-08-24,PT0561563,LST0561563,AG02603,LOC0040,Townhouse,1,1.0,1510,6022,1968,738100.0,2026-08-24,Active,,,0,614.5,2,Yes,No,2026-08-24,2026-08-24
INSERT,2026-08-24T00:00:00,2026-08-24,PT0561564,LST0561564,AG00396,LOC0239,Single Family,6,2.5,2762,1334,2021,425600.0,2026-08-24,Active,,,0,0.0,3,No,No,2026-08-24,2026-08-24
INSERT,2026-08-24T00:00:00,2026-08-24,PT0561565,LST0561565,AG01054,LOC0218,Single Family,2,2.5,1247,1843,2006,383400.0,2026-08-24,Active,,,0,0.0,3,No,No,2026-08-24,2026-08-24
INSERT,2026-08-24T00:00:00,2026-08-24,PT0561566,LST0561566,AG02431,LOC0035,Condo,6,4.5,2157,3047,1939,402700.0,2026-08-24,Active,,,0,735.27,1,No,No,2026-08-24,2026-08-24
INSERT,2026-08-24T00:00:00,2026-08-24,PT0561567,LST0561567,AG01080,LOC0059,Single Family,6,1.0,1388,19850,1972,320000.0,2026-08-24,Active,,,0,0.0,1,No,Yes,2026-08-24,2026-08-24
INSERT,2026-08-24T00:00:00,2026-08-24,PT0561568,LST0561568,AG01124,LOC0001,Single Family,6,2.5,1687,1656,1995,225600.0,2026-08-24,Active,,,0,0.0,1,Yes,No,2026-08-24,2026-08-24
INSERT,2026-08-24T00:00:00,2026-08-24,PT0561569,LST0561569,AG02083,LOC0187,Single Family,3,4.0,2190,4113,2014,928300.0,2026-08-24,Active,,,0,0.0,2,No,No,2026-08-24,2026-08-24
INSERT,2026-08-24T00:00:00,2026-08-24,PT0561570,LST0561570,AG01883,LOC0231,Single Family,5,3.5,1838,9799,2025,476000.0,2026-08-24,Active,,,0,0.0,0,No,No,2026-08-24,2026-08-24
INSERT,2026-08-24T00:00:00,2026-08-24,PT0561571,LST0561571,AG02926,LOC0198,Single Family,6,1.5,1705,7302,1956,234000.0,2026-08-24,Active,,,0,0.0,1,Yes,Yes,2026-08-24,2026-08-24
INSERT,2026-08-24T00:00:00,2026-08-24,PT0561572,LST0561572,AG02107,LOC0005,Single Family,1,1.0,1913,4154,1901,569500.0,2026-08-24,Active,,,0,0.0,2,No,No,2026-08-24,2026-08-24
INSERT,2026-08-24T00:00:00,2026-08-24,PT0561573,LST0561573,AG01599,LOC0194,Townhouse,1,4.0,1360,5654,1995,241300.0,2026-08-24,Active,,,0,144.24,2,No,No,2026-08-24,2026-08-24
INSERT,2026-08-24T00:00:00,2026-08-24,PT0561574,LST0561574,AG02473,LOC0111,Single Family,4,1.5,1561,12898,2021,345400.0,2026-08-24,Active,,,0,0.0,2,No,Yes,2026-08-24,2026-08-24
INSERT,2026-08-24T00:00:00,2026-08-24,PT0561575,LST0561575,AG01405,LOC0241,Single Family,3,4.5,2645,3529,1993,312500.0,2026-08-24,Active,,,0,0.0,0,No,Yes,2026-08-24,2026-08-24
INSERT,2026-08-24T00:00:00,2026-08-24,PT0561576,LST0561576,AG00016,LOC0046,Single Family,5,1.5,2103,2208,1911,485500.0,2026-08-24,Active,,,0,0.0,1,No,No,2026-08-24,2026-08-24
INSERT,2026-08-24T00:00:00,2026-08-24,PT0561577,LST0561577,AG00425,LOC0204,Single Family,6,2.5,1284,2860,1953,564400.0,2026-08-24,Active,,,0,0.0,0,No,Yes,2026-08-24,2026-08-24
INSERT,2026-08-24T00:00:00,2026-08-24,PT0561578,LST0561578,AG02571,LOC0104,Single Family,6,2.0,1060,5260,1978,381000.0,2026-08-24,Active,,,0,0.0,0,No,No,2026-08-24,2026-08-24
INSERT,2026-08-24T00:00:00,2026-08-24,PT0561579,LST0561579,AG01924,LOC0004,Condo,4,2.0,1414,5001,1916,250400.0,2026-08-24,Active,,,0,101.87,3,Yes,No,2026-08-24,2026-08-24
INSERT,2026-08-24T00:00:00,2026-08-24,PT0561580,LST0561580,AG00209,LOC0034,Condo,6,2.5,2755,2317,1912,923500.0,2026-08-24,Active,,,0,376.26,1,No,No,2026-08-24,2026-08-24
INSERT,2026-08-24T00:00:00,2026-08-24,PT0561581,LST0561581,AG00734,LOC0161,Multi-Family,4,4.5,2042,13148,1953,577700.0,2026-08-24,Active,,,0,0.0,1,No,Yes,2026-08-24,2026-08-24
INSERT,2026-08-24T00:00:00,2026-08-24,PT0561582,LST0561582,AG01340,LOC0039,Condo,4,3.5,816,19971,2006,182000.0,2026-08-24,Active,,,0,683.48,2,No,No,2026-08-24,2026-08-24
INSERT,2026-08-24T00:00:00,2026-08-24,PT0561583,LST0561583,AG01219,LOC0108,Single Family,3,3.5,1287,29105,1973,437600.0,2026-08-24,Active,,,0,0.0,3,No,Yes,2026-08-24,2026-08-24
INSERT,2026-08-24T00:00:00,2026-08-24,PT0561584,LST0561584,AG01597,LOC0175,Townhouse,2,1.0,2130,2349,2017,672700.0,2026-08-24,Active,,,0,705.24,2,No,No,2026-08-24,2026-08-24
INSERT,2026-08-24T00:00:00,2026-08-24,PT0561585,LST0561585,AG00872,LOC0163,Single Family,4,3.0,1746,10192,1907,275300.0,2026-08-24,Active,,,0,0.0,3,No,No,2026-08-24,2026-08-24
INSERT,2026-08-24T00:00:00,2026-08-24,PT0561586,LST0561586,AG01818,LOC0023,Single Family,6,1.5,1836,1770,1995,467500.0,2026-08-24,Active,,,0,0.0,0,Yes,No,2026-08-24,2026-08-24
INSERT,2026-08-24T00:00:00,2026-08-24,PT0561587,LST0561587,AG01323,LOC0108,Condo,6,3.0,2521,5049,2007,521900.0,2026-08-24,Active,,,0,65.13,1,No,No,2026-08-24,2026-08-24
INSERT,2026-08-24T00:00:00,2026-08-24,PT0561588,LST0561588,AG00125,LOC0075,Single Family,5,1.0,2387,2336,1966,432100.0,2026-08-24,Active,,,0,0.0,2,Yes,No,2026-08-24,2026-08-24
INSERT,2026-08-24T00:00:00,2026-08-24,PT0561589,LST0561589,AG02524,LOC0003,Single Family,3,2.0,1466,11620,1922,251400.0,2026-08-24,Active,,,0,0.0,0,No,No,2026-08-24,2026-08-24
INSERT,2026-08-24T00:00:00,2026-08-24,PT0561590,LST0561590,AG00473,LOC0032,Land,0,0.0,4756,2333,1973,526000.0,2026-08-24,Active,,,0,0.0,0,No,No,2026-08-24,2026-08-24
INSERT,2026-08-24T00:00:00,2026-08-24,PT0561591,LST0561591,AG01500,LOC0085,Condo,5,4.0,1576,6518,1983,256400.0,2026-08-24,Active,,,0,746.15,2,Yes,No,2026-08-24,2026-08-24
INSERT,2026-08-24T00:00:00,2026-08-24,PT0561592,LST0561592,AG01397,LOC0093,Single Family,5,2.0,2868,2269,1919,567400.0,2026-08-24,Active,,,0,0.0,2,Yes,Yes,2026-08-24,2026-08-24
INSERT,2026-08-24T00:00:00,2026-08-24,PT0561593,LST0561593,AG00588,LOC0081,Land,0,0.0,7212,25413,2011,3642200.0,2026-08-24,Active,,,0,0.0,0,No,No,2026-08-24,2026-08-24
INSERT,2026-08-24T00:00:00,2026-08-24,PT0561594,LST0561594,AG00471,LOC0111,Single Family,5,1.0,1534,3438,1934,306100.0,2026-08-24,Active,,,0,0.0,1,No,No,2026-08-24,2026-08-24
INSERT,2026-08-24T00:00:00,2026-08-24,PT0561595,LST0561595,AG01595,LOC0145,Single Family,6,4.0,1105,2429,1910,253600.0,2026-08-24,Active,,,0,0.0,2,No,No,2026-08-24,2026-08-24
INSERT,2026-08-24T00:00:00,2026-08-24,PT0561596,LST0561596,AG01956,LOC0033,Single Family,6,1.5,300,3679,1921,92500.0,2026-08-24,Active,,,0,0.0,1,No,No,2026-08-24,2026-08-24
INSERT,2026-08-24T00:00:00,2026-08-24,PT0561597,LST0561597,AG00744,LOC0104,Land,0,0.0,4099,2236,1910,847600.0,2026-08-24,Active,,,0,0.0,0,No,No,2026-08-24,2026-08-24
INSERT,2026-08-24T00:00:00,2026-08-24,PT0561598,LST0561598,AG02117,LOC0163,Single Family,6,2.0,2591,4588,2019,699600.0,2026-08-24,Active,,,0,0.0,0,Yes,Yes,2026-08-24,2026-08-24
INSERT,2026-08-24T00:00:00,2026-08-24,PT0561599,LST0561599,AG00074,LOC0033,Single Family,4,3.5,2170,14444,1929,494900.0,2026-08-24,Active,,,0,0.0,0,No,Yes,2026-08-24,2026-08-24
INSERT,2026-08-24T00:00:00,2026-08-24,PT0561600,LST0561600,AG02112,LOC0094,Condo,5,2.0,1999,3065,1997,333700.0,2026-08-24,Active,,,0,496.26,1,No,No,2026-08-24,2026-08-24
INSERT,2026-08-24T00:00:00,2026-08-24,PT0561601,LST0561601,AG01784,LOC0206,Multi-Family,4,2.0,2658,2245,2004,689100.0,2026-08-24,Active,,,0,0.0,0,No,Yes,2026-08-24,2026-08-24
INSERT,2026-08-24T00:00:00,2026-08-24,PT0561602,LST0561602,AG01747,LOC0235,Condo,1,3.5,2917,5323,1913,1405100.0,2026-08-24,Active,,,0,774.32,1,No,No,2026-08-24,2026-08-24
INSERT,2026-08-24T00:00:00,2026-08-24,PT0561603,LST0561603,AG00481,LOC0102,Multi-Family,2,4.5,5185,1282,1921,1110800.0,2026-08-24,Active,,,0,0.0,3,No,Yes,2026-08-24,2026-08-24
INSERT,2026-08-24T00:00:00,2026-08-24,PT0561604,LST0561604,AG01448,LOC0246,Condo,1,4.0,1877,5497,1935,422800.0,2026-08-24,Active,,,0,176.59,3,No,No,2026-08-24,2026-08-24
INSERT,2026-08-24T00:00:00,2026-08-24,PT0561605,LST0561605,AG02952,LOC0206,Condo,3,3.0,2465,1482,1961,1338000.0,2026-08-24,Active,,,0,550.81,3,No,No,2026-08-24,2026-08-24
INSERT,2026-08-24T00:00:00,2026-08-24,PT0561606,LST0561606,AG01765,LOC0016,Apartment,3,4.5,1129,0,1920,135700.0,2026-08-24,Active,,,0,650.01,0,No,No,2026-08-24,2026-08-24
INSERT,2026-08-24T00:00:00,2026-08-24,PT0561607,LST0561607,AG02206,LOC0007,Single Family,1,2.0,1062,2068,1975,495200.0,2026-08-24,Active,,,0,0.0,1,Yes,No,2026-08-24,2026-08-24
INSERT,2026-08-24T00:00:00,2026-08-24,PT0561608,LST0561608,AG01347,LOC0005,Single Family,2,2.5,2313,3262,1909,733400.0,2026-08-24,Active,,,0,0.0,0,No,Yes,2026-08-24,2026-08-24
INSERT,2026-08-24T00:00:00,2026-08-24,PT0561609,LST0561609,AG01981,LOC0182,Condo,1,1.5,843,2450,1944,221900.0,2026-08-24,Active,,,0,686.34,3,Yes,No,2026-08-24,2026-08-24
INSERT,2026-08-24T00:00:00,2026-08-24,PT0561610,LST0561610,AG01216,LOC0062,Townhouse,5,4.0,1663,7422,2006,355600.0,2026-08-24,Active,,,0,513.56,1,No,No,2026-08-24,2026-08-24
INSERT,2026-08-24T00:00:00,2026-08-24,PT0561611,LST0561611,AG01911,LOC0053,Single Family,4,1.0,2937,4593,2018,1266400.0,2026-08-24,Active,,,0,0.0,0,Yes,No,2026-08-24,2026-08-24
INSERT,2026-08-24T00:00:00,2026-08-24,PT0561612,LST0561612,AG02569,LOC0107,Land,0,0.0,5429,1892,2021,663900.0,2026-08-24,Active,,,0,0.0,0,No,No,2026-08-24,2026-08-24
INSERT,2026-08-24T00:00:00,2026-08-24,PT0561613,LST0561613,AG00186,LOC0082,Condo,3,4.5,300,2516,1944,50500.0,2026-08-24,Active,,,0,698.89,0,No,No,2026-08-24,2026-08-24
INSERT,2026-08-24T00:00:00,2026-08-24,PT0561614,LST0561614,AG00345,LOC0250,Single Family,3,4.0,564,5340,1929,81700.0,2026-08-24,Active,,,0,0.0,0,No,Yes,2026-08-24,2026-08-24
INSERT,2026-08-24T00:00:00,2026-08-24,PT0561615,LST0561615,AG01709,LOC0179,Single Family,4,1.5,2271,3304,1962,557300.0,2026-08-24,Active,,,0,0.0,1,No,No,2026-08-24,2026-08-24
INSERT,2026-08-24T00:00:00,2026-08-24,PT0561616,LST0561616,AG00404,LOC0134,Condo,1,3.5,1423,7391,1955,489400.0,2026-08-24,Active,,,0,362.43,2,No,No,2026-08-24,2026-08-24
INSERT,2026-08-24T00:00:00,2026-08-24,PT0561617,LST0561617,AG00628,LOC0119,Multi-Family,5,3.0,2553,2493,1993,981100.0,2026-08-24,Active,,,0,0.0,2,No,No,2026-08-24,2026-08-24
INSERT,2026-08-24T00:00:00,2026-08-24,PT0561618,LST0561618,AG00417,LOC0141,Multi-Family,6,2.0,4072,4183,1967,703900.0,2026-08-24,Active,,,0,0.0,3,No,No,2026-08-24,2026-08-24
INSERT,2026-08-24T00:00:00,2026-08-24,PT0561619,LST0561619,AG01941,LOC0122,Condo,4,1.0,1490,1740,1959,226500.0,2026-08-24,Active,,,0,54.2,0,No,No,2026-08-24,2026-08-24
INSERT,2026-08-24T00:00:00,2026-08-24,PT0561620,LST0561620,AG01544,LOC0044,Single Family,1,1.5,2179,3658,1929,371300.0,2026-08-24,Active,,,0,0.0,2,Yes,No,2026-08-24,2026-08-24
INSERT,2026-08-24T00:00:00,2026-08-24,PT0561621,LST0561621,AG00345,LOC0088,Condo,5,3.5,1207,1879,1917,151700.0,2026-08-24,Active,,,0,547.02,1,Yes,No,2026-08-24,2026-08-24
INSERT,2026-08-24T00:00:00,2026-08-24,PT0561622,LST0561622,AG02789,LOC0048,Condo,3,1.5,914,3108,1959,538000.0,2026-08-24,Active,,,0,84.79,1,No,No,2026-08-24,2026-08-24
INSERT,2026-08-24T00:00:00,2026-08-24,PT0561623,LST0561623,AG00167,LOC0220,Apartment,2,4.0,1562,0,1915,657500.0,2026-08-24,Active,,,0,70.0,1,No,No,2026-08-24,2026-08-24
INSERT,2026-08-24T00:00:00,2026-08-24,PT0561624,LST0561624,AG00648,LOC0024,Single Family,2,4.0,1902,1545,1925,523000.0,2026-08-24,Active,,,0,0.0,2,No,No,2026-08-24,2026-08-24
INSERT,2026-08-24T00:00:00,2026-08-24,PT0561625,LST0561625,AG00296,LOC0133,Single Family,6,1.5,2947,5454,1910,351300.0,2026-08-24,Active,,,0,0.0,0,No,No,2026-08-24,2026-08-24
INSERT,2026-08-24T00:00:00,2026-08-24,PT0561626,LST0561626,AG00593,LOC0170,Apartment,5,4.5,1187,0,1945,735100.0,2026-08-24,Active,,,0,422.37,2,No,No,2026-08-24,2026-08-24
INSERT,2026-08-24T00:00:00,2026-08-24,PT0561627,LST0561627,AG00287,LOC0035,Townhouse,6,2.0,1629,11529,1931,157100.0,2026-08-24,Active,,,0,635.54,2,No,No,2026-08-24,2026-08-24
INSERT,2026-08-24T00:00:00,2026-08-24,PT0561628,LST0561628,AG00006,LOC0083,Single Family,3,4.0,1202,5150,1965,422800.0,2026-08-24,Active,,,0,0.0,2,No,No,2026-08-24,2026-08-24
INSERT,2026-08-24T00:00:00,2026-08-24,PT0561629,LST0561629,AG02035,LOC0087,Single Family,6,1.0,2004,3842,1939,738700.0,2026-08-24,Active,,,0,0.0,3,No,No,2026-08-24,2026-08-24
INSERT,2026-08-24T00:00:00,2026-08-24,PT0561630,LST0561630,AG00469,LOC0077,Single Family,2,2.0,1605,8578,1945,559100.0,2026-08-24,Active,,,0,0.0,3,Yes,Yes,2026-08-24,2026-08-24
INSERT,2026-08-24T00:00:00,2026-08-24,PT0561631,LST0561631,AG02412,LOC0248,Townhouse,2,2.5,1571,1300,1939,412200.0,2026-08-24,Active,,,0,330.38,3,No,No,2026-08-24,2026-08-24
INSERT,2026-08-24T00:00:00,2026-08-24,PT0561632,LST0561632,AG02116,LOC0193,Townhouse,2,3.5,1385,1643,1956,624700.0,2026-08-24,Active,,,0,632.55,0,No,No,2026-08-24,2026-08-24
INSERT,2026-08-24T00:00:00,2026-08-24,PT0561633,LST0561633,AG02640,LOC0236,Single Family,4,4.0,3117,2273,1959,193300.0,2026-08-24,Active,,,0,0.0,1,No,No,2026-08-24,2026-08-24
INSERT,2026-08-24T00:00:00,2026-08-24,PT0561634,LST0561634,AG02740,LOC0216,Single Family,6,1.5,1456,4590,1951,382000.0,2026-08-24,Active,,,0,0.0,2,Yes,No,2026-08-24,2026-08-24
INSERT,2026-08-24T00:00:00,2026-08-24,PT0561635,LST0561635,AG01076,LOC0207,Townhouse,3,4.0,801,4216,2024,140700.0,2026-08-24,Active,,,0,386.21,0,No,No,2026-08-24,2026-08-24
INSERT,2026-08-24T00:00:00,2026-08-24,PT0561636,LST0561636,AG01964,LOC0237,Condo,5,1.0,2990,7830,1996,624300.0,2026-08-24,Active,,,0,253.43,0,Yes,No,2026-08-24,2026-08-24
INSERT,2026-08-24T00:00:00,2026-08-24,PT0561637,LST0561637,AG02293,LOC0243,Apartment,6,2.5,1065,0,1961,234800.0,2026-08-24,Active,,,0,733.28,3,No,No,2026-08-24,2026-08-24
INSERT,2026-08-24T00:00:00,2026-08-24,PT0561638,LST0561638,AG01189,LOC0009,Multi-Family,2,1.5,2978,1792,1988,542500.0,2026-08-24,Active,,,0,0.0,0,No,Yes,2026-08-24,2026-08-24
INSERT,2026-08-24T00:00:00,2026-08-24,PT0561639,LST0561639,AG02256,LOC0165,Single Family,3,1.0,2631,8477,1908,1336000.0,2026-08-24,Active,,,0,0.0,2,Yes,No,2026-08-24,2026-08-24
INSERT,2026-08-24T00:00:00,2026-08-24,PT0561640,LST0561640,AG02385,LOC0002,Single Family,5,4.5,2565,11144,1966,125200.0,2026-08-24,Active,,,0,0.0,2,No,No,2026-08-24,2026-08-24
INSERT,2026-08-24T00:00:00,2026-08-24,PT0561641,LST0561641,AG01877,LOC0095,Condo,6,1.5,2300,2175,1974,404900.0,2026-08-24,Active,,,0,355.33,1,No,No,2026-08-24,2026-08-24
INSERT,2026-08-24T00:00:00,2026-08-24,PT0561642,LST0561642,AG00200,LOC0093,Apartment,6,2.0,544,0,1994,111300.0,2026-08-24,Active,,,0,626.72,2,No,No,2026-08-24,2026-08-24
INSERT,2026-08-24T00:00:00,2026-08-24,PT0561643,LST0561643,AG02472,LOC0183,Condo,5,3.0,2516,1206,1990,709700.0,2026-08-24,Active,,,0,498.5,2,Yes,No,2026-08-24,2026-08-24
INSERT,2026-08-24T00:00:00,2026-08-24,PT0561644,LST0561644,AG00131,LOC0073,Townhouse,2,4.5,1724,3559,1956,443400.0,2026-08-24,Active,,,0,626.24,2,No,No,2026-08-24,2026-08-24
INSERT,2026-08-24T00:00:00,2026-08-24,PT0561645,LST0561645,AG00909,LOC0006,Multi-Family,2,2.0,1161,9294,1926,226700.0,2026-08-24,Active,,,0,0.0,2,No,No,2026-08-24,2026-08-24
INSERT,2026-08-24T00:00:00,2026-08-24,PT0561646,LST0561646,AG00881,LOC0206,Condo,1,3.5,1497,4575,1992,442600.0,2026-08-24,Active,,,0,392.27,0,No,No,2026-08-24,2026-08-24
INSERT,2026-08-24T00:00:00,2026-08-24,PT0561647,LST0561647,AG01752,LOC0036,Single Family,2,2.5,850,1981,1950,167700.0,2026-08-24,Active,,,0,0.0,2,No,Yes,2026-08-24,2026-08-24
INSERT,2026-08-24T00:00:00,2026-08-24,PT0561648,LST0561648,AG02322,LOC0098,Single Family,4,4.0,1532,1497,2014,448700.0,2026-08-24,Active,,,0,0.0,2,Yes,No,2026-08-24,2026-08-24
INSERT,2026-08-24T00:00:00,2026-08-24,PT0561649,LST0561649,AG01305,LOC0039,Single Family,3,2.0,300,5947,1950,90000.0,2026-08-24,Active,,,0,0.0,3,No,Yes,2026-08-24,2026-08-24
INSERT,2026-08-24T00:00:00,2026-08-24,PT0561650,LST0561650,AG00347,LOC0095,Single Family,2,2.5,2217,5106,1975,852700.0,2026-08-24,Active,,,0,0.0,1,Yes,No,2026-08-24,2026-08-24
INSERT,2026-08-24T00:00:00,2026-08-24,PT0561651,LST0561651,AG02648,LOC0005,Single Family,3,3.0,2335,4194,1994,1080600.0,2026-08-24,Active,,,0,0.0,2,No,Yes,2026-08-24,2026-08-24
INSERT,2026-08-24T00:00:00,2026-08-24,PT0561652,LST0561652,AG02036,LOC0046,Single Family,3,1.5,2774,3539,1999,874800.0,2026-08-24,Active,,,0,0.0,1,No,No,2026-08-24,2026-08-24
INSERT,2026-08-24T00:00:00,2026-08-24,PT0561653,LST0561653,AG00473,LOC0223,Apartment,3,1.0,1835,0,1998,639600.0,2026-08-24,Active,,,0,279.1,1,No,No,2026-08-24,2026-08-24
INSERT,2026-08-24T00:00:00,2026-08-24,PT0561654,LST0561654,AG01710,LOC0062,Condo,1,1.0,2338,7014,1921,501800.0,2026-08-24,Active,,,0,476.81,0,No,No,2026-08-24,2026-08-24
INSERT,2026-08-24T00:00:00,2026-08-24,PT0561655,LST0561655,AG01018,LOC0226,Single Family,3,3.0,986,1917,2005,494800.0,2026-08-24,Active,,,0,0.0,2,No,No,2026-08-24,2026-08-24
INSERT,2026-08-24T00:00:00,2026-08-24,PT0561656,LST0561656,AG01241,LOC0043,Condo,3,3.0,2039,7221,2025,270800.0,2026-08-24,Active,,,0,162.68,2,Yes,No,2026-08-24,2026-08-24
INSERT,2026-08-24T00:00:00,2026-08-24,PT0561657,LST0561657,AG02330,LOC0035,Single Family,5,3.0,2472,13937,1936,480300.0,2026-08-24,Active,,,0,0.0,1,Yes,No,2026-08-24,2026-08-24
INSERT,2026-08-24T00:00:00,2026-08-24,PT0561658,LST0561658,AG00569,LOC0163,Land,0,0.0,6953,7482,1973,1955000.0,2026-08-24,Active,,,0,0.0,0,No,No,2026-08-24,2026-08-24
INSERT,2026-08-24T00:00:00,2026-08-24,PT0561659,LST0561659,AG02381,LOC0202,Condo,1,2.5,406,1852,1968,73900.0,2026-08-24,Active,,,0,496.55,2,No,No,2026-08-24,2026-08-24
INSERT,2026-08-24T00:00:00,2026-08-24,PT0561660,LST0561660,AG01802,LOC0131,Townhouse,3,3.0,1923,16106,1939,628100.0,2026-08-24,Active,,,0,493.17,3,No,No,2026-08-24,2026-08-24
INSERT,2026-08-24T00:00:00,2026-08-24,PT0561661,LST0561661,AG01436,LOC0085,Single Family,4,4.5,300,2890,1903,39900.0,2026-08-24,Active,,,0,0.0,1,No,No,2026-08-24,2026-08-24
INSERT,2026-08-24T00:00:00,2026-08-24,PT0561662,LST0561662,AG02273,LOC0171,Single Family,5,1.0,986,1828,1952,210100.0,2026-08-24,Active,,,0,0.0,1,Yes,No,2026-08-24,2026-08-24
INSERT,2026-08-24T00:00:00,2026-08-24,PT0561663,LST0561663,AG02715,LOC0181,Single Family,4,3.5,1990,3403,1928,803100.0,2026-08-24,Active,,,0,0.0,0,No,No,2026-08-24,2026-08-24
INSERT,2026-08-24T00:00:00,2026-08-24,PT0561664,LST0561664,AG02216,LOC0208,Condo,1,2.5,1293,11061,1905,345500.0,2026-08-24,Active,,,0,610.97,3,No,No,2026-08-24,2026-08-24
INSERT,2026-08-24T00:00:00,2026-08-24,PT0561665,LST0561665,AG00420,LOC0126,Multi-Family,1,2.0,1716,2020,1985,671100.0,2026-08-24,Active,,,0,0.0,2,Yes,No,2026-08-24,2026-08-24
INSERT,2026-08-24T00:00:00,2026-08-24,PT0561666,LST0561666,AG01929,LOC0182,Multi-Family,4,3.5,4670,1736,1924,1741200.0,2026-08-24,Active,,,0,0.0,3,No,No,2026-08-24,2026-08-24
INSERT,2026-08-24T00:00:00,2026-08-24,PT0561667,LST0561667,AG02313,LOC0086,Single Family,6,2.0,1391,1217,1988,302600.0,2026-08-24,Active,,,0,0.0,2,No,No,2026-08-24,2026-08-24
INSERT,2026-08-24T00:00:00,2026-08-24,PT0561668,LST0561668,AG00006,LOC0119,Single Family,4,3.5,1755,5099,1909,527000.0,2026-08-24,Active,,,0,0.0,1,No,No,2026-08-24,2026-08-24
INSERT,2026-08-24T00:00:00,2026-08-24,PT0561669,LST0561669,AG00775,LOC0074,Condo,2,3.5,2487,2136,1940,1309700.0,2026-08-24,Active,,,0,752.31,2,No,No,2026-08-24,2026-08-24
INSERT,2026-08-24T00:00:00,2026-08-24,PT0561670,LST0561670,AG02369,LOC0194,Townhouse,1,1.0,2095,3148,2022,947500.0,2026-08-24,Active,,,0,702.67,3,No,No,2026-08-24,2026-08-24
INSERT,2026-08-24T00:00:00,2026-08-24,PT0561671,LST0561671,AG02979,LOC0217,Condo,4,1.5,1574,9062,2019,219600.0,2026-08-24,Active,,,0,741.89,3,Yes,No,2026-08-24,2026-08-24
INSERT,2026-08-24T00:00:00,2026-08-24,PT0561672,LST0561672,AG02340,LOC0238,Multi-Family,6,4.5,2460,15159,1905,626200.0,2026-08-24,Active,,,0,0.0,1,No,Yes,2026-08-24,2026-08-24
INSERT,2026-08-24T00:00:00,2026-08-24,PT0561673,LST0561673,AG02474,LOC0067,Single Family,4,4.0,1817,3900,1976,254900.0,2026-08-24,Active,,,0,0.0,0,Yes,No,2026-08-24,2026-08-24
INSERT,2026-08-24T00:00:00,2026-08-24,PT0561674,LST0561674,AG02373,LOC0192,Apartment,3,3.5,1589,0,1920,214500.0,2026-08-24,Active,,,0,484.14,1,No,No,2026-08-24,2026-08-24
INSERT,2026-08-24T00:00:00,2026-08-24,PT0561675,LST0561675,AG02399,LOC0168,Single Family,2,4.5,2174,5461,1938,1183300.0,2026-08-24,Active,,,0,0.0,3,No,No,2026-08-24,2026-08-24
INSERT,2026-08-24T00:00:00,2026-08-24,PT0561676,LST0561676,AG00607,LOC0238,Single Family,3,3.5,1335,1364,1964,611500.0,2026-08-24,Active,,,0,0.0,0,Yes,No,2026-08-24,2026-08-24
INSERT,2026-08-24T00:00:00,2026-08-24,PT0561677,LST0561677,AG02578,LOC0189,Townhouse,6,1.5,1967,10268,1918,385200.0,2026-08-24,Active,,,0,581.89,3,Yes,No,2026-08-24,2026-08-24
INSERT,2026-08-24T00:00:00,2026-08-24,PT0561678,LST0561678,AG02116,LOC0168,Townhouse,2,3.5,1237,1762,1985,602300.0,2026-08-24,Active,,,0,261.18,0,No,No,2026-08-24,2026-08-24
INSERT,2026-08-24T00:00:00,2026-08-24,PT0561679,LST0561679,AG01354,LOC0242,Condo,3,2.5,1854,5854,1953,392500.0,2026-08-24,Active,,,0,250.87,1,No,No,2026-08-24,2026-08-24
INSERT,2026-08-24T00:00:00,2026-08-24,PT0561680,LST0561680,AG01645,LOC0217,Single Family,3,1.5,1275,8587,1947,238600.0,2026-08-24,Active,,,0,0.0,1,No,No,2026-08-24,2026-08-24
INSERT,2026-08-24T00:00:00,2026-08-24,PT0561681,LST0561681,AG00688,LOC0096,Single Family,5,2.0,1376,1872,1962,436500.0,2026-08-24,Active,,,0,0.0,0,No,Yes,2026-08-24,2026-08-24
INSERT,2026-08-24T00:00:00,2026-08-24,PT0561682,LST0561682,AG00753,LOC0178,Townhouse,6,2.5,3099,2112,1981,586900.0,2026-08-24,Active,,,0,728.73,3,No,No,2026-08-24,2026-08-24
INSERT,2026-08-24T00:00:00,2026-08-24,PT0561683,LST0561683,AG01215,LOC0013,Townhouse,5,1.5,2979,4404,2023,633000.0,2026-08-24,Active,,,0,679.26,0,No,No,2026-08-24,2026-08-24
INSERT,2026-08-24T00:00:00,2026-08-24,PT0561684,LST0561684,AG01465,LOC0041,Condo,6,2.0,1808,2824,1946,443900.0,2026-08-24,Active,,,0,607.72,2,No,No,2026-08-24,2026-08-24
INSERT,2026-08-24T00:00:00,2026-08-24,PT0561685,LST0561685,AG00275,LOC0101,Land,0,0.0,6089,3124,1966,2115000.0,2026-08-24,Active,,,0,0.0,0,No,No,2026-08-24,2026-08-24
INSERT,2026-08-24T00:00:00,2026-08-24,PT0561686,LST0561686,AG00409,LOC0072,Multi-Family,4,2.0,1974,7612,1957,359100.0,2026-08-24,Active,,,0,0.0,3,No,No,2026-08-24,2026-08-24
INSERT,2026-08-24T00:00:00,2026-08-24,PT0561687,LST0561687,AG01226,LOC0069,Condo,6,1.0,2110,5790,1970,398700.0,2026-08-24,Active,,,0,165.91,0,No,No,2026-08-24,2026-08-24
INSERT,2026-08-24T00:00:00,2026-08-24,PT0561688,LST0561688,AG02327,LOC0103,Single Family,6,2.5,2216,1709,1925,289100.0,2026-08-24,Active,,,0,0.0,2,No,Yes,2026-08-24,2026-08-24
INSERT,2026-08-24T00:00:00,2026-08-24,PT0561689,LST0561689,AG02672,LOC0128,Townhouse,1,3.0,2468,2493,1961,455600.0,2026-08-24,Active,,,0,55.13,0,No,No,2026-08-24,2026-08-24
INSERT,2026-08-24T00:00:00,2026-08-24,PT0561690,LST0561690,AG01831,LOC0232,Condo,3,1.0,2223,5750,2011,495700.0,2026-08-24,Active,,,0,385.63,2,No,No,2026-08-24,2026-08-24
INSERT,2026-08-24T00:00:00,2026-08-24,PT0561691,LST0561691,AG02162,LOC0124,Single Family,3,2.5,2140,6338,1900,1117900.0,2026-08-24,Active,,,0,0.0,0,No,No,2026-08-24,2026-08-24
INSERT,2026-08-24T00:00:00,2026-08-24,PT0561692,LST0561692,AG02906,LOC0110,Condo,5,3.5,1592,7761,1985,325100.0,2026-08-24,Active,,,0,77.22,1,No,No,2026-08-24,2026-08-24
INSERT,2026-08-24T00:00:00,2026-08-24,PT0561693,LST0561693,AG01462,LOC0101,Single Family,2,1.0,1974,15006,2023,713500.0,2026-08-24,Active,,,0,0.0,3,No,No,2026-08-24,2026-08-24
INSERT,2026-08-24T00:00:00,2026-08-24,PT0561694,LST0561694,AG00789,LOC0018,Multi-Family,1,1.5,2521,7685,1930,1328100.0,2026-08-24,Active,,,0,0.0,2,No,No,2026-08-24,2026-08-24
INSERT,2026-08-24T00:00:00,2026-08-24,PT0561695,LST0561695,AG02613,LOC0134,Multi-Family,5,1.5,4399,2200,2014,1124500.0,2026-08-24,Active,,,0,0.0,0,No,Yes,2026-08-24,2026-08-24
INSERT,2026-08-24T00:00:00,2026-08-24,PT0561696,LST0561696,AG02447,LOC0135,Townhouse,5,3.5,2078,1071,2012,721600.0,2026-08-24,Active,,,0,233.32,2,No,No,2026-08-24,2026-08-24
INSERT,2026-08-24T00:00:00,2026-08-24,PT0561697,LST0561697,AG01593,LOC0012,Single Family,4,2.5,1715,1064,1937,965800.0,2026-08-24,Active,,,0,0.0,0,No,Yes,2026-08-24,2026-08-24
INSERT,2026-08-24T00:00:00,2026-08-24,PT0561698,LST0561698,AG00575,LOC0235,Condo,3,4.5,1000,4410,1957,413200.0,2026-08-24,Active,,,0,744.27,3,No,No,2026-08-24,2026-08-24
INSERT,2026-08-24T00:00:00,2026-08-24,PT0561699,LST0561699,AG02049,LOC0008,Single Family,6,1.0,2397,4507,1989,253100.0,2026-08-24,Active,,,0,0.0,0,No,No,2026-08-24,2026-08-24
INSERT,2026-08-24T00:00:00,2026-08-24,PT0561700,LST0561700,AG02916,LOC0009,Townhouse,4,3.0,1810,3905,1915,375300.0,2026-08-24,Active,,,0,622.35,0,No,No,2026-08-24,2026-08-24
INSERT,2026-08-24T00:00:00,2026-08-24,PT0561701,LST0561701,AG02453,LOC0093,Condo,5,1.5,1871,4239,2025,188000.0,2026-08-24,Active,,,0,81.22,0,No,No,2026-08-24,2026-08-24
INSERT,2026-08-24T00:00:00,2026-08-24,PT0561702,LST0561702,AG01522,LOC0192,Single Family,3,1.0,1627,9851,1987,441000.0,2026-08-24,Active,,,0,0.0,0,No,No,2026-08-24,2026-08-24
INSERT,2026-08-24T00:00:00,2026-08-24,PT0561703,LST0561703,AG00725,LOC0219,Condo,4,2.5,1452,1285,1935,949500.0,2026-08-24,Active,,,0,734.4,2,No,No,2026-08-24,2026-08-24
INSERT,2026-08-24T00:00:00,2026-08-24,PT0561704,LST0561704,AG02826,LOC0146,Single Family,4,2.0,1210,2402,1947,208700.0,2026-08-24,Active,,,0,0.0,0,No,No,2026-08-24,2026-08-24
INSERT,2026-08-24T00:00:00,2026-08-24,PT0561705,LST0561705,AG01463,LOC0175,Townhouse,2,3.5,1307,4359,1990,209300.0,2026-08-24,Active,,,0,635.19,0,No,No,2026-08-24,2026-08-24
INSERT,2026-08-24T00:00:00,2026-08-24,PT0561706,LST0561706,AG00040,LOC0245,Townhouse,5,2.0,2762,2841,1963,948000.0,2026-08-24,Active,,,0,525.26,0,No,No,2026-08-24,2026-08-24
INSERT,2026-08-24T00:00:00,2026-08-24,PT0561707,LST0561707,AG01786,LOC0033,Single Family,5,1.5,874,6077,1900,79100.0,2026-08-24,Active,,,0,0.0,1,Yes,Yes,2026-08-24,2026-08-24
INSERT,2026-08-24T00:00:00,2026-08-24,PT0561708,LST0561708,AG00343,LOC0017,Single Family,6,2.0,2804,9243,1976,507100.0,2026-08-24,Active,,,0,0.0,3,No,Yes,2026-08-24,2026-08-24
INSERT,2026-08-24T00:00:00,2026-08-24,PT0561709,LST0561709,AG02332,LOC0216,Townhouse,2,1.5,2470,5298,2022,837400.0,2026-08-24,Active,,,0,567.68,3,No,No,2026-08-24,2026-08-24
INSERT,2026-08-24T00:00:00,2026-08-24,PT0561710,LST0561710,AG00182,LOC0156,Townhouse,6,2.5,496,1709,1931,150600.0,2026-08-24,Active,,,0,726.53,0,No,No,2026-08-24,2026-08-24
INSERT,2026-08-24T00:00:00,2026-08-24,PT0561711,LST0561711,AG02739,LOC0142,Condo,1,3.0,2557,8300,2017,753700.0,2026-08-24,Active,,,0,702.65,1,No,No,2026-08-24,2026-08-24
INSERT,2026-08-24T00:00:00,2026-08-24,PT0561712,LST0561712,AG02046,LOC0219,Condo,6,3.0,1516,1325,2003,1044700.0,2026-08-24,Active,,,0,62.27,0,No,No,2026-08-24,2026-08-24
INSERT,2026-08-24T00:00:00,2026-08-24,PT0561713,LST0561713,AG02736,LOC0124,Townhouse,1,4.0,1339,5990,1999,378600.0,2026-08-24,Active,,,0,643.26,3,Yes,No,2026-08-24,2026-08-24
INSERT,2026-08-24T00:00:00,2026-08-24,PT0561714,LST0561714,AG00910,LOC0111,Townhouse,4,2.5,1055,4587,1925,200900.0,2026-08-24,Active,,,0,222.94,1,Yes,No,2026-08-24,2026-08-24
INSERT,2026-08-24T00:00:00,2026-08-24,PT0561715,LST0561715,AG02871,LOC0030,Single Family,6,1.0,2383,2990,1991,493900.0,2026-08-24,Active,,,0,0.0,2,No,Yes,2026-08-24,2026-08-24
INSERT,2026-08-24T00:00:00,2026-08-24,PT0561716,LST0561716,AG00426,LOC0036,Single Family,5,3.5,2261,1810,1911,633800.0,2026-08-24,Active,,,0,0.0,3,Yes,No,2026-08-24,2026-08-24
INSERT,2026-08-24T00:00:00,2026-08-24,PT0561717,LST0561717,AG01267,LOC0062,Single Family,4,2.0,1140,3000,1917,484100.0,2026-08-24,Active,,,0,0.0,3,No,No,2026-08-24,2026-08-24
INSERT,2026-08-24T00:00:00,2026-08-24,PT0561718,LST0561718,AG01493,LOC0006,Single Family,6,4.0,1435,2417,1982,286200.0,2026-08-24,Active,,,0,0.0,1,No,Yes,2026-08-24,2026-08-24
INSERT,2026-08-24T00:00:00,2026-08-24,PT0561719,LST0561719,AG00746,LOC0174,Single Family,3,3.0,2131,4786,1959,784400.0,2026-08-24,Active,,,0,0.0,2,No,No,2026-08-24,2026-08-24
INSERT,2026-08-24T00:00:00,2026-08-24,PT0561720,LST0561720,AG00212,LOC0139,Single Family,2,1.5,2185,3226,1932,868400.0,2026-08-24,Active,,,0,0.0,1,No,Yes,2026-08-24,2026-08-24
INSERT,2026-08-24T00:00:00,2026-08-24,PT0561721,LST0561721,AG02342,LOC0094,Land,0,0.0,8934,1759,1942,3355000.0,2026-08-24,Active,,,0,0.0,0,No,No,2026-08-24,2026-08-24
INSERT,2026-08-24T00:00:00,2026-08-24,PT0561722,LST0561722,AG01420,LOC0074,Single Family,3,4.5,2908,3736,1905,962500.0,2026-08-24,Active,,,0,0.0,3,Yes,Yes,2026-08-24,2026-08-24
INSERT,2026-08-24T00:00:00,2026-08-24,PT0561723,LST0561723,AG01251,LOC0136,Single Family,5,1.0,1306,4418,1978,182700.0,2026-08-24,Active,,,0,0.0,1,No,No,2026-08-24,2026-08-24
INSERT,2026-08-24T00:00:00,2026-08-24,PT0561724,LST0561724,AG01005,LOC0243,Single Family,3,1.0,2791,3579,1936,1104300.0,2026-08-24,Active,,,0,0.0,2,No,No,2026-08-24,2026-08-24
INSERT,2026-08-24T00:00:00,2026-08-24,PT0561725,LST0561725,AG00497,LOC0098,Multi-Family,5,1.5,3160,2755,1949,981200.0,2026-08-24,Active,,,0,0.0,3,No,No,2026-08-24,2026-08-24
INSERT,2026-08-24T00:00:00,2026-08-24,PT0561726,LST0561726,AG02690,LOC0065,Condo,2,4.0,2229,8949,2008,317900.0,2026-08-24,Active,,,0,159.7,2,No,No,2026-08-24,2026-08-24
INSERT,2026-08-24T00:00:00,2026-08-24,PT0561727,LST0561727,AG00608,LOC0114,Single Family,2,4.5,1628,3778,2006,343100.0,2026-08-24,Active,,,0,0.0,1,No,Yes,2026-08-24,2026-08-24
INSERT,2026-08-24T00:00:00,2026-08-24,PT0561728,LST0561728,AG02364,LOC0120,Multi-Family,2,1.5,3019,13062,2018,879300.0,2026-08-24,Active,,,0,0.0,2,No,Yes,2026-08-24,2026-08-24
INSERT,2026-08-24T00:00:00,2026-08-24,PT0561729,LST0561729,AG00859,LOC0046,Multi-Family,1,3.5,3275,13469,2010,595400.0,2026-08-24,Active,,,0,0.0,2,Yes,No,2026-08-24,2026-08-24
INSERT,2026-08-24T00:00:00,2026-08-24,PT0561730,LST0561730,AG01474,LOC0111,Condo,3,3.0,2297,9666,1908,389000.0,2026-08-24,Active,,,0,789.8,3,No,No,2026-08-24,2026-08-24
INSERT,2026-08-24T00:00:00,2026-08-24,PT0561731,LST0561731,AG00955,LOC0100,Townhouse,1,1.5,2051,5934,1909,266200.0,2026-08-24,Active,,,0,753.13,0,No,No,2026-08-24,2026-08-24
INSERT,2026-08-24T00:00:00,2026-08-24,PT0561732,LST0561732,AG01578,LOC0005,Apartment,5,1.5,923,0,1950,218000.0,2026-08-24,Active,,,0,129.55,1,No,No,2026-08-24,2026-08-24
INSERT,2026-08-24T00:00:00,2026-08-24,PT0561733,LST0561733,AG01687,LOC0038,Apartment,4,2.5,1568,0,1947,410100.0,2026-08-24,Active,,,0,194.7,3,No,No,2026-08-24,2026-08-24
INSERT,2026-08-24T00:00:00,2026-08-24,PT0561734,LST0561734,AG02204,LOC0153,Condo,4,1.0,1806,3695,2022,548000.0,2026-08-24,Active,,,0,704.96,1,No,No,2026-08-24,2026-08-24
INSERT,2026-08-24T00:00:00,2026-08-24,PT0561735,LST0561735,AG02697,LOC0087,Single Family,1,3.0,2322,7080,2007,1081200.0,2026-08-24,Active,,,0,0.0,1,No,Yes,2026-08-24,2026-08-24
INSERT,2026-08-24T00:00:00,2026-08-24,PT0561736,LST0561736,AG01332,LOC0044,Multi-Family,2,4.0,540,1833,1967,127000.0,2026-08-24,Active,,,0,0.0,0,No,Yes,2026-08-24,2026-08-24
INSERT,2026-08-24T00:00:00,2026-08-24,PT0561737,LST0561737,AG02876,LOC0188,Townhouse,3,3.5,2757,8979,1940,406200.0,2026-08-24,Active,,,0,420.19,1,Yes,No,2026-08-24,2026-08-24
INSERT,2026-08-24T00:00:00,2026-08-24,PT0561738,LST0561738,AG00323,LOC0196,Single Family,2,3.5,1041,2775,1998,102200.0,2026-08-24,Active,,,0,0.0,1,No,No,2026-08-24,2026-08-24
INSERT,2026-08-24T00:00:00,2026-08-24,PT0561739,LST0561739,AG01785,LOC0102,Townhouse,5,4.5,1485,2276,2019,205600.0,2026-08-24,Active,,,0,326.25,3,No,No,2026-08-24,2026-08-24
INSERT,2026-08-24T00:00:00,2026-08-24,PT0561740,LST0561740,AG00866,LOC0212,Single Family,6,1.0,2141,4675,1989,1232100.0,2026-08-24,Active,,,0,0.0,2,Yes,No,2026-08-24,2026-08-24
INSERT,2026-08-24T00:00:00,2026-08-24,PT0561741,LST0561741,AG01554,LOC0111,Single Family,1,4.5,2075,3341,1971,359200.0,2026-08-24,Active,,,0,0.0,0,Yes,No,2026-08-24,2026-08-24
INSERT,2026-08-24T00:00:00,2026-08-24,PT0561742,LST0561742,AG01135,LOC0194,Multi-Family,2,3.0,3562,2928,1988,1108700.0,2026-08-24,Active,,,0,0.0,2,No,Yes,2026-08-24,2026-08-24
INSERT,2026-08-24T00:00:00,2026-08-24,PT0561743,LST0561743,AG02471,LOC0227,Townhouse,1,4.5,2008,1234,1988,642600.0,2026-08-24,Active,,,0,52.12,0,No,No,2026-08-24,2026-08-24
INSERT,2026-08-24T00:00:00,2026-08-24,PT0561744,LST0561744,AG01101,LOC0161,Condo,1,1.0,2324,3481,1971,1518700.0,2026-08-24,Active,,,0,670.5,1,No,No,2026-08-24,2026-08-24
INSERT,2026-08-24T00:00:00,2026-08-24,PT0561745,LST0561745,AG02233,LOC0245,Multi-Family,4,3.5,2601,1777,1966,613700.0,2026-08-24,Active,,,0,0.0,2,No,No,2026-08-24,2026-08-24
INSERT,2026-08-24T00:00:00,2026-08-24,PT0561746,LST0561746,AG01925,LOC0120,Single Family,5,1.5,1688,1513,1991,572300.0,2026-08-24,Active,,,0,0.0,2,No,No,2026-08-24,2026-08-24
INSERT,2026-08-24T00:00:00,2026-08-24,PT0561747,LST0561747,AG00140,LOC0213,Condo,2,1.5,950,1513,1944,100000.0,2026-08-24,Active,,,0,688.65,3,No,No,2026-08-24,2026-08-24
INSERT,2026-08-24T00:00:00,2026-08-24,PT0561748,LST0561748,AG00607,LOC0059,Land,0,0.0,6060,6459,1929,1347700.0,2026-08-24,Active,,,0,0.0,0,No,No,2026-08-24,2026-08-24
INSERT,2026-08-24T00:00:00,2026-08-24,PT0561749,LST0561749,AG01786,LOC0231,Single Family,5,1.5,1867,3089,1957,380300.0,2026-08-24,Active,,,0,0.0,2,No,Yes,2026-08-24,2026-08-24
INSERT,2026-08-24T00:00:00,2026-08-24,PT0561750,LST0561750,AG02655,LOC0114,Land,0,0.0,2140,4494,2004,496000.0,2026-08-24,Active,,,0,0.0,0,No,No,2026-08-24,2026-08-24
INSERT,2026-08-24T00:00:00,2026-08-24,PT0561751,LST0561751,AG01546,LOC0121,Single Family,3,2.0,1893,1078,2000,272600.0,2026-08-24,Active,,,0,0.0,1,No,No,2026-08-24,2026-08-24
INSERT,2026-08-24T00:00:00,2026-08-24,PT0561752,LST0561752,AG00263,LOC0055,Single Family,5,4.5,1600,2442,1988,124400.0,2026-08-24,Active,,,0,0.0,2,No,No,2026-08-24,2026-08-24
INSERT,2026-08-24T00:00:00,2026-08-24,PT0561753,LST0561753,AG01983,LOC0029,Single Family,1,4.5,2419,9191,1910,1011800.0,2026-08-24,Active,,,0,0.0,1,No,Yes,2026-08-24,2026-08-24
INSERT,2026-08-24T00:00:00,2026-08-24,PT0561754,LST0561754,AG01406,LOC0194,Single Family,6,1.5,831,1931,1985,563400.0,2026-08-24,Active,,,0,0.0,0,No,No,2026-08-24,2026-08-24
INSERT,2026-08-24T00:00:00,2026-08-24,PT0561755,LST0561755,AG00604,LOC0092,Townhouse,4,4.5,1205,6349,1915,224100.0,2026-08-24,Active,,,0,84.75,1,No,No,2026-08-24,2026-08-24
INSERT,2026-08-24T00:00:00,2026-08-24,PT0561756,LST0561756,AG00869,LOC0201,Single Family,5,3.0,1401,2053,1956,201300.0,2026-08-24,Active,,,0,0.0,0,No,No,2026-08-24,2026-08-24
INSERT,2026-08-24T00:00:00,2026-08-24,PT0561757,LST0561757,AG01432,LOC0037,Apartment,3,1.0,1033,0,1942,457700.0,2026-08-24,Active,,,0,272.86,0,Yes,No,2026-08-24,2026-08-24
INSERT,2026-08-24T00:00:00,2026-08-24,PT0561758,LST0561758,AG02473,LOC0018,Townhouse,3,3.0,1570,1589,1994,247800.0,2026-08-24,Active,,,0,590.19,1,No,No,2026-08-24,2026-08-24
INSERT,2026-08-24T00:00:00,2026-08-24,PT0561759,LST0561759,AG00742,LOC0182,Multi-Family,4,3.0,3842,4416,1948,1142500.0,2026-08-24,Active,,,0,0.0,3,No,No,2026-08-24,2026-08-24
INSERT,2026-08-24T00:00:00,2026-08-24,PT0561760,LST0561760,AG01165,LOC0168,Single Family,4,2.0,2461,4390,1933,908500.0,2026-08-24,Active,,,0,0.0,2,No,Yes,2026-08-24,2026-08-24
INSERT,2026-08-24T00:00:00,2026-08-24,PT0561761,LST0561761,AG01213,LOC0025,Single Family,5,2.5,912,3197,1990,184400.0,2026-08-24,Active,,,0,0.0,3,No,Yes,2026-08-24,2026-08-24
INSERT,2026-08-24T00:00:00,2026-08-24,PT0561762,LST0561762,AG01839,LOC0149,Condo,5,1.0,1620,1899,1991,403800.0,2026-08-24,Active,,,0,118.44,3,No,No,2026-08-24,2026-08-24
INSERT,2026-08-24T00:00:00,2026-08-24,PT0561763,LST0561763,AG01497,LOC0031,Single Family,5,1.0,2796,3123,1956,495200.0,2026-08-24,Active,,,0,0.0,1,No,Yes,2026-08-24,2026-08-24
INSERT,2026-08-24T00:00:00,2026-08-24,PT0561764,LST0561764,AG00306,LOC0239,Apartment,4,1.0,1877,0,1954,464700.0,2026-08-24,Active,,,0,448.97,0,No,No,2026-08-24,2026-08-24
INSERT,2026-08-24T00:00:00,2026-08-24,PT0561765,LST0561765,AG00972,LOC0137,Single Family,1,3.0,1717,5552,1920,1029400.0,2026-08-24,Active,,,0,0.0,0,No,Yes,2026-08-24,2026-08-24
INSERT,2026-08-24T00:00:00,2026-08-24,PT0561766,LST0561766,AG00507,LOC0130,Single Family,1,1.5,2838,2427,2019,890500.0,2026-08-24,Active,,,0,0.0,3,Yes,Yes,2026-08-24,2026-08-24
INSERT,2026-08-24T00:00:00,2026-08-24,PT0561767,LST0561767,AG00427,LOC0103,Condo,1,2.5,3315,10919,1968,628600.0,2026-08-24,Active,,,0,101.85,2,No,No,2026-08-24,2026-08-24
INSERT,2026-08-24T00:00:00,2026-08-24,PT0561768,LST0561768,AG01880,LOC0175,Condo,4,1.5,899,6779,1942,253700.0,2026-08-24,Active,,,0,674.0,1,Yes,No,2026-08-24,2026-08-24
INSERT,2026-08-24T00:00:00,2026-08-24,PT0561769,LST0561769,AG00300,LOC0151,Condo,1,3.0,2830,6563,1969,880500.0,2026-08-24,Active,,,0,532.52,2,No,No,2026-08-24,2026-08-24
INSERT,2026-08-24T00:00:00,2026-08-24,PT0561770,LST0561770,AG00700,LOC0050,Condo,1,2.0,1892,12547,1990,335300.0,2026-08-24,Active,,,0,162.36,3,No,No,2026-08-24,2026-08-24
INSERT,2026-08-24T00:00:00,2026-08-24,PT0561771,LST0561771,AG00577,LOC0210,Condo,1,4.5,2721,16201,1995,1396700.0,2026-08-24,Active,,,0,324.44,3,No,No,2026-08-24,2026-08-24
INSERT,2026-08-24T00:00:00,2026-08-24,PT0561772,LST0561772,AG00670,LOC0081,Land,0,0.0,2721,13209,1998,1114800.0,2026-08-24,Active,,,0,0.0,0,No,No,2026-08-24,2026-08-24
INSERT,2026-08-24T00:00:00,2026-08-24,PT0561773,LST0561773,AG02571,LOC0020,Single Family,3,4.0,2039,1978,2025,696000.0,2026-08-24,Active,,,0,0.0,1,Yes,Yes,2026-08-24,2026-08-24
INSERT,2026-08-24T00:00:00,2026-08-24,PT0561774,LST0561774,AG00855,LOC0109,Single Family,6,2.5,2142,2841,2002,846600.0,2026-08-24,Active,,,0,0.0,1,No,No,2026-08-24,2026-08-24
INSERT,2026-08-24T00:00:00,2026-08-24,PT0561775,LST0561775,AG00175,LOC0083,Multi-Family,3,3.0,2290,1922,2016,308400.0,2026-08-24,Active,,,0,0.0,3,No,Yes,2026-08-24,2026-08-24
INSERT,2026-08-24T00:00:00,2026-08-24,PT0561776,LST0561776,AG02450,LOC0166,Single Family,4,4.5,1116,3637,1977,342300.0,2026-08-24,Active,,,0,0.0,3,No,Yes,2026-08-24,2026-08-24
INSERT,2026-08-24T00:00:00,2026-08-24,PT0561777,LST0561777,AG01081,LOC0079,Townhouse,2,4.5,2181,4192,1982,554400.0,2026-08-24,Active,,,0,729.34,3,No,No,2026-08-24,2026-08-24
INSERT,2026-08-24T00:00:00,2026-08-24,PT0561778,LST0561778,AG02133,LOC0146,Single Family,1,1.5,3479,4559,1963,403200.0,2026-08-24,Active,,,0,0.0,2,No,No,2026-08-24,2026-08-24
INSERT,2026-08-24T00:00:00,2026-08-24,PT0561779,LST0561779,AG02613,LOC0188,Townhouse,2,4.5,1735,13251,2016,461800.0,2026-08-24,Active,,,0,590.09,0,No,No,2026-08-24,2026-08-24
INSERT,2026-08-24T00:00:00,2026-08-24,PT0561780,LST0561780,AG00522,LOC0027,Single Family,5,1.5,1935,2992,1902,710500.0,2026-08-24,Active,,,0,0.0,0,No,Yes,2026-08-24,2026-08-24
INSERT,2026-08-24T00:00:00,2026-08-24,PT0561781,LST0561781,AG01413,LOC0241,Single Family,3,3.5,1973,6155,2016,228300.0,2026-08-24,Active,,,0,0.0,1,No,No,2026-08-24,2026-08-24
INSERT,2026-08-24T00:00:00,2026-08-24,PT0561782,LST0561782,AG02515,LOC0203,Townhouse,2,3.0,1714,1899,1936,305800.0,2026-08-24,Active,,,0,277.2,2,No,No,2026-08-24,2026-08-24
INSERT,2026-08-24T00:00:00,2026-08-24,PT0561783,LST0561783,AG00713,LOC0206,Single Family,3,1.5,2566,2552,1950,1162600.0,2026-08-24,Active,,,0,0.0,3,No,Yes,2026-08-24,2026-08-24
INSERT,2026-08-24T00:00:00,2026-08-24,PT0561784,LST0561784,AG01618,LOC0088,Townhouse,2,1.5,1870,5874,1925,355400.0,2026-08-24,Active,,,0,235.6,0,No,No,2026-08-24,2026-08-24
INSERT,2026-08-24T00:00:00,2026-08-24,PT0561785,LST0561785,AG02038,LOC0148,Single Family,3,1.0,2809,4987,2022,309500.0,2026-08-24,Active,,,0,0.0,0,No,No,2026-08-24,2026-08-24
INSERT,2026-08-24T00:00:00,2026-08-24,PT0561786,LST0561786,AG00120,LOC0158,Single Family,4,1.0,3058,14849,1964,856800.0,2026-08-24,Active,,,0,0.0,3,No,No,2026-08-24,2026-08-24
INSERT,2026-08-24T00:00:00,2026-08-24,PT0561787,LST0561787,AG00613,LOC0134,Single Family,2,2.5,2628,2815,1994,737700.0,2026-08-24,Active,,,0,0.0,2,Yes,No,2026-08-24,2026-08-24
INSERT,2026-08-24T00:00:00,2026-08-24,PT0561788,LST0561788,AG02617,LOC0191,Land,0,0.0,7255,1597,1936,2061300.0,2026-08-24,Active,,,0,0.0,0,No,No,2026-08-24,2026-08-24
INSERT,2026-08-24T00:00:00,2026-08-24,PT0561789,LST0561789,AG02825,LOC0037,Townhouse,2,4.5,2094,2278,1958,1196500.0,2026-08-24,Active,,,0,390.18,1,No,No,2026-08-24,2026-08-24
INSERT,2026-08-24T00:00:00,2026-08-24,PT0561790,LST0561790,AG01187,LOC0170,Single Family,4,3.0,1729,2172,2020,876700.0,2026-08-24,Active,,,0,0.0,0,No,Yes,2026-08-24,2026-08-24
INSERT,2026-08-24T00:00:00,2026-08-24,PT0561791,LST0561791,AG01168,LOC0069,Townhouse,4,1.0,2573,3713,2008,594900.0,2026-08-24,Active,,,0,773.24,1,No,No,2026-08-24,2026-08-24
INSERT,2026-08-24T00:00:00,2026-08-24,PT0561792,LST0561792,AG02219,LOC0004,Multi-Family,2,4.5,4428,9592,1937,322600.0,2026-08-24,Active,,,0,0.0,2,No,Yes,2026-08-24,2026-08-24
INSERT,2026-08-24T00:00:00,2026-08-24,PT0561793,LST0561793,AG01660,LOC0204,Multi-Family,6,2.0,3323,4387,2007,1354000.0,2026-08-24,Active,,,0,0.0,2,No,No,2026-08-24,2026-08-24
INSERT,2026-08-24T00:00:00,2026-08-24,PT0561794,LST0561794,AG01813,LOC0180,Condo,4,3.0,1496,8308,1921,340100.0,2026-08-24,Active,,,0,787.43,1,No,No,2026-08-24,2026-08-24
INSERT,2026-08-24T00:00:00,2026-08-24,PT0561795,LST0561795,AG01432,LOC0183,Townhouse,3,2.0,673,8228,1943,197700.0,2026-08-24,Active,,,0,141.49,3,No,No,2026-08-24,2026-08-24
INSERT,2026-08-24T00:00:00,2026-08-24,PT0561796,LST0561796,AG02085,LOC0032,Land,0,0.0,7765,1506,1923,1062000.0,2026-08-24,Active,,,0,0.0,0,No,No,2026-08-24,2026-08-24
INSERT,2026-08-24T00:00:00,2026-08-24,PT0561797,LST0561797,AG02229,LOC0169,Land,0,0.0,2729,1416,1942,772500.0,2026-08-24,Active,,,0,0.0,0,No,No,2026-08-24,2026-08-24
INSERT,2026-08-24T00:00:00,2026-08-24,PT0561798,LST0561798,AG00926,LOC0241,Single Family,3,2.5,3398,1858,1960,336100.0,2026-08-24,Active,,,0,0.0,2,Yes,Yes,2026-08-24,2026-08-24
INSERT,2026-08-24T00:00:00,2026-08-24,PT0561799,LST0561799,AG00725,LOC0168,Single Family,3,4.5,1996,4293,2024,409700.0,2026-08-24,Active,,,0,0.0,1,No,No,2026-08-24,2026-08-24
INSERT,2026-08-24T00:00:00,2026-08-24,PT0561800,LST0561800,AG00691,LOC0212,Townhouse,4,3.0,2577,1129,1981,257100.0,2026-08-24,Active,,,0,592.14,0,No,No,2026-08-24,2026-08-24
INSERT,2026-08-24T00:00:00,2026-08-24,PT0561801,LST0561801,AG01521,LOC0195,Condo,4,3.0,1629,1243,1992,400900.0,2026-08-24,Active,,,0,513.25,1,No,No,2026-08-24,2026-08-24
INSERT,2026-08-24T00:00:00,2026-08-24,PT0561802,LST0561802,AG02270,LOC0076,Townhouse,5,2.0,2367,4398,1973,328100.0,2026-08-24,Active,,,0,322.27,0,Yes,No,2026-08-24,2026-08-24
INSERT,2026-08-24T00:00:00,2026-08-24,PT0561803,LST0561803,AG02313,LOC0192,Condo,4,1.0,2013,1798,1948,958200.0,2026-08-24,Active,,,0,520.99,1,No,No,2026-08-24,2026-08-24
INSERT,2026-08-24T00:00:00,2026-08-24,PT0561804,LST0561804,AG02601,LOC0133,Condo,2,3.5,2506,4575,1968,496300.0,2026-08-24,Active,,,0,513.91,0,No,No,2026-08-24,2026-08-24
INSERT,2026-08-24T00:00:00,2026-08-24,PT0561805,LST0561805,AG01603,LOC0109,Single Family,2,3.5,980,2618,1914,374100.0,2026-08-24,Active,,,0,0.0,1,No,Yes,2026-08-24,2026-08-24
INSERT,2026-08-24T00:00:00,2026-08-24,PT0561806,LST0561806,AG02290,LOC0084,Single Family,1,4.5,952,1401,1993,320300.0,2026-08-24,Active,,,0,0.0,2,No,No,2026-08-24,2026-08-24
INSERT,2026-08-24T00:00:00,2026-08-24,PT0561807,LST0561807,AG02312,LOC0223,Single Family,3,4.5,1723,7871,1925,714100.0,2026-08-24,Active,,,0,0.0,0,No,Yes,2026-08-24,2026-08-24
INSERT,2026-08-24T00:00:00,2026-08-24,PT0561808,LST0561808,AG02962,LOC0162,Townhouse,6,4.0,2207,1680,2003,448000.0,2026-08-24,Active,,,0,618.49,0,No,No,2026-08-24,2026-08-24
INSERT,2026-08-24T00:00:00,2026-08-24,PT0561809,LST0561809,AG00284,LOC0077,Townhouse,3,4.5,1950,3110,1974,322000.0,2026-08-24,Active,,,0,287.37,1,No,No,2026-08-24,2026-08-24
INSERT,2026-08-24T00:00:00,2026-08-24,PT0561810,LST0561810,AG01735,LOC0023,Condo,3,1.0,1848,1654,2021,665000.0,2026-08-24,Active,,,0,671.58,2,No,No,2026-08-24,2026-08-24
INSERT,2026-08-24T00:00:00,2026-08-24,PT0561811,LST0561811,AG01008,LOC0086,Single Family,5,3.0,545,3045,1979,85700.0,2026-08-24,Active,,,0,0.0,2,Yes,Yes,2026-08-24,2026-08-24
INSERT,2026-08-24T00:00:00,2026-08-24,PT0561812,LST0561812,AG01200,LOC0113,Single Family,4,2.0,1763,3909,1934,950600.0,2026-08-24,Active,,,0,0.0,3,No,Yes,2026-08-24,2026-08-24
INSERT,2026-08-24T00:00:00,2026-08-24,PT0561813,LST0561813,AG00939,LOC0220,Single Family,6,4.5,2038,2551,1959,447100.0,2026-08-24,Active,,,0,0.0,0,No,Yes,2026-08-24,2026-08-24
INSERT,2026-08-24T00:00:00,2026-08-24,PT0561814,LST0561814,AG00144,LOC0240,Multi-Family,1,1.5,3555,4393,1955,1035800.0,2026-08-24,Active,,,0,0.0,1,No,Yes,2026-08-24,2026-08-24
INSERT,2026-08-24T00:00:00,2026-08-24,PT0561815,LST0561815,AG02780,LOC0131,Condo,4,3.5,1535,3419,1971,505800.0,2026-08-24,Active,,,0,460.42,0,No,No,2026-08-24,2026-08-24
INSERT,2026-08-24T00:00:00,2026-08-24,PT0561816,LST0561816,AG01304,LOC0099,Townhouse,2,1.5,1415,1912,1941,629900.0,2026-08-24,Active,,,0,506.01,0,No,No,2026-08-24,2026-08-24
INSERT,2026-08-24T00:00:00,2026-08-24,PT0561817,LST0561817,AG02393,LOC0038,Land,0,0.0,8097,8505,1981,2096800.0,2026-08-24,Active,,,0,0.0,0,No,No,2026-08-24,2026-08-24
INSERT,2026-08-24T00:00:00,2026-08-24,PT0561818,LST0561818,AG00302,LOC0120,Condo,2,4.5,1429,4373,1926,495300.0,2026-08-24,Active,,,0,745.03,3,No,No,2026-08-24,2026-08-24
INSERT,2026-08-24T00:00:00,2026-08-24,PT0561819,LST0561819,AG00933,LOC0036,Single Family,2,1.5,1591,1175,2012,875300.0,2026-08-24,Active,,,0,0.0,3,No,Yes,2026-08-24,2026-08-24
INSERT,2026-08-24T00:00:00,2026-08-24,PT0561820,LST0561820,AG01461,LOC0102,Multi-Family,1,3.0,6496,7203,1943,1415200.0,2026-08-24,Active,,,0,0.0,2,Yes,No,2026-08-24,2026-08-24
INSERT,2026-08-24T00:00:00,2026-08-24,PT0561821,LST0561821,AG01326,LOC0006,Multi-Family,2,4.0,2219,4166,1900,564100.0,2026-08-24,Active,,,0,0.0,3,Yes,Yes,2026-08-24,2026-08-24
INSERT,2026-08-24T00:00:00,2026-08-24,PT0561822,LST0561822,AG01745,LOC0156,Townhouse,3,4.5,1887,2434,1972,715200.0,2026-08-24,Active,,,0,757.51,3,No,No,2026-08-24,2026-08-24
INSERT,2026-08-24T00:00:00,2026-08-24,PT0561823,LST0561823,AG01687,LOC0236,Single Family,4,4.0,2754,8353,1937,229700.0,2026-08-24,Active,,,0,0.0,1,No,Yes,2026-08-24,2026-08-24
INSERT,2026-08-24T00:00:00,2026-08-24,PT0561824,LST0561824,AG02869,LOC0126,Condo,4,2.5,1190,1028,1941,396600.0,2026-08-24,Active,,,0,750.17,1,No,No,2026-08-24,2026-08-24
INSERT,2026-08-24T00:00:00,2026-08-24,PT0561825,LST0561825,AG00237,LOC0134,Condo,4,2.5,2174,1713,1944,837000.0,2026-08-24,Active,,,0,298.22,3,No,No,2026-08-24,2026-08-24
INSERT,2026-08-24T00:00:00,2026-08-24,PT0561826,LST0561826,AG02524,LOC0019,Condo,2,2.5,2188,8650,1967,439900.0,2026-08-24,Active,,,0,517.48,1,No,No,2026-08-24,2026-08-24
INSERT,2026-08-24T00:00:00,2026-08-24,PT0561827,LST0561827,AG01612,LOC0076,Condo,4,2.0,2310,1664,1968,469100.0,2026-08-24,Active,,,0,444.2,2,Yes,No,2026-08-24,2026-08-24
INSERT,2026-08-24T00:00:00,2026-08-24,PT0561828,LST0561828,AG01168,LOC0114,Single Family,1,2.5,1550,1197,2023,252600.0,2026-08-24,Active,,,0,0.0,0,No,Yes,2026-08-24,2026-08-24
INSERT,2026-08-24T00:00:00,2026-08-24,PT0561829,LST0561829,AG01722,LOC0204,Multi-Family,3,1.0,2327,1371,1946,1449400.0,2026-08-24,Active,,,0,0.0,3,No,No,2026-08-24,2026-08-24
INSERT,2026-08-24T00:00:00,2026-08-24,PT0561830,LST0561830,AG00838,LOC0178,Apartment,2,2.0,556,0,2006,146700.0,2026-08-24,Active,,,0,238.26,0,No,No,2026-08-24,2026-08-24
INSERT,2026-08-24T00:00:00,2026-08-24,PT0561831,LST0561831,AG02079,LOC0230,Single Family,6,1.0,2514,1326,1925,719800.0,2026-08-24,Active,,,0,0.0,0,Yes,No,2026-08-24,2026-08-24
INSERT,2026-08-24T00:00:00,2026-08-24,PT0561832,LST0561832,AG00859,LOC0173,Single Family,6,2.5,2142,2282,2020,885000.0,2026-08-24,Active,,,0,0.0,0,No,No,2026-08-24,2026-08-24
INSERT,2026-08-24T00:00:00,2026-08-24,PT0561833,LST0561833,AG00583,LOC0114,Multi-Family,5,2.0,4263,1667,1948,451200.0,2026-08-24,Active,,,0,0.0,3,No,Yes,2026-08-24,2026-08-24
INSERT,2026-08-24T00:00:00,2026-08-24,PT0561834,LST0561834,AG01765,LOC0249,Single Family,6,3.0,941,1383,1992,174200.0,2026-08-24,Active,,,0,0.0,1,Yes,No,2026-08-24,2026-08-24
INSERT,2026-08-24T00:00:00,2026-08-24,PT0561835,LST0561835,AG00025,LOC0174,Single Family,2,1.5,2307,7339,2006,1330900.0,2026-08-24,Active,,,0,0.0,0,Yes,Yes,2026-08-24,2026-08-24
INSERT,2026-08-24T00:00:00,2026-08-24,PT0561836,LST0561836,AG00181,LOC0239,Townhouse,4,1.0,1843,5827,1980,386500.0,2026-08-24,Active,,,0,486.01,0,No,No,2026-08-24,2026-08-24
INSERT,2026-08-24T00:00:00,2026-08-24,PT0561837,LST0561837,AG02254,LOC0166,Land,0,0.0,5054,3811,1965,1206500.0,2026-08-24,Active,,,0,0.0,0,No,No,2026-08-24,2026-08-24
INSERT,2026-08-24T00:00:00,2026-08-24,PT0561838,LST0561838,AG01988,LOC0172,Townhouse,3,1.5,1266,7436,1996,340700.0,2026-08-24,Active,,,0,687.9,1,No,No,2026-08-24,2026-08-24
INSERT,2026-08-24T00:00:00,2026-08-24,PT0561839,LST0561839,AG00351,LOC0147,Single Family,6,2.5,2057,6662,1999,420800.0,2026-08-24,Active,,,0,0.0,2,Yes,No,2026-08-24,2026-08-24
INSERT,2026-08-24T00:00:00,2026-08-24,PT0561840,LST0561840,AG02742,LOC0158,Townhouse,1,1.0,1137,5029,1999,496500.0,2026-08-24,Active,,,0,153.96,2,No,No,2026-08-24,2026-08-24
INSERT,2026-08-24T00:00:00,2026-08-24,PT0561841,LST0561841,AG00103,LOC0197,Townhouse,6,4.5,1105,6870,1913,660500.0,2026-08-24,Active,,,0,168.95,1,No,No,2026-08-24,2026-08-24
INSERT,2026-08-24T00:00:00,2026-08-24,PT0561842,LST0561842,AG00272,LOC0122,Single Family,2,4.5,1876,19565,1932,784200.0,2026-08-24,Active,,,0,0.0,0,No,No,2026-08-24,2026-08-24
INSERT,2026-08-24T00:00:00,2026-08-24,PT0561843,LST0561843,AG00308,LOC0249,Single Family,1,3.5,1621,9605,1982,453000.0,2026-08-24,Active,,,0,0.0,2,No,No,2026-08-24,2026-08-24
INSERT,2026-08-24T00:00:00,2026-08-24,PT0561844,LST0561844,AG01459,LOC0018,Land,0,0.0,1607,1272,2012,465900.0,2026-08-24,Active,,,0,0.0,0,No,No,2026-08-24,2026-08-24
INSERT,2026-08-24T00:00:00,2026-08-24,PT0561845,LST0561845,AG02987,LOC0088,Single Family,1,2.0,1846,1703,2002,177200.0,2026-08-24,Active,,,0,0.0,0,No,No,2026-08-24,2026-08-24
INSERT,2026-08-24T00:00:00,2026-08-24,PT0561846,LST0561846,AG02630,LOC0211,Condo,1,4.5,1854,2919,1963,940000.0,2026-08-24,Active,,,0,102.78,1,No,No,2026-08-24,2026-08-24
INSERT,2026-08-24T00:00:00,2026-08-24,PT0561847,LST0561847,AG02789,LOC0046,Single Family,2,2.5,300,1557,1969,46300.0,2026-08-24,Active,,,0,0.0,0,No,No,2026-08-24,2026-08-24
INSERT,2026-08-24T00:00:00,2026-08-24,PT0561848,LST0561848,AG01685,LOC0008,Apartment,3,3.5,1013,0,1947,111600.0,2026-08-24,Active,,,0,768.32,0,No,No,2026-08-24,2026-08-24
INSERT,2026-08-24T00:00:00,2026-08-24,PT0561849,LST0561849,AG00941,LOC0059,Single Family,6,2.0,1055,5649,1906,133300.0,2026-08-24,Active,,,0,0.0,2,No,No,2026-08-24,2026-08-24
INSERT,2026-08-24T00:00:00,2026-08-24,PT0561850,LST0561850,AG02471,LOC0049,Condo,4,4.0,1036,10032,1968,297500.0,2026-08-24,Active,,,0,640.34,2,No,No,2026-08-24,2026-08-24
INSERT,2026-08-24T00:00:00,2026-08-24,PT0561851,LST0561851,AG00119,LOC0047,Single Family,4,4.0,914,4852,1953,500600.0,2026-08-24,Active,,,0,0.0,2,No,No,2026-08-24,2026-08-24
INSERT,2026-08-24T00:00:00,2026-08-24,PT0561852,LST0561852,AG02508,LOC0217,Apartment,3,2.5,944,0,1973,153000.0,2026-08-24,Active,,,0,532.54,3,No,No,2026-08-24,2026-08-24
INSERT,2026-08-24T00:00:00,2026-08-24,PT0561853,LST0561853,AG01675,LOC0047,Single Family,6,1.5,2332,2768,1989,1326100.0,2026-08-24,Active,,,0,0.0,2,No,Yes,2026-08-24,2026-08-24
INSERT,2026-08-24T00:00:00,2026-08-24,PT0561854,LST0561854,AG02944,LOC0124,Condo,3,1.0,2007,1050,1926,909100.0,2026-08-24,Active,,,0,682.27,2,No,No,2026-08-24,2026-08-24
INSERT,2026-08-24T00:00:00,2026-08-24,PT0561855,LST0561855,AG02787,LOC0062,Single Family,2,2.5,2297,6408,1911,516800.0,2026-08-24,Active,,,0,0.0,2,No,Yes,2026-08-24,2026-08-24
INSERT,2026-08-24T00:00:00,2026-08-24,PT0561856,LST0561856,AG02111,LOC0169,Multi-Family,3,4.5,4988,1643,1931,3192600.0,2026-08-24,Active,,,0,0.0,2,No,Yes,2026-08-24,2026-08-24
INSERT,2026-08-24T00:00:00,2026-08-24,PT0561857,LST0561857,AG00653,LOC0003,Multi-Family,1,4.0,3810,6842,1945,555500.0,2026-08-24,Active,,,0,0.0,3,No,No,2026-08-24,2026-08-24
INSERT,2026-08-24T00:00:00,2026-08-24,PT0561858,LST0561858,AG00607,LOC0116,Condo,4,1.5,2745,5171,1916,1305200.0,2026-08-24,Active,,,0,62.26,2,No,No,2026-08-24,2026-08-24
INSERT,2026-08-24T00:00:00,2026-08-24,PT0561859,LST0561859,AG00442,LOC0188,Townhouse,5,1.5,1243,9140,1969,230300.0,2026-08-24,Active,,,0,102.1,1,Yes,No,2026-08-24,2026-08-24
INSERT,2026-08-24T00:00:00,2026-08-24,PT0561860,LST0561860,AG01625,LOC0210,Single Family,5,1.5,1721,6342,2009,1126300.0,2026-08-24,Active,,,0,0.0,1,Yes,No,2026-08-24,2026-08-24
INSERT,2026-08-24T00:00:00,2026-08-24,PT0561861,LST0561861,AG00373,LOC0072,Single Family,4,3.0,1374,4275,1952,108100.0,2026-08-24,Active,,,0,0.0,2,No,Yes,2026-08-24,2026-08-24
INSERT,2026-08-24T00:00:00,2026-08-24,PT0561862,LST0561862,AG01725,LOC0086,Single Family,5,1.0,300,2507,1926,41800.0,2026-08-24,Active,,,0,0.0,1,No,Yes,2026-08-24,2026-08-24
INSERT,2026-08-24T00:00:00,2026-08-24,PT0561863,LST0561863,AG00112,LOC0009,Single Family,3,3.5,1110,1838,1946,389600.0,2026-08-24,Active,,,0,0.0,2,No,Yes,2026-08-24,2026-08-24
INSERT,2026-08-24T00:00:00,2026-08-24,PT0561864,LST0561864,AG00673,LOC0234,Single Family,4,2.0,2655,2154,2006,1057600.0,2026-08-24,Active,,,0,0.0,1,No,No,2026-08-24,2026-08-24
INSERT,2026-08-24T00:00:00,2026-08-24,PT0561865,LST0561865,AG00865,LOC0096,Apartment,3,4.5,1137,0,1986,281400.0,2026-08-24,Active,,,0,598.99,0,No,No,2026-08-24,2026-08-24
INSERT,2026-08-24T00:00:00,2026-08-24,PT0561866,LST0561866,AG00113,LOC0067,Single Family,3,3.0,1747,4893,1905,318700.0,2026-08-24,Active,,,0,0.0,3,No,No,2026-08-24,2026-08-24
INSERT,2026-08-24T00:00:00,2026-08-24,PT0561867,LST0561867,AG02100,LOC0040,Single Family,6,4.5,2059,6534,1952,998500.0,2026-08-24,Active,,,0,0.0,1,No,No,2026-08-24,2026-08-24
INSERT,2026-08-24T00:00:00,2026-08-24,PT0561868,LST0561868,AG02080,LOC0182,Multi-Family,2,2.5,4978,2670,1998,2643800.0,2026-08-24,Active,,,0,0.0,3,No,Yes,2026-08-24,2026-08-24
INSERT,2026-08-24T00:00:00,2026-08-24,PT0561869,LST0561869,AG01798,LOC0133,Townhouse,1,3.5,2385,3068,1996,482800.0,2026-08-24,Active,,,0,221.46,3,No,No,2026-08-24,2026-08-24
INSERT,2026-08-24T00:00:00,2026-08-24,PT0561870,LST0561870,AG02943,LOC0189,Multi-Family,2,1.0,2889,15137,2022,1492100.0,2026-08-24,Active,,,0,0.0,1,Yes,Yes,2026-08-24,2026-08-24
INSERT,2026-08-24T00:00:00,2026-08-24,PT0561871,LST0561871,AG02434,LOC0013,Single Family,1,4.5,2246,5910,1946,231200.0,2026-08-24,Active,,,0,0.0,0,No,Yes,2026-08-24,2026-08-24
INSERT,2026-08-24T00:00:00,2026-08-24,PT0561872,LST0561872,AG01597,LOC0157,Condo,3,2.5,1179,7085,2001,121500.0,2026-08-24,Active,,,0,344.83,3,No,No,2026-08-24,2026-08-24
INSERT,2026-08-24T00:00:00,2026-08-24,PT0561873,LST0561873,AG01441,LOC0137,Condo,1,1.5,2431,12771,1960,981600.0,2026-08-24,Active,,,0,88.65,2,No,No,2026-08-24,2026-08-24
INSERT,2026-08-24T00:00:00,2026-08-24,PT0561874,LST0561874,AG01311,LOC0232,Condo,6,1.0,637,7249,2006,134700.0,2026-08-24,Active,,,0,393.65,0,No,No,2026-08-24,2026-08-24
INSERT,2026-08-24T00:00:00,2026-08-24,PT0561875,LST0561875,AG01170,LOC0009,Single Family,1,2.5,1795,2705,1989,236200.0,2026-08-24,Active,,,0,0.0,1,No,No,2026-08-24,2026-08-24
INSERT,2026-08-24T00:00:00,2026-08-24,PT0561876,LST0561876,AG01980,LOC0002,Single Family,2,4.0,2074,7511,1930,511000.0,2026-08-24,Active,,,0,0.0,0,No,No,2026-08-24,2026-08-24
INSERT,2026-08-24T00:00:00,2026-08-24,PT0561877,LST0561877,AG01359,LOC0010,Condo,1,2.0,1635,3491,1955,610400.0,2026-08-24,Active,,,0,589.8,3,No,No,2026-08-24,2026-08-24
INSERT,2026-08-24T00:00:00,2026-08-24,PT0561878,LST0561878,AG02471,LOC0195,Multi-Family,4,4.5,4315,1920,1958,877400.0,2026-08-24,Active,,,0,0.0,2,No,Yes,2026-08-24,2026-08-24
INSERT,2026-08-24T00:00:00,2026-08-24,PT0561879,LST0561879,AG02204,LOC0110,Multi-Family,5,4.5,6196,7683,1906,727800.0,2026-08-24,Active,,,0,0.0,1,No,No,2026-08-24,2026-08-24
INSERT,2026-08-24T00:00:00,2026-08-24,PT0561880,LST0561880,AG02933,LOC0233,Multi-Family,1,3.0,3325,1104,1937,1191300.0,2026-08-24,Active,,,0,0.0,0,No,Yes,2026-08-24,2026-08-24
INSERT,2026-08-24T00:00:00,2026-08-24,PT0561881,LST0561881,AG02407,LOC0099,Condo,3,4.0,1335,18943,1974,401600.0,2026-08-24,Active,,,0,326.67,3,No,No,2026-08-24,2026-08-24
INSERT,2026-08-24T00:00:00,2026-08-24,PT0561882,LST0561882,AG01495,LOC0135,Single Family,5,4.5,1304,5252,1971,685100.0,2026-08-24,Active,,,0,0.0,0,No,No,2026-08-24,2026-08-24
INSERT,2026-08-24T00:00:00,2026-08-24,PT0561883,LST0561883,AG00051,LOC0123,Single Family,1,3.0,1345,12544,1949,519000.0,2026-08-24,Active,,,0,0.0,3,Yes,No,2026-08-24,2026-08-24
INSERT,2026-08-24T00:00:00,2026-08-24,PT0561884,LST0561884,AG00964,LOC0175,Single Family,3,3.5,2349,8725,1978,583300.0,2026-08-24,Active,,,0,0.0,2,No,Yes,2026-08-24,2026-08-24
INSERT,2026-08-24T00:00:00,2026-08-24,PT0561885,LST0561885,AG02717,LOC0011,Multi-Family,5,1.5,3966,3913,1939,1940100.0,2026-08-24,Active,,,0,0.0,1,Yes,Yes,2026-08-24,2026-08-24
INSERT,2026-08-24T00:00:00,2026-08-24,PT0561886,LST0561886,AG02976,LOC0075,Townhouse,1,1.0,1454,2382,1906,469100.0,2026-08-24,Active,,,0,580.83,2,No,No,2026-08-24,2026-08-24
INSERT,2026-08-24T00:00:00,2026-08-24,PT0561887,LST0561887,AG02706,LOC0241,Townhouse,1,4.5,819,2759,1905,94000.0,2026-08-24,Active,,,0,528.11,2,No,No,2026-08-24,2026-08-24
INSERT,2026-08-24T00:00:00,2026-08-24,PT0561888,LST0561888,AG00901,LOC0070,Condo,4,1.0,2945,4733,1965,525600.0,2026-08-24,Active,,,0,121.45,0,No,No,2026-08-24,2026-08-24
INSERT,2026-08-24T00:00:00,2026-08-24,PT0561889,LST0561889,AG00450,LOC0235,Single Family,1,1.5,3347,10460,2011,907200.0,2026-08-24,Active,,,0,0.0,1,No,No,2026-08-24,2026-08-24
INSERT,2026-08-24T00:00:00,2026-08-24,PT0561890,LST0561890,AG02483,LOC0060,Single Family,1,4.0,1634,1560,1960,474700.0,2026-08-24,Active,,,0,0.0,3,No,No,2026-08-24,2026-08-24
INSERT,2026-08-24T00:00:00,2026-08-24,PT0561891,LST0561891,AG00291,LOC0048,Single Family,2,1.5,2482,2703,1958,1209300.0,2026-08-24,Active,,,0,0.0,1,Yes,Yes,2026-08-24,2026-08-24
INSERT,2026-08-24T00:00:00,2026-08-24,PT0561892,LST0561892,AG01404,LOC0178,Multi-Family,6,3.5,2213,5090,1969,133900.0,2026-08-24,Active,,,0,0.0,0,No,No,2026-08-24,2026-08-24
INSERT,2026-08-24T00:00:00,2026-08-24,PT0561893,LST0561893,AG01134,LOC0190,Multi-Family,3,2.5,3573,6851,1908,831300.0,2026-08-24,Active,,,0,0.0,3,No,No,2026-08-24,2026-08-24
INSERT,2026-08-24T00:00:00,2026-08-24,PT0561894,LST0561894,AG02906,LOC0192,Townhouse,3,3.5,2731,3350,2016,983600.0,2026-08-24,Active,,,0,285.97,1,No,No,2026-08-24,2026-08-24
INSERT,2026-08-24T00:00:00,2026-08-24,PT0561895,LST0561895,AG02669,LOC0214,Townhouse,1,2.0,1244,7688,1961,117800.0,2026-08-24,Active,,,0,499.95,0,No,No,2026-08-24,2026-08-24
INSERT,2026-08-24T00:00:00,2026-08-24,PT0561896,LST0561896,AG01267,LOC0180,Condo,3,3.0,1434,2299,2003,421300.0,2026-08-24,Active,,,0,778.69,1,No,No,2026-08-24,2026-08-24
INSERT,2026-08-24T00:00:00,2026-08-24,PT0561897,LST0561897,AG00354,LOC0062,Townhouse,6,4.0,2339,2925,1908,525600.0,2026-08-24,Active,,,0,795.21,1,No,No,2026-08-24,2026-08-24
INSERT,2026-08-24T00:00:00,2026-08-24,PT0561898,LST0561898,AG00591,LOC0199,Condo,3,3.5,1284,3156,1986,387900.0,2026-08-24,Active,,,0,399.62,2,No,No,2026-08-24,2026-08-24
INSERT,2026-08-24T00:00:00,2026-08-24,PT0561899,LST0561899,AG02225,LOC0221,Condo,3,2.5,518,3302,1957,153500.0,2026-08-24,Active,,,0,141.97,0,No,No,2026-08-24,2026-08-24
INSERT,2026-08-24T00:00:00,2026-08-24,PT0561900,LST0561900,AG00107,LOC0132,Single Family,4,2.0,1508,9643,1986,398700.0,2026-08-24,Active,,,0,0.0,0,No,Yes,2026-08-24,2026-08-24
INSERT,2026-08-24T00:00:00,2026-08-24,PT0561901,LST0561901,AG01092,LOC0114,Land,0,0.0,4267,14667,2005,1169000.0,2026-08-24,Active,,,0,0.0,0,No,No,2026-08-24,2026-08-24
INSERT,2026-08-24T00:00:00,2026-08-24,PT0561902,LST0561902,AG02744,LOC0092,Single Family,2,4.5,969,4654,1973,114300.0,2026-08-24,Active,,,0,0.0,2,No,Yes,2026-08-24,2026-08-24
INSERT,2026-08-24T00:00:00,2026-08-24,PT0561903,LST0561903,AG01927,LOC0240,Single Family,1,1.0,2298,5248,1914,260100.0,2026-08-24,Active,,,0,0.0,1,No,Yes,2026-08-24,2026-08-24
INSERT,2026-08-24T00:00:00,2026-08-24,PT0561904,LST0561904,AG01076,LOC0173,Condo,5,1.0,1908,5291,2009,767100.0,2026-08-24,Active,,,0,305.08,3,No,No,2026-08-24,2026-08-24
INSERT,2026-08-24T00:00:00,2026-08-24,PT0561905,LST0561905,AG00337,LOC0109,Apartment,4,4.0,1556,0,1917,948000.0,2026-08-24,Active,,,0,184.9,2,No,No,2026-08-24,2026-08-24
INSERT,2026-08-24T00:00:00,2026-08-24,PT0561906,LST0561906,AG02334,LOC0182,Condo,3,2.5,2822,6046,2010,834200.0,2026-08-24,Active,,,0,564.63,3,No,No,2026-08-24,2026-08-24
INSERT,2026-08-24T00:00:00,2026-08-24,PT0561907,LST0561907,AG02844,LOC0116,Single Family,1,3.5,2232,3651,1970,626000.0,2026-08-24,Active,,,0,0.0,0,No,Yes,2026-08-24,2026-08-24
INSERT,2026-08-24T00:00:00,2026-08-24,PT0561908,LST0561908,AG02938,LOC0089,Townhouse,6,1.5,829,1755,1923,146200.0,2026-08-24,Active,,,0,651.32,1,No,No,2026-08-24,2026-08-24
INSERT,2026-08-24T00:00:00,2026-08-24,PT0561909,LST0561909,AG02047,LOC0050,Single Family,6,3.0,780,3687,1986,38400.0,2026-08-24,Active,,,0,0.0,2,No,No,2026-08-24,2026-08-24
INSERT,2026-08-24T00:00:00,2026-08-24,PT0561910,LST0561910,AG00371,LOC0001,Apartment,3,1.5,916,0,1987,214300.0,2026-08-24,Active,,,0,690.85,2,Yes,No,2026-08-24,2026-08-24
INSERT,2026-08-24T00:00:00,2026-08-24,PT0561911,LST0561911,AG02282,LOC0214,Single Family,6,3.5,1838,5303,1952,349400.0,2026-08-24,Active,,,0,0.0,2,No,No,2026-08-24,2026-08-24
INSERT,2026-08-24T00:00:00,2026-08-24,PT0561912,LST0561912,AG01166,LOC0211,Single Family,2,4.0,2909,3782,1926,753800.0,2026-08-24,Active,,,0,0.0,2,No,No,2026-08-24,2026-08-24
INSERT,2026-08-24T00:00:00,2026-08-24,PT0561913,LST0561913,AG00616,LOC0115,Single Family,5,1.5,2640,1440,1986,668200.0,2026-08-24,Active,,,0,0.0,0,No,No,2026-08-24,2026-08-24
INSERT,2026-08-24T00:00:00,2026-08-24,PT0561914,LST0561914,AG02431,LOC0111,Single Family,1,1.5,840,13577,1945,141100.0,2026-08-24,Active,,,0,0.0,1,No,Yes,2026-08-24,2026-08-24
INSERT,2026-08-24T00:00:00,2026-08-24,PT0561915,LST0561915,AG00021,LOC0133,Single Family,3,1.5,2424,2450,1944,512700.0,2026-08-24,Active,,,0,0.0,3,No,Yes,2026-08-24,2026-08-24
INSERT,2026-08-24T00:00:00,2026-08-24,PT0561916,LST0561916,AG01993,LOC0184,Single Family,4,2.5,616,1699,2011,344700.0,2026-08-24,Active,,,0,0.0,3,No,Yes,2026-08-24,2026-08-24
INSERT,2026-08-24T00:00:00,2026-08-24,PT0561917,LST0561917,AG00532,LOC0191,Single Family,2,2.0,1579,2088,1936,913800.0,2026-08-24,Active,,,0,0.0,3,No,No,2026-08-24,2026-08-24
INSERT,2026-08-24T00:00:00,2026-08-24,PT0561918,LST0561918,AG02972,LOC0026,Townhouse,4,3.0,1805,3707,2025,640700.0,2026-08-24,Active,,,0,323.61,0,Yes,No,2026-08-24,2026-08-24
INSERT,2026-08-24T00:00:00,2026-08-24,PT0561919,LST0561919,AG01981,LOC0028,Single Family,3,2.0,1795,21978,1963,181200.0,2026-08-24,Active,,,0,0.0,0,No,No,2026-08-24,2026-08-24
INSERT,2026-08-24T00:00:00,2026-08-24,PT0561920,LST0561920,AG01885,LOC0040,Townhouse,5,3.5,2151,4274,1943,966500.0,2026-08-24,Active,,,0,116.27,1,No,No,2026-08-24,2026-08-24
INSERT,2026-08-24T00:00:00,2026-08-24,PT0561921,LST0561921,AG01449,LOC0007,Townhouse,4,3.0,2393,8153,2020,1219100.0,2026-08-24,Active,,,0,532.96,0,No,No,2026-08-24,2026-08-24
INSERT,2026-08-24T00:00:00,2026-08-24,PT0561922,LST0561922,AG00222,LOC0114,Single Family,5,1.0,1245,10133,1987,209300.0,2026-08-24,Active,,,0,0.0,0,No,Yes,2026-08-24,2026-08-24
INSERT,2026-08-24T00:00:00,2026-08-24,PT0561923,LST0561923,AG01695,LOC0103,Single Family,5,4.0,2248,2763,2015,509500.0,2026-08-24,Active,,,0,0.0,0,No,No,2026-08-24,2026-08-24
INSERT,2026-08-24T00:00:00,2026-08-24,PT0561924,LST0561924,AG00650,LOC0203,Condo,6,3.0,1958,1806,1987,223900.0,2026-08-24,Active,,,0,328.75,0,No,No,2026-08-24,2026-08-24
INSERT,2026-08-24T00:00:00,2026-08-24,PT0561925,LST0561925,AG00570,LOC0027,Condo,5,3.5,1237,1333,1947,631200.0,2026-08-24,Active,,,0,567.14,3,No,No,2026-08-24,2026-08-24
INSERT,2026-08-24T00:00:00,2026-08-24,PT0561926,LST0561926,AG00887,LOC0219,Single Family,5,2.0,2590,1298,1964,1360600.0,2026-08-24,Active,,,0,0.0,3,No,No,2026-08-24,2026-08-24
INSERT,2026-08-24T00:00:00,2026-08-24,PT0561927,LST0561927,AG00806,LOC0200,Single Family,5,1.0,1240,11093,1950,341400.0,2026-08-24,Active,,,0,0.0,0,No,Yes,2026-08-24,2026-08-24
INSERT,2026-08-24T00:00:00,2026-08-24,PT0561928,LST0561928,AG00142,LOC0065,Apartment,4,3.0,731,0,1910,165500.0,2026-08-24,Active,,,0,445.06,3,No,No,2026-08-24,2026-08-24
INSERT,2026-08-24T00:00:00,2026-08-24,PT0561929,LST0561929,AG01157,LOC0145,Condo,1,1.0,2566,10291,2013,563400.0,2026-08-24,Active,,,0,668.38,3,Yes,No,2026-08-24,2026-08-24
INSERT,2026-08-24T00:00:00,2026-08-24,PT0561930,LST0561930,AG01429,LOC0191,Townhouse,3,4.5,838,7536,1978,470900.0,2026-08-24,Active,,,0,552.54,1,No,No,2026-08-24,2026-08-24
INSERT,2026-08-24T00:00:00,2026-08-24,PT0561931,LST0561931,AG01018,LOC0063,Single Family,6,3.5,2459,2008,1932,926500.0,2026-08-24,Active,,,0,0.0,0,No,Yes,2026-08-24,2026-08-24
INSERT,2026-08-24T00:00:00,2026-08-24,PT0561932,LST0561932,AG01364,LOC0160,Condo,3,4.0,612,10332,1942,198100.0,2026-08-24,Active,,,0,466.53,0,No,No,2026-08-24,2026-08-24
INSERT,2026-08-24T00:00:00,2026-08-24,PT0561933,LST0561933,AG02178,LOC0123,Land,0,0.0,4194,1877,1948,795200.0,2026-08-24,Active,,,0,0.0,0,No,No,2026-08-24,2026-08-24
INSERT,2026-08-24T00:00:00,2026-08-24,PT0561934,LST0561934,AG00329,LOC0121,Single Family,5,4.5,2004,8893,1925,679100.0,2026-08-24,Active,,,0,0.0,3,No,Yes,2026-08-24,2026-08-24
INSERT,2026-08-24T00:00:00,2026-08-24,PT0561935,LST0561935,AG00021,LOC0128,Single Family,4,1.0,2614,1916,2001,276100.0,2026-08-24,Active,,,0,0.0,0,No,Yes,2026-08-24,2026-08-24
INSERT,2026-08-24T00:00:00,2026-08-24,PT0561936,LST0561936,AG02562,LOC0229,Single Family,1,3.5,1235,1520,1994,151400.0,2026-08-24,Active,,,0,0.0,0,No,Yes,2026-08-24,2026-08-24
INSERT,2026-08-24T00:00:00,2026-08-24,PT0561937,LST0561937,AG00209,LOC0230,Condo,2,4.5,1849,1337,2022,401900.0,2026-08-24,Active,,,0,229.86,0,No,No,2026-08-24,2026-08-24
INSERT,2026-08-24T00:00:00,2026-08-24,PT0561938,LST0561938,AG01080,LOC0040,Single Family,2,3.5,686,2998,1983,343600.0,2026-08-24,Active,,,0,0.0,0,Yes,No,2026-08-24,2026-08-24
INSERT,2026-08-24T00:00:00,2026-08-24,PT0561939,LST0561939,AG02360,LOC0244,Condo,3,4.5,896,2056,2007,204600.0,2026-08-24,Active,,,0,327.15,1,No,No,2026-08-24,2026-08-24
INSERT,2026-08-24T00:00:00,2026-08-24,PT0561940,LST0561940,AG01860,LOC0010,Single Family,2,3.5,664,13788,1914,171000.0,2026-08-24,Active,,,0,0.0,1,No,No,2026-08-24,2026-08-24
INSERT,2026-08-24T00:00:00,2026-08-24,PT0561941,LST0561941,AG01290,LOC0150,Condo,1,3.0,893,1946,1995,260400.0,2026-08-24,Active,,,0,182.77,3,No,No,2026-08-24,2026-08-24
INSERT,2026-08-24T00:00:00,2026-08-24,PT0561942,LST0561942,AG02018,LOC0123,Condo,2,4.5,2007,10676,1900,514100.0,2026-08-24,Active,,,0,737.48,3,No,No,2026-08-24,2026-08-24
INSERT,2026-08-24T00:00:00,2026-08-24,PT0561943,LST0561943,AG01834,LOC0104,Apartment,2,4.5,869,0,1983,297500.0,2026-08-24,Active,,,0,513.48,3,No,No,2026-08-24,2026-08-24
INSERT,2026-08-24T00:00:00,2026-08-24,PT0561944,LST0561944,AG00557,LOC0112,Land,0,0.0,4388,6922,1978,592300.0,2026-08-24,Active,,,0,0.0,0,No,No,2026-08-24,2026-08-24
INSERT,2026-08-24T00:00:00,2026-08-24,PT0561945,LST0561945,AG02627,LOC0111,Single Family,6,3.5,2663,7093,1952,323200.0,2026-08-24,Active,,,0,0.0,3,No,No,2026-08-24,2026-08-24
INSERT,2026-08-24T00:00:00,2026-08-24,PT0561946,LST0561946,AG02791,LOC0080,Land,0,0.0,2747,7979,1921,732700.0,2026-08-24,Active,,,0,0.0,0,No,No,2026-08-24,2026-08-24
INSERT,2026-08-24T00:00:00,2026-08-24,PT0561947,LST0561947,AG02723,LOC0114,Condo,5,2.0,1533,16856,2016,196700.0,2026-08-24,Active,,,0,518.78,0,No,No,2026-08-24,2026-08-24
INSERT,2026-08-24T00:00:00,2026-08-24,PT0561948,LST0561948,AG02756,LOC0249,Townhouse,3,1.0,458,3830,2014,178600.0,2026-08-24,Active,,,0,470.39,1,No,No,2026-08-24,2026-08-24
INSERT,2026-08-24T00:00:00,2026-08-24,PT0561949,LST0561949,AG01228,LOC0134,Condo,3,3.5,1271,1253,1992,461600.0,2026-08-24,Active,,,0,249.62,1,No,No,2026-08-24,2026-08-24
INSERT,2026-08-24T00:00:00,2026-08-24,PT0561950,LST0561950,AG01381,LOC0169,Townhouse,2,4.0,2062,1779,1914,621400.0,2026-08-24,Active,,,0,369.0,1,No,No,2026-08-24,2026-08-24
INSERT,2026-08-24T00:00:00,2026-08-24,PT0561951,LST0561951,AG01106,LOC0024,Condo,6,1.5,1407,11155,1961,273700.0,2026-08-24,Active,,,0,396.06,0,No,No,2026-08-24,2026-08-24
INSERT,2026-08-24T00:00:00,2026-08-24,PT0561952,LST0561952,AG02510,LOC0131,Single Family,6,3.0,2445,2178,1949,428600.0,2026-08-24,Active,,,0,0.0,3,Yes,Yes,2026-08-24,2026-08-24
INSERT,2026-08-24T00:00:00,2026-08-24,PT0561953,LST0561953,AG00808,LOC0202,Single Family,4,3.5,1986,5191,1991,487400.0,2026-08-24,Active,,,0,0.0,1,No,No,2026-08-24,2026-08-24
INSERT,2026-08-24T00:00:00,2026-08-24,PT0561954,LST0561954,AG02251,LOC0190,Condo,2,2.0,2389,3610,2015,614600.0,2026-08-24,Active,,,0,213.02,2,No,No,2026-08-24,2026-08-24
INSERT,2026-08-24T00:00:00,2026-08-24,PT0561955,LST0561955,AG01015,LOC0228,Single Family,4,2.0,300,3694,1926,102200.0,2026-08-24,Active,,,0,0.0,2,No,No,2026-08-24,2026-08-24
INSERT,2026-08-24T00:00:00,2026-08-24,PT0561956,LST0561956,AG02095,LOC0048,Single Family,5,1.5,1609,8617,1951,584000.0,2026-08-24,Active,,,0,0.0,1,No,Yes,2026-08-24,2026-08-24
INSERT,2026-08-24T00:00:00,2026-08-24,PT0561957,LST0561957,AG00549,LOC0177,Townhouse,1,4.5,2486,4571,1954,756500.0,2026-08-24,Active,,,0,143.51,1,Yes,No,2026-08-24,2026-08-24
INSERT,2026-08-24T00:00:00,2026-08-24,PT0561958,LST0561958,AG02260,LOC0197,Condo,3,4.0,1491,1139,1914,451400.0,2026-08-24,Active,,,0,594.71,1,No,No,2026-08-24,2026-08-24
INSERT,2026-08-24T00:00:00,2026-08-24,PT0561959,LST0561959,AG02739,LOC0015,Townhouse,4,4.0,2017,4597,1963,438100.0,2026-08-24,Active,,,0,466.99,0,No,No,2026-08-24,2026-08-24
INSERT,2026-08-24T00:00:00,2026-08-24,PT0561960,LST0561960,AG02551,LOC0047,Single Family,4,4.0,1854,14741,1943,609500.0,2026-08-24,Active,,,0,0.0,1,No,No,2026-08-24,2026-08-24
INSERT,2026-08-24T00:00:00,2026-08-24,PT0561961,LST0561961,AG02359,LOC0137,Single Family,1,4.5,3261,5662,1986,1120100.0,2026-08-24,Active,,,0,0.0,0,No,Yes,2026-08-24,2026-08-24
INSERT,2026-08-24T00:00:00,2026-08-24,PT0561962,LST0561962,AG02031,LOC0103,Condo,2,1.0,2242,2606,1914,262500.0,2026-08-24,Active,,,0,287.63,3,No,No,2026-08-24,2026-08-24
INSERT,2026-08-24T00:00:00,2026-08-24,PT0561963,LST0561963,AG02041,LOC0229,Apartment,3,2.5,949,0,2020,182200.0,2026-08-24,Active,,,0,303.68,0,Yes,No,2026-08-24,2026-08-24
INSERT,2026-08-24T00:00:00,2026-08-24,PT0561964,LST0561964,AG01375,LOC0091,Single Family,1,4.5,1397,4735,1901,438900.0,2026-08-24,Active,,,0,0.0,2,Yes,No,2026-08-24,2026-08-24
INSERT,2026-08-24T00:00:00,2026-08-24,PT0561965,LST0561965,AG02803,LOC0200,Condo,3,4.5,2539,3318,2012,507800.0,2026-08-24,Active,,,0,523.73,1,Yes,No,2026-08-24,2026-08-24
INSERT,2026-08-24T00:00:00,2026-08-24,PT0561966,LST0561966,AG02418,LOC0017,Single Family,3,4.0,2472,1925,1946,1097200.0,2026-08-24,Active,,,0,0.0,0,Yes,Yes,2026-08-24,2026-08-24
INSERT,2026-08-24T00:00:00,2026-08-24,PT0561967,LST0561967,AG01728,LOC0177,Townhouse,2,1.0,1211,6568,1927,403900.0,2026-08-24,Active,,,0,265.81,2,Yes,No,2026-08-24,2026-08-24
INSERT,2026-08-24T00:00:00,2026-08-24,PT0561968,LST0561968,AG00189,LOC0179,Single Family,1,4.5,1776,2384,1992,325000.0,2026-08-24,Active,,,0,0.0,1,No,Yes,2026-08-24,2026-08-24
INSERT,2026-08-24T00:00:00,2026-08-24,PT0561969,LST0561969,AG01515,LOC0239,Multi-Family,1,2.5,2388,6086,1901,755100.0,2026-08-24,Active,,,0,0.0,1,No,No,2026-08-24,2026-08-24
INSERT,2026-08-24T00:00:00,2026-08-24,PT0561970,LST0561970,AG01208,LOC0128,Land,0,0.0,1915,1499,1992,326900.0,2026-08-24,Active,,,0,0.0,0,No,No,2026-08-24,2026-08-24
INSERT,2026-08-24T00:00:00,2026-08-24,PT0561971,LST0561971,AG01557,LOC0219,Single Family,3,4.0,3926,2593,1965,1861500.0,2026-08-24,Active,,,0,0.0,2,No,Yes,2026-08-24,2026-08-24
INSERT,2026-08-24T00:00:00,2026-08-24,PT0561972,LST0561972,AG00454,LOC0015,Apartment,3,2.5,1881,0,1919,275000.0,2026-08-24,Active,,,0,394.7,1,Yes,No,2026-08-24,2026-08-24
INSERT,2026-08-24T00:00:00,2026-08-24,PT0561973,LST0561973,AG01999,LOC0223,Single Family,3,1.0,1962,5636,1984,1260900.0,2026-08-24,Active,,,0,0.0,1,No,Yes,2026-08-24,2026-08-24
INSERT,2026-08-24T00:00:00,2026-08-24,PT0561974,LST0561974,AG00692,LOC0250,Multi-Family,6,2.0,2824,1279,1927,1111600.0,2026-08-24,Active,,,0,0.0,0,No,Yes,2026-08-24,2026-08-24
INSERT,2026-08-24T00:00:00,2026-08-24,PT0561975,LST0561975,AG01804,LOC0214,Condo,2,3.0,2370,4406,1971,473000.0,2026-08-24,Active,,,0,352.82,0,No,No,2026-08-24,2026-08-24
INSERT,2026-08-24T00:00:00,2026-08-24,PT0561976,LST0561976,AG00833,LOC0135,Single Family,6,3.5,2039,5392,1992,1056800.0,2026-08-24,Active,,,0,0.0,0,Yes,Yes,2026-08-24,2026-08-24
INSERT,2026-08-24T00:00:00,2026-08-24,PT0561977,LST0561977,AG01567,LOC0039,Townhouse,2,1.5,1471,3371,1956,323200.0,2026-08-24,Active,,,0,649.33,0,No,No,2026-08-24,2026-08-24
INSERT,2026-08-24T00:00:00,2026-08-24,PT0561978,LST0561978,AG00364,LOC0181,Single Family,4,3.5,842,7888,1942,175800.0,2026-08-24,Active,,,0,0.0,0,No,Yes,2026-08-24,2026-08-24
INSERT,2026-08-24T00:00:00,2026-08-24,PT0561979,LST0561979,AG02383,LOC0037,Single Family,6,2.5,1672,1540,1999,301700.0,2026-08-24,Active,,,0,0.0,3,No,No,2026-08-24,2026-08-24
INSERT,2026-08-24T00:00:00,2026-08-24,PT0561980,LST0561980,AG02022,LOC0005,Apartment,2,1.5,1679,0,2005,614200.0,2026-08-24,Active,,,0,252.39,1,No,No,2026-08-24,2026-08-24
INSERT,2026-08-24T00:00:00,2026-08-24,PT0561981,LST0561981,AG02203,LOC0079,Single Family,1,1.5,1765,2548,1933,500600.0,2026-08-24,Active,,,0,0.0,1,No,No,2026-08-24,2026-08-24
INSERT,2026-08-24T00:00:00,2026-08-24,PT0561982,LST0561982,AG01338,LOC0152,Single Family,5,4.5,659,1088,1985,367500.0,2026-08-24,Active,,,0,0.0,1,No,Yes,2026-08-24,2026-08-24
INSERT,2026-08-24T00:00:00,2026-08-24,PT0561983,LST0561983,AG02348,LOC0217,Single Family,6,4.0,1440,10402,1987,259100.0,2026-08-24,Active,,,0,0.0,3,No,No,2026-08-24,2026-08-24
INSERT,2026-08-24T00:00:00,2026-08-24,PT0561984,LST0561984,AG00546,LOC0119,Condo,2,4.5,1421,1383,2024,679500.0,2026-08-24,Active,,,0,592.95,0,No,No,2026-08-24,2026-08-24
INSERT,2026-08-24T00:00:00,2026-08-24,PT0561985,LST0561985,AG02126,LOC0213,Single Family,5,2.0,1317,1297,1908,352300.0,2026-08-24,Active,,,0,0.0,3,Yes,Yes,2026-08-24,2026-08-24
INSERT,2026-08-24T00:00:00,2026-08-24,PT0561986,LST0561986,AG02825,LOC0020,Condo,3,4.5,2185,2371,1989,409400.0,2026-08-24,Active,,,0,173.98,3,No,No,2026-08-24,2026-08-24
INSERT,2026-08-24T00:00:00,2026-08-24,PT0561987,LST0561987,AG01856,LOC0106,Apartment,6,3.0,1106,0,2019,344400.0,2026-08-24,Active,,,0,711.74,2,No,No,2026-08-24,2026-08-24
INSERT,2026-08-24T00:00:00,2026-08-24,PT0561988,LST0561988,AG00147,LOC0198,Single Family,5,2.5,2210,12952,1933,157600.0,2026-08-24,Active,,,0,0.0,2,No,No,2026-08-24,2026-08-24
INSERT,2026-08-24T00:00:00,2026-08-24,PT0561989,LST0561989,AG00136,LOC0058,Apartment,2,3.5,985,0,2022,312900.0,2026-08-24,Active,,,0,792.69,3,No,No,2026-08-24,2026-08-24
INSERT,2026-08-24T00:00:00,2026-08-24,PT0561990,LST0561990,AG00116,LOC0018,Single Family,6,4.5,1092,5260,1956,535100.0,2026-08-24,Active,,,0,0.0,2,No,Yes,2026-08-24,2026-08-24
INSERT,2026-08-24T00:00:00,2026-08-24,PT0561991,LST0561991,AG01078,LOC0037,Land,0,0.0,7435,6194,1907,2773300.0,2026-08-24,Active,,,0,0.0,0,No,No,2026-08-24,2026-08-24
INSERT,2026-08-24T00:00:00,2026-08-24,PT0561992,LST0561992,AG02211,LOC0215,Apartment,6,3.0,930,0,2014,353700.0,2026-08-24,Active,,,0,75.36,1,No,No,2026-08-24,2026-08-24
INSERT,2026-08-24T00:00:00,2026-08-24,PT0561993,LST0561993,AG01802,LOC0227,Single Family,6,2.5,3630,8896,1965,1672600.0,2026-08-24,Active,,,0,0.0,0,No,No,2026-08-24,2026-08-24
INSERT,2026-08-24T00:00:00,2026-08-24,PT0561994,LST0561994,AG00401,LOC0114,Single Family,5,4.0,2037,1296,1962,254200.0,2026-08-24,Active,,,0,0.0,1,Yes,No,2026-08-24,2026-08-24
INSERT,2026-08-24T00:00:00,2026-08-24,PT0561995,LST0561995,AG01831,LOC0018,Condo,1,2.0,1576,5648,1935,361100.0,2026-08-24,Active,,,0,234.31,3,No,No,2026-08-24,2026-08-24
INSERT,2026-08-24T00:00:00,2026-08-24,PT0561996,LST0561996,AG01369,LOC0172,Single Family,6,3.0,2857,5582,1914,501600.0,2026-08-24,Active,,,0,0.0,1,No,No,2026-08-24,2026-08-24
INSERT,2026-08-24T00:00:00,2026-08-24,PT0561997,LST0561997,AG00807,LOC0096,Condo,1,3.5,2288,2362,2015,689000.0,2026-08-24,Active,,,0,474.67,2,No,No,2026-08-24,2026-08-24
INSERT,2026-08-24T00:00:00,2026-08-24,PT0561998,LST0561998,AG01555,LOC0136,Townhouse,6,2.5,1275,1204,1919,248700.0,2026-08-24,Active,,,0,645.42,0,No,No,2026-08-24,2026-08-24
INSERT,2026-08-24T00:00:00,2026-08-24,PT0561999,LST0561999,AG00596,LOC0024,Single Family,6,2.0,1262,3228,1967,324900.0,2026-08-24,Active,,,0,0.0,1,No,Yes,2026-08-24,2026-08-24
INSERT,2026-08-24T00:00:00,2026-08-24,PT0562000,LST0562000,AG01610,LOC0201,Single Family,1,2.0,3733,6476,1919,678700.0,2026-08-24,Active,,,0,0.0,0,No,No,2026-08-24,2026-08-24
INSERT,2026-08-24T00:00:00,2026-08-24,PT0562001,LST0562001,AG01467,LOC0188,Single Family,1,1.5,1258,1367,2024,262600.0,2026-08-24,Active,,,0,0.0,0,No,Yes,2026-08-24,2026-08-24
INSERT,2026-08-24T00:00:00,2026-08-24,PT0562002,LST0562002,AG02348,LOC0206,Single Family,5,2.5,1724,5482,1951,414300.0,2026-08-24,Active,,,0,0.0,2,No,Yes,2026-08-24,2026-08-24
INSERT,2026-08-24T00:00:00,2026-08-24,PT0562003,LST0562003,AG00229,LOC0167,Single Family,4,3.0,728,15335,1995,219400.0,2026-08-24,Active,,,0,0.0,0,No,No,2026-08-24,2026-08-24
INSERT,2026-08-24T00:00:00,2026-08-24,PT0562004,LST0562004,AG02641,LOC0144,Single Family,2,4.5,1270,2342,1913,225100.0,2026-08-24,Active,,,0,0.0,0,No,No,2026-08-24,2026-08-24
INSERT,2026-08-24T00:00:00,2026-08-24,PT0562005,LST0562005,AG02597,LOC0004,Single Family,5,2.5,1273,2162,1993,148900.0,2026-08-24,Active,,,0,0.0,3,No,Yes,2026-08-24,2026-08-24
INSERT,2026-08-24T00:00:00,2026-08-24,PT0562006,LST0562006,AG01407,LOC0175,Single Family,6,1.5,954,2513,1910,163500.0,2026-08-24,Active,,,0,0.0,0,No,No,2026-08-24,2026-08-24
INSERT,2026-08-24T00:00:00,2026-08-24,PT0562007,LST0562007,AG02553,LOC0085,Condo,2,4.0,2299,1331,2016,296000.0,2026-08-24,Active,,,0,493.57,1,Yes,No,2026-08-24,2026-08-24
INSERT,2026-08-24T00:00:00,2026-08-24,PT0562008,LST0562008,AG01009,LOC0082,Multi-Family,4,3.5,2674,5407,1994,663300.0,2026-08-24,Active,,,0,0.0,1,No,Yes,2026-08-24,2026-08-24
INSERT,2026-08-24T00:00:00,2026-08-24,PT0562009,LST0562009,AG02060,LOC0213,Single Family,6,3.0,1393,3206,1986,187000.0,2026-08-24,Active,,,0,0.0,1,No,No,2026-08-24,2026-08-24
INSERT,2026-08-24T00:00:00,2026-08-24,PT0562010,LST0562010,AG02486,LOC0111,Apartment,1,4.5,1558,0,1976,274600.0,2026-08-24,Active,,,0,430.13,2,No,No,2026-08-24,2026-08-24
INSERT,2026-08-24T00:00:00,2026-08-24,PT0562011,LST0562011,AG02195,LOC0141,Condo,4,1.0,2392,6273,1976,586300.0,2026-08-24,Active,,,0,707.65,1,No,No,2026-08-24,2026-08-24
INSERT,2026-08-24T00:00:00,2026-08-24,PT0562012,LST0562012,AG01215,LOC0214,Single Family,5,3.0,1429,2767,1985,539400.0,2026-08-24,Active,,,0,0.0,1,No,No,2026-08-24,2026-08-24
INSERT,2026-08-24T00:00:00,2026-08-24,PT0562013,LST0562013,AG02362,LOC0020,Condo,5,3.0,1214,4861,1924,193000.0,2026-08-24,Active,,,0,292.57,3,Yes,No,2026-08-24,2026-08-24
INSERT,2026-08-24T00:00:00,2026-08-24,PT0562014,LST0562014,AG01474,LOC0101,Condo,3,1.5,1493,3227,1906,147200.0,2026-08-24,Active,,,0,576.63,0,No,No,2026-08-24,2026-08-24
INSERT,2026-08-24T00:00:00,2026-08-24,PT0562015,LST0562015,AG02673,LOC0250,Condo,5,4.5,1492,1121,1947,459600.0,2026-08-24,Active,,,0,657.43,1,Yes,No,2026-08-24,2026-08-24
INSERT,2026-08-24T00:00:00,2026-08-24,PT0562016,LST0562016,AG00446,LOC0017,Single Family,4,4.5,3092,5176,1951,1466100.0,2026-08-24,Active,,,0,0.0,3,No,No,2026-08-24,2026-08-24
INSERT,2026-08-24T00:00:00,2026-08-24,PT0562017,LST0562017,AG00061,LOC0164,Condo,5,3.0,836,4640,2022,196900.0,2026-08-24,Active,,,0,696.16,1,No,No,2026-08-24,2026-08-24
INSERT,2026-08-24T00:00:00,2026-08-24,PT0562018,LST0562018,AG01589,LOC0250,Single Family,2,4.5,3380,2452,2023,1000500.0,2026-08-24,Active,,,0,0.0,3,Yes,No,2026-08-24,2026-08-24
INSERT,2026-08-24T00:00:00,2026-08-24,PT0562019,LST0562019,AG00468,LOC0062,Apartment,6,1.0,823,0,1931,254300.0,2026-08-24,Active,,,0,85.37,3,No,No,2026-08-24,2026-08-24
INSERT,2026-08-24T00:00:00,2026-08-24,PT0562020,LST0562020,AG00198,LOC0230,Single Family,3,1.5,2229,10067,1911,754300.0,2026-08-24,Active,,,0,0.0,2,No,No,2026-08-24,2026-08-24
INSERT,2026-08-24T00:00:00,2026-08-24,PT0562021,LST0562021,AG02875,LOC0167,Multi-Family,4,2.0,4008,3598,1996,1319300.0,2026-08-24,Active,,,0,0.0,0,No,Yes,2026-08-24,2026-08-24
INSERT,2026-08-24T00:00:00,2026-08-24,PT0562022,LST0562022,AG02381,LOC0068,Multi-Family,1,2.5,3236,4262,1961,839400.0,2026-08-24,Active,,,0,0.0,0,Yes,Yes,2026-08-24,2026-08-24
INSERT,2026-08-24T00:00:00,2026-08-24,PT0562023,LST0562023,AG00632,LOC0006,Single Family,3,1.0,1246,1223,1948,190100.0,2026-08-24,Active,,,0,0.0,3,Yes,No,2026-08-24,2026-08-24
INSERT,2026-08-24T00:00:00,2026-08-24,PT0562024,LST0562024,AG01829,LOC0030,Apartment,6,3.5,1242,0,1971,140500.0,2026-08-24,Active,,,0,529.9,1,Yes,No,2026-08-24,2026-08-24
INSERT,2026-08-24T00:00:00,2026-08-24,PT0562025,LST0562025,AG02559,LOC0174,Single Family,4,2.0,1707,1665,1913,439900.0,2026-08-24,Active,,,0,0.0,2,Yes,No,2026-08-24,2026-08-24
INSERT,2026-08-24T00:00:00,2026-08-24,PT0562026,LST0562026,AG02073,LOC0088,Apartment,5,4.0,1364,0,1971,171600.0,2026-08-24,Active,,,0,647.06,3,No,No,2026-08-24,2026-08-24
INSERT,2026-08-24T00:00:00,2026-08-24,PT0562027,LST0562027,AG00258,LOC0098,Land,0,0.0,6440,1660,1994,2249500.0,2026-08-24,Active,,,0,0.0,0,No,No,2026-08-24,2026-08-24
INSERT,2026-08-24T00:00:00,2026-08-24,PT0562028,LST0562028,AG00484,LOC0104,Single Family,1,2.0,1866,3382,1912,591000.0,2026-08-24,Active,,,0,0.0,0,No,No,2026-08-24,2026-08-24
INSERT,2026-08-24T00:00:00,2026-08-24,PT0562029,LST0562029,AG00841,LOC0103,Multi-Family,3,4.5,4254,1757,1947,655800.0,2026-08-24,Active,,,0,0.0,3,Yes,No,2026-08-24,2026-08-24
INSERT,2026-08-24T00:00:00,2026-08-24,PT0562030,LST0562030,AG01035,LOC0240,Single Family,6,4.5,2401,5050,1962,594600.0,2026-08-24,Active,,,0,0.0,2,No,No,2026-08-24,2026-08-24
INSERT,2026-08-24T00:00:00,2026-08-24,PT0562031,LST0562031,AG01010,LOC0227,Condo,2,1.0,1815,11743,1928,448500.0,2026-08-24,Active,,,0,387.11,1,Yes,No,2026-08-24,2026-08-24
INSERT,2026-08-24T00:00:00,2026-08-24,PT0562032,LST0562032,AG02450,LOC0240,Condo,5,3.5,1767,4433,1984,805800.0,2026-08-24,Active,,,0,631.14,2,No,No,2026-08-24,2026-08-24
INSERT,2026-08-24T00:00:00,2026-08-24,PT0562033,LST0562033,AG02664,LOC0240,Condo,3,1.5,2247,5142,2018,717800.0,2026-08-24,Active,,,0,95.01,0,No,No,2026-08-24,2026-08-24
INSERT,2026-08-24T00:00:00,2026-08-24,PT0562034,LST0562034,AG02574,LOC0216,Apartment,3,1.0,1063,0,2012,192000.0,2026-08-24,Active,,,0,302.22,1,No,No,2026-08-24,2026-08-24
INSERT,2026-08-24T00:00:00,2026-08-24,PT0562035,LST0562035,AG01711,LOC0120,Multi-Family,4,2.0,1370,4498,1916,714900.0,2026-08-24,Active,,,0,0.0,0,No,No,2026-08-24,2026-08-24
INSERT,2026-08-24T00:00:00,2026-08-24,PT0562036,LST0562036,AG01012,LOC0184,Multi-Family,2,4.5,6318,3597,1950,2582600.0,2026-08-24,Active,,,0,0.0,2,Yes,Yes,2026-08-24,2026-08-24
INSERT,2026-08-24T00:00:00,2026-08-24,PT0562037,LST0562037,AG02452,LOC0248,Apartment,6,2.5,1499,0,1933,393400.0,2026-08-24,Active,,,0,237.99,1,No,No,2026-08-24,2026-08-24
INSERT,2026-08-24T00:00:00,2026-08-24,PT0562038,LST0562038,AG02731,LOC0173,Condo,1,3.0,1788,12415,1972,710200.0,2026-08-24,Active,,,0,452.07,2,No,No,2026-08-24,2026-08-24
INSERT,2026-08-24T00:00:00,2026-08-24,PT0562039,LST0562039,AG01810,LOC0099,Condo,5,2.0,2038,1463,2023,782900.0,2026-08-24,Active,,,0,291.3,0,No,No,2026-08-24,2026-08-24
INSERT,2026-08-24T00:00:00,2026-08-24,PT0562040,LST0562040,AG01053,LOC0248,Single Family,3,1.5,2598,1655,1989,620600.0,2026-08-24,Active,,,0,0.0,2,Yes,No,2026-08-24,2026-08-24
INSERT,2026-08-24T00:00:00,2026-08-24,PT0562041,LST0562041,AG00452,LOC0105,Multi-Family,6,2.0,4218,1622,2018,896800.0,2026-08-24,Active,,,0,0.0,0,Yes,No,2026-08-24,2026-08-24
INSERT,2026-08-24T00:00:00,2026-08-24,PT0562042,LST0562042,AG00052,LOC0150,Single Family,6,1.5,2289,2349,1953,359400.0,2026-08-24,Active,,,0,0.0,0,No,No,2026-08-24,2026-08-24
INSERT,2026-08-24T00:00:00,2026-08-24,PT0562043,LST0562043,AG00530,LOC0148,Single Family,2,4.0,1637,2566,1916,396400.0,2026-08-24,Active,,,0,0.0,0,No,Yes,2026-08-24,2026-08-24
INSERT,2026-08-24T00:00:00,2026-08-24,PT0562044,LST0562044,AG02405,LOC0169,Single Family,6,2.0,1840,2987,1965,426000.0,2026-08-24,Active,,,0,0.0,2,No,No,2026-08-24,2026-08-24
INSERT,2026-08-24T00:00:00,2026-08-24,PT0562045,LST0562045,AG01074,LOC0117,Single Family,1,1.5,627,3117,1973,366400.0,2026-08-24,Active,,,0,0.0,0,No,No,2026-08-24,2026-08-24
INSERT,2026-08-24T00:00:00,2026-08-24,PT0562046,LST0562046,AG01138,LOC0034,Single Family,4,2.5,300,2874,1978,59300.0,2026-08-24,Active,,,0,0.0,2,No,Yes,2026-08-24,2026-08-24
INSERT,2026-08-24T00:00:00,2026-08-24,PT0562047,LST0562047,AG02440,LOC0204,Townhouse,5,1.5,1746,7658,1942,618500.0,2026-08-24,Active,,,0,400.98,0,No,No,2026-08-24,2026-08-24
INSERT,2026-08-24T00:00:00,2026-08-24,PT0562048,LST0562048,AG02413,LOC0088,Single Family,2,2.0,1727,2548,1935,204300.0,2026-08-24,Active,,,0,0.0,1,No,No,2026-08-24,2026-08-24
INSERT,2026-08-24T00:00:00,2026-08-24,PT0562049,LST0562049,AG00391,LOC0119,Condo,6,2.0,1320,6813,1913,411400.0,2026-08-24,Active,,,0,408.09,0,Yes,No,2026-08-24,2026-08-24
INSERT,2026-08-24T00:00:00,2026-08-24,PT0562050,LST0562050,AG01334,LOC0014,Townhouse,3,3.0,2901,12070,1970,1023300.0,2026-08-24,Active,,,0,324.49,0,No,No,2026-08-24,2026-08-24
INSERT,2026-08-24T00:00:00,2026-08-24,PT0562051,LST0562051,AG00367,LOC0131,Apartment,4,2.5,1541,0,1908,361200.0,2026-08-24,Active,,,0,791.52,0,No,No,2026-08-24,2026-08-24
INSERT,2026-08-24T00:00:00,2026-08-24,PT0562052,LST0562052,AG02382,LOC0228,Condo,3,1.0,1604,2944,1988,982100.0,2026-08-24,Active,,,0,541.69,3,No,No,2026-08-24,2026-08-24
INSERT,2026-08-24T00:00:00,2026-08-24,PT0562053,LST0562053,AG01477,LOC0076,Townhouse,3,1.0,2756,2312,1904,301800.0,2026-08-24,Active,,,0,618.64,2,Yes,No,2026-08-24,2026-08-24
INSERT,2026-08-24T00:00:00,2026-08-24,PT0562054,LST0562054,AG02375,LOC0053,Land,0,0.0,6421,5045,2002,2857900.0,2026-08-24,Active,,,0,0.0,0,No,No,2026-08-24,2026-08-24
INSERT,2026-08-24T00:00:00,2026-08-24,PT0562055,LST0562055,AG02280,LOC0134,Single Family,4,1.0,1792,3273,1999,449300.0,2026-08-24,Active,,,0,0.0,2,No,Yes,2026-08-24,2026-08-24
INSERT,2026-08-24T00:00:00,2026-08-24,PT0562056,LST0562056,AG00572,LOC0159,Single Family,4,1.0,815,12038,1983,67300.0,2026-08-24,Active,,,0,0.0,2,Yes,No,2026-08-24,2026-08-24
INSERT,2026-08-24T00:00:00,2026-08-24,PT0562057,LST0562057,AG02225,LOC0235,Single Family,5,3.5,300,1042,1942,156900.0,2026-08-24,Active,,,0,0.0,1,No,No,2026-08-24,2026-08-24
INSERT,2026-08-24T00:00:00,2026-08-24,PT0562058,LST0562058,AG01571,LOC0195,Single Family,1,1.5,1556,11153,1977,351900.0,2026-08-24,Active,,,0,0.0,3,No,Yes,2026-08-24,2026-08-24
INSERT,2026-08-24T00:00:00,2026-08-24,PT0562059,LST0562059,AG02341,LOC0027,Single Family,3,4.0,1659,1285,1981,526000.0,2026-08-24,Active,,,0,0.0,1,No,Yes,2026-08-24,2026-08-24
INSERT,2026-08-24T00:00:00,2026-08-24,PT0562060,LST0562060,AG02246,LOC0009,Single Family,1,3.0,1106,5347,1975,324900.0,2026-08-24,Active,,,0,0.0,0,Yes,No,2026-08-24,2026-08-24
INSERT,2026-08-24T00:00:00,2026-08-24,PT0562061,LST0562061,AG00681,LOC0132,Single Family,3,3.0,1117,1160,1956,191500.0,2026-08-24,Active,,,0,0.0,3,Yes,Yes,2026-08-24,2026-08-24
INSERT,2026-08-24T00:00:00,2026-08-24,PT0562062,LST0562062,AG00970,LOC0180,Condo,4,4.5,2200,1108,1920,774600.0,2026-08-24,Active,,,0,171.06,1,No,No,2026-08-24,2026-08-24
INSERT,2026-08-24T00:00:00,2026-08-24,PT0562063,LST0562063,AG02189,LOC0203,Multi-Family,5,1.0,3497,2217,1917,280900.0,2026-08-24,Active,,,0,0.0,0,No,Yes,2026-08-24,2026-08-24
INSERT,2026-08-24T00:00:00,2026-08-24,PT0562064,LST0562064,AG01061,LOC0168,Land,0,0.0,5339,1662,1963,2236200.0,2026-08-24,Active,,,0,0.0,0,No,No,2026-08-24,2026-08-24
INSERT,2026-08-24T00:00:00,2026-08-24,PT0562065,LST0562065,AG01223,LOC0247,Condo,3,3.0,2123,1056,1997,493500.0,2026-08-24,Active,,,0,344.9,1,No,No,2026-08-24,2026-08-24
INSERT,2026-08-24T00:00:00,2026-08-24,PT0562066,LST0562066,AG00294,LOC0226,Single Family,1,4.5,1428,2718,2025,407700.0,2026-08-24,Active,,,0,0.0,3,No,No,2026-08-24,2026-08-24
INSERT,2026-08-24T00:00:00,2026-08-24,PT0562067,LST0562067,AG01333,LOC0033,Single Family,5,1.5,871,11717,1971,239500.0,2026-08-24,Active,,,0,0.0,2,No,Yes,2026-08-24,2026-08-24
INSERT,2026-08-24T00:00:00,2026-08-24,PT0562068,LST0562068,AG01889,LOC0072,Single Family,3,4.5,2045,3793,1980,135900.0,2026-08-24,Active,,,0,0.0,3,No,Yes,2026-08-24,2026-08-24
INSERT,2026-08-24T00:00:00,2026-08-24,PT0562069,LST0562069,AG02859,LOC0164,Multi-Family,5,4.5,5273,5620,1937,1482000.0,2026-08-24,Active,,,0,0.0,1,No,Yes,2026-08-24,2026-08-24
INSERT,2026-08-24T00:00:00,2026-08-24,PT0562070,LST0562070,AG02284,LOC0047,Single Family,3,2.5,2707,5659,2005,700200.0,2026-08-24,Active,,,0,0.0,3,Yes,No,2026-08-24,2026-08-24
INSERT,2026-08-24T00:00:00,2026-08-24,PT0562071,LST0562071,AG00534,LOC0183,Condo,5,4.0,1515,3390,1910,608500.0,2026-08-24,Active,,,0,522.46,2,No,No,2026-08-24,2026-08-24
INSERT,2026-08-24T00:00:00,2026-08-24,PT0562072,LST0562072,AG00412,LOC0028,Land,0,0.0,8627,2326,1930,1139800.0,2026-08-24,Active,,,0,0.0,0,No,No,2026-08-24,2026-08-24
INSERT,2026-08-24T00:00:00,2026-08-24,PT0562073,LST0562073,AG00237,LOC0140,Townhouse,1,1.0,2075,2773,1952,666500.0,2026-08-24,Active,,,0,131.6,0,No,No,2026-08-24,2026-08-24
INSERT,2026-08-24T00:00:00,2026-08-24,PT0562074,LST0562074,AG02696,LOC0013,Single Family,4,4.5,2304,10501,1980,605800.0,2026-08-24,Active,,,0,0.0,1,No,No,2026-08-24,2026-08-24
INSERT,2026-08-24T00:00:00,2026-08-24,PT0562075,LST0562075,AG02085,LOC0233,Multi-Family,1,1.0,3863,1408,1988,545400.0,2026-08-24,Active,,,0,0.0,1,No,Yes,2026-08-24,2026-08-24
INSERT,2026-08-24T00:00:00,2026-08-24,PT0562076,LST0562076,AG02719,LOC0088,Single Family,3,2.5,2113,3120,2013,355500.0,2026-08-24,Active,,,0,0.0,3,No,No,2026-08-24,2026-08-24
INSERT,2026-08-24T00:00:00,2026-08-24,PT0562077,LST0562077,AG01081,LOC0041,Single Family,5,3.5,2481,16475,2003,965200.0,2026-08-24,Active,,,0,0.0,1,No,Yes,2026-08-24,2026-08-24
INSERT,2026-08-24T00:00:00,2026-08-24,PT0562078,LST0562078,AG01285,LOC0112,Condo,3,1.5,1499,1129,1996,228500.0,2026-08-24,Active,,,0,128.98,1,No,No,2026-08-24,2026-08-24
INSERT,2026-08-24T00:00:00,2026-08-24,PT0562079,LST0562079,AG01452,LOC0207,Single Family,2,2.5,2560,13778,1943,290300.0,2026-08-24,Active,,,0,0.0,1,No,Yes,2026-08-24,2026-08-24
INSERT,2026-08-24T00:00:00,2026-08-24,PT0562080,LST0562080,AG00309,LOC0051,Condo,2,2.0,1347,8649,1987,250500.0,2026-08-24,Active,,,0,780.41,0,Yes,No,2026-08-24,2026-08-24
INSERT,2026-08-24T00:00:00,2026-08-24,PT0562081,LST0562081,AG01617,LOC0041,Condo,4,3.5,869,6591,1922,263400.0,2026-08-24,Active,,,0,418.61,1,No,No,2026-08-24,2026-08-24
INSERT,2026-08-24T00:00:00,2026-08-24,PT0562082,LST0562082,AG00773,LOC0097,Single Family,3,4.0,2058,4676,1998,370300.0,2026-08-24,Active,,,0,0.0,3,No,No,2026-08-24,2026-08-24
INSERT,2026-08-24T00:00:00,2026-08-24,PT0562083,LST0562083,AG00188,LOC0224,Condo,1,3.5,1877,2738,1959,566400.0,2026-08-24,Active,,,0,760.36,3,Yes,No,2026-08-24,2026-08-24
INSERT,2026-08-24T00:00:00,2026-08-24,PT0562084,LST0562084,AG02422,LOC0157,Apartment,4,2.0,1269,0,1952,539700.0,2026-08-24,Active,,,0,419.87,1,No,No,2026-08-24,2026-08-24
INSERT,2026-08-24T00:00:00,2026-08-24,PT0562085,LST0562085,AG01584,LOC0072,Single Family,6,4.5,1050,4583,1983,127700.0,2026-08-24,Active,,,0,0.0,0,No,Yes,2026-08-24,2026-08-24
INSERT,2026-08-24T00:00:00,2026-08-24,PT0562086,LST0562086,AG01141,LOC0203,Single Family,5,2.5,2380,1381,1929,288400.0,2026-08-24,Active,,,0,0.0,1,No,Yes,2026-08-24,2026-08-24
INSERT,2026-08-24T00:00:00,2026-08-24,PT0562087,LST0562087,AG01791,LOC0055,Multi-Family,4,2.0,1325,2226,2019,204400.0,2026-08-24,Active,,,0,0.0,2,No,Yes,2026-08-24,2026-08-24
INSERT,2026-08-24T00:00:00,2026-08-24,PT0562088,LST0562088,AG00116,LOC0160,Single Family,2,1.5,2133,2610,1982,631200.0,2026-08-24,Active,,,0,0.0,1,No,No,2026-08-24,2026-08-24
INSERT,2026-08-24T00:00:00,2026-08-24,PT0562089,LST0562089,AG02425,LOC0010,Single Family,4,4.5,1441,2831,1902,444400.0,2026-08-24,Active,,,0,0.0,1,No,No,2026-08-24,2026-08-24
INSERT,2026-08-24T00:00:00,2026-08-24,PT0562090,LST0562090,AG01141,LOC0080,Single Family,5,4.0,1904,1258,1922,745100.0,2026-08-24,Active,,,0,0.0,1,No,Yes,2026-08-24,2026-08-24
INSERT,2026-08-24T00:00:00,2026-08-24,PT0562091,LST0562091,AG01924,LOC0004,Single Family,5,3.5,1669,6296,2024,97000.0,2026-08-24,Active,,,0,0.0,0,No,No,2026-08-24,2026-08-24
INSERT,2026-08-24T00:00:00,2026-08-24,PT0562092,LST0562092,AG00209,LOC0147,Single Family,1,1.5,1948,3924,2017,393400.0,2026-08-24,Active,,,0,0.0,3,No,No,2026-08-24,2026-08-24
INSERT,2026-08-24T00:00:00,2026-08-24,PT0562093,LST0562093,AG00810,LOC0004,Single Family,1,2.5,300,6235,1977,32700.0,2026-08-24,Active,,,0,0.0,3,Yes,No,2026-08-24,2026-08-24
INSERT,2026-08-24T00:00:00,2026-08-24,PT0562094,LST0562094,AG01996,LOC0146,Land,0,0.0,4767,5452,1931,723000.0,2026-08-24,Active,,,0,0.0,0,No,No,2026-08-24,2026-08-24
INSERT,2026-08-24T00:00:00,2026-08-24,PT0562095,LST0562095,AG00175,LOC0171,Townhouse,4,1.0,1516,3609,1948,557000.0,2026-08-24,Active,,,0,272.49,1,No,No,2026-08-24,2026-08-24
INSERT,2026-08-24T00:00:00,2026-08-24,PT0562096,LST0562096,AG00465,LOC0004,Single Family,2,2.5,1337,1977,1929,159900.0,2026-08-24,Active,,,0,0.0,1,No,No,2026-08-24,2026-08-24
INSERT,2026-08-24T00:00:00,2026-08-24,PT0562097,LST0562097,AG02433,LOC0126,Townhouse,6,3.5,1550,1411,2006,641200.0,2026-08-24,Active,,,0,579.21,1,No,No,2026-08-24,2026-08-24
INSERT,2026-08-24T00:00:00,2026-08-24,PT0562098,LST0562098,AG00828,LOC0096,Single Family,1,3.0,3316,11957,1925,599900.0,2026-08-24,Active,,,0,0.0,2,No,Yes,2026-08-24,2026-08-24
INSERT,2026-08-24T00:00:00,2026-08-24,PT0562099,LST0562099,AG01400,LOC0066,Multi-Family,1,3.5,627,1951,2004,117600.0,2026-08-24,Active,,,0,0.0,0,No,Yes,2026-08-24,2026-08-24
INSERT,2026-08-24T00:00:00,2026-08-24,PT0562100,LST0562100,AG01458,LOC0004,Condo,6,1.0,2166,3450,1938,224000.0,2026-08-24,Active,,,0,376.67,2,No,No,2026-08-24,2026-08-24
INSERT,2026-08-24T00:00:00,2026-08-24,PT0562101,LST0562101,AG01004,LOC0097,Land,0,0.0,3673,1767,1985,1238600.0,2026-08-24,Active,,,0,0.0,0,No,No,2026-08-24,2026-08-24
INSERT,2026-08-24T00:00:00,2026-08-24,PT0562102,LST0562102,AG00370,LOC0042,Single Family,2,4.5,1555,5050,2002,400000.0,2026-08-24,Active,,,0,0.0,3,No,No,2026-08-24,2026-08-24
INSERT,2026-08-24T00:00:00,2026-08-24,PT0562103,LST0562103,AG00637,LOC0059,Townhouse,2,3.5,2365,8969,1989,445000.0,2026-08-24,Active,,,0,280.83,0,No,No,2026-08-24,2026-08-24
INSERT,2026-08-24T00:00:00,2026-08-24,PT0562104,LST0562104,AG01897,LOC0138,Condo,6,1.0,1831,4399,1939,906300.0,2026-08-24,Active,,,0,567.24,0,No,No,2026-08-24,2026-08-24
INSERT,2026-08-24T00:00:00,2026-08-24,PT0562105,LST0562105,AG02247,LOC0095,Single Family,6,3.5,1885,2206,2006,586000.0,2026-08-24,Active,,,0,0.0,1,No,No,2026-08-24,2026-08-24
INSERT,2026-08-24T00:00:00,2026-08-24,PT0562106,LST0562106,AG01452,LOC0061,Land,0,0.0,900,2739,1971,117600.0,2026-08-24,Active,,,0,0.0,0,No,No,2026-08-24,2026-08-24
INSERT,2026-08-24T00:00:00,2026-08-24,PT0562107,LST0562107,AG02790,LOC0025,Single Family,1,4.5,1553,3079,2023,418500.0,2026-08-24,Active,,,0,0.0,2,No,No,2026-08-24,2026-08-24
INSERT,2026-08-24T00:00:00,2026-08-24,PT0562108,LST0562108,AG02471,LOC0151,Single Family,3,4.5,1918,5852,1945,496200.0,2026-08-24,Active,,,0,0.0,0,No,No,2026-08-24,2026-08-24
INSERT,2026-08-24T00:00:00,2026-08-24,PT0562109,LST0562109,AG02272,LOC0021,Condo,1,1.5,1172,3042,1993,146100.0,2026-08-24,Active,,,0,439.05,0,No,No,2026-08-24,2026-08-24
INSERT,2026-08-24T00:00:00,2026-08-24,PT0562110,LST0562110,AG00001,LOC0175,Single Family,6,3.0,300,13026,1948,76100.0,2026-08-24,Active,,,0,0.0,3,Yes,No,2026-08-24,2026-08-24
INSERT,2026-08-24T00:00:00,2026-08-24,PT0562111,LST0562111,AG02783,LOC0144,Multi-Family,6,3.5,3493,4600,2025,818100.0,2026-08-24,Active,,,0,0.0,2,No,No,2026-08-24,2026-08-24
INSERT,2026-08-24T00:00:00,2026-08-24,PT0562112,LST0562112,AG01802,LOC0249,Single Family,4,1.5,1932,6437,1939,542800.0,2026-08-24,Active,,,0,0.0,2,No,No,2026-08-24,2026-08-24
INSERT,2026-08-24T00:00:00,2026-08-24,PT0562113,LST0562113,AG02907,LOC0182,Condo,5,4.5,2137,12472,1987,564300.0,2026-08-24,Active,,,0,463.12,1,No,No,2026-08-24,2026-08-24
INSERT,2026-08-24T00:00:00,2026-08-24,PT0562114,LST0562114,AG01892,LOC0094,Single Family,6,4.0,2770,2180,1908,290600.0,2026-08-24,Active,,,0,0.0,3,No,Yes,2026-08-24,2026-08-24
INSERT,2026-08-24T00:00:00,2026-08-24,PT0562115,LST0562115,AG01524,LOC0193,Single Family,1,1.5,2904,2053,2017,1221700.0,2026-08-24,Active,,,0,0.0,3,No,Yes,2026-08-24,2026-08-24
INSERT,2026-08-24T00:00:00,2026-08-24,PT0562116,LST0562116,AG01160,LOC0091,Townhouse,2,3.5,1403,5047,1986,366600.0,2026-08-24,Active,,,0,631.74,2,No,No,2026-08-24,2026-08-24
INSERT,2026-08-24T00:00:00,2026-08-24,PT0562117,LST0562117,AG01001,LOC0135,Single Family,1,1.0,1317,9708,1991,390300.0,2026-08-24,Active,,,0,0.0,0,Yes,No,2026-08-24,2026-08-24
INSERT,2026-08-24T00:00:00,2026-08-24,PT0562118,LST0562118,AG02161,LOC0152,Single Family,5,1.0,1673,7891,1998,693200.0,2026-08-24,Active,,,0,0.0,1,No,Yes,2026-08-24,2026-08-24
INSERT,2026-08-24T00:00:00,2026-08-24,PT0562119,LST0562119,AG00437,LOC0217,Condo,1,3.5,2039,4561,1910,293700.0,2026-08-24,Active,,,0,347.73,1,No,No,2026-08-24,2026-08-24
INSERT,2026-08-24T00:00:00,2026-08-24,PT0562120,LST0562120,AG02599,LOC0190,Multi-Family,6,3.5,3936,1467,2006,805200.0,2026-08-24,Active,,,0,0.0,2,Yes,No,2026-08-24,2026-08-24
INSERT,2026-08-24T00:00:00,2026-08-24,PT0562121,LST0562121,AG00224,LOC0180,Condo,2,4.5,1905,8872,1989,460200.0,2026-08-24,Active,,,0,625.62,2,No,No,2026-08-24,2026-08-24
INSERT,2026-08-24T00:00:00,2026-08-24,PT0562122,LST0562122,AG00704,LOC0065,Single Family,2,3.5,300,6929,1954,32200.0,2026-08-24,Active,,,0,0.0,1,No,No,2026-08-24,2026-08-24
INSERT,2026-08-24T00:00:00,2026-08-24,PT0562123,LST0562123,AG01620,LOC0099,Condo,3,2.5,1828,4320,2018,306600.0,2026-08-24,Active,,,0,779.0,2,No,No,2026-08-24,2026-08-24
INSERT,2026-08-24T00:00:00,2026-08-24,PT0562124,LST0562124,AG01787,LOC0176,Land,0,0.0,4515,3787,1918,1896800.0,2026-08-24,Active,,,0,0.0,0,No,No,2026-08-24,2026-08-24
INSERT,2026-08-24T00:00:00,2026-08-24,PT0562125,LST0562125,AG01238,LOC0217,Apartment,6,4.0,1626,0,1948,191000.0,2026-08-24,Active,,,0,399.16,0,No,No,2026-08-24,2026-08-24
INSERT,2026-08-24T00:00:00,2026-08-24,PT0562126,LST0562126,AG02889,LOC0035,Multi-Family,2,1.0,2327,5063,1904,385300.0,2026-08-24,Active,,,0,0.0,2,No,No,2026-08-24,2026-08-24
INSERT,2026-08-24T00:00:00,2026-08-24,PT0562127,LST0562127,AG00733,LOC0105,Condo,5,1.5,1477,5291,1909,222300.0,2026-08-24,Active,,,0,254.48,3,No,No,2026-08-24,2026-08-24
INSERT,2026-08-24T00:00:00,2026-08-24,PT0562128,LST0562128,AG01105,LOC0109,Single Family,6,3.0,651,12388,1911,269700.0,2026-08-24,Active,,,0,0.0,0,No,Yes,2026-08-24,2026-08-24
INSERT,2026-08-24T00:00:00,2026-08-24,PT0562129,LST0562129,AG02232,LOC0193,Single Family,3,4.0,2656,3778,1927,1178800.0,2026-08-24,Active,,,0,0.0,1,No,No,2026-08-24,2026-08-24
INSERT,2026-08-24T00:00:00,2026-08-24,PT0562130,LST0562130,AG00493,LOC0125,Condo,6,3.0,2772,3513,1997,777900.0,2026-08-24,Active,,,0,327.34,1,Yes,No,2026-08-24,2026-08-24
INSERT,2026-08-24T00:00:00,2026-08-24,PT0562131,LST0562131,AG00618,LOC0043,Condo,5,2.0,1492,2042,1951,348200.0,2026-08-24,Active,,,0,562.73,2,No,No,2026-08-24,2026-08-24
INSERT,2026-08-24T00:00:00,2026-08-24,PT0562132,LST0562132,AG00448,LOC0043,Apartment,1,3.5,1292,0,1959,286000.0,2026-08-24,Active,,,0,376.03,2,No,No,2026-08-24,2026-08-24
INSERT,2026-08-24T00:00:00,2026-08-24,PT0562133,LST0562133,AG01642,LOC0082,Single Family,4,4.0,1709,3135,2011,130100.0,2026-08-24,Active,,,0,0.0,1,Yes,No,2026-08-24,2026-08-24
INSERT,2026-08-24T00:00:00,2026-08-24,PT0562134,LST0562134,AG00330,LOC0140,Single Family,2,3.5,1619,1774,2017,882500.0,2026-08-24,Active,,,0,0.0,2,No,No,2026-08-24,2026-08-24
INSERT,2026-08-24T00:00:00,2026-08-24,PT0562135,LST0562135,AG02111,LOC0001,Single Family,1,4.0,2236,10637,2004,392300.0,2026-08-24,Active,,,0,0.0,2,Yes,No,2026-08-24,2026-08-24
INSERT,2026-08-24T00:00:00,2026-08-24,PT0562136,LST0562136,AG02454,LOC0220,Single Family,1,1.5,1815,1541,1912,261400.0,2026-08-24,Active,,,0,0.0,3,No,Yes,2026-08-24,2026-08-24
INSERT,2026-08-24T00:00:00,2026-08-24,PT0562137,LST0562137,AG00672,LOC0176,Single Family,4,3.0,1653,1950,1976,771100.0,2026-08-24,Active,,,0,0.0,1,No,No,2026-08-24,2026-08-24
INSERT,2026-08-24T00:00:00,2026-08-24,PT0562138,LST0562138,AG00308,LOC0147,Apartment,5,2.0,902,0,1905,166200.0,2026-08-24,Active,,,0,705.31,3,No,No,2026-08-24,2026-08-24
INSERT,2026-08-24T00:00:00,2026-08-24,PT0562139,LST0562139,AG02783,LOC0030,Single Family,3,3.0,1718,1515,1930,169200.0,2026-08-24,Active,,,0,0.0,2,Yes,Yes,2026-08-24,2026-08-24
INSERT,2026-08-24T00:00:00,2026-08-24,PT0562140,LST0562140,AG02802,LOC0011,Single Family,2,3.5,1560,1323,1933,720800.0,2026-08-24,Active,,,0,0.0,2,No,No,2026-08-24,2026-08-24
INSERT,2026-08-24T00:00:00,2026-08-24,PT0562141,LST0562141,AG00347,LOC0113,Townhouse,3,2.5,1672,8813,1978,916500.0,2026-08-24,Active,,,0,286.8,0,No,No,2026-08-24,2026-08-24
INSERT,2026-08-24T00:00:00,2026-08-24,PT0562142,LST0562142,AG02666,LOC0136,Apartment,1,4.0,641,0,1918,180100.0,2026-08-24,Active,,,0,532.64,0,No,No,2026-08-24,2026-08-24
INSERT,2026-08-24T00:00:00,2026-08-24,PT0562143,LST0562143,AG00948,LOC0161,Apartment,5,1.0,1360,0,1923,566400.0,2026-08-24,Active,,,0,179.57,0,No,No,2026-08-24,2026-08-24
INSERT,2026-08-24T00:00:00,2026-08-24,PT0562144,LST0562144,AG02670,LOC0152,Single Family,2,4.0,1596,8489,1959,585800.0,2026-08-24,Active,,,0,0.0,1,No,Yes,2026-08-24,2026-08-24
INSERT,2026-08-24T00:00:00,2026-08-24,PT0562145,LST0562145,AG00576,LOC0137,Condo,1,4.0,2471,1390,1902,394200.0,2026-08-24,Active,,,0,784.4,0,No,No,2026-08-24,2026-08-24
INSERT,2026-08-24T00:00:00,2026-08-24,PT0562146,LST0562146,AG02890,LOC0049,Single Family,2,1.5,1349,8748,1953,504500.0,2026-08-24,Active,,,0,0.0,2,No,Yes,2026-08-24,2026-08-24
INSERT,2026-08-24T00:00:00,2026-08-24,PT0562147,LST0562147,AG01581,LOC0098,Condo,1,1.0,2924,6870,1936,972500.0,2026-08-24,Active,,,0,258.41,1,No,No,2026-08-24,2026-08-24
INSERT,2026-08-24T00:00:00,2026-08-24,PT0562148,LST0562148,AG02304,LOC0089,Condo,2,4.0,885,10382,1927,443300.0,2026-08-24,Active,,,0,479.96,3,Yes,No,2026-08-24,2026-08-24
INSERT,2026-08-24T00:00:00,2026-08-24,PT0562149,LST0562149,AG00616,LOC0160,Multi-Family,6,3.0,2430,15936,2016,418800.0,2026-08-24,Active,,,0,0.0,0,Yes,Yes,2026-08-24,2026-08-24
INSERT,2026-08-24T00:00:00,2026-08-24,PT0562150,LST0562150,AG02486,LOC0217,Multi-Family,5,3.5,2460,5826,1919,388000.0,2026-08-24,Active,,,0,0.0,3,No,Yes,2026-08-24,2026-08-24
INSERT,2026-08-24T00:00:00,2026-08-24,PT0562151,LST0562151,AG00119,LOC0040,Apartment,1,1.5,1131,0,1994,512200.0,2026-08-24,Active,,,0,426.36,0,Yes,No,2026-08-24,2026-08-24
INSERT,2026-08-24T00:00:00,2026-08-24,PT0562152,LST0562152,AG00368,LOC0042,Single Family,1,1.5,2141,1421,1900,618300.0,2026-08-24,Active,,,0,0.0,2,No,Yes,2026-08-24,2026-08-24
INSERT,2026-08-24T00:00:00,2026-08-24,PT0562153,LST0562153,AG00740,LOC0095,Condo,5,4.5,1843,2372,1927,266800.0,2026-08-24,Active,,,0,764.53,1,Yes,No,2026-08-24,2026-08-24
INSERT,2026-08-24T00:00:00,2026-08-24,PT0562154,LST0562154,AG02363,LOC0239,Single Family,3,3.0,1848,3124,1903,457700.0,2026-08-24,Active,,,0,0.0,2,No,No,2026-08-24,2026-08-24
INSERT,2026-08-24T00:00:00,2026-08-24,PT0562155,LST0562155,AG01204,LOC0244,Condo,1,4.5,1694,1563,1982,331300.0,2026-08-24,Active,,,0,159.27,3,No,No,2026-08-24,2026-08-24
INSERT,2026-08-24T00:00:00,2026-08-24,PT0562156,LST0562156,AG02870,LOC0228,Townhouse,4,3.5,1546,13290,1963,797700.0,2026-08-24,Active,,,0,525.07,2,No,No,2026-08-24,2026-08-24
INSERT,2026-08-24T00:00:00,2026-08-24,PT0562157,LST0562157,AG01284,LOC0238,Single Family,4,1.5,3112,3659,1933,1683000.0,2026-08-24,Active,,,0,0.0,0,Yes,Yes,2026-08-24,2026-08-24
INSERT,2026-08-24T00:00:00,2026-08-24,PT0562158,LST0562158,AG00483,LOC0110,Townhouse,6,4.0,300,3591,2006,113600.0,2026-08-24,Active,,,0,454.99,0,No,No,2026-08-24,2026-08-24
INSERT,2026-08-24T00:00:00,2026-08-24,PT0562159,LST0562159,AG01307,LOC0157,Single Family,5,3.5,1885,1831,2013,478200.0,2026-08-24,Active,,,0,0.0,2,No,No,2026-08-24,2026-08-24
INSERT,2026-08-24T00:00:00,2026-08-24,PT0562160,LST0562160,AG01589,LOC0048,Condo,6,4.0,2098,2709,1988,1059700.0,2026-08-24,Active,,,0,751.23,0,No,No,2026-08-24,2026-08-24
INSERT,2026-08-24T00:00:00,2026-08-24,PT0562161,LST0562161,AG01917,LOC0142,Apartment,6,2.5,334,0,2005,139600.0,2026-08-24,Active,,,0,711.21,0,Yes,No,2026-08-24,2026-08-24
INSERT,2026-08-24T00:00:00,2026-08-24,PT0562162,LST0562162,AG02634,LOC0239,Single Family,2,3.0,2425,4591,1977,758500.0,2026-08-24,Active,,,0,0.0,1,Yes,No,2026-08-24,2026-08-24
INSERT,2026-08-24T00:00:00,2026-08-24,PT0562163,LST0562163,AG01175,LOC0208,Condo,2,1.5,300,12117,1951,75700.0,2026-08-24,Active,,,0,346.41,0,No,No,2026-08-24,2026-08-24
INSERT,2026-08-24T00:00:00,2026-08-24,PT0562164,LST0562164,AG00862,LOC0101,Single Family,2,3.5,2227,3530,1939,1071600.0,2026-08-24,Active,,,0,0.0,3,No,Yes,2026-08-24,2026-08-24
INSERT,2026-08-24T00:00:00,2026-08-24,PT0562165,LST0562165,AG02310,LOC0171,Single Family,4,4.0,2090,8596,1982,620300.0,2026-08-24,Active,,,0,0.0,1,No,Yes,2026-08-24,2026-08-24
INSERT,2026-08-24T00:00:00,2026-08-24,PT0562166,LST0562166,AG00043,LOC0095,Multi-Family,3,1.5,3373,4795,1917,708700.0,2026-08-24,Active,,,0,0.0,0,No,Yes,2026-08-24,2026-08-24
INSERT,2026-08-24T00:00:00,2026-08-24,PT0562167,LST0562167,AG02806,LOC0064,Multi-Family,2,2.0,1852,2552,1974,478800.0,2026-08-24,Active,,,0,0.0,3,No,Yes,2026-08-24,2026-08-24
INSERT,2026-08-24T00:00:00,2026-08-24,PT0562168,LST0562168,AG01494,LOC0067,Single Family,6,4.5,2756,1426,1999,886700.0,2026-08-24,Active,,,0,0.0,0,No,No,2026-08-24,2026-08-24
INSERT,2026-08-24T00:00:00,2026-08-24,PT0562169,LST0562169,AG02173,LOC0153,Single Family,5,1.5,1918,2975,1941,782900.0,2026-08-24,Active,,,0,0.0,2,No,No,2026-08-24,2026-08-24
INSERT,2026-08-24T00:00:00,2026-08-24,PT0562170,LST0562170,AG02525,LOC0059,Condo,3,2.5,803,3038,1950,142000.0,2026-08-24,Active,,,0,153.87,1,No,No,2026-08-24,2026-08-24
INSERT,2026-08-24T00:00:00,2026-08-24,PT0562171,LST0562171,AG02517,LOC0190,Condo,2,4.0,2606,2246,1985,653200.0,2026-08-24,Active,,,0,762.53,1,Yes,No,2026-08-24,2026-08-24
INSERT,2026-08-24T00:00:00,2026-08-24,PT0562172,LST0562172,AG00781,LOC0229,Single Family,2,4.5,1613,3354,1980,88300.0,2026-08-24,Active,,,0,0.0,2,No,Yes,2026-08-24,2026-08-24
INSERT,2026-08-24T00:00:00,2026-08-24,PT0562173,LST0562173,AG02857,LOC0181,Condo,1,4.5,1857,2459,1904,473500.0,2026-08-24,Active,,,0,225.59,2,No,No,2026-08-24,2026-08-24
INSERT,2026-08-24T00:00:00,2026-08-24,PT0562174,LST0562174,AG02482,LOC0237,Single Family,5,3.0,1859,3936,1969,246300.0,2026-08-24,Active,,,0,0.0,0,No,No,2026-08-24,2026-08-24
INSERT,2026-08-24T00:00:00,2026-08-24,PT0562175,LST0562175,AG00208,LOC0087,Single Family,5,1.5,1495,5062,1960,158400.0,2026-08-24,Active,,,0,0.0,1,No,Yes,2026-08-24,2026-08-24
INSERT,2026-08-24T00:00:00,2026-08-24,PT0562176,LST0562176,AG01534,LOC0051,Townhouse,5,4.0,2439,4334,1947,448700.0,2026-08-24,Active,,,0,480.57,0,No,No,2026-08-24,2026-08-24
INSERT,2026-08-24T00:00:00,2026-08-24,PT0562177,LST0562177,AG01876,LOC0053,Condo,4,2.0,300,2761,1911,59200.0,2026-08-24,Active,,,0,293.15,0,No,No,2026-08-24,2026-08-24
INSERT,2026-08-24T00:00:00,2026-08-24,PT0562178,LST0562178,AG02352,LOC0033,Townhouse,1,2.5,2897,1199,1955,804800.0,2026-08-24,Active,,,0,512.41,2,No,No,2026-08-24,2026-08-24
INSERT,2026-08-24T00:00:00,2026-08-24,PT0562179,LST0562179,AG02220,LOC0185,Condo,3,2.0,2230,10749,2012,823700.0,2026-08-24,Active,,,0,117.34,1,Yes,No,2026-08-24,2026-08-24
INSERT,2026-08-24T00:00:00,2026-08-24,PT0562180,LST0562180,AG00811,LOC0210,Single Family,6,1.5,3610,7936,2002,1303900.0,2026-08-24,Active,,,0,0.0,1,No,Yes,2026-08-24,2026-08-24
INSERT,2026-08-24T00:00:00,2026-08-24,PT0562181,LST0562181,AG01596,LOC0209,Apartment,6,3.5,1468,0,2024,724100.0,2026-08-24,Active,,,0,153.67,3,No,No,2026-08-24,2026-08-24
INSERT,2026-08-24T00:00:00,2026-08-24,PT0562182,LST0562182,AG00195,LOC0094,Single Family,5,1.0,1880,6473,1926,260000.0,2026-08-24,Active,,,0,0.0,1,No,No,2026-08-24,2026-08-24
INSERT,2026-08-24T00:00:00,2026-08-24,PT0562183,LST0562183,AG01416,LOC0039,Condo,2,1.0,2534,2625,1998,649100.0,2026-08-24,Active,,,0,797.82,0,No,No,2026-08-24,2026-08-24
INSERT,2026-08-24T00:00:00,2026-08-24,PT0562184,LST0562184,AG00401,LOC0124,Single Family,6,2.0,1744,1553,1964,350600.0,2026-08-24,Active,,,0,0.0,3,No,No,2026-08-24,2026-08-24
INSERT,2026-08-24T00:00:00,2026-08-24,PT0562185,LST0562185,AG01170,LOC0188,Single Family,6,2.0,869,2302,2022,226400.0,2026-08-24,Active,,,0,0.0,2,No,Yes,2026-08-24,2026-08-24
INSERT,2026-08-24T00:00:00,2026-08-24,PT0562186,LST0562186,AG01752,LOC0102,Condo,3,2.0,2576,4425,1930,694300.0,2026-08-24,Active,,,0,577.15,2,No,No,2026-08-24,2026-08-24
INSERT,2026-08-24T00:00:00,2026-08-24,PT0562187,LST0562187,AG00898,LOC0211,Single Family,4,1.0,1811,3751,1927,712500.0,2026-08-24,Active,,,0,0.0,0,No,Yes,2026-08-24,2026-08-24
INSERT,2026-08-24T00:00:00,2026-08-24,PT0562188,LST0562188,AG00872,LOC0086,Condo,6,1.0,3015,2344,1997,552300.0,2026-08-24,Active,,,0,397.88,0,Yes,No,2026-08-24,2026-08-24
INSERT,2026-08-24T00:00:00,2026-08-24,PT0562189,LST0562189,AG01724,LOC0051,Single Family,3,4.0,300,3529,1987,53500.0,2026-08-24,Active,,,0,0.0,2,No,No,2026-08-24,2026-08-24
INSERT,2026-08-24T00:00:00,2026-08-24,PT0562190,LST0562190,AG00731,LOC0099,Land,0,0.0,2200,4079,1903,944200.0,2026-08-24,Active,,,0,0.0,0,No,No,2026-08-24,2026-08-24
INSERT,2026-08-24T00:00:00,2026-08-24,PT0562191,LST0562191,AG00725,LOC0197,Single Family,4,4.0,1485,9495,1932,657800.0,2026-08-24,Active,,,0,0.0,2,No,Yes,2026-08-24,2026-08-24
INSERT,2026-08-24T00:00:00,2026-08-24,PT0562192,LST0562192,AG01755,LOC0228,Single Family,3,1.0,2538,1462,1928,1499300.0,2026-08-24,Active,,,0,0.0,3,No,Yes,2026-08-24,2026-08-24
INSERT,2026-08-24T00:00:00,2026-08-24,PT0562193,LST0562193,AG01077,LOC0080,Condo,6,2.0,1901,2796,1922,495100.0,2026-08-24,Active,,,0,51.25,0,Yes,No,2026-08-24,2026-08-24
INSERT,2026-08-24T00:00:00,2026-08-24,PT0562194,LST0562194,AG01095,LOC0209,Single Family,2,3.0,1340,8996,1987,350100.0,2026-08-24,Active,,,0,0.0,1,No,No,2026-08-24,2026-08-24
INSERT,2026-08-24T00:00:00,2026-08-24,PT0562195,LST0562195,AG01148,LOC0012,Single Family,6,3.0,3627,2301,2014,1947900.0,2026-08-24,Active,,,0,0.0,3,No,No,2026-08-24,2026-08-24
INSERT,2026-08-24T00:00:00,2026-08-24,PT0562196,LST0562196,AG00679,LOC0066,Single Family,3,2.5,2491,5005,2011,881900.0,2026-08-24,Active,,,0,0.0,2,Yes,No,2026-08-24,2026-08-24
INSERT,2026-08-24T00:00:00,2026-08-24,PT0562197,LST0562197,AG01676,LOC0146,Single Family,5,3.5,1667,4151,2013,239600.0,2026-08-24,Active,,,0,0.0,0,No,Yes,2026-08-24,2026-08-24
INSERT,2026-08-24T00:00:00,2026-08-24,PT0562198,LST0562198,AG02761,LOC0105,Condo,6,2.0,906,1343,1924,127600.0,2026-08-24,Active,,,0,498.88,0,No,No,2026-08-24,2026-08-24
INSERT,2026-08-24T00:00:00,2026-08-24,PT0562199,LST0562199,AG00760,LOC0082,Land,0,0.0,7376,7542,1911,518200.0,2026-08-24,Active,,,0,0.0,0,No,No,2026-08-24,2026-08-24
INSERT,2026-08-24T00:00:00,2026-08-24,PT0562200,LST0562200,AG02414,LOC0152,Single Family,2,3.5,2688,1274,1971,708000.0,2026-08-24,Active,,,0,0.0,2,No,No,2026-08-24,2026-08-24
INSERT,2026-08-24T00:00:00,2026-08-24,PT0562201,LST0562201,AG02439,LOC0034,Single Family,3,4.0,2696,9377,2007,1266700.0,2026-08-24,Active,,,0,0.0,2,No,No,2026-08-24,2026-08-24
INSERT,2026-08-24T00:00:00,2026-08-24,PT0562202,LST0562202,AG02514,LOC0235,Single Family,1,2.5,1793,11518,1923,1221200.0,2026-08-24,Active,,,0,0.0,2,No,No,2026-08-24,2026-08-24
INSERT,2026-08-24T00:00:00,2026-08-24,PT0562203,LST0562203,AG00092,LOC0173,Single Family,2,4.5,2059,6471,1963,791600.0,2026-08-24,Active,,,0,0.0,1,No,No,2026-08-24,2026-08-24
INSERT,2026-08-24T00:00:00,2026-08-24,PT0562204,LST0562204,AG02858,LOC0193,Townhouse,5,3.0,2231,4074,1930,852800.0,2026-08-24,Active,,,0,95.12,3,No,No,2026-08-24,2026-08-24
INSERT,2026-08-24T00:00:00,2026-08-24,PT0562205,LST0562205,AG01626,LOC0043,Land,0,0.0,7080,8421,1978,1440000.0,2026-08-24,Active,,,0,0.0,0,No,No,2026-08-24,2026-08-24
INSERT,2026-08-24T00:00:00,2026-08-24,PT0562206,LST0562206,AG02125,LOC0066,Single Family,6,4.0,2222,3909,1942,553000.0,2026-08-24,Active,,,0,0.0,3,No,Yes,2026-08-24,2026-08-24
INSERT,2026-08-24T00:00:00,2026-08-24,PT0562207,LST0562207,AG01323,LOC0106,Single Family,1,1.5,2573,4613,1901,734600.0,2026-08-24,Active,,,0,0.0,2,No,No,2026-08-24,2026-08-24
INSERT,2026-08-24T00:00:00,2026-08-24,PT0562208,LST0562208,AG02107,LOC0038,Multi-Family,2,4.5,2127,9444,2002,433800.0,2026-08-24,Active,,,0,0.0,3,No,Yes,2026-08-24,2026-08-24
INSERT,2026-08-24T00:00:00,2026-08-24,PT0562209,LST0562209,AG01555,LOC0102,Single Family,3,2.0,2577,5390,1913,621200.0,2026-08-24,Active,,,0,0.0,2,No,No,2026-08-24,2026-08-24
INSERT,2026-08-24T00:00:00,2026-08-24,PT0562210,LST0562210,AG00565,LOC0019,Single Family,2,3.5,3125,1602,2003,535000.0,2026-08-24,Active,,,0,0.0,3,No,No,2026-08-24,2026-08-24
INSERT,2026-08-24T00:00:00,2026-08-24,PT0562211,LST0562211,AG01371,LOC0221,Apartment,3,2.0,669,0,1904,171400.0,2026-08-24,Active,,,0,326.27,1,No,No,2026-08-24,2026-08-24
INSERT,2026-08-24T00:00:00,2026-08-24,PT0562212,LST0562212,AG01449,LOC0170,Townhouse,4,1.5,1614,8590,2024,767600.0,2026-08-24,Active,,,0,647.65,1,No,No,2026-08-24,2026-08-24
INSERT,2026-08-24T00:00:00,2026-08-24,PT0562213,LST0562213,AG02412,LOC0118,Condo,2,2.5,2703,6440,1986,281700.0,2026-08-24,Active,,,0,661.41,0,No,No,2026-08-24,2026-08-24
INSERT,2026-08-24T00:00:00,2026-08-24,PT0562214,LST0562214,AG01488,LOC0096,Single Family,4,3.0,1897,1473,1902,1134600.0,2026-08-24,Active,,,0,0.0,2,No,No,2026-08-24,2026-08-24
INSERT,2026-08-24T00:00:00,2026-08-24,PT0562215,LST0562215,AG00462,LOC0050,Apartment,2,1.5,937,0,1900,211600.0,2026-08-24,Active,,,0,773.77,0,Yes,No,2026-08-24,2026-08-24
INSERT,2026-08-24T00:00:00,2026-08-24,PT0562216,LST0562216,AG00297,LOC0206,Single Family,5,3.5,998,1055,1954,310600.0,2026-08-24,Active,,,0,0.0,1,No,Yes,2026-08-24,2026-08-24
INSERT,2026-08-24T00:00:00,2026-08-24,PT0562217,LST0562217,AG01325,LOC0205,Townhouse,3,4.0,670,4386,1936,237000.0,2026-08-24,Active,,,0,615.38,2,No,No,2026-08-24,2026-08-24
INSERT,2026-08-24T00:00:00,2026-08-24,PT0562218,LST0562218,AG00165,LOC0017,Single Family,5,2.0,2388,1308,1900,776800.0,2026-08-24,Active,,,0,0.0,2,No,No,2026-08-24,2026-08-24
INSERT,2026-08-24T00:00:00,2026-08-24,PT0562219,LST0562219,AG01595,LOC0222,Townhouse,2,1.0,1199,1510,1951,365800.0,2026-08-24,Active,,,0,228.66,1,No,No,2026-08-24,2026-08-24
INSERT,2026-08-24T00:00:00,2026-08-24,PT0562220,LST0562220,AG02247,LOC0144,Condo,6,2.0,2377,4075,1954,526800.0,2026-08-24,Active,,,0,139.49,0,No,No,2026-08-24,2026-08-24
INSERT,2026-08-24T00:00:00,2026-08-24,PT0562221,LST0562221,AG02568,LOC0023,Single Family,6,4.5,2243,5047,1991,390600.0,2026-08-24,Active,,,0,0.0,2,No,No,2026-08-24,2026-08-24
INSERT,2026-08-24T00:00:00,2026-08-24,PT0562222,LST0562222,AG01986,LOC0222,Single Family,1,2.5,2183,2126,1910,736700.0,2026-08-24,Active,,,0,0.0,1,No,No,2026-08-24,2026-08-24
INSERT,2026-08-24T00:00:00,2026-08-24,PT0562223,LST0562223,AG02028,LOC0135,Condo,1,1.5,1362,1672,1921,826900.0,2026-08-24,Active,,,0,286.61,3,No,No,2026-08-24,2026-08-24
INSERT,2026-08-24T00:00:00,2026-08-24,PT0562224,LST0562224,AG01131,LOC0171,Land,0,0.0,5630,2821,1909,2403300.0,2026-08-24,Active,,,0,0.0,0,No,No,2026-08-24,2026-08-24
INSERT,2026-08-24T00:00:00,2026-08-24,PT0562225,LST0562225,AG02911,LOC0224,Condo,3,3.0,2297,3235,1950,1123800.0,2026-08-24,Active,,,0,498.65,0,No,No,2026-08-24,2026-08-24
INSERT,2026-08-24T00:00:00,2026-08-24,PT0562226,LST0562226,AG01742,LOC0013,Single Family,3,1.5,928,6488,1931,107900.0,2026-08-24,Active,,,0,0.0,3,Yes,No,2026-08-24,2026-08-24
INSERT,2026-08-24T00:00:00,2026-08-24,PT0562227,LST0562227,AG00766,LOC0184,Single Family,3,1.0,2841,1730,1902,1216600.0,2026-08-24,Active,,,0,0.0,0,No,No,2026-08-24,2026-08-24
INSERT,2026-08-24T00:00:00,2026-08-24,PT0562228,LST0562228,AG00103,LOC0134,Townhouse,6,3.0,1989,3934,1919,868700.0,2026-08-24,Active,,,0,369.66,1,No,No,2026-08-24,2026-08-24
INSERT,2026-08-24T00:00:00,2026-08-24,PT0562229,LST0562229,AG01100,LOC0102,Condo,4,3.0,2502,1654,1997,416300.0,2026-08-24,Active,,,0,144.43,1,No,No,2026-08-24,2026-08-24
INSERT,2026-08-24T00:00:00,2026-08-24,PT0562230,LST0562230,AG02390,LOC0219,Condo,6,3.5,3089,1464,2011,589400.0,2026-08-24,Active,,,0,308.39,1,No,No,2026-08-24,2026-08-24
INSERT,2026-08-24T00:00:00,2026-08-24,PT0562231,LST0562231,AG00678,LOC0243,Single Family,1,2.0,578,1877,1944,323200.0,2026-08-24,Active,,,0,0.0,0,Yes,Yes,2026-08-24,2026-08-24
INSERT,2026-08-24T00:00:00,2026-08-24,PT0562232,LST0562232,AG00988,LOC0046,Single Family,1,1.0,2008,5956,1989,578800.0,2026-08-24,Active,,,0,0.0,0,No,No,2026-08-24,2026-08-24
INSERT,2026-08-24T00:00:00,2026-08-24,PT0562233,LST0562233,AG02752,LOC0231,Townhouse,3,3.0,1004,4051,1955,300600.0,2026-08-24,Active,,,0,249.5,2,No,No,2026-08-24,2026-08-24
INSERT,2026-08-24T00:00:00,2026-08-24,PT0562234,LST0562234,AG02575,LOC0172,Single Family,4,3.0,2401,2151,1970,522200.0,2026-08-24,Active,,,0,0.0,0,No,No,2026-08-24,2026-08-24
INSERT,2026-08-24T00:00:00,2026-08-24,PT0562235,LST0562235,AG01093,LOC0117,Land,0,0.0,4316,5122,1909,2009500.0,2026-08-24,Active,,,0,0.0,0,No,No,2026-08-24,2026-08-24
INSERT,2026-08-24T00:00:00,2026-08-24,PT0562236,LST0562236,AG01276,LOC0230,Single Family,3,2.0,1761,10981,1998,557900.0,2026-08-24,Active,,,0,0.0,3,No,No,2026-08-24,2026-08-24
INSERT,2026-08-24T00:00:00,2026-08-24,PT0562237,LST0562237,AG02090,LOC0012,Single Family,4,2.0,1122,4946,1957,248500.0,2026-08-24,Active,,,0,0.0,2,No,Yes,2026-08-24,2026-08-24
INSERT,2026-08-24T00:00:00,2026-08-24,PT0562238,LST0562238,AG00416,LOC0215,Single Family,5,1.0,2650,2243,1931,1190500.0,2026-08-24,Active,,,0,0.0,2,No,Yes,2026-08-24,2026-08-24
INSERT,2026-08-24T00:00:00,2026-08-24,PT0562239,LST0562239,AG00284,LOC0198,Single Family,6,1.5,2729,1201,1961,366800.0,2026-08-24,Active,,,0,0.0,0,No,No,2026-08-24,2026-08-24
INSERT,2026-08-24T00:00:00,2026-08-24,PT0562240,LST0562240,AG02742,LOC0109,Single Family,4,3.0,1752,4696,2009,582100.0,2026-08-24,Active,,,0,0.0,1,No,Yes,2026-08-24,2026-08-24
INSERT,2026-08-24T00:00:00,2026-08-24,PT0562241,LST0562241,AG00297,LOC0119,Multi-Family,3,1.5,3376,2569,1950,561200.0,2026-08-24,Active,,,0,0.0,3,No,No,2026-08-24,2026-08-24
INSERT,2026-08-24T00:00:00,2026-08-24,PT0562242,LST0562242,AG02359,LOC0224,Townhouse,5,1.5,1223,5733,2003,298800.0,2026-08-24,Active,,,0,627.6,2,No,No,2026-08-24,2026-08-24
INSERT,2026-08-24T00:00:00,2026-08-24,PT0562243,LST0562243,AG01572,LOC0051,Single Family,1,2.5,2490,1363,1968,383200.0,2026-08-24,Active,,,0,0.0,0,No,Yes,2026-08-24,2026-08-24
INSERT,2026-08-24T00:00:00,2026-08-24,PT0562244,LST0562244,AG01308,LOC0177,Land,0,0.0,7347,1060,1947,2519800.0,2026-08-24,Active,,,0,0.0,0,No,No,2026-08-24,2026-08-24
INSERT,2026-08-24T00:00:00,2026-08-24,PT0562245,LST0562245,AG01794,LOC0184,Townhouse,3,4.5,921,1724,1957,286900.0,2026-08-24,Active,,,0,268.3,1,No,No,2026-08-24,2026-08-24
INSERT,2026-08-24T00:00:00,2026-08-24,PT0562246,LST0562246,AG01992,LOC0045,Multi-Family,6,2.0,3224,2474,1941,540400.0,2026-08-24,Active,,,0,0.0,1,Yes,Yes,2026-08-24,2026-08-24
INSERT,2026-08-24T00:00:00,2026-08-24,PT0562247,LST0562247,AG00408,LOC0141,Single Family,3,2.0,1785,3156,1909,419000.0,2026-08-24,Active,,,0,0.0,0,Yes,Yes,2026-08-24,2026-08-24
INSERT,2026-08-24T00:00:00,2026-08-24,PT0562248,LST0562248,AG00913,LOC0212,Single Family,1,1.0,1525,3670,1912,582900.0,2026-08-24,Active,,,0,0.0,2,No,No,2026-08-24,2026-08-24
INSERT,2026-08-24T00:00:00,2026-08-24,PT0562249,LST0562249,AG00989,LOC0134,Single Family,2,3.5,1521,7718,1972,919900.0,2026-08-24,Active,,,0,0.0,1,No,No,2026-08-24,2026-08-24
INSERT,2026-08-24T00:00:00,2026-08-24,PT0562250,LST0562250,AG00182,LOC0090,Condo,1,1.0,1810,4940,1999,741700.0,2026-08-24,Active,,,0,689.52,0,No,No,2026-08-24,2026-08-24
INSERT,2026-08-24T00:00:00,2026-08-24,PT0562251,LST0562251,AG02450,LOC0173,Apartment,4,1.5,928,0,1920,428600.0,2026-08-24,Active,,,0,631.85,0,No,No,2026-08-24,2026-08-24
INSERT,2026-08-24T00:00:00,2026-08-24,PT0562252,LST0562252,AG00214,LOC0224,Single Family,5,2.0,671,7025,1980,416500.0,2026-08-24,Active,,,0,0.0,2,No,No,2026-08-24,2026-08-24
INSERT,2026-08-24T00:00:00,2026-08-24,PT0562253,LST0562253,AG02294,LOC0145,Condo,5,3.0,1692,1926,1931,359100.0,2026-08-24,Active,,,0,727.84,3,No,No,2026-08-24,2026-08-24
INSERT,2026-08-24T00:00:00,2026-08-24,PT0562254,LST0562254,AG01924,LOC0097,Single Family,4,4.0,2098,2760,1978,737600.0,2026-08-24,Active,,,0,0.0,1,No,No,2026-08-24,2026-08-24
INSERT,2026-08-24T00:00:00,2026-08-24,PT0562255,LST0562255,AG02672,LOC0071,Condo,5,3.0,2185,3270,1957,920800.0,2026-08-24,Active,,,0,134.33,0,No,No,2026-08-24,2026-08-24
INSERT,2026-08-24T00:00:00,2026-08-24,PT0562256,LST0562256,AG02409,LOC0080,Condo,2,2.5,2867,6531,1986,1089300.0,2026-08-24,Active,,,0,675.48,1,No,No,2026-08-24,2026-08-24
INSERT,2026-08-24T00:00:00,2026-08-24,PT0562257,LST0562257,AG00784,LOC0249,Apartment,1,2.5,1367,0,1915,667800.0,2026-08-24,Active,,,0,257.95,1,No,No,2026-08-24,2026-08-24
INSERT,2026-08-24T00:00:00,2026-08-24,PT0562258,LST0562258,AG00332,LOC0201,Condo,4,1.5,3154,3545,2014,473600.0,2026-08-24,Active,,,0,195.43,2,No,No,2026-08-24,2026-08-24
INSERT,2026-08-24T00:00:00,2026-08-24,PT0562259,LST0562259,AG02813,LOC0092,Condo,3,4.5,2727,1808,1958,183600.0,2026-08-24,Active,,,0,375.58,1,No,No,2026-08-24,2026-08-24
INSERT,2026-08-24T00:00:00,2026-08-24,PT0562260,LST0562260,AG02462,LOC0053,Land,0,0.0,3926,1823,1952,1808500.0,2026-08-24,Active,,,0,0.0,0,No,No,2026-08-24,2026-08-24
INSERT,2026-08-24T00:00:00,2026-08-24,PT0562261,LST0562261,AG02873,LOC0203,Condo,1,1.5,2638,6218,1944,363100.0,2026-08-24,Active,,,0,226.21,1,No,No,2026-08-24,2026-08-24
INSERT,2026-08-24T00:00:00,2026-08-24,PT0562262,LST0562262,AG02668,LOC0082,Single Family,3,3.0,1721,2094,1927,292400.0,2026-08-24,Active,,,0,0.0,1,Yes,No,2026-08-24,2026-08-24
INSERT,2026-08-24T00:00:00,2026-08-24,PT0562263,LST0562263,AG01371,LOC0248,Single Family,5,3.5,1142,1801,1914,173200.0,2026-08-24,Active,,,0,0.0,2,Yes,No,2026-08-24,2026-08-24
INSERT,2026-08-24T00:00:00,2026-08-24,PT0562264,LST0562264,AG00218,LOC0141,Condo,1,1.0,1884,4905,1930,611600.0,2026-08-24,Active,,,0,117.33,2,No,No,2026-08-24,2026-08-24
INSERT,2026-08-24T00:00:00,2026-08-24,PT0562265,LST0562265,AG01338,LOC0172,Townhouse,4,3.0,2711,2716,1957,519600.0,2026-08-24,Active,,,0,618.0,1,No,No,2026-08-24,2026-08-24
INSERT,2026-08-24T00:00:00,2026-08-24,PT0562266,LST0562266,AG01334,LOC0209,Condo,1,4.0,452,2807,1994,162900.0,2026-08-24,Active,,,0,447.21,1,No,No,2026-08-24,2026-08-24
INSERT,2026-08-24T00:00:00,2026-08-24,PT0562267,LST0562267,AG01643,LOC0031,Land,0,0.0,5499,3968,1953,1646300.0,2026-08-24,Active,,,0,0.0,0,No,No,2026-08-24,2026-08-24
INSERT,2026-08-24T00:00:00,2026-08-24,PT0562268,LST0562268,AG01836,LOC0092,Land,0,0.0,8179,1930,1914,1988700.0,2026-08-24,Active,,,0,0.0,0,No,No,2026-08-24,2026-08-24
INSERT,2026-08-24T00:00:00,2026-08-24,PT0562269,LST0562269,AG00003,LOC0007,Single Family,4,1.5,1218,1911,2006,320000.0,2026-08-24,Active,,,0,0.0,3,Yes,No,2026-08-24,2026-08-24
INSERT,2026-08-24T00:00:00,2026-08-24,PT0562270,LST0562270,AG00230,LOC0050,Condo,5,1.0,2498,3289,1972,228900.0,2026-08-24,Active,,,0,334.43,0,No,No,2026-08-24,2026-08-24
INSERT,2026-08-24T00:00:00,2026-08-24,PT0562271,LST0562271,AG02025,LOC0250,Single Family,3,4.0,719,3076,1960,191600.0,2026-08-24,Active,,,0,0.0,3,No,No,2026-08-24,2026-08-24
INSERT,2026-08-24T00:00:00,2026-08-24,PT0562272,LST0562272,AG00102,LOC0063,Single Family,6,1.5,2418,5556,1994,1184400.0,2026-08-24,Active,,,0,0.0,1,Yes,Yes,2026-08-24,2026-08-24
INSERT,2026-08-24T00:00:00,2026-08-24,PT0562273,LST0562273,AG00593,LOC0043,Single Family,5,2.0,879,5445,1917,162600.0,2026-08-24,Active,,,0,0.0,2,No,No,2026-08-24,2026-08-24
INSERT,2026-08-24T00:00:00,2026-08-24,PT0562274,LST0562274,AG00575,LOC0182,Multi-Family,5,4.0,5496,6800,1968,1062000.0,2026-08-24,Active,,,0,0.0,2,No,No,2026-08-24,2026-08-24
INSERT,2026-08-24T00:00:00,2026-08-24,PT0562275,LST0562275,AG00711,LOC0103,Apartment,1,2.5,734,0,1902,139800.0,2026-08-24,Active,,,0,147.22,0,No,No,2026-08-24,2026-08-24
INSERT,2026-08-24T00:00:00,2026-08-24,PT0562276,LST0562276,AG00232,LOC0192,Single Family,4,1.5,1340,2157,1970,341100.0,2026-08-24,Active,,,0,0.0,0,No,No,2026-08-24,2026-08-24
INSERT,2026-08-24T00:00:00,2026-08-24,PT0562277,LST0562277,AG01592,LOC0208,Single Family,1,3.5,1493,14619,1950,173800.0,2026-08-24,Active,,,0,0.0,1,No,No,2026-08-24,2026-08-24
INSERT,2026-08-24T00:00:00,2026-08-24,PT0562278,LST0562278,AG00007,LOC0073,Single Family,3,4.0,1316,2905,1994,406500.0,2026-08-24,Active,,,0,0.0,2,No,No,2026-08-24,2026-08-24
INSERT,2026-08-24T00:00:00,2026-08-24,PT0562279,LST0562279,AG00393,LOC0054,Condo,6,2.0,1065,1231,1915,269000.0,2026-08-24,Active,,,0,216.13,1,No,No,2026-08-24,2026-08-24
INSERT,2026-08-24T00:00:00,2026-08-24,PT0562280,LST0562280,AG01623,LOC0131,Townhouse,3,3.5,2195,1352,1953,490600.0,2026-08-24,Active,,,0,576.77,1,No,No,2026-08-24,2026-08-24
INSERT,2026-08-24T00:00:00,2026-08-24,PT0562281,LST0562281,AG02836,LOC0213,Single Family,1,1.0,2060,1586,2002,717300.0,2026-08-24,Active,,,0,0.0,1,No,Yes,2026-08-24,2026-08-24
INSERT,2026-08-24T00:00:00,2026-08-24,PT0562282,LST0562282,AG01080,LOC0178,Single Family,2,2.0,2888,7299,1901,308600.0,2026-08-24,Active,,,0,0.0,2,No,Yes,2026-08-24,2026-08-24
INSERT,2026-08-24T00:00:00,2026-08-24,PT0562283,LST0562283,AG01730,LOC0170,Single Family,5,4.0,2680,9496,1905,927400.0,2026-08-24,Active,,,0,0.0,1,No,Yes,2026-08-24,2026-08-24
INSERT,2026-08-24T00:00:00,2026-08-24,PT0562284,LST0562284,AG02663,LOC0119,Single Family,3,1.5,726,3164,1936,230900.0,2026-08-24,Active,,,0,0.0,0,Yes,Yes,2026-08-24,2026-08-24
INSERT,2026-08-24T00:00:00,2026-08-24,PT0562285,LST0562285,AG00537,LOC0205,Multi-Family,5,3.5,1708,12494,1956,383600.0,2026-08-24,Active,,,0,0.0,0,No,Yes,2026-08-24,2026-08-24
INSERT,2026-08-24T00:00:00,2026-08-24,PT0562286,LST0562286,AG00787,LOC0058,Townhouse,3,4.5,1881,2404,1984,779000.0,2026-08-24,Active,,,0,704.68,3,No,No,2026-08-24,2026-08-24
INSERT,2026-08-24T00:00:00,2026-08-24,PT0562287,LST0562287,AG01518,LOC0228,Single Family,4,2.0,1345,4170,2020,637400.0,2026-08-24,Active,,,0,0.0,2,No,Yes,2026-08-24,2026-08-24
INSERT,2026-08-24T00:00:00,2026-08-24,PT0562288,LST0562288,AG00252,LOC0017,Single Family,4,2.0,1702,3332,1996,1055000.0,2026-08-24,Active,,,0,0.0,3,No,No,2026-08-24,2026-08-24
INSERT,2026-08-24T00:00:00,2026-08-24,PT0562289,LST0562289,AG02829,LOC0232,Single Family,3,3.5,2885,1563,2010,691100.0,2026-08-24,Active,,,0,0.0,0,No,Yes,2026-08-24,2026-08-24
INSERT,2026-08-24T00:00:00,2026-08-24,PT0562290,LST0562290,AG01582,LOC0122,Single Family,5,4.0,1970,2983,1996,1027100.0,2026-08-24,Active,,,0,0.0,0,No,No,2026-08-24,2026-08-24
INSERT,2026-08-24T00:00:00,2026-08-24,PT0562291,LST0562291,AG00563,LOC0155,Single Family,2,4.5,1326,3601,1970,294100.0,2026-08-24,Active,,,0,0.0,3,No,Yes,2026-08-24,2026-08-24
INSERT,2026-08-24T00:00:00,2026-08-24,PT0562292,LST0562292,AG02655,LOC0116,Single Family,2,3.0,2329,4139,1912,1204600.0,2026-08-24,Active,,,0,0.0,1,No,No,2026-08-24,2026-08-24
INSERT,2026-08-24T00:00:00,2026-08-24,PT0562293,LST0562293,AG02669,LOC0098,Single Family,5,2.0,2385,1968,1960,1013900.0,2026-08-24,Active,,,0,0.0,0,No,No,2026-08-24,2026-08-24
INSERT,2026-08-24T00:00:00,2026-08-24,PT0562294,LST0562294,AG01299,LOC0213,Land,0,0.0,3523,9449,1941,870700.0,2026-08-24,Active,,,0,0.0,0,No,No,2026-08-24,2026-08-24
INSERT,2026-08-24T00:00:00,2026-08-24,PT0562295,LST0562295,AG00009,LOC0209,Condo,2,3.0,3162,1660,1931,1140800.0,2026-08-24,Active,,,0,701.01,1,No,No,2026-08-24,2026-08-24
INSERT,2026-08-24T00:00:00,2026-08-24,PT0562296,LST0562296,AG02383,LOC0232,Condo,6,4.0,2211,2486,1945,493100.0,2026-08-24,Active,,,0,145.95,0,No,No,2026-08-24,2026-08-24
INSERT,2026-08-24T00:00:00,2026-08-24,PT0562297,LST0562297,AG01082,LOC0148,Single Family,1,1.5,1249,2653,1932,265800.0,2026-08-24,Active,,,0,0.0,3,No,No,2026-08-24,2026-08-24
INSERT,2026-08-24T00:00:00,2026-08-24,PT0562298,LST0562298,AG01606,LOC0245,Single Family,4,4.0,2461,2153,2010,660800.0,2026-08-24,Active,,,0,0.0,3,No,Yes,2026-08-24,2026-08-24
INSERT,2026-08-24T00:00:00,2026-08-24,PT0562299,LST0562299,AG01374,LOC0205,Single Family,3,1.5,1814,9099,1945,455500.0,2026-08-24,Active,,,0,0.0,1,No,No,2026-08-24,2026-08-24
INSERT,2026-08-24T00:00:00,2026-08-24,PT0562300,LST0562300,AG02513,LOC0135,Single Family,6,2.0,2128,3410,1954,878800.0,2026-08-24,Active,,,0,0.0,0,Yes,Yes,2026-08-24,2026-08-24
INSERT,2026-08-24T00:00:00,2026-08-24,PT0562301,LST0562301,AG02015,LOC0039,Single Family,1,4.0,2249,1209,1970,675800.0,2026-08-24,Active,,,0,0.0,2,No,Yes,2026-08-24,2026-08-24
INSERT,2026-08-24T00:00:00,2026-08-24,PT0562302,LST0562302,AG02710,LOC0019,Single Family,4,3.0,2342,1729,2005,363700.0,2026-08-24,Active,,,0,0.0,2,Yes,Yes,2026-08-24,2026-08-24
INSERT,2026-08-24T00:00:00,2026-08-24,PT0562303,LST0562303,AG00697,LOC0126,Multi-Family,2,1.5,2250,7195,1937,891100.0,2026-08-24,Active,,,0,0.0,1,No,No,2026-08-24,2026-08-24
INSERT,2026-08-24T00:00:00,2026-08-24,PT0562304,LST0562304,AG01578,LOC0222,Townhouse,5,4.0,896,4503,1969,140800.0,2026-08-24,Active,,,0,208.75,3,No,No,2026-08-24,2026-08-24
INSERT,2026-08-24T00:00:00,2026-08-24,PT0562305,LST0562305,AG01421,LOC0184,Single Family,1,1.0,1213,2342,1935,603900.0,2026-08-24,Active,,,0,0.0,2,No,No,2026-08-24,2026-08-24
INSERT,2026-08-24T00:00:00,2026-08-24,PT0562306,LST0562306,AG01556,LOC0055,Townhouse,6,2.5,2309,1535,1960,706200.0,2026-08-24,Active,,,0,733.91,0,Yes,No,2026-08-24,2026-08-24
INSERT,2026-08-24T00:00:00,2026-08-24,PT0562307,LST0562307,AG01694,LOC0106,Single Family,2,3.5,1890,4841,2014,650400.0,2026-08-24,Active,,,0,0.0,0,Yes,No,2026-08-24,2026-08-24
INSERT,2026-08-24T00:00:00,2026-08-24,PT0562308,LST0562308,AG00882,LOC0231,Single Family,2,2.0,951,4207,1981,122500.0,2026-08-24,Active,,,0,0.0,0,No,No,2026-08-24,2026-08-24
INSERT,2026-08-24T00:00:00,2026-08-24,PT0562309,LST0562309,AG00934,LOC0132,Single Family,3,2.5,621,7099,1988,75100.0,2026-08-24,Active,,,0,0.0,0,No,Yes,2026-08-24,2026-08-24
INSERT,2026-08-24T00:00:00,2026-08-24,PT0562310,LST0562310,AG01727,LOC0054,Single Family,6,4.5,300,7626,2021,78500.0,2026-08-24,Active,,,0,0.0,0,No,Yes,2026-08-24,2026-08-24
INSERT,2026-08-24T00:00:00,2026-08-24,PT0562311,LST0562311,AG02663,LOC0008,Single Family,4,3.0,2299,5000,2024,342100.0,2026-08-24,Active,,,0,0.0,1,No,No,2026-08-24,2026-08-24
INSERT,2026-08-24T00:00:00,2026-08-24,PT0562312,LST0562312,AG00075,LOC0066,Apartment,4,2.0,987,0,1945,208300.0,2026-08-24,Active,,,0,541.61,0,No,No,2026-08-24,2026-08-24
INSERT,2026-08-24T00:00:00,2026-08-24,PT0562313,LST0562313,AG02268,LOC0086,Townhouse,3,1.0,1247,5597,1917,180700.0,2026-08-24,Active,,,0,97.83,2,Yes,No,2026-08-24,2026-08-24
INSERT,2026-08-24T00:00:00,2026-08-24,PT0562314,LST0562314,AG02768,LOC0083,Single Family,3,3.5,1684,3113,1982,718800.0,2026-08-24,Active,,,0,0.0,3,Yes,No,2026-08-24,2026-08-24
INSERT,2026-08-24T00:00:00,2026-08-24,PT0562315,LST0562315,AG02143,LOC0032,Apartment,5,4.5,1475,0,2018,243000.0,2026-08-24,Active,,,0,576.46,0,Yes,No,2026-08-24,2026-08-24
INSERT,2026-08-24T00:00:00,2026-08-24,PT0562316,LST0562316,AG00080,LOC0249,Condo,5,1.0,1343,3302,1918,764500.0,2026-08-24,Active,,,0,756.75,0,No,No,2026-08-24,2026-08-24
INSERT,2026-08-24T00:00:00,2026-08-24,PT0562317,LST0562317,AG00952,LOC0174,Multi-Family,4,1.0,3534,3916,1915,900400.0,2026-08-24,Active,,,0,0.0,0,No,No,2026-08-24,2026-08-24
INSERT,2026-08-24T00:00:00,2026-08-24,PT0562318,LST0562318,AG00990,LOC0146,Land,0,0.0,3988,1710,1984,440700.0,2026-08-24,Active,,,0,0.0,0,No,No,2026-08-24,2026-08-24
INSERT,2026-08-24T00:00:00,2026-08-24,PT0562319,LST0562319,AG00779,LOC0082,Condo,3,3.0,823,2127,1912,137400.0,2026-08-24,Active,,,0,685.54,3,No,No,2026-08-24,2026-08-24
INSERT,2026-08-24T00:00:00,2026-08-24,PT0562320,LST0562320,AG02511,LOC0190,Land,0,0.0,3377,8523,2016,694700.0,2026-08-24,Active,,,0,0.0,0,No,No,2026-08-24,2026-08-24
INSERT,2026-08-24T00:00:00,2026-08-24,PT0562321,LST0562321,AG00710,LOC0161,Multi-Family,6,4.0,3242,1360,1963,1050400.0,2026-08-24,Active,,,0,0.0,2,No,Yes,2026-08-24,2026-08-24
INSERT,2026-08-24T00:00:00,2026-08-24,PT0562322,LST0562322,AG02228,LOC0008,Single Family,1,4.0,1627,3550,1904,228500.0,2026-08-24,Active,,,0,0.0,2,No,No,2026-08-24,2026-08-24
INSERT,2026-08-24T00:00:00,2026-08-24,PT0562323,LST0562323,AG01180,LOC0065,Single Family,5,4.0,1633,2100,1989,336900.0,2026-08-24,Active,,,0,0.0,1,No,Yes,2026-08-24,2026-08-24
INSERT,2026-08-24T00:00:00,2026-08-24,PT0562324,LST0562324,AG00553,LOC0197,Single Family,2,4.5,2481,16392,2001,871500.0,2026-08-24,Active,,,0,0.0,2,No,No,2026-08-24,2026-08-24
INSERT,2026-08-24T00:00:00,2026-08-24,PT0562325,LST0562325,AG00004,LOC0174,Multi-Family,5,4.0,2276,5076,1987,759100.0,2026-08-24,Active,,,0,0.0,1,No,No,2026-08-24,2026-08-24
INSERT,2026-08-24T00:00:00,2026-08-24,PT0562326,LST0562326,AG00480,LOC0175,Single Family,2,3.5,1628,3139,1997,112100.0,2026-08-24,Active,,,0,0.0,2,No,No,2026-08-24,2026-08-24
INSERT,2026-08-24T00:00:00,2026-08-24,PT0562327,LST0562327,AG02701,LOC0025,Apartment,5,4.5,881,0,1923,225400.0,2026-08-24,Active,,,0,60.54,1,No,No,2026-08-24,2026-08-24
INSERT,2026-08-24T00:00:00,2026-08-24,PT0562328,LST0562328,AG02139,LOC0192,Condo,5,2.0,1370,3599,1905,339500.0,2026-08-24,Active,,,0,581.5,2,Yes,No,2026-08-24,2026-08-24
INSERT,2026-08-24T00:00:00,2026-08-24,PT0562329,LST0562329,AG01945,LOC0017,Single Family,6,4.0,2095,8699,1992,1230100.0,2026-08-24,Active,,,0,0.0,1,No,No,2026-08-24,2026-08-24
INSERT,2026-08-24T00:00:00,2026-08-24,PT0562330,LST0562330,AG00154,LOC0230,Condo,3,4.0,1163,2091,1978,410900.0,2026-08-24,Active,,,0,677.06,1,No,No,2026-08-24,2026-08-24
INSERT,2026-08-24T00:00:00,2026-08-24,PT0562331,LST0562331,AG01613,LOC0045,Apartment,5,3.5,771,0,1968,188500.0,2026-08-24,Active,,,0,85.83,1,No,No,2026-08-24,2026-08-24
INSERT,2026-08-24T00:00:00,2026-08-24,PT0562332,LST0562332,AG00621,LOC0002,Condo,6,4.0,1896,19791,1927,464500.0,2026-08-24,Active,,,0,630.69,3,No,No,2026-08-24,2026-08-24
INSERT,2026-08-24T00:00:00,2026-08-24,PT0562333,LST0562333,AG01979,LOC0216,Single Family,4,1.0,1668,10484,1908,244300.0,2026-08-24,Active,,,0,0.0,0,Yes,Yes,2026-08-24,2026-08-24
INSERT,2026-08-24T00:00:00,2026-08-24,PT0562334,LST0562334,AG01775,LOC0002,Townhouse,4,4.0,1616,16629,2010,301300.0,2026-08-24,Active,,,0,598.08,0,No,No,2026-08-24,2026-08-24
INSERT,2026-08-24T00:00:00,2026-08-24,PT0562335,LST0562335,AG02665,LOC0035,Land,0,0.0,7200,11342,1910,1190900.0,2026-08-24,Active,,,0,0.0,0,No,No,2026-08-24,2026-08-24
INSERT,2026-08-24T00:00:00,2026-08-24,PT0562336,LST0562336,AG01038,LOC0188,Townhouse,6,1.0,1989,1968,1923,488300.0,2026-08-24,Active,,,0,79.91,3,No,No,2026-08-24,2026-08-24
INSERT,2026-08-24T00:00:00,2026-08-24,PT0562337,LST0562337,AG00465,LOC0138,Apartment,4,2.0,1144,0,2018,359000.0,2026-08-24,Active,,,0,290.31,2,No,No,2026-08-24,2026-08-24
INSERT,2026-08-24T00:00:00,2026-08-24,PT0562338,LST0562338,AG01004,LOC0056,Townhouse,4,3.0,1596,1171,1932,1150900.0,2026-08-24,Active,,,0,334.08,3,No,No,2026-08-24,2026-08-24
INSERT,2026-08-24T00:00:00,2026-08-24,PT0562339,LST0562339,AG02934,LOC0171,Townhouse,6,2.5,2652,2385,1906,885400.0,2026-08-24,Active,,,0,578.87,3,No,No,2026-08-24,2026-08-24
INSERT,2026-08-24T00:00:00,2026-08-24,PT0562340,LST0562340,AG02968,LOC0169,Single Family,3,3.0,1524,5244,1920,307600.0,2026-08-24,Active,,,0,0.0,1,Yes,No,2026-08-24,2026-08-24
INSERT,2026-08-24T00:00:00,2026-08-24,PT0562341,LST0562341,AG01131,LOC0226,Single Family,1,2.0,1453,2167,1966,620200.0,2026-08-24,Active,,,0,0.0,2,No,Yes,2026-08-24,2026-08-24
INSERT,2026-08-24T00:00:00,2026-08-24,PT0562342,LST0562342,AG02260,LOC0141,Condo,6,3.5,2289,1546,1980,778300.0,2026-08-24,Active,,,0,467.52,1,No,No,2026-08-24,2026-08-24
INSERT,2026-08-24T00:00:00,2026-08-24,PT0562343,LST0562343,AG02334,LOC0086,Single Family,5,1.0,1334,7512,2001,121100.0,2026-08-24,Active,,,0,0.0,2,No,No,2026-08-24,2026-08-24
INSERT,2026-08-24T00:00:00,2026-08-24,PT0562344,LST0562344,AG00668,LOC0100,Land,0,0.0,7665,1845,2025,1031000.0,2026-08-24,Active,,,0,0.0,0,No,No,2026-08-24,2026-08-24
INSERT,2026-08-24T00:00:00,2026-08-24,PT0562345,LST0562345,AG01470,LOC0089,Condo,1,2.0,1473,3145,2003,754000.0,2026-08-24,Active,,,0,166.79,0,No,No,2026-08-24,2026-08-24
INSERT,2026-08-24T00:00:00,2026-08-24,PT0562346,LST0562346,AG00586,LOC0087,Single Family,5,3.0,1779,3201,1953,663800.0,2026-08-24,Active,,,0,0.0,1,No,Yes,2026-08-24,2026-08-24
INSERT,2026-08-24T00:00:00,2026-08-24,PT0562347,LST0562347,AG01646,LOC0070,Multi-Family,2,3.0,1976,4124,2024,658100.0,2026-08-24,Active,,,0,0.0,2,Yes,No,2026-08-24,2026-08-24
INSERT,2026-08-24T00:00:00,2026-08-24,PT0562348,LST0562348,AG00706,LOC0214,Condo,5,4.0,2054,13942,2011,780600.0,2026-08-24,Active,,,0,771.26,3,No,No,2026-08-24,2026-08-24
INSERT,2026-08-24T00:00:00,2026-08-24,PT0562349,LST0562349,AG01253,LOC0041,Townhouse,1,3.5,1485,2558,2001,305600.0,2026-08-24,Active,,,0,790.0,1,No,No,2026-08-24,2026-08-24
INSERT,2026-08-24T00:00:00,2026-08-24,PT0562350,LST0562350,AG01547,LOC0022,Single Family,3,4.0,2543,3482,2004,986200.0,2026-08-24,Active,,,0,0.0,2,No,Yes,2026-08-24,2026-08-24
INSERT,2026-08-24T00:00:00,2026-08-24,PT0562351,LST0562351,AG00516,LOC0032,Townhouse,6,1.5,1536,1923,2012,273100.0,2026-08-24,Active,,,0,653.8,0,Yes,No,2026-08-24,2026-08-24
INSERT,2026-08-24T00:00:00,2026-08-24,PT0562352,LST0562352,AG00077,LOC0187,Multi-Family,4,3.0,2320,8823,1950,584000.0,2026-08-24,Active,,,0,0.0,0,No,Yes,2026-08-24,2026-08-24
INSERT,2026-08-24T00:00:00,2026-08-24,PT0562353,LST0562353,AG02745,LOC0195,Multi-Family,4,1.0,3026,4777,1942,903400.0,2026-08-24,Active,,,0,0.0,1,No,No,2026-08-24,2026-08-24
INSERT,2026-08-24T00:00:00,2026-08-24,PT0562354,LST0562354,AG00561,LOC0250,Single Family,6,2.0,1419,1016,1956,520300.0,2026-08-24,Active,,,0,0.0,1,No,No,2026-08-24,2026-08-24
INSERT,2026-08-24T00:00:00,2026-08-24,PT0562355,LST0562355,AG00465,LOC0085,Single Family,6,4.0,1900,2915,1994,256600.0,2026-08-24,Active,,,0,0.0,3,No,Yes,2026-08-24,2026-08-24
INSERT,2026-08-24T00:00:00,2026-08-24,PT0562356,LST0562356,AG01480,LOC0122,Single Family,3,1.0,1945,3132,1917,169100.0,2026-08-24,Active,,,0,0.0,1,No,No,2026-08-24,2026-08-24
INSERT,2026-08-24T00:00:00,2026-08-24,PT0562357,LST0562357,AG02053,LOC0186,Land,0,0.0,6957,6695,1959,1715800.0,2026-08-24,Active,,,0,0.0,0,No,No,2026-08-24,2026-08-24
INSERT,2026-08-24T00:00:00,2026-08-24,PT0562358,LST0562358,AG00933,LOC0174,Single Family,2,1.5,1917,1639,1981,911400.0,2026-08-24,Active,,,0,0.0,0,No,Yes,2026-08-24,2026-08-24
INSERT,2026-08-24T00:00:00,2026-08-24,PT0562359,LST0562359,AG01528,LOC0006,Single Family,6,1.5,2114,4821,1961,328200.0,2026-08-24,Active,,,0,0.0,0,Yes,Yes,2026-08-24,2026-08-24
INSERT,2026-08-24T00:00:00,2026-08-24,PT0562360,LST0562360,AG00497,LOC0083,Townhouse,5,2.0,1805,15774,1902,385100.0,2026-08-24,Active,,,0,130.92,3,No,No,2026-08-24,2026-08-24
INSERT,2026-08-24T00:00:00,2026-08-24,PT0562361,LST0562361,AG00818,LOC0019,Townhouse,5,4.0,1450,12589,2023,192600.0,2026-08-24,Active,,,0,576.35,3,Yes,No,2026-08-24,2026-08-24
INSERT,2026-08-24T00:00:00,2026-08-24,PT0562362,LST0562362,AG00819,LOC0182,Single Family,2,1.5,310,7620,1982,106100.0,2026-08-24,Active,,,0,0.0,1,No,Yes,2026-08-24,2026-08-24
INSERT,2026-08-24T00:00:00,2026-08-24,PT0562363,LST0562363,AG01580,LOC0150,Land,0,0.0,5714,5838,1952,732700.0,2026-08-24,Active,,,0,0.0,0,No,No,2026-08-24,2026-08-24
INSERT,2026-08-24T00:00:00,2026-08-24,PT0562364,LST0562364,AG00294,LOC0046,Single Family,5,3.0,2518,6337,1973,383500.0,2026-08-24,Active,,,0,0.0,0,Yes,Yes,2026-08-24,2026-08-24
INSERT,2026-08-24T00:00:00,2026-08-24,PT0562365,LST0562365,AG01706,LOC0119,Multi-Family,2,3.5,4902,1625,1956,1162400.0,2026-08-24,Active,,,0,0.0,2,No,Yes,2026-08-24,2026-08-24
INSERT,2026-08-24T00:00:00,2026-08-24,PT0562366,LST0562366,AG00296,LOC0139,Townhouse,5,1.0,2424,1538,1915,695200.0,2026-08-24,Active,,,0,178.98,0,Yes,No,2026-08-24,2026-08-24
INSERT,2026-08-24T00:00:00,2026-08-24,PT0562367,LST0562367,AG00161,LOC0034,Single Family,2,1.0,2897,3462,1917,1401900.0,2026-08-24,Active,,,0,0.0,2,Yes,No,2026-08-24,2026-08-24
INSERT,2026-08-24T00:00:00,2026-08-24,PT0562368,LST0562368,AG01714,LOC0019,Apartment,5,1.5,913,0,1980,179000.0,2026-08-24,Active,,,0,390.88,1,No,No,2026-08-24,2026-08-24
INSERT,2026-08-24T00:00:00,2026-08-24,PT0562369,LST0562369,AG01153,LOC0156,Land,0,0.0,6149,7931,2025,3185200.0,2026-08-24,Active,,,0,0.0,0,No,No,2026-08-24,2026-08-24
INSERT,2026-08-24T00:00:00,2026-08-24,PT0562370,LST0562370,AG02926,LOC0150,Single Family,1,4.0,1175,8028,1925,241800.0,2026-08-24,Active,,,0,0.0,1,No,No,2026-08-24,2026-08-24
INSERT,2026-08-24T00:00:00,2026-08-24,PT0562371,LST0562371,AG02997,LOC0227,Single Family,1,3.5,3627,1081,2015,1425000.0,2026-08-24,Active,,,0,0.0,1,Yes,No,2026-08-24,2026-08-24
INSERT,2026-08-24T00:00:00,2026-08-24,PT0562372,LST0562372,AG00149,LOC0164,Single Family,4,2.0,2074,6364,1968,586000.0,2026-08-24,Active,,,0,0.0,0,No,Yes,2026-08-24,2026-08-24
INSERT,2026-08-24T00:00:00,2026-08-24,PT0562373,LST0562373,AG00140,LOC0060,Apartment,3,1.0,1006,0,1959,375100.0,2026-08-24,Active,,,0,327.1,0,Yes,No,2026-08-24,2026-08-24
INSERT,2026-08-24T00:00:00,2026-08-24,PT0562374,LST0562374,AG02433,LOC0234,Apartment,3,4.0,817,0,1953,392100.0,2026-08-24,Active,,,0,346.75,1,No,No,2026-08-24,2026-08-24
INSERT,2026-08-24T00:00:00,2026-08-24,PT0562375,LST0562375,AG00690,LOC0122,Condo,2,2.5,1027,13198,1930,357400.0,2026-08-24,Active,,,0,358.56,0,Yes,No,2026-08-24,2026-08-24
INSERT,2026-08-24T00:00:00,2026-08-24,PT0562376,LST0562376,AG00628,LOC0038,Single Family,3,4.0,1911,8019,1960,474300.0,2026-08-24,Active,,,0,0.0,2,No,Yes,2026-08-24,2026-08-24
INSERT,2026-08-24T00:00:00,2026-08-24,PT0562377,LST0562377,AG00668,LOC0242,Condo,3,3.5,1412,1899,1947,272600.0,2026-08-24,Active,,,0,410.35,2,No,No,2026-08-24,2026-08-24
INSERT,2026-08-24T00:00:00,2026-08-24,PT0562378,LST0562378,AG00019,LOC0010,Single Family,5,1.5,2636,5104,1997,811800.0,2026-08-24,Active,,,0,0.0,0,No,Yes,2026-08-24,2026-08-24
INSERT,2026-08-24T00:00:00,2026-08-24,PT0562379,LST0562379,AG01002,LOC0011,Condo,4,2.0,1939,2083,1988,1181100.0,2026-08-24,Active,,,0,454.02,0,No,No,2026-08-24,2026-08-24
INSERT,2026-08-24T00:00:00,2026-08-24,PT0562380,LST0562380,AG02407,LOC0024,Condo,1,1.5,1360,4119,1935,536700.0,2026-08-24,Active,,,0,256.21,3,Yes,No,2026-08-24,2026-08-24
INSERT,2026-08-24T00:00:00,2026-08-24,PT0562381,LST0562381,AG00512,LOC0016,Single Family,3,2.5,2648,1679,1945,782400.0,2026-08-24,Active,,,0,0.0,0,No,Yes,2026-08-24,2026-08-24
INSERT,2026-08-24T00:00:00,2026-08-24,PT0562382,LST0562382,AG00252,LOC0016,Townhouse,6,1.5,687,9942,1922,107000.0,2026-08-24,Active,,,0,714.29,0,No,No,2026-08-24,2026-08-24
INSERT,2026-08-24T00:00:00,2026-08-24,PT0562383,LST0562383,AG01123,LOC0069,Single Family,3,3.0,1456,2366,1953,574900.0,2026-08-24,Active,,,0,0.0,3,No,Yes,2026-08-24,2026-08-24
INSERT,2026-08-24T00:00:00,2026-08-24,PT0562384,LST0562384,AG01070,LOC0129,Multi-Family,1,3.5,3575,1149,1919,1785800.0,2026-08-24,Active,,,0,0.0,1,No,No,2026-08-24,2026-08-24
INSERT,2026-08-24T00:00:00,2026-08-24,PT0562385,LST0562385,AG01390,LOC0149,Single Family,6,3.0,630,2774,1946,143200.0,2026-08-24,Active,,,0,0.0,1,No,No,2026-08-24,2026-08-24
INSERT,2026-08-24T00:00:00,2026-08-24,PT0562386,LST0562386,AG02196,LOC0189,Townhouse,4,3.5,2720,2506,2023,584400.0,2026-08-24,Active,,,0,751.2,2,No,No,2026-08-24,2026-08-24
INSERT,2026-08-24T00:00:00,2026-08-24,PT0562387,LST0562387,AG00873,LOC0051,Single Family,4,2.5,420,1829,1970,55900.0,2026-08-24,Active,,,0,0.0,1,No,Yes,2026-08-24,2026-08-24
INSERT,2026-08-24T00:00:00,2026-08-24,PT0562388,LST0562388,AG00766,LOC0199,Single Family,5,2.5,1714,10985,2011,532100.0,2026-08-24,Active,,,0,0.0,2,No,Yes,2026-08-24,2026-08-24
INSERT,2026-08-24T00:00:00,2026-08-24,PT0562389,LST0562389,AG00249,LOC0044,Single Family,4,4.5,1247,3398,1976,393800.0,2026-08-24,Active,,,0,0.0,2,No,Yes,2026-08-24,2026-08-24
INSERT,2026-08-24T00:00:00,2026-08-24,PT0562390,LST0562390,AG01173,LOC0090,Single Family,2,2.0,1529,5680,1957,593700.0,2026-08-24,Active,,,0,0.0,1,No,No,2026-08-24,2026-08-24
INSERT,2026-08-24T00:00:00,2026-08-24,PT0562391,LST0562391,AG02792,LOC0105,Condo,2,3.0,2837,9421,1973,385200.0,2026-08-24,Active,,,0,294.61,2,No,No,2026-08-24,2026-08-24
INSERT,2026-08-24T00:00:00,2026-08-24,PT0562392,LST0562392,AG00107,LOC0069,Single Family,1,1.5,482,3199,1999,153000.0,2026-08-24,Active,,,0,0.0,2,No,Yes,2026-08-24,2026-08-24
INSERT,2026-08-24T00:00:00,2026-08-24,PT0562393,LST0562393,AG00675,LOC0070,Multi-Family,6,1.5,1798,9315,1970,269900.0,2026-08-24,Active,,,0,0.0,1,Yes,No,2026-08-24,2026-08-24
INSERT,2026-08-24T00:00:00,2026-08-24,PT0562394,LST0562394,AG01366,LOC0183,Townhouse,6,3.0,1831,4096,1922,577200.0,2026-08-24,Active,,,0,750.05,3,No,No,2026-08-24,2026-08-24
INSERT,2026-08-24T00:00:00,2026-08-24,PT0562395,LST0562395,AG02885,LOC0112,Single Family,3,3.0,988,2415,1930,96100.0,2026-08-24,Active,,,0,0.0,3,No,No,2026-08-24,2026-08-24
INSERT,2026-08-24T00:00:00,2026-08-24,PT0562396,LST0562396,AG02520,LOC0245,Land,0,0.0,4409,4332,1967,1066200.0,2026-08-24,Active,,,0,0.0,0,No,No,2026-08-24,2026-08-24
INSERT,2026-08-24T00:00:00,2026-08-24,PT0562397,LST0562397,AG00605,LOC0070,Single Family,5,2.0,3080,3339,2016,382400.0,2026-08-24,Active,,,0,0.0,2,No,No,2026-08-24,2026-08-24
INSERT,2026-08-24T00:00:00,2026-08-24,PT0562398,LST0562398,AG01936,LOC0213,Single Family,5,4.5,1380,5137,2007,274400.0,2026-08-24,Active,,,0,0.0,1,No,Yes,2026-08-24,2026-08-24
INSERT,2026-08-24T00:00:00,2026-08-24,PT0562399,LST0562399,AG02253,LOC0011,Single Family,5,4.5,2120,5842,1935,687600.0,2026-08-24,Active,,,0,0.0,1,No,Yes,2026-08-24,2026-08-24
INSERT,2026-08-24T00:00:00,2026-08-24,PT0562400,LST0562400,AG02967,LOC0124,Townhouse,2,1.0,2450,3938,1910,961000.0,2026-08-24,Active,,,0,400.25,3,No,No,2026-08-24,2026-08-24
INSERT,2026-08-24T00:00:00,2026-08-24,PT0562401,LST0562401,AG02378,LOC0224,Apartment,2,4.5,1496,0,1979,724800.0,2026-08-24,Active,,,0,326.65,2,No,No,2026-08-24,2026-08-24
INSERT,2026-08-24T00:00:00,2026-08-24,PT0562402,LST0562402,AG01508,LOC0167,Single Family,6,2.5,2137,2401,1942,649200.0,2026-08-24,Active,,,0,0.0,1,No,Yes,2026-08-24,2026-08-24
INSERT,2026-08-24T00:00:00,2026-08-24,PT0562403,LST0562403,AG00664,LOC0101,Townhouse,5,1.0,1741,5990,2008,276200.0,2026-08-24,Active,,,0,741.28,0,No,No,2026-08-24,2026-08-24
INSERT,2026-08-24T00:00:00,2026-08-24,PT0562404,LST0562404,AG02972,LOC0131,Condo,2,3.5,950,8211,1976,267800.0,2026-08-24,Active,,,0,580.24,0,No,No,2026-08-24,2026-08-24
INSERT,2026-08-24T00:00:00,2026-08-24,PT0562405,LST0562405,AG01364,LOC0136,Single Family,6,1.0,1767,7694,1934,275700.0,2026-08-24,Active,,,0,0.0,3,No,Yes,2026-08-24,2026-08-24
INSERT,2026-08-24T00:00:00,2026-08-24,PT0562406,LST0562406,AG01440,LOC0193,Single Family,6,2.0,1176,3979,1923,312300.0,2026-08-24,Active,,,0,0.0,1,No,Yes,2026-08-24,2026-08-24
INSERT,2026-08-24T00:00:00,2026-08-24,PT0562407,LST0562407,AG00170,LOC0157,Single Family,1,4.0,3176,1635,2024,438200.0,2026-08-24,Active,,,0,0.0,3,No,No,2026-08-24,2026-08-24
INSERT,2026-08-24T00:00:00,2026-08-24,PT0562408,LST0562408,AG00286,LOC0069,Single Family,6,4.0,2060,11594,1905,724000.0,2026-08-24,Active,,,0,0.0,2,No,Yes,2026-08-24,2026-08-24
INSERT,2026-08-24T00:00:00,2026-08-24,PT0562409,LST0562409,AG02137,LOC0030,Single Family,5,4.0,2075,3545,2014,784100.0,2026-08-24,Active,,,0,0.0,0,Yes,No,2026-08-24,2026-08-24
INSERT,2026-08-24T00:00:00,2026-08-24,PT0562410,LST0562410,AG01711,LOC0105,Single Family,1,2.0,1186,6480,1961,189800.0,2026-08-24,Active,,,0,0.0,0,No,Yes,2026-08-24,2026-08-24
INSERT,2026-08-24T00:00:00,2026-08-24,PT0562411,LST0562411,AG02939,LOC0224,Townhouse,3,4.0,2382,3193,2000,883100.0,2026-08-24,Active,,,0,543.29,0,Yes,No,2026-08-24,2026-08-24
INSERT,2026-08-24T00:00:00,2026-08-24,PT0562412,LST0562412,AG01747,LOC0014,Single Family,3,2.0,337,1975,1919,54600.0,2026-08-24,Active,,,0,0.0,3,No,Yes,2026-08-24,2026-08-24
INSERT,2026-08-24T00:00:00,2026-08-24,PT0562413,LST0562413,AG00686,LOC0027,Apartment,1,3.5,369,0,1992,81900.0,2026-08-24,Active,,,0,382.12,1,No,No,2026-08-24,2026-08-24
INSERT,2026-08-24T00:00:00,2026-08-24,PT0562414,LST0562414,AG00057,LOC0107,Single Family,2,3.0,2597,8712,1972,789700.0,2026-08-24,Active,,,0,0.0,3,Yes,No,2026-08-24,2026-08-24
INSERT,2026-08-24T00:00:00,2026-08-24,PT0562415,LST0562415,AG00520,LOC0205,Single Family,1,2.5,1476,9505,1943,554700.0,2026-08-24,Active,,,0,0.0,3,No,Yes,2026-08-24,2026-08-24
INSERT,2026-08-24T00:00:00,2026-08-24,PT0562416,LST0562416,AG01164,LOC0153,Townhouse,1,1.0,2317,2973,1985,1012800.0,2026-08-24,Active,,,0,702.73,0,No,No,2026-08-24,2026-08-24
INSERT,2026-08-24T00:00:00,2026-08-24,PT0562417,LST0562417,AG00542,LOC0066,Single Family,3,1.0,1857,15997,1950,645400.0,2026-08-24,Active,,,0,0.0,0,No,No,2026-08-24,2026-08-24
INSERT,2026-08-24T00:00:00,2026-08-24,PT0562418,LST0562418,AG01431,LOC0199,Condo,5,2.0,1419,21411,1969,574300.0,2026-08-24,Active,,,0,344.2,0,No,No,2026-08-24,2026-08-24
INSERT,2026-08-24T00:00:00,2026-08-24,PT0562419,LST0562419,AG02892,LOC0128,Single Family,2,4.0,2078,1588,1935,541700.0,2026-08-24,Active,,,0,0.0,2,Yes,Yes,2026-08-24,2026-08-24
INSERT,2026-08-24T00:00:00,2026-08-24,PT0562420,LST0562420,AG02673,LOC0028,Single Family,6,3.5,1909,3304,1945,203200.0,2026-08-24,Active,,,0,0.0,2,No,No,2026-08-24,2026-08-24
INSERT,2026-08-24T00:00:00,2026-08-24,PT0562421,LST0562421,AG02058,LOC0245,Single Family,2,3.0,1797,3822,1954,459500.0,2026-08-24,Active,,,0,0.0,1,No,Yes,2026-08-24,2026-08-24
INSERT,2026-08-24T00:00:00,2026-08-24,PT0562422,LST0562422,AG01256,LOC0086,Single Family,4,3.0,1901,1490,1933,188700.0,2026-08-24,Active,,,0,0.0,2,No,No,2026-08-24,2026-08-24
INSERT,2026-08-24T00:00:00,2026-08-24,PT0562423,LST0562423,AG02625,LOC0130,Land,0,0.0,6569,10490,1961,1787800.0,2026-08-24,Active,,,0,0.0,0,No,No,2026-08-24,2026-08-24
INSERT,2026-08-24T00:00:00,2026-08-24,PT0562424,LST0562424,AG00998,LOC0189,Condo,2,2.0,1816,3840,1942,581400.0,2026-08-24,Active,,,0,187.54,0,No,No,2026-08-24,2026-08-24
INSERT,2026-08-24T00:00:00,2026-08-24,PT0562425,LST0562425,AG01298,LOC0149,Single Family,3,4.5,1797,2081,1960,81900.0,2026-08-24,Active,,,0,0.0,0,No,Yes,2026-08-24,2026-08-24
INSERT,2026-08-24T00:00:00,2026-08-24,PT0562426,LST0562426,AG02491,LOC0220,Townhouse,2,3.5,2143,5212,1967,663500.0,2026-08-24,Active,,,0,332.32,3,No,No,2026-08-24,2026-08-24
INSERT,2026-08-24T00:00:00,2026-08-24,PT0562427,LST0562427,AG02510,LOC0224,Single Family,1,1.0,2585,4251,1999,531700.0,2026-08-24,Active,,,0,0.0,2,No,Yes,2026-08-24,2026-08-24
INSERT,2026-08-24T00:00:00,2026-08-24,PT0562428,LST0562428,AG02085,LOC0238,Single Family,5,2.0,3764,7872,2003,493900.0,2026-08-24,Active,,,0,0.0,1,No,Yes,2026-08-24,2026-08-24
INSERT,2026-08-24T00:00:00,2026-08-24,PT0562429,LST0562429,AG01769,LOC0147,Townhouse,6,4.5,2343,5560,1908,524700.0,2026-08-24,Active,,,0,87.21,0,No,No,2026-08-24,2026-08-24
INSERT,2026-08-24T00:00:00,2026-08-24,PT0562430,LST0562430,AG01222,LOC0243,Condo,4,2.0,1755,3538,2009,435900.0,2026-08-24,Active,,,0,685.27,3,No,No,2026-08-24,2026-08-24
INSERT,2026-08-24T00:00:00,2026-08-24,PT0562431,LST0562431,AG00252,LOC0015,Condo,1,4.5,1774,3489,1926,724100.0,2026-08-24,Active,,,0,289.1,3,No,No,2026-08-24,2026-08-24
INSERT,2026-08-24T00:00:00,2026-08-24,PT0562432,LST0562432,AG00810,LOC0057,Single Family,4,2.0,2447,1500,2008,474500.0,2026-08-24,Active,,,0,0.0,3,No,Yes,2026-08-24,2026-08-24
INSERT,2026-08-24T00:00:00,2026-08-24,PT0562433,LST0562433,AG02756,LOC0158,Condo,4,2.5,1155,16567,1978,609900.0,2026-08-24,Active,,,0,533.31,0,No,No,2026-08-24,2026-08-24
INSERT,2026-08-24T00:00:00,2026-08-24,PT0562434,LST0562434,AG02528,LOC0180,Condo,2,1.0,2757,9611,1940,545300.0,2026-08-24,Active,,,0,213.28,3,No,No,2026-08-24,2026-08-24
INSERT,2026-08-24T00:00:00,2026-08-24,PT0562435,LST0562435,AG02403,LOC0030,Single Family,4,2.0,1286,5406,1914,419700.0,2026-08-24,Active,,,0,0.0,3,No,No,2026-08-24,2026-08-24
INSERT,2026-08-24T00:00:00,2026-08-24,PT0562436,LST0562436,AG02579,LOC0144,Multi-Family,5,1.0,3450,2841,1918,1228900.0,2026-08-24,Active,,,0,0.0,1,No,No,2026-08-24,2026-08-24
INSERT,2026-08-24T00:00:00,2026-08-24,PT0562437,LST0562437,AG02117,LOC0178,Condo,2,3.0,2083,12288,2011,475900.0,2026-08-24,Active,,,0,133.48,0,No,No,2026-08-24,2026-08-24
INSERT,2026-08-24T00:00:00,2026-08-24,PT0562438,LST0562438,AG00133,LOC0115,Single Family,1,3.5,962,1225,2020,278300.0,2026-08-24,Active,,,0,0.0,2,No,No,2026-08-24,2026-08-24
INSERT,2026-08-24T00:00:00,2026-08-24,PT0562439,LST0562439,AG00484,LOC0021,Single Family,5,3.0,1533,1555,1953,201500.0,2026-08-24,Active,,,0,0.0,2,No,No,2026-08-24,2026-08-24
INSERT,2026-08-24T00:00:00,2026-08-24,PT0562440,LST0562440,AG02113,LOC0157,Single Family,6,2.5,2484,2806,2009,781500.0,2026-08-24,Active,,,0,0.0,0,No,Yes,2026-08-24,2026-08-24
INSERT,2026-08-24T00:00:00,2026-08-24,PT0562441,LST0562441,AG00796,LOC0027,Single Family,3,1.0,2528,16723,1984,1360300.0,2026-08-24,Active,,,0,0.0,2,No,No,2026-08-24,2026-08-24
INSERT,2026-08-24T00:00:00,2026-08-24,PT0562442,LST0562442,AG00667,LOC0034,Single Family,4,1.0,1544,1153,1974,810200.0,2026-08-24,Active,,,0,0.0,2,Yes,No,2026-08-24,2026-08-24
INSERT,2026-08-24T00:00:00,2026-08-24,PT0562443,LST0562443,AG02477,LOC0105,Single Family,1,4.0,1362,3591,1982,172900.0,2026-08-24,Active,,,0,0.0,0,No,Yes,2026-08-24,2026-08-24
INSERT,2026-08-24T00:00:00,2026-08-24,PT0562444,LST0562444,AG00284,LOC0102,Condo,4,2.5,1383,3226,1938,363200.0,2026-08-24,Active,,,0,514.96,0,No,No,2026-08-24,2026-08-24
INSERT,2026-08-24T00:00:00,2026-08-24,PT0562445,LST0562445,AG02739,LOC0054,Land,0,0.0,6047,10935,1934,1583800.0,2026-08-24,Active,,,0,0.0,0,No,No,2026-08-24,2026-08-24
INSERT,2026-08-24T00:00:00,2026-08-24,PT0562446,LST0562446,AG01459,LOC0163,Single Family,1,2.5,1279,4080,1993,596500.0,2026-08-24,Active,,,0,0.0,2,No,No,2026-08-24,2026-08-24
INSERT,2026-08-24T00:00:00,2026-08-24,PT0562447,LST0562447,AG00303,LOC0089,Land,0,0.0,9585,3494,1907,3273300.0,2026-08-24,Active,,,0,0.0,0,No,No,2026-08-24,2026-08-24
INSERT,2026-08-24T00:00:00,2026-08-24,PT0562448,LST0562448,AG01499,LOC0015,Townhouse,3,4.5,2034,3579,1980,757500.0,2026-08-24,Active,,,0,263.6,2,No,No,2026-08-24,2026-08-24
INSERT,2026-08-24T00:00:00,2026-08-24,PT0562449,LST0562449,AG00899,LOC0137,Multi-Family,3,3.5,3246,1822,1989,1983500.0,2026-08-24,Active,,,0,0.0,3,No,No,2026-08-24,2026-08-24
INSERT,2026-08-24T00:00:00,2026-08-24,PT0562450,LST0562450,AG01647,LOC0226,Single Family,1,2.0,1997,3435,1930,778600.0,2026-08-24,Active,,,0,0.0,3,No,Yes,2026-08-24,2026-08-24
INSERT,2026-08-24T00:00:00,2026-08-24,PT0562451,LST0562451,AG02675,LOC0124,Townhouse,6,3.0,2165,4099,1928,962100.0,2026-08-24,Active,,,0,363.01,0,No,No,2026-08-24,2026-08-24
INSERT,2026-08-24T00:00:00,2026-08-24,PT0562452,LST0562452,AG01106,LOC0024,Single Family,6,4.0,2632,3380,2023,993200.0,2026-08-24,Active,,,0,0.0,2,Yes,Yes,2026-08-24,2026-08-24
INSERT,2026-08-24T00:00:00,2026-08-24,PT0562453,LST0562453,AG02728,LOC0074,Land,0,0.0,1621,2229,1935,925900.0,2026-08-24,Active,,,0,0.0,0,No,No,2026-08-24,2026-08-24
INSERT,2026-08-24T00:00:00,2026-08-24,PT0562454,LST0562454,AG01756,LOC0038,Townhouse,4,1.0,1082,3585,1957,377200.0,2026-08-24,Active,,,0,73.2,0,No,No,2026-08-24,2026-08-24
INSERT,2026-08-24T00:00:00,2026-08-24,PT0562455,LST0562455,AG02519,LOC0003,Condo,4,3.5,2635,4842,1989,316000.0,2026-08-24,Active,,,0,561.1,1,No,No,2026-08-24,2026-08-24
INSERT,2026-08-24T00:00:00,2026-08-24,PT0562456,LST0562456,AG01619,LOC0030,Single Family,1,3.5,2606,8098,1942,1170200.0,2026-08-24,Active,,,0,0.0,1,No,Yes,2026-08-24,2026-08-24
INSERT,2026-08-24T00:00:00,2026-08-24,PT0562457,LST0562457,AG01340,LOC0215,Condo,1,3.5,1894,4739,1944,575400.0,2026-08-24,Active,,,0,259.81,1,Yes,No,2026-08-24,2026-08-24
INSERT,2026-08-24T00:00:00,2026-08-24,PT0562458,LST0562458,AG00518,LOC0017,Single Family,5,1.0,1314,4134,1968,673200.0,2026-08-24,Active,,,0,0.0,1,No,Yes,2026-08-24,2026-08-24
INSERT,2026-08-24T00:00:00,2026-08-24,PT0562459,LST0562459,AG00336,LOC0140,Condo,4,1.0,1230,5852,2009,387600.0,2026-08-24,Active,,,0,792.34,2,No,No,2026-08-24,2026-08-24
INSERT,2026-08-24T00:00:00,2026-08-24,PT0562460,LST0562460,AG02256,LOC0092,Single Family,6,1.5,1926,2347,1932,392200.0,2026-08-24,Active,,,0,0.0,0,No,No,2026-08-24,2026-08-24
INSERT,2026-08-24T00:00:00,2026-08-24,PT0562461,LST0562461,AG01386,LOC0092,Single Family,1,3.5,3184,19276,1945,546600.0,2026-08-24,Active,,,0,0.0,0,No,No,2026-08-24,2026-08-24
INSERT,2026-08-24T00:00:00,2026-08-24,PT0562462,LST0562462,AG00576,LOC0148,Single Family,5,4.5,2089,2623,1923,470400.0,2026-08-24,Active,,,0,0.0,1,No,Yes,2026-08-24,2026-08-24
INSERT,2026-08-24T00:00:00,2026-08-24,PT0562463,LST0562463,AG00519,LOC0170,Land,0,0.0,4194,1631,1926,2506500.0,2026-08-24,Active,,,0,0.0,0,No,No,2026-08-24,2026-08-24
INSERT,2026-08-24T00:00:00,2026-08-24,PT0562464,LST0562464,AG02276,LOC0241,Townhouse,4,4.0,1253,2701,1941,131500.0,2026-08-24,Active,,,0,375.44,3,No,No,2026-08-24,2026-08-24
INSERT,2026-08-24T00:00:00,2026-08-24,PT0562465,LST0562465,AG01898,LOC0039,Condo,1,3.0,1860,3754,1968,492900.0,2026-08-24,Active,,,0,702.1,2,No,No,2026-08-24,2026-08-24
INSERT,2026-08-24T00:00:00,2026-08-24,PT0562466,LST0562466,AG02162,LOC0140,Apartment,4,2.5,1422,0,2017,569700.0,2026-08-24,Active,,,0,135.85,3,No,No,2026-08-24,2026-08-24
INSERT,2026-08-24T00:00:00,2026-08-24,PT0562467,LST0562467,AG00660,LOC0091,Single Family,3,2.5,1378,3706,1951,609500.0,2026-08-24,Active,,,0,0.0,3,No,No,2026-08-24,2026-08-24
INSERT,2026-08-24T00:00:00,2026-08-24,PT0562468,LST0562468,AG01112,LOC0018,Single Family,4,1.5,1951,20539,1966,383500.0,2026-08-24,Active,,,0,0.0,0,No,Yes,2026-08-24,2026-08-24
INSERT,2026-08-24T00:00:00,2026-08-24,PT0562469,LST0562469,AG02271,LOC0022,Apartment,5,2.0,977,0,2024,455300.0,2026-08-24,Active,,,0,536.02,0,No,No,2026-08-24,2026-08-24
INSERT,2026-08-24T00:00:00,2026-08-24,PT0562470,LST0562470,AG02278,LOC0088,Condo,3,2.0,2437,5774,1930,308700.0,2026-08-24,Active,,,0,674.42,1,No,No,2026-08-24,2026-08-24
INSERT,2026-08-24T00:00:00,2026-08-24,PT0562471,LST0562471,AG00139,LOC0124,Single Family,6,1.5,2013,7392,1911,1217800.0,2026-08-24,Active,,,0,0.0,1,No,Yes,2026-08-24,2026-08-24
INSERT,2026-08-24T00:00:00,2026-08-24,PT0562472,LST0562472,AG00227,LOC0101,Condo,6,2.0,1940,8522,1904,656700.0,2026-08-24,Active,,,0,350.48,1,No,No,2026-08-24,2026-08-24
INSERT,2026-08-24T00:00:00,2026-08-24,PT0562473,LST0562473,AG02260,LOC0058,Townhouse,5,3.0,1327,1337,1998,257600.0,2026-08-24,Active,,,0,662.36,3,No,No,2026-08-24,2026-08-24
INSERT,2026-08-24T00:00:00,2026-08-24,PT0562474,LST0562474,AG00260,LOC0060,Condo,5,1.5,2199,3532,1955,628100.0,2026-08-24,Active,,,0,690.8,0,No,No,2026-08-24,2026-08-24
INSERT,2026-08-24T00:00:00,2026-08-24,PT0562475,LST0562475,AG00068,LOC0161,Townhouse,4,2.5,2385,7886,2012,947800.0,2026-08-24,Active,,,0,377.03,1,No,No,2026-08-24,2026-08-24
INSERT,2026-08-24T00:00:00,2026-08-24,PT0562476,LST0562476,AG02022,LOC0057,Apartment,1,2.5,1039,0,1966,604200.0,2026-08-24,Active,,,0,82.67,0,No,No,2026-08-24,2026-08-24
INSERT,2026-08-24T00:00:00,2026-08-24,PT0562477,LST0562477,AG01913,LOC0171,Single Family,6,3.0,3369,11476,1995,760300.0,2026-08-24,Active,,,0,0.0,0,No,Yes,2026-08-24,2026-08-24
INSERT,2026-08-24T00:00:00,2026-08-24,PT0562478,LST0562478,AG02417,LOC0034,Townhouse,4,4.0,1170,11787,1971,706700.0,2026-08-24,Active,,,0,315.84,2,No,No,2026-08-24,2026-08-24
INSERT,2026-08-24T00:00:00,2026-08-24,PT0562479,LST0562479,AG01474,LOC0007,Townhouse,1,3.0,3186,5944,1962,943800.0,2026-08-24,Active,,,0,591.85,0,Yes,No,2026-08-24,2026-08-24
INSERT,2026-08-24T00:00:00,2026-08-24,PT0562480,LST0562480,AG01637,LOC0218,Condo,6,3.5,2147,6376,1948,900000.0,2026-08-24,Active,,,0,234.47,2,No,No,2026-08-24,2026-08-24
INSERT,2026-08-24T00:00:00,2026-08-24,PT0562481,LST0562481,AG02892,LOC0241,Multi-Family,6,4.5,4109,14475,1986,582600.0,2026-08-24,Active,,,0,0.0,0,No,Yes,2026-08-24,2026-08-24
INSERT,2026-08-24T00:00:00,2026-08-24,PT0562482,LST0562482,AG02858,LOC0228,Single Family,5,1.0,2833,2631,1924,1263700.0,2026-08-24,Active,,,0,0.0,2,No,Yes,2026-08-24,2026-08-24
INSERT,2026-08-24T00:00:00,2026-08-24,PT0562483,LST0562483,AG02847,LOC0122,Multi-Family,2,1.5,3313,14090,1945,1777100.0,2026-08-24,Active,,,0,0.0,0,No,No,2026-08-24,2026-08-24
INSERT,2026-08-24T00:00:00,2026-08-24,PT0562484,LST0562484,AG00451,LOC0135,Single Family,5,4.0,1941,12089,1970,503800.0,2026-08-24,Active,,,0,0.0,3,Yes,No,2026-08-24,2026-08-24
INSERT,2026-08-24T00:00:00,2026-08-24,PT0562485,LST0562485,AG01380,LOC0203,Single Family,1,2.0,1186,3654,2019,251200.0,2026-08-24,Active,,,0,0.0,2,Yes,No,2026-08-24,2026-08-24
INSERT,2026-08-24T00:00:00,2026-08-24,PT0562486,LST0562486,AG00698,LOC0074,Single Family,2,3.0,3344,1797,1919,851300.0,2026-08-24,Active,,,0,0.0,2,No,No,2026-08-24,2026-08-24
INSERT,2026-08-24T00:00:00,2026-08-24,PT0562487,LST0562487,AG01686,LOC0140,Townhouse,1,4.0,2801,14471,1981,939200.0,2026-08-24,Active,,,0,447.54,3,No,No,2026-08-24,2026-08-24
INSERT,2026-08-24T00:00:00,2026-08-24,PT0562488,LST0562488,AG00624,LOC0115,Condo,3,2.0,2336,10470,1950,516000.0,2026-08-24,Active,,,0,794.13,3,No,No,2026-08-24,2026-08-24
INSERT,2026-08-24T00:00:00,2026-08-24,PT0562489,LST0562489,AG00753,LOC0114,Single Family,5,2.0,745,8568,1950,102100.0,2026-08-24,Active,,,0,0.0,2,No,No,2026-08-24,2026-08-24
INSERT,2026-08-24T00:00:00,2026-08-24,PT0562490,LST0562490,AG02279,LOC0036,Single Family,6,2.0,654,7701,1973,228300.0,2026-08-24,Active,,,0,0.0,0,No,No,2026-08-24,2026-08-24
INSERT,2026-08-24T00:00:00,2026-08-24,PT0562491,LST0562491,AG00877,LOC0042,Townhouse,5,1.0,1803,14045,1965,483000.0,2026-08-24,Active,,,0,254.11,3,No,No,2026-08-24,2026-08-24
INSERT,2026-08-24T00:00:00,2026-08-24,PT0562492,LST0562492,AG01372,LOC0103,Single Family,6,3.5,1369,1793,1957,375700.0,2026-08-24,Active,,,0,0.0,3,No,Yes,2026-08-24,2026-08-24
INSERT,2026-08-24T00:00:00,2026-08-24,PT0562493,LST0562493,AG02210,LOC0078,Single Family,1,3.0,2112,6646,2003,703800.0,2026-08-24,Active,,,0,0.0,0,No,Yes,2026-08-24,2026-08-24
INSERT,2026-08-24T00:00:00,2026-08-24,PT0562494,LST0562494,AG00125,LOC0117,Single Family,6,2.0,2802,1320,1993,1273500.0,2026-08-24,Active,,,0,0.0,1,No,Yes,2026-08-24,2026-08-24
INSERT,2026-08-24T00:00:00,2026-08-24,PT0562495,LST0562495,AG00047,LOC0192,Single Family,6,4.0,1990,4690,1941,492800.0,2026-08-24,Active,,,0,0.0,2,Yes,Yes,2026-08-24,2026-08-24
INSERT,2026-08-24T00:00:00,2026-08-24,PT0562496,LST0562496,AG00039,LOC0126,Townhouse,3,4.5,1626,2941,1912,730900.0,2026-08-24,Active,,,0,512.29,3,No,No,2026-08-24,2026-08-24
INSERT,2026-08-24T00:00:00,2026-08-24,PT0562497,LST0562497,AG01208,LOC0059,Single Family,6,2.0,1939,1414,1928,544100.0,2026-08-24,Active,,,0,0.0,0,No,Yes,2026-08-24,2026-08-24
INSERT,2026-08-24T00:00:00,2026-08-24,PT0562498,LST0562498,AG00242,LOC0247,Condo,2,4.5,1061,2611,1917,223900.0,2026-08-24,Active,,,0,729.83,0,No,No,2026-08-24,2026-08-24
INSERT,2026-08-24T00:00:00,2026-08-24,PT0562499,LST0562499,AG01521,LOC0244,Single Family,5,3.5,300,16112,1973,89600.0,2026-08-24,Active,,,0,0.0,3,No,No,2026-08-24,2026-08-24
INSERT,2026-08-24T00:00:00,2026-08-24,PT0562500,LST0562500,AG01036,LOC0145,Single Family,2,1.0,1248,1435,1919,485500.0,2026-08-24,Active,,,0,0.0,1,No,Yes,2026-08-24,2026-08-24
INSERT,2026-08-24T00:00:00,2026-08-24,PT0562501,LST0562501,AG00904,LOC0185,Apartment,4,2.0,817,0,2011,311600.0,2026-08-24,Active,,,0,241.68,3,No,No,2026-08-24,2026-08-24
INSERT,2026-08-24T00:00:00,2026-08-24,PT0562502,LST0562502,AG01418,LOC0120,Single Family,1,1.5,3280,1324,1940,550400.0,2026-08-24,Active,,,0,0.0,2,Yes,No,2026-08-24,2026-08-24
INSERT,2026-08-24T00:00:00,2026-08-24,PT0562503,LST0562503,AG02195,LOC0125,Single Family,2,1.5,1645,5050,1912,397200.0,2026-08-24,Active,,,0,0.0,0,No,Yes,2026-08-24,2026-08-24
INSERT,2026-08-24T00:00:00,2026-08-24,PT0562504,LST0562504,AG02648,LOC0007,Single Family,1,3.0,1605,1359,2018,754600.0,2026-08-24,Active,,,0,0.0,0,No,Yes,2026-08-24,2026-08-24
INSERT,2026-08-24T00:00:00,2026-08-24,PT0562505,LST0562505,AG01906,LOC0095,Single Family,3,2.0,856,1386,1922,524800.0,2026-08-24,Active,,,0,0.0,1,No,No,2026-08-24,2026-08-24
INSERT,2026-08-24T00:00:00,2026-08-24,PT0562506,LST0562506,AG01469,LOC0172,Condo,6,4.5,2199,1923,1945,690300.0,2026-08-24,Active,,,0,636.49,3,No,No,2026-08-24,2026-08-24
INSERT,2026-08-24T00:00:00,2026-08-24,PT0562507,LST0562507,AG02969,LOC0213,Single Family,4,3.0,1899,11103,1903,362800.0,2026-08-24,Active,,,0,0.0,2,No,No,2026-08-24,2026-08-24
INSERT,2026-08-24T00:00:00,2026-08-24,PT0562508,LST0562508,AG01504,LOC0029,Single Family,4,4.5,930,9628,1944,387400.0,2026-08-24,Active,,,0,0.0,2,No,No,2026-08-24,2026-08-24
INSERT,2026-08-24T00:00:00,2026-08-24,PT0562509,LST0562509,AG01461,LOC0124,Condo,6,1.0,2069,1734,1939,1136900.0,2026-08-24,Active,,,0,142.16,3,No,No,2026-08-24,2026-08-24
INSERT,2026-08-24T00:00:00,2026-08-24,PT0562510,LST0562510,AG02829,LOC0048,Multi-Family,6,4.0,2518,2104,1984,921300.0,2026-08-24,Active,,,0,0.0,2,No,No,2026-08-24,2026-08-24
INSERT,2026-08-24T00:00:00,2026-08-24,PT0562511,LST0562511,AG00443,LOC0068,Single Family,6,3.5,1171,17020,1974,548800.0,2026-08-24,Active,,,0,0.0,0,No,Yes,2026-08-24,2026-08-24
INSERT,2026-08-24T00:00:00,2026-08-24,PT0562512,LST0562512,AG01145,LOC0097,Single Family,2,1.5,1452,6151,1973,394300.0,2026-08-24,Active,,,0,0.0,0,Yes,Yes,2026-08-24,2026-08-24
INSERT,2026-08-24T00:00:00,2026-08-24,PT0562513,LST0562513,AG00714,LOC0223,Single Family,5,2.5,1749,8031,1964,681000.0,2026-08-24,Active,,,0,0.0,2,No,Yes,2026-08-24,2026-08-24
INSERT,2026-08-24T00:00:00,2026-08-24,PT0562514,LST0562514,AG00817,LOC0236,Single Family,5,4.0,1553,1548,1904,149200.0,2026-08-24,Active,,,0,0.0,1,No,Yes,2026-08-24,2026-08-24
INSERT,2026-08-24T00:00:00,2026-08-24,PT0562515,LST0562515,AG02459,LOC0061,Multi-Family,1,4.0,3973,6713,1901,499500.0,2026-08-24,Active,,,0,0.0,1,Yes,No,2026-08-24,2026-08-24
INSERT,2026-08-24T00:00:00,2026-08-24,PT0562516,LST0562516,AG00213,LOC0117,Condo,2,3.0,2168,3369,1930,1465900.0,2026-08-24,Active,,,0,209.41,0,No,No,2026-08-24,2026-08-24
INSERT,2026-08-24T00:00:00,2026-08-24,PT0562517,LST0562517,AG00534,LOC0045,Single Family,5,4.5,2008,3721,1921,757000.0,2026-08-24,Active,,,0,0.0,1,No,Yes,2026-08-24,2026-08-24
INSERT,2026-08-24T00:00:00,2026-08-24,PT0562518,LST0562518,AG01545,LOC0200,Condo,4,2.0,2252,2785,1960,483000.0,2026-08-24,Active,,,0,450.06,2,No,No,2026-08-24,2026-08-24
INSERT,2026-08-24T00:00:00,2026-08-24,PT0562519,LST0562519,AG00512,LOC0157,Single Family,4,2.5,1209,4767,2025,239600.0,2026-08-24,Active,,,0,0.0,3,No,No,2026-08-24,2026-08-24
INSERT,2026-08-24T00:00:00,2026-08-24,PT0562520,LST0562520,AG01720,LOC0010,Single Family,5,1.5,2791,5830,2025,1064500.0,2026-08-24,Active,,,0,0.0,0,No,Yes,2026-08-24,2026-08-24
INSERT,2026-08-24T00:00:00,2026-08-24,PT0562521,LST0562521,AG00574,LOC0232,Condo,3,4.0,1676,1990,1987,355300.0,2026-08-24,Active,,,0,236.81,3,No,No,2026-08-24,2026-08-24
INSERT,2026-08-24T00:00:00,2026-08-24,PT0562522,LST0562522,AG00190,LOC0190,Townhouse,1,3.5,1350,12524,1967,399800.0,2026-08-24,Active,,,0,724.37,3,No,No,2026-08-24,2026-08-24
INSERT,2026-08-24T00:00:00,2026-08-24,PT0562523,LST0562523,AG02862,LOC0206,Single Family,5,2.0,2383,1886,1949,745300.0,2026-08-24,Active,,,0,0.0,0,No,No,2026-08-24,2026-08-24
INSERT,2026-08-24T00:00:00,2026-08-24,PT0562524,LST0562524,AG02845,LOC0164,Single Family,3,2.0,1660,3244,2000,308800.0,2026-08-24,Active,,,0,0.0,0,No,Yes,2026-08-24,2026-08-24
INSERT,2026-08-24T00:00:00,2026-08-24,PT0562525,LST0562525,AG01209,LOC0182,Multi-Family,5,2.0,2279,14098,1991,608900.0,2026-08-24,Active,,,0,0.0,3,No,No,2026-08-24,2026-08-24
INSERT,2026-08-24T00:00:00,2026-08-24,PT0562526,LST0562526,AG01327,LOC0069,Condo,5,4.5,2105,3615,1935,749100.0,2026-08-24,Active,,,0,757.72,2,Yes,No,2026-08-24,2026-08-24
INSERT,2026-08-24T00:00:00,2026-08-24,PT0562527,LST0562527,AG02024,LOC0139,Condo,1,4.5,1274,1870,1933,561700.0,2026-08-24,Active,,,0,650.71,1,No,No,2026-08-24,2026-08-24
INSERT,2026-08-24T00:00:00,2026-08-24,PT0562528,LST0562528,AG01558,LOC0050,Land,0,0.0,5808,5186,1920,2088500.0,2026-08-24,Active,,,0,0.0,0,No,No,2026-08-24,2026-08-24
INSERT,2026-08-24T00:00:00,2026-08-24,PT0562529,LST0562529,AG00413,LOC0108,Apartment,2,1.5,1133,0,1989,121200.0,2026-08-24,Active,,,0,552.36,3,No,No,2026-08-24,2026-08-24
INSERT,2026-08-24T00:00:00,2026-08-24,PT0562530,LST0562530,AG00061,LOC0195,Single Family,3,2.5,1757,4534,2002,518000.0,2026-08-24,Active,,,0,0.0,0,No,No,2026-08-24,2026-08-24
INSERT,2026-08-24T00:00:00,2026-08-24,PT0562531,LST0562531,AG00062,LOC0211,Single Family,6,1.0,1758,6507,1937,819300.0,2026-08-24,Active,,,0,0.0,2,No,No,2026-08-24,2026-08-24
INSERT,2026-08-24T00:00:00,2026-08-24,PT0562532,LST0562532,AG01354,LOC0023,Single Family,4,2.5,910,3456,1963,229400.0,2026-08-24,Active,,,0,0.0,1,No,No,2026-08-24,2026-08-24
INSERT,2026-08-24T00:00:00,2026-08-24,PT0562533,LST0562533,AG00008,LOC0083,Single Family,4,4.0,1159,1384,2024,556700.0,2026-08-24,Active,,,0,0.0,2,No,Yes,2026-08-24,2026-08-24
INSERT,2026-08-24T00:00:00,2026-08-24,PT0562534,LST0562534,AG02724,LOC0250,Land,0,0.0,4694,1920,1990,2152600.0,2026-08-24,Active,,,0,0.0,0,No,No,2026-08-24,2026-08-24
INSERT,2026-08-24T00:00:00,2026-08-24,PT0562535,LST0562535,AG02740,LOC0193,Townhouse,2,2.5,636,1903,1954,303400.0,2026-08-24,Active,,,0,496.43,1,No,No,2026-08-24,2026-08-24
INSERT,2026-08-24T00:00:00,2026-08-24,PT0562536,LST0562536,AG01448,LOC0093,Condo,1,2.0,1918,6023,2004,227600.0,2026-08-24,Active,,,0,342.41,1,No,No,2026-08-24,2026-08-24
INSERT,2026-08-24T00:00:00,2026-08-24,PT0562537,LST0562537,AG02359,LOC0003,Single Family,2,4.5,1508,1695,1991,299900.0,2026-08-24,Active,,,0,0.0,2,No,No,2026-08-24,2026-08-24
INSERT,2026-08-24T00:00:00,2026-08-24,PT0562538,LST0562538,AG01199,LOC0006,Condo,4,3.0,2187,2564,1972,258200.0,2026-08-24,Active,,,0,519.32,2,No,No,2026-08-24,2026-08-24
INSERT,2026-08-24T00:00:00,2026-08-24,PT0562539,LST0562539,AG01481,LOC0173,Condo,1,3.5,1546,5457,1973,664000.0,2026-08-24,Active,,,0,390.79,0,No,No,2026-08-24,2026-08-24
INSERT,2026-08-24T00:00:00,2026-08-24,PT0562540,LST0562540,AG01975,LOC0147,Single Family,6,4.5,2001,4213,1932,435700.0,2026-08-24,Active,,,0,0.0,2,No,No,2026-08-24,2026-08-24
INSERT,2026-08-24T00:00:00,2026-08-24,PT0562541,LST0562541,AG00742,LOC0075,Single Family,5,2.5,2210,5146,1913,101700.0,2026-08-24,Active,,,0,0.0,0,Yes,Yes,2026-08-24,2026-08-24
INSERT,2026-08-24T00:00:00,2026-08-24,PT0562542,LST0562542,AG00901,LOC0087,Single Family,6,4.0,1889,7363,1987,550600.0,2026-08-24,Active,,,0,0.0,3,No,No,2026-08-24,2026-08-24
INSERT,2026-08-24T00:00:00,2026-08-24,PT0562543,LST0562543,AG02956,LOC0073,Land,0,0.0,4382,6295,2013,1618000.0,2026-08-24,Active,,,0,0.0,0,No,No,2026-08-24,2026-08-24
INSERT,2026-08-24T00:00:00,2026-08-24,PT0562544,LST0562544,AG00513,LOC0163,Condo,1,3.0,2241,8124,1985,778000.0,2026-08-24,Active,,,0,99.23,0,No,No,2026-08-24,2026-08-24
INSERT,2026-08-24T00:00:00,2026-08-24,PT0562545,LST0562545,AG02988,LOC0086,Single Family,5,4.0,1939,1796,1961,108100.0,2026-08-24,Active,,,0,0.0,2,No,No,2026-08-24,2026-08-24
INSERT,2026-08-24T00:00:00,2026-08-24,PT0562546,LST0562546,AG02776,LOC0018,Land,0,0.0,8921,3005,2012,2258300.0,2026-08-24,Active,,,0,0.0,0,No,No,2026-08-24,2026-08-24
INSERT,2026-08-24T00:00:00,2026-08-24,PT0562547,LST0562547,AG00490,LOC0188,Single Family,5,2.5,2176,5739,2002,562700.0,2026-08-24,Active,,,0,0.0,1,No,No,2026-08-24,2026-08-24
INSERT,2026-08-24T00:00:00,2026-08-24,PT0562548,LST0562548,AG01100,LOC0151,Single Family,4,3.0,1614,15772,1994,380900.0,2026-08-24,Active,,,0,0.0,1,No,Yes,2026-08-24,2026-08-24
INSERT,2026-08-24T00:00:00,2026-08-24,PT0562549,LST0562549,AG01897,LOC0167,Single Family,1,1.5,1679,5950,1985,361800.0,2026-08-24,Active,,,0,0.0,1,No,Yes,2026-08-24,2026-08-24
INSERT,2026-08-24T00:00:00,2026-08-24,PT0562550,LST0562550,AG00574,LOC0123,Single Family,5,4.5,2239,1963,2020,816700.0,2026-08-24,Active,,,0,0.0,0,No,Yes,2026-08-24,2026-08-24
INSERT,2026-08-24T00:00:00,2026-08-24,PT0562551,LST0562551,AG01598,LOC0102,Single Family,3,4.0,1078,2121,1900,167100.0,2026-08-24,Active,,,0,0.0,1,Yes,Yes,2026-08-24,2026-08-24
INSERT,2026-08-24T00:00:00,2026-08-24,PT0562552,LST0562552,AG00237,LOC0130,Single Family,1,4.0,1671,14038,1914,340500.0,2026-08-24,Active,,,0,0.0,1,No,Yes,2026-08-24,2026-08-24
INSERT,2026-08-24T00:00:00,2026-08-24,PT0562553,LST0562553,AG01998,LOC0180,Single Family,4,2.0,1780,1839,1905,400400.0,2026-08-24,Active,,,0,0.0,1,No,No,2026-08-24,2026-08-24
INSERT,2026-08-24T00:00:00,2026-08-24,PT0562554,LST0562554,AG00566,LOC0006,Condo,2,1.0,2497,2501,1972,393300.0,2026-08-24,Active,,,0,391.46,0,No,No,2026-08-24,2026-08-24
INSERT,2026-08-24T00:00:00,2026-08-24,PT0562555,LST0562555,AG02543,LOC0071,Single Family,5,2.0,2806,6355,1982,1668300.0,2026-08-24,Active,,,0,0.0,2,No,No,2026-08-24,2026-08-24
INSERT,2026-08-24T00:00:00,2026-08-24,PT0562556,LST0562556,AG02647,LOC0192,Single Family,2,3.0,1728,6376,1901,485300.0,2026-08-24,Active,,,0,0.0,0,No,Yes,2026-08-24,2026-08-24
INSERT,2026-08-24T00:00:00,2026-08-24,PT0562557,LST0562557,AG02116,LOC0229,Multi-Family,6,1.5,2317,1875,1996,405300.0,2026-08-24,Active,,,0,0.0,3,No,No,2026-08-24,2026-08-24
INSERT,2026-08-24T00:00:00,2026-08-24,PT0562558,LST0562558,AG02624,LOC0108,Single Family,3,2.5,2331,1194,1943,537100.0,2026-08-24,Active,,,0,0.0,2,No,No,2026-08-24,2026-08-24
INSERT,2026-08-24T00:00:00,2026-08-24,PT0562559,LST0562559,AG02243,LOC0112,Single Family,1,2.5,1374,2032,1996,192800.0,2026-08-24,Active,,,0,0.0,0,Yes,Yes,2026-08-24,2026-08-24
INSERT,2026-08-24T00:00:00,2026-08-24,PT0562560,LST0562560,AG02827,LOC0030,Condo,4,2.0,1746,7924,1973,350200.0,2026-08-24,Active,,,0,412.23,1,No,No,2026-08-24,2026-08-24
INSERT,2026-08-24T00:00:00,2026-08-24,PT0562561,LST0562561,AG02632,LOC0128,Townhouse,6,1.0,1858,1580,1975,359600.0,2026-08-24,Active,,,0,214.17,1,No,No,2026-08-24,2026-08-24
INSERT,2026-08-24T00:00:00,2026-08-24,PT0562562,LST0562562,AG01955,LOC0053,Land,0,0.0,7553,5977,1952,3304200.0,2026-08-24,Active,,,0,0.0,0,No,No,2026-08-24,2026-08-24
INSERT,2026-08-24T00:00:00,2026-08-24,PT0562563,LST0562563,AG00871,LOC0154,Single Family,6,4.0,2159,2018,1976,483800.0,2026-08-24,Active,,,0,0.0,0,No,No,2026-08-24,2026-08-24
INSERT,2026-08-24T00:00:00,2026-08-24,PT0562564,LST0562564,AG01049,LOC0088,Condo,6,4.0,1811,19496,1988,191600.0,2026-08-24,Active,,,0,159.08,2,No,No,2026-08-24,2026-08-24
INSERT,2026-08-24T00:00:00,2026-08-24,PT0562565,LST0562565,AG00761,LOC0060,Single Family,2,4.0,2238,6737,1979,757400.0,2026-08-24,Active,,,0,0.0,0,No,Yes,2026-08-24,2026-08-24
INSERT,2026-08-24T00:00:00,2026-08-24,PT0562566,LST0562566,AG00662,LOC0242,Single Family,5,1.0,2073,6202,1982,269900.0,2026-08-24,Active,,,0,0.0,3,No,Yes,2026-08-24,2026-08-24
INSERT,2026-08-24T00:00:00,2026-08-24,PT0562567,LST0562567,AG00187,LOC0102,Condo,1,4.0,1737,5479,2013,426000.0,2026-08-24,Active,,,0,164.62,3,No,No,2026-08-24,2026-08-24
INSERT,2026-08-24T00:00:00,2026-08-24,PT0562568,LST0562568,AG00877,LOC0146,Single Family,6,2.5,1225,3198,1977,190900.0,2026-08-24,Active,,,0,0.0,2,No,No,2026-08-24,2026-08-24
INSERT,2026-08-24T00:00:00,2026-08-24,PT0562569,LST0562569,AG02235,LOC0155,Townhouse,4,4.0,2134,7505,1933,279200.0,2026-08-24,Active,,,0,398.5,1,No,No,2026-08-24,2026-08-24
INSERT,2026-08-24T00:00:00,2026-08-24,PT0562570,LST0562570,AG01958,LOC0222,Condo,1,4.0,2443,1306,1949,412400.0,2026-08-24,Active,,,0,397.3,3,No,No,2026-08-24,2026-08-24
INSERT,2026-08-24T00:00:00,2026-08-24,PT0562571,LST0562571,AG02900,LOC0124,Single Family,2,3.5,2196,4739,2017,805100.0,2026-08-24,Active,,,0,0.0,0,No,No,2026-08-24,2026-08-24
INSERT,2026-08-24T00:00:00,2026-08-24,PT0562572,LST0562572,AG01060,LOC0160,Single Family,6,2.0,2189,4427,1983,676200.0,2026-08-24,Active,,,0,0.0,2,No,No,2026-08-24,2026-08-24
INSERT,2026-08-24T00:00:00,2026-08-24,PT0562573,LST0562573,AG00693,LOC0238,Apartment,4,1.5,1290,0,2017,599500.0,2026-08-24,Active,,,0,398.35,1,Yes,No,2026-08-24,2026-08-24
INSERT,2026-08-24T00:00:00,2026-08-24,PT0562574,LST0562574,AG01283,LOC0137,Single Family,4,2.0,1395,3131,1994,522600.0,2026-08-24,Active,,,0,0.0,2,No,Yes,2026-08-24,2026-08-24
INSERT,2026-08-24T00:00:00,2026-08-24,PT0562575,LST0562575,AG02831,LOC0135,Multi-Family,1,2.0,3837,3021,1940,1349600.0,2026-08-24,Active,,,0,0.0,0,Yes,Yes,2026-08-24,2026-08-24
INSERT,2026-08-24T00:00:00,2026-08-24,PT0562576,LST0562576,AG01893,LOC0019,Land,0,0.0,6704,4143,2014,1614400.0,2026-08-24,Active,,,0,0.0,0,No,No,2026-08-24,2026-08-24
INSERT,2026-08-24T00:00:00,2026-08-24,PT0562577,LST0562577,AG01696,LOC0166,Townhouse,1,3.0,3056,16585,1961,1397700.0,2026-08-24,Active,,,0,770.97,3,No,No,2026-08-24,2026-08-24
INSERT,2026-08-24T00:00:00,2026-08-24,PT0562578,LST0562578,AG01012,LOC0199,Land,0,0.0,900,2376,1926,379800.0,2026-08-24,Active,,,0,0.0,0,No,No,2026-08-24,2026-08-24
INSERT,2026-08-24T00:00:00,2026-08-24,PT0562579,LST0562579,AG00119,LOC0031,Condo,4,4.0,1059,1710,1993,410600.0,2026-08-24,Active,,,0,384.1,3,No,No,2026-08-24,2026-08-24
INSERT,2026-08-24T00:00:00,2026-08-24,PT0562580,LST0562580,AG01672,LOC0076,Single Family,2,4.0,3005,6750,2015,224100.0,2026-08-24,Active,,,0,0.0,3,No,Yes,2026-08-24,2026-08-24
INSERT,2026-08-24T00:00:00,2026-08-24,PT0562581,LST0562581,AG02543,LOC0219,Townhouse,1,2.0,1734,3418,1950,929900.0,2026-08-24,Active,,,0,580.04,2,No,No,2026-08-24,2026-08-24
INSERT,2026-08-24T00:00:00,2026-08-24,PT0562582,LST0562582,AG01319,LOC0039,Single Family,2,2.0,1614,13737,2020,501100.0,2026-08-24,Active,,,0,0.0,2,Yes,No,2026-08-24,2026-08-24
INSERT,2026-08-24T00:00:00,2026-08-24,PT0562583,LST0562583,AG01994,LOC0089,Condo,1,3.0,1396,1205,2023,514100.0,2026-08-24,Active,,,0,436.05,0,No,No,2026-08-24,2026-08-24
INSERT,2026-08-24T00:00:00,2026-08-24,PT0562584,LST0562584,AG00118,LOC0109,Single Family,1,4.5,2250,4880,1982,736100.0,2026-08-24,Active,,,0,0.0,1,No,No,2026-08-24,2026-08-24
INSERT,2026-08-24T00:00:00,2026-08-24,PT0562585,LST0562585,AG02917,LOC0250,Townhouse,6,1.5,2154,3546,1945,502800.0,2026-08-24,Active,,,0,355.72,1,No,No,2026-08-24,2026-08-24
INSERT,2026-08-24T00:00:00,2026-08-24,PT0562586,LST0562586,AG01494,LOC0227,Single Family,4,4.0,1679,1483,1938,514300.0,2026-08-24,Active,,,0,0.0,3,No,No,2026-08-24,2026-08-24
INSERT,2026-08-24T00:00:00,2026-08-24,PT0562587,LST0562587,AG00975,LOC0073,Townhouse,3,2.5,1288,1192,1929,630700.0,2026-08-24,Active,,,0,392.1,0,Yes,No,2026-08-24,2026-08-24
INSERT,2026-08-24T00:00:00,2026-08-24,PT0562588,LST0562588,AG00584,LOC0048,Townhouse,2,2.0,2905,8712,1900,2080200.0,2026-08-24,Active,,,0,737.52,3,No,No,2026-08-24,2026-08-24
INSERT,2026-08-24T00:00:00,2026-08-24,PT0562589,LST0562589,AG02953,LOC0110,Townhouse,4,3.5,2872,7320,1960,463700.0,2026-08-24,Active,,,0,217.45,3,Yes,No,2026-08-24,2026-08-24
INSERT,2026-08-24T00:00:00,2026-08-24,PT0562590,LST0562590,AG02028,LOC0243,Single Family,1,4.0,1743,5256,1972,1156100.0,2026-08-24,Active,,,0,0.0,1,No,No,2026-08-24,2026-08-24
INSERT,2026-08-24T00:00:00,2026-08-24,PT0562591,LST0562591,AG00145,LOC0084,Single Family,3,4.5,902,5192,1989,529300.0,2026-08-24,Active,,,0,0.0,3,No,Yes,2026-08-24,2026-08-24
INSERT,2026-08-24T00:00:00,2026-08-24,PT0562592,LST0562592,AG01821,LOC0117,Single Family,6,1.5,3287,11613,1950,968700.0,2026-08-24,Active,,,0,0.0,1,No,Yes,2026-08-24,2026-08-24
INSERT,2026-08-24T00:00:00,2026-08-24,PT0562593,LST0562593,AG02453,LOC0172,Multi-Family,1,3.0,3614,15832,1943,878800.0,2026-08-24,Active,,,0,0.0,3,No,No,2026-08-24,2026-08-24
INSERT,2026-08-24T00:00:00,2026-08-24,PT0562594,LST0562594,AG02229,LOC0076,Single Family,3,2.5,2811,5224,1963,278000.0,2026-08-24,Active,,,0,0.0,1,No,Yes,2026-08-24,2026-08-24
INSERT,2026-08-24T00:00:00,2026-08-24,PT0562595,LST0562595,AG00259,LOC0005,Townhouse,4,1.5,1033,1251,1967,282400.0,2026-08-24,Active,,,0,694.78,1,No,No,2026-08-24,2026-08-24
INSERT,2026-08-24T00:00:00,2026-08-24,PT0562596,LST0562596,AG01127,LOC0009,Multi-Family,5,4.5,2440,10112,1904,502500.0,2026-08-24,Active,,,0,0.0,0,No,Yes,2026-08-24,2026-08-24
INSERT,2026-08-24T00:00:00,2026-08-24,PT0562597,LST0562597,AG02293,LOC0074,Single Family,4,4.5,2966,8264,1929,1222600.0,2026-08-24,Active,,,0,0.0,1,No,No,2026-08-24,2026-08-24
INSERT,2026-08-24T00:00:00,2026-08-24,PT0562598,LST0562598,AG00437,LOC0214,Land,0,0.0,5976,6604,1975,1518700.0,2026-08-24,Active,,,0,0.0,0,No,No,2026-08-24,2026-08-24
INSERT,2026-08-24T00:00:00,2026-08-24,PT0562599,LST0562599,AG00923,LOC0039,Single Family,1,1.0,2064,2070,1921,463400.0,2026-08-24,Active,,,0,0.0,2,No,Yes,2026-08-24,2026-08-24
INSERT,2026-08-24T00:00:00,2026-08-24,PT0562600,LST0562600,AG01877,LOC0011,Single Family,1,1.5,1818,4529,1958,848400.0,2026-08-24,Active,,,0,0.0,3,No,No,2026-08-24,2026-08-24
INSERT,2026-08-24T00:00:00,2026-08-24,PT0562601,LST0562601,AG02308,LOC0133,Townhouse,1,2.5,1383,2617,1946,277100.0,2026-08-24,Active,,,0,261.26,3,No,No,2026-08-24,2026-08-24
INSERT,2026-08-24T00:00:00,2026-08-24,PT0562602,LST0562602,AG01630,LOC0245,Apartment,1,4.5,988,0,1958,60600.0,2026-08-24,Active,,,0,641.99,0,No,No,2026-08-24,2026-08-24
INSERT,2026-08-24T00:00:00,2026-08-24,PT0562603,LST0562603,AG02240,LOC0213,Apartment,4,2.5,1330,0,1942,344500.0,2026-08-24,Active,,,0,144.07,2,No,No,2026-08-24,2026-08-24
INSERT,2026-08-24T00:00:00,2026-08-24,PT0562604,LST0562604,AG01514,LOC0049,Single Family,6,2.0,2098,13760,2025,610400.0,2026-08-24,Active,,,0,0.0,3,Yes,No,2026-08-24,2026-08-24
INSERT,2026-08-24T00:00:00,2026-08-24,PT0562605,LST0562605,AG02883,LOC0093,Land,0,0.0,5199,2006,2020,1649500.0,2026-08-24,Active,,,0,0.0,0,No,No,2026-08-24,2026-08-24
INSERT,2026-08-24T00:00:00,2026-08-24,PT0562606,LST0562606,AG00909,LOC0020,Single Family,5,1.5,1328,4988,2007,433100.0,2026-08-24,Active,,,0,0.0,3,No,No,2026-08-24,2026-08-24
INSERT,2026-08-24T00:00:00,2026-08-24,PT0562607,LST0562607,AG02783,LOC0249,Multi-Family,3,1.0,4041,6902,1951,2191900.0,2026-08-24,Active,,,0,0.0,3,No,Yes,2026-08-24,2026-08-24
INSERT,2026-08-24T00:00:00,2026-08-24,PT0562608,LST0562608,AG00760,LOC0039,Single Family,5,4.0,1931,1468,2013,551100.0,2026-08-24,Active,,,0,0.0,2,Yes,No,2026-08-24,2026-08-24
INSERT,2026-08-24T00:00:00,2026-08-24,PT0562609,LST0562609,AG00018,LOC0190,Single Family,5,4.5,1952,5978,1984,642400.0,2026-08-24,Active,,,0,0.0,3,Yes,No,2026-08-24,2026-08-24
INSERT,2026-08-24T00:00:00,2026-08-24,PT0562610,LST0562610,AG01560,LOC0097,Single Family,1,4.5,2374,7629,2009,713300.0,2026-08-24,Active,,,0,0.0,1,No,Yes,2026-08-24,2026-08-24
INSERT,2026-08-24T00:00:00,2026-08-24,PT0562611,LST0562611,AG01610,LOC0108,Condo,3,3.0,2156,15616,2022,604400.0,2026-08-24,Active,,,0,718.1,0,No,No,2026-08-24,2026-08-24
INSERT,2026-08-24T00:00:00,2026-08-24,PT0562612,LST0562612,AG01028,LOC0250,Single Family,4,1.5,300,2925,1922,80300.0,2026-08-24,Active,,,0,0.0,0,Yes,Yes,2026-08-24,2026-08-24
INSERT,2026-08-24T00:00:00,2026-08-24,PT0562613,LST0562613,AG00280,LOC0192,Single Family,6,2.0,1078,3755,1920,347200.0,2026-08-24,Active,,,0,0.0,1,No,Yes,2026-08-24,2026-08-24
INSERT,2026-08-24T00:00:00,2026-08-24,PT0562614,LST0562614,AG02488,LOC0033,Multi-Family,3,1.5,4453,2359,2017,2506600.0,2026-08-24,Active,,,0,0.0,0,Yes,No,2026-08-24,2026-08-24
INSERT,2026-08-24T00:00:00,2026-08-24,PT0562615,LST0562615,AG00835,LOC0094,Single Family,1,3.5,1973,20430,1966,275000.0,2026-08-24,Active,,,0,0.0,3,No,Yes,2026-08-24,2026-08-24
INSERT,2026-08-24T00:00:00,2026-08-24,PT0562616,LST0562616,AG01544,LOC0195,Single Family,5,1.5,771,3963,2007,191800.0,2026-08-24,Active,,,0,0.0,0,No,Yes,2026-08-24,2026-08-24
INSERT,2026-08-24T00:00:00,2026-08-24,PT0562617,LST0562617,AG02637,LOC0178,Townhouse,2,1.0,2406,1093,1954,510900.0,2026-08-24,Active,,,0,698.17,1,No,No,2026-08-24,2026-08-24
INSERT,2026-08-24T00:00:00,2026-08-24,PT0562618,LST0562618,AG02607,LOC0012,Single Family,3,2.0,2673,1468,2020,1043800.0,2026-08-24,Active,,,0,0.0,1,Yes,Yes,2026-08-24,2026-08-24
INSERT,2026-08-24T00:00:00,2026-08-24,PT0562619,LST0562619,AG00289,LOC0145,Single Family,4,4.5,1128,5250,1901,381100.0,2026-08-24,Active,,,0,0.0,0,No,No,2026-08-24,2026-08-24
INSERT,2026-08-24T00:00:00,2026-08-24,PT0562620,LST0562620,AG02127,LOC0192,Condo,1,2.0,1983,1187,1987,783000.0,2026-08-24,Active,,,0,157.02,1,No,No,2026-08-24,2026-08-24
INSERT,2026-08-24T00:00:00,2026-08-24,PT0562621,LST0562621,AG01972,LOC0067,Condo,5,4.5,2648,11073,2012,492900.0,2026-08-24,Active,,,0,593.28,3,No,No,2026-08-24,2026-08-24
INSERT,2026-08-24T00:00:00,2026-08-24,PT0562622,LST0562622,AG01309,LOC0228,Single Family,3,4.0,2074,2748,1979,1135800.0,2026-08-24,Active,,,0,0.0,2,No,No,2026-08-24,2026-08-24
INSERT,2026-08-24T00:00:00,2026-08-24,PT0562623,LST0562623,AG01136,LOC0205,Single Family,6,4.5,1410,13654,1974,419800.0,2026-08-24,Active,,,0,0.0,0,Yes,No,2026-08-24,2026-08-24
INSERT,2026-08-24T00:00:00,2026-08-24,PT0562624,LST0562624,AG02956,LOC0244,Condo,3,4.5,1518,8951,1908,376200.0,2026-08-24,Active,,,0,511.39,2,No,No,2026-08-24,2026-08-24
INSERT,2026-08-24T00:00:00,2026-08-24,PT0562625,LST0562625,AG01614,LOC0204,Land,0,0.0,6557,4458,1982,2573900.0,2026-08-24,Active,,,0,0.0,0,No,No,2026-08-24,2026-08-24
INSERT,2026-08-24T00:00:00,2026-08-24,PT0562626,LST0562626,AG00307,LOC0032,Multi-Family,5,4.5,4903,4972,1934,787200.0,2026-08-24,Active,,,0,0.0,3,No,No,2026-08-24,2026-08-24
INSERT,2026-08-24T00:00:00,2026-08-24,PT0562627,LST0562627,AG02618,LOC0168,Multi-Family,4,1.0,3258,7883,1998,991400.0,2026-08-24,Active,,,0,0.0,1,No,Yes,2026-08-24,2026-08-24
INSERT,2026-08-24T00:00:00,2026-08-24,PT0562628,LST0562628,AG01459,LOC0146,Multi-Family,5,1.0,3594,2774,1946,286500.0,2026-08-24,Active,,,0,0.0,0,No,Yes,2026-08-24,2026-08-24
INSERT,2026-08-24T00:00:00,2026-08-24,PT0562629,LST0562629,AG02683,LOC0037,Townhouse,1,2.5,2167,2179,1925,1003100.0,2026-08-24,Active,,,0,705.88,2,No,No,2026-08-24,2026-08-24
INSERT,2026-08-24T00:00:00,2026-08-24,PT0562630,LST0562630,AG02808,LOC0097,Townhouse,4,3.5,2380,2423,2023,639100.0,2026-08-24,Active,,,0,99.08,3,No,No,2026-08-24,2026-08-24
INSERT,2026-08-24T00:00:00,2026-08-24,PT0562631,LST0562631,AG02245,LOC0181,Single Family,1,4.0,2568,7669,1966,344300.0,2026-08-24,Active,,,0,0.0,0,Yes,Yes,2026-08-24,2026-08-24
INSERT,2026-08-24T00:00:00,2026-08-24,PT0562632,LST0562632,AG02738,LOC0192,Apartment,3,4.0,1568,0,1954,771500.0,2026-08-24,Active,,,0,104.69,3,No,No,2026-08-24,2026-08-24
INSERT,2026-08-24T00:00:00,2026-08-24,PT0562633,LST0562633,AG02594,LOC0086,Multi-Family,4,2.5,540,2151,2007,82500.0,2026-08-24,Active,,,0,0.0,3,No,Yes,2026-08-24,2026-08-24
INSERT,2026-08-24T00:00:00,2026-08-24,PT0562634,LST0562634,AG00081,LOC0014,Condo,6,2.5,2198,9187,1938,445300.0,2026-08-24,Active,,,0,223.69,2,No,No,2026-08-24,2026-08-24
INSERT,2026-08-24T00:00:00,2026-08-24,PT0562635,LST0562635,AG02407,LOC0177,Single Family,2,1.0,1584,5687,1919,567800.0,2026-08-24,Active,,,0,0.0,0,No,Yes,2026-08-24,2026-08-24
INSERT,2026-08-24T00:00:00,2026-08-24,PT0562636,LST0562636,AG01885,LOC0120,Apartment,6,2.5,1409,0,1915,423800.0,2026-08-24,Active,,,0,161.33,3,No,No,2026-08-24,2026-08-24
INSERT,2026-08-24T00:00:00,2026-08-24,PT0562637,LST0562637,AG01940,LOC0161,Single Family,1,4.0,2418,8072,1984,623600.0,2026-08-24,Active,,,0,0.0,1,No,No,2026-08-24,2026-08-24
INSERT,2026-08-24T00:00:00,2026-08-24,PT0562638,LST0562638,AG00442,LOC0187,Townhouse,5,1.0,2755,5958,1997,867900.0,2026-08-24,Active,,,0,86.62,1,No,No,2026-08-24,2026-08-24
INSERT,2026-08-24T00:00:00,2026-08-24,PT0562639,LST0562639,AG01204,LOC0161,Single Family,5,4.5,2424,7171,2005,947500.0,2026-08-24,Active,,,0,0.0,1,No,No,2026-08-24,2026-08-24
INSERT,2026-08-24T00:00:00,2026-08-24,PT0562640,LST0562640,AG02455,LOC0049,Single Family,2,1.0,1818,5769,1971,723600.0,2026-08-24,Active,,,0,0.0,0,Yes,Yes,2026-08-24,2026-08-24
INSERT,2026-08-24T00:00:00,2026-08-24,PT0562641,LST0562641,AG02984,LOC0066,Land,0,0.0,3017,2520,1911,659500.0,2026-08-24,Active,,,0,0.0,0,No,No,2026-08-24,2026-08-24
INSERT,2026-08-24T00:00:00,2026-08-24,PT0562642,LST0562642,AG00632,LOC0194,Multi-Family,3,4.0,1661,1907,1994,409300.0,2026-08-24,Active,,,0,0.0,3,No,Yes,2026-08-24,2026-08-24
INSERT,2026-08-24T00:00:00,2026-08-24,PT0562643,LST0562643,AG01785,LOC0185,Single Family,3,4.0,1124,18872,1982,429200.0,2026-08-24,Active,,,0,0.0,1,No,Yes,2026-08-24,2026-08-24
INSERT,2026-08-24T00:00:00,2026-08-24,PT0562644,LST0562644,AG02092,LOC0224,Single Family,4,4.0,1885,2043,1900,858200.0,2026-08-24,Active,,,0,0.0,3,Yes,No,2026-08-24,2026-08-24
INSERT,2026-08-24T00:00:00,2026-08-24,PT0562645,LST0562645,AG00954,LOC0011,Single Family,1,3.0,3050,9221,1932,1707700.0,2026-08-24,Active,,,0,0.0,0,No,No,2026-08-24,2026-08-24
INSERT,2026-08-24T00:00:00,2026-08-24,PT0562646,LST0562646,AG02354,LOC0216,Condo,1,4.0,2685,9889,1984,504300.0,2026-08-24,Active,,,0,540.34,0,No,No,2026-08-24,2026-08-24
INSERT,2026-08-24T00:00:00,2026-08-24,PT0562647,LST0562647,AG01623,LOC0247,Single Family,5,4.5,1333,6307,1915,325000.0,2026-08-24,Active,,,0,0.0,0,No,Yes,2026-08-24,2026-08-24
INSERT,2026-08-24T00:00:00,2026-08-24,PT0562648,LST0562648,AG01194,LOC0178,Single Family,5,4.0,839,4866,1962,127900.0,2026-08-24,Active,,,0,0.0,3,No,No,2026-08-24,2026-08-24
INSERT,2026-08-24T00:00:00,2026-08-24,PT0562649,LST0562649,AG02747,LOC0151,Townhouse,1,1.5,2143,1684,1929,808200.0,2026-08-24,Active,,,0,730.16,2,No,No,2026-08-24,2026-08-24
INSERT,2026-08-24T00:00:00,2026-08-24,PT0562650,LST0562650,AG02833,LOC0214,Single Family,4,2.5,1499,3168,1976,428700.0,2026-08-24,Active,,,0,0.0,0,Yes,No,2026-08-24,2026-08-24
INSERT,2026-08-24T00:00:00,2026-08-24,PT0562651,LST0562651,AG02424,LOC0028,Single Family,6,2.5,2010,2712,1972,170600.0,2026-08-24,Active,,,0,0.0,0,No,No,2026-08-24,2026-08-24
INSERT,2026-08-24T00:00:00,2026-08-24,PT0562652,LST0562652,AG00836,LOC0078,Townhouse,5,1.5,1729,7220,1939,1062600.0,2026-08-24,Active,,,0,652.6,1,Yes,No,2026-08-24,2026-08-24
INSERT,2026-08-24T00:00:00,2026-08-24,PT0562653,LST0562653,AG00500,LOC0042,Single Family,2,1.0,2131,2780,1995,369300.0,2026-08-24,Active,,,0,0.0,1,No,Yes,2026-08-24,2026-08-24
INSERT,2026-08-24T00:00:00,2026-08-24,PT0562654,LST0562654,AG02469,LOC0054,Single Family,2,1.5,1081,3941,2023,194900.0,2026-08-24,Active,,,0,0.0,3,Yes,Yes,2026-08-24,2026-08-24
INSERT,2026-08-24T00:00:00,2026-08-24,PT0562655,LST0562655,AG02417,LOC0206,Condo,2,1.5,1504,1587,1953,571400.0,2026-08-24,Active,,,0,108.02,0,Yes,No,2026-08-24,2026-08-24
INSERT,2026-08-24T00:00:00,2026-08-24,PT0562656,LST0562656,AG01200,LOC0091,Apartment,6,3.0,658,0,1955,62300.0,2026-08-24,Active,,,0,488.49,3,Yes,No,2026-08-24,2026-08-24
INSERT,2026-08-24T00:00:00,2026-08-24,PT0562657,LST0562657,AG01307,LOC0063,Single Family,2,1.5,1562,8315,1900,780700.0,2026-08-24,Active,,,0,0.0,3,No,No,2026-08-24,2026-08-24
INSERT,2026-08-24T00:00:00,2026-08-24,PT0562658,LST0562658,AG00660,LOC0200,Single Family,6,3.0,1436,2557,1937,473000.0,2026-08-24,Active,,,0,0.0,3,No,Yes,2026-08-24,2026-08-24
INSERT,2026-08-24T00:00:00,2026-08-24,PT0562659,LST0562659,AG01077,LOC0021,Townhouse,2,3.5,2949,2630,1985,513400.0,2026-08-24,Active,,,0,420.25,3,No,No,2026-08-24,2026-08-24
INSERT,2026-08-24T00:00:00,2026-08-24,PT0562660,LST0562660,AG01095,LOC0169,Townhouse,4,2.5,1838,3110,1994,311800.0,2026-08-24,Active,,,0,291.65,3,No,No,2026-08-24,2026-08-24
INSERT,2026-08-24T00:00:00,2026-08-24,PT0562661,LST0562661,AG02205,LOC0116,Single Family,1,4.5,2613,8166,1985,584400.0,2026-08-24,Active,,,0,0.0,0,No,No,2026-08-24,2026-08-24
INSERT,2026-08-24T00:00:00,2026-08-24,PT0562662,LST0562662,AG02467,LOC0183,Land,0,0.0,5103,2766,1924,1391200.0,2026-08-24,Active,,,0,0.0,0,No,No,2026-08-24,2026-08-24
INSERT,2026-08-24T00:00:00,2026-08-24,PT0562663,LST0562663,AG01552,LOC0242,Townhouse,3,4.5,1606,9758,1924,146000.0,2026-08-24,Active,,,0,440.47,2,Yes,No,2026-08-24,2026-08-24
INSERT,2026-08-24T00:00:00,2026-08-24,PT0562664,LST0562664,AG00122,LOC0203,Single Family,1,1.0,1410,11944,1945,177200.0,2026-08-24,Active,,,0,0.0,1,No,Yes,2026-08-24,2026-08-24
INSERT,2026-08-24T00:00:00,2026-08-24,PT0562665,LST0562665,AG01710,LOC0071,Townhouse,3,3.5,2075,2561,1972,831500.0,2026-08-24,Active,,,0,229.08,0,No,No,2026-08-24,2026-08-24
INSERT,2026-08-24T00:00:00,2026-08-24,PT0562666,LST0562666,AG01628,LOC0225,Single Family,1,3.0,1694,5202,1971,341500.0,2026-08-24,Active,,,0,0.0,2,Yes,Yes,2026-08-24,2026-08-24
INSERT,2026-08-24T00:00:00,2026-08-24,PT0562667,LST0562667,AG02133,LOC0136,Single Family,5,1.5,2250,1417,1987,588300.0,2026-08-24,Active,,,0,0.0,2,No,No,2026-08-24,2026-08-24
INSERT,2026-08-24T00:00:00,2026-08-24,PT0562668,LST0562668,AG02533,LOC0213,Condo,1,4.0,992,6444,1960,161500.0,2026-08-24,Active,,,0,219.96,1,No,No,2026-08-24,2026-08-24
INSERT,2026-08-24T00:00:00,2026-08-24,PT0562669,LST0562669,AG00352,LOC0140,Single Family,4,1.0,948,5290,1977,506300.0,2026-08-24,Active,,,0,0.0,3,No,No,2026-08-24,2026-08-24
INSERT,2026-08-24T00:00:00,2026-08-24,PT0562670,LST0562670,AG02501,LOC0150,Condo,3,3.5,2901,2447,1984,1116400.0,2026-08-24,Active,,,0,609.23,3,No,No,2026-08-24,2026-08-24
INSERT,2026-08-24T00:00:00,2026-08-24,PT0562671,LST0562671,AG01205,LOC0071,Single Family,1,2.5,2658,10341,1968,1181700.0,2026-08-24,Active,,,0,0.0,1,No,No,2026-08-24,2026-08-24
INSERT,2026-08-24T00:00:00,2026-08-24,PT0562672,LST0562672,AG02248,LOC0128,Single Family,1,2.0,1208,3424,1993,191200.0,2026-08-24,Active,,,0,0.0,2,No,No,2026-08-24,2026-08-24
INSERT,2026-08-24T00:00:00,2026-08-24,PT0562673,LST0562673,AG01076,LOC0150,Single Family,5,1.5,2987,6111,1924,918500.0,2026-08-24,Active,,,0,0.0,2,No,No,2026-08-24,2026-08-24
INSERT,2026-08-24T00:00:00,2026-08-24,PT0562674,LST0562674,AG01226,LOC0217,Single Family,6,4.5,1351,4709,1942,179400.0,2026-08-24,Active,,,0,0.0,1,Yes,No,2026-08-24,2026-08-24
INSERT,2026-08-24T00:00:00,2026-08-24,PT0562675,LST0562675,AG02940,LOC0122,Townhouse,2,3.5,3029,3637,1940,1297600.0,2026-08-24,Active,,,0,444.5,3,No,No,2026-08-24,2026-08-24
INSERT,2026-08-24T00:00:00,2026-08-24,PT0562676,LST0562676,AG02046,LOC0217,Townhouse,6,1.5,2028,9526,2021,158300.0,2026-08-24,Active,,,0,253.74,3,Yes,No,2026-08-24,2026-08-24
INSERT,2026-08-24T00:00:00,2026-08-24,PT0562677,LST0562677,AG02595,LOC0081,Apartment,1,1.0,1054,0,1955,361900.0,2026-08-24,Active,,,0,693.39,1,No,No,2026-08-24,2026-08-24
INSERT,2026-08-24T00:00:00,2026-08-24,PT0562678,LST0562678,AG01485,LOC0174,Single Family,6,1.0,2129,5761,1983,311500.0,2026-08-24,Active,,,0,0.0,2,No,No,2026-08-24,2026-08-24
INSERT,2026-08-24T00:00:00,2026-08-24,PT0562679,LST0562679,AG02098,LOC0117,Single Family,6,1.0,1281,3186,1918,502800.0,2026-08-24,Active,,,0,0.0,1,No,No,2026-08-24,2026-08-24
INSERT,2026-08-24T00:00:00,2026-08-24,PT0562680,LST0562680,AG00376,LOC0187,Single Family,4,4.5,2584,2863,2006,1056700.0,2026-08-24,Active,,,0,0.0,2,No,No,2026-08-24,2026-08-24
INSERT,2026-08-24T00:00:00,2026-08-24,PT0562681,LST0562681,AG01971,LOC0126,Apartment,6,2.0,1476,0,1968,452500.0,2026-08-24,Active,,,0,521.78,1,No,No,2026-08-24,2026-08-24
INSERT,2026-08-24T00:00:00,2026-08-24,PT0562682,LST0562682,AG02319,LOC0153,Single Family,3,3.5,1278,3623,1922,279500.0,2026-08-24,Active,,,0,0.0,0,Yes,No,2026-08-24,2026-08-24
INSERT,2026-08-24T00:00:00,2026-08-24,PT0562683,LST0562683,AG02495,LOC0097,Single Family,4,4.0,2269,4251,1929,492600.0,2026-08-24,Active,,,0,0.0,3,No,Yes,2026-08-24,2026-08-24
INSERT,2026-08-24T00:00:00,2026-08-24,PT0562684,LST0562684,AG00989,LOC0021,Townhouse,4,4.0,1344,2940,1931,226000.0,2026-08-24,Active,,,0,577.16,1,No,No,2026-08-24,2026-08-24
INSERT,2026-08-24T00:00:00,2026-08-24,PT0562685,LST0562685,AG01535,LOC0067,Single Family,2,2.5,1640,2789,1923,484100.0,2026-08-24,Active,,,0,0.0,3,No,No,2026-08-24,2026-08-24
INSERT,2026-08-24T00:00:00,2026-08-24,PT0562686,LST0562686,AG02231,LOC0130,Townhouse,4,1.5,1927,1247,1923,401000.0,2026-08-24,Active,,,0,119.59,3,No,No,2026-08-24,2026-08-24
INSERT,2026-08-24T00:00:00,2026-08-24,PT0562687,LST0562687,AG02810,LOC0215,Single Family,4,1.0,2715,2066,2019,1664700.0,2026-08-24,Active,,,0,0.0,0,No,Yes,2026-08-24,2026-08-24
INSERT,2026-08-24T00:00:00,2026-08-24,PT0562688,LST0562688,AG02160,LOC0061,Single Family,3,4.0,2233,3323,1957,191600.0,2026-08-24,Active,,,0,0.0,0,No,Yes,2026-08-24,2026-08-24
INSERT,2026-08-24T00:00:00,2026-08-24,PT0562689,LST0562689,AG00644,LOC0047,Condo,3,3.0,1485,1368,1959,972600.0,2026-08-24,Active,,,0,666.58,3,No,No,2026-08-24,2026-08-24
INSERT,2026-08-24T00:00:00,2026-08-24,PT0562690,LST0562690,AG01486,LOC0250,Multi-Family,1,4.5,3344,2920,2001,499800.0,2026-08-24,Active,,,0,0.0,0,No,Yes,2026-08-24,2026-08-24
INSERT,2026-08-24T00:00:00,2026-08-24,PT0562691,LST0562691,AG00782,LOC0181,Townhouse,6,4.0,1408,1930,1908,468800.0,2026-08-24,Active,,,0,459.57,3,No,No,2026-08-24,2026-08-24
INSERT,2026-08-24T00:00:00,2026-08-24,PT0562692,LST0562692,AG02288,LOC0137,Condo,2,3.5,1303,1398,1958,461100.0,2026-08-24,Active,,,0,798.62,2,Yes,No,2026-08-24,2026-08-24
INSERT,2026-08-24T00:00:00,2026-08-24,PT0562693,LST0562693,AG02849,LOC0213,Single Family,6,3.0,2325,2908,1908,326400.0,2026-08-24,Active,,,0,0.0,2,No,No,2026-08-24,2026-08-24
INSERT,2026-08-24T00:00:00,2026-08-24,PT0562694,LST0562694,AG01281,LOC0203,Single Family,4,3.0,2297,1294,1991,271100.0,2026-08-24,Active,,,0,0.0,2,No,No,2026-08-24,2026-08-24
INSERT,2026-08-24T00:00:00,2026-08-24,PT0562695,LST0562695,AG01323,LOC0161,Single Family,2,2.0,3085,3924,1988,952900.0,2026-08-24,Active,,,0,0.0,3,No,Yes,2026-08-24,2026-08-24
INSERT,2026-08-24T00:00:00,2026-08-24,PT0562696,LST0562696,AG01758,LOC0078,Condo,1,3.0,2150,4749,1945,792000.0,2026-08-24,Active,,,0,215.12,3,No,No,2026-08-24,2026-08-24
INSERT,2026-08-24T00:00:00,2026-08-24,PT0562697,LST0562697,AG02696,LOC0091,Single Family,4,3.5,2553,6476,2001,612900.0,2026-08-24,Active,,,0,0.0,0,No,Yes,2026-08-24,2026-08-24
INSERT,2026-08-24T00:00:00,2026-08-24,PT0562698,LST0562698,AG00045,LOC0022,Multi-Family,6,1.0,3564,1434,1993,927500.0,2026-08-24,Active,,,0,0.0,3,No,Yes,2026-08-24,2026-08-24
INSERT,2026-08-24T00:00:00,2026-08-24,PT0562699,LST0562699,AG00288,LOC0181,Single Family,3,3.0,908,9509,1973,176500.0,2026-08-24,Active,,,0,0.0,0,No,Yes,2026-08-24,2026-08-24
INSERT,2026-08-24T00:00:00,2026-08-24,PT0562700,LST0562700,AG00533,LOC0220,Townhouse,4,2.5,2108,1464,1952,535100.0,2026-08-24,Active,,,0,677.39,0,Yes,No,2026-08-24,2026-08-24
INSERT,2026-08-24T00:00:00,2026-08-24,PT0562701,LST0562701,AG02721,LOC0122,Single Family,4,3.5,1972,6214,2024,680000.0,2026-08-24,Active,,,0,0.0,1,No,No,2026-08-24,2026-08-24
INSERT,2026-08-24T00:00:00,2026-08-24,PT0562702,LST0562702,AG02737,LOC0163,Single Family,2,3.5,1631,6839,1982,622600.0,2026-08-24,Active,,,0,0.0,2,No,No,2026-08-24,2026-08-24
INSERT,2026-08-24T00:00:00,2026-08-24,PT0562703,LST0562703,AG01316,LOC0124,Single Family,1,2.5,2182,11452,1994,801700.0,2026-08-24,Active,,,0,0.0,1,No,No,2026-08-24,2026-08-24
INSERT,2026-08-24T00:00:00,2026-08-24,PT0562704,LST0562704,AG00856,LOC0211,Townhouse,5,1.5,1205,5867,1957,442200.0,2026-08-24,Active,,,0,450.56,3,Yes,No,2026-08-24,2026-08-24
INSERT,2026-08-24T00:00:00,2026-08-24,PT0562705,LST0562705,AG00047,LOC0119,Multi-Family,2,3.5,2172,7603,1995,809900.0,2026-08-24,Active,,,0,0.0,3,No,Yes,2026-08-24,2026-08-24
INSERT,2026-08-24T00:00:00,2026-08-24,PT0562706,LST0562706,AG02622,LOC0123,Single Family,6,3.5,1999,3023,1974,414100.0,2026-08-24,Active,,,0,0.0,3,Yes,No,2026-08-24,2026-08-24
INSERT,2026-08-24T00:00:00,2026-08-24,PT0562707,LST0562707,AG02328,LOC0013,Townhouse,3,4.0,380,2125,1973,123100.0,2026-08-24,Active,,,0,64.99,2,No,No,2026-08-24,2026-08-24
INSERT,2026-08-24T00:00:00,2026-08-24,PT0562708,LST0562708,AG01914,LOC0215,Condo,4,4.5,1420,16350,2006,628800.0,2026-08-24,Active,,,0,52.98,2,No,No,2026-08-24,2026-08-24
INSERT,2026-08-24T00:00:00,2026-08-24,PT0562709,LST0562709,AG02955,LOC0030,Apartment,1,2.0,1247,0,1931,582700.0,2026-08-24,Active,,,0,244.97,1,No,No,2026-08-24,2026-08-24
INSERT,2026-08-24T00:00:00,2026-08-24,PT0562710,LST0562710,AG00113,LOC0135,Multi-Family,1,2.5,4350,11393,1951,965500.0,2026-08-24,Active,,,0,0.0,3,No,No,2026-08-24,2026-08-24
INSERT,2026-08-24T00:00:00,2026-08-24,PT0562711,LST0562711,AG02717,LOC0112,Multi-Family,2,1.5,2206,1073,1933,400000.0,2026-08-24,Active,,,0,0.0,0,No,No,2026-08-24,2026-08-24
INSERT,2026-08-24T00:00:00,2026-08-24,PT0562712,LST0562712,AG00906,LOC0193,Single Family,3,4.5,1631,3099,1950,547300.0,2026-08-24,Active,,,0,0.0,1,No,Yes,2026-08-24,2026-08-24
INSERT,2026-08-24T00:00:00,2026-08-24,PT0562713,LST0562713,AG02534,LOC0194,Townhouse,4,2.0,2951,4727,1999,1493200.0,2026-08-24,Active,,,0,578.86,3,Yes,No,2026-08-24,2026-08-24
INSERT,2026-08-24T00:00:00,2026-08-24,PT0562714,LST0562714,AG01911,LOC0124,Single Family,1,4.0,1554,5914,1948,435400.0,2026-08-24,Active,,,0,0.0,3,No,Yes,2026-08-24,2026-08-24
INSERT,2026-08-24T00:00:00,2026-08-24,PT0562715,LST0562715,AG00111,LOC0154,Land,0,0.0,5530,3952,1905,997200.0,2026-08-24,Active,,,0,0.0,0,No,No,2026-08-24,2026-08-24
INSERT,2026-08-24T00:00:00,2026-08-24,PT0562716,LST0562716,AG02591,LOC0096,Multi-Family,1,2.0,3680,4264,1986,789600.0,2026-08-24,Active,,,0,0.0,3,No,No,2026-08-24,2026-08-24
INSERT,2026-08-24T00:00:00,2026-08-24,PT0562717,LST0562717,AG00923,LOC0038,Single Family,5,1.0,1613,3872,1942,515000.0,2026-08-24,Active,,,0,0.0,2,No,Yes,2026-08-24,2026-08-24
INSERT,2026-08-24T00:00:00,2026-08-24,PT0562718,LST0562718,AG00939,LOC0159,Condo,2,4.0,2097,8109,1901,554000.0,2026-08-24,Active,,,0,725.37,2,No,No,2026-08-24,2026-08-24
INSERT,2026-08-24T00:00:00,2026-08-24,PT0562719,LST0562719,AG02167,LOC0107,Single Family,1,2.5,1237,4943,1939,271700.0,2026-08-24,Active,,,0,0.0,2,No,No,2026-08-24,2026-08-24
INSERT,2026-08-24T00:00:00,2026-08-24,PT0562720,LST0562720,AG00375,LOC0108,Apartment,6,1.0,1352,0,1919,219400.0,2026-08-24,Active,,,0,171.23,3,No,No,2026-08-24,2026-08-24
INSERT,2026-08-24T00:00:00,2026-08-24,PT0562721,LST0562721,AG01559,LOC0128,Townhouse,5,2.0,1343,7498,2025,166500.0,2026-08-24,Active,,,0,132.49,2,No,No,2026-08-24,2026-08-24
INSERT,2026-08-24T00:00:00,2026-08-24,PT0562722,LST0562722,AG02259,LOC0064,Multi-Family,1,3.5,2465,4103,1926,506000.0,2026-08-24,Active,,,0,0.0,3,No,Yes,2026-08-24,2026-08-24
INSERT,2026-08-24T00:00:00,2026-08-24,PT0562723,LST0562723,AG02521,LOC0052,Land,0,0.0,5024,3709,1918,323000.0,2026-08-24,Active,,,0,0.0,0,No,No,2026-08-24,2026-08-24
INSERT,2026-08-24T00:00:00,2026-08-24,PT0562724,LST0562724,AG01896,LOC0166,Multi-Family,2,2.5,993,2426,1933,354100.0,2026-08-24,Active,,,0,0.0,3,No,Yes,2026-08-24,2026-08-24
INSERT,2026-08-24T00:00:00,2026-08-24,PT0562725,LST0562725,AG02071,LOC0221,Condo,1,4.5,1412,3105,1982,647600.0,2026-08-24,Active,,,0,187.16,3,No,No,2026-08-24,2026-08-24
INSERT,2026-08-24T00:00:00,2026-08-24,PT0562726,LST0562726,AG01856,LOC0109,Single Family,6,2.5,2420,6687,1911,1083600.0,2026-08-24,Active,,,0,0.0,0,No,No,2026-08-24,2026-08-24
INSERT,2026-08-24T00:00:00,2026-08-24,PT0562727,LST0562727,AG01848,LOC0067,Apartment,5,3.5,907,0,1981,214600.0,2026-08-24,Active,,,0,772.73,2,No,No,2026-08-24,2026-08-24
INSERT,2026-08-24T00:00:00,2026-08-24,PT0562728,LST0562728,AG02937,LOC0156,Condo,4,3.0,2582,8092,1910,1033400.0,2026-08-24,Active,,,0,57.54,2,No,No,2026-08-24,2026-08-24
INSERT,2026-08-24T00:00:00,2026-08-24,PT0562729,LST0562729,AG02216,LOC0178,Condo,5,2.0,1204,9081,1996,181700.0,2026-08-24,Active,,,0,539.61,2,No,No,2026-08-24,2026-08-24
INSERT,2026-08-24T00:00:00,2026-08-24,PT0562730,LST0562730,AG00880,LOC0006,Single Family,6,2.5,1360,7934,1960,271900.0,2026-08-24,Active,,,0,0.0,3,No,No,2026-08-24,2026-08-24
INSERT,2026-08-24T00:00:00,2026-08-24,PT0562731,LST0562731,AG01336,LOC0088,Condo,3,1.0,1440,2220,2006,107600.0,2026-08-24,Active,,,0,163.36,2,No,No,2026-08-24,2026-08-24
INSERT,2026-08-24T00:00:00,2026-08-24,PT0562732,LST0562732,AG00702,LOC0067,Townhouse,5,1.5,787,1140,1972,99800.0,2026-08-24,Active,,,0,148.37,2,Yes,No,2026-08-24,2026-08-24
INSERT,2026-08-24T00:00:00,2026-08-24,PT0562733,LST0562733,AG00642,LOC0175,Single Family,6,3.5,2161,6918,1974,464600.0,2026-08-24,Active,,,0,0.0,2,No,Yes,2026-08-24,2026-08-24
INSERT,2026-08-24T00:00:00,2026-08-24,PT0562734,LST0562734,AG00770,LOC0088,Single Family,5,4.0,1262,1159,1951,150000.0,2026-08-24,Active,,,0,0.0,2,No,No,2026-08-24,2026-08-24
INSERT,2026-08-24T00:00:00,2026-08-24,PT0562735,LST0562735,AG02103,LOC0206,Single Family,1,4.5,2237,1821,1905,525200.0,2026-08-24,Active,,,0,0.0,0,Yes,No,2026-08-24,2026-08-24
INSERT,2026-08-24T00:00:00,2026-08-24,PT0562736,LST0562736,AG00106,LOC0060,Single Family,5,2.0,2131,3474,1938,314900.0,2026-08-24,Active,,,0,0.0,2,No,Yes,2026-08-24,2026-08-24
INSERT,2026-08-24T00:00:00,2026-08-24,PT0562737,LST0562737,AG01446,LOC0084,Single Family,4,3.0,1427,1005,1931,739800.0,2026-08-24,Active,,,0,0.0,0,No,No,2026-08-24,2026-08-24
INSERT,2026-08-24T00:00:00,2026-08-24,PT0562738,LST0562738,AG01659,LOC0140,Multi-Family,5,4.5,1851,4381,1939,515600.0,2026-08-24,Active,,,0,0.0,2,No,No,2026-08-24,2026-08-24
INSERT,2026-08-24T00:00:00,2026-08-24,PT0562739,LST0562739,AG02497,LOC0029,Multi-Family,5,4.0,2475,1831,1962,566200.0,2026-08-24,Active,,,0,0.0,3,No,No,2026-08-24,2026-08-24
INSERT,2026-08-24T00:00:00,2026-08-24,PT0562740,LST0562740,AG00755,LOC0221,Multi-Family,4,1.5,3031,4803,2012,1127400.0,2026-08-24,Active,,,0,0.0,1,Yes,No,2026-08-24,2026-08-24
INSERT,2026-08-24T00:00:00,2026-08-24,PT0562741,LST0562741,AG01140,LOC0188,Townhouse,6,3.0,1978,5653,2006,597600.0,2026-08-24,Active,,,0,730.33,0,No,No,2026-08-24,2026-08-24
INSERT,2026-08-24T00:00:00,2026-08-24,PT0562742,LST0562742,AG02567,LOC0118,Townhouse,2,1.0,2988,1259,1938,426300.0,2026-08-24,Active,,,0,774.55,1,No,No,2026-08-24,2026-08-24
INSERT,2026-08-24T00:00:00,2026-08-24,PT0562743,LST0562743,AG02393,LOC0100,Single Family,6,2.5,2793,1938,2008,227600.0,2026-08-24,Active,,,0,0.0,3,No,Yes,2026-08-24,2026-08-24
INSERT,2026-08-24T00:00:00,2026-08-24,PT0562744,LST0562744,AG00577,LOC0041,Apartment,5,1.0,829,0,1914,190300.0,2026-08-24,Active,,,0,760.51,3,Yes,No,2026-08-24,2026-08-24
INSERT,2026-08-24T00:00:00,2026-08-24,PT0562745,LST0562745,AG02482,LOC0109,Condo,1,4.0,1743,4323,1909,847700.0,2026-08-24,Active,,,0,788.8,0,No,No,2026-08-24,2026-08-24
INSERT,2026-08-24T00:00:00,2026-08-24,PT0562746,LST0562746,AG02529,LOC0033,Townhouse,5,2.0,2565,12699,1905,956500.0,2026-08-24,Active,,,0,349.48,1,No,No,2026-08-24,2026-08-24
INSERT,2026-08-24T00:00:00,2026-08-24,PT0562747,LST0562747,AG02196,LOC0193,Condo,6,1.0,300,1578,1915,108300.0,2026-08-24,Active,,,0,760.53,1,No,No,2026-08-24,2026-08-24
INSERT,2026-08-24T00:00:00,2026-08-24,PT0562748,LST0562748,AG02257,LOC0159,Condo,2,4.0,3520,3540,1950,990400.0,2026-08-24,Active,,,0,236.71,3,No,No,2026-08-24,2026-08-24
INSERT,2026-08-24T00:00:00,2026-08-24,PT0562749,LST0562749,AG01916,LOC0006,Single Family,6,1.5,897,2226,1907,224700.0,2026-08-24,Active,,,0,0.0,2,No,No,2026-08-24,2026-08-24
INSERT,2026-08-24T00:00:00,2026-08-24,PT0562750,LST0562750,AG01355,LOC0140,Single Family,3,2.5,2693,2681,1972,1346900.0,2026-08-24,Active,,,0,0.0,2,Yes,Yes,2026-08-24,2026-08-24
INSERT,2026-08-24T00:00:00,2026-08-24,PT0562751,LST0562751,AG02491,LOC0014,Single Family,1,4.0,2558,16174,1982,715300.0,2026-08-24,Active,,,0,0.0,0,Yes,No,2026-08-24,2026-08-24
INSERT,2026-08-24T00:00:00,2026-08-24,PT0562752,LST0562752,AG00174,LOC0247,Apartment,1,4.5,744,0,1923,128800.0,2026-08-24,Active,,,0,178.88,0,No,No,2026-08-24,2026-08-24
INSERT,2026-08-24T00:00:00,2026-08-24,PT0562753,LST0562753,AG01588,LOC0214,Single Family,5,1.0,2603,1845,2025,749000.0,2026-08-24,Active,,,0,0.0,2,No,Yes,2026-08-24,2026-08-24
INSERT,2026-08-24T00:00:00,2026-08-24,PT0562754,LST0562754,AG02630,LOC0172,Single Family,4,1.0,1688,3026,1915,496700.0,2026-08-24,Active,,,0,0.0,1,No,Yes,2026-08-24,2026-08-24
INSERT,2026-08-24T00:00:00,2026-08-24,PT0562755,LST0562755,AG00907,LOC0005,Condo,3,3.0,1634,6166,1948,728300.0,2026-08-24,Active,,,0,553.29,2,No,No,2026-08-24,2026-08-24
INSERT,2026-08-24T00:00:00,2026-08-24,PT0562756,LST0562756,AG02206,LOC0081,Condo,6,2.5,2228,7116,1966,970600.0,2026-08-24,Active,,,0,64.87,2,No,No,2026-08-24,2026-08-24
INSERT,2026-08-24T00:00:00,2026-08-24,PT0562757,LST0562757,AG00288,LOC0176,Townhouse,3,4.0,1491,8278,1979,177500.0,2026-08-24,Active,,,0,422.63,0,No,No,2026-08-24,2026-08-24
INSERT,2026-08-24T00:00:00,2026-08-24,PT0562758,LST0562758,AG01547,LOC0191,Multi-Family,6,4.5,2325,1524,2017,768800.0,2026-08-24,Active,,,0,0.0,3,Yes,Yes,2026-08-24,2026-08-24
INSERT,2026-08-24T00:00:00,2026-08-24,PT0562759,LST0562759,AG00539,LOC0247,Townhouse,3,3.5,3437,1484,1942,881600.0,2026-08-24,Active,,,0,391.61,1,No,No,2026-08-24,2026-08-24
INSERT,2026-08-24T00:00:00,2026-08-24,PT0562760,LST0562760,AG01210,LOC0035,Townhouse,1,4.5,2074,2388,2000,466100.0,2026-08-24,Active,,,0,477.75,0,No,No,2026-08-24,2026-08-24
INSERT,2026-08-24T00:00:00,2026-08-24,PT0562761,LST0562761,AG02584,LOC0115,Single Family,6,4.0,1122,7413,1987,212800.0,2026-08-24,Active,,,0,0.0,0,No,Yes,2026-08-24,2026-08-24
INSERT,2026-08-24T00:00:00,2026-08-24,PT0562762,LST0562762,AG02977,LOC0041,Condo,3,4.5,427,2002,2020,101400.0,2026-08-24,Active,,,0,786.16,3,No,No,2026-08-24,2026-08-24
INSERT,2026-08-24T00:00:00,2026-08-24,PT0562763,LST0562763,AG01658,LOC0113,Single Family,2,3.5,2953,2277,1952,1119900.0,2026-08-24,Active,,,0,0.0,1,No,No,2026-08-24,2026-08-24
INSERT,2026-08-24T00:00:00,2026-08-24,PT0562764,LST0562764,AG01549,LOC0211,Single Family,6,2.0,1885,3821,1901,724200.0,2026-08-24,Active,,,0,0.0,0,No,No,2026-08-24,2026-08-24
INSERT,2026-08-24T00:00:00,2026-08-24,PT0562765,LST0562765,AG01419,LOC0011,Townhouse,6,2.0,1627,11027,1975,1075800.0,2026-08-24,Active,,,0,154.82,1,No,No,2026-08-24,2026-08-24
INSERT,2026-08-24T00:00:00,2026-08-24,PT0562766,LST0562766,AG01661,LOC0155,Townhouse,1,3.0,2139,2005,1972,689800.0,2026-08-24,Active,,,0,389.16,0,No,No,2026-08-24,2026-08-24
UPDATE,2026-08-24T00:00:00,2026-08-24,PT0543732,LST0543732,AG02997,LOC0127,Apartment,5,4.0,683,0,1944,270200.0,2026-08-08,Sold,280882.85,2026-08-24,16,588.07,0,No,No,2026-08-08,2026-08-24
UPDATE,2026-08-24T00:00:00,2026-08-24,PT0152612,LST0152612,AG00452,LOC0001,Townhouse,2,2.5,1821,2730,1950,149600.0,2025-03-05,Pending,,,163,477.0,2,No,No,2025-03-05,2026-08-24
UPDATE,2026-08-24T00:00:00,2026-08-24,PT0457493,LST0457493,AG01181,LOC0090,Single Family,6,2.5,1523,4862,2000,483700.0,2026-03-01,Active,,,130,0.0,2,Yes,No,2026-03-01,2026-08-24
UPDATE,2026-08-24T00:00:00,2026-08-24,PT0430114,LST0430114,AG01168,LOC0116,Single Family,5,2.0,1612,4223,1951,935200.0,2023-03-14,Pending,,,5,0.0,3,Yes,Yes,2023-03-14,2026-08-24
UPDATE,2026-08-24T00:00:00,2026-08-24,PT0064572,LST0064572,AG01268,LOC0035,Single Family,4,3.5,2627,1065,1981,556800.0,2025-11-04,Active,,,55,0.0,3,No,No,2025-11-04,2026-08-24
UPDATE,2026-08-24T00:00:00,2026-08-24,PT0546710,LST0546710,AG01157,LOC0171,Townhouse,5,3.0,1748,7112,1975,621800.0,2026-08-10,Active,,,0,427.36,0,No,No,2026-08-10,2026-08-24
UPDATE,2026-08-24T00:00:00,2026-08-24,PT0121173,LST0121173,AG02231,LOC0131,Single Family,4,1.5,1738,1878,1922,486500.0,2025-09-17,Sold,473116.42,2026-08-24,341,0.0,2,No,No,2025-09-17,2026-08-24
UPDATE,2026-08-24T00:00:00,2026-08-24,PT0420832,LST0420832,AG02463,LOC0053,Single Family,6,4.0,2462,1196,1933,546100.0,2024-12-11,Active,,,163,0.0,3,No,No,2024-12-11,2026-08-24
UPDATE,2026-08-24T00:00:00,2026-08-24,PT0521137,LST0521137,AG00644,LOC0084,Single Family,2,4.5,1663,1318,2012,694500.0,2026-07-19,Active,,,0,0.0,1,No,Yes,2026-07-19,2026-08-24
UPDATE,2026-08-24T00:00:00,2026-08-24,PT0405693,LST0405693,AG01604,LOC0125,Condo,4,4.5,2568,8313,1923,415900.0,2023-11-25,Pending,,,67,350.0,3,No,No,2023-11-25,2026-08-24
UPDATE,2026-08-24T00:00:00,2026-08-24,PT0542049,LST0542049,AG00071,LOC0069,Single Family,6,1.0,3503,6669,1918,568800.0,2026-08-06,Pending,,,0,0.0,0,No,No,2026-08-06,2026-08-24
UPDATE,2026-08-24T00:00:00,2026-08-24,PT0468374,LST0468374,AG01675,LOC0194,Single Family,1,3.0,1257,3092,1995,538800.0,2023-11-27,Active,,,132,0.0,3,No,No,2023-11-27,2026-08-24
UPDATE,2026-08-24T00:00:00,2026-08-24,PT0094016,LST0094016,AG01886,LOC0246,Townhouse,1,1.5,1820,1342,1988,321900.0,2025-05-25,Active,,,102,140.0,3,Yes,No,2025-05-25,2026-08-24
UPDATE,2026-08-24T00:00:00,2026-08-24,PT0505102,LST0505102,AG01903,LOC0096,Condo,6,2.0,1683,1714,1990,572200.0,2026-07-05,Active,,,0,580.38,3,Yes,No,2026-07-05,2026-08-24
UPDATE,2026-08-24T00:00:00,2026-08-24,PT0396390,LST0396390,AG00347,LOC0002,Single Family,2,2.5,2150,2691,1911,748800.0,2024-05-25,Pending,,,43,0.0,2,No,No,2024-05-25,2026-08-24
UPDATE,2026-08-24T00:00:00,2026-08-24,PT0511353,LST0511353,AG01175,LOC0066,Single Family,2,1.0,2087,1127,1992,445100.0,2026-07-10,Sold,369794.67,2026-08-24,45,0.0,0,No,No,2026-07-10,2026-08-24
UPDATE,2026-08-24T00:00:00,2026-08-24,PT0545015,LST0545015,AG02764,LOC0147,Townhouse,2,1.0,1269,1626,1998,232000.0,2026-08-08,Pending,,,0,789.1,0,No,No,2026-08-08,2026-08-24
UPDATE,2026-08-24T00:00:00,2026-08-24,PT0278491,LST0278491,AG01365,LOC0232,Condo,6,2.0,1435,6830,2021,371200.0,2024-08-13,Active,,,173,479.0,2,Yes,No,2024-08-13,2026-08-24
UPDATE,2026-08-24T00:00:00,2026-08-24,PT0467803,LST0467803,AG01003,LOC0191,Apartment,4,1.5,918,0,2012,295800.0,2025-04-29,Active,,,36,557.0,2,No,No,2025-04-29,2026-08-24
UPDATE,2026-08-24T00:00:00,2026-08-24,PT0502069,LST0502069,AG01893,LOC0209,Apartment,3,3.5,1399,0,1904,454800.0,2026-07-02,Active,,,0,664.0,3,No,No,2026-07-02,2026-08-24
UPDATE,2026-08-24T00:00:00,2026-08-24,PT0100595,LST0100595,AG00829,LOC0137,Single Family,6,3.5,1381,1044,1925,864900.0,2023-12-06,Pending,,,175,0.0,3,No,Yes,2023-12-06,2026-08-24
UPDATE,2026-08-24T00:00:00,2026-08-24,PT0111920,LST0111920,AG02136,LOC0142,Condo,6,1.5,2430,3052,1944,572400.0,2025-10-05,Pending,,,35,721.0,3,No,No,2025-10-05,2026-08-24
UPDATE,2026-08-24T00:00:00,2026-08-24,PT0110648,LST0110648,AG02472,LOC0013,Single Family,5,4.5,1449,5575,1904,200900.0,2025-03-06,Pending,,,4,0.0,3,No,Yes,2025-03-06,2026-08-24
UPDATE,2026-08-24T00:00:00,2026-08-24,PT0537368,LST0537368,AG02405,LOC0171,Condo,1,1.0,960,2785,1945,335400.0,2026-08-02,Active,,,0,319.4,0,Yes,No,2026-08-02,2026-08-24
UPDATE,2026-08-24T00:00:00,2026-08-24,PT0146118,LST0146118,AG02490,LOC0021,Single Family,6,1.0,1566,2632,1948,272200.0,2023-10-13,Pending,,,140,0.0,0,No,Yes,2023-10-13,2026-08-24
UPDATE,2026-08-24T00:00:00,2026-08-24,PT0527844,LST0527844,AG02257,LOC0148,Land,0,0.0,7188,5224,1961,1970200.0,2026-07-24,Pending,,,0,0.0,0,No,No,2026-07-24,2026-08-24
UPDATE,2026-08-24T00:00:00,2026-08-24,PT0396584,LST0396584,AG00456,LOC0001,Condo,6,1.0,2519,7407,1923,343900.0,2025-05-13,Sold,317277.66,2026-08-24,468,270.0,1,No,No,2025-05-13,2026-08-24
UPDATE,2026-08-24T00:00:00,2026-08-24,PT0555403,LST0555403,AG00875,LOC0149,Condo,4,4.0,2149,7922,1915,482700.0,2026-08-18,Pending,,,0,642.35,1,No,No,2026-08-18,2026-08-24
UPDATE,2026-08-24T00:00:00,2026-08-24,PT0551992,LST0551992,AG02442,LOC0189,Single Family,1,3.5,2862,3424,2000,1209200.0,2026-08-15,Sold,1282777.1,2026-08-24,9,0.0,3,Yes,Yes,2026-08-15,2026-08-24
UPDATE,2026-08-24T00:00:00,2026-08-24,PT0441050,LST0441050,AG00215,LOC0019,Townhouse,4,3.5,3489,1132,1967,882300.0,2025-05-24,Active,,,38,518.0,3,No,No,2025-05-24,2026-08-24
UPDATE,2026-08-24T00:00:00,2026-08-24,PT0304799,LST0304799,AG02758,LOC0190,Condo,5,1.0,1145,4295,1944,61800.0,2024-04-19,Pending,,,57,585.0,1,No,No,2024-04-19,2026-08-24
UPDATE,2026-08-24T00:00:00,2026-08-24,PT0057400,LST0057400,AG01149,LOC0038,Condo,1,1.0,1654,1903,1997,338300.0,2024-04-24,Active,,,80,603.0,1,No,No,2024-04-24,2026-08-24
UPDATE,2026-08-24T00:00:00,2026-08-24,PT0073363,LST0073363,AG00048,LOC0058,Townhouse,4,2.0,965,12471,1919,185400.0,2025-11-05,Sold,177994.24,2026-08-24,292,470.0,0,No,No,2025-11-05,2026-08-24
UPDATE,2026-08-24T00:00:00,2026-08-24,PT0191014,LST0191014,AG00932,LOC0118,Single Family,2,1.0,1010,5431,1939,100700.0,2026-04-25,Sold,104447.76,2026-08-24,121,0.0,2,No,No,2026-04-25,2026-08-24
UPDATE,2026-08-24T00:00:00,2026-08-24,PT0258077,LST0258077,AG01322,LOC0150,Single Family,1,3.5,2204,7259,1972,889300.0,2024-01-30,Sold,915338.75,2026-08-24,937,0.0,2,Yes,Yes,2024-01-30,2026-08-24
UPDATE,2026-08-24T00:00:00,2026-08-24,PT0495301,LST0495301,AG01451,LOC0225,Condo,2,1.5,2115,1417,1999,1014400.0,2023-02-22,Active,,,138,159.0,0,No,No,2023-02-22,2026-08-24
UPDATE,2026-08-24T00:00:00,2026-08-24,PT0064641,LST0064641,AG01241,LOC0119,Single Family,4,4.5,2243,5631,1950,589200.0,2025-05-11,Pending,,,149,0.0,3,No,No,2025-05-11,2026-08-24
UPDATE,2026-08-24T00:00:00,2026-08-24,PT0429363,LST0429363,AG01666,LOC0172,Single Family,4,4.0,1587,2401,1944,229600.0,2024-05-04,Active,,,8,0.0,1,No,Yes,2024-05-04,2026-08-24
UPDATE,2026-08-24T00:00:00,2026-08-24,PT0317824,LST0317824,AG00215,LOC0068,Single Family,3,2.0,1576,5333,1982,618600.0,2023-01-26,Pending,,,56,0.0,3,Yes,No,2023-01-26,2026-08-24
UPDATE,2026-08-24T00:00:00,2026-08-24,PT0548760,LST0548760,AG01405,LOC0134,Single Family,5,3.0,1095,6168,2018,551300.0,2026-08-12,Active,,,0,0.0,1,No,Yes,2026-08-12,2026-08-24
UPDATE,2026-08-24T00:00:00,2026-08-24,PT0431677,LST0431677,AG00105,LOC0214,Apartment,3,3.0,961,0,1920,260700.0,2023-03-15,Pending,,,46,88.0,3,No,No,2023-03-15,2026-08-24
UPDATE,2026-08-24T00:00:00,2026-08-24,PT0352049,LST0352049,AG01531,LOC0229,Single Family,5,4.0,2564,22564,2023,198200.0,2024-08-27,Active,,,99,0.0,3,No,No,2024-08-27,2026-08-24
UPDATE,2026-08-24T00:00:00,2026-08-24,PT0543953,LST0543953,AG00892,LOC0090,Single Family,6,2.0,2357,1985,1988,934000.0,2026-08-08,Active,,,0,0.0,3,No,No,2026-08-08,2026-08-24
UPDATE,2026-08-24T00:00:00,2026-08-24,PT0272693,LST0272693,AG00394,LOC0044,Single Family,6,2.5,1890,4103,1927,652100.0,2025-02-19,Pending,,,104,0.0,0,No,No,2025-02-19,2026-08-24
UPDATE,2026-08-24T00:00:00,2026-08-24,PT0159394,LST0159394,AG02502,LOC0077,Townhouse,5,1.5,1815,1833,1927,400900.0,2025-09-17,Active,,,103,384.0,3,No,No,2025-09-17,2026-08-24
UPDATE,2026-08-24T00:00:00,2026-08-24,PT0302606,LST0302606,AG01950,LOC0027,Townhouse,1,1.0,2842,9650,1989,1012700.0,2026-06-16,Pending,,,165,632.0,2,No,No,2026-06-16,2026-08-24
UPDATE,2026-08-24T00:00:00,2026-08-24,PT0514428,LST0514428,AG02319,LOC0153,Single Family,5,2.5,1920,5214,1989,770100.0,2026-07-12,Active,,,0,0.0,2,No,No,2026-07-12,2026-08-24
UPDATE,2026-08-24T00:00:00,2026-08-24,PT0550295,LST0550295,AG01052,LOC0229,Multi-Family,4,4.0,2776,6676,1989,481000.0,2026-08-14,Pending,,,0,0.0,0,No,No,2026-08-14,2026-08-24
UPDATE,2026-08-24T00:00:00,2026-08-24,PT0352807,LST0352807,AG02180,LOC0120,Single Family,1,4.0,1939,2843,1955,968300.0,2023-05-15,Pending,,,162,0.0,0,No,No,2023-05-15,2026-08-24
UPDATE,2026-08-24T00:00:00,2026-08-24,PT0334189,LST0334189,AG00911,LOC0222,Single Family,6,1.5,2255,1125,1955,702800.0,2025-01-13,Sold,653959.15,2026-08-24,588,0.0,3,No,No,2025-01-13,2026-08-24
UPDATE,2026-08-24T00:00:00,2026-08-24,PT0100789,LST0100789,AG00862,LOC0092,Single Family,5,1.5,2300,3107,1980,433100.0,2026-04-29,Pending,,,177,0.0,2,No,Yes,2026-04-29,2026-08-24
UPDATE,2026-08-24T00:00:00,2026-08-24,PT0137866,LST0137866,AG02764,LOC0113,Condo,3,1.0,1388,7050,1928,407600.0,2024-02-20,Pending,,,153,637.0,2,No,No,2024-02-20,2026-08-24
UPDATE,2026-08-24T00:00:00,2026-08-24,PT0348605,LST0348605,AG02443,LOC0157,Condo,3,2.0,1461,6570,1967,634200.0,2023-01-31,Sold,631540.25,2026-08-24,1301,647.0,1,No,No,2023-01-31,2026-08-24
UPDATE,2026-08-24T00:00:00,2026-08-24,PT0555971,LST0555971,AG00691,LOC0030,Condo,4,3.5,2778,7064,1994,1006200.0,2026-08-19,Pending,,,0,123.53,0,No,No,2026-08-19,2026-08-24
UPDATE,2026-08-24T00:00:00,2026-08-24,PT0258938,LST0258938,AG01958,LOC0026,Single Family,1,2.0,2034,2828,1967,687400.0,2025-12-09,Sold,643006.68,2026-08-24,258,0.0,2,Yes,No,2025-12-09,2026-08-24
UPDATE,2026-08-24T00:00:00,2026-08-24,PT0507772,LST0507772,AG01518,LOC0151,Condo,2,3.5,2407,6729,1925,640100.0,2026-07-07,Sold,598528.22,2026-08-24,48,626.68,0,No,No,2026-07-07,2026-08-24
UPDATE,2026-08-24T00:00:00,2026-08-24,PT0417476,LST0417476,AG00385,LOC0194,Townhouse,4,3.5,2875,20020,1998,1509900.0,2024-10-19,Pending,,,65,565.0,1,No,No,2024-10-19,2026-08-24
UPDATE,2026-08-24T00:00:00,2026-08-24,PT0092313,LST0092313,AG02115,LOC0013,Condo,6,2.0,2153,1994,1981,220000.0,2024-12-13,Pending,,,60,457.0,3,No,No,2024-12-13,2026-08-24
UPDATE,2026-08-24T00:00:00,2026-08-24,PT0139103,LST0139103,AG00387,LOC0182,Single Family,4,2.5,300,2907,1973,71700.0,2023-01-28,Active,,,87,0.0,0,No,Yes,2023-01-28,2026-08-24
UPDATE,2026-08-24T00:00:00,2026-08-24,PT0077208,LST0077208,AG01572,LOC0107,Single Family,3,1.0,1755,4625,1978,344700.0,2023-01-31,Active,,,89,0.0,3,No,No,2023-01-31,2026-08-24
UPDATE,2026-08-24T00:00:00,2026-08-24,PT0394016,LST0394016,AG01000,LOC0206,Townhouse,6,2.0,2218,4271,1920,464000.0,2025-01-08,Pending,,,165,600.0,1,No,No,2025-01-08,2026-08-24
UPDATE,2026-08-24T00:00:00,2026-08-24,PT0166826,LST0166826,AG01840,LOC0223,Condo,4,3.5,300,5401,1956,122200.0,2025-07-11,Pending,,,99,131.0,3,No,No,2025-07-11,2026-08-24
UPDATE,2026-08-24T00:00:00,2026-08-24,PT0119235,LST0119235,AG01855,LOC0107,Single Family,1,3.5,2385,3212,1911,559700.0,2023-12-30,Pending,,,137,0.0,0,No,No,2023-12-30,2026-08-24
UPDATE,2026-08-24T00:00:00,2026-08-24,PT0519292,LST0519292,AG00212,LOC0091,Single Family,1,3.5,537,7897,1996,244300.0,2026-07-17,Pending,,,0,0.0,2,No,Yes,2026-07-17,2026-08-24
UPDATE,2026-08-24T00:00:00,2026-08-24,PT0491736,LST0491736,AG01046,LOC0118,Multi-Family,5,3.5,540,5053,1947,95800.0,2024-08-31,Active,,,41,0.0,3,No,Yes,2024-08-31,2026-08-24
UPDATE,2026-08-24T00:00:00,2026-08-24,PT0372893,LST0372893,AG00279,LOC0062,Single Family,5,2.5,1913,5716,1940,450700.0,2025-03-10,Active,,,170,0.0,2,No,No,2025-03-10,2026-08-24
UPDATE,2026-08-24T00:00:00,2026-08-24,PT0501960,LST0501960,AG00272,LOC0167,Apartment,2,4.0,1346,0,2019,592800.0,2026-07-02,Active,,,0,381.48,2,No,No,2026-07-02,2026-08-24
UPDATE,2026-08-24T00:00:00,2026-08-24,PT0227032,LST0227032,AG01761,LOC0216,Townhouse,3,1.5,435,10237,1994,69700.0,2026-01-05,Sold,66077.35,2026-08-24,231,79.0,2,No,No,2026-01-05,2026-08-24
UPDATE,2026-08-24T00:00:00,2026-08-24,PT0308217,LST0308217,AG00502,LOC0128,Single Family,6,1.0,2403,3108,1947,439000.0,2026-03-13,Sold,387527.67,2026-08-24,164,0.0,0,No,No,2026-03-13,2026-08-24
UPDATE,2026-08-24T00:00:00,2026-08-24,PT0441935,LST0441935,AG01356,LOC0219,Single Family,1,3.0,1966,4236,1942,645100.0,2024-03-31,Sold,604584.33,2026-08-24,876,0.0,1,No,Yes,2024-03-31,2026-08-24
UPDATE,2026-08-24T00:00:00,2026-08-24,PT0456768,LST0456768,AG01109,LOC0038,Single Family,4,1.5,3979,12889,2015,1017000.0,2024-08-06,Pending,,,142,0.0,2,No,No,2024-08-06,2026-08-24
UPDATE,2026-08-24T00:00:00,2026-08-24,PT0524625,LST0524625,AG00762,LOC0109,Single Family,6,4.0,2542,2945,2013,1588000.0,2026-07-22,Sold,1608017.64,2026-08-24,33,0.0,3,No,Yes,2026-07-22,2026-08-24
UPDATE,2026-08-24T00:00:00,2026-08-24,PT0372065,LST0372065,AG01256,LOC0079,Condo,4,1.5,1578,1418,1958,470100.0,2023-04-10,Active,,,61,306.0,1,No,No,2023-04-10,2026-08-24
UPDATE,2026-08-24T00:00:00,2026-08-24,PT0539526,LST0539526,AG01940,LOC0141,Single Family,1,4.0,2143,6374,1958,658600.0,2026-08-04,Active,,,0,0.0,3,No,Yes,2026-08-04,2026-08-24
UPDATE,2026-08-24T00:00:00,2026-08-24,PT0552967,LST0552967,AG02381,LOC0143,Condo,6,3.5,1575,3264,1976,173400.0,2026-08-16,Active,,,0,681.98,1,Yes,No,2026-08-16,2026-08-24
UPDATE,2026-08-24T00:00:00,2026-08-24,PT0217598,LST0217598,AG01191,LOC0202,Single Family,5,4.5,300,4938,2013,107200.0,2025-03-16,Active,,,136,0.0,3,No,Yes,2025-03-16,2026-08-24
UPDATE,2026-08-24T00:00:00,2026-08-24,PT0544889,LST0544889,AG01691,LOC0215,Single Family,1,3.0,1139,3383,1936,337100.0,2026-08-08,Sold,318301.07,2026-08-24,16,0.0,0,No,No,2026-08-08,2026-08-24
UPDATE,2026-08-24T00:00:00,2026-08-24,PT0500313,LST0500313,AG02119,LOC0140,Single Family,2,4.0,2833,8308,1909,935100.0,2026-07-01,Sold,926753.01,2026-08-24,54,0.0,1,No,Yes,2026-07-01,2026-08-24
UPDATE,2026-08-24T00:00:00,2026-08-24,PT0201857,LST0201857,AG00575,LOC0205,Condo,1,4.5,1434,2090,1958,428700.0,2023-01-20,Active,,,3,53.0,3,No,No,2023-01-20,2026-08-24
UPDATE,2026-08-24T00:00:00,2026-08-24,PT0496601,LST0496601,AG02700,LOC0056,Townhouse,1,1.0,2132,9327,2001,1174900.0,2024-08-13,Active,,,49,670.0,1,Yes,No,2024-08-13,2026-08-24
UPDATE,2026-08-24T00:00:00,2026-08-24,PT0148373,LST0148373,AG00588,LOC0231,Single Family,5,2.5,2815,1661,1998,387000.0,2023-12-30,Pending,,,44,0.0,3,Yes,Yes,2023-12-30,2026-08-24
UPDATE,2026-08-24T00:00:00,2026-08-24,PT0238470,LST0238470,AG01369,LOC0206,Multi-Family,4,3.0,3674,3130,1926,970600.0,2024-11-03,Pending,,,115,0.0,0,No,Yes,2024-11-03,2026-08-24
UPDATE,2026-08-24T00:00:00,2026-08-24,PT0374181,LST0374181,AG01531,LOC0062,Condo,5,2.5,1583,2055,1945,431200.0,2025-04-18,Pending,,,50,476.0,2,No,No,2025-04-18,2026-08-24
UPDATE,2026-08-24T00:00:00,2026-08-24,PT0519936,LST0519936,AG01332,LOC0182,Land,0,0.0,8078,1618,1996,2144700.0,2026-07-18,Active,,,0,0.0,0,No,No,2026-07-18,2026-08-24
UPDATE,2026-08-24T00:00:00,2026-08-24,PT0187384,LST0187384,AG00337,LOC0197,Townhouse,1,2.5,2352,7918,1904,1458000.0,2025-09-04,Pending,,,155,383.0,1,No,No,2025-09-04,2026-08-24
UPDATE,2026-08-24T00:00:00,2026-08-24,PT0090050,LST0090050,AG00368,LOC0028,Multi-Family,5,1.0,3602,2403,1924,246300.0,2026-02-01,Pending,,,31,0.0,0,No,Yes,2026-02-01,2026-08-24
UPDATE,2026-08-24T00:00:00,2026-08-24,PT0189493,LST0189493,AG01379,LOC0011,Single Family,6,4.5,3282,18435,1951,1415500.0,2025-07-26,Pending,,,169,0.0,1,Yes,No,2025-07-26,2026-08-24
UPDATE,2026-08-24T00:00:00,2026-08-24,PT0005949,LST0005949,AG00036,LOC0162,Townhouse,6,2.0,2886,1258,2009,594100.0,2023-04-13,Active,,,63,546.0,3,No,No,2023-04-13,2026-08-24
UPDATE,2026-08-24T00:00:00,2026-08-24,PT0548771,LST0548771,AG00142,LOC0159,Single Family,6,4.0,1584,7952,1949,389400.0,2026-08-12,Sold,381581.32,2026-08-24,12,0.0,3,No,No,2026-08-12,2026-08-24
UPDATE,2026-08-24T00:00:00,2026-08-24,PT0424648,LST0424648,AG00237,LOC0221,Condo,6,3.5,1730,1184,1943,449200.0,2026-03-28,Sold,446418.23,2026-08-24,149,55.0,1,Yes,No,2026-03-28,2026-08-24
UPDATE,2026-08-24T00:00:00,2026-08-24,PT0322026,LST0322026,AG01923,LOC0039,Single Family,5,4.5,1834,9219,1920,708300.0,2023-02-16,Pending,,,141,0.0,1,No,No,2023-02-16,2026-08-24
UPDATE,2026-08-24T00:00:00,2026-08-24,PT0462667,LST0462667,AG01552,LOC0045,Single Family,3,4.5,1501,7865,1905,432000.0,2024-10-05,Pending,,,148,0.0,1,Yes,Yes,2024-10-05,2026-08-24
UPDATE,2026-08-24T00:00:00,2026-08-24,PT0280469,LST0280469,AG01842,LOC0239,Single Family,1,3.0,2865,10052,1954,852500.0,2024-02-27,Sold,821322.47,2026-08-24,909,0.0,0,No,No,2024-02-27,2026-08-24
UPDATE,2026-08-24T00:00:00,2026-08-24,PT0522493,LST0522493,AG00123,LOC0094,Single Family,3,4.0,1058,1757,1907,85900.0,2026-07-20,Pending,,,0,0.0,1,No,No,2026-07-20,2026-08-24
UPDATE,2026-08-24T00:00:00,2026-08-24,PT0349127,LST0349127,AG00815,LOC0093,Single Family,1,3.0,1920,2184,1972,265900.0,2024-02-02,Sold,239279.5,2026-08-24,934,0.0,1,No,No,2024-02-02,2026-08-24
UPDATE,2026-08-24T00:00:00,2026-08-24,PT0373658,LST0373658,AG00347,LOC0234,Condo,3,1.0,2632,5145,2010,1047600.0,2026-03-18,Active,,,102,343.0,0,No,No,2026-03-18,2026-08-24
UPDATE,2026-08-24T00:00:00,2026-08-24,PT0238893,LST0238893,AG00829,LOC0038,Townhouse,4,4.5,300,1690,1952,91900.0,2024-05-08,Pending,,,163,642.0,2,No,No,2024-05-08,2026-08-24
UPDATE,2026-08-24T00:00:00,2026-08-24,PT0524929,LST0524929,AG02774,LOC0245,Land,0,0.0,4633,9012,1903,1125900.0,2026-07-22,Active,,,0,0.0,0,No,No,2026-07-22,2026-08-24
UPDATE,2026-08-24T00:00:00,2026-08-24,PT0535356,LST0535356,AG00957,LOC0033,Single Family,5,4.5,1836,6479,1993,842600.0,2026-07-31,Sold,851356.37,2026-08-24,24,0.0,2,No,Yes,2026-07-31,2026-08-24
UPDATE,2026-08-24T00:00:00,2026-08-24,PT0355951,LST0355951,AG01203,LOC0104,Single Family,1,3.0,1448,7541,1969,392300.0,2024-06-30,Pending,,,63,0.0,3,No,Yes,2024-06-30,2026-08-24
UPDATE,2026-08-24T00:00:00,2026-08-24,PT0259224,LST0259224,AG00720,LOC0221,Single Family,6,1.5,1552,2269,1980,611200.0,2023-07-24,Pending,,,100,0.0,3,No,Yes,2023-07-24,2026-08-24
UPDATE,2026-08-24T00:00:00,2026-08-24,PT0420431,LST0420431,AG00472,LOC0156,Single Family,4,1.5,2733,9119,1984,1479300.0,2023-08-02,Active,,,79,0.0,3,No,No,2023-08-02,2026-08-24
UPDATE,2026-08-24T00:00:00,2026-08-24,PT0152642,LST0152642,AG01355,LOC0050,Apartment,1,3.0,1178,0,2013,293200.0,2024-04-06,Pending,,,41,210.0,3,No,No,2024-04-06,2026-08-24
UPDATE,2026-08-24T00:00:00,2026-08-24,PT0244725,LST0244725,AG00118,LOC0198,Condo,3,2.5,2963,14377,1969,233400.0,2024-01-24,Pending,,,18,259.0,3,No,No,2024-01-24,2026-08-24
UPDATE,2026-08-24T00:00:00,2026-08-24,PT0353969,LST0353969,AG02214,LOC0213,Condo,4,4.0,1761,6872,1925,351000.0,2026-05-11,Sold,343301.47,2026-08-24,105,797.0,2,No,No,2026-05-11,2026-08-24
UPDATE,2026-08-24T00:00:00,2026-08-24,PT0539362,LST0539362,AG01779,LOC0002,Townhouse,5,3.0,2546,1793,1947,590800.0,2026-08-03,Pending,,,0,263.26,1,No,No,2026-08-03,2026-08-24
UPDATE,2026-08-24T00:00:00,2026-08-24,PT0380518,LST0380518,AG01916,LOC0216,Single Family,5,2.0,1120,2831,1970,210700.0,2025-04-27,Pending,,,103,0.0,1,No,Yes,2025-04-27,2026-08-24
UPDATE,2026-08-24T00:00:00,2026-08-24,PT0228102,LST0228102,AG00156,LOC0081,Multi-Family,1,1.0,1458,2673,1969,392500.0,2025-09-14,Active,,,30,0.0,2,No,No,2025-09-14,2026-08-24
UPDATE,2026-08-24T00:00:00,2026-08-24,PT0246132,LST0246132,AG01200,LOC0191,Land,0,0.0,4041,3388,1912,1800800.0,2025-04-17,Active,,,85,0.0,0,No,No,2025-04-17,2026-08-24
UPDATE,2026-08-24T00:00:00,2026-08-24,PT0392539,LST0392539,AG01323,LOC0078,Multi-Family,2,1.0,540,1385,2017,224100.0,2025-03-19,Active,,,68,0.0,2,No,Yes,2025-03-19,2026-08-24
UPDATE,2026-08-24T00:00:00,2026-08-24,PT0247872,LST0247872,AG00107,LOC0019,Multi-Family,5,3.5,3228,3718,1989,332100.0,2024-05-08,Pending,,,61,0.0,2,No,Yes,2024-05-08,2026-08-24
UPDATE,2026-08-24T00:00:00,2026-08-24,PT0541237,LST0541237,AG01967,LOC0247,Land,0,0.0,8513,5331,1972,1484300.0,2026-08-05,Sold,1490965.93,2026-08-24,19,0.0,0,No,No,2026-08-05,2026-08-24
UPDATE,2026-08-24T00:00:00,2026-08-24,PT0555147,LST0555147,AG01457,LOC0106,Condo,4,3.5,2021,2935,1947,728800.0,2026-08-18,Sold,723602.35,2026-08-24,6,708.68,3,No,No,2026-08-18,2026-08-24
UPDATE,2026-08-24T00:00:00,2026-08-24,PT0487173,LST0487173,AG00139,LOC0234,Apartment,4,4.5,1598,0,1907,654900.0,2026-06-06,Active,,,126,552.0,2,No,No,2026-06-06,2026-08-24
UPDATE,2026-08-24T00:00:00,2026-08-24,PT0229059,LST0229059,AG00821,LOC0054,Single Family,6,1.5,2054,9588,1933,570800.0,2025-01-20,Pending,,,120,0.0,1,No,No,2025-01-20,2026-08-24
UPDATE,2026-08-24T00:00:00,2026-08-24,PT0478392,LST0478392,AG00777,LOC0135,Single Family,3,1.0,879,2027,1999,291100.0,2023-10-04,Sold,289583.29,2026-08-24,1055,0.0,3,No,Yes,2023-10-04,2026-08-24
UPDATE,2026-08-24T00:00:00,2026-08-24,PT0212242,LST0212242,AG02604,LOC0240,Townhouse,6,4.5,2072,9601,1902,1040200.0,2024-09-03,Pending,,,168,58.0,1,No,No,2024-09-03,2026-08-24
UPDATE,2026-08-24T00:00:00,2026-08-24,PT0191937,LST0191937,AG01456,LOC0246,Apartment,4,2.5,1020,0,1955,91900.0,2024-04-07,Pending,,,59,762.0,1,Yes,No,2024-04-07,2026-08-24
UPDATE,2026-08-24T00:00:00,2026-08-24,PT0146504,LST0146504,AG02793,LOC0018,Multi-Family,4,1.0,3764,1701,1932,2427100.0,2025-12-09,Pending,,,174,0.0,1,No,No,2025-12-09,2026-08-24
UPDATE,2026-08-24T00:00:00,2026-08-24,PT0310705,LST0310705,AG01390,LOC0103,Multi-Family,3,3.5,4582,14753,1909,737800.0,2025-10-25,Sold,720154.9,2026-08-24,303,0.0,2,Yes,Yes,2025-10-25,2026-08-24
UPDATE,2026-08-24T00:00:00,2026-08-24,PT0341930,LST0341930,AG02841,LOC0040,Apartment,2,1.5,886,0,1964,311400.0,2023-05-13,Active,,,94,141.0,2,No,No,2023-05-13,2026-08-24
UPDATE,2026-08-24T00:00:00,2026-08-24,PT0107837,LST0107837,AG01850,LOC0115,Single Family,6,2.5,1061,4916,2005,232600.0,2023-02-19,Active,,,43,0.0,1,Yes,No,2023-02-19,2026-08-24
UPDATE,2026-08-24T00:00:00,2026-08-24,PT0116238,LST0116238,AG01939,LOC0200,Single Family,5,3.0,2873,7824,1954,664700.0,2024-05-15,Sold,615032.75,2026-08-24,831,0.0,0,No,No,2024-05-15,2026-08-24
UPDATE,2026-08-24T00:00:00,2026-08-24,PT0501831,LST0501831,AG00007,LOC0236,Single Family,3,2.0,1770,2456,1926,118000.0,2026-07-02,Active,,,0,0.0,3,No,No,2026-07-02,2026-08-24
UPDATE,2026-08-24T00:00:00,2026-08-24,PT0508570,LST0508570,AG01799,LOC0097,Condo,6,2.5,2507,8309,1999,739600.0,2026-07-07,Pending,,,0,596.34,3,No,No,2026-07-07,2026-08-24
UPDATE,2026-08-24T00:00:00,2026-08-24,PT0295208,LST0295208,AG00732,LOC0014,Single Family,5,2.5,2420,4883,1971,706100.0,2023-04-21,Active,,,137,0.0,2,No,No,2023-04-21,2026-08-24
UPDATE,2026-08-24T00:00:00,2026-08-24,PT0210047,LST0210047,AG00285,LOC0176,Single Family,4,1.5,1460,1588,1934,613300.0,2025-10-12,Sold,562608.69,2026-08-24,316,0.0,2,No,No,2025-10-12,2026-08-24
UPDATE,2026-08-24T00:00:00,2026-08-24,PT0279863,LST0279863,AG01239,LOC0211,Condo,5,2.0,1725,5925,1939,618400.0,2025-11-18,Active,,,28,90.0,1,No,No,2025-11-18,2026-08-24
UPDATE,2026-08-24T00:00:00,2026-08-24,PT0092289,LST0092289,AG00229,LOC0230,Single Family,2,4.0,1525,2821,2024,582700.0,2023-08-07,Sold,560131.7,2026-08-24,1113,0.0,2,Yes,No,2023-08-07,2026-08-24
UPDATE,2026-08-24T00:00:00,2026-08-24,PT0021350,LST0021350,AG01963,LOC0007,Single Family,6,2.5,3295,1704,1904,940700.0,2023-04-26,Pending,,,66,0.0,1,No,Yes,2023-04-26,2026-08-24
UPDATE,2026-08-24T00:00:00,2026-08-24,PT0187175,LST0187175,AG00600,LOC0105,Townhouse,3,4.5,1441,5227,1920,158000.0,2025-10-31,Sold,158891.92,2026-08-24,297,719.0,3,No,No,2025-10-31,2026-08-24
UPDATE,2026-08-24T00:00:00,2026-08-24,PT0560240,LST0560240,AG01550,LOC0017,Land,0,0.0,8582,1013,1928,4584800.0,2026-08-22,Active,,,0,0.0,0,No,No,2026-08-22,2026-08-24
UPDATE,2026-08-24T00:00:00,2026-08-24,PT0406986,LST0406986,AG02235,LOC0105,Single Family,6,2.0,1369,5647,1981,169200.0,2025-12-20,Active,,,36,0.0,3,Yes,Yes,2025-12-20,2026-08-24
UPDATE,2026-08-24T00:00:00,2026-08-24,PT0064565,LST0064565,AG01816,LOC0101,Single Family,2,3.5,875,1888,2000,193100.0,2025-03-25,Active,,,124,0.0,0,No,Yes,2025-03-25,2026-08-24
UPDATE,2026-08-24T00:00:00,2026-08-24,PT0438697,LST0438697,AG02186,LOC0139,Single Family,1,4.5,923,5552,1962,304700.0,2024-11-27,Pending,,,75,0.0,2,Yes,No,2024-11-27,2026-08-24
UPDATE,2026-08-24T00:00:00,2026-08-24,PT0439342,LST0439342,AG01432,LOC0217,Apartment,2,3.5,1532,0,1949,246400.0,2023-08-12,Sold,219057.28,2026-08-24,1108,342.0,0,No,No,2023-08-12,2026-08-24
UPDATE,2026-08-24T00:00:00,2026-08-24,PT0547529,LST0547529,AG02922,LOC0072,Single Family,5,4.5,1990,5696,1978,125700.0,2026-08-11,Sold,117479.98,2026-08-24,13,0.0,3,No,No,2026-08-11,2026-08-24
UPDATE,2026-08-24T00:00:00,2026-08-24,PT0063317,LST0063317,AG00248,LOC0235,Single Family,5,1.0,1609,8936,1982,816100.0,2023-10-11,Active,,,170,0.0,2,No,No,2023-10-11,2026-08-24
UPDATE,2026-08-24T00:00:00,2026-08-24,PT0375450,LST0375450,AG00136,LOC0164,Single Family,2,2.0,2600,1083,1924,816300.0,2024-06-08,Active,,,89,0.0,3,No,No,2024-06-08,2026-08-24
UPDATE,2026-08-24T00:00:00,2026-08-24,PT0258527,LST0258527,AG00791,LOC0063,Townhouse,1,4.0,2687,5234,1974,958300.0,2025-10-25,Sold,921773.47,2026-08-24,303,440.0,3,No,No,2025-10-25,2026-08-24
UPDATE,2026-08-24T00:00:00,2026-08-24,PT0461448,LST0461448,AG01916,LOC0025,Multi-Family,4,2.0,2577,2151,1957,729400.0,2025-05-06,Pending,,,11,0.0,2,No,No,2025-05-06,2026-08-24
UPDATE,2026-08-24T00:00:00,2026-08-24,PT0542863,LST0542863,AG01980,LOC0096,Townhouse,4,3.0,1501,3937,2000,334100.0,2026-08-07,Pending,,,0,793.24,1,No,No,2026-08-07,2026-08-24
UPDATE,2026-08-24T00:00:00,2026-08-24,PT0223886,LST0223886,AG01714,LOC0199,Condo,2,3.5,1604,2513,1922,463600.0,2026-05-28,Active,,,160,396.0,0,No,No,2026-05-28,2026-08-24
UPDATE,2026-08-24T00:00:00,2026-08-24,PT0160476,LST0160476,AG00247,LOC0131,Condo,2,3.5,2097,4189,1906,540600.0,2023-10-21,Pending,,,116,756.0,3,Yes,No,2023-10-21,2026-08-24
UPDATE,2026-08-24T00:00:00,2026-08-24,PT0351722,LST0351722,AG00651,LOC0124,Single Family,1,3.5,938,4088,1914,661700.0,2024-04-07,Pending,,,133,0.0,1,No,No,2024-04-07,2026-08-24
UPDATE,2026-08-24T00:00:00,2026-08-24,PT0152135,LST0152135,AG02073,LOC0151,Condo,3,1.0,1052,4858,1999,377600.0,2024-11-30,Pending,,,149,601.0,1,No,No,2024-11-30,2026-08-24
UPDATE,2026-08-24T00:00:00,2026-08-24,PT0504723,LST0504723,AG02867,LOC0132,Single Family,4,2.5,2318,1177,1981,532600.0,2026-07-04,Pending,,,0,0.0,0,No,No,2026-07-04,2026-08-24
UPDATE,2026-08-24T00:00:00,2026-08-24,PT0093476,LST0093476,AG02030,LOC0187,Single Family,2,1.0,668,2076,1991,364100.0,2025-03-03,Sold,385890.65,2026-08-24,539,0.0,1,Yes,No,2025-03-03,2026-08-24
UPDATE,2026-08-24T00:00:00,2026-08-24,PT0313108,LST0313108,AG01116,LOC0214,Multi-Family,3,2.0,2704,2170,1904,929800.0,2024-09-12,Active,,,120,0.0,0,No,No,2024-09-12,2026-08-24
UPDATE,2026-08-24T00:00:00,2026-08-24,PT0272580,LST0272580,AG00299,LOC0074,Single Family,1,4.5,1727,8813,1921,841500.0,2023-10-18,Pending,,,107,0.0,0,Yes,Yes,2023-10-18,2026-08-24
UPDATE,2026-08-24T00:00:00,2026-08-24,PT0372478,LST0372478,AG01951,LOC0143,Single Family,2,1.0,913,1997,1932,103200.0,2026-05-22,Active,,,83,0.0,1,No,No,2026-05-22,2026-08-24
UPDATE,2026-08-24T00:00:00,2026-08-24,PT0521473,LST0521473,AG02971,LOC0116,Single Family,1,4.0,1198,2401,1999,838900.0,2026-07-19,Active,,,0,0.0,3,No,No,2026-07-19,2026-08-24
UPDATE,2026-08-24T00:00:00,2026-08-24,PT0517627,LST0517627,AG02290,LOC0090,Condo,5,3.5,1847,8086,1948,302800.0,2026-07-15,Pending,,,0,795.36,0,No,No,2026-07-15,2026-08-24
UPDATE,2026-08-24T00:00:00,2026-08-24,PT0537746,LST0537746,AG01458,LOC0229,Multi-Family,5,4.5,1742,5580,1922,328600.0,2026-08-02,Active,,,0,0.0,0,No,Yes,2026-08-02,2026-08-24
UPDATE,2026-08-24T00:00:00,2026-08-24,PT0195087,LST0195087,AG00097,LOC0206,Townhouse,3,2.0,1844,5836,1933,613400.0,2025-07-02,Active,,,142,264.0,2,No,No,2025-07-02,2026-08-24
UPDATE,2026-08-24T00:00:00,2026-08-24,PT0108606,LST0108606,AG01777,LOC0243,Townhouse,3,2.0,1799,2562,2016,886400.0,2025-01-16,Sold,798573.76,2026-08-24,585,765.0,3,Yes,No,2025-01-16,2026-08-24
UPDATE,2026-08-24T00:00:00,2026-08-24,PT0498592,LST0498592,AG01385,LOC0224,Condo,3,2.0,2767,1983,2001,671600.0,2023-02-01,Sold,632894.73,2026-08-24,1300,697.0,1,No,No,2023-02-01,2026-08-24
UPDATE,2026-08-24T00:00:00,2026-08-24,PT0112407,LST0112407,AG02624,LOC0106,Single Family,5,2.0,1517,32499,1972,307100.0,2026-03-21,Active,,,71,0.0,0,No,No,2026-03-21,2026-08-24
UPDATE,2026-08-24T00:00:00,2026-08-24,PT0504903,LST0504903,AG02404,LOC0113,Condo,4,4.0,300,2341,1997,147600.0,2026-07-04,Sold,150426.19,2026-08-24,51,89.42,1,No,No,2026-07-04,2026-08-24
UPDATE,2026-08-24T00:00:00,2026-08-24,PT0086262,LST0086262,AG02222,LOC0177,Condo,6,3.5,794,3633,1918,245000.0,2025-05-07,Active,,,85,131.0,1,No,No,2025-05-07,2026-08-24
UPDATE,2026-08-24T00:00:00,2026-08-24,PT0530222,LST0530222,AG01709,LOC0068,Townhouse,5,1.5,1243,1730,1910,272400.0,2026-07-27,Sold,253890.28,2026-08-24,28,179.6,0,No,No,2026-07-27,2026-08-24
UPDATE,2026-08-24T00:00:00,2026-08-24,PT0373178,LST0373178,AG00343,LOC0195,Single Family,2,4.5,1236,7749,2007,492500.0,2024-07-04,Sold,448889.71,2026-08-24,781,0.0,0,Yes,Yes,2024-07-04,2026-08-24
UPDATE,2026-08-24T00:00:00,2026-08-24,PT0539878,LST0539878,AG00252,LOC0144,Single Family,1,4.0,1958,6388,1954,532400.0,2026-08-04,Active,,,0,0.0,1,No,No,2026-08-04,2026-08-24
UPDATE,2026-08-24T00:00:00,2026-08-24,PT0157936,LST0157936,AG00234,LOC0060,Townhouse,5,4.5,1218,1023,1981,245300.0,2026-03-09,Active,,,53,498.0,0,No,No,2026-03-09,2026-08-24
UPDATE,2026-08-24T00:00:00,2026-08-24,PT0312785,LST0312785,AG01038,LOC0029,Single Family,4,3.5,661,9679,1963,329400.0,2025-08-10,Pending,,,10,0.0,2,No,No,2025-08-10,2026-08-24
UPDATE,2026-08-24T00:00:00,2026-08-24,PT0191288,LST0191288,AG02807,LOC0111,Townhouse,3,4.5,2380,2800,1937,515400.0,2024-06-15,Active,,,68,204.0,2,Yes,No,2024-06-15,2026-08-24
UPDATE,2026-08-24T00:00:00,2026-08-24,PT0313238,LST0313238,AG01902,LOC0241,Apartment,2,1.5,895,0,1989,56200.0,2024-11-23,Pending,,,86,215.0,3,No,No,2024-11-23,2026-08-24
UPDATE,2026-08-24T00:00:00,2026-08-24,PT0245787,LST0245787,AG01565,LOC0216,Apartment,3,3.0,765,0,1979,110200.0,2025-09-11,Active,,,105,573.0,3,No,No,2025-09-11,2026-08-24
UPDATE,2026-08-24T00:00:00,2026-08-24,PT0268403,LST0268403,AG02277,LOC0074,Multi-Family,6,4.0,1718,4122,1993,1232100.0,2025-08-29,Active,,,173,0.0,1,Yes,No,2025-08-29,2026-08-24
UPDATE,2026-08-24T00:00:00,2026-08-24,PT0547976,LST0547976,AG01460,LOC0066,Single Family,1,4.5,2478,3784,1924,803000.0,2026-08-11,Sold,802353.93,2026-08-24,13,0.0,3,Yes,No,2026-08-11,2026-08-24
UPDATE,2026-08-24T00:00:00,2026-08-24,PT0096052,LST0096052,AG00753,LOC0012,Single Family,4,2.0,1319,1703,1970,780600.0,2025-04-05,Pending,,,82,0.0,0,No,Yes,2025-04-05,2026-08-24
UPDATE,2026-08-24T00:00:00,2026-08-24,PT0025561,LST0025561,AG00176,LOC0108,Single Family,2,1.0,1404,5122,2025,155200.0,2023-04-28,Active,,,156,0.0,0,No,No,2023-04-28,2026-08-24
UPDATE,2026-08-24T00:00:00,2026-08-24,PT0228099,LST0228099,AG01622,LOC0006,Single Family,3,1.5,3152,2467,1972,604500.0,2025-04-30,Pending,,,13,0.0,0,Yes,Yes,2025-04-30,2026-08-24
UPDATE,2026-08-24T00:00:00,2026-08-24,PT0334647,LST0334647,AG00274,LOC0127,Apartment,3,3.0,936,0,1992,426700.0,2024-05-20,Pending,,,43,311.0,3,Yes,No,2024-05-20,2026-08-24
UPDATE,2026-08-24T00:00:00,2026-08-24,PT0235282,LST0235282,AG02605,LOC0159,Single Family,6,4.0,2367,5290,1962,408900.0,2023-01-03,Active,,,100,0.0,2,No,No,2023-01-03,2026-08-24
UPDATE,2026-08-24T00:00:00,2026-08-24,PT0178583,LST0178583,AG02528,LOC0110,Land,0,0.0,6467,1727,1941,1129200.0,2023-01-18,Pending,,,99,0.0,0,No,No,2023-01-18,2026-08-24
UPDATE,2026-08-24T00:00:00,2026-08-24,PT0536185,LST0536185,AG02861,LOC0140,Condo,1,3.0,516,3622,1922,273900.0,2026-08-01,Pending,,,0,621.82,1,No,No,2026-08-01,2026-08-24
UPDATE,2026-08-24T00:00:00,2026-08-24,PT0244036,LST0244036,AG01228,LOC0043,Multi-Family,5,1.5,3545,1684,1950,863700.0,2024-10-08,Active,,,63,0.0,2,No,No,2024-10-08,2026-08-24
UPDATE,2026-08-24T00:00:00,2026-08-24,PT0271886,LST0271886,AG02899,LOC0114,Single Family,4,3.0,2339,16624,1953,461100.0,2023-03-06,Active,,,120,0.0,1,No,Yes,2023-03-06,2026-08-24
UPDATE,2026-08-24T00:00:00,2026-08-24,PT0493414,LST0493414,AG02966,LOC0091,Condo,2,1.0,2513,5167,1961,530900.0,2023-04-08,Pending,,,74,572.0,3,No,No,2023-04-08,2026-08-24
UPDATE,2026-08-24T00:00:00,2026-08-24,PT0253501,LST0253501,AG00630,LOC0153,Townhouse,4,3.5,1438,3807,1980,564400.0,2024-02-27,Active,,,156,83.0,2,No,No,2024-02-27,2026-08-24
UPDATE,2026-08-24T00:00:00,2026-08-24,PT0524738,LST0524738,AG02997,LOC0186,Single Family,3,2.5,1874,20778,1937,511100.0,2026-07-22,Active,,,0,0.0,0,No,Yes,2026-07-22,2026-08-24
UPDATE,2026-08-24T00:00:00,2026-08-24,PT0215932,LST0215932,AG01021,LOC0226,Apartment,4,2.0,667,0,1958,241500.0,2024-07-31,Active,,,112,377.0,1,No,No,2024-07-31,2026-08-24
UPDATE,2026-08-24T00:00:00,2026-08-24,PT0250045,LST0250045,AG02053,LOC0134,Single Family,4,1.0,1436,9814,1904,501800.0,2025-11-04,Pending,,,78,0.0,3,No,Yes,2025-11-04,2026-08-24
UPDATE,2026-08-24T00:00:00,2026-08-24,PT0165183,LST0165183,AG01727,LOC0128,Single Family,1,4.0,824,1506,2002,94200.0,2023-01-20,Active,,,167,0.0,1,No,No,2023-01-20,2026-08-24
UPDATE,2026-08-24T00:00:00,2026-08-24,PT0103172,LST0103172,AG00325,LOC0149,Single Family,6,1.0,3058,8493,1934,477900.0,2025-03-26,Active,,,59,0.0,2,Yes,No,2025-03-26,2026-08-24
UPDATE,2026-08-24T00:00:00,2026-08-24,PT0156355,LST0156355,AG01721,LOC0200,Single Family,1,2.0,2120,1970,1996,588300.0,2025-04-02,Pending,,,55,0.0,2,No,No,2025-04-02,2026-08-24
UPDATE,2026-08-24T00:00:00,2026-08-24,PT0309814,LST0309814,AG02226,LOC0012,Single Family,6,4.5,2516,1842,1933,805800.0,2024-04-05,Active,,,38,0.0,0,Yes,No,2024-04-05,2026-08-24
UPDATE,2026-08-24T00:00:00,2026-08-24,PT0084123,LST0084123,AG00650,LOC0156,Land,0,0.0,4151,2852,1977,1652300.0,2026-06-23,Sold,1539782.46,2026-08-24,62,0.0,0,No,No,2026-06-23,2026-08-24
UPDATE,2026-08-24T00:00:00,2026-08-24,PT0236158,LST0236158,AG01247,LOC0206,Single Family,4,3.0,3087,6602,1961,567700.0,2024-08-17,Pending,,,2,0.0,3,No,No,2024-08-17,2026-08-24
UPDATE,2026-08-24T00:00:00,2026-08-24,PT0068971,LST0068971,AG00639,LOC0137,Condo,3,1.0,1637,9165,1932,450600.0,2023-05-04,Sold,452501.58,2026-08-24,1208,122.0,0,Yes,No,2023-05-04,2026-08-24
UPDATE,2026-08-24T00:00:00,2026-08-24,PT0527753,LST0527753,AG01337,LOC0231,Condo,6,3.5,2187,3879,1965,247900.0,2026-07-24,Active,,,0,499.36,0,No,No,2026-07-24,2026-08-24
UPDATE,2026-08-24T00:00:00,2026-08-24,PT0038164,LST0038164,AG00607,LOC0110,Single Family,6,4.0,1960,11994,1988,216200.0,2023-02-12,Active,,,51,0.0,0,No,No,2023-02-12,2026-08-24
UPDATE,2026-08-24T00:00:00,2026-08-24,PT0029997,LST0029997,AG02681,LOC0154,Single Family,1,4.0,982,1094,1907,254700.0,2025-03-22,Pending,,,29,0.0,0,Yes,No,2025-03-22,2026-08-24
UPDATE,2026-08-24T00:00:00,2026-08-24,PT0515971,LST0515971,AG02963,LOC0112,Single Family,4,1.0,1230,8616,2007,182400.0,2026-07-14,Sold,186858.99,2026-08-24,41,0.0,0,No,Yes,2026-07-14,2026-08-24
UPDATE,2026-08-24T00:00:00,2026-08-24,PT0342806,LST0342806,AG02576,LOC0192,Single Family,1,1.0,1403,11427,2012,646500.0,2023-09-25,Active,,,89,0.0,3,No,No,2023-09-25,2026-08-24
UPDATE,2026-08-24T00:00:00,2026-08-24,PT0531316,LST0531316,AG01253,LOC0145,Townhouse,1,1.0,1611,3997,1950,558700.0,2026-07-28,Sold,560395.7,2026-08-24,27,653.95,3,No,No,2026-07-28,2026-08-24
UPDATE,2026-08-24T00:00:00,2026-08-24,PT0355484,LST0355484,AG02774,LOC0051,Single Family,1,1.5,2234,2965,1977,272100.0,2023-03-24,Pending,,,111,0.0,2,No,No,2023-03-24,2026-08-24
UPDATE,2026-08-24T00:00:00,2026-08-24,PT0535636,LST0535636,AG02396,LOC0211,Townhouse,3,3.5,1279,2330,1926,699300.0,2026-07-31,Active,,,0,711.78,0,No,No,2026-07-31,2026-08-24
UPDATE,2026-08-24T00:00:00,2026-08-24,PT0248932,LST0248932,AG02934,LOC0064,Apartment,3,1.0,523,0,1940,168200.0,2023-09-12,Pending,,,38,175.0,2,No,No,2023-09-12,2026-08-24
UPDATE,2026-08-24T00:00:00,2026-08-24,PT0255615,LST0255615,AG00867,LOC0185,Multi-Family,5,3.0,4477,3477,1907,1155300.0,2023-10-04,Pending,,,141,0.0,0,No,Yes,2023-10-04,2026-08-24
UPDATE,2026-08-24T00:00:00,2026-08-24,PT0550113,LST0550113,AG00256,LOC0080,Single Family,4,2.0,3738,8203,2011,786700.0,2026-08-13,Sold,756790.3,2026-08-24,11,0.0,0,No,Yes,2026-08-13,2026-08-24
UPDATE,2026-08-24T00:00:00,2026-08-24,PT0037486,LST0037486,AG01727,LOC0132,Single Family,4,2.0,1857,7700,2021,408900.0,2025-07-07,Sold,379738.98,2026-08-24,413,0.0,2,No,Yes,2025-07-07,2026-08-24
UPDATE,2026-08-24T00:00:00,2026-08-24,PT0333579,LST0333579,AG01242,LOC0093,Single Family,6,1.5,2442,1593,1992,561600.0,2025-02-13,Active,,,129,0.0,0,No,Yes,2025-02-13,2026-08-24
UPDATE,2026-08-24T00:00:00,2026-08-24,PT0041227,LST0041227,AG00258,LOC0162,Single Family,3,2.5,1661,3005,1998,307000.0,2025-10-11,Active,,,141,0.0,3,No,Yes,2025-10-11,2026-08-24
UPDATE,2026-08-24T00:00:00,2026-08-24,PT0394651,LST0394651,AG00235,LOC0035,Single Family,5,2.0,1053,4443,1983,338400.0,2025-07-27,Pending,,,10,0.0,1,No,Yes,2025-07-27,2026-08-24
UPDATE,2026-08-24T00:00:00,2026-08-24,PT0137227,LST0137227,AG02402,LOC0072,Single Family,1,1.0,3209,19201,1994,545400.0,2023-07-27,Active,,,109,0.0,1,Yes,Yes,2023-07-27,2026-08-24
UPDATE,2026-08-24T00:00:00,2026-08-24,PT0267530,LST0267530,AG00248,LOC0013,Single Family,3,4.0,1466,5329,1938,312300.0,2025-02-04,Active,,,68,0.0,2,No,Yes,2025-02-04,2026-08-24
UPDATE,2026-08-24T00:00:00,2026-08-24,PT0251123,LST0251123,AG00525,LOC0229,Townhouse,5,4.5,1453,10302,1907,216100.0,2023-05-07,Pending,,,80,270.0,2,No,No,2023-05-07,2026-08-24
UPDATE,2026-08-24T00:00:00,2026-08-24,PT0097655,LST0097655,AG02785,LOC0043,Townhouse,5,3.5,1443,9905,1972,98300.0,2026-06-28,Pending,,,99,571.0,2,No,No,2026-06-28,2026-08-24
UPDATE,2026-08-24T00:00:00,2026-08-24,PT0331347,LST0331347,AG02569,LOC0065,Single Family,5,3.5,1096,2327,1921,328700.0,2025-02-04,Pending,,,75,0.0,1,No,Yes,2025-02-04,2026-08-24
UPDATE,2026-08-24T00:00:00,2026-08-24,PT0310284,LST0310284,AG01578,LOC0056,Condo,2,3.0,1766,1279,1904,802000.0,2026-05-14,Sold,800852.81,2026-08-24,102,417.0,2,No,No,2026-05-14,2026-08-24
UPDATE,2026-08-24T00:00:00,2026-08-24,PT0283251,LST0283251,AG01388,LOC0136,Multi-Family,1,1.5,3340,1747,1923,716400.0,2024-12-29,Sold,679863.4,2026-08-24,603,0.0,0,No,Yes,2024-12-29,2026-08-24
UPDATE,2026-08-24T00:00:00,2026-08-24,PT0497866,LST0497866,AG01207,LOC0024,Single Family,4,1.0,2548,5045,1971,978500.0,2023-11-14,Sold,923907.06,2026-08-24,1014,0.0,2,No,Yes,2023-11-14,2026-08-24
UPDATE,2026-08-24T00:00:00,2026-08-24,PT0447754,LST0447754,AG00138,LOC0007,Single Family,3,1.0,1780,6744,1987,857000.0,2025-02-25,Sold,812963.32,2026-08-24,545,0.0,0,No,Yes,2025-02-25,2026-08-24
UPDATE,2026-08-24T00:00:00,2026-08-24,PT0549657,LST0549657,AG02724,LOC0142,Single Family,4,4.5,1770,5340,1910,725000.0,2026-08-13,Active,,,0,0.0,3,No,Yes,2026-08-13,2026-08-24
UPDATE,2026-08-24T00:00:00,2026-08-24,PT0261756,LST0261756,AG02837,LOC0148,Single Family,5,4.0,3473,2003,2018,269300.0,2023-11-20,Pending,,,165,0.0,2,No,No,2023-11-20,2026-08-24
UPDATE,2026-08-24T00:00:00,2026-08-24,PT0553693,LST0553693,AG00380,LOC0235,Multi-Family,4,4.5,3030,2849,1989,1142500.0,2026-08-16,Active,,,0,0.0,1,No,No,2026-08-16,2026-08-24
UPDATE,2026-08-24T00:00:00,2026-08-24,PT0330328,LST0330328,AG01355,LOC0101,Apartment,6,2.0,1677,0,1960,487100.0,2023-02-05,Active,,,145,573.0,3,No,No,2023-02-05,2026-08-24
UPDATE,2026-08-24T00:00:00,2026-08-24,PT0516493,LST0516493,AG01352,LOC0060,Multi-Family,6,1.5,3331,6134,1981,1358100.0,2026-07-14,Active,,,0,0.0,2,No,Yes,2026-07-14,2026-08-24
UPDATE,2026-08-24T00:00:00,2026-08-24,PT0237068,LST0237068,AG02936,LOC0191,Apartment,6,3.0,624,0,1945,115800.0,2025-12-29,Sold,113155.63,2026-08-24,238,566.0,1,No,No,2025-12-29,2026-08-24
UPDATE,2026-08-24T00:00:00,2026-08-24,PT0386947,LST0386947,AG00090,LOC0081,Single Family,3,1.0,1189,3716,2021,439800.0,2023-05-16,Pending,,,157,0.0,3,No,Yes,2023-05-16,2026-08-24
UPDATE,2026-08-24T00:00:00,2026-08-24,PT0464595,LST0464595,AG02480,LOC0216,Condo,5,2.5,2698,1994,1997,774900.0,2025-03-02,Pending,,,173,764.0,3,No,No,2025-03-02,2026-08-24
UPDATE,2026-08-24T00:00:00,2026-08-24,PT0533260,LST0533260,AG01919,LOC0172,Single Family,2,2.5,1601,12177,2018,332900.0,2026-07-29,Active,,,0,0.0,2,Yes,Yes,2026-07-29,2026-08-24
UPDATE,2026-08-24T00:00:00,2026-08-24,PT0019575,LST0019575,AG01883,LOC0141,Single Family,3,4.5,1644,4897,1936,557800.0,2023-01-26,Pending,,,48,0.0,2,No,Yes,2023-01-26,2026-08-24
UPDATE,2026-08-24T00:00:00,2026-08-24,PT0420100,LST0420100,AG02624,LOC0146,Condo,2,4.5,1942,4668,1973,415100.0,2024-08-08,Pending,,,51,770.0,0,No,No,2024-08-08,2026-08-24
UPDATE,2026-08-24T00:00:00,2026-08-24,PT0028527,LST0028527,AG02148,LOC0225,Single Family,2,4.5,1537,2365,1912,679800.0,2025-03-30,Pending,,,148,0.0,2,No,Yes,2025-03-30,2026-08-24
UPDATE,2026-08-24T00:00:00,2026-08-24,PT0278550,LST0278550,AG02774,LOC0038,Single Family,4,1.0,3745,1940,2014,897700.0,2024-03-07,Pending,,,108,0.0,0,No,No,2024-03-07,2026-08-24
UPDATE,2026-08-24T00:00:00,2026-08-24,PT0540783,LST0540783,AG01848,LOC0151,Condo,3,2.0,1979,4608,1948,696200.0,2026-08-04,Pending,,,0,430.67,2,Yes,No,2026-08-04,2026-08-24
UPDATE,2026-08-24T00:00:00,2026-08-24,PT0307140,LST0307140,AG00740,LOC0129,Single Family,5,3.0,1926,7004,1926,712700.0,2023-06-12,Pending,,,60,0.0,2,No,No,2023-06-12,2026-08-24
UPDATE,2026-08-24T00:00:00,2026-08-24,PT0173907,LST0173907,AG00701,LOC0040,Single Family,4,1.0,2062,3745,1992,1318000.0,2025-12-06,Sold,1314000.07,2026-08-24,261,0.0,2,No,Yes,2025-12-06,2026-08-24
UPDATE,2026-08-24T00:00:00,2026-08-24,PT0352678,LST0352678,AG02879,LOC0002,Land,0,0.0,6337,2889,2016,1464600.0,2023-02-10,Pending,,,55,0.0,0,No,No,2023-02-10,2026-08-24
UPDATE,2026-08-24T00:00:00,2026-08-24,PT0156323,LST0156323,AG02007,LOC0018,Single Family,4,2.0,1715,6591,1904,878400.0,2023-12-05,Pending,,,136,0.0,2,No,Yes,2023-12-05,2026-08-24
UPDATE,2026-08-24T00:00:00,2026-08-24,PT0072095,LST0072095,AG00554,LOC0230,Land,0,0.0,6203,7720,2017,2589000.0,2025-08-03,Pending,,,96,0.0,0,No,No,2025-08-03,2026-08-24
UPDATE,2026-08-24T00:00:00,2026-08-24,PT0005218,LST0005218,AG02985,LOC0123,Single Family,2,1.0,1608,1970,1986,103400.0,2026-02-28,Pending,,,142,0.0,3,No,Yes,2026-02-28,2026-08-24
UPDATE,2026-08-24T00:00:00,2026-08-24,PT0151317,LST0151317,AG00939,LOC0234,Condo,6,1.0,1189,1447,1962,378200.0,2024-10-11,Sold,365979.06,2026-08-24,682,360.0,1,No,No,2024-10-11,2026-08-24
UPDATE,2026-08-24T00:00:00,2026-08-24,PT0002401,LST0002401,AG00232,LOC0017,Townhouse,1,1.0,2332,1355,1978,904400.0,2023-12-04,Active,,,47,381.0,2,No,No,2023-12-04,2026-08-24
UPDATE,2026-08-24T00:00:00,2026-08-24,PT0310508,LST0310508,AG00947,LOC0063,Townhouse,3,1.5,2889,2279,2014,632000.0,2024-12-27,Sold,564543.18,2026-08-24,605,201.0,1,No,No,2024-12-27,2026-08-24
UPDATE,2026-08-24T00:00:00,2026-08-24,PT0146255,LST0146255,AG00123,LOC0129,Townhouse,3,1.0,1936,2781,1993,385200.0,2025-09-17,Active,,,79,384.0,0,No,No,2025-09-17,2026-08-24
UPDATE,2026-08-24T00:00:00,2026-08-24,PT0548843,LST0548843,AG00850,LOC0241,Condo,6,1.0,2064,6167,1909,299300.0,2026-08-12,Active,,,0,84.9,3,Yes,No,2026-08-12,2026-08-24
UPDATE,2026-08-24T00:00:00,2026-08-24,PT0109273,LST0109273,AG01113,LOC0024,Single Family,2,3.5,2237,5721,1941,563000.0,2023-07-20,Active,,,153,0.0,1,No,No,2023-07-20,2026-08-24
UPDATE,2026-08-24T00:00:00,2026-08-24,PT0431591,LST0431591,AG00002,LOC0087,Single Family,1,1.0,2675,15409,1990,370600.0,2025-02-28,Pending,,,174,0.0,3,No,Yes,2025-02-28,2026-08-24
UPDATE,2026-08-24T00:00:00,2026-08-24,PT0062141,LST0062141,AG02270,LOC0132,Apartment,6,1.5,1362,0,1934,163900.0,2023-02-08,Pending,,,7,619.0,1,No,No,2023-02-08,2026-08-24
UPDATE,2026-08-24T00:00:00,2026-08-24,PT0508134,LST0508134,AG01275,LOC0241,Townhouse,3,3.0,1307,1583,1944,136700.0,2026-07-07,Active,,,0,655.46,0,No,No,2026-07-07,2026-08-24
UPDATE,2026-08-24T00:00:00,2026-08-24,PT0395523,LST0395523,AG01183,LOC0006,Condo,1,4.0,2551,3455,2009,276000.0,2026-04-27,Sold,276131.29,2026-08-24,119,506.0,1,No,No,2026-04-27,2026-08-24
UPDATE,2026-08-24T00:00:00,2026-08-24,PT0143687,LST0143687,AG01663,LOC0244,Condo,5,4.0,1482,3665,1995,297900.0,2024-04-10,Sold,284169.69,2026-08-24,866,309.0,3,Yes,No,2024-04-10,2026-08-24
UPDATE,2026-08-24T00:00:00,2026-08-24,PT0294057,LST0294057,AG02723,LOC0108,Condo,4,4.0,1751,17219,1930,486700.0,2023-08-09,Sold,453883.57,2026-08-24,1111,757.0,2,No,No,2023-08-09,2026-08-24
UPDATE,2026-08-24T00:00:00,2026-08-24,PT0155528,LST0155528,AG02416,LOC0109,Condo,1,4.0,1037,1262,1982,392700.0,2023-06-06,Pending,,,128,67.0,3,Yes,No,2023-06-06,2026-08-24
UPDATE,2026-08-24T00:00:00,2026-08-24,PT0303270,LST0303270,AG02394,LOC0072,Single Family,2,2.5,1449,3629,1970,204900.0,2024-04-18,Active,,,14,0.0,0,No,Yes,2024-04-18,2026-08-24
UPDATE,2026-08-24T00:00:00,2026-08-24,PT0492328,LST0492328,AG01654,LOC0074,Single Family,5,1.5,892,1109,1900,597200.0,2023-05-08,Pending,,,66,0.0,2,No,No,2023-05-08,2026-08-24
UPDATE,2026-08-24T00:00:00,2026-08-24,PT0313266,LST0313266,AG00562,LOC0206,Townhouse,2,2.0,2017,3726,1921,409400.0,2026-03-18,Pending,,,143,461.0,2,No,No,2026-03-18,2026-08-24
UPDATE,2026-08-24T00:00:00,2026-08-24,PT0330878,LST0330878,AG01193,LOC0047,Single Family,3,1.0,1687,5136,1909,390500.0,2026-06-16,Active,,,119,0.0,1,Yes,No,2026-06-16,2026-08-24
UPDATE,2026-08-24T00:00:00,2026-08-24,PT0518979,LST0518979,AG02116,LOC0211,Single Family,1,3.0,1880,2760,1912,1273700.0,2026-07-16,Active,,,0,0.0,0,No,Yes,2026-07-16,2026-08-24
UPDATE,2026-08-24T00:00:00,2026-08-24,PT0159358,LST0159358,AG02768,LOC0218,Condo,5,3.0,1214,13631,1935,384100.0,2023-09-21,Sold,359192.44,2026-08-24,1068,156.0,2,Yes,No,2023-09-21,2026-08-24
UPDATE,2026-08-24T00:00:00,2026-08-24,PT0511348,LST0511348,AG01645,LOC0040,Multi-Family,4,3.5,3719,2224,1927,2407300.0,2026-07-10,Sold,2175299.11,2026-08-24,45,0.0,1,No,No,2026-07-10,2026-08-24
UPDATE,2026-08-24T00:00:00,2026-08-24,PT0400294,LST0400294,AG02759,LOC0057,Multi-Family,6,3.5,2179,1261,1981,526000.0,2023-04-15,Pending,,,92,0.0,1,No,No,2023-04-15,2026-08-24
UPDATE,2026-08-24T00:00:00,2026-08-24,PT0503689,LST0503689,AG00104,LOC0175,Townhouse,5,1.5,2162,11751,1978,449700.0,2026-07-03,Pending,,,0,71.9,1,No,No,2026-07-03,2026-08-24
UPDATE,2026-08-24T00:00:00,2026-08-24,PT0481286,LST0481286,AG02660,LOC0020,Apartment,5,3.5,1156,0,1985,234000.0,2023-07-27,Pending,,,44,706.0,1,No,No,2023-07-27,2026-08-24
UPDATE,2026-08-24T00:00:00,2026-08-24,PT0033377,LST0033377,AG02724,LOC0059,Condo,1,1.5,1683,4925,1949,293200.0,2026-04-08,Sold,268193.97,2026-08-24,138,442.0,3,No,No,2026-04-08,2026-08-24
UPDATE,2026-08-24T00:00:00,2026-08-24,PT0202645,LST0202645,AG00228,LOC0002,Single Family,1,4.0,956,3262,1940,54500.0,2024-12-22,Pending,,,9,0.0,2,No,No,2024-12-22,2026-08-24
UPDATE,2026-08-24T00:00:00,2026-08-24,PT0396537,LST0396537,AG01571,LOC0184,Single Family,2,1.0,2618,2690,1947,1579900.0,2023-05-15,Active,,,7,0.0,3,Yes,Yes,2023-05-15,2026-08-24
UPDATE,2026-08-24T00:00:00,2026-08-24,PT0461974,LST0461974,AG01115,LOC0239,Apartment,4,1.5,180,0,2004,37500.0,2025-12-25,Pending,,,60,641.0,1,No,No,2025-12-25,2026-08-24
UPDATE,2026-08-24T00:00:00,2026-08-24,PT0166913,LST0166913,AG00697,LOC0167,Single Family,4,3.0,1347,3360,1928,541900.0,2023-09-09,Sold,514208.85,2026-08-24,1080,0.0,2,No,Yes,2023-09-09,2026-08-24
UPDATE,2026-08-24T00:00:00,2026-08-24,PT0276697,LST0276697,AG01211,LOC0154,Single Family,4,3.0,1644,7605,1977,221500.0,2024-09-08,Pending,,,136,0.0,2,No,Yes,2024-09-08,2026-08-24
UPDATE,2026-08-24T00:00:00,2026-08-24,PT0146690,LST0146690,AG02822,LOC0199,Multi-Family,3,3.0,3131,1820,1963,1979600.0,2024-10-02,Sold,2007829.03,2026-08-24,691,0.0,0,No,No,2024-10-02,2026-08-24
UPDATE,2026-08-24T00:00:00,2026-08-24,PT0140744,LST0140744,AG02334,LOC0198,Townhouse,5,3.0,2063,1305,2000,335000.0,2026-05-01,Active,,,67,291.0,2,No,No,2026-05-01,2026-08-24
UPDATE,2026-08-24T00:00:00,2026-08-24,PT0057060,LST0057060,AG00814,LOC0174,Single Family,6,2.0,1470,5412,2007,420200.0,2025-06-02,Pending,,,106,0.0,3,Yes,No,2025-06-02,2026-08-24
UPDATE,2026-08-24T00:00:00,2026-08-24,PT0546874,LST0546874,AG00752,LOC0122,Single Family,5,2.5,451,3951,1926,145300.0,2026-08-10,Pending,,,0,0.0,3,No,No,2026-08-10,2026-08-24
UPDATE,2026-08-24T00:00:00,2026-08-24,PT0187744,LST0187744,AG02518,LOC0213,Condo,2,2.0,2494,1104,1979,330500.0,2025-04-14,Pending,,,84,190.0,0,No,No,2025-04-14,2026-08-24
UPDATE,2026-08-24T00:00:00,2026-08-24,PT0011722,LST0011722,AG02366,LOC0102,Single Family,4,3.0,939,1862,2013,106300.0,2023-07-01,Pending,,,12,0.0,0,Yes,No,2023-07-01,2026-08-24
UPDATE,2026-08-24T00:00:00,2026-08-24,PT0169574,LST0169574,AG00178,LOC0023,Single Family,2,2.0,1814,1407,1945,524900.0,2023-03-18,Pending,,,8,0.0,0,No,No,2023-03-18,2026-08-24
UPDATE,2026-08-24T00:00:00,2026-08-24,PT0524037,LST0524037,AG00880,LOC0156,Condo,2,1.0,1882,1616,2007,1018900.0,2026-07-21,Active,,,0,415.41,1,No,No,2026-07-21,2026-08-24
UPDATE,2026-08-24T00:00:00,2026-08-24,PT0110807,LST0110807,AG01522,LOC0198,Multi-Family,5,1.5,5426,7592,2004,590800.0,2023-02-04,Pending,,,54,0.0,1,Yes,Yes,2023-02-04,2026-08-24
UPDATE,2026-08-24T00:00:00,2026-08-24,PT0252801,LST0252801,AG00821,LOC0209,Single Family,2,3.0,393,8458,1983,120700.0,2026-06-29,Pending,,,108,0.0,3,No,No,2026-06-29,2026-08-24
UPDATE,2026-08-24T00:00:00,2026-08-24,PT0170483,LST0170483,AG01367,LOC0120,Condo,1,1.5,1044,5542,1936,479800.0,2026-05-14,Active,,,29,317.0,3,No,No,2026-05-14,2026-08-24
UPDATE,2026-08-24T00:00:00,2026-08-24,PT0070908,LST0070908,AG00887,LOC0017,Condo,5,1.5,1965,22288,2013,327900.0,2026-04-10,Sold,308431.24,2026-08-24,136,196.0,0,No,No,2026-04-10,2026-08-24
UPDATE,2026-08-24T00:00:00,2026-08-24,PT0334933,LST0334933,AG01323,LOC0043,Condo,4,4.0,1568,2089,1968,284600.0,2025-12-04,Pending,,,155,612.0,2,No,No,2025-12-04,2026-08-24
UPDATE,2026-08-24T00:00:00,2026-08-24,PT0241870,LST0241870,AG02252,LOC0055,Single Family,4,2.5,2202,2004,2000,323200.0,2024-12-19,Pending,,,48,0.0,2,No,No,2024-12-19,2026-08-24
UPDATE,2026-08-24T00:00:00,2026-08-24,PT0130998,LST0130998,AG02950,LOC0096,Single Family,1,2.5,1949,2335,1997,545500.0,2024-05-05,Active,,,85,0.0,1,No,Yes,2024-05-05,2026-08-24
UPDATE,2026-08-24T00:00:00,2026-08-24,PT0371718,LST0371718,AG02556,LOC0232,Single Family,4,3.0,1626,11236,1941,175600.0,2025-12-12,Active,,,1,0.0,0,Yes,Yes,2025-12-12,2026-08-24
UPDATE,2026-08-24T00:00:00,2026-08-24,PT0311606,LST0311606,AG00760,LOC0110,Single Family,5,4.5,542,2401,1990,133000.0,2023-12-18,Pending,,,155,0.0,3,No,No,2023-12-18,2026-08-24
UPDATE,2026-08-24T00:00:00,2026-08-24,PT0106264,LST0106264,AG02097,LOC0194,Townhouse,4,4.0,2437,6339,1928,849400.0,2024-01-01,Pending,,,171,745.0,2,No,No,2024-01-01,2026-08-24
UPDATE,2026-08-24T00:00:00,2026-08-24,PT0439157,LST0439157,AG02768,LOC0122,Condo,6,3.0,2565,6875,1967,1057200.0,2026-04-05,Active,,,135,126.0,1,No,No,2026-04-05,2026-08-24
UPDATE,2026-08-24T00:00:00,2026-08-24,PT0006388,LST0006388,AG01497,LOC0201,Townhouse,2,1.5,1184,1136,1962,362500.0,2024-10-19,Pending,,,69,724.0,2,No,No,2024-10-19,2026-08-24
UPDATE,2026-08-24T00:00:00,2026-08-24,PT0250935,LST0250935,AG00877,LOC0078,Single Family,6,4.5,2532,7427,1917,955500.0,2026-03-15,Pending,,,72,0.0,0,No,Yes,2026-03-15,2026-08-24
UPDATE,2026-08-24T00:00:00,2026-08-24,PT0129990,LST0129990,AG02875,LOC0137,Single Family,5,2.0,1426,3268,1960,583400.0,2024-02-09,Pending,,,138,0.0,1,No,No,2024-02-09,2026-08-24
UPDATE,2026-08-24T00:00:00,2026-08-24,PT0047141,LST0047141,AG02111,LOC0158,Single Family,6,2.5,2561,8761,1927,927500.0,2024-04-21,Pending,,,3,0.0,1,No,No,2024-04-21,2026-08-24
UPDATE,2026-08-24T00:00:00,2026-08-24,PT0163135,LST0163135,AG00642,LOC0250,Single Family,4,2.0,461,4181,1967,150500.0,2023-02-03,Pending,,,8,0.0,0,No,Yes,2023-02-03,2026-08-24
UPDATE,2026-08-24T00:00:00,2026-08-24,PT0395827,LST0395827,AG01829,LOC0186,Apartment,6,4.5,1145,0,1957,319400.0,2025-07-02,Sold,331095.23,2026-08-24,418,235.0,2,Yes,No,2025-07-02,2026-08-24
UPDATE,2026-08-24T00:00:00,2026-08-24,PT0450725,LST0450725,AG02403,LOC0083,Apartment,5,4.0,604,0,1932,241100.0,2023-03-02,Active,,,72,109.0,1,No,No,2023-03-02,2026-08-24
UPDATE,2026-08-24T00:00:00,2026-08-24,PT0135036,LST0135036,AG01881,LOC0166,Multi-Family,1,4.5,5277,8473,1936,2080600.0,2024-07-24,Active,,,91,0.0,1,No,No,2024-07-24,2026-08-24
UPDATE,2026-08-24T00:00:00,2026-08-24,PT0376047,LST0376047,AG01452,LOC0156,Single Family,4,3.5,1388,1378,1949,530300.0,2024-04-27,Active,,,59,0.0,1,No,Yes,2024-04-27,2026-08-24
UPDATE,2026-08-24T00:00:00,2026-08-24,PT0230513,LST0230513,AG02192,LOC0044,Townhouse,4,1.5,2485,2455,2016,283800.0,2023-11-11,Pending,,,169,545.0,0,Yes,No,2023-11-11,2026-08-24
UPDATE,2026-08-24T00:00:00,2026-08-24,PT0530242,LST0530242,AG01587,LOC0116,Single Family,4,2.0,2834,2211,1985,479400.0,2026-07-27,Active,,,0,0.0,2,No,No,2026-07-27,2026-08-24
UPDATE,2026-08-24T00:00:00,2026-08-24,PT0529433,LST0529433,AG01698,LOC0161,Condo,4,2.5,1633,5519,1923,661500.0,2026-07-26,Sold,599108.37,2026-08-24,29,578.28,3,No,No,2026-07-26,2026-08-24
UPDATE,2026-08-24T00:00:00,2026-08-24,PT0526137,LST0526137,AG00054,LOC0158,Single Family,6,2.0,2254,3182,1971,904200.0,2026-07-23,Active,,,0,0.0,1,No,No,2026-07-23,2026-08-24
UPDATE,2026-08-24T00:00:00,2026-08-24,PT0201626,LST0201626,AG01026,LOC0016,Condo,6,2.0,2073,15864,1951,368000.0,2026-04-21,Sold,377938.39,2026-08-24,125,247.0,0,No,No,2026-04-21,2026-08-24
UPDATE,2026-08-24T00:00:00,2026-08-24,PT0129043,LST0129043,AG00697,LOC0179,Single Family,6,3.0,1640,4495,1980,370100.0,2024-12-24,Pending,,,105,0.0,1,No,Yes,2024-12-24,2026-08-24
UPDATE,2026-08-24T00:00:00,2026-08-24,PT0476580,LST0476580,AG00970,LOC0011,Apartment,6,1.5,682,0,1956,353300.0,2023-06-26,Active,,,70,366.0,2,No,No,2023-06-26,2026-08-24
UPDATE,2026-08-24T00:00:00,2026-08-24,PT0065131,LST0065131,AG02237,LOC0089,Townhouse,6,4.5,1974,2178,1962,511300.0,2025-10-12,Active,,,138,279.0,2,No,No,2025-10-12,2026-08-24
UPDATE,2026-08-24T00:00:00,2026-08-24,PT0123339,LST0123339,AG02926,LOC0155,Single Family,4,3.5,1268,3281,1996,311100.0,2024-06-03,Active,,,68,0.0,2,No,No,2024-06-03,2026-08-24
UPDATE,2026-08-24T00:00:00,2026-08-24,PT0030710,LST0030710,AG02607,LOC0043,Single Family,6,4.5,3022,1626,1990,796100.0,2026-06-10,Active,,,129,0.0,3,No,No,2026-06-10,2026-08-24
UPDATE,2026-08-24T00:00:00,2026-08-24,PT0550897,LST0550897,AG01368,LOC0065,Condo,1,4.5,1686,9452,1989,351700.0,2026-08-14,Sold,323428.44,2026-08-24,10,85.99,3,No,No,2026-08-14,2026-08-24
UPDATE,2026-08-24T00:00:00,2026-08-24,PT0301462,LST0301462,AG02435,LOC0136,Condo,3,1.5,1726,3610,1993,408300.0,2026-04-13,Sold,397325.51,2026-08-24,133,154.0,3,No,No,2026-04-13,2026-08-24
UPDATE,2026-08-24T00:00:00,2026-08-24,PT0211685,LST0211685,AG01053,LOC0090,Townhouse,6,4.5,956,5092,1912,337000.0,2024-12-06,Active,,,168,460.0,2,No,No,2024-12-06,2026-08-24
UPDATE,2026-08-24T00:00:00,2026-08-24,PT0535851,LST0535851,AG02713,LOC0118,Townhouse,4,1.0,1278,5826,2010,249400.0,2026-07-31,Active,,,0,612.41,3,No,No,2026-07-31,2026-08-24
UPDATE,2026-08-24T00:00:00,2026-08-24,PT0518746,LST0518746,AG02887,LOC0089,Single Family,2,2.0,1901,7572,1912,786000.0,2026-07-16,Pending,,,0,0.0,1,No,Yes,2026-07-16,2026-08-24
UPDATE,2026-08-24T00:00:00,2026-08-24,PT0559699,LST0559699,AG02868,LOC0134,Condo,1,4.0,2230,1578,2023,432600.0,2026-08-22,Active,,,0,666.51,2,Yes,No,2026-08-22,2026-08-24
UPDATE,2026-08-24T00:00:00,2026-08-24,PT0519664,LST0519664,AG00903,LOC0215,Land,0,0.0,4949,2730,1988,1841700.0,2026-07-17,Active,,,0,0.0,0,No,No,2026-07-17,2026-08-24
UPDATE,2026-08-24T00:00:00,2026-08-24,PT0194643,LST0194643,AG01758,LOC0125,Condo,6,3.5,1877,1968,1989,578200.0,2023-01-07,Sold,564337.79,2026-08-24,1325,707.0,2,No,No,2023-01-07,2026-08-24
UPDATE,2026-08-24T00:00:00,2026-08-24,PT0095946,LST0095946,AG02434,LOC0243,Single Family,5,3.5,2599,2296,1913,833000.0,2024-09-08,Sold,895799.62,2026-08-24,715,0.0,2,Yes,No,2024-09-08,2026-08-24
UPDATE,2026-08-24T00:00:00,2026-08-24,PT0524539,LST0524539,AG01579,LOC0216,Single Family,2,4.5,300,4932,1968,68500.0,2026-07-22,Sold,67325.46,2026-08-24,33,0.0,0,No,Yes,2026-07-22,2026-08-24
UPDATE,2026-08-24T00:00:00,2026-08-24,PT0429453,LST0429453,AG02768,LOC0054,Multi-Family,1,4.0,3481,4119,1921,422300.0,2023-10-03,Active,,,157,0.0,0,No,No,2023-10-03,2026-08-24
UPDATE,2026-08-24T00:00:00,2026-08-24,PT0398445,LST0398445,AG02759,LOC0185,Townhouse,1,3.5,2343,1591,2015,923700.0,2024-03-05,Pending,,,68,695.0,3,No,No,2024-03-05,2026-08-24
UPDATE,2026-08-24T00:00:00,2026-08-24,PT0085359,LST0085359,AG01575,LOC0140,Single Family,1,4.0,1368,4949,1900,220400.0,2024-05-31,Active,,,121,0.0,1,Yes,No,2024-05-31,2026-08-24
UPDATE,2026-08-24T00:00:00,2026-08-24,PT0513185,LST0513185,AG01822,LOC0095,Townhouse,3,4.5,1694,8002,1964,882800.0,2026-07-12,Pending,,,0,412.65,1,No,No,2026-07-12,2026-08-24
UPDATE,2026-08-24T00:00:00,2026-08-24,PT0258896,LST0258896,AG00524,LOC0212,Townhouse,2,2.5,2658,6567,1963,1712200.0,2026-03-12,Pending,,,74,516.0,2,No,No,2026-03-12,2026-08-24
UPDATE,2026-08-24T00:00:00,2026-08-24,PT0262639,LST0262639,AG00628,LOC0113,Condo,5,4.0,2234,1719,1909,601600.0,2025-07-28,Active,,,86,390.0,0,No,No,2025-07-28,2026-08-24
UPDATE,2026-08-24T00:00:00,2026-08-24,PT0086144,LST0086144,AG02578,LOC0069,Townhouse,3,2.5,2327,3257,2017,612500.0,2023-05-28,Active,,,106,86.0,2,No,No,2023-05-28,2026-08-24
UPDATE,2026-08-24T00:00:00,2026-08-24,PT0194608,LST0194608,AG01488,LOC0234,Single Family,5,3.5,2174,2006,2006,957100.0,2024-07-13,Active,,,21,0.0,1,No,No,2024-07-13,2026-08-24
UPDATE,2026-08-24T00:00:00,2026-08-24,PT0538078,LST0538078,AG01001,LOC0248,Apartment,5,1.0,548,0,1938,99600.0,2026-08-02,Active,,,0,305.24,0,Yes,No,2026-08-02,2026-08-24
UPDATE,2026-08-24T00:00:00,2026-08-24,PT0438308,LST0438308,AG02747,LOC0038,Single Family,5,4.5,2381,4077,1940,540700.0,2025-11-18,Active,,,93,0.0,2,No,Yes,2025-11-18,2026-08-24
UPDATE,2026-08-24T00:00:00,2026-08-24,PT0416605,LST0416605,AG02100,LOC0145,Multi-Family,2,3.5,2927,17376,1945,406000.0,2024-11-25,Pending,,,86,0.0,2,No,Yes,2024-11-25,2026-08-24
UPDATE,2026-08-24T00:00:00,2026-08-24,PT0406118,LST0406118,AG02539,LOC0219,Condo,3,2.5,964,11005,2016,312200.0,2026-06-07,Active,,,6,786.0,0,No,No,2026-06-07,2026-08-24
UPDATE,2026-08-24T00:00:00,2026-08-24,PT0283314,LST0283314,AG02649,LOC0138,Condo,4,2.5,2175,1864,1994,322400.0,2023-03-06,Pending,,,157,376.0,0,No,No,2023-03-06,2026-08-24
UPDATE,2026-08-24T00:00:00,2026-08-24,PT0481979,LST0481979,AG02106,LOC0051,Single Family,5,3.5,2008,8294,1952,341100.0,2024-11-08,Active,,,143,0.0,1,No,Yes,2024-11-08,2026-08-24
UPDATE,2026-08-24T00:00:00,2026-08-24,PT0058951,LST0058951,AG00147,LOC0105,Single Family,2,1.0,1470,3957,1921,115600.0,2026-05-06,Pending,,,94,0.0,1,Yes,Yes,2026-05-06,2026-08-24
UPDATE,2026-08-24T00:00:00,2026-08-24,PT0293083,LST0293083,AG02986,LOC0228,Land,0,0.0,7188,10585,1965,2386600.0,2024-03-22,Pending,,,40,0.0,0,No,No,2024-03-22,2026-08-24
UPDATE,2026-08-24T00:00:00,2026-08-24,PT0090541,LST0090541,AG00887,LOC0108,Apartment,6,4.5,591,0,2017,95500.0,2023-02-26,Pending,,,87,605.0,1,Yes,No,2023-02-26,2026-08-24
UPDATE,2026-08-24T00:00:00,2026-08-24,PT0339707,LST0339707,AG01834,LOC0240,Single Family,4,2.0,1810,2290,1930,646000.0,2023-08-15,Pending,,,99,0.0,2,No,Yes,2023-08-15,2026-08-24
UPDATE,2026-08-24T00:00:00,2026-08-24,PT0530735,LST0530735,AG01358,LOC0248,Condo,4,2.5,1479,3429,1977,452300.0,2026-07-27,Sold,434065.06,2026-08-24,28,396.7,0,No,No,2026-07-27,2026-08-24
UPDATE,2026-08-24T00:00:00,2026-08-24,PT0501874,LST0501874,AG01846,LOC0082,Single Family,1,3.0,1732,1916,2017,195800.0,2026-07-02,Active,,,0,0.0,1,No,Yes,2026-07-02,2026-08-24
UPDATE,2026-08-24T00:00:00,2026-08-24,PT0374701,LST0374701,AG00115,LOC0142,Condo,4,2.5,300,8759,2006,103300.0,2025-12-01,Pending,,,140,64.0,2,No,No,2025-12-01,2026-08-24
UPDATE,2026-08-24T00:00:00,2026-08-24,PT0552463,LST0552463,AG01376,LOC0218,Townhouse,5,3.5,3568,2388,1920,1303600.0,2026-08-16,Active,,,0,779.3,3,No,No,2026-08-16,2026-08-24
UPDATE,2026-08-24T00:00:00,2026-08-24,PT0159864,LST0159864,AG02015,LOC0084,Apartment,6,3.0,956,0,1964,126100.0,2024-12-17,Pending,,,162,313.0,0,No,No,2024-12-17,2026-08-24
UPDATE,2026-08-24T00:00:00,2026-08-24,PT0561987,LST0561987,AG01856,LOC0106,Apartment,6,3.0,1106,0,2019,335500.0,2026-08-24,Active,,,0,711.74,2,No,No,2026-08-24,2026-08-24
UPDATE,2026-08-24T00:00:00,2026-08-24,PT0428346,LST0428346,AG00070,LOC0158,Apartment,4,2.0,1228,0,1915,541300.0,2026-05-14,Pending,,,115,766.0,3,No,No,2026-05-14,2026-08-24
UPDATE,2026-08-24T00:00:00,2026-08-24,PT0519067,LST0519067,AG02728,LOC0248,Condo,2,2.0,966,2035,1949,288000.0,2026-07-17,Active,,,0,649.1,3,No,No,2026-07-17,2026-08-24
UPDATE,2026-08-24T00:00:00,2026-08-24,PT0433354,LST0433354,AG01799,LOC0202,Condo,6,3.5,1804,2294,1972,316700.0,2025-01-12,Sold,296675.34,2026-08-24,589,606.0,3,Yes,No,2025-01-12,2026-08-24
UPDATE,2026-08-24T00:00:00,2026-08-24,PT0467381,LST0467381,AG01932,LOC0051,Land,0,0.0,5644,6133,1934,489600.0,2025-01-26,Sold,488928.48,2026-08-24,575,0.0,0,No,No,2025-01-26,2026-08-24
UPDATE,2026-08-24T00:00:00,2026-08-24,PT0165040,LST0165040,AG01695,LOC0222,Townhouse,6,2.5,2374,2846,1995,624100.0,2024-06-14,Active,,,98,227.0,2,Yes,No,2024-06-14,2026-08-24
UPDATE,2026-08-24T00:00:00,2026-08-24,PT0536745,LST0536745,AG01628,LOC0238,Condo,1,2.0,1424,3719,1937,415100.0,2026-08-01,Sold,405198.32,2026-08-24,23,609.6,2,No,No,2026-08-01,2026-08-24
UPDATE,2026-08-24T00:00:00,2026-08-24,PT0552816,LST0552816,AG01261,LOC0088,Single Family,5,2.0,702,8734,1929,70000.0,2026-08-16,Active,,,0,0.0,0,No,Yes,2026-08-16,2026-08-24
UPDATE,2026-08-24T00:00:00,2026-08-24,PT0496102,LST0496102,AG01363,LOC0173,Single Family,4,3.0,2517,2435,1918,1144800.0,2025-09-13,Active,,,27,0.0,2,No,Yes,2025-09-13,2026-08-24
UPDATE,2026-08-24T00:00:00,2026-08-24,PT0304583,LST0304583,AG01579,LOC0131,Townhouse,3,3.0,1112,10361,1968,220400.0,2024-08-17,Active,,,168,397.0,1,Yes,No,2024-08-17,2026-08-24
UPDATE,2026-08-24T00:00:00,2026-08-24,PT0398675,LST0398675,AG00651,LOC0154,Condo,4,3.5,1166,2670,1903,333500.0,2026-04-25,Active,,,90,466.0,3,No,No,2026-04-25,2026-08-24
UPDATE,2026-08-24T00:00:00,2026-08-24,PT0057909,LST0057909,AG00719,LOC0183,Land,0,0.0,5984,5733,1917,1165500.0,2025-08-31,Active,,,84,0.0,0,No,No,2025-08-31,2026-08-24
UPDATE,2026-08-24T00:00:00,2026-08-24,PT0113267,LST0113267,AG02473,LOC0219,Single Family,4,3.5,1506,6957,1910,385000.0,2025-11-19,Sold,374534.51,2026-08-24,278,0.0,2,No,No,2025-11-19,2026-08-24
UPDATE,2026-08-24T00:00:00,2026-08-24,PT0395946,LST0395946,AG00902,LOC0140,Single Family,1,4.5,1572,1964,1920,777600.0,2025-05-02,Pending,,,12,0.0,3,Yes,No,2025-05-02,2026-08-24
UPDATE,2026-08-24T00:00:00,2026-08-24,PT0053560,LST0053560,AG02035,LOC0071,Single Family,4,1.5,2145,1278,1923,1083600.0,2025-03-06,Pending,,,126,0.0,1,No,No,2025-03-06,2026-08-24
UPDATE,2026-08-24T00:00:00,2026-08-24,PT0542409,LST0542409,AG02892,LOC0181,Apartment,4,3.0,1125,0,1984,213300.0,2026-08-06,Active,,,0,673.73,2,No,No,2026-08-06,2026-08-24
UPDATE,2026-08-24T00:00:00,2026-08-24,PT0025095,LST0025095,AG01086,LOC0145,Multi-Family,6,2.5,3697,2444,1991,751400.0,2025-12-29,Active,,,29,0.0,3,No,No,2025-12-29,2026-08-24
UPDATE,2026-08-24T00:00:00,2026-08-24,PT0254974,LST0254974,AG02247,LOC0165,Single Family,1,3.5,2220,2437,1941,1076000.0,2025-06-02,Active,,,85,0.0,2,Yes,Yes,2025-06-02,2026-08-24
UPDATE,2026-08-24T00:00:00,2026-08-24,PT0409685,LST0409685,AG02245,LOC0157,Townhouse,3,3.0,300,8373,1942,121700.0,2023-01-20,Pending,,,104,214.0,1,No,No,2023-01-20,2026-08-24
UPDATE,2026-08-24T00:00:00,2026-08-24,PT0023453,LST0023453,AG00587,LOC0018,Single Family,2,2.0,1916,1584,1913,1251700.0,2023-04-16,Sold,1266240.62,2026-08-24,1226,0.0,3,No,No,2023-04-16,2026-08-24
UPDATE,2026-08-24T00:00:00,2026-08-24,PT0498421,LST0498421,AG02715,LOC0110,Apartment,3,1.0,555,0,2011,165800.0,2023-02-12,Active,,,64,395.0,0,No,No,2023-02-12,2026-08-24
UPDATE,2026-08-24T00:00:00,2026-08-24,PT0532932,LST0532932,AG01418,LOC0122,Single Family,1,2.5,918,7626,1922,403000.0,2026-07-29,Active,,,0,0.0,1,No,No,2026-07-29,2026-08-24
UPDATE,2026-08-24T00:00:00,2026-08-24,PT0432596,LST0432596,AG02595,LOC0035,Single Family,4,1.0,2187,6147,1992,312700.0,2024-10-24,Active,,,93,0.0,3,No,No,2024-10-24,2026-08-24
UPDATE,2026-08-24T00:00:00,2026-08-24,PT0535772,LST0535772,AG01279,LOC0029,Multi-Family,4,1.0,3725,1246,1985,1099000.0,2026-07-31,Active,,,0,0.0,0,No,Yes,2026-07-31,2026-08-24
UPDATE,2026-08-24T00:00:00,2026-08-24,PT0523579,LST0523579,AG02015,LOC0128,Condo,2,1.0,1644,12881,1967,193700.0,2026-07-21,Active,,,0,305.77,0,No,No,2026-07-21,2026-08-24
UPDATE,2026-08-24T00:00:00,2026-08-24,PT0508376,LST0508376,AG00635,LOC0106,Single Family,5,1.5,1874,4596,1960,774100.0,2026-07-07,Active,,,0,0.0,0,No,Yes,2026-07-07,2026-08-24
UPDATE,2026-08-24T00:00:00,2026-08-24,PT0109746,LST0109746,AG00298,LOC0101,Single Family,1,1.0,1415,1308,2004,784400.0,2025-01-28,Active,,,142,0.0,1,No,No,2025-01-28,2026-08-24
UPDATE,2026-08-24T00:00:00,2026-08-24,PT0186824,LST0186824,AG01663,LOC0014,Multi-Family,3,1.0,2871,5645,1921,887300.0,2025-10-08,Active,,,165,0.0,1,No,Yes,2025-10-08,2026-08-24
UPDATE,2026-08-24T00:00:00,2026-08-24,PT0517449,LST0517449,AG02564,LOC0011,Land,0,0.0,6078,3786,1922,2194400.0,2026-07-15,Sold,2076269.34,2026-08-24,40,0.0,0,No,No,2026-07-15,2026-08-24
UPDATE,2026-08-24T00:00:00,2026-08-24,PT0077653,LST0077653,AG01818,LOC0102,Condo,3,1.0,2355,9370,1929,709500.0,2023-05-12,Active,,,177,344.0,0,Yes,No,2023-05-12,2026-08-24
UPDATE,2026-08-24T00:00:00,2026-08-24,PT0308920,LST0308920,AG02366,LOC0216,Single Family,3,3.5,2138,3914,2012,308600.0,2023-02-21,Pending,,,44,0.0,1,No,No,2023-02-21,2026-08-24
UPDATE,2026-08-24T00:00:00,2026-08-24,PT0491049,LST0491049,AG00388,LOC0212,Single Family,3,3.5,2443,12269,1968,1714400.0,2023-04-19,Active,,,145,0.0,2,No,No,2023-04-19,2026-08-24
UPDATE,2026-08-24T00:00:00,2026-08-24,PT0526943,LST0526943,AG02749,LOC0164,Townhouse,3,2.0,930,2140,1906,260600.0,2026-07-24,Active,,,0,368.93,2,No,No,2026-07-24,2026-08-24
UPDATE,2026-08-24T00:00:00,2026-08-24,PT0346614,LST0346614,AG02143,LOC0181,Townhouse,3,4.5,1851,1505,1912,777400.0,2025-01-26,Active,,,8,585.0,0,No,No,2025-01-26,2026-08-24
UPDATE,2026-08-24T00:00:00,2026-08-24,PT0190481,LST0190481,AG02919,LOC0239,Condo,4,3.0,1983,14183,1984,607400.0,2025-10-11,Pending,,,10,414.0,2,No,No,2025-10-11,2026-08-24
UPDATE,2026-08-24T00:00:00,2026-08-24,PT0463480,LST0463480,AG00669,LOC0007,Single Family,1,2.0,300,2267,1994,57800.0,2023-06-26,Pending,,,125,0.0,2,No,Yes,2023-06-26,2026-08-24
UPDATE,2026-08-24T00:00:00,2026-08-24,PT0034889,LST0034889,AG01939,LOC0112,Single Family,5,3.0,1505,3224,1933,94800.0,2024-10-08,Sold,96556.24,2026-08-24,685,0.0,1,No,Yes,2024-10-08,2026-08-24
UPDATE,2026-08-24T00:00:00,2026-08-24,PT0310072,LST0310072,AG01131,LOC0183,Condo,2,4.5,2087,3116,2003,540000.0,2023-05-04,Pending,,,86,288.0,0,No,No,2023-05-04,2026-08-24
UPDATE,2026-08-24T00:00:00,2026-08-24,PT0259313,LST0259313,AG01843,LOC0245,Single Family,1,3.0,1701,2380,1954,249000.0,2025-12-10,Pending,,,53,0.0,2,No,No,2025-12-10,2026-08-24
UPDATE,2026-08-24T00:00:00,2026-08-24,PT0447311,LST0447311,AG01022,LOC0068,Apartment,5,2.0,625,0,2004,195600.0,2024-01-05,Pending,,,105,499.0,3,No,No,2024-01-05,2026-08-24
UPDATE,2026-08-24T00:00:00,2026-08-24,PT0007340,LST0007340,AG02957,LOC0244,Townhouse,1,4.5,1289,1359,1931,188600.0,2023-03-17,Active,,,127,369.0,0,No,No,2023-03-17,2026-08-24
UPDATE,2026-08-24T00:00:00,2026-08-24,PT0185229,LST0185229,AG01959,LOC0075,Single Family,3,4.0,1337,7202,1967,230100.0,2023-11-27,Sold,212836.99,2026-08-24,1001,0.0,1,No,No,2023-11-27,2026-08-24
UPDATE,2026-08-24T00:00:00,2026-08-24,PT0361409,LST0361409,AG02875,LOC0067,Single Family,5,3.0,484,6204,2002,104600.0,2025-11-30,Active,,,137,0.0,2,No,No,2025-11-30,2026-08-24
UPDATE,2026-08-24T00:00:00,2026-08-24,PT0100109,LST0100109,AG00034,LOC0082,Condo,6,3.5,2703,2854,1974,410200.0,2023-10-06,Sold,395169.12,2026-08-24,1053,207.0,2,No,No,2023-10-06,2026-08-24
UPDATE,2026-08-24T00:00:00,2026-08-24,PT0554033,LST0554033,AG01723,LOC0142,Condo,5,1.0,2556,4504,1958,402100.0,2026-08-17,Active,,,0,730.74,0,No,No,2026-08-17,2026-08-24
UPDATE,2026-08-24T00:00:00,2026-08-24,PT0235256,LST0235256,AG02880,LOC0088,Condo,1,1.0,1786,1411,1969,152700.0,2025-06-14,Active,,,139,64.0,1,No,No,2025-06-14,2026-08-24
UPDATE,2026-08-24T00:00:00,2026-08-24,PT0403207,LST0403207,AG00877,LOC0036,Single Family,2,4.0,1222,1997,1921,431400.0,2023-06-21,Pending,,,76,0.0,0,No,No,2023-06-21,2026-08-24
UPDATE,2026-08-24T00:00:00,2026-08-24,PT0458334,LST0458334,AG02668,LOC0129,Single Family,5,2.5,1261,1022,1976,424100.0,2026-02-16,Sold,403947.91,2026-08-24,189,0.0,3,No,No,2026-02-16,2026-08-24
UPDATE,2026-08-24T00:00:00,2026-08-24,PT0247622,LST0247622,AG02516,LOC0225,Single Family,1,1.0,1914,10971,1944,837200.0,2023-09-19,Pending,,,24,0.0,1,Yes,Yes,2023-09-19,2026-08-24
UPDATE,2026-08-24T00:00:00,2026-08-24,PT0314743,LST0314743,AG02257,LOC0080,Single Family,5,4.5,2145,1685,2017,482800.0,2024-03-11,Sold,467588.02,2026-08-24,896,0.0,3,No,No,2024-03-11,2026-08-24
UPDATE,2026-08-24T00:00:00,2026-08-24,PT0294429,LST0294429,AG01138,LOC0056,Multi-Family,5,3.5,781,2202,1974,390500.0,2025-10-15,Pending,,,14,0.0,3,No,Yes,2025-10-15,2026-08-24
UPDATE,2026-08-24T00:00:00,2026-08-24,PT0375088,LST0375088,AG00215,LOC0054,Multi-Family,5,3.5,3877,2364,1990,921900.0,2024-05-15,Active,,,85,0.0,2,No,Yes,2024-05-15,2026-08-24
UPDATE,2026-08-24T00:00:00,2026-08-24,PT0536203,LST0536203,AG00969,LOC0121,Single Family,4,3.0,2607,3581,1997,511300.0,2026-08-01,Active,,,0,0.0,0,No,No,2026-08-01,2026-08-24
UPDATE,2026-08-24T00:00:00,2026-08-24,PT0148377,LST0148377,AG01909,LOC0181,Condo,4,3.0,2341,3691,1981,553800.0,2024-06-16,Pending,,,68,786.0,0,No,No,2024-06-16,2026-08-24
UPDATE,2026-08-24T00:00:00,2026-08-24,PT0314523,LST0314523,AG02224,LOC0190,Condo,1,4.0,2280,6227,1908,822400.0,2026-05-05,Pending,,,120,539.0,2,No,No,2026-05-05,2026-08-24
UPDATE,2026-08-24T00:00:00,2026-08-24,PT0123090,LST0123090,AG00531,LOC0022,Single Family,5,3.5,1816,6198,1936,893600.0,2024-11-09,Pending,,,157,0.0,0,No,Yes,2024-11-09,2026-08-24
UPDATE,2026-08-24T00:00:00,2026-08-24,PT0537582,LST0537582,AG02084,LOC0188,Townhouse,4,1.0,1201,3456,1993,243700.0,2026-08-02,Active,,,0,614.83,3,No,No,2026-08-02,2026-08-24
UPDATE,2026-08-24T00:00:00,2026-08-24,PT0471393,LST0471393,AG02746,LOC0145,Single Family,5,2.0,2938,3757,1957,702400.0,2023-12-28,Sold,671480.84,2026-08-24,970,0.0,2,No,Yes,2023-12-28,2026-08-24
UPDATE,2026-08-24T00:00:00,2026-08-24,PT0491477,LST0491477,AG01302,LOC0124,Single Family,5,1.5,2613,4835,1946,931600.0,2023-10-10,Pending,,,25,0.0,0,No,No,2023-10-10,2026-08-24
UPDATE,2026-08-24T00:00:00,2026-08-24,PT0073840,LST0073840,AG01397,LOC0193,Townhouse,3,4.5,2850,5291,1989,1209100.0,2023-11-17,Sold,1117719.8,2026-08-24,1011,638.0,1,No,No,2023-11-17,2026-08-24
UPDATE,2026-08-24T00:00:00,2026-08-24,PT0117815,LST0117815,AG02997,LOC0132,Condo,3,2.0,1628,10184,2014,466700.0,2023-07-01,Active,,,21,473.0,0,No,No,2023-07-01,2026-08-24
UPDATE,2026-08-24T00:00:00,2026-08-24,PT0092177,LST0092177,AG02755,LOC0163,Single Family,5,3.5,300,1902,1996,88300.0,2024-11-09,Active,,,139,0.0,0,No,No,2024-11-09,2026-08-24
UPDATE,2026-08-24T00:00:00,2026-08-24,PT0522263,LST0522263,AG02052,LOC0203,Land,0,0.0,3342,5125,1961,427800.0,2026-07-20,Active,,,0,0.0,0,No,No,2026-07-20,2026-08-24
UPDATE,2026-08-24T00:00:00,2026-08-24,PT0266281,LST0266281,AG01966,LOC0007,Single Family,3,2.0,2128,7893,1945,370100.0,2023-12-26,Sold,337755.61,2026-08-24,972,0.0,2,No,No,2023-12-26,2026-08-24
UPDATE,2026-08-24T00:00:00,2026-08-24,PT0363178,LST0363178,AG00187,LOC0057,Multi-Family,4,3.0,5481,3805,1960,1669900.0,2026-05-25,Active,,,56,0.0,1,No,Yes,2026-05-25,2026-08-24
UPDATE,2026-08-24T00:00:00,2026-08-24,PT0023630,LST0023630,AG02315,LOC0036,Condo,5,1.5,1251,1966,1940,427600.0,2023-07-22,Sold,450512.09,2026-08-24,1129,233.0,3,No,No,2023-07-22,2026-08-24
UPDATE,2026-08-24T00:00:00,2026-08-24,PT0210606,LST0210606,AG00754,LOC0142,Condo,2,4.0,1470,3729,2006,437700.0,2026-02-10,Pending,,,95,252.0,0,No,No,2026-02-10,2026-08-24
UPDATE,2026-08-24T00:00:00,2026-08-24,PT0504473,LST0504473,AG01306,LOC0008,Condo,5,2.5,2653,3490,1934,270400.0,2026-07-04,Active,,,0,742.8,2,No,No,2026-07-04,2026-08-24
UPDATE,2026-08-24T00:00:00,2026-08-24,PT0001293,LST0001293,AG02432,LOC0234,Townhouse,1,4.0,1842,4019,1989,1080200.0,2023-08-12,Pending,,,19,169.0,3,Yes,No,2023-08-12,2026-08-24
UPDATE,2026-08-24T00:00:00,2026-08-24,PT0388432,LST0388432,AG00690,LOC0109,Multi-Family,6,3.0,3987,7730,1929,1982900.0,2025-03-04,Active,,,129,0.0,2,No,Yes,2025-03-04,2026-08-24
UPDATE,2026-08-24T00:00:00,2026-08-24,PT0525558,LST0525558,AG00934,LOC0007,Condo,3,2.0,1380,2623,1919,206800.0,2026-07-23,Active,,,0,597.97,2,No,No,2026-07-23,2026-08-24
UPDATE,2026-08-24T00:00:00,2026-08-24,PT0081202,LST0081202,AG01294,LOC0040,Apartment,2,1.5,1422,0,1934,867100.0,2025-08-16,Active,,,85,73.0,1,No,No,2025-08-16,2026-08-24
UPDATE,2026-08-24T00:00:00,2026-08-24,PT0553502,LST0553502,AG01036,LOC0040,Land,0,0.0,6605,9108,1974,6476500.0,2026-08-16,Active,,,0,0.0,0,No,No,2026-08-16,2026-08-24
UPDATE,2026-08-24T00:00:00,2026-08-24,PT0148743,LST0148743,AG01424,LOC0196,Single Family,6,1.5,731,2741,2017,263300.0,2025-07-16,Pending,,,83,0.0,3,No,Yes,2025-07-16,2026-08-24
UPDATE,2026-08-24T00:00:00,2026-08-24,PT0301657,LST0301657,AG00023,LOC0022,Single Family,4,3.5,1969,6120,1928,403400.0,2023-04-08,Active,,,102,0.0,3,No,Yes,2023-04-08,2026-08-24
UPDATE,2026-08-24T00:00:00,2026-08-24,PT0155881,LST0155881,AG00331,LOC0195,Condo,3,4.5,2853,1017,1974,783400.0,2023-08-16,Pending,,,81,471.0,0,No,No,2023-08-16,2026-08-24
UPDATE,2026-08-24T00:00:00,2026-08-24,PT0288367,LST0288367,AG00771,LOC0152,Single Family,6,2.5,1589,1695,2010,354000.0,2023-09-07,Active,,,167,0.0,1,Yes,No,2023-09-07,2026-08-24
UPDATE,2026-08-24T00:00:00,2026-08-24,PT0363061,LST0363061,AG02144,LOC0241,Single Family,4,2.0,2309,7285,2019,325400.0,2024-02-27,Pending,,,91,0.0,2,No,No,2024-02-27,2026-08-24
UPDATE,2026-08-24T00:00:00,2026-08-24,PT0042753,LST0042753,AG01589,LOC0237,Condo,3,1.5,1408,2320,1951,382500.0,2024-06-21,Pending,,,114,328.0,0,No,No,2024-06-21,2026-08-24
UPDATE,2026-08-24T00:00:00,2026-08-24,PT0398613,LST0398613,AG00790,LOC0039,Single Family,2,1.0,2192,6477,2009,733100.0,2026-01-07,Sold,739693.49,2026-08-24,229,0.0,3,Yes,Yes,2026-01-07,2026-08-24
UPDATE,2026-08-24T00:00:00,2026-08-24,PT0283800,LST0283800,AG00309,LOC0110,Single Family,4,2.0,1931,10535,1936,329500.0,2024-06-27,Pending,,,100,0.0,2,No,Yes,2024-06-27,2026-08-24
UPDATE,2026-08-24T00:00:00,2026-08-24,PT0025704,LST0025704,AG01831,LOC0028,Single Family,4,2.5,2426,6224,2024,411300.0,2024-11-08,Pending,,,34,0.0,2,No,No,2024-11-08,2026-08-24
UPDATE,2026-08-24T00:00:00,2026-08-24,PT0145426,LST0145426,AG01906,LOC0043,Condo,2,1.5,1344,9309,1978,247200.0,2025-01-06,Sold,244741.12,2026-08-24,595,69.0,0,No,No,2025-01-06,2026-08-24
UPDATE,2026-08-24T00:00:00,2026-08-24,PT0032674,LST0032674,AG00997,LOC0198,Multi-Family,6,1.0,3898,6373,1928,359300.0,2024-01-19,Sold,353788.09,2026-08-24,948,0.0,1,No,Yes,2024-01-19,2026-08-24
UPDATE,2026-08-24T00:00:00,2026-08-24,PT0129839,LST0129839,AG01971,LOC0089,Single Family,6,4.5,1932,1714,1952,703900.0,2026-02-01,Active,,,171,0.0,0,No,No,2026-02-01,2026-08-24
UPDATE,2026-08-24T00:00:00,2026-08-24,PT0267695,LST0267695,AG00147,LOC0049,Condo,1,3.5,2824,6504,1992,1152200.0,2023-08-26,Sold,1167077.75,2026-08-24,1094,550.0,0,Yes,No,2023-08-26,2026-08-24
UPDATE,2026-08-24T00:00:00,2026-08-24,PT0195524,LST0195524,AG00658,LOC0228,Single Family,1,4.0,1217,2378,1964,806200.0,2024-04-21,Active,,,100,0.0,1,No,No,2024-04-21,2026-08-24
UPDATE,2026-08-24T00:00:00,2026-08-24,PT0290980,LST0290980,AG00078,LOC0061,Condo,4,1.0,2772,15959,2016,388500.0,2024-05-28,Sold,395504.34,2026-08-24,818,522.0,2,No,No,2024-05-28,2026-08-24
UPDATE,2026-08-24T00:00:00,2026-08-24,PT0517789,LST0517789,AG01192,LOC0006,Single Family,4,1.0,2428,5843,2017,395800.0,2026-07-15,Pending,,,0,0.0,1,No,Yes,2026-07-15,2026-08-24
UPDATE,2026-08-24T00:00:00,2026-08-24,PT0548857,LST0548857,AG02502,LOC0013,Condo,6,2.0,1413,1641,1921,400900.0,2026-08-12,Pending,,,0,346.78,3,No,No,2026-08-12,2026-08-24
UPDATE,2026-08-24T00:00:00,2026-08-24,PT0146728,LST0146728,AG01898,LOC0070,Condo,4,1.0,2281,5418,1947,591700.0,2025-07-25,Pending,,,66,363.0,0,No,No,2025-07-25,2026-08-24
UPDATE,2026-08-24T00:00:00,2026-08-24,PT0144154,LST0144154,AG00037,LOC0240,Land,0,0.0,5965,2906,1903,1915000.0,2026-03-13,Pending,,,77,0.0,0,No,No,2026-03-13,2026-08-24
UPDATE,2026-08-24T00:00:00,2026-08-24,PT0549653,LST0549653,AG01124,LOC0143,Townhouse,1,3.5,3433,9394,1935,429100.0,2026-08-13,Active,,,0,277.85,1,Yes,No,2026-08-13,2026-08-24
UPDATE,2026-08-24T00:00:00,2026-08-24,PT0465342,LST0465342,AG02929,LOC0047,Single Family,1,1.5,3393,7368,1983,1608200.0,2023-10-10,Pending,,,106,0.0,2,No,Yes,2023-10-10,2026-08-24
UPDATE,2026-08-24T00:00:00,2026-08-24,PT0267713,LST0267713,AG00646,LOC0079,Condo,3,4.0,1001,6750,1975,286200.0,2023-03-25,Sold,284155.28,2026-08-24,1248,291.0,2,No,No,2023-03-25,2026-08-24
UPDATE,2026-08-24T00:00:00,2026-08-24,PT0004706,LST0004706,AG02678,LOC0078,Single Family,6,4.0,1309,3150,1940,646300.0,2024-05-07,Pending,,,33,0.0,0,No,No,2024-05-07,2026-08-24
UPDATE,2026-08-24T00:00:00,2026-08-24,PT0257453,LST0257453,AG00317,LOC0132,Land,0,0.0,4996,2297,1905,1644800.0,2025-10-11,Pending,,,52,0.0,0,No,No,2025-10-11,2026-08-24
UPDATE,2026-08-24T00:00:00,2026-08-24,PT0011708,LST0011708,AG00445,LOC0051,Single Family,4,2.0,729,9663,1958,78100.0,2026-02-19,Active,,,158,0.0,1,No,Yes,2026-02-19,2026-08-24
UPDATE,2026-08-24T00:00:00,2026-08-24,PT0447511,LST0447511,AG00038,LOC0091,Condo,3,2.0,1974,7295,1926,942100.0,2024-05-08,Pending,,,169,254.0,1,No,No,2024-05-08,2026-08-24
UPDATE,2026-08-24T00:00:00,2026-08-24,PT0043811,LST0043811,AG02434,LOC0062,Townhouse,6,3.0,1516,1544,1956,577000.0,2026-04-19,Pending,,,144,176.0,3,No,No,2026-04-19,2026-08-24
UPDATE,2026-08-24T00:00:00,2026-08-24,PT0507116,LST0507116,AG02349,LOC0194,Condo,3,3.0,1635,3915,1969,433400.0,2026-07-06,Active,,,0,580.55,1,No,No,2026-07-06,2026-08-24
UPDATE,2026-08-24T00:00:00,2026-08-24,PT0456171,LST0456171,AG01064,LOC0074,Single Family,5,4.5,2695,6476,1929,1150800.0,2024-06-07,Pending,,,155,0.0,0,No,Yes,2024-06-07,2026-08-24
UPDATE,2026-08-24T00:00:00,2026-08-24,PT0110881,LST0110881,AG01255,LOC0169,Single Family,5,2.0,2018,2017,1973,491400.0,2025-11-05,Active,,,177,0.0,3,No,No,2025-11-05,2026-08-24
UPDATE,2026-08-24T00:00:00,2026-08-24,PT0114776,LST0114776,AG01848,LOC0109,Land,0,0.0,8546,13030,2013,6362300.0,2025-01-03,Sold,5206544.95,2026-08-24,598,0.0,0,No,No,2025-01-03,2026-08-24
UPDATE,2026-08-24T00:00:00,2026-08-24,PT0556225,LST0556225,AG02366,LOC0216,Single Family,1,3.5,1236,1024,1974,320900.0,2026-08-19,Sold,309614.75,2026-08-24,5,0.0,0,Yes,No,2026-08-19,2026-08-24
UPDATE,2026-08-24T00:00:00,2026-08-24,PT0465043,LST0465043,AG01247,LOC0051,Single Family,4,1.5,3094,4591,1991,220100.0,2023-09-11,Sold,221122.26,2026-08-24,1078,0.0,1,No,No,2023-09-11,2026-08-24
UPDATE,2026-08-24T00:00:00,2026-08-24,PT0098905,LST0098905,AG01968,LOC0219,Single Family,2,1.5,2233,11327,1929,1069200.0,2025-07-06,Active,,,66,0.0,1,No,No,2025-07-06,2026-08-24
UPDATE,2026-08-24T00:00:00,2026-08-24,PT0087871,LST0087871,AG01973,LOC0115,Single Family,1,4.0,1051,12899,1965,257000.0,2023-09-19,Active,,,161,0.0,2,Yes,No,2023-09-19,2026-08-24
UPDATE,2026-08-24T00:00:00,2026-08-24,PT0069852,LST0069852,AG00551,LOC0224,Single Family,5,1.0,1864,8526,1966,838600.0,2026-03-17,Pending,,,148,0.0,3,No,Yes,2026-03-17,2026-08-24
UPDATE,2026-08-24T00:00:00,2026-08-24,PT0125242,LST0125242,AG01210,LOC0100,Single Family,4,1.5,2561,1316,1920,392700.0,2024-07-11,Active,,,39,0.0,2,No,No,2024-07-11,2026-08-24
UPDATE,2026-08-24T00:00:00,2026-08-24,PT0560783,LST0560783,AG02547,LOC0151,Single Family,1,4.5,1644,15363,1919,297800.0,2026-08-23,Pending,,,0,0.0,0,No,No,2026-08-23,2026-08-24
UPDATE,2026-08-24T00:00:00,2026-08-24,PT0425857,LST0425857,AG00165,LOC0207,Townhouse,5,4.5,1248,2764,1930,259300.0,2024-10-18,Active,,,151,102.0,0,Yes,No,2024-10-18,2026-08-24
UPDATE,2026-08-24T00:00:00,2026-08-24,PT0047861,LST0047861,AG00693,LOC0163,Land,0,0.0,3300,7700,1936,1421300.0,2025-06-15,Pending,,,163,0.0,0,No,No,2025-06-15,2026-08-24
UPDATE,2026-08-24T00:00:00,2026-08-24,PT0033654,LST0033654,AG01053,LOC0224,Condo,3,3.5,2012,5707,1938,482900.0,2025-06-04,Pending,,,34,186.0,3,No,No,2025-06-04,2026-08-24
UPDATE,2026-08-24T00:00:00,2026-08-24,PT0133080,LST0133080,AG01318,LOC0212,Single Family,1,1.0,2867,4031,1911,1439600.0,2023-02-20,Active,,,46,0.0,3,Yes,No,2023-02-20,2026-08-24
UPDATE,2026-08-24T00:00:00,2026-08-24,PT0549451,LST0549451,AG02869,LOC0028,Single Family,5,2.5,1725,18644,1944,178900.0,2026-08-13,Active,,,0,0.0,1,No,Yes,2026-08-13,2026-08-24
UPDATE,2026-08-24T00:00:00,2026-08-24,PT0547281,LST0547281,AG01442,LOC0008,Single Family,5,4.5,1778,1483,1928,252000.0,2026-08-10,Pending,,,0,0.0,3,No,Yes,2026-08-10,2026-08-24
UPDATE,2026-08-24T00:00:00,2026-08-24,PT0531985,LST0531985,AG00796,LOC0056,Single Family,6,2.5,465,14443,1921,187000.0,2026-07-28,Active,,,0,0.0,3,Yes,Yes,2026-07-28,2026-08-24
UPDATE,2026-08-24T00:00:00,2026-08-24,PT0326623,LST0326623,AG01864,LOC0127,Condo,3,3.0,1410,18396,1920,812700.0,2025-09-04,Active,,,20,695.0,2,No,No,2025-09-04,2026-08-24
UPDATE,2026-08-24T00:00:00,2026-08-24,PT0394537,LST0394537,AG01467,LOC0061,Condo,2,1.5,1746,3536,1942,184100.0,2026-05-11,Active,,,164,67.0,2,No,No,2026-05-11,2026-08-24
UPDATE,2026-08-24T00:00:00,2026-08-24,PT0450300,LST0450300,AG02939,LOC0004,Condo,1,4.0,1448,6241,2002,222600.0,2023-12-09,Pending,,,62,308.0,1,No,No,2023-12-09,2026-08-24
UPDATE,2026-08-24T00:00:00,2026-08-24,PT0413768,LST0413768,AG02497,LOC0022,Condo,3,2.5,2867,6627,1936,1356900.0,2023-04-27,Pending,,,152,342.0,1,No,No,2023-04-27,2026-08-24
UPDATE,2026-08-24T00:00:00,2026-08-24,PT0160584,LST0160584,AG01613,LOC0150,Single Family,5,4.0,1250,5832,1935,312100.0,2023-09-08,Pending,,,32,0.0,3,No,Yes,2023-09-08,2026-08-24
UPDATE,2026-08-24T00:00:00,2026-08-24,PT0001922,LST0001922,AG01228,LOC0147,Multi-Family,6,4.5,2528,4556,1965,350200.0,2026-06-24,Active,,,116,0.0,3,Yes,No,2026-06-24,2026-08-24
UPDATE,2026-08-24T00:00:00,2026-08-24,PT0515744,LST0515744,AG02754,LOC0072,Condo,3,1.5,1878,2986,1981,247800.0,2026-07-13,Pending,,,0,264.82,2,No,No,2026-07-13,2026-08-24
UPDATE,2026-08-24T00:00:00,2026-08-24,PT0529885,LST0529885,AG01564,LOC0067,Single Family,2,1.0,1672,4503,1994,525100.0,2026-07-26,Pending,,,0,0.0,3,No,No,2026-07-26,2026-08-24
UPDATE,2026-08-24T00:00:00,2026-08-24,PT0426997,LST0426997,AG01076,LOC0091,Condo,6,4.0,1539,10050,2008,534000.0,2024-03-06,Active,,,18,337.0,1,No,No,2024-03-06,2026-08-24
UPDATE,2026-08-24T00:00:00,2026-08-24,PT0127129,LST0127129,AG02029,LOC0113,Multi-Family,6,2.0,3961,3920,2024,1416300.0,2024-12-07,Sold,1253920.52,2026-08-24,625,0.0,1,No,No,2024-12-07,2026-08-24
UPDATE,2026-08-24T00:00:00,2026-08-24,PT0363018,LST0363018,AG00232,LOC0205,Single Family,6,4.5,1498,5257,2005,304100.0,2025-04-06,Active,,,17,0.0,3,No,Yes,2025-04-06,2026-08-24
UPDATE,2026-08-24T00:00:00,2026-08-24,PT0427182,LST0427182,AG01981,LOC0196,Single Family,1,4.5,2044,4103,1955,753900.0,2026-03-27,Active,,,141,0.0,3,No,No,2026-03-27,2026-08-24
UPDATE,2026-08-24T00:00:00,2026-08-24,PT0114598,LST0114598,AG01041,LOC0008,Single Family,4,1.5,1635,5271,2023,257500.0,2025-04-09,Pending,,,126,0.0,2,No,Yes,2025-04-09,2026-08-24
UPDATE,2026-08-24T00:00:00,2026-08-24,PT0031380,LST0031380,AG02112,LOC0221,Multi-Family,5,1.0,3667,14979,1999,1933700.0,2026-06-03,Pending,,,2,0.0,0,No,No,2026-06-03,2026-08-24
UPDATE,2026-08-24T00:00:00,2026-08-24,PT0235972,LST0235972,AG02663,LOC0073,Single Family,4,4.5,503,6296,1957,148700.0,2025-10-11,Active,,,33,0.0,3,No,No,2025-10-11,2026-08-24
UPDATE,2026-08-24T00:00:00,2026-08-24,PT0305836,LST0305836,AG00073,LOC0234,Apartment,2,4.0,1812,0,1976,425300.0,2025-04-25,Active,,,178,399.0,2,No,No,2025-04-25,2026-08-24
UPDATE,2026-08-24T00:00:00,2026-08-24,PT0288488,LST0288488,AG02864,LOC0216,Townhouse,4,4.5,861,4869,1925,162500.0,2023-04-01,Pending,,,57,533.0,0,No,No,2023-04-01,2026-08-24
UPDATE,2026-08-24T00:00:00,2026-08-24,PT0259321,LST0259321,AG02547,LOC0242,Single Family,4,2.0,1705,4108,1965,347900.0,2024-03-19,Pending,,,20,0.0,2,No,No,2024-03-19,2026-08-24
UPDATE,2026-08-24T00:00:00,2026-08-24,PT0555033,LST0555033,AG01488,LOC0073,Single Family,4,1.5,2263,2266,1913,971900.0,2026-08-18,Active,,,0,0.0,0,No,Yes,2026-08-18,2026-08-24
UPDATE,2026-08-24T00:00:00,2026-08-24,PT0520201,LST0520201,AG00525,LOC0221,Single Family,2,2.0,1967,2702,2019,384900.0,2026-07-18,Active,,,0,0.0,2,No,Yes,2026-07-18,2026-08-24
UPDATE,2026-08-24T00:00:00,2026-08-24,PT0396200,LST0396200,AG00746,LOC0064,Single Family,6,1.5,1632,1623,1998,166700.0,2025-11-04,Pending,,,178,0.0,1,No,Yes,2025-11-04,2026-08-24
UPDATE,2026-08-24T00:00:00,2026-08-24,PT0068043,LST0068043,AG02508,LOC0210,Single Family,3,4.0,2169,6722,1921,671300.0,2024-06-08,Active,,,75,0.0,0,No,No,2024-06-08,2026-08-24
UPDATE,2026-08-24T00:00:00,2026-08-24,PT0283864,LST0283864,AG01295,LOC0200,Single Family,2,2.0,2396,7719,1988,569000.0,2025-09-22,Active,,,66,0.0,1,Yes,No,2025-09-22,2026-08-24
UPDATE,2026-08-24T00:00:00,2026-08-24,PT0300476,LST0300476,AG01490,LOC0070,Multi-Family,5,1.0,5748,18019,1962,705100.0,2026-05-11,Active,,,93,0.0,3,No,Yes,2026-05-11,2026-08-24
UPDATE,2026-08-24T00:00:00,2026-08-24,PT0455659,LST0455659,AG00215,LOC0217,Single Family,6,3.5,1834,1040,1981,328500.0,2025-11-04,Sold,312033.87,2026-08-24,293,0.0,1,Yes,Yes,2025-11-04,2026-08-24
UPDATE,2026-08-24T00:00:00,2026-08-24,PT0081144,LST0081144,AG02436,LOC0195,Townhouse,6,1.5,563,8214,1930,124600.0,2026-06-02,Pending,,,122,107.0,0,Yes,No,2026-06-02,2026-08-24
UPDATE,2026-08-24T00:00:00,2026-08-24,PT0556799,LST0556799,AG00653,LOC0134,Land,0,0.0,6579,2311,2002,3281500.0,2026-08-20,Active,,,0,0.0,0,No,No,2026-08-20,2026-08-24
UPDATE,2026-08-24T00:00:00,2026-08-24,PT0382530,LST0382530,AG00301,LOC0164,Single Family,3,3.5,2071,2326,1913,576200.0,2023-05-24,Active,,,72,0.0,2,No,Yes,2023-05-24,2026-08-24
UPDATE,2026-08-24T00:00:00,2026-08-24,PT0187441,LST0187441,AG01888,LOC0078,Single Family,5,1.0,2055,5481,1944,525500.0,2023-12-30,Pending,,,146,0.0,0,No,No,2023-12-30,2026-08-24
UPDATE,2026-08-24T00:00:00,2026-08-24,PT0547554,LST0547554,AG00869,LOC0136,Condo,6,3.5,2599,13611,1910,668900.0,2026-08-11,Active,,,0,542.72,2,No,No,2026-08-11,2026-08-24
UPDATE,2026-08-24T00:00:00,2026-08-24,PT0098949,LST0098949,AG02851,LOC0006,Single Family,2,1.0,2446,5800,1936,391200.0,2024-07-13,Active,,,164,0.0,3,No,No,2024-07-13,2026-08-24
UPDATE,2026-08-24T00:00:00,2026-08-24,PT0089539,LST0089539,AG01561,LOC0153,Townhouse,3,4.5,1288,3474,1904,335500.0,2023-05-10,Pending,,,100,189.0,0,No,No,2023-05-10,2026-08-24
UPDATE,2026-08-24T00:00:00,2026-08-24,PT0527606,LST0527606,AG02369,LOC0181,Condo,4,4.0,1332,9954,1965,374400.0,2026-07-24,Sold,380565.36,2026-08-24,31,236.9,2,No,No,2026-07-24,2026-08-24
UPDATE,2026-08-24T00:00:00,2026-08-24,PT0512060,LST0512060,AG01131,LOC0123,Single Family,6,3.5,1715,7181,2001,662200.0,2026-07-10,Active,,,0,0.0,0,Yes,Yes,2026-07-10,2026-08-24
UPDATE,2026-08-24T00:00:00,2026-08-24,PT0363035,LST0363035,AG02671,LOC0211,Townhouse,4,2.5,1383,4181,1973,825800.0,2023-07-10,Pending,,,139,650.0,0,No,No,2023-07-10,2026-08-24
UPDATE,2026-08-24T00:00:00,2026-08-24,PT0541166,LST0541166,AG02596,LOC0058,Single Family,6,1.0,3261,9587,1900,1026300.0,2026-08-05,Active,,,0,0.0,0,No,No,2026-08-05,2026-08-24
UPDATE,2026-08-24T00:00:00,2026-08-24,PT0444614,LST0444614,AG02087,LOC0090,Single Family,2,1.0,1953,5490,1921,828000.0,2024-12-11,Pending,,,6,0.0,1,No,No,2024-12-11,2026-08-24
UPDATE,2026-08-24T00:00:00,2026-08-24,PT0146033,LST0146033,AG02712,LOC0123,Single Family,2,2.5,1457,3024,1919,534800.0,2023-05-30,Pending,,,103,0.0,2,No,No,2023-05-30,2026-08-24
UPDATE,2026-08-24T00:00:00,2026-08-24,PT0328923,LST0328923,AG01848,LOC0159,Townhouse,2,2.5,2498,8258,1953,504900.0,2026-03-27,Sold,483624.89,2026-08-24,150,153.0,2,Yes,No,2026-03-27,2026-08-24
UPDATE,2026-08-24T00:00:00,2026-08-24,PT0243767,LST0243767,AG02926,LOC0179,Single Family,2,4.5,2743,1237,2016,200700.0,2023-11-20,Pending,,,163,0.0,3,No,No,2023-11-20,2026-08-24
UPDATE,2026-08-24T00:00:00,2026-08-24,PT0511581,LST0511581,AG01564,LOC0099,Single Family,3,1.0,1245,5966,1929,479600.0,2026-07-10,Sold,441955.41,2026-08-24,45,0.0,2,No,Yes,2026-07-10,2026-08-24
UPDATE,2026-08-24T00:00:00,2026-08-24,PT0315137,LST0315137,AG01379,LOC0069,Apartment,1,1.0,554,0,1946,143300.0,2025-07-15,Pending,,,47,461.0,0,No,No,2025-07-15,2026-08-24
UPDATE,2026-08-24T00:00:00,2026-08-24,PT0076064,LST0076064,AG00437,LOC0100,Townhouse,3,3.0,601,5052,1952,68400.0,2024-07-16,Sold,70519.98,2026-08-24,769,668.0,0,No,No,2024-07-16,2026-08-24
UPDATE,2026-08-24T00:00:00,2026-08-24,PT0170945,LST0170945,AG02642,LOC0102,Single Family,6,4.0,1692,8529,1930,451700.0,2025-05-09,Pending,,,127,0.0,1,No,Yes,2025-05-09,2026-08-24
UPDATE,2026-08-24T00:00:00,2026-08-24,PT0288669,LST0288669,AG00844,LOC0026,Condo,6,4.0,2130,3238,1939,854200.0,2025-10-19,Active,,,37,599.0,3,No,No,2025-10-19,2026-08-24
UPDATE,2026-08-24T00:00:00,2026-08-24,PT0295616,LST0295616,AG00084,LOC0134,Single Family,5,2.5,712,1023,2005,159000.0,2024-09-19,Pending,,,88,0.0,1,Yes,No,2024-09-19,2026-08-24
UPDATE,2026-08-24T00:00:00,2026-08-24,PT0420952,LST0420952,AG01982,LOC0215,Single Family,4,3.0,773,14252,1980,341100.0,2023-11-24,Active,,,169,0.0,0,No,No,2023-11-24,2026-08-24
UPDATE,2026-08-24T00:00:00,2026-08-24,PT0102811,LST0102811,AG00195,LOC0173,Land,0,0.0,5117,2716,2019,1387500.0,2024-05-29,Sold,1320029.9,2026-08-24,817,0.0,0,No,No,2024-05-29,2026-08-24
UPDATE,2026-08-24T00:00:00,2026-08-24,PT0083614,LST0083614,AG02223,LOC0210,Single Family,3,3.5,838,3970,1970,381000.0,2025-08-22,Active,,,135,0.0,3,No,Yes,2025-08-22,2026-08-24
UPDATE,2026-08-24T00:00:00,2026-08-24,PT0541053,LST0541053,AG00103,LOC0149,Multi-Family,4,4.0,4645,5889,1945,852900.0,2026-08-05,Active,,,0,0.0,0,No,No,2026-08-05,2026-08-24
UPDATE,2026-08-24T00:00:00,2026-08-24,PT0345420,LST0345420,AG00942,LOC0189,Townhouse,6,2.0,3271,1977,1930,1059300.0,2025-01-13,Active,,,45,734.0,3,Yes,No,2025-01-13,2026-08-24
UPDATE,2026-08-24T00:00:00,2026-08-24,PT0224764,LST0224764,AG00786,LOC0102,Apartment,4,4.5,1643,0,1933,516500.0,2025-11-04,Active,,,5,367.0,2,No,No,2025-11-04,2026-08-24
UPDATE,2026-08-24T00:00:00,2026-08-24,PT0546082,LST0546082,AG02346,LOC0160,Apartment,2,3.0,535,0,1985,76800.0,2026-08-09,Pending,,,0,166.56,0,No,No,2026-08-09,2026-08-24
UPDATE,2026-08-24T00:00:00,2026-08-24,PT0018232,LST0018232,AG02608,LOC0076,Condo,4,1.0,1682,2686,2016,410900.0,2023-08-22,Pending,,,153,277.0,2,No,No,2023-08-22,2026-08-24
UPDATE,2026-08-24T00:00:00,2026-08-24,PT0254926,LST0254926,AG00645,LOC0096,Townhouse,1,1.0,2655,3494,1922,515800.0,2024-03-13,Active,,,147,295.0,2,No,No,2024-03-13,2026-08-24
UPDATE,2026-08-24T00:00:00,2026-08-24,PT0483241,LST0483241,AG00804,LOC0057,Land,0,0.0,7043,1286,1908,2096800.0,2026-01-19,Pending,,,2,0.0,0,No,No,2026-01-19,2026-08-24
UPDATE,2026-08-24T00:00:00,2026-08-24,PT0244300,LST0244300,AG02569,LOC0046,Condo,5,1.5,2561,3575,1929,596500.0,2025-09-15,Pending,,,31,60.0,3,No,No,2025-09-15,2026-08-24
UPDATE,2026-08-24T00:00:00,2026-08-24,PT0436830,LST0436830,AG02063,LOC0226,Townhouse,4,3.0,1021,5748,1956,340700.0,2023-08-19,Active,,,142,103.0,2,No,No,2023-08-19,2026-08-24
UPDATE,2026-08-24T00:00:00,2026-08-24,PT0299578,LST0299578,AG01279,LOC0187,Single Family,5,1.5,1873,5497,1979,428800.0,2025-06-17,Active,,,103,0.0,0,No,Yes,2025-06-17,2026-08-24
UPDATE,2026-08-24T00:00:00,2026-08-24,PT0070346,LST0070346,AG01531,LOC0200,Apartment,6,4.5,1716,0,1971,170800.0,2026-01-30,Pending,,,11,193.0,3,No,No,2026-01-30,2026-08-24
UPDATE,2026-08-24T00:00:00,2026-08-24,PT0546262,LST0546262,AG02526,LOC0141,Townhouse,4,4.0,2173,4374,1942,125400.0,2026-08-09,Active,,,0,501.66,0,No,No,2026-08-09,2026-08-24
UPDATE,2026-08-24T00:00:00,2026-08-24,PT0555218,LST0555218,AG00723,LOC0206,Land,0,0.0,6413,2653,1999,1681500.0,2026-08-18,Sold,1545703.34,2026-08-24,6,0.0,0,No,No,2026-08-18,2026-08-24
UPDATE,2026-08-24T00:00:00,2026-08-24,PT0519443,LST0519443,AG02550,LOC0087,Townhouse,3,3.0,1369,21872,1914,461300.0,2026-07-17,Pending,,,0,95.06,2,No,No,2026-07-17,2026-08-24
UPDATE,2026-08-24T00:00:00,2026-08-24,PT0522825,LST0522825,AG01355,LOC0242,Land,0,0.0,5114,2026,1973,444700.0,2026-07-20,Active,,,0,0.0,0,No,No,2026-07-20,2026-08-24
UPDATE,2026-08-24T00:00:00,2026-08-24,PT0330836,LST0330836,AG00505,LOC0134,Multi-Family,6,1.0,2912,1013,1905,1062600.0,2026-04-05,Pending,,,167,0.0,3,No,Yes,2026-04-05,2026-08-24
UPDATE,2026-08-24T00:00:00,2026-08-24,PT0366417,LST0366417,AG01718,LOC0226,Townhouse,2,4.0,3505,8289,2011,987200.0,2023-08-07,Sold,825594.52,2026-08-24,1113,320.0,0,No,No,2023-08-07,2026-08-24
UPDATE,2026-08-24T00:00:00,2026-08-24,PT0377305,LST0377305,AG00785,LOC0215,Land,0,0.0,5614,4375,1987,2040100.0,2024-06-30,Pending,,,55,0.0,0,No,No,2024-06-30,2026-08-24
UPDATE,2026-08-24T00:00:00,2026-08-24,PT0384298,LST0384298,AG01289,LOC0185,Single Family,6,2.0,1142,3563,2013,438400.0,2024-06-24,Pending,,,52,0.0,3,No,Yes,2024-06-24,2026-08-24
UPDATE,2026-08-24T00:00:00,2026-08-24,PT0238592,LST0238592,AG02915,LOC0119,Condo,5,1.5,904,2088,2018,222500.0,2023-06-30,Active,,,21,374.0,0,No,No,2023-06-30,2026-08-24
UPDATE,2026-08-24T00:00:00,2026-08-24,PT0229728,LST0229728,AG00556,LOC0057,Single Family,3,3.0,1434,14749,2022,683400.0,2024-02-16,Pending,,,107,0.0,3,Yes,Yes,2024-02-16,2026-08-24
UPDATE,2026-08-24T00:00:00,2026-08-24,PT0508825,LST0508825,AG00783,LOC0052,Single Family,3,4.5,1333,8387,1947,317800.0,2026-07-08,Sold,295013.79,2026-08-24,47,0.0,0,No,No,2026-07-08,2026-08-24
UPDATE,2026-08-24T00:00:00,2026-08-24,PT0082251,LST0082251,AG01366,LOC0029,Townhouse,4,2.0,2338,6998,1907,791700.0,2026-01-24,Pending,,,123,614.0,2,No,No,2026-01-24,2026-08-24
UPDATE,2026-08-24T00:00:00,2026-08-24,PT0103690,LST0103690,AG02633,LOC0133,Single Family,2,2.5,1606,3268,1958,264800.0,2025-10-13,Active,,,43,0.0,1,No,No,2025-10-13,2026-08-24
UPDATE,2026-08-24T00:00:00,2026-08-24,PT0266133,LST0266133,AG01808,LOC0109,Single Family,2,2.0,2859,11804,1971,621100.0,2024-04-27,Active,,,116,0.0,1,Yes,No,2024-04-27,2026-08-24
UPDATE,2026-08-24T00:00:00,2026-08-24,PT0208789,LST0208789,AG00920,LOC0147,Land,0,0.0,4499,2424,1966,403800.0,2024-08-03,Pending,,,1,0.0,0,No,No,2024-08-03,2026-08-24
UPDATE,2026-08-24T00:00:00,2026-08-24,PT0490997,LST0490997,AG02581,LOC0148,Apartment,2,2.0,1439,0,1926,310800.0,2023-03-21,Active,,,111,308.0,1,No,No,2023-03-21,2026-08-24
UPDATE,2026-08-24T00:00:00,2026-08-24,PT0013820,LST0013820,AG00743,LOC0033,Apartment,4,4.5,913,0,1955,513800.0,2024-09-03,Pending,,,1,274.0,2,No,No,2024-09-03,2026-08-24
UPDATE,2026-08-24T00:00:00,2026-08-24,PT0449345,LST0449345,AG01119,LOC0145,Townhouse,3,1.5,1550,10430,1900,523400.0,2023-07-27,Pending,,,135,255.0,3,No,No,2023-07-27,2026-08-24
UPDATE,2026-08-24T00:00:00,2026-08-24,PT0020598,LST0020598,AG01562,LOC0169,Condo,1,3.0,2051,13187,1972,1113500.0,2026-02-25,Active,,,26,516.0,1,No,No,2026-02-25,2026-08-24
UPDATE,2026-08-24T00:00:00,2026-08-24,PT0302970,LST0302970,AG01239,LOC0156,Single Family,5,1.0,2243,5462,2018,726800.0,2023-04-07,Pending,,,111,0.0,1,No,No,2023-04-07,2026-08-24
UPDATE,2026-08-24T00:00:00,2026-08-24,PT0239503,LST0239503,AG00780,LOC0063,Single Family,5,1.0,2096,11573,1975,1017700.0,2023-01-09,Sold,909405.16,2026-08-24,1323,0.0,1,No,No,2023-01-09,2026-08-24
UPDATE,2026-08-24T00:00:00,2026-08-24,PT0534358,LST0534358,AG02849,LOC0065,Single Family,2,4.5,1651,1794,1902,252900.0,2026-07-30,Pending,,,0,0.0,0,No,No,2026-07-30,2026-08-24
UPDATE,2026-08-24T00:00:00,2026-08-24,PT0439430,LST0439430,AG02705,LOC0210,Single Family,5,1.5,3045,2660,1986,2223400.0,2024-10-09,Pending,,,175,0.0,3,No,No,2024-10-09,2026-08-24
UPDATE,2026-08-24T00:00:00,2026-08-24,PT0455720,LST0455720,AG01551,LOC0186,Condo,6,4.5,2004,6226,1946,863000.0,2026-05-07,Active,,,162,285.0,3,No,No,2026-05-07,2026-08-24
UPDATE,2026-08-24T00:00:00,2026-08-24,PT0034759,LST0034759,AG00464,LOC0067,Single Family,2,2.0,1261,7461,1923,253600.0,2023-05-13,Active,,,48,0.0,2,Yes,No,2023-05-13,2026-08-24
UPDATE,2026-08-24T00:00:00,2026-08-24,PT0379743,LST0379743,AG02405,LOC0003,Single Family,2,2.0,3373,1116,2001,646700.0,2023-10-07,Pending,,,74,0.0,1,Yes,No,2023-10-07,2026-08-24
UPDATE,2026-08-24T00:00:00,2026-08-24,PT0297136,LST0297136,AG01643,LOC0137,Single Family,2,1.0,2614,2355,1912,1051500.0,2025-07-16,Pending,,,98,0.0,3,Yes,Yes,2025-07-16,2026-08-24
UPDATE,2026-08-24T00:00:00,2026-08-24,PT0439811,LST0439811,AG01306,LOC0086,Single Family,2,2.0,2250,10253,2025,231700.0,2023-03-12,Pending,,,56,0.0,2,No,No,2023-03-12,2026-08-24
UPDATE,2026-08-24T00:00:00,2026-08-24,PT0290340,LST0290340,AG00690,LOC0179,Condo,3,4.0,2172,5858,2021,386800.0,2024-09-30,Pending,,,33,415.0,3,Yes,No,2024-09-30,2026-08-24
UPDATE,2026-08-24T00:00:00,2026-08-24,PT0506900,LST0506900,AG01469,LOC0156,Single Family,2,4.5,2659,2036,1997,696500.0,2026-07-06,Active,,,0,0.0,0,No,Yes,2026-07-06,2026-08-24
UPDATE,2026-08-24T00:00:00,2026-08-24,PT0177848,LST0177848,AG01233,LOC0049,Single Family,3,3.5,691,12658,1992,259400.0,2025-12-26,Active,,,4,0.0,2,No,No,2025-12-26,2026-08-24
UPDATE,2026-08-24T00:00:00,2026-08-24,PT0240623,LST0240623,AG00724,LOC0107,Single Family,4,1.0,1751,2875,1962,661800.0,2024-01-28,Sold,602421.55,2026-08-24,939,0.0,2,No,Yes,2024-01-28,2026-08-24
UPDATE,2026-08-24T00:00:00,2026-08-24,PT0494831,LST0494831,AG01021,LOC0078,Single Family,5,3.5,3138,4270,1925,1418500.0,2026-03-07,Pending,,,139,0.0,0,No,Yes,2026-03-07,2026-08-24
UPDATE,2026-08-24T00:00:00,2026-08-24,PT0154650,LST0154650,AG02441,LOC0016,Single Family,6,3.0,2325,3458,1938,568300.0,2023-03-08,Sold,564400.41,2026-08-24,1265,0.0,2,No,Yes,2023-03-08,2026-08-24
UPDATE,2026-08-24T00:00:00,2026-08-24,PT0205378,LST0205378,AG00146,LOC0073,Apartment,5,3.5,1682,0,1961,778800.0,2023-02-09,Sold,721323.16,2026-08-24,1292,676.0,0,No,No,2023-02-09,2026-08-24
UPDATE,2026-08-24T00:00:00,2026-08-24,PT0373541,LST0373541,AG00620,LOC0229,Single Family,2,4.0,2508,2951,1954,475600.0,2024-07-12,Active,,,78,0.0,3,No,No,2024-07-12,2026-08-24
UPDATE,2026-08-24T00:00:00,2026-08-24,PT0555969,LST0555969,AG02302,LOC0239,Single Family,2,3.0,2397,13452,1964,591300.0,2026-08-19,Sold,594660.02,2026-08-24,5,0.0,3,No,Yes,2026-08-19,2026-08-24
UPDATE,2026-08-24T00:00:00,2026-08-24,PT0550244,LST0550244,AG02818,LOC0152,Single Family,3,4.0,718,1378,1904,243500.0,2026-08-13,Active,,,0,0.0,3,No,Yes,2026-08-13,2026-08-24
UPDATE,2026-08-24T00:00:00,2026-08-24,PT0182710,LST0182710,AG00875,LOC0087,Condo,5,4.0,2763,3609,1988,826100.0,2023-03-14,Sold,751435.01,2026-08-24,1259,189.0,3,No,No,2023-03-14,2026-08-24
UPDATE,2026-08-24T00:00:00,2026-08-24,PT0505876,LST0505876,AG02331,LOC0202,Condo,6,4.0,1939,14347,1932,390100.0,2026-07-05,Active,,,0,667.99,0,No,No,2026-07-05,2026-08-24
UPDATE,2026-08-24T00:00:00,2026-08-24,PT0276222,LST0276222,AG00719,LOC0237,Townhouse,5,1.5,748,1959,2010,160100.0,2025-03-12,Pending,,,4,395.0,2,No,No,2025-03-12,2026-08-24
UPDATE,2026-08-24T00:00:00,2026-08-24,PT0400358,LST0400358,AG00714,LOC0247,Apartment,5,3.5,247,0,1940,73300.0,2025-05-04,Pending,,,126,494.0,0,No,No,2025-05-04,2026-08-24
UPDATE,2026-08-24T00:00:00,2026-08-24,PT0041938,LST0041938,AG00991,LOC0130,Single Family,1,2.0,1695,1679,1979,477800.0,2026-01-10,Active,,,39,0.0,2,Yes,No,2026-01-10,2026-08-24
UPDATE,2026-08-24T00:00:00,2026-08-24,PT0267029,LST0267029,AG02282,LOC0035,Single Family,2,2.0,1760,2953,1918,117700.0,2023-12-02,Sold,116427.76,2026-08-24,996,0.0,1,No,No,2023-12-02,2026-08-24
UPDATE,2026-08-24T00:00:00,2026-08-24,PT0247210,LST0247210,AG00974,LOC0086,Single Family,3,4.0,1417,11339,1989,197700.0,2023-05-13,Pending,,,34,0.0,2,No,No,2023-05-13,2026-08-24
UPDATE,2026-08-24T00:00:00,2026-08-24,PT0022438,LST0022438,AG02198,LOC0022,Townhouse,1,4.5,3013,2699,1998,1388500.0,2024-11-26,Sold,1311921.44,2026-08-24,636,797.0,1,No,No,2024-11-26,2026-08-24
UPDATE,2026-08-24T00:00:00,2026-08-24,PT0212268,LST0212268,AG00362,LOC0145,Single Family,6,4.5,784,2460,2001,134500.0,2023-10-11,Active,,,158,0.0,3,No,Yes,2023-10-11,2026-08-24
UPDATE,2026-08-24T00:00:00,2026-08-24,PT0222364,LST0222364,AG02493,LOC0160,Condo,4,2.0,2182,3319,1923,564100.0,2025-04-27,Pending,,,49,260.0,3,No,No,2025-04-27,2026-08-24
UPDATE,2026-08-24T00:00:00,2026-08-24,PT0478525,LST0478525,AG02328,LOC0217,Condo,2,3.5,2830,8242,1989,435700.0,2025-01-22,Active,,,179,283.0,2,No,No,2025-01-22,2026-08-24
UPDATE,2026-08-24T00:00:00,2026-08-24,PT0391377,LST0391377,AG00635,LOC0039,Single Family,6,1.5,551,1832,1962,287500.0,2024-08-03,Active,,,106,0.0,2,No,No,2024-08-03,2026-08-24
UPDATE,2026-08-24T00:00:00,2026-08-24,PT0079849,LST0079849,AG00948,LOC0218,Single Family,3,4.5,2316,5340,1994,664900.0,2024-01-25,Sold,589858.29,2026-08-24,942,0.0,3,Yes,No,2024-01-25,2026-08-24
UPDATE,2026-08-24T00:00:00,2026-08-24,PT0084092,LST0084092,AG01470,LOC0057,Single Family,1,1.0,2268,4466,2003,1018000.0,2025-01-05,Active,,,2,0.0,3,Yes,Yes,2025-01-05,2026-08-24
UPDATE,2026-08-24T00:00:00,2026-08-24,PT0506512,LST0506512,AG00167,LOC0169,Condo,6,3.0,1967,3925,1910,896100.0,2026-07-06,Pending,,,0,285.57,1,No,No,2026-07-06,2026-08-24
UPDATE,2026-08-24T00:00:00,2026-08-24,PT0510421,LST0510421,AG00626,LOC0242,Single Family,2,1.0,1720,4192,1958,237700.0,2026-07-09,Active,,,0,0.0,1,No,No,2026-07-09,2026-08-24
UPDATE,2026-08-24T00:00:00,2026-08-24,PT0495558,LST0495558,AG01536,LOC0178,Single Family,1,1.5,2658,8276,2012,528800.0,2026-05-21,Sold,519244.67,2026-08-24,95,0.0,3,No,No,2026-05-21,2026-08-24
UPDATE,2026-08-24T00:00:00,2026-08-24,PT0133281,LST0133281,AG01319,LOC0232,Townhouse,6,4.5,1801,7880,1918,344600.0,2025-08-23,Pending,,,51,682.0,2,Yes,No,2025-08-23,2026-08-24
UPDATE,2026-08-24T00:00:00,2026-08-24,PT0280727,LST0280727,AG00451,LOC0101,Condo,3,4.0,1914,8055,1994,617800.0,2025-06-06,Active,,,146,267.0,2,No,No,2025-06-06,2026-08-24
UPDATE,2026-08-24T00:00:00,2026-08-24,PT0306563,LST0306563,AG01294,LOC0208,Condo,3,4.0,2909,2342,1970,577900.0,2024-02-21,Active,,,31,98.0,1,No,No,2024-02-21,2026-08-24
UPDATE,2026-08-24T00:00:00,2026-08-24,PT0165316,LST0165316,AG01177,LOC0184,Single Family,2,2.5,2705,3898,1946,1164200.0,2024-07-21,Active,,,146,0.0,0,Yes,Yes,2024-07-21,2026-08-24
UPDATE,2026-08-24T00:00:00,2026-08-24,PT0482762,LST0482762,AG00754,LOC0011,Condo,4,2.0,1742,5443,1927,513300.0,2024-05-19,Active,,,97,753.0,0,Yes,No,2024-05-19,2026-08-24
UPDATE,2026-08-24T00:00:00,2026-08-24,PT0351651,LST0351651,AG01915,LOC0220,Condo,2,1.0,1935,1838,1913,695200.0,2024-03-27,Active,,,93,443.0,2,No,No,2024-03-27,2026-08-24
UPDATE,2026-08-24T00:00:00,2026-08-24,PT0443643,LST0443643,AG01405,LOC0121,Single Family,6,1.0,1492,3812,2015,386800.0,2024-08-08,Pending,,,4,0.0,1,Yes,No,2024-08-08,2026-08-24
UPDATE,2026-08-24T00:00:00,2026-08-24,PT0244167,LST0244167,AG00087,LOC0088,Single Family,1,3.5,2501,2863,1994,438300.0,2024-07-02,Sold,434515.61,2026-08-24,783,0.0,3,No,Yes,2024-07-02,2026-08-24
UPDATE,2026-08-24T00:00:00,2026-08-24,PT0546269,LST0546269,AG00581,LOC0210,Multi-Family,6,4.5,2802,3358,1990,1715800.0,2026-08-09,Active,,,0,0.0,3,No,No,2026-08-09,2026-08-24
UPDATE,2026-08-24T00:00:00,2026-08-24,PT0045277,LST0045277,AG00064,LOC0115,Condo,4,3.0,300,1242,1968,87900.0,2025-09-20,Sold,89893.01,2026-08-24,338,772.0,3,No,No,2025-09-20,2026-08-24
UPDATE,2026-08-24T00:00:00,2026-08-24,PT0560524,LST0560524,AG01560,LOC0189,Land,0,0.0,6057,9388,1913,2164300.0,2026-08-23,Active,,,0,0.0,0,No,No,2026-08-23,2026-08-24
UPDATE,2026-08-24T00:00:00,2026-08-24,PT0543814,LST0543814,AG01967,LOC0084,Single Family,4,1.0,2140,3363,2011,780300.0,2026-08-08,Active,,,0,0.0,1,No,Yes,2026-08-08,2026-08-24
UPDATE,2026-08-24T00:00:00,2026-08-24,PT0091844,LST0091844,AG02325,LOC0201,Multi-Family,6,4.0,4250,5898,1939,395000.0,2026-01-10,Pending,,,74,0.0,3,No,Yes,2026-01-10,2026-08-24
UPDATE,2026-08-24T00:00:00,2026-08-24,PT0112929,LST0112929,AG02814,LOC0031,Single Family,1,4.5,2348,4723,1950,914500.0,2023-10-27,Pending,,,9,0.0,1,No,Yes,2023-10-27,2026-08-24
UPDATE,2026-08-24T00:00:00,2026-08-24,PT0264587,LST0264587,AG02120,LOC0070,Apartment,4,4.5,574,0,1906,46200.0,2025-01-14,Active,,,174,322.0,1,No,No,2025-01-14,2026-08-24
UPDATE,2026-08-24T00:00:00,2026-08-24,PT0261634,LST0261634,AG00091,LOC0064,Single Family,4,2.0,2156,3983,1961,884500.0,2024-11-28,Sold,901094.87,2026-08-24,634,0.0,0,No,No,2024-11-28,2026-08-24
UPDATE,2026-08-24T00:00:00,2026-08-24,PT0129166,LST0129166,AG01998,LOC0074,Single Family,1,2.0,1950,7520,1957,1481200.0,2023-02-25,Active,,,30,0.0,2,Yes,No,2023-02-25,2026-08-24
UPDATE,2026-08-24T00:00:00,2026-08-24,PT0050855,LST0050855,AG01766,LOC0064,Multi-Family,3,1.0,3496,7751,1976,805800.0,2025-12-24,Active,,,178,0.0,1,No,Yes,2025-12-24,2026-08-24
UPDATE,2026-08-24T00:00:00,2026-08-24,PT0024002,LST0024002,AG01081,LOC0082,Single Family,3,4.0,1279,1070,1964,202400.0,2026-05-15,Pending,,,10,0.0,3,No,Yes,2026-05-15,2026-08-24
UPDATE,2026-08-24T00:00:00,2026-08-24,PT0514808,LST0514808,AG02970,LOC0022,Apartment,4,3.5,2177,0,1925,631900.0,2026-07-13,Pending,,,0,617.62,1,Yes,No,2026-07-13,2026-08-24
UPDATE,2026-08-24T00:00:00,2026-08-24,PT0121693,LST0121693,AG02474,LOC0189,Single Family,5,1.5,3288,10969,1998,1052100.0,2023-04-12,Pending,,,124,0.0,0,No,Yes,2023-04-12,2026-08-24
UPDATE,2026-08-24T00:00:00,2026-08-24,PT0544063,LST0544063,AG00638,LOC0020,Single Family,1,3.5,309,1041,1909,59300.0,2026-08-08,Active,,,0,0.0,1,No,No,2026-08-08,2026-08-24
UPDATE,2026-08-24T00:00:00,2026-08-24,PT0275232,LST0275232,AG02027,LOC0145,Single Family,3,1.0,1334,2312,1968,362000.0,2023-06-30,Sold,320181.34,2026-08-24,1151,0.0,2,No,No,2023-06-30,2026-08-24
UPDATE,2026-08-24T00:00:00,2026-08-24,PT0437859,LST0437859,AG01128,LOC0139,Townhouse,3,3.0,3165,8854,2011,1904900.0,2025-08-28,Active,,,32,128.0,3,No,No,2025-08-28,2026-08-24
UPDATE,2026-08-24T00:00:00,2026-08-24,PT0385166,LST0385166,AG01242,LOC0211,Single Family,2,1.0,2215,4764,2024,660200.0,2025-09-19,Active,,,29,0.0,0,No,No,2025-09-19,2026-08-24
UPDATE,2026-08-24T00:00:00,2026-08-24,PT0468560,LST0468560,AG01783,LOC0201,Single Family,4,1.0,1163,2647,1948,173000.0,2025-03-21,Sold,176535.54,2026-08-24,521,0.0,0,No,Yes,2025-03-21,2026-08-24
UPDATE,2026-08-24T00:00:00,2026-08-24,PT0026457,LST0026457,AG00082,LOC0009,Land,0,0.0,3866,4136,1994,1214200.0,2025-06-11,Pending,,,73,0.0,0,No,No,2025-06-11,2026-08-24
UPDATE,2026-08-24T00:00:00,2026-08-24,PT0545829,LST0545829,AG02095,LOC0227,Single Family,3,4.0,1808,3292,1910,635500.0,2026-08-09,Pending,,,0,0.0,1,No,No,2026-08-09,2026-08-24
UPDATE,2026-08-24T00:00:00,2026-08-24,PT0436275,LST0436275,AG02938,LOC0108,Condo,2,2.5,2515,14188,1956,752300.0,2023-07-22,Active,,,43,351.0,0,No,No,2023-07-22,2026-08-24
UPDATE,2026-08-24T00:00:00,2026-08-24,PT0543449,LST0543449,AG00983,LOC0101,Single Family,4,3.0,1916,17435,1986,880100.0,2026-08-07,Sold,850294.67,2026-08-24,17,0.0,2,No,No,2026-08-07,2026-08-24
UPDATE,2026-08-24T00:00:00,2026-08-24,PT0015964,LST0015964,AG01783,LOC0150,Condo,2,2.0,1186,4667,2016,305400.0,2024-10-10,Pending,,,127,518.0,2,No,No,2024-10-10,2026-08-24
UPDATE,2026-08-24T00:00:00,2026-08-24,PT0200951,LST0200951,AG00148,LOC0120,Townhouse,3,1.5,1446,23185,1969,353800.0,2023-11-30,Sold,343218.35,2026-08-24,998,380.0,0,No,No,2023-11-30,2026-08-24
UPDATE,2026-08-24T00:00:00,2026-08-24,PT0472890,LST0472890,AG01615,LOC0093,Single Family,5,2.5,2607,1657,1944,603200.0,2025-09-23,Active,,,62,0.0,3,No,Yes,2025-09-23,2026-08-24
UPDATE,2026-08-24T00:00:00,2026-08-24,PT0218979,LST0218979,AG02475,LOC0210,Single Family,2,2.0,951,4717,1906,324300.0,2025-02-13,Pending,,,115,0.0,3,No,No,2025-02-13,2026-08-24
UPDATE,2026-08-24T00:00:00,2026-08-24,PT0542267,LST0542267,AG01706,LOC0237,Single Family,6,4.5,1367,3951,1903,302800.0,2026-08-06,Pending,,,0,0.0,1,No,No,2026-08-06,2026-08-24
UPDATE,2026-08-24T00:00:00,2026-08-24,PT0164566,LST0164566,AG01846,LOC0153,Single Family,1,4.0,1396,2655,1945,211900.0,2024-11-26,Sold,198447.98,2026-08-24,636,0.0,2,No,No,2024-11-26,2026-08-24
UPDATE,2026-08-24T00:00:00,2026-08-24,PT0168614,LST0168614,AG01213,LOC0101,Single Family,1,4.5,1131,5089,2006,664400.0,2024-06-27,Pending,,,103,0.0,3,No,No,2024-06-27,2026-08-24
UPDATE,2026-08-24T00:00:00,2026-08-24,PT0536878,LST0536878,AG02223,LOC0030,Condo,6,2.0,3117,2248,2006,1100900.0,2026-08-01,Pending,,,0,546.52,2,No,No,2026-08-01,2026-08-24
UPDATE,2026-08-24T00:00:00,2026-08-24,PT0545627,LST0545627,AG01817,LOC0008,Townhouse,1,4.5,3246,13473,1958,492000.0,2026-08-09,Pending,,,0,690.61,2,No,No,2026-08-09,2026-08-24
UPDATE,2026-08-24T00:00:00,2026-08-24,PT0373161,LST0373161,AG00368,LOC0110,Land,0,0.0,3677,8851,1998,217400.0,2023-11-24,Pending,,,50,0.0,0,No,No,2023-11-24,2026-08-24
UPDATE,2026-08-24T00:00:00,2026-08-24,PT0224293,LST0224293,AG00149,LOC0162,Single Family,6,3.0,3038,9545,1978,686200.0,2026-03-05,Sold,674862.28,2026-08-24,172,0.0,3,No,No,2026-03-05,2026-08-24
UPDATE,2026-08-24T00:00:00,2026-08-24,PT0307453,LST0307453,AG00203,LOC0210,Apartment,4,1.5,453,0,1956,261000.0,2026-06-11,Sold,272197.15,2026-08-24,74,150.0,2,No,No,2026-06-11,2026-08-24
UPDATE,2026-08-24T00:00:00,2026-08-24,PT0539431,LST0539431,AG01153,LOC0189,Multi-Family,3,3.0,569,3744,1922,157000.0,2026-08-03,Sold,153031.82,2026-08-24,21,0.0,0,No,No,2026-08-03,2026-08-24
UPDATE,2026-08-24T00:00:00,2026-08-24,PT0524698,LST0524698,AG02096,LOC0028,Single Family,2,4.5,2065,9925,2019,278200.0,2026-07-22,Pending,,,0,0.0,1,No,No,2026-07-22,2026-08-24
UPDATE,2026-08-24T00:00:00,2026-08-24,PT0547818,LST0547818,AG00875,LOC0230,Multi-Family,2,1.0,2970,7292,1943,736600.0,2026-08-11,Pending,,,0,0.0,2,No,Yes,2026-08-11,2026-08-24
UPDATE,2026-08-24T00:00:00,2026-08-24,PT0529569,LST0529569,AG01159,LOC0028,Condo,3,4.5,481,7264,1911,33300.0,2026-07-26,Pending,,,0,699.57,1,No,No,2026-07-26,2026-08-24
UPDATE,2026-08-24T00:00:00,2026-08-24,PT0400548,LST0400548,AG00156,LOC0021,Single Family,5,2.0,972,5396,2002,102200.0,2025-11-26,Active,,,97,0.0,2,Yes,No,2025-11-26,2026-08-24
UPDATE,2026-08-24T00:00:00,2026-08-24,PT0034423,LST0034423,AG01699,LOC0064,Single Family,5,4.0,983,4776,1970,296700.0,2024-12-15,Active,,,68,0.0,0,No,No,2024-12-15,2026-08-24
UPDATE,2026-08-24T00:00:00,2026-08-24,PT0427267,LST0427267,AG02394,LOC0012,Multi-Family,1,4.5,1253,12793,2000,717300.0,2023-12-22,Active,,,157,0.0,2,No,Yes,2023-12-22,2026-08-24
UPDATE,2026-08-24T00:00:00,2026-08-24,PT0536976,LST0536976,AG02528,LOC0214,Apartment,1,4.0,574,0,1987,68700.0,2026-08-01,Sold,62991.2,2026-08-24,23,275.08,3,No,No,2026-08-01,2026-08-24
UPDATE,2026-08-24T00:00:00,2026-08-24,PT0395557,LST0395557,AG01426,LOC0203,Condo,5,2.0,1683,2024,1944,320500.0,2023-05-13,Pending,,,177,197.0,0,No,No,2023-05-13,2026-08-24
UPDATE,2026-08-24T00:00:00,2026-08-24,PT0033084,LST0033084,AG01948,LOC0028,Condo,4,2.0,2093,10157,1958,308300.0,2026-06-08,Sold,334969.23,2026-08-24,77,238.0,1,No,No,2026-06-08,2026-08-24
UPDATE,2026-08-24T00:00:00,2026-08-24,PT0170034,LST0170034,AG00914,LOC0241,Multi-Family,4,4.0,4175,1665,1924,588100.0,2024-09-03,Pending,,,111,0.0,2,No,No,2024-09-03,2026-08-24
UPDATE,2026-08-24T00:00:00,2026-08-24,PT0515405,LST0515405,AG00652,LOC0234,Single Family,5,1.5,1446,8321,1948,233100.0,2026-07-13,Active,,,0,0.0,2,No,Yes,2026-07-13,2026-08-24
UPDATE,2026-08-24T00:00:00,2026-08-24,PT0053400,LST0053400,AG01749,LOC0194,Condo,4,2.0,1084,5428,1942,451500.0,2024-10-22,Active,,,64,433.0,2,No,No,2024-10-22,2026-08-24
UPDATE,2026-08-24T00:00:00,2026-08-24,PT0531577,LST0531577,AG02740,LOC0140,Townhouse,2,4.5,3066,11574,1985,901700.0,2026-07-28,Sold,841747.82,2026-08-24,27,460.82,3,No,No,2026-07-28,2026-08-24
UPDATE,2026-08-24T00:00:00,2026-08-24,PT0313800,LST0313800,AG01424,LOC0020,Townhouse,4,1.5,702,4854,1915,168000.0,2024-03-14,Active,,,81,417.0,3,Yes,No,2024-03-14,2026-08-24
UPDATE,2026-08-24T00:00:00,2026-08-24,PT0393923,LST0393923,AG01417,LOC0168,Townhouse,2,4.5,1708,1420,1973,672500.0,2025-09-01,Active,,,119,248.0,2,No,No,2025-09-01,2026-08-24
UPDATE,2026-08-24T00:00:00,2026-08-24,PT0556807,LST0556807,AG01624,LOC0170,Condo,1,1.0,1171,3308,1941,470700.0,2026-08-20,Active,,,0,596.83,1,Yes,No,2026-08-20,2026-08-24
UPDATE,2026-08-24T00:00:00,2026-08-24,PT0504864,LST0504864,AG00140,LOC0125,Single Family,5,1.0,507,2489,2003,119700.0,2026-07-04,Pending,,,0,0.0,2,Yes,No,2026-07-04,2026-08-24
UPDATE,2026-08-24T00:00:00,2026-08-24,PT0525183,LST0525183,AG00671,LOC0009,Single Family,2,1.5,2030,1571,2004,336100.0,2026-07-22,Active,,,0,0.0,0,No,No,2026-07-22,2026-08-24
UPDATE,2026-08-24T00:00:00,2026-08-24,PT0332945,LST0332945,AG00369,LOC0134,Single Family,6,4.5,2916,7047,1979,1129700.0,2024-01-16,Sold,1049506.24,2026-08-24,951,0.0,1,No,Yes,2024-01-16,2026-08-24
UPDATE,2026-08-24T00:00:00,2026-08-24,PT0241064,LST0241064,AG02550,LOC0076,Townhouse,6,3.5,1085,5799,1928,280000.0,2025-07-31,Active,,,121,144.0,1,No,No,2025-07-31,2026-08-24
UPDATE,2026-08-24T00:00:00,2026-08-24,PT0541879,LST0541879,AG01401,LOC0236,Single Family,6,3.0,1217,4174,2015,177500.0,2026-08-05,Pending,,,0,0.0,3,No,Yes,2026-08-05,2026-08-24
UPDATE,2026-08-24T00:00:00,2026-08-24,PT0547860,LST0547860,AG01230,LOC0004,Single Family,3,1.0,809,1154,1942,45000.0,2026-08-11,Pending,,,0,0.0,0,Yes,Yes,2026-08-11,2026-08-24
UPDATE,2026-08-24T00:00:00,2026-08-24,PT0038180,LST0038180,AG01102,LOC0048,Single Family,1,4.0,3370,5323,1905,1013400.0,2026-04-07,Active,,,144,0.0,2,No,Yes,2026-04-07,2026-08-24
UPDATE,2026-08-24T00:00:00,2026-08-24,PT0215952,LST0215952,AG00282,LOC0072,Condo,3,2.5,1369,4372,1979,82800.0,2023-02-09,Pending,,,77,791.0,3,Yes,No,2023-02-09,2026-08-24
UPDATE,2026-08-24T00:00:00,2026-08-24,PT0561351,LST0561351,AG00265,LOC0021,Apartment,5,1.5,1037,0,1984,97900.0,2026-08-23,Active,,,0,414.87,0,No,No,2026-08-23,2026-08-24
UPDATE,2026-08-24T00:00:00,2026-08-24,PT0101491,LST0101491,AG01696,LOC0011,Apartment,1,3.5,1154,0,1901,486100.0,2025-01-15,Pending,,,30,133.0,2,Yes,No,2025-01-15,2026-08-24
UPDATE,2026-08-24T00:00:00,2026-08-24,PT0490071,LST0490071,AG00182,LOC0149,Townhouse,5,2.5,1005,2733,1947,251000.0,2024-06-22,Pending,,,89,554.0,2,Yes,No,2024-06-22,2026-08-24
UPDATE,2026-08-24T00:00:00,2026-08-24,PT0450982,LST0450982,AG01113,LOC0243,Multi-Family,6,1.5,2193,2266,1929,819100.0,2026-04-28,Pending,,,96,0.0,0,No,Yes,2026-04-28,2026-08-24
UPDATE,2026-08-24T00:00:00,2026-08-24,PT0513645,LST0513645,AG02008,LOC0245,Condo,5,2.0,1021,1194,2008,257800.0,2026-07-12,Sold,259960.14,2026-08-24,43,581.64,0,No,No,2026-07-12,2026-08-24
UPDATE,2026-08-24T00:00:00,2026-08-24,PT0346878,LST0346878,AG01897,LOC0196,Multi-Family,3,1.5,5705,4777,2020,1751000.0,2025-11-15,Pending,,,51,0.0,0,No,No,2025-11-15,2026-08-24
UPDATE,2026-08-24T00:00:00,2026-08-24,PT0538919,LST0538919,AG02598,LOC0016,Townhouse,1,4.5,2886,5744,2011,291900.0,2026-08-03,Active,,,0,402.01,0,Yes,No,2026-08-03,2026-08-24
UPDATE,2026-08-24T00:00:00,2026-08-24,PT0429116,LST0429116,AG00563,LOC0184,Multi-Family,6,4.5,4320,5159,1903,2436300.0,2025-03-14,Pending,,,7,0.0,2,No,No,2025-03-14,2026-08-24
UPDATE,2026-08-24T00:00:00,2026-08-24,PT0390325,LST0390325,AG00263,LOC0061,Condo,1,1.0,2026,3794,1954,382200.0,2024-12-17,Pending,,,8,392.0,3,No,No,2024-12-17,2026-08-24
UPDATE,2026-08-24T00:00:00,2026-08-24,PT0058375,LST0058375,AG02223,LOC0239,Apartment,6,4.0,999,0,1930,180200.0,2026-05-15,Active,,,159,752.0,2,No,No,2026-05-15,2026-08-24
UPDATE,2026-08-24T00:00:00,2026-08-24,PT0562469,LST0562469,AG02271,LOC0022,Apartment,5,2.0,977,0,2024,455300.0,2026-08-24,Active,,,0,536.02,0,No,No,2026-08-24,2026-08-24
UPDATE,2026-08-24T00:00:00,2026-08-24,PT0186983,LST0186983,AG00380,LOC0130,Single Family,3,1.5,1911,2367,1928,284400.0,2025-07-15,Active,,,113,0.0,1,No,No,2025-07-15,2026-08-24
UPDATE,2026-08-24T00:00:00,2026-08-24,PT0309184,LST0309184,AG02897,LOC0142,Single Family,5,2.5,1722,3112,1935,892600.0,2023-02-17,Sold,873416.64,2026-08-24,1284,0.0,1,No,No,2023-02-17,2026-08-24
UPDATE,2026-08-24T00:00:00,2026-08-24,PT0045605,LST0045605,AG02151,LOC0239,Single Family,2,2.0,2005,6371,1917,474400.0,2026-03-14,Pending,,,78,0.0,0,Yes,Yes,2026-03-14,2026-08-24
UPDATE,2026-08-24T00:00:00,2026-08-24,PT0193410,LST0193410,AG00403,LOC0035,Townhouse,5,1.0,2379,4648,2009,371100.0,2026-06-25,Active,,,143,403.0,1,No,No,2026-06-25,2026-08-24
UPDATE,2026-08-24T00:00:00,2026-08-24,PT0273469,LST0273469,AG01098,LOC0237,Single Family,6,1.5,2846,2269,1972,537600.0,2025-11-17,Active,,,121,0.0,2,Yes,No,2025-11-17,2026-08-24
UPDATE,2026-08-24T00:00:00,2026-08-24,PT0314564,LST0314564,AG01996,LOC0049,Townhouse,5,3.0,589,2290,1922,151200.0,2024-01-10,Pending,,,172,743.0,3,No,No,2024-01-10,2026-08-24
UPDATE,2026-08-24T00:00:00,2026-08-24,PT0294357,LST0294357,AG00407,LOC0249,Single Family,5,1.0,1004,5852,1927,433900.0,2024-09-03,Pending,,,70,0.0,2,Yes,No,2024-09-03,2026-08-24
UPDATE,2026-08-24T00:00:00,2026-08-24,PT0439275,LST0439275,AG02489,LOC0140,Single Family,1,2.0,590,1357,1907,132900.0,2025-11-03,Active,,,171,0.0,2,Yes,No,2025-11-03,2026-08-24
UPDATE,2026-08-24T00:00:00,2026-08-24,PT0419101,LST0419101,AG02669,LOC0113,Condo,4,2.0,1638,4983,2015,762700.0,2023-01-19,Active,,,129,712.0,0,No,No,2023-01-19,2026-08-24
UPDATE,2026-08-24T00:00:00,2026-08-24,PT0550026,LST0550026,AG02134,LOC0084,Condo,6,4.5,877,2112,1903,515800.0,2026-08-13,Sold,490967.54,2026-08-24,11,403.45,3,No,No,2026-08-13,2026-08-24
UPDATE,2026-08-24T00:00:00,2026-08-24,PT0423234,LST0423234,AG02782,LOC0201,Condo,1,3.0,1949,7144,1958,279600.0,2024-07-02,Pending,,,64,662.0,3,No,No,2024-07-02,2026-08-24
UPDATE,2026-08-24T00:00:00,2026-08-24,PT0508764,LST0508764,AG02379,LOC0020,Condo,1,1.0,1547,4570,1977,374400.0,2026-07-07,Active,,,0,242.92,0,No,No,2026-07-07,2026-08-24
UPDATE,2026-08-24T00:00:00,2026-08-24,PT0402605,LST0402605,AG01380,LOC0141,Townhouse,1,3.5,1710,1474,1929,795200.0,2023-01-30,Active,,,127,93.0,2,No,No,2023-01-30,2026-08-24
UPDATE,2026-08-24T00:00:00,2026-08-24,PT0367547,LST0367547,AG02883,LOC0230,Single Family,4,3.0,3011,1601,2004,1378600.0,2025-03-20,Pending,,,17,0.0,1,Yes,No,2025-03-20,2026-08-24
UPDATE,2026-08-24T00:00:00,2026-08-24,PT0256121,LST0256121,AG00223,LOC0213,Single Family,1,1.0,1761,3378,1985,358400.0,2023-05-23,Sold,366117.79,2026-08-24,1189,0.0,2,No,No,2023-05-23,2026-08-24
UPDATE,2026-08-24T00:00:00,2026-08-24,PT0548801,LST0548801,AG00981,LOC0100,Single Family,1,1.5,1498,3285,2014,280600.0,2026-08-12,Active,,,0,0.0,0,No,Yes,2026-08-12,2026-08-24
UPDATE,2026-08-24T00:00:00,2026-08-24,PT0075837,LST0075837,AG01790,LOC0152,Single Family,4,1.0,994,2640,1964,273900.0,2024-03-01,Active,,,171,0.0,1,No,Yes,2024-03-01,2026-08-24
UPDATE,2026-08-24T00:00:00,2026-08-24,PT0097937,LST0097937,AG02719,LOC0212,Single Family,4,4.5,1466,2060,1961,612700.0,2025-02-06,Pending,,,152,0.0,2,Yes,No,2025-02-06,2026-08-24
UPDATE,2026-08-24T00:00:00,2026-08-24,PT0552959,LST0552959,AG02428,LOC0224,Townhouse,5,2.0,1546,1385,1973,368400.0,2026-08-16,Sold,377090.73,2026-08-24,8,377.26,3,No,No,2026-08-16,2026-08-24
UPDATE,2026-08-24T00:00:00,2026-08-24,PT0183351,LST0183351,AG00856,LOC0214,Multi-Family,6,1.0,3201,2915,1939,462100.0,2025-07-19,Pending,,,35,0.0,3,No,No,2025-07-19,2026-08-24
UPDATE,2026-08-24T00:00:00,2026-08-24,PT0405796,LST0405796,AG00349,LOC0137,Multi-Family,5,1.0,4488,1841,1974,811200.0,2025-07-05,Active,,,91,0.0,2,No,Yes,2025-07-05,2026-08-24
UPDATE,2026-08-24T00:00:00,2026-08-24,PT0560231,LST0560231,AG02202,LOC0112,Multi-Family,2,3.0,3075,14823,1962,493800.0,2026-08-22,Active,,,0,0.0,2,No,No,2026-08-22,2026-08-24
UPDATE,2026-08-24T00:00:00,2026-08-24,PT0310391,LST0310391,AG01197,LOC0054,Condo,3,4.5,2972,4783,1937,342700.0,2025-10-03,Active,,,111,198.0,0,No,No,2025-10-03,2026-08-24
UPDATE,2026-08-24T00:00:00,2026-08-24,PT0352329,LST0352329,AG01245,LOC0163,Condo,1,4.0,2150,12516,2008,830800.0,2023-11-20,Pending,,,79,146.0,1,No,No,2023-11-20,2026-08-24
UPDATE,2026-08-24T00:00:00,2026-08-24,PT0250724,LST0250724,AG02025,LOC0203,Condo,4,2.5,1386,6950,1964,252200.0,2023-11-11,Active,,,115,129.0,3,No,No,2023-11-11,2026-08-24
UPDATE,2026-08-24T00:00:00,2026-08-24,PT0140790,LST0140790,AG01118,LOC0206,Single Family,4,1.5,2286,2700,2003,623400.0,2023-05-19,Active,,,147,0.0,1,Yes,Yes,2023-05-19,2026-08-24
UPDATE,2026-08-24T00:00:00,2026-08-24,PT0312931,LST0312931,AG00518,LOC0015,Land,0,0.0,8911,6820,2023,2741600.0,2025-11-29,Active,,,141,0.0,0,No,No,2025-11-29,2026-08-24
UPDATE,2026-08-24T00:00:00,2026-08-24,PT0200762,LST0200762,AG00451,LOC0139,Condo,5,4.5,1655,4392,1977,386000.0,2023-08-13,Pending,,,149,223.0,1,No,No,2023-08-13,2026-08-24
UPDATE,2026-08-24T00:00:00,2026-08-24,PT0549502,LST0549502,AG00375,LOC0213,Single Family,3,2.0,1596,4143,1961,187700.0,2026-08-13,Pending,,,0,0.0,3,No,Yes,2026-08-13,2026-08-24
UPDATE,2026-08-24T00:00:00,2026-08-24,PT0323568,LST0323568,AG00662,LOC0239,Single Family,4,4.0,1930,6872,1943,311200.0,2024-11-25,Sold,305626.89,2026-08-24,637,0.0,3,No,No,2024-11-25,2026-08-24
UPDATE,2026-08-24T00:00:00,2026-08-24,PT0089121,LST0089121,AG01195,LOC0014,Single Family,1,4.0,2439,2086,1941,855300.0,2023-07-27,Pending,,,124,0.0,2,No,Yes,2023-07-27,2026-08-24
UPDATE,2026-08-24T00:00:00,2026-08-24,PT0164444,LST0164444,AG02331,LOC0150,Condo,4,1.5,1258,6852,2010,436400.0,2025-09-21,Pending,,,21,165.0,2,Yes,No,2025-09-21,2026-08-24
UPDATE,2026-08-24T00:00:00,2026-08-24,PT0453627,LST0453627,AG01918,LOC0203,Single Family,4,1.5,1129,8916,2022,104000.0,2026-02-23,Pending,,,176,0.0,1,No,Yes,2026-02-23,2026-08-24
UPDATE,2026-08-24T00:00:00,2026-08-24,PT0013424,LST0013424,AG00820,LOC0212,Single Family,4,2.0,348,3422,1996,126000.0,2023-03-14,Pending,,,139,0.0,1,No,No,2023-03-14,2026-08-24
UPDATE,2026-08-24T00:00:00,2026-08-24,PT0512064,LST0512064,AG01950,LOC0117,Condo,4,4.5,847,10688,1950,248800.0,2026-07-10,Active,,,0,593.36,2,No,No,2026-07-10,2026-08-24
UPDATE,2026-08-24T00:00:00,2026-08-24,PT0529233,LST0529233,AG01739,LOC0047,Townhouse,2,2.0,2937,2997,1942,1352500.0,2026-07-26,Pending,,,0,545.07,0,No,No,2026-07-26,2026-08-24
UPDATE,2026-08-24T00:00:00,2026-08-24,PT0127962,LST0127962,AG02650,LOC0171,Townhouse,4,3.5,1936,1847,1995,502300.0,2025-11-20,Pending,,,153,448.0,2,No,No,2025-11-20,2026-08-24
UPDATE,2026-08-24T00:00:00,2026-08-24,PT0529312,LST0529312,AG01541,LOC0148,Single Family,6,1.0,1616,6355,1906,477000.0,2026-07-26,Sold,457461.27,2026-08-24,29,0.0,0,No,No,2026-07-26,2026-08-24
UPDATE,2026-08-24T00:00:00,2026-08-24,PT0138528,LST0138528,AG02210,LOC0220,Condo,1,1.5,1862,3736,1942,1040700.0,2024-12-10,Active,,,59,680.0,1,No,No,2024-12-10,2026-08-24
UPDATE,2026-08-24T00:00:00,2026-08-24,PT0236138,LST0236138,AG01552,LOC0197,Land,0,0.0,4289,1136,1945,1557200.0,2025-05-23,Active,,,102,0.0,0,No,No,2025-05-23,2026-08-24
UPDATE,2026-08-24T00:00:00,2026-08-24,PT0274798,LST0274798,AG00964,LOC0070,Condo,6,2.0,1629,8633,1928,501100.0,2024-05-14,Pending,,,89,444.0,3,No,No,2024-05-14,2026-08-24
UPDATE,2026-08-24T00:00:00,2026-08-24,PT0352533,LST0352533,AG02289,LOC0160,Townhouse,6,4.5,1523,4296,1915,360000.0,2024-04-07,Sold,367787.63,2026-08-24,869,296.0,0,No,No,2024-04-07,2026-08-24
UPDATE,2026-08-24T00:00:00,2026-08-24,PT0198162,LST0198162,AG01397,LOC0117,Apartment,5,3.5,1676,0,1901,167000.0,2024-10-16,Active,,,84,391.0,2,No,No,2024-10-16,2026-08-24
UPDATE,2026-08-24T00:00:00,2026-08-24,PT0277950,LST0277950,AG00454,LOC0208,Condo,4,1.5,1556,10852,1969,301400.0,2023-09-02,Active,,,159,437.0,3,Yes,No,2023-09-02,2026-08-24
UPDATE,2026-08-24T00:00:00,2026-08-24,PT0192165,LST0192165,AG01979,LOC0055,Multi-Family,3,4.5,3611,3466,2016,713900.0,2023-11-18,Sold,681627.42,2026-08-24,1010,0.0,0,No,No,2023-11-18,2026-08-24
UPDATE,2026-08-24T00:00:00,2026-08-24,PT0165056,LST0165056,AG02986,LOC0097,Townhouse,3,1.0,1891,1006,1960,399900.0,2025-12-03,Pending,,,30,649.0,3,No,No,2025-12-03,2026-08-24
UPDATE,2026-08-24T00:00:00,2026-08-24,PT0246846,LST0246846,AG01436,LOC0211,Single Family,1,4.5,2360,4983,1998,679900.0,2026-03-30,Pending,,,122,0.0,1,No,Yes,2026-03-30,2026-08-24
UPDATE,2026-08-24T00:00:00,2026-08-24,PT0304224,LST0304224,AG01263,LOC0208,Single Family,3,3.0,1647,1022,1969,334200.0,2025-06-29,Active,,,0,0.0,0,No,No,2025-06-29,2026-08-24
UPDATE,2026-08-24T00:00:00,2026-08-24,PT0521997,LST0521997,AG02810,LOC0137,Single Family,6,1.0,1944,3503,1929,758700.0,2026-07-19,Pending,,,0,0.0,3,No,No,2026-07-19,2026-08-24
UPDATE,2026-08-24T00:00:00,2026-08-24,PT0288646,LST0288646,AG02715,LOC0100,Condo,6,2.5,1191,13560,1992,87200.0,2023-11-20,Active,,,167,302.0,2,No,No,2023-11-20,2026-08-24
UPDATE,2026-08-24T00:00:00,2026-08-24,PT0476122,LST0476122,AG02309,LOC0121,Multi-Family,5,3.0,2553,3129,2011,334100.0,2025-05-09,Active,,,14,0.0,3,Yes,No,2025-05-09,2026-08-24
UPDATE,2026-08-24T00:00:00,2026-08-24,PT0088862,LST0088862,AG02607,LOC0241,Townhouse,5,2.0,1540,2147,1949,80000.0,2026-04-25,Pending,,,156,120.0,1,No,No,2026-04-25,2026-08-24
UPDATE,2026-08-24T00:00:00,2026-08-24,PT0329647,LST0329647,AG01916,LOC0110,Single Family,1,2.5,1741,4078,1905,406400.0,2024-12-28,Sold,393650.48,2026-08-24,604,0.0,3,Yes,No,2024-12-28,2026-08-24
UPDATE,2026-08-24T00:00:00,2026-08-24,PT0294973,LST0294973,AG01880,LOC0155,Condo,3,2.0,660,10450,2011,136900.0,2026-04-22,Active,,,32,206.0,0,No,No,2026-04-22,2026-08-24
UPDATE,2026-08-24T00:00:00,2026-08-24,PT0506659,LST0506659,AG00415,LOC0244,Single Family,1,3.0,1561,1654,2019,107500.0,2026-07-06,Pending,,,0,0.0,3,No,No,2026-07-06,2026-08-24
UPDATE,2026-08-24T00:00:00,2026-08-24,PT0108282,LST0108282,AG01147,LOC0245,Single Family,6,1.5,2012,4181,1997,498600.0,2023-04-14,Sold,439259.98,2026-08-24,1228,0.0,3,No,Yes,2023-04-14,2026-08-24
UPDATE,2026-08-24T00:00:00,2026-08-24,PT0553518,LST0553518,AG02707,LOC0082,Single Family,6,1.5,3091,1682,2007,237200.0,2026-08-16,Pending,,,0,0.0,3,Yes,No,2026-08-16,2026-08-24
UPDATE,2026-08-24T00:00:00,2026-08-24,PT0392527,LST0392527,AG01856,LOC0211,Single Family,3,3.5,1084,1619,2012,693400.0,2023-08-29,Active,,,104,0.0,0,No,No,2023-08-29,2026-08-24
UPDATE,2026-08-24T00:00:00,2026-08-24,PT0218146,LST0218146,AG01258,LOC0207,Single Family,5,2.5,945,2494,1953,160100.0,2025-10-10,Active,,,141,0.0,0,No,Yes,2025-10-10,2026-08-24
UPDATE,2026-08-24T00:00:00,2026-08-24,PT0011835,LST0011835,AG02157,LOC0247,Single Family,6,4.5,1093,1564,2002,252000.0,2026-06-17,Sold,249352.08,2026-08-24,68,0.0,1,No,No,2026-06-17,2026-08-24
UPDATE,2026-08-24T00:00:00,2026-08-24,PT0551312,LST0551312,AG01703,LOC0227,Townhouse,1,2.0,1173,1198,1940,291400.0,2026-08-15,Pending,,,0,540.67,2,No,No,2026-08-15,2026-08-24
UPDATE,2026-08-24T00:00:00,2026-08-24,PT0287189,LST0287189,AG02410,LOC0022,Townhouse,1,2.0,2302,5114,2015,651700.0,2023-01-19,Pending,,,126,720.0,1,No,No,2023-01-19,2026-08-24
UPDATE,2026-08-24T00:00:00,2026-08-24,PT0439141,LST0439141,AG02181,LOC0073,Single Family,1,1.0,2134,5347,1952,772600.0,2026-01-17,Active,,,53,0.0,2,No,Yes,2026-01-17,2026-08-24
UPDATE,2026-08-24T00:00:00,2026-08-24,PT0073046,LST0073046,AG02109,LOC0061,Single Family,5,4.0,2262,2310,1921,474200.0,2023-04-13,Active,,,19,0.0,2,No,Yes,2023-04-13,2026-08-24
UPDATE,2026-08-24T00:00:00,2026-08-24,PT0307092,LST0307092,AG02821,LOC0168,Condo,5,1.5,300,4825,2008,99200.0,2026-02-13,Active,,,175,627.0,2,No,No,2026-02-13,2026-08-24
UPDATE,2026-08-24T00:00:00,2026-08-24,PT0278820,LST0278820,AG00785,LOC0045,Single Family,2,2.5,2083,3212,1989,818100.0,2024-01-26,Active,,,27,0.0,1,No,No,2024-01-26,2026-08-24
UPDATE,2026-08-24T00:00:00,2026-08-24,PT0103008,LST0103008,AG01430,LOC0174,Single Family,3,2.0,956,1122,1951,457200.0,2025-05-26,Pending,,,177,0.0,3,No,No,2025-05-26,2026-08-24
UPDATE,2026-08-24T00:00:00,2026-08-24,PT0126817,LST0126817,AG02050,LOC0080,Townhouse,3,1.0,1211,2985,1912,188600.0,2026-04-03,Pending,,,53,85.0,3,No,No,2026-04-03,2026-08-24
UPDATE,2026-08-24T00:00:00,2026-08-24,PT0544763,LST0544763,AG01222,LOC0212,Single Family,5,1.5,1883,1452,1946,1160400.0,2026-08-08,Active,,,0,0.0,3,No,Yes,2026-08-08,2026-08-24
UPDATE,2026-08-24T00:00:00,2026-08-24,PT0516508,LST0516508,AG02476,LOC0021,Single Family,6,4.5,731,5035,1900,114400.0,2026-07-14,Pending,,,0,0.0,3,No,Yes,2026-07-14,2026-08-24
UPDATE,2026-08-24T00:00:00,2026-08-24,PT0502713,LST0502713,AG02666,LOC0054,Single Family,3,4.0,926,1409,1981,144100.0,2026-07-03,Active,,,0,0.0,0,No,Yes,2026-07-03,2026-08-24
UPDATE,2026-08-24T00:00:00,2026-08-24,PT0085460,LST0085460,AG00167,LOC0144,Single Family,2,3.5,3010,8241,1957,995900.0,2023-08-28,Pending,,,93,0.0,0,No,No,2023-08-28,2026-08-24
UPDATE,2026-08-24T00:00:00,2026-08-24,PT0301750,LST0301750,AG01279,LOC0223,Condo,5,1.5,1835,3334,1936,754400.0,2025-12-23,Pending,,,116,61.0,2,No,No,2025-12-23,2026-08-24
UPDATE,2026-08-24T00:00:00,2026-08-24,PT0337329,LST0337329,AG00527,LOC0043,Land,0,0.0,6978,9667,2006,1756800.0,2024-01-17,Pending,,,146,0.0,0,No,No,2024-01-17,2026-08-24
UPDATE,2026-08-24T00:00:00,2026-08-24,PT0006076,LST0006076,AG01172,LOC0123,Single Family,2,3.5,724,2082,1957,306400.0,2024-01-22,Pending,,,52,0.0,2,No,Yes,2024-01-22,2026-08-24
UPDATE,2026-08-24T00:00:00,2026-08-24,PT0265884,LST0265884,AG02685,LOC0018,Land,0,0.0,6008,7375,1992,3460600.0,2024-03-26,Pending,,,104,0.0,0,No,No,2024-03-26,2026-08-24
UPDATE,2026-08-24T00:00:00,2026-08-24,PT0198805,LST0198805,AG01327,LOC0100,Single Family,6,4.5,825,1549,1974,142700.0,2023-07-16,Active,,,64,0.0,1,No,Yes,2023-07-16,2026-08-24
UPDATE,2026-08-24T00:00:00,2026-08-24,PT0341151,LST0341151,AG02713,LOC0202,Townhouse,6,4.5,1731,2745,1950,469200.0,2026-06-15,Active,,,48,544.0,0,No,No,2026-06-15,2026-08-24
UPDATE,2026-08-24T00:00:00,2026-08-24,PT0424059,LST0424059,AG00486,LOC0067,Townhouse,1,4.0,2501,1911,1944,600800.0,2026-01-19,Active,,,139,171.0,1,Yes,No,2026-01-19,2026-08-24
UPDATE,2026-08-24T00:00:00,2026-08-24,PT0321184,LST0321184,AG01986,LOC0203,Apartment,6,4.0,720,0,1960,79100.0,2023-01-18,Pending,,,132,546.0,2,No,No,2023-01-18,2026-08-24
UPDATE,2026-08-24T00:00:00,2026-08-24,PT0488050,LST0488050,AG02082,LOC0015,Single Family,6,4.5,2372,4922,1934,640900.0,2023-03-09,Pending,,,137,0.0,2,Yes,No,2023-03-09,2026-08-24
UPDATE,2026-08-24T00:00:00,2026-08-24,PT0552465,LST0552465,AG01368,LOC0123,Townhouse,1,2.5,2503,5343,1902,1063600.0,2026-08-16,Sold,1019644.52,2026-08-24,8,557.95,3,Yes,No,2026-08-16,2026-08-24
UPDATE,2026-08-24T00:00:00,2026-08-24,PT0503056,LST0503056,AG00857,LOC0148,Condo,1,1.0,3583,3489,1930,1086800.0,2026-07-03,Pending,,,0,104.57,3,No,No,2026-07-03,2026-08-24
UPDATE,2026-08-24T00:00:00,2026-08-24,PT0305802,LST0305802,AG02660,LOC0051,Land,0,0.0,6736,10146,1985,946400.0,2024-07-16,Pending,,,136,0.0,0,No,No,2024-07-16,2026-08-24
UPDATE,2026-08-24T00:00:00,2026-08-24,PT0388224,LST0388224,AG00765,LOC0192,Single Family,5,3.0,1267,10826,1908,497800.0,2025-03-05,Active,,,111,0.0,2,Yes,Yes,2025-03-05,2026-08-24
UPDATE,2026-08-24T00:00:00,2026-08-24,PT0410009,LST0410009,AG01861,LOC0161,Apartment,5,4.0,180,0,1952,63200.0,2023-12-01,Active,,,175,82.0,0,No,No,2023-12-01,2026-08-24
UPDATE,2026-08-24T00:00:00,2026-08-24,PT0535628,LST0535628,AG01372,LOC0133,Single Family,3,3.5,745,4019,1936,109400.0,2026-07-31,Sold,110286.73,2026-08-24,24,0.0,1,No,No,2026-07-31,2026-08-24
UPDATE,2026-08-24T00:00:00,2026-08-24,PT0194574,LST0194574,AG02034,LOC0156,Single Family,3,2.0,3219,2910,1910,1839700.0,2026-04-29,Pending,,,162,0.0,3,No,Yes,2026-04-29,2026-08-24
UPDATE,2026-08-24T00:00:00,2026-08-24,PT0039098,LST0039098,AG01369,LOC0092,Single Family,5,1.0,1437,6326,1963,346800.0,2024-03-29,Active,,,141,0.0,1,No,Yes,2024-03-29,2026-08-24
UPDATE,2026-08-24T00:00:00,2026-08-24,PT0169603,LST0169603,AG02369,LOC0239,Condo,1,4.5,2265,2004,1951,143700.0,2024-11-16,Sold,136958.39,2026-08-24,646,224.0,3,No,No,2024-11-16,2026-08-24
UPDATE,2026-08-24T00:00:00,2026-08-24,PT0557839,LST0557839,AG02871,LOC0073,Condo,2,2.0,2469,13883,1902,335700.0,2026-08-20,Active,,,0,338.29,2,No,No,2026-08-20,2026-08-24
UPDATE,2026-08-24T00:00:00,2026-08-24,PT0455802,LST0455802,AG02541,LOC0086,Condo,3,2.5,425,7121,1934,50300.0,2023-09-12,Active,,,74,229.0,3,No,No,2023-09-12,2026-08-24
UPDATE,2026-08-24T00:00:00,2026-08-24,PT0538572,LST0538572,AG02003,LOC0172,Condo,1,1.5,3334,6627,1911,703100.0,2026-08-03,Pending,,,0,173.65,2,No,No,2026-08-03,2026-08-24
UPDATE,2026-08-24T00:00:00,2026-08-24,PT0529910,LST0529910,AG00271,LOC0189,Condo,2,3.0,2213,1978,2001,709500.0,2026-07-26,Active,,,0,695.26,0,No,No,2026-07-26,2026-08-24
UPDATE,2026-08-24T00:00:00,2026-08-24,PT0454938,LST0454938,AG00940,LOC0062,Townhouse,6,3.0,2261,7730,1954,562700.0,2024-04-06,Sold,540875.78,2026-08-24,870,351.0,2,No,No,2024-04-06,2026-08-24
UPDATE,2026-08-24T00:00:00,2026-08-24,PT0435510,LST0435510,AG01117,LOC0044,Condo,6,4.0,3027,2309,1912,901200.0,2025-03-04,Pending,,,82,162.0,1,No,No,2025-03-04,2026-08-24
UPDATE,2026-08-24T00:00:00,2026-08-24,PT0139963,LST0139963,AG02407,LOC0183,Townhouse,6,1.0,1529,5316,1914,243600.0,2023-07-28,Pending,,,111,739.0,1,No,No,2023-07-28,2026-08-24
UPDATE,2026-08-24T00:00:00,2026-08-24,PT0098797,LST0098797,AG01385,LOC0027,Condo,5,3.0,1459,1430,1975,519000.0,2023-07-06,Active,,,7,758.0,2,No,No,2023-07-06,2026-08-24
UPDATE,2026-08-24T00:00:00,2026-08-24,PT0127351,LST0127351,AG02668,LOC0249,Single Family,2,1.5,2639,2966,1918,1303500.0,2025-03-18,Pending,,,141,0.0,0,No,No,2025-03-18,2026-08-24
UPDATE,2026-08-24T00:00:00,2026-08-24,PT0515737,LST0515737,AG02097,LOC0003,Single Family,5,2.5,3021,6367,1982,203300.0,2026-07-13,Pending,,,0,0.0,3,No,Yes,2026-07-13,2026-08-24
UPDATE,2026-08-24T00:00:00,2026-08-24,PT0099370,LST0099370,AG02280,LOC0170,Townhouse,5,3.0,2294,4958,1970,886600.0,2025-10-26,Active,,,177,649.0,3,No,No,2025-10-26,2026-08-24
UPDATE,2026-08-24T00:00:00,2026-08-24,PT0106302,LST0106302,AG00397,LOC0035,Single Family,3,4.5,2578,4556,1956,430400.0,2023-02-13,Sold,442874.93,2026-08-24,1288,0.0,0,Yes,No,2023-02-13,2026-08-24
UPDATE,2026-08-24T00:00:00,2026-08-24,PT0481481,LST0481481,AG02703,LOC0232,Condo,5,3.5,1924,1371,1923,331900.0,2023-08-04,Pending,,,107,354.0,2,Yes,No,2023-08-04,2026-08-24
UPDATE,2026-08-24T00:00:00,2026-08-24,PT0148977,LST0148977,AG02578,LOC0121,Apartment,2,2.0,1270,0,1928,274500.0,2024-05-09,Active,,,57,325.0,1,No,No,2024-05-09,2026-08-24
UPDATE,2026-08-24T00:00:00,2026-08-24,PT0220730,LST0220730,AG02928,LOC0054,Multi-Family,3,4.0,4191,5301,1906,857300.0,2024-03-24,Active,,,77,0.0,2,No,Yes,2024-03-24,2026-08-24
UPDATE,2026-08-24T00:00:00,2026-08-24,PT0110333,LST0110333,AG00573,LOC0077,Single Family,2,3.5,2349,3566,1942,385600.0,2025-01-21,Sold,373219.05,2026-08-24,580,0.0,0,No,Yes,2025-01-21,2026-08-24
UPDATE,2026-08-24T00:00:00,2026-08-24,PT0515543,LST0515543,AG01862,LOC0061,Townhouse,5,1.5,2119,6322,2025,342100.0,2026-07-13,Active,,,0,295.52,0,Yes,No,2026-07-13,2026-08-24
UPDATE,2026-08-24T00:00:00,2026-08-24,PT0491650,LST0491650,AG02458,LOC0228,Land,0,0.0,5923,4811,1993,3459800.0,2024-10-10,Pending,,,7,0.0,0,No,No,2024-10-10,2026-08-24
UPDATE,2026-08-24T00:00:00,2026-08-24,PT0550638,LST0550638,AG01567,LOC0029,Single Family,1,1.5,2240,8849,1956,889700.0,2026-08-14,Sold,855202.51,2026-08-24,10,0.0,2,No,Yes,2026-08-14,2026-08-24
UPDATE,2026-08-24T00:00:00,2026-08-24,PT0166701,LST0166701,AG01912,LOC0153,Condo,5,2.0,1594,11751,1919,452700.0,2023-10-28,Pending,,,170,771.0,1,No,No,2023-10-28,2026-08-24
UPDATE,2026-08-24T00:00:00,2026-08-24,PT0123901,LST0123901,AG00703,LOC0168,Condo,4,1.0,2450,22877,1959,1268500.0,2025-05-28,Pending,,,130,696.0,3,No,No,2025-05-28,2026-08-24
UPDATE,2026-08-24T00:00:00,2026-08-24,PT0364788,LST0364788,AG01919,LOC0015,Townhouse,3,2.0,1940,1647,1939,638000.0,2023-05-12,Active,,,148,290.0,0,No,No,2023-05-12,2026-08-24
UPDATE,2026-08-24T00:00:00,2026-08-24,PT0016081,LST0016081,AG02502,LOC0212,Single Family,4,1.5,2194,4417,2011,727100.0,2024-04-06,Active,,,156,0.0,3,No,Yes,2024-04-06,2026-08-24
UPDATE,2026-08-24T00:00:00,2026-08-24,PT0543695,LST0543695,AG01160,LOC0054,Condo,6,3.5,3211,2304,1953,555300.0,2026-08-08,Pending,,,0,575.2,3,No,No,2026-08-08,2026-08-24
UPDATE,2026-08-24T00:00:00,2026-08-24,PT0016295,LST0016295,AG01280,LOC0160,Townhouse,2,4.5,2943,4993,1910,339100.0,2023-07-24,Active,,,158,72.0,0,No,No,2023-07-24,2026-08-24
UPDATE,2026-08-24T00:00:00,2026-08-24,PT0431812,LST0431812,AG01702,LOC0231,Condo,5,3.0,2209,1834,2004,358200.0,2025-02-15,Sold,339423.52,2026-08-24,555,335.0,0,No,No,2025-02-15,2026-08-24
UPDATE,2026-08-24T00:00:00,2026-08-24,PT0539134,LST0539134,AG01851,LOC0134,Single Family,3,2.5,2040,3775,1922,400800.0,2026-08-03,Active,,,0,0.0,0,No,No,2026-08-03,2026-08-24
UPDATE,2026-08-24T00:00:00,2026-08-24,PT0192747,LST0192747,AG01454,LOC0057,Townhouse,4,1.0,1136,10086,1970,247100.0,2025-04-02,Pending,,,117,501.0,2,No,No,2025-04-02,2026-08-24
UPDATE,2026-08-24T00:00:00,2026-08-24,PT0538402,LST0538402,AG00327,LOC0206,Multi-Family,2,1.0,2982,18170,2009,763000.0,2026-08-03,Pending,,,0,0.0,2,No,Yes,2026-08-03,2026-08-24
UPDATE,2026-08-24T00:00:00,2026-08-24,PT0534696,LST0534696,AG00145,LOC0056,Single Family,1,4.5,2362,1189,1944,1014400.0,2026-07-30,Active,,,0,0.0,2,Yes,Yes,2026-07-30,2026-08-24
UPDATE,2026-08-24T00:00:00,2026-08-24,PT0293514,LST0293514,AG02525,LOC0085,Multi-Family,2,4.0,3107,3647,1939,346700.0,2024-07-18,Pending,,,21,0.0,3,No,No,2024-07-18,2026-08-24
UPDATE,2026-08-24T00:00:00,2026-08-24,PT0135275,LST0135275,AG02034,LOC0185,Single Family,5,1.5,934,5196,1930,497500.0,2025-12-04,Pending,,,38,0.0,1,Yes,Yes,2025-12-04,2026-08-24
UPDATE,2026-08-24T00:00:00,2026-08-24,PT0373172,LST0373172,AG02486,LOC0205,Single Family,6,1.5,3585,2564,1926,977700.0,2023-10-20,Active,,,33,0.0,2,Yes,Yes,2023-10-20,2026-08-24
UPDATE,2026-08-24T00:00:00,2026-08-24,PT0118447,LST0118447,AG00563,LOC0244,Single Family,2,4.5,1188,1822,1994,216700.0,2023-10-19,Sold,201095.93,2026-08-24,1040,0.0,0,No,Yes,2023-10-19,2026-08-24
UPDATE,2026-08-24T00:00:00,2026-08-24,PT0421572,LST0421572,AG01705,LOC0202,Condo,3,4.0,612,3323,1915,213400.0,2025-02-03,Pending,,,31,625.0,3,No,No,2025-02-03,2026-08-24
UPDATE,2026-08-24T00:00:00,2026-08-24,PT0557791,LST0557791,AG00597,LOC0247,Single Family,2,4.5,1803,8284,1998,604600.0,2026-08-20,Active,,,0,0.0,2,Yes,No,2026-08-20,2026-08-24
UPDATE,2026-08-24T00:00:00,2026-08-24,PT0387795,LST0387795,AG02520,LOC0101,Multi-Family,6,3.5,3100,3567,1906,1139600.0,2024-08-29,Sold,1155785.66,2026-08-24,725,0.0,3,No,No,2024-08-29,2026-08-24
UPDATE,2026-08-24T00:00:00,2026-08-24,PT0016963,LST0016963,AG01855,LOC0103,Single Family,1,3.5,1870,2431,1998,405500.0,2023-09-13,Sold,400723.28,2026-08-24,1076,0.0,0,No,No,2023-09-13,2026-08-24
UPDATE,2026-08-24T00:00:00,2026-08-24,PT0243697,LST0243697,AG01624,LOC0122,Single Family,4,1.0,2785,1660,1961,491500.0,2025-02-17,Active,,,126,0.0,3,Yes,Yes,2025-02-17,2026-08-24
UPDATE,2026-08-24T00:00:00,2026-08-24,PT0230424,LST0230424,AG02041,LOC0224,Single Family,4,4.0,1827,11030,2001,693700.0,2024-03-24,Sold,607993.52,2026-08-24,883,0.0,1,No,No,2024-03-24,2026-08-24
UPDATE,2026-08-24T00:00:00,2026-08-24,PT0224442,LST0224442,AG00494,LOC0101,Condo,6,1.5,2989,5047,1952,1077800.0,2024-02-26,Pending,,,168,597.0,0,Yes,No,2024-02-26,2026-08-24
UPDATE,2026-08-24T00:00:00,2026-08-24,PT0308726,LST0308726,AG00093,LOC0111,Single Family,6,2.0,1668,1432,1905,262100.0,2024-06-04,Pending,,,169,0.0,1,No,Yes,2024-06-04,2026-08-24
UPDATE,2026-08-24T00:00:00,2026-08-24,PT0157174,LST0157174,AG02132,LOC0001,Single Family,5,3.5,2347,2427,1901,341100.0,2023-08-08,Active,,,139,0.0,3,No,Yes,2023-08-08,2026-08-24
UPDATE,2026-08-24T00:00:00,2026-08-24,PT0007869,LST0007869,AG02321,LOC0197,Single Family,2,1.0,2338,4101,1922,1089600.0,2025-08-13,Pending,,,5,0.0,1,No,No,2025-08-13,2026-08-24
UPDATE,2026-08-24T00:00:00,2026-08-24,PT0016919,LST0016919,AG02190,LOC0072,Single Family,4,2.0,2085,3826,2007,210600.0,2023-12-24,Sold,192184.36,2026-08-24,974,0.0,3,Yes,Yes,2023-12-24,2026-08-24
UPDATE,2026-08-24T00:00:00,2026-08-24,PT0427687,LST0427687,AG00964,LOC0159,Multi-Family,3,3.5,3458,2129,1991,769900.0,2024-05-01,Active,,,52,0.0,3,No,No,2024-05-01,2026-08-24
UPDATE,2026-08-24T00:00:00,2026-08-24,PT0393595,LST0393595,AG01401,LOC0238,Single Family,3,4.5,2767,4226,1938,1255600.0,2025-08-24,Active,,,29,0.0,0,No,Yes,2025-08-24,2026-08-24
UPDATE,2026-08-24T00:00:00,2026-08-24,PT0475691,LST0475691,AG01842,LOC0165,Single Family,6,4.5,599,4328,1950,306400.0,2025-10-11,Sold,298029.14,2026-08-24,317,0.0,3,No,Yes,2025-10-11,2026-08-24
UPDATE,2026-08-24T00:00:00,2026-08-24,PT0157678,LST0157678,AG02362,LOC0064,Single Family,3,4.0,300,1733,1929,92200.0,2026-06-24,Sold,89918.43,2026-08-24,61,0.0,3,No,Yes,2026-06-24,2026-08-24
UPDATE,2026-08-24T00:00:00,2026-08-24,PT0074192,LST0074192,AG01027,LOC0080,Single Family,6,3.0,1307,18193,2016,559700.0,2025-10-03,Active,,,71,0.0,3,No,No,2025-10-03,2026-08-24
UPDATE,2026-08-24T00:00:00,2026-08-24,PT0554516,LST0554516,AG02236,LOC0186,Single Family,5,1.0,2701,2084,1920,840600.0,2026-08-17,Active,,,0,0.0,0,No,Yes,2026-08-17,2026-08-24
UPDATE,2026-08-24T00:00:00,2026-08-24,PT0106997,LST0106997,AG00688,LOC0042,Townhouse,3,3.0,2609,3246,2015,782100.0,2024-02-04,Pending,,,117,253.0,0,No,No,2024-02-04,2026-08-24
UPDATE,2026-08-24T00:00:00,2026-08-24,PT0151895,LST0151895,AG02292,LOC0002,Condo,3,4.0,2771,4041,1966,682200.0,2025-06-20,Pending,,,102,516.0,0,No,No,2025-06-20,2026-08-24
UPDATE,2026-08-24T00:00:00,2026-08-24,PT0508451,LST0508451,AG01875,LOC0176,Single Family,3,2.5,980,6253,1995,511800.0,2026-07-07,Active,,,0,0.0,1,Yes,No,2026-07-07,2026-08-24
UPDATE,2026-08-24T00:00:00,2026-08-24,PT0515768,LST0515768,AG01982,LOC0078,Single Family,5,3.5,2096,1783,1937,1049600.0,2026-07-13,Active,,,0,0.0,1,No,Yes,2026-07-13,2026-08-24
UPDATE,2026-08-24T00:00:00,2026-08-24,PT0269881,LST0269881,AG01804,LOC0230,Single Family,2,1.0,1866,6877,1959,476100.0,2024-08-02,Pending,,,172,0.0,2,Yes,No,2024-08-02,2026-08-24
UPDATE,2026-08-24T00:00:00,2026-08-24,PT0007999,LST0007999,AG02859,LOC0229,Multi-Family,6,3.5,2328,3878,1987,388300.0,2024-04-30,Active,,,179,0.0,0,No,No,2024-04-30,2026-08-24
UPDATE,2026-08-24T00:00:00,2026-08-24,PT0393896,LST0393896,AG01398,LOC0140,Single Family,6,2.5,2245,3360,1901,1249000.0,2023-05-03,Sold,1259895.49,2026-08-24,1209,0.0,1,No,Yes,2023-05-03,2026-08-24
UPDATE,2026-08-24T00:00:00,2026-08-24,PT0377891,LST0377891,AG00369,LOC0246,Single Family,4,2.5,1439,2406,2023,383400.0,2025-09-08,Pending,,,132,0.0,2,No,No,2025-09-08,2026-08-24
UPDATE,2026-08-24T00:00:00,2026-08-24,PT0488016,LST0488016,AG02099,LOC0037,Single Family,2,3.5,2050,11366,1969,924100.0,2025-06-16,Pending,,,93,0.0,0,Yes,No,2025-06-16,2026-08-24
UPDATE,2026-08-24T00:00:00,2026-08-24,PT0177668,LST0177668,AG00545,LOC0006,Single Family,4,2.5,2791,1784,1968,612400.0,2024-08-24,Active,,,164,0.0,3,No,Yes,2024-08-24,2026-08-24
UPDATE,2026-08-24T00:00:00,2026-08-24,PT0048845,LST0048845,AG00150,LOC0107,Single Family,1,2.5,1475,3752,1937,192100.0,2023-06-23,Pending,,,73,0.0,0,No,Yes,2023-06-23,2026-08-24
UPDATE,2026-08-24T00:00:00,2026-08-24,PT0040854,LST0040854,AG02544,LOC0119,Single Family,6,1.0,2935,1159,2021,975800.0,2025-02-23,Active,,,85,0.0,2,No,Yes,2025-02-23,2026-08-24
UPDATE,2026-08-24T00:00:00,2026-08-24,PT0162867,LST0162867,AG01535,LOC0250,Single Family,5,1.0,2664,3263,1962,644000.0,2023-11-04,Pending,,,3,0.0,3,No,Yes,2023-11-04,2026-08-24
UPDATE,2026-08-24T00:00:00,2026-08-24,PT0020374,LST0020374,AG00028,LOC0093,Townhouse,2,3.5,1029,2132,1987,130200.0,2025-01-16,Sold,125022.21,2026-08-24,585,234.0,3,No,No,2025-01-16,2026-08-24
UPDATE,2026-08-24T00:00:00,2026-08-24,PT0292754,LST0292754,AG01017,LOC0071,Single Family,6,3.0,2178,1328,1907,1071100.0,2025-04-01,Pending,,,157,0.0,0,No,No,2025-04-01,2026-08-24
UPDATE,2026-08-24T00:00:00,2026-08-24,PT0544947,LST0544947,AG00259,LOC0241,Single Family,1,3.0,2289,3853,2018,384000.0,2026-08-08,Pending,,,0,0.0,2,No,Yes,2026-08-08,2026-08-24
UPDATE,2026-08-24T00:00:00,2026-08-24,PT0118321,LST0118321,AG00852,LOC0066,Townhouse,6,1.0,2096,3565,1912,445000.0,2024-11-11,Sold,425743.76,2026-08-24,651,389.0,1,No,No,2024-11-11,2026-08-24
UPDATE,2026-08-24T00:00:00,2026-08-24,PT0184378,LST0184378,AG01157,LOC0182,Townhouse,1,1.0,3076,3980,1950,894600.0,2025-04-15,Active,,,109,238.0,0,No,No,2025-04-15,2026-08-24
UPDATE,2026-08-24T00:00:00,2026-08-24,PT0195382,LST0195382,AG01763,LOC0103,Townhouse,6,1.0,2218,4945,2005,260300.0,2023-12-25,Sold,253156.2,2026-08-24,973,744.0,1,No,No,2023-12-25,2026-08-24
UPDATE,2026-08-24T00:00:00,2026-08-24,PT0235126,LST0235126,AG02511,LOC0199,Single Family,4,3.0,2344,4323,2003,725300.0,2026-02-23,Active,,,19,0.0,0,No,Yes,2026-02-23,2026-08-24
UPDATE,2026-08-24T00:00:00,2026-08-24,PT0518157,LST0518157,AG00770,LOC0009,Condo,4,3.5,1583,2866,1988,157400.0,2026-07-16,Sold,141969.8,2026-08-24,39,107.19,1,No,No,2026-07-16,2026-08-24
UPDATE,2026-08-24T00:00:00,2026-08-24,PT0177811,LST0177811,AG00982,LOC0202,Single Family,3,3.5,3419,2495,2020,1042800.0,2024-04-21,Pending,,,121,0.0,1,No,Yes,2024-04-21,2026-08-24
UPDATE,2026-08-24T00:00:00,2026-08-24,PT0010776,LST0010776,AG00862,LOC0032,Condo,6,2.0,719,1941,1996,55200.0,2025-06-06,Pending,,,76,745.0,3,No,No,2025-06-06,2026-08-24
UPDATE,2026-08-24T00:00:00,2026-08-24,PT0175422,LST0175422,AG02646,LOC0213,Single Family,3,3.0,2614,8658,1965,690300.0,2023-04-14,Sold,633978.68,2026-08-24,1228,0.0,1,No,No,2023-04-14,2026-08-24
UPDATE,2026-08-24T00:00:00,2026-08-24,PT0253226,LST0253226,AG00486,LOC0217,Single Family,3,1.5,1801,1468,1934,249100.0,2025-08-06,Pending,,,95,0.0,3,Yes,No,2025-08-06,2026-08-24
UPDATE,2026-08-24T00:00:00,2026-08-24,PT0032894,LST0032894,AG01523,LOC0021,Single Family,3,4.0,1162,3432,2012,168000.0,2023-10-15,Pending,,,56,0.0,2,Yes,No,2023-10-15,2026-08-24
UPDATE,2026-08-24T00:00:00,2026-08-24,PT0346184,LST0346184,AG02126,LOC0225,Multi-Family,3,4.0,846,2476,1961,147400.0,2025-12-21,Active,,,24,0.0,0,Yes,No,2025-12-21,2026-08-24
UPDATE,2026-08-24T00:00:00,2026-08-24,PT0118511,LST0118511,AG00879,LOC0023,Single Family,1,4.0,3169,1919,1991,921700.0,2025-04-09,Active,,,105,0.0,1,No,No,2025-04-09,2026-08-24
UPDATE,2026-08-24T00:00:00,2026-08-24,PT0412759,LST0412759,AG01178,LOC0152,Apartment,3,4.5,891,0,1961,243000.0,2025-01-27,Pending,,,108,288.0,2,No,No,2025-01-27,2026-08-24
UPDATE,2026-08-24T00:00:00,2026-08-24,PT0560271,LST0560271,AG00383,LOC0107,Townhouse,1,1.5,1935,4222,1981,88100.0,2026-08-22,Active,,,0,129.85,0,Yes,No,2026-08-22,2026-08-24
UPDATE,2026-08-24T00:00:00,2026-08-24,PT0540616,LST0540616,AG00253,LOC0141,Condo,3,3.0,1410,2512,1999,308700.0,2026-08-04,Sold,296289.15,2026-08-24,20,754.14,0,No,No,2026-08-04,2026-08-24
UPDATE,2026-08-24T00:00:00,2026-08-24,PT0333627,LST0333627,AG02512,LOC0168,Single Family,1,4.0,945,2476,1920,429900.0,2024-07-19,Active,,,147,0.0,1,No,Yes,2024-07-19,2026-08-24
UPDATE,2026-08-24T00:00:00,2026-08-24,PT0370787,LST0370787,AG00666,LOC0245,Single Family,3,2.5,3125,3300,2015,470100.0,2026-04-05,Sold,444862.47,2026-08-24,141,0.0,0,No,Yes,2026-04-05,2026-08-24
UPDATE,2026-08-24T00:00:00,2026-08-24,PT0304392,LST0304392,AG02941,LOC0238,Single Family,5,2.5,2850,3901,1980,760200.0,2023-10-11,Active,,,40,0.0,3,No,No,2023-10-11,2026-08-24
UPDATE,2026-08-24T00:00:00,2026-08-24,PT0502329,LST0502329,AG00376,LOC0206,Multi-Family,1,1.0,2879,5647,1993,1211500.0,2026-07-02,Pending,,,0,0.0,1,Yes,Yes,2026-07-02,2026-08-24
UPDATE,2026-08-24T00:00:00,2026-08-24,PT0543664,LST0543664,AG01019,LOC0129,Multi-Family,4,4.5,4623,1084,1981,1762700.0,2026-08-07,Active,,,0,0.0,0,No,No,2026-08-07,2026-08-24
UPDATE,2026-08-24T00:00:00,2026-08-24,PT0362641,LST0362641,AG02547,LOC0211,Apartment,5,2.0,565,0,1906,97200.0,2023-04-18,Active,,,108,556.0,1,No,No,2023-04-18,2026-08-24
UPDATE,2026-08-24T00:00:00,2026-08-24,PT0421849,LST0421849,AG00508,LOC0012,Single Family,2,4.5,1031,1923,2022,382400.0,2024-10-13,Pending,,,37,0.0,3,No,No,2024-10-13,2026-08-24
UPDATE,2026-08-24T00:00:00,2026-08-24,PT0450684,LST0450684,AG00497,LOC0125,Single Family,5,1.0,1715,2185,1914,420000.0,2023-04-25,Active,,,171,0.0,3,Yes,No,2023-04-25,2026-08-24
UPDATE,2026-08-24T00:00:00,2026-08-24,PT0016082,LST0016082,AG02578,LOC0009,Single Family,4,4.5,300,18625,1972,60200.0,2024-01-12,Sold,60779.08,2026-08-24,955,0.0,3,No,No,2024-01-12,2026-08-24
UPDATE,2026-08-24T00:00:00,2026-08-24,PT0527176,LST0527176,AG01362,LOC0228,Single Family,2,3.0,2357,5297,1970,1725700.0,2026-07-24,Active,,,0,0.0,1,No,Yes,2026-07-24,2026-08-24
UPDATE,2026-08-24T00:00:00,2026-08-24,PT0387610,LST0387610,AG01018,LOC0051,Single Family,5,2.0,1123,2912,1943,99300.0,2024-01-07,Active,,,47,0.0,2,No,No,2024-01-07,2026-08-24
UPDATE,2026-08-24T00:00:00,2026-08-24,PT0476160,LST0476160,AG00147,LOC0019,Single Family,6,3.5,762,2210,2015,160000.0,2024-07-16,Active,,,161,0.0,3,No,No,2024-07-16,2026-08-24
UPDATE,2026-08-24T00:00:00,2026-08-24,PT0070668,LST0070668,AG01507,LOC0087,Single Family,6,4.0,2190,5033,1906,764100.0,2026-05-30,Pending,,,73,0.0,3,No,No,2026-05-30,2026-08-24
UPDATE,2026-08-24T00:00:00,2026-08-24,PT0072958,LST0072958,AG00877,LOC0174,Single Family,2,4.5,342,1577,2010,129700.0,2025-12-30,Pending,,,89,0.0,2,No,No,2025-12-30,2026-08-24
UPDATE,2026-08-24T00:00:00,2026-08-24,PT0545817,LST0545817,AG00355,LOC0093,Single Family,6,3.0,2525,3602,2013,394300.0,2026-08-09,Pending,,,0,0.0,3,No,No,2026-08-09,2026-08-24
UPDATE,2026-08-24T00:00:00,2026-08-24,PT0399156,LST0399156,AG00285,LOC0213,Single Family,4,4.5,2156,3742,1972,218200.0,2025-07-31,Pending,,,98,0.0,2,Yes,No,2025-07-31,2026-08-24
UPDATE,2026-08-24T00:00:00,2026-08-24,PT0466911,LST0466911,AG02262,LOC0242,Condo,3,2.5,2878,8590,2009,503700.0,2023-12-21,Pending,,,161,153.0,0,No,No,2023-12-21,2026-08-24
UPDATE,2026-08-24T00:00:00,2026-08-24,PT0500672,LST0500672,AG02423,LOC0103,Single Family,2,1.0,1913,3601,1966,463100.0,2026-07-01,Pending,,,0,0.0,0,No,No,2026-07-01,2026-08-24
UPDATE,2026-08-24T00:00:00,2026-08-24,PT0548752,LST0548752,AG02378,LOC0191,Condo,4,2.5,3452,1873,2003,1611400.0,2026-08-12,Pending,,,0,607.49,3,No,No,2026-08-12,2026-08-24
UPDATE,2026-08-24T00:00:00,2026-08-24,PT0522623,LST0522623,AG01359,LOC0231,Townhouse,3,2.0,2012,2863,1922,296500.0,2026-07-20,Pending,,,0,541.52,3,No,No,2026-07-20,2026-08-24
UPDATE,2026-08-24T00:00:00,2026-08-24,PT0005822,LST0005822,AG00951,LOC0104,Townhouse,4,1.0,1628,11098,1960,244200.0,2023-01-14,Active,,,174,709.0,3,Yes,No,2023-01-14,2026-08-24
UPDATE,2026-08-24T00:00:00,2026-08-24,PT0063543,LST0063543,AG01755,LOC0155,Single Family,1,4.5,1800,1748,1941,617300.0,2024-07-08,Pending,,,71,0.0,3,No,Yes,2024-07-08,2026-08-24
UPDATE,2026-08-24T00:00:00,2026-08-24,PT0551641,LST0551641,AG02526,LOC0085,Single Family,4,3.0,1973,2678,1965,376600.0,2026-08-15,Active,,,0,0.0,3,No,No,2026-08-15,2026-08-24
UPDATE,2026-08-24T00:00:00,2026-08-24,PT0043619,LST0043619,AG01005,LOC0186,Condo,3,1.5,1663,8178,1979,465800.0,2023-05-22,Pending,,,178,398.0,3,No,No,2023-05-22,2026-08-24
UPDATE,2026-08-24T00:00:00,2026-08-24,PT0553086,LST0553086,AG00160,LOC0180,Single Family,2,3.5,1553,1408,1957,461100.0,2026-08-16,Pending,,,0,0.0,2,No,Yes,2026-08-16,2026-08-24
UPDATE,2026-08-24T00:00:00,2026-08-24,PT0514295,LST0514295,AG00924,LOC0004,Condo,5,1.0,1809,3701,1989,368600.0,2026-07-12,Active,,,0,640.52,3,No,No,2026-07-12,2026-08-24
UPDATE,2026-08-24T00:00:00,2026-08-24,PT0344660,LST0344660,AG01131,LOC0114,Single Family,5,2.0,1652,5227,2013,334700.0,2024-03-27,Active,,,79,0.0,3,No,Yes,2024-03-27,2026-08-24
UPDATE,2026-08-24T00:00:00,2026-08-24,PT0423571,LST0423571,AG02120,LOC0137,Single Family,5,3.5,2733,6776,1942,1221800.0,2025-01-16,Pending,,,10,0.0,0,No,No,2025-01-16,2026-08-24
UPDATE,2026-08-24T00:00:00,2026-08-24,PT0383674,LST0383674,AG02334,LOC0101,Multi-Family,4,2.5,2094,4334,1955,530600.0,2024-06-26,Pending,,,35,0.0,3,No,No,2024-06-26,2026-08-24
UPDATE,2026-08-24T00:00:00,2026-08-24,PT0199918,LST0199918,AG00052,LOC0005,Multi-Family,6,1.0,2648,5121,1961,873300.0,2024-02-10,Active,,,43,0.0,0,No,Yes,2024-02-10,2026-08-24
UPDATE,2026-08-24T00:00:00,2026-08-24,PT0212646,LST0212646,AG01836,LOC0012,Single Family,5,4.5,1610,2868,1933,446200.0,2025-01-21,Pending,,,132,0.0,3,No,Yes,2025-01-21,2026-08-24
UPDATE,2026-08-24T00:00:00,2026-08-24,PT0562495,LST0562495,AG00047,LOC0192,Single Family,6,4.0,1990,4690,1941,443800.0,2026-08-24,Active,,,0,0.0,2,Yes,Yes,2026-08-24,2026-08-24
UPDATE,2026-08-24T00:00:00,2026-08-24,PT0244597,LST0244597,AG00373,LOC0215,Townhouse,3,4.5,2170,2086,1931,744800.0,2025-05-25,Pending,,,148,283.0,1,No,No,2025-05-25,2026-08-24
UPDATE,2026-08-24T00:00:00,2026-08-24,PT0524055,LST0524055,AG02243,LOC0142,Condo,6,2.0,2268,1410,1934,697700.0,2026-07-21,Active,,,0,705.83,2,No,No,2026-07-21,2026-08-24
UPDATE,2026-08-24T00:00:00,2026-08-24,PT0525580,LST0525580,AG00853,LOC0081,Townhouse,6,1.0,1745,6329,1986,357800.0,2026-07-23,Pending,,,0,411.56,1,No,No,2026-07-23,2026-08-24
UPDATE,2026-08-24T00:00:00,2026-08-24,PT0175507,LST0175507,AG00380,LOC0035,Land,0,0.0,9833,2102,1989,1671400.0,2025-08-31,Pending,,,162,0.0,0,No,No,2025-08-31,2026-08-24
UPDATE,2026-08-24T00:00:00,2026-08-24,PT0145746,LST0145746,AG02888,LOC0130,Condo,2,3.5,1392,7450,1995,425200.0,2023-09-05,Active,,,136,417.0,0,Yes,No,2023-09-05,2026-08-24
UPDATE,2026-08-24T00:00:00,2026-08-24,PT0278669,LST0278669,AG01641,LOC0136,Townhouse,5,4.5,913,3484,1975,134500.0,2025-07-03,Pending,,,44,507.0,3,No,No,2025-07-03,2026-08-24
UPDATE,2026-08-24T00:00:00,2026-08-24,PT0463910,LST0463910,AG01531,LOC0193,Single Family,2,4.5,577,2020,1974,208700.0,2023-11-15,Active,,,134,0.0,1,Yes,No,2023-11-15,2026-08-24
UPDATE,2026-08-24T00:00:00,2026-08-24,PT0304986,LST0304986,AG01859,LOC0245,Condo,4,2.0,487,6852,1910,110700.0,2025-02-27,Active,,,7,567.0,0,No,No,2025-02-27,2026-08-24
UPDATE,2026-08-24T00:00:00,2026-08-24,PT0135716,LST0135716,AG00098,LOC0230,Townhouse,4,2.0,2290,1908,2001,754900.0,2024-02-25,Pending,,,12,432.0,3,No,No,2024-02-25,2026-08-24
UPDATE,2026-08-24T00:00:00,2026-08-24,PT0487845,LST0487845,AG01691,LOC0010,Single Family,4,2.5,1862,2164,1969,538900.0,2025-09-05,Active,,,176,0.0,2,No,Yes,2025-09-05,2026-08-24
UPDATE,2026-08-24T00:00:00,2026-08-24,PT0308143,LST0308143,AG02790,LOC0050,Single Family,5,4.5,1368,12945,1970,417500.0,2025-12-18,Pending,,,13,0.0,2,No,No,2025-12-18,2026-08-24
UPDATE,2026-08-24T00:00:00,2026-08-24,PT0054303,LST0054303,AG02232,LOC0116,Single Family,3,3.5,1626,2923,2011,834200.0,2025-08-13,Active,,,163,0.0,1,No,Yes,2025-08-13,2026-08-24
UPDATE,2026-08-24T00:00:00,2026-08-24,PT0403519,LST0403519,AG00185,LOC0243,Condo,1,4.5,2912,20067,2012,1121800.0,2024-04-11,Pending,,,87,677.0,0,No,No,2024-04-11,2026-08-24
UPDATE,2026-08-24T00:00:00,2026-08-24,PT0308440,LST0308440,AG02051,LOC0160,Multi-Family,6,1.5,2105,1084,1903,124600.0,2025-07-19,Pending,,,28,0.0,3,Yes,Yes,2025-07-19,2026-08-24
UPDATE,2026-08-24T00:00:00,2026-08-24,PT0379758,LST0379758,AG01004,LOC0178,Single Family,6,3.0,1611,5675,1910,141500.0,2026-01-24,Pending,,,61,0.0,0,No,Yes,2026-01-24,2026-08-24
UPDATE,2026-08-24T00:00:00,2026-08-24,PT0487532,LST0487532,AG02654,LOC0064,Condo,2,4.5,2651,1670,1996,629300.0,2024-06-13,Pending,,,17,376.0,1,Yes,No,2024-06-13,2026-08-24
UPDATE,2026-08-24T00:00:00,2026-08-24,PT0059990,LST0059990,AG01320,LOC0025,Multi-Family,6,1.5,5217,5377,2006,583700.0,2024-08-04,Sold,633274.23,2026-08-24,750,0.0,1,No,No,2024-08-04,2026-08-24
UPDATE,2026-08-24T00:00:00,2026-08-24,PT0122640,LST0122640,AG01837,LOC0129,Single Family,6,3.5,460,3489,1995,140800.0,2024-07-12,Active,,,86,0.0,1,Yes,No,2024-07-12,2026-08-24
UPDATE,2026-08-24T00:00:00,2026-08-24,PT0166229,LST0166229,AG02405,LOC0134,Single Family,6,2.5,3197,3726,1997,1512400.0,2024-08-26,Active,,,149,0.0,1,No,No,2024-08-26,2026-08-24
UPDATE,2026-08-24T00:00:00,2026-08-24,PT0402444,LST0402444,AG01012,LOC0045,Single Family,2,4.5,1731,23966,1984,652600.0,2026-03-15,Pending,,,17,0.0,0,Yes,No,2026-03-15,2026-08-24
UPDATE,2026-08-24T00:00:00,2026-08-24,PT0533227,LST0533227,AG01307,LOC0189,Townhouse,5,1.5,1988,2755,1972,496200.0,2026-07-29,Active,,,0,68.61,3,Yes,No,2026-07-29,2026-08-24
UPDATE,2026-08-24T00:00:00,2026-08-24,PT0453688,LST0453688,AG02237,LOC0139,Condo,1,2.0,2109,6419,1910,1284500.0,2023-12-10,Pending,,,57,468.0,2,No,No,2023-12-10,2026-08-24
UPDATE,2026-08-24T00:00:00,2026-08-24,PT0124909,LST0124909,AG01215,LOC0035,Single Family,2,1.5,2505,1366,1993,422400.0,2023-09-10,Pending,,,51,0.0,2,No,Yes,2023-09-10,2026-08-24
UPDATE,2026-08-24T00:00:00,2026-08-24,PT0090625,LST0090625,AG00264,LOC0084,Single Family,2,2.0,2021,3222,1930,710200.0,2026-04-17,Pending,,,7,0.0,3,No,No,2026-04-17,2026-08-24
UPDATE,2026-08-24T00:00:00,2026-08-24,PT0543728,LST0543728,AG02187,LOC0149,Single Family,3,3.5,2574,5515,1980,564500.0,2026-08-08,Active,,,0,0.0,3,Yes,No,2026-08-08,2026-08-24
UPDATE,2026-08-24T00:00:00,2026-08-24,PT0183263,LST0183263,AG02259,LOC0128,Townhouse,2,3.0,1687,3147,2012,245800.0,2025-06-17,Active,,,46,149.0,0,No,No,2025-06-17,2026-08-24
UPDATE,2026-08-24T00:00:00,2026-08-24,PT0366790,LST0366790,AG01475,LOC0072,Single Family,6,1.0,734,2663,1999,79600.0,2025-02-09,Pending,,,29,0.0,1,No,Yes,2025-02-09,2026-08-24
UPDATE,2026-08-24T00:00:00,2026-08-24,PT0164147,LST0164147,AG02273,LOC0046,Townhouse,3,2.5,1549,1453,2003,450800.0,2023-01-11,Pending,,,37,363.0,0,No,No,2023-01-11,2026-08-24
UPDATE,2026-08-24T00:00:00,2026-08-24,PT0323325,LST0323325,AG01151,LOC0090,Single Family,2,4.5,983,1277,1967,357100.0,2024-02-20,Active,,,48,0.0,2,No,Yes,2024-02-20,2026-08-24
UPDATE,2026-08-24T00:00:00,2026-08-24,PT0534775,LST0534775,AG02481,LOC0042,Condo,4,4.0,1373,12303,1922,301300.0,2026-07-30,Active,,,0,79.98,3,No,No,2026-07-30,2026-08-24
UPDATE,2026-08-24T00:00:00,2026-08-24,PT0007487,LST0007487,AG01463,LOC0126,Multi-Family,3,3.5,5713,2427,2010,2160800.0,2024-10-02,Pending,,,44,0.0,3,Yes,Yes,2024-10-02,2026-08-24
UPDATE,2026-08-24T00:00:00,2026-08-24,PT0182741,LST0182741,AG01891,LOC0079,Single Family,5,4.0,1817,3065,1995,459700.0,2024-07-11,Active,,,116,0.0,1,No,Yes,2024-07-11,2026-08-24
UPDATE,2026-08-24T00:00:00,2026-08-24,PT0377318,LST0377318,AG01049,LOC0140,Single Family,4,3.0,1191,6535,1969,698900.0,2023-05-21,Active,,,104,0.0,2,No,Yes,2023-05-21,2026-08-24
UPDATE,2026-08-24T00:00:00,2026-08-24,PT0310923,LST0310923,AG02833,LOC0107,Condo,2,4.0,2075,3004,1945,550000.0,2023-11-06,Pending,,,161,795.0,3,No,No,2023-11-06,2026-08-24
UPDATE,2026-08-24T00:00:00,2026-08-24,PT0516731,LST0516731,AG01525,LOC0250,Single Family,5,1.0,2637,6934,1949,945500.0,2026-07-14,Active,,,0,0.0,1,No,No,2026-07-14,2026-08-24
UPDATE,2026-08-24T00:00:00,2026-08-24,PT0105540,LST0105540,AG02719,LOC0138,Townhouse,5,4.0,2890,4636,1949,846800.0,2023-12-20,Active,,,145,490.0,0,Yes,No,2023-12-20,2026-08-24
UPDATE,2026-08-24T00:00:00,2026-08-24,PT0500159,LST0500159,AG02145,LOC0241,Single Family,6,4.0,3324,13310,2022,696100.0,2026-07-01,Active,,,0,0.0,0,No,Yes,2026-07-01,2026-08-24
UPDATE,2026-08-24T00:00:00,2026-08-24,PT0198229,LST0198229,AG01027,LOC0078,Single Family,5,2.5,1349,10147,1953,761100.0,2024-08-26,Pending,,,120,0.0,0,No,No,2024-08-26,2026-08-24
UPDATE,2026-08-24T00:00:00,2026-08-24,PT0166898,LST0166898,AG00215,LOC0059,Single Family,6,3.5,2394,9819,1940,506000.0,2023-04-12,Pending,,,143,0.0,0,No,No,2023-04-12,2026-08-24
UPDATE,2026-08-24T00:00:00,2026-08-24,PT0261382,LST0261382,AG02239,LOC0152,Single Family,4,2.0,2019,10409,1957,366700.0,2023-08-23,Pending,,,139,0.0,3,No,Yes,2023-08-23,2026-08-24
UPDATE,2026-08-24T00:00:00,2026-08-24,PT0041160,LST0041160,AG00853,LOC0092,Single Family,2,1.5,1410,1643,2013,187000.0,2023-05-23,Pending,,,34,0.0,2,Yes,Yes,2023-05-23,2026-08-24
UPDATE,2026-08-24T00:00:00,2026-08-24,PT0051863,LST0051863,AG01966,LOC0237,Single Family,3,1.0,1831,4436,1999,378500.0,2024-05-04,Active,,,12,0.0,3,Yes,No,2024-05-04,2026-08-24
UPDATE,2026-08-24T00:00:00,2026-08-24,PT0228752,LST0228752,AG00293,LOC0158,Condo,1,4.0,2068,7134,2012,756400.0,2024-12-19,Active,,,10,701.0,2,No,No,2024-12-19,2026-08-24
UPDATE,2026-08-24T00:00:00,2026-08-24,PT0558454,LST0558454,AG00312,LOC0073,Single Family,3,4.5,1954,1865,1951,605300.0,2026-08-21,Pending,,,0,0.0,3,No,Yes,2026-08-21,2026-08-24
UPDATE,2026-08-24T00:00:00,2026-08-24,PT0445417,LST0445417,AG01953,LOC0091,Apartment,2,2.0,1186,0,2010,464000.0,2025-10-04,Pending,,,177,622.0,2,Yes,No,2025-10-04,2026-08-24
UPDATE,2026-08-24T00:00:00,2026-08-24,PT0437710,LST0437710,AG02737,LOC0247,Condo,2,2.5,2092,1630,1961,447700.0,2025-08-21,Pending,,,80,153.0,3,No,No,2025-08-21,2026-08-24
UPDATE,2026-08-24T00:00:00,2026-08-24,PT0531539,LST0531539,AG01028,LOC0147,Condo,2,2.5,2281,4857,2019,318700.0,2026-07-28,Sold,308916.2,2026-08-24,27,794.3,0,No,No,2026-07-28,2026-08-24
UPDATE,2026-08-24T00:00:00,2026-08-24,PT0277659,LST0277659,AG00261,LOC0096,Condo,5,2.5,1679,2055,1977,551100.0,2024-10-08,Active,,,19,229.0,2,No,No,2024-10-08,2026-08-24
UPDATE,2026-08-24T00:00:00,2026-08-24,PT0181546,LST0181546,AG02092,LOC0123,Multi-Family,3,4.0,1151,1515,1989,614100.0,2025-08-26,Active,,,69,0.0,0,No,No,2025-08-26,2026-08-24
UPDATE,2026-08-24T00:00:00,2026-08-24,PT0097986,LST0097986,AG02231,LOC0201,Single Family,4,4.5,1624,3002,2003,376600.0,2026-02-27,Pending,,,128,0.0,3,No,Yes,2026-02-27,2026-08-24
UPDATE,2026-08-24T00:00:00,2026-08-24,PT0415430,LST0415430,AG00195,LOC0105,Single Family,6,4.0,1600,1216,2019,248300.0,2024-01-19,Pending,,,117,0.0,1,No,No,2024-01-19,2026-08-24
UPDATE,2026-08-24T00:00:00,2026-08-24,PT0272902,LST0272902,AG00665,LOC0092,Multi-Family,1,2.5,4804,1458,2020,923400.0,2024-06-13,Pending,,,64,0.0,3,No,No,2024-06-13,2026-08-24
UPDATE,2026-08-24T00:00:00,2026-08-24,PT0519918,LST0519918,AG01941,LOC0246,Single Family,2,4.5,1930,11085,1953,405800.0,2026-07-18,Active,,,0,0.0,2,No,No,2026-07-18,2026-08-24
UPDATE,2026-08-24T00:00:00,2026-08-24,PT0547170,LST0547170,AG01020,LOC0217,Single Family,6,1.0,2989,11637,1997,389300.0,2026-08-10,Active,,,0,0.0,0,No,No,2026-08-10,2026-08-24
UPDATE,2026-08-24T00:00:00,2026-08-24,PT0082272,LST0082272,AG01228,LOC0198,Land,0,0.0,3080,3118,1914,608400.0,2024-02-19,Pending,,,66,0.0,0,No,No,2024-02-19,2026-08-24
UPDATE,2026-08-24T00:00:00,2026-08-24,PT0317433,LST0317433,AG01154,LOC0007,Single Family,4,3.5,1111,2043,1925,417000.0,2025-01-20,Sold,405454.44,2026-08-24,581,0.0,0,No,Yes,2025-01-20,2026-08-24
UPDATE,2026-08-24T00:00:00,2026-08-24,PT0066655,LST0066655,AG00465,LOC0152,Condo,2,1.0,1658,2303,1917,767200.0,2023-08-20,Active,,,120,54.0,1,No,No,2023-08-20,2026-08-24
UPDATE,2026-08-24T00:00:00,2026-08-24,PT0155732,LST0155732,AG01791,LOC0220,Townhouse,4,4.5,2354,1819,1975,943200.0,2024-06-26,Active,,,9,154.0,3,No,No,2024-06-26,2026-08-24
UPDATE,2026-08-24T00:00:00,2026-08-24,PT0228757,LST0228757,AG01985,LOC0061,Apartment,3,2.5,1309,0,2015,217200.0,2023-02-11,Active,,,112,517.0,1,No,No,2023-02-11,2026-08-24
UPDATE,2026-08-24T00:00:00,2026-08-24,PT0458965,LST0458965,AG01068,LOC0205,Condo,5,1.0,734,4188,1905,306500.0,2025-09-14,Active,,,101,55.0,1,No,No,2025-09-14,2026-08-24
UPDATE,2026-08-24T00:00:00,2026-08-24,PT0516862,LST0516862,AG00389,LOC0016,Apartment,2,3.0,1814,0,2005,86500.0,2026-07-14,Sold,85762.24,2026-08-24,41,118.52,0,No,No,2026-07-14,2026-08-24
UPDATE,2026-08-24T00:00:00,2026-08-24,PT0467878,LST0467878,AG02818,LOC0167,Apartment,3,4.5,756,0,1965,227200.0,2023-07-20,Pending,,,143,92.0,0,No,No,2023-07-20,2026-08-24
UPDATE,2026-08-24T00:00:00,2026-08-24,PT0038278,LST0038278,AG01080,LOC0178,Townhouse,6,1.5,2253,1694,1934,463300.0,2024-05-11,Sold,438874.32,2026-08-24,835,745.0,2,No,No,2024-05-11,2026-08-24
UPDATE,2026-08-24T00:00:00,2026-08-24,PT0550136,LST0550136,AG01343,LOC0247,Multi-Family,4,4.0,5856,2382,1985,1391600.0,2026-08-13,Active,,,0,0.0,0,No,No,2026-08-13,2026-08-24
UPDATE,2026-08-24T00:00:00,2026-08-24,PT0065868,LST0065868,AG01335,LOC0068,Condo,4,1.5,2133,1567,1906,992700.0,2024-07-12,Active,,,0,224.0,2,No,No,2024-07-12,2026-08-24
UPDATE,2026-08-24T00:00:00,2026-08-24,PT0543696,LST0543696,AG00681,LOC0183,Multi-Family,4,3.5,3904,6985,1982,379600.0,2026-08-08,Pending,,,0,0.0,2,No,Yes,2026-08-08,2026-08-24
UPDATE,2026-08-24T00:00:00,2026-08-24,PT0559638,LST0559638,AG01030,LOC0226,Condo,5,3.0,2718,3317,2005,1401700.0,2026-08-22,Active,,,0,581.03,1,No,No,2026-08-22,2026-08-24
UPDATE,2026-08-24T00:00:00,2026-08-24,PT0257766,LST0257766,AG00291,LOC0035,Condo,5,4.5,1366,7018,1919,255600.0,2024-05-18,Pending,,,75,626.0,3,No,No,2024-05-18,2026-08-24
UPDATE,2026-08-24T00:00:00,2026-08-24,PT0448206,LST0448206,AG02895,LOC0242,Condo,6,1.0,734,5737,2010,167500.0,2026-04-04,Pending,,,140,731.0,1,No,No,2026-04-04,2026-08-24
UPDATE,2026-08-24T00:00:00,2026-08-24,PT0060281,LST0060281,AG00667,LOC0231,Single Family,3,2.5,2263,2162,1972,537800.0,2026-03-30,Pending,,,40,0.0,0,No,No,2026-03-30,2026-08-24
UPDATE,2026-08-24T00:00:00,2026-08-24,PT0059570,LST0059570,AG02597,LOC0023,Multi-Family,6,1.5,4072,10065,1966,1019200.0,2024-03-24,Sold,956138.69,2026-08-24,883,0.0,1,No,No,2024-03-24,2026-08-24
UPDATE,2026-08-24T00:00:00,2026-08-24,PT0538848,LST0538848,AG00230,LOC0157,Single Family,3,2.5,1283,6463,1984,209800.0,2026-08-03,Pending,,,0,0.0,2,No,No,2026-08-03,2026-08-24
UPDATE,2026-08-24T00:00:00,2026-08-24,PT0521214,LST0521214,AG02350,LOC0069,Condo,6,4.0,1107,1009,2004,162100.0,2026-07-19,Active,,,0,272.24,2,No,No,2026-07-19,2026-08-24
UPDATE,2026-08-24T00:00:00,2026-08-24,PT0441155,LST0441155,AG01248,LOC0122,Single Family,1,3.5,2023,6002,1969,544600.0,2023-11-30,Pending,,,41,0.0,3,No,No,2023-11-30,2026-08-24
UPDATE,2026-08-24T00:00:00,2026-08-24,PT0501734,LST0501734,AG02025,LOC0244,Single Family,4,2.5,1556,5709,2010,273300.0,2026-07-02,Active,,,0,0.0,2,No,Yes,2026-07-02,2026-08-24
UPDATE,2026-08-24T00:00:00,2026-08-24,PT0062524,LST0062524,AG01772,LOC0120,Single Family,3,4.0,846,8550,1984,184500.0,2024-10-15,Active,,,138,0.0,0,No,No,2024-10-15,2026-08-24
UPDATE,2026-08-24T00:00:00,2026-08-24,PT0530150,LST0530150,AG00039,LOC0030,Townhouse,2,3.5,1291,2367,1956,775300.0,2026-07-27,Pending,,,0,713.46,2,No,No,2026-07-27,2026-08-24
UPDATE,2026-08-24T00:00:00,2026-08-24,PT0345700,LST0345700,AG02642,LOC0062,Multi-Family,5,2.5,1469,16662,1950,243700.0,2023-06-26,Active,,,36,0.0,1,No,Yes,2023-06-26,2026-08-24
UPDATE,2026-08-24T00:00:00,2026-08-24,PT0073294,LST0073294,AG00192,LOC0208,Multi-Family,4,4.5,3702,3995,2024,673800.0,2026-02-03,Pending,,,12,0.0,2,No,No,2026-02-03,2026-08-24
UPDATE,2026-08-24T00:00:00,2026-08-24,PT0309382,LST0309382,AG00237,LOC0058,Townhouse,1,3.0,2208,1970,1935,312400.0,2024-11-05,Pending,,,4,309.0,3,No,No,2024-11-05,2026-08-24
UPDATE,2026-08-24T00:00:00,2026-08-24,PT0233522,LST0233522,AG01923,LOC0038,Single Family,3,1.0,300,4406,2015,93000.0,2024-07-26,Active,,,56,0.0,1,No,Yes,2024-07-26,2026-08-24
UPDATE,2026-08-24T00:00:00,2026-08-24,PT0161520,LST0161520,AG01937,LOC0159,Townhouse,5,1.5,1166,2559,1965,197300.0,2024-10-13,Sold,195778.34,2026-08-24,680,434.0,1,No,No,2024-10-13,2026-08-24
UPDATE,2026-08-24T00:00:00,2026-08-24,PT0496219,LST0496219,AG00437,LOC0126,Townhouse,3,4.0,1296,9818,1994,200400.0,2024-03-14,Active,,,66,293.0,0,No,No,2024-03-14,2026-08-24
UPDATE,2026-08-24T00:00:00,2026-08-24,PT0157368,LST0157368,AG02416,LOC0240,Single Family,6,3.5,2417,4465,1918,317700.0,2025-07-26,Active,,,105,0.0,0,No,No,2025-07-26,2026-08-24
UPDATE,2026-08-24T00:00:00,2026-08-24,PT0045312,LST0045312,AG00932,LOC0222,Single Family,5,3.0,2219,6198,2016,466900.0,2025-04-27,Active,,,147,0.0,2,No,Yes,2025-04-27,2026-08-24
UPDATE,2026-08-24T00:00:00,2026-08-24,PT0429835,LST0429835,AG01729,LOC0196,Land,0,0.0,4198,11192,2009,1880800.0,2023-01-30,Pending,,,157,0.0,0,No,No,2023-01-30,2026-08-24
UPDATE,2026-08-24T00:00:00,2026-08-24,PT0328117,LST0328117,AG02276,LOC0057,Condo,5,1.0,2118,3965,2020,1702500.0,2023-04-03,Pending,,,122,419.0,3,No,No,2023-04-03,2026-08-24
UPDATE,2026-08-24T00:00:00,2026-08-24,PT0270810,LST0270810,AG00737,LOC0002,Single Family,1,2.0,1515,3166,1938,248200.0,2024-07-07,Pending,,,88,0.0,1,No,No,2024-07-07,2026-08-24
UPDATE,2026-08-24T00:00:00,2026-08-24,PT0554663,LST0554663,AG02979,LOC0134,Condo,1,2.0,1997,1596,1959,928300.0,2026-08-18,Active,,,0,119.67,2,No,No,2026-08-18,2026-08-24
UPDATE,2026-08-24T00:00:00,2026-08-24,PT0201818,LST0201818,AG00237,LOC0034,Apartment,4,1.5,382,0,1993,104000.0,2023-10-25,Pending,,,127,516.0,0,No,No,2023-10-25,2026-08-24
UPDATE,2026-08-24T00:00:00,2026-08-24,PT0553927,LST0553927,AG00072,LOC0050,Single Family,3,1.0,1176,4193,2005,215200.0,2026-08-17,Active,,,0,0.0,2,No,No,2026-08-17,2026-08-24
UPDATE,2026-08-24T00:00:00,2026-08-24,PT0331355,LST0331355,AG00321,LOC0179,Single Family,6,2.0,2375,15511,1919,364700.0,2025-06-01,Sold,383629.96,2026-08-24,449,0.0,2,No,Yes,2025-06-01,2026-08-24
UPDATE,2026-08-24T00:00:00,2026-08-24,PT0128476,LST0128476,AG00997,LOC0085,Townhouse,1,3.0,1541,4854,1969,427800.0,2024-10-05,Pending,,,109,561.0,0,No,No,2024-10-05,2026-08-24
UPDATE,2026-08-24T00:00:00,2026-08-24,PT0375913,LST0375913,AG02205,LOC0194,Condo,2,1.0,1536,4249,1951,741300.0,2025-03-04,Pending,,,10,711.0,1,No,No,2025-03-04,2026-08-24
UPDATE,2026-08-24T00:00:00,2026-08-24,PT0465970,LST0465970,AG01643,LOC0118,Condo,5,1.5,300,7742,2021,36300.0,2024-07-07,Pending,,,13,577.0,2,No,No,2024-07-07,2026-08-24
UPDATE,2026-08-24T00:00:00,2026-08-24,PT0228972,LST0228972,AG02552,LOC0054,Townhouse,5,1.0,679,9413,1999,137800.0,2023-02-11,Active,,,13,186.0,1,No,No,2023-02-11,2026-08-24
UPDATE,2026-08-24T00:00:00,2026-08-24,PT0084669,LST0084669,AG01310,LOC0156,Townhouse,2,2.5,2887,7363,1994,1530500.0,2025-03-22,Pending,,,125,296.0,3,No,No,2025-03-22,2026-08-24
UPDATE,2026-08-24T00:00:00,2026-08-24,PT0443860,LST0443860,AG00785,LOC0033,Townhouse,3,3.5,1943,2658,1918,553200.0,2023-07-26,Pending,,,41,561.0,1,No,No,2023-07-26,2026-08-24
UPDATE,2026-08-24T00:00:00,2026-08-24,PT0094444,LST0094444,AG02569,LOC0159,Single Family,6,2.0,3784,3891,1996,585500.0,2025-11-16,Pending,,,108,0.0,2,No,No,2025-11-16,2026-08-24
UPDATE,2026-08-24T00:00:00,2026-08-24,PT0519807,LST0519807,AG00851,LOC0183,Multi-Family,1,4.0,3301,5821,1978,1432800.0,2026-07-17,Sold,1392276.89,2026-08-24,38,0.0,3,No,Yes,2026-07-17,2026-08-24
UPDATE,2026-08-24T00:00:00,2026-08-24,PT0065215,LST0065215,AG02187,LOC0015,Single Family,6,2.5,1823,1055,2024,663800.0,2023-11-16,Pending,,,77,0.0,0,No,No,2023-11-16,2026-08-24
UPDATE,2026-08-24T00:00:00,2026-08-24,PT0228639,LST0228639,AG01478,LOC0112,Single Family,2,1.5,2332,6989,1916,451000.0,2024-04-23,Pending,,,168,0.0,3,No,No,2024-04-23,2026-08-24
UPDATE,2026-08-24T00:00:00,2026-08-24,PT0342540,LST0342540,AG02266,LOC0125,Single Family,5,4.5,1844,1810,1995,354600.0,2025-09-29,Sold,327125.89,2026-08-24,329,0.0,2,No,Yes,2025-09-29,2026-08-24
UPDATE,2026-08-24T00:00:00,2026-08-24,PT0389945,LST0389945,AG00963,LOC0238,Multi-Family,1,2.0,1226,9616,1974,92600.0,2025-05-02,Active,,,43,0.0,3,No,No,2025-05-02,2026-08-24
UPDATE,2026-08-24T00:00:00,2026-08-24,PT0024748,LST0024748,AG01881,LOC0102,Condo,6,4.0,2146,8464,1971,327300.0,2024-09-29,Active,,,87,502.0,0,No,No,2024-09-29,2026-08-24
UPDATE,2026-08-24T00:00:00,2026-08-24,PT0244617,LST0244617,AG00593,LOC0113,Condo,4,4.0,1907,2876,1962,779200.0,2024-03-17,Sold,734600.17,2026-08-24,890,709.0,1,No,No,2024-03-17,2026-08-24
UPDATE,2026-08-24T00:00:00,2026-08-24,PT0076897,LST0076897,AG01787,LOC0007,Multi-Family,4,3.5,4976,6107,1958,2349200.0,2026-03-28,Active,,,60,0.0,3,No,No,2026-03-28,2026-08-24
UPDATE,2026-08-24T00:00:00,2026-08-24,PT0169710,LST0169710,AG02414,LOC0045,Single Family,4,3.0,1905,2005,1982,499500.0,2025-08-28,Sold,433493.57,2026-08-24,361,0.0,1,No,Yes,2025-08-28,2026-08-24
UPDATE,2026-08-24T00:00:00,2026-08-24,PT0551466,LST0551466,AG00120,LOC0127,Multi-Family,2,1.0,4546,4190,1977,2451500.0,2026-08-15,Active,,,0,0.0,3,No,Yes,2026-08-15,2026-08-24
UPDATE,2026-08-24T00:00:00,2026-08-24,PT0329386,LST0329386,AG02203,LOC0158,Condo,2,1.5,300,1922,1954,48100.0,2023-08-17,Active,,,112,166.0,3,No,No,2023-08-17,2026-08-24
UPDATE,2026-08-24T00:00:00,2026-08-24,PT0250454,LST0250454,AG02653,LOC0088,Multi-Family,1,1.0,3804,4886,1917,176000.0,2023-11-27,Sold,170731.88,2026-08-24,1001,0.0,0,No,Yes,2023-11-27,2026-08-24
UPDATE,2026-08-24T00:00:00,2026-08-24,PT0368257,LST0368257,AG01775,LOC0143,Condo,2,4.0,2079,1859,1982,370000.0,2025-09-02,Active,,,49,469.0,1,Yes,No,2025-09-02,2026-08-24
UPDATE,2026-08-24T00:00:00,2026-08-24,PT0049372,LST0049372,AG02862,LOC0069,Single Family,2,4.0,1818,5663,1911,712600.0,2024-11-18,Sold,630543.74,2026-08-24,644,0.0,1,No,No,2024-11-18,2026-08-24
UPDATE,2026-08-24T00:00:00,2026-08-24,PT0031985,LST0031985,AG01115,LOC0110,Single Family,5,4.5,1147,4735,1945,137000.0,2025-03-02,Pending,,,152,0.0,1,No,No,2025-03-02,2026-08-24
UPDATE,2026-08-24T00:00:00,2026-08-24,PT0482369,LST0482369,AG02415,LOC0192,Single Family,1,4.5,1222,2676,1933,388000.0,2025-10-01,Pending,,,152,0.0,3,No,No,2025-10-01,2026-08-24
UPDATE,2026-08-24T00:00:00,2026-08-24,PT0245142,LST0245142,AG01581,LOC0052,Condo,4,1.5,2040,8568,1911,234600.0,2023-02-10,Pending,,,58,681.0,0,No,No,2023-02-10,2026-08-24
UPDATE,2026-08-24T00:00:00,2026-08-24,PT0106447,LST0106447,AG00797,LOC0073,Single Family,6,3.0,1790,7406,1912,797500.0,2026-05-15,Pending,,,108,0.0,0,No,No,2026-05-15,2026-08-24
UPDATE,2026-08-24T00:00:00,2026-08-24,PT0286085,LST0286085,AG00159,LOC0213,Townhouse,5,1.5,1061,4920,2010,255000.0,2026-06-16,Sold,213474.77,2026-08-24,69,582.0,1,No,No,2026-06-16,2026-08-24
UPDATE,2026-08-24T00:00:00,2026-08-24,PT0347348,LST0347348,AG01011,LOC0122,Land,0,0.0,3379,2893,1918,584800.0,2024-03-07,Pending,,,127,0.0,0,No,No,2024-03-07,2026-08-24
UPDATE,2026-08-24T00:00:00,2026-08-24,PT0108770,LST0108770,AG00385,LOC0064,Townhouse,3,4.5,1553,4175,1933,433100.0,2023-06-27,Pending,,,178,677.0,2,No,No,2023-06-27,2026-08-24
UPDATE,2026-08-24T00:00:00,2026-08-24,PT0513352,LST0513352,AG01617,LOC0023,Condo,2,2.5,1299,2710,1999,280500.0,2026-07-12,Active,,,0,173.02,0,No,No,2026-07-12,2026-08-24
UPDATE,2026-08-24T00:00:00,2026-08-24,PT0320018,LST0320018,AG02224,LOC0233,Condo,4,1.0,1620,4300,1957,91400.0,2023-07-12,Pending,,,88,708.0,1,Yes,No,2023-07-12,2026-08-24
UPDATE,2026-08-24T00:00:00,2026-08-24,PT0164340,LST0164340,AG01140,LOC0137,Condo,2,3.0,1908,4138,1997,801400.0,2023-07-04,Sold,724111.17,2026-08-24,1147,211.0,3,No,No,2023-07-04,2026-08-24
UPDATE,2026-08-24T00:00:00,2026-08-24,PT0328080,LST0328080,AG02423,LOC0242,Single Family,2,1.5,1365,9216,1946,404600.0,2024-10-17,Pending,,,154,0.0,2,No,No,2024-10-17,2026-08-24
UPDATE,2026-08-24T00:00:00,2026-08-24,PT0124770,LST0124770,AG01234,LOC0048,Single Family,6,1.5,2172,8169,1992,383300.0,2024-04-20,Sold,377462.37,2026-08-24,856,0.0,3,No,Yes,2024-04-20,2026-08-24
UPDATE,2026-08-24T00:00:00,2026-08-24,PT0525581,LST0525581,AG01367,LOC0062,Land,0,0.0,4451,2753,1973,449100.0,2026-07-23,Active,,,0,0.0,0,No,No,2026-07-23,2026-08-24
UPDATE,2026-08-24T00:00:00,2026-08-24,PT0464285,LST0464285,AG01880,LOC0076,Land,0,0.0,7318,3278,1940,756700.0,2024-08-05,Active,,,32,0.0,0,No,No,2024-08-05,2026-08-24
UPDATE,2026-08-24T00:00:00,2026-08-24,PT0238945,LST0238945,AG02280,LOC0007,Condo,5,1.5,1790,5262,1918,645400.0,2023-04-04,Sold,612744.43,2026-08-24,1238,753.0,0,No,No,2023-04-04,2026-08-24
UPDATE,2026-08-24T00:00:00,2026-08-24,PT0187820,LST0187820,AG02956,LOC0032,Townhouse,6,2.5,1320,4246,1980,158400.0,2026-06-08,Pending,,,132,223.0,3,No,No,2026-06-08,2026-08-24
UPDATE,2026-08-24T00:00:00,2026-08-24,PT0507482,LST0507482,AG00670,LOC0234,Condo,2,3.0,1261,21994,1974,339800.0,2026-07-06,Pending,,,0,492.14,1,No,No,2026-07-06,2026-08-24
UPDATE,2026-08-24T00:00:00,2026-08-24,PT0436559,LST0436559,AG00671,LOC0021,Single Family,6,2.5,1095,1271,1984,213500.0,2023-10-31,Sold,220459.48,2026-08-24,1028,0.0,0,No,No,2023-10-31,2026-08-24
UPDATE,2026-08-24T00:00:00,2026-08-24,PT0298606,LST0298606,AG02242,LOC0001,Single Family,1,2.0,1433,2794,1901,275600.0,2024-10-09,Active,,,11,0.0,0,No,No,2024-10-09,2026-08-24
UPDATE,2026-08-24T00:00:00,2026-08-24,PT0159559,LST0159559,AG02270,LOC0051,Apartment,5,2.5,682,0,2014,148600.0,2024-05-12,Pending,,,29,645.0,0,No,No,2024-05-12,2026-08-24
UPDATE,2026-08-24T00:00:00,2026-08-24,PT0418489,LST0418489,AG02274,LOC0099,Single Family,2,2.0,3031,2087,2017,1372600.0,2026-04-09,Pending,,,58,0.0,0,No,No,2026-04-09,2026-08-24
UPDATE,2026-08-24T00:00:00,2026-08-24,PT0557285,LST0557285,AG00904,LOC0157,Single Family,4,4.5,574,4229,1964,149400.0,2026-08-20,Active,,,0,0.0,1,Yes,No,2026-08-20,2026-08-24
UPDATE,2026-08-24T00:00:00,2026-08-24,PT0532453,LST0532453,AG02362,LOC0087,Single Family,5,1.0,1299,1382,2021,758100.0,2026-07-29,Active,,,0,0.0,0,No,Yes,2026-07-29,2026-08-24
UPDATE,2026-08-24T00:00:00,2026-08-24,PT0240747,LST0240747,AG00695,LOC0228,Condo,3,1.0,1186,7205,2019,496400.0,2024-10-02,Active,,,5,175.0,0,No,No,2024-10-02,2026-08-24
UPDATE,2026-08-24T00:00:00,2026-08-24,PT0549035,LST0549035,AG01053,LOC0043,Apartment,6,4.5,837,0,1986,121800.0,2026-08-13,Pending,,,0,149.3,1,Yes,No,2026-08-13,2026-08-24
UPDATE,2026-08-24T00:00:00,2026-08-24,PT0407922,LST0407922,AG00445,LOC0229,Single Family,2,1.0,1651,7428,1940,295100.0,2026-05-15,Active,,,119,0.0,0,No,No,2026-05-15,2026-08-24
UPDATE,2026-08-24T00:00:00,2026-08-24,PT0139639,LST0139639,AG01734,LOC0016,Single Family,1,4.0,1818,1157,2018,306300.0,2025-05-25,Active,,,154,0.0,3,Yes,Yes,2025-05-25,2026-08-24
UPDATE,2026-08-24T00:00:00,2026-08-24,PT0276382,LST0276382,AG02580,LOC0241,Condo,1,2.0,2723,1709,1959,507400.0,2025-04-12,Pending,,,58,507.0,3,Yes,No,2025-04-12,2026-08-24
UPDATE,2026-08-24T00:00:00,2026-08-24,PT0038167,LST0038167,AG02194,LOC0008,Townhouse,6,2.0,1734,1870,1975,220800.0,2025-06-20,Sold,229810.59,2026-08-24,430,616.0,0,No,No,2025-06-20,2026-08-24
UPDATE,2026-08-24T00:00:00,2026-08-24,PT0507186,LST0507186,AG02047,LOC0109,Single Family,4,4.5,1466,2059,1967,243200.0,2026-07-06,Active,,,0,0.0,2,No,No,2026-07-06,2026-08-24
UPDATE,2026-08-24T00:00:00,2026-08-24,PT0175336,LST0175336,AG00225,LOC0116,Townhouse,6,3.5,2423,4745,2009,1273500.0,2025-12-13,Active,,,118,219.0,0,Yes,No,2025-12-13,2026-08-24
UPDATE,2026-08-24T00:00:00,2026-08-24,PT0250162,LST0250162,AG00055,LOC0114,Condo,6,1.5,1829,4507,1995,323500.0,2023-12-29,Pending,,,35,236.0,1,No,No,2023-12-29,2026-08-24
UPDATE,2026-08-24T00:00:00,2026-08-24,PT0410594,LST0410594,AG01094,LOC0070,Multi-Family,6,2.5,4318,2824,1985,1141100.0,2026-02-11,Sold,1088003.96,2026-08-24,194,0.0,1,Yes,Yes,2026-02-11,2026-08-24
UPDATE,2026-08-24T00:00:00,2026-08-24,PT0368876,LST0368876,AG02130,LOC0060,Single Family,2,1.0,1622,2162,1989,101700.0,2024-04-17,Active,,,140,0.0,3,No,No,2024-04-17,2026-08-24
UPDATE,2026-08-24T00:00:00,2026-08-24,PT0508950,LST0508950,AG00084,LOC0051,Apartment,2,2.0,1335,0,2018,303800.0,2026-07-08,Active,,,0,336.51,0,No,No,2026-07-08,2026-08-24
UPDATE,2026-08-24T00:00:00,2026-08-24,PT0359864,LST0359864,AG00146,LOC0168,Single Family,3,4.0,2845,2755,1913,722300.0,2025-11-02,Pending,,,158,0.0,3,Yes,No,2025-11-02,2026-08-24
UPDATE,2026-08-24T00:00:00,2026-08-24,PT0032686,LST0032686,AG02229,LOC0024,Single Family,2,1.5,1909,4085,1956,1067200.0,2023-09-09,Sold,1109190.39,2026-08-24,1080,0.0,0,No,No,2023-09-09,2026-08-24
UPDATE,2026-08-24T00:00:00,2026-08-24,PT0501930,LST0501930,AG02222,LOC0149,Multi-Family,5,3.0,3352,2344,1963,968900.0,2026-07-02,Sold,913251.58,2026-08-24,53,0.0,3,Yes,Yes,2026-07-02,2026-08-24
UPDATE,2026-08-24T00:00:00,2026-08-24,PT0519749,LST0519749,AG02679,LOC0180,Single Family,6,3.0,581,5388,2006,182900.0,2026-07-17,Sold,178803.58,2026-08-24,38,0.0,1,No,No,2026-07-17,2026-08-24
UPDATE,2026-08-24T00:00:00,2026-08-24,PT0383827,LST0383827,AG00052,LOC0099,Single Family,4,2.0,300,2736,2021,137600.0,2023-01-03,Active,,,147,0.0,0,Yes,Yes,2023-01-03,2026-08-24
UPDATE,2026-08-24T00:00:00,2026-08-24,PT0299887,LST0299887,AG02017,LOC0068,Townhouse,2,1.5,1657,6767,1961,386000.0,2026-06-09,Sold,384410.7,2026-08-24,76,269.0,0,No,No,2026-06-09,2026-08-24
UPDATE,2026-08-24T00:00:00,2026-08-24,PT0283143,LST0283143,AG00741,LOC0060,Multi-Family,4,1.5,2694,11944,1966,669500.0,2023-11-18,Pending,,,58,0.0,2,Yes,No,2023-11-18,2026-08-24
UPDATE,2026-08-24T00:00:00,2026-08-24,PT0520874,LST0520874,AG00135,LOC0164,Multi-Family,2,4.0,5330,1956,1995,1289100.0,2026-07-19,Pending,,,0,0.0,2,Yes,No,2026-07-19,2026-08-24
UPDATE,2026-08-24T00:00:00,2026-08-24,PT0358167,LST0358167,AG00299,LOC0096,Multi-Family,3,3.0,4047,1677,1946,1753800.0,2023-07-05,Pending,,,158,0.0,0,Yes,No,2023-07-05,2026-08-24
UPDATE,2026-08-24T00:00:00,2026-08-24,PT0411400,LST0411400,AG00961,LOC0037,Townhouse,2,4.0,2191,7707,2017,839900.0,2023-11-17,Active,,,75,798.0,3,No,No,2023-11-17,2026-08-24
UPDATE,2026-08-24T00:00:00,2026-08-24,PT0078073,LST0078073,AG01286,LOC0070,Condo,5,4.0,1574,1667,1934,322700.0,2024-03-13,Active,,,33,786.0,0,No,No,2024-03-13,2026-08-24
UPDATE,2026-08-24T00:00:00,2026-08-24,PT0203490,LST0203490,AG02955,LOC0123,Single Family,6,1.0,2666,1084,1916,1051600.0,2024-06-24,Pending,,,17,0.0,2,No,Yes,2024-06-24,2026-08-24
UPDATE,2026-08-24T00:00:00,2026-08-24,PT0561113,LST0561113,AG00503,LOC0197,Townhouse,6,4.5,2458,4796,1984,941300.0,2026-08-23,Active,,,0,617.05,2,No,No,2026-08-23,2026-08-24
UPDATE,2026-08-24T00:00:00,2026-08-24,PT0474797,LST0474797,AG00538,LOC0219,Single Family,3,2.0,1834,9384,1979,1214000.0,2025-11-19,Pending,,,36,0.0,0,No,No,2025-11-19,2026-08-24
UPDATE,2026-08-24T00:00:00,2026-08-24,PT0183423,LST0183423,AG00340,LOC0094,Condo,2,1.5,2987,6663,1973,841600.0,2025-08-13,Active,,,101,626.0,3,No,No,2025-08-13,2026-08-24
UPDATE,2026-08-24T00:00:00,2026-08-24,PT0032058,LST0032058,AG01947,LOC0131,Single Family,4,1.5,1009,8188,2015,231800.0,2025-03-17,Sold,201273.16,2026-08-24,525,0.0,2,No,No,2025-03-17,2026-08-24
UPDATE,2026-08-24T00:00:00,2026-08-24,PT0096159,LST0096159,AG02688,LOC0144,Apartment,3,4.0,1782,0,2011,101900.0,2024-07-16,Pending,,,2,284.0,1,No,No,2024-07-16,2026-08-24
UPDATE,2026-08-24T00:00:00,2026-08-24,PT0365081,LST0365081,AG01065,LOC0135,Multi-Family,6,4.5,2675,13603,1974,840100.0,2026-06-04,Sold,823320.35,2026-08-24,81,0.0,2,No,No,2026-06-04,2026-08-24
UPDATE,2026-08-24T00:00:00,2026-08-24,PT0531414,LST0531414,AG00193,LOC0138,Townhouse,3,3.0,322,4038,1912,69700.0,2026-07-28,Active,,,0,646.8,1,No,No,2026-07-28,2026-08-24
UPDATE,2026-08-24T00:00:00,2026-08-24,PT0534303,LST0534303,AG01674,LOC0113,Condo,2,3.0,593,2343,1905,269900.0,2026-07-30,Active,,,0,140.53,1,No,No,2026-07-30,2026-08-24
UPDATE,2026-08-24T00:00:00,2026-08-24,PT0095828,LST0095828,AG01518,LOC0068,Single Family,1,2.5,1679,3923,1900,800000.0,2023-07-12,Active,,,62,0.0,3,No,No,2023-07-12,2026-08-24
UPDATE,2026-08-24T00:00:00,2026-08-24,PT0149529,LST0149529,AG01675,LOC0062,Apartment,5,2.5,1058,0,2002,110200.0,2026-03-27,Pending,,,64,577.0,2,No,No,2026-03-27,2026-08-24
UPDATE,2026-08-24T00:00:00,2026-08-24,PT0225341,LST0225341,AG00959,LOC0081,Single Family,1,2.0,1827,4917,1959,781100.0,2026-01-28,Pending,,,73,0.0,3,No,No,2026-01-28,2026-08-24
UPDATE,2026-08-24T00:00:00,2026-08-24,PT0021987,LST0021987,AG02398,LOC0172,Single Family,3,4.5,2815,5492,1938,444200.0,2023-07-17,Pending,,,26,0.0,1,No,No,2023-07-17,2026-08-24
UPDATE,2026-08-24T00:00:00,2026-08-24,PT0119432,LST0119432,AG02066,LOC0015,Multi-Family,3,1.0,3399,5305,1902,392700.0,2024-01-16,Pending,,,84,0.0,2,No,No,2024-01-16,2026-08-24
UPDATE,2026-08-24T00:00:00,2026-08-24,PT0111684,LST0111684,AG00680,LOC0175,Single Family,5,2.5,915,4086,1947,225800.0,2023-11-29,Pending,,,161,0.0,0,No,No,2023-11-29,2026-08-24
UPDATE,2026-08-24T00:00:00,2026-08-24,PT0511825,LST0511825,AG02586,LOC0075,Single Family,5,1.0,2100,4475,2024,316700.0,2026-07-10,Sold,302602.18,2026-08-24,45,0.0,3,No,No,2026-07-10,2026-08-24
UPDATE,2026-08-24T00:00:00,2026-08-24,PT0429144,LST0429144,AG00973,LOC0158,Single Family,3,1.5,2343,6353,1931,708100.0,2024-03-03,Pending,,,43,0.0,3,No,No,2024-03-03,2026-08-24
UPDATE,2026-08-24T00:00:00,2026-08-24,PT0503227,LST0503227,AG02365,LOC0080,Condo,1,1.5,2298,11697,1918,752300.0,2026-07-03,Pending,,,0,656.02,2,No,No,2026-07-03,2026-08-24
UPDATE,2026-08-24T00:00:00,2026-08-24,PT0160865,LST0160865,AG01973,LOC0247,Apartment,2,4.0,807,0,1925,253200.0,2025-05-13,Pending,,,13,437.0,3,No,No,2025-05-13,2026-08-24
UPDATE,2026-08-24T00:00:00,2026-08-24,PT0385368,LST0385368,AG01745,LOC0200,Single Family,5,1.5,1426,3443,1964,452200.0,2023-08-04,Active,,,58,0.0,3,Yes,Yes,2023-08-04,2026-08-24
UPDATE,2026-08-24T00:00:00,2026-08-24,PT0484552,LST0484552,AG02954,LOC0158,Single Family,3,4.0,1709,4466,2009,284000.0,2023-07-04,Active,,,33,0.0,1,No,Yes,2023-07-04,2026-08-24
UPDATE,2026-08-24T00:00:00,2026-08-24,PT0026428,LST0026428,AG01566,LOC0112,Multi-Family,2,4.5,2694,7825,2023,296700.0,2024-04-19,Pending,,,58,0.0,0,No,No,2024-04-19,2026-08-24
UPDATE,2026-08-24T00:00:00,2026-08-24,PT0252463,LST0252463,AG02538,LOC0162,Single Family,6,3.5,1511,1065,1913,150500.0,2024-07-01,Active,,,110,0.0,1,Yes,No,2024-07-01,2026-08-24
UPDATE,2026-08-24T00:00:00,2026-08-24,PT0503450,LST0503450,AG01969,LOC0128,Apartment,3,3.0,963,0,1942,242800.0,2026-07-03,Active,,,0,492.98,3,No,No,2026-07-03,2026-08-24
UPDATE,2026-08-24T00:00:00,2026-08-24,PT0089208,LST0089208,AG01426,LOC0201,Condo,1,2.5,2576,2654,2002,583000.0,2025-02-26,Sold,553804.7,2026-08-24,544,600.0,1,No,No,2025-02-26,2026-08-24
UPDATE,2026-08-24T00:00:00,2026-08-24,PT0271623,LST0271623,AG00899,LOC0092,Single Family,4,4.0,3244,3416,1930,604000.0,2024-06-19,Sold,601438.42,2026-08-24,796,0.0,0,No,Yes,2024-06-19,2026-08-24
UPDATE,2026-08-24T00:00:00,2026-08-24,PT0388919,LST0388919,AG02917,LOC0020,Multi-Family,5,4.0,4005,7086,1993,890600.0,2024-01-16,Pending,,,153,0.0,3,No,No,2024-01-16,2026-08-24
UPDATE,2026-08-24T00:00:00,2026-08-24,PT0159204,LST0159204,AG02829,LOC0146,Single Family,3,1.5,2255,8036,1926,116300.0,2024-02-12,Sold,114705.22,2026-08-24,924,0.0,0,No,No,2024-02-12,2026-08-24
UPDATE,2026-08-24T00:00:00,2026-08-24,PT0154196,LST0154196,AG00177,LOC0054,Apartment,3,4.0,1238,0,1930,337900.0,2023-06-22,Sold,339188.57,2026-08-24,1159,780.0,0,No,No,2023-06-22,2026-08-24
UPDATE,2026-08-24T00:00:00,2026-08-24,PT0533163,LST0533163,AG00012,LOC0153,Condo,1,3.0,3064,1521,2020,351600.0,2026-07-29,Active,,,0,576.4,3,Yes,No,2026-07-29,2026-08-24
UPDATE,2026-08-24T00:00:00,2026-08-24,PT0425571,LST0425571,AG00809,LOC0198,Apartment,4,3.5,1476,0,2023,217100.0,2023-10-09,Pending,,,30,496.0,1,No,No,2023-10-09,2026-08-24
UPDATE,2026-08-24T00:00:00,2026-08-24,PT0210859,LST0210859,AG02273,LOC0089,Single Family,2,3.5,969,2637,1904,517200.0,2024-10-21,Pending,,,139,0.0,3,No,No,2024-10-21,2026-08-24
UPDATE,2026-08-24T00:00:00,2026-08-24,PT0283601,LST0283601,AG01445,LOC0111,Townhouse,3,2.0,2501,5425,1996,165600.0,2026-02-02,Pending,,,37,683.0,1,No,No,2026-02-02,2026-08-24
UPDATE,2026-08-24T00:00:00,2026-08-24,PT0101406,LST0101406,AG02687,LOC0101,Single Family,4,4.5,890,2023,1937,425000.0,2024-02-18,Active,,,56,0.0,1,No,Yes,2024-02-18,2026-08-24
UPDATE,2026-08-24T00:00:00,2026-08-24,PT0540701,LST0540701,AG01434,LOC0142,Townhouse,5,2.5,1739,10268,1918,650900.0,2026-08-04,Active,,,0,109.96,0,No,No,2026-08-04,2026-08-24
UPDATE,2026-08-24T00:00:00,2026-08-24,PT0012206,LST0012206,AG02945,LOC0093,Multi-Family,6,2.5,3823,3863,2015,700000.0,2025-03-04,Active,,,99,0.0,2,No,Yes,2025-03-04,2026-08-24
UPDATE,2026-08-24T00:00:00,2026-08-24,PT0065512,LST0065512,AG00372,LOC0055,Condo,4,4.0,1948,5107,1942,209500.0,2023-08-23,Active,,,108,61.0,1,No,No,2023-08-23,2026-08-24
UPDATE,2026-08-24T00:00:00,2026-08-24,PT0258946,LST0258946,AG02742,LOC0087,Condo,1,2.0,503,7793,1923,125600.0,2023-01-20,Active,,,146,225.0,3,No,No,2023-01-20,2026-08-24
UPDATE,2026-08-24T00:00:00,2026-08-24,PT0506181,LST0506181,AG00863,LOC0071,Single Family,4,1.0,1793,1991,1993,791300.0,2026-07-06,Sold,838914.96,2026-08-24,49,0.0,1,No,No,2026-07-06,2026-08-24
UPDATE,2026-08-24T00:00:00,2026-08-24,PT0176660,LST0176660,AG00123,LOC0039,Land,0,0.0,5398,3859,1955,1480500.0,2024-07-18,Active,,,55,0.0,0,No,No,2024-07-18,2026-08-24
UPDATE,2026-08-24T00:00:00,2026-08-24,PT0030734,LST0030734,AG02755,LOC0026,Single Family,1,2.0,1856,5154,2018,397600.0,2024-11-07,Pending,,,8,0.0,0,Yes,Yes,2024-11-07,2026-08-24
UPDATE,2026-08-24T00:00:00,2026-08-24,PT0045106,LST0045106,AG00480,LOC0226,Townhouse,1,3.5,2409,4693,1944,604400.0,2024-01-25,Active,,,45,434.0,0,No,No,2024-01-25,2026-08-24
UPDATE,2026-08-24T00:00:00,2026-08-24,PT0560318,LST0560318,AG00076,LOC0049,Condo,5,3.5,1381,7172,1921,627400.0,2026-08-22,Active,,,0,715.35,0,No,No,2026-08-22,2026-08-24
UPDATE,2026-08-24T00:00:00,2026-08-24,PT0038642,LST0038642,AG00967,LOC0129,Condo,3,3.5,2375,2803,1995,806800.0,2023-08-27,Pending,,,77,230.0,3,No,No,2023-08-27,2026-08-24
UPDATE,2026-08-24T00:00:00,2026-08-24,PT0349557,LST0349557,AG00036,LOC0145,Townhouse,2,1.5,3292,6051,1906,472800.0,2024-07-04,Active,,,146,450.0,2,Yes,No,2024-07-04,2026-08-24
UPDATE,2026-08-24T00:00:00,2026-08-24,PT0423737,LST0423737,AG02305,LOC0117,Single Family,4,4.0,2476,16165,2020,1085000.0,2025-03-09,Active,,,174,0.0,2,No,Yes,2025-03-09,2026-08-24
UPDATE,2026-08-24T00:00:00,2026-08-24,PT0280009,LST0280009,AG01346,LOC0199,Single Family,3,1.5,703,1488,2020,296500.0,2024-04-06,Active,,,12,0.0,2,No,No,2024-04-06,2026-08-24
UPDATE,2026-08-24T00:00:00,2026-08-24,PT0179224,LST0179224,AG00121,LOC0198,Single Family,1,3.0,1098,7776,1926,125200.0,2024-01-06,Pending,,,109,0.0,3,No,No,2024-01-06,2026-08-24
UPDATE,2026-08-24T00:00:00,2026-08-24,PT0527578,LST0527578,AG00492,LOC0051,Single Family,2,4.5,1629,3851,1987,261500.0,2026-07-24,Active,,,0,0.0,3,No,Yes,2026-07-24,2026-08-24
UPDATE,2026-08-24T00:00:00,2026-08-24,PT0189776,LST0189776,AG01104,LOC0032,Single Family,4,1.5,561,1515,1933,93700.0,2024-12-20,Active,,,175,0.0,1,No,No,2024-12-20,2026-08-24
UPDATE,2026-08-24T00:00:00,2026-08-24,PT0082016,LST0082016,AG02368,LOC0130,Single Family,4,2.5,1615,10170,1964,249400.0,2024-09-17,Pending,,,51,0.0,2,Yes,No,2024-09-17,2026-08-24
UPDATE,2026-08-24T00:00:00,2026-08-24,PT0533779,LST0533779,AG02044,LOC0112,Single Family,3,2.5,2190,3645,1919,320700.0,2026-07-29,Active,,,0,0.0,1,No,No,2026-07-29,2026-08-24
UPDATE,2026-08-24T00:00:00,2026-08-24,PT0081583,LST0081583,AG02953,LOC0206,Multi-Family,4,3.0,2872,5882,1928,720000.0,2025-11-08,Pending,,,59,0.0,2,No,No,2025-11-08,2026-08-24
UPDATE,2026-08-24T00:00:00,2026-08-24,PT0419278,LST0419278,AG02772,LOC0182,Single Family,4,4.0,1582,2854,1931,460100.0,2025-08-23,Pending,,,102,0.0,0,Yes,No,2025-08-23,2026-08-24
UPDATE,2026-08-24T00:00:00,2026-08-24,PT0432694,LST0432694,AG01630,LOC0128,Condo,1,1.5,376,2406,1944,92700.0,2023-02-21,Pending,,,92,615.0,2,No,No,2023-02-21,2026-08-24
UPDATE,2026-08-24T00:00:00,2026-08-24,PT0288794,LST0288794,AG01608,LOC0167,Single Family,4,4.0,2445,4390,2014,1575900.0,2023-01-10,Sold,1671569.81,2026-08-24,1322,0.0,0,No,Yes,2023-01-10,2026-08-24
UPDATE,2026-08-24T00:00:00,2026-08-24,PT0204412,LST0204412,AG00674,LOC0003,Multi-Family,4,3.0,4608,4093,1949,675100.0,2026-01-21,Sold,657749.91,2026-08-24,215,0.0,1,No,No,2026-01-21,2026-08-24
UPDATE,2026-08-24T00:00:00,2026-08-24,PT0557414,LST0557414,AG00059,LOC0002,Condo,6,4.5,2742,1169,1900,782700.0,2026-08-20,Active,,,0,546.82,2,No,No,2026-08-20,2026-08-24
UPDATE,2026-08-24T00:00:00,2026-08-24,PT0495911,LST0495911,AG02899,LOC0071,Condo,5,2.0,2008,1749,1964,786300.0,2025-09-08,Pending,,,74,83.0,1,Yes,No,2025-09-08,2026-08-24
UPDATE,2026-08-24T00:00:00,2026-08-24,PT0061811,LST0061811,AG01805,LOC0075,Single Family,2,4.0,2322,1774,1922,530500.0,2024-09-23,Pending,,,59,0.0,3,No,No,2024-09-23,2026-08-24
UPDATE,2026-08-24T00:00:00,2026-08-24,PT0108640,LST0108640,AG00720,LOC0221,Single Family,1,3.5,856,12576,1986,315300.0,2025-11-09,Active,,,110,0.0,2,No,No,2025-11-09,2026-08-24
UPDATE,2026-08-24T00:00:00,2026-08-24,PT0208746,LST0208746,AG00976,LOC0040,Multi-Family,4,1.0,3477,3329,1965,1599400.0,2026-06-07,Active,,,133,0.0,2,No,No,2026-06-07,2026-08-24
UPDATE,2026-08-24T00:00:00,2026-08-24,PT0041018,LST0041018,AG00203,LOC0107,Single Family,1,4.5,1349,13494,1909,303000.0,2025-02-26,Pending,,,88,0.0,2,Yes,No,2025-02-26,2026-08-24
UPDATE,2026-08-24T00:00:00,2026-08-24,PT0180732,LST0180732,AG01202,LOC0190,Condo,4,1.5,2434,6160,1912,362600.0,2024-03-11,Active,,,108,720.0,0,No,No,2024-03-11,2026-08-24
UPDATE,2026-08-24T00:00:00,2026-08-24,PT0477853,LST0477853,AG00747,LOC0130,Single Family,3,1.5,1525,3215,1987,244000.0,2024-02-25,Active,,,63,0.0,0,No,Yes,2024-02-25,2026-08-24
UPDATE,2026-08-24T00:00:00,2026-08-24,PT0556641,LST0556641,AG02082,LOC0048,Condo,3,3.5,2158,14438,2006,953100.0,2026-08-19,Active,,,0,304.53,3,No,No,2026-08-19,2026-08-24
UPDATE,2026-08-24T00:00:00,2026-08-24,PT0403094,LST0403094,AG02033,LOC0181,Single Family,3,4.5,1985,5453,1963,216700.0,2026-05-25,Pending,,,61,0.0,2,No,No,2026-05-25,2026-08-24
UPDATE,2026-08-24T00:00:00,2026-08-24,PT0113023,LST0113023,AG01125,LOC0099,Single Family,2,4.0,1750,1228,1910,514600.0,2023-08-06,Sold,523674.61,2026-08-24,1114,0.0,1,No,Yes,2023-08-06,2026-08-24
UPDATE,2026-08-24T00:00:00,2026-08-24,PT0432982,LST0432982,AG02016,LOC0003,Condo,3,4.0,1856,3142,1924,193800.0,2025-01-13,Pending,,,28,505.0,3,No,No,2025-01-13,2026-08-24
UPDATE,2026-08-24T00:00:00,2026-08-24,PT0548698,LST0548698,AG00726,LOC0052,Single Family,1,3.5,2082,2765,1923,164200.0,2026-08-12,Pending,,,0,0.0,1,No,Yes,2026-08-12,2026-08-24
UPDATE,2026-08-24T00:00:00,2026-08-24,PT0193996,LST0193996,AG02816,LOC0102,Single Family,2,4.5,2203,2168,1932,334800.0,2024-04-03,Pending,,,74,0.0,1,No,Yes,2024-04-03,2026-08-24
UPDATE,2026-08-24T00:00:00,2026-08-24,PT0082593,LST0082593,AG00781,LOC0124,Single Family,2,1.0,428,5276,2008,230500.0,2024-12-08,Pending,,,4,0.0,0,No,No,2024-12-08,2026-08-24
UPDATE,2026-08-24T00:00:00,2026-08-24,PT0004318,LST0004318,AG00446,LOC0004,Condo,5,2.0,1689,8508,1980,289400.0,2025-08-16,Pending,,,130,652.0,3,Yes,No,2025-08-16,2026-08-24
UPDATE,2026-08-24T00:00:00,2026-08-24,PT0437893,LST0437893,AG02343,LOC0122,Townhouse,4,3.5,1913,9997,1975,892900.0,2023-01-01,Sold,852685.67,2026-08-24,1331,368.0,0,No,No,2023-01-01,2026-08-24
UPDATE,2026-08-24T00:00:00,2026-08-24,PT0170658,LST0170658,AG02391,LOC0038,Condo,4,1.5,2355,2099,2021,306300.0,2024-04-19,Active,,,63,539.0,3,No,No,2024-04-19,2026-08-24
UPDATE,2026-08-24T00:00:00,2026-08-24,PT0091025,LST0091025,AG02283,LOC0059,Single Family,3,3.5,1759,9014,2003,322100.0,2023-09-01,Active,,,20,0.0,1,No,Yes,2023-09-01,2026-08-24
UPDATE,2026-08-24T00:00:00,2026-08-24,PT0549009,LST0549009,AG01250,LOC0150,Single Family,4,1.0,1289,1659,1985,467300.0,2026-08-12,Active,,,0,0.0,2,No,No,2026-08-12,2026-08-24
UPDATE,2026-08-24T00:00:00,2026-08-24,PT0397561,LST0397561,AG00712,LOC0102,Single Family,5,2.0,1544,5518,1934,268200.0,2024-12-28,Sold,256484.54,2026-08-24,604,0.0,2,No,Yes,2024-12-28,2026-08-24
UPDATE,2026-08-24T00:00:00,2026-08-24,PT0321649,LST0321649,AG01315,LOC0095,Single Family,5,1.5,1392,2360,1979,671000.0,2023-02-10,Sold,625095.61,2026-08-24,1291,0.0,0,Yes,No,2023-02-10,2026-08-24
UPDATE,2026-08-24T00:00:00,2026-08-24,PT0193130,LST0193130,AG01324,LOC0121,Condo,6,1.0,1785,4097,1952,453500.0,2024-03-25,Active,,,25,563.0,1,No,No,2024-03-25,2026-08-24
UPDATE,2026-08-24T00:00:00,2026-08-24,PT0348545,LST0348545,AG01356,LOC0039,Single Family,3,3.0,2483,13272,1966,400800.0,2026-03-23,Pending,,,169,0.0,0,No,Yes,2026-03-23,2026-08-24
UPDATE,2026-08-24T00:00:00,2026-08-24,PT0388643,LST0388643,AG00213,LOC0056,Single Family,1,1.0,2252,6459,2008,858300.0,2023-04-06,Pending,,,37,0.0,3,No,Yes,2023-04-06,2026-08-24
UPDATE,2026-08-24T00:00:00,2026-08-24,PT0199580,LST0199580,AG02474,LOC0250,Single Family,5,3.0,3102,3195,1927,666900.0,2026-05-16,Active,,,37,0.0,1,No,No,2026-05-16,2026-08-24
UPDATE,2026-08-24T00:00:00,2026-08-24,PT0503557,LST0503557,AG02761,LOC0197,Condo,3,3.5,1666,4251,1911,549500.0,2026-07-03,Sold,552007.95,2026-08-24,52,418.63,3,No,No,2026-07-03,2026-08-24
UPDATE,2026-08-24T00:00:00,2026-08-24,PT0320797,LST0320797,AG00572,LOC0241,Condo,2,1.5,891,6614,1994,136100.0,2024-01-24,Active,,,1,98.0,2,No,No,2024-01-24,2026-08-24
UPDATE,2026-08-24T00:00:00,2026-08-24,PT0397368,LST0397368,AG00784,LOC0182,Single Family,5,3.0,2051,4691,1974,547800.0,2025-02-21,Active,,,131,0.0,3,No,Yes,2025-02-21,2026-08-24
UPDATE,2026-08-24T00:00:00,2026-08-24,PT0347344,LST0347344,AG00577,LOC0147,Single Family,2,3.5,1742,8343,1971,274100.0,2024-05-12,Pending,,,86,0.0,2,No,No,2024-05-12,2026-08-24
UPDATE,2026-08-24T00:00:00,2026-08-24,PT0486501,LST0486501,AG01577,LOC0087,Townhouse,3,4.0,2353,7305,1971,818700.0,2024-05-18,Sold,821081.49,2026-08-24,828,471.0,0,No,No,2024-05-18,2026-08-24
UPDATE,2026-08-24T00:00:00,2026-08-24,PT0213803,LST0213803,AG00081,LOC0002,Townhouse,3,4.5,1227,2178,1931,231200.0,2024-10-12,Active,,,37,86.0,3,No,No,2024-10-12,2026-08-24
UPDATE,2026-08-24T00:00:00,2026-08-24,PT0517379,LST0517379,AG01023,LOC0112,Condo,4,2.5,456,1932,1997,54100.0,2026-07-15,Active,,,0,60.8,3,Yes,No,2026-07-15,2026-08-24
UPDATE,2026-08-24T00:00:00,2026-08-24,PT0553276,LST0553276,AG01894,LOC0013,Single Family,1,1.0,2306,6400,1968,771800.0,2026-08-16,Active,,,0,0.0,2,No,Yes,2026-08-16,2026-08-24
UPDATE,2026-08-24T00:00:00,2026-08-24,PT0089602,LST0089602,AG02956,LOC0036,Townhouse,6,2.0,2489,7259,1921,593800.0,2023-10-04,Sold,603355.28,2026-08-24,1055,612.0,0,No,No,2023-10-04,2026-08-24
UPDATE,2026-08-24T00:00:00,2026-08-24,PT0294225,LST0294225,AG01285,LOC0195,Single Family,3,1.0,597,6178,1952,137700.0,2024-06-28,Active,,,3,0.0,1,No,Yes,2024-06-28,2026-08-24
UPDATE,2026-08-24T00:00:00,2026-08-24,PT0542484,LST0542484,AG02093,LOC0045,Single Family,1,3.5,300,3359,1999,101700.0,2026-08-06,Active,,,0,0.0,0,No,Yes,2026-08-06,2026-08-24
UPDATE,2026-08-24T00:00:00,2026-08-24,PT0293606,LST0293606,AG01853,LOC0046,Condo,6,3.5,994,1233,1939,320000.0,2025-04-23,Sold,310259.12,2026-08-24,488,75.0,0,No,No,2025-04-23,2026-08-24
UPDATE,2026-08-24T00:00:00,2026-08-24,PT0402248,LST0402248,AG01103,LOC0130,Apartment,5,1.0,753,0,1910,142400.0,2023-05-21,Active,,,171,292.0,0,No,No,2023-05-21,2026-08-24
UPDATE,2026-08-24T00:00:00,2026-08-24,PT0041407,LST0041407,AG00371,LOC0240,Townhouse,1,1.0,1847,2843,2012,368500.0,2025-11-15,Pending,,,9,331.0,2,No,No,2025-11-15,2026-08-24
UPDATE,2026-08-24T00:00:00,2026-08-24,PT0327254,LST0327254,AG02602,LOC0008,Apartment,6,3.5,551,0,1927,86800.0,2023-10-30,Pending,,,1,122.0,0,No,No,2023-10-30,2026-08-24
UPDATE,2026-08-24T00:00:00,2026-08-24,PT0391742,LST0391742,AG01844,LOC0019,Townhouse,5,1.5,2095,5249,1936,323500.0,2024-09-26,Pending,,,73,742.0,3,No,No,2024-09-26,2026-08-24
UPDATE,2026-08-24T00:00:00,2026-08-24,PT0518957,LST0518957,AG02564,LOC0189,Multi-Family,5,3.0,5327,5049,1929,1494200.0,2026-07-16,Active,,,0,0.0,0,No,No,2026-07-16,2026-08-24
UPDATE,2026-08-24T00:00:00,2026-08-24,PT0520158,LST0520158,AG01284,LOC0100,Townhouse,1,2.0,2889,2074,1985,302400.0,2026-07-18,Active,,,0,70.36,2,No,No,2026-07-18,2026-08-24
UPDATE,2026-08-24T00:00:00,2026-08-24,PT0546633,LST0546633,AG02574,LOC0152,Apartment,1,1.5,1716,0,1984,1017400.0,2026-08-10,Active,,,0,289.48,1,No,No,2026-08-10,2026-08-24
UPDATE,2026-08-24T00:00:00,2026-08-24,PT0401530,LST0401530,AG01945,LOC0114,Single Family,1,4.0,1387,1162,1921,316300.0,2023-04-12,Pending,,,45,0.0,0,Yes,Yes,2023-04-12,2026-08-24
UPDATE,2026-08-24T00:00:00,2026-08-24,PT0501972,LST0501972,AG02599,LOC0080,Single Family,1,3.0,1322,2409,1943,501100.0,2026-07-02,Pending,,,0,0.0,0,No,No,2026-07-02,2026-08-24
UPDATE,2026-08-24T00:00:00,2026-08-24,PT0478272,LST0478272,AG01552,LOC0243,Single Family,6,4.0,2734,9946,1906,1421900.0,2023-05-28,Active,,,86,0.0,2,No,Yes,2023-05-28,2026-08-24
UPDATE,2026-08-24T00:00:00,2026-08-24,PT0193839,LST0193839,AG00938,LOC0195,Single Family,5,1.5,2435,3413,1903,753300.0,2023-07-29,Active,,,145,0.0,3,Yes,Yes,2023-07-29,2026-08-24
UPDATE,2026-08-24T00:00:00,2026-08-24,PT0123294,LST0123294,AG02720,LOC0183,Single Family,2,2.0,3387,2060,1966,1194900.0,2024-02-18,Sold,1222254.49,2026-08-24,918,0.0,1,No,No,2024-02-18,2026-08-24
UPDATE,2026-08-24T00:00:00,2026-08-24,PT0393960,LST0393960,AG01294,LOC0140,Condo,2,1.5,1543,2478,1934,500800.0,2025-05-21,Sold,493016.2,2026-08-24,460,250.0,1,No,No,2025-05-21,2026-08-24
UPDATE,2026-08-24T00:00:00,2026-08-24,PT0556232,LST0556232,AG02960,LOC0155,Condo,1,4.0,2138,3532,1914,488700.0,2026-08-19,Pending,,,0,665.65,2,No,No,2026-08-19,2026-08-24
UPDATE,2026-08-24T00:00:00,2026-08-24,PT0187050,LST0187050,AG00943,LOC0223,Single Family,3,3.0,2870,3649,1951,546100.0,2025-10-25,Pending,,,44,0.0,3,No,Yes,2025-10-25,2026-08-24
UPDATE,2026-08-24T00:00:00,2026-08-24,PT0544646,LST0544646,AG02085,LOC0203,Single Family,5,1.0,2015,1434,1927,514900.0,2026-08-08,Active,,,0,0.0,3,No,Yes,2026-08-08,2026-08-24
UPDATE,2026-08-24T00:00:00,2026-08-24,PT0047785,LST0047785,AG00305,LOC0236,Single Family,4,3.5,1374,1552,1930,243400.0,2023-11-13,Pending,,,146,0.0,3,No,No,2023-11-13,2026-08-24
UPDATE,2026-08-24T00:00:00,2026-08-24,PT0543144,LST0543144,AG00205,LOC0170,Single Family,2,1.5,1381,4024,1981,665600.0,2026-08-07,Active,,,0,0.0,0,Yes,Yes,2026-08-07,2026-08-24
UPDATE,2026-08-24T00:00:00,2026-08-24,PT0147529,LST0147529,AG01656,LOC0078,Single Family,4,1.5,2163,1909,1983,770400.0,2025-06-26,Active,,,92,0.0,3,No,Yes,2025-06-26,2026-08-24
UPDATE,2026-08-24T00:00:00,2026-08-24,PT0420243,LST0420243,AG01582,LOC0024,Multi-Family,3,4.5,1875,3438,2014,601500.0,2024-09-27,Pending,,,143,0.0,3,No,Yes,2024-09-27,2026-08-24
UPDATE,2026-08-24T00:00:00,2026-08-24,PT0292183,LST0292183,AG02176,LOC0075,Apartment,3,3.5,912,0,1966,157200.0,2024-12-14,Pending,,,125,281.0,1,No,No,2024-12-14,2026-08-24
UPDATE,2026-08-24T00:00:00,2026-08-24,PT0258388,LST0258388,AG00890,LOC0112,Single Family,3,3.0,1217,1971,1934,227200.0,2023-03-12,Active,,,142,0.0,3,Yes,No,2023-03-12,2026-08-24
UPDATE,2026-08-24T00:00:00,2026-08-24,PT0238900,LST0238900,AG00952,LOC0235,Single Family,4,3.5,1729,3313,1921,259500.0,2023-02-15,Pending,,,175,0.0,3,No,No,2023-02-15,2026-08-24
UPDATE,2026-08-24T00:00:00,2026-08-24,PT0558331,LST0558331,AG02375,LOC0009,Single Family,2,2.5,1997,3491,1939,440400.0,2026-08-21,Active,,,0,0.0,1,No,No,2026-08-21,2026-08-24
UPDATE,2026-08-24T00:00:00,2026-08-24,PT0229253,LST0229253,AG02546,LOC0133,Apartment,1,3.5,831,0,1930,131500.0,2023-03-11,Pending,,,82,248.0,2,Yes,No,2023-03-11,2026-08-24
UPDATE,2026-08-24T00:00:00,2026-08-24,PT0374493,LST0374493,AG01500,LOC0208,Single Family,4,2.0,2325,1968,1943,181100.0,2025-05-22,Active,,,164,0.0,2,No,No,2025-05-22,2026-08-24
UPDATE,2026-08-24T00:00:00,2026-08-24,PT0509254,LST0509254,AG00733,LOC0243,Townhouse,4,3.5,2295,1544,1991,1627800.0,2026-07-08,Active,,,0,430.79,3,Yes,No,2026-07-08,2026-08-24
UPDATE,2026-08-24T00:00:00,2026-08-24,PT0524375,LST0524375,AG01990,LOC0048,Single Family,3,1.0,2037,7323,1990,1338600.0,2026-07-22,Active,,,0,0.0,3,No,Yes,2026-07-22,2026-08-24
UPDATE,2026-08-24T00:00:00,2026-08-24,PT0099713,LST0099713,AG00789,LOC0080,Single Family,3,2.5,2997,3145,1901,1071500.0,2025-02-07,Active,,,121,0.0,1,No,Yes,2025-02-07,2026-08-24
UPDATE,2026-08-24T00:00:00,2026-08-24,PT0142394,LST0142394,AG01874,LOC0039,Multi-Family,3,3.0,1452,1055,2019,373500.0,2023-05-14,Pending,,,100,0.0,2,No,Yes,2023-05-14,2026-08-24
UPDATE,2026-08-24T00:00:00,2026-08-24,PT0015834,LST0015834,AG02697,LOC0230,Single Family,4,4.0,590,1310,1970,142900.0,2023-02-28,Active,,,163,0.0,3,Yes,No,2023-02-28,2026-08-24
UPDATE,2026-08-24T00:00:00,2026-08-24,PT0515120,LST0515120,AG01181,LOC0023,Land,0,0.0,5053,1972,1996,1360000.0,2026-07-13,Pending,,,0,0.0,0,No,No,2026-07-13,2026-08-24
UPDATE,2026-08-24T00:00:00,2026-08-24,PT0242778,LST0242778,AG02951,LOC0017,Single Family,4,1.0,1635,19160,1940,586900.0,2023-05-02,Sold,559299.18,2026-08-24,1210,0.0,3,No,No,2023-05-02,2026-08-24
UPDATE,2026-08-24T00:00:00,2026-08-24,PT0041795,LST0041795,AG00957,LOC0019,Multi-Family,4,2.0,690,6339,1992,121800.0,2025-10-08,Pending,,,34,0.0,0,No,Yes,2025-10-08,2026-08-24
UPDATE,2026-08-24T00:00:00,2026-08-24,PT0013527,LST0013527,AG02676,LOC0081,Single Family,4,2.0,2074,5175,1925,786000.0,2023-04-05,Pending,,,44,0.0,0,No,Yes,2023-04-05,2026-08-24
UPDATE,2026-08-24T00:00:00,2026-08-24,PT0510795,LST0510795,AG02502,LOC0059,Land,0,0.0,7245,2441,1956,1199100.0,2026-07-09,Sold,1141383.36,2026-08-24,46,0.0,0,No,No,2026-07-09,2026-08-24
UPDATE,2026-08-24T00:00:00,2026-08-24,PT0341540,LST0341540,AG02547,LOC0102,Single Family,2,3.0,2916,5892,1954,404800.0,2026-06-26,Active,,,77,0.0,1,No,No,2026-06-26,2026-08-24
UPDATE,2026-08-24T00:00:00,2026-08-24,PT0493917,LST0493917,AG00119,LOC0087,Apartment,3,2.5,1511,0,1931,545900.0,2025-08-08,Active,,,72,416.0,0,No,No,2025-08-08,2026-08-24
UPDATE,2026-08-24T00:00:00,2026-08-24,PT0358803,LST0358803,AG00753,LOC0216,Apartment,2,1.0,1289,0,1924,288600.0,2025-08-04,Active,,,89,666.0,0,No,No,2025-08-04,2026-08-24
UPDATE,2026-08-24T00:00:00,2026-08-24,PT0193374,LST0193374,AG02318,LOC0069,Land,0,0.0,3928,6873,1926,1135900.0,2025-05-27,Active,,,108,0.0,0,No,No,2025-05-27,2026-08-24
UPDATE,2026-08-24T00:00:00,2026-08-24,PT0040684,LST0040684,AG01643,LOC0132,Single Family,6,1.5,2061,1176,1943,575900.0,2023-06-12,Pending,,,0,0.0,2,Yes,Yes,2023-06-12,2026-08-24
UPDATE,2026-08-24T00:00:00,2026-08-24,PT0438494,LST0438494,AG01910,LOC0075,Single Family,3,1.0,1716,2495,1903,389800.0,2023-03-14,Pending,,,170,0.0,1,No,No,2023-03-14,2026-08-24
UPDATE,2026-08-24T00:00:00,2026-08-24,PT0003796,LST0003796,AG00188,LOC0136,Townhouse,6,1.5,1298,1028,2025,364000.0,2024-03-06,Pending,,,101,764.0,3,No,No,2024-03-06,2026-08-24
UPDATE,2026-08-24T00:00:00,2026-08-24,PT0357396,LST0357396,AG00726,LOC0184,Single Family,6,4.5,1316,13813,1981,737600.0,2025-11-11,Pending,,,55,0.0,0,Yes,No,2025-11-11,2026-08-24
UPDATE,2026-08-24T00:00:00,2026-08-24,PT0506744,LST0506744,AG01781,LOC0124,Single Family,4,1.0,2247,6757,1948,871800.0,2026-07-06,Active,,,0,0.0,3,No,Yes,2026-07-06,2026-08-24
UPDATE,2026-08-24T00:00:00,2026-08-24,PT0278396,LST0278396,AG01962,LOC0034,Single Family,1,1.5,1001,1120,2007,322600.0,2024-07-03,Pending,,,85,0.0,3,Yes,No,2024-07-03,2026-08-24
UPDATE,2026-08-24T00:00:00,2026-08-24,PT0453373,LST0453373,AG00561,LOC0170,Single Family,2,2.5,1138,17317,1906,495700.0,2026-02-12,Active,,,164,0.0,0,No,No,2026-02-12,2026-08-24
UPDATE,2026-08-24T00:00:00,2026-08-24,PT0550434,LST0550434,AG02165,LOC0107,Single Family,1,1.5,2185,3957,1960,247100.0,2026-08-14,Active,,,0,0.0,3,No,Yes,2026-08-14,2026-08-24
UPDATE,2026-08-24T00:00:00,2026-08-24,PT0520456,LST0520456,AG02819,LOC0224,Multi-Family,5,2.0,4701,3282,2022,764600.0,2026-07-18,Active,,,0,0.0,3,No,No,2026-07-18,2026-08-24
UPDATE,2026-08-24T00:00:00,2026-08-24,PT0397963,LST0397963,AG00948,LOC0150,Land,0,0.0,9939,6405,1956,3126900.0,2023-03-29,Pending,,,26,0.0,0,No,No,2023-03-29,2026-08-24
UPDATE,2026-08-24T00:00:00,2026-08-24,PT0233997,LST0233997,AG01571,LOC0185,Single Family,5,3.0,2296,4258,1996,908000.0,2025-08-22,Pending,,,86,0.0,3,No,No,2025-08-22,2026-08-24
UPDATE,2026-08-24T00:00:00,2026-08-24,PT0062609,LST0062609,AG00528,LOC0220,Single Family,1,4.5,874,15425,1995,424100.0,2025-05-11,Pending,,,38,0.0,2,No,No,2025-05-11,2026-08-24
UPDATE,2026-08-24T00:00:00,2026-08-24,PT0361201,LST0361201,AG01137,LOC0080,Single Family,3,3.0,2593,1071,1933,1021900.0,2023-05-14,Sold,1085882.08,2026-08-24,1198,0.0,1,No,No,2023-05-14,2026-08-24
UPDATE,2026-08-24T00:00:00,2026-08-24,PT0342412,LST0342412,AG01745,LOC0202,Single Family,5,4.0,1275,14535,1997,336400.0,2024-07-05,Pending,,,89,0.0,0,Yes,Yes,2024-07-05,2026-08-24
UPDATE,2026-08-24T00:00:00,2026-08-24,PT0559260,LST0559260,AG02948,LOC0107,Multi-Family,6,3.5,4499,5595,1960,1193200.0,2026-08-21,Active,,,0,0.0,3,No,Yes,2026-08-21,2026-08-24
UPDATE,2026-08-24T00:00:00,2026-08-24,PT0462376,LST0462376,AG01683,LOC0248,Condo,3,4.5,1668,1660,2018,456800.0,2024-10-26,Pending,,,73,488.0,2,No,No,2024-10-26,2026-08-24
UPDATE,2026-08-24T00:00:00,2026-08-24,PT0495239,LST0495239,AG01917,LOC0083,Single Family,2,1.0,2148,9918,1988,740600.0,2025-09-15,Sold,720417.05,2026-08-24,343,0.0,2,No,Yes,2025-09-15,2026-08-24
UPDATE,2026-08-24T00:00:00,2026-08-24,PT0532993,LST0532993,AG00413,LOC0171,Single Family,2,4.0,1676,6636,1985,570000.0,2026-07-29,Pending,,,0,0.0,2,No,No,2026-07-29,2026-08-24
UPDATE,2026-08-24T00:00:00,2026-08-24,PT0342014,LST0342014,AG02596,LOC0195,Single Family,5,3.5,1176,6214,2021,125100.0,2025-11-26,Active,,,63,0.0,0,No,Yes,2025-11-26,2026-08-24
UPDATE,2026-08-24T00:00:00,2026-08-24,PT0270791,LST0270791,AG02191,LOC0175,Single Family,2,2.5,1613,5829,1926,252200.0,2024-10-20,Active,,,8,0.0,1,No,No,2024-10-20,2026-08-24
UPDATE,2026-08-24T00:00:00,2026-08-24,PT0328338,LST0328338,AG00536,LOC0045,Townhouse,6,3.5,2149,4540,2019,1262900.0,2023-06-17,Active,,,174,602.0,3,No,No,2023-06-17,2026-08-24
UPDATE,2026-08-24T00:00:00,2026-08-24,PT0217433,LST0217433,AG02806,LOC0182,Single Family,3,4.0,2722,6083,1943,735900.0,2023-01-25,Active,,,144,0.0,2,No,Yes,2023-01-25,2026-08-24
UPDATE,2026-08-24T00:00:00,2026-08-24,PT0314569,LST0314569,AG00952,LOC0167,Single Family,1,3.5,1662,7702,1991,986500.0,2025-07-25,Active,,,52,0.0,1,No,Yes,2025-07-25,2026-08-24
UPDATE,2026-08-24T00:00:00,2026-08-24,PT0528663,LST0528663,AG00078,LOC0015,Condo,2,3.5,1784,2368,2017,556200.0,2026-07-25,Active,,,0,339.29,3,No,No,2026-07-25,2026-08-24
UPDATE,2026-08-24T00:00:00,2026-08-24,PT0429929,LST0429929,AG02820,LOC0203,Condo,2,2.0,3469,2495,1926,310100.0,2023-08-10,Pending,,,22,135.0,3,No,No,2023-08-10,2026-08-24
UPDATE,2026-08-24T00:00:00,2026-08-24,PT0432042,LST0432042,AG01348,LOC0191,Multi-Family,5,1.5,1881,5557,1927,832300.0,2023-06-10,Active,,,63,0.0,0,No,Yes,2023-06-10,2026-08-24
UPDATE,2026-08-24T00:00:00,2026-08-24,PT0343125,LST0343125,AG00234,LOC0013,Single Family,2,3.0,1883,13313,1952,287900.0,2023-09-04,Active,,,91,0.0,0,No,No,2023-09-04,2026-08-24
UPDATE,2026-08-24T00:00:00,2026-08-24,PT0122179,LST0122179,AG00722,LOC0203,Single Family,4,1.5,300,10948,1976,32600.0,2023-02-12,Sold,27540.31,2026-08-24,1289,0.0,2,No,No,2023-02-12,2026-08-24
UPDATE,2026-08-24T00:00:00,2026-08-24,PT0519152,LST0519152,AG02267,LOC0141,Condo,6,1.5,2805,2611,1931,1189700.0,2026-07-17,Pending,,,0,387.54,2,No,No,2026-07-17,2026-08-24
UPDATE,2026-08-24T00:00:00,2026-08-24,PT0048167,LST0048167,AG02057,LOC0181,Single Family,6,1.0,1547,1173,1998,347900.0,2023-11-19,Pending,,,163,0.0,3,No,No,2023-11-19,2026-08-24
UPDATE,2026-08-24T00:00:00,2026-08-24,PT0220067,LST0220067,AG00701,LOC0147,Apartment,3,2.0,1183,0,1971,254000.0,2023-05-19,Active,,,28,136.0,2,No,No,2023-05-19,2026-08-24
UPDATE,2026-08-24T00:00:00,2026-08-24,PT0339796,LST0339796,AG01690,LOC0067,Single Family,3,2.0,2332,3836,2011,570000.0,2025-11-28,Pending,,,103,0.0,3,No,No,2025-11-28,2026-08-24
UPDATE,2026-08-24T00:00:00,2026-08-24,PT0489184,LST0489184,AG01797,LOC0141,Single Family,3,1.5,2662,1935,1979,761200.0,2023-04-19,Active,,,20,0.0,0,No,No,2023-04-19,2026-08-24
UPDATE,2026-08-24T00:00:00,2026-08-24,PT0463421,LST0463421,AG00521,LOC0096,Single Family,4,3.5,4366,4540,1978,1034100.0,2025-06-03,Sold,1018421.49,2026-08-24,447,0.0,3,No,No,2025-06-03,2026-08-24
UPDATE,2026-08-24T00:00:00,2026-08-24,PT0532509,LST0532509,AG02434,LOC0078,Multi-Family,3,2.0,1075,5745,1986,488100.0,2026-07-29,Sold,495166.62,2026-08-24,26,0.0,0,No,No,2026-07-29,2026-08-24
UPDATE,2026-08-24T00:00:00,2026-08-24,PT0338633,LST0338633,AG02609,LOC0074,Single Family,1,2.0,2377,5653,1967,1045800.0,2023-04-29,Pending,,,9,0.0,1,No,No,2023-04-29,2026-08-24
UPDATE,2026-08-24T00:00:00,2026-08-24,PT0040653,LST0040653,AG01173,LOC0158,Condo,2,1.0,395,7592,1978,92000.0,2024-12-31,Pending,,,128,208.0,2,No,No,2024-12-31,2026-08-24
UPDATE,2026-08-24T00:00:00,2026-08-24,PT0187068,LST0187068,AG00497,LOC0077,Condo,6,2.0,1728,1662,1929,613400.0,2023-04-11,Sold,530905.54,2026-08-24,1231,430.0,2,No,No,2023-04-11,2026-08-24
UPDATE,2026-08-24T00:00:00,2026-08-24,PT0485716,LST0485716,AG01899,LOC0109,Single Family,3,1.0,2448,7717,2002,794400.0,2023-06-14,Active,,,39,0.0,3,No,No,2023-06-14,2026-08-24
UPDATE,2026-08-24T00:00:00,2026-08-24,PT0534887,LST0534887,AG02691,LOC0173,Condo,3,3.5,2659,1262,1903,1092600.0,2026-07-30,Active,,,0,265.54,1,No,No,2026-07-30,2026-08-24
UPDATE,2026-08-24T00:00:00,2026-08-24,PT0528101,LST0528101,AG00797,LOC0093,Single Family,3,2.5,2191,1419,1971,593000.0,2026-07-25,Pending,,,0,0.0,0,No,No,2026-07-25,2026-08-24
UPDATE,2026-08-24T00:00:00,2026-08-24,PT0437069,LST0437069,AG02976,LOC0113,Single Family,5,3.5,2330,3106,1991,191000.0,2025-10-26,Pending,,,168,0.0,1,No,No,2025-10-26,2026-08-24
UPDATE,2026-08-24T00:00:00,2026-08-24,PT0537089,LST0537089,AG01909,LOC0136,Townhouse,4,4.0,2943,23347,1913,699800.0,2026-08-01,Pending,,,0,289.55,3,Yes,No,2026-08-01,2026-08-24
UPDATE,2026-08-24T00:00:00,2026-08-24,PT0508832,LST0508832,AG02297,LOC0224,Single Family,4,4.5,2103,7492,1941,987700.0,2026-07-08,Pending,,,0,0.0,1,No,No,2026-07-08,2026-08-24
UPDATE,2026-08-24T00:00:00,2026-08-24,PT0458694,LST0458694,AG01013,LOC0013,Land,0,0.0,7755,9144,1905,1433100.0,2023-02-09,Active,,,53,0.0,0,No,No,2023-02-09,2026-08-24
UPDATE,2026-08-24T00:00:00,2026-08-24,PT0314887,LST0314887,AG00448,LOC0244,Single Family,1,2.5,558,1043,1914,75900.0,2025-09-08,Pending,,,158,0.0,2,No,No,2025-09-08,2026-08-24
UPDATE,2026-08-24T00:00:00,2026-08-24,PT0121822,LST0121822,AG01256,LOC0038,Townhouse,2,4.0,1522,8135,2009,476500.0,2023-03-10,Active,,,120,584.0,0,No,No,2023-03-10,2026-08-24
UPDATE,2026-08-24T00:00:00,2026-08-24,PT0547316,LST0547316,AG00774,LOC0045,Single Family,1,2.0,300,1564,1927,52600.0,2026-08-10,Pending,,,0,0.0,1,No,No,2026-08-10,2026-08-24
UPDATE,2026-08-24T00:00:00,2026-08-24,PT0105942,LST0105942,AG00307,LOC0007,Single Family,4,1.5,1745,3793,1985,287200.0,2026-04-26,Pending,,,179,0.0,3,No,No,2026-04-26,2026-08-24
UPDATE,2026-08-24T00:00:00,2026-08-24,PT0199941,LST0199941,AG00445,LOC0227,Apartment,3,1.5,734,0,1958,201800.0,2025-07-15,Active,,,17,794.0,1,No,No,2025-07-15,2026-08-24
UPDATE,2026-08-24T00:00:00,2026-08-24,PT0376867,LST0376867,AG02137,LOC0120,Land,0,0.0,3120,1782,1974,874600.0,2026-05-09,Active,,,63,0.0,0,No,No,2026-05-09,2026-08-24
UPDATE,2026-08-24T00:00:00,2026-08-24,PT0268314,LST0268314,AG00347,LOC0135,Single Family,3,2.5,1913,8134,1958,406900.0,2023-09-11,Pending,,,83,0.0,2,No,Yes,2023-09-11,2026-08-24
UPDATE,2026-08-24T00:00:00,2026-08-24,PT0316604,LST0316604,AG02764,LOC0029,Condo,3,1.5,1651,1412,1912,772700.0,2023-04-12,Pending,,,159,656.0,1,Yes,No,2023-04-12,2026-08-24
UPDATE,2026-08-24T00:00:00,2026-08-24,PT0476064,LST0476064,AG00473,LOC0105,Multi-Family,1,2.5,4303,3992,1946,643600.0,2024-04-26,Pending,,,107,0.0,3,No,No,2024-04-26,2026-08-24
UPDATE,2026-08-24T00:00:00,2026-08-24,PT0298830,LST0298830,AG02081,LOC0161,Land,0,0.0,4558,1766,2009,2802400.0,2025-01-29,Pending,,,178,0.0,0,No,No,2025-01-29,2026-08-24
UPDATE,2026-08-24T00:00:00,2026-08-24,PT0420825,LST0420825,AG00914,LOC0041,Multi-Family,3,4.0,3792,3591,1997,890400.0,2025-01-08,Active,,,55,0.0,0,No,No,2025-01-08,2026-08-24
UPDATE,2026-08-24T00:00:00,2026-08-24,PT0558806,LST0558806,AG01672,LOC0112,Single Family,6,2.5,1278,6558,2004,255700.0,2026-08-21,Active,,,0,0.0,1,No,Yes,2026-08-21,2026-08-24
UPDATE,2026-08-24T00:00:00,2026-08-24,PT0108347,LST0108347,AG01291,LOC0079,Multi-Family,6,1.5,4932,4468,1907,984500.0,2024-10-31,Pending,,,65,0.0,3,No,Yes,2024-10-31,2026-08-24
UPDATE,2026-08-24T00:00:00,2026-08-24,PT0349370,LST0349370,AG01347,LOC0036,Multi-Family,5,4.0,2666,1490,1917,948200.0,2023-01-25,Pending,,,87,0.0,0,No,Yes,2023-01-25,2026-08-24
UPDATE,2026-08-24T00:00:00,2026-08-24,PT0445874,LST0445874,AG00184,LOC0187,Single Family,3,3.5,2324,8183,1975,422600.0,2023-08-06,Pending,,,135,0.0,3,No,Yes,2023-08-06,2026-08-24
UPDATE,2026-08-24T00:00:00,2026-08-24,PT0483458,LST0483458,AG02835,LOC0188,Single Family,4,3.5,2328,1676,1918,520500.0,2023-08-03,Active,,,170,0.0,0,No,Yes,2023-08-03,2026-08-24
UPDATE,2026-08-24T00:00:00,2026-08-24,PT0418592,LST0418592,AG01538,LOC0018,Single Family,3,4.0,2016,5185,1918,477700.0,2023-03-31,Pending,,,141,0.0,3,No,Yes,2023-03-31,2026-08-24
UPDATE,2026-08-24T00:00:00,2026-08-24,PT0522092,LST0522092,AG02878,LOC0008,Single Family,4,4.0,1546,1118,1979,173700.0,2026-07-19,Pending,,,0,0.0,2,No,Yes,2026-07-19,2026-08-24
UPDATE,2026-08-24T00:00:00,2026-08-24,PT0044417,LST0044417,AG02995,LOC0182,Single Family,3,3.5,2559,2875,1973,916900.0,2023-11-06,Active,,,131,0.0,1,Yes,Yes,2023-11-06,2026-08-24
UPDATE,2026-08-24T00:00:00,2026-08-24,PT0237359,LST0237359,AG00199,LOC0040,Single Family,1,1.5,2320,1465,2014,1108600.0,2026-02-19,Pending,,,151,0.0,3,No,No,2026-02-19,2026-08-24
UPDATE,2026-08-24T00:00:00,2026-08-24,PT0292679,LST0292679,AG01309,LOC0203,Townhouse,4,1.0,3288,1951,2001,491100.0,2025-10-09,Pending,,,115,569.0,1,No,No,2025-10-09,2026-08-24
UPDATE,2026-08-24T00:00:00,2026-08-24,PT0052271,LST0052271,AG00486,LOC0221,Townhouse,6,2.5,1685,2074,1939,434800.0,2024-09-24,Active,,,94,346.0,1,No,No,2024-09-24,2026-08-24
UPDATE,2026-08-24T00:00:00,2026-08-24,PT0473603,LST0473603,AG01277,LOC0169,Single Family,5,2.5,1873,6910,1935,626000.0,2023-10-17,Pending,,,69,0.0,2,No,No,2023-10-17,2026-08-24
UPDATE,2026-08-24T00:00:00,2026-08-24,PT0355443,LST0355443,AG02720,LOC0123,Townhouse,4,2.0,2334,16114,1951,737200.0,2025-01-31,Active,,,177,189.0,3,No,No,2025-01-31,2026-08-24
UPDATE,2026-08-24T00:00:00,2026-08-24,PT0375634,LST0375634,AG00315,LOC0029,Condo,5,2.0,1529,2321,2016,840400.0,2023-01-20,Active,,,104,241.0,3,Yes,No,2023-01-20,2026-08-24
UPDATE,2026-08-24T00:00:00,2026-08-24,PT0526626,LST0526626,AG02531,LOC0191,Apartment,1,4.5,810,0,1939,541200.0,2026-07-24,Active,,,0,697.57,2,Yes,No,2026-07-24,2026-08-24
UPDATE,2026-08-24T00:00:00,2026-08-24,PT0394733,LST0394733,AG01867,LOC0203,Single Family,3,2.5,1355,8505,1969,208000.0,2024-06-11,Active,,,10,0.0,3,No,No,2024-06-11,2026-08-24
UPDATE,2026-08-24T00:00:00,2026-08-24,PT0104786,LST0104786,AG00142,LOC0205,Single Family,4,3.0,2459,4568,1912,423900.0,2023-12-28,Active,,,46,0.0,1,No,Yes,2023-12-28,2026-08-24
UPDATE,2026-08-24T00:00:00,2026-08-24,PT0358564,LST0358564,AG01708,LOC0095,Single Family,4,4.0,300,1228,1935,55800.0,2026-02-17,Pending,,,52,0.0,0,No,No,2026-02-17,2026-08-24
UPDATE,2026-08-24T00:00:00,2026-08-24,PT0484880,LST0484880,AG02090,LOC0207,Townhouse,2,2.5,1945,1527,1909,338600.0,2024-11-14,Active,,,137,661.0,2,No,No,2024-11-14,2026-08-24
UPDATE,2026-08-24T00:00:00,2026-08-24,PT0483325,LST0483325,AG02270,LOC0238,Single Family,6,2.0,1430,1262,1970,564500.0,2024-12-15,Pending,,,176,0.0,3,No,Yes,2024-12-15,2026-08-24
UPDATE,2026-08-24T00:00:00,2026-08-24,PT0560015,LST0560015,AG01200,LOC0110,Apartment,3,2.0,759,0,1928,126600.0,2026-08-22,Active,,,0,474.47,2,No,No,2026-08-22,2026-08-24
UPDATE,2026-08-24T00:00:00,2026-08-24,PT0345436,LST0345436,AG00831,LOC0182,Single Family,2,1.5,1451,1653,1964,610200.0,2026-03-17,Pending,,,151,0.0,2,No,No,2026-03-17,2026-08-24
UPDATE,2026-08-24T00:00:00,2026-08-24,PT0533409,LST0533409,AG02108,LOC0053,Single Family,3,2.5,1060,2308,1977,410200.0,2026-07-29,Active,,,0,0.0,0,No,No,2026-07-29,2026-08-24
UPDATE,2026-08-24T00:00:00,2026-08-24,PT0310708,LST0310708,AG01241,LOC0023,Condo,4,1.5,1690,4152,1960,341700.0,2026-06-06,Pending,,,98,363.0,3,No,No,2026-06-06,2026-08-24
UPDATE,2026-08-24T00:00:00,2026-08-24,PT0368756,LST0368756,AG02355,LOC0005,Townhouse,1,2.0,1673,1537,1993,702900.0,2026-05-28,Pending,,,177,511.0,0,No,No,2026-05-28,2026-08-24
UPDATE,2026-08-24T00:00:00,2026-08-24,PT0531526,LST0531526,AG00027,LOC0017,Multi-Family,2,3.0,2133,8370,1982,1023400.0,2026-07-28,Active,,,0,0.0,0,No,Yes,2026-07-28,2026-08-24
UPDATE,2026-08-24T00:00:00,2026-08-24,PT0002046,LST0002046,AG01451,LOC0115,Apartment,5,1.5,679,0,1909,86400.0,2025-06-17,Active,,,94,403.0,0,No,No,2025-06-17,2026-08-24
UPDATE,2026-08-24T00:00:00,2026-08-24,PT0488570,LST0488570,AG02254,LOC0248,Condo,6,1.5,1224,5264,1923,295400.0,2025-10-27,Active,,,104,272.0,0,No,No,2025-10-27,2026-08-24
UPDATE,2026-08-24T00:00:00,2026-08-24,PT0463030,LST0463030,AG00379,LOC0164,Single Family,6,4.0,1812,5829,1991,526200.0,2024-06-25,Active,,,108,0.0,0,No,No,2024-06-25,2026-08-24
UPDATE,2026-08-24T00:00:00,2026-08-24,PT0269105,LST0269105,AG02440,LOC0187,Single Family,2,1.0,1403,2750,1967,244800.0,2023-03-14,Active,,,26,0.0,2,No,No,2023-03-14,2026-08-24
UPDATE,2026-08-24T00:00:00,2026-08-24,PT0175427,LST0175427,AG02412,LOC0159,Condo,4,4.0,2363,1434,1930,255000.0,2024-02-27,Pending,,,56,744.0,0,No,No,2024-02-27,2026-08-24
UPDATE,2026-08-24T00:00:00,2026-08-24,PT0424418,LST0424418,AG02194,LOC0212,Townhouse,5,2.0,2756,3545,2022,1005300.0,2026-02-27,Pending,,,145,700.0,2,No,No,2026-02-27,2026-08-24
UPDATE,2026-08-24T00:00:00,2026-08-24,PT0167063,LST0167063,AG02207,LOC0246,Single Family,6,1.5,1256,2081,1934,258200.0,2024-08-26,Sold,257291.99,2026-08-24,728,0.0,1,No,Yes,2024-08-26,2026-08-24
UPDATE,2026-08-24T00:00:00,2026-08-24,PT0063115,LST0063115,AG01315,LOC0166,Single Family,3,3.5,1355,8335,1950,409800.0,2025-12-15,Active,,,52,0.0,2,No,Yes,2025-12-15,2026-08-24
UPDATE,2026-08-24T00:00:00,2026-08-24,PT0196751,LST0196751,AG02113,LOC0220,Single Family,2,4.5,1974,2425,1943,823600.0,2024-03-10,Sold,739765.46,2026-08-24,897,0.0,2,No,Yes,2024-03-10,2026-08-24
UPDATE,2026-08-24T00:00:00,2026-08-24,PT0542045,LST0542045,AG01457,LOC0022,Townhouse,6,4.5,909,2637,2011,509000.0,2026-08-06,Pending,,,0,151.92,0,No,No,2026-08-06,2026-08-24
UPDATE,2026-08-24T00:00:00,2026-08-24,PT0378716,LST0378716,AG00243,LOC0021,Single Family,2,3.5,1164,4748,1932,102100.0,2024-04-07,Active,,,79,0.0,2,No,Yes,2024-04-07,2026-08-24
UPDATE,2026-08-24T00:00:00,2026-08-24,PT0055764,LST0055764,AG01013,LOC0136,Single Family,2,3.5,1921,5368,1900,490900.0,2026-06-22,Active,,,122,0.0,1,No,No,2026-06-22,2026-08-24
UPDATE,2026-08-24T00:00:00,2026-08-24,PT0559600,LST0559600,AG01020,LOC0057,Single Family,3,4.5,1078,17385,1900,574400.0,2026-08-22,Active,,,0,0.0,2,No,No,2026-08-22,2026-08-24
UPDATE,2026-08-24T00:00:00,2026-08-24,PT0518876,LST0518876,AG02952,LOC0131,Single Family,1,3.0,1749,1602,1907,600800.0,2026-07-16,Active,,,0,0.0,0,Yes,No,2026-07-16,2026-08-24
UPDATE,2026-08-24T00:00:00,2026-08-24,PT0545593,LST0545593,AG00631,LOC0029,Condo,1,1.5,2011,2285,1946,954700.0,2026-08-09,Active,,,0,326.82,0,No,No,2026-08-09,2026-08-24
UPDATE,2026-08-24T00:00:00,2026-08-24,PT0557461,LST0557461,AG02466,LOC0110,Condo,4,4.5,2577,1785,1952,508100.0,2026-08-20,Active,,,0,524.63,2,No,No,2026-08-20,2026-08-24
UPDATE,2026-08-24T00:00:00,2026-08-24,PT0080250,LST0080250,AG00591,LOC0125,Single Family,1,4.5,1729,5470,1943,449000.0,2024-09-02,Pending,,,137,0.0,1,No,Yes,2024-09-02,2026-08-24
UPDATE,2026-08-24T00:00:00,2026-08-24,PT0215420,LST0215420,AG02006,LOC0075,Townhouse,6,3.0,1659,16248,1911,440100.0,2023-05-23,Pending,,,94,759.0,1,No,No,2023-05-23,2026-08-24
UPDATE,2026-08-24T00:00:00,2026-08-24,PT0491306,LST0491306,AG00375,LOC0056,Land,0,0.0,5545,4418,1950,1317000.0,2023-07-23,Pending,,,91,0.0,0,No,No,2023-07-23,2026-08-24
UPDATE,2026-08-24T00:00:00,2026-08-24,PT0407422,LST0407422,AG02549,LOC0127,Condo,1,1.0,1421,4454,2007,857300.0,2024-02-17,Sold,795813.94,2026-08-24,919,579.0,1,No,No,2024-02-17,2026-08-24
UPDATE,2026-08-24T00:00:00,2026-08-24,PT0540259,LST0540259,AG02906,LOC0075,Single Family,1,2.0,2098,2065,1971,586600.0,2026-08-04,Pending,,,0,0.0,0,No,No,2026-08-04,2026-08-24
UPDATE,2026-08-24T00:00:00,2026-08-24,PT0276135,LST0276135,AG02026,LOC0098,Single Family,6,1.5,2704,28165,1996,585600.0,2025-12-01,Active,,,4,0.0,2,No,No,2025-12-01,2026-08-24
UPDATE,2026-08-24T00:00:00,2026-08-24,PT0449590,LST0449590,AG01338,LOC0075,Condo,3,1.0,2109,9886,2019,505400.0,2026-03-19,Sold,469613.07,2026-08-24,158,655.0,1,No,No,2026-03-19,2026-08-24
UPDATE,2026-08-24T00:00:00,2026-08-24,PT0290489,LST0290489,AG02293,LOC0233,Condo,3,2.5,2243,1370,1945,777000.0,2024-07-24,Pending,,,137,506.0,1,Yes,No,2024-07-24,2026-08-24
UPDATE,2026-08-24T00:00:00,2026-08-24,PT0556886,LST0556886,AG02485,LOC0192,Single Family,3,4.0,2809,4123,1930,653000.0,2026-08-20,Sold,586323.74,2026-08-24,4,0.0,0,No,Yes,2026-08-20,2026-08-24
UPDATE,2026-08-24T00:00:00,2026-08-24,PT0560973,LST0560973,AG00570,LOC0126,Land,0,0.0,4037,2882,1909,1267300.0,2026-08-23,Pending,,,0,0.0,0,No,No,2026-08-23,2026-08-24
UPDATE,2026-08-24T00:00:00,2026-08-24,PT0139018,LST0139018,AG02080,LOC0082,Single Family,1,3.0,1007,4686,1913,116000.0,2024-10-07,Pending,,,84,0.0,3,Yes,Yes,2024-10-07,2026-08-24
UPDATE,2026-08-24T00:00:00,2026-08-24,PT0342996,LST0342996,AG02356,LOC0232,Single Family,2,3.5,1416,28153,1991,342100.0,2023-05-27,Active,,,24,0.0,2,Yes,Yes,2023-05-27,2026-08-24
UPDATE,2026-08-24T00:00:00,2026-08-24,PT0439698,LST0439698,AG01031,LOC0047,Condo,3,3.0,2415,6656,1920,666200.0,2023-08-29,Pending,,,23,172.0,1,No,No,2023-08-29,2026-08-24
UPDATE,2026-08-24T00:00:00,2026-08-24,PT0389988,LST0389988,AG00309,LOC0100,Condo,5,2.0,1674,2741,1922,291000.0,2023-11-18,Active,,,2,456.0,2,Yes,No,2023-11-18,2026-08-24
UPDATE,2026-08-24T00:00:00,2026-08-24,PT0114165,LST0114165,AG01367,LOC0092,Single Family,2,4.0,2354,1370,1907,400800.0,2023-05-23,Sold,378351.33,2026-08-24,1189,0.0,1,No,Yes,2023-05-23,2026-08-24
UPDATE,2026-08-24T00:00:00,2026-08-24,PT0543440,LST0543440,AG01300,LOC0096,Apartment,4,1.0,1247,0,2002,270700.0,2026-08-07,Active,,,0,421.01,1,Yes,No,2026-08-07,2026-08-24
UPDATE,2026-08-24T00:00:00,2026-08-24,PT0556771,LST0556771,AG01241,LOC0135,Condo,1,1.0,1740,3725,1996,1081500.0,2026-08-20,Active,,,0,464.05,3,No,No,2026-08-20,2026-08-24
UPDATE,2026-08-24T00:00:00,2026-08-24,PT0550971,LST0550971,AG01576,LOC0084,Multi-Family,6,4.5,2463,7862,2021,1326000.0,2026-08-14,Active,,,0,0.0,1,Yes,Yes,2026-08-14,2026-08-24
UPDATE,2026-08-24T00:00:00,2026-08-24,PT0554955,LST0554955,AG00649,LOC0003,Single Family,5,3.0,833,5199,1919,117500.0,2026-08-18,Active,,,0,0.0,0,No,Yes,2026-08-18,2026-08-24
UPDATE,2026-08-24T00:00:00,2026-08-24,PT0193548,LST0193548,AG02947,LOC0091,Apartment,4,3.5,1401,0,1967,350900.0,2026-01-02,Pending,,,174,330.0,1,No,No,2026-01-02,2026-08-24
UPDATE,2026-08-24T00:00:00,2026-08-24,PT0061885,LST0061885,AG02736,LOC0046,Townhouse,6,4.5,2124,1005,1919,594800.0,2024-05-23,Sold,549263.65,2026-08-24,823,221.0,2,No,No,2024-05-23,2026-08-24
UPDATE,2026-08-24T00:00:00,2026-08-24,PT0062831,LST0062831,AG00743,LOC0092,Single Family,1,4.0,3219,10662,2013,780900.0,2025-08-14,Pending,,,139,0.0,2,No,No,2025-08-14,2026-08-24
UPDATE,2026-08-24T00:00:00,2026-08-24,PT0164736,LST0164736,AG00439,LOC0113,Multi-Family,3,3.5,4866,1234,2013,1566300.0,2025-04-17,Sold,1453970.8,2026-08-24,494,0.0,2,No,No,2025-04-17,2026-08-24
UPDATE,2026-08-24T00:00:00,2026-08-24,PT0415910,LST0415910,AG02665,LOC0196,Single Family,1,2.0,518,2942,1993,167900.0,2023-03-02,Pending,,,34,0.0,0,No,No,2023-03-02,2026-08-24
UPDATE,2026-08-24T00:00:00,2026-08-24,PT0518862,LST0518862,AG01549,LOC0085,Townhouse,5,4.0,634,11217,1986,111100.0,2026-07-16,Active,,,0,682.82,0,No,No,2026-07-16,2026-08-24
UPDATE,2026-08-24T00:00:00,2026-08-24,PT0515549,LST0515549,AG02530,LOC0137,Single Family,4,2.5,1809,3047,2018,867400.0,2026-07-13,Active,,,0,0.0,2,No,No,2026-07-13,2026-08-24
UPDATE,2026-08-24T00:00:00,2026-08-24,PT0389576,LST0389576,AG02142,LOC0129,Townhouse,6,1.5,1306,1149,1907,382600.0,2025-01-15,Active,,,57,239.0,1,No,No,2025-01-15,2026-08-24
UPDATE,2026-08-24T00:00:00,2026-08-24,PT0483161,LST0483161,AG02795,LOC0134,Multi-Family,4,4.5,2754,5623,1937,744200.0,2025-06-17,Sold,701158.93,2026-08-24,433,0.0,3,No,No,2025-06-17,2026-08-24
UPDATE,2026-08-24T00:00:00,2026-08-24,PT0346655,LST0346655,AG00099,LOC0110,Townhouse,2,1.5,1553,12438,1912,229500.0,2025-10-29,Pending,,,119,186.0,1,No,No,2025-10-29,2026-08-24
UPDATE,2026-08-24T00:00:00,2026-08-24,PT0394463,LST0394463,AG01645,LOC0244,Condo,4,1.5,2268,1418,2025,281200.0,2025-02-20,Sold,260606.5,2026-08-24,550,217.0,2,No,No,2025-02-20,2026-08-24
UPDATE,2026-08-24T00:00:00,2026-08-24,PT0539790,LST0539790,AG01470,LOC0058,Single Family,5,4.0,1383,3350,1910,299000.0,2026-08-04,Active,,,0,0.0,1,No,Yes,2026-08-04,2026-08-24
UPDATE,2026-08-24T00:00:00,2026-08-24,PT0556477,LST0556477,AG00231,LOC0082,Condo,4,3.5,869,4038,2020,77000.0,2026-08-19,Pending,,,0,744.3,3,No,No,2026-08-19,2026-08-24
UPDATE,2026-08-24T00:00:00,2026-08-24,PT0068925,LST0068925,AG00818,LOC0005,Single Family,1,1.5,2276,13248,1991,670800.0,2026-01-21,Sold,627294.64,2026-08-24,215,0.0,2,No,No,2026-01-21,2026-08-24
UPDATE,2026-08-24T00:00:00,2026-08-24,PT0552407,LST0552407,AG00265,LOC0188,Single Family,5,3.5,1736,3616,1913,410600.0,2026-08-16,Pending,,,0,0.0,0,No,Yes,2026-08-16,2026-08-24
UPDATE,2026-08-24T00:00:00,2026-08-24,PT0423956,LST0423956,AG00068,LOC0019,Condo,2,4.0,1140,1722,2023,46700.0,2024-12-23,Active,,,171,655.0,3,No,No,2024-12-23,2026-08-24
UPDATE,2026-08-24T00:00:00,2026-08-24,PT0460271,LST0460271,AG01664,LOC0054,Single Family,3,4.0,1358,9497,2015,303100.0,2023-09-07,Active,,,38,0.0,0,No,No,2023-09-07,2026-08-24
UPDATE,2026-08-24T00:00:00,2026-08-24,PT0550987,LST0550987,AG00387,LOC0167,Apartment,5,1.5,1339,0,1996,346800.0,2026-08-14,Pending,,,0,539.3,2,No,No,2026-08-14,2026-08-24
UPDATE,2026-08-24T00:00:00,2026-08-24,PT0515411,LST0515411,AG01849,LOC0017,Townhouse,6,4.5,1698,1002,1993,766300.0,2026-07-13,Active,,,0,238.88,1,No,No,2026-07-13,2026-08-24
UPDATE,2026-08-24T00:00:00,2026-08-24,PT0547900,LST0547900,AG01166,LOC0224,Single Family,4,4.0,2192,5973,1986,1077000.0,2026-08-11,Active,,,0,0.0,3,Yes,No,2026-08-11,2026-08-24
UPDATE,2026-08-24T00:00:00,2026-08-24,PT0397108,LST0397108,AG02250,LOC0046,Multi-Family,4,1.0,3843,2189,1912,1331300.0,2025-12-28,Pending,,,105,0.0,1,No,Yes,2025-12-28,2026-08-24
UPDATE,2026-08-24T00:00:00,2026-08-24,PT0532812,LST0532812,AG01600,LOC0068,Single Family,1,4.0,876,5814,1954,250900.0,2026-07-29,Active,,,0,0.0,3,Yes,No,2026-07-29,2026-08-24
UPDATE,2026-08-24T00:00:00,2026-08-24,PT0332163,LST0332163,AG02499,LOC0046,Single Family,1,3.0,2064,7427,1947,261200.0,2024-06-12,Pending,,,23,0.0,0,No,No,2024-06-12,2026-08-24
UPDATE,2026-08-24T00:00:00,2026-08-24,PT0307136,LST0307136,AG02415,LOC0198,Condo,2,4.5,2268,3272,1968,542900.0,2025-11-29,Pending,,,100,702.0,0,Yes,No,2025-11-29,2026-08-24
UPDATE,2026-08-24T00:00:00,2026-08-24,PT0129808,LST0129808,AG02313,LOC0085,Single Family,2,4.5,1460,1973,1993,268100.0,2026-04-25,Sold,272844.89,2026-08-24,121,0.0,0,No,No,2026-04-25,2026-08-24
UPDATE,2026-08-24T00:00:00,2026-08-24,PT0472732,LST0472732,AG02344,LOC0189,Apartment,2,4.5,1041,0,2020,487300.0,2025-03-30,Sold,455825.18,2026-08-24,512,348.0,3,No,No,2025-03-30,2026-08-24
UPDATE,2026-08-24T00:00:00,2026-08-24,PT0147190,LST0147190,AG01908,LOC0097,Apartment,4,1.5,968,0,2012,147900.0,2023-06-20,Active,,,28,548.0,2,No,No,2023-06-20,2026-08-24
UPDATE,2026-08-24T00:00:00,2026-08-24,PT0220419,LST0220419,AG02904,LOC0155,Townhouse,1,3.5,1127,2075,1948,121700.0,2024-08-02,Pending,,,37,707.0,3,No,No,2024-08-02,2026-08-24
UPDATE,2026-08-24T00:00:00,2026-08-24,PT0079389,LST0079389,AG02329,LOC0104,Multi-Family,5,2.0,4488,1245,2004,1004900.0,2025-06-07,Active,,,121,0.0,3,Yes,Yes,2025-06-07,2026-08-24
UPDATE,2026-08-24T00:00:00,2026-08-24,PT0506198,LST0506198,AG00593,LOC0205,Condo,4,2.0,1800,9706,1940,622900.0,2026-07-06,Active,,,0,465.1,1,Yes,No,2026-07-06,2026-08-24
UPDATE,2026-08-24T00:00:00,2026-08-24,PT0252268,LST0252268,AG00732,LOC0203,Single Family,4,3.0,2253,1350,1983,333700.0,2025-12-07,Sold,296885.48,2026-08-24,260,0.0,2,No,No,2025-12-07,2026-08-24
UPDATE,2026-08-24T00:00:00,2026-08-24,PT0292355,LST0292355,AG01584,LOC0198,Condo,5,2.5,2383,4546,1974,399600.0,2024-09-10,Sold,406599.5,2026-08-24,713,368.0,0,No,No,2024-09-10,2026-08-24
UPDATE,2026-08-24T00:00:00,2026-08-24,PT0020917,LST0020917,AG02342,LOC0037,Single Family,1,4.5,2392,1513,1924,1159900.0,2023-08-28,Pending,,,136,0.0,0,No,No,2023-08-28,2026-08-24
UPDATE,2026-08-24T00:00:00,2026-08-24,PT0253666,LST0253666,AG00364,LOC0021,Condo,2,3.5,1028,2765,1913,83600.0,2025-04-02,Active,,,0,105.0,3,No,No,2025-04-02,2026-08-24
UPDATE,2026-08-24T00:00:00,2026-08-24,PT0315081,LST0315081,AG02540,LOC0017,Condo,2,3.0,992,2950,1990,300800.0,2026-06-06,Active,,,144,704.0,1,Yes,No,2026-06-06,2026-08-24
UPDATE,2026-08-24T00:00:00,2026-08-24,PT0105270,LST0105270,AG00467,LOC0218,Townhouse,4,4.0,2195,1667,1963,831900.0,2023-01-03,Pending,,,65,121.0,2,No,No,2023-01-03,2026-08-24
UPDATE,2026-08-24T00:00:00,2026-08-24,PT0307576,LST0307576,AG02644,LOC0025,Single Family,2,4.5,984,2473,1969,308600.0,2026-05-03,Pending,,,10,0.0,3,No,Yes,2026-05-03,2026-08-24
UPDATE,2026-08-24T00:00:00,2026-08-24,PT0256369,LST0256369,AG00507,LOC0046,Single Family,3,3.0,2827,3931,1954,739400.0,2024-10-05,Pending,,,21,0.0,1,No,No,2024-10-05,2026-08-24
UPDATE,2026-08-24T00:00:00,2026-08-24,PT0065687,LST0065687,AG01238,LOC0051,Condo,3,3.0,1795,3851,1951,289800.0,2026-05-28,Active,,,117,550.0,1,No,No,2026-05-28,2026-08-24
UPDATE,2026-08-24T00:00:00,2026-08-24,PT0538033,LST0538033,AG01863,LOC0214,Multi-Family,4,1.5,2807,2765,1983,655100.0,2026-08-02,Active,,,0,0.0,3,No,No,2026-08-02,2026-08-24
UPDATE,2026-08-24T00:00:00,2026-08-24,PT0020436,LST0020436,AG02244,LOC0244,Multi-Family,1,2.0,3284,17058,1958,517800.0,2024-06-01,Active,,,7,0.0,2,Yes,Yes,2024-06-01,2026-08-24
UPDATE,2026-08-24T00:00:00,2026-08-24,PT0206578,LST0206578,AG00677,LOC0004,Apartment,2,3.0,1182,0,1956,212800.0,2023-11-15,Active,,,10,495.0,1,Yes,No,2023-11-15,2026-08-24
UPDATE,2026-08-24T00:00:00,2026-08-24,PT0014783,LST0014783,AG00833,LOC0039,Townhouse,4,4.0,1757,8118,1946,548200.0,2025-02-09,Sold,495175.73,2026-08-24,561,713.0,1,No,No,2025-02-09,2026-08-24
UPDATE,2026-08-24T00:00:00,2026-08-24,PT0460391,LST0460391,AG00895,LOC0220,Single Family,1,1.0,2344,2468,1926,446700.0,2026-05-20,Pending,,,110,0.0,3,No,No,2026-05-20,2026-08-24
UPDATE,2026-08-24T00:00:00,2026-08-24,PT0516991,LST0516991,AG00282,LOC0144,Condo,5,4.0,3558,8231,1957,1483400.0,2026-07-14,Sold,1439631.37,2026-08-24,41,196.29,0,No,No,2026-07-14,2026-08-24
UPDATE,2026-08-24T00:00:00,2026-08-24,PT0436174,LST0436174,AG01124,LOC0134,Single Family,4,3.0,1746,5019,1956,147400.0,2023-03-14,Pending,,,118,0.0,0,No,No,2023-03-14,2026-08-24
UPDATE,2026-08-24T00:00:00,2026-08-24,PT0182922,LST0182922,AG02498,LOC0134,Single Family,4,2.5,2914,6647,1998,1338000.0,2023-03-13,Sold,1366080.15,2026-08-24,1260,0.0,0,No,No,2023-03-13,2026-08-24
UPDATE,2026-08-24T00:00:00,2026-08-24,PT0149478,LST0149478,AG02743,LOC0125,Condo,4,1.5,675,2414,1957,101400.0,2026-01-08,Pending,,,93,672.0,2,No,No,2026-01-08,2026-08-24
UPDATE,2026-08-24T00:00:00,2026-08-24,PT0557661,LST0557661,AG00494,LOC0150,Single Family,1,4.5,2088,14435,1973,707300.0,2026-08-20,Active,,,0,0.0,1,No,No,2026-08-20,2026-08-24
UPDATE,2026-08-24T00:00:00,2026-08-24,PT0108434,LST0108434,AG01271,LOC0184,Single Family,6,1.0,1492,2131,2024,750500.0,2023-10-04,Sold,770875.23,2026-08-24,1055,0.0,0,No,Yes,2023-10-04,2026-08-24
UPDATE,2026-08-24T00:00:00,2026-08-24,PT0481042,LST0481042,AG01719,LOC0195,Townhouse,1,2.0,300,12130,1996,68400.0,2025-08-15,Pending,,,95,290.0,3,No,No,2025-08-15,2026-08-24
UPDATE,2026-08-24T00:00:00,2026-08-24,PT0166927,LST0166927,AG01831,LOC0043,Single Family,6,4.5,2118,2675,1902,517800.0,2023-01-28,Pending,,,153,0.0,3,No,Yes,2023-01-28,2026-08-24
UPDATE,2026-08-24T00:00:00,2026-08-24,PT0086581,LST0086581,AG01582,LOC0132,Townhouse,3,4.0,1589,7831,1925,372000.0,2023-06-11,Active,,,87,637.0,2,No,No,2023-06-11,2026-08-24
UPDATE,2026-08-24T00:00:00,2026-08-24,PT0201636,LST0201636,AG01135,LOC0081,Multi-Family,2,3.5,2550,3446,1943,423400.0,2024-11-24,Pending,,,105,0.0,1,Yes,Yes,2024-11-24,2026-08-24
UPDATE,2026-08-24T00:00:00,2026-08-24,PT0206993,LST0206993,AG00800,LOC0007,Townhouse,3,2.5,1075,3287,1981,212300.0,2024-11-09,Active,,,177,111.0,0,No,No,2024-11-09,2026-08-24
UPDATE,2026-08-24T00:00:00,2026-08-24,PT0170460,LST0170460,AG00597,LOC0205,Single Family,3,2.0,750,7441,1932,191200.0,2026-03-22,Pending,,,140,0.0,2,No,No,2026-03-22,2026-08-24
UPDATE,2026-08-24T00:00:00,2026-08-24,PT0437118,LST0437118,AG02683,LOC0076,Apartment,6,4.5,815,0,2008,104300.0,2025-07-17,Active,,,3,551.0,0,Yes,No,2025-07-17,2026-08-24
UPDATE,2026-08-24T00:00:00,2026-08-24,PT0510233,LST0510233,AG00940,LOC0053,Condo,3,3.0,498,20500,1974,93200.0,2026-07-09,Sold,92989.7,2026-08-24,46,498.39,2,No,No,2026-07-09,2026-08-24
UPDATE,2026-08-24T00:00:00,2026-08-24,PT0415256,LST0415256,AG00279,LOC0239,Single Family,2,3.5,1388,11247,1919,312400.0,2024-07-21,Active,,,81,0.0,2,No,No,2024-07-21,2026-08-24
UPDATE,2026-08-24T00:00:00,2026-08-24,PT0427000,LST0427000,AG00619,LOC0188,Single Family,6,3.0,2115,4942,1995,468300.0,2026-02-12,Pending,,,161,0.0,1,No,No,2026-02-12,2026-08-24
UPDATE,2026-08-24T00:00:00,2026-08-24,PT0354729,LST0354729,AG00112,LOC0017,Condo,6,3.0,1833,1994,1948,689400.0,2024-12-17,Pending,,,144,691.0,2,No,No,2024-12-17,2026-08-24
UPDATE,2026-08-24T00:00:00,2026-08-24,PT0301745,LST0301745,AG00807,LOC0013,Single Family,2,4.5,2403,8256,1919,663000.0,2026-05-26,Pending,,,96,0.0,3,No,No,2026-05-26,2026-08-24
UPDATE,2026-08-24T00:00:00,2026-08-24,PT0430456,LST0430456,AG00889,LOC0224,Condo,3,1.0,2858,2147,1985,1243100.0,2023-06-04,Pending,,,79,335.0,1,No,No,2023-06-04,2026-08-24
UPDATE,2026-08-24T00:00:00,2026-08-24,PT0000941,LST0000941,AG01092,LOC0105,Multi-Family,3,3.5,4315,3453,2016,160800.0,2025-06-14,Active,,,66,0.0,2,No,No,2025-06-14,2026-08-24
UPDATE,2026-08-24T00:00:00,2026-08-24,PT0240461,LST0240461,AG00663,LOC0005,Condo,2,4.5,2024,2292,1926,767600.0,2025-03-26,Sold,801450.06,2026-08-24,516,88.0,1,No,No,2025-03-26,2026-08-24
UPDATE,2026-08-24T00:00:00,2026-08-24,PT0113951,LST0113951,AG00567,LOC0144,Single Family,3,1.0,2641,6489,1976,900900.0,2025-11-04,Active,,,165,0.0,0,No,Yes,2025-11-04,2026-08-24
UPDATE,2026-08-24T00:00:00,2026-08-24,PT0235570,LST0235570,AG02016,LOC0193,Single Family,3,4.0,2273,6039,2014,680500.0,2026-04-14,Active,,,72,0.0,0,No,No,2026-04-14,2026-08-24
UPDATE,2026-08-24T00:00:00,2026-08-24,PT0355815,LST0355815,AG01150,LOC0148,Condo,2,3.5,2657,5977,1983,842500.0,2023-05-22,Active,,,147,640.0,3,No,No,2023-05-22,2026-08-24
UPDATE,2026-08-24T00:00:00,2026-08-24,PT0054577,LST0054577,AG01467,LOC0214,Single Family,1,4.0,793,3187,1980,66700.0,2023-03-02,Pending,,,144,0.0,0,No,No,2023-03-02,2026-08-24
UPDATE,2026-08-24T00:00:00,2026-08-24,PT0396966,LST0396966,AG02316,LOC0154,Condo,5,2.5,1795,4172,1972,86200.0,2023-08-18,Pending,,,80,253.0,0,No,No,2023-08-18,2026-08-24
UPDATE,2026-08-24T00:00:00,2026-08-24,PT0325624,LST0325624,AG02446,LOC0185,Condo,2,4.5,2911,8409,2009,1271500.0,2023-10-01,Pending,,,152,93.0,3,No,No,2023-10-01,2026-08-24
UPDATE,2026-08-24T00:00:00,2026-08-24,PT0516445,LST0516445,AG01532,LOC0114,Multi-Family,6,4.0,4948,1038,2021,937900.0,2026-07-14,Active,,,0,0.0,0,Yes,Yes,2026-07-14,2026-08-24
UPDATE,2026-08-24T00:00:00,2026-08-24,PT0219103,LST0219103,AG00353,LOC0011,Apartment,4,3.5,883,0,1932,441200.0,2023-01-26,Sold,420526.67,2026-08-24,1306,128.0,0,No,No,2023-01-26,2026-08-24
UPDATE,2026-08-24T00:00:00,2026-08-24,PT0189655,LST0189655,AG01539,LOC0092,Condo,6,3.5,2035,9412,1933,301800.0,2024-08-13,Pending,,,123,183.0,1,Yes,No,2024-08-13,2026-08-24
UPDATE,2026-08-24T00:00:00,2026-08-24,PT0357314,LST0357314,AG02257,LOC0064,Condo,1,1.5,889,3745,2011,62400.0,2023-11-30,Active,,,171,110.0,2,Yes,No,2023-11-30,2026-08-24
UPDATE,2026-08-24T00:00:00,2026-08-24,PT0102495,LST0102495,AG00838,LOC0109,Condo,3,4.5,1374,1859,2012,434400.0,2023-04-25,Sold,466649.08,2026-08-24,1217,719.0,1,Yes,No,2023-04-25,2026-08-24
UPDATE,2026-08-24T00:00:00,2026-08-24,PT0030371,LST0030371,AG00264,LOC0055,Townhouse,2,4.5,1410,2433,1997,297100.0,2025-04-05,Pending,,,64,607.0,2,No,No,2025-04-05,2026-08-24
UPDATE,2026-08-24T00:00:00,2026-08-24,PT0037012,LST0037012,AG00294,LOC0091,Single Family,1,3.0,1767,3630,1959,879300.0,2025-04-18,Pending,,,42,0.0,2,No,No,2025-04-18,2026-08-24
UPDATE,2026-08-24T00:00:00,2026-08-24,PT0562482,LST0562482,AG02858,LOC0228,Single Family,5,1.0,2833,2631,1924,1263700.0,2026-08-24,Sold,1265214.73,2026-08-24,0,0.0,2,No,Yes,2026-08-24,2026-08-24
UPDATE,2026-08-24T00:00:00,2026-08-24,PT0306412,LST0306412,AG01706,LOC0102,Apartment,6,4.5,654,0,2020,95500.0,2025-11-13,Pending,,,83,246.0,0,No,No,2025-11-13,2026-08-24
UPDATE,2026-08-24T00:00:00,2026-08-24,PT0292591,LST0292591,AG02760,LOC0187,Townhouse,6,2.5,1094,1326,1975,381800.0,2023-12-08,Sold,358406.24,2026-08-24,990,578.0,1,No,No,2023-12-08,2026-08-24
UPDATE,2026-08-24T00:00:00,2026-08-24,PT0042215,LST0042215,AG01431,LOC0229,Single Family,3,3.0,1267,5654,1972,211900.0,2024-03-30,Active,,,147,0.0,2,No,Yes,2024-03-30,2026-08-24
UPDATE,2026-08-24T00:00:00,2026-08-24,PT0523999,LST0523999,AG02207,LOC0103,Apartment,5,1.0,1159,0,1939,91900.0,2026-07-21,Pending,,,0,308.12,0,No,No,2026-07-21,2026-08-24
UPDATE,2026-08-24T00:00:00,2026-08-24,PT0409737,LST0409737,AG02683,LOC0042,Single Family,5,2.5,1678,2758,1995,467700.0,2023-02-15,Pending,,,145,0.0,2,No,No,2023-02-15,2026-08-24
UPDATE,2026-08-24T00:00:00,2026-08-24,PT0180655,LST0180655,AG00676,LOC0128,Condo,2,3.0,1201,1365,1957,305800.0,2025-03-27,Pending,,,69,312.0,0,No,No,2025-03-27,2026-08-24
UPDATE,2026-08-24T00:00:00,2026-08-24,PT0490496,LST0490496,AG02698,LOC0129,Townhouse,3,2.0,1123,4286,2024,230300.0,2025-12-28,Sold,208967.15,2026-08-24,239,448.0,1,Yes,No,2025-12-28,2026-08-24
UPDATE,2026-08-24T00:00:00,2026-08-24,PT0527611,LST0527611,AG02415,LOC0183,Single Family,5,1.5,901,3422,1922,217500.0,2026-07-24,Active,,,0,0.0,0,Yes,No,2026-07-24,2026-08-24
UPDATE,2026-08-24T00:00:00,2026-08-24,PT0233453,LST0233453,AG01245,LOC0168,Condo,4,1.0,1331,1531,1924,404600.0,2024-09-11,Active,,,4,352.0,2,No,No,2024-09-11,2026-08-24
UPDATE,2026-08-24T00:00:00,2026-08-24,PT0400366,LST0400366,AG02292,LOC0133,Apartment,1,4.5,936,0,1962,31700.0,2025-05-29,Pending,,,60,637.0,3,No,No,2025-05-29,2026-08-24
UPDATE,2026-08-24T00:00:00,2026-08-24,PT0019018,LST0019018,AG00994,LOC0240,Townhouse,6,1.0,743,1895,1911,257300.0,2023-08-02,Active,,,126,345.0,1,No,No,2023-08-02,2026-08-24
UPDATE,2026-08-24T00:00:00,2026-08-24,PT0246568,LST0246568,AG00778,LOC0086,Land,0,0.0,5129,2680,2000,307300.0,2026-03-05,Pending,,,50,0.0,0,No,No,2026-03-05,2026-08-24
UPDATE,2026-08-24T00:00:00,2026-08-24,PT0512247,LST0512247,AG02122,LOC0085,Single Family,6,2.5,2933,2492,2005,565600.0,2026-07-11,Sold,547814.2,2026-08-24,44,0.0,3,No,No,2026-07-11,2026-08-24
UPDATE,2026-08-24T00:00:00,2026-08-24,PT0232101,LST0232101,AG01041,LOC0180,Single Family,6,4.5,300,5449,1977,59200.0,2024-08-29,Sold,58448.57,2026-08-24,725,0.0,0,No,Yes,2024-08-29,2026-08-24
UPDATE,2026-08-24T00:00:00,2026-08-24,PT0039433,LST0039433,AG01699,LOC0052,Apartment,1,3.5,1022,0,1968,131100.0,2024-05-08,Pending,,,128,553.0,1,No,No,2024-05-08,2026-08-24
UPDATE,2026-08-24T00:00:00,2026-08-24,PT0072402,LST0072402,AG02989,LOC0030,Single Family,4,3.0,935,4257,1961,532800.0,2024-10-15,Pending,,,2,0.0,1,No,No,2024-10-15,2026-08-24
UPDATE,2026-08-24T00:00:00,2026-08-24,PT0110445,LST0110445,AG02519,LOC0074,Single Family,2,1.5,2475,2116,1910,1324800.0,2023-01-09,Pending,,,12,0.0,1,No,Yes,2023-01-09,2026-08-24
UPDATE,2026-08-24T00:00:00,2026-08-24,PT0513786,LST0513786,AG02672,LOC0230,Single Family,5,2.5,2542,1144,1928,1113900.0,2026-07-12,Sold,1087249.64,2026-08-24,43,0.0,3,No,Yes,2026-07-12,2026-08-24
UPDATE,2026-08-24T00:00:00,2026-08-24,PT0557776,LST0557776,AG00191,LOC0157,Townhouse,2,3.5,1446,8233,1996,426000.0,2026-08-20,Active,,,0,539.54,1,No,No,2026-08-20,2026-08-24
UPDATE,2026-08-24T00:00:00,2026-08-24,PT0386584,LST0386584,AG00498,LOC0095,Apartment,6,3.5,1201,0,2023,608100.0,2026-05-11,Pending,,,13,520.0,0,No,No,2026-05-11,2026-08-24
UPDATE,2026-08-24T00:00:00,2026-08-24,PT0101273,LST0101273,AG01206,LOC0011,Condo,4,2.0,1237,1138,1976,347300.0,2023-01-10,Sold,330338.04,2026-08-24,1322,514.0,0,Yes,No,2023-01-10,2026-08-24
UPDATE,2026-08-24T00:00:00,2026-08-24,PT0447400,LST0447400,AG01343,LOC0025,Single Family,1,4.0,1617,9310,1977,331100.0,2025-05-02,Active,,,98,0.0,1,No,No,2025-05-02,2026-08-24
UPDATE,2026-08-24T00:00:00,2026-08-24,PT0561525,LST0561525,AG01777,LOC0129,Land,0,0.0,4360,10360,1920,1258900.0,2026-08-24,Pending,,,0,0.0,0,No,No,2026-08-24,2026-08-24
UPDATE,2026-08-24T00:00:00,2026-08-24,PT0190472,LST0190472,AG02811,LOC0008,Single Family,4,4.0,1797,5890,1942,307700.0,2023-10-17,Pending,,,14,0.0,2,No,Yes,2023-10-17,2026-08-24
UPDATE,2026-08-24T00:00:00,2026-08-24,PT0116212,LST0116212,AG01748,LOC0184,Single Family,2,1.0,822,6188,2014,668400.0,2024-07-21,Sold,654087.98,2026-08-24,764,0.0,3,No,No,2024-07-21,2026-08-24
UPDATE,2026-08-24T00:00:00,2026-08-24,PT0560214,LST0560214,AG00897,LOC0065,Townhouse,2,4.0,1747,3827,1943,334400.0,2026-08-22,Pending,,,0,590.4,3,No,No,2026-08-22,2026-08-24
UPDATE,2026-08-24T00:00:00,2026-08-24,PT0511232,LST0511232,AG02883,LOC0211,Townhouse,3,4.0,1633,2505,1921,792300.0,2026-07-10,Active,,,0,667.28,2,Yes,No,2026-07-10,2026-08-24
UPDATE,2026-08-24T00:00:00,2026-08-24,PT0068642,LST0068642,AG01962,LOC0165,Multi-Family,2,2.5,1655,6119,2013,608300.0,2023-12-04,Active,,,18,0.0,3,No,Yes,2023-12-04,2026-08-24
UPDATE,2026-08-24T00:00:00,2026-08-24,PT0114831,LST0114831,AG00222,LOC0010,Condo,4,3.0,1468,1099,1994,362200.0,2025-04-18,Active,,,13,375.0,3,No,No,2025-04-18,2026-08-24
UPDATE,2026-08-24T00:00:00,2026-08-24,PT0513049,LST0513049,AG00609,LOC0069,Single Family,2,4.5,1727,5032,1949,258000.0,2026-07-11,Active,,,0,0.0,0,Yes,No,2026-07-11,2026-08-24
UPDATE,2026-08-24T00:00:00,2026-08-24,PT0363818,LST0363818,AG02177,LOC0029,Single Family,5,3.0,2506,2404,2019,782200.0,2024-03-28,Sold,703715.75,2026-08-24,879,0.0,2,Yes,No,2024-03-28,2026-08-24
UPDATE,2026-08-24T00:00:00,2026-08-24,PT0116364,LST0116364,AG00241,LOC0011,Multi-Family,6,4.0,4182,6278,1923,1347600.0,2025-02-14,Active,,,132,0.0,2,No,Yes,2025-02-14,2026-08-24
UPDATE,2026-08-24T00:00:00,2026-08-24,PT0512155,LST0512155,AG02941,LOC0096,Land,0,0.0,6368,2448,2011,1500700.0,2026-07-11,Active,,,0,0.0,0,No,No,2026-07-11,2026-08-24
UPDATE,2026-08-24T00:00:00,2026-08-24,PT0388556,LST0388556,AG00649,LOC0227,Single Family,5,2.5,1754,9097,1987,631500.0,2026-04-28,Pending,,,78,0.0,3,No,No,2026-04-28,2026-08-24
UPDATE,2026-08-24T00:00:00,2026-08-24,PT0398982,LST0398982,AG01683,LOC0030,Townhouse,1,3.5,1279,3374,1957,531900.0,2024-06-08,Active,,,28,360.0,1,No,No,2024-06-08,2026-08-24
UPDATE,2026-08-24T00:00:00,2026-08-24,PT0078379,LST0078379,AG02057,LOC0175,Single Family,6,2.5,1219,4367,1932,350600.0,2024-05-13,Sold,355740.56,2026-08-24,833,0.0,1,No,No,2024-05-13,2026-08-24
UPDATE,2026-08-24T00:00:00,2026-08-24,PT0406557,LST0406557,AG02983,LOC0243,Single Family,2,2.5,2276,5416,1979,1311800.0,2023-11-28,Active,,,118,0.0,3,No,No,2023-11-28,2026-08-24
UPDATE,2026-08-24T00:00:00,2026-08-24,PT0524478,LST0524478,AG00102,LOC0222,Land,0,0.0,6226,1428,1979,2262200.0,2026-07-22,Sold,2242198.07,2026-08-24,33,0.0,0,No,No,2026-07-22,2026-08-24
UPDATE,2026-08-24T00:00:00,2026-08-24,PT0542607,LST0542607,AG00381,LOC0119,Single Family,3,1.5,2016,2897,2003,820900.0,2026-08-06,Pending,,,0,0.0,0,Yes,Yes,2026-08-06,2026-08-24
UPDATE,2026-08-24T00:00:00,2026-08-24,PT0238443,LST0238443,AG01038,LOC0125,Single Family,3,3.0,1711,5884,1935,342600.0,2025-11-04,Pending,,,0,0.0,3,No,No,2025-11-04,2026-08-24
UPDATE,2026-08-24T00:00:00,2026-08-24,PT0350742,LST0350742,AG02254,LOC0015,Multi-Family,4,1.0,2855,27191,1981,511500.0,2024-07-18,Active,,,12,0.0,2,No,No,2024-07-18,2026-08-24
UPDATE,2026-08-24T00:00:00,2026-08-24,PT0098525,LST0098525,AG01188,LOC0185,Land,0,0.0,5243,3312,1956,1883700.0,2023-06-09,Sold,1833918.75,2026-08-24,1172,0.0,0,No,No,2023-06-09,2026-08-24
UPDATE,2026-08-24T00:00:00,2026-08-24,PT0017873,LST0017873,AG02866,LOC0026,Condo,6,1.5,1947,4431,1946,508200.0,2024-11-20,Active,,,56,727.0,3,No,No,2024-11-20,2026-08-24
UPDATE,2026-08-24T00:00:00,2026-08-24,PT0533306,LST0533306,AG01947,LOC0249,Single Family,2,3.5,2118,2045,1947,963800.0,2026-07-29,Sold,955517.08,2026-08-24,26,0.0,3,No,Yes,2026-07-29,2026-08-24
UPDATE,2026-08-24T00:00:00,2026-08-24,PT0300285,LST0300285,AG02673,LOC0234,Condo,6,3.5,2589,1148,1920,834700.0,2023-09-27,Pending,,,19,304.0,3,Yes,No,2023-09-27,2026-08-24
UPDATE,2026-08-24T00:00:00,2026-08-24,PT0021611,LST0021611,AG00256,LOC0169,Single Family,1,3.0,2173,1354,1913,1094200.0,2023-11-18,Pending,,,154,0.0,0,Yes,Yes,2023-11-18,2026-08-24
UPDATE,2026-08-24T00:00:00,2026-08-24,PT0515847,LST0515847,AG00540,LOC0184,Single Family,6,4.5,1788,3765,2014,1346700.0,2026-07-14,Active,,,0,0.0,3,No,No,2026-07-14,2026-08-24
UPDATE,2026-08-24T00:00:00,2026-08-24,PT0228258,LST0228258,AG01262,LOC0067,Townhouse,6,2.0,2719,5671,1911,202100.0,2023-06-19,Pending,,,83,444.0,2,Yes,No,2023-06-19,2026-08-24
UPDATE,2026-08-24T00:00:00,2026-08-24,PT0044766,LST0044766,AG02919,LOC0249,Multi-Family,1,4.0,2745,17227,1918,727600.0,2023-01-20,Sold,761743.84,2026-08-24,1312,0.0,3,No,No,2023-01-20,2026-08-24
UPDATE,2026-08-24T00:00:00,2026-08-24,PT0066015,LST0066015,AG00750,LOC0090,Townhouse,6,1.5,2118,17910,1994,581200.0,2025-06-06,Active,,,15,321.0,3,No,No,2025-06-06,2026-08-24
UPDATE,2026-08-24T00:00:00,2026-08-24,PT0312863,LST0312863,AG00448,LOC0211,Condo,1,4.5,1680,12961,1916,883800.0,2025-07-11,Pending,,,71,152.0,3,No,No,2025-07-11,2026-08-24
UPDATE,2026-08-24T00:00:00,2026-08-24,PT0147424,LST0147424,AG01263,LOC0229,Multi-Family,3,2.5,1112,1762,2007,125800.0,2024-07-15,Pending,,,132,0.0,1,No,Yes,2024-07-15,2026-08-24
UPDATE,2026-08-24T00:00:00,2026-08-24,PT0550938,LST0550938,AG02490,LOC0102,Townhouse,1,2.5,2961,18013,2000,799200.0,2026-08-14,Active,,,0,69.11,1,No,No,2026-08-14,2026-08-24
UPDATE,2026-08-24T00:00:00,2026-08-24,PT0540000,LST0540000,AG01624,LOC0035,Single Family,2,3.0,489,5004,1907,73800.0,2026-08-04,Sold,72381.6,2026-08-24,20,0.0,1,No,No,2026-08-04,2026-08-24
UPDATE,2026-08-24T00:00:00,2026-08-24,PT0231426,LST0231426,AG02310,LOC0185,Condo,6,1.0,2665,8243,2021,1052500.0,2023-07-18,Pending,,,154,694.0,1,Yes,No,2023-07-18,2026-08-24
UPDATE,2026-08-24T00:00:00,2026-08-24,PT0543431,LST0543431,AG00703,LOC0112,Townhouse,4,4.5,1622,6380,1950,162100.0,2026-08-07,Active,,,0,129.35,0,No,No,2026-08-07,2026-08-24
UPDATE,2026-08-24T00:00:00,2026-08-24,PT0006978,LST0006978,AG00222,LOC0249,Single Family,2,3.0,1196,4795,1944,517700.0,2025-07-17,Pending,,,127,0.0,0,No,Yes,2025-07-17,2026-08-24
UPDATE,2026-08-24T00:00:00,2026-08-24,PT0217674,LST0217674,AG02909,LOC0006,Condo,4,2.0,2004,3390,2008,356900.0,2024-09-03,Active,,,33,338.0,3,No,No,2024-09-03,2026-08-24
UPDATE,2026-08-24T00:00:00,2026-08-24,PT0471226,LST0471226,AG01151,LOC0093,Single Family,3,1.0,1552,3397,1902,415500.0,2024-01-13,Pending,,,161,0.0,2,No,Yes,2024-01-13,2026-08-24
UPDATE,2026-08-24T00:00:00,2026-08-24,PT0067104,LST0067104,AG01570,LOC0069,Single Family,6,2.5,300,1722,1980,41100.0,2023-03-05,Pending,,,28,0.0,1,No,No,2023-03-05,2026-08-24
UPDATE,2026-08-24T00:00:00,2026-08-24,PT0046637,LST0046637,AG00121,LOC0214,Single Family,4,3.5,2872,4160,1972,907600.0,2024-12-13,Sold,868319.78,2026-08-24,619,0.0,2,No,No,2024-12-13,2026-08-24
UPDATE,2026-08-24T00:00:00,2026-08-24,PT0307282,LST0307282,AG02447,LOC0117,Single Family,1,3.0,740,3455,1911,186200.0,2023-10-08,Active,,,156,0.0,0,No,Yes,2023-10-08,2026-08-24
UPDATE,2026-08-24T00:00:00,2026-08-24,PT0105672,LST0105672,AG00476,LOC0127,Condo,1,3.0,300,11279,1905,126600.0,2024-03-23,Sold,128936.43,2026-08-24,884,501.0,1,No,No,2024-03-23,2026-08-24
UPDATE,2026-08-24T00:00:00,2026-08-24,PT0203274,LST0203274,AG00985,LOC0014,Multi-Family,2,4.5,1915,3562,2024,630700.0,2023-10-17,Pending,,,82,0.0,0,No,No,2023-10-17,2026-08-24
UPDATE,2026-08-24T00:00:00,2026-08-24,PT0161927,LST0161927,AG02449,LOC0079,Townhouse,6,3.0,2516,1204,1986,432400.0,2023-03-22,Active,,,53,81.0,2,Yes,No,2023-03-22,2026-08-24
UPDATE,2026-08-24T00:00:00,2026-08-24,PT0381330,LST0381330,AG01485,LOC0133,Single Family,4,2.5,1273,2860,1959,67100.0,2026-02-11,Pending,,,153,0.0,3,No,No,2026-02-11,2026-08-24
UPDATE,2026-08-24T00:00:00,2026-08-24,PT0009798,LST0009798,AG02990,LOC0200,Single Family,5,3.0,968,2201,2020,261500.0,2024-09-29,Active,,,95,0.0,1,No,Yes,2024-09-29,2026-08-24
UPDATE,2026-08-24T00:00:00,2026-08-24,PT0464432,LST0464432,AG00497,LOC0135,Single Family,2,3.5,1253,1925,1937,522500.0,2025-04-14,Pending,,,113,0.0,2,No,No,2025-04-14,2026-08-24
UPDATE,2026-08-24T00:00:00,2026-08-24,PT0450667,LST0450667,AG02336,LOC0150,Multi-Family,3,4.0,2875,9442,1958,929900.0,2023-12-29,Pending,,,115,0.0,3,No,No,2023-12-29,2026-08-24
UPDATE,2026-08-24T00:00:00,2026-08-24,PT0174959,LST0174959,AG01464,LOC0092,Single Family,6,2.5,2503,16379,2008,374500.0,2025-12-13,Pending,,,164,0.0,3,Yes,No,2025-12-13,2026-08-24
UPDATE,2026-08-24T00:00:00,2026-08-24,PT0345311,LST0345311,AG01354,LOC0206,Apartment,3,4.5,583,0,1934,105600.0,2024-09-01,Sold,104273.68,2026-08-24,722,538.0,2,No,No,2024-09-01,2026-08-24
UPDATE,2026-08-24T00:00:00,2026-08-24,PT0032431,LST0032431,AG01324,LOC0222,Single Family,3,2.5,1935,3548,2019,462700.0,2024-03-27,Pending,,,72,0.0,1,No,Yes,2024-03-27,2026-08-24
UPDATE,2026-08-24T00:00:00,2026-08-24,PT0170722,LST0170722,AG01873,LOC0111,Single Family,4,4.5,2260,4020,1968,369400.0,2024-09-10,Pending,,,49,0.0,1,No,Yes,2024-09-10,2026-08-24
UPDATE,2026-08-24T00:00:00,2026-08-24,PT0329404,LST0329404,AG01949,LOC0152,Single Family,6,4.0,1430,1896,1903,476000.0,2025-09-24,Pending,,,60,0.0,2,No,Yes,2025-09-24,2026-08-24
UPDATE,2026-08-24T00:00:00,2026-08-24,PT0242529,LST0242529,AG02525,LOC0044,Townhouse,2,1.5,2105,6540,1916,929000.0,2023-09-13,Pending,,,104,475.0,3,No,No,2023-09-13,2026-08-24
UPDATE,2026-08-24T00:00:00,2026-08-24,PT0552354,LST0552354,AG01615,LOC0105,Condo,5,3.0,2199,6611,1911,509000.0,2026-08-16,Pending,,,0,443.2,1,No,No,2026-08-16,2026-08-24
UPDATE,2026-08-24T00:00:00,2026-08-24,PT0242590,LST0242590,AG02982,LOC0033,Condo,5,1.0,1675,3142,1900,839800.0,2024-12-03,Sold,788763.0,2026-08-24,629,253.0,0,No,No,2024-12-03,2026-08-24
UPDATE,2026-08-24T00:00:00,2026-08-24,PT0376122,LST0376122,AG02803,LOC0221,Multi-Family,3,2.0,3236,2464,1979,813400.0,2023-06-20,Pending,,,104,0.0,2,Yes,No,2023-06-20,2026-08-24
UPDATE,2026-08-24T00:00:00,2026-08-24,PT0398498,LST0398498,AG01611,LOC0168,Condo,5,1.0,3248,3564,1945,980600.0,2025-09-29,Pending,,,116,791.0,3,No,No,2025-09-29,2026-08-24
UPDATE,2026-08-24T00:00:00,2026-08-24,PT0416532,LST0416532,AG00466,LOC0194,Single Family,4,2.0,2138,6024,1987,1356600.0,2023-04-20,Pending,,,70,0.0,3,No,No,2023-04-20,2026-08-24
UPDATE,2026-08-24T00:00:00,2026-08-24,PT0396887,LST0396887,AG02519,LOC0145,Multi-Family,5,2.0,4744,2867,2004,1514000.0,2023-08-03,Active,,,36,0.0,1,No,Yes,2023-08-03,2026-08-24
UPDATE,2026-08-24T00:00:00,2026-08-24,PT0075348,LST0075348,AG01949,LOC0219,Single Family,5,4.5,2782,5937,1942,1160000.0,2024-01-13,Sold,1072392.27,2026-08-24,954,0.0,1,No,Yes,2024-01-13,2026-08-24
UPDATE,2026-08-24T00:00:00,2026-08-24,PT0266296,LST0266296,AG01130,LOC0029,Townhouse,4,3.0,1498,2573,1908,601200.0,2024-09-17,Pending,,,57,670.0,3,No,No,2024-09-17,2026-08-24
UPDATE,2026-08-24T00:00:00,2026-08-24,PT0115974,LST0115974,AG01959,LOC0153,Single Family,5,2.0,1579,1547,1977,515000.0,2025-10-08,Active,,,6,0.0,3,No,No,2025-10-08,2026-08-24
UPDATE,2026-08-24T00:00:00,2026-08-24,PT0347166,LST0347166,AG02194,LOC0018,Condo,2,2.0,898,2596,2002,479200.0,2023-06-30,Active,,,56,389.0,3,No,No,2023-06-30,2026-08-24
UPDATE,2026-08-24T00:00:00,2026-08-24,PT0423832,LST0423832,AG00564,LOC0108,Condo,6,2.5,2531,4920,2007,461700.0,2025-10-18,Sold,434381.98,2026-08-24,310,392.0,1,No,No,2025-10-18,2026-08-24
UPDATE,2026-08-24T00:00:00,2026-08-24,PT0538745,LST0538745,AG02762,LOC0085,Single Family,5,3.5,2894,4094,1937,786300.0,2026-08-03,Pending,,,0,0.0,2,No,No,2026-08-03,2026-08-24
UPDATE,2026-08-24T00:00:00,2026-08-24,PT0530362,LST0530362,AG01009,LOC0063,Single Family,6,3.0,1124,3084,2002,573200.0,2026-07-27,Active,,,0,0.0,3,No,Yes,2026-07-27,2026-08-24
UPDATE,2026-08-24T00:00:00,2026-08-24,PT0198193,LST0198193,AG02176,LOC0230,Land,0,0.0,5291,2842,2018,3534800.0,2024-10-31,Active,,,94,0.0,0,No,No,2024-10-31,2026-08-24
UPDATE,2026-08-24T00:00:00,2026-08-24,PT0109239,LST0109239,AG02517,LOC0077,Single Family,3,3.5,1136,2621,2011,332700.0,2025-01-25,Pending,,,158,0.0,2,No,Yes,2025-01-25,2026-08-24
UPDATE,2026-08-24T00:00:00,2026-08-24,PT0539699,LST0539699,AG01458,LOC0224,Single Family,3,2.0,887,6968,1942,269900.0,2026-08-04,Sold,278758.88,2026-08-24,20,0.0,3,No,No,2026-08-04,2026-08-24
UPDATE,2026-08-24T00:00:00,2026-08-24,PT0478346,LST0478346,AG02035,LOC0183,Condo,6,1.0,1696,11583,2016,509900.0,2026-03-29,Pending,,,32,386.0,0,No,No,2026-03-29,2026-08-24
UPDATE,2026-08-24T00:00:00,2026-08-24,PT0407076,LST0407076,AG01750,LOC0188,Single Family,1,4.5,2946,4573,1997,716200.0,2024-05-05,Pending,,,166,0.0,2,No,Yes,2024-05-05,2026-08-24
UPDATE,2026-08-24T00:00:00,2026-08-24,PT0530542,LST0530542,AG02721,LOC0171,Townhouse,2,3.0,2059,4346,1914,731700.0,2026-07-27,Active,,,0,566.27,2,Yes,No,2026-07-27,2026-08-24
UPDATE,2026-08-24T00:00:00,2026-08-24,PT0407100,LST0407100,AG02749,LOC0179,Townhouse,6,4.5,1957,2870,2004,94500.0,2025-11-22,Pending,,,61,144.0,0,No,No,2025-11-22,2026-08-24
UPDATE,2026-08-24T00:00:00,2026-08-24,PT0521012,LST0521012,AG00118,LOC0144,Multi-Family,2,3.0,2837,2641,1942,628400.0,2026-07-19,Sold,617259.51,2026-08-24,36,0.0,3,No,No,2026-07-19,2026-08-24
UPDATE,2026-08-24T00:00:00,2026-08-24,PT0518133,LST0518133,AG02678,LOC0058,Townhouse,3,1.0,3850,7845,1952,1098900.0,2026-07-16,Pending,,,0,177.36,2,No,No,2026-07-16,2026-08-24
UPDATE,2026-08-24T00:00:00,2026-08-24,PT0440248,LST0440248,AG00824,LOC0037,Condo,4,4.5,1295,4079,1938,320700.0,2025-05-16,Active,,,53,299.0,3,Yes,No,2025-05-16,2026-08-24
UPDATE,2026-08-24T00:00:00,2026-08-24,PT0329923,LST0329923,AG00625,LOC0113,Single Family,6,2.0,1663,1439,1926,796100.0,2025-02-25,Pending,,,64,0.0,0,No,No,2025-02-25,2026-08-24
UPDATE,2026-08-24T00:00:00,2026-08-24,PT0234187,LST0234187,AG02748,LOC0250,Single Family,2,4.5,1810,9024,1936,641900.0,2023-05-17,Pending,,,174,0.0,0,No,No,2023-05-17,2026-08-24
UPDATE,2026-08-24T00:00:00,2026-08-24,PT0499591,LST0499591,AG00314,LOC0151,Apartment,2,3.0,641,0,1972,219800.0,2025-06-07,Pending,,,158,623.0,2,No,No,2025-06-07,2026-08-24
UPDATE,2026-08-24T00:00:00,2026-08-24,PT0453097,LST0453097,AG01400,LOC0244,Apartment,2,1.0,1322,0,1920,164600.0,2026-02-27,Active,,,128,303.0,1,No,No,2026-02-27,2026-08-24
UPDATE,2026-08-24T00:00:00,2026-08-24,PT0447650,LST0447650,AG01525,LOC0075,Single Family,4,2.0,2710,2604,1940,976200.0,2023-01-13,Active,,,22,0.0,3,No,Yes,2023-01-13,2026-08-24
UPDATE,2026-08-24T00:00:00,2026-08-24,PT0253176,LST0253176,AG01112,LOC0158,Apartment,3,1.5,1298,0,1957,235200.0,2024-09-16,Active,,,148,343.0,0,No,No,2024-09-16,2026-08-24
UPDATE,2026-08-24T00:00:00,2026-08-24,PT0526827,LST0526827,AG00754,LOC0182,Single Family,5,2.0,896,6754,2006,217000.0,2026-07-24,Sold,202560.35,2026-08-24,31,0.0,3,No,Yes,2026-07-24,2026-08-24
UPDATE,2026-08-24T00:00:00,2026-08-24,PT0312158,LST0312158,AG01392,LOC0117,Single Family,4,3.0,2203,7175,2022,554700.0,2024-01-15,Active,,,15,0.0,3,No,Yes,2024-01-15,2026-08-24
UPDATE,2026-08-24T00:00:00,2026-08-24,PT0400145,LST0400145,AG00005,LOC0005,Multi-Family,5,2.5,3477,10402,1972,1283500.0,2024-07-15,Pending,,,158,0.0,3,Yes,No,2024-07-15,2026-08-24
UPDATE,2026-08-24T00:00:00,2026-08-24,PT0038984,LST0038984,AG00582,LOC0154,Condo,4,3.0,1911,4172,2011,335600.0,2026-04-11,Active,,,48,455.0,3,No,No,2026-04-11,2026-08-24
UPDATE,2026-08-24T00:00:00,2026-08-24,PT0424256,LST0424256,AG02211,LOC0065,Single Family,2,4.0,930,7458,2002,130200.0,2023-09-03,Active,,,156,0.0,0,No,Yes,2023-09-03,2026-08-24
UPDATE,2026-08-24T00:00:00,2026-08-24,PT0332644,LST0332644,AG02405,LOC0182,Single Family,1,2.5,2574,6351,2007,479000.0,2024-02-02,Pending,,,158,0.0,3,Yes,No,2024-02-02,2026-08-24
UPDATE,2026-08-24T00:00:00,2026-08-24,PT0119817,LST0119817,AG00771,LOC0007,Townhouse,4,1.5,2060,3763,1914,755000.0,2024-08-17,Sold,710437.11,2026-08-24,737,714.0,0,Yes,No,2024-08-17,2026-08-24
UPDATE,2026-08-24T00:00:00,2026-08-24,PT0373554,LST0373554,AG02213,LOC0114,Condo,1,3.0,1237,3046,1979,199800.0,2026-05-04,Active,,,95,59.0,2,No,No,2026-05-04,2026-08-24
UPDATE,2026-08-24T00:00:00,2026-08-24,PT0373300,LST0373300,AG00438,LOC0130,Condo,2,4.5,2341,3430,1946,405700.0,2023-08-02,Pending,,,132,199.0,1,No,No,2023-08-02,2026-08-24
UPDATE,2026-08-24T00:00:00,2026-08-24,PT0281233,LST0281233,AG02523,LOC0009,Single Family,2,1.5,769,4912,1939,117800.0,2024-06-04,Active,,,46,0.0,3,No,No,2024-06-04,2026-08-24
UPDATE,2026-08-24T00:00:00,2026-08-24,PT0465508,LST0465508,AG00894,LOC0155,Single Family,2,3.0,1297,3813,1907,309800.0,2024-06-20,Sold,297605.08,2026-08-24,795,0.0,1,No,Yes,2024-06-20,2026-08-24
UPDATE,2026-08-24T00:00:00,2026-08-24,PT0410208,LST0410208,AG01972,LOC0082,Townhouse,2,2.5,2156,8618,2025,463600.0,2025-01-08,Sold,449936.43,2026-08-24,593,627.0,1,No,No,2025-01-08,2026-08-24
UPDATE,2026-08-24T00:00:00,2026-08-24,PT0258609,LST0258609,AG01138,LOC0244,Land,0,0.0,6644,2574,1983,901300.0,2025-07-30,Pending,,,28,0.0,0,No,No,2025-07-30,2026-08-24
UPDATE,2026-08-24T00:00:00,2026-08-24,PT0445960,LST0445960,AG01259,LOC0205,Townhouse,5,1.5,1464,8537,1953,411100.0,2025-07-27,Active,,,177,721.0,0,Yes,No,2025-07-27,2026-08-24
UPDATE,2026-08-24T00:00:00,2026-08-24,PT0092455,LST0092455,AG01178,LOC0228,Single Family,5,2.0,2202,6126,2010,1065900.0,2023-04-05,Active,,,101,0.0,2,Yes,Yes,2023-04-05,2026-08-24
UPDATE,2026-08-24T00:00:00,2026-08-24,PT0260439,LST0260439,AG02392,LOC0049,Condo,4,3.0,399,8845,1981,80600.0,2025-12-30,Active,,,128,462.0,2,No,No,2025-12-30,2026-08-24
UPDATE,2026-08-24T00:00:00,2026-08-24,PT0552775,LST0552775,AG01186,LOC0093,Single Family,2,3.0,1439,7169,1976,377200.0,2026-08-16,Active,,,0,0.0,3,No,Yes,2026-08-16,2026-08-24
UPDATE,2026-08-24T00:00:00,2026-08-24,PT0294318,LST0294318,AG02919,LOC0059,Single Family,1,3.0,632,20848,1941,100300.0,2026-03-06,Active,,,46,0.0,2,No,No,2026-03-06,2026-08-24
UPDATE,2026-08-24T00:00:00,2026-08-24,PT0507247,LST0507247,AG02760,LOC0087,Apartment,5,2.5,1065,0,1948,320700.0,2026-07-06,Active,,,0,248.85,2,No,No,2026-07-06,2026-08-24
UPDATE,2026-08-24T00:00:00,2026-08-24,PT0416829,LST0416829,AG02550,LOC0226,Condo,2,4.5,3071,3248,1927,1156400.0,2025-08-14,Sold,1110751.99,2026-08-24,375,385.0,2,No,No,2025-08-14,2026-08-24
UPDATE,2026-08-24T00:00:00,2026-08-24,PT0523718,LST0523718,AG01912,LOC0045,Single Family,1,1.0,1988,1788,1995,801700.0,2026-07-21,Active,,,0,0.0,2,No,No,2026-07-21,2026-08-24
UPDATE,2026-08-24T00:00:00,2026-08-24,PT0321531,LST0321531,AG01919,LOC0082,Multi-Family,1,2.0,5055,1799,1916,220100.0,2024-11-30,Pending,,,82,0.0,0,No,No,2024-11-30,2026-08-24
UPDATE,2026-08-24T00:00:00,2026-08-24,PT0269885,LST0269885,AG02887,LOC0089,Apartment,5,1.5,1555,0,2006,893200.0,2023-12-14,Sold,854823.09,2026-08-24,984,620.0,3,No,No,2023-12-14,2026-08-24
UPDATE,2026-08-24T00:00:00,2026-08-24,PT0502124,LST0502124,AG01191,LOC0144,Condo,4,4.5,2318,7155,2016,780600.0,2026-07-02,Pending,,,0,102.88,0,No,No,2026-07-02,2026-08-24
UPDATE,2026-08-24T00:00:00,2026-08-24,PT0292821,LST0292821,AG02234,LOC0215,Condo,2,1.5,2645,5038,1938,1257300.0,2026-05-11,Pending,,,83,718.0,0,No,No,2026-05-11,2026-08-24
UPDATE,2026-08-24T00:00:00,2026-08-24,PT0431373,LST0431373,AG00039,LOC0225,Single Family,6,2.0,1931,1335,2009,812500.0,2023-12-04,Pending,,,165,0.0,1,No,No,2023-12-04,2026-08-24
UPDATE,2026-08-24T00:00:00,2026-08-24,PT0434763,LST0434763,AG02250,LOC0067,Single Family,6,1.5,1508,1402,1979,391200.0,2024-06-04,Pending,,,73,0.0,1,Yes,No,2024-06-04,2026-08-24
UPDATE,2026-08-24T00:00:00,2026-08-24,PT0350903,LST0350903,AG00846,LOC0148,Single Family,3,3.0,1246,6041,1913,270500.0,2023-01-29,Sold,255172.34,2026-08-24,1303,0.0,3,No,No,2023-01-29,2026-08-24
UPDATE,2026-08-24T00:00:00,2026-08-24,PT0302107,LST0302107,AG01714,LOC0193,Multi-Family,3,4.0,2957,7966,1961,908200.0,2023-11-26,Pending,,,125,0.0,1,No,Yes,2023-11-26,2026-08-24
UPDATE,2026-08-24T00:00:00,2026-08-24,PT0121079,LST0121079,AG02880,LOC0085,Single Family,3,4.5,1079,8359,1949,334400.0,2024-08-11,Pending,,,44,0.0,0,No,Yes,2024-08-11,2026-08-24
UPDATE,2026-08-24T00:00:00,2026-08-24,PT0339174,LST0339174,AG02159,LOC0150,Condo,4,3.5,1654,2086,2015,506100.0,2023-05-03,Pending,,,115,116.0,1,No,No,2023-05-03,2026-08-24
UPDATE,2026-08-24T00:00:00,2026-08-24,PT0202848,LST0202848,AG00541,LOC0184,Single Family,4,2.0,1464,8547,1987,507100.0,2026-06-10,Pending,,,21,0.0,2,Yes,Yes,2026-06-10,2026-08-24
UPDATE,2026-08-24T00:00:00,2026-08-24,PT0341338,LST0341338,AG01400,LOC0023,Single Family,4,2.5,2814,2569,1911,1193800.0,2025-07-23,Active,,,136,0.0,2,No,No,2025-07-23,2026-08-24
UPDATE,2026-08-24T00:00:00,2026-08-24,PT0178960,LST0178960,AG01952,LOC0185,Land,0,0.0,10288,2552,1993,7306700.0,2025-01-21,Active,,,68,0.0,0,No,No,2025-01-21,2026-08-24
UPDATE,2026-08-24T00:00:00,2026-08-24,PT0523979,LST0523979,AG01956,LOC0158,Single Family,2,3.5,1711,14365,1987,715900.0,2026-07-21,Pending,,,0,0.0,1,No,Yes,2026-07-21,2026-08-24
UPDATE,2026-08-24T00:00:00,2026-08-24,PT0438769,LST0438769,AG00172,LOC0128,Multi-Family,1,1.0,3151,4313,1921,602100.0,2025-09-13,Sold,580538.55,2026-08-24,345,0.0,1,No,Yes,2025-09-13,2026-08-24
UPDATE,2026-08-24T00:00:00,2026-08-24,PT0470423,LST0470423,AG01816,LOC0161,Land,0,0.0,9085,6366,1959,2998900.0,2023-09-11,Pending,,,111,0.0,0,No,No,2023-09-11,2026-08-24
UPDATE,2026-08-24T00:00:00,2026-08-24,PT0033279,LST0033279,AG02709,LOC0190,Single Family,1,4.0,1867,7260,1919,448600.0,2025-01-06,Pending,,,72,0.0,0,No,Yes,2025-01-06,2026-08-24
UPDATE,2026-08-24T00:00:00,2026-08-24,PT0032328,LST0032328,AG01984,LOC0185,Townhouse,1,1.5,617,2401,1902,301700.0,2024-11-23,Active,,,179,248.0,3,No,No,2024-11-23,2026-08-24
UPDATE,2026-08-24T00:00:00,2026-08-24,PT0221920,LST0221920,AG02501,LOC0013,Multi-Family,1,1.0,2305,2315,1972,358700.0,2023-10-28,Pending,,,58,0.0,2,Yes,No,2023-10-28,2026-08-24
UPDATE,2026-08-24T00:00:00,2026-08-24,PT0401017,LST0401017,AG00105,LOC0098,Condo,3,3.5,1634,8884,1982,559600.0,2026-05-04,Active,,,81,322.0,1,Yes,No,2026-05-04,2026-08-24
UPDATE,2026-08-24T00:00:00,2026-08-24,PT0088966,LST0088966,AG01766,LOC0013,Townhouse,3,1.5,1791,3238,1990,438900.0,2024-09-22,Pending,,,119,78.0,1,No,No,2024-09-22,2026-08-24
UPDATE,2026-08-24T00:00:00,2026-08-24,PT0197406,LST0197406,AG02861,LOC0217,Single Family,1,1.0,761,3644,1950,133300.0,2025-09-15,Active,,,124,0.0,2,Yes,Yes,2025-09-15,2026-08-24
UPDATE,2026-08-24T00:00:00,2026-08-24,PT0540118,LST0540118,AG02636,LOC0205,Townhouse,1,3.5,1834,2021,1997,479800.0,2026-08-04,Active,,,0,315.28,2,No,No,2026-08-04,2026-08-24
UPDATE,2026-08-24T00:00:00,2026-08-24,PT0187487,LST0187487,AG02109,LOC0194,Single Family,5,4.5,771,9976,1901,476400.0,2025-06-04,Sold,437707.56,2026-08-24,446,0.0,1,No,Yes,2025-06-04,2026-08-24
UPDATE,2026-08-24T00:00:00,2026-08-24,PT0034007,LST0034007,AG01725,LOC0051,Single Family,6,1.5,1252,2501,1921,223400.0,2026-05-06,Pending,,,32,0.0,3,No,No,2026-05-06,2026-08-24
UPDATE,2026-08-24T00:00:00,2026-08-24,PT0306809,LST0306809,AG01871,LOC0160,Apartment,5,3.5,1603,0,1915,185500.0,2023-06-16,Active,,,0,514.0,1,No,No,2023-06-16,2026-08-24
UPDATE,2026-08-24T00:00:00,2026-08-24,PT0350802,LST0350802,AG01333,LOC0126,Single Family,2,1.0,2628,5185,2000,1108400.0,2024-06-27,Pending,,,20,0.0,1,No,No,2024-06-27,2026-08-24
UPDATE,2026-08-24T00:00:00,2026-08-24,PT0262666,LST0262666,AG02031,LOC0131,Multi-Family,6,1.5,4812,1380,1905,923400.0,2024-11-12,Active,,,36,0.0,1,No,Yes,2024-11-12,2026-08-24
UPDATE,2026-08-24T00:00:00,2026-08-24,PT0122323,LST0122323,AG00286,LOC0007,Single Family,3,3.5,2725,12912,1993,705500.0,2025-02-28,Pending,,,3,0.0,0,No,Yes,2025-02-28,2026-08-24
UPDATE,2026-08-24T00:00:00,2026-08-24,PT0153740,LST0153740,AG00400,LOC0223,Single Family,6,3.5,2538,2645,1986,1473900.0,2023-03-23,Active,,,111,0.0,2,Yes,No,2023-03-23,2026-08-24
UPDATE,2026-08-24T00:00:00,2026-08-24,PT0226249,LST0226249,AG02780,LOC0110,Condo,2,3.0,2911,5718,2023,724900.0,2023-05-30,Active,,,9,617.0,0,No,No,2023-05-30,2026-08-24
UPDATE,2026-08-24T00:00:00,2026-08-24,PT0109995,LST0109995,AG00024,LOC0167,Single Family,1,3.0,1932,2006,1969,527500.0,2024-04-09,Active,,,76,0.0,0,No,Yes,2024-04-09,2026-08-24
UPDATE,2026-08-24T00:00:00,2026-08-24,PT0347587,LST0347587,AG02763,LOC0187,Townhouse,2,4.5,2191,1543,2022,1134300.0,2023-12-12,Pending,,,118,192.0,3,No,No,2023-12-12,2026-08-24
UPDATE,2026-08-24T00:00:00,2026-08-24,PT0529077,LST0529077,AG01172,LOC0043,Single Family,6,3.5,1266,2909,1911,288300.0,2026-07-26,Active,,,0,0.0,0,No,Yes,2026-07-26,2026-08-24
UPDATE,2026-08-24T00:00:00,2026-08-24,PT0033717,LST0033717,AG00311,LOC0191,Single Family,2,1.0,2231,5106,1901,771800.0,2024-09-13,Pending,,,161,0.0,2,Yes,No,2024-09-13,2026-08-24
UPDATE,2026-08-24T00:00:00,2026-08-24,PT0044599,LST0044599,AG02786,LOC0011,Single Family,6,2.0,3059,1086,2013,1101700.0,2024-12-09,Pending,,,161,0.0,2,No,No,2024-12-09,2026-08-24
UPDATE,2026-08-24T00:00:00,2026-08-24,PT0190137,LST0190137,AG01039,LOC0151,Single Family,5,3.5,1600,4556,2017,360500.0,2026-04-04,Active,,,58,0.0,0,Yes,Yes,2026-04-04,2026-08-24
UPDATE,2026-08-24T00:00:00,2026-08-24,PT0456809,LST0456809,AG02054,LOC0014,Condo,3,3.5,2816,3044,1948,436400.0,2024-09-06,Pending,,,80,650.0,2,No,No,2024-09-06,2026-08-24
UPDATE,2026-08-24T00:00:00,2026-08-24,PT0126789,LST0126789,AG02976,LOC0146,Condo,1,4.5,1182,1502,1933,151000.0,2025-12-11,Pending,,,49,162.0,3,No,No,2025-12-11,2026-08-24
UPDATE,2026-08-24T00:00:00,2026-08-24,PT0227616,LST0227616,AG01220,LOC0080,Single Family,3,4.5,1713,8447,1974,636600.0,2025-12-02,Pending,,,15,0.0,2,No,Yes,2025-12-02,2026-08-24
UPDATE,2026-08-24T00:00:00,2026-08-24,PT0455278,LST0455278,AG00052,LOC0100,Condo,2,1.0,1699,1804,1959,244800.0,2025-10-08,Sold,234296.73,2026-08-24,320,414.0,1,No,No,2025-10-08,2026-08-24
UPDATE,2026-08-24T00:00:00,2026-08-24,PT0372440,LST0372440,AG01646,LOC0057,Single Family,6,4.5,1963,1544,2014,1221200.0,2024-07-26,Pending,,,6,0.0,0,No,No,2024-07-26,2026-08-24
UPDATE,2026-08-24T00:00:00,2026-08-24,PT0263891,LST0263891,AG01218,LOC0173,Single Family,2,3.5,2795,4679,1934,756400.0,2024-12-27,Active,,,98,0.0,0,No,Yes,2024-12-27,2026-08-24
UPDATE,2026-08-24T00:00:00,2026-08-24,PT0346562,LST0346562,AG01576,LOC0160,Land,0,0.0,7594,4559,1955,1517600.0,2026-01-16,Pending,,,21,0.0,0,No,No,2026-01-16,2026-08-24
UPDATE,2026-08-24T00:00:00,2026-08-24,PT0450222,LST0450222,AG01545,LOC0106,Single Family,3,4.5,1712,33551,1907,694100.0,2024-12-31,Pending,,,177,0.0,2,No,Yes,2024-12-31,2026-08-24
UPDATE,2026-08-24T00:00:00,2026-08-24,PT0497636,LST0497636,AG00116,LOC0208,Single Family,6,2.0,2573,3828,1983,403800.0,2025-06-28,Sold,400666.17,2026-08-24,422,0.0,1,No,No,2025-06-28,2026-08-24
UPDATE,2026-08-24T00:00:00,2026-08-24,PT0303379,LST0303379,AG01604,LOC0116,Condo,3,2.0,1474,4436,1953,499800.0,2024-01-24,Pending,,,77,227.0,1,Yes,No,2024-01-24,2026-08-24
UPDATE,2026-08-24T00:00:00,2026-08-24,PT0277747,LST0277747,AG00049,LOC0091,Single Family,6,2.5,300,2931,1932,68400.0,2024-10-16,Pending,,,179,0.0,1,No,Yes,2024-10-16,2026-08-24
UPDATE,2026-08-24T00:00:00,2026-08-24,PT0062891,LST0062891,AG01684,LOC0193,Condo,1,1.0,1496,1403,1933,703900.0,2024-11-05,Pending,,,82,350.0,2,Yes,No,2024-11-05,2026-08-24
UPDATE,2026-08-24T00:00:00,2026-08-24,PT0289794,LST0289794,AG01909,LOC0144,Condo,3,3.5,3017,1146,1970,562600.0,2024-12-26,Active,,,62,278.0,0,No,No,2024-12-26,2026-08-24
UPDATE,2026-08-24T00:00:00,2026-08-24,PT0527948,LST0527948,AG00474,LOC0212,Single Family,3,4.0,2317,3026,1989,878100.0,2026-07-25,Sold,795964.17,2026-08-24,30,0.0,2,No,No,2026-07-25,2026-08-24
UPDATE,2026-08-24T00:00:00,2026-08-24,PT0060993,LST0060993,AG01065,LOC0181,Land,0,0.0,3815,4600,1932,1317100.0,2025-03-25,Pending,,,106,0.0,0,No,No,2025-03-25,2026-08-24
UPDATE,2026-08-24T00:00:00,2026-08-24,PT0373246,LST0373246,AG00978,LOC0191,Single Family,1,4.5,1637,2022,2011,827600.0,2024-03-01,Pending,,,97,0.0,1,Yes,No,2024-03-01,2026-08-24
UPDATE,2026-08-24T00:00:00,2026-08-24,PT0370002,LST0370002,AG01929,LOC0172,Single Family,6,4.5,2408,10771,2015,774300.0,2026-04-04,Sold,751509.39,2026-08-24,142,0.0,3,No,No,2026-04-04,2026-08-24
UPDATE,2026-08-24T00:00:00,2026-08-24,PT0322160,LST0322160,AG00407,LOC0112,Land,0,0.0,6732,5549,1903,688300.0,2024-01-16,Active,,,16,0.0,0,No,No,2024-01-16,2026-08-24
UPDATE,2026-08-24T00:00:00,2026-08-24,PT0136108,LST0136108,AG02007,LOC0162,Multi-Family,2,1.0,2527,2185,1934,555100.0,2025-09-02,Sold,539934.6,2026-08-24,356,0.0,3,No,Yes,2025-09-02,2026-08-24
UPDATE,2026-08-24T00:00:00,2026-08-24,PT0345067,LST0345067,AG01764,LOC0160,Single Family,3,1.5,623,3408,2022,209600.0,2023-09-16,Sold,198448.81,2026-08-24,1073,0.0,1,No,No,2023-09-16,2026-08-24
UPDATE,2026-08-24T00:00:00,2026-08-24,PT0206844,LST0206844,AG01584,LOC0250,Condo,5,2.0,2589,2722,1982,1319600.0,2025-03-20,Active,,,173,600.0,0,No,No,2025-03-20,2026-08-24
UPDATE,2026-08-24T00:00:00,2026-08-24,PT0088529,LST0088529,AG00603,LOC0116,Townhouse,4,4.5,2013,13990,1914,546900.0,2023-05-19,Pending,,,100,327.0,2,No,No,2023-05-19,2026-08-24
UPDATE,2026-08-24T00:00:00,2026-08-24,PT0105484,LST0105484,AG01878,LOC0204,Townhouse,3,2.0,928,3210,1928,331200.0,2024-07-18,Active,,,52,624.0,1,Yes,No,2024-07-18,2026-08-24
UPDATE,2026-08-24T00:00:00,2026-08-24,PT0083226,LST0083226,AG01828,LOC0146,Single Family,1,4.0,2954,8811,1949,451700.0,2023-05-06,Active,,,7,0.0,2,No,No,2023-05-06,2026-08-24
UPDATE,2026-08-24T00:00:00,2026-08-24,PT0278727,LST0278727,AG02981,LOC0073,Apartment,1,1.0,1003,0,2020,238300.0,2023-08-21,Sold,217332.37,2026-08-24,1099,796.0,3,No,No,2023-08-21,2026-08-24
UPDATE,2026-08-24T00:00:00,2026-08-24,PT0534997,LST0534997,AG02293,LOC0181,Single Family,2,4.5,1534,4797,1924,375200.0,2026-07-31,Sold,384406.72,2026-08-24,24,0.0,2,No,No,2026-07-31,2026-08-24
UPDATE,2026-08-24T00:00:00,2026-08-24,PT0080418,LST0080418,AG00723,LOC0157,Condo,3,3.5,1133,3092,1980,301600.0,2026-05-08,Pending,,,4,332.0,0,No,No,2026-05-08,2026-08-24
UPDATE,2026-08-24T00:00:00,2026-08-24,PT0483227,LST0483227,AG00529,LOC0003,Single Family,6,3.5,1321,1114,1936,236300.0,2023-08-06,Active,,,165,0.0,2,Yes,No,2023-08-06,2026-08-24
UPDATE,2026-08-24T00:00:00,2026-08-24,PT0523908,LST0523908,AG02424,LOC0243,Single Family,3,4.0,379,6193,1990,226900.0,2026-07-21,Active,,,0,0.0,1,No,Yes,2026-07-21,2026-08-24
UPDATE,2026-08-24T00:00:00,2026-08-24,PT0163062,LST0163062,AG00003,LOC0120,Single Family,2,4.5,1049,9848,1938,424100.0,2024-07-10,Sold,418283.35,2026-08-24,775,0.0,0,No,Yes,2024-07-10,2026-08-24
UPDATE,2026-08-24T00:00:00,2026-08-24,PT0016494,LST0016494,AG00358,LOC0166,Condo,5,2.0,1623,3866,2008,544400.0,2024-06-15,Sold,527030.61,2026-08-24,800,524.0,3,No,No,2024-06-15,2026-08-24
UPDATE,2026-08-24T00:00:00,2026-08-24,PT0515562,LST0515562,AG01772,LOC0003,Townhouse,6,3.5,888,4177,1906,182300.0,2026-07-13,Active,,,0,764.28,0,No,No,2026-07-13,2026-08-24
UPDATE,2026-08-24T00:00:00,2026-08-24,PT0128766,LST0128766,AG02406,LOC0038,Single Family,4,1.5,1080,12065,1997,256000.0,2024-12-18,Active,,,129,0.0,0,No,No,2024-12-18,2026-08-24
UPDATE,2026-08-24T00:00:00,2026-08-24,PT0348482,LST0348482,AG01989,LOC0082,Condo,1,1.5,1532,3047,1937,275100.0,2025-01-15,Pending,,,137,476.0,0,No,No,2025-01-15,2026-08-24
UPDATE,2026-08-24T00:00:00,2026-08-24,PT0558152,LST0558152,AG00658,LOC0238,Condo,1,1.5,1556,3893,1953,394500.0,2026-08-21,Active,,,0,249.34,1,No,No,2026-08-21,2026-08-24
UPDATE,2026-08-24T00:00:00,2026-08-24,PT0037316,LST0037316,AG02828,LOC0247,Apartment,5,1.5,617,0,1981,100500.0,2024-05-27,Pending,,,34,633.0,1,No,No,2024-05-27,2026-08-24
UPDATE,2026-08-24T00:00:00,2026-08-24,PT0476033,LST0476033,AG02485,LOC0127,Multi-Family,6,4.0,1848,1471,2003,1270700.0,2025-03-22,Pending,,,161,0.0,2,No,Yes,2025-03-22,2026-08-24
UPDATE,2026-08-24T00:00:00,2026-08-24,PT0551050,LST0551050,AG02700,LOC0016,Single Family,1,3.0,2087,2080,1996,247500.0,2026-08-14,Pending,,,0,0.0,0,No,Yes,2026-08-14,2026-08-24
UPDATE,2026-08-24T00:00:00,2026-08-24,PT0342332,LST0342332,AG01468,LOC0113,Single Family,3,4.5,2053,2321,1920,903200.0,2023-07-19,Pending,,,34,0.0,0,No,No,2023-07-19,2026-08-24
UPDATE,2026-08-24T00:00:00,2026-08-24,PT0168880,LST0168880,AG00767,LOC0030,Single Family,5,1.5,1111,6446,1958,425000.0,2024-07-26,Pending,,,5,0.0,1,No,No,2024-07-26,2026-08-24
UPDATE,2026-08-24T00:00:00,2026-08-24,PT0550191,LST0550191,AG01889,LOC0170,Apartment,5,4.5,1538,0,1904,569500.0,2026-08-13,Active,,,0,175.51,1,No,No,2026-08-13,2026-08-24
UPDATE,2026-08-24T00:00:00,2026-08-24,PT0491394,LST0491394,AG00334,LOC0244,Condo,4,3.5,1786,1595,1959,173600.0,2024-02-14,Pending,,,67,257.0,0,No,No,2024-02-14,2026-08-24
UPDATE,2026-08-24T00:00:00,2026-08-24,PT0500442,LST0500442,AG01674,LOC0067,Single Family,5,4.0,1884,5524,1906,574100.0,2026-07-01,Sold,559043.97,2026-08-24,54,0.0,3,Yes,No,2026-07-01,2026-08-24
UPDATE,2026-08-24T00:00:00,2026-08-24,PT0526471,LST0526471,AG01529,LOC0219,Single Family,3,2.5,3416,3460,1961,2459100.0,2026-07-24,Active,,,0,0.0,2,No,No,2026-07-24,2026-08-24
UPDATE,2026-08-24T00:00:00,2026-08-24,PT0345380,LST0345380,AG00545,LOC0080,Single Family,6,2.0,1277,5239,1995,684800.0,2024-01-13,Active,,,77,0.0,1,No,Yes,2024-01-13,2026-08-24
UPDATE,2026-08-24T00:00:00,2026-08-24,PT0119603,LST0119603,AG02126,LOC0216,Apartment,1,1.0,696,0,1929,160500.0,2025-02-19,Active,,,27,290.0,0,No,No,2025-02-19,2026-08-24
UPDATE,2026-08-24T00:00:00,2026-08-24,PT0559015,LST0559015,AG00754,LOC0110,Single Family,2,3.5,640,1439,1991,98000.0,2026-08-21,Pending,,,0,0.0,2,No,Yes,2026-08-21,2026-08-24
UPDATE,2026-08-24T00:00:00,2026-08-24,PT0110960,LST0110960,AG02055,LOC0070,Single Family,5,4.5,3011,6653,2007,466200.0,2025-10-22,Pending,,,28,0.0,1,No,No,2025-10-22,2026-08-24
UPDATE,2026-08-24T00:00:00,2026-08-24,PT0246708,LST0246708,AG02629,LOC0221,Land,0,0.0,3339,5443,1959,468500.0,2025-01-27,Active,,,159,0.0,0,No,No,2025-01-27,2026-08-24
UPDATE,2026-08-24T00:00:00,2026-08-24,PT0323110,LST0323110,AG01358,LOC0005,Condo,5,2.0,1816,3278,1913,591500.0,2023-02-14,Pending,,,129,572.0,1,No,No,2023-02-14,2026-08-24
UPDATE,2026-08-24T00:00:00,2026-08-24,PT0466222,LST0466222,AG02157,LOC0160,Land,0,0.0,5518,7080,2013,1013900.0,2025-02-14,Pending,,,37,0.0,0,No,No,2025-02-14,2026-08-24
UPDATE,2026-08-24T00:00:00,2026-08-24,PT0534169,LST0534169,AG02744,LOC0122,Land,0,0.0,7259,3201,1930,1720900.0,2026-07-30,Active,,,0,0.0,0,No,No,2026-07-30,2026-08-24
UPDATE,2026-08-24T00:00:00,2026-08-24,PT0090406,LST0090406,AG01912,LOC0196,Single Family,3,3.0,2313,17403,1919,834400.0,2025-05-15,Pending,,,36,0.0,3,No,No,2025-05-15,2026-08-24
UPDATE,2026-08-24T00:00:00,2026-08-24,PT0281705,LST0281705,AG00667,LOC0103,Townhouse,1,4.0,2000,2729,1914,216800.0,2023-04-09,Pending,,,177,476.0,2,No,No,2023-04-09,2026-08-24
UPDATE,2026-08-24T00:00:00,2026-08-24,PT0200228,LST0200228,AG02217,LOC0068,Land,0,0.0,7197,1267,1938,2012700.0,2026-06-11,Active,,,127,0.0,0,No,No,2026-06-11,2026-08-24
UPDATE,2026-08-24T00:00:00,2026-08-24,PT0075943,LST0075943,AG00366,LOC0051,Single Family,2,4.0,2342,12377,1940,303100.0,2025-09-17,Pending,,,148,0.0,3,No,No,2025-09-17,2026-08-24
UPDATE,2026-08-24T00:00:00,2026-08-24,PT0235124,LST0235124,AG01734,LOC0062,Single Family,1,3.0,2425,6301,1988,498300.0,2025-11-06,Pending,,,110,0.0,2,Yes,No,2025-11-06,2026-08-24
UPDATE,2026-08-24T00:00:00,2026-08-24,PT0020399,LST0020399,AG02334,LOC0001,Multi-Family,2,3.5,2619,2155,2011,425600.0,2024-12-25,Sold,413269.44,2026-08-24,607,0.0,2,No,No,2024-12-25,2026-08-24
UPDATE,2026-08-24T00:00:00,2026-08-24,PT0133608,LST0133608,AG00681,LOC0018,Single Family,6,1.0,2313,1551,1907,1032900.0,2023-02-04,Sold,1029275.7,2026-08-24,1297,0.0,3,Yes,Yes,2023-02-04,2026-08-24
UPDATE,2026-08-24T00:00:00,2026-08-24,PT0556120,LST0556120,AG00677,LOC0192,Townhouse,1,1.5,3060,10228,1919,295300.0,2026-08-19,Active,,,0,754.41,1,No,No,2026-08-19,2026-08-24
UPDATE,2026-08-24T00:00:00,2026-08-24,PT0175415,LST0175415,AG00337,LOC0142,Single Family,6,4.0,1541,6438,1954,345700.0,2023-09-03,Active,,,157,0.0,1,No,No,2023-09-03,2026-08-24
UPDATE,2026-08-24T00:00:00,2026-08-24,PT0506001,LST0506001,AG02644,LOC0128,Condo,5,3.0,1083,4974,1956,125600.0,2026-07-05,Active,,,0,609.8,2,Yes,No,2026-07-05,2026-08-24
UPDATE,2026-08-24T00:00:00,2026-08-24,PT0023740,LST0023740,AG02286,LOC0198,Land,0,0.0,7627,1167,2012,750400.0,2025-12-07,Sold,789709.43,2026-08-24,260,0.0,0,No,No,2025-12-07,2026-08-24
UPDATE,2026-08-24T00:00:00,2026-08-24,PT0376448,LST0376448,AG02052,LOC0240,Townhouse,1,2.5,1223,1875,1947,412500.0,2023-03-17,Pending,,,112,581.0,2,No,No,2023-03-17,2026-08-24
UPDATE,2026-08-24T00:00:00,2026-08-24,PT0411638,LST0411638,AG00059,LOC0017,Multi-Family,4,1.5,2017,4641,1927,609100.0,2023-12-23,Pending,,,176,0.0,1,No,No,2023-12-23,2026-08-24
UPDATE,2026-08-24T00:00:00,2026-08-24,PT0158738,LST0158738,AG02149,LOC0187,Townhouse,5,2.0,2509,1023,1942,1545500.0,2025-06-21,Sold,1500215.64,2026-08-24,429,205.0,0,No,No,2025-06-21,2026-08-24
UPDATE,2026-08-24T00:00:00,2026-08-24,PT0414129,LST0414129,AG00706,LOC0097,Condo,1,2.0,2072,1321,2019,517600.0,2023-05-17,Sold,487389.79,2026-08-24,1195,385.0,3,No,No,2023-05-17,2026-08-24
UPDATE,2026-08-24T00:00:00,2026-08-24,PT0176736,LST0176736,AG02416,LOC0115,Single Family,4,3.0,2522,8143,1926,282400.0,2024-04-16,Pending,,,164,0.0,3,Yes,No,2024-04-16,2026-08-24
UPDATE,2026-08-24T00:00:00,2026-08-24,PT0419665,LST0419665,AG00210,LOC0006,Single Family,5,1.0,300,11423,1961,32600.0,2024-02-13,Active,,,55,0.0,3,Yes,No,2024-02-13,2026-08-24
UPDATE,2026-08-24T00:00:00,2026-08-24,PT0532039,LST0532039,AG01488,LOC0076,Single Family,5,1.0,1978,5592,1993,279800.0,2026-07-28,Pending,,,0,0.0,0,No,Yes,2026-07-28,2026-08-24
UPDATE,2026-08-24T00:00:00,2026-08-24,PT0213157,LST0213157,AG00820,LOC0020,Single Family,2,2.0,1480,2144,1981,233500.0,2025-09-30,Sold,233059.54,2026-08-24,328,0.0,0,No,No,2025-09-30,2026-08-24
UPDATE,2026-08-24T00:00:00,2026-08-24,PT0228404,LST0228404,AG01435,LOC0248,Single Family,1,3.5,2057,1493,1992,336500.0,2025-04-05,Active,,,140,0.0,1,Yes,No,2025-04-05,2026-08-24
UPDATE,2026-08-24T00:00:00,2026-08-24,PT0126747,LST0126747,AG00794,LOC0164,Apartment,6,1.5,1599,0,1937,500700.0,2023-07-21,Active,,,141,685.0,2,No,No,2023-07-21,2026-08-24
UPDATE,2026-08-24T00:00:00,2026-08-24,PT0244067,LST0244067,AG02662,LOC0039,Apartment,2,3.5,413,0,1944,172100.0,2023-10-21,Pending,,,117,67.0,3,No,No,2023-10-21,2026-08-24
UPDATE,2026-08-24T00:00:00,2026-08-24,PT0146625,LST0146625,AG02025,LOC0088,Single Family,5,2.0,3226,1744,1973,498700.0,2023-07-09,Active,,,26,0.0,1,No,Yes,2023-07-09,2026-08-24
UPDATE,2026-08-24T00:00:00,2026-08-24,PT0527961,LST0527961,AG02999,LOC0196,Condo,1,3.0,524,3320,1901,249500.0,2026-07-25,Sold,214555.28,2026-08-24,30,608.31,0,No,No,2026-07-25,2026-08-24
UPDATE,2026-08-24T00:00:00,2026-08-24,PT0429534,LST0429534,AG01167,LOC0185,Condo,6,3.5,1883,3578,2010,701200.0,2025-01-20,Sold,673527.78,2026-08-24,581,564.0,1,No,No,2025-01-20,2026-08-24
UPDATE,2026-08-24T00:00:00,2026-08-24,PT0327986,LST0327986,AG02709,LOC0181,Condo,2,1.0,1349,6593,1960,405000.0,2023-05-16,Active,,,26,270.0,1,No,No,2023-05-16,2026-08-24
UPDATE,2026-08-24T00:00:00,2026-08-24,PT0413592,LST0413592,AG00530,LOC0137,Condo,4,3.0,1998,3024,1900,561100.0,2023-08-31,Pending,,,17,394.0,3,No,No,2023-08-31,2026-08-24
UPDATE,2026-08-24T00:00:00,2026-08-24,PT0384729,LST0384729,AG02089,LOC0117,Condo,3,2.0,1813,4194,2019,517600.0,2025-12-27,Active,,,165,489.0,2,No,No,2025-12-27,2026-08-24
UPDATE,2026-08-24T00:00:00,2026-08-24,PT0273177,LST0273177,AG02232,LOC0227,Single Family,6,3.0,1544,1018,2011,389200.0,2023-07-16,Active,,,126,0.0,2,Yes,Yes,2023-07-16,2026-08-24
UPDATE,2026-08-24T00:00:00,2026-08-24,PT0374851,LST0374851,AG02637,LOC0052,Single Family,3,4.0,741,8585,1902,96900.0,2025-03-24,Active,,,109,0.0,1,No,Yes,2025-03-24,2026-08-24
UPDATE,2026-08-24T00:00:00,2026-08-24,PT0097106,LST0097106,AG02553,LOC0248,Single Family,6,3.0,1925,15541,2001,311400.0,2025-06-30,Sold,307504.41,2026-08-24,420,0.0,3,No,No,2025-06-30,2026-08-24
UPDATE,2026-08-24T00:00:00,2026-08-24,PT0520379,LST0520379,AG00274,LOC0141,Apartment,4,2.5,669,0,2010,237100.0,2026-07-18,Pending,,,0,442.63,2,Yes,No,2026-07-18,2026-08-24
UPDATE,2026-08-24T00:00:00,2026-08-24,PT0174118,LST0174118,AG02706,LOC0096,Single Family,2,3.0,2044,6331,1904,627700.0,2025-04-10,Pending,,,14,0.0,1,No,No,2025-04-10,2026-08-24
UPDATE,2026-08-24T00:00:00,2026-08-24,PT0401527,LST0401527,AG02038,LOC0236,Condo,6,2.0,939,17879,2019,84200.0,2024-02-29,Pending,,,164,690.0,1,No,No,2024-02-29,2026-08-24
UPDATE,2026-08-24T00:00:00,2026-08-24,PT0554723,LST0554723,AG01273,LOC0133,Single Family,2,4.0,1802,1202,1956,185800.0,2026-08-18,Sold,161613.26,2026-08-24,6,0.0,2,No,Yes,2026-08-18,2026-08-24
UPDATE,2026-08-24T00:00:00,2026-08-24,PT0390380,LST0390380,AG02708,LOC0193,Single Family,6,2.0,1002,3452,1934,388900.0,2025-02-19,Active,,,65,0.0,0,No,Yes,2025-02-19,2026-08-24
UPDATE,2026-08-24T00:00:00,2026-08-24,PT0042364,LST0042364,AG00052,LOC0214,Apartment,4,3.5,1367,0,1953,500300.0,2026-03-15,Pending,,,111,297.0,3,No,No,2026-03-15,2026-08-24
UPDATE,2026-08-24T00:00:00,2026-08-24,PT0500193,LST0500193,AG02974,LOC0191,Single Family,1,3.0,1704,2641,2021,654100.0,2026-07-01,Active,,,0,0.0,1,No,No,2026-07-01,2026-08-24
UPDATE,2026-08-24T00:00:00,2026-08-24,PT0273521,LST0273521,AG00508,LOC0173,Single Family,3,2.0,1787,5436,1921,839600.0,2026-04-09,Pending,,,164,0.0,0,No,No,2026-04-09,2026-08-24
UPDATE,2026-08-24T00:00:00,2026-08-24,PT0351789,LST0351789,AG00262,LOC0061,Apartment,6,3.0,1094,0,1958,92300.0,2025-01-05,Pending,,,103,432.0,1,No,No,2025-01-05,2026-08-24
UPDATE,2026-08-24T00:00:00,2026-08-24,PT0222494,LST0222494,AG02572,LOC0049,Single Family,5,4.5,2110,4747,1950,748300.0,2024-12-09,Active,,,50,0.0,0,No,No,2024-12-09,2026-08-24
UPDATE,2026-08-24T00:00:00,2026-08-24,PT0120120,LST0120120,AG02494,LOC0223,Apartment,5,4.5,870,0,1967,545500.0,2023-07-14,Pending,,,43,659.0,3,No,No,2023-07-14,2026-08-24
UPDATE,2026-08-24T00:00:00,2026-08-24,PT0419397,LST0419397,AG00437,LOC0157,Townhouse,2,2.5,2566,23557,1973,814300.0,2023-09-05,Active,,,134,81.0,2,No,No,2023-09-05,2026-08-24
UPDATE,2026-08-24T00:00:00,2026-08-24,PT0446266,LST0446266,AG00879,LOC0138,Condo,3,4.5,1706,2936,1923,537900.0,2025-11-29,Active,,,105,357.0,1,No,No,2025-11-29,2026-08-24
UPDATE,2026-08-24T00:00:00,2026-08-24,PT0487418,LST0487418,AG02117,LOC0131,Single Family,1,1.5,3041,6992,1956,474900.0,2023-05-11,Pending,,,53,0.0,1,No,Yes,2023-05-11,2026-08-24
UPDATE,2026-08-24T00:00:00,2026-08-24,PT0381469,LST0381469,AG02006,LOC0085,Condo,3,3.0,3257,2807,1995,475900.0,2025-05-15,Active,,,87,123.0,0,No,No,2025-05-15,2026-08-24
UPDATE,2026-08-24T00:00:00,2026-08-24,PT0481114,LST0481114,AG01180,LOC0022,Single Family,1,2.5,2358,3104,1972,731300.0,2023-05-13,Sold,621799.41,2026-08-24,1199,0.0,1,No,No,2023-05-13,2026-08-24
UPDATE,2026-08-24T00:00:00,2026-08-24,PT0170224,LST0170224,AG01801,LOC0125,Multi-Family,2,4.5,4224,1995,1974,814000.0,2025-04-18,Pending,,,50,0.0,1,No,Yes,2025-04-18,2026-08-24
UPDATE,2026-08-24T00:00:00,2026-08-24,PT0363636,LST0363636,AG01205,LOC0023,Single Family,1,1.0,1509,2997,1949,375400.0,2023-05-06,Pending,,,22,0.0,2,No,Yes,2023-05-06,2026-08-24
UPDATE,2026-08-24T00:00:00,2026-08-24,PT0515916,LST0515916,AG02861,LOC0072,Townhouse,1,4.0,1399,2626,1989,144900.0,2026-07-14,Pending,,,0,773.12,3,No,No,2026-07-14,2026-08-24
UPDATE,2026-08-24T00:00:00,2026-08-24,PT0498934,LST0498934,AG02170,LOC0197,Multi-Family,5,2.5,3009,2393,1998,822800.0,2023-06-26,Active,,,141,0.0,2,No,No,2023-06-26,2026-08-24
UPDATE,2026-08-24T00:00:00,2026-08-24,PT0150125,LST0150125,AG02417,LOC0068,Single Family,2,1.0,1405,2073,1925,262100.0,2024-03-26,Sold,240583.62,2026-08-24,881,0.0,3,No,No,2024-03-26,2026-08-24
UPDATE,2026-08-24T00:00:00,2026-08-24,PT0480806,LST0480806,AG02337,LOC0057,Single Family,6,4.0,1639,3021,1977,903200.0,2025-01-16,Pending,,,153,0.0,2,No,Yes,2025-01-16,2026-08-24
UPDATE,2026-08-24T00:00:00,2026-08-24,PT0240239,LST0240239,AG00173,LOC0100,Condo,1,4.5,1507,8935,2022,226700.0,2023-07-25,Pending,,,110,259.0,2,No,No,2023-07-25,2026-08-24
UPDATE,2026-08-24T00:00:00,2026-08-24,PT0262269,LST0262269,AG02646,LOC0222,Single Family,2,2.0,1592,5223,1910,196700.0,2023-07-25,Active,,,159,0.0,1,No,No,2023-07-25,2026-08-24
UPDATE,2026-08-24T00:00:00,2026-08-24,PT0534474,LST0534474,AG01563,LOC0180,Land,0,0.0,3785,3416,1981,439700.0,2026-07-30,Pending,,,0,0.0,0,No,No,2026-07-30,2026-08-24
UPDATE,2026-08-24T00:00:00,2026-08-24,PT0231290,LST0231290,AG02793,LOC0009,Single Family,5,3.5,2721,3996,1952,736000.0,2024-01-23,Sold,646971.92,2026-08-24,944,0.0,2,No,Yes,2024-01-23,2026-08-24
UPDATE,2026-08-24T00:00:00,2026-08-24,PT0272947,LST0272947,AG00231,LOC0239,Multi-Family,6,1.5,3637,16672,2019,277300.0,2023-09-11,Sold,277762.53,2026-08-24,1078,0.0,0,No,Yes,2023-09-11,2026-08-24
UPDATE,2026-08-24T00:00:00,2026-08-24,PT0548225,LST0548225,AG00939,LOC0003,Condo,1,4.0,2076,5964,2023,289200.0,2026-08-12,Active,,,0,208.67,2,No,No,2026-08-12,2026-08-24
UPDATE,2026-08-24T00:00:00,2026-08-24,PT0019201,LST0019201,AG00056,LOC0156,Multi-Family,4,2.5,1500,1051,1991,795400.0,2025-01-21,Active,,,113,0.0,1,No,No,2025-01-21,2026-08-24
UPDATE,2026-08-24T00:00:00,2026-08-24,PT0120582,LST0120582,AG02953,LOC0237,Condo,6,4.5,1200,1358,1924,204900.0,2024-10-29,Pending,,,126,562.0,1,No,No,2024-10-29,2026-08-24
UPDATE,2026-08-24T00:00:00,2026-08-24,PT0146452,LST0146452,AG01595,LOC0204,Single Family,2,1.5,1449,1315,1925,286000.0,2023-05-29,Sold,294711.9,2026-08-24,1183,0.0,1,No,Yes,2023-05-29,2026-08-24
UPDATE,2026-08-24T00:00:00,2026-08-24,PT0506918,LST0506918,AG01357,LOC0212,Single Family,5,2.0,1049,3332,1926,283100.0,2026-07-06,Sold,272343.84,2026-08-24,49,0.0,1,No,Yes,2026-07-06,2026-08-24
UPDATE,2026-08-24T00:00:00,2026-08-24,PT0282152,LST0282152,AG01785,LOC0133,Single Family,2,4.5,1814,3950,1918,274500.0,2024-08-20,Sold,244605.86,2026-08-24,734,0.0,0,Yes,Yes,2024-08-20,2026-08-24
UPDATE,2026-08-24T00:00:00,2026-08-24,PT0073417,LST0073417,AG01146,LOC0061,Apartment,3,4.5,1515,0,1947,187200.0,2024-01-13,Active,,,157,287.0,3,No,No,2024-01-13,2026-08-24
UPDATE,2026-08-24T00:00:00,2026-08-24,PT0088676,LST0088676,AG02534,LOC0014,Townhouse,3,3.5,300,2403,1944,93000.0,2024-10-19,Active,,,144,681.0,0,No,No,2024-10-19,2026-08-24
UPDATE,2026-08-24T00:00:00,2026-08-24,PT0016838,LST0016838,AG02467,LOC0026,Single Family,1,1.0,1892,4520,1915,482200.0,2024-02-26,Active,,,3,0.0,2,No,No,2024-02-26,2026-08-24
UPDATE,2026-08-24T00:00:00,2026-08-24,PT0236794,LST0236794,AG00319,LOC0227,Condo,1,4.5,1914,13718,1940,632700.0,2023-10-12,Active,,,168,715.0,3,Yes,No,2023-10-12,2026-08-24
UPDATE,2026-08-24T00:00:00,2026-08-24,PT0501635,LST0501635,AG01518,LOC0004,Single Family,4,2.0,1691,3587,1936,274000.0,2026-07-02,Pending,,,0,0.0,3,No,No,2026-07-02,2026-08-24
UPDATE,2026-08-24T00:00:00,2026-08-24,PT0223844,LST0223844,AG00487,LOC0063,Townhouse,3,2.0,1895,5755,1934,443600.0,2025-12-22,Sold,462763.64,2026-08-24,245,660.0,1,No,No,2025-12-22,2026-08-24
UPDATE,2026-08-24T00:00:00,2026-08-24,PT0127331,LST0127331,AG00024,LOC0082,Single Family,3,1.5,344,9200,2019,50400.0,2024-05-25,Pending,,,168,0.0,2,No,Yes,2024-05-25,2026-08-24
UPDATE,2026-08-24T00:00:00,2026-08-24,PT0342569,LST0342569,AG00876,LOC0112,Single Family,4,4.5,1313,1950,1952,66800.0,2023-03-16,Sold,61321.85,2026-08-24,1257,0.0,0,No,No,2023-03-16,2026-08-24
UPDATE,2026-08-24T00:00:00,2026-08-24,PT0247441,LST0247441,AG01252,LOC0155,Single Family,6,4.5,370,9751,2016,81300.0,2024-02-10,Pending,,,171,0.0,3,No,No,2024-02-10,2026-08-24
UPDATE,2026-08-24T00:00:00,2026-08-24,PT0257062,LST0257062,AG02802,LOC0248,Single Family,5,2.5,3458,3387,1971,919700.0,2023-08-14,Active,,,50,0.0,0,Yes,No,2023-08-14,2026-08-24
UPDATE,2026-08-24T00:00:00,2026-08-24,PT0093496,LST0093496,AG02406,LOC0030,Land,0,0.0,7419,2176,2012,3054400.0,2024-01-30,Pending,,,154,0.0,0,No,No,2024-01-30,2026-08-24
UPDATE,2026-08-24T00:00:00,2026-08-24,PT0378312,LST0378312,AG01557,LOC0187,Condo,2,3.5,3305,7013,1954,1335300.0,2026-04-07,Sold,1216183.5,2026-08-24,139,582.0,3,No,No,2026-04-07,2026-08-24
UPDATE,2026-08-24T00:00:00,2026-08-24,PT0528040,LST0528040,AG02464,LOC0215,Condo,5,4.0,3437,2624,2011,1047200.0,2026-07-25,Pending,,,0,75.81,0,No,No,2026-07-25,2026-08-24
UPDATE,2026-08-24T00:00:00,2026-08-24,PT0242224,LST0242224,AG00998,LOC0063,Single Family,5,2.0,2077,4920,1930,1561900.0,2023-04-19,Pending,,,15,0.0,2,Yes,No,2023-04-19,2026-08-24
UPDATE,2026-08-24T00:00:00,2026-08-24,PT0249646,LST0249646,AG00077,LOC0039,Condo,6,4.0,1312,3003,1913,492300.0,2024-09-30,Sold,495529.87,2026-08-24,693,512.0,2,No,No,2024-09-30,2026-08-24
UPDATE,2026-08-24T00:00:00,2026-08-24,PT0249053,LST0249053,AG00081,LOC0136,Apartment,4,3.0,1430,0,1969,75600.0,2023-04-27,Pending,,,95,211.0,3,No,No,2023-04-27,2026-08-24
UPDATE,2026-08-24T00:00:00,2026-08-24,PT0218902,LST0218902,AG01497,LOC0220,Land,0,0.0,4162,3154,1951,1868100.0,2026-04-24,Active,,,95,0.0,0,No,No,2026-04-24,2026-08-24
UPDATE,2026-08-24T00:00:00,2026-08-24,PT0553183,LST0553183,AG01244,LOC0245,Townhouse,2,4.0,1859,1241,1953,373800.0,2026-08-16,Pending,,,0,77.9,3,No,No,2026-08-16,2026-08-24
UPDATE,2026-08-24T00:00:00,2026-08-24,PT0143520,LST0143520,AG02581,LOC0153,Single Family,1,4.5,3159,10557,2001,1469500.0,2025-10-25,Sold,1369417.46,2026-08-24,303,0.0,1,No,Yes,2025-10-25,2026-08-24
UPDATE,2026-08-24T00:00:00,2026-08-24,PT0364142,LST0364142,AG01715,LOC0246,Multi-Family,4,3.0,4772,5368,1917,846300.0,2025-06-22,Pending,,,162,0.0,3,No,No,2025-06-22,2026-08-24
UPDATE,2026-08-24T00:00:00,2026-08-24,PT0169213,LST0169213,AG02403,LOC0173,Townhouse,2,3.0,694,9509,1983,271600.0,2023-10-16,Active,,,115,245.0,3,No,No,2023-10-16,2026-08-24
UPDATE,2026-08-24T00:00:00,2026-08-24,PT0169554,LST0169554,AG02043,LOC0238,Single Family,5,2.5,2202,15960,1976,713100.0,2023-06-29,Pending,,,68,0.0,2,No,No,2023-06-29,2026-08-24
UPDATE,2026-08-24T00:00:00,2026-08-24,PT0296212,LST0296212,AG01496,LOC0076,Single Family,1,1.5,1827,9470,1971,239100.0,2025-05-23,Sold,224944.82,2026-08-24,458,0.0,2,No,No,2025-05-23,2026-08-24
UPDATE,2026-08-24T00:00:00,2026-08-24,PT0296779,LST0296779,AG00045,LOC0140,Apartment,6,1.5,1395,0,1996,459500.0,2026-05-14,Pending,,,137,472.0,0,No,No,2026-05-14,2026-08-24
UPDATE,2026-08-24T00:00:00,2026-08-24,PT0259627,LST0259627,AG00542,LOC0192,Multi-Family,3,3.0,4322,1828,1995,1993100.0,2023-12-24,Active,,,25,0.0,0,No,No,2023-12-24,2026-08-24
UPDATE,2026-08-24T00:00:00,2026-08-24,PT0302979,LST0302979,AG00337,LOC0214,Condo,3,1.0,2369,10179,1933,565000.0,2025-11-07,Pending,,,116,470.0,3,No,No,2025-11-07,2026-08-24
UPDATE,2026-08-24T00:00:00,2026-08-24,PT0333067,LST0333067,AG01088,LOC0107,Condo,1,2.5,422,4088,1970,147600.0,2025-02-17,Pending,,,169,742.0,2,No,No,2025-02-17,2026-08-24
UPDATE,2026-08-24T00:00:00,2026-08-24,PT0277679,LST0277679,AG02585,LOC0126,Single Family,3,2.5,2075,4274,2022,890700.0,2026-02-18,Active,,,165,0.0,2,No,No,2026-02-18,2026-08-24
UPDATE,2026-08-24T00:00:00,2026-08-24,PT0416328,LST0416328,AG00571,LOC0054,Apartment,2,2.0,905,0,1974,104900.0,2023-07-04,Active,,,68,268.0,3,Yes,No,2023-07-04,2026-08-24
UPDATE,2026-08-24T00:00:00,2026-08-24,PT0232009,LST0232009,AG02575,LOC0043,Townhouse,2,4.0,1604,12255,1975,308800.0,2024-12-03,Pending,,,169,713.0,1,No,No,2024-12-03,2026-08-24
UPDATE,2026-08-24T00:00:00,2026-08-24,PT0486472,LST0486472,AG02458,LOC0185,Multi-Family,4,2.5,4704,4737,1971,2012300.0,2023-01-23,Pending,,,174,0.0,2,No,No,2023-01-23,2026-08-24
UPDATE,2026-08-24T00:00:00,2026-08-24,PT0059401,LST0059401,AG01616,LOC0031,Land,0,0.0,3078,2294,1933,778200.0,2023-12-08,Pending,,,92,0.0,0,No,No,2023-12-08,2026-08-24
UPDATE,2026-08-24T00:00:00,2026-08-24,PT0098859,LST0098859,AG00412,LOC0128,Multi-Family,4,4.5,6374,1604,1951,953700.0,2025-09-02,Active,,,58,0.0,3,No,No,2025-09-02,2026-08-24
UPDATE,2026-08-24T00:00:00,2026-08-24,PT0562628,LST0562628,AG01459,LOC0146,Multi-Family,5,1.0,3594,2774,1946,261700.0,2026-08-24,Active,,,0,0.0,0,No,Yes,2026-08-24,2026-08-24
UPDATE,2026-08-24T00:00:00,2026-08-24,PT0101629,LST0101629,AG00266,LOC0177,Single Family,2,4.0,2773,11485,1943,1485900.0,2026-02-24,Active,,,164,0.0,1,Yes,No,2026-02-24,2026-08-24
UPDATE,2026-08-24T00:00:00,2026-08-24,PT0457112,LST0457112,AG01673,LOC0221,Condo,1,3.0,1673,9593,1918,631500.0,2024-01-06,Active,,,0,350.0,3,No,No,2024-01-06,2026-08-24
UPDATE,2026-08-24T00:00:00,2026-08-24,PT0088930,LST0088930,AG02895,LOC0249,Townhouse,1,4.5,1645,16076,1979,645100.0,2024-09-16,Sold,645753.62,2026-08-24,707,712.0,3,No,No,2024-09-16,2026-08-24
UPDATE,2026-08-24T00:00:00,2026-08-24,PT0032084,LST0032084,AG00013,LOC0154,Single Family,2,3.5,1534,2739,1952,454000.0,2026-05-23,Pending,,,57,0.0,2,No,Yes,2026-05-23,2026-08-24
UPDATE,2026-08-24T00:00:00,2026-08-24,PT0063464,LST0063464,AG02815,LOC0138,Single Family,2,3.5,3581,5849,2011,1109400.0,2024-02-07,Active,,,34,0.0,1,Yes,Yes,2024-02-07,2026-08-24
UPDATE,2026-08-24T00:00:00,2026-08-24,PT0071356,LST0071356,AG00767,LOC0022,Single Family,6,2.0,1292,2434,1935,523900.0,2026-01-24,Pending,,,82,0.0,1,No,Yes,2026-01-24,2026-08-24
UPDATE,2026-08-24T00:00:00,2026-08-24,PT0100233,LST0100233,AG02683,LOC0169,Single Family,1,3.0,2513,17188,1951,1130200.0,2024-09-18,Active,,,174,0.0,2,No,Yes,2024-09-18,2026-08-24
UPDATE,2026-08-24T00:00:00,2026-08-24,PT0167324,LST0167324,AG00071,LOC0156,Townhouse,5,4.0,1911,1335,1967,1030200.0,2023-07-21,Active,,,62,104.0,2,No,No,2023-07-21,2026-08-24
UPDATE,2026-08-24T00:00:00,2026-08-24,PT0513191,LST0513191,AG02037,LOC0007,Single Family,4,2.0,534,4743,1951,192800.0,2026-07-12,Active,,,0,0.0,2,Yes,Yes,2026-07-12,2026-08-24
UPDATE,2026-08-24T00:00:00,2026-08-24,PT0162411,LST0162411,AG00622,LOC0190,Single Family,4,3.5,2333,3441,1959,511800.0,2025-06-22,Pending,,,124,0.0,0,No,No,2025-06-22,2026-08-24
UPDATE,2026-08-24T00:00:00,2026-08-24,PT0186357,LST0186357,AG01207,LOC0012,Single Family,6,3.0,1732,2398,1942,613600.0,2025-08-04,Sold,636813.46,2026-08-24,385,0.0,3,No,Yes,2025-08-04,2026-08-24
UPDATE,2026-08-24T00:00:00,2026-08-24,PT0445832,LST0445832,AG02733,LOC0078,Multi-Family,3,3.5,5306,1853,1969,979800.0,2025-01-20,Pending,,,140,0.0,1,Yes,Yes,2025-01-20,2026-08-24
UPDATE,2026-08-24T00:00:00,2026-08-24,PT0106390,LST0106390,AG02166,LOC0183,Condo,3,4.5,1693,2384,1998,140000.0,2025-10-27,Active,,,161,468.0,1,No,No,2025-10-27,2026-08-24
UPDATE,2026-08-24T00:00:00,2026-08-24,PT0415473,LST0415473,AG01800,LOC0027,Single Family,3,3.0,1001,7207,1948,343800.0,2025-06-17,Sold,343553.51,2026-08-24,433,0.0,1,No,Yes,2025-06-17,2026-08-24
UPDATE,2026-08-24T00:00:00,2026-08-24,PT0480141,LST0480141,AG02681,LOC0246,Townhouse,1,2.5,1051,5511,1940,202800.0,2026-03-10,Pending,,,33,545.0,0,No,No,2026-03-10,2026-08-24
UPDATE,2026-08-24T00:00:00,2026-08-24,PT0087189,LST0087189,AG01187,LOC0243,Single Family,2,4.0,1637,21029,2018,758000.0,2023-08-18,Active,,,21,0.0,3,No,No,2023-08-18,2026-08-24
UPDATE,2026-08-24T00:00:00,2026-08-24,PT0256764,LST0256764,AG01242,LOC0179,Condo,3,4.0,1946,6709,2010,356000.0,2026-01-22,Active,,,168,369.0,2,Yes,No,2026-01-22,2026-08-24
UPDATE,2026-08-24T00:00:00,2026-08-24,PT0118593,LST0118593,AG01083,LOC0161,Townhouse,3,4.5,300,1726,1909,89800.0,2025-08-28,Active,,,81,594.0,1,Yes,No,2025-08-28,2026-08-24
UPDATE,2026-08-24T00:00:00,2026-08-24,PT0506876,LST0506876,AG02154,LOC0095,Single Family,4,3.5,2553,5461,1974,1090400.0,2026-07-06,Active,,,0,0.0,0,Yes,Yes,2026-07-06,2026-08-24
UPDATE,2026-08-24T00:00:00,2026-08-24,PT0270019,LST0270019,AG01175,LOC0102,Townhouse,2,4.0,300,3815,1912,44800.0,2024-06-04,Sold,45244.73,2026-08-24,811,473.0,3,No,No,2024-06-04,2026-08-24
UPDATE,2026-08-24T00:00:00,2026-08-24,PT0079540,LST0079540,AG00763,LOC0070,Single Family,1,4.0,2226,1790,1936,346100.0,2024-08-30,Sold,344624.87,2026-08-24,724,0.0,2,No,No,2024-08-30,2026-08-24
UPDATE,2026-08-24T00:00:00,2026-08-24,PT0355939,LST0355939,AG02646,LOC0084,Townhouse,2,4.0,300,9032,1944,138700.0,2023-01-03,Active,,,138,798.0,2,No,No,2023-01-03,2026-08-24
UPDATE,2026-08-24T00:00:00,2026-08-24,PT0425732,LST0425732,AG02684,LOC0206,Single Family,5,1.5,2501,3816,1916,426500.0,2024-03-04,Pending,,,41,0.0,0,No,No,2024-03-04,2026-08-24
UPDATE,2026-08-24T00:00:00,2026-08-24,PT0083725,LST0083725,AG00662,LOC0146,Condo,1,1.5,2172,20016,1950,317600.0,2025-05-28,Sold,315771.65,2026-08-24,453,294.0,3,No,No,2025-05-28,2026-08-24
UPDATE,2026-08-24T00:00:00,2026-08-24,PT0019611,LST0019611,AG00499,LOC0106,Single Family,1,3.0,2301,4965,1947,617200.0,2024-07-08,Pending,,,45,0.0,3,No,Yes,2024-07-08,2026-08-24
UPDATE,2026-08-24T00:00:00,2026-08-24,PT0161062,LST0161062,AG01784,LOC0138,Condo,3,2.5,1641,14694,1938,1051600.0,2026-01-25,Pending,,,78,459.0,0,No,No,2026-01-25,2026-08-24
UPDATE,2026-08-24T00:00:00,2026-08-24,PT0552671,LST0552671,AG01179,LOC0096,Townhouse,4,3.0,2399,10142,1917,898100.0,2026-08-16,Active,,,0,252.27,0,No,No,2026-08-16,2026-08-24
UPDATE,2026-08-24T00:00:00,2026-08-24,PT0507897,LST0507897,AG01777,LOC0138,Single Family,3,3.0,2915,1413,2022,740200.0,2026-07-07,Pending,,,0,0.0,2,No,Yes,2026-07-07,2026-08-24
UPDATE,2026-08-24T00:00:00,2026-08-24,PT0063880,LST0063880,AG01864,LOC0190,Condo,5,1.5,1827,1690,1931,194600.0,2024-08-13,Pending,,,111,531.0,2,No,No,2024-08-13,2026-08-24
UPDATE,2026-08-24T00:00:00,2026-08-24,PT0237252,LST0237252,AG02887,LOC0095,Townhouse,6,1.5,997,2284,1929,161600.0,2023-06-13,Pending,,,113,399.0,2,No,No,2023-06-13,2026-08-24
UPDATE,2026-08-24T00:00:00,2026-08-24,PT0067756,LST0067756,AG00698,LOC0066,Multi-Family,3,2.5,2153,5269,1927,113300.0,2026-02-17,Pending,,,82,0.0,3,No,Yes,2026-02-17,2026-08-24
UPDATE,2026-08-24T00:00:00,2026-08-24,PT0394714,LST0394714,AG00585,LOC0205,Condo,6,1.5,1536,9133,2016,539800.0,2024-10-09,Pending,,,23,179.0,0,No,No,2024-10-09,2026-08-24
UPDATE,2026-08-24T00:00:00,2026-08-24,PT0153369,LST0153369,AG00268,LOC0158,Single Family,6,4.5,2202,2687,1916,628600.0,2025-01-20,Pending,,,89,0.0,1,No,Yes,2025-01-20,2026-08-24
UPDATE,2026-08-24T00:00:00,2026-08-24,PT0202203,LST0202203,AG01605,LOC0176,Condo,4,2.5,2348,1458,1922,575200.0,2024-11-22,Sold,563689.56,2026-08-24,640,414.0,3,Yes,No,2024-11-22,2026-08-24
UPDATE,2026-08-24T00:00:00,2026-08-24,PT0533095,LST0533095,AG01186,LOC0018,Townhouse,4,4.0,2242,13958,1944,949200.0,2026-07-29,Sold,1038648.73,2026-08-24,26,533.04,0,No,No,2026-07-29,2026-08-24
UPDATE,2026-08-24T00:00:00,2026-08-24,PT0253228,LST0253228,AG02730,LOC0105,Multi-Family,5,3.5,997,3010,1949,148400.0,2024-10-15,Pending,,,115,0.0,2,No,Yes,2024-10-15,2026-08-24
UPDATE,2026-08-24T00:00:00,2026-08-24,PT0545777,LST0545777,AG01345,LOC0207,Apartment,1,3.0,1312,0,1970,153800.0,2026-08-09,Active,,,0,146.66,3,No,No,2026-08-09,2026-08-24
UPDATE,2026-08-24T00:00:00,2026-08-24,PT0222062,LST0222062,AG00407,LOC0093,Single Family,3,3.5,1178,3917,1941,174700.0,2025-04-29,Pending,,,85,0.0,1,No,No,2025-04-29,2026-08-24
UPDATE,2026-08-24T00:00:00,2026-08-24,PT0279059,LST0279059,AG01556,LOC0029,Single Family,1,3.5,300,3338,1910,51500.0,2024-06-24,Active,,,19,0.0,2,No,No,2024-06-24,2026-08-24
UPDATE,2026-08-24T00:00:00,2026-08-24,PT0251970,LST0251970,AG00148,LOC0182,Single Family,5,2.0,640,2651,2003,130500.0,2025-05-13,Pending,,,92,0.0,0,No,No,2025-05-13,2026-08-24
UPDATE,2026-08-24T00:00:00,2026-08-24,PT0550978,LST0550978,AG00652,LOC0028,Townhouse,5,2.5,1703,2064,1963,163700.0,2026-08-14,Pending,,,0,70.31,2,No,No,2026-08-14,2026-08-24
UPDATE,2026-08-24T00:00:00,2026-08-24,PT0521146,LST0521146,AG01487,LOC0045,Single Family,3,3.5,2001,1674,1944,718400.0,2026-07-19,Sold,707008.33,2026-08-24,36,0.0,2,No,Yes,2026-07-19,2026-08-24
UPDATE,2026-08-24T00:00:00,2026-08-24,PT0526683,LST0526683,AG02797,LOC0025,Single Family,6,2.0,1243,1221,1976,474200.0,2026-07-24,Sold,471455.13,2026-08-24,31,0.0,2,No,Yes,2026-07-24,2026-08-24
UPDATE,2026-08-24T00:00:00,2026-08-24,PT0018539,LST0018539,AG01766,LOC0209,Single Family,4,4.5,762,9365,1900,318600.0,2023-09-26,Active,,,123,0.0,0,No,Yes,2023-09-26,2026-08-24
UPDATE,2026-08-24T00:00:00,2026-08-24,PT0384148,LST0384148,AG02486,LOC0232,Single Family,3,1.5,1766,2354,1911,697300.0,2025-04-30,Sold,676943.13,2026-08-24,481,0.0,1,No,No,2025-04-30,2026-08-24
UPDATE,2026-08-24T00:00:00,2026-08-24,PT0553775,LST0553775,AG00560,LOC0004,Condo,6,2.0,671,10840,1956,41100.0,2026-08-17,Sold,37350.04,2026-08-24,7,399.34,2,No,No,2026-08-17,2026-08-24
UPDATE,2026-08-24T00:00:00,2026-08-24,PT0421318,LST0421318,AG00344,LOC0198,Single Family,3,1.0,1581,1318,2012,251700.0,2023-06-08,Active,,,122,0.0,2,No,No,2023-06-08,2026-08-24
UPDATE,2026-08-24T00:00:00,2026-08-24,PT0368639,LST0368639,AG02538,LOC0161,Condo,5,4.5,1389,7437,1902,584100.0,2023-09-12,Active,,,24,552.0,3,Yes,No,2023-09-12,2026-08-24
UPDATE,2026-08-24T00:00:00,2026-08-24,PT0117635,LST0117635,AG00843,LOC0136,Single Family,6,2.5,3595,3566,1909,840100.0,2024-03-22,Active,,,140,0.0,3,No,No,2024-03-22,2026-08-24
UPDATE,2026-08-24T00:00:00,2026-08-24,PT0541621,LST0541621,AG01197,LOC0065,Single Family,5,2.5,1933,3023,1932,443000.0,2026-08-05,Pending,,,0,0.0,2,No,No,2026-08-05,2026-08-24
UPDATE,2026-08-24T00:00:00,2026-08-24,PT0252671,LST0252671,AG00045,LOC0215,Single Family,4,4.5,1844,9807,1936,724800.0,2023-06-15,Sold,676889.04,2026-08-24,1166,0.0,2,Yes,No,2023-06-15,2026-08-24
UPDATE,2026-08-24T00:00:00,2026-08-24,PT0372341,LST0372341,AG00485,LOC0162,Townhouse,4,2.0,1033,2212,1961,238700.0,2025-06-05,Sold,229865.02,2026-08-24,445,326.0,2,No,No,2025-06-05,2026-08-24
UPDATE,2026-08-24T00:00:00,2026-08-24,PT0145093,LST0145093,AG02403,LOC0195,Condo,3,3.5,934,3570,1923,254900.0,2026-05-01,Pending,,,79,653.0,3,No,No,2026-05-01,2026-08-24
UPDATE,2026-08-24T00:00:00,2026-08-24,PT0287582,LST0287582,AG02347,LOC0183,Condo,6,1.5,1885,3083,1976,330400.0,2025-11-02,Pending,,,81,128.0,0,No,No,2025-11-02,2026-08-24
UPDATE,2026-08-24T00:00:00,2026-08-24,PT0478821,LST0478821,AG00381,LOC0134,Single Family,3,2.0,2207,5702,1996,920800.0,2024-10-12,Sold,822345.99,2026-08-24,681,0.0,1,No,No,2024-10-12,2026-08-24
UPDATE,2026-08-24T00:00:00,2026-08-24,PT0308046,LST0308046,AG00798,LOC0104,Single Family,4,1.0,1710,5337,2018,161200.0,2024-02-15,Active,,,71,0.0,3,No,Yes,2024-02-15,2026-08-24
UPDATE,2026-08-24T00:00:00,2026-08-24,PT0055016,LST0055016,AG02606,LOC0114,Townhouse,1,4.5,2067,1053,1979,495400.0,2025-08-13,Sold,491285.89,2026-08-24,376,511.0,0,No,No,2025-08-13,2026-08-24
UPDATE,2026-08-24T00:00:00,2026-08-24,PT0118322,LST0118322,AG00331,LOC0243,Single Family,5,1.5,2017,6529,1953,1055100.0,2024-07-16,Active,,,150,0.0,3,Yes,Yes,2024-07-16,2026-08-24
UPDATE,2026-08-24T00:00:00,2026-08-24,PT0529625,LST0529625,AG01437,LOC0238,Townhouse,4,2.0,1917,1192,1986,139600.0,2026-07-26,Sold,133340.39,2026-08-24,29,708.24,3,No,No,2026-07-26,2026-08-24
UPDATE,2026-08-24T00:00:00,2026-08-24,PT0262189,LST0262189,AG02739,LOC0185,Single Family,5,1.0,1938,6389,1934,873100.0,2026-02-20,Active,,,6,0.0,3,No,No,2026-02-20,2026-08-24
UPDATE,2026-08-24T00:00:00,2026-08-24,PT0506739,LST0506739,AG02026,LOC0145,Condo,4,2.0,733,3005,1962,256700.0,2026-07-06,Pending,,,0,475.65,0,No,No,2026-07-06,2026-08-24
UPDATE,2026-08-24T00:00:00,2026-08-24,PT0420571,LST0420571,AG01829,LOC0194,Multi-Family,2,1.0,3935,11466,1924,1760700.0,2023-08-04,Sold,1771865.43,2026-08-24,1116,0.0,3,No,Yes,2023-08-04,2026-08-24
UPDATE,2026-08-24T00:00:00,2026-08-24,PT0038217,LST0038217,AG02460,LOC0116,Single Family,2,4.0,1921,3250,1956,996100.0,2025-07-16,Pending,,,116,0.0,0,No,No,2025-07-16,2026-08-24
UPDATE,2026-08-24T00:00:00,2026-08-24,PT0124130,LST0124130,AG01694,LOC0108,Townhouse,2,1.5,2441,1743,2022,626300.0,2025-10-23,Pending,,,57,511.0,0,Yes,No,2025-10-23,2026-08-24
UPDATE,2026-08-24T00:00:00,2026-08-24,PT0219474,LST0219474,AG00786,LOC0101,Single Family,6,3.5,1829,6423,1973,342900.0,2024-02-01,Active,,,145,0.0,2,No,Yes,2024-02-01,2026-08-24
UPDATE,2026-08-24T00:00:00,2026-08-24,PT0145945,LST0145945,AG02479,LOC0090,Single Family,4,2.0,1901,1748,1998,586300.0,2024-12-07,Sold,580689.68,2026-08-24,625,0.0,0,No,Yes,2024-12-07,2026-08-24
UPDATE,2026-08-24T00:00:00,2026-08-24,PT0073329,LST0073329,AG01112,LOC0090,Condo,6,4.0,785,4762,1962,285700.0,2024-09-17,Sold,285729.22,2026-08-24,706,135.0,2,Yes,No,2024-09-17,2026-08-24
UPDATE,2026-08-24T00:00:00,2026-08-24,PT0143908,LST0143908,AG02033,LOC0175,Townhouse,6,3.0,1400,10292,1958,527100.0,2023-01-09,Pending,,,108,409.0,3,No,No,2023-01-09,2026-08-24
UPDATE,2026-08-24T00:00:00,2026-08-24,PT0117268,LST0117268,AG01351,LOC0046,Single Family,2,2.0,2373,10445,1964,581300.0,2024-01-17,Active,,,39,0.0,0,No,No,2024-01-17,2026-08-24
UPDATE,2026-08-24T00:00:00,2026-08-24,PT0349429,LST0349429,AG01260,LOC0002,Townhouse,2,3.0,916,4121,1972,257600.0,2024-07-27,Sold,227429.08,2026-08-24,758,233.0,3,No,No,2024-07-27,2026-08-24
UPDATE,2026-08-24T00:00:00,2026-08-24,PT0536062,LST0536062,AG00963,LOC0111,Townhouse,6,3.0,2097,8705,1918,444400.0,2026-08-01,Pending,,,0,128.85,3,No,No,2026-08-01,2026-08-24
UPDATE,2026-08-24T00:00:00,2026-08-24,PT0132420,LST0132420,AG01866,LOC0066,Apartment,2,4.5,1471,0,1980,449200.0,2025-10-06,Pending,,,106,730.0,0,No,No,2025-10-06,2026-08-24
UPDATE,2026-08-24T00:00:00,2026-08-24,PT0211143,LST0211143,AG02233,LOC0216,Single Family,1,2.5,1507,11366,1995,246200.0,2026-01-03,Pending,,,106,0.0,1,Yes,No,2026-01-03,2026-08-24
UPDATE,2026-08-24T00:00:00,2026-08-24,PT0560333,LST0560333,AG00554,LOC0156,Condo,4,1.5,1674,1969,1924,733900.0,2026-08-22,Sold,747260.5,2026-08-24,2,401.3,0,No,No,2026-08-22,2026-08-24
UPDATE,2026-08-24T00:00:00,2026-08-24,PT0260600,LST0260600,AG00259,LOC0087,Single Family,4,3.5,1870,1672,1971,347200.0,2024-06-06,Active,,,4,0.0,3,Yes,Yes,2024-06-06,2026-08-24
UPDATE,2026-08-24T00:00:00,2026-08-24,PT0347820,LST0347820,AG01533,LOC0119,Condo,6,2.0,2924,5533,1964,917400.0,2024-02-11,Pending,,,143,477.0,3,No,No,2024-02-11,2026-08-24
UPDATE,2026-08-24T00:00:00,2026-08-24,PT0148410,LST0148410,AG00122,LOC0121,Single Family,3,2.5,1751,1064,1939,378700.0,2025-01-24,Active,,,144,0.0,1,No,Yes,2025-01-24,2026-08-24
UPDATE,2026-08-24T00:00:00,2026-08-24,PT0122730,LST0122730,AG02196,LOC0078,Townhouse,3,3.5,1402,1534,1987,636800.0,2023-10-15,Pending,,,19,703.0,2,No,No,2023-10-15,2026-08-24
UPDATE,2026-08-24T00:00:00,2026-08-24,PT0551159,LST0551159,AG02704,LOC0095,Single Family,4,4.5,839,2168,1909,404700.0,2026-08-15,Active,,,0,0.0,2,No,No,2026-08-15,2026-08-24
UPDATE,2026-08-24T00:00:00,2026-08-24,PT0089934,LST0089934,AG02094,LOC0170,Single Family,2,2.0,2297,6737,1980,1269400.0,2025-02-20,Pending,,,77,0.0,1,No,Yes,2025-02-20,2026-08-24
UPDATE,2026-08-24T00:00:00,2026-08-24,PT0288185,LST0288185,AG01236,LOC0080,Land,0,0.0,6020,6034,1904,1663700.0,2023-02-16,Sold,1555875.62,2026-08-24,1285,0.0,0,No,No,2023-02-16,2026-08-24
UPDATE,2026-08-24T00:00:00,2026-08-24,PT0268262,LST0268262,AG01380,LOC0191,Condo,4,4.5,2022,2326,1991,1001700.0,2025-09-23,Active,,,85,691.0,3,No,No,2025-09-23,2026-08-24
UPDATE,2026-08-24T00:00:00,2026-08-24,PT0529995,LST0529995,AG02905,LOC0087,Single Family,4,4.5,1530,5476,2001,828400.0,2026-07-26,Pending,,,0,0.0,3,Yes,No,2026-07-26,2026-08-24
UPDATE,2026-08-24T00:00:00,2026-08-24,PT0383576,LST0383576,AG01730,LOC0080,Single Family,2,3.0,1358,3017,1903,549100.0,2024-10-15,Pending,,,164,0.0,0,No,Yes,2024-10-15,2026-08-24
UPDATE,2026-08-24T00:00:00,2026-08-24,PT0328893,LST0328893,AG01977,LOC0221,Single Family,1,1.0,1527,2292,1903,659900.0,2023-03-21,Active,,,89,0.0,2,No,No,2023-03-21,2026-08-24
UPDATE,2026-08-24T00:00:00,2026-08-24,PT0186084,LST0186084,AG02828,LOC0200,Condo,1,1.5,2327,4129,2014,647600.0,2026-03-30,Pending,,,123,396.0,2,No,No,2026-03-30,2026-08-24
UPDATE,2026-08-24T00:00:00,2026-08-24,PT0251158,LST0251158,AG02450,LOC0059,Single Family,1,4.0,2323,5037,1975,647600.0,2025-05-28,Sold,624666.25,2026-08-24,453,0.0,0,No,No,2025-05-28,2026-08-24
UPDATE,2026-08-24T00:00:00,2026-08-24,PT0542207,LST0542207,AG02880,LOC0109,Condo,6,3.5,1891,8801,1992,524900.0,2026-08-06,Active,,,0,85.59,1,No,No,2026-08-06,2026-08-24
UPDATE,2026-08-24T00:00:00,2026-08-24,PT0555638,LST0555638,AG01601,LOC0013,Condo,2,1.0,1624,7302,1967,395900.0,2026-08-18,Active,,,0,258.79,0,No,No,2026-08-18,2026-08-24
UPDATE,2026-08-24T00:00:00,2026-08-24,PT0120056,LST0120056,AG00716,LOC0200,Apartment,6,1.5,1210,0,1973,413400.0,2024-09-20,Active,,,172,674.0,2,No,No,2024-09-20,2026-08-24
UPDATE,2026-08-24T00:00:00,2026-08-24,PT0555674,LST0555674,AG02543,LOC0246,Single Family,5,3.0,1234,11858,1980,155900.0,2026-08-19,Pending,,,0,0.0,2,No,Yes,2026-08-19,2026-08-24
UPDATE,2026-08-24T00:00:00,2026-08-24,PT0280627,LST0280627,AG01096,LOC0064,Apartment,2,2.5,1523,0,1980,356800.0,2023-10-20,Pending,,,13,395.0,2,No,No,2023-10-20,2026-08-24
UPDATE,2026-08-24T00:00:00,2026-08-24,PT0443909,LST0443909,AG00379,LOC0125,Condo,5,3.5,1458,3487,2011,295600.0,2024-10-06,Pending,,,14,704.0,1,No,No,2024-10-06,2026-08-24
UPDATE,2026-08-24T00:00:00,2026-08-24,PT0561617,LST0561617,AG00628,LOC0119,Multi-Family,5,3.0,2553,2493,1993,1034900.0,2026-08-24,Active,,,0,0.0,2,No,No,2026-08-24,2026-08-24
UPDATE,2026-08-24T00:00:00,2026-08-24,PT0391577,LST0391577,AG00400,LOC0007,Single Family,4,4.0,3110,2292,1927,1266400.0,2023-03-03,Sold,1437655.37,2026-08-24,1270,0.0,2,No,Yes,2023-03-03,2026-08-24
UPDATE,2026-08-24T00:00:00,2026-08-24,PT0222928,LST0222928,AG02041,LOC0177,Single Family,2,1.5,2369,11050,2003,527800.0,2023-01-23,Pending,,,169,0.0,1,No,No,2023-01-23,2026-08-24
UPDATE,2026-08-24T00:00:00,2026-08-24,PT0446368,LST0446368,AG00712,LOC0053,Condo,1,2.5,2657,4767,1910,919300.0,2026-02-27,Active,,,165,607.0,3,No,No,2026-02-27,2026-08-24
UPDATE,2026-08-24T00:00:00,2026-08-24,PT0035122,LST0035122,AG00152,LOC0221,Townhouse,2,3.5,1654,5685,1925,520800.0,2023-07-30,Active,,,10,464.0,0,No,No,2023-07-30,2026-08-24
UPDATE,2026-08-24T00:00:00,2026-08-24,PT0489489,LST0489489,AG02524,LOC0158,Townhouse,6,2.0,1512,6439,2015,172500.0,2025-03-28,Active,,,91,746.0,1,No,No,2025-03-28,2026-08-24
UPDATE,2026-08-24T00:00:00,2026-08-24,PT0216651,LST0216651,AG01702,LOC0088,Townhouse,1,1.0,1831,1000,1993,224500.0,2024-08-21,Active,,,57,97.0,1,No,No,2024-08-21,2026-08-24
UPDATE,2026-08-24T00:00:00,2026-08-24,PT0289660,LST0289660,AG00926,LOC0112,Condo,3,1.0,778,2057,1955,127700.0,2023-10-05,Pending,,,44,359.0,3,No,No,2023-10-05,2026-08-24
UPDATE,2026-08-24T00:00:00,2026-08-24,PT0314382,LST0314382,AG01963,LOC0115,Townhouse,3,4.5,1622,11522,1949,455900.0,2023-09-24,Active,,,91,153.0,0,No,No,2023-09-24,2026-08-24
UPDATE,2026-08-24T00:00:00,2026-08-24,PT0327072,LST0327072,AG02620,LOC0054,Condo,5,1.5,1834,3787,1970,496300.0,2025-03-29,Pending,,,56,67.0,2,No,No,2025-03-29,2026-08-24
UPDATE,2026-08-24T00:00:00,2026-08-24,PT0389604,LST0389604,AG00196,LOC0154,Apartment,1,3.0,1500,0,1957,228500.0,2024-02-06,Active,,,101,195.0,1,No,No,2024-02-06,2026-08-24
UPDATE,2026-08-24T00:00:00,2026-08-24,PT0560387,LST0560387,AG01187,LOC0104,Single Family,2,3.5,3139,5818,1932,524700.0,2026-08-22,Active,,,0,0.0,2,No,Yes,2026-08-22,2026-08-24
UPDATE,2026-08-24T00:00:00,2026-08-24,PT0095567,LST0095567,AG00552,LOC0138,Condo,6,1.5,1660,4986,1929,546000.0,2025-02-03,Active,,,33,111.0,2,No,No,2025-02-03,2026-08-24
UPDATE,2026-08-24T00:00:00,2026-08-24,PT0506091,LST0506091,AG00643,LOC0228,Land,0,0.0,5994,1237,2000,3796800.0,2026-07-05,Sold,3927444.17,2026-08-24,50,0.0,0,No,No,2026-07-05,2026-08-24
UPDATE,2026-08-24T00:00:00,2026-08-24,PT0556932,LST0556932,AG02822,LOC0132,Single Family,5,1.5,1666,5442,1985,389800.0,2026-08-20,Active,,,0,0.0,0,No,Yes,2026-08-20,2026-08-24
UPDATE,2026-08-24T00:00:00,2026-08-24,PT0148161,LST0148161,AG02321,LOC0232,Apartment,5,4.0,778,0,2002,106900.0,2024-01-05,Sold,103203.1,2026-08-24,962,434.0,2,No,No,2024-01-05,2026-08-24
UPDATE,2026-08-24T00:00:00,2026-08-24,PT0517413,LST0517413,AG02722,LOC0173,Single Family,1,1.0,2882,3013,1983,1502100.0,2026-07-15,Active,,,0,0.0,1,No,Yes,2026-07-15,2026-08-24
UPDATE,2026-08-24T00:00:00,2026-08-24,PT0197836,LST0197836,AG02711,LOC0184,Multi-Family,1,1.0,5205,4685,1987,2059100.0,2023-03-15,Pending,,,74,0.0,0,No,Yes,2023-03-15,2026-08-24
UPDATE,2026-08-24T00:00:00,2026-08-24,PT0542405,LST0542405,AG00124,LOC0163,Townhouse,3,4.0,1175,10167,1984,440100.0,2026-08-06,Active,,,0,730.47,1,No,No,2026-08-06,2026-08-24
UPDATE,2026-08-24T00:00:00,2026-08-24,PT0325742,LST0325742,AG01436,LOC0234,Townhouse,2,3.0,1612,5867,1909,678900.0,2026-05-26,Active,,,81,509.0,3,Yes,No,2026-05-26,2026-08-24
UPDATE,2026-08-24T00:00:00,2026-08-24,PT0136146,LST0136146,AG02823,LOC0036,Single Family,1,2.0,1103,2306,1976,342600.0,2025-09-07,Sold,329241.51,2026-08-24,351,0.0,2,Yes,Yes,2025-09-07,2026-08-24
UPDATE,2026-08-24T00:00:00,2026-08-24,PT0086414,LST0086414,AG00646,LOC0062,Single Family,6,3.0,1361,1493,2021,243400.0,2026-01-21,Active,,,4,0.0,3,No,No,2026-01-21,2026-08-24
UPDATE,2026-08-24T00:00:00,2026-08-24,PT0185972,LST0185972,AG00366,LOC0246,Single Family,3,4.0,767,2181,1927,60800.0,2023-12-02,Pending,,,127,0.0,3,No,No,2023-12-02,2026-08-24
UPDATE,2026-08-24T00:00:00,2026-08-24,PT0526791,LST0526791,AG02003,LOC0010,Condo,5,3.5,1890,1383,1935,657700.0,2026-07-24,Pending,,,0,97.45,1,Yes,No,2026-07-24,2026-08-24
UPDATE,2026-08-24T00:00:00,2026-08-24,PT0511682,LST0511682,AG02877,LOC0250,Single Family,3,3.5,3523,15453,1990,1236300.0,2026-07-10,Active,,,0,0.0,0,No,Yes,2026-07-10,2026-08-24
UPDATE,2026-08-24T00:00:00,2026-08-24,PT0520552,LST0520552,AG00368,LOC0109,Single Family,3,2.5,2311,2177,1967,1008200.0,2026-07-18,Pending,,,0,0.0,0,Yes,Yes,2026-07-18,2026-08-24
UPDATE,2026-08-24T00:00:00,2026-08-24,PT0361779,LST0361779,AG00501,LOC0200,Single Family,4,2.0,2391,7854,1953,705300.0,2025-10-03,Pending,,,157,0.0,2,No,No,2025-10-03,2026-08-24
UPDATE,2026-08-24T00:00:00,2026-08-24,PT0131962,LST0131962,AG00074,LOC0056,Single Family,6,4.0,950,17153,2017,376500.0,2024-07-22,Active,,,111,0.0,0,No,Yes,2024-07-22,2026-08-24
UPDATE,2026-08-24T00:00:00,2026-08-24,PT0525280,LST0525280,AG01277,LOC0147,Single Family,6,4.0,2612,2264,1931,523100.0,2026-07-22,Pending,,,0,0.0,3,No,No,2026-07-22,2026-08-24
UPDATE,2026-08-24T00:00:00,2026-08-24,PT0434260,LST0434260,AG00409,LOC0161,Single Family,2,2.0,1367,3678,2006,294500.0,2024-02-23,Active,,,42,0.0,1,No,No,2024-02-23,2026-08-24
UPDATE,2026-08-24T00:00:00,2026-08-24,PT0083201,LST0083201,AG02215,LOC0106,Land,0,0.0,6723,4925,1912,2973800.0,2024-05-11,Active,,,77,0.0,0,No,No,2024-05-11,2026-08-24
UPDATE,2026-08-24T00:00:00,2026-08-24,PT0543194,LST0543194,AG00763,LOC0175,Single Family,4,2.0,2313,1518,2007,545000.0,2026-08-07,Sold,499390.6,2026-08-24,17,0.0,1,No,No,2026-08-07,2026-08-24
UPDATE,2026-08-24T00:00:00,2026-08-24,PT0505940,LST0505940,AG01800,LOC0018,Land,0,0.0,3180,2783,1939,913800.0,2026-07-05,Sold,918152.42,2026-08-24,50,0.0,0,No,No,2026-07-05,2026-08-24
UPDATE,2026-08-24T00:00:00,2026-08-24,PT0343550,LST0343550,AG01847,LOC0079,Condo,3,2.5,1832,10996,1959,104800.0,2026-01-10,Sold,102817.49,2026-08-24,226,390.0,3,Yes,No,2026-01-10,2026-08-24
UPDATE,2026-08-24T00:00:00,2026-08-24,PT0393189,LST0393189,AG02930,LOC0215,Single Family,1,4.5,1636,2780,1914,791500.0,2023-05-07,Active,,,129,0.0,0,No,Yes,2023-05-07,2026-08-24
UPDATE,2026-08-24T00:00:00,2026-08-24,PT0472955,LST0472955,AG01827,LOC0068,Single Family,4,2.5,1207,3581,1918,425000.0,2025-08-15,Pending,,,73,0.0,2,Yes,No,2025-08-15,2026-08-24
UPDATE,2026-08-24T00:00:00,2026-08-24,PT0547140,LST0547140,AG02861,LOC0020,Land,0,0.0,3680,2180,1966,597600.0,2026-08-10,Active,,,0,0.0,0,No,No,2026-08-10,2026-08-24
UPDATE,2026-08-24T00:00:00,2026-08-24,PT0497589,LST0497589,AG02437,LOC0101,Townhouse,1,3.0,2082,8580,1923,604800.0,2025-06-27,Sold,577708.98,2026-08-24,423,429.0,3,No,No,2025-06-27,2026-08-24
UPDATE,2026-08-24T00:00:00,2026-08-24,PT0073241,LST0073241,AG02153,LOC0194,Townhouse,6,3.0,1903,1190,1995,532000.0,2023-07-18,Active,,,159,585.0,0,Yes,No,2023-07-18,2026-08-24
UPDATE,2026-08-24T00:00:00,2026-08-24,PT0069719,LST0069719,AG00155,LOC0086,Condo,4,2.0,556,4124,1919,72000.0,2025-05-20,Pending,,,60,409.0,0,No,No,2025-05-20,2026-08-24
UPDATE,2026-08-24T00:00:00,2026-08-24,PT0167878,LST0167878,AG00849,LOC0101,Condo,5,2.0,1286,4654,1930,324900.0,2025-10-13,Sold,327004.54,2026-08-24,315,625.0,2,No,No,2025-10-13,2026-08-24
UPDATE,2026-08-24T00:00:00,2026-08-24,PT0376247,LST0376247,AG02902,LOC0224,Single Family,5,2.0,1933,2357,1920,1005300.0,2024-03-03,Sold,1033310.81,2026-08-24,904,0.0,3,No,No,2024-03-03,2026-08-24
UPDATE,2026-08-24T00:00:00,2026-08-24,PT0164874,LST0164874,AG00672,LOC0120,Single Family,5,4.5,4350,3811,2005,1693100.0,2023-11-10,Active,,,35,0.0,2,Yes,No,2023-11-10,2026-08-24
UPDATE,2026-08-24T00:00:00,2026-08-24,PT0099025,LST0099025,AG01609,LOC0112,Condo,1,3.5,3016,12013,1977,450400.0,2024-01-07,Active,,,142,629.0,0,No,No,2024-01-07,2026-08-24
UPDATE,2026-08-24T00:00:00,2026-08-24,PT0048159,LST0048159,AG02612,LOC0214,Single Family,4,1.0,2702,1242,1975,483200.0,2024-06-07,Active,,,73,0.0,3,No,Yes,2024-06-07,2026-08-24
UPDATE,2026-08-24T00:00:00,2026-08-24,PT0104382,LST0104382,AG00256,LOC0189,Apartment,3,4.5,1180,0,1962,486000.0,2023-09-25,Pending,,,97,202.0,1,No,No,2023-09-25,2026-08-24
UPDATE,2026-08-24T00:00:00,2026-08-24,PT0193970,LST0193970,AG02619,LOC0188,Condo,4,1.0,2510,3611,1932,605900.0,2025-12-07,Active,,,63,789.0,2,No,No,2025-12-07,2026-08-24
UPDATE,2026-08-24T00:00:00,2026-08-24,PT0549348,LST0549348,AG01282,LOC0231,Condo,5,3.0,1496,1344,1980,209300.0,2026-08-13,Pending,,,0,496.94,2,Yes,No,2026-08-13,2026-08-24
UPDATE,2026-08-24T00:00:00,2026-08-24,PT0089668,LST0089668,AG00150,LOC0005,Single Family,3,3.5,1683,8812,1926,216900.0,2025-04-22,Pending,,,134,0.0,3,No,Yes,2025-04-22,2026-08-24
UPDATE,2026-08-24T00:00:00,2026-08-24,PT0544656,LST0544656,AG01083,LOC0078,Townhouse,5,1.5,2580,8489,1956,533500.0,2026-08-08,Active,,,0,784.99,0,No,No,2026-08-08,2026-08-24
UPDATE,2026-08-24T00:00:00,2026-08-24,PT0143136,LST0143136,AG02911,LOC0080,Single Family,2,1.5,1752,4219,1982,915500.0,2026-06-23,Sold,911453.88,2026-08-24,62,0.0,2,No,No,2026-06-23,2026-08-24
UPDATE,2026-08-24T00:00:00,2026-08-24,PT0333969,LST0333969,AG02467,LOC0173,Condo,4,1.5,2062,1333,1957,610900.0,2025-03-24,Pending,,,151,410.0,1,No,No,2025-03-24,2026-08-24
UPDATE,2026-08-24T00:00:00,2026-08-24,PT0517029,LST0517029,AG00935,LOC0118,Single Family,5,1.5,3208,1185,1978,482600.0,2026-07-14,Pending,,,0,0.0,0,No,No,2026-07-14,2026-08-24
UPDATE,2026-08-24T00:00:00,2026-08-24,PT0293660,LST0293660,AG01009,LOC0177,Condo,3,4.0,1001,7359,1959,304900.0,2023-10-03,Active,,,127,428.0,1,Yes,No,2023-10-03,2026-08-24
UPDATE,2026-08-24T00:00:00,2026-08-24,PT0528163,LST0528163,AG02032,LOC0175,Single Family,4,3.0,1249,8438,1938,366400.0,2026-07-25,Active,,,0,0.0,3,No,No,2026-07-25,2026-08-24
UPDATE,2026-08-24T00:00:00,2026-08-24,PT0562740,LST0562740,AG00755,LOC0221,Multi-Family,4,1.5,3031,4803,2012,1108400.0,2026-08-24,Active,,,0,0.0,1,Yes,No,2026-08-24,2026-08-24
UPDATE,2026-08-24T00:00:00,2026-08-24,PT0381682,LST0381682,AG00839,LOC0065,Condo,2,1.0,1131,15870,1930,59200.0,2023-11-01,Pending,,,163,565.0,2,No,No,2023-11-01,2026-08-24
UPDATE,2026-08-24T00:00:00,2026-08-24,PT0003112,LST0003112,AG01401,LOC0109,Single Family,2,3.0,1933,2062,1963,1405200.0,2024-05-28,Pending,,,74,0.0,1,No,No,2024-05-28,2026-08-24
UPDATE,2026-08-24T00:00:00,2026-08-24,PT0210230,LST0210230,AG02495,LOC0091,Townhouse,2,4.5,1022,1921,1973,350400.0,2024-10-21,Sold,319486.48,2026-08-24,672,742.0,0,No,No,2024-10-21,2026-08-24
UPDATE,2026-08-24T00:00:00,2026-08-24,PT0008425,LST0008425,AG01186,LOC0152,Apartment,4,3.0,993,0,1927,262000.0,2024-09-28,Pending,,,33,384.0,0,Yes,No,2024-09-28,2026-08-24
UPDATE,2026-08-24T00:00:00,2026-08-24,PT0263789,LST0263789,AG00138,LOC0084,Single Family,2,4.5,1374,4317,1935,450900.0,2024-12-01,Active,,,52,0.0,2,Yes,Yes,2024-12-01,2026-08-24
UPDATE,2026-08-24T00:00:00,2026-08-24,PT0529891,LST0529891,AG02353,LOC0236,Townhouse,3,3.0,3376,3162,1924,266200.0,2026-07-26,Pending,,,0,523.54,1,No,No,2026-07-26,2026-08-24
UPDATE,2026-08-24T00:00:00,2026-08-24,PT0190043,LST0190043,AG00108,LOC0039,Townhouse,6,3.5,1849,1033,1972,699900.0,2026-06-25,Pending,,,133,308.0,2,No,No,2026-06-25,2026-08-24
UPDATE,2026-08-24T00:00:00,2026-08-24,PT0041989,LST0041989,AG01889,LOC0232,Single Family,5,4.0,3003,4427,1911,771700.0,2025-05-13,Active,,,68,0.0,1,Yes,No,2025-05-13,2026-08-24
UPDATE,2026-08-24T00:00:00,2026-08-24,PT0189549,LST0189549,AG02490,LOC0203,Land,0,0.0,3984,4244,1945,503500.0,2023-11-03,Sold,491745.33,2026-08-24,1025,0.0,0,No,No,2023-11-03,2026-08-24
UPDATE,2026-08-24T00:00:00,2026-08-24,PT0400748,LST0400748,AG01521,LOC0144,Townhouse,6,1.0,457,3013,1945,149800.0,2024-08-11,Sold,149741.52,2026-08-24,743,758.0,0,No,No,2024-08-11,2026-08-24
UPDATE,2026-08-24T00:00:00,2026-08-24,PT0512997,LST0512997,AG00802,LOC0171,Single Family,3,2.5,1033,4926,1933,429800.0,2026-07-11,Pending,,,0,0.0,0,No,Yes,2026-07-11,2026-08-24
UPDATE,2026-08-24T00:00:00,2026-08-24,PT0195977,LST0195977,AG01439,LOC0097,Single Family,3,4.0,1726,6769,1959,511000.0,2026-01-15,Sold,504345.89,2026-08-24,221,0.0,3,No,Yes,2026-01-15,2026-08-24
UPDATE,2026-08-24T00:00:00,2026-08-24,PT0065280,LST0065280,AG02637,LOC0084,Condo,1,4.0,1131,5179,1949,354000.0,2025-03-01,Pending,,,26,737.0,3,No,No,2025-03-01,2026-08-24
UPDATE,2026-08-24T00:00:00,2026-08-24,PT0540629,LST0540629,AG00760,LOC0246,Multi-Family,4,3.0,3741,2847,1966,444100.0,2026-08-04,Active,,,0,0.0,0,No,No,2026-08-04,2026-08-24
UPDATE,2026-08-24T00:00:00,2026-08-24,PT0447071,LST0447071,AG01378,LOC0142,Single Family,6,1.0,2238,4530,1933,1179100.0,2023-05-20,Pending,,,28,0.0,3,No,No,2023-05-20,2026-08-24
UPDATE,2026-08-24T00:00:00,2026-08-24,PT0519456,LST0519456,AG02359,LOC0141,Single Family,1,3.5,1808,1968,1932,295800.0,2026-07-17,Pending,,,0,0.0,3,No,Yes,2026-07-17,2026-08-24
UPDATE,2026-08-24T00:00:00,2026-08-24,PT0516741,LST0516741,AG01187,LOC0084,Townhouse,3,1.0,1096,3005,1980,320900.0,2026-07-14,Sold,309006.59,2026-08-24,41,726.32,3,No,No,2026-07-14,2026-08-24
UPDATE,2026-08-24T00:00:00,2026-08-24,PT0549179,LST0549179,AG01275,LOC0177,Single Family,4,3.0,1278,4330,1967,601500.0,2026-08-13,Active,,,0,0.0,3,No,No,2026-08-13,2026-08-24
UPDATE,2026-08-24T00:00:00,2026-08-24,PT0140094,LST0140094,AG01028,LOC0171,Single Family,5,4.0,600,6587,1993,198300.0,2023-06-03,Active,,,66,0.0,2,No,No,2023-06-03,2026-08-24
UPDATE,2026-08-24T00:00:00,2026-08-24,PT0436003,LST0436003,AG02632,LOC0135,Townhouse,1,1.0,1594,3550,1961,336200.0,2025-08-29,Pending,,,28,243.0,3,No,No,2025-08-29,2026-08-24
UPDATE,2026-08-24T00:00:00,2026-08-24,PT0109702,LST0109702,AG02488,LOC0183,Single Family,2,4.5,1566,2270,1922,334700.0,2026-06-22,Pending,,,168,0.0,2,No,No,2026-06-22,2026-08-24
UPDATE,2026-08-24T00:00:00,2026-08-24,PT0467865,LST0467865,AG01316,LOC0149,Apartment,4,1.0,853,0,1913,213100.0,2024-01-02,Sold,190571.86,2026-08-24,965,224.0,3,No,No,2024-01-02,2026-08-24
UPDATE,2026-08-24T00:00:00,2026-08-24,PT0508114,LST0508114,AG01557,LOC0112,Single Family,6,4.0,1923,1700,2019,173600.0,2026-07-07,Pending,,,0,0.0,1,Yes,No,2026-07-07,2026-08-24
UPDATE,2026-08-24T00:00:00,2026-08-24,PT0318415,LST0318415,AG01640,LOC0116,Apartment,2,1.5,990,0,1952,303800.0,2024-08-29,Sold,278335.54,2026-08-24,725,723.0,1,Yes,No,2024-08-29,2026-08-24
UPDATE,2026-08-24T00:00:00,2026-08-24,PT0463662,LST0463662,AG02693,LOC0046,Single Family,2,2.0,2569,4910,1990,366400.0,2026-02-26,Sold,339035.65,2026-08-24,179,0.0,0,No,No,2026-02-26,2026-08-24
UPDATE,2026-08-24T00:00:00,2026-08-24,PT0012230,LST0012230,AG02442,LOC0054,Townhouse,2,1.0,1347,6387,1910,247700.0,2025-07-01,Pending,,,172,490.0,1,No,No,2025-07-01,2026-08-24
UPDATE,2026-08-24T00:00:00,2026-08-24,PT0252806,LST0252806,AG01982,LOC0114,Condo,6,4.5,2596,2311,1986,730700.0,2025-05-07,Active,,,38,340.0,2,No,No,2025-05-07,2026-08-24
UPDATE,2026-08-24T00:00:00,2026-08-24,PT0495483,LST0495483,AG00853,LOC0095,Land,0,0.0,5424,1946,2020,1876400.0,2025-11-05,Pending,,,53,0.0,0,No,No,2025-11-05,2026-08-24
UPDATE,2026-08-24T00:00:00,2026-08-24,PT0451095,LST0451095,AG02988,LOC0151,Townhouse,2,4.5,2068,3480,1941,755000.0,2024-08-18,Active,,,20,432.0,3,Yes,No,2024-08-18,2026-08-24
UPDATE,2026-08-24T00:00:00,2026-08-24,PT0542021,LST0542021,AG02100,LOC0167,Townhouse,5,1.5,2541,5089,1928,1708700.0,2026-08-06,Active,,,0,783.28,2,No,No,2026-08-06,2026-08-24
UPDATE,2026-08-24T00:00:00,2026-08-24,PT0311433,LST0311433,AG02519,LOC0039,Apartment,1,2.0,423,0,1991,155700.0,2026-01-29,Pending,,,25,664.0,2,No,No,2026-01-29,2026-08-24
UPDATE,2026-08-24T00:00:00,2026-08-24,PT0542605,LST0542605,AG00378,LOC0222,Townhouse,3,3.5,2463,17397,2002,614600.0,2026-08-06,Active,,,0,427.08,0,Yes,No,2026-08-06,2026-08-24
UPDATE,2026-08-24T00:00:00,2026-08-24,PT0447204,LST0447204,AG01489,LOC0250,Condo,6,3.0,2436,3428,2015,724000.0,2026-04-02,Active,,,34,561.0,0,No,No,2026-04-02,2026-08-24
UPDATE,2026-08-24T00:00:00,2026-08-24,PT0116460,LST0116460,AG00502,LOC0129,Single Family,6,2.0,2543,2242,1908,1051500.0,2023-10-20,Pending,,,114,0.0,0,No,Yes,2023-10-20,2026-08-24
UPDATE,2026-08-24T00:00:00,2026-08-24,PT0161744,LST0161744,AG01165,LOC0131,Single Family,1,1.5,1170,1133,1983,70900.0,2024-09-17,Pending,,,22,0.0,0,No,No,2024-09-17,2026-08-24
UPDATE,2026-08-24T00:00:00,2026-08-24,PT0019478,LST0019478,AG01401,LOC0161,Multi-Family,6,3.5,4915,1244,1916,1900000.0,2025-04-13,Active,,,42,0.0,1,No,Yes,2025-04-13,2026-08-24
UPDATE,2026-08-24T00:00:00,2026-08-24,PT0502205,LST0502205,AG02182,LOC0033,Single Family,2,3.0,1242,4593,1921,361800.0,2026-07-02,Pending,,,0,0.0,0,No,Yes,2026-07-02,2026-08-24
UPDATE,2026-08-24T00:00:00,2026-08-24,PT0313716,LST0313716,AG02079,LOC0227,Single Family,4,3.5,2141,2477,2002,838100.0,2025-07-30,Sold,787139.49,2026-08-24,390,0.0,1,No,No,2025-07-30,2026-08-24
UPDATE,2026-08-24T00:00:00,2026-08-24,PT0149903,LST0149903,AG00517,LOC0147,Townhouse,4,4.5,1538,1504,1958,343100.0,2024-07-05,Active,,,40,641.0,0,No,No,2024-07-05,2026-08-24
UPDATE,2026-08-24T00:00:00,2026-08-24,PT0431411,LST0431411,AG00982,LOC0051,Single Family,5,3.5,2025,2816,1971,394400.0,2024-08-08,Sold,364749.16,2026-08-24,746,0.0,0,No,No,2024-08-08,2026-08-24
UPDATE,2026-08-24T00:00:00,2026-08-24,PT0477328,LST0477328,AG00978,LOC0073,Condo,3,2.5,1179,8326,2002,268100.0,2023-04-09,Active,,,112,199.0,0,No,No,2023-04-09,2026-08-24
UPDATE,2026-08-24T00:00:00,2026-08-24,PT0561928,LST0561928,AG00142,LOC0065,Apartment,4,3.0,731,0,1910,165500.0,2026-08-24,Sold,145308.35,2026-08-24,0,445.06,3,No,No,2026-08-24,2026-08-24
UPDATE,2026-08-24T00:00:00,2026-08-24,PT0299013,LST0299013,AG02351,LOC0190,Condo,4,3.5,1705,4029,1993,436400.0,2023-03-23,Active,,,102,765.0,2,No,No,2023-03-23,2026-08-24
UPDATE,2026-08-24T00:00:00,2026-08-24,PT0522172,LST0522172,AG02941,LOC0131,Apartment,4,1.0,907,0,1977,277800.0,2026-07-20,Active,,,0,688.73,3,No,No,2026-07-20,2026-08-24
UPDATE,2026-08-24T00:00:00,2026-08-24,PT0423339,LST0423339,AG02827,LOC0174,Single Family,5,2.5,2899,8728,1963,710800.0,2024-01-15,Active,,,94,0.0,2,No,Yes,2024-01-15,2026-08-24
UPDATE,2026-08-24T00:00:00,2026-08-24,PT0557202,LST0557202,AG00323,LOC0226,Multi-Family,2,4.0,2383,2479,1921,704000.0,2026-08-20,Pending,,,0,0.0,0,No,No,2026-08-20,2026-08-24
UPDATE,2026-08-24T00:00:00,2026-08-24,PT0015624,LST0015624,AG01501,LOC0227,Condo,3,3.5,2278,2929,2010,602800.0,2026-06-14,Pending,,,18,414.0,3,No,No,2026-06-14,2026-08-24
UPDATE,2026-08-24T00:00:00,2026-08-24,PT0122802,LST0122802,AG00536,LOC0196,Multi-Family,6,2.0,3330,1226,1917,1075600.0,2024-10-05,Sold,1091579.56,2026-08-24,688,0.0,0,No,Yes,2024-10-05,2026-08-24
UPDATE,2026-08-24T00:00:00,2026-08-24,PT0160764,LST0160764,AG00946,LOC0120,Single Family,4,2.5,1245,1022,1986,333600.0,2026-01-12,Pending,,,60,0.0,2,No,No,2026-01-12,2026-08-24
UPDATE,2026-08-24T00:00:00,2026-08-24,PT0294084,LST0294084,AG01873,LOC0098,Land,0,0.0,4263,1091,1926,1182200.0,2024-11-19,Pending,,,5,0.0,0,No,No,2024-11-19,2026-08-24
UPDATE,2026-08-24T00:00:00,2026-08-24,PT0074109,LST0074109,AG00257,LOC0152,Multi-Family,3,1.0,2020,10423,1946,602400.0,2023-06-07,Active,,,89,0.0,1,Yes,No,2023-06-07,2026-08-24
UPDATE,2026-08-24T00:00:00,2026-08-24,PT0223139,LST0223139,AG02409,LOC0154,Apartment,6,3.5,1272,0,1949,109800.0,2023-03-14,Pending,,,176,314.0,1,No,No,2023-03-14,2026-08-24
UPDATE,2026-08-24T00:00:00,2026-08-24,PT0065144,LST0065144,AG02609,LOC0246,Single Family,6,3.0,1399,2595,1980,188500.0,2024-07-22,Sold,187788.47,2026-08-24,763,0.0,2,No,No,2024-07-22,2026-08-24
UPDATE,2026-08-24T00:00:00,2026-08-24,PT0012508,LST0012508,AG00406,LOC0165,Single Family,3,3.0,1835,1913,1908,729600.0,2025-03-24,Sold,673583.18,2026-08-24,518,0.0,2,No,No,2025-03-24,2026-08-24
UPDATE,2026-08-24T00:00:00,2026-08-24,PT0386321,LST0386321,AG01178,LOC0012,Land,0,0.0,1168,1371,2015,463500.0,2025-09-19,Pending,,,121,0.0,0,No,No,2025-09-19,2026-08-24
UPDATE,2026-08-24T00:00:00,2026-08-24,PT0180341,LST0180341,AG02072,LOC0066,Single Family,6,4.0,1226,2887,1928,428500.0,2024-05-21,Sold,457732.97,2026-08-24,825,0.0,0,No,No,2024-05-21,2026-08-24
UPDATE,2026-08-24T00:00:00,2026-08-24,PT0215796,LST0215796,AG02990,LOC0037,Single Family,4,2.5,485,9406,1909,219900.0,2023-10-12,Sold,207118.46,2026-08-24,1047,0.0,1,No,Yes,2023-10-12,2026-08-24
UPDATE,2026-08-24T00:00:00,2026-08-24,PT0358045,LST0358045,AG02994,LOC0019,Single Family,1,1.0,1035,3947,1982,133500.0,2023-08-18,Sold,117914.54,2026-08-24,1102,0.0,2,Yes,No,2023-08-18,2026-08-24
UPDATE,2026-08-24T00:00:00,2026-08-24,PT0534462,LST0534462,AG01388,LOC0075,Townhouse,3,2.0,1469,1131,1928,399900.0,2026-07-30,Pending,,,0,693.46,3,No,No,2026-07-30,2026-08-24
UPDATE,2026-08-24T00:00:00,2026-08-24,PT0438341,LST0438341,AG01697,LOC0051,Apartment,3,3.0,605,0,1910,80100.0,2026-05-10,Active,,,162,507.0,2,No,No,2026-05-10,2026-08-24
UPDATE,2026-08-24T00:00:00,2026-08-24,PT0561258,LST0561258,AG02916,LOC0040,Single Family,3,4.0,2793,2251,1936,1178800.0,2026-08-23,Active,,,0,0.0,3,No,No,2026-08-23,2026-08-24
UPDATE,2026-08-24T00:00:00,2026-08-24,PT0242075,LST0242075,AG02977,LOC0216,Single Family,3,3.0,2139,1061,2008,498900.0,2023-08-03,Active,,,156,0.0,0,No,No,2023-08-03,2026-08-24
UPDATE,2026-08-24T00:00:00,2026-08-24,PT0143315,LST0143315,AG01259,LOC0184,Single Family,5,3.0,2289,1013,1921,1339100.0,2024-10-16,Active,,,153,0.0,0,No,No,2024-10-16,2026-08-24
UPDATE,2026-08-24T00:00:00,2026-08-24,PT0236272,LST0236272,AG02518,LOC0022,Single Family,1,2.0,2431,4548,2000,1375500.0,2024-01-09,Pending,,,114,0.0,3,No,Yes,2024-01-09,2026-08-24
UPDATE,2026-08-24T00:00:00,2026-08-24,PT0034958,LST0034958,AG01785,LOC0044,Single Family,3,1.0,1381,3329,1992,311100.0,2025-11-15,Active,,,22,0.0,1,Yes,Yes,2025-11-15,2026-08-24
UPDATE,2026-08-24T00:00:00,2026-08-24,PT0208458,LST0208458,AG01042,LOC0132,Townhouse,6,1.0,1689,2197,1942,559100.0,2024-05-08,Pending,,,15,564.0,0,No,No,2024-05-08,2026-08-24
UPDATE,2026-08-24T00:00:00,2026-08-24,PT0480061,LST0480061,AG01098,LOC0082,Single Family,2,1.5,2200,3293,1990,463900.0,2024-10-21,Pending,,,55,0.0,0,No,Yes,2024-10-21,2026-08-24
UPDATE,2026-08-24T00:00:00,2026-08-24,PT0116353,LST0116353,AG01190,LOC0015,Townhouse,5,3.0,867,6739,1940,271600.0,2026-03-14,Active,,,87,400.0,0,No,No,2026-03-14,2026-08-24
UPDATE,2026-08-24T00:00:00,2026-08-24,PT0010235,LST0010235,AG00759,LOC0085,Apartment,6,4.0,1253,0,1948,324500.0,2023-01-24,Pending,,,179,387.0,2,No,No,2023-01-24,2026-08-24
UPDATE,2026-08-24T00:00:00,2026-08-24,PT0521096,LST0521096,AG02710,LOC0100,Condo,5,4.5,1982,4828,1939,206700.0,2026-07-19,Active,,,0,516.97,0,No,No,2026-07-19,2026-08-24
UPDATE,2026-08-24T00:00:00,2026-08-24,PT0424852,LST0424852,AG00239,LOC0164,Condo,5,2.5,2037,2606,1956,279200.0,2023-10-06,Active,,,170,750.0,3,Yes,No,2023-10-06,2026-08-24
UPDATE,2026-08-24T00:00:00,2026-08-24,PT0160766,LST0160766,AG01464,LOC0195,Land,0,0.0,10046,1012,1961,2997800.0,2025-06-12,Active,,,66,0.0,0,No,No,2025-06-12,2026-08-24
UPDATE,2026-08-24T00:00:00,2026-08-24,PT0017169,LST0017169,AG01811,LOC0064,Townhouse,6,1.0,1006,6600,2003,233000.0,2023-07-25,Active,,,66,92.0,2,Yes,No,2023-07-25,2026-08-24
UPDATE,2026-08-24T00:00:00,2026-08-24,PT0496005,LST0496005,AG02106,LOC0207,Single Family,4,4.0,1934,2036,1935,328900.0,2023-07-01,Pending,,,118,0.0,3,No,No,2023-07-01,2026-08-24
UPDATE,2026-08-24T00:00:00,2026-08-24,PT0441680,LST0441680,AG02158,LOC0076,Single Family,3,4.5,1552,1920,1940,243300.0,2025-08-18,Sold,228054.36,2026-08-24,371,0.0,3,No,No,2025-08-18,2026-08-24
UPDATE,2026-08-24T00:00:00,2026-08-24,PT0561122,LST0561122,AG01436,LOC0205,Single Family,5,2.0,1795,3887,1930,109900.0,2026-08-23,Pending,,,0,0.0,0,No,Yes,2026-08-23,2026-08-24
UPDATE,2026-08-24T00:00:00,2026-08-24,PT0070629,LST0070629,AG01545,LOC0249,Condo,6,4.5,1086,3714,2014,241200.0,2025-05-09,Active,,,56,197.0,1,No,No,2025-05-09,2026-08-24
UPDATE,2026-08-24T00:00:00,2026-08-24,PT0466281,LST0466281,AG00330,LOC0035,Townhouse,5,4.5,2925,12853,1909,571700.0,2023-12-11,Active,,,114,223.0,1,No,No,2023-12-11,2026-08-24
UPDATE,2026-08-24T00:00:00,2026-08-24,PT0505971,LST0505971,AG00371,LOC0154,Land,0,0.0,5629,1320,1900,1423100.0,2026-07-05,Active,,,0,0.0,0,No,No,2026-07-05,2026-08-24
UPDATE,2026-08-24T00:00:00,2026-08-24,PT0284723,LST0284723,AG01183,LOC0209,Single Family,1,2.0,1372,7552,1998,595100.0,2025-12-23,Sold,646231.18,2026-08-24,244,0.0,1,No,No,2025-12-23,2026-08-24
UPDATE,2026-08-24T00:00:00,2026-08-24,PT0151528,LST0151528,AG00815,LOC0075,Single Family,5,4.5,2562,5136,1933,537500.0,2024-07-19,Pending,,,50,0.0,2,No,Yes,2024-07-19,2026-08-24
UPDATE,2026-08-24T00:00:00,2026-08-24,PT0145116,LST0145116,AG02956,LOC0017,Single Family,4,2.0,2597,6827,1978,778100.0,2024-06-28,Active,,,72,0.0,3,No,No,2024-06-28,2026-08-24
UPDATE,2026-08-24T00:00:00,2026-08-24,PT0298071,LST0298071,AG00744,LOC0067,Single Family,4,1.0,1188,8407,1917,221700.0,2024-10-01,Active,,,123,0.0,2,No,Yes,2024-10-01,2026-08-24
UPDATE,2026-08-24T00:00:00,2026-08-24,PT0133344,LST0133344,AG02580,LOC0075,Single Family,3,3.0,1791,11070,2006,481400.0,2024-12-22,Active,,,120,0.0,0,Yes,No,2024-12-22,2026-08-24
UPDATE,2026-08-24T00:00:00,2026-08-24,PT0230252,LST0230252,AG00716,LOC0216,Single Family,2,1.0,2180,12289,1939,222600.0,2023-02-26,Active,,,22,0.0,3,No,No,2023-02-26,2026-08-24
UPDATE,2026-08-24T00:00:00,2026-08-24,PT0319332,LST0319332,AG02725,LOC0030,Single Family,2,2.5,3496,1054,1965,1299800.0,2023-08-17,Sold,1277783.24,2026-08-24,1103,0.0,0,No,No,2023-08-17,2026-08-24
UPDATE,2026-08-24T00:00:00,2026-08-24,PT0159807,LST0159807,AG00983,LOC0090,Single Family,4,3.5,2834,11622,1944,1160900.0,2023-07-01,Active,,,76,0.0,1,Yes,No,2023-07-01,2026-08-24
UPDATE,2026-08-24T00:00:00,2026-08-24,PT0083176,LST0083176,AG01918,LOC0249,Condo,1,1.5,796,4747,1905,289800.0,2026-06-02,Active,,,85,510.0,2,No,No,2026-06-02,2026-08-24
UPDATE,2026-08-24T00:00:00,2026-08-24,PT0472889,LST0472889,AG00805,LOC0145,Single Family,5,3.5,2596,7545,1942,781900.0,2024-09-20,Pending,,,92,0.0,3,No,Yes,2024-09-20,2026-08-24
UPDATE,2026-08-24T00:00:00,2026-08-24,PT0134092,LST0134092,AG01545,LOC0219,Apartment,4,1.0,853,0,1911,308000.0,2024-11-19,Pending,,,149,795.0,1,No,No,2024-11-19,2026-08-24
UPDATE,2026-08-24T00:00:00,2026-08-24,PT0033174,LST0033174,AG00450,LOC0010,Condo,3,4.5,1550,4825,1935,509200.0,2026-03-21,Pending,,,34,497.0,3,No,No,2026-03-21,2026-08-24
UPDATE,2026-08-24T00:00:00,2026-08-24,PT0201527,LST0201527,AG00777,LOC0079,Single Family,6,1.5,2974,1964,1932,867400.0,2024-07-13,Pending,,,29,0.0,0,No,Yes,2024-07-13,2026-08-24
UPDATE,2026-08-24T00:00:00,2026-08-24,PT0173425,LST0173425,AG01507,LOC0155,Land,0,0.0,1658,2532,1945,417100.0,2025-03-05,Pending,,,112,0.0,0,No,No,2025-03-05,2026-08-24
UPDATE,2026-08-24T00:00:00,2026-08-24,PT0313508,LST0313508,AG02767,LOC0072,Single Family,2,3.0,2004,4469,1944,199200.0,2023-12-12,Pending,,,94,0.0,0,No,Yes,2023-12-12,2026-08-24
UPDATE,2026-08-24T00:00:00,2026-08-24,PT0280175,LST0280175,AG00178,LOC0101,Single Family,3,2.5,1169,3004,1968,405400.0,2023-03-11,Pending,,,101,0.0,3,No,Yes,2023-03-11,2026-08-24
UPDATE,2026-08-24T00:00:00,2026-08-24,PT0521324,LST0521324,AG01449,LOC0003,Condo,5,4.0,3031,7886,1994,332600.0,2026-07-19,Pending,,,0,305.88,1,No,No,2026-07-19,2026-08-24
UPDATE,2026-08-24T00:00:00,2026-08-24,PT0451249,LST0451249,AG01387,LOC0209,Condo,1,2.5,2493,2458,1956,998400.0,2026-06-23,Sold,831864.4,2026-08-24,62,517.0,3,No,No,2026-06-23,2026-08-24
UPDATE,2026-08-24T00:00:00,2026-08-24,PT0514552,LST0514552,AG00421,LOC0075,Condo,5,3.5,661,7917,2015,217300.0,2026-07-12,Pending,,,0,90.52,2,Yes,No,2026-07-12,2026-08-24
UPDATE,2026-08-24T00:00:00,2026-08-24,PT0161101,LST0161101,AG01859,LOC0040,Single Family,3,1.0,300,4247,1980,160600.0,2025-02-18,Pending,,,27,0.0,2,No,Yes,2025-02-18,2026-08-24
UPDATE,2026-08-24T00:00:00,2026-08-24,PT0538535,LST0538535,AG01955,LOC0176,Multi-Family,5,3.5,734,5864,1937,218100.0,2026-08-03,Pending,,,0,0.0,1,Yes,Yes,2026-08-03,2026-08-24
UPDATE,2026-08-24T00:00:00,2026-08-24,PT0076702,LST0076702,AG01302,LOC0083,Single Family,4,1.5,664,2355,1986,182800.0,2026-06-10,Pending,,,27,0.0,0,No,Yes,2026-06-10,2026-08-24
UPDATE,2026-08-24T00:00:00,2026-08-24,PT0114172,LST0114172,AG00017,LOC0162,Single Family,3,2.5,1366,3939,1914,81100.0,2026-01-10,Active,,,63,0.0,3,No,No,2026-01-10,2026-08-24
UPDATE,2026-08-24T00:00:00,2026-08-24,PT0175654,LST0175654,AG02660,LOC0167,Single Family,2,1.0,2575,6744,1937,1108300.0,2024-01-29,Active,,,75,0.0,2,No,No,2024-01-29,2026-08-24
UPDATE,2026-08-24T00:00:00,2026-08-24,PT0290212,LST0290212,AG02436,LOC0154,Single Family,2,1.0,881,2849,1924,180000.0,2025-04-29,Pending,,,30,0.0,2,No,No,2025-04-29,2026-08-24
UPDATE,2026-08-24T00:00:00,2026-08-24,PT0537309,LST0537309,AG02773,LOC0077,Single Family,2,1.5,3030,4637,1907,935700.0,2026-08-02,Pending,,,0,0.0,1,Yes,Yes,2026-08-02,2026-08-24
UPDATE,2026-08-24T00:00:00,2026-08-24,PT0130635,LST0130635,AG01511,LOC0138,Townhouse,4,3.5,2108,8508,2018,906800.0,2023-08-15,Pending,,,27,196.0,0,No,No,2023-08-15,2026-08-24
UPDATE,2026-08-24T00:00:00,2026-08-24,PT0013812,LST0013812,AG00621,LOC0021,Apartment,4,1.0,1101,0,1950,102700.0,2025-07-04,Active,,,62,534.0,1,No,No,2025-07-04,2026-08-24
UPDATE,2026-08-24T00:00:00,2026-08-24,PT0346988,LST0346988,AG01435,LOC0157,Condo,6,1.5,1771,5201,1942,678600.0,2026-04-23,Pending,,,122,575.0,2,Yes,No,2026-04-23,2026-08-24
UPDATE,2026-08-24T00:00:00,2026-08-24,PT0112003,LST0112003,AG00108,LOC0030,Land,0,0.0,5361,1064,1958,2515900.0,2025-07-18,Active,,,35,0.0,0,No,No,2025-07-18,2026-08-24
UPDATE,2026-08-24T00:00:00,2026-08-24,PT0413244,LST0413244,AG01975,LOC0226,Condo,2,4.0,404,1548,1938,177400.0,2023-03-28,Sold,185184.95,2026-08-24,1245,735.0,0,No,No,2023-03-28,2026-08-24
UPDATE,2026-08-24T00:00:00,2026-08-24,PT0501437,LST0501437,AG01539,LOC0175,Single Family,2,1.0,300,5089,1952,108300.0,2026-07-01,Active,,,0,0.0,2,No,Yes,2026-07-01,2026-08-24
UPDATE,2026-08-24T00:00:00,2026-08-24,PT0384599,LST0384599,AG02107,LOC0079,Apartment,4,3.5,1430,0,1907,389400.0,2023-05-31,Pending,,,135,328.0,1,No,No,2023-05-31,2026-08-24
UPDATE,2026-08-24T00:00:00,2026-08-24,PT0246847,LST0246847,AG02002,LOC0242,Single Family,4,2.0,3073,1452,2020,1010700.0,2023-01-20,Sold,959100.94,2026-08-24,1312,0.0,0,No,No,2023-01-20,2026-08-24
UPDATE,2026-08-24T00:00:00,2026-08-24,PT0486700,LST0486700,AG00039,LOC0202,Single Family,3,3.0,2647,4230,1949,528300.0,2026-02-08,Pending,,,26,0.0,1,No,No,2026-02-08,2026-08-24
UPDATE,2026-08-24T00:00:00,2026-08-24,PT0127828,LST0127828,AG00555,LOC0135,Condo,3,3.0,1461,2618,1991,218400.0,2023-08-29,Active,,,31,80.0,0,No,No,2023-08-29,2026-08-24
UPDATE,2026-08-24T00:00:00,2026-08-24,PT0135574,LST0135574,AG02543,LOC0178,Multi-Family,6,4.5,3186,1810,1905,235800.0,2023-05-23,Active,,,44,0.0,0,No,No,2023-05-23,2026-08-24
UPDATE,2026-08-24T00:00:00,2026-08-24,PT0260752,LST0260752,AG02418,LOC0140,Single Family,6,3.0,368,2352,1981,108300.0,2026-02-15,Active,,,170,0.0,3,Yes,Yes,2026-02-15,2026-08-24
UPDATE,2026-08-24T00:00:00,2026-08-24,PT0354834,LST0354834,AG02697,LOC0174,Single Family,6,3.0,1622,5146,2018,546100.0,2024-10-30,Active,,,136,0.0,2,No,Yes,2024-10-30,2026-08-24
UPDATE,2026-08-24T00:00:00,2026-08-24,PT0548950,LST0548950,AG01285,LOC0144,Single Family,5,4.5,2509,1724,1941,744100.0,2026-08-12,Pending,,,0,0.0,1,No,No,2026-08-12,2026-08-24
UPDATE,2026-08-24T00:00:00,2026-08-24,PT0461936,LST0461936,AG01069,LOC0098,Townhouse,1,2.0,1709,1258,2000,496100.0,2023-05-24,Pending,,,23,320.0,2,No,No,2023-05-24,2026-08-24
UPDATE,2026-08-24T00:00:00,2026-08-24,PT0138208,LST0138208,AG02999,LOC0190,Single Family,1,1.0,1411,1500,1987,176800.0,2025-03-11,Active,,,28,0.0,0,No,Yes,2025-03-11,2026-08-24
UPDATE,2026-08-24T00:00:00,2026-08-24,PT0439796,LST0439796,AG01646,LOC0068,Townhouse,2,3.0,1456,8083,1907,195000.0,2025-06-05,Active,,,152,638.0,3,No,No,2025-06-05,2026-08-24
UPDATE,2026-08-24T00:00:00,2026-08-24,PT0285108,LST0285108,AG00268,LOC0201,Single Family,2,2.0,1257,4919,1952,149700.0,2025-10-21,Sold,155303.73,2026-08-24,307,0.0,1,Yes,No,2025-10-21,2026-08-24
UPDATE,2026-08-24T00:00:00,2026-08-24,PT0369101,LST0369101,AG01894,LOC0198,Land,0,0.0,4826,1379,1946,775700.0,2024-11-02,Pending,,,6,0.0,0,No,No,2024-11-02,2026-08-24
UPDATE,2026-08-24T00:00:00,2026-08-24,PT0380475,LST0380475,AG00722,LOC0042,Apartment,3,2.5,1739,0,2013,883600.0,2025-12-13,Sold,831436.52,2026-08-24,254,681.0,3,No,No,2025-12-13,2026-08-24
UPDATE,2026-08-24T00:00:00,2026-08-24,PT0349932,LST0349932,AG01669,LOC0007,Single Family,5,1.5,1350,3756,1949,376400.0,2024-03-14,Sold,378592.3,2026-08-24,893,0.0,2,No,No,2024-03-14,2026-08-24
UPDATE,2026-08-24T00:00:00,2026-08-24,PT0166088,LST0166088,AG02427,LOC0045,Land,0,0.0,5750,5196,2015,1237300.0,2023-06-14,Active,,,7,0.0,0,No,No,2023-06-14,2026-08-24
UPDATE,2026-08-24T00:00:00,2026-08-24,PT0257335,LST0257335,AG02170,LOC0239,Land,0,0.0,4985,1028,1929,504200.0,2025-05-23,Active,,,53,0.0,0,No,No,2025-05-23,2026-08-24
UPDATE,2026-08-24T00:00:00,2026-08-24,PT0408992,LST0408992,AG00660,LOC0229,Townhouse,6,3.0,666,1044,1919,152600.0,2026-02-26,Active,,,122,606.0,1,No,No,2026-02-26,2026-08-24
UPDATE,2026-08-24T00:00:00,2026-08-24,PT0546474,LST0546474,AG00618,LOC0035,Condo,2,2.5,1485,4717,2023,386600.0,2026-08-10,Sold,363069.86,2026-08-24,14,81.03,3,No,No,2026-08-10,2026-08-24
UPDATE,2026-08-24T00:00:00,2026-08-24,PT0075580,LST0075580,AG02375,LOC0090,Apartment,2,1.5,1687,0,1941,313200.0,2026-03-26,Pending,,,128,488.0,1,No,No,2026-03-26,2026-08-24
UPDATE,2026-08-24T00:00:00,2026-08-24,PT0317481,LST0317481,AG00020,LOC0109,Single Family,3,4.5,2015,6221,1924,701400.0,2025-05-17,Sold,671129.56,2026-08-24,464,0.0,3,No,No,2025-05-17,2026-08-24
UPDATE,2026-08-24T00:00:00,2026-08-24,PT0412452,LST0412452,AG02429,LOC0065,Single Family,5,4.0,1413,10084,1931,286300.0,2023-05-26,Pending,,,78,0.0,1,No,Yes,2023-05-26,2026-08-24
UPDATE,2026-08-24T00:00:00,2026-08-24,PT0209226,LST0209226,AG01880,LOC0103,Single Family,2,2.5,2632,4571,1972,446700.0,2024-06-27,Pending,,,59,0.0,0,No,No,2024-06-27,2026-08-24
UPDATE,2026-08-24T00:00:00,2026-08-24,PT0547721,LST0547721,AG01527,LOC0205,Single Family,3,1.0,2157,2736,1920,698000.0,2026-08-11,Active,,,0,0.0,1,No,No,2026-08-11,2026-08-24
UPDATE,2026-08-24T00:00:00,2026-08-24,PT0298973,LST0298973,AG02880,LOC0056,Townhouse,5,3.0,1654,5292,1921,559400.0,2023-10-04,Active,,,123,796.0,3,No,No,2023-10-04,2026-08-24
UPDATE,2026-08-24T00:00:00,2026-08-24,PT0518724,LST0518724,AG02353,LOC0212,Condo,6,1.5,1256,5278,2000,601500.0,2026-07-16,Pending,,,0,484.43,3,No,No,2026-07-16,2026-08-24
UPDATE,2026-08-24T00:00:00,2026-08-24,PT0253417,LST0253417,AG02615,LOC0085,Single Family,3,3.5,2299,1386,1947,472000.0,2025-05-09,Active,,,92,0.0,1,No,Yes,2025-05-09,2026-08-24
UPDATE,2026-08-24T00:00:00,2026-08-24,PT0280950,LST0280950,AG00410,LOC0013,Single Family,4,4.0,1574,1112,1961,308400.0,2024-02-03,Active,,,151,0.0,1,No,No,2024-02-03,2026-08-24
UPDATE,2026-08-24T00:00:00,2026-08-24,PT0247345,LST0247345,AG01784,LOC0121,Single Family,6,4.5,1792,2502,1934,482100.0,2023-01-17,Active,,,161,0.0,2,No,No,2023-01-17,2026-08-24
UPDATE,2026-08-24T00:00:00,2026-08-24,PT0554767,LST0554767,AG00954,LOC0085,Single Family,3,1.5,1669,2518,1938,264600.0,2026-08-18,Sold,244289.72,2026-08-24,6,0.0,2,No,Yes,2026-08-18,2026-08-24
UPDATE,2026-08-24T00:00:00,2026-08-24,PT0508494,LST0508494,AG01256,LOC0046,Townhouse,2,3.0,626,2759,1910,170900.0,2026-07-07,Active,,,0,547.19,0,Yes,No,2026-07-07,2026-08-24
UPDATE,2026-08-24T00:00:00,2026-08-24,PT0424324,LST0424324,AG02789,LOC0223,Multi-Family,6,2.0,3404,8260,1967,320000.0,2023-11-20,Sold,327550.08,2026-08-24,1008,0.0,2,No,No,2023-11-20,2026-08-24
UPDATE,2026-08-24T00:00:00,2026-08-24,PT0188745,LST0188745,AG01484,LOC0097,Single Family,2,1.0,2537,4757,1929,612500.0,2023-09-30,Sold,604696.28,2026-08-24,1059,0.0,3,No,Yes,2023-09-30,2026-08-24
UPDATE,2026-08-24T00:00:00,2026-08-24,PT0182778,LST0182778,AG02296,LOC0067,Apartment,6,4.0,719,0,1957,135600.0,2024-09-10,Active,,,153,60.0,0,Yes,No,2024-09-10,2026-08-24
UPDATE,2026-08-24T00:00:00,2026-08-24,PT0021580,LST0021580,AG02012,LOC0158,Single Family,6,1.5,1793,10065,1916,828500.0,2025-02-09,Active,,,15,0.0,2,No,Yes,2025-02-09,2026-08-24
UPDATE,2026-08-24T00:00:00,2026-08-24,PT0070644,LST0070644,AG01424,LOC0073,Multi-Family,3,3.0,3637,1088,2003,1680500.0,2024-05-24,Active,,,19,0.0,3,No,Yes,2024-05-24,2026-08-24
UPDATE,2026-08-24T00:00:00,2026-08-24,PT0500920,LST0500920,AG02556,LOC0093,Single Family,1,3.5,2370,2522,1964,430800.0,2026-07-01,Active,,,0,0.0,2,No,Yes,2026-07-01,2026-08-24
UPDATE,2026-08-24T00:00:00,2026-08-24,PT0232574,LST0232574,AG01462,LOC0222,Condo,4,1.5,1971,2351,1956,544300.0,2024-08-20,Pending,,,171,130.0,3,No,No,2024-08-20,2026-08-24
UPDATE,2026-08-24T00:00:00,2026-08-24,PT0561455,LST0561455,AG02337,LOC0081,Single Family,6,1.0,2673,11016,1918,919600.0,2026-08-23,Pending,,,0,0.0,2,No,Yes,2026-08-23,2026-08-24
UPDATE,2026-08-24T00:00:00,2026-08-24,PT0249270,LST0249270,AG02586,LOC0040,Land,0,0.0,7354,9748,2008,3685000.0,2024-03-16,Active,,,92,0.0,0,No,No,2024-03-16,2026-08-24
UPDATE,2026-08-24T00:00:00,2026-08-24,PT0233165,LST0233165,AG01406,LOC0095,Single Family,3,2.5,300,6732,1924,159300.0,2024-10-03,Pending,,,22,0.0,2,No,No,2024-10-03,2026-08-24
UPDATE,2026-08-24T00:00:00,2026-08-24,PT0208741,LST0208741,AG02373,LOC0212,Single Family,1,4.0,835,4509,1977,502000.0,2026-01-05,Pending,,,63,0.0,2,No,Yes,2026-01-05,2026-08-24
UPDATE,2026-08-24T00:00:00,2026-08-24,PT0138764,LST0138764,AG00184,LOC0067,Condo,6,4.0,1481,8632,1947,157800.0,2025-04-11,Pending,,,103,534.0,3,No,No,2025-04-11,2026-08-24
UPDATE,2026-08-24T00:00:00,2026-08-24,PT0513068,LST0513068,AG02317,LOC0057,Townhouse,2,4.0,1448,2472,1991,1004600.0,2026-07-11,Sold,888271.38,2026-08-24,44,296.9,3,No,No,2026-07-11,2026-08-24
UPDATE,2026-08-24T00:00:00,2026-08-24,PT0397437,LST0397437,AG01099,LOC0155,Single Family,2,1.5,2426,1138,1974,448600.0,2023-10-10,Pending,,,89,0.0,1,Yes,Yes,2023-10-10,2026-08-24
UPDATE,2026-08-24T00:00:00,2026-08-24,PT0540702,LST0540702,AG01231,LOC0003,Townhouse,1,1.5,1187,7131,1985,193200.0,2026-08-04,Pending,,,0,133.26,1,No,No,2026-08-04,2026-08-24
UPDATE,2026-08-24T00:00:00,2026-08-24,PT0228297,LST0228297,AG00263,LOC0224,Condo,5,1.0,1921,4776,1913,536700.0,2023-05-14,Sold,507548.18,2026-08-24,1198,653.0,2,No,No,2023-05-14,2026-08-24
UPDATE,2026-08-24T00:00:00,2026-08-24,PT0531793,LST0531793,AG00683,LOC0129,Single Family,5,4.0,1843,2822,2003,593600.0,2026-07-28,Active,,,0,0.0,3,No,No,2026-07-28,2026-08-24
UPDATE,2026-08-24T00:00:00,2026-08-24,PT0183999,LST0183999,AG00487,LOC0049,Condo,3,4.0,3852,3314,1963,1235900.0,2024-08-10,Active,,,123,731.0,2,No,No,2024-08-10,2026-08-24
UPDATE,2026-08-24T00:00:00,2026-08-24,PT0437415,LST0437415,AG01829,LOC0156,Townhouse,1,2.5,2568,1264,1903,982100.0,2024-02-14,Active,,,96,112.0,2,No,No,2024-02-14,2026-08-24
UPDATE,2026-08-24T00:00:00,2026-08-24,PT0333537,LST0333537,AG02006,LOC0008,Single Family,2,2.5,2343,1713,2008,330300.0,2023-06-19,Pending,,,139,0.0,0,No,Yes,2023-06-19,2026-08-24
UPDATE,2026-08-24T00:00:00,2026-08-24,PT0419369,LST0419369,AG02838,LOC0228,Single Family,1,4.5,1783,4573,2007,627800.0,2025-09-26,Sold,618927.31,2026-08-24,332,0.0,1,No,No,2025-09-26,2026-08-24
UPDATE,2026-08-24T00:00:00,2026-08-24,PT0526350,LST0526350,AG01654,LOC0027,Apartment,3,2.0,1378,0,1931,581700.0,2026-07-23,Pending,,,0,259.19,2,Yes,No,2026-07-23,2026-08-24
UPDATE,2026-08-24T00:00:00,2026-08-24,PT0051653,LST0051653,AG00458,LOC0100,Townhouse,3,4.5,2044,4518,1945,152000.0,2026-01-23,Active,,,94,353.0,2,No,No,2026-01-23,2026-08-24
UPDATE,2026-08-24T00:00:00,2026-08-24,PT0065634,LST0065634,AG01553,LOC0088,Townhouse,1,1.5,1041,1413,1959,134600.0,2024-11-18,Pending,,,174,63.0,0,Yes,No,2024-11-18,2026-08-24
UPDATE,2026-08-24T00:00:00,2026-08-24,PT0153793,LST0153793,AG01652,LOC0102,Condo,6,1.0,2065,4151,1975,632300.0,2024-09-09,Pending,,,88,437.0,3,No,No,2024-09-09,2026-08-24
UPDATE,2026-08-24T00:00:00,2026-08-24,PT0225593,LST0225593,AG01056,LOC0050,Single Family,3,2.0,1034,11911,1928,83700.0,2025-02-04,Sold,78520.91,2026-08-24,566,0.0,2,No,Yes,2025-02-04,2026-08-24
UPDATE,2026-08-24T00:00:00,2026-08-24,PT0367748,LST0367748,AG00524,LOC0108,Townhouse,2,2.5,1403,5090,1934,321800.0,2026-04-24,Pending,,,115,606.0,2,No,No,2026-04-24,2026-08-24
UPDATE,2026-08-24T00:00:00,2026-08-24,PT0556290,LST0556290,AG01923,LOC0199,Condo,4,2.0,1345,1742,1996,518100.0,2026-08-19,Active,,,0,149.45,3,No,No,2026-08-19,2026-08-24
UPDATE,2026-08-24T00:00:00,2026-08-24,PT0377782,LST0377782,AG00600,LOC0169,Condo,6,1.5,1840,4827,1991,519900.0,2023-10-19,Active,,,174,210.0,3,No,No,2023-10-19,2026-08-24
UPDATE,2026-08-24T00:00:00,2026-08-24,PT0200536,LST0200536,AG00370,LOC0245,Single Family,1,2.5,3276,8375,1907,245900.0,2024-05-20,Sold,228152.16,2026-08-24,826,0.0,1,No,No,2024-05-20,2026-08-24
UPDATE,2026-08-24T00:00:00,2026-08-24,PT0054290,LST0054290,AG00047,LOC0228,Single Family,5,3.5,1352,1185,1961,288900.0,2023-05-19,Sold,292939.28,2026-08-24,1193,0.0,0,Yes,No,2023-05-19,2026-08-24
UPDATE,2026-08-24T00:00:00,2026-08-24,PT0221019,LST0221019,AG01709,LOC0182,Multi-Family,3,2.0,4342,3806,2012,1277900.0,2026-05-01,Active,,,122,0.0,2,No,No,2026-05-01,2026-08-24
UPDATE,2026-08-24T00:00:00,2026-08-24,PT0438568,LST0438568,AG01309,LOC0009,Single Family,4,1.5,2284,2394,2024,340100.0,2024-10-19,Active,,,131,0.0,0,No,No,2024-10-19,2026-08-24
UPDATE,2026-08-24T00:00:00,2026-08-24,PT0304339,LST0304339,AG00343,LOC0059,Single Family,6,3.5,3068,1585,1935,336500.0,2024-01-27,Sold,311549.2,2026-08-24,940,0.0,3,Yes,Yes,2024-01-27,2026-08-24
UPDATE,2026-08-24T00:00:00,2026-08-24,PT0150734,LST0150734,AG00455,LOC0151,Single Family,2,1.0,2056,1950,1939,413000.0,2023-03-20,Active,,,35,0.0,3,No,Yes,2023-03-20,2026-08-24
UPDATE,2026-08-24T00:00:00,2026-08-24,PT0540485,LST0540485,AG00737,LOC0126,Condo,5,4.5,1724,3473,2023,551200.0,2026-08-04,Sold,542698.18,2026-08-24,20,502.49,1,No,No,2026-08-04,2026-08-24
UPDATE,2026-08-24T00:00:00,2026-08-24,PT0422286,LST0422286,AG01666,LOC0217,Multi-Family,2,3.0,4045,8615,1934,390800.0,2023-12-06,Pending,,,45,0.0,1,No,No,2023-12-06,2026-08-24
UPDATE,2026-08-24T00:00:00,2026-08-24,PT0102426,LST0102426,AG01527,LOC0056,Single Family,6,1.5,2728,1007,1954,870400.0,2024-05-07,Pending,,,29,0.0,2,No,Yes,2024-05-07,2026-08-24
UPDATE,2026-08-24T00:00:00,2026-08-24,PT0107616,LST0107616,AG01063,LOC0147,Single Family,1,1.0,738,1270,1980,84900.0,2025-02-13,Pending,,,133,0.0,3,No,No,2025-02-13,2026-08-24
UPDATE,2026-08-24T00:00:00,2026-08-24,PT0244970,LST0244970,AG00072,LOC0063,Multi-Family,3,4.0,4024,18805,1999,699400.0,2024-04-23,Active,,,48,0.0,1,No,Yes,2024-04-23,2026-08-24
UPDATE,2026-08-24T00:00:00,2026-08-24,PT0208167,LST0208167,AG01226,LOC0238,Condo,5,1.5,2800,1113,1964,522300.0,2023-09-01,Active,,,19,350.0,3,No,No,2023-09-01,2026-08-24
UPDATE,2026-08-24T00:00:00,2026-08-24,PT0245178,LST0245178,AG00022,LOC0179,Single Family,6,4.5,2395,12044,1958,231200.0,2026-04-22,Sold,239012.09,2026-08-24,124,0.0,1,No,Yes,2026-04-22,2026-08-24
UPDATE,2026-08-24T00:00:00,2026-08-24,PT0116191,LST0116191,AG01959,LOC0217,Multi-Family,2,2.0,4694,3261,2013,199900.0,2025-07-09,Pending,,,110,0.0,3,No,No,2025-07-09,2026-08-24
UPDATE,2026-08-24T00:00:00,2026-08-24,PT0310031,LST0310031,AG00914,LOC0139,Apartment,3,4.5,1158,0,1967,664000.0,2024-12-28,Pending,,,124,583.0,1,No,No,2024-12-28,2026-08-24
UPDATE,2026-08-24T00:00:00,2026-08-24,PT0066037,LST0066037,AG02632,LOC0095,Single Family,5,2.0,603,1615,2002,176400.0,2025-04-07,Active,,,108,0.0,2,No,Yes,2025-04-07,2026-08-24
UPDATE,2026-08-24T00:00:00,2026-08-24,PT0373369,LST0373369,AG00547,LOC0034,Townhouse,1,4.5,1931,12991,1968,1047300.0,2023-01-07,Active,,,69,416.0,2,No,No,2023-01-07,2026-08-24
UPDATE,2026-08-24T00:00:00,2026-08-24,PT0530398,LST0530398,AG00815,LOC0133,Condo,1,4.5,1535,4488,1910,408600.0,2026-07-27,Sold,364185.36,2026-08-24,28,668.23,1,No,No,2026-07-27,2026-08-24
UPDATE,2026-08-24T00:00:00,2026-08-24,PT0430110,LST0430110,AG02394,LOC0207,Townhouse,4,2.0,1678,6536,1953,218500.0,2023-11-03,Active,,,4,131.0,1,No,No,2023-11-03,2026-08-24
UPDATE,2026-08-24T00:00:00,2026-08-24,PT0544617,LST0544617,AG01498,LOC0191,Single Family,2,2.5,995,2315,1936,583200.0,2026-08-08,Active,,,0,0.0,3,No,No,2026-08-08,2026-08-24
UPDATE,2026-08-24T00:00:00,2026-08-24,PT0395886,LST0395886,AG01564,LOC0144,Single Family,3,4.0,1180,5761,1964,304800.0,2023-07-22,Sold,302824.89,2026-08-24,1129,0.0,0,Yes,Yes,2023-07-22,2026-08-24
UPDATE,2026-08-24T00:00:00,2026-08-24,PT0535045,LST0535045,AG00502,LOC0066,Single Family,6,3.0,910,2849,1915,222800.0,2026-07-31,Active,,,0,0.0,2,No,No,2026-07-31,2026-08-24
UPDATE,2026-08-24T00:00:00,2026-08-24,PT0377917,LST0377917,AG00196,LOC0023,Single Family,4,2.5,1012,2790,1961,284800.0,2026-02-02,Pending,,,162,0.0,3,No,No,2026-02-02,2026-08-24
UPDATE,2026-08-24T00:00:00,2026-08-24,PT0038961,LST0038961,AG01951,LOC0032,Townhouse,3,2.0,969,13338,1954,115900.0,2025-02-17,Pending,,,15,651.0,1,Yes,No,2025-02-17,2026-08-24
UPDATE,2026-08-24T00:00:00,2026-08-24,PT0355727,LST0355727,AG01608,LOC0055,Single Family,4,1.0,2699,2692,1911,567000.0,2025-03-27,Active,,,139,0.0,0,No,Yes,2025-03-27,2026-08-24
UPDATE,2026-08-24T00:00:00,2026-08-24,PT0316115,LST0316115,AG00182,LOC0129,Land,0,0.0,4225,10452,1963,1076000.0,2024-03-19,Pending,,,109,0.0,0,No,No,2024-03-19,2026-08-24
UPDATE,2026-08-24T00:00:00,2026-08-24,PT0344157,LST0344157,AG01990,LOC0141,Single Family,4,3.0,2690,1331,1925,529700.0,2023-12-14,Pending,,,98,0.0,0,No,Yes,2023-12-14,2026-08-24
UPDATE,2026-08-24T00:00:00,2026-08-24,PT0095212,LST0095212,AG01357,LOC0082,Single Family,1,3.5,2648,2738,1918,159600.0,2026-04-04,Sold,142374.68,2026-08-24,142,0.0,2,No,No,2026-04-04,2026-08-24
UPDATE,2026-08-24T00:00:00,2026-08-24,PT0127513,LST0127513,AG02767,LOC0017,Condo,2,1.5,742,13375,1981,328300.0,2024-03-06,Active,,,98,213.0,3,No,No,2024-03-06,2026-08-24
UPDATE,2026-08-24T00:00:00,2026-08-24,PT0175275,LST0175275,AG01386,LOC0133,Land,0,0.0,5218,4171,1930,922900.0,2026-04-07,Pending,,,61,0.0,0,No,No,2026-04-07,2026-08-24
UPDATE,2026-08-24T00:00:00,2026-08-24,PT0258086,LST0258086,AG02754,LOC0146,Condo,4,2.5,1847,5282,1993,368800.0,2024-03-16,Pending,,,130,781.0,1,No,No,2024-03-16,2026-08-24
UPDATE,2026-08-24T00:00:00,2026-08-24,PT0285388,LST0285388,AG00659,LOC0070,Single Family,5,2.5,2642,3387,1951,373000.0,2023-03-07,Pending,,,126,0.0,1,Yes,No,2023-03-07,2026-08-24
UPDATE,2026-08-24T00:00:00,2026-08-24,PT0469513,LST0469513,AG02299,LOC0001,Land,0,0.0,7407,1159,1975,1183000.0,2023-04-10,Active,,,47,0.0,0,No,No,2023-04-10,2026-08-24
UPDATE,2026-08-24T00:00:00,2026-08-24,PT0512070,LST0512070,AG01072,LOC0006,Single Family,1,3.0,2434,1535,1929,456400.0,2026-07-10,Pending,,,0,0.0,0,No,No,2026-07-10,2026-08-24
UPDATE,2026-08-24T00:00:00,2026-08-24,PT0529109,LST0529109,AG00604,LOC0140,Apartment,3,1.5,1269,0,1905,229800.0,2026-07-26,Active,,,0,314.55,0,Yes,No,2026-07-26,2026-08-24
UPDATE,2026-08-24T00:00:00,2026-08-24,PT0525787,LST0525787,AG00890,LOC0146,Land,0,0.0,4976,2421,1944,499100.0,2026-07-23,Sold,525401.87,2026-08-24,32,0.0,0,No,No,2026-07-23,2026-08-24
UPDATE,2026-08-24T00:00:00,2026-08-24,PT0093542,LST0093542,AG00351,LOC0181,Apartment,2,4.0,1831,0,1910,329400.0,2024-07-02,Sold,320373.48,2026-08-24,783,203.0,3,Yes,No,2024-07-02,2026-08-24
UPDATE,2026-08-24T00:00:00,2026-08-24,PT0269146,LST0269146,AG00985,LOC0064,Condo,6,4.5,341,10480,2023,106700.0,2026-04-29,Active,,,96,146.0,0,No,No,2026-04-29,2026-08-24
UPDATE,2026-08-24T00:00:00,2026-08-24,PT0329924,LST0329924,AG00137,LOC0062,Condo,6,2.5,2743,2610,2001,1103300.0,2023-02-05,Sold,1071495.31,2026-08-24,1296,650.0,2,No,No,2023-02-05,2026-08-24
UPDATE,2026-08-24T00:00:00,2026-08-24,PT0261161,LST0261161,AG00303,LOC0055,Condo,2,4.5,897,1670,1955,126200.0,2025-05-02,Pending,,,109,562.0,2,No,No,2025-05-02,2026-08-24
UPDATE,2026-08-24T00:00:00,2026-08-24,PT0122541,LST0122541,AG00949,LOC0132,Single Family,1,4.0,1292,1747,1904,349600.0,2026-01-28,Pending,,,16,0.0,1,No,No,2026-01-28,2026-08-24
UPDATE,2026-08-24T00:00:00,2026-08-24,PT0399148,LST0399148,AG01682,LOC0007,Single Family,2,3.0,2409,4183,1906,863700.0,2023-01-17,Active,,,12,0.0,2,No,Yes,2023-01-17,2026-08-24
UPDATE,2026-08-24T00:00:00,2026-08-24,PT0125603,LST0125603,AG02367,LOC0155,Single Family,2,4.5,1125,1490,2021,245800.0,2025-04-22,Active,,,64,0.0,1,No,Yes,2025-04-22,2026-08-24
UPDATE,2026-08-24T00:00:00,2026-08-24,PT0070068,LST0070068,AG02096,LOC0219,Condo,6,4.5,2115,9218,1930,518300.0,2025-07-19,Pending,,,37,714.0,2,Yes,No,2025-07-19,2026-08-24
UPDATE,2026-08-24T00:00:00,2026-08-24,PT0078308,LST0078308,AG02876,LOC0032,Single Family,2,4.5,1527,7715,1957,262800.0,2025-06-10,Pending,,,123,0.0,3,No,Yes,2025-06-10,2026-08-24
UPDATE,2026-08-24T00:00:00,2026-08-24,PT0014436,LST0014436,AG01654,LOC0215,Townhouse,3,1.0,1995,1577,1901,882300.0,2024-10-01,Active,,,18,376.0,0,No,No,2024-10-01,2026-08-24
UPDATE,2026-08-24T00:00:00,2026-08-24,PT0527558,LST0527558,AG02878,LOC0119,Single Family,3,2.0,1348,10850,1979,508400.0,2026-07-24,Active,,,0,0.0,3,No,No,2026-07-24,2026-08-24
UPDATE,2026-08-24T00:00:00,2026-08-24,PT0122421,LST0122421,AG01828,LOC0043,Townhouse,1,1.5,2701,4260,1946,755900.0,2025-10-10,Pending,,,50,594.0,2,No,No,2025-10-10,2026-08-24
UPDATE,2026-08-24T00:00:00,2026-08-24,PT0467861,LST0467861,AG00467,LOC0173,Condo,5,3.0,3270,1501,1955,1391500.0,2024-10-30,Pending,,,111,199.0,3,No,No,2024-10-30,2026-08-24
UPDATE,2026-08-24T00:00:00,2026-08-24,PT0119120,LST0119120,AG01340,LOC0241,Townhouse,2,2.5,2766,2839,1981,414900.0,2024-01-29,Pending,,,169,441.0,2,No,No,2024-01-29,2026-08-24
UPDATE,2026-08-24T00:00:00,2026-08-24,PT0095322,LST0095322,AG02343,LOC0184,Townhouse,5,4.0,2415,2042,1998,1250500.0,2025-01-18,Sold,1195578.11,2026-08-24,583,197.0,0,No,No,2025-01-18,2026-08-24
UPDATE,2026-08-24T00:00:00,2026-08-24,PT0272639,LST0272639,AG00156,LOC0248,Single Family,5,2.0,2186,5793,1931,236400.0,2024-07-18,Active,,,46,0.0,0,No,No,2024-07-18,2026-08-24
UPDATE,2026-08-24T00:00:00,2026-08-24,PT0550488,LST0550488,AG02659,LOC0141,Single Family,3,4.5,2046,5614,1913,605100.0,2026-08-14,Pending,,,0,0.0,2,No,No,2026-08-14,2026-08-24
UPDATE,2026-08-24T00:00:00,2026-08-24,PT0233801,LST0233801,AG00746,LOC0223,Single Family,4,2.5,3070,1176,1912,1061300.0,2023-07-08,Active,,,31,0.0,2,Yes,No,2023-07-08,2026-08-24
UPDATE,2026-08-24T00:00:00,2026-08-24,PT0401237,LST0401237,AG00095,LOC0079,Apartment,1,1.0,1873,0,1934,275500.0,2024-10-18,Pending,,,14,117.0,1,No,No,2024-10-18,2026-08-24
UPDATE,2026-08-24T00:00:00,2026-08-24,PT0060476,LST0060476,AG01274,LOC0123,Single Family,2,1.0,1558,11901,1997,323300.0,2025-01-22,Active,,,54,0.0,1,No,Yes,2025-01-22,2026-08-24
UPDATE,2026-08-24T00:00:00,2026-08-24,PT0064987,LST0064987,AG00366,LOC0153,Townhouse,5,2.5,2561,8962,1952,858700.0,2024-10-11,Pending,,,167,417.0,3,No,No,2024-10-11,2026-08-24
UPDATE,2026-08-24T00:00:00,2026-08-24,PT0446748,LST0446748,AG02669,LOC0086,Townhouse,2,3.0,2020,6795,1924,367300.0,2023-03-21,Sold,354091.53,2026-08-24,1252,130.0,0,No,No,2023-03-21,2026-08-24
UPDATE,2026-08-24T00:00:00,2026-08-24,PT0508028,LST0508028,AG01818,LOC0224,Single Family,3,3.0,2512,1843,2004,478000.0,2026-07-07,Active,,,0,0.0,0,No,No,2026-07-07,2026-08-24
UPDATE,2026-08-24T00:00:00,2026-08-24,PT0146097,LST0146097,AG00488,LOC0018,Townhouse,4,3.0,1162,5063,1956,523700.0,2026-04-02,Active,,,163,115.0,2,No,No,2026-04-02,2026-08-24
UPDATE,2026-08-24T00:00:00,2026-08-24,PT0283130,LST0283130,AG01534,LOC0183,Condo,1,4.5,2045,1630,2018,528700.0,2023-09-21,Pending,,,94,286.0,2,No,No,2023-09-21,2026-08-24
UPDATE,2026-08-24T00:00:00,2026-08-24,PT0135726,LST0135726,AG00262,LOC0004,Condo,2,4.5,1497,1360,1961,233200.0,2023-01-04,Sold,243361.24,2026-08-24,1328,410.0,0,No,No,2023-01-04,2026-08-24
UPDATE,2026-08-24T00:00:00,2026-08-24,PT0504372,LST0504372,AG01640,LOC0190,Condo,2,2.0,1346,1558,2005,280600.0,2026-07-04,Active,,,0,137.22,2,No,No,2026-07-04,2026-08-24
UPDATE,2026-08-24T00:00:00,2026-08-24,PT0255029,LST0255029,AG00955,LOC0063,Townhouse,2,1.5,1495,1409,1921,555800.0,2023-05-11,Sold,500550.21,2026-08-24,1201,628.0,2,No,No,2023-05-11,2026-08-24
UPDATE,2026-08-24T00:00:00,2026-08-24,PT0524699,LST0524699,AG00505,LOC0011,Single Family,2,4.5,1799,1281,1967,1039600.0,2026-07-22,Active,,,0,0.0,3,No,No,2026-07-22,2026-08-24
UPDATE,2026-08-24T00:00:00,2026-08-24,PT0167750,LST0167750,AG01063,LOC0222,Apartment,5,3.5,1073,0,1940,260100.0,2025-10-22,Sold,251545.64,2026-08-24,306,79.0,0,No,No,2025-10-22,2026-08-24
UPDATE,2026-08-24T00:00:00,2026-08-24,PT0459416,LST0459416,AG00220,LOC0202,Townhouse,3,3.5,1803,3983,2009,613700.0,2024-08-16,Pending,,,141,427.0,3,No,No,2024-08-16,2026-08-24
UPDATE,2026-08-24T00:00:00,2026-08-24,PT0092092,LST0092092,AG00694,LOC0182,Single Family,5,3.0,1203,8667,1932,430700.0,2026-06-02,Pending,,,13,0.0,3,No,No,2026-06-02,2026-08-24
UPDATE,2026-08-24T00:00:00,2026-08-24,PT0295708,LST0295708,AG02573,LOC0143,Single Family,2,2.5,1018,6490,1912,123500.0,2026-05-27,Pending,,,155,0.0,3,Yes,Yes,2026-05-27,2026-08-24
UPDATE,2026-08-24T00:00:00,2026-08-24,PT0128455,LST0128455,AG01024,LOC0031,Land,0,0.0,6696,6508,1954,1633100.0,2024-04-05,Pending,,,19,0.0,0,No,No,2024-04-05,2026-08-24
UPDATE,2026-08-24T00:00:00,2026-08-24,PT0040737,LST0040737,AG00411,LOC0151,Condo,6,3.0,2178,10301,1915,470900.0,2025-03-03,Active,,,135,139.0,0,No,No,2025-03-03,2026-08-24
UPDATE,2026-08-24T00:00:00,2026-08-24,PT0222058,LST0222058,AG00793,LOC0135,Condo,4,2.5,1830,7398,1917,711500.0,2023-10-20,Sold,666712.15,2026-08-24,1039,758.0,0,No,No,2023-10-20,2026-08-24
UPDATE,2026-08-24T00:00:00,2026-08-24,PT0546141,LST0546141,AG01082,LOC0148,Single Family,6,3.0,2867,1993,1990,1171400.0,2026-08-09,Sold,1103949.62,2026-08-24,15,0.0,1,No,Yes,2026-08-09,2026-08-24
UPDATE,2026-08-24T00:00:00,2026-08-24,PT0170212,LST0170212,AG02894,LOC0012,Townhouse,6,2.5,1112,5275,1985,735200.0,2023-11-28,Pending,,,96,605.0,1,No,No,2023-11-28,2026-08-24
UPDATE,2026-08-24T00:00:00,2026-08-24,PT0354608,LST0354608,AG00785,LOC0013,Single Family,1,3.0,2390,8530,1977,538400.0,2024-12-03,Pending,,,95,0.0,0,Yes,Yes,2024-12-03,2026-08-24
UPDATE,2026-08-24T00:00:00,2026-08-24,PT0427289,LST0427289,AG02390,LOC0125,Condo,6,1.5,725,6405,2004,161500.0,2024-03-27,Pending,,,57,118.0,1,Yes,No,2024-03-27,2026-08-24
UPDATE,2026-08-24T00:00:00,2026-08-24,PT0540365,LST0540365,AG00784,LOC0067,Townhouse,2,3.5,1999,11397,1926,355100.0,2026-08-04,Sold,343126.9,2026-08-24,20,80.67,1,Yes,No,2026-08-04,2026-08-24
UPDATE,2026-08-24T00:00:00,2026-08-24,PT0538588,LST0538588,AG00391,LOC0178,Single Family,3,4.5,2665,4463,2012,375800.0,2026-08-03,Active,,,0,0.0,2,No,No,2026-08-03,2026-08-24
UPDATE,2026-08-24T00:00:00,2026-08-24,PT0553528,LST0553528,AG01102,LOC0029,Townhouse,4,1.5,1702,2372,1914,673800.0,2026-08-16,Active,,,0,323.52,1,No,No,2026-08-16,2026-08-24
UPDATE,2026-08-24T00:00:00,2026-08-24,PT0551580,LST0551580,AG02205,LOC0048,Land,0,0.0,1119,1657,2023,439300.0,2026-08-15,Active,,,0,0.0,0,No,No,2026-08-15,2026-08-24
UPDATE,2026-08-24T00:00:00,2026-08-24,PT0368656,LST0368656,AG02116,LOC0110,Single Family,1,1.0,1492,6846,1966,305800.0,2025-03-27,Active,,,59,0.0,3,No,No,2025-03-27,2026-08-24
UPDATE,2026-08-24T00:00:00,2026-08-24,PT0553293,LST0553293,AG02634,LOC0044,Apartment,4,1.5,863,0,1908,264400.0,2026-08-16,Pending,,,0,780.8,1,No,No,2026-08-16,2026-08-24
UPDATE,2026-08-24T00:00:00,2026-08-24,PT0108973,LST0108973,AG01147,LOC0033,Single Family,4,2.0,2452,5002,2024,954200.0,2026-06-10,Sold,931361.71,2026-08-24,75,0.0,3,Yes,Yes,2026-06-10,2026-08-24
UPDATE,2026-08-24T00:00:00,2026-08-24,PT0289774,LST0289774,AG00326,LOC0225,Condo,1,2.0,1297,2833,1967,332900.0,2024-11-24,Pending,,,19,555.0,3,No,No,2024-11-24,2026-08-24
UPDATE,2026-08-24T00:00:00,2026-08-24,PT0199998,LST0199998,AG01208,LOC0041,Condo,3,2.5,1613,3834,2013,531000.0,2026-03-02,Active,,,155,246.0,0,No,No,2026-03-02,2026-08-24
UPDATE,2026-08-24T00:00:00,2026-08-24,PT0155807,LST0155807,AG01975,LOC0080,Apartment,1,3.5,1059,0,1919,215600.0,2025-01-13,Pending,,,141,288.0,1,No,No,2025-01-13,2026-08-24
UPDATE,2026-08-24T00:00:00,2026-08-24,PT0208977,LST0208977,AG01496,LOC0145,Condo,6,1.5,1610,1432,2017,686500.0,2025-07-07,Sold,662274.87,2026-08-24,413,413.0,1,No,No,2025-07-07,2026-08-24
UPDATE,2026-08-24T00:00:00,2026-08-24,PT0411865,LST0411865,AG01037,LOC0075,Single Family,5,1.0,1689,2571,2009,302400.0,2025-12-25,Pending,,,104,0.0,3,Yes,Yes,2025-12-25,2026-08-24
UPDATE,2026-08-24T00:00:00,2026-08-24,PT0148734,LST0148734,AG02714,LOC0200,Condo,1,1.5,367,6393,1957,105000.0,2023-11-27,Pending,,,65,610.0,2,No,No,2023-11-27,2026-08-24
UPDATE,2026-08-24T00:00:00,2026-08-24,PT0459522,LST0459522,AG00296,LOC0226,Single Family,5,3.0,1964,9124,1936,498400.0,2026-03-12,Sold,524641.75,2026-08-24,165,0.0,1,No,No,2026-03-12,2026-08-24
UPDATE,2026-08-24T00:00:00,2026-08-24,PT0310319,LST0310319,AG00905,LOC0145,Townhouse,2,3.5,2306,3579,1928,859600.0,2024-07-09,Pending,,,38,417.0,3,No,No,2024-07-09,2026-08-24
UPDATE,2026-08-24T00:00:00,2026-08-24,PT0552278,LST0552278,AG00902,LOC0024,Townhouse,3,3.5,1783,11192,1938,612600.0,2026-08-15,Active,,,0,719.16,0,No,No,2026-08-15,2026-08-24
UPDATE,2026-08-24T00:00:00,2026-08-24,PT0507667,LST0507667,AG02244,LOC0210,Apartment,2,4.0,941,0,2025,352100.0,2026-07-07,Sold,371063.25,2026-08-24,48,461.03,1,No,No,2026-07-07,2026-08-24
UPDATE,2026-08-24T00:00:00,2026-08-24,PT0460196,LST0460196,AG02621,LOC0214,Single Family,3,2.0,1233,7809,1975,244800.0,2023-04-15,Pending,,,15,0.0,3,No,Yes,2023-04-15,2026-08-24
UPDATE,2026-08-24T00:00:00,2026-08-24,PT0469505,LST0469505,AG01737,LOC0054,Apartment,5,2.0,813,0,1969,92900.0,2026-05-16,Sold,89064.51,2026-08-24,100,592.0,2,No,No,2026-05-16,2026-08-24
UPDATE,2026-08-24T00:00:00,2026-08-24,PT0473384,LST0473384,AG01554,LOC0138,Single Family,5,1.5,2843,4301,1914,935000.0,2024-05-17,Pending,,,89,0.0,0,No,No,2024-05-17,2026-08-24
UPDATE,2026-08-24T00:00:00,2026-08-24,PT0512694,LST0512694,AG00255,LOC0012,Single Family,3,2.0,1626,10542,1963,771400.0,2026-07-11,Sold,697332.51,2026-08-24,44,0.0,3,No,No,2026-07-11,2026-08-24
UPDATE,2026-08-24T00:00:00,2026-08-24,PT0546594,LST0546594,AG00605,LOC0172,Townhouse,5,1.5,1976,1390,2000,406300.0,2026-08-10,Active,,,0,477.59,3,No,No,2026-08-10,2026-08-24
UPDATE,2026-08-24T00:00:00,2026-08-24,PT0301318,LST0301318,AG01477,LOC0196,Townhouse,4,1.0,2674,1323,2013,382900.0,2026-02-18,Pending,,,144,152.0,0,No,No,2026-02-18,2026-08-24
UPDATE,2026-08-24T00:00:00,2026-08-24,PT0553831,LST0553831,AG02120,LOC0060,Single Family,1,3.5,1743,1360,1967,596000.0,2026-08-17,Sold,635324.51,2026-08-24,7,0.0,2,Yes,Yes,2026-08-17,2026-08-24
UPDATE,2026-08-24T00:00:00,2026-08-24,PT0513833,LST0513833,AG00219,LOC0059,Single Family,3,1.0,300,1302,1926,25500.0,2026-07-12,Pending,,,0,0.0,2,No,No,2026-07-12,2026-08-24
UPDATE,2026-08-24T00:00:00,2026-08-24,PT0399677,LST0399677,AG00449,LOC0246,Condo,4,1.0,356,4934,1960,68100.0,2025-06-23,Active,,,137,568.0,2,No,No,2025-06-23,2026-08-24
UPDATE,2026-08-24T00:00:00,2026-08-24,PT0429749,LST0429749,AG02349,LOC0050,Single Family,6,2.5,1459,11964,1921,153100.0,2023-01-04,Sold,162672.27,2026-08-24,1328,0.0,2,No,No,2023-01-04,2026-08-24
UPDATE,2026-08-24T00:00:00,2026-08-24,PT0502440,LST0502440,AG02872,LOC0223,Townhouse,5,4.5,2124,15314,2015,453500.0,2026-07-02,Pending,,,0,562.53,1,No,No,2026-07-02,2026-08-24
UPDATE,2026-08-24T00:00:00,2026-08-24,PT0002406,LST0002406,AG00657,LOC0176,Townhouse,4,4.5,2320,3428,1985,697300.0,2024-11-27,Pending,,,138,193.0,2,No,No,2024-11-27,2026-08-24
UPDATE,2026-08-24T00:00:00,2026-08-24,PT0548646,LST0548646,AG01242,LOC0057,Condo,1,2.5,2504,14037,1943,922300.0,2026-08-12,Active,,,0,143.95,3,No,No,2026-08-12,2026-08-24
UPDATE,2026-08-24T00:00:00,2026-08-24,PT0510434,LST0510434,AG01335,LOC0041,Townhouse,2,3.5,514,3071,1955,131300.0,2026-07-09,Pending,,,0,78.09,3,No,No,2026-07-09,2026-08-24
UPDATE,2026-08-24T00:00:00,2026-08-24,PT0025290,LST0025290,AG02722,LOC0174,Condo,3,3.0,1867,5688,1944,445800.0,2025-10-24,Pending,,,57,765.0,0,No,No,2025-10-24,2026-08-24
UPDATE,2026-08-24T00:00:00,2026-08-24,PT0087396,LST0087396,AG00479,LOC0070,Townhouse,1,3.0,2129,5209,1999,342100.0,2024-08-14,Active,,,44,75.0,1,No,No,2024-08-14,2026-08-24
UPDATE,2026-08-24T00:00:00,2026-08-24,PT0424464,LST0424464,AG02912,LOC0012,Condo,3,1.5,3357,11282,1974,1985800.0,2026-06-28,Sold,1816289.72,2026-08-24,57,662.0,0,No,No,2026-06-28,2026-08-24
UPDATE,2026-08-24T00:00:00,2026-08-24,PT0251872,LST0251872,AG02061,LOC0204,Townhouse,3,3.0,1996,2383,2002,920500.0,2025-09-30,Sold,901357.75,2026-08-24,328,517.0,0,No,No,2025-09-30,2026-08-24
UPDATE,2026-08-24T00:00:00,2026-08-24,PT0550256,LST0550256,AG02346,LOC0017,Townhouse,4,3.5,1273,8352,1907,415200.0,2026-08-13,Active,,,0,550.14,0,No,No,2026-08-13,2026-08-24
UPDATE,2026-08-24T00:00:00,2026-08-24,PT0159591,LST0159591,AG02196,LOC0150,Single Family,3,4.5,876,1520,2024,165800.0,2023-08-02,Sold,141900.91,2026-08-24,1118,0.0,2,No,Yes,2023-08-02,2026-08-24
UPDATE,2026-08-24T00:00:00,2026-08-24,PT0416750,LST0416750,AG01867,LOC0082,Townhouse,6,4.0,1378,3750,1967,172800.0,2026-03-12,Pending,,,92,696.0,3,No,No,2026-03-12,2026-08-24
UPDATE,2026-08-24T00:00:00,2026-08-24,PT0418977,LST0418977,AG02477,LOC0243,Townhouse,5,1.0,2315,1501,1918,485300.0,2023-05-08,Active,,,105,365.0,1,No,No,2023-05-08,2026-08-24
UPDATE,2026-08-24T00:00:00,2026-08-24,PT0225069,LST0225069,AG00531,LOC0073,Apartment,3,4.5,1804,0,1911,539400.0,2025-10-15,Pending,,,123,277.0,1,No,No,2025-10-15,2026-08-24
UPDATE,2026-08-24T00:00:00,2026-08-24,PT0220652,LST0220652,AG02910,LOC0003,Single Family,2,2.0,1884,1686,1957,368400.0,2023-01-28,Sold,342852.81,2026-08-24,1304,0.0,0,No,No,2023-01-28,2026-08-24
UPDATE,2026-08-24T00:00:00,2026-08-24,PT0235246,LST0235246,AG01697,LOC0159,Multi-Family,6,2.0,2299,4409,1926,309600.0,2025-04-22,Active,,,89,0.0,0,Yes,Yes,2025-04-22,2026-08-24
UPDATE,2026-08-24T00:00:00,2026-08-24,PT0458020,LST0458020,AG02399,LOC0202,Single Family,6,2.0,1493,5520,1943,173700.0,2025-10-26,Active,,,127,0.0,0,No,Yes,2025-10-26,2026-08-24
UPDATE,2026-08-24T00:00:00,2026-08-24,PT0557196,LST0557196,AG00415,LOC0113,Multi-Family,3,4.0,5363,7034,1970,2807600.0,2026-08-20,Pending,,,0,0.0,1,Yes,No,2026-08-20,2026-08-24
UPDATE,2026-08-24T00:00:00,2026-08-24,PT0506636,LST0506636,AG01213,LOC0045,Multi-Family,2,1.5,4090,2229,1915,2273400.0,2026-07-06,Active,,,0,0.0,2,No,No,2026-07-06,2026-08-24
UPDATE,2026-08-24T00:00:00,2026-08-24,PT0090375,LST0090375,AG01559,LOC0068,Single Family,1,2.5,1261,4487,1975,328900.0,2023-05-03,Active,,,167,0.0,3,No,No,2023-05-03,2026-08-24
UPDATE,2026-08-24T00:00:00,2026-08-24,PT0212093,LST0212093,AG02992,LOC0186,Land,0,0.0,8345,13134,1936,3463300.0,2025-07-07,Pending,,,8,0.0,0,No,No,2025-07-07,2026-08-24
UPDATE,2026-08-24T00:00:00,2026-08-24,PT0542735,LST0542735,AG01802,LOC0077,Condo,3,3.0,300,1096,1939,68100.0,2026-08-06,Active,,,0,550.87,3,No,No,2026-08-06,2026-08-24
UPDATE,2026-08-24T00:00:00,2026-08-24,PT0204966,LST0204966,AG00667,LOC0208,Single Family,2,1.0,2578,2869,1955,523200.0,2026-06-05,Pending,,,8,0.0,1,No,No,2026-06-05,2026-08-24
UPDATE,2026-08-24T00:00:00,2026-08-24,PT0441042,LST0441042,AG01377,LOC0096,Townhouse,5,4.0,2267,2541,2021,782400.0,2025-04-30,Active,,,128,233.0,1,No,No,2025-04-30,2026-08-24
UPDATE,2026-08-24T00:00:00,2026-08-24,PT0259055,LST0259055,AG02001,LOC0143,Single Family,6,4.5,2046,6419,1919,329400.0,2023-10-12,Pending,,,132,0.0,0,No,No,2023-10-12,2026-08-24
UPDATE,2026-08-24T00:00:00,2026-08-24,PT0417421,LST0417421,AG01214,LOC0136,Condo,1,2.5,1996,3139,1942,474000.0,2024-09-02,Sold,450610.36,2026-08-24,721,609.0,1,No,No,2024-09-02,2026-08-24
UPDATE,2026-08-24T00:00:00,2026-08-24,PT0347004,LST0347004,AG02416,LOC0080,Single Family,1,1.5,1647,4030,1965,454400.0,2024-12-31,Pending,,,75,0.0,2,No,Yes,2024-12-31,2026-08-24
UPDATE,2026-08-24T00:00:00,2026-08-24,PT0231151,LST0231151,AG00806,LOC0156,Apartment,6,1.5,1256,0,2015,576100.0,2024-02-16,Sold,588494.86,2026-08-24,920,82.0,0,No,No,2024-02-16,2026-08-24
UPDATE,2026-08-24T00:00:00,2026-08-24,PT0206403,LST0206403,AG01327,LOC0169,Multi-Family,5,4.0,4341,2234,1934,2079500.0,2026-01-20,Active,,,71,0.0,1,No,Yes,2026-01-20,2026-08-24
UPDATE,2026-08-24T00:00:00,2026-08-24,PT0106211,LST0106211,AG02571,LOC0189,Apartment,1,2.0,1569,0,2018,761100.0,2024-12-12,Active,,,73,59.0,0,No,No,2024-12-12,2026-08-24
UPDATE,2026-08-24T00:00:00,2026-08-24,PT0260376,LST0260376,AG01471,LOC0183,Multi-Family,4,3.0,5348,2232,1974,995400.0,2026-06-29,Sold,989262.09,2026-08-24,56,0.0,1,No,No,2026-06-29,2026-08-24
UPDATE,2026-08-24T00:00:00,2026-08-24,PT0494240,LST0494240,AG01693,LOC0118,Single Family,1,1.0,1835,5999,1988,431400.0,2023-07-12,Pending,,,100,0.0,1,Yes,No,2023-07-12,2026-08-24
UPDATE,2026-08-24T00:00:00,2026-08-24,PT0305402,LST0305402,AG01053,LOC0234,Apartment,3,3.0,1044,0,1976,312600.0,2024-05-06,Sold,327045.21,2026-08-24,840,746.0,1,No,No,2024-05-06,2026-08-24
UPDATE,2026-08-24T00:00:00,2026-08-24,PT0192918,LST0192918,AG01580,LOC0014,Single Family,1,4.5,1641,1023,1914,382000.0,2025-03-12,Pending,,,125,0.0,3,No,No,2025-03-12,2026-08-24
UPDATE,2026-08-24T00:00:00,2026-08-24,PT0507042,LST0507042,AG00854,LOC0133,Townhouse,2,2.5,1610,3033,1909,278700.0,2026-07-06,Active,,,0,95.25,1,No,No,2026-07-06,2026-08-24
UPDATE,2026-08-24T00:00:00,2026-08-24,PT0124293,LST0124293,AG00380,LOC0178,Townhouse,6,3.0,1224,1985,2013,213000.0,2024-07-18,Pending,,,94,767.0,3,No,No,2024-07-18,2026-08-24
UPDATE,2026-08-24T00:00:00,2026-08-24,PT0095199,LST0095199,AG02976,LOC0101,Single Family,3,3.0,2122,6654,1987,918200.0,2025-08-06,Sold,930143.72,2026-08-24,383,0.0,3,No,No,2025-08-06,2026-08-24
UPDATE,2026-08-24T00:00:00,2026-08-24,PT0456196,LST0456196,AG01078,LOC0106,Condo,2,3.0,300,5192,1948,114000.0,2026-04-08,Pending,,,57,70.0,0,No,No,2026-04-08,2026-08-24
UPDATE,2026-08-24T00:00:00,2026-08-24,PT0289424,LST0289424,AG00188,LOC0087,Condo,2,4.0,1965,2526,2010,827000.0,2026-01-15,Sold,818475.05,2026-08-24,221,402.0,0,No,No,2026-01-15,2026-08-24
UPDATE,2026-08-24T00:00:00,2026-08-24,PT0069155,LST0069155,AG01628,LOC0065,Single Family,4,3.5,2104,1254,1913,457900.0,2026-04-12,Active,,,131,0.0,2,Yes,No,2026-04-12,2026-08-24
UPDATE,2026-08-24T00:00:00,2026-08-24,PT0300561,LST0300561,AG02581,LOC0167,Condo,1,4.5,1602,1684,2004,580800.0,2024-05-19,Pending,,,160,374.0,0,No,No,2024-05-19,2026-08-24
UPDATE,2026-08-24T00:00:00,2026-08-24,PT0403024,LST0403024,AG02461,LOC0068,Townhouse,1,1.0,1621,1594,1977,713900.0,2023-07-05,Pending,,,131,495.0,1,No,No,2023-07-05,2026-08-24
UPDATE,2026-08-24T00:00:00,2026-08-24,PT0000491,LST0000491,AG00164,LOC0072,Land,0,0.0,4697,1954,2008,553600.0,2025-05-22,Sold,538365.66,2026-08-24,459,0.0,0,No,No,2025-05-22,2026-08-24
UPDATE,2026-08-24T00:00:00,2026-08-24,PT0477098,LST0477098,AG02736,LOC0186,Condo,3,1.5,2126,8934,1950,618400.0,2026-02-18,Pending,,,108,530.0,0,No,No,2026-02-18,2026-08-24
UPDATE,2026-08-24T00:00:00,2026-08-24,PT0281009,LST0281009,AG02763,LOC0054,Single Family,6,1.5,2444,10549,1911,458400.0,2025-04-27,Active,,,108,0.0,2,No,No,2025-04-27,2026-08-24
UPDATE,2026-08-24T00:00:00,2026-08-24,PT0150597,LST0150597,AG01378,LOC0081,Condo,1,3.0,1954,1716,1994,553400.0,2024-10-26,Active,,,26,121.0,0,No,No,2024-10-26,2026-08-24
UPDATE,2026-08-24T00:00:00,2026-08-24,PT0355884,LST0355884,AG00362,LOC0229,Single Family,1,1.0,2230,1386,1912,249500.0,2025-04-29,Active,,,12,0.0,0,Yes,No,2025-04-29,2026-08-24
UPDATE,2026-08-24T00:00:00,2026-08-24,PT0438287,LST0438287,AG00989,LOC0103,Single Family,5,2.0,1351,3076,1901,55700.0,2025-09-13,Pending,,,54,0.0,3,No,No,2025-09-13,2026-08-24
UPDATE,2026-08-24T00:00:00,2026-08-24,PT0133578,LST0133578,AG00713,LOC0228,Single Family,5,3.5,2861,8632,2016,1215600.0,2025-09-23,Pending,,,117,0.0,3,No,Yes,2025-09-23,2026-08-24
UPDATE,2026-08-24T00:00:00,2026-08-24,PT0554652,LST0554652,AG01473,LOC0107,Townhouse,3,3.5,1747,3804,1910,446700.0,2026-08-17,Pending,,,0,288.68,0,Yes,No,2026-08-17,2026-08-24
UPDATE,2026-08-24T00:00:00,2026-08-24,PT0018086,LST0018086,AG00626,LOC0044,Townhouse,4,3.0,2707,2060,1974,1161100.0,2025-11-21,Pending,,,133,487.0,3,Yes,No,2025-11-21,2026-08-24
UPDATE,2026-08-24T00:00:00,2026-08-24,PT0515513,LST0515513,AG00599,LOC0157,Single Family,6,2.5,1352,3881,1950,451100.0,2026-07-13,Sold,428556.42,2026-08-24,42,0.0,2,Yes,Yes,2026-07-13,2026-08-24
UPDATE,2026-08-24T00:00:00,2026-08-24,PT0517241,LST0517241,AG02438,LOC0239,Single Family,1,1.5,1588,4563,1910,493700.0,2026-07-14,Active,,,0,0.0,2,No,No,2026-07-14,2026-08-24
UPDATE,2026-08-24T00:00:00,2026-08-24,PT0426344,LST0426344,AG03000,LOC0223,Condo,3,3.0,1517,2921,1909,962900.0,2025-03-18,Active,,,164,282.0,2,No,No,2025-03-18,2026-08-24
UPDATE,2026-08-24T00:00:00,2026-08-24,PT0301316,LST0301316,AG02978,LOC0213,Townhouse,3,1.0,1473,3528,1931,292300.0,2024-01-08,Pending,,,162,670.0,1,Yes,No,2024-01-08,2026-08-24
UPDATE,2026-08-24T00:00:00,2026-08-24,PT0205203,LST0205203,AG00868,LOC0043,Single Family,2,4.0,2480,2728,1992,530000.0,2025-11-27,Active,,,23,0.0,0,No,Yes,2025-11-27,2026-08-24
UPDATE,2026-08-24T00:00:00,2026-08-24,PT0526268,LST0526268,AG02619,LOC0146,Single Family,4,3.0,1731,1440,1917,234300.0,2026-07-23,Active,,,0,0.0,1,Yes,Yes,2026-07-23,2026-08-24
UPDATE,2026-08-24T00:00:00,2026-08-24,PT0102266,LST0102266,AG01367,LOC0208,Land,0,0.0,7374,3014,1933,2068900.0,2023-05-04,Active,,,79,0.0,0,No,No,2023-05-04,2026-08-24
UPDATE,2026-08-24T00:00:00,2026-08-24,PT0262167,LST0262167,AG02299,LOC0029,Apartment,2,2.5,1197,0,1940,376700.0,2025-11-22,Active,,,101,256.0,2,No,No,2025-11-22,2026-08-24
UPDATE,2026-08-24T00:00:00,2026-08-24,PT0525880,LST0525880,AG02263,LOC0123,Single Family,5,4.0,1490,7322,1914,522800.0,2026-07-23,Pending,,,0,0.0,2,No,No,2026-07-23,2026-08-24
UPDATE,2026-08-24T00:00:00,2026-08-24,PT0537808,LST0537808,AG00799,LOC0179,Apartment,6,4.5,1535,0,1951,285800.0,2026-08-02,Sold,280818.53,2026-08-24,22,339.76,2,No,No,2026-08-02,2026-08-24
UPDATE,2026-08-24T00:00:00,2026-08-24,PT0164902,LST0164902,AG00506,LOC0124,Multi-Family,3,1.0,4837,8196,1941,751800.0,2024-11-14,Pending,,,23,0.0,1,No,Yes,2024-11-14,2026-08-24
UPDATE,2026-08-24T00:00:00,2026-08-24,PT0083247,LST0083247,AG01050,LOC0211,Condo,3,4.5,2231,13781,1968,746100.0,2023-05-13,Active,,,70,369.0,1,No,No,2023-05-13,2026-08-24
UPDATE,2026-08-24T00:00:00,2026-08-24,PT0534376,LST0534376,AG01956,LOC0068,Single Family,2,1.5,2683,3963,1926,761900.0,2026-07-30,Pending,,,0,0.0,3,No,No,2026-07-30,2026-08-24
UPDATE,2026-08-24T00:00:00,2026-08-24,PT0148612,LST0148612,AG02609,LOC0099,Condo,1,2.5,911,1533,2006,230000.0,2026-06-01,Pending,,,163,230.0,3,Yes,No,2026-06-01,2026-08-24
UPDATE,2026-08-24T00:00:00,2026-08-24,PT0478132,LST0478132,AG02836,LOC0021,Land,0,0.0,4437,1465,1908,521300.0,2024-09-04,Active,,,13,0.0,0,No,No,2024-09-04,2026-08-24
UPDATE,2026-08-24T00:00:00,2026-08-24,PT0006431,LST0006431,AG01374,LOC0186,Single Family,5,3.0,2840,15183,1995,1319900.0,2023-11-22,Pending,,,178,0.0,0,Yes,Yes,2023-11-22,2026-08-24
UPDATE,2026-08-24T00:00:00,2026-08-24,PT0111655,LST0111655,AG02514,LOC0245,Condo,2,2.5,1862,4016,2022,734200.0,2026-04-10,Sold,683574.37,2026-08-24,136,293.0,1,No,No,2026-04-10,2026-08-24
UPDATE,2026-08-24T00:00:00,2026-08-24,PT0460800,LST0460800,AG02643,LOC0188,Condo,2,1.5,1622,1768,1999,641800.0,2025-10-30,Pending,,,110,662.0,0,Yes,No,2025-10-30,2026-08-24
UPDATE,2026-08-24T00:00:00,2026-08-24,PT0234795,LST0234795,AG00937,LOC0232,Townhouse,1,3.0,2102,4635,2017,321800.0,2024-08-05,Pending,,,115,522.0,1,Yes,No,2024-08-05,2026-08-24
UPDATE,2026-08-24T00:00:00,2026-08-24,PT0268758,LST0268758,AG00140,LOC0167,Townhouse,2,1.0,1842,1925,1964,838200.0,2025-12-15,Pending,,,114,531.0,2,No,No,2025-12-15,2026-08-24
UPDATE,2026-08-24T00:00:00,2026-08-24,PT0186114,LST0186114,AG01478,LOC0051,Single Family,6,1.5,1532,15151,1938,295300.0,2025-09-29,Sold,289893.92,2026-08-24,329,0.0,0,Yes,No,2025-09-29,2026-08-24
UPDATE,2026-08-24T00:00:00,2026-08-24,PT0259034,LST0259034,AG02203,LOC0167,Single Family,5,2.0,1719,2748,1984,411100.0,2024-02-24,Active,,,72,0.0,3,No,Yes,2024-02-24,2026-08-24
UPDATE,2026-08-24T00:00:00,2026-08-24,PT0527129,LST0527129,AG01086,LOC0131,Single Family,1,2.5,1689,5398,1927,642700.0,2026-07-24,Pending,,,0,0.0,1,No,Yes,2026-07-24,2026-08-24
UPDATE,2026-08-24T00:00:00,2026-08-24,PT0549003,LST0549003,AG00442,LOC0197,Townhouse,5,2.5,1279,4302,2019,333900.0,2026-08-12,Pending,,,0,478.77,2,No,No,2026-08-12,2026-08-24
UPDATE,2026-08-24T00:00:00,2026-08-24,PT0433146,LST0433146,AG00359,LOC0088,Single Family,3,1.0,1781,14819,2002,282800.0,2023-05-28,Pending,,,52,0.0,2,No,No,2023-05-28,2026-08-24
UPDATE,2026-08-24T00:00:00,2026-08-24,PT0049351,LST0049351,AG00645,LOC0219,Multi-Family,2,4.0,2427,12862,1969,1139600.0,2024-01-16,Active,,,107,0.0,3,No,Yes,2024-01-16,2026-08-24
UPDATE,2026-08-24T00:00:00,2026-08-24,PT0016088,LST0016088,AG00544,LOC0090,Single Family,3,3.5,2767,1462,1904,1244700.0,2025-01-29,Pending,,,117,0.0,3,No,Yes,2025-01-29,2026-08-24
UPDATE,2026-08-24T00:00:00,2026-08-24,PT0527123,LST0527123,AG02861,LOC0239,Single Family,1,2.5,2359,1647,1936,379300.0,2026-07-24,Pending,,,0,0.0,1,No,Yes,2026-07-24,2026-08-24
UPDATE,2026-08-24T00:00:00,2026-08-24,PT0007766,LST0007766,AG00070,LOC0174,Single Family,5,4.0,2211,1369,1955,327100.0,2025-05-06,Sold,309539.34,2026-08-24,475,0.0,3,No,Yes,2025-05-06,2026-08-24
UPDATE,2026-08-24T00:00:00,2026-08-24,PT0541633,LST0541633,AG01834,LOC0059,Single Family,6,2.5,1933,14439,2011,243000.0,2026-08-05,Sold,244453.58,2026-08-24,19,0.0,2,No,Yes,2026-08-05,2026-08-24
UPDATE,2026-08-24T00:00:00,2026-08-24,PT0503114,LST0503114,AG02154,LOC0119,Single Family,2,3.5,2669,2573,1991,710000.0,2026-07-03,Active,,,0,0.0,2,Yes,Yes,2026-07-03,2026-08-24
UPDATE,2026-08-24T00:00:00,2026-08-24,PT0218199,LST0218199,AG02052,LOC0215,Single Family,4,4.0,2897,3296,2024,1343100.0,2025-05-23,Sold,1255598.34,2026-08-24,458,0.0,1,Yes,Yes,2025-05-23,2026-08-24
UPDATE,2026-08-24T00:00:00,2026-08-24,PT0201262,LST0201262,AG01325,LOC0235,Single Family,1,2.0,2584,2368,1992,787400.0,2026-05-12,Sold,783811.8,2026-08-24,104,0.0,0,No,No,2026-05-12,2026-08-24
UPDATE,2026-08-24T00:00:00,2026-08-24,PT0307693,LST0307693,AG02634,LOC0050,Single Family,3,3.0,2468,4106,1952,771600.0,2026-03-01,Sold,732829.8,2026-08-24,176,0.0,3,No,Yes,2026-03-01,2026-08-24
UPDATE,2026-08-24T00:00:00,2026-08-24,PT0318476,LST0318476,AG00731,LOC0087,Condo,1,3.5,1216,1150,1937,140500.0,2025-07-29,Sold,137778.44,2026-08-24,391,440.0,3,No,No,2025-07-29,2026-08-24
UPDATE,2026-08-24T00:00:00,2026-08-24,PT0056674,LST0056674,AG02610,LOC0225,Single Family,6,1.0,2207,1569,1906,1258100.0,2023-09-23,Pending,,,101,0.0,3,No,No,2023-09-23,2026-08-24
UPDATE,2026-08-24T00:00:00,2026-08-24,PT0550162,LST0550162,AG02176,LOC0129,Single Family,6,2.5,2433,3341,1997,850900.0,2026-08-13,Sold,911669.86,2026-08-24,11,0.0,3,No,No,2026-08-13,2026-08-24
UPDATE,2026-08-24T00:00:00,2026-08-24,PT0541891,LST0541891,AG00504,LOC0102,Single Family,2,1.5,1325,3752,1928,321500.0,2026-08-05,Sold,343717.55,2026-08-24,19,0.0,3,No,Yes,2026-08-05,2026-08-24
UPDATE,2026-08-24T00:00:00,2026-08-24,PT0153413,LST0153413,AG00244,LOC0195,Condo,4,1.5,1947,1538,1971,622300.0,2023-03-04,Pending,,,38,162.0,3,No,No,2023-03-04,2026-08-24
UPDATE,2026-08-24T00:00:00,2026-08-24,PT0381353,LST0381353,AG01563,LOC0125,Single Family,2,4.5,1924,1789,1973,370700.0,2023-03-01,Active,,,134,0.0,3,No,No,2023-03-01,2026-08-24
UPDATE,2026-08-24T00:00:00,2026-08-24,PT0002453,LST0002453,AG00417,LOC0154,Condo,2,1.0,2074,3944,1996,342200.0,2025-09-10,Pending,,,157,438.0,2,No,No,2025-09-10,2026-08-24
UPDATE,2026-08-24T00:00:00,2026-08-24,PT0486530,LST0486530,AG01354,LOC0109,Condo,2,3.0,1258,5752,1902,305900.0,2023-12-25,Sold,327238.81,2026-08-24,973,167.0,2,No,No,2023-12-25,2026-08-24
UPDATE,2026-08-24T00:00:00,2026-08-24,PT0508962,LST0508962,AG00120,LOC0146,Land,0,0.0,5970,1274,1990,650300.0,2026-07-08,Active,,,0,0.0,0,No,No,2026-07-08,2026-08-24
UPDATE,2026-08-24T00:00:00,2026-08-24,PT0530705,LST0530705,AG02034,LOC0022,Townhouse,6,4.0,2078,3680,1922,562000.0,2026-07-27,Active,,,0,725.59,3,No,No,2026-07-27,2026-08-24
UPDATE,2026-08-24T00:00:00,2026-08-24,PT0489452,LST0489452,AG00385,LOC0172,Single Family,4,3.5,1969,6270,1939,848900.0,2024-05-22,Pending,,,2,0.0,0,No,Yes,2024-05-22,2026-08-24
UPDATE,2026-08-24T00:00:00,2026-08-24,PT0018949,LST0018949,AG01716,LOC0217,Single Family,1,2.5,2303,1455,1943,309300.0,2026-02-11,Sold,278042.95,2026-08-24,194,0.0,3,No,No,2026-02-11,2026-08-24
UPDATE,2026-08-24T00:00:00,2026-08-24,PT0311326,LST0311326,AG01010,LOC0143,Land,0,0.0,5648,13427,2021,815000.0,2024-04-03,Active,,,84,0.0,0,No,No,2024-04-03,2026-08-24
UPDATE,2026-08-24T00:00:00,2026-08-24,PT0300792,LST0300792,AG02249,LOC0002,Single Family,6,4.0,1208,12111,2009,259700.0,2023-09-02,Pending,,,12,0.0,3,Yes,No,2023-09-02,2026-08-24
UPDATE,2026-08-24T00:00:00,2026-08-24,PT0447678,LST0447678,AG01156,LOC0004,Condo,5,2.0,410,6334,1913,47500.0,2023-05-04,Active,,,14,470.0,2,No,No,2023-05-04,2026-08-24
UPDATE,2026-08-24T00:00:00,2026-08-24,PT0532076,LST0532076,AG01443,LOC0076,Townhouse,1,1.5,1950,2203,1907,106000.0,2026-07-28,Active,,,0,269.57,2,No,No,2026-07-28,2026-08-24
UPDATE,2026-08-24T00:00:00,2026-08-24,PT0327107,LST0327107,AG01486,LOC0243,Single Family,5,3.0,1357,2578,1989,842300.0,2025-08-03,Active,,,177,0.0,2,No,No,2025-08-03,2026-08-24
UPDATE,2026-08-24T00:00:00,2026-08-24,PT0557628,LST0557628,AG02869,LOC0205,Condo,3,3.5,2274,7719,1981,687000.0,2026-08-20,Active,,,0,745.84,1,Yes,No,2026-08-20,2026-08-24
UPDATE,2026-08-24T00:00:00,2026-08-24,PT0100786,LST0100786,AG02565,LOC0136,Single Family,6,3.5,1583,2705,1919,413800.0,2024-11-04,Pending,,,107,0.0,1,No,Yes,2024-11-04,2026-08-24
UPDATE,2026-08-24T00:00:00,2026-08-24,PT0163999,LST0163999,AG01062,LOC0012,Land,0,0.0,2600,4576,2014,1283900.0,2025-05-21,Active,,,128,0.0,0,No,No,2025-05-21,2026-08-24
UPDATE,2026-08-24T00:00:00,2026-08-24,PT0402736,LST0402736,AG02511,LOC0046,Single Family,2,2.5,2710,2238,1948,516100.0,2025-04-14,Sold,495559.34,2026-08-24,497,0.0,0,No,No,2025-04-14,2026-08-24
UPDATE,2026-08-24T00:00:00,2026-08-24,PT0198531,LST0198531,AG02494,LOC0011,Single Family,3,3.5,2665,16105,1990,1596400.0,2024-12-08,Pending,,,144,0.0,2,No,Yes,2024-12-08,2026-08-24
UPDATE,2026-08-24T00:00:00,2026-08-24,PT0466935,LST0466935,AG00086,LOC0132,Townhouse,4,4.5,2045,6443,2002,536700.0,2025-08-12,Active,,,157,364.0,2,No,No,2025-08-12,2026-08-24
UPDATE,2026-08-24T00:00:00,2026-08-24,PT0513314,LST0513314,AG01046,LOC0169,Single Family,4,4.0,1162,8560,1938,455300.0,2026-07-12,Pending,,,0,0.0,1,No,No,2026-07-12,2026-08-24
UPDATE,2026-08-24T00:00:00,2026-08-24,PT0070813,LST0070813,AG02395,LOC0057,Townhouse,1,3.5,706,4932,1987,385000.0,2025-01-31,Pending,,,50,507.0,1,No,No,2025-01-31,2026-08-24
UPDATE,2026-08-24T00:00:00,2026-08-24,PT0265126,LST0265126,AG00964,LOC0147,Condo,5,4.5,1908,3482,1928,230900.0,2026-04-01,Pending,,,97,385.0,1,Yes,No,2026-04-01,2026-08-24
UPDATE,2026-08-24T00:00:00,2026-08-24,PT0176873,LST0176873,AG01096,LOC0192,Single Family,3,4.5,1464,12049,1963,533500.0,2024-01-26,Pending,,,18,0.0,1,No,No,2024-01-26,2026-08-24
UPDATE,2026-08-24T00:00:00,2026-08-24,PT0206444,LST0206444,AG01318,LOC0214,Apartment,4,2.0,1255,0,2017,222200.0,2024-10-06,Pending,,,121,553.0,0,Yes,No,2024-10-06,2026-08-24
UPDATE,2026-08-24T00:00:00,2026-08-24,PT0321316,LST0321316,AG01913,LOC0222,Townhouse,2,4.5,844,2553,1930,310400.0,2025-01-25,Pending,,,171,548.0,2,No,No,2025-01-25,2026-08-24
UPDATE,2026-08-24T00:00:00,2026-08-24,PT0418668,LST0418668,AG00483,LOC0142,Apartment,4,1.5,745,0,1950,271500.0,2023-09-21,Pending,,,77,536.0,2,No,No,2023-09-21,2026-08-24
UPDATE,2026-08-24T00:00:00,2026-08-24,PT0484070,LST0484070,AG02765,LOC0061,Single Family,5,2.0,2393,1114,2000,165500.0,2026-04-30,Pending,,,55,0.0,3,No,Yes,2026-04-30,2026-08-24
UPDATE,2026-08-24T00:00:00,2026-08-24,PT0157571,LST0157571,AG00480,LOC0215,Townhouse,1,2.5,913,3731,2015,400200.0,2025-08-05,Active,,,30,411.0,0,No,No,2025-08-05,2026-08-24
UPDATE,2026-08-24T00:00:00,2026-08-24,PT0344885,LST0344885,AG02617,LOC0015,Single Family,2,4.5,2720,3916,1921,531800.0,2026-06-18,Pending,,,90,0.0,0,No,No,2026-06-18,2026-08-24
UPDATE,2026-08-24T00:00:00,2026-08-24,PT0549403,LST0549403,AG02951,LOC0179,Single Family,6,1.5,1633,2543,2001,391800.0,2026-08-13,Active,,,0,0.0,1,No,No,2026-08-13,2026-08-24
UPDATE,2026-08-24T00:00:00,2026-08-24,PT0027847,LST0027847,AG01037,LOC0077,Single Family,2,1.0,2623,1329,1967,896000.0,2023-10-11,Pending,,,174,0.0,0,Yes,No,2023-10-11,2026-08-24
UPDATE,2026-08-24T00:00:00,2026-08-24,PT0305569,LST0305569,AG02252,LOC0066,Single Family,6,3.5,1575,2246,1921,504500.0,2024-05-10,Sold,516412.34,2026-08-24,836,0.0,3,No,Yes,2024-05-10,2026-08-24
UPDATE,2026-08-24T00:00:00,2026-08-24,PT0184871,LST0184871,AG00582,LOC0099,Apartment,6,3.0,1232,0,1957,497400.0,2026-01-17,Pending,,,101,190.0,3,No,No,2026-01-17,2026-08-24
UPDATE,2026-08-24T00:00:00,2026-08-24,PT0421836,LST0421836,AG00623,LOC0083,Single Family,2,3.5,1502,1399,2008,618400.0,2025-11-24,Pending,,,88,0.0,0,No,No,2025-11-24,2026-08-24
UPDATE,2026-08-24T00:00:00,2026-08-24,PT0484481,LST0484481,AG00805,LOC0217,Multi-Family,6,2.5,5090,4849,1963,506700.0,2025-06-05,Pending,,,167,0.0,0,No,Yes,2025-06-05,2026-08-24
UPDATE,2026-08-24T00:00:00,2026-08-24,PT0368329,LST0368329,AG00176,LOC0083,Single Family,5,3.5,2238,8052,1967,609400.0,2023-06-07,Active,,,41,0.0,3,No,No,2023-06-07,2026-08-24
UPDATE,2026-08-24T00:00:00,2026-08-24,PT0031423,LST0031423,AG01091,LOC0171,Single Family,5,4.5,2544,3112,2014,979900.0,2025-02-16,Pending,,,9,0.0,0,No,Yes,2025-02-16,2026-08-24
UPDATE,2026-08-24T00:00:00,2026-08-24,PT0366754,LST0366754,AG02872,LOC0165,Multi-Family,5,3.0,2631,13880,1966,1397200.0,2026-02-17,Active,,,26,0.0,2,No,Yes,2026-02-17,2026-08-24
UPDATE,2026-08-24T00:00:00,2026-08-24,PT0524536,LST0524536,AG01495,LOC0081,Condo,4,4.5,2332,1394,1928,659900.0,2026-07-22,Sold,667956.15,2026-08-24,33,54.38,2,No,No,2026-07-22,2026-08-24
UPDATE,2026-08-24T00:00:00,2026-08-24,PT0081834,LST0081834,AG01696,LOC0234,Single Family,4,4.0,1581,5037,1963,248900.0,2025-12-29,Active,,,56,0.0,0,No,No,2025-12-29,2026-08-24
UPDATE,2026-08-24T00:00:00,2026-08-24,PT0532863,LST0532863,AG00243,LOC0193,Single Family,6,4.0,2068,6347,1947,744600.0,2026-07-29,Sold,753348.93,2026-08-24,26,0.0,3,No,No,2026-07-29,2026-08-24
UPDATE,2026-08-24T00:00:00,2026-08-24,PT0054524,LST0054524,AG01367,LOC0168,Condo,5,1.5,2287,1269,1901,1256400.0,2023-05-31,Sold,1228037.87,2026-08-24,1181,476.0,2,No,No,2023-05-31,2026-08-24
UPDATE,2026-08-24T00:00:00,2026-08-24,PT0181770,LST0181770,AG01892,LOC0206,Multi-Family,3,3.5,2500,1006,1986,593000.0,2025-05-28,Active,,,147,0.0,2,Yes,No,2025-05-28,2026-08-24
UPDATE,2026-08-24T00:00:00,2026-08-24,PT0324445,LST0324445,AG01479,LOC0135,Single Family,6,1.5,1525,1603,1980,530800.0,2023-05-19,Active,,,48,0.0,2,No,Yes,2023-05-19,2026-08-24
UPDATE,2026-08-24T00:00:00,2026-08-24,PT0232846,LST0232846,AG01190,LOC0105,Single Family,1,2.0,1352,1465,2020,223000.0,2024-11-20,Active,,,139,0.0,1,Yes,No,2024-11-20,2026-08-24
UPDATE,2026-08-24T00:00:00,2026-08-24,PT0303851,LST0303851,AG00314,LOC0063,Condo,4,3.5,1826,8600,1995,873200.0,2024-11-02,Pending,,,5,481.0,3,No,No,2024-11-02,2026-08-24
UPDATE,2026-08-24T00:00:00,2026-08-24,PT0495041,LST0495041,AG02157,LOC0049,Single Family,2,3.5,1732,4990,1905,417100.0,2025-04-06,Active,,,116,0.0,2,No,No,2025-04-06,2026-08-24
UPDATE,2026-08-24T00:00:00,2026-08-24,PT0247230,LST0247230,AG00078,LOC0074,Condo,5,2.0,1369,2804,1948,513200.0,2024-08-17,Active,,,172,317.0,1,No,No,2024-08-17,2026-08-24
UPDATE,2026-08-24T00:00:00,2026-08-24,PT0497538,LST0497538,AG00993,LOC0089,Single Family,4,2.0,339,9469,1958,143300.0,2025-08-27,Active,,,34,0.0,2,No,Yes,2025-08-27,2026-08-24
UPDATE,2026-08-24T00:00:00,2026-08-24,PT0167275,LST0167275,AG02572,LOC0083,Single Family,2,2.0,1448,4683,1915,472100.0,2024-09-24,Active,,,108,0.0,3,No,No,2024-09-24,2026-08-24
UPDATE,2026-08-24T00:00:00,2026-08-24,PT0546735,LST0546735,AG00513,LOC0119,Single Family,3,4.5,1974,2602,2022,195400.0,2026-08-10,Active,,,0,0.0,3,Yes,Yes,2026-08-10,2026-08-24
UPDATE,2026-08-24T00:00:00,2026-08-24,PT0520363,LST0520363,AG00579,LOC0220,Multi-Family,1,4.0,2046,2048,1916,771300.0,2026-07-18,Pending,,,0,0.0,0,No,No,2026-07-18,2026-08-24
UPDATE,2026-08-24T00:00:00,2026-08-24,PT0449631,LST0449631,AG02233,LOC0001,Single Family,1,4.5,1864,2494,1970,669500.0,2024-03-30,Active,,,135,0.0,0,No,No,2024-03-30,2026-08-24
UPDATE,2026-08-24T00:00:00,2026-08-24,PT0462761,LST0462761,AG02182,LOC0058,Single Family,5,3.0,2017,1356,1903,507800.0,2025-05-28,Pending,,,162,0.0,0,No,No,2025-05-28,2026-08-24
UPDATE,2026-08-24T00:00:00,2026-08-24,PT0501827,LST0501827,AG01448,LOC0158,Single Family,3,4.0,3059,2458,1927,1380100.0,2026-07-02,Pending,,,0,0.0,2,No,No,2026-07-02,2026-08-24
UPDATE,2026-08-24T00:00:00,2026-08-24,PT0139597,LST0139597,AG00030,LOC0058,Single Family,5,4.5,419,7045,1933,77200.0,2025-04-23,Active,,,161,0.0,1,No,Yes,2025-04-23,2026-08-24
UPDATE,2026-08-24T00:00:00,2026-08-24,PT0306864,LST0306864,AG02861,LOC0010,Single Family,3,2.0,2704,6164,1965,1228200.0,2024-04-19,Pending,,,45,0.0,0,No,Yes,2024-04-19,2026-08-24
UPDATE,2026-08-24T00:00:00,2026-08-24,PT0418071,LST0418071,AG00389,LOC0233,Single Family,6,2.0,1288,3235,1983,186500.0,2024-06-11,Active,,,73,0.0,0,No,No,2024-06-11,2026-08-24
UPDATE,2026-08-24T00:00:00,2026-08-24,PT0334812,LST0334812,AG02946,LOC0126,Condo,5,3.0,1078,3884,1992,336500.0,2024-03-14,Pending,,,139,510.0,3,Yes,No,2024-03-14,2026-08-24
UPDATE,2026-08-24T00:00:00,2026-08-24,PT0528208,LST0528208,AG02244,LOC0101,Condo,6,2.5,2105,11700,1945,578100.0,2026-07-25,Active,,,0,211.72,3,No,No,2026-07-25,2026-08-24
UPDATE,2026-08-24T00:00:00,2026-08-24,PT0556898,LST0556898,AG00941,LOC0246,Townhouse,3,4.0,1697,8128,1950,367400.0,2026-08-20,Active,,,0,158.95,0,No,No,2026-08-20,2026-08-24
UPDATE,2026-08-24T00:00:00,2026-08-24,PT0180935,LST0180935,AG01719,LOC0205,Multi-Family,5,1.0,3408,9789,1936,986600.0,2026-05-07,Active,,,133,0.0,3,Yes,Yes,2026-05-07,2026-08-24
UPDATE,2026-08-24T00:00:00,2026-08-24,PT0062003,LST0062003,AG02891,LOC0142,Single Family,5,3.5,1725,4405,1902,581900.0,2026-04-22,Pending,,,85,0.0,3,Yes,No,2026-04-22,2026-08-24
UPDATE,2026-08-24T00:00:00,2026-08-24,PT0170340,LST0170340,AG00332,LOC0187,Townhouse,5,3.0,2904,4705,1909,1637100.0,2024-07-25,Active,,,28,749.0,0,No,No,2024-07-25,2026-08-24
UPDATE,2026-08-24T00:00:00,2026-08-24,PT0207382,LST0207382,AG01421,LOC0198,Condo,3,2.0,1068,1922,1984,152200.0,2024-12-28,Pending,,,178,101.0,1,Yes,No,2024-12-28,2026-08-24
UPDATE,2026-08-24T00:00:00,2026-08-24,PT0526420,LST0526420,AG01145,LOC0078,Apartment,2,2.0,1649,0,1906,852800.0,2026-07-23,Active,,,0,391.4,2,No,No,2026-07-23,2026-08-24
UPDATE,2026-08-24T00:00:00,2026-08-24,PT0478296,LST0478296,AG01435,LOC0224,Single Family,5,2.0,2641,4081,2025,1058100.0,2023-12-01,Sold,1037871.81,2026-08-24,997,0.0,3,No,Yes,2023-12-01,2026-08-24
UPDATE,2026-08-24T00:00:00,2026-08-24,PT0427422,LST0427422,AG02914,LOC0120,Single Family,3,1.5,2448,8947,1935,1285400.0,2024-10-12,Pending,,,146,0.0,2,Yes,Yes,2024-10-12,2026-08-24
UPDATE,2026-08-24T00:00:00,2026-08-24,PT0179056,LST0179056,AG00038,LOC0228,Condo,2,1.0,1075,4577,1957,553000.0,2024-03-05,Active,,,112,228.0,3,No,No,2024-03-05,2026-08-24
UPDATE,2026-08-24T00:00:00,2026-08-24,PT0459293,LST0459293,AG02904,LOC0111,Condo,2,2.0,966,1468,1922,81100.0,2024-02-26,Pending,,,15,221.0,3,No,No,2024-02-26,2026-08-24
UPDATE,2026-08-24T00:00:00,2026-08-24,PT0503214,LST0503214,AG00632,LOC0223,Single Family,5,4.5,2274,6409,1937,800800.0,2026-07-03,Sold,824855.39,2026-08-24,52,0.0,3,Yes,Yes,2026-07-03,2026-08-24
UPDATE,2026-08-24T00:00:00,2026-08-24,PT0349968,LST0349968,AG00273,LOC0249,Townhouse,4,4.0,1485,1307,1973,962300.0,2023-08-25,Pending,,,145,768.0,3,No,No,2023-08-25,2026-08-24
UPDATE,2026-08-24T00:00:00,2026-08-24,PT0033354,LST0033354,AG00566,LOC0007,Single Family,6,3.5,1701,4984,1939,614200.0,2023-10-12,Pending,,,76,0.0,0,No,No,2023-10-12,2026-08-24
UPDATE,2026-08-24T00:00:00,2026-08-24,PT0214745,LST0214745,AG01212,LOC0222,Single Family,2,2.5,1184,1033,1992,315000.0,2024-10-10,Pending,,,151,0.0,1,No,No,2024-10-10,2026-08-24
UPDATE,2026-08-24T00:00:00,2026-08-24,PT0506760,LST0506760,AG01908,LOC0246,Multi-Family,3,2.5,2999,1268,1959,122200.0,2026-07-06,Pending,,,0,0.0,1,No,No,2026-07-06,2026-08-24
UPDATE,2026-08-24T00:00:00,2026-08-24,PT0156175,LST0156175,AG02175,LOC0055,Single Family,1,3.0,2059,3595,2025,386300.0,2025-03-04,Active,,,4,0.0,3,Yes,No,2025-03-04,2026-08-24
UPDATE,2026-08-24T00:00:00,2026-08-24,PT0253322,LST0253322,AG01921,LOC0219,Condo,6,1.5,2043,2060,1928,693800.0,2025-07-15,Active,,,58,705.0,3,No,No,2025-07-15,2026-08-24
UPDATE,2026-08-24T00:00:00,2026-08-24,PT0508822,LST0508822,AG01857,LOC0051,Single Family,5,1.5,913,2926,1957,120900.0,2026-07-08,Pending,,,0,0.0,0,No,No,2026-07-08,2026-08-24
UPDATE,2026-08-24T00:00:00,2026-08-24,PT0442601,LST0442601,AG02952,LOC0143,Condo,2,2.5,1648,1007,1901,126700.0,2025-08-14,Sold,114786.74,2026-08-24,375,226.0,0,No,No,2025-08-14,2026-08-24
UPDATE,2026-08-24T00:00:00,2026-08-24,PT0256028,LST0256028,AG02502,LOC0158,Single Family,2,4.0,2408,4148,2018,756900.0,2026-01-09,Active,,,150,0.0,1,No,Yes,2026-01-09,2026-08-24
UPDATE,2026-08-24T00:00:00,2026-08-24,PT0106186,LST0106186,AG00074,LOC0127,Single Family,3,1.5,1334,6093,1938,894000.0,2025-06-29,Active,,,169,0.0,1,No,No,2025-06-29,2026-08-24
UPDATE,2026-08-24T00:00:00,2026-08-24,PT0304571,LST0304571,AG01836,LOC0072,Townhouse,6,4.5,1683,6039,1997,210200.0,2025-08-30,Sold,217252.7,2026-08-24,359,188.0,2,No,No,2025-08-30,2026-08-24
UPDATE,2026-08-24T00:00:00,2026-08-24,PT0224047,LST0224047,AG00849,LOC0095,Single Family,1,3.0,2591,2439,2007,1152300.0,2024-03-16,Pending,,,84,0.0,0,Yes,No,2024-03-16,2026-08-24
UPDATE,2026-08-24T00:00:00,2026-08-24,PT0160938,LST0160938,AG02348,LOC0226,Condo,2,2.0,1392,3702,2002,374900.0,2023-05-08,Sold,367743.44,2026-08-24,1204,107.0,2,No,No,2023-05-08,2026-08-24
UPDATE,2026-08-24T00:00:00,2026-08-24,PT0444115,LST0444115,AG00658,LOC0165,Multi-Family,1,2.0,2922,10323,1972,2010900.0,2023-01-02,Pending,,,58,0.0,3,No,Yes,2023-01-02,2026-08-24
UPDATE,2026-08-24T00:00:00,2026-08-24,PT0089851,LST0089851,AG02717,LOC0144,Single Family,5,3.5,2618,5753,1994,690000.0,2026-01-29,Sold,629184.48,2026-08-24,207,0.0,0,No,Yes,2026-01-29,2026-08-24
UPDATE,2026-08-24T00:00:00,2026-08-24,PT0055524,LST0055524,AG01914,LOC0048,Single Family,2,1.5,1452,3233,1902,581800.0,2023-06-05,Pending,,,36,0.0,3,No,Yes,2023-06-05,2026-08-24
UPDATE,2026-08-24T00:00:00,2026-08-24,PT0284737,LST0284737,AG01999,LOC0171,Single Family,1,4.0,1758,3113,1980,552600.0,2023-08-19,Pending,,,76,0.0,0,No,No,2023-08-19,2026-08-24
UPDATE,2026-08-24T00:00:00,2026-08-24,PT0142015,LST0142015,AG00813,LOC0202,Condo,5,1.0,2851,13015,1915,153500.0,2023-11-15,Active,,,37,498.0,2,No,No,2023-11-15,2026-08-24
UPDATE,2026-08-24T00:00:00,2026-08-24,PT0553285,LST0553285,AG02627,LOC0051,Multi-Family,1,3.5,712,13500,1956,97300.0,2026-08-16,Active,,,0,0.0,2,No,No,2026-08-16,2026-08-24
UPDATE,2026-08-24T00:00:00,2026-08-24,PT0088150,LST0088150,AG00165,LOC0015,Multi-Family,6,3.5,1592,1520,1966,401400.0,2024-09-24,Active,,,21,0.0,2,No,Yes,2024-09-24,2026-08-24
UPDATE,2026-08-24T00:00:00,2026-08-24,PT0177361,LST0177361,AG02141,LOC0022,Townhouse,5,1.5,1657,1759,1955,685700.0,2024-08-13,Active,,,83,165.0,0,Yes,No,2024-08-13,2026-08-24
UPDATE,2026-08-24T00:00:00,2026-08-24,PT0247886,LST0247886,AG02357,LOC0002,Condo,1,3.0,2133,14464,1918,332000.0,2023-07-27,Active,,,7,708.0,3,No,No,2023-07-27,2026-08-24
UPDATE,2026-08-24T00:00:00,2026-08-24,PT0227631,LST0227631,AG01482,LOC0027,Condo,1,2.5,1885,12703,1920,501500.0,2025-06-30,Pending,,,141,236.0,3,No,No,2025-06-30,2026-08-24
UPDATE,2026-08-24T00:00:00,2026-08-24,PT0073979,LST0073979,AG02766,LOC0165,Townhouse,1,2.5,689,2311,1921,313600.0,2023-06-07,Active,,,93,524.0,1,No,No,2023-06-07,2026-08-24
UPDATE,2026-08-24T00:00:00,2026-08-24,PT0323433,LST0323433,AG01378,LOC0113,Single Family,1,4.0,1635,2152,2022,307600.0,2025-07-14,Pending,,,23,0.0,0,No,Yes,2025-07-14,2026-08-24
UPDATE,2026-08-24T00:00:00,2026-08-24,PT0464759,LST0464759,AG00046,LOC0159,Condo,2,4.0,1003,5469,1944,88000.0,2024-05-19,Active,,,0,786.0,3,No,No,2024-05-19,2026-08-24
UPDATE,2026-08-24T00:00:00,2026-08-24,PT0074506,LST0074506,AG00590,LOC0069,Single Family,3,3.0,1301,1976,2015,313300.0,2025-02-18,Pending,,,13,0.0,3,No,No,2025-02-18,2026-08-24
UPDATE,2026-08-24T00:00:00,2026-08-24,PT0082453,LST0082453,AG01062,LOC0190,Townhouse,2,2.5,3167,3436,1987,985000.0,2025-05-06,Pending,,,75,511.0,0,No,No,2025-05-06,2026-08-24
UPDATE,2026-08-24T00:00:00,2026-08-24,PT0230478,LST0230478,AG00308,LOC0070,Townhouse,1,2.5,1305,4446,2014,306300.0,2024-12-15,Sold,296212.74,2026-08-24,617,335.0,1,Yes,No,2024-12-15,2026-08-24
UPDATE,2026-08-24T00:00:00,2026-08-24,PT0407205,LST0407205,AG00544,LOC0129,Single Family,5,1.0,911,2983,2025,407000.0,2024-03-01,Pending,,,120,0.0,0,No,Yes,2024-03-01,2026-08-24
UPDATE,2026-08-24T00:00:00,2026-08-24,PT0220770,LST0220770,AG00544,LOC0029,Townhouse,4,1.5,2772,2707,1998,1267900.0,2024-05-07,Pending,,,45,303.0,3,No,No,2024-05-07,2026-08-24
UPDATE,2026-08-24T00:00:00,2026-08-24,PT0029695,LST0029695,AG02377,LOC0158,Single Family,3,4.0,2037,11336,2016,823500.0,2025-07-04,Active,,,48,0.0,0,No,Yes,2025-07-04,2026-08-24
UPDATE,2026-08-24T00:00:00,2026-08-24,PT0333547,LST0333547,AG02936,LOC0246,Single Family,5,2.5,385,1778,1933,59600.0,2026-06-10,Active,,,29,0.0,0,No,No,2026-06-10,2026-08-24
UPDATE,2026-08-24T00:00:00,2026-08-24,PT0478094,LST0478094,AG00491,LOC0004,Multi-Family,6,3.0,3034,13951,1948,507100.0,2025-06-30,Active,,,16,0.0,2,No,Yes,2025-06-30,2026-08-24
UPDATE,2026-08-24T00:00:00,2026-08-24,PT0079217,LST0079217,AG02137,LOC0165,Single Family,6,3.0,1216,1053,1992,721600.0,2026-01-25,Active,,,167,0.0,0,No,No,2026-01-25,2026-08-24
UPDATE,2026-08-24T00:00:00,2026-08-24,PT0401555,LST0401555,AG01273,LOC0004,Single Family,2,2.5,1398,1587,2001,159800.0,2025-12-05,Pending,,,1,0.0,3,No,No,2025-12-05,2026-08-24
UPDATE,2026-08-24T00:00:00,2026-08-24,PT0152043,LST0152043,AG00236,LOC0037,Multi-Family,1,4.0,1579,3929,1908,596400.0,2025-01-26,Sold,585690.22,2026-08-24,575,0.0,2,No,No,2025-01-26,2026-08-24
UPDATE,2026-08-24T00:00:00,2026-08-24,PT0524506,LST0524506,AG02133,LOC0025,Single Family,5,2.5,1262,2640,1909,164700.0,2026-07-22,Sold,169748.2,2026-08-24,33,0.0,0,No,No,2026-07-22,2026-08-24
UPDATE,2026-08-24T00:00:00,2026-08-24,PT0083509,LST0083509,AG01294,LOC0200,Single Family,2,1.0,1701,10663,1999,480800.0,2025-07-07,Active,,,57,0.0,2,No,No,2025-07-07,2026-08-24
UPDATE,2026-08-24T00:00:00,2026-08-24,PT0086032,LST0086032,AG00903,LOC0235,Multi-Family,1,3.0,2358,2409,2006,1490900.0,2024-02-13,Pending,,,25,0.0,0,No,No,2024-02-13,2026-08-24
UPDATE,2026-08-24T00:00:00,2026-08-24,PT0073079,LST0073079,AG01018,LOC0146,Condo,3,4.0,1179,4540,1999,182500.0,2023-09-28,Active,,,92,720.0,3,No,No,2023-09-28,2026-08-24
UPDATE,2026-08-24T00:00:00,2026-08-24,PT0417768,LST0417768,AG02995,LOC0187,Apartment,2,2.5,1687,0,1979,497500.0,2023-10-20,Pending,,,6,597.0,2,No,No,2023-10-20,2026-08-24
UPDATE,2026-08-24T00:00:00,2026-08-24,PT0425446,LST0425446,AG00464,LOC0123,Townhouse,2,4.0,2936,1099,2015,1075700.0,2025-02-20,Active,,,72,534.0,0,No,No,2025-02-20,2026-08-24
UPDATE,2026-08-24T00:00:00,2026-08-24,PT0476197,LST0476197,AG00917,LOC0149,Condo,5,1.0,1681,3695,1907,387200.0,2023-08-10,Pending,,,107,483.0,0,No,No,2023-08-10,2026-08-24
UPDATE,2026-08-24T00:00:00,2026-08-24,PT0483059,LST0483059,AG00017,LOC0068,Townhouse,2,2.5,1065,11977,2018,425100.0,2023-06-20,Active,,,179,324.0,2,Yes,No,2023-06-20,2026-08-24
UPDATE,2026-08-24T00:00:00,2026-08-24,PT0559932,LST0559932,AG00798,LOC0208,Condo,6,4.5,2525,1482,1949,531800.0,2026-08-22,Active,,,0,649.38,1,No,No,2026-08-22,2026-08-24
UPDATE,2026-08-24T00:00:00,2026-08-24,PT0199801,LST0199801,AG00088,LOC0205,Condo,5,3.0,2877,5198,2000,838300.0,2024-06-01,Pending,,,103,111.0,3,No,No,2024-06-01,2026-08-24
UPDATE,2026-08-24T00:00:00,2026-08-24,PT0471611,LST0471611,AG01769,LOC0127,Townhouse,1,3.5,994,4078,1944,387300.0,2025-11-17,Pending,,,87,648.0,0,No,No,2025-11-17,2026-08-24
UPDATE,2026-08-24T00:00:00,2026-08-24,PT0010990,LST0010990,AG02094,LOC0061,Condo,2,4.5,1879,3794,1939,172900.0,2024-11-13,Active,,,68,115.0,2,Yes,No,2024-11-13,2026-08-24
UPDATE,2026-08-24T00:00:00,2026-08-24,PT0113741,LST0113741,AG01181,LOC0042,Condo,5,2.5,1884,8353,1952,546300.0,2023-04-02,Active,,,94,145.0,2,Yes,No,2023-04-02,2026-08-24
UPDATE,2026-08-24T00:00:00,2026-08-24,PT0047963,LST0047963,AG01733,LOC0078,Condo,3,3.5,1457,4379,1913,638000.0,2023-01-04,Pending,,,76,477.0,0,Yes,No,2023-01-04,2026-08-24
UPDATE,2026-08-24T00:00:00,2026-08-24,PT0486011,LST0486011,AG02746,LOC0248,Single Family,6,4.5,2468,5904,2007,533800.0,2025-02-25,Active,,,52,0.0,2,No,No,2025-02-25,2026-08-24
UPDATE,2026-08-24T00:00:00,2026-08-24,PT0430057,LST0430057,AG00562,LOC0006,Land,0,0.0,10548,4969,2010,1397200.0,2023-01-08,Active,,,112,0.0,0,No,No,2023-01-08,2026-08-24
UPDATE,2026-08-24T00:00:00,2026-08-24,PT0052150,LST0052150,AG00464,LOC0086,Condo,2,1.0,2921,2739,2019,406100.0,2025-08-02,Pending,,,58,402.0,0,No,No,2025-08-02,2026-08-24
UPDATE,2026-08-24T00:00:00,2026-08-24,PT0450427,LST0450427,AG00787,LOC0233,Single Family,6,1.5,2046,3400,1959,322200.0,2024-03-12,Pending,,,56,0.0,2,Yes,No,2024-03-12,2026-08-24
UPDATE,2026-08-24T00:00:00,2026-08-24,PT0048304,LST0048304,AG00836,LOC0129,Townhouse,1,1.0,3587,2823,1966,1467600.0,2024-05-02,Pending,,,31,482.0,0,No,No,2024-05-02,2026-08-24
UPDATE,2026-08-24T00:00:00,2026-08-24,PT0236507,LST0236507,AG01036,LOC0039,Single Family,2,3.5,1542,2489,2004,106500.0,2023-06-19,Pending,,,128,0.0,3,No,No,2023-06-19,2026-08-24
UPDATE,2026-08-24T00:00:00,2026-08-24,PT0163396,LST0163396,AG02192,LOC0023,Apartment,4,1.0,697,0,1905,179900.0,2025-01-22,Active,,,160,246.0,1,No,No,2025-01-22,2026-08-24
UPDATE,2026-08-24T00:00:00,2026-08-24,PT0403426,LST0403426,AG00440,LOC0191,Condo,6,2.0,527,4514,1947,260700.0,2024-04-09,Sold,241723.88,2026-08-24,867,445.0,2,No,No,2024-04-09,2026-08-24
UPDATE,2026-08-24T00:00:00,2026-08-24,PT0332941,LST0332941,AG02264,LOC0231,Townhouse,5,4.0,669,17283,1994,119000.0,2024-01-19,Active,,,126,467.0,2,No,No,2024-01-19,2026-08-24
UPDATE,2026-08-24T00:00:00,2026-08-24,PT0170389,LST0170389,AG00780,LOC0135,Townhouse,5,3.0,2089,7756,2023,931400.0,2023-02-27,Active,,,127,140.0,0,No,No,2023-02-27,2026-08-24
UPDATE,2026-08-24T00:00:00,2026-08-24,PT0507926,LST0507926,AG00035,LOC0051,Land,0,0.0,7106,3702,1943,1124800.0,2026-07-07,Pending,,,0,0.0,0,No,No,2026-07-07,2026-08-24
UPDATE,2026-08-24T00:00:00,2026-08-24,PT0521010,LST0521010,AG01684,LOC0098,Multi-Family,2,1.5,2201,2678,1991,565800.0,2026-07-19,Pending,,,0,0.0,0,No,No,2026-07-19,2026-08-24
UPDATE,2026-08-24T00:00:00,2026-08-24,PT0530356,LST0530356,AG02437,LOC0046,Single Family,5,2.5,939,8635,2024,233600.0,2026-07-27,Active,,,0,0.0,3,No,Yes,2026-07-27,2026-08-24
UPDATE,2026-08-24T00:00:00,2026-08-24,PT0552892,LST0552892,AG02208,LOC0087,Single Family,6,4.5,1881,9101,1987,1032900.0,2026-08-16,Pending,,,0,0.0,1,No,Yes,2026-08-16,2026-08-24
UPDATE,2026-08-24T00:00:00,2026-08-24,PT0017084,LST0017084,AG01361,LOC0002,Townhouse,5,4.0,952,4805,1930,237900.0,2024-07-24,Pending,,,179,93.0,1,No,No,2024-07-24,2026-08-24
UPDATE,2026-08-24T00:00:00,2026-08-24,PT0092664,LST0092664,AG00705,LOC0038,Single Family,4,1.5,1844,9336,2022,358500.0,2026-04-07,Active,,,135,0.0,2,No,Yes,2026-04-07,2026-08-24
UPDATE,2026-08-24T00:00:00,2026-08-24,PT0377324,LST0377324,AG01061,LOC0244,Condo,6,4.5,1412,1018,2008,287900.0,2024-12-08,Active,,,135,612.0,1,No,No,2024-12-08,2026-08-24
UPDATE,2026-08-24T00:00:00,2026-08-24,PT0386200,LST0386200,AG01119,LOC0089,Land,0,0.0,5303,5459,1985,2126000.0,2023-08-08,Sold,2073790.32,2026-08-24,1112,0.0,0,No,No,2023-08-08,2026-08-24
UPDATE,2026-08-24T00:00:00,2026-08-24,PT0061978,LST0061978,AG00522,LOC0236,Single Family,4,4.0,1349,3090,1942,205400.0,2024-10-16,Pending,,,3,0.0,2,No,No,2024-10-16,2026-08-24
UPDATE,2026-08-24T00:00:00,2026-08-24,PT0260010,LST0260010,AG00484,LOC0101,Townhouse,2,4.0,1677,1083,1913,655300.0,2024-04-01,Active,,,77,383.0,3,No,No,2024-04-01,2026-08-24
UPDATE,2026-08-24T00:00:00,2026-08-24,PT0270834,LST0270834,AG01631,LOC0025,Townhouse,4,1.0,300,3672,2008,58400.0,2023-11-11,Pending,,,48,750.0,1,No,No,2023-11-11,2026-08-24
UPDATE,2026-08-24T00:00:00,2026-08-24,PT0545833,LST0545833,AG01821,LOC0217,Condo,6,3.0,3297,2777,1924,532600.0,2026-08-09,Active,,,0,507.31,3,No,No,2026-08-09,2026-08-24
UPDATE,2026-08-24T00:00:00,2026-08-24,PT0553154,LST0553154,AG01940,LOC0249,Condo,2,1.5,1893,10658,1921,755300.0,2026-08-16,Active,,,0,456.67,1,No,No,2026-08-16,2026-08-24
UPDATE,2026-08-24T00:00:00,2026-08-24,PT0346474,LST0346474,AG01124,LOC0249,Single Family,4,3.0,571,1693,1963,281100.0,2025-09-23,Pending,,,3,0.0,2,No,No,2025-09-23,2026-08-24
UPDATE,2026-08-24T00:00:00,2026-08-24,PT0149867,LST0149867,AG00151,LOC0052,Condo,1,2.0,1554,3005,1992,259500.0,2026-01-20,Sold,236289.09,2026-08-24,216,591.0,2,No,No,2026-01-20,2026-08-24
UPDATE,2026-08-24T00:00:00,2026-08-24,PT0477136,LST0477136,AG01978,LOC0066,Single Family,2,3.5,1833,5990,1913,166500.0,2023-07-20,Pending,,,40,0.0,1,Yes,Yes,2023-07-20,2026-08-24
UPDATE,2026-08-24T00:00:00,2026-08-24,PT0540860,LST0540860,AG01759,LOC0082,Condo,6,4.5,1952,6496,1995,272900.0,2026-08-05,Pending,,,0,295.91,0,No,No,2026-08-05,2026-08-24
UPDATE,2026-08-24T00:00:00,2026-08-24,PT0225232,LST0225232,AG02551,LOC0250,Multi-Family,1,2.0,2754,1540,1987,422000.0,2023-06-13,Sold,395889.51,2026-08-24,1168,0.0,1,No,Yes,2023-06-13,2026-08-24
UPDATE,2026-08-24T00:00:00,2026-08-24,PT0102301,LST0102301,AG00345,LOC0061,Townhouse,5,1.5,1873,2757,1971,327500.0,2023-05-16,Pending,,,20,750.0,2,No,No,2023-05-16,2026-08-24
UPDATE,2026-08-24T00:00:00,2026-08-24,PT0281158,LST0281158,AG01025,LOC0037,Townhouse,6,2.5,814,1864,1926,228100.0,2025-10-09,Pending,,,91,544.0,1,No,No,2025-10-09,2026-08-24
UPDATE,2026-08-24T00:00:00,2026-08-24,PT0509471,LST0509471,AG00652,LOC0225,Condo,2,4.0,2292,2178,1914,1452000.0,2026-07-08,Pending,,,0,475.48,2,No,No,2026-07-08,2026-08-24
UPDATE,2026-08-24T00:00:00,2026-08-24,PT0107535,LST0107535,AG01614,LOC0249,Apartment,4,3.5,899,0,1945,396600.0,2024-06-05,Pending,,,13,152.0,0,No,No,2024-06-05,2026-08-24
UPDATE,2026-08-24T00:00:00,2026-08-24,PT0515594,LST0515594,AG01563,LOC0092,Single Family,3,1.5,2394,3539,2009,402000.0,2026-07-13,Active,,,0,0.0,3,No,No,2026-07-13,2026-08-24
UPDATE,2026-08-24T00:00:00,2026-08-24,PT0511284,LST0511284,AG02500,LOC0002,Single Family,1,3.5,1664,3111,2005,447200.0,2026-07-10,Pending,,,0,0.0,2,Yes,Yes,2026-07-10,2026-08-24
UPDATE,2026-08-24T00:00:00,2026-08-24,PT0422275,LST0422275,AG01019,LOC0153,Single Family,4,2.5,593,6638,1945,86400.0,2025-07-22,Sold,81950.04,2026-08-24,398,0.0,1,No,Yes,2025-07-22,2026-08-24
UPDATE,2026-08-24T00:00:00,2026-08-24,PT0518685,LST0518685,AG02013,LOC0100,Townhouse,5,3.0,2430,2118,1992,131500.0,2026-07-16,Active,,,0,650.91,2,No,No,2026-07-16,2026-08-24
UPDATE,2026-08-24T00:00:00,2026-08-24,PT0530099,LST0530099,AG02258,LOC0157,Townhouse,4,2.0,2033,4443,1947,260800.0,2026-07-27,Sold,258652.34,2026-08-24,28,727.49,1,No,No,2026-07-27,2026-08-24
UPDATE,2026-08-24T00:00:00,2026-08-24,PT0289188,LST0289188,AG02586,LOC0250,Townhouse,5,3.0,1212,1948,1918,104100.0,2025-11-26,Pending,,,123,779.0,2,No,No,2025-11-26,2026-08-24
UPDATE,2026-08-24T00:00:00,2026-08-24,PT0499583,LST0499583,AG00466,LOC0032,Single Family,1,4.0,2581,1829,1939,365400.0,2023-04-14,Pending,,,87,0.0,0,Yes,Yes,2023-04-14,2026-08-24
UPDATE,2026-08-24T00:00:00,2026-08-24,PT0551781,LST0551781,AG01326,LOC0190,Single Family,5,3.0,2251,2417,1991,338200.0,2026-08-15,Sold,332797.62,2026-08-24,9,0.0,0,No,No,2026-08-15,2026-08-24
UPDATE,2026-08-24T00:00:00,2026-08-24,PT0539576,LST0539576,AG02783,LOC0019,Single Family,3,1.5,1556,6255,2011,316100.0,2026-08-04,Sold,323364.18,2026-08-24,20,0.0,0,No,Yes,2026-08-04,2026-08-24
UPDATE,2026-08-24T00:00:00,2026-08-24,PT0558018,LST0558018,AG00765,LOC0180,Single Family,1,2.5,1844,12494,1944,495800.0,2026-08-21,Active,,,0,0.0,1,Yes,Yes,2026-08-21,2026-08-24
UPDATE,2026-08-24T00:00:00,2026-08-24,PT0506332,LST0506332,AG02742,LOC0053,Condo,1,2.0,2547,15155,1947,1014500.0,2026-07-06,Pending,,,0,413.2,1,No,No,2026-07-06,2026-08-24
UPDATE,2026-08-24T00:00:00,2026-08-24,PT0421425,LST0421425,AG00290,LOC0007,Condo,6,2.0,1100,3510,1909,295500.0,2023-04-21,Pending,,,167,344.0,3,No,No,2023-04-21,2026-08-24
UPDATE,2026-08-24T00:00:00,2026-08-24,PT0128506,LST0128506,AG01280,LOC0219,Single Family,3,4.5,300,1671,1931,103300.0,2023-06-20,Pending,,,56,0.0,1,No,Yes,2023-06-20,2026-08-24
UPDATE,2026-08-24T00:00:00,2026-08-24,PT0356029,LST0356029,AG01523,LOC0237,Single Family,6,1.5,1479,1550,1973,347500.0,2023-02-03,Active,,,148,0.0,0,No,Yes,2023-02-03,2026-08-24
UPDATE,2026-08-24T00:00:00,2026-08-24,PT0100995,LST0100995,AG01154,LOC0126,Apartment,6,4.0,505,0,1973,186300.0,2023-12-19,Active,,,153,703.0,2,Yes,No,2023-12-19,2026-08-24
UPDATE,2026-08-24T00:00:00,2026-08-24,PT0533332,LST0533332,AG00512,LOC0146,Multi-Family,6,2.0,540,16532,1941,67700.0,2026-07-29,Active,,,0,0.0,2,No,No,2026-07-29,2026-08-24
UPDATE,2026-08-24T00:00:00,2026-08-24,PT0030072,LST0030072,AG01612,LOC0233,Condo,4,1.5,1510,1964,1955,294900.0,2025-06-05,Sold,303976.58,2026-08-24,445,153.0,2,Yes,No,2025-06-05,2026-08-24
UPDATE,2026-08-24T00:00:00,2026-08-24,PT0527871,LST0527871,AG00415,LOC0211,Land,0,0.0,4393,5852,2023,2323700.0,2026-07-25,Active,,,0,0.0,0,No,No,2026-07-25,2026-08-24
UPDATE,2026-08-24T00:00:00,2026-08-24,PT0354358,LST0354358,AG01195,LOC0150,Single Family,1,4.0,2424,3559,1951,567200.0,2024-07-22,Pending,,,56,0.0,3,No,No,2024-07-22,2026-08-24
UPDATE,2026-08-24T00:00:00,2026-08-24,PT0039644,LST0039644,AG00097,LOC0071,Townhouse,3,1.0,1693,14882,2000,544400.0,2025-06-03,Pending,,,51,559.0,3,No,No,2025-06-03,2026-08-24
UPDATE,2026-08-24T00:00:00,2026-08-24,PT0151699,LST0151699,AG00846,LOC0055,Single Family,6,2.5,2419,2191,1961,377500.0,2025-06-12,Active,,,132,0.0,2,No,Yes,2025-06-12,2026-08-24
UPDATE,2026-08-24T00:00:00,2026-08-24,PT0534291,LST0534291,AG01978,LOC0168,Apartment,1,4.5,1230,0,1920,523100.0,2026-07-30,Sold,477959.42,2026-08-24,25,142.35,2,No,No,2026-07-30,2026-08-24
UPDATE,2026-08-24T00:00:00,2026-08-24,PT0013369,LST0013369,AG02395,LOC0029,Condo,3,4.0,1599,2092,1947,340000.0,2024-07-11,Active,,,60,662.0,3,No,No,2024-07-11,2026-08-24
UPDATE,2026-08-24T00:00:00,2026-08-24,PT0432864,LST0432864,AG02587,LOC0027,Single Family,2,4.5,2816,1666,1973,903600.0,2024-06-16,Active,,,159,0.0,3,No,No,2024-06-16,2026-08-24
UPDATE,2026-08-24T00:00:00,2026-08-24,PT0150772,LST0150772,AG00176,LOC0080,Townhouse,3,3.0,2934,11139,1910,1190300.0,2023-03-27,Sold,1193327.42,2026-08-24,1246,207.0,0,No,No,2023-03-27,2026-08-24
UPDATE,2026-08-24T00:00:00,2026-08-24,PT0519937,LST0519937,AG00442,LOC0183,Single Family,6,3.5,1247,7807,1996,89600.0,2026-07-18,Active,,,0,0.0,2,Yes,No,2026-07-18,2026-08-24
UPDATE,2026-08-24T00:00:00,2026-08-24,PT0408901,LST0408901,AG00676,LOC0183,Single Family,2,4.0,606,1166,1929,143100.0,2026-05-28,Sold,122483.99,2026-08-24,88,0.0,1,Yes,Yes,2026-05-28,2026-08-24
UPDATE,2026-08-24T00:00:00,2026-08-24,PT0353461,LST0353461,AG01642,LOC0085,Single Family,5,1.5,1552,4562,1967,357900.0,2023-11-15,Pending,,,1,0.0,3,No,No,2023-11-15,2026-08-24
UPDATE,2026-08-24T00:00:00,2026-08-24,PT0470867,LST0470867,AG01972,LOC0032,Condo,2,2.5,1878,13764,1931,327000.0,2023-07-19,Sold,315732.2,2026-08-24,1132,328.0,1,No,No,2023-07-19,2026-08-24
UPDATE,2026-08-24T00:00:00,2026-08-24,PT0168341,LST0168341,AG01608,LOC0099,Single Family,6,3.0,2538,10793,1971,853400.0,2024-03-30,Pending,,,141,0.0,3,No,No,2024-03-30,2026-08-24
UPDATE,2026-08-24T00:00:00,2026-08-24,PT0513696,LST0513696,AG01010,LOC0001,Townhouse,1,4.5,1231,2586,1906,236500.0,2026-07-12,Sold,240284.0,2026-08-24,43,116.29,1,No,No,2026-07-12,2026-08-24
UPDATE,2026-08-24T00:00:00,2026-08-24,PT0540096,LST0540096,AG00654,LOC0138,Single Family,1,2.5,1022,5050,1946,318600.0,2026-08-04,Active,,,0,0.0,3,No,No,2026-08-04,2026-08-24
UPDATE,2026-08-24T00:00:00,2026-08-24,PT0255190,LST0255190,AG02874,LOC0156,Single Family,2,3.5,1362,3051,1922,454900.0,2025-01-11,Pending,,,40,0.0,3,No,Yes,2025-01-11,2026-08-24
UPDATE,2026-08-24T00:00:00,2026-08-24,PT0117009,LST0117009,AG01696,LOC0142,Single Family,2,3.5,2206,1769,1964,729400.0,2026-03-14,Active,,,112,0.0,2,Yes,No,2026-03-14,2026-08-24
UPDATE,2026-08-24T00:00:00,2026-08-24,PT0221822,LST0221822,AG00171,LOC0148,Townhouse,1,4.5,1575,3183,1960,100400.0,2023-07-01,Pending,,,135,398.0,2,No,No,2023-07-01,2026-08-24
UPDATE,2026-08-24T00:00:00,2026-08-24,PT0212971,LST0212971,AG00616,LOC0243,Condo,4,2.5,1933,17321,2001,1060200.0,2023-11-24,Pending,,,137,318.0,0,Yes,No,2023-11-24,2026-08-24
UPDATE,2026-08-24T00:00:00,2026-08-24,PT0245187,LST0245187,AG02283,LOC0112,Single Family,6,4.5,2510,1188,2008,262300.0,2023-07-13,Sold,270963.28,2026-08-24,1138,0.0,3,No,No,2023-07-13,2026-08-24
UPDATE,2026-08-24T00:00:00,2026-08-24,PT0518096,LST0518096,AG00081,LOC0026,Apartment,3,4.0,1033,0,2024,255400.0,2026-07-16,Sold,258494.59,2026-08-24,39,112.84,3,No,No,2026-07-16,2026-08-24
UPDATE,2026-08-24T00:00:00,2026-08-24,PT0204516,LST0204516,AG02087,LOC0087,Single Family,4,1.5,1461,2278,1920,355700.0,2024-06-11,Pending,,,37,0.0,3,No,Yes,2024-06-11,2026-08-24
UPDATE,2026-08-24T00:00:00,2026-08-24,PT0506576,LST0506576,AG01385,LOC0003,Apartment,6,4.0,360,0,1968,18000.0,2026-07-06,Active,,,0,768.19,2,No,No,2026-07-06,2026-08-24
UPDATE,2026-08-24T00:00:00,2026-08-24,PT0463972,LST0463972,AG02574,LOC0121,Condo,3,3.5,1596,3420,2020,353000.0,2024-02-26,Sold,335778.73,2026-08-24,910,708.0,0,No,No,2024-02-26,2026-08-24
UPDATE,2026-08-24T00:00:00,2026-08-24,PT0185611,LST0185611,AG02706,LOC0205,Condo,6,1.5,1133,3813,1982,139400.0,2024-02-26,Pending,,,146,327.0,2,No,No,2024-02-26,2026-08-24
UPDATE,2026-08-24T00:00:00,2026-08-24,PT0184464,LST0184464,AG02466,LOC0058,Single Family,1,2.5,427,6347,1941,134300.0,2025-10-19,Sold,132768.9,2026-08-24,309,0.0,0,No,Yes,2025-10-19,2026-08-24
UPDATE,2026-08-24T00:00:00,2026-08-24,PT0163548,LST0163548,AG01643,LOC0247,Multi-Family,2,4.5,5492,4701,1983,1825800.0,2024-08-16,Sold,1882401.24,2026-08-24,738,0.0,0,Yes,Yes,2024-08-16,2026-08-24
UPDATE,2026-08-24T00:00:00,2026-08-24,PT0167509,LST0167509,AG01353,LOC0049,Single Family,4,4.0,1519,8800,1990,526400.0,2024-11-25,Active,,,132,0.0,1,No,No,2024-11-25,2026-08-24
UPDATE,2026-08-24T00:00:00,2026-08-24,PT0554135,LST0554135,AG02161,LOC0214,Single Family,3,4.5,2860,2324,1974,608000.0,2026-08-17,Pending,,,0,0.0,3,No,Yes,2026-08-17,2026-08-24
UPDATE,2026-08-24T00:00:00,2026-08-24,PT0128762,LST0128762,AG01308,LOC0181,Apartment,5,3.5,1327,0,1980,364100.0,2026-01-17,Active,,,100,118.0,0,Yes,No,2026-01-17,2026-08-24
UPDATE,2026-08-24T00:00:00,2026-08-24,PT0098923,LST0098923,AG01584,LOC0155,Single Family,5,2.5,1629,5362,1946,444500.0,2024-04-25,Pending,,,31,0.0,0,Yes,No,2024-04-25,2026-08-24
UPDATE,2026-08-24T00:00:00,2026-08-24,PT0552493,LST0552493,AG00207,LOC0003,Single Family,4,3.5,2706,3298,1954,390700.0,2026-08-16,Sold,356604.68,2026-08-24,8,0.0,0,No,Yes,2026-08-16,2026-08-24
UPDATE,2026-08-24T00:00:00,2026-08-24,PT0529917,LST0529917,AG01609,LOC0049,Multi-Family,4,2.5,3375,4692,1919,1353700.0,2026-07-26,Active,,,0,0.0,2,No,No,2026-07-26,2026-08-24
UPDATE,2026-08-24T00:00:00,2026-08-24,PT0280594,LST0280594,AG01181,LOC0071,Townhouse,3,2.0,2394,2552,2015,905700.0,2025-12-08,Pending,,,179,219.0,2,No,No,2025-12-08,2026-08-24
UPDATE,2026-08-24T00:00:00,2026-08-24,PT0429617,LST0429617,AG01472,LOC0091,Townhouse,3,3.0,1432,8140,1905,618200.0,2024-01-01,Pending,,,117,736.0,3,No,No,2024-01-01,2026-08-24
UPDATE,2026-08-24T00:00:00,2026-08-24,PT0410934,LST0410934,AG00636,LOC0059,Condo,2,2.5,1988,4310,1906,157900.0,2023-06-20,Sold,145103.37,2026-08-24,1161,246.0,3,No,No,2023-06-20,2026-08-24
UPDATE,2026-08-24T00:00:00,2026-08-24,PT0207980,LST0207980,AG00693,LOC0246,Condo,5,2.5,1626,1975,1902,220600.0,2025-08-23,Sold,216972.09,2026-08-24,366,379.0,0,Yes,No,2025-08-23,2026-08-24
UPDATE,2026-08-24T00:00:00,2026-08-24,PT0265335,LST0265335,AG02360,LOC0064,Apartment,4,4.0,1090,0,1966,132600.0,2024-05-29,Sold,130905.64,2026-08-24,817,96.0,3,Yes,No,2024-05-29,2026-08-24
UPDATE,2026-08-24T00:00:00,2026-08-24,PT0430093,LST0430093,AG00947,LOC0070,Single Family,3,3.0,2327,1989,1902,263600.0,2025-09-21,Pending,,,69,0.0,0,No,No,2025-09-21,2026-08-24
UPDATE,2026-08-24T00:00:00,2026-08-24,PT0077674,LST0077674,AG00786,LOC0207,Townhouse,3,1.5,2385,9414,1918,253600.0,2023-10-05,Sold,246067.82,2026-08-24,1054,767.0,0,No,No,2023-10-05,2026-08-24
UPDATE,2026-08-24T00:00:00,2026-08-24,PT0232459,LST0232459,AG00207,LOC0011,Apartment,5,2.0,882,0,1900,415100.0,2023-09-10,Pending,,,178,210.0,1,No,No,2023-09-10,2026-08-24
UPDATE,2026-08-24T00:00:00,2026-08-24,PT0333852,LST0333852,AG02474,LOC0222,Apartment,5,4.5,186,0,2016,59600.0,2024-11-23,Active,,,2,701.0,1,No,No,2024-11-23,2026-08-24
UPDATE,2026-08-24T00:00:00,2026-08-24,PT0332428,LST0332428,AG01659,LOC0019,Land,0,0.0,4774,9187,1928,1226900.0,2023-02-26,Pending,,,159,0.0,0,No,No,2023-02-26,2026-08-24
UPDATE,2026-08-24T00:00:00,2026-08-24,PT0090412,LST0090412,AG02643,LOC0222,Multi-Family,6,3.5,3820,5912,2009,1207200.0,2024-11-14,Active,,,90,0.0,1,No,No,2024-11-14,2026-08-24
UPDATE,2026-08-24T00:00:00,2026-08-24,PT0477596,LST0477596,AG00575,LOC0243,Single Family,4,2.0,1911,4725,1986,983900.0,2025-04-12,Pending,,,126,0.0,2,No,No,2025-04-12,2026-08-24
UPDATE,2026-08-24T00:00:00,2026-08-24,PT0552396,LST0552396,AG01668,LOC0072,Single Family,6,2.0,2519,1392,1993,238400.0,2026-08-16,Active,,,0,0.0,3,No,No,2026-08-16,2026-08-24
UPDATE,2026-08-24T00:00:00,2026-08-24,PT0448860,LST0448860,AG01961,LOC0202,Single Family,1,3.0,2389,2418,1921,408900.0,2025-02-21,Pending,,,68,0.0,3,Yes,Yes,2025-02-21,2026-08-24
UPDATE,2026-08-24T00:00:00,2026-08-24,PT0101532,LST0101532,AG02384,LOC0215,Single Family,1,1.0,1388,6249,2024,484600.0,2023-11-01,Pending,,,68,0.0,3,No,No,2023-11-01,2026-08-24
UPDATE,2026-08-24T00:00:00,2026-08-24,PT0532899,LST0532899,AG02624,LOC0006,Single Family,1,2.5,1727,3286,2025,246200.0,2026-07-29,Active,,,0,0.0,1,No,No,2026-07-29,2026-08-24
UPDATE,2026-08-24T00:00:00,2026-08-24,PT0264711,LST0264711,AG02538,LOC0176,Single Family,5,1.0,1701,1091,1966,757100.0,2023-10-16,Pending,,,118,0.0,2,No,No,2023-10-16,2026-08-24
UPDATE,2026-08-24T00:00:00,2026-08-24,PT0123155,LST0123155,AG01527,LOC0140,Multi-Family,4,3.0,1530,11828,1936,1002500.0,2023-03-27,Sold,1079584.46,2026-08-24,1246,0.0,3,No,Yes,2023-03-27,2026-08-24
UPDATE,2026-08-24T00:00:00,2026-08-24,PT0304530,LST0304530,AG02394,LOC0091,Multi-Family,3,2.0,6570,12272,1903,641600.0,2026-01-31,Pending,,,157,0.0,0,No,No,2026-01-31,2026-08-24
UPDATE,2026-08-24T00:00:00,2026-08-24,PT0487359,LST0487359,AG00904,LOC0233,Land,0,0.0,5451,2832,1979,2176400.0,2023-03-26,Pending,,,148,0.0,0,No,No,2023-03-26,2026-08-24
UPDATE,2026-08-24T00:00:00,2026-08-24,PT0285869,LST0285869,AG02008,LOC0032,Single Family,4,4.0,1418,3463,1967,212700.0,2024-02-16,Pending,,,4,0.0,1,No,No,2024-02-16,2026-08-24
UPDATE,2026-08-24T00:00:00,2026-08-24,PT0558942,LST0558942,AG02349,LOC0016,Townhouse,2,2.0,2333,2043,1922,581200.0,2026-08-21,Active,,,0,604.46,0,No,No,2026-08-21,2026-08-24
UPDATE,2026-08-24T00:00:00,2026-08-24,PT0079423,LST0079423,AG02611,LOC0123,Single Family,4,1.0,1910,1836,1990,480000.0,2023-03-31,Active,,,88,0.0,3,No,No,2023-03-31,2026-08-24
UPDATE,2026-08-24T00:00:00,2026-08-24,PT0545592,LST0545592,AG01947,LOC0125,Multi-Family,3,2.0,1623,2671,1918,248200.0,2026-08-09,Active,,,0,0.0,3,No,Yes,2026-08-09,2026-08-24
UPDATE,2026-08-24T00:00:00,2026-08-24,PT0357600,LST0357600,AG02832,LOC0183,Single Family,6,2.5,2533,13133,2022,1062600.0,2024-09-15,Active,,,95,0.0,0,No,No,2024-09-15,2026-08-24
UPDATE,2026-08-24T00:00:00,2026-08-24,PT0302010,LST0302010,AG02143,LOC0017,Single Family,5,4.5,2176,2497,2022,667700.0,2024-11-02,Pending,,,91,0.0,1,No,Yes,2024-11-02,2026-08-24
UPDATE,2026-08-24T00:00:00,2026-08-24,PT0476229,LST0476229,AG00870,LOC0206,Apartment,1,4.0,555,0,1938,239500.0,2025-06-29,Active,,,120,498.0,0,No,No,2025-06-29,2026-08-24
UPDATE,2026-08-24T00:00:00,2026-08-24,PT0345530,LST0345530,AG01147,LOC0233,Condo,2,3.0,1677,1552,1992,494200.0,2025-04-20,Pending,,,40,427.0,0,Yes,No,2025-04-20,2026-08-24
UPDATE,2026-08-24T00:00:00,2026-08-24,PT0007402,LST0007402,AG02183,LOC0212,Single Family,6,4.5,2287,2469,1968,584100.0,2023-11-01,Active,,,10,0.0,1,No,No,2023-11-01,2026-08-24
UPDATE,2026-08-24T00:00:00,2026-08-24,PT0241381,LST0241381,AG00570,LOC0060,Apartment,2,4.0,1074,0,1914,147900.0,2026-06-25,Pending,,,112,499.0,3,No,No,2026-06-25,2026-08-24
UPDATE,2026-08-24T00:00:00,2026-08-24,PT0231191,LST0231191,AG02350,LOC0028,Townhouse,3,2.5,1342,11523,2011,161200.0,2023-10-22,Pending,,,177,636.0,3,No,No,2023-10-22,2026-08-24
UPDATE,2026-08-24T00:00:00,2026-08-24,PT0421133,LST0421133,AG00403,LOC0009,Land,0,0.0,6501,1902,2007,2620600.0,2023-08-12,Pending,,,52,0.0,0,No,No,2023-08-12,2026-08-24
UPDATE,2026-08-24T00:00:00,2026-08-24,PT0261143,LST0261143,AG00146,LOC0072,Single Family,1,3.0,2886,9513,1991,327200.0,2025-11-30,Active,,,138,0.0,1,Yes,No,2025-11-30,2026-08-24
UPDATE,2026-08-24T00:00:00,2026-08-24,PT0277321,LST0277321,AG00631,LOC0059,Single Family,2,2.5,1539,2581,2020,312300.0,2024-01-08,Pending,,,59,0.0,1,No,No,2024-01-08,2026-08-24
UPDATE,2026-08-24T00:00:00,2026-08-24,PT0396945,LST0396945,AG00998,LOC0218,Condo,3,4.5,1759,18933,1929,699500.0,2025-10-12,Pending,,,49,249.0,3,No,No,2025-10-12,2026-08-24
UPDATE,2026-08-24T00:00:00,2026-08-24,PT0061972,LST0061972,AG01973,LOC0014,Condo,3,1.0,1726,5025,2019,368000.0,2025-05-04,Sold,351815.54,2026-08-24,477,685.0,3,Yes,No,2025-05-04,2026-08-24
UPDATE,2026-08-24T00:00:00,2026-08-24,PT0335388,LST0335388,AG02909,LOC0036,Townhouse,1,4.5,1433,2076,1952,592800.0,2024-03-05,Pending,,,161,125.0,3,No,No,2024-03-05,2026-08-24
UPDATE,2026-08-24T00:00:00,2026-08-24,PT0358323,LST0358323,AG00734,LOC0122,Multi-Family,4,1.0,3316,2196,1983,1652200.0,2024-09-28,Active,,,3,0.0,3,No,No,2024-09-28,2026-08-24
UPDATE,2026-08-24T00:00:00,2026-08-24,PT0525188,LST0525188,AG00153,LOC0018,Condo,5,2.5,2202,10987,1997,818700.0,2026-07-22,Active,,,0,198.08,1,No,No,2026-07-22,2026-08-24
UPDATE,2026-08-24T00:00:00,2026-08-24,PT0512927,LST0512927,AG01116,LOC0193,Condo,1,4.0,2046,3611,1986,413600.0,2026-07-11,Pending,,,0,793.37,3,No,No,2026-07-11,2026-08-24
UPDATE,2026-08-24T00:00:00,2026-08-24,PT0276124,LST0276124,AG01839,LOC0037,Single Family,1,1.5,476,2152,1958,175800.0,2024-01-02,Sold,164945.11,2026-08-24,965,0.0,1,No,No,2024-01-02,2026-08-24
UPDATE,2026-08-24T00:00:00,2026-08-24,PT0411423,LST0411423,AG01329,LOC0002,Condo,5,3.5,1241,1555,1991,168000.0,2023-03-14,Active,,,28,329.0,1,No,No,2023-03-14,2026-08-24
UPDATE,2026-08-24T00:00:00,2026-08-24,PT0475349,LST0475349,AG02919,LOC0230,Single Family,1,1.5,2545,1275,1972,900900.0,2023-08-31,Active,,,52,0.0,3,No,Yes,2023-08-31,2026-08-24
UPDATE,2026-08-24T00:00:00,2026-08-24,PT0518261,LST0518261,AG00285,LOC0028,Apartment,6,4.0,362,0,1978,43300.0,2026-07-16,Pending,,,0,458.21,0,No,No,2026-07-16,2026-08-24
UPDATE,2026-08-24T00:00:00,2026-08-24,PT0171371,LST0171371,AG00914,LOC0142,Single Family,3,4.0,2112,10756,1958,601000.0,2024-09-22,Sold,563190.21,2026-08-24,701,0.0,0,Yes,Yes,2024-09-22,2026-08-24
UPDATE,2026-08-24T00:00:00,2026-08-24,PT0062740,LST0062740,AG02302,LOC0166,Single Family,4,2.5,1269,2197,1928,225800.0,2024-09-19,Pending,,,175,0.0,1,No,Yes,2024-09-19,2026-08-24
UPDATE,2026-08-24T00:00:00,2026-08-24,PT0471142,LST0471142,AG01337,LOC0192,Multi-Family,2,4.0,3498,2537,1904,529000.0,2023-02-23,Pending,,,49,0.0,3,No,No,2023-02-23,2026-08-24
UPDATE,2026-08-24T00:00:00,2026-08-24,PT0269367,LST0269367,AG02778,LOC0133,Single Family,4,2.0,1909,1101,1966,323800.0,2023-02-03,Active,,,121,0.0,0,No,Yes,2023-02-03,2026-08-24
UPDATE,2026-08-24T00:00:00,2026-08-24,PT0082688,LST0082688,AG00596,LOC0190,Land,0,0.0,8058,2905,1905,2641400.0,2024-05-24,Active,,,156,0.0,0,No,No,2024-05-24,2026-08-24
UPDATE,2026-08-24T00:00:00,2026-08-24,PT0183129,LST0183129,AG01378,LOC0186,Single Family,1,3.5,1096,12448,1965,225900.0,2023-04-03,Active,,,132,0.0,3,Yes,Yes,2023-04-03,2026-08-24
UPDATE,2026-08-24T00:00:00,2026-08-24,PT0506395,LST0506395,AG00536,LOC0215,Single Family,4,3.0,1640,17309,1969,502500.0,2026-07-06,Sold,482822.03,2026-08-24,49,0.0,3,No,Yes,2026-07-06,2026-08-24
UPDATE,2026-08-24T00:00:00,2026-08-24,PT0289272,LST0289272,AG01281,LOC0095,Land,0,0.0,6743,1933,2014,3152200.0,2024-06-22,Sold,3147552.74,2026-08-24,793,0.0,0,No,No,2024-06-22,2026-08-24
UPDATE,2026-08-24T00:00:00,2026-08-24,PT0267087,LST0267087,AG02004,LOC0015,Single Family,2,2.0,2947,2112,2023,609900.0,2024-09-17,Sold,548048.85,2026-08-24,706,0.0,0,No,No,2024-09-17,2026-08-24
UPDATE,2026-08-24T00:00:00,2026-08-24,PT0539306,LST0539306,AG01834,LOC0212,Single Family,1,2.5,2074,2786,1975,1317200.0,2026-08-03,Sold,1257164.66,2026-08-24,21,0.0,0,No,Yes,2026-08-03,2026-08-24
UPDATE,2026-08-24T00:00:00,2026-08-24,PT0237690,LST0237690,AG02002,LOC0189,Condo,4,2.5,2655,1836,1910,731800.0,2024-01-22,Sold,721501.14,2026-08-24,945,70.0,0,No,No,2024-01-22,2026-08-24
UPDATE,2026-08-24T00:00:00,2026-08-24,PT0397494,LST0397494,AG00095,LOC0238,Condo,6,4.0,2153,7990,1998,1104700.0,2025-06-23,Pending,,,153,477.0,3,No,No,2025-06-23,2026-08-24
UPDATE,2026-08-24T00:00:00,2026-08-24,PT0534610,LST0534610,AG00292,LOC0234,Townhouse,4,2.0,2204,2632,1963,1586800.0,2026-07-30,Active,,,0,272.13,0,No,No,2026-07-30,2026-08-24
UPDATE,2026-08-24T00:00:00,2026-08-24,PT0436151,LST0436151,AG01756,LOC0050,Condo,2,1.5,2707,3688,1914,691200.0,2024-04-20,Active,,,91,93.0,3,Yes,No,2024-04-20,2026-08-24
UPDATE,2026-08-24T00:00:00,2026-08-24,PT0404610,LST0404610,AG02366,LOC0068,Single Family,3,4.5,1261,3247,1924,407700.0,2024-10-25,Active,,,144,0.0,3,No,No,2024-10-25,2026-08-24
UPDATE,2026-08-24T00:00:00,2026-08-24,PT0198593,LST0198593,AG02859,LOC0248,Single Family,4,3.5,1369,11314,1960,167000.0,2023-10-10,Pending,,,105,0.0,2,Yes,No,2023-10-10,2026-08-24
UPDATE,2026-08-24T00:00:00,2026-08-24,PT0534209,LST0534209,AG02279,LOC0166,Single Family,3,3.0,2350,1007,1944,537100.0,2026-07-30,Active,,,0,0.0,3,No,Yes,2026-07-30,2026-08-24
UPDATE,2026-08-24T00:00:00,2026-08-24,PT0334127,LST0334127,AG00770,LOC0053,Townhouse,4,1.5,2452,1576,1987,319300.0,2026-04-02,Sold,310328.14,2026-08-24,144,534.0,1,No,No,2026-04-02,2026-08-24
UPDATE,2026-08-24T00:00:00,2026-08-24,PT0541501,LST0541501,AG02520,LOC0099,Condo,5,3.5,1626,8751,1984,748400.0,2026-08-05,Active,,,0,263.05,0,No,No,2026-08-05,2026-08-24
UPDATE,2026-08-24T00:00:00,2026-08-24,PT0500310,LST0500310,AG01153,LOC0048,Condo,6,1.5,2072,4580,2004,316900.0,2026-07-01,Pending,,,0,361.93,3,Yes,No,2026-07-01,2026-08-24
UPDATE,2026-08-24T00:00:00,2026-08-24,PT0529884,LST0529884,AG02106,LOC0114,Multi-Family,3,3.5,2774,2237,1990,274000.0,2026-07-26,Sold,280852.27,2026-08-24,29,0.0,2,No,No,2026-07-26,2026-08-24
UPDATE,2026-08-24T00:00:00,2026-08-24,PT0504645,LST0504645,AG01428,LOC0026,Townhouse,1,2.0,2338,3244,1903,760200.0,2026-07-04,Active,,,0,201.79,3,Yes,No,2026-07-04,2026-08-24
UPDATE,2026-08-24T00:00:00,2026-08-24,PT0235655,LST0235655,AG01719,LOC0011,Condo,1,4.0,2358,4013,1937,1023000.0,2024-03-20,Pending,,,8,638.0,2,No,No,2024-03-20,2026-08-24
UPDATE,2026-08-24T00:00:00,2026-08-24,PT0549398,LST0549398,AG00008,LOC0109,Apartment,6,4.5,1293,0,1951,544600.0,2026-08-13,Active,,,0,587.02,1,No,No,2026-08-13,2026-08-24
UPDATE,2026-08-24T00:00:00,2026-08-24,PT0082368,LST0082368,AG01147,LOC0202,Apartment,5,2.5,1411,0,1954,212800.0,2024-06-27,Pending,,,21,634.0,2,No,No,2024-06-27,2026-08-24
UPDATE,2026-08-24T00:00:00,2026-08-24,PT0561649,LST0561649,AG01305,LOC0039,Single Family,3,2.0,300,5947,1950,91400.0,2026-08-24,Active,,,0,0.0,3,No,Yes,2026-08-24,2026-08-24
UPDATE,2026-08-24T00:00:00,2026-08-24,PT0520743,LST0520743,AG01146,LOC0185,Townhouse,1,2.0,1238,5455,1944,634400.0,2026-07-18,Active,,,0,528.31,1,No,No,2026-07-18,2026-08-24
UPDATE,2026-08-24T00:00:00,2026-08-24,PT0118172,LST0118172,AG01016,LOC0200,Apartment,3,4.0,725,0,1900,87600.0,2024-02-10,Active,,,60,754.0,2,No,No,2024-02-10,2026-08-24
UPDATE,2026-08-24T00:00:00,2026-08-24,PT0504849,LST0504849,AG02492,LOC0121,Land,0,0.0,8062,4173,1913,1726900.0,2026-07-04,Active,,,0,0.0,0,No,No,2026-07-04,2026-08-24
UPDATE,2026-08-24T00:00:00,2026-08-24,PT0389473,LST0389473,AG02065,LOC0140,Townhouse,4,4.5,2444,1063,1916,362800.0,2026-02-24,Pending,,,66,353.0,2,No,No,2026-02-24,2026-08-24
UPDATE,2026-08-24T00:00:00,2026-08-24,PT0504091,LST0504091,AG02558,LOC0008,Single Family,5,4.5,1547,2707,1999,163800.0,2026-07-04,Sold,169108.85,2026-08-24,51,0.0,2,Yes,Yes,2026-07-04,2026-08-24
UPDATE,2026-08-24T00:00:00,2026-08-24,PT0559780,LST0559780,AG01046,LOC0183,Townhouse,5,1.0,1693,5563,2023,463400.0,2026-08-22,Pending,,,0,588.92,0,No,No,2026-08-22,2026-08-24
UPDATE,2026-08-24T00:00:00,2026-08-24,PT0380014,LST0380014,AG02089,LOC0112,Condo,4,2.0,1386,3980,1914,244700.0,2025-02-01,Pending,,,94,244.0,2,No,No,2025-02-01,2026-08-24
UPDATE,2026-08-24T00:00:00,2026-08-24,PT0469036,LST0469036,AG01103,LOC0139,Condo,2,2.5,2387,4364,1993,746500.0,2023-02-01,Pending,,,178,228.0,3,Yes,No,2023-02-01,2026-08-24
UPDATE,2026-08-24T00:00:00,2026-08-24,PT0410133,LST0410133,AG01807,LOC0089,Apartment,1,2.5,652,0,2020,229300.0,2025-05-28,Pending,,,71,70.0,0,No,No,2025-05-28,2026-08-24
UPDATE,2026-08-24T00:00:00,2026-08-24,PT0350243,LST0350243,AG01235,LOC0142,Single Family,6,4.5,1790,7307,1928,359500.0,2026-01-19,Active,,,43,0.0,1,No,No,2026-01-19,2026-08-24
UPDATE,2026-08-24T00:00:00,2026-08-24,PT0487503,LST0487503,AG00622,LOC0159,Condo,4,1.0,2094,14964,2004,509500.0,2024-09-09,Pending,,,14,560.0,1,No,No,2024-09-09,2026-08-24
UPDATE,2026-08-24T00:00:00,2026-08-24,PT0541100,LST0541100,AG02259,LOC0196,Single Family,1,3.5,2125,1280,2018,480500.0,2026-08-05,Sold,522531.22,2026-08-24,19,0.0,3,No,No,2026-08-05,2026-08-24
UPDATE,2026-08-24T00:00:00,2026-08-24,PT0181998,LST0181998,AG02431,LOC0182,Land,0,0.0,7454,6448,1903,2247100.0,2025-03-10,Pending,,,169,0.0,0,No,No,2025-03-10,2026-08-24
UPDATE,2026-08-24T00:00:00,2026-08-24,PT0311757,LST0311757,AG00774,LOC0250,Condo,3,2.5,3729,5666,2016,1140800.0,2026-02-02,Sold,1157157.97,2026-08-24,203,257.0,1,No,No,2026-02-02,2026-08-24
UPDATE,2026-08-24T00:00:00,2026-08-24,PT0392471,LST0392471,AG02154,LOC0075,Townhouse,6,2.5,2285,7045,2024,410100.0,2025-03-03,Sold,402137.4,2026-08-24,539,509.0,0,No,No,2025-03-03,2026-08-24
UPDATE,2026-08-24T00:00:00,2026-08-24,PT0177145,LST0177145,AG00470,LOC0082,Single Family,1,2.0,2924,6641,1953,312500.0,2023-07-06,Sold,298321.08,2026-08-24,1145,0.0,0,Yes,Yes,2023-07-06,2026-08-24
UPDATE,2026-08-24T00:00:00,2026-08-24,PT0415955,LST0415955,AG00962,LOC0131,Apartment,6,3.0,571,0,2006,237100.0,2026-06-18,Active,,,97,581.0,2,No,No,2026-06-18,2026-08-24
UPDATE,2026-08-24T00:00:00,2026-08-24,PT0168562,LST0168562,AG00133,LOC0157,Condo,2,4.5,1591,3504,1932,812000.0,2023-01-10,Active,,,137,601.0,2,Yes,No,2023-01-10,2026-08-24
UPDATE,2026-08-24T00:00:00,2026-08-24,PT0541451,LST0541451,AG02225,LOC0041,Condo,2,1.0,1413,4529,1931,229500.0,2026-08-05,Pending,,,0,767.76,3,No,No,2026-08-05,2026-08-24
UPDATE,2026-08-24T00:00:00,2026-08-24,PT0082664,LST0082664,AG02178,LOC0208,Single Family,4,1.5,819,13358,1934,249600.0,2025-01-19,Active,,,160,0.0,2,Yes,Yes,2025-01-19,2026-08-24
UPDATE,2026-08-24T00:00:00,2026-08-24,PT0376382,LST0376382,AG01903,LOC0206,Apartment,3,1.5,1475,0,1965,549400.0,2025-06-21,Pending,,,177,59.0,0,Yes,No,2025-06-21,2026-08-24
UPDATE,2026-08-24T00:00:00,2026-08-24,PT0518905,LST0518905,AG01922,LOC0061,Land,0,0.0,4856,9108,1958,628800.0,2026-07-16,Pending,,,0,0.0,0,No,No,2026-07-16,2026-08-24
UPDATE,2026-08-24T00:00:00,2026-08-24,PT0216998,LST0216998,AG01830,LOC0036,Land,0,0.0,2085,1155,1953,336900.0,2025-07-21,Active,,,95,0.0,0,No,No,2025-07-21,2026-08-24
UPDATE,2026-08-24T00:00:00,2026-08-24,PT0344449,LST0344449,AG01800,LOC0172,Multi-Family,3,3.5,4005,4880,1914,1335700.0,2025-02-08,Pending,,,4,0.0,0,No,No,2025-02-08,2026-08-24
UPDATE,2026-08-24T00:00:00,2026-08-24,PT0161313,LST0161313,AG00680,LOC0164,Single Family,6,2.0,2132,6492,1934,657900.0,2024-04-02,Pending,,,141,0.0,0,No,Yes,2024-04-02,2026-08-24
UPDATE,2026-08-24T00:00:00,2026-08-24,PT0491773,LST0491773,AG02005,LOC0082,Multi-Family,2,4.0,2710,5788,1969,404300.0,2023-03-25,Pending,,,21,0.0,3,Yes,No,2023-03-25,2026-08-24
UPDATE,2026-08-24T00:00:00,2026-08-24,PT0048805,LST0048805,AG02753,LOC0142,Single Family,5,2.0,1528,1531,1955,621700.0,2026-04-15,Pending,,,114,0.0,0,No,Yes,2026-04-15,2026-08-24
UPDATE,2026-08-24T00:00:00,2026-08-24,PT0560103,LST0560103,AG00215,LOC0065,Single Family,3,3.5,2150,1562,1919,317200.0,2026-08-22,Active,,,0,0.0,2,Yes,No,2026-08-22,2026-08-24
UPDATE,2026-08-24T00:00:00,2026-08-24,PT0555973,LST0555973,AG02175,LOC0094,Single Family,6,3.0,1373,10890,1965,126000.0,2026-08-19,Active,,,0,0.0,2,No,No,2026-08-19,2026-08-24
UPDATE,2026-08-24T00:00:00,2026-08-24,PT0071254,LST0071254,AG00386,LOC0194,Single Family,2,4.5,1215,5963,1948,516800.0,2023-08-27,Pending,,,176,0.0,0,No,Yes,2023-08-27,2026-08-24
UPDATE,2026-08-24T00:00:00,2026-08-24,PT0063994,LST0063994,AG00198,LOC0154,Single Family,6,2.0,3080,1429,2000,615900.0,2026-05-04,Pending,,,85,0.0,2,Yes,No,2026-05-04,2026-08-24
UPDATE,2026-08-24T00:00:00,2026-08-24,PT0064311,LST0064311,AG02310,LOC0041,Single Family,4,2.0,2563,2368,1990,733400.0,2025-02-23,Sold,728188.18,2026-08-24,547,0.0,1,No,Yes,2025-02-23,2026-08-24
UPDATE,2026-08-24T00:00:00,2026-08-24,PT0453765,LST0453765,AG02040,LOC0044,Condo,6,2.5,1262,3014,1959,312500.0,2024-03-19,Active,,,132,276.0,1,No,No,2024-03-19,2026-08-24
UPDATE,2026-08-24T00:00:00,2026-08-24,PT0551794,LST0551794,AG02668,LOC0019,Townhouse,5,3.5,2370,1142,1936,265900.0,2026-08-15,Active,,,0,584.26,2,Yes,No,2026-08-15,2026-08-24
UPDATE,2026-08-24T00:00:00,2026-08-24,PT0505506,LST0505506,AG02637,LOC0213,Townhouse,1,2.0,2877,1422,1994,572200.0,2026-07-05,Pending,,,0,606.35,3,No,No,2026-07-05,2026-08-24
UPDATE,2026-08-24T00:00:00,2026-08-24,PT0470236,LST0470236,AG01441,LOC0217,Single Family,6,2.0,3156,22063,1970,221900.0,2023-10-22,Pending,,,179,0.0,2,No,Yes,2023-10-22,2026-08-24
UPDATE,2026-08-24T00:00:00,2026-08-24,PT0137436,LST0137436,AG00530,LOC0235,Apartment,3,3.5,1178,0,2005,490900.0,2024-07-05,Active,,,96,238.0,3,No,No,2024-07-05,2026-08-24
UPDATE,2026-08-24T00:00:00,2026-08-24,PT0101977,LST0101977,AG01117,LOC0022,Single Family,2,4.5,2153,7359,1999,656100.0,2024-01-21,Sold,665176.81,2026-08-24,946,0.0,0,No,No,2024-01-21,2026-08-24
UPDATE,2026-08-24T00:00:00,2026-08-24,PT0170774,LST0170774,AG00842,LOC0059,Condo,3,1.5,1837,6299,2008,244100.0,2023-02-25,Pending,,,56,578.0,0,No,No,2023-02-25,2026-08-24
UPDATE,2026-08-24T00:00:00,2026-08-24,PT0466287,LST0466287,AG00030,LOC0151,Single Family,5,1.5,2845,2888,1955,787100.0,2026-03-30,Pending,,,170,0.0,2,No,No,2026-03-30,2026-08-24
UPDATE,2026-08-24T00:00:00,2026-08-24,PT0116480,LST0116480,AG02539,LOC0058,Single Family,1,4.5,2313,2300,1963,1064300.0,2023-12-10,Active,,,159,0.0,0,No,No,2023-12-10,2026-08-24
UPDATE,2026-08-24T00:00:00,2026-08-24,PT0487307,LST0487307,AG02732,LOC0206,Townhouse,3,3.5,1153,6378,1929,207500.0,2024-12-08,Sold,203390.9,2026-08-24,624,366.0,1,No,No,2024-12-08,2026-08-24
UPDATE,2026-08-24T00:00:00,2026-08-24,PT0081942,LST0081942,AG00398,LOC0191,Land,0,0.0,3919,1274,1961,2270600.0,2026-05-09,Pending,,,21,0.0,0,No,No,2026-05-09,2026-08-24
UPDATE,2026-08-24T00:00:00,2026-08-24,PT0525862,LST0525862,AG01089,LOC0089,Condo,2,1.5,2426,5341,2003,437700.0,2026-07-23,Pending,,,0,694.83,2,Yes,No,2026-07-23,2026-08-24
UPDATE,2026-08-24T00:00:00,2026-08-24,PT0116138,LST0116138,AG00640,LOC0068,Single Family,3,3.0,2127,7533,2019,910400.0,2025-07-05,Pending,,,107,0.0,1,No,No,2025-07-05,2026-08-24
UPDATE,2026-08-24T00:00:00,2026-08-24,PT0561735,LST0561735,AG02697,LOC0087,Single Family,1,3.0,2322,7080,2007,1081200.0,2026-08-24,Pending,,,0,0.0,1,No,Yes,2026-08-24,2026-08-24
UPDATE,2026-08-24T00:00:00,2026-08-24,PT0455804,LST0455804,AG00325,LOC0083,Single Family,3,4.5,920,4065,1963,106100.0,2026-03-02,Pending,,,62,0.0,0,No,No,2026-03-02,2026-08-24
UPDATE,2026-08-24T00:00:00,2026-08-24,PT0371635,LST0371635,AG02340,LOC0143,Apartment,1,1.0,1151,0,1904,143200.0,2024-11-27,Sold,148571.85,2026-08-24,635,339.0,1,No,No,2024-11-27,2026-08-24
UPDATE,2026-08-24T00:00:00,2026-08-24,PT0561867,LST0561867,AG02100,LOC0040,Single Family,6,4.5,2059,6534,1952,999800.0,2026-08-24,Active,,,0,0.0,1,No,No,2026-08-24,2026-08-24
UPDATE,2026-08-24T00:00:00,2026-08-24,PT0360887,LST0360887,AG02278,LOC0068,Single Family,3,4.5,1122,13669,1947,295800.0,2023-12-10,Pending,,,121,0.0,3,Yes,No,2023-12-10,2026-08-24
UPDATE,2026-08-24T00:00:00,2026-08-24,PT0510887,LST0510887,AG00344,LOC0153,Single Family,4,1.5,2353,7648,1991,781600.0,2026-07-09,Pending,,,0,0.0,3,No,No,2026-07-09,2026-08-24
UPDATE,2026-08-24T00:00:00,2026-08-24,PT0014158,LST0014158,AG01021,LOC0109,Multi-Family,2,2.5,2553,12893,1909,1762800.0,2023-07-05,Pending,,,40,0.0,2,No,No,2023-07-05,2026-08-24
UPDATE,2026-08-24T00:00:00,2026-08-24,PT0438804,LST0438804,AG01524,LOC0236,Townhouse,5,2.0,2009,2283,1947,259700.0,2025-09-06,Pending,,,29,604.0,2,No,No,2025-09-06,2026-08-24
UPDATE,2026-08-24T00:00:00,2026-08-24,PT0091006,LST0091006,AG02126,LOC0247,Townhouse,3,1.0,1710,2488,1996,384600.0,2024-08-21,Sold,345564.64,2026-08-24,733,460.0,1,No,No,2024-08-21,2026-08-24
UPDATE,2026-08-24T00:00:00,2026-08-24,PT0559524,LST0559524,AG00521,LOC0207,Townhouse,6,3.0,2780,5858,1928,405600.0,2026-08-22,Active,,,0,86.94,0,No,No,2026-08-22,2026-08-24
UPDATE,2026-08-24T00:00:00,2026-08-24,PT0199839,LST0199839,AG01228,LOC0122,Condo,1,1.5,2055,9495,1920,983500.0,2024-04-26,Active,,,141,97.0,2,Yes,No,2024-04-26,2026-08-24
UPDATE,2026-08-24T00:00:00,2026-08-24,PT0559355,LST0559355,AG02124,LOC0068,Condo,4,2.5,3085,6903,1932,888300.0,2026-08-21,Pending,,,0,615.33,3,No,No,2026-08-21,2026-08-24
UPDATE,2026-08-24T00:00:00,2026-08-24,PT0160357,LST0160357,AG01250,LOC0021,Townhouse,6,4.0,3285,6897,2019,363100.0,2024-10-29,Pending,,,20,760.0,3,No,No,2024-10-29,2026-08-24
UPDATE,2026-08-24T00:00:00,2026-08-24,PT0325276,LST0325276,AG02026,LOC0110,Condo,1,1.0,1965,6860,1968,409100.0,2023-03-16,Pending,,,69,499.0,1,No,No,2023-03-16,2026-08-24
UPDATE,2026-08-24T00:00:00,2026-08-24,PT0205936,LST0205936,AG02105,LOC0042,Multi-Family,4,3.0,5276,2221,1965,1040300.0,2023-01-07,Sold,891274.75,2026-08-24,1325,0.0,0,No,No,2023-01-07,2026-08-24
UPDATE,2026-08-24T00:00:00,2026-08-24,PT0532887,LST0532887,AG00777,LOC0021,Townhouse,2,4.5,2517,2976,1910,287000.0,2026-07-29,Active,,,0,190.02,1,Yes,No,2026-07-29,2026-08-24
UPDATE,2026-08-24T00:00:00,2026-08-24,PT0100281,LST0100281,AG01149,LOC0044,Single Family,4,1.5,2905,3961,2004,1292900.0,2023-12-28,Sold,1299546.08,2026-08-24,970,0.0,1,Yes,Yes,2023-12-28,2026-08-24
UPDATE,2026-08-24T00:00:00,2026-08-24,PT0112330,LST0112330,AG02284,LOC0098,Condo,5,1.5,3132,3695,1985,672300.0,2023-06-16,Pending,,,141,379.0,2,No,No,2023-06-16,2026-08-24
UPDATE,2026-08-24T00:00:00,2026-08-24,PT0096581,LST0096581,AG00852,LOC0009,Townhouse,2,2.0,1902,3846,1995,641500.0,2026-05-15,Pending,,,23,329.0,2,No,No,2026-05-15,2026-08-24
UPDATE,2026-08-24T00:00:00,2026-08-24,PT0558257,LST0558257,AG01510,LOC0107,Townhouse,1,1.0,1061,4077,1933,415200.0,2026-08-21,Pending,,,0,664.15,3,No,No,2026-08-21,2026-08-24
UPDATE,2026-08-24T00:00:00,2026-08-24,PT0014584,LST0014584,AG02816,LOC0176,Apartment,3,3.0,993,0,1925,405200.0,2024-07-01,Pending,,,175,552.0,3,No,No,2024-07-01,2026-08-24
UPDATE,2026-08-24T00:00:00,2026-08-24,PT0064479,LST0064479,AG01050,LOC0204,Single Family,4,1.5,2987,3237,2003,1043800.0,2023-05-15,Sold,1104140.26,2026-08-24,1197,0.0,3,No,Yes,2023-05-15,2026-08-24
UPDATE,2026-08-24T00:00:00,2026-08-24,PT0449133,LST0449133,AG01016,LOC0119,Single Family,6,2.0,1627,1569,1929,370800.0,2023-09-09,Sold,359330.26,2026-08-24,1080,0.0,2,No,Yes,2023-09-09,2026-08-24
UPDATE,2026-08-24T00:00:00,2026-08-24,PT0480157,LST0480157,AG01779,LOC0136,Multi-Family,6,1.5,2615,2379,1929,472200.0,2024-08-16,Sold,482134.83,2026-08-24,738,0.0,3,No,No,2024-08-16,2026-08-24
UPDATE,2026-08-24T00:00:00,2026-08-24,PT0559676,LST0559676,AG01626,LOC0218,Single Family,1,3.5,1583,11013,1907,308400.0,2026-08-22,Active,,,0,0.0,2,Yes,Yes,2026-08-22,2026-08-24
UPDATE,2026-08-24T00:00:00,2026-08-24,PT0427200,LST0427200,AG01279,LOC0064,Single Family,5,4.5,1117,5799,2015,241000.0,2024-03-13,Pending,,,125,0.0,0,No,Yes,2024-03-13,2026-08-24
UPDATE,2026-08-24T00:00:00,2026-08-24,PT0506423,LST0506423,AG00547,LOC0121,Single Family,6,4.5,2369,9656,1940,851700.0,2026-07-06,Pending,,,0,0.0,2,No,Yes,2026-07-06,2026-08-24
UPDATE,2026-08-24T00:00:00,2026-08-24,PT0081212,LST0081212,AG01430,LOC0099,Single Family,2,2.5,780,15861,1958,354700.0,2025-09-10,Pending,,,38,0.0,2,No,Yes,2025-09-10,2026-08-24
UPDATE,2026-08-24T00:00:00,2026-08-24,PT0447792,LST0447792,AG00145,LOC0197,Townhouse,3,1.0,2618,7915,2016,1055400.0,2023-05-01,Active,,,38,468.0,2,No,No,2023-05-01,2026-08-24
UPDATE,2026-08-24T00:00:00,2026-08-24,PT0077173,LST0077173,AG00329,LOC0031,Single Family,6,4.0,1391,3313,2004,406100.0,2023-10-16,Pending,,,122,0.0,1,No,No,2023-10-16,2026-08-24
UPDATE,2026-08-24T00:00:00,2026-08-24,PT0365382,LST0365382,AG02857,LOC0186,Townhouse,6,1.5,1404,7277,1983,479300.0,2023-02-11,Active,,,27,110.0,3,Yes,No,2023-02-11,2026-08-24
UPDATE,2026-08-24T00:00:00,2026-08-24,PT0009313,LST0009313,AG00608,LOC0062,Single Family,4,3.5,2072,9848,1970,476700.0,2026-03-23,Active,,,22,0.0,2,No,Yes,2026-03-23,2026-08-24
UPDATE,2026-08-24T00:00:00,2026-08-24,PT0397897,LST0397897,AG02143,LOC0002,Single Family,4,2.0,2244,6791,1925,369600.0,2024-05-24,Pending,,,176,0.0,1,Yes,Yes,2024-05-24,2026-08-24
UPDATE,2026-08-24T00:00:00,2026-08-24,PT0477035,LST0477035,AG02727,LOC0018,Single Family,3,3.5,1387,1419,1919,798900.0,2024-02-28,Sold,826978.57,2026-08-24,908,0.0,1,No,No,2024-02-28,2026-08-24
UPDATE,2026-08-24T00:00:00,2026-08-24,PT0088308,LST0088308,AG01788,LOC0014,Single Family,5,4.5,1438,2453,2011,315300.0,2025-07-17,Active,,,100,0.0,2,No,No,2025-07-17,2026-08-24
UPDATE,2026-08-24T00:00:00,2026-08-24,PT0044946,LST0044946,AG00311,LOC0109,Single Family,5,3.0,1648,6481,1996,347100.0,2024-06-17,Sold,320481.22,2026-08-24,798,0.0,0,No,Yes,2024-06-17,2026-08-24
UPDATE,2026-08-24T00:00:00,2026-08-24,PT0479025,LST0479025,AG01267,LOC0217,Single Family,6,1.5,2551,1778,2000,246600.0,2025-01-31,Active,,,177,0.0,2,Yes,Yes,2025-01-31,2026-08-24
UPDATE,2026-08-24T00:00:00,2026-08-24,PT0221854,LST0221854,AG02075,LOC0001,Condo,6,2.5,2603,7815,1972,238800.0,2023-02-28,Sold,231576.57,2026-08-24,1273,703.0,3,Yes,No,2023-02-28,2026-08-24
UPDATE,2026-08-24T00:00:00,2026-08-24,PT0143099,LST0143099,AG00636,LOC0231,Townhouse,2,4.0,1321,4411,1953,275900.0,2025-01-16,Pending,,,102,776.0,2,No,No,2025-01-16,2026-08-24
UPDATE,2026-08-24T00:00:00,2026-08-24,PT0455839,LST0455839,AG01546,LOC0017,Single Family,6,1.0,1384,8938,1919,926300.0,2023-04-03,Active,,,43,0.0,0,No,Yes,2023-04-03,2026-08-24
UPDATE,2026-08-24T00:00:00,2026-08-24,PT0468604,LST0468604,AG01762,LOC0044,Apartment,5,1.0,1230,0,1918,227900.0,2026-03-29,Active,,,109,649.0,1,No,No,2026-03-29,2026-08-24
UPDATE,2026-08-24T00:00:00,2026-08-24,PT0112075,LST0112075,AG01178,LOC0006,Single Family,2,4.0,3283,8925,1955,528800.0,2023-03-16,Pending,,,149,0.0,2,No,No,2023-03-16,2026-08-24
UPDATE,2026-08-24T00:00:00,2026-08-24,PT0256920,LST0256920,AG00054,LOC0219,Single Family,6,1.5,324,1557,1966,192700.0,2025-01-07,Active,,,105,0.0,0,No,No,2025-01-07,2026-08-24
UPDATE,2026-08-24T00:00:00,2026-08-24,PT0435125,LST0435125,AG01921,LOC0085,Townhouse,1,3.0,1906,3919,1959,614500.0,2024-09-19,Sold,587576.12,2026-08-24,704,154.0,2,Yes,No,2024-09-19,2026-08-24
UPDATE,2026-08-24T00:00:00,2026-08-24,PT0212086,LST0212086,AG02258,LOC0224,Single Family,3,3.5,1964,8149,1902,625800.0,2026-06-29,Active,,,18,0.0,3,No,No,2026-06-29,2026-08-24
UPDATE,2026-08-24T00:00:00,2026-08-24,PT0546670,LST0546670,AG00244,LOC0244,Condo,4,2.5,731,1549,1932,149100.0,2026-08-10,Sold,147848.41,2026-08-24,14,87.85,2,Yes,No,2026-08-10,2026-08-24
UPDATE,2026-08-24T00:00:00,2026-08-24,PT0468140,LST0468140,AG01454,LOC0169,Townhouse,2,4.0,3192,1165,1952,747700.0,2026-04-14,Pending,,,15,394.0,3,No,No,2026-04-14,2026-08-24
UPDATE,2026-08-24T00:00:00,2026-08-24,PT0557889,LST0557889,AG02022,LOC0032,Multi-Family,1,4.0,4732,8694,1964,303000.0,2026-08-20,Sold,300031.51,2026-08-24,4,0.0,3,No,No,2026-08-20,2026-08-24
UPDATE,2026-08-24T00:00:00,2026-08-24,PT0421971,LST0421971,AG00151,LOC0043,Single Family,1,4.0,1312,1417,1960,316900.0,2023-03-16,Sold,293545.79,2026-08-24,1257,0.0,1,No,No,2023-03-16,2026-08-24
UPDATE,2026-08-24T00:00:00,2026-08-24,PT0484977,LST0484977,AG02924,LOC0159,Multi-Family,5,4.5,3929,3286,1950,802700.0,2023-06-30,Sold,727095.2,2026-08-24,1151,0.0,3,No,No,2023-06-30,2026-08-24
UPDATE,2026-08-24T00:00:00,2026-08-24,PT0400479,LST0400479,AG01946,LOC0018,Single Family,6,1.0,2103,1036,1917,1088800.0,2026-05-03,Sold,1157257.31,2026-08-24,113,0.0,1,No,Yes,2026-05-03,2026-08-24
UPDATE,2026-08-24T00:00:00,2026-08-24,PT0547743,LST0547743,AG01622,LOC0177,Apartment,5,2.0,1086,0,1922,299400.0,2026-08-11,Pending,,,0,323.97,0,No,No,2026-08-11,2026-08-24
UPDATE,2026-08-24T00:00:00,2026-08-24,PT0538694,LST0538694,AG02285,LOC0109,Single Family,6,4.0,2730,9191,1948,1398700.0,2026-08-03,Active,,,0,0.0,1,Yes,Yes,2026-08-03,2026-08-24
UPDATE,2026-08-24T00:00:00,2026-08-24,PT0091798,LST0091798,AG01118,LOC0231,Townhouse,5,4.5,1408,4847,1905,247100.0,2025-12-23,Active,,,165,718.0,3,Yes,No,2025-12-23,2026-08-24
UPDATE,2026-08-24T00:00:00,2026-08-24,PT0015919,LST0015919,AG00303,LOC0154,Condo,5,2.5,1453,4918,1987,250900.0,2026-02-18,Active,,,52,360.0,2,No,No,2026-02-18,2026-08-24
UPDATE,2026-08-24T00:00:00,2026-08-24,PT0115784,LST0115784,AG00028,LOC0224,Condo,3,2.5,2083,3463,1935,932000.0,2023-02-11,Sold,951262.96,2026-08-24,1290,483.0,1,No,No,2023-02-11,2026-08-24
UPDATE,2026-08-24T00:00:00,2026-08-24,PT0475805,LST0475805,AG02463,LOC0236,Single Family,3,2.0,1155,1031,1970,196000.0,2024-01-25,Active,,,0,0.0,1,No,No,2024-01-25,2026-08-24
UPDATE,2026-08-24T00:00:00,2026-08-24,PT0524563,LST0524563,AG01442,LOC0228,Single Family,6,4.5,2190,6400,1927,649300.0,2026-07-22,Sold,613639.23,2026-08-24,33,0.0,3,No,No,2026-07-22,2026-08-24
UPDATE,2026-08-24T00:00:00,2026-08-24,PT0234493,LST0234493,AG00452,LOC0219,Single Family,5,2.5,1796,1067,1922,903900.0,2025-06-25,Sold,851202.18,2026-08-24,425,0.0,0,No,Yes,2025-06-25,2026-08-24
UPDATE,2026-08-24T00:00:00,2026-08-24,PT0463560,LST0463560,AG00823,LOC0239,Condo,5,2.5,1790,7691,2005,679700.0,2024-10-22,Sold,644595.99,2026-08-24,671,661.0,3,No,No,2024-10-22,2026-08-24
UPDATE,2026-08-24T00:00:00,2026-08-24,PT0084332,LST0084332,AG02882,LOC0154,Townhouse,4,3.0,2054,2130,1915,333200.0,2025-07-25,Pending,,,12,646.0,3,No,No,2025-07-25,2026-08-24
UPDATE,2026-08-24T00:00:00,2026-08-24,PT0299656,LST0299656,AG00051,LOC0082,Single Family,3,4.0,1397,3866,1960,137400.0,2024-05-10,Active,,,73,0.0,3,No,Yes,2024-05-10,2026-08-24
UPDATE,2026-08-24T00:00:00,2026-08-24,PT0545956,LST0545956,AG02943,LOC0074,Townhouse,1,2.5,2042,2066,1914,530200.0,2026-08-09,Active,,,0,292.71,0,No,No,2026-08-09,2026-08-24
UPDATE,2026-08-24T00:00:00,2026-08-24,PT0082682,LST0082682,AG00336,LOC0095,Single Family,4,3.0,1001,9203,1992,307800.0,2023-02-06,Pending,,,103,0.0,3,No,No,2023-02-06,2026-08-24
UPDATE,2026-08-24T00:00:00,2026-08-24,PT0502578,LST0502578,AG02191,LOC0007,Single Family,6,1.5,1645,3502,1998,736300.0,2026-07-02,Sold,779187.83,2026-08-24,53,0.0,3,No,Yes,2026-07-02,2026-08-24
UPDATE,2026-08-24T00:00:00,2026-08-24,PT0017618,LST0017618,AG00971,LOC0033,Single Family,6,3.5,2393,2575,1980,1091500.0,2023-04-25,Active,,,62,0.0,0,No,Yes,2023-04-25,2026-08-24
UPDATE,2026-08-24T00:00:00,2026-08-24,PT0539025,LST0539025,AG02893,LOC0184,Single Family,4,1.0,2059,2079,1985,1414200.0,2026-08-03,Active,,,0,0.0,3,No,No,2026-08-03,2026-08-24
UPDATE,2026-08-24T00:00:00,2026-08-24,PT0203225,LST0203225,AG02915,LOC0205,Condo,1,1.5,1030,3335,1927,271400.0,2024-04-23,Active,,,86,565.0,2,No,No,2024-04-23,2026-08-24
UPDATE,2026-08-24T00:00:00,2026-08-24,PT0019372,LST0019372,AG00956,LOC0162,Multi-Family,5,3.0,3472,5221,1928,988900.0,2024-06-04,Active,,,9,0.0,1,No,No,2024-06-04,2026-08-24
UPDATE,2026-08-24T00:00:00,2026-08-24,PT0327883,LST0327883,AG00013,LOC0116,Single Family,1,3.0,1936,12686,1924,333600.0,2023-07-27,Active,,,157,0.0,2,No,Yes,2023-07-27,2026-08-24
UPDATE,2026-08-24T00:00:00,2026-08-24,PT0268336,LST0268336,AG02279,LOC0223,Condo,3,2.5,1559,4749,1914,612000.0,2024-04-19,Pending,,,92,329.0,2,No,No,2024-04-19,2026-08-24
UPDATE,2026-08-24T00:00:00,2026-08-24,PT0004514,LST0004514,AG00559,LOC0064,Single Family,3,2.5,1066,3398,1949,249800.0,2024-02-15,Active,,,128,0.0,3,No,Yes,2024-02-15,2026-08-24
UPDATE,2026-08-24T00:00:00,2026-08-24,PT0115683,LST0115683,AG01642,LOC0150,Townhouse,1,3.0,2368,3199,1947,676900.0,2025-07-29,Active,,,58,670.0,1,No,No,2025-07-29,2026-08-24
UPDATE,2026-08-24T00:00:00,2026-08-24,PT0086075,LST0086075,AG02592,LOC0027,Single Family,1,2.5,2804,12327,1946,185500.0,2024-02-24,Pending,,,133,0.0,2,No,No,2024-02-24,2026-08-24
UPDATE,2026-08-24T00:00:00,2026-08-24,PT0255546,LST0255546,AG00716,LOC0059,Townhouse,4,1.5,1581,4709,2000,193500.0,2025-11-10,Pending,,,17,515.0,3,Yes,No,2025-11-10,2026-08-24
UPDATE,2026-08-24T00:00:00,2026-08-24,PT0534074,LST0534074,AG00607,LOC0070,Townhouse,5,1.0,1007,1006,1962,200400.0,2026-07-30,Sold,205658.13,2026-08-24,25,425.24,2,No,No,2026-07-30,2026-08-24
UPDATE,2026-08-24T00:00:00,2026-08-24,PT0133785,LST0133785,AG02799,LOC0020,Condo,2,3.0,3153,13540,1991,673900.0,2025-08-01,Pending,,,63,278.0,3,No,No,2025-08-01,2026-08-24
UPDATE,2026-08-24T00:00:00,2026-08-24,PT0021085,LST0021085,AG01743,LOC0139,Condo,2,3.5,1902,3463,1990,955600.0,2026-05-24,Sold,900580.69,2026-08-24,92,187.0,2,No,No,2026-05-24,2026-08-24
UPDATE,2026-08-24T00:00:00,2026-08-24,PT0103427,LST0103427,AG02763,LOC0135,Single Family,3,2.5,1003,2921,2022,130600.0,2025-09-23,Sold,129682.5,2026-08-24,335,0.0,0,No,No,2025-09-23,2026-08-24
UPDATE,2026-08-24T00:00:00,2026-08-24,PT0322651,LST0322651,AG02335,LOC0100,Apartment,2,3.0,795,0,1972,136700.0,2023-12-13,Pending,,,71,424.0,0,Yes,No,2023-12-13,2026-08-24
UPDATE,2026-08-24T00:00:00,2026-08-24,PT0549986,LST0549986,AG00900,LOC0182,Single Family,6,4.0,1639,2495,1956,510500.0,2026-08-13,Active,,,0,0.0,3,No,No,2026-08-13,2026-08-24
UPDATE,2026-08-24T00:00:00,2026-08-24,PT0340328,LST0340328,AG00894,LOC0064,Single Family,2,4.0,2000,12716,1988,728000.0,2024-12-27,Active,,,156,0.0,2,No,No,2024-12-27,2026-08-24
UPDATE,2026-08-24T00:00:00,2026-08-24,PT0071722,LST0071722,AG00241,LOC0005,Single Family,6,4.0,3255,9782,1913,1038400.0,2024-09-07,Pending,,,58,0.0,1,No,No,2024-09-07,2026-08-24
UPDATE,2026-08-24T00:00:00,2026-08-24,PT0521957,LST0521957,AG00353,LOC0243,Single Family,4,3.5,2305,8202,1905,1083800.0,2026-07-19,Active,,,0,0.0,2,No,Yes,2026-07-19,2026-08-24
UPDATE,2026-08-24T00:00:00,2026-08-24,PT0359644,LST0359644,AG00330,LOC0228,Condo,1,2.0,1041,10656,1962,494700.0,2025-09-10,Sold,467828.51,2026-08-24,348,497.0,1,No,No,2025-09-10,2026-08-24
UPDATE,2026-08-24T00:00:00,2026-08-24,PT0533200,LST0533200,AG01554,LOC0067,Land,0,0.0,6270,1246,1917,1041200.0,2026-07-29,Active,,,0,0.0,0,No,No,2026-07-29,2026-08-24
UPDATE,2026-08-24T00:00:00,2026-08-24,PT0088895,LST0088895,AG00899,LOC0157,Single Family,4,4.0,1691,1373,1913,330500.0,2026-01-14,Active,,,149,0.0,2,No,Yes,2026-01-14,2026-08-24
UPDATE,2026-08-24T00:00:00,2026-08-24,PT0103871,LST0103871,AG02235,LOC0015,Land,0,0.0,6798,1457,1933,352400.0,2025-09-14,Pending,,,178,0.0,0,No,No,2025-09-14,2026-08-24
UPDATE,2026-08-24T00:00:00,2026-08-24,PT0258593,LST0258593,AG01840,LOC0122,Apartment,1,1.0,1140,0,1915,377400.0,2023-02-10,Sold,350845.73,2026-08-24,1291,289.0,1,No,No,2023-02-10,2026-08-24
UPDATE,2026-08-24T00:00:00,2026-08-24,PT0225110,LST0225110,AG02039,LOC0013,Townhouse,5,4.5,3070,1068,2025,559200.0,2023-12-27,Active,,,93,574.0,3,No,No,2023-12-27,2026-08-24
UPDATE,2026-08-24T00:00:00,2026-08-24,PT0412519,LST0412519,AG01639,LOC0215,Townhouse,6,1.5,1764,1567,1926,741700.0,2023-04-25,Active,,,80,762.0,2,No,No,2023-04-25,2026-08-24
UPDATE,2026-08-24T00:00:00,2026-08-24,PT0269255,LST0269255,AG02865,LOC0164,Condo,4,1.0,2498,1946,1912,788400.0,2025-12-19,Active,,,59,464.0,3,No,No,2025-12-19,2026-08-24
UPDATE,2026-08-24T00:00:00,2026-08-24,PT0560142,LST0560142,AG02485,LOC0039,Condo,4,1.5,1998,3836,1975,523500.0,2026-08-22,Pending,,,0,566.87,2,No,No,2026-08-22,2026-08-24
UPDATE,2026-08-24T00:00:00,2026-08-24,PT0103482,LST0103482,AG01613,LOC0046,Multi-Family,4,4.0,2913,1900,1933,430100.0,2024-08-06,Pending,,,40,0.0,2,No,No,2024-08-06,2026-08-24
UPDATE,2026-08-24T00:00:00,2026-08-24,PT0506302,LST0506302,AG00639,LOC0156,Single Family,5,4.5,2399,6354,1903,1291100.0,2026-07-06,Active,,,0,0.0,1,No,No,2026-07-06,2026-08-24
UPDATE,2026-08-24T00:00:00,2026-08-24,PT0290303,LST0290303,AG00750,LOC0106,Condo,3,1.0,2083,8568,1972,630500.0,2025-06-18,Pending,,,104,504.0,2,No,No,2025-06-18,2026-08-24
UPDATE,2026-08-24T00:00:00,2026-08-24,PT0054158,LST0054158,AG00170,LOC0167,Single Family,3,4.0,2284,14529,1930,504600.0,2023-12-11,Pending,,,38,0.0,0,No,No,2023-12-11,2026-08-24
UPDATE,2026-08-24T00:00:00,2026-08-24,PT0129185,LST0129185,AG01670,LOC0083,Single Family,2,2.5,2400,2306,1954,574200.0,2024-01-31,Active,,,172,0.0,2,No,No,2024-01-31,2026-08-24
UPDATE,2026-08-24T00:00:00,2026-08-24,PT0244883,LST0244883,AG02620,LOC0193,Single Family,4,2.0,1468,1689,1923,358400.0,2023-07-12,Pending,,,29,0.0,1,Yes,No,2023-07-12,2026-08-24
UPDATE,2026-08-24T00:00:00,2026-08-24,PT0252861,LST0252861,AG01068,LOC0116,Apartment,3,1.5,373,0,1994,151500.0,2023-10-25,Active,,,35,661.0,1,No,No,2023-10-25,2026-08-24
UPDATE,2026-08-24T00:00:00,2026-08-24,PT0125180,LST0125180,AG02009,LOC0157,Townhouse,3,3.5,2411,3077,1930,559200.0,2024-08-06,Pending,,,6,754.0,1,Yes,No,2024-08-06,2026-08-24
UPDATE,2026-08-24T00:00:00,2026-08-24,PT0138086,LST0138086,AG00253,LOC0094,Townhouse,2,2.5,1781,2886,1920,506000.0,2024-03-24,Active,,,75,439.0,3,No,No,2024-03-24,2026-08-24
UPDATE,2026-08-24T00:00:00,2026-08-24,PT0535966,LST0535966,AG00035,LOC0220,Condo,1,2.0,1447,4338,2003,379100.0,2026-07-31,Active,,,0,72.91,1,Yes,No,2026-07-31,2026-08-24
UPDATE,2026-08-24T00:00:00,2026-08-24,PT0527032,LST0527032,AG00829,LOC0211,Townhouse,3,4.5,1214,2882,1989,603300.0,2026-07-24,Pending,,,0,382.83,0,No,No,2026-07-24,2026-08-24
UPDATE,2026-08-24T00:00:00,2026-08-24,PT0560915,LST0560915,AG01694,LOC0101,Single Family,6,1.0,1372,16225,1907,503300.0,2026-08-23,Pending,,,0,0.0,2,No,Yes,2026-08-23,2026-08-24
UPDATE,2026-08-24T00:00:00,2026-08-24,PT0336855,LST0336855,AG02749,LOC0082,Condo,5,4.0,3206,13039,1904,257000.0,2024-10-30,Sold,268051.18,2026-08-24,663,732.0,2,No,No,2024-10-30,2026-08-24
UPDATE,2026-08-24T00:00:00,2026-08-24,PT0318161,LST0318161,AG00908,LOC0142,Condo,5,4.0,1427,3047,1966,658700.0,2023-12-26,Pending,,,54,329.0,3,No,No,2023-12-26,2026-08-24
UPDATE,2026-08-24T00:00:00,2026-08-24,PT0299331,LST0299331,AG02269,LOC0144,Single Family,4,4.5,2346,5120,2004,581400.0,2023-11-03,Pending,,,108,0.0,2,No,No,2023-11-03,2026-08-24
UPDATE,2026-08-24T00:00:00,2026-08-24,PT0290517,LST0290517,AG02570,LOC0016,Condo,5,4.5,1869,4600,1926,254000.0,2026-03-20,Pending,,,50,575.0,2,Yes,No,2026-03-20,2026-08-24
UPDATE,2026-08-24T00:00:00,2026-08-24,PT0525791,LST0525791,AG00984,LOC0171,Single Family,2,2.5,1516,2821,1910,256500.0,2026-07-23,Active,,,0,0.0,2,Yes,No,2026-07-23,2026-08-24
UPDATE,2026-08-24T00:00:00,2026-08-24,PT0055601,LST0055601,AG01010,LOC0011,Townhouse,1,2.5,1646,2013,1944,592700.0,2023-12-24,Sold,565520.5,2026-08-24,974,248.0,1,No,No,2023-12-24,2026-08-24
UPDATE,2026-08-24T00:00:00,2026-08-24,PT0275000,LST0275000,AG00709,LOC0056,Single Family,3,1.0,2383,3141,1935,570200.0,2024-11-24,Sold,556209.9,2026-08-24,638,0.0,3,No,No,2024-11-24,2026-08-24
UPDATE,2026-08-24T00:00:00,2026-08-24,PT0130834,LST0130834,AG00120,LOC0007,Multi-Family,3,1.0,2861,1568,1992,390500.0,2026-05-05,Active,,,115,0.0,1,No,Yes,2026-05-05,2026-08-24
UPDATE,2026-08-24T00:00:00,2026-08-24,PT0380869,LST0380869,AG01907,LOC0079,Single Family,3,1.0,2435,5300,1929,526600.0,2025-11-25,Active,,,111,0.0,1,No,No,2025-11-25,2026-08-24
UPDATE,2026-08-24T00:00:00,2026-08-24,PT0523426,LST0523426,AG02369,LOC0068,Single Family,1,2.0,1679,1843,1904,627800.0,2026-07-21,Active,,,0,0.0,2,No,Yes,2026-07-21,2026-08-24
UPDATE,2026-08-24T00:00:00,2026-08-24,PT0556696,LST0556696,AG00223,LOC0118,Single Family,2,1.5,2716,5154,2021,393300.0,2026-08-19,Pending,,,0,0.0,1,No,No,2026-08-19,2026-08-24
UPDATE,2026-08-24T00:00:00,2026-08-24,PT0386845,LST0386845,AG01709,LOC0213,Single Family,1,1.0,2094,23648,1962,451100.0,2024-12-23,Active,,,93,0.0,0,No,No,2024-12-23,2026-08-24
UPDATE,2026-08-24T00:00:00,2026-08-24,PT0535534,LST0535534,AG02538,LOC0183,Single Family,2,2.0,2048,1710,1973,740000.0,2026-07-31,Sold,680448.26,2026-08-24,24,0.0,2,No,Yes,2026-07-31,2026-08-24
UPDATE,2026-08-24T00:00:00,2026-08-24,PT0271493,LST0271493,AG01564,LOC0035,Single Family,6,3.0,1283,11350,1933,191500.0,2026-04-11,Pending,,,71,0.0,1,No,Yes,2026-04-11,2026-08-24
UPDATE,2026-08-24T00:00:00,2026-08-24,PT0458003,LST0458003,AG01578,LOC0139,Condo,4,4.0,811,1773,1950,468800.0,2025-09-14,Sold,470332.18,2026-08-24,344,294.0,1,No,No,2025-09-14,2026-08-24
UPDATE,2026-08-24T00:00:00,2026-08-24,PT0552446,LST0552446,AG00252,LOC0241,Single Family,6,3.0,2313,3618,1931,232100.0,2026-08-16,Pending,,,0,0.0,2,No,Yes,2026-08-16,2026-08-24
UPDATE,2026-08-24T00:00:00,2026-08-24,PT0426299,LST0426299,AG01218,LOC0080,Single Family,3,1.0,2655,3012,1988,1147900.0,2025-01-11,Sold,1134901.64,2026-08-24,590,0.0,1,No,Yes,2025-01-11,2026-08-24
UPDATE,2026-08-24T00:00:00,2026-08-24,PT0374046,LST0374046,AG00836,LOC0200,Single Family,6,1.5,458,3913,1925,36200.0,2023-06-19,Active,,,19,0.0,3,Yes,Yes,2023-06-19,2026-08-24
UPDATE,2026-08-24T00:00:00,2026-08-24,PT0309587,LST0309587,AG01640,LOC0014,Land,0,0.0,4820,3693,1919,936700.0,2023-12-04,Pending,,,82,0.0,0,No,No,2023-12-04,2026-08-24
UPDATE,2026-08-24T00:00:00,2026-08-24,PT0328878,LST0328878,AG01330,LOC0094,Single Family,3,2.5,1604,23071,1992,318600.0,2024-07-19,Sold,309611.97,2026-08-24,766,0.0,1,No,No,2024-07-19,2026-08-24
UPDATE,2026-08-24T00:00:00,2026-08-24,PT0539764,LST0539764,AG00685,LOC0013,Single Family,5,4.5,1133,7357,1947,204500.0,2026-08-04,Sold,211942.68,2026-08-24,20,0.0,1,No,Yes,2026-08-04,2026-08-24
UPDATE,2026-08-24T00:00:00,2026-08-24,PT0547605,LST0547605,AG01292,LOC0101,Condo,4,1.0,903,1003,1977,236100.0,2026-08-11,Sold,219121.57,2026-08-24,13,590.61,1,No,No,2026-08-11,2026-08-24
UPDATE,2026-08-24T00:00:00,2026-08-24,PT0387273,LST0387273,AG01490,LOC0190,Single Family,3,1.5,1830,4356,1967,390700.0,2025-05-14,Sold,404172.45,2026-08-24,467,0.0,0,No,No,2025-05-14,2026-08-24
UPDATE,2026-08-24T00:00:00,2026-08-24,PT0145288,LST0145288,AG00401,LOC0017,Single Family,2,2.0,516,4797,1938,269400.0,2023-02-08,Pending,,,83,0.0,0,No,No,2023-02-08,2026-08-24
UPDATE,2026-08-24T00:00:00,2026-08-24,PT0555200,LST0555200,AG01540,LOC0173,Single Family,5,3.0,2065,3909,1911,1160000.0,2026-08-18,Active,,,0,0.0,1,No,No,2026-08-18,2026-08-24
UPDATE,2026-08-24T00:00:00,2026-08-24,PT0408087,LST0408087,AG02220,LOC0072,Single Family,3,4.0,2255,3274,1928,340900.0,2024-03-03,Active,,,74,0.0,1,No,No,2024-03-03,2026-08-24
UPDATE,2026-08-24T00:00:00,2026-08-24,PT0358190,LST0358190,AG00309,LOC0199,Land,0,0.0,5586,2004,1980,2175200.0,2025-07-10,Pending,,,168,0.0,0,No,No,2025-07-10,2026-08-24
UPDATE,2026-08-24T00:00:00,2026-08-24,PT0218531,LST0218531,AG00807,LOC0242,Single Family,1,2.5,1327,2813,1940,440900.0,2026-05-03,Pending,,,173,0.0,1,Yes,No,2026-05-03,2026-08-24
UPDATE,2026-08-24T00:00:00,2026-08-24,PT0010646,LST0010646,AG02899,LOC0027,Single Family,2,1.5,1128,7284,1916,490300.0,2023-06-01,Active,,,66,0.0,1,Yes,Yes,2023-06-01,2026-08-24
UPDATE,2026-08-24T00:00:00,2026-08-24,PT0213069,LST0213069,AG00483,LOC0249,Townhouse,1,3.0,2949,6226,1930,815100.0,2023-12-28,Active,,,163,398.0,0,No,No,2023-12-28,2026-08-24
UPDATE,2026-08-24T00:00:00,2026-08-24,PT0551737,LST0551737,AG00646,LOC0233,Single Family,5,4.0,366,3387,2015,133200.0,2026-08-15,Pending,,,0,0.0,3,No,No,2026-08-15,2026-08-24
UPDATE,2026-08-24T00:00:00,2026-08-24,PT0308582,LST0308582,AG02741,LOC0108,Single Family,2,4.0,2452,2256,1959,246700.0,2025-07-12,Sold,242913.0,2026-08-24,408,0.0,3,No,Yes,2025-07-12,2026-08-24
UPDATE,2026-08-24T00:00:00,2026-08-24,PT0528984,LST0528984,AG00367,LOC0133,Land,0,0.0,5527,28073,1978,1049900.0,2026-07-25,Sold,987632.29,2026-08-24,30,0.0,0,No,No,2026-07-25,2026-08-24
UPDATE,2026-08-24T00:00:00,2026-08-24,PT0054571,LST0054571,AG01198,LOC0181,Single Family,4,2.0,1353,1488,1936,357900.0,2023-04-12,Sold,321907.41,2026-08-24,1230,0.0,2,No,No,2023-04-12,2026-08-24
UPDATE,2026-08-24T00:00:00,2026-08-24,PT0307301,LST0307301,AG02689,LOC0239,Single Family,3,1.5,734,4826,1932,192900.0,2024-06-15,Pending,,,100,0.0,3,No,No,2024-06-15,2026-08-24
UPDATE,2026-08-24T00:00:00,2026-08-24,PT0213082,LST0213082,AG00339,LOC0191,Multi-Family,4,1.0,3607,7538,1963,2059900.0,2023-11-10,Active,,,144,0.0,3,No,No,2023-11-10,2026-08-24
UPDATE,2026-08-24T00:00:00,2026-08-24,PT0268696,LST0268696,AG00090,LOC0168,Single Family,6,1.0,1089,6744,2008,856600.0,2024-06-19,Pending,,,105,0.0,0,No,No,2024-06-19,2026-08-24
UPDATE,2026-08-24T00:00:00,2026-08-24,PT0521160,LST0521160,AG02050,LOC0027,Single Family,1,3.0,2292,3373,1993,419600.0,2026-07-19,Active,,,0,0.0,0,No,Yes,2026-07-19,2026-08-24
UPDATE,2026-08-24T00:00:00,2026-08-24,PT0282735,LST0282735,AG01340,LOC0198,Single Family,3,4.0,1350,2075,1904,186700.0,2024-02-17,Pending,,,89,0.0,1,No,No,2024-02-17,2026-08-24
UPDATE,2026-08-24T00:00:00,2026-08-24,PT0093312,LST0093312,AG02884,LOC0159,Single Family,2,3.5,1935,4150,1992,443100.0,2024-07-15,Pending,,,100,0.0,2,No,No,2024-07-15,2026-08-24
UPDATE,2026-08-24T00:00:00,2026-08-24,PT0229474,LST0229474,AG01297,LOC0101,Townhouse,4,2.0,533,11526,2022,158700.0,2023-07-21,Active,,,110,695.0,3,Yes,No,2023-07-21,2026-08-24
UPDATE,2026-08-24T00:00:00,2026-08-24,PT0304964,LST0304964,AG00529,LOC0199,Single Family,3,1.0,1768,3450,1978,561800.0,2026-03-13,Active,,,22,0.0,1,No,Yes,2026-03-13,2026-08-24
UPDATE,2026-08-24T00:00:00,2026-08-24,PT0521323,LST0521323,AG01482,LOC0223,Single Family,2,1.5,1418,4237,1991,138300.0,2026-07-19,Pending,,,0,0.0,3,No,No,2026-07-19,2026-08-24
UPDATE,2026-08-24T00:00:00,2026-08-24,PT0525259,LST0525259,AG01718,LOC0066,Townhouse,1,1.0,2532,4702,2012,741400.0,2026-07-22,Pending,,,0,320.4,3,Yes,No,2026-07-22,2026-08-24
UPDATE,2026-08-24T00:00:00,2026-08-24,PT0098008,LST0098008,AG00557,LOC0198,Single Family,1,4.5,2099,3491,2002,289900.0,2024-08-30,Sold,283984.46,2026-08-24,724,0.0,1,No,No,2024-08-30,2026-08-24
UPDATE,2026-08-24T00:00:00,2026-08-24,PT0186772,LST0186772,AG00179,LOC0007,Condo,3,3.0,1900,1439,1962,831300.0,2025-04-12,Sold,868239.18,2026-08-24,499,463.0,0,No,No,2025-04-12,2026-08-24
UPDATE,2026-08-24T00:00:00,2026-08-24,PT0538173,LST0538173,AG01490,LOC0099,Single Family,2,4.5,1769,1852,1969,364800.0,2026-08-02,Active,,,0,0.0,0,Yes,No,2026-08-02,2026-08-24
UPDATE,2026-08-24T00:00:00,2026-08-24,PT0238786,LST0238786,AG01549,LOC0026,Single Family,3,1.0,2031,2942,1955,370200.0,2024-11-22,Sold,381428.09,2026-08-24,640,0.0,0,No,Yes,2024-11-22,2026-08-24
UPDATE,2026-08-24T00:00:00,2026-08-24,PT0179961,LST0179961,AG00660,LOC0243,Single Family,3,1.0,2014,4424,1938,959700.0,2024-10-02,Pending,,,68,0.0,2,No,No,2024-10-02,2026-08-24
UPDATE,2026-08-24T00:00:00,2026-08-24,PT0132945,LST0132945,AG02469,LOC0057,Single Family,2,1.0,1457,9141,1916,608800.0,2024-06-30,Pending,,,9,0.0,3,No,No,2024-06-30,2026-08-24
UPDATE,2026-08-24T00:00:00,2026-08-24,PT0141804,LST0141804,AG01185,LOC0031,Single Family,6,2.5,1178,1826,2012,493900.0,2024-11-28,Pending,,,56,0.0,1,Yes,No,2024-11-28,2026-08-24
UPDATE,2026-08-24T00:00:00,2026-08-24,PT0263779,LST0263779,AG02583,LOC0166,Condo,2,2.5,1052,1697,1947,276900.0,2023-05-19,Pending,,,83,313.0,0,No,No,2023-05-19,2026-08-24
UPDATE,2026-08-24T00:00:00,2026-08-24,PT0482157,LST0482157,AG02866,LOC0078,Single Family,6,4.0,826,14215,1951,505000.0,2023-02-27,Active,,,69,0.0,2,Yes,No,2023-02-27,2026-08-24
UPDATE,2026-08-24T00:00:00,2026-08-24,PT0470645,LST0470645,AG00534,LOC0149,Single Family,6,3.0,875,10700,1979,154100.0,2023-09-26,Sold,154319.41,2026-08-24,1063,0.0,0,No,Yes,2023-09-26,2026-08-24
UPDATE,2026-08-24T00:00:00,2026-08-24,PT0438756,LST0438756,AG02169,LOC0086,Townhouse,4,3.0,1399,2234,1910,247800.0,2024-02-10,Active,,,133,159.0,0,No,No,2024-02-10,2026-08-24
UPDATE,2026-08-24T00:00:00,2026-08-24,PT0268103,LST0268103,AG01400,LOC0190,Single Family,5,1.0,949,8191,1948,196000.0,2025-08-26,Active,,,84,0.0,2,No,No,2025-08-26,2026-08-24
UPDATE,2026-08-24T00:00:00,2026-08-24,PT0224127,LST0224127,AG02867,LOC0144,Townhouse,6,4.5,1175,1589,1962,603400.0,2025-06-26,Active,,,27,313.0,3,No,No,2025-06-26,2026-08-24
UPDATE,2026-08-24T00:00:00,2026-08-24,PT0292179,LST0292179,AG02409,LOC0109,Single Family,5,3.5,1393,3941,1935,516300.0,2026-05-26,Pending,,,141,0.0,3,No,No,2026-05-26,2026-08-24
UPDATE,2026-08-24T00:00:00,2026-08-24,PT0534147,LST0534147,AG01466,LOC0125,Single Family,5,2.5,2270,1225,1938,854800.0,2026-07-30,Sold,822095.59,2026-08-24,25,0.0,3,Yes,Yes,2026-07-30,2026-08-24
UPDATE,2026-08-24T00:00:00,2026-08-24,PT0048142,LST0048142,AG01862,LOC0184,Single Family,2,4.5,1748,4802,1930,757500.0,2026-01-28,Pending,,,62,0.0,2,No,No,2026-01-28,2026-08-24
UPDATE,2026-08-24T00:00:00,2026-08-24,PT0539004,LST0539004,AG00782,LOC0151,Condo,4,1.5,1727,11218,2022,744200.0,2026-08-03,Sold,723019.76,2026-08-24,21,246.52,1,No,No,2026-08-03,2026-08-24
UPDATE,2026-08-24T00:00:00,2026-08-24,PT0392123,LST0392123,AG01112,LOC0088,Single Family,5,2.0,2332,2470,1962,341300.0,2025-04-30,Pending,,,63,0.0,1,Yes,No,2025-04-30,2026-08-24
UPDATE,2026-08-24T00:00:00,2026-08-24,PT0473322,LST0473322,AG00502,LOC0042,Single Family,5,3.5,859,4147,1939,250700.0,2023-02-04,Pending,,,164,0.0,3,No,No,2023-02-04,2026-08-24
UPDATE,2026-08-24T00:00:00,2026-08-24,PT0492484,LST0492484,AG00532,LOC0033,Single Family,2,3.0,1250,2210,1971,505500.0,2023-07-01,Active,,,59,0.0,1,No,No,2023-07-01,2026-08-24
UPDATE,2026-08-24T00:00:00,2026-08-24,PT0499436,LST0499436,AG01092,LOC0235,Single Family,2,3.5,1931,9068,1957,807600.0,2025-08-07,Pending,,,143,0.0,1,Yes,Yes,2025-08-07,2026-08-24
UPDATE,2026-08-24T00:00:00,2026-08-24,PT0509541,LST0509541,AG00872,LOC0240,Townhouse,2,2.5,1399,1697,2023,546900.0,2026-07-08,Active,,,0,220.24,3,No,No,2026-07-08,2026-08-24
UPDATE,2026-08-24T00:00:00,2026-08-24,PT0246855,LST0246855,AG02508,LOC0162,Single Family,3,4.5,414,9978,1915,81900.0,2024-10-24,Active,,,136,0.0,0,No,No,2024-10-24,2026-08-24
UPDATE,2026-08-24T00:00:00,2026-08-24,PT0176872,LST0176872,AG00899,LOC0101,Single Family,6,4.5,1962,3244,1994,692000.0,2026-01-31,Active,,,119,0.0,2,Yes,Yes,2026-01-31,2026-08-24
UPDATE,2026-08-24T00:00:00,2026-08-24,PT0053889,LST0053889,AG00196,LOC0193,Multi-Family,4,1.0,3815,7400,1910,1592300.0,2023-03-09,Sold,1582749.37,2026-08-24,1264,0.0,0,No,No,2023-03-09,2026-08-24
UPDATE,2026-08-24T00:00:00,2026-08-24,PT0162189,LST0162189,AG02789,LOC0082,Condo,5,3.5,2554,8567,1977,236100.0,2024-03-30,Active,,,89,777.0,0,No,No,2024-03-30,2026-08-24
UPDATE,2026-08-24T00:00:00,2026-08-24,PT0205796,LST0205796,AG00636,LOC0062,Single Family,4,2.5,2279,10698,2007,831100.0,2023-11-13,Pending,,,129,0.0,1,Yes,No,2023-11-13,2026-08-24
UPDATE,2026-08-24T00:00:00,2026-08-24,PT0308562,LST0308562,AG01408,LOC0184,Townhouse,3,3.0,1240,18355,2023,481400.0,2023-01-18,Active,,,143,394.0,0,No,No,2023-01-18,2026-08-24
UPDATE,2026-08-24T00:00:00,2026-08-24,PT0293688,LST0293688,AG02837,LOC0189,Single Family,2,3.0,3367,1678,1917,1779100.0,2024-02-24,Sold,1721015.0,2026-08-24,912,0.0,3,No,No,2024-02-24,2026-08-24
UPDATE,2026-08-24T00:00:00,2026-08-24,PT0410404,LST0410404,AG00555,LOC0121,Land,0,0.0,5539,3146,1943,1959800.0,2025-12-05,Pending,,,127,0.0,0,No,No,2025-12-05,2026-08-24
UPDATE,2026-08-24T00:00:00,2026-08-24,PT0374403,LST0374403,AG00386,LOC0112,Single Family,2,1.5,616,1043,2014,78300.0,2023-03-31,Pending,,,129,0.0,0,No,No,2023-03-31,2026-08-24
UPDATE,2026-08-24T00:00:00,2026-08-24,PT0532639,LST0532639,AG02125,LOC0049,Apartment,2,4.5,668,0,1907,96100.0,2026-07-29,Sold,99325.49,2026-08-24,26,334.96,0,No,No,2026-07-29,2026-08-24
UPDATE,2026-08-24T00:00:00,2026-08-24,PT0088632,LST0088632,AG01340,LOC0132,Townhouse,2,1.5,1035,1049,1934,158900.0,2025-03-18,Active,,,19,712.0,1,No,No,2025-03-18,2026-08-24
UPDATE,2026-08-24T00:00:00,2026-08-24,PT0505158,LST0505158,AG02055,LOC0238,Land,0,0.0,2837,2070,1925,675600.0,2026-07-05,Sold,659076.25,2026-08-24,50,0.0,0,No,No,2026-07-05,2026-08-24
UPDATE,2026-08-24T00:00:00,2026-08-24,PT0170537,LST0170537,AG01232,LOC0188,Condo,2,2.5,3527,3370,2001,677500.0,2023-03-02,Active,,,47,525.0,0,Yes,No,2023-03-02,2026-08-24
UPDATE,2026-08-24T00:00:00,2026-08-24,PT0189002,LST0189002,AG02818,LOC0179,Condo,2,3.5,2220,3855,1939,301700.0,2025-08-10,Active,,,3,419.0,3,No,No,2025-08-10,2026-08-24
UPDATE,2026-08-24T00:00:00,2026-08-24,PT0516065,LST0516065,AG02847,LOC0141,Single Family,3,3.0,2796,1717,1978,625700.0,2026-07-14,Pending,,,0,0.0,3,No,No,2026-07-14,2026-08-24
UPDATE,2026-08-24T00:00:00,2026-08-24,PT0014836,LST0014836,AG00877,LOC0124,Condo,3,3.0,1735,4352,1938,759300.0,2023-07-28,Pending,,,24,129.0,0,No,No,2023-07-28,2026-08-24
UPDATE,2026-08-24T00:00:00,2026-08-24,PT0424670,LST0424670,AG00475,LOC0045,Single Family,2,2.0,2042,2131,1993,526200.0,2024-05-04,Pending,,,167,0.0,3,No,Yes,2024-05-04,2026-08-24
UPDATE,2026-08-24T00:00:00,2026-08-24,PT0517959,LST0517959,AG02460,LOC0226,Single Family,6,4.0,956,1122,1902,357400.0,2026-07-15,Active,,,0,0.0,0,No,No,2026-07-15,2026-08-24
UPDATE,2026-08-24T00:00:00,2026-08-24,PT0358766,LST0358766,AG01095,LOC0128,Condo,1,2.5,1145,4749,1976,242600.0,2023-09-03,Pending,,,99,461.0,0,No,No,2023-09-03,2026-08-24
UPDATE,2026-08-24T00:00:00,2026-08-24,PT0459823,LST0459823,AG02357,LOC0068,Townhouse,6,1.5,2756,1009,1984,1135300.0,2026-04-22,Pending,,,25,135.0,0,Yes,No,2026-04-22,2026-08-24
UPDATE,2026-08-24T00:00:00,2026-08-24,PT0217907,LST0217907,AG01460,LOC0126,Condo,3,4.0,1773,1843,1996,749400.0,2023-02-11,Active,,,103,58.0,3,Yes,No,2023-02-11,2026-08-24
UPDATE,2026-08-24T00:00:00,2026-08-24,PT0075467,LST0075467,AG01476,LOC0146,Multi-Family,6,1.0,2907,2763,1903,580900.0,2025-05-06,Pending,,,52,0.0,0,Yes,Yes,2025-05-06,2026-08-24
UPDATE,2026-08-24T00:00:00,2026-08-24,PT0357285,LST0357285,AG02863,LOC0227,Single Family,6,3.0,1151,4680,1931,375700.0,2025-12-19,Pending,,,145,0.0,3,No,Yes,2025-12-19,2026-08-24
UPDATE,2026-08-24T00:00:00,2026-08-24,PT0495062,LST0495062,AG00905,LOC0244,Townhouse,5,4.0,1570,4298,1979,237800.0,2025-08-30,Pending,,,85,769.0,3,No,No,2025-08-30,2026-08-24
UPDATE,2026-08-24T00:00:00,2026-08-24,PT0508148,LST0508148,AG01734,LOC0162,Land,0,0.0,4943,4012,2011,1124900.0,2026-07-07,Sold,1128028.77,2026-08-24,48,0.0,0,No,No,2026-07-07,2026-08-24
UPDATE,2026-08-24T00:00:00,2026-08-24,PT0236614,LST0236614,AG00127,LOC0112,Condo,4,1.5,1757,1039,1905,235100.0,2025-06-25,Active,,,174,130.0,0,No,No,2025-06-25,2026-08-24
UPDATE,2026-08-24T00:00:00,2026-08-24,PT0408154,LST0408154,AG02076,LOC0203,Single Family,1,4.5,2733,3389,2019,321000.0,2025-05-01,Sold,334181.61,2026-08-24,480,0.0,3,No,No,2025-05-01,2026-08-24
UPDATE,2026-08-24T00:00:00,2026-08-24,PT0200798,LST0200798,AG00654,LOC0133,Single Family,3,1.5,1494,3934,1910,176600.0,2025-08-20,Pending,,,70,0.0,1,No,No,2025-08-20,2026-08-24
UPDATE,2026-08-24T00:00:00,2026-08-24,PT0197877,LST0197877,AG00056,LOC0114,Condo,3,4.0,1127,6182,1949,148600.0,2024-08-01,Active,,,133,214.0,0,No,No,2024-08-01,2026-08-24
UPDATE,2026-08-24T00:00:00,2026-08-24,PT0555076,LST0555076,AG02896,LOC0247,Single Family,4,1.5,1578,7702,1921,373200.0,2026-08-18,Sold,353601.05,2026-08-24,6,0.0,2,Yes,No,2026-08-18,2026-08-24
UPDATE,2026-08-24T00:00:00,2026-08-24,PT0218582,LST0218582,AG00923,LOC0147,Townhouse,5,4.0,2262,3904,2023,227600.0,2025-08-19,Sold,216648.9,2026-08-24,370,606.0,3,Yes,No,2025-08-19,2026-08-24
UPDATE,2026-08-24T00:00:00,2026-08-24,PT0331429,LST0331429,AG01631,LOC0095,Single Family,2,4.5,3160,6290,1907,876900.0,2023-07-09,Sold,834922.69,2026-08-24,1142,0.0,1,No,Yes,2023-07-09,2026-08-24
UPDATE,2026-08-24T00:00:00,2026-08-24,PT0542209,LST0542209,AG00326,LOC0067,Multi-Family,1,4.0,2533,1244,2012,611900.0,2026-08-06,Active,,,0,0.0,3,No,No,2026-08-06,2026-08-24
UPDATE,2026-08-24T00:00:00,2026-08-24,PT0545179,LST0545179,AG01585,LOC0018,Condo,3,1.0,2889,5099,1948,1869800.0,2026-08-09,Pending,,,0,472.03,0,No,No,2026-08-09,2026-08-24
UPDATE,2026-08-24T00:00:00,2026-08-24,PT0507490,LST0507490,AG00791,LOC0237,Land,0,0.0,3929,5479,1903,521200.0,2026-07-06,Active,,,0,0.0,0,No,No,2026-07-06,2026-08-24
UPDATE,2026-08-24T00:00:00,2026-08-24,PT0107547,LST0107547,AG02171,LOC0045,Single Family,3,2.5,2275,6055,1958,570200.0,2023-04-12,Pending,,,152,0.0,1,No,Yes,2023-04-12,2026-08-24
UPDATE,2026-08-24T00:00:00,2026-08-24,PT0364800,LST0364800,AG00786,LOC0132,Single Family,3,4.5,339,11462,1953,134300.0,2024-07-08,Active,,,86,0.0,2,No,No,2024-07-08,2026-08-24
UPDATE,2026-08-24T00:00:00,2026-08-24,PT0079797,LST0079797,AG00410,LOC0026,Townhouse,3,4.0,1331,5066,1961,519300.0,2024-02-06,Active,,,33,456.0,1,No,No,2024-02-06,2026-08-24
UPDATE,2026-08-24T00:00:00,2026-08-24,PT0390477,LST0390477,AG02496,LOC0227,Single Family,3,3.5,1710,2777,1980,384400.0,2025-04-01,Active,,,39,0.0,3,No,Yes,2025-04-01,2026-08-24
UPDATE,2026-08-24T00:00:00,2026-08-24,PT0183217,LST0183217,AG00205,LOC0046,Land,0,0.0,5690,19054,1924,2315800.0,2024-11-29,Pending,,,26,0.0,0,No,No,2024-11-29,2026-08-24
UPDATE,2026-08-24T00:00:00,2026-08-24,PT0305161,LST0305161,AG00337,LOC0247,Single Family,2,3.5,2283,9090,1961,406900.0,2024-08-15,Pending,,,116,0.0,2,No,Yes,2024-08-15,2026-08-24
UPDATE,2026-08-24T00:00:00,2026-08-24,PT0293758,LST0293758,AG00574,LOC0149,Apartment,1,1.5,1499,0,1934,213300.0,2023-03-13,Active,,,128,260.0,0,No,No,2023-03-13,2026-08-24
UPDATE,2026-08-24T00:00:00,2026-08-24,PT0505019,LST0505019,AG00781,LOC0104,Townhouse,2,2.5,853,1348,1929,377200.0,2026-07-05,Active,,,0,131.74,1,Yes,No,2026-07-05,2026-08-24
UPDATE,2026-08-24T00:00:00,2026-08-24,PT0115008,LST0115008,AG00802,LOC0200,Multi-Family,2,4.0,5453,2734,1986,889800.0,2023-02-16,Pending,,,103,0.0,1,No,Yes,2023-02-16,2026-08-24
UPDATE,2026-08-24T00:00:00,2026-08-24,PT0507895,LST0507895,AG00826,LOC0127,Apartment,5,1.0,881,0,1941,387200.0,2026-07-07,Pending,,,0,179.91,2,No,No,2026-07-07,2026-08-24
UPDATE,2026-08-24T00:00:00,2026-08-24,PT0343768,LST0343768,AG01757,LOC0186,Single Family,1,4.5,2786,1236,1909,1253900.0,2025-12-21,Pending,,,77,0.0,1,No,Yes,2025-12-21,2026-08-24
UPDATE,2026-08-24T00:00:00,2026-08-24,PT0344930,LST0344930,AG01410,LOC0092,Multi-Family,2,2.0,3671,17591,1970,562700.0,2024-06-14,Sold,549993.24,2026-08-24,801,0.0,0,No,Yes,2024-06-14,2026-08-24
UPDATE,2026-08-24T00:00:00,2026-08-24,PT0212427,LST0212427,AG01386,LOC0224,Condo,5,3.0,2144,1666,1903,849900.0,2026-02-02,Sold,783534.9,2026-08-24,203,303.0,3,No,No,2026-02-02,2026-08-24
UPDATE,2026-08-24T00:00:00,2026-08-24,PT0000961,LST0000961,AG00991,LOC0059,Single Family,4,2.0,1420,13358,1970,249800.0,2023-01-01,Pending,,,90,0.0,1,No,Yes,2023-01-01,2026-08-24
UPDATE,2026-08-24T00:00:00,2026-08-24,PT0368799,LST0368799,AG00278,LOC0199,Townhouse,3,1.5,1496,2259,1934,924900.0,2023-09-02,Pending,,,140,177.0,3,No,No,2023-09-02,2026-08-24
UPDATE,2026-08-24T00:00:00,2026-08-24,PT0456832,LST0456832,AG01157,LOC0094,Condo,6,2.5,1309,3279,2016,274700.0,2026-01-26,Pending,,,121,300.0,2,No,No,2026-01-26,2026-08-24
UPDATE,2026-08-24T00:00:00,2026-08-24,PT0542679,LST0542679,AG01728,LOC0012,Condo,1,3.5,1417,4652,1955,345100.0,2026-08-06,Sold,374933.98,2026-08-24,18,151.74,3,No,No,2026-08-06,2026-08-24
UPDATE,2026-08-24T00:00:00,2026-08-24,PT0475104,LST0475104,AG02060,LOC0217,Townhouse,1,4.0,2282,3164,1965,370600.0,2023-10-28,Active,,,8,210.0,2,No,No,2023-10-28,2026-08-24
UPDATE,2026-08-24T00:00:00,2026-08-24,PT0536351,LST0536351,AG00609,LOC0241,Apartment,4,1.5,1676,0,1926,145200.0,2026-08-01,Pending,,,0,544.14,3,No,No,2026-08-01,2026-08-24
UPDATE,2026-08-24T00:00:00,2026-08-24,PT0097483,LST0097483,AG00717,LOC0035,Single Family,3,4.0,445,1628,1939,90600.0,2026-05-31,Sold,92785.65,2026-08-24,85,0.0,2,No,Yes,2026-05-31,2026-08-24
UPDATE,2026-08-24T00:00:00,2026-08-24,PT0396555,LST0396555,AG00777,LOC0221,Single Family,6,4.5,2274,2934,1929,302300.0,2025-05-21,Pending,,,88,0.0,1,No,No,2025-05-21,2026-08-24
UPDATE,2026-08-24T00:00:00,2026-08-24,PT0321033,LST0321033,AG01834,LOC0091,Single Family,3,2.0,2353,4541,1987,882000.0,2024-04-14,Pending,,,169,0.0,1,No,No,2024-04-14,2026-08-24
UPDATE,2026-08-24T00:00:00,2026-08-24,PT0404796,LST0404796,AG02465,LOC0026,Single Family,5,2.5,2006,2908,1944,647500.0,2026-01-12,Pending,,,50,0.0,0,No,No,2026-01-12,2026-08-24
UPDATE,2026-08-24T00:00:00,2026-08-24,PT0004305,LST0004305,AG00552,LOC0032,Condo,6,4.5,1263,1125,1947,178300.0,2023-10-07,Active,,,167,122.0,0,No,No,2023-10-07,2026-08-24
UPDATE,2026-08-24T00:00:00,2026-08-24,PT0409104,LST0409104,AG00881,LOC0099,Single Family,3,4.5,1242,9919,1921,477800.0,2026-05-26,Active,,,117,0.0,1,No,Yes,2026-05-26,2026-08-24
UPDATE,2026-08-24T00:00:00,2026-08-24,PT0529299,LST0529299,AG01298,LOC0185,Single Family,4,4.5,713,8563,2000,330400.0,2026-07-26,Sold,282436.46,2026-08-24,29,0.0,2,No,Yes,2026-07-26,2026-08-24
UPDATE,2026-08-24T00:00:00,2026-08-24,PT0036648,LST0036648,AG00055,LOC0127,Single Family,2,3.5,2232,5061,1997,1489100.0,2025-03-23,Sold,1511055.23,2026-08-24,519,0.0,1,No,Yes,2025-03-23,2026-08-24
UPDATE,2026-08-24T00:00:00,2026-08-24,PT0508130,LST0508130,AG01743,LOC0073,Apartment,4,1.0,1621,0,1968,844700.0,2026-07-07,Active,,,0,761.1,1,No,No,2026-07-07,2026-08-24
UPDATE,2026-08-24T00:00:00,2026-08-24,PT0391691,LST0391691,AG02921,LOC0191,Single Family,3,2.5,1259,2922,2021,438100.0,2024-12-15,Pending,,,157,0.0,2,No,No,2024-12-15,2026-08-24
UPDATE,2026-08-24T00:00:00,2026-08-24,PT0558612,LST0558612,AG01525,LOC0050,Single Family,4,3.5,1849,2281,1953,421900.0,2026-08-21,Active,,,0,0.0,2,Yes,Yes,2026-08-21,2026-08-24
UPDATE,2026-08-24T00:00:00,2026-08-24,PT0176744,LST0176744,AG01191,LOC0100,Land,0,0.0,8827,3539,1946,1208900.0,2025-02-07,Pending,,,31,0.0,0,No,No,2025-02-07,2026-08-24
UPDATE,2026-08-24T00:00:00,2026-08-24,PT0250587,LST0250587,AG00055,LOC0185,Single Family,4,3.5,1153,3595,1918,368300.0,2024-11-09,Active,,,127,0.0,1,Yes,No,2024-11-09,2026-08-24
UPDATE,2026-08-24T00:00:00,2026-08-24,PT0211022,LST0211022,AG00151,LOC0181,Single Family,6,2.0,1804,6852,2015,487100.0,2025-06-23,Sold,440639.03,2026-08-24,427,0.0,0,No,No,2025-06-23,2026-08-24
UPDATE,2026-08-24T00:00:00,2026-08-24,PT0508520,LST0508520,AG01536,LOC0127,Apartment,5,2.5,697,0,1929,405000.0,2026-07-07,Pending,,,0,171.1,2,Yes,No,2026-07-07,2026-08-24
UPDATE,2026-08-24T00:00:00,2026-08-24,PT0360253,LST0360253,AG00113,LOC0162,Single Family,4,3.0,2896,11901,1911,415800.0,2023-09-17,Active,,,112,0.0,3,No,No,2023-09-17,2026-08-24
UPDATE,2026-08-24T00:00:00,2026-08-24,PT0158589,LST0158589,AG00875,LOC0068,Apartment,3,1.5,703,0,1919,240100.0,2025-11-27,Active,,,11,126.0,3,Yes,No,2025-11-27,2026-08-24
UPDATE,2026-08-24T00:00:00,2026-08-24,PT0216742,LST0216742,AG02251,LOC0232,Townhouse,3,3.0,2262,7188,1929,659800.0,2023-08-24,Pending,,,75,566.0,3,No,No,2023-08-24,2026-08-24
UPDATE,2026-08-24T00:00:00,2026-08-24,PT0548057,LST0548057,AG02779,LOC0110,Condo,3,4.5,2718,1694,1977,455000.0,2026-08-11,Active,,,0,66.75,3,No,No,2026-08-11,2026-08-24
UPDATE,2026-08-24T00:00:00,2026-08-24,PT0076196,LST0076196,AG02207,LOC0039,Single Family,6,2.0,2290,5988,1928,376300.0,2024-05-09,Pending,,,9,0.0,2,No,Yes,2024-05-09,2026-08-24
UPDATE,2026-08-24T00:00:00,2026-08-24,PT0251261,LST0251261,AG01819,LOC0228,Condo,2,2.5,1633,5218,2010,933600.0,2026-04-17,Pending,,,145,389.0,3,No,No,2026-04-17,2026-08-24
UPDATE,2026-08-24T00:00:00,2026-08-24,PT0545778,LST0545778,AG02875,LOC0062,Townhouse,3,4.0,1418,1544,1939,270600.0,2026-08-09,Active,,,0,359.94,3,No,No,2026-08-09,2026-08-24
UPDATE,2026-08-24T00:00:00,2026-08-24,PT0021670,LST0021670,AG00779,LOC0145,Townhouse,4,1.0,873,2213,1901,148800.0,2024-11-08,Active,,,124,372.0,1,No,No,2024-11-08,2026-08-24
UPDATE,2026-08-24T00:00:00,2026-08-24,PT0547488,LST0547488,AG00066,LOC0045,Land,0,0.0,5017,4251,1956,2825000.0,2026-08-11,Active,,,0,0.0,0,No,No,2026-08-11,2026-08-24
UPDATE,2026-08-24T00:00:00,2026-08-24,PT0237927,LST0237927,AG00652,LOC0229,Townhouse,6,4.0,1543,1910,1955,297800.0,2023-03-11,Active,,,74,348.0,3,Yes,No,2023-03-11,2026-08-24
UPDATE,2026-08-24T00:00:00,2026-08-24,PT0513023,LST0513023,AG01650,LOC0209,Single Family,4,4.0,1428,4018,1921,591700.0,2026-07-11,Sold,569605.53,2026-08-24,44,0.0,1,No,Yes,2026-07-11,2026-08-24
UPDATE,2026-08-24T00:00:00,2026-08-24,PT0145274,LST0145274,AG02686,LOC0096,Single Family,2,3.5,2547,5123,1954,441800.0,2023-08-20,Pending,,,73,0.0,0,No,No,2023-08-20,2026-08-24
UPDATE,2026-08-24T00:00:00,2026-08-24,PT0283152,LST0283152,AG02365,LOC0244,Single Family,5,1.0,1730,11581,1932,285800.0,2025-08-31,Active,,,19,0.0,1,Yes,Yes,2025-08-31,2026-08-24
UPDATE,2026-08-24T00:00:00,2026-08-24,PT0520671,LST0520671,AG01796,LOC0053,Condo,2,4.0,2064,4237,1978,608700.0,2026-07-18,Pending,,,0,181.0,2,No,No,2026-07-18,2026-08-24
UPDATE,2026-08-24T00:00:00,2026-08-24,PT0299746,LST0299746,AG02050,LOC0066,Condo,5,3.0,2499,8959,1985,172000.0,2023-09-09,Sold,194650.08,2026-08-24,1080,259.0,0,No,No,2023-09-09,2026-08-24
UPDATE,2026-08-24T00:00:00,2026-08-24,PT0066854,LST0066854,AG01355,LOC0009,Condo,3,1.5,2215,7106,1962,763700.0,2024-06-28,Pending,,,46,259.0,3,No,No,2024-06-28,2026-08-24
UPDATE,2026-08-24T00:00:00,2026-08-24,PT0262005,LST0262005,AG02287,LOC0003,Townhouse,5,3.5,1363,1207,1932,297300.0,2024-01-19,Pending,,,106,391.0,0,No,No,2024-01-19,2026-08-24
UPDATE,2026-08-24T00:00:00,2026-08-24,PT0310045,LST0310045,AG02478,LOC0045,Townhouse,6,3.5,2054,8672,1990,833100.0,2026-03-24,Sold,740675.48,2026-08-24,153,436.0,3,No,No,2026-03-24,2026-08-24
UPDATE,2026-08-24T00:00:00,2026-08-24,PT0557768,LST0557768,AG00543,LOC0238,Condo,3,3.0,1449,3562,1958,444900.0,2026-08-20,Pending,,,0,432.87,2,No,No,2026-08-20,2026-08-24
UPDATE,2026-08-24T00:00:00,2026-08-24,PT0512544,LST0512544,AG00383,LOC0012,Single Family,4,3.5,1527,2984,2024,888500.0,2026-07-11,Active,,,0,0.0,2,No,No,2026-07-11,2026-08-24
UPDATE,2026-08-24T00:00:00,2026-08-24,PT0491272,LST0491272,AG01647,LOC0114,Single Family,3,1.0,2355,2815,2013,528000.0,2024-11-09,Pending,,,89,0.0,0,No,No,2024-11-09,2026-08-24
UPDATE,2026-08-24T00:00:00,2026-08-24,PT0500952,LST0500952,AG02913,LOC0173,Multi-Family,3,1.5,2528,1967,1929,1242700.0,2026-07-01,Sold,1167171.51,2026-08-24,54,0.0,1,No,Yes,2026-07-01,2026-08-24
UPDATE,2026-08-24T00:00:00,2026-08-24,PT0480667,LST0480667,AG02418,LOC0053,Land,0,0.0,4253,7532,1999,1694000.0,2025-11-04,Sold,1746082.69,2026-08-24,293,0.0,0,No,No,2025-11-04,2026-08-24
UPDATE,2026-08-24T00:00:00,2026-08-24,PT0516474,LST0516474,AG00096,LOC0148,Condo,3,1.0,2166,1628,1996,296600.0,2026-07-14,Sold,296342.92,2026-08-24,41,111.76,3,No,No,2026-07-14,2026-08-24
UPDATE,2026-08-24T00:00:00,2026-08-24,PT0485196,LST0485196,AG00381,LOC0054,Condo,5,1.5,2429,7523,2000,140900.0,2024-10-27,Sold,143721.44,2026-08-24,666,138.0,1,No,No,2024-10-27,2026-08-24
UPDATE,2026-08-24T00:00:00,2026-08-24,PT0127755,LST0127755,AG00864,LOC0104,Single Family,4,1.5,1932,2429,1975,548800.0,2024-06-01,Active,,,141,0.0,0,Yes,No,2024-06-01,2026-08-24
UPDATE,2026-08-24T00:00:00,2026-08-24,PT0492363,LST0492363,AG00166,LOC0176,Condo,3,1.5,1263,2233,1945,474600.0,2023-05-23,Active,,,63,747.0,0,No,No,2023-05-23,2026-08-24
UPDATE,2026-08-24T00:00:00,2026-08-24,PT0230539,LST0230539,AG02290,LOC0206,Single Family,2,1.0,1701,2976,1957,622500.0,2026-02-22,Pending,,,49,0.0,1,No,No,2026-02-22,2026-08-24
UPDATE,2026-08-24T00:00:00,2026-08-24,PT0176466,LST0176466,AG00573,LOC0204,Townhouse,2,4.0,1343,2254,1912,424200.0,2024-05-05,Active,,,16,380.0,3,No,No,2024-05-05,2026-08-24
UPDATE,2026-08-24T00:00:00,2026-08-24,PT0561562,LST0561562,AG02588,LOC0203,Townhouse,4,4.0,1839,3008,1914,309000.0,2026-08-24,Active,,,0,499.55,0,No,No,2026-08-24,2026-08-24
UPDATE,2026-08-24T00:00:00,2026-08-24,PT0510290,LST0510290,AG00332,LOC0016,Single Family,3,4.0,3254,1654,2001,621700.0,2026-07-09,Active,,,0,0.0,2,No,Yes,2026-07-09,2026-08-24
UPDATE,2026-08-24T00:00:00,2026-08-24,PT0294962,LST0294962,AG00854,LOC0158,Condo,2,2.5,1973,3989,1998,1186700.0,2023-11-09,Sold,1120264.73,2026-08-24,1019,592.0,2,Yes,No,2023-11-09,2026-08-24
UPDATE,2026-08-24T00:00:00,2026-08-24,PT0281759,LST0281759,AG00609,LOC0119,Condo,5,2.5,2263,3065,1945,739000.0,2023-11-21,Pending,,,37,534.0,0,No,No,2023-11-21,2026-08-24
UPDATE,2026-08-24T00:00:00,2026-08-24,PT0151344,LST0151344,AG01604,LOC0084,Single Family,6,1.0,3110,4240,1985,1104800.0,2025-10-21,Pending,,,157,0.0,2,No,No,2025-10-21,2026-08-24
UPDATE,2026-08-24T00:00:00,2026-08-24,PT0097223,LST0097223,AG02349,LOC0165,Single Family,3,3.0,455,1461,1965,231000.0,2024-01-09,Active,,,11,0.0,0,No,No,2024-01-09,2026-08-24
UPDATE,2026-08-24T00:00:00,2026-08-24,PT0532893,LST0532893,AG02401,LOC0139,Single Family,6,4.0,2132,3886,1994,482200.0,2026-07-29,Sold,514437.2,2026-08-24,26,0.0,3,No,No,2026-07-29,2026-08-24
UPDATE,2026-08-24T00:00:00,2026-08-24,PT0103686,LST0103686,AG01228,LOC0116,Multi-Family,6,2.0,2583,5375,1944,655100.0,2024-08-19,Active,,,158,0.0,1,Yes,Yes,2024-08-19,2026-08-24
UPDATE,2026-08-24T00:00:00,2026-08-24,PT0385826,LST0385826,AG00513,LOC0236,Single Family,6,2.5,1981,6545,1942,113200.0,2023-06-29,Pending,,,74,0.0,3,No,Yes,2023-06-29,2026-08-24
UPDATE,2026-08-24T00:00:00,2026-08-24,PT0280045,LST0280045,AG01202,LOC0245,Townhouse,4,4.0,2683,3273,1967,969300.0,2024-08-03,Sold,976565.79,2026-08-24,751,634.0,3,No,No,2024-08-03,2026-08-24
UPDATE,2026-08-24T00:00:00,2026-08-24,PT0405078,LST0405078,AG00449,LOC0112,Condo,3,3.0,1299,1310,2002,82900.0,2023-05-14,Active,,,14,268.0,1,No,No,2023-05-14,2026-08-24
UPDATE,2026-08-24T00:00:00,2026-08-24,PT0367857,LST0367857,AG01460,LOC0209,Single Family,4,1.0,2106,10316,2022,893900.0,2025-04-30,Pending,,,105,0.0,0,No,No,2025-04-30,2026-08-24
UPDATE,2026-08-24T00:00:00,2026-08-24,PT0352710,LST0352710,AG02321,LOC0117,Single Family,2,3.5,2637,3220,1992,871400.0,2025-12-14,Pending,,,16,0.0,1,No,Yes,2025-12-14,2026-08-24
UPDATE,2026-08-24T00:00:00,2026-08-24,PT0195670,LST0195670,AG02538,LOC0083,Land,0,0.0,5882,11833,1925,1401600.0,2026-01-18,Active,,,63,0.0,0,No,No,2026-01-18,2026-08-24
UPDATE,2026-08-24T00:00:00,2026-08-24,PT0456229,LST0456229,AG00151,LOC0023,Land,0,0.0,5547,4636,1907,1728800.0,2026-03-13,Active,,,13,0.0,0,No,No,2026-03-13,2026-08-24
UPDATE,2026-08-24T00:00:00,2026-08-24,PT0472426,LST0472426,AG02854,LOC0208,Single Family,2,3.0,2093,4786,1961,523400.0,2023-06-27,Pending,,,133,0.0,2,No,No,2023-06-27,2026-08-24
UPDATE,2026-08-24T00:00:00,2026-08-24,PT0221555,LST0221555,AG02838,LOC0186,Single Family,4,4.0,2458,21715,1930,744100.0,2025-10-10,Pending,,,145,0.0,1,No,Yes,2025-10-10,2026-08-24
UPDATE,2026-08-24T00:00:00,2026-08-24,PT0326573,LST0326573,AG01434,LOC0228,Single Family,6,2.0,2438,1203,1901,725600.0,2025-04-02,Active,,,113,0.0,3,No,No,2025-04-02,2026-08-24
UPDATE,2026-08-24T00:00:00,2026-08-24,PT0227530,LST0227530,AG01136,LOC0102,Single Family,3,3.5,1720,4062,1944,197100.0,2025-08-12,Active,,,55,0.0,2,No,Yes,2025-08-12,2026-08-24
UPDATE,2026-08-24T00:00:00,2026-08-24,PT0542667,LST0542667,AG02472,LOC0222,Apartment,6,2.5,910,0,1966,134100.0,2026-08-06,Active,,,0,144.31,3,No,No,2026-08-06,2026-08-24
UPDATE,2026-08-24T00:00:00,2026-08-24,PT0407052,LST0407052,AG00622,LOC0071,Land,0,0.0,4400,4335,1913,2167000.0,2026-06-07,Active,,,104,0.0,0,No,No,2026-06-07,2026-08-24
UPDATE,2026-08-24T00:00:00,2026-08-24,PT0036811,LST0036811,AG01043,LOC0149,Condo,3,2.5,2130,5033,2025,433700.0,2026-06-16,Pending,,,0,584.0,0,No,No,2026-06-16,2026-08-24
UPDATE,2026-08-24T00:00:00,2026-08-24,PT0487520,LST0487520,AG02906,LOC0022,Condo,5,2.5,2694,2969,2009,1333100.0,2023-09-28,Active,,,47,105.0,3,No,No,2023-09-28,2026-08-24
UPDATE,2026-08-24T00:00:00,2026-08-24,PT0517415,LST0517415,AG02451,LOC0205,Single Family,2,2.5,2020,5021,1981,626100.0,2026-07-15,Pending,,,0,0.0,0,No,Yes,2026-07-15,2026-08-24
UPDATE,2026-08-24T00:00:00,2026-08-24,PT0289294,LST0289294,AG02825,LOC0083,Condo,6,4.5,2116,1530,1906,307500.0,2025-04-13,Pending,,,108,379.0,2,No,No,2025-04-13,2026-08-24
UPDATE,2026-08-24T00:00:00,2026-08-24,PT0519018,LST0519018,AG01471,LOC0015,Single Family,2,1.0,2203,4665,1904,837100.0,2026-07-16,Pending,,,0,0.0,1,No,Yes,2026-07-16,2026-08-24
UPDATE,2026-08-24T00:00:00,2026-08-24,PT0226326,LST0226326,AG01460,LOC0206,Single Family,4,1.5,1937,6826,1925,627000.0,2024-03-15,Active,,,67,0.0,2,No,No,2024-03-15,2026-08-24
UPDATE,2026-08-24T00:00:00,2026-08-24,PT0471240,LST0471240,AG02191,LOC0094,Land,0,0.0,5323,1442,1971,830200.0,2024-12-16,Active,,,174,0.0,0,No,No,2024-12-16,2026-08-24
UPDATE,2026-08-24T00:00:00,2026-08-24,PT0321705,LST0321705,AG00510,LOC0226,Townhouse,3,2.5,933,3319,1970,584500.0,2023-05-14,Active,,,62,155.0,3,Yes,No,2023-05-14,2026-08-24
UPDATE,2026-08-24T00:00:00,2026-08-24,PT0340322,LST0340322,AG01008,LOC0078,Townhouse,3,4.5,1904,2712,2014,378600.0,2025-01-01,Sold,366067.31,2026-08-24,600,726.0,0,No,No,2025-01-01,2026-08-24
UPDATE,2026-08-24T00:00:00,2026-08-24,PT0117529,LST0117529,AG02746,LOC0038,Multi-Family,6,2.5,3125,11678,1935,861400.0,2024-10-23,Sold,795114.73,2026-08-24,670,0.0,2,No,Yes,2024-10-23,2026-08-24
UPDATE,2026-08-24T00:00:00,2026-08-24,PT0125025,LST0125025,AG00706,LOC0090,Condo,4,1.0,1538,4861,1968,377900.0,2024-09-26,Pending,,,121,517.0,1,No,No,2024-09-26,2026-08-24
UPDATE,2026-08-24T00:00:00,2026-08-24,PT0525650,LST0525650,AG01190,LOC0117,Condo,2,2.5,2817,2564,2012,1123400.0,2026-07-23,Sold,1133763.93,2026-08-24,32,620.22,3,No,No,2026-07-23,2026-08-24
UPDATE,2026-08-24T00:00:00,2026-08-24,PT0512249,LST0512249,AG00017,LOC0089,Single Family,3,2.0,1170,4168,1913,184200.0,2026-07-11,Active,,,0,0.0,0,No,No,2026-07-11,2026-08-24
UPDATE,2026-08-24T00:00:00,2026-08-24,PT0159198,LST0159198,AG00899,LOC0016,Apartment,2,1.5,878,0,2007,201500.0,2025-10-29,Sold,189593.46,2026-08-24,299,430.0,1,No,No,2025-10-29,2026-08-24
UPDATE,2026-08-24T00:00:00,2026-08-24,PT0349698,LST0349698,AG01758,LOC0169,Apartment,3,3.0,308,0,1911,112200.0,2026-02-12,Active,,,26,563.0,2,No,No,2026-02-12,2026-08-24
UPDATE,2026-08-24T00:00:00,2026-08-24,PT0113089,LST0113089,AG00303,LOC0191,Apartment,3,3.5,483,0,1938,195200.0,2023-10-16,Pending,,,114,585.0,2,No,No,2023-10-16,2026-08-24
UPDATE,2026-08-24T00:00:00,2026-08-24,PT0537453,LST0537453,AG02672,LOC0082,Townhouse,3,1.5,1616,2108,1962,393500.0,2026-08-02,Sold,394799.94,2026-08-24,22,699.29,3,No,No,2026-08-02,2026-08-24
UPDATE,2026-08-24T00:00:00,2026-08-24,PT0163394,LST0163394,AG02240,LOC0245,Single Family,6,4.5,2297,4821,2003,646200.0,2025-04-21,Pending,,,91,0.0,0,No,Yes,2025-04-21,2026-08-24
UPDATE,2026-08-24T00:00:00,2026-08-24,PT0192748,LST0192748,AG02975,LOC0240,Single Family,3,1.5,1194,1290,1904,231000.0,2023-01-14,Pending,,,55,0.0,1,No,Yes,2023-01-14,2026-08-24
UPDATE,2026-08-24T00:00:00,2026-08-24,PT0506758,LST0506758,AG00540,LOC0111,Apartment,5,3.5,1130,0,2019,209600.0,2026-07-06,Sold,207771.39,2026-08-24,49,64.68,0,No,No,2026-07-06,2026-08-24
UPDATE,2026-08-24T00:00:00,2026-08-24,PT0553162,LST0553162,AG02172,LOC0099,Single Family,3,2.0,1591,16529,1946,427500.0,2026-08-16,Pending,,,0,0.0,3,No,Yes,2026-08-16,2026-08-24
UPDATE,2026-08-24T00:00:00,2026-08-24,PT0553579,LST0553579,AG02124,LOC0033,Single Family,5,3.5,1307,10634,1917,548700.0,2026-08-16,Pending,,,0,0.0,1,No,Yes,2026-08-16,2026-08-24
UPDATE,2026-08-24T00:00:00,2026-08-24,PT0482154,LST0482154,AG02381,LOC0137,Single Family,3,1.0,1647,2582,2015,415800.0,2025-07-15,Sold,401586.71,2026-08-24,405,0.0,1,No,No,2025-07-15,2026-08-24
UPDATE,2026-08-24T00:00:00,2026-08-24,PT0554868,LST0554868,AG00260,LOC0060,Condo,6,4.5,2094,3935,1903,787500.0,2026-08-18,Active,,,0,173.97,3,No,No,2026-08-18,2026-08-24
UPDATE,2026-08-24T00:00:00,2026-08-24,PT0398373,LST0398373,AG00803,LOC0132,Single Family,6,1.5,1473,2137,2020,270800.0,2026-03-22,Active,,,149,0.0,0,No,No,2026-03-22,2026-08-24
UPDATE,2026-08-24T00:00:00,2026-08-24,PT0150468,LST0150468,AG02987,LOC0225,Apartment,6,1.5,1598,0,2025,307300.0,2025-10-21,Sold,265082.56,2026-08-24,307,530.0,3,Yes,No,2025-10-21,2026-08-24
UPDATE,2026-08-24T00:00:00,2026-08-24,PT0273810,LST0273810,AG00924,LOC0079,Condo,6,2.5,2549,2045,1958,561600.0,2026-01-15,Pending,,,73,637.0,0,No,No,2026-01-15,2026-08-24
UPDATE,2026-08-24T00:00:00,2026-08-24,PT0189076,LST0189076,AG02409,LOC0167,Townhouse,3,1.0,792,1926,1970,508900.0,2025-10-23,Pending,,,26,526.0,2,No,No,2025-10-23,2026-08-24
UPDATE,2026-08-24T00:00:00,2026-08-24,PT0502223,LST0502223,AG02065,LOC0045,Single Family,6,3.5,2455,4258,1959,1178100.0,2026-07-02,Active,,,0,0.0,1,No,No,2026-07-02,2026-08-24
UPDATE,2026-08-24T00:00:00,2026-08-24,PT0470242,LST0470242,AG01139,LOC0041,Condo,6,2.0,1691,1114,1977,413700.0,2024-12-24,Pending,,,54,400.0,3,No,No,2024-12-24,2026-08-24
UPDATE,2026-08-24T00:00:00,2026-08-24,PT0144288,LST0144288,AG02677,LOC0109,Condo,1,4.0,1153,3509,1957,238200.0,2023-07-18,Active,,,160,418.0,3,No,No,2023-07-18,2026-08-24
UPDATE,2026-08-24T00:00:00,2026-08-24,PT0384961,LST0384961,AG02013,LOC0243,Single Family,2,2.5,2744,4513,1960,617400.0,2024-01-06,Pending,,,63,0.0,0,No,No,2024-01-06,2026-08-24
UPDATE,2026-08-24T00:00:00,2026-08-24,PT0482642,LST0482642,AG02246,LOC0084,Multi-Family,4,4.5,3919,8419,1908,1597400.0,2025-05-23,Pending,,,19,0.0,2,No,Yes,2025-05-23,2026-08-24
UPDATE,2026-08-24T00:00:00,2026-08-24,PT0063686,LST0063686,AG02375,LOC0248,Single Family,1,4.5,3423,11325,1975,873600.0,2023-09-16,Pending,,,17,0.0,1,No,Yes,2023-09-16,2026-08-24
UPDATE,2026-08-24T00:00:00,2026-08-24,PT0455416,LST0455416,AG01938,LOC0089,Single Family,4,3.5,2000,10505,1911,657800.0,2025-10-05,Pending,,,153,0.0,1,Yes,No,2025-10-05,2026-08-24
UPDATE,2026-08-24T00:00:00,2026-08-24,PT0535156,LST0535156,AG00309,LOC0161,Single Family,5,2.0,1965,1971,2021,613100.0,2026-07-31,Sold,599017.64,2026-08-24,24,0.0,1,No,Yes,2026-07-31,2026-08-24
UPDATE,2026-08-24T00:00:00,2026-08-24,PT0114191,LST0114191,AG01607,LOC0079,Single Family,1,1.5,1217,2496,1990,86700.0,2024-06-29,Pending,,,11,0.0,1,No,Yes,2024-06-29,2026-08-24
UPDATE,2026-08-24T00:00:00,2026-08-24,PT0442577,LST0442577,AG01223,LOC0076,Multi-Family,6,1.0,2361,10287,1947,574000.0,2024-03-09,Pending,,,58,0.0,2,No,No,2024-03-09,2026-08-24
UPDATE,2026-08-24T00:00:00,2026-08-24,PT0161718,LST0161718,AG02051,LOC0170,Condo,2,4.5,2539,1279,1957,1291900.0,2023-03-11,Pending,,,90,345.0,0,Yes,No,2023-03-11,2026-08-24
UPDATE,2026-08-24T00:00:00,2026-08-24,PT0094492,LST0094492,AG00633,LOC0085,Townhouse,3,4.5,2073,1683,2006,628800.0,2023-07-21,Pending,,,169,716.0,1,No,No,2023-07-21,2026-08-24
UPDATE,2026-08-24T00:00:00,2026-08-24,PT0355736,LST0355736,AG02027,LOC0224,Condo,5,4.0,1737,3931,1957,477200.0,2024-11-19,Active,,,42,285.0,3,No,No,2024-11-19,2026-08-24
UPDATE,2026-08-24T00:00:00,2026-08-24,PT0527049,LST0527049,AG02874,LOC0062,Single Family,4,4.5,1277,3363,1930,512200.0,2026-07-24,Pending,,,0,0.0,0,Yes,Yes,2026-07-24,2026-08-24
UPDATE,2026-08-24T00:00:00,2026-08-24,PT0553152,LST0553152,AG00025,LOC0104,Single Family,5,4.5,2317,2380,1995,499100.0,2026-08-16,Active,,,0,0.0,3,No,No,2026-08-16,2026-08-24
UPDATE,2026-08-24T00:00:00,2026-08-24,PT0529499,LST0529499,AG01181,LOC0123,Multi-Family,6,4.5,2213,3033,1965,497600.0,2026-07-26,Sold,481624.84,2026-08-24,29,0.0,0,No,Yes,2026-07-26,2026-08-24
UPDATE,2026-08-24T00:00:00,2026-08-24,PT0238479,LST0238479,AG01944,LOC0103,Condo,6,1.5,1885,5553,2021,126000.0,2024-03-02,Pending,,,33,277.0,1,No,No,2024-03-02,2026-08-24
UPDATE,2026-08-24T00:00:00,2026-08-24,PT0395337,LST0395337,AG02158,LOC0040,Multi-Family,3,4.0,5438,2787,1927,1439400.0,2024-12-19,Pending,,,43,0.0,2,Yes,Yes,2024-12-19,2026-08-24
UPDATE,2026-08-24T00:00:00,2026-08-24,PT0428717,LST0428717,AG01163,LOC0019,Multi-Family,6,2.5,4094,2973,1999,1051100.0,2024-08-07,Active,,,25,0.0,0,No,No,2024-08-07,2026-08-24
UPDATE,2026-08-24T00:00:00,2026-08-24,PT0455385,LST0455385,AG01784,LOC0234,Condo,4,1.0,1464,2368,1973,267100.0,2024-04-10,Active,,,156,94.0,3,No,No,2024-04-10,2026-08-24
UPDATE,2026-08-24T00:00:00,2026-08-24,PT0170716,LST0170716,AG02278,LOC0001,Multi-Family,2,1.5,2024,6959,1992,308100.0,2023-04-15,Active,,,16,0.0,3,No,No,2023-04-15,2026-08-24
UPDATE,2026-08-24T00:00:00,2026-08-24,PT0039727,LST0039727,AG00394,LOC0243,Townhouse,2,4.0,3019,10188,1910,1097800.0,2023-05-09,Pending,,,48,714.0,3,No,No,2023-05-09,2026-08-24
UPDATE,2026-08-24T00:00:00,2026-08-24,PT0349136,LST0349136,AG00031,LOC0112,Townhouse,5,1.0,2471,20473,1955,295400.0,2024-06-07,Sold,311586.35,2026-08-24,808,281.0,3,No,No,2024-06-07,2026-08-24
UPDATE,2026-08-24T00:00:00,2026-08-24,PT0492181,LST0492181,AG02777,LOC0047,Single Family,5,2.5,2806,2288,1995,1242400.0,2026-02-25,Pending,,,152,0.0,0,No,Yes,2026-02-25,2026-08-24
UPDATE,2026-08-24T00:00:00,2026-08-24,PT0099341,LST0099341,AG01731,LOC0083,Single Family,6,1.0,2055,8928,2005,548600.0,2023-07-26,Pending,,,123,0.0,2,No,No,2023-07-26,2026-08-24
UPDATE,2026-08-24T00:00:00,2026-08-24,PT0524899,LST0524899,AG00651,LOC0104,Single Family,5,2.5,1216,3296,2008,364700.0,2026-07-22,Pending,,,0,0.0,0,Yes,No,2026-07-22,2026-08-24
UPDATE,2026-08-24T00:00:00,2026-08-24,PT0460016,LST0460016,AG02335,LOC0009,Condo,6,4.0,2479,3596,1913,531100.0,2024-04-19,Pending,,,128,380.0,3,No,No,2024-04-19,2026-08-24
UPDATE,2026-08-24T00:00:00,2026-08-24,PT0293118,LST0293118,AG02880,LOC0175,Multi-Family,4,4.5,2211,1402,1991,220600.0,2023-08-30,Active,,,166,0.0,1,No,No,2023-08-30,2026-08-24
UPDATE,2026-08-24T00:00:00,2026-08-24,PT0072198,LST0072198,AG01583,LOC0197,Condo,3,3.0,2406,3472,1988,1061400.0,2026-04-07,Active,,,17,514.0,3,No,No,2026-04-07,2026-08-24
UPDATE,2026-08-24T00:00:00,2026-08-24,PT0413086,LST0413086,AG02945,LOC0183,Apartment,1,1.0,754,0,1936,325800.0,2023-06-09,Sold,297960.72,2026-08-24,1172,705.0,2,No,No,2023-06-09,2026-08-24
UPDATE,2026-08-24T00:00:00,2026-08-24,PT0390351,LST0390351,AG02166,LOC0143,Single Family,2,1.5,2063,5247,1995,284200.0,2025-06-21,Sold,304081.24,2026-08-24,429,0.0,3,No,No,2025-06-21,2026-08-24
UPDATE,2026-08-24T00:00:00,2026-08-24,PT0329570,LST0329570,AG02843,LOC0090,Apartment,3,1.0,796,0,1930,260500.0,2024-06-23,Pending,,,11,146.0,1,No,No,2024-06-23,2026-08-24
UPDATE,2026-08-24T00:00:00,2026-08-24,PT0451079,LST0451079,AG02712,LOC0226,Single Family,5,3.0,1371,1508,1917,355900.0,2025-09-14,Pending,,,158,0.0,2,No,No,2025-09-14,2026-08-24
UPDATE,2026-08-24T00:00:00,2026-08-24,PT0283334,LST0283334,AG01857,LOC0138,Single Family,2,4.5,3292,3968,1981,354100.0,2025-05-29,Active,,,176,0.0,3,No,Yes,2025-05-29,2026-08-24
UPDATE,2026-08-24T00:00:00,2026-08-24,PT0542695,LST0542695,AG00733,LOC0203,Single Family,5,2.5,2709,2016,1944,525900.0,2026-08-06,Active,,,0,0.0,1,No,No,2026-08-06,2026-08-24
UPDATE,2026-08-24T00:00:00,2026-08-24,PT0497517,LST0497517,AG02904,LOC0148,Single Family,2,1.0,300,1934,1942,125900.0,2024-01-14,Active,,,157,0.0,0,Yes,No,2024-01-14,2026-08-24
UPDATE,2026-08-24T00:00:00,2026-08-24,PT0132725,LST0132725,AG00841,LOC0027,Land,0,0.0,900,1516,1919,183300.0,2024-06-07,Active,,,72,0.0,0,No,No,2024-06-07,2026-08-24
UPDATE,2026-08-24T00:00:00,2026-08-24,PT0278083,LST0278083,AG01102,LOC0127,Single Family,6,2.5,1520,1056,1902,485900.0,2023-10-29,Sold,452695.91,2026-08-24,1030,0.0,1,No,No,2023-10-29,2026-08-24
UPDATE,2026-08-24T00:00:00,2026-08-24,PT0190226,LST0190226,AG01657,LOC0018,Multi-Family,1,1.5,2960,3205,1948,1612300.0,2024-05-28,Pending,,,127,0.0,2,No,Yes,2024-05-28,2026-08-24
UPDATE,2026-08-24T00:00:00,2026-08-24,PT0412858,LST0412858,AG01693,LOC0162,Apartment,2,1.0,884,0,1900,245700.0,2025-03-08,Sold,213120.82,2026-08-24,534,483.0,3,No,No,2025-03-08,2026-08-24
UPDATE,2026-08-24T00:00:00,2026-08-24,PT0253311,LST0253311,AG01665,LOC0069,Single Family,5,3.0,1139,3933,2004,382400.0,2023-07-18,Sold,368728.61,2026-08-24,1133,0.0,2,No,Yes,2023-07-18,2026-08-24
UPDATE,2026-08-24T00:00:00,2026-08-24,PT0268917,LST0268917,AG01754,LOC0037,Townhouse,6,1.5,1014,1291,1944,357600.0,2024-08-11,Active,,,167,686.0,0,No,No,2024-08-11,2026-08-24
UPDATE,2026-08-24T00:00:00,2026-08-24,PT0235536,LST0235536,AG01980,LOC0057,Townhouse,5,3.0,1223,7063,2017,556700.0,2023-04-07,Active,,,122,99.0,1,No,No,2023-04-07,2026-08-24
UPDATE,2026-08-24T00:00:00,2026-08-24,PT0395325,LST0395325,AG00698,LOC0247,Single Family,3,3.5,3096,4858,1943,598100.0,2023-11-02,Pending,,,178,0.0,1,No,No,2023-11-02,2026-08-24
UPDATE,2026-08-24T00:00:00,2026-08-24,PT0355486,LST0355486,AG02373,LOC0071,Single Family,6,1.5,1328,1207,1934,499900.0,2026-01-21,Pending,,,40,0.0,0,No,No,2026-01-21,2026-08-24
UPDATE,2026-08-24T00:00:00,2026-08-24,PT0119482,LST0119482,AG02671,LOC0116,Single Family,6,4.5,2447,2073,1901,1227500.0,2024-07-23,Pending,,,77,0.0,0,No,Yes,2024-07-23,2026-08-24
UPDATE,2026-08-24T00:00:00,2026-08-24,PT0353346,LST0353346,AG00738,LOC0246,Single Family,3,1.0,1601,1665,1974,247200.0,2023-07-09,Active,,,169,0.0,3,No,No,2023-07-09,2026-08-24
UPDATE,2026-08-24T00:00:00,2026-08-24,PT0438337,LST0438337,AG00049,LOC0123,Single Family,1,2.5,2156,11574,2018,337300.0,2024-05-29,Active,,,174,0.0,1,No,No,2024-05-29,2026-08-24
UPDATE,2026-08-24T00:00:00,2026-08-24,PT0359758,LST0359758,AG02426,LOC0168,Townhouse,2,1.0,1941,2601,1991,974200.0,2023-11-08,Pending,,,69,580.0,3,No,No,2023-11-08,2026-08-24
UPDATE,2026-08-24T00:00:00,2026-08-24,PT0503668,LST0503668,AG02941,LOC0087,Single Family,5,2.0,3035,2459,1973,1321000.0,2026-07-03,Active,,,0,0.0,1,No,Yes,2026-07-03,2026-08-24
UPDATE,2026-08-24T00:00:00,2026-08-24,PT0181356,LST0181356,AG02947,LOC0041,Condo,5,4.5,1576,2050,2018,451800.0,2023-11-18,Pending,,,143,677.0,2,No,No,2023-11-18,2026-08-24
UPDATE,2026-08-24T00:00:00,2026-08-24,PT0418200,LST0418200,AG02812,LOC0050,Single Family,5,3.5,1538,1967,1984,449800.0,2023-01-31,Active,,,160,0.0,0,Yes,No,2023-01-31,2026-08-24
UPDATE,2026-08-24T00:00:00,2026-08-24,PT0364427,LST0364427,AG00929,LOC0079,Townhouse,1,4.5,2202,13558,1945,764900.0,2026-05-03,Pending,,,115,162.0,2,No,No,2026-05-03,2026-08-24
UPDATE,2026-08-24T00:00:00,2026-08-24,PT0395438,LST0395438,AG01943,LOC0026,Land,0,0.0,4673,2057,1940,447600.0,2024-10-09,Pending,,,9,0.0,0,No,No,2024-10-09,2026-08-24
UPDATE,2026-08-24T00:00:00,2026-08-24,PT0198506,LST0198506,AG01006,LOC0141,Single Family,1,4.0,1592,1222,1908,307600.0,2024-07-17,Active,,,123,0.0,2,No,Yes,2024-07-17,2026-08-24
UPDATE,2026-08-24T00:00:00,2026-08-24,PT0358735,LST0358735,AG01863,LOC0146,Condo,1,3.5,1159,2099,1989,114300.0,2023-02-19,Active,,,34,652.0,1,Yes,No,2023-02-19,2026-08-24
UPDATE,2026-08-24T00:00:00,2026-08-24,PT0545475,LST0545475,AG02547,LOC0058,Single Family,1,3.0,2501,5133,1918,847800.0,2026-08-09,Pending,,,0,0.0,3,No,Yes,2026-08-09,2026-08-24
UPDATE,2026-08-24T00:00:00,2026-08-24,PT0207418,LST0207418,AG02874,LOC0041,Single Family,4,1.0,1519,3915,1973,466100.0,2025-08-16,Pending,,,142,0.0,2,Yes,No,2025-08-16,2026-08-24
UPDATE,2026-08-24T00:00:00,2026-08-24,PT0233274,LST0233274,AG01181,LOC0153,Townhouse,4,1.5,1956,3513,1947,619800.0,2025-05-14,Pending,,,16,127.0,0,No,No,2025-05-14,2026-08-24
UPDATE,2026-08-24T00:00:00,2026-08-24,PT0542737,LST0542737,AG00539,LOC0233,Condo,6,1.0,2396,15275,1909,333200.0,2026-08-06,Sold,339304.28,2026-08-24,18,629.1,1,No,No,2026-08-06,2026-08-24
UPDATE,2026-08-24T00:00:00,2026-08-24,PT0498320,LST0498320,AG02028,LOC0026,Condo,5,2.5,1213,3178,1983,374100.0,2023-07-19,Sold,328855.01,2026-08-24,1132,423.0,1,No,No,2023-07-19,2026-08-24
UPDATE,2026-08-24T00:00:00,2026-08-24,PT0500906,LST0500906,AG00469,LOC0229,Single Family,4,2.5,2125,2168,1931,334700.0,2026-07-01,Active,,,0,0.0,0,No,No,2026-07-01,2026-08-24
UPDATE,2026-08-24T00:00:00,2026-08-24,PT0234087,LST0234087,AG01042,LOC0188,Townhouse,2,1.5,2190,1586,1978,111800.0,2023-04-15,Pending,,,33,482.0,3,No,No,2023-04-15,2026-08-24
UPDATE,2026-08-24T00:00:00,2026-08-24,PT0146598,LST0146598,AG01775,LOC0104,Apartment,3,2.5,803,0,2000,109600.0,2023-05-10,Active,,,179,322.0,0,No,No,2023-05-10,2026-08-24
UPDATE,2026-08-24T00:00:00,2026-08-24,PT0147247,LST0147247,AG00693,LOC0092,Single Family,1,1.5,1963,2808,1948,204300.0,2024-10-16,Sold,188210.15,2026-08-24,677,0.0,1,Yes,Yes,2024-10-16,2026-08-24
UPDATE,2026-08-24T00:00:00,2026-08-24,PT0420897,LST0420897,AG02646,LOC0074,Single Family,4,1.5,2487,12556,1966,1114100.0,2026-04-09,Active,,,136,0.0,1,No,No,2026-04-09,2026-08-24
UPDATE,2026-08-24T00:00:00,2026-08-24,PT0327396,LST0327396,AG01753,LOC0116,Single Family,2,1.0,1959,1401,1981,789800.0,2026-05-05,Pending,,,30,0.0,2,No,Yes,2026-05-05,2026-08-24
UPDATE,2026-08-24T00:00:00,2026-08-24,PT0196700,LST0196700,AG00847,LOC0039,Apartment,3,4.0,889,0,1978,129300.0,2024-09-14,Pending,,,12,172.0,2,No,No,2024-09-14,2026-08-24
UPDATE,2026-08-24T00:00:00,2026-08-24,PT0124233,LST0124233,AG00359,LOC0119,Single Family,1,2.5,910,4110,1932,340900.0,2025-09-18,Sold,311594.55,2026-08-24,340,0.0,0,No,No,2025-09-18,2026-08-24
UPDATE,2026-08-24T00:00:00,2026-08-24,PT0183429,LST0183429,AG02176,LOC0095,Townhouse,3,4.5,2489,1700,1907,698300.0,2024-01-21,Active,,,161,302.0,1,No,No,2024-01-21,2026-08-24
UPDATE,2026-08-24T00:00:00,2026-08-24,PT0540785,LST0540785,AG00301,LOC0110,Single Family,6,4.5,1365,4381,1993,429900.0,2026-08-04,Sold,403111.35,2026-08-24,20,0.0,1,No,No,2026-08-04,2026-08-24
UPDATE,2026-08-24T00:00:00,2026-08-24,PT0214698,LST0214698,AG00862,LOC0038,Condo,1,2.5,920,2023,1982,174400.0,2023-10-28,Sold,171461.47,2026-08-24,1031,333.0,1,Yes,No,2023-10-28,2026-08-24
UPDATE,2026-08-24T00:00:00,2026-08-24,PT0360415,LST0360415,AG02751,LOC0172,Apartment,1,1.0,943,0,1956,232800.0,2023-07-18,Active,,,129,447.0,0,No,No,2023-07-18,2026-08-24
UPDATE,2026-08-24T00:00:00,2026-08-24,PT0501309,LST0501309,AG02569,LOC0244,Land,0,0.0,5404,3035,1923,689600.0,2026-07-01,Active,,,0,0.0,0,No,No,2026-07-01,2026-08-24
UPDATE,2026-08-24T00:00:00,2026-08-24,PT0552579,LST0552579,AG02420,LOC0092,Single Family,6,2.5,1324,1036,1986,276600.0,2026-08-16,Active,,,0,0.0,3,Yes,Yes,2026-08-16,2026-08-24
UPDATE,2026-08-24T00:00:00,2026-08-24,PT0555321,LST0555321,AG02599,LOC0086,Condo,3,1.5,2144,7574,2004,219600.0,2026-08-18,Sold,217920.45,2026-08-24,6,646.65,1,No,No,2026-08-18,2026-08-24
UPDATE,2026-08-24T00:00:00,2026-08-24,PT0429140,LST0429140,AG02784,LOC0043,Townhouse,6,3.0,1616,3534,1961,405500.0,2023-02-15,Pending,,,158,627.0,1,Yes,No,2023-02-15,2026-08-24
UPDATE,2026-08-24T00:00:00,2026-08-24,PT0549533,LST0549533,AG02698,LOC0045,Land,0,0.0,7470,4604,1944,1984800.0,2026-08-13,Pending,,,0,0.0,0,No,No,2026-08-13,2026-08-24
UPDATE,2026-08-24T00:00:00,2026-08-24,PT0089474,LST0089474,AG02143,LOC0030,Single Family,4,4.0,1881,3171,2025,537600.0,2024-09-11,Sold,488782.83,2026-08-24,712,0.0,0,No,No,2024-09-11,2026-08-24
UPDATE,2026-08-24T00:00:00,2026-08-24,PT0525828,LST0525828,AG00668,LOC0080,Apartment,4,2.0,883,0,1957,473000.0,2026-07-23,Active,,,0,483.4,0,Yes,No,2026-07-23,2026-08-24
UPDATE,2026-08-24T00:00:00,2026-08-24,PT0162809,LST0162809,AG01343,LOC0003,Single Family,2,3.0,1893,3616,2009,200000.0,2023-05-17,Pending,,,138,0.0,1,Yes,No,2023-05-17,2026-08-24
UPDATE,2026-08-24T00:00:00,2026-08-24,PT0356262,LST0356262,AG01933,LOC0003,Multi-Family,4,1.0,3201,2060,1936,333600.0,2025-01-03,Active,,,95,0.0,2,No,No,2025-01-03,2026-08-24
UPDATE,2026-08-24T00:00:00,2026-08-24,PT0332606,LST0332606,AG01133,LOC0142,Multi-Family,2,1.5,2886,1629,1955,996500.0,2025-08-09,Active,,,67,0.0,2,Yes,Yes,2025-08-09,2026-08-24
UPDATE,2026-08-24T00:00:00,2026-08-24,PT0533222,LST0533222,AG00983,LOC0041,Townhouse,1,4.0,2428,3290,1995,715100.0,2026-07-29,Pending,,,0,594.21,1,No,No,2026-07-29,2026-08-24
UPDATE,2026-08-24T00:00:00,2026-08-24,PT0413441,LST0413441,AG02339,LOC0156,Condo,1,4.0,1192,5473,2014,733900.0,2023-03-27,Pending,,,149,444.0,1,No,No,2023-03-27,2026-08-24
UPDATE,2026-08-24T00:00:00,2026-08-24,PT0546227,LST0546227,AG01439,LOC0102,Land,0,0.0,8385,6252,1919,1307800.0,2026-08-09,Sold,1251506.21,2026-08-24,15,0.0,0,No,No,2026-08-09,2026-08-24
UPDATE,2026-08-24T00:00:00,2026-08-24,PT0549608,LST0549608,AG01926,LOC0091,Land,0,0.0,2126,4079,1945,593200.0,2026-08-13,Pending,,,0,0.0,0,No,No,2026-08-13,2026-08-24
UPDATE,2026-08-24T00:00:00,2026-08-24,PT0433232,LST0433232,AG02605,LOC0146,Single Family,3,2.0,2236,1509,1917,191900.0,2024-11-26,Pending,,,7,0.0,0,No,Yes,2024-11-26,2026-08-24
UPDATE,2026-08-24T00:00:00,2026-08-24,PT0455962,LST0455962,AG02458,LOC0082,Single Family,3,2.5,851,8757,1954,33000.0,2023-05-28,Active,,,107,0.0,2,Yes,Yes,2023-05-28,2026-08-24
UPDATE,2026-08-24T00:00:00,2026-08-24,PT0355728,LST0355728,AG01653,LOC0087,Townhouse,6,3.0,1227,2009,1987,202100.0,2025-12-14,Active,,,127,696.0,0,No,No,2025-12-14,2026-08-24
UPDATE,2026-08-24T00:00:00,2026-08-24,PT0182347,LST0182347,AG01002,LOC0152,Single Family,2,4.0,2262,6771,1921,465400.0,2026-02-23,Pending,,,79,0.0,0,No,Yes,2026-02-23,2026-08-24
UPDATE,2026-08-24T00:00:00,2026-08-24,PT0348177,LST0348177,AG00159,LOC0176,Condo,4,2.0,2911,7463,1902,534600.0,2023-01-11,Pending,,,148,584.0,3,No,No,2023-01-11,2026-08-24
UPDATE,2026-08-24T00:00:00,2026-08-24,PT0524155,LST0524155,AG00828,LOC0091,Single Family,1,3.0,1938,7259,1926,745200.0,2026-07-22,Active,,,0,0.0,2,No,Yes,2026-07-22,2026-08-24
UPDATE,2026-08-24T00:00:00,2026-08-24,PT0165223,LST0165223,AG00057,LOC0113,Single Family,5,4.5,519,16819,1900,170100.0,2025-11-19,Sold,154759.55,2026-08-24,278,0.0,1,No,Yes,2025-11-19,2026-08-24
UPDATE,2026-08-24T00:00:00,2026-08-24,PT0308451,LST0308451,AG02841,LOC0181,Townhouse,3,3.0,781,1091,1929,156900.0,2025-08-26,Active,,,19,599.0,1,Yes,No,2025-08-26,2026-08-24
UPDATE,2026-08-24T00:00:00,2026-08-24,PT0291329,LST0291329,AG00815,LOC0091,Single Family,5,1.5,1607,1301,1975,585300.0,2025-07-31,Pending,,,114,0.0,0,No,No,2025-07-31,2026-08-24
UPDATE,2026-08-24T00:00:00,2026-08-24,PT0558568,LST0558568,AG00794,LOC0027,Townhouse,4,1.0,2546,3065,1964,1001300.0,2026-08-21,Sold,993922.22,2026-08-24,3,253.97,2,No,No,2026-08-21,2026-08-24
UPDATE,2026-08-24T00:00:00,2026-08-24,PT0272843,LST0272843,AG02746,LOC0065,Condo,1,4.5,1150,1788,1957,235700.0,2026-01-06,Active,,,147,390.0,2,No,No,2026-01-06,2026-08-24
UPDATE,2026-08-24T00:00:00,2026-08-24,PT0112709,LST0112709,AG00918,LOC0059,Single Family,5,3.0,2357,2485,2017,669500.0,2024-08-16,Active,,,150,0.0,0,Yes,No,2024-08-16,2026-08-24
UPDATE,2026-08-24T00:00:00,2026-08-24,PT0478442,LST0478442,AG00390,LOC0130,Multi-Family,1,3.5,4001,1253,1989,1154300.0,2023-07-15,Pending,,,67,0.0,1,No,No,2023-07-15,2026-08-24
UPDATE,2026-08-24T00:00:00,2026-08-24,PT0264073,LST0264073,AG02157,LOC0008,Townhouse,2,4.5,2456,1273,2002,276000.0,2025-10-09,Pending,,,149,495.0,3,No,No,2025-10-09,2026-08-24
UPDATE,2026-08-24T00:00:00,2026-08-24,PT0288797,LST0288797,AG02423,LOC0072,Townhouse,3,2.0,2303,4934,1947,365800.0,2023-02-26,Sold,373910.65,2026-08-24,1275,748.0,2,Yes,No,2023-02-26,2026-08-24
UPDATE,2026-08-24T00:00:00,2026-08-24,PT0075441,LST0075441,AG02594,LOC0096,Single Family,5,4.5,2023,1958,1984,607500.0,2025-06-02,Pending,,,131,0.0,1,No,No,2025-06-02,2026-08-24
UPDATE,2026-08-24T00:00:00,2026-08-24,PT0413959,LST0413959,AG00715,LOC0170,Multi-Family,4,3.5,5158,3389,1943,2427900.0,2023-04-29,Pending,,,0,0.0,2,No,No,2023-04-29,2026-08-24
UPDATE,2026-08-24T00:00:00,2026-08-24,PT0494444,LST0494444,AG02793,LOC0093,Single Family,5,1.0,1967,3582,2020,255400.0,2024-12-17,Pending,,,90,0.0,1,No,Yes,2024-12-17,2026-08-24
UPDATE,2026-08-24T00:00:00,2026-08-24,PT0130009,LST0130009,AG00520,LOC0071,Single Family,3,4.0,1727,1183,1948,357300.0,2026-06-29,Active,,,76,0.0,3,No,Yes,2026-06-29,2026-08-24
UPDATE,2026-08-24T00:00:00,2026-08-24,PT0393936,LST0393936,AG01224,LOC0239,Single Family,2,4.0,1360,1184,1985,286900.0,2023-07-26,Sold,288018.31,2026-08-24,1125,0.0,3,No,No,2023-07-26,2026-08-24
UPDATE,2026-08-24T00:00:00,2026-08-24,PT0430577,LST0430577,AG00701,LOC0027,Condo,5,3.0,979,5527,1907,242200.0,2025-03-27,Pending,,,132,169.0,0,No,No,2025-03-27,2026-08-24
UPDATE,2026-08-24T00:00:00,2026-08-24,PT0297989,LST0297989,AG01436,LOC0137,Condo,4,3.5,2291,3200,1976,701800.0,2026-05-22,Active,,,85,94.0,3,No,No,2026-05-22,2026-08-24
UPDATE,2026-08-24T00:00:00,2026-08-24,PT0429236,LST0429236,AG01052,LOC0069,Single Family,4,4.5,1896,3420,1979,479200.0,2025-01-25,Sold,455900.06,2026-08-24,576,0.0,2,No,No,2025-01-25,2026-08-24
UPDATE,2026-08-24T00:00:00,2026-08-24,PT0113167,LST0113167,AG00703,LOC0103,Condo,1,4.5,1531,7550,1985,240600.0,2023-05-25,Pending,,,87,594.0,3,No,No,2023-05-25,2026-08-24
UPDATE,2026-08-24T00:00:00,2026-08-24,PT0501510,LST0501510,AG01945,LOC0027,Single Family,6,4.5,1027,12073,1941,392300.0,2026-07-02,Active,,,0,0.0,1,No,No,2026-07-02,2026-08-24
UPDATE,2026-08-24T00:00:00,2026-08-24,PT0347794,LST0347794,AG00457,LOC0226,Single Family,2,3.0,1882,7145,1982,818600.0,2023-04-01,Active,,,113,0.0,3,No,No,2023-04-01,2026-08-24
UPDATE,2026-08-24T00:00:00,2026-08-24,PT0072068,LST0072068,AG00054,LOC0194,Single Family,2,4.5,1864,4723,1970,691500.0,2025-10-01,Active,,,20,0.0,1,No,No,2025-10-01,2026-08-24
UPDATE,2026-08-24T00:00:00,2026-08-24,PT0239596,LST0239596,AG01975,LOC0202,Single Family,2,2.0,595,1489,1924,151300.0,2023-06-27,Pending,,,14,0.0,0,No,Yes,2023-06-27,2026-08-24
UPDATE,2026-08-24T00:00:00,2026-08-24,PT0556096,LST0556096,AG00063,LOC0054,Land,0,0.0,7616,2253,1994,1910100.0,2026-08-19,Pending,,,0,0.0,0,No,No,2026-08-19,2026-08-24
UPDATE,2026-08-24T00:00:00,2026-08-24,PT0490014,LST0490014,AG02959,LOC0089,Single Family,6,3.0,3139,2273,1901,777500.0,2026-02-19,Active,,,95,0.0,0,Yes,Yes,2026-02-19,2026-08-24
UPDATE,2026-08-24T00:00:00,2026-08-24,PT0307582,LST0307582,AG02632,LOC0048,Single Family,6,4.5,2226,12054,1989,694900.0,2024-05-10,Pending,,,90,0.0,3,No,Yes,2024-05-10,2026-08-24
UPDATE,2026-08-24T00:00:00,2026-08-24,PT0471934,LST0471934,AG01551,LOC0201,Condo,1,2.5,2021,1478,1985,573200.0,2023-07-16,Active,,,68,260.0,3,No,No,2023-07-16,2026-08-24
UPDATE,2026-08-24T00:00:00,2026-08-24,PT0535751,LST0535751,AG02274,LOC0081,Single Family,5,2.0,1379,3126,1984,501100.0,2026-07-31,Pending,,,0,0.0,0,No,Yes,2026-07-31,2026-08-24
UPDATE,2026-08-24T00:00:00,2026-08-24,PT0498896,LST0498896,AG01305,LOC0144,Townhouse,5,4.5,592,8304,1914,145600.0,2025-07-17,Active,,,17,751.0,1,No,No,2025-07-17,2026-08-24
UPDATE,2026-08-24T00:00:00,2026-08-24,PT0560793,LST0560793,AG02059,LOC0004,Townhouse,6,3.5,1167,2289,1973,141600.0,2026-08-23,Active,,,0,606.0,2,No,No,2026-08-23,2026-08-24
UPDATE,2026-08-24T00:00:00,2026-08-24,PT0523287,LST0523287,AG02798,LOC0199,Apartment,1,3.0,936,0,2019,360100.0,2026-07-21,Active,,,0,59.4,3,No,No,2026-07-21,2026-08-24
UPDATE,2026-08-24T00:00:00,2026-08-24,PT0361911,LST0361911,AG00018,LOC0170,Single Family,2,1.5,1136,5842,1945,537700.0,2023-08-24,Active,,,172,0.0,2,No,Yes,2023-08-24,2026-08-24
UPDATE,2026-08-24T00:00:00,2026-08-24,PT0528777,LST0528777,AG01217,LOC0210,Townhouse,1,2.5,3226,4295,1992,738500.0,2026-07-25,Active,,,0,718.59,0,No,No,2026-07-25,2026-08-24
UPDATE,2026-08-24T00:00:00,2026-08-24,PT0414946,LST0414946,AG00531,LOC0131,Townhouse,5,4.0,998,1169,1979,288600.0,2024-10-05,Active,,,112,329.0,2,No,No,2024-10-05,2026-08-24
UPDATE,2026-08-24T00:00:00,2026-08-24,PT0141050,LST0141050,AG01446,LOC0017,Single Family,4,4.5,1915,1189,1941,413700.0,2025-12-31,Pending,,,37,0.0,2,No,No,2025-12-31,2026-08-24
UPDATE,2026-08-24T00:00:00,2026-08-24,PT0180423,LST0180423,AG00800,LOC0237,Single Family,4,2.5,2590,4288,1918,633700.0,2024-03-25,Pending,,,136,0.0,3,No,No,2024-03-25,2026-08-24
UPDATE,2026-08-24T00:00:00,2026-08-24,PT0245826,LST0245826,AG01276,LOC0011,Land,0,0.0,7532,12935,1952,3639700.0,2025-02-09,Sold,3574212.7,2026-08-24,561,0.0,0,No,No,2025-02-09,2026-08-24
UPDATE,2026-08-24T00:00:00,2026-08-24,PT0266425,LST0266425,AG02042,LOC0177,Multi-Family,5,1.0,5582,9165,2013,2116700.0,2025-01-11,Active,,,54,0.0,2,No,Yes,2025-01-11,2026-08-24
UPDATE,2026-08-24T00:00:00,2026-08-24,PT0299111,LST0299111,AG00257,LOC0050,Multi-Family,5,1.5,2467,1791,1980,749500.0,2024-05-31,Sold,773726.53,2026-08-24,815,0.0,0,No,No,2024-05-31,2026-08-24
UPDATE,2026-08-24T00:00:00,2026-08-24,PT0504237,LST0504237,AG01792,LOC0042,Apartment,1,4.0,1594,0,1915,383600.0,2026-07-04,Active,,,0,688.8,3,No,No,2026-07-04,2026-08-24
UPDATE,2026-08-24T00:00:00,2026-08-24,PT0311672,LST0311672,AG01563,LOC0036,Single Family,4,3.0,1318,2111,2017,458300.0,2023-10-01,Active,,,58,0.0,2,No,No,2023-10-01,2026-08-24
UPDATE,2026-08-24T00:00:00,2026-08-24,PT0489847,LST0489847,AG01475,LOC0016,Condo,6,2.0,1533,3198,1939,328100.0,2024-04-08,Pending,,,58,546.0,0,No,No,2024-04-08,2026-08-24
UPDATE,2026-08-24T00:00:00,2026-08-24,PT0511587,LST0511587,AG01155,LOC0024,Condo,3,4.5,1830,9739,1951,529900.0,2026-07-10,Pending,,,0,239.73,2,No,No,2026-07-10,2026-08-24
UPDATE,2026-08-24T00:00:00,2026-08-24,PT0147838,LST0147838,AG02087,LOC0207,Single Family,6,1.0,1546,3412,1901,250900.0,2024-05-24,Active,,,90,0.0,0,No,Yes,2024-05-24,2026-08-24
UPDATE,2026-08-24T00:00:00,2026-08-24,PT0286854,LST0286854,AG02500,LOC0152,Single Family,6,2.5,300,6919,1970,110600.0,2025-04-28,Pending,,,32,0.0,1,No,Yes,2025-04-28,2026-08-24
UPDATE,2026-08-24T00:00:00,2026-08-24,PT0049490,LST0049490,AG01762,LOC0139,Multi-Family,1,2.5,4331,3045,1931,1588200.0,2025-07-18,Active,,,145,0.0,0,No,Yes,2025-07-18,2026-08-24
UPDATE,2026-08-24T00:00:00,2026-08-24,PT0451821,LST0451821,AG01044,LOC0227,Condo,4,2.5,1641,2886,1948,302200.0,2023-02-28,Pending,,,20,787.0,1,No,No,2023-02-28,2026-08-24
UPDATE,2026-08-24T00:00:00,2026-08-24,PT0324492,LST0324492,AG01278,LOC0164,Single Family,1,1.5,2319,4397,2018,208300.0,2024-04-11,Active,,,96,0.0,2,No,No,2024-04-11,2026-08-24
UPDATE,2026-08-24T00:00:00,2026-08-24,PT0079260,LST0079260,AG02933,LOC0160,Townhouse,2,1.0,1840,1765,1919,403200.0,2025-05-13,Sold,392957.98,2026-08-24,468,409.0,3,No,No,2025-05-13,2026-08-24
UPDATE,2026-08-24T00:00:00,2026-08-24,PT0302169,LST0302169,AG00731,LOC0093,Land,0,0.0,2184,3212,1929,392200.0,2026-05-20,Pending,,,117,0.0,0,No,No,2026-05-20,2026-08-24
UPDATE,2026-08-24T00:00:00,2026-08-24,PT0508140,LST0508140,AG01544,LOC0055,Multi-Family,4,1.5,1745,6918,1919,284800.0,2026-07-07,Active,,,0,0.0,3,No,Yes,2026-07-07,2026-08-24
UPDATE,2026-08-24T00:00:00,2026-08-24,PT0501710,LST0501710,AG02708,LOC0204,Land,0,0.0,6509,6290,1915,2586300.0,2026-07-02,Active,,,0,0.0,0,No,No,2026-07-02,2026-08-24
UPDATE,2026-08-24T00:00:00,2026-08-24,PT0513710,LST0513710,AG01958,LOC0059,Single Family,4,4.0,1633,5223,1993,334000.0,2026-07-12,Active,,,0,0.0,1,No,Yes,2026-07-12,2026-08-24
UPDATE,2026-08-24T00:00:00,2026-08-24,PT0144721,LST0144721,AG00293,LOC0043,Townhouse,6,1.0,873,1674,1948,124800.0,2026-05-10,Pending,,,96,290.0,3,No,No,2026-05-10,2026-08-24
UPDATE,2026-08-24T00:00:00,2026-08-24,PT0122625,LST0122625,AG01757,LOC0135,Townhouse,1,2.0,881,5876,1967,361600.0,2023-11-01,Pending,,,5,597.0,1,No,No,2023-11-01,2026-08-24
UPDATE,2026-08-24T00:00:00,2026-08-24,PT0010484,LST0010484,AG01409,LOC0079,Townhouse,2,4.5,2661,1075,1946,229600.0,2024-02-12,Pending,,,77,254.0,3,No,No,2024-02-12,2026-08-24
UPDATE,2026-08-24T00:00:00,2026-08-24,PT0423647,LST0423647,AG01708,LOC0025,Apartment,5,3.0,1181,0,1983,267100.0,2024-12-11,Sold,257078.93,2026-08-24,621,537.0,3,No,No,2024-12-11,2026-08-24
UPDATE,2026-08-24T00:00:00,2026-08-24,PT0145694,LST0145694,AG00479,LOC0045,Land,0,0.0,7392,1631,1958,4304100.0,2024-08-28,Sold,4193639.12,2026-08-24,726,0.0,0,No,No,2024-08-28,2026-08-24
UPDATE,2026-08-24T00:00:00,2026-08-24,PT0188038,LST0188038,AG01046,LOC0094,Single Family,6,1.5,2228,3288,1972,408500.0,2026-02-12,Pending,,,23,0.0,1,No,Yes,2026-02-12,2026-08-24
UPDATE,2026-08-24T00:00:00,2026-08-24,PT0386436,LST0386436,AG00685,LOC0042,Single Family,2,3.5,2397,5634,2007,1092800.0,2024-04-29,Sold,1106163.54,2026-08-24,847,0.0,2,No,No,2024-04-29,2026-08-24
UPDATE,2026-08-24T00:00:00,2026-08-24,PT0011510,LST0011510,AG02871,LOC0146,Single Family,5,1.5,2295,8250,1907,243200.0,2023-06-15,Pending,,,43,0.0,0,No,No,2023-06-15,2026-08-24
UPDATE,2026-08-24T00:00:00,2026-08-24,PT0486799,LST0486799,AG02235,LOC0013,Townhouse,4,2.5,1843,4069,1941,329300.0,2025-05-17,Pending,,,26,490.0,1,No,No,2025-05-17,2026-08-24
UPDATE,2026-08-24T00:00:00,2026-08-24,PT0545935,LST0545935,AG00382,LOC0158,Single Family,5,4.0,1237,2182,1983,249800.0,2026-08-09,Active,,,0,0.0,3,No,No,2026-08-09,2026-08-24
UPDATE,2026-08-24T00:00:00,2026-08-24,PT0558863,LST0558863,AG00711,LOC0047,Single Family,2,1.5,2079,3439,1974,1027700.0,2026-08-21,Active,,,0,0.0,1,No,Yes,2026-08-21,2026-08-24
UPDATE,2026-08-24T00:00:00,2026-08-24,PT0036261,LST0036261,AG02107,LOC0006,Townhouse,3,4.0,1624,3629,1917,185600.0,2023-01-28,Sold,168756.1,2026-08-24,1304,732.0,1,No,No,2023-01-28,2026-08-24
UPDATE,2026-08-24T00:00:00,2026-08-24,PT0369774,LST0369774,AG01006,LOC0022,Condo,6,3.0,1625,3781,1924,578800.0,2023-10-07,Pending,,,174,412.0,0,No,No,2023-10-07,2026-08-24
UPDATE,2026-08-24T00:00:00,2026-08-24,PT0176414,LST0176414,AG01141,LOC0038,Single Family,5,1.5,1261,2297,1922,108300.0,2024-02-04,Pending,,,9,0.0,0,No,No,2024-02-04,2026-08-24
UPDATE,2026-08-24T00:00:00,2026-08-24,PT0360076,LST0360076,AG00453,LOC0213,Townhouse,5,1.0,1219,6567,1945,276600.0,2024-04-05,Sold,273725.73,2026-08-24,871,512.0,2,No,No,2024-04-05,2026-08-24
UPDATE,2026-08-24T00:00:00,2026-08-24,PT0131569,LST0131569,AG02979,LOC0234,Single Family,6,3.5,1148,6080,1900,267200.0,2023-05-22,Sold,279433.93,2026-08-24,1190,0.0,0,No,Yes,2023-05-22,2026-08-24
UPDATE,2026-08-24T00:00:00,2026-08-24,PT0379441,LST0379441,AG00269,LOC0092,Single Family,4,4.0,1515,5794,2015,178700.0,2024-02-15,Sold,164500.01,2026-08-24,921,0.0,3,No,Yes,2024-02-15,2026-08-24
UPDATE,2026-08-24T00:00:00,2026-08-24,PT0366482,LST0366482,AG00865,LOC0131,Single Family,1,4.0,2229,2119,1982,279600.0,2024-05-06,Pending,,,167,0.0,0,No,No,2024-05-06,2026-08-24
UPDATE,2026-08-24T00:00:00,2026-08-24,PT0278982,LST0278982,AG01873,LOC0021,Townhouse,3,3.5,1205,7043,1901,129200.0,2026-04-23,Active,,,11,368.0,3,No,No,2026-04-23,2026-08-24
UPDATE,2026-08-24T00:00:00,2026-08-24,PT0133877,LST0133877,AG01719,LOC0088,Single Family,3,2.0,2254,3002,1967,280300.0,2023-01-10,Sold,282260.27,2026-08-24,1322,0.0,2,No,No,2023-01-10,2026-08-24
UPDATE,2026-08-24T00:00:00,2026-08-24,PT0465829,LST0465829,AG01742,LOC0137,Condo,3,2.0,1763,8463,1920,585500.0,2025-01-25,Active,,,13,68.0,3,No,No,2025-01-25,2026-08-24
UPDATE,2026-08-24T00:00:00,2026-08-24,PT0304609,LST0304609,AG01540,LOC0194,Single Family,1,2.0,1317,3442,1919,526200.0,2025-01-09,Sold,532363.15,2026-08-24,592,0.0,2,No,No,2025-01-09,2026-08-24
UPDATE,2026-08-24T00:00:00,2026-08-24,PT0523068,LST0523068,AG02226,LOC0030,Condo,4,2.5,2149,2148,2018,877800.0,2026-07-21,Pending,,,0,159.92,2,No,No,2026-07-21,2026-08-24
UPDATE,2026-08-24T00:00:00,2026-08-24,PT0155447,LST0155447,AG00968,LOC0016,Single Family,5,2.0,1607,8191,1988,70300.0,2024-01-14,Active,,,172,0.0,0,No,Yes,2024-01-14,2026-08-24
UPDATE,2026-08-24T00:00:00,2026-08-24,PT0513076,LST0513076,AG00511,LOC0127,Single Family,6,4.5,2399,1962,2006,1009300.0,2026-07-11,Sold,1042015.94,2026-08-24,44,0.0,0,No,Yes,2026-07-11,2026-08-24
UPDATE,2026-08-24T00:00:00,2026-08-24,PT0232064,LST0232064,AG00296,LOC0203,Single Family,5,4.0,2396,4053,1929,385000.0,2025-10-05,Sold,398289.02,2026-08-24,323,0.0,2,No,Yes,2025-10-05,2026-08-24
UPDATE,2026-08-24T00:00:00,2026-08-24,PT0321982,LST0321982,AG02199,LOC0033,Condo,4,2.0,2031,1874,2003,160000.0,2026-04-08,Sold,153164.82,2026-08-24,138,348.0,1,No,No,2026-04-08,2026-08-24
UPDATE,2026-08-24T00:00:00,2026-08-24,PT0413933,LST0413933,AG01796,LOC0007,Single Family,6,4.0,1797,3731,1995,641800.0,2024-12-05,Active,,,62,0.0,0,No,No,2024-12-05,2026-08-24
UPDATE,2026-08-24T00:00:00,2026-08-24,PT0063932,LST0063932,AG02657,LOC0204,Single Family,6,4.0,1225,4353,1938,739400.0,2023-11-11,Active,,,68,0.0,2,No,No,2023-11-11,2026-08-24
UPDATE,2026-08-24T00:00:00,2026-08-24,PT0229877,LST0229877,AG01324,LOC0148,Single Family,4,2.0,2118,3883,1948,323200.0,2023-03-03,Active,,,147,0.0,2,No,No,2023-03-03,2026-08-24
UPDATE,2026-08-24T00:00:00,2026-08-24,PT0425906,LST0425906,AG02760,LOC0153,Single Family,4,3.0,2102,3754,1940,859000.0,2025-08-05,Pending,,,179,0.0,2,No,Yes,2025-08-05,2026-08-24
UPDATE,2026-08-24T00:00:00,2026-08-24,PT0145153,LST0145153,AG01767,LOC0079,Single Family,6,1.5,1325,4960,1938,517000.0,2025-12-16,Active,,,130,0.0,2,No,No,2025-12-16,2026-08-24
UPDATE,2026-08-24T00:00:00,2026-08-24,PT0324840,LST0324840,AG00043,LOC0030,Single Family,4,2.5,1692,4088,1998,315200.0,2024-07-10,Active,,,64,0.0,0,Yes,Yes,2024-07-10,2026-08-24
UPDATE,2026-08-24T00:00:00,2026-08-24,PT0139519,LST0139519,AG00698,LOC0169,Condo,5,1.5,1605,6104,1951,477900.0,2024-03-06,Active,,,77,152.0,1,No,No,2024-03-06,2026-08-24
UPDATE,2026-08-24T00:00:00,2026-08-24,PT0415433,LST0415433,AG02255,LOC0250,Apartment,2,2.0,1052,0,1957,221300.0,2023-03-21,Active,,,71,438.0,2,No,No,2023-03-21,2026-08-24
UPDATE,2026-08-24T00:00:00,2026-08-24,PT0273122,LST0273122,AG01657,LOC0100,Apartment,1,1.0,1091,0,1915,190700.0,2025-06-02,Sold,200706.7,2026-08-24,448,477.0,2,No,No,2025-06-02,2026-08-24
UPDATE,2026-08-24T00:00:00,2026-08-24,PT0040902,LST0040902,AG02519,LOC0118,Townhouse,5,4.0,2835,2374,1940,598800.0,2026-06-14,Pending,,,52,287.0,2,No,No,2026-06-14,2026-08-24
UPDATE,2026-08-24T00:00:00,2026-08-24,PT0561353,LST0561353,AG00104,LOC0126,Single Family,4,1.0,962,3517,1928,327400.0,2026-08-23,Active,,,0,0.0,0,No,No,2026-08-23,2026-08-24
UPDATE,2026-08-24T00:00:00,2026-08-24,PT0335601,LST0335601,AG01593,LOC0085,Single Family,2,4.5,2092,1372,1986,576400.0,2025-05-20,Pending,,,64,0.0,3,No,Yes,2025-05-20,2026-08-24
UPDATE,2026-08-24T00:00:00,2026-08-24,PT0138135,LST0138135,AG02181,LOC0127,Apartment,1,1.0,1876,0,1935,817700.0,2025-01-23,Active,,,63,549.0,0,No,No,2025-01-23,2026-08-24
UPDATE,2026-08-24T00:00:00,2026-08-24,PT0512505,LST0512505,AG01595,LOC0186,Condo,1,3.0,1545,3545,1987,405500.0,2026-07-11,Active,,,0,359.79,0,No,No,2026-07-11,2026-08-24
UPDATE,2026-08-24T00:00:00,2026-08-24,PT0091460,LST0091460,AG02301,LOC0151,Townhouse,2,3.5,1936,1020,1990,417900.0,2024-05-16,Pending,,,120,72.0,2,No,No,2024-05-16,2026-08-24
UPDATE,2026-08-24T00:00:00,2026-08-24,PT0290245,LST0290245,AG02998,LOC0220,Multi-Family,6,1.5,2919,2803,1926,752500.0,2025-03-06,Active,,,26,0.0,0,No,No,2025-03-06,2026-08-24
UPDATE,2026-08-24T00:00:00,2026-08-24,PT0208426,LST0208426,AG02780,LOC0234,Multi-Family,6,3.0,3727,3845,1997,2007400.0,2026-05-26,Pending,,,81,0.0,2,No,Yes,2026-05-26,2026-08-24
UPDATE,2026-08-24T00:00:00,2026-08-24,PT0061666,LST0061666,AG01621,LOC0244,Single Family,5,4.5,1967,6298,1930,513000.0,2025-09-26,Active,,,46,0.0,2,No,No,2025-09-26,2026-08-24
UPDATE,2026-08-24T00:00:00,2026-08-24,PT0350231,LST0350231,AG01267,LOC0186,Townhouse,2,2.0,2919,1002,1995,1156300.0,2023-08-14,Active,,,4,343.0,3,No,No,2023-08-14,2026-08-24
UPDATE,2026-08-24T00:00:00,2026-08-24,PT0289699,LST0289699,AG00901,LOC0150,Apartment,2,1.0,1237,0,1910,365700.0,2026-06-12,Active,,,25,447.0,0,No,No,2026-06-12,2026-08-24
UPDATE,2026-08-24T00:00:00,2026-08-24,PT0135414,LST0135414,AG01185,LOC0003,Single Family,4,1.5,2030,1883,1923,358800.0,2023-03-23,Active,,,10,0.0,3,No,No,2023-03-23,2026-08-24
UPDATE,2026-08-24T00:00:00,2026-08-24,PT0009131,LST0009131,AG01281,LOC0127,Townhouse,2,2.0,870,13279,1907,444500.0,2024-12-27,Active,,,176,354.0,0,Yes,No,2024-12-27,2026-08-24
UPDATE,2026-08-24T00:00:00,2026-08-24,PT0530291,LST0530291,AG02415,LOC0131,Townhouse,1,2.0,2826,4470,2010,696300.0,2026-07-27,Active,,,0,748.56,0,No,No,2026-07-27,2026-08-24
UPDATE,2026-08-24T00:00:00,2026-08-24,PT0539206,LST0539206,AG02476,LOC0231,Townhouse,5,3.5,656,2733,2012,123500.0,2026-08-03,Pending,,,0,391.91,3,No,No,2026-08-03,2026-08-24
UPDATE,2026-08-24T00:00:00,2026-08-24,PT0483588,LST0483588,AG02030,LOC0178,Single Family,1,1.5,441,8850,1983,93500.0,2026-03-27,Sold,91311.11,2026-08-24,150,0.0,1,No,Yes,2026-03-27,2026-08-24
DELETE,2026-08-24T00:00:00,2026-08-24,PT0110633,LST0110633,AG00073,LOC0080,Single Family,4,3.0,3222,1409,1999,1098000.0,2023-10-16,Withdrawn,,,150,0.0,1,No,No,2023-10-16,2026-08-24
DELETE,2026-08-24T00:00:00,2026-08-24,PT0334627,LST0334627,AG02758,LOC0071,Townhouse,2,4.0,1723,7270,1963,1032500.0,2026-05-23,Withdrawn,,,136,152.0,2,No,No,2026-05-23,2026-08-24
DELETE,2026-08-24T00:00:00,2026-08-24,PT0205566,LST0205566,AG02056,LOC0152,Condo,2,2.5,960,3662,2004,346400.0,2023-06-12,Withdrawn,,,115,648.0,2,No,No,2023-06-12,2026-08-24
DELETE,2026-08-24T00:00:00,2026-08-24,PT0496855,LST0496855,AG00277,LOC0064,Townhouse,1,4.0,2250,4477,1957,386900.0,2025-04-18,Withdrawn,,,39,345.0,2,No,No,2025-04-18,2026-08-24
DELETE,2026-08-24T00:00:00,2026-08-24,PT0022870,LST0022870,AG01005,LOC0217,Single Family,3,4.0,1206,2648,1957,292600.0,2025-11-17,Withdrawn,,,61,0.0,2,No,No,2025-11-17,2026-08-24
DELETE,2026-08-24T00:00:00,2026-08-24,PT0556007,LST0556007,AG02397,LOC0065,Condo,5,2.5,749,1900,1980,105300.0,2026-08-19,Withdrawn,,,0,321.66,3,No,No,2026-08-19,2026-08-24
DELETE,2026-08-24T00:00:00,2026-08-24,PT0546755,LST0546755,AG00294,LOC0104,Single Family,5,3.5,1361,5037,1907,406800.0,2026-08-10,Withdrawn,,,0,0.0,2,No,Yes,2026-08-10,2026-08-24
DELETE,2026-08-24T00:00:00,2026-08-24,PT0496305,LST0496305,AG02873,LOC0090,Single Family,3,1.5,300,11062,1944,144800.0,2025-12-11,Withdrawn,,,72,0.0,1,No,Yes,2025-12-11,2026-08-24
DELETE,2026-08-24T00:00:00,2026-08-24,PT0315512,LST0315512,AG01651,LOC0240,Condo,3,1.0,325,2217,2010,62200.0,2024-08-01,Withdrawn,,,7,651.0,1,Yes,No,2024-08-01,2026-08-24
DELETE,2026-08-24T00:00:00,2026-08-24,PT0321789,LST0321789,AG02778,LOC0053,Apartment,2,2.5,315,0,2023,61700.0,2026-05-19,Withdrawn,,,99,392.0,3,No,No,2026-05-19,2026-08-24
DELETE,2026-08-24T00:00:00,2026-08-24,PT0079173,LST0079173,AG00987,LOC0135,Land,0,0.0,6328,6449,1934,2125700.0,2024-09-05,Withdrawn,,,83,0.0,0,No,No,2024-09-05,2026-08-24
DELETE,2026-08-24T00:00:00,2026-08-24,PT0156263,LST0156263,AG00671,LOC0077,Townhouse,6,2.0,2339,5585,1941,363400.0,2024-08-26,Withdrawn,,,84,605.0,1,Yes,No,2024-08-26,2026-08-24
DELETE,2026-08-24T00:00:00,2026-08-24,PT0558316,LST0558316,AG02724,LOC0165,Condo,3,2.5,856,7830,2024,351000.0,2026-08-21,Withdrawn,,,0,573.07,1,No,No,2026-08-21,2026-08-24
DELETE,2026-08-24T00:00:00,2026-08-24,PT0503070,LST0503070,AG01975,LOC0240,Single Family,1,4.5,1701,2161,2009,592400.0,2026-07-03,Withdrawn,,,0,0.0,1,No,No,2026-07-03,2026-08-24
DELETE,2026-08-24T00:00:00,2026-08-24,PT0551027,LST0551027,AG01026,LOC0067,Apartment,6,4.0,667,0,1939,128400.0,2026-08-14,Withdrawn,,,0,249.07,0,No,No,2026-08-14,2026-08-24
DELETE,2026-08-24T00:00:00,2026-08-24,PT0315745,LST0315745,AG02469,LOC0157,Multi-Family,3,2.0,2740,2257,1903,773900.0,2024-07-27,Withdrawn,,,124,0.0,3,No,No,2024-07-27,2026-08-24
DELETE,2026-08-24T00:00:00,2026-08-24,PT0351270,LST0351270,AG00534,LOC0117,Townhouse,1,3.0,1276,5254,1937,388100.0,2023-10-25,Withdrawn,,,20,323.0,2,No,No,2023-10-25,2026-08-24
DELETE,2026-08-24T00:00:00,2026-08-24,PT0085336,LST0085336,AG01208,LOC0183,Apartment,2,1.5,1352,0,1983,429800.0,2024-11-06,Withdrawn,,,105,290.0,2,Yes,No,2024-11-06,2026-08-24
DELETE,2026-08-24T00:00:00,2026-08-24,PT0520780,LST0520780,AG01694,LOC0110,Townhouse,5,4.5,1164,17052,1907,254800.0,2026-07-19,Withdrawn,,,0,305.64,2,No,No,2026-07-19,2026-08-24
DELETE,2026-08-24T00:00:00,2026-08-24,PT0215194,LST0215194,AG01995,LOC0068,Single Family,6,2.0,682,14717,1921,303500.0,2023-06-18,Withdrawn,,,177,0.0,3,No,Yes,2023-06-18,2026-08-24
DELETE,2026-08-24T00:00:00,2026-08-24,PT0376097,LST0376097,AG00360,LOC0100,Apartment,6,1.5,1528,0,1961,179600.0,2026-01-30,Withdrawn,,,96,161.0,0,No,No,2026-01-30,2026-08-24
DELETE,2026-08-24T00:00:00,2026-08-24,PT0254477,LST0254477,AG00306,LOC0067,Townhouse,4,3.5,2656,2341,1993,428300.0,2024-10-10,Withdrawn,,,118,66.0,3,No,No,2024-10-10,2026-08-24
DELETE,2026-08-24T00:00:00,2026-08-24,PT0360392,LST0360392,AG02917,LOC0110,Multi-Family,4,3.5,5719,7820,1907,1153400.0,2024-04-07,Withdrawn,,,127,0.0,2,No,Yes,2024-04-07,2026-08-24
DELETE,2026-08-24T00:00:00,2026-08-24,PT0431526,LST0431526,AG00905,LOC0055,Single Family,6,1.5,300,3450,2022,68500.0,2025-03-09,Withdrawn,,,29,0.0,2,No,No,2025-03-09,2026-08-24
DELETE,2026-08-24T00:00:00,2026-08-24,PT0544652,LST0544652,AG01101,LOC0154,Single Family,2,4.5,2051,2491,2011,390000.0,2026-08-08,Withdrawn,,,0,0.0,1,Yes,Yes,2026-08-08,2026-08-24
DELETE,2026-08-24T00:00:00,2026-08-24,PT0128908,LST0128908,AG01991,LOC0115,Condo,6,1.5,1642,1286,1938,413800.0,2025-10-03,Withdrawn,,,135,410.0,0,No,No,2025-10-03,2026-08-24
DELETE,2026-08-24T00:00:00,2026-08-24,PT0521016,LST0521016,AG01462,LOC0088,Single Family,3,2.5,2367,2179,1920,289400.0,2026-07-19,Withdrawn,,,0,0.0,0,No,No,2026-07-19,2026-08-24
DELETE,2026-08-24T00:00:00,2026-08-24,PT0243192,LST0243192,AG01112,LOC0055,Single Family,3,3.5,963,1523,1986,220600.0,2025-10-23,Withdrawn,,,108,0.0,3,No,No,2025-10-23,2026-08-24
DELETE,2026-08-24T00:00:00,2026-08-24,PT0554560,LST0554560,AG00241,LOC0168,Townhouse,2,4.0,432,3536,1907,179700.0,2026-08-17,Withdrawn,,,0,470.87,1,No,No,2026-08-17,2026-08-24
DELETE,2026-08-24T00:00:00,2026-08-24,PT0119840,LST0119840,AG00801,LOC0016,Apartment,1,1.5,936,0,2025,214300.0,2025-08-09,Withdrawn,,,23,755.0,2,No,No,2025-08-09,2026-08-24
DELETE,2026-08-24T00:00:00,2026-08-24,PT0453358,LST0453358,AG00702,LOC0235,Apartment,1,3.0,820,0,1963,201700.0,2025-08-28,Withdrawn,,,174,364.0,1,No,No,2025-08-28,2026-08-24
DELETE,2026-08-24T00:00:00,2026-08-24,PT0532532,LST0532532,AG02737,LOC0014,Multi-Family,1,3.5,2247,1432,2010,221500.0,2026-07-29,Withdrawn,,,0,0.0,1,No,No,2026-07-29,2026-08-24
DELETE,2026-08-24T00:00:00,2026-08-24,PT0435836,LST0435836,AG00317,LOC0158,Condo,2,1.5,1326,2797,1978,465500.0,2024-10-28,Withdrawn,,,160,709.0,1,No,No,2024-10-28,2026-08-24
DELETE,2026-08-24T00:00:00,2026-08-24,PT0501145,LST0501145,AG02352,LOC0199,Single Family,3,2.5,1026,1787,1945,487800.0,2026-07-01,Withdrawn,,,0,0.0,1,No,Yes,2026-07-01,2026-08-24
DELETE,2026-08-24T00:00:00,2026-08-24,PT0431482,LST0431482,AG02438,LOC0009,Single Family,2,1.0,1640,1923,1974,590700.0,2023-04-25,Withdrawn,,,18,0.0,1,No,Yes,2023-04-25,2026-08-24
DELETE,2026-08-24T00:00:00,2026-08-24,PT0306313,LST0306313,AG02113,LOC0119,Single Family,5,1.0,300,4034,2012,20600.0,2024-04-29,Withdrawn,,,156,0.0,1,Yes,Yes,2024-04-29,2026-08-24
DELETE,2026-08-24T00:00:00,2026-08-24,PT0137299,LST0137299,AG02237,LOC0061,Single Family,5,3.5,1724,1671,1994,243500.0,2025-09-27,Withdrawn,,,133,0.0,3,No,No,2025-09-27,2026-08-24
DELETE,2026-08-24T00:00:00,2026-08-24,PT0106569,LST0106569,AG00261,LOC0125,Single Family,2,4.0,1846,5883,1933,406400.0,2023-02-24,Withdrawn,,,99,0.0,2,No,Yes,2023-02-24,2026-08-24
DELETE,2026-08-24T00:00:00,2026-08-24,PT0543188,LST0543188,AG02855,LOC0129,Land,0,0.0,2096,10905,1910,482000.0,2026-08-07,Withdrawn,,,0,0.0,0,No,No,2026-08-07,2026-08-24
DELETE,2026-08-24T00:00:00,2026-08-24,PT0091818,LST0091818,AG01316,LOC0194,Townhouse,4,4.5,1732,7775,1913,553000.0,2023-02-07,Withdrawn,,,136,272.0,3,No,No,2023-02-07,2026-08-24
DELETE,2026-08-24T00:00:00,2026-08-24,PT0110072,LST0110072,AG01597,LOC0109,Condo,2,1.5,1165,7153,1948,284400.0,2025-03-31,Withdrawn,,,108,752.0,3,No,No,2025-03-31,2026-08-24
DELETE,2026-08-24T00:00:00,2026-08-24,PT0314137,LST0314137,AG02444,LOC0081,Single Family,5,2.0,2148,11181,1967,783100.0,2024-09-19,Withdrawn,,,83,0.0,2,No,No,2024-09-19,2026-08-24
DELETE,2026-08-24T00:00:00,2026-08-24,PT0476411,LST0476411,AG00083,LOC0006,Multi-Family,4,4.0,2959,2388,2002,356400.0,2023-08-11,Withdrawn,,,171,0.0,2,No,Yes,2023-08-11,2026-08-24
DELETE,2026-08-24T00:00:00,2026-08-24,PT0539970,LST0539970,AG02136,LOC0074,Single Family,6,3.5,3280,3730,1976,2002200.0,2026-08-04,Withdrawn,,,0,0.0,1,No,No,2026-08-04,2026-08-24
DELETE,2026-08-24T00:00:00,2026-08-24,PT0417588,LST0417588,AG01602,LOC0203,Condo,2,3.5,1021,1470,2016,137100.0,2024-09-23,Withdrawn,,,104,600.0,3,No,No,2024-09-23,2026-08-24
DELETE,2026-08-24T00:00:00,2026-08-24,PT0508734,LST0508734,AG02514,LOC0010,Single Family,5,2.5,3247,3779,2001,918000.0,2026-07-07,Withdrawn,,,0,0.0,2,No,Yes,2026-07-07,2026-08-24
DELETE,2026-08-24T00:00:00,2026-08-24,PT0413224,LST0413224,AG02558,LOC0161,Single Family,5,1.0,1054,10080,1940,364600.0,2024-08-17,Withdrawn,,,172,0.0,1,Yes,No,2024-08-17,2026-08-24
DELETE,2026-08-24T00:00:00,2026-08-24,PT0166067,LST0166067,AG02412,LOC0134,Single Family,4,3.5,1442,4479,1905,965200.0,2026-04-29,Withdrawn,,,0,0.0,3,No,Yes,2026-04-29,2026-08-24
DELETE,2026-08-24T00:00:00,2026-08-24,PT0206243,LST0206243,AG00094,LOC0031,Single Family,2,4.0,2067,5335,1953,737800.0,2025-10-15,Withdrawn,,,3,0.0,1,No,No,2025-10-15,2026-08-24
DELETE,2026-08-24T00:00:00,2026-08-24,PT0317444,LST0317444,AG00010,LOC0058,Single Family,1,3.0,300,2193,1947,113600.0,2025-12-15,Withdrawn,,,39,0.0,3,No,No,2025-12-15,2026-08-24
DELETE,2026-08-24T00:00:00,2026-08-24,PT0141478,LST0141478,AG01317,LOC0133,Single Family,6,1.0,1918,9771,1988,240800.0,2023-07-30,Withdrawn,,,123,0.0,3,No,No,2023-07-30,2026-08-24
DELETE,2026-08-24T00:00:00,2026-08-24,PT0465071,LST0465071,AG01644,LOC0002,Land,0,0.0,2502,6233,1978,639500.0,2025-07-27,Withdrawn,,,152,0.0,0,No,No,2025-07-27,2026-08-24
DELETE,2026-08-24T00:00:00,2026-08-24,PT0541444,LST0541444,AG00479,LOC0169,Single Family,1,3.5,1979,2996,1947,181200.0,2026-08-05,Withdrawn,,,0,0.0,3,No,No,2026-08-05,2026-08-24
DELETE,2026-08-24T00:00:00,2026-08-24,PT0372072,LST0372072,AG02437,LOC0011,Single Family,4,1.5,524,5955,1995,149000.0,2023-01-22,Withdrawn,,,70,0.0,0,No,Yes,2023-01-22,2026-08-24
DELETE,2026-08-24T00:00:00,2026-08-24,PT0217663,LST0217663,AG00466,LOC0162,Single Family,2,4.5,2000,1081,1941,403900.0,2025-11-16,Withdrawn,,,175,0.0,0,No,Yes,2025-11-16,2026-08-24
DELETE,2026-08-24T00:00:00,2026-08-24,PT0346446,LST0346446,AG00535,LOC0160,Condo,3,2.5,2155,6332,1982,659200.0,2023-09-25,Withdrawn,,,10,658.0,1,No,No,2023-09-25,2026-08-24
DELETE,2026-08-24T00:00:00,2026-08-24,PT0542601,LST0542601,AG02575,LOC0143,Townhouse,1,1.0,1744,1057,1903,166700.0,2026-08-06,Withdrawn,,,0,98.78,1,No,No,2026-08-06,2026-08-24
DELETE,2026-08-24T00:00:00,2026-08-24,PT0536252,LST0536252,AG02895,LOC0210,Single Family,6,1.5,1492,2831,1907,728700.0,2026-08-01,Withdrawn,,,0,0.0,0,No,Yes,2026-08-01,2026-08-24
DELETE,2026-08-24T00:00:00,2026-08-24,PT0291381,LST0291381,AG01715,LOC0080,Multi-Family,5,1.0,3889,1041,1922,702600.0,2024-11-12,Withdrawn,,,119,0.0,2,No,Yes,2024-11-12,2026-08-24
DELETE,2026-08-24T00:00:00,2026-08-24,PT0117572,LST0117572,AG01740,LOC0001,Single Family,1,1.0,1709,2652,1929,320300.0,2025-04-24,Withdrawn,,,134,0.0,1,No,No,2025-04-24,2026-08-24
DELETE,2026-08-24T00:00:00,2026-08-24,PT0476298,LST0476298,AG02399,LOC0025,Condo,5,2.0,1966,2792,1949,442100.0,2025-04-18,Withdrawn,,,28,206.0,2,No,No,2025-04-18,2026-08-24
DELETE,2026-08-24T00:00:00,2026-08-24,PT0185292,LST0185292,AG02815,LOC0123,Land,0,0.0,6968,2314,1970,2393200.0,2023-02-19,Withdrawn,,,7,0.0,0,No,No,2023-02-19,2026-08-24
DELETE,2026-08-24T00:00:00,2026-08-24,PT0470714,LST0470714,AG00978,LOC0204,Single Family,1,1.5,2628,1962,1964,982800.0,2024-01-15,Withdrawn,,,149,0.0,3,No,Yes,2024-01-15,2026-08-24
DELETE,2026-08-24T00:00:00,2026-08-24,PT0090718,LST0090718,AG02288,LOC0054,Apartment,4,2.5,1195,0,1935,202200.0,2026-06-03,Withdrawn,,,3,107.0,1,No,No,2026-06-03,2026-08-24
DELETE,2026-08-24T00:00:00,2026-08-24,PT0100567,LST0100567,AG02991,LOC0179,Apartment,2,3.5,476,0,2004,100200.0,2024-10-19,Withdrawn,,,19,176.0,3,No,No,2024-10-19,2026-08-24
DELETE,2026-08-24T00:00:00,2026-08-24,PT0027757,LST0027757,AG00149,LOC0094,Land,0,0.0,5626,2903,1981,1013700.0,2023-02-12,Withdrawn,,,157,0.0,0,No,No,2023-02-12,2026-08-24
DELETE,2026-08-24T00:00:00,2026-08-24,PT0324220,LST0324220,AG02409,LOC0057,Single Family,5,1.5,409,2411,1986,283900.0,2024-09-25,Withdrawn,,,179,0.0,0,No,Yes,2024-09-25,2026-08-24
DELETE,2026-08-24T00:00:00,2026-08-24,PT0228058,LST0228058,AG00702,LOC0058,Condo,3,3.5,559,3497,1940,160600.0,2025-08-30,Withdrawn,,,137,463.0,1,Yes,No,2025-08-30,2026-08-24
DELETE,2026-08-24T00:00:00,2026-08-24,PT0109126,LST0109126,AG00062,LOC0114,Single Family,5,1.5,2184,4422,1927,177900.0,2026-06-18,Withdrawn,,,174,0.0,3,No,Yes,2026-06-18,2026-08-24
DELETE,2026-08-24T00:00:00,2026-08-24,PT0240448,LST0240448,AG02770,LOC0037,Single Family,2,4.5,1189,8197,1915,803000.0,2026-06-02,Withdrawn,,,124,0.0,1,No,Yes,2026-06-02,2026-08-24
DELETE,2026-08-24T00:00:00,2026-08-24,PT0302854,LST0302854,AG02189,LOC0228,Land,0,0.0,1653,1769,1915,571800.0,2025-05-26,Withdrawn,,,32,0.0,0,No,No,2025-05-26,2026-08-24
DELETE,2026-08-24T00:00:00,2026-08-24,PT0231438,LST0231438,AG00771,LOC0125,Single Family,5,2.0,1394,2980,1917,368600.0,2024-04-23,Withdrawn,,,21,0.0,0,No,Yes,2024-04-23,2026-08-24
DELETE,2026-08-24T00:00:00,2026-08-24,PT0413330,LST0413330,AG01298,LOC0130,Single Family,1,1.5,1756,1380,1940,211000.0,2023-11-25,Withdrawn,,,11,0.0,2,No,Yes,2023-11-25,2026-08-24
DELETE,2026-08-24T00:00:00,2026-08-24,PT0463452,LST0463452,AG01180,LOC0166,Apartment,5,4.5,945,0,1946,308300.0,2023-04-30,Withdrawn,,,68,61.0,1,No,No,2023-04-30,2026-08-24
DELETE,2026-08-24T00:00:00,2026-08-24,PT0278494,LST0278494,AG01007,LOC0166,Townhouse,1,1.0,1927,9975,1979,636700.0,2025-04-10,Withdrawn,,,140,571.0,1,No,No,2025-04-10,2026-08-24
DELETE,2026-08-24T00:00:00,2026-08-24,PT0551807,LST0551807,AG01846,LOC0210,Single Family,6,4.0,1807,5066,1931,827200.0,2026-08-15,Withdrawn,,,0,0.0,2,No,No,2026-08-15,2026-08-24
DELETE,2026-08-24T00:00:00,2026-08-24,PT0117717,LST0117717,AG00260,LOC0248,Single Family,4,2.5,1670,10559,2020,366600.0,2024-02-07,Withdrawn,,,62,0.0,0,Yes,Yes,2024-02-07,2026-08-24
DELETE,2026-08-24T00:00:00,2026-08-24,PT0262800,LST0262800,AG00567,LOC0086,Condo,5,3.5,1887,4184,1944,219500.0,2024-12-25,Withdrawn,,,129,662.0,2,Yes,No,2024-12-25,2026-08-24
DELETE,2026-08-24T00:00:00,2026-08-24,PT0381542,LST0381542,AG02072,LOC0199,Townhouse,4,3.0,1302,6959,1950,824900.0,2024-06-05,Withdrawn,,,135,395.0,0,No,No,2024-06-05,2026-08-24
DELETE,2026-08-24T00:00:00,2026-08-24,PT0531221,LST0531221,AG01492,LOC0207,Single Family,1,4.0,2461,1125,1974,478000.0,2026-07-28,Withdrawn,,,0,0.0,1,No,No,2026-07-28,2026-08-24
DELETE,2026-08-24T00:00:00,2026-08-24,PT0177352,LST0177352,AG01489,LOC0226,Multi-Family,6,3.0,2323,6970,1900,1150400.0,2023-10-11,Withdrawn,,,121,0.0,0,No,No,2023-10-11,2026-08-24
DELETE,2026-08-24T00:00:00,2026-08-24,PT0557177,LST0557177,AG00761,LOC0250,Multi-Family,5,1.0,4897,3819,1933,1304800.0,2026-08-20,Withdrawn,,,0,0.0,1,No,Yes,2026-08-20,2026-08-24
DELETE,2026-08-24T00:00:00,2026-08-24,PT0437068,LST0437068,AG00787,LOC0240,Single Family,4,2.0,1514,5540,2001,165100.0,2025-01-21,Withdrawn,,,165,0.0,2,No,No,2025-01-21,2026-08-24
DELETE,2026-08-24T00:00:00,2026-08-24,PT0208947,LST0208947,AG00168,LOC0211,Condo,4,2.5,1541,7494,1999,982600.0,2023-08-11,Withdrawn,,,7,448.0,0,Yes,No,2023-08-11,2026-08-24
DELETE,2026-08-24T00:00:00,2026-08-24,PT0561585,LST0561585,AG00872,LOC0163,Single Family,4,3.0,1746,10192,1907,275300.0,2026-08-24,Withdrawn,,,0,0.0,3,No,No,2026-08-24,2026-08-24
DELETE,2026-08-24T00:00:00,2026-08-24,PT0088179,LST0088179,AG02535,LOC0144,Condo,2,1.5,2360,16446,1987,943500.0,2025-09-11,Withdrawn,,,40,276.0,2,No,No,2025-09-11,2026-08-24
DELETE,2026-08-24T00:00:00,2026-08-24,PT0198803,LST0198803,AG00664,LOC0015,Land,0,0.0,5191,7432,1906,1430100.0,2024-03-21,Withdrawn,,,82,0.0,0,No,No,2024-03-21,2026-08-24
DELETE,2026-08-24T00:00:00,2026-08-24,PT0546848,LST0546848,AG01678,LOC0233,Multi-Family,2,3.0,2030,1037,1966,830500.0,2026-08-10,Withdrawn,,,0,0.0,0,No,Yes,2026-08-10,2026-08-24
DELETE,2026-08-24T00:00:00,2026-08-24,PT0087999,LST0087999,AG00459,LOC0188,Apartment,4,2.5,965,0,1994,246700.0,2025-01-22,Withdrawn,,,168,153.0,1,No,No,2025-01-22,2026-08-24
DELETE,2026-08-24T00:00:00,2026-08-24,PT0205170,LST0205170,AG00443,LOC0117,Condo,2,2.0,1732,3710,1969,1101900.0,2023-05-18,Withdrawn,,,63,723.0,2,No,No,2023-05-18,2026-08-24
DELETE,2026-08-24T00:00:00,2026-08-24,PT0485316,LST0485316,AG00704,LOC0177,Condo,3,2.5,972,4564,1919,425000.0,2024-08-14,Withdrawn,,,52,488.0,1,No,No,2024-08-14,2026-08-24
DELETE,2026-08-24T00:00:00,2026-08-24,PT0526886,LST0526886,AG02477,LOC0228,Apartment,5,4.5,1231,0,1994,411600.0,2026-07-24,Withdrawn,,,0,362.24,0,No,No,2026-07-24,2026-08-24
DELETE,2026-08-24T00:00:00,2026-08-24,PT0177599,LST0177599,AG00228,LOC0109,Condo,3,3.5,2447,1232,1915,630200.0,2026-02-01,Withdrawn,,,168,494.0,3,No,No,2026-02-01,2026-08-24
DELETE,2026-08-24T00:00:00,2026-08-24,PT0132470,LST0132470,AG01590,LOC0066,Single Family,1,3.0,2936,8636,1965,837200.0,2026-04-27,Withdrawn,,,102,0.0,0,No,No,2026-04-27,2026-08-24
DELETE,2026-08-24T00:00:00,2026-08-24,PT0472185,LST0472185,AG00984,LOC0016,Single Family,3,1.5,2929,12255,1994,449200.0,2025-09-01,Withdrawn,,,134,0.0,0,No,No,2025-09-01,2026-08-24
DELETE,2026-08-24T00:00:00,2026-08-24,PT0122793,LST0122793,AG01801,LOC0073,Condo,1,4.0,2400,11797,1945,643300.0,2025-12-27,Withdrawn,,,30,701.0,1,No,No,2025-12-27,2026-08-24
DELETE,2026-08-24T00:00:00,2026-08-24,PT0518469,LST0518469,AG01197,LOC0027,Condo,4,4.0,1919,1441,1966,786200.0,2026-07-16,Withdrawn,,,0,680.74,0,No,No,2026-07-16,2026-08-24
DELETE,2026-08-24T00:00:00,2026-08-24,PT0358731,LST0358731,AG01124,LOC0207,Single Family,4,1.5,2050,2811,1948,266200.0,2025-06-18,Withdrawn,,,10,0.0,0,No,Yes,2025-06-18,2026-08-24
DELETE,2026-08-24T00:00:00,2026-08-24,PT0464478,LST0464478,AG01199,LOC0178,Single Family,5,4.5,835,6805,1923,226600.0,2023-07-31,Withdrawn,,,141,0.0,0,No,No,2023-07-31,2026-08-24
DELETE,2026-08-24T00:00:00,2026-08-24,PT0557354,LST0557354,AG01464,LOC0162,Condo,5,4.0,2324,7817,1970,790100.0,2026-08-20,Withdrawn,,,0,224.52,3,Yes,No,2026-08-20,2026-08-24
DELETE,2026-08-24T00:00:00,2026-08-24,PT0433059,LST0433059,AG01108,LOC0132,Single Family,2,3.5,918,1404,1953,166200.0,2026-04-13,Withdrawn,,,156,0.0,2,No,Yes,2026-04-13,2026-08-24
DELETE,2026-08-24T00:00:00,2026-08-24,PT0544115,LST0544115,AG02165,LOC0145,Single Family,5,4.0,3448,2140,1948,1413100.0,2026-08-08,Withdrawn,,,0,0.0,0,No,No,2026-08-08,2026-08-24
DELETE,2026-08-24T00:00:00,2026-08-24,PT0330354,LST0330354,AG00128,LOC0208,Townhouse,2,4.5,1384,8421,1948,262000.0,2025-12-21,Withdrawn,,,19,97.0,0,No,No,2025-12-21,2026-08-24
DELETE,2026-08-24T00:00:00,2026-08-24,PT0250907,LST0250907,AG01063,LOC0224,Condo,1,2.5,2531,1923,1913,1026700.0,2023-08-26,Withdrawn,,,58,58.0,0,No,No,2023-08-26,2026-08-24
