operation_type,cdc_timestamp,batch_date,property_id,listing_id,agent_id,location_id,property_type,bedrooms,bathrooms,square_feet,lot_size_sqft,year_built,listing_price,list_date,status,sold_price,sold_date,days_on_market,hoa_fee,garage_spaces,has_pool,has_basement,created_at,updated_at
INSERT,2026-08-27T00:00:00,2026-08-27,PT0565185,LST0565185,AG01170,LOC0086,Single Family,5,4.5,1309,8376,2010,190500.0,2026-08-27,Active,,,0,0.0,0,No,No,2026-08-27,2026-08-27
INSERT,2026-08-27T00:00:00,2026-08-27,PT0565186,LST0565186,AG00623,LOC0029,Multi-Family,3,3.0,2993,7598,1921,831300.0,2026-08-27,Active,,,0,0.0,3,No,No,2026-08-27,2026-08-27
INSERT,2026-08-27T00:00:00,2026-08-27,PT0565187,LST0565187,AG01408,LOC0095,Single Family,6,1.0,300,8846,1984,64600.0,2026-08-27,Active,,,0,0.0,2,No,No,2026-08-27,2026-08-27
INSERT,2026-08-27T00:00:00,2026-08-27,PT0565188,LST0565188,AG01290,LOC0058,Single Family,3,2.0,2539,3554,1963,894200.0,2026-08-27,Active,,,0,0.0,2,No,Yes,2026-08-27,2026-08-27
INSERT,2026-08-27T00:00:00,2026-08-27,PT0565189,LST0565189,AG00499,LOC0020,Apartment,6,2.0,253,0,1988,37100.0,2026-08-27,Active,,,0,108.69,3,No,No,2026-08-27,2026-08-27
INSERT,2026-08-27T00:00:00,2026-08-27,PT0565190,LST0565190,AG02455,LOC0089,Land,0,0.0,3394,4653,1948,1149300.0,2026-08-27,Active,,,0,0.0,0,No,No,2026-08-27,2026-08-27
INSERT,2026-08-27T00:00:00,2026-08-27,PT0565191,LST0565191,AG00759,LOC0052,Condo,2,3.0,2785,2723,1954,351600.0,2026-08-27,Active,,,0,201.94,2,Yes,No,2026-08-27,2026-08-27
INSERT,2026-08-27T00:00:00,2026-08-27,PT0565192,LST0565192,AG00837,LOC0177,Townhouse,3,4.5,916,2414,1935,330700.0,2026-08-27,Active,,,0,591.81,1,No,No,2026-08-27,2026-08-27
INSERT,2026-08-27T00:00:00,2026-08-27,PT0565193,LST0565193,AG01427,LOC0088,Single Family,1,3.0,573,11330,2017,136100.0,2026-08-27,Active,,,0,0.0,2,No,Yes,2026-08-27,2026-08-27
INSERT,2026-08-27T00:00:00,2026-08-27,PT0565194,LST0565194,AG02213,LOC0178,Condo,1,3.5,1560,9317,1925,224400.0,2026-08-27,Active,,,0,427.93,1,No,No,2026-08-27,2026-08-27
INSERT,2026-08-27T00:00:00,2026-08-27,PT0565195,LST0565195,AG00718,LOC0004,Single Family,6,4.0,2414,2263,2011,365600.0,2026-08-27,Active,,,0,0.0,3,No,Yes,2026-08-27,2026-08-27
INSERT,2026-08-27T00:00:00,2026-08-27,PT0565196,LST0565196,AG00997,LOC0013,Condo,6,1.0,2742,9629,1991,351700.0,2026-08-27,Active,,,0,243.87,0,Yes,No,2026-08-27,2026-08-27
INSERT,2026-08-27T00:00:00,2026-08-27,PT0565197,LST0565197,AG01319,LOC0170,Single Family,2,2.5,706,5298,2022,421500.0,2026-08-27,Active,,,0,0.0,2,No,Yes,2026-08-27,2026-08-27
INSERT,2026-08-27T00:00:00,2026-08-27,PT0565198,LST0565198,AG01307,LOC0027,Single Family,6,1.5,1075,6767,2007,257000.0,2026-08-27,Active,,,0,0.0,2,No,No,2026-08-27,2026-08-27
INSERT,2026-08-27T00:00:00,2026-08-27,PT0565199,LST0565199,AG02831,LOC0131,Condo,4,2.0,1789,3616,2002,107300.0,2026-08-27,Active,,,0,83.04,1,No,No,2026-08-27,2026-08-27
INSERT,2026-08-27T00:00:00,2026-08-27,PT0565200,LST0565200,AG01415,LOC0046,Condo,1,1.5,1286,3834,1995,312900.0,2026-08-27,Active,,,0,786.63,1,No,No,2026-08-27,2026-08-27
INSERT,2026-08-27T00:00:00,2026-08-27,PT0565201,LST0565201,AG01570,LOC0024,Townhouse,6,1.5,1960,2054,1952,832700.0,2026-08-27,Active,,,0,141.72,0,No,No,2026-08-27,2026-08-27
INSERT,2026-08-27T00:00:00,2026-08-27,PT0565202,LST0565202,AG02219,LOC0195,Condo,6,3.5,2108,4966,1985,743400.0,2026-08-27,Active,,,0,336.53,0,No,No,2026-08-27,2026-08-27
INSERT,2026-08-27T00:00:00,2026-08-27,PT0565203,LST0565203,AG02501,LOC0186,Single Family,4,2.5,2351,3784,1991,455300.0,2026-08-27,Active,,,0,0.0,2,Yes,No,2026-08-27,2026-08-27
INSERT,2026-08-27T00:00:00,2026-08-27,PT0565204,LST0565204,AG01288,LOC0166,Condo,4,2.5,1209,3619,1990,392400.0,2026-08-27,Active,,,0,793.36,3,No,No,2026-08-27,2026-08-27
INSERT,2026-08-27T00:00:00,2026-08-27,PT0565205,LST0565205,AG02441,LOC0135,Apartment,2,4.0,640,0,1933,270800.0,2026-08-27,Active,,,0,740.28,0,No,No,2026-08-27,2026-08-27
INSERT,2026-08-27T00:00:00,2026-08-27,PT0565206,LST0565206,AG00079,LOC0029,Townhouse,6,4.0,2762,12459,1936,1171800.0,2026-08-27,Active,,,0,712.75,3,No,No,2026-08-27,2026-08-27
INSERT,2026-08-27T00:00:00,2026-08-27,PT0565207,LST0565207,AG01308,LOC0192,Multi-Family,6,1.5,5353,2583,1982,2465400.0,2026-08-27,Active,,,0,0.0,1,No,Yes,2026-08-27,2026-08-27
INSERT,2026-08-27T00:00:00,2026-08-27,PT0565208,LST0565208,AG02304,LOC0219,Condo,3,2.5,1715,4780,1925,1146700.0,2026-08-27,Active,,,0,783.94,2,No,No,2026-08-27,2026-08-27
INSERT,2026-08-27T00:00:00,2026-08-27,PT0565209,LST0565209,AG01488,LOC0047,Condo,4,1.0,1120,1054,2017,571100.0,2026-08-27,Active,,,0,512.79,2,No,No,2026-08-27,2026-08-27
INSERT,2026-08-27T00:00:00,2026-08-27,PT0565210,LST0565210,AG02767,LOC0090,Single Family,1,4.5,2840,2514,2014,1051600.0,2026-08-27,Active,,,0,0.0,1,No,Yes,2026-08-27,2026-08-27
INSERT,2026-08-27T00:00:00,2026-08-27,PT0565211,LST0565211,AG00249,LOC0206,Single Family,5,1.0,1702,10620,1954,691100.0,2026-08-27,Active,,,0,0.0,1,No,No,2026-08-27,2026-08-27
INSERT,2026-08-27T00:00:00,2026-08-27,PT0565212,LST0565212,AG02473,LOC0133,Apartment,5,4.5,1006,0,1924,126000.0,2026-08-27,Active,,,0,603.39,1,No,No,2026-08-27,2026-08-27
INSERT,2026-08-27T00:00:00,2026-08-27,PT0565213,LST0565213,AG00783,LOC0186,Multi-Family,3,4.5,2285,5217,1997,470700.0,2026-08-27,Active,,,0,0.0,2,No,Yes,2026-08-27,2026-08-27
INSERT,2026-08-27T00:00:00,2026-08-27,PT0565214,LST0565214,AG02937,LOC0028,Multi-Family,6,2.5,3834,6587,2001,453800.0,2026-08-27,Active,,,0,0.0,2,No,Yes,2026-08-27,2026-08-27
INSERT,2026-08-27T00:00:00,2026-08-27,PT0565215,LST0565215,AG00947,LOC0053,Single Family,2,3.5,2299,7961,1924,326600.0,2026-08-27,Active,,,0,0.0,0,No,No,2026-08-27,2026-08-27
INSERT,2026-08-27T00:00:00,2026-08-27,PT0565216,LST0565216,AG02601,LOC0183,Condo,6,3.0,1847,6564,1952,556500.0,2026-08-27,Active,,,0,229.88,2,Yes,No,2026-08-27,2026-08-27
INSERT,2026-08-27T00:00:00,2026-08-27,PT0565217,LST0565217,AG01845,LOC0192,Single Family,6,1.5,1903,2142,2018,662900.0,2026-08-27,Active,,,0,0.0,2,No,Yes,2026-08-27,2026-08-27
INSERT,2026-08-27T00:00:00,2026-08-27,PT0565218,LST0565218,AG02471,LOC0083,Single Family,5,2.0,2182,5681,1983,572500.0,2026-08-27,Active,,,0,0.0,2,No,Yes,2026-08-27,2026-08-27
INSERT,2026-08-27T00:00:00,2026-08-27,PT0565219,LST0565219,AG01739,LOC0069,Condo,1,3.5,2445,3349,1957,645000.0,2026-08-27,Active,,,0,320.08,3,Yes,No,2026-08-27,2026-08-27
INSERT,2026-08-27T00:00:00,2026-08-27,PT0565220,LST0565220,AG00898,LOC0152,Single Family,3,4.0,3378,2530,1907,979900.0,2026-08-27,Active,,,0,0.0,1,No,Yes,2026-08-27,2026-08-27
INSERT,2026-08-27T00:00:00,2026-08-27,PT0565221,LST0565221,AG02186,LOC0099,Townhouse,6,4.0,1163,3895,1986,439000.0,2026-08-27,Active,,,0,347.58,2,No,No,2026-08-27,2026-08-27
INSERT,2026-08-27T00:00:00,2026-08-27,PT0565222,LST0565222,AG01194,LOC0228,Single Family,1,3.5,1891,1987,1919,1527800.0,2026-08-27,Active,,,0,0.0,1,No,No,2026-08-27,2026-08-27
INSERT,2026-08-27T00:00:00,2026-08-27,PT0565223,LST0565223,AG01257,LOC0086,Single Family,6,4.5,1988,3036,1918,250300.0,2026-08-27,Active,,,0,0.0,0,No,Yes,2026-08-27,2026-08-27
INSERT,2026-08-27T00:00:00,2026-08-27,PT0565224,LST0565224,AG00570,LOC0137,Multi-Family,2,3.0,3787,2213,1983,811700.0,2026-08-27,Active,,,0,0.0,3,Yes,No,2026-08-27,2026-08-27
INSERT,2026-08-27T00:00:00,2026-08-27,PT0565225,LST0565225,AG01398,LOC0150,Single Family,6,4.0,1243,1970,1902,253600.0,2026-08-27,Active,,,0,0.0,3,No,No,2026-08-27,2026-08-27
INSERT,2026-08-27T00:00:00,2026-08-27,PT0565226,LST0565226,AG02105,LOC0065,Single Family,2,4.5,3188,1163,1978,530200.0,2026-08-27,Active,,,0,0.0,0,No,No,2026-08-27,2026-08-27
INSERT,2026-08-27T00:00:00,2026-08-27,PT0565227,LST0565227,AG02996,LOC0068,Multi-Family,1,4.0,2103,1620,1925,585200.0,2026-08-27,Active,,,0,0.0,2,No,Yes,2026-08-27,2026-08-27
INSERT,2026-08-27T00:00:00,2026-08-27,PT0565228,LST0565228,AG02383,LOC0142,Condo,4,2.5,1498,12753,1971,343700.0,2026-08-27,Active,,,0,369.33,2,No,No,2026-08-27,2026-08-27
INSERT,2026-08-27T00:00:00,2026-08-27,PT0565229,LST0565229,AG00618,LOC0158,Townhouse,3,2.0,1709,2630,1957,704700.0,2026-08-27,Active,,,0,735.41,3,No,No,2026-08-27,2026-08-27
INSERT,2026-08-27T00:00:00,2026-08-27,PT0565230,LST0565230,AG01549,LOC0100,Apartment,3,1.0,1205,0,1992,117300.0,2026-08-27,Active,,,0,60.75,2,Yes,No,2026-08-27,2026-08-27
INSERT,2026-08-27T00:00:00,2026-08-27,PT0565231,LST0565231,AG02086,LOC0181,Townhouse,6,1.0,2189,1959,1931,474000.0,2026-08-27,Active,,,0,300.56,0,Yes,No,2026-08-27,2026-08-27
INSERT,2026-08-27T00:00:00,2026-08-27,PT0565232,LST0565232,AG02085,LOC0118,Condo,4,1.0,1026,3002,2005,178900.0,2026-08-27,Active,,,0,144.68,1,Yes,No,2026-08-27,2026-08-27
INSERT,2026-08-27T00:00:00,2026-08-27,PT0565233,LST0565233,AG02816,LOC0140,Townhouse,5,2.5,2041,3314,1979,719800.0,2026-08-27,Active,,,0,226.32,2,No,No,2026-08-27,2026-08-27
INSERT,2026-08-27T00:00:00,2026-08-27,PT0565234,LST0565234,AG00610,LOC0026,Condo,6,2.5,1967,4608,1950,569400.0,2026-08-27,Active,,,0,348.53,0,No,No,2026-08-27,2026-08-27
INSERT,2026-08-27T00:00:00,2026-08-27,PT0565235,LST0565235,AG01862,LOC0104,Townhouse,5,1.0,2353,12418,2017,337900.0,2026-08-27,Active,,,0,343.08,0,Yes,No,2026-08-27,2026-08-27
INSERT,2026-08-27T00:00:00,2026-08-27,PT0565236,LST0565236,AG02995,LOC0090,Townhouse,4,4.0,1592,6364,1901,236100.0,2026-08-27,Active,,,0,218.73,2,No,No,2026-08-27,2026-08-27
INSERT,2026-08-27T00:00:00,2026-08-27,PT0565237,LST0565237,AG00828,LOC0165,Single Family,1,1.0,537,2057,1965,212300.0,2026-08-27,Active,,,0,0.0,2,No,No,2026-08-27,2026-08-27
INSERT,2026-08-27T00:00:00,2026-08-27,PT0565238,LST0565238,AG02581,LOC0151,Condo,3,2.5,2179,3273,1996,332000.0,2026-08-27,Active,,,0,668.08,0,No,No,2026-08-27,2026-08-27
INSERT,2026-08-27T00:00:00,2026-08-27,PT0565239,LST0565239,AG00571,LOC0036,Multi-Family,4,1.0,5019,7162,1940,1788000.0,2026-08-27,Active,,,0,0.0,1,No,No,2026-08-27,2026-08-27
INSERT,2026-08-27T00:00:00,2026-08-27,PT0565240,LST0565240,AG01577,LOC0042,Single Family,1,3.0,970,3819,1906,450700.0,2026-08-27,Active,,,0,0.0,0,Yes,Yes,2026-08-27,2026-08-27
INSERT,2026-08-27T00:00:00,2026-08-27,PT0565241,LST0565241,AG02255,LOC0192,Single Family,4,2.5,371,5502,1952,139700.0,2026-08-27,Active,,,0,0.0,2,No,No,2026-08-27,2026-08-27
INSERT,2026-08-27T00:00:00,2026-08-27,PT0565242,LST0565242,AG01500,LOC0058,Land,0,0.0,7104,2783,2008,1968500.0,2026-08-27,Active,,,0,0.0,0,No,No,2026-08-27,2026-08-27
INSERT,2026-08-27T00:00:00,2026-08-27,PT0565243,LST0565243,AG02327,LOC0185,Single Family,1,1.5,2724,6036,1962,1470100.0,2026-08-27,Active,,,0,0.0,0,No,No,2026-08-27,2026-08-27
INSERT,2026-08-27T00:00:00,2026-08-27,PT0565244,LST0565244,AG01796,LOC0125,Land,0,0.0,8130,10357,1994,1487500.0,2026-08-27,Active,,,0,0.0,0,No,No,2026-08-27,2026-08-27
INSERT,2026-08-27T00:00:00,2026-08-27,PT0565245,LST0565245,AG00048,LOC0127,Single Family,4,1.5,1909,1493,1927,1070900.0,2026-08-27,Active,,,0,0.0,3,No,Yes,2026-08-27,2026-08-27
INSERT,2026-08-27T00:00:00,2026-08-27,PT0565246,LST0565246,AG01154,LOC0063,Single Family,6,3.5,2529,14959,1978,380200.0,2026-08-27,Active,,,0,0.0,0,No,Yes,2026-08-27,2026-08-27
INSERT,2026-08-27T00:00:00,2026-08-27,PT0565247,LST0565247,AG00005,LOC0185,Land,0,0.0,3312,3596,1995,934300.0,2026-08-27,Active,,,0,0.0,0,No,No,2026-08-27,2026-08-27
INSERT,2026-08-27T00:00:00,2026-08-27,PT0565248,LST0565248,AG01067,LOC0054,Single Family,4,4.5,1507,10187,2015,371700.0,2026-08-27,Active,,,0,0.0,1,No,No,2026-08-27,2026-08-27
INSERT,2026-08-27T00:00:00,2026-08-27,PT0565249,LST0565249,AG01234,LOC0210,Single Family,3,3.5,1783,14870,1990,1036100.0,2026-08-27,Active,,,0,0.0,0,No,No,2026-08-27,2026-08-27
INSERT,2026-08-27T00:00:00,2026-08-27,PT0565250,LST0565250,AG02423,LOC0126,Single Family,3,3.0,1283,2490,1981,322500.0,2026-08-27,Active,,,0,0.0,2,No,No,2026-08-27,2026-08-27
INSERT,2026-08-27T00:00:00,2026-08-27,PT0565251,LST0565251,AG00955,LOC0148,Single Family,2,4.0,2806,5557,1995,560800.0,2026-08-27,Active,,,0,0.0,3,No,No,2026-08-27,2026-08-27
INSERT,2026-08-27T00:00:00,2026-08-27,PT0565252,LST0565252,AG00172,LOC0220,Townhouse,2,1.0,1786,2402,1937,530800.0,2026-08-27,Active,,,0,596.25,0,No,No,2026-08-27,2026-08-27
INSERT,2026-08-27T00:00:00,2026-08-27,PT0565253,LST0565253,AG02822,LOC0128,Single Family,4,3.0,1284,4115,1957,428700.0,2026-08-27,Active,,,0,0.0,3,No,No,2026-08-27,2026-08-27
INSERT,2026-08-27T00:00:00,2026-08-27,PT0565254,LST0565254,AG02976,LOC0244,Single Family,2,3.5,2142,7648,1929,453400.0,2026-08-27,Active,,,0,0.0,0,No,Yes,2026-08-27,2026-08-27
INSERT,2026-08-27T00:00:00,2026-08-27,PT0565255,LST0565255,AG00677,LOC0124,Single Family,4,2.0,1753,3479,2021,786000.0,2026-08-27,Active,,,0,0.0,0,No,No,2026-08-27,2026-08-27
INSERT,2026-08-27T00:00:00,2026-08-27,PT0565256,LST0565256,AG02598,LOC0175,Townhouse,3,3.0,2039,7755,1979,525100.0,2026-08-27,Active,,,0,263.76,1,No,No,2026-08-27,2026-08-27
INSERT,2026-08-27T00:00:00,2026-08-27,PT0565257,LST0565257,AG00428,LOC0153,Single Family,6,3.0,1556,1501,1982,428100.0,2026-08-27,Active,,,0,0.0,3,No,No,2026-08-27,2026-08-27
INSERT,2026-08-27T00:00:00,2026-08-27,PT0565258,LST0565258,AG00557,LOC0053,Single Family,5,1.5,660,10586,1919,166100.0,2026-08-27,Active,,,0,0.0,1,No,Yes,2026-08-27,2026-08-27
INSERT,2026-08-27T00:00:00,2026-08-27,PT0565259,LST0565259,AG01195,LOC0034,Land,0,0.0,5586,1341,1958,1734100.0,2026-08-27,Active,,,0,0.0,0,No,No,2026-08-27,2026-08-27
INSERT,2026-08-27T00:00:00,2026-08-27,PT0565260,LST0565260,AG01417,LOC0250,Condo,4,2.0,1465,4523,1959,403000.0,2026-08-27,Active,,,0,770.34,1,No,No,2026-08-27,2026-08-27
INSERT,2026-08-27T00:00:00,2026-08-27,PT0565261,LST0565261,AG00506,LOC0052,Multi-Family,3,1.0,1431,3111,2006,255200.0,2026-08-27,Active,,,0,0.0,2,No,Yes,2026-08-27,2026-08-27
INSERT,2026-08-27T00:00:00,2026-08-27,PT0565262,LST0565262,AG02197,LOC0154,Condo,1,2.5,1191,6056,1951,223100.0,2026-08-27,Active,,,0,85.99,0,No,No,2026-08-27,2026-08-27
INSERT,2026-08-27T00:00:00,2026-08-27,PT0565263,LST0565263,AG00112,LOC0172,Townhouse,4,4.0,3735,18510,1993,902900.0,2026-08-27,Active,,,0,194.48,3,Yes,No,2026-08-27,2026-08-27
INSERT,2026-08-27T00:00:00,2026-08-27,PT0565264,LST0565264,AG01975,LOC0022,Condo,4,3.0,1956,2750,2020,904700.0,2026-08-27,Active,,,0,711.85,0,No,No,2026-08-27,2026-08-27
INSERT,2026-08-27T00:00:00,2026-08-27,PT0565265,LST0565265,AG00172,LOC0084,Single Family,2,2.0,1286,2219,1909,399300.0,2026-08-27,Active,,,0,0.0,0,No,No,2026-08-27,2026-08-27
INSERT,2026-08-27T00:00:00,2026-08-27,PT0565266,LST0565266,AG00679,LOC0104,Apartment,5,2.0,1056,0,1996,395100.0,2026-08-27,Active,,,0,611.09,2,No,No,2026-08-27,2026-08-27
INSERT,2026-08-27T00:00:00,2026-08-27,PT0565267,LST0565267,AG01030,LOC0115,Single Family,6,2.5,2992,1270,1923,390900.0,2026-08-27,Active,,,0,0.0,3,No,No,2026-08-27,2026-08-27
INSERT,2026-08-27T00:00:00,2026-08-27,PT0565268,LST0565268,AG01174,LOC0215,Single Family,4,4.5,2894,15748,2014,865400.0,2026-08-27,Active,,,0,0.0,3,No,Yes,2026-08-27,2026-08-27
INSERT,2026-08-27T00:00:00,2026-08-27,PT0565269,LST0565269,AG01536,LOC0081,Condo,4,3.5,404,1028,2014,113700.0,2026-08-27,Active,,,0,266.34,3,Yes,No,2026-08-27,2026-08-27
INSERT,2026-08-27T00:00:00,2026-08-27,PT0565270,LST0565270,AG02919,LOC0187,Single Family,2,1.0,2691,5455,2025,899800.0,2026-08-27,Active,,,0,0.0,2,No,Yes,2026-08-27,2026-08-27
INSERT,2026-08-27T00:00:00,2026-08-27,PT0565271,LST0565271,AG00797,LOC0168,Multi-Family,4,2.5,4839,1423,1947,1951200.0,2026-08-27,Active,,,0,0.0,3,Yes,Yes,2026-08-27,2026-08-27
INSERT,2026-08-27T00:00:00,2026-08-27,PT0565272,LST0565272,AG02089,LOC0088,Single Family,5,2.0,1993,6988,2015,332800.0,2026-08-27,Active,,,0,0.0,1,No,Yes,2026-08-27,2026-08-27
INSERT,2026-08-27T00:00:00,2026-08-27,PT0565273,LST0565273,AG00403,LOC0146,Single Family,3,2.5,2199,4721,1959,280300.0,2026-08-27,Active,,,0,0.0,3,No,No,2026-08-27,2026-08-27
INSERT,2026-08-27T00:00:00,2026-08-27,PT0565274,LST0565274,AG01832,LOC0130,Single Family,3,4.5,1101,1163,1959,260500.0,2026-08-27,Active,,,0,0.0,2,Yes,No,2026-08-27,2026-08-27
INSERT,2026-08-27T00:00:00,2026-08-27,PT0565275,LST0565275,AG01760,LOC0180,Condo,6,3.0,1394,1786,1982,266000.0,2026-08-27,Active,,,0,460.64,2,No,No,2026-08-27,2026-08-27
INSERT,2026-08-27T00:00:00,2026-08-27,PT0565276,LST0565276,AG00491,LOC0116,Multi-Family,6,4.5,4118,2851,1997,2160100.0,2026-08-27,Active,,,0,0.0,0,No,Yes,2026-08-27,2026-08-27
INSERT,2026-08-27T00:00:00,2026-08-27,PT0565277,LST0565277,AG02343,LOC0015,Single Family,1,2.0,2137,13731,1920,388700.0,2026-08-27,Active,,,0,0.0,2,No,No,2026-08-27,2026-08-27
INSERT,2026-08-27T00:00:00,2026-08-27,PT0565278,LST0565278,AG00858,LOC0211,Multi-Family,5,3.0,3705,7756,2020,1587800.0,2026-08-27,Active,,,0,0.0,1,No,Yes,2026-08-27,2026-08-27
INSERT,2026-08-27T00:00:00,2026-08-27,PT0565279,LST0565279,AG01009,LOC0202,Single Family,2,4.0,1123,3556,1931,475000.0,2026-08-27,Active,,,0,0.0,3,Yes,No,2026-08-27,2026-08-27
INSERT,2026-08-27T00:00:00,2026-08-27,PT0565280,LST0565280,AG01692,LOC0096,Single Family,1,2.5,1356,4854,1931,244400.0,2026-08-27,Active,,,0,0.0,1,No,No,2026-08-27,2026-08-27
INSERT,2026-08-27T00:00:00,2026-08-27,PT0565281,LST0565281,AG01520,LOC0181,Townhouse,2,2.0,1166,5737,1923,215600.0,2026-08-27,Active,,,0,621.17,1,Yes,No,2026-08-27,2026-08-27
INSERT,2026-08-27T00:00:00,2026-08-27,PT0565282,LST0565282,AG00824,LOC0038,Condo,5,4.5,1343,4725,1922,201800.0,2026-08-27,Active,,,0,421.97,2,No,No,2026-08-27,2026-08-27
INSERT,2026-08-27T00:00:00,2026-08-27,PT0565283,LST0565283,AG02959,LOC0232,Condo,4,1.5,657,2388,1986,155300.0,2026-08-27,Active,,,0,603.5,0,Yes,No,2026-08-27,2026-08-27
INSERT,2026-08-27T00:00:00,2026-08-27,PT0565284,LST0565284,AG00850,LOC0123,Single Family,1,4.5,1481,1758,1951,97200.0,2026-08-27,Active,,,0,0.0,1,No,Yes,2026-08-27,2026-08-27
INSERT,2026-08-27T00:00:00,2026-08-27,PT0565285,LST0565285,AG02862,LOC0103,Townhouse,2,1.5,2156,8762,2013,350000.0,2026-08-27,Active,,,0,614.27,3,Yes,No,2026-08-27,2026-08-27
INSERT,2026-08-27T00:00:00,2026-08-27,PT0565286,LST0565286,AG01180,LOC0174,Single Family,5,4.5,1953,18339,1981,926000.0,2026-08-27,Active,,,0,0.0,0,No,Yes,2026-08-27,2026-08-27
INSERT,2026-08-27T00:00:00,2026-08-27,PT0565287,LST0565287,AG01161,LOC0131,Condo,4,2.5,2142,1158,2002,657500.0,2026-08-27,Active,,,0,553.84,1,No,No,2026-08-27,2026-08-27
INSERT,2026-08-27T00:00:00,2026-08-27,PT0565288,LST0565288,AG01563,LOC0135,Single Family,5,4.5,1576,5411,1955,904500.0,2026-08-27,Active,,,0,0.0,0,No,Yes,2026-08-27,2026-08-27
INSERT,2026-08-27T00:00:00,2026-08-27,PT0565289,LST0565289,AG00077,LOC0117,Townhouse,4,4.5,1798,9465,1970,1177000.0,2026-08-27,Active,,,0,793.65,1,No,No,2026-08-27,2026-08-27
INSERT,2026-08-27T00:00:00,2026-08-27,PT0565290,LST0565290,AG01931,LOC0093,Single Family,5,3.5,2110,1337,1933,414700.0,2026-08-27,Active,,,0,0.0,0,No,No,2026-08-27,2026-08-27
INSERT,2026-08-27T00:00:00,2026-08-27,PT0565291,LST0565291,AG01001,LOC0044,Condo,5,3.0,1989,1015,2004,919800.0,2026-08-27,Active,,,0,248.73,0,No,No,2026-08-27,2026-08-27
INSERT,2026-08-27T00:00:00,2026-08-27,PT0565292,LST0565292,AG01020,LOC0017,Land,0,0.0,4449,1687,1984,2705100.0,2026-08-27,Active,,,0,0.0,0,No,No,2026-08-27,2026-08-27
INSERT,2026-08-27T00:00:00,2026-08-27,PT0565293,LST0565293,AG00769,LOC0196,Single Family,2,4.5,1996,2101,2022,490900.0,2026-08-27,Active,,,0,0.0,2,No,No,2026-08-27,2026-08-27
INSERT,2026-08-27T00:00:00,2026-08-27,PT0565294,LST0565294,AG02398,LOC0052,Land,0,0.0,4781,10546,1905,671400.0,2026-08-27,Active,,,0,0.0,0,No,No,2026-08-27,2026-08-27
INSERT,2026-08-27T00:00:00,2026-08-27,PT0565295,LST0565295,AG02710,LOC0195,Single Family,6,1.0,2410,3795,2003,739900.0,2026-08-27,Active,,,0,0.0,2,No,No,2026-08-27,2026-08-27
INSERT,2026-08-27T00:00:00,2026-08-27,PT0565296,LST0565296,AG01166,LOC0026,Single Family,4,3.5,2029,4811,1993,666900.0,2026-08-27,Active,,,0,0.0,2,No,Yes,2026-08-27,2026-08-27
INSERT,2026-08-27T00:00:00,2026-08-27,PT0565297,LST0565297,AG01989,LOC0184,Single Family,1,1.5,1166,2381,1929,486000.0,2026-08-27,Active,,,0,0.0,1,No,No,2026-08-27,2026-08-27
INSERT,2026-08-27T00:00:00,2026-08-27,PT0565298,LST0565298,AG01605,LOC0243,Condo,6,4.0,1349,5780,2024,392800.0,2026-08-27,Active,,,0,633.81,1,No,No,2026-08-27,2026-08-27
INSERT,2026-08-27T00:00:00,2026-08-27,PT0565299,LST0565299,AG00524,LOC0212,Single Family,1,4.0,1499,9465,1927,654300.0,2026-08-27,Active,,,0,0.0,1,No,Yes,2026-08-27,2026-08-27
INSERT,2026-08-27T00:00:00,2026-08-27,PT0565300,LST0565300,AG01333,LOC0104,Single Family,2,2.0,1927,2321,1900,664600.0,2026-08-27,Active,,,0,0.0,3,No,No,2026-08-27,2026-08-27
INSERT,2026-08-27T00:00:00,2026-08-27,PT0565301,LST0565301,AG00523,LOC0001,Townhouse,1,4.0,2709,2240,1914,732200.0,2026-08-27,Active,,,0,315.68,2,Yes,No,2026-08-27,2026-08-27
INSERT,2026-08-27T00:00:00,2026-08-27,PT0565302,LST0565302,AG01352,LOC0117,Condo,2,3.5,1110,5773,1904,97700.0,2026-08-27,Active,,,0,450.82,1,No,No,2026-08-27,2026-08-27
INSERT,2026-08-27T00:00:00,2026-08-27,PT0565303,LST0565303,AG02907,LOC0031,Single Family,3,3.0,3771,4522,1912,1253600.0,2026-08-27,Active,,,0,0.0,2,No,No,2026-08-27,2026-08-27
INSERT,2026-08-27T00:00:00,2026-08-27,PT0565304,LST0565304,AG01265,LOC0230,Townhouse,6,3.0,1236,9132,1972,605200.0,2026-08-27,Active,,,0,597.99,0,No,No,2026-08-27,2026-08-27
INSERT,2026-08-27T00:00:00,2026-08-27,PT0565305,LST0565305,AG02442,LOC0026,Condo,1,2.0,2574,12932,1983,806500.0,2026-08-27,Active,,,0,651.45,2,No,No,2026-08-27,2026-08-27
INSERT,2026-08-27T00:00:00,2026-08-27,PT0565306,LST0565306,AG01862,LOC0152,Single Family,4,1.0,1973,6500,1967,199800.0,2026-08-27,Active,,,0,0.0,3,No,Yes,2026-08-27,2026-08-27
INSERT,2026-08-27T00:00:00,2026-08-27,PT0565307,LST0565307,AG01843,LOC0077,Single Family,1,2.0,1142,1774,1937,304100.0,2026-08-27,Active,,,0,0.0,1,No,No,2026-08-27,2026-08-27
INSERT,2026-08-27T00:00:00,2026-08-27,PT0565308,LST0565308,AG00635,LOC0115,Townhouse,6,3.0,1603,7013,1995,212400.0,2026-08-27,Active,,,0,201.9,2,No,No,2026-08-27,2026-08-27
INSERT,2026-08-27T00:00:00,2026-08-27,PT0565309,LST0565309,AG02956,LOC0013,Condo,3,3.0,1422,3666,1906,211700.0,2026-08-27,Active,,,0,266.69,2,Yes,No,2026-08-27,2026-08-27
INSERT,2026-08-27T00:00:00,2026-08-27,PT0565310,LST0565310,AG02161,LOC0235,Single Family,3,4.5,2033,2871,2020,527000.0,2026-08-27,Active,,,0,0.0,2,No,No,2026-08-27,2026-08-27
INSERT,2026-08-27T00:00:00,2026-08-27,PT0565311,LST0565311,AG02407,LOC0125,Single Family,4,2.0,1314,1394,1950,211100.0,2026-08-27,Active,,,0,0.0,0,Yes,Yes,2026-08-27,2026-08-27
INSERT,2026-08-27T00:00:00,2026-08-27,PT0565312,LST0565312,AG00555,LOC0008,Single Family,6,2.5,1901,1105,1978,254500.0,2026-08-27,Active,,,0,0.0,2,No,No,2026-08-27,2026-08-27
INSERT,2026-08-27T00:00:00,2026-08-27,PT0565313,LST0565313,AG02215,LOC0051,Townhouse,2,3.5,2016,1558,2016,139600.0,2026-08-27,Active,,,0,670.08,0,No,No,2026-08-27,2026-08-27
INSERT,2026-08-27T00:00:00,2026-08-27,PT0565314,LST0565314,AG01345,LOC0003,Single Family,3,2.0,2767,11372,1968,299900.0,2026-08-27,Active,,,0,0.0,3,No,No,2026-08-27,2026-08-27
INSERT,2026-08-27T00:00:00,2026-08-27,PT0565315,LST0565315,AG01074,LOC0120,Single Family,2,3.5,1414,3708,1959,683100.0,2026-08-27,Active,,,0,0.0,0,No,No,2026-08-27,2026-08-27
INSERT,2026-08-27T00:00:00,2026-08-27,PT0565316,LST0565316,AG01782,LOC0032,Single Family,6,3.5,1755,5781,2013,360400.0,2026-08-27,Active,,,0,0.0,0,No,No,2026-08-27,2026-08-27
INSERT,2026-08-27T00:00:00,2026-08-27,PT0565317,LST0565317,AG01590,LOC0103,Land,0,0.0,6489,4537,1968,274600.0,2026-08-27,Active,,,0,0.0,0,No,No,2026-08-27,2026-08-27
INSERT,2026-08-27T00:00:00,2026-08-27,PT0565318,LST0565318,AG01001,LOC0120,Single Family,6,3.5,1150,3769,2019,572100.0,2026-08-27,Active,,,0,0.0,0,No,No,2026-08-27,2026-08-27
INSERT,2026-08-27T00:00:00,2026-08-27,PT0565319,LST0565319,AG02214,LOC0142,Condo,4,3.5,1273,4328,1954,304300.0,2026-08-27,Active,,,0,312.74,3,No,No,2026-08-27,2026-08-27
INSERT,2026-08-27T00:00:00,2026-08-27,PT0565320,LST0565320,AG02869,LOC0158,Multi-Family,4,4.5,3054,1371,2011,1535000.0,2026-08-27,Active,,,0,0.0,0,Yes,No,2026-08-27,2026-08-27
INSERT,2026-08-27T00:00:00,2026-08-27,PT0565321,LST0565321,AG02029,LOC0124,Condo,5,3.5,2820,2241,1926,1337900.0,2026-08-27,Active,,,0,461.98,0,No,No,2026-08-27,2026-08-27
INSERT,2026-08-27T00:00:00,2026-08-27,PT0565322,LST0565322,AG02717,LOC0204,Single Family,3,1.0,2790,3810,1962,499600.0,2026-08-27,Active,,,0,0.0,3,No,Yes,2026-08-27,2026-08-27
INSERT,2026-08-27T00:00:00,2026-08-27,PT0565323,LST0565323,AG02112,LOC0088,Single Family,3,1.5,507,5494,1919,45500.0,2026-08-27,Active,,,0,0.0,3,Yes,No,2026-08-27,2026-08-27
INSERT,2026-08-27T00:00:00,2026-08-27,PT0565324,LST0565324,AG00328,LOC0067,Single Family,4,4.0,1862,4075,1963,273200.0,2026-08-27,Active,,,0,0.0,0,No,Yes,2026-08-27,2026-08-27
INSERT,2026-08-27T00:00:00,2026-08-27,PT0565325,LST0565325,AG02459,LOC0103,Condo,3,4.0,2479,1170,1923,495200.0,2026-08-27,Active,,,0,111.46,0,Yes,No,2026-08-27,2026-08-27
INSERT,2026-08-27T00:00:00,2026-08-27,PT0565326,LST0565326,AG02467,LOC0064,Single Family,2,4.0,2274,4728,1940,564200.0,2026-08-27,Active,,,0,0.0,1,No,No,2026-08-27,2026-08-27
INSERT,2026-08-27T00:00:00,2026-08-27,PT0565327,LST0565327,AG00195,LOC0184,Townhouse,1,2.5,1647,9414,1954,463200.0,2026-08-27,Active,,,0,468.72,1,No,No,2026-08-27,2026-08-27
INSERT,2026-08-27T00:00:00,2026-08-27,PT0565328,LST0565328,AG01148,LOC0169,Single Family,2,2.0,1943,2400,2014,358500.0,2026-08-27,Active,,,0,0.0,0,No,No,2026-08-27,2026-08-27
INSERT,2026-08-27T00:00:00,2026-08-27,PT0565329,LST0565329,AG02874,LOC0114,Condo,1,2.5,1225,3146,1956,200400.0,2026-08-27,Active,,,0,159.57,0,No,No,2026-08-27,2026-08-27
INSERT,2026-08-27T00:00:00,2026-08-27,PT0565330,LST0565330,AG02167,LOC0156,Land,0,0.0,5926,9189,2023,3800200.0,2026-08-27,Active,,,0,0.0,0,No,No,2026-08-27,2026-08-27
INSERT,2026-08-27T00:00:00,2026-08-27,PT0565331,LST0565331,AG00515,LOC0057,Land,0,0.0,5164,9561,1995,3438600.0,2026-08-27,Active,,,0,0.0,0,No,No,2026-08-27,2026-08-27
INSERT,2026-08-27T00:00:00,2026-08-27,PT0565332,LST0565332,AG02146,LOC0174,Single Family,6,3.0,1579,5284,1925,464100.0,2026-08-27,Active,,,0,0.0,3,Yes,No,2026-08-27,2026-08-27
INSERT,2026-08-27T00:00:00,2026-08-27,PT0565333,LST0565333,AG01445,LOC0144,Condo,6,3.5,2539,1507,1919,528800.0,2026-08-27,Active,,,0,606.53,1,No,No,2026-08-27,2026-08-27
INSERT,2026-08-27T00:00:00,2026-08-27,PT0565334,LST0565334,AG01485,LOC0084,Single Family,1,3.5,2000,2234,1986,632500.0,2026-08-27,Active,,,0,0.0,3,No,No,2026-08-27,2026-08-27
INSERT,2026-08-27T00:00:00,2026-08-27,PT0565335,LST0565335,AG00429,LOC0242,Townhouse,1,1.0,2107,3732,1953,662300.0,2026-08-27,Active,,,0,777.37,0,Yes,No,2026-08-27,2026-08-27
INSERT,2026-08-27T00:00:00,2026-08-27,PT0565336,LST0565336,AG00050,LOC0234,Single Family,2,4.5,2537,1730,1948,1005900.0,2026-08-27,Active,,,0,0.0,2,No,No,2026-08-27,2026-08-27
INSERT,2026-08-27T00:00:00,2026-08-27,PT0565337,LST0565337,AG02101,LOC0092,Land,0,0.0,5679,5155,1988,1324300.0,2026-08-27,Active,,,0,0.0,0,No,No,2026-08-27,2026-08-27
INSERT,2026-08-27T00:00:00,2026-08-27,PT0565338,LST0565338,AG01615,LOC0123,Condo,5,4.5,2874,1583,1916,920200.0,2026-08-27,Active,,,0,623.7,2,No,No,2026-08-27,2026-08-27
INSERT,2026-08-27T00:00:00,2026-08-27,PT0565339,LST0565339,AG00544,LOC0014,Townhouse,2,4.0,1790,4422,1962,524700.0,2026-08-27,Active,,,0,684.21,3,No,No,2026-08-27,2026-08-27
INSERT,2026-08-27T00:00:00,2026-08-27,PT0565340,LST0565340,AG01885,LOC0103,Apartment,4,4.0,573,0,1909,96400.0,2026-08-27,Active,,,0,441.42,1,No,No,2026-08-27,2026-08-27
INSERT,2026-08-27T00:00:00,2026-08-27,PT0565341,LST0565341,AG00133,LOC0021,Land,0,0.0,5777,1477,1921,837200.0,2026-08-27,Active,,,0,0.0,0,No,No,2026-08-27,2026-08-27
INSERT,2026-08-27T00:00:00,2026-08-27,PT0565342,LST0565342,AG02540,LOC0079,Single Family,2,1.5,2886,27532,1931,636500.0,2026-08-27,Active,,,0,0.0,2,Yes,Yes,2026-08-27,2026-08-27
INSERT,2026-08-27T00:00:00,2026-08-27,PT0565343,LST0565343,AG01875,LOC0168,Land,0,0.0,900,2742,1995,466900.0,2026-08-27,Active,,,0,0.0,0,No,No,2026-08-27,2026-08-27
INSERT,2026-08-27T00:00:00,2026-08-27,PT0565344,LST0565344,AG00056,LOC0108,Single Family,1,3.5,1826,6316,1923,651100.0,2026-08-27,Active,,,0,0.0,2,No,No,2026-08-27,2026-08-27
INSERT,2026-08-27T00:00:00,2026-08-27,PT0565345,LST0565345,AG01731,LOC0250,Single Family,2,3.5,2203,1594,1982,698600.0,2026-08-27,Active,,,0,0.0,3,Yes,Yes,2026-08-27,2026-08-27
INSERT,2026-08-27T00:00:00,2026-08-27,PT0565346,LST0565346,AG00038,LOC0094,Single Family,3,1.0,2221,2621,1943,519900.0,2026-08-27,Active,,,0,0.0,2,No,Yes,2026-08-27,2026-08-27
INSERT,2026-08-27T00:00:00,2026-08-27,PT0565347,LST0565347,AG00516,LOC0135,Condo,4,2.0,2118,4725,2005,807600.0,2026-08-27,Active,,,0,288.15,3,No,No,2026-08-27,2026-08-27
INSERT,2026-08-27T00:00:00,2026-08-27,PT0565348,LST0565348,AG00232,LOC0069,Condo,2,4.5,1604,8986,1931,266200.0,2026-08-27,Active,,,0,96.66,3,No,No,2026-08-27,2026-08-27
INSERT,2026-08-27T00:00:00,2026-08-27,PT0565349,LST0565349,AG02946,LOC0242,Townhouse,3,4.0,972,6580,1901,144300.0,2026-08-27,Active,,,0,593.9,3,No,No,2026-08-27,2026-08-27
INSERT,2026-08-27T00:00:00,2026-08-27,PT0565350,LST0565350,AG01705,LOC0200,Single Family,2,3.0,2118,9974,2013,270800.0,2026-08-27,Active,,,0,0.0,1,No,No,2026-08-27,2026-08-27
INSERT,2026-08-27T00:00:00,2026-08-27,PT0565351,LST0565351,AG01752,LOC0229,Single Family,1,4.0,1335,5929,1935,184000.0,2026-08-27,Active,,,0,0.0,0,No,No,2026-08-27,2026-08-27
INSERT,2026-08-27T00:00:00,2026-08-27,PT0565352,LST0565352,AG02429,LOC0030,Condo,5,1.5,2226,6934,1929,1163300.0,2026-08-27,Active,,,0,510.81,2,Yes,No,2026-08-27,2026-08-27
INSERT,2026-08-27T00:00:00,2026-08-27,PT0565353,LST0565353,AG02810,LOC0107,Condo,3,3.0,2664,1884,1992,634200.0,2026-08-27,Active,,,0,437.72,3,No,No,2026-08-27,2026-08-27
INSERT,2026-08-27T00:00:00,2026-08-27,PT0565354,LST0565354,AG00463,LOC0162,Single Family,3,1.5,1835,11013,1979,252900.0,2026-08-27,Active,,,0,0.0,3,No,No,2026-08-27,2026-08-27
INSERT,2026-08-27T00:00:00,2026-08-27,PT0565355,LST0565355,AG01357,LOC0120,Land,0,0.0,5572,2991,1912,2674100.0,2026-08-27,Active,,,0,0.0,0,No,No,2026-08-27,2026-08-27
INSERT,2026-08-27T00:00:00,2026-08-27,PT0565356,LST0565356,AG00236,LOC0177,Land,0,0.0,4463,9812,1904,1861900.0,2026-08-27,Active,,,0,0.0,0,No,No,2026-08-27,2026-08-27
INSERT,2026-08-27T00:00:00,2026-08-27,PT0565357,LST0565357,AG00289,LOC0132,Single Family,3,4.0,2135,4051,1951,380500.0,2026-08-27,Active,,,0,0.0,3,No,No,2026-08-27,2026-08-27
INSERT,2026-08-27T00:00:00,2026-08-27,PT0565358,LST0565358,AG02196,LOC0213,Multi-Family,1,4.5,3889,10616,1967,374500.0,2026-08-27,Active,,,0,0.0,0,Yes,Yes,2026-08-27,2026-08-27
INSERT,2026-08-27T00:00:00,2026-08-27,PT0565359,LST0565359,AG02906,LOC0064,Apartment,2,2.5,1203,0,1938,130000.0,2026-08-27,Active,,,0,85.76,1,No,No,2026-08-27,2026-08-27
INSERT,2026-08-27T00:00:00,2026-08-27,PT0565360,LST0565360,AG01772,LOC0226,Single Family,3,2.0,1746,8346,1906,234700.0,2026-08-27,Active,,,0,0.0,3,No,Yes,2026-08-27,2026-08-27
INSERT,2026-08-27T00:00:00,2026-08-27,PT0565361,LST0565361,AG01674,LOC0088,Land,0,0.0,5413,7866,1983,1193100.0,2026-08-27,Active,,,0,0.0,0,No,No,2026-08-27,2026-08-27
INSERT,2026-08-27T00:00:00,2026-08-27,PT0565362,LST0565362,AG02121,LOC0033,Single Family,2,3.5,2205,2048,2001,785800.0,2026-08-27,Active,,,0,0.0,3,No,No,2026-08-27,2026-08-27
INSERT,2026-08-27T00:00:00,2026-08-27,PT0565363,LST0565363,AG02174,LOC0077,Single Family,2,2.0,1863,1665,1927,542900.0,2026-08-27,Active,,,0,0.0,0,No,No,2026-08-27,2026-08-27
INSERT,2026-08-27T00:00:00,2026-08-27,PT0565364,LST0565364,AG02941,LOC0058,Single Family,2,3.5,1526,1951,1973,311200.0,2026-08-27,Active,,,0,0.0,1,No,No,2026-08-27,2026-08-27
INSERT,2026-08-27T00:00:00,2026-08-27,PT0565365,LST0565365,AG02367,LOC0169,Single Family,3,3.0,1666,9365,1999,373200.0,2026-08-27,Active,,,0,0.0,0,No,No,2026-08-27,2026-08-27
INSERT,2026-08-27T00:00:00,2026-08-27,PT0565366,LST0565366,AG00992,LOC0184,Land,0,0.0,11177,5078,1904,6566100.0,2026-08-27,Active,,,0,0.0,0,No,No,2026-08-27,2026-08-27
INSERT,2026-08-27T00:00:00,2026-08-27,PT0565367,LST0565367,AG00419,LOC0086,Condo,2,3.0,1534,2992,1913,174100.0,2026-08-27,Active,,,0,682.54,2,No,No,2026-08-27,2026-08-27
INSERT,2026-08-27T00:00:00,2026-08-27,PT0565368,LST0565368,AG02589,LOC0116,Single Family,1,4.0,2027,2900,1922,1108700.0,2026-08-27,Active,,,0,0.0,3,No,Yes,2026-08-27,2026-08-27
INSERT,2026-08-27T00:00:00,2026-08-27,PT0565369,LST0565369,AG02650,LOC0036,Townhouse,4,4.0,2054,8047,1987,592400.0,2026-08-27,Active,,,0,338.09,2,No,No,2026-08-27,2026-08-27
INSERT,2026-08-27T00:00:00,2026-08-27,PT0565370,LST0565370,AG02216,LOC0077,Single Family,3,4.5,557,1242,1958,173400.0,2026-08-27,Active,,,0,0.0,3,No,No,2026-08-27,2026-08-27
INSERT,2026-08-27T00:00:00,2026-08-27,PT0565371,LST0565371,AG02472,LOC0068,Condo,6,1.5,2443,2825,1943,1032300.0,2026-08-27,Active,,,0,608.01,3,No,No,2026-08-27,2026-08-27
INSERT,2026-08-27T00:00:00,2026-08-27,PT0565372,LST0565372,AG01270,LOC0122,Condo,4,1.5,2346,2312,2006,490600.0,2026-08-27,Active,,,0,360.68,1,No,No,2026-08-27,2026-08-27
INSERT,2026-08-27T00:00:00,2026-08-27,PT0565373,LST0565373,AG02626,LOC0002,Condo,2,4.5,1255,3813,1983,152700.0,2026-08-27,Active,,,0,739.61,3,No,No,2026-08-27,2026-08-27
INSERT,2026-08-27T00:00:00,2026-08-27,PT0565374,LST0565374,AG02700,LOC0070,Single Family,6,4.0,2198,4071,1994,726700.0,2026-08-27,Active,,,0,0.0,0,No,No,2026-08-27,2026-08-27
INSERT,2026-08-27T00:00:00,2026-08-27,PT0565375,LST0565375,AG00953,LOC0101,Single Family,2,2.5,2205,1974,2002,1064600.0,2026-08-27,Active,,,0,0.0,2,No,No,2026-08-27,2026-08-27
INSERT,2026-08-27T00:00:00,2026-08-27,PT0565376,LST0565376,AG01003,LOC0065,Condo,2,2.5,3394,2945,1945,663300.0,2026-08-27,Active,,,0,167.39,1,No,No,2026-08-27,2026-08-27
INSERT,2026-08-27T00:00:00,2026-08-27,PT0565377,LST0565377,AG02093,LOC0122,Single Family,2,2.0,2429,1828,2008,955100.0,2026-08-27,Active,,,0,0.0,2,No,Yes,2026-08-27,2026-08-27
INSERT,2026-08-27T00:00:00,2026-08-27,PT0565378,LST0565378,AG00592,LOC0124,Single Family,4,4.5,1588,7078,2019,637100.0,2026-08-27,Active,,,0,0.0,2,No,No,2026-08-27,2026-08-27
INSERT,2026-08-27T00:00:00,2026-08-27,PT0565379,LST0565379,AG00569,LOC0192,Condo,2,2.0,2569,14427,1972,442800.0,2026-08-27,Active,,,0,428.85,1,Yes,No,2026-08-27,2026-08-27
INSERT,2026-08-27T00:00:00,2026-08-27,PT0565380,LST0565380,AG02476,LOC0153,Land,0,0.0,4488,1712,1945,1164100.0,2026-08-27,Active,,,0,0.0,0,No,No,2026-08-27,2026-08-27
INSERT,2026-08-27T00:00:00,2026-08-27,PT0565381,LST0565381,AG02139,LOC0152,Single Family,2,2.0,1527,22129,2004,769700.0,2026-08-27,Active,,,0,0.0,3,Yes,No,2026-08-27,2026-08-27
INSERT,2026-08-27T00:00:00,2026-08-27,PT0565382,LST0565382,AG00327,LOC0205,Single Family,1,3.5,731,4979,1991,219200.0,2026-08-27,Active,,,0,0.0,3,No,Yes,2026-08-27,2026-08-27
INSERT,2026-08-27T00:00:00,2026-08-27,PT0565383,LST0565383,AG02074,LOC0168,Apartment,3,3.0,583,0,1999,310700.0,2026-08-27,Active,,,0,405.83,0,No,No,2026-08-27,2026-08-27
INSERT,2026-08-27T00:00:00,2026-08-27,PT0565384,LST0565384,AG02915,LOC0237,Single Family,4,4.5,2293,1436,1917,491600.0,2026-08-27,Active,,,0,0.0,3,No,No,2026-08-27,2026-08-27
INSERT,2026-08-27T00:00:00,2026-08-27,PT0565385,LST0565385,AG00537,LOC0117,Multi-Family,3,2.0,5080,2236,1941,1530900.0,2026-08-27,Active,,,0,0.0,2,No,No,2026-08-27,2026-08-27
INSERT,2026-08-27T00:00:00,2026-08-27,PT0565386,LST0565386,AG00657,LOC0219,Condo,2,4.0,2666,1909,2001,943900.0,2026-08-27,Active,,,0,516.44,2,No,No,2026-08-27,2026-08-27
INSERT,2026-08-27T00:00:00,2026-08-27,PT0565387,LST0565387,AG02713,LOC0060,Condo,5,1.0,2729,15126,1939,531700.0,2026-08-27,Active,,,0,264.53,3,No,No,2026-08-27,2026-08-27
INSERT,2026-08-27T00:00:00,2026-08-27,PT0565388,LST0565388,AG01489,LOC0107,Single Family,5,3.0,2445,4286,1984,735600.0,2026-08-27,Active,,,0,0.0,0,No,Yes,2026-08-27,2026-08-27
INSERT,2026-08-27T00:00:00,2026-08-27,PT0565389,LST0565389,AG02438,LOC0163,Single Family,5,1.5,1867,4311,2002,888500.0,2026-08-27,Active,,,0,0.0,3,No,No,2026-08-27,2026-08-27
INSERT,2026-08-27T00:00:00,2026-08-27,PT0565390,LST0565390,AG01471,LOC0051,Single Family,4,3.5,1010,6353,1949,66600.0,2026-08-27,Active,,,0,0.0,2,Yes,Yes,2026-08-27,2026-08-27
INSERT,2026-08-27T00:00:00,2026-08-27,PT0565391,LST0565391,AG00449,LOC0073,Single Family,3,3.5,719,5960,1941,239200.0,2026-08-27,Active,,,0,0.0,2,Yes,Yes,2026-08-27,2026-08-27
INSERT,2026-08-27T00:00:00,2026-08-27,PT0565392,LST0565392,AG00262,LOC0067,Multi-Family,2,1.0,3283,1019,1959,742700.0,2026-08-27,Active,,,0,0.0,2,No,Yes,2026-08-27,2026-08-27
INSERT,2026-08-27T00:00:00,2026-08-27,PT0565393,LST0565393,AG00091,LOC0086,Single Family,5,3.5,1225,3897,1927,91300.0,2026-08-27,Active,,,0,0.0,0,No,No,2026-08-27,2026-08-27
INSERT,2026-08-27T00:00:00,2026-08-27,PT0565394,LST0565394,AG02959,LOC0156,Single Family,3,1.5,2102,5985,1965,1455100.0,2026-08-27,Active,,,0,0.0,2,No,Yes,2026-08-27,2026-08-27
INSERT,2026-08-27T00:00:00,2026-08-27,PT0565395,LST0565395,AG02599,LOC0059,Apartment,6,1.0,757,0,1940,172900.0,2026-08-27,Active,,,0,643.84,0,No,No,2026-08-27,2026-08-27
INSERT,2026-08-27T00:00:00,2026-08-27,PT0565396,LST0565396,AG01958,LOC0190,Single Family,4,2.0,1634,15094,1939,454300.0,2026-08-27,Active,,,0,0.0,0,Yes,Yes,2026-08-27,2026-08-27
INSERT,2026-08-27T00:00:00,2026-08-27,PT0565397,LST0565397,AG00909,LOC0032,Single Family,3,1.0,2326,1063,2006,336200.0,2026-08-27,Active,,,0,0.0,2,No,Yes,2026-08-27,2026-08-27
INSERT,2026-08-27T00:00:00,2026-08-27,PT0565398,LST0565398,AG02987,LOC0006,Townhouse,2,1.5,3766,7148,1907,370800.0,2026-08-27,Active,,,0,255.16,2,Yes,No,2026-08-27,2026-08-27
INSERT,2026-08-27T00:00:00,2026-08-27,PT0565399,LST0565399,AG02349,LOC0124,Townhouse,1,1.0,2272,5464,1910,854300.0,2026-08-27,Active,,,0,101.41,0,No,No,2026-08-27,2026-08-27
INSERT,2026-08-27T00:00:00,2026-08-27,PT0565400,LST0565400,AG00138,LOC0024,Single Family,5,4.5,1287,4866,1902,588700.0,2026-08-27,Active,,,0,0.0,0,No,No,2026-08-27,2026-08-27
INSERT,2026-08-27T00:00:00,2026-08-27,PT0565401,LST0565401,AG02994,LOC0096,Single Family,2,1.0,2828,3687,1930,869600.0,2026-08-27,Active,,,0,0.0,0,No,No,2026-08-27,2026-08-27
INSERT,2026-08-27T00:00:00,2026-08-27,PT0565402,LST0565402,AG00573,LOC0244,Single Family,5,1.5,662,7596,2000,69900.0,2026-08-27,Active,,,0,0.0,0,No,Yes,2026-08-27,2026-08-27
INSERT,2026-08-27T00:00:00,2026-08-27,PT0565403,LST0565403,AG02040,LOC0117,Multi-Family,5,2.5,4559,5915,2010,1993400.0,2026-08-27,Active,,,0,0.0,0,Yes,No,2026-08-27,2026-08-27
INSERT,2026-08-27T00:00:00,2026-08-27,PT0565404,LST0565404,AG02146,LOC0240,Condo,4,2.5,3231,1359,1985,611300.0,2026-08-27,Active,,,0,639.88,2,No,No,2026-08-27,2026-08-27
INSERT,2026-08-27T00:00:00,2026-08-27,PT0565405,LST0565405,AG01954,LOC0176,Condo,4,3.5,2248,5680,1945,438700.0,2026-08-27,Active,,,0,53.35,0,No,No,2026-08-27,2026-08-27
INSERT,2026-08-27T00:00:00,2026-08-27,PT0565406,LST0565406,AG02966,LOC0093,Single Family,1,1.5,1861,3968,1926,228700.0,2026-08-27,Active,,,0,0.0,3,No,Yes,2026-08-27,2026-08-27
INSERT,2026-08-27T00:00:00,2026-08-27,PT0565407,LST0565407,AG01454,LOC0191,Multi-Family,3,1.5,1651,2810,1968,706000.0,2026-08-27,Active,,,0,0.0,3,No,No,2026-08-27,2026-08-27
INSERT,2026-08-27T00:00:00,2026-08-27,PT0565408,LST0565408,AG01544,LOC0090,Single Family,3,4.5,1017,1786,1921,223200.0,2026-08-27,Active,,,0,0.0,2,No,Yes,2026-08-27,2026-08-27
INSERT,2026-08-27T00:00:00,2026-08-27,PT0565409,LST0565409,AG00730,LOC0218,Single Family,6,4.0,1263,7752,1954,326600.0,2026-08-27,Active,,,0,0.0,0,Yes,Yes,2026-08-27,2026-08-27
INSERT,2026-08-27T00:00:00,2026-08-27,PT0565410,LST0565410,AG01402,LOC0182,Land,0,0.0,6503,5681,1953,1608200.0,2026-08-27,Active,,,0,0.0,0,No,No,2026-08-27,2026-08-27
INSERT,2026-08-27T00:00:00,2026-08-27,PT0565411,LST0565411,AG00187,LOC0243,Multi-Family,4,2.0,3083,1455,1925,906700.0,2026-08-27,Active,,,0,0.0,3,No,Yes,2026-08-27,2026-08-27
INSERT,2026-08-27T00:00:00,2026-08-27,PT0565412,LST0565412,AG00965,LOC0203,Single Family,1,3.0,1471,14795,1966,148200.0,2026-08-27,Active,,,0,0.0,2,No,Yes,2026-08-27,2026-08-27
INSERT,2026-08-27T00:00:00,2026-08-27,PT0565413,LST0565413,AG01073,LOC0141,Single Family,2,3.0,1274,1431,2000,307600.0,2026-08-27,Active,,,0,0.0,2,No,No,2026-08-27,2026-08-27
INSERT,2026-08-27T00:00:00,2026-08-27,PT0565414,LST0565414,AG01837,LOC0232,Apartment,4,2.5,1465,0,2011,443000.0,2026-08-27,Active,,,0,553.68,3,No,No,2026-08-27,2026-08-27
INSERT,2026-08-27T00:00:00,2026-08-27,PT0565415,LST0565415,AG00584,LOC0050,Single Family,6,2.5,385,5156,1970,52900.0,2026-08-27,Active,,,0,0.0,0,No,Yes,2026-08-27,2026-08-27
INSERT,2026-08-27T00:00:00,2026-08-27,PT0565416,LST0565416,AG00043,LOC0001,Single Family,3,1.5,3362,1359,2001,855200.0,2026-08-27,Active,,,0,0.0,3,No,No,2026-08-27,2026-08-27
INSERT,2026-08-27T00:00:00,2026-08-27,PT0565417,LST0565417,AG02847,LOC0211,Townhouse,5,1.5,1671,1607,1978,701000.0,2026-08-27,Active,,,0,349.75,2,No,No,2026-08-27,2026-08-27
INSERT,2026-08-27T00:00:00,2026-08-27,PT0565418,LST0565418,AG02423,LOC0061,Apartment,5,2.0,1276,0,1901,310300.0,2026-08-27,Active,,,0,187.6,2,No,No,2026-08-27,2026-08-27
INSERT,2026-08-27T00:00:00,2026-08-27,PT0565419,LST0565419,AG02269,LOC0087,Condo,3,3.5,2963,1095,1908,1155200.0,2026-08-27,Active,,,0,586.01,0,No,No,2026-08-27,2026-08-27
INSERT,2026-08-27T00:00:00,2026-08-27,PT0565420,LST0565420,AG01326,LOC0063,Single Family,6,2.0,2133,3783,1952,645400.0,2026-08-27,Active,,,0,0.0,2,No,No,2026-08-27,2026-08-27
INSERT,2026-08-27T00:00:00,2026-08-27,PT0565421,LST0565421,AG00930,LOC0217,Single Family,1,1.5,1743,10487,1970,381800.0,2026-08-27,Active,,,0,0.0,3,No,Yes,2026-08-27,2026-08-27
INSERT,2026-08-27T00:00:00,2026-08-27,PT0565422,LST0565422,AG02420,LOC0232,Townhouse,1,1.0,1655,4544,1951,598500.0,2026-08-27,Active,,,0,681.16,0,No,No,2026-08-27,2026-08-27
INSERT,2026-08-27T00:00:00,2026-08-27,PT0565423,LST0565423,AG02709,LOC0049,Single Family,1,1.0,2411,2258,2016,834800.0,2026-08-27,Active,,,0,0.0,1,No,No,2026-08-27,2026-08-27
INSERT,2026-08-27T00:00:00,2026-08-27,PT0565424,LST0565424,AG01443,LOC0028,Multi-Family,5,2.5,1988,1612,1993,248400.0,2026-08-27,Active,,,0,0.0,2,No,Yes,2026-08-27,2026-08-27
INSERT,2026-08-27T00:00:00,2026-08-27,PT0565425,LST0565425,AG01970,LOC0211,Single Family,5,4.5,1366,1718,1951,833400.0,2026-08-27,Active,,,0,0.0,3,No,Yes,2026-08-27,2026-08-27
INSERT,2026-08-27T00:00:00,2026-08-27,PT0565426,LST0565426,AG02892,LOC0199,Townhouse,2,2.5,1483,6636,1962,624600.0,2026-08-27,Active,,,0,521.01,3,No,No,2026-08-27,2026-08-27
INSERT,2026-08-27T00:00:00,2026-08-27,PT0565427,LST0565427,AG00463,LOC0146,Condo,5,1.5,3099,10707,2004,357400.0,2026-08-27,Active,,,0,605.55,1,No,No,2026-08-27,2026-08-27
INSERT,2026-08-27T00:00:00,2026-08-27,PT0565428,LST0565428,AG01609,LOC0102,Condo,2,3.5,1342,5708,2022,368900.0,2026-08-27,Active,,,0,454.15,2,No,No,2026-08-27,2026-08-27
INSERT,2026-08-27T00:00:00,2026-08-27,PT0565429,LST0565429,AG02766,LOC0194,Single Family,4,1.0,1122,3594,2000,437900.0,2026-08-27,Active,,,0,0.0,0,No,Yes,2026-08-27,2026-08-27
INSERT,2026-08-27T00:00:00,2026-08-27,PT0565430,LST0565430,AG01896,LOC0091,Multi-Family,4,4.5,3977,4013,1971,937400.0,2026-08-27,Active,,,0,0.0,1,No,Yes,2026-08-27,2026-08-27
INSERT,2026-08-27T00:00:00,2026-08-27,PT0565431,LST0565431,AG01956,LOC0226,Single Family,6,4.0,405,7413,1962,144600.0,2026-08-27,Active,,,0,0.0,1,No,Yes,2026-08-27,2026-08-27
INSERT,2026-08-27T00:00:00,2026-08-27,PT0565432,LST0565432,AG02258,LOC0241,Townhouse,3,3.5,939,1551,1902,230200.0,2026-08-27,Active,,,0,94.44,1,No,No,2026-08-27,2026-08-27
INSERT,2026-08-27T00:00:00,2026-08-27,PT0565433,LST0565433,AG02644,LOC0033,Single Family,3,2.5,1233,7849,2004,601600.0,2026-08-27,Active,,,0,0.0,3,No,Yes,2026-08-27,2026-08-27
INSERT,2026-08-27T00:00:00,2026-08-27,PT0565434,LST0565434,AG01151,LOC0006,Single Family,1,1.5,2858,1749,1967,414000.0,2026-08-27,Active,,,0,0.0,2,No,No,2026-08-27,2026-08-27
INSERT,2026-08-27T00:00:00,2026-08-27,PT0565435,LST0565435,AG02300,LOC0180,Townhouse,2,1.0,2746,2339,2009,692500.0,2026-08-27,Active,,,0,754.9,3,No,No,2026-08-27,2026-08-27
INSERT,2026-08-27T00:00:00,2026-08-27,PT0565436,LST0565436,AG01879,LOC0143,Single Family,3,3.0,597,6817,1905,72200.0,2026-08-27,Active,,,0,0.0,0,No,No,2026-08-27,2026-08-27
INSERT,2026-08-27T00:00:00,2026-08-27,PT0565437,LST0565437,AG01376,LOC0088,Townhouse,4,4.5,1444,3570,2024,325600.0,2026-08-27,Active,,,0,496.25,1,Yes,No,2026-08-27,2026-08-27
INSERT,2026-08-27T00:00:00,2026-08-27,PT0565438,LST0565438,AG01101,LOC0080,Single Family,2,3.0,434,1732,1935,192400.0,2026-08-27,Active,,,0,0.0,1,No,No,2026-08-27,2026-08-27
INSERT,2026-08-27T00:00:00,2026-08-27,PT0565439,LST0565439,AG00141,LOC0233,Multi-Family,3,1.0,2841,1720,1949,703000.0,2026-08-27,Active,,,0,0.0,3,Yes,Yes,2026-08-27,2026-08-27
INSERT,2026-08-27T00:00:00,2026-08-27,PT0565440,LST0565440,AG00808,LOC0045,Single Family,3,3.0,1658,13226,1969,629400.0,2026-08-27,Active,,,0,0.0,2,Yes,No,2026-08-27,2026-08-27
INSERT,2026-08-27T00:00:00,2026-08-27,PT0565441,LST0565441,AG00439,LOC0081,Single Family,6,2.5,1225,16240,2017,418200.0,2026-08-27,Active,,,0,0.0,1,Yes,No,2026-08-27,2026-08-27
INSERT,2026-08-27T00:00:00,2026-08-27,PT0565442,LST0565442,AG00917,LOC0241,Single Family,3,1.0,2655,1711,1975,297000.0,2026-08-27,Active,,,0,0.0,1,No,No,2026-08-27,2026-08-27
INSERT,2026-08-27T00:00:00,2026-08-27,PT0565443,LST0565443,AG01964,LOC0224,Multi-Family,6,4.0,1011,5492,2022,398000.0,2026-08-27,Active,,,0,0.0,1,No,Yes,2026-08-27,2026-08-27
INSERT,2026-08-27T00:00:00,2026-08-27,PT0565444,LST0565444,AG02524,LOC0034,Townhouse,3,1.5,1515,1465,2012,754100.0,2026-08-27,Active,,,0,680.37,2,No,No,2026-08-27,2026-08-27
INSERT,2026-08-27T00:00:00,2026-08-27,PT0565445,LST0565445,AG01459,LOC0067,Single Family,2,1.0,2335,5467,1962,217200.0,2026-08-27,Active,,,0,0.0,1,No,No,2026-08-27,2026-08-27
INSERT,2026-08-27T00:00:00,2026-08-27,PT0565446,LST0565446,AG01485,LOC0206,Townhouse,6,3.0,1918,10005,1909,166200.0,2026-08-27,Active,,,0,583.34,0,No,No,2026-08-27,2026-08-27
INSERT,2026-08-27T00:00:00,2026-08-27,PT0565447,LST0565447,AG00730,LOC0189,Condo,4,1.5,1401,10991,1994,421700.0,2026-08-27,Active,,,0,68.45,3,No,No,2026-08-27,2026-08-27
INSERT,2026-08-27T00:00:00,2026-08-27,PT0565448,LST0565448,AG02543,LOC0061,Townhouse,2,2.0,1951,2277,2021,236100.0,2026-08-27,Active,,,0,158.84,0,No,No,2026-08-27,2026-08-27
INSERT,2026-08-27T00:00:00,2026-08-27,PT0565449,LST0565449,AG01670,LOC0147,Multi-Family,6,4.5,2277,15362,2018,426600.0,2026-08-27,Active,,,0,0.0,1,No,Yes,2026-08-27,2026-08-27
INSERT,2026-08-27T00:00:00,2026-08-27,PT0565450,LST0565450,AG00752,LOC0192,Townhouse,2,4.5,2524,7691,1913,829400.0,2026-08-27,Active,,,0,741.49,0,No,No,2026-08-27,2026-08-27
INSERT,2026-08-27T00:00:00,2026-08-27,PT0565451,LST0565451,AG02222,LOC0248,Condo,4,1.0,1725,3456,2024,157000.0,2026-08-27,Active,,,0,783.78,0,No,No,2026-08-27,2026-08-27
INSERT,2026-08-27T00:00:00,2026-08-27,PT0565452,LST0565452,AG01038,LOC0013,Single Family,5,2.5,1877,8944,1925,315500.0,2026-08-27,Active,,,0,0.0,2,No,Yes,2026-08-27,2026-08-27
INSERT,2026-08-27T00:00:00,2026-08-27,PT0565453,LST0565453,AG01649,LOC0231,Condo,4,1.0,2087,2839,1919,399700.0,2026-08-27,Active,,,0,518.12,0,No,No,2026-08-27,2026-08-27
INSERT,2026-08-27T00:00:00,2026-08-27,PT0565454,LST0565454,AG02152,LOC0095,Multi-Family,1,3.5,4797,2870,1968,1901400.0,2026-08-27,Active,,,0,0.0,3,No,No,2026-08-27,2026-08-27
INSERT,2026-08-27T00:00:00,2026-08-27,PT0565455,LST0565455,AG00656,LOC0064,Single Family,6,2.5,300,13170,1947,63400.0,2026-08-27,Active,,,0,0.0,2,No,No,2026-08-27,2026-08-27
INSERT,2026-08-27T00:00:00,2026-08-27,PT0565456,LST0565456,AG01081,LOC0016,Single Family,6,3.0,1614,5816,1994,470700.0,2026-08-27,Active,,,0,0.0,1,No,No,2026-08-27,2026-08-27
INSERT,2026-08-27T00:00:00,2026-08-27,PT0565457,LST0565457,AG01087,LOC0219,Single Family,2,1.0,300,1625,2019,152400.0,2026-08-27,Active,,,0,0.0,0,No,Yes,2026-08-27,2026-08-27
INSERT,2026-08-27T00:00:00,2026-08-27,PT0565458,LST0565458,AG00766,LOC0146,Multi-Family,2,1.5,2084,1975,1979,339300.0,2026-08-27,Active,,,0,0.0,2,No,Yes,2026-08-27,2026-08-27
INSERT,2026-08-27T00:00:00,2026-08-27,PT0565459,LST0565459,AG01988,LOC0143,Single Family,3,2.5,3227,4398,1926,226000.0,2026-08-27,Active,,,0,0.0,3,No,Yes,2026-08-27,2026-08-27
INSERT,2026-08-27T00:00:00,2026-08-27,PT0565460,LST0565460,AG02862,LOC0002,Townhouse,4,2.5,2364,1860,1983,403300.0,2026-08-27,Active,,,0,550.34,3,No,No,2026-08-27,2026-08-27
INSERT,2026-08-27T00:00:00,2026-08-27,PT0565461,LST0565461,AG02324,LOC0097,Townhouse,4,3.0,1896,2494,2003,593800.0,2026-08-27,Active,,,0,752.48,2,No,No,2026-08-27,2026-08-27
INSERT,2026-08-27T00:00:00,2026-08-27,PT0565462,LST0565462,AG01456,LOC0225,Single Family,5,4.5,1877,1291,1983,827800.0,2026-08-27,Active,,,0,0.0,2,No,Yes,2026-08-27,2026-08-27
INSERT,2026-08-27T00:00:00,2026-08-27,PT0565463,LST0565463,AG02981,LOC0246,Townhouse,1,3.5,2235,1577,1930,476600.0,2026-08-27,Active,,,0,386.28,2,No,No,2026-08-27,2026-08-27
INSERT,2026-08-27T00:00:00,2026-08-27,PT0565464,LST0565464,AG01437,LOC0111,Single Family,4,4.5,1633,5034,1947,445000.0,2026-08-27,Active,,,0,0.0,3,No,No,2026-08-27,2026-08-27
INSERT,2026-08-27T00:00:00,2026-08-27,PT0565465,LST0565465,AG00400,LOC0216,Single Family,6,3.0,934,1634,1984,182600.0,2026-08-27,Active,,,0,0.0,0,No,Yes,2026-08-27,2026-08-27
INSERT,2026-08-27T00:00:00,2026-08-27,PT0565466,LST0565466,AG01979,LOC0091,Condo,5,3.5,2433,4423,1980,1229200.0,2026-08-27,Active,,,0,368.08,3,No,No,2026-08-27,2026-08-27
INSERT,2026-08-27T00:00:00,2026-08-27,PT0565467,LST0565467,AG01069,LOC0090,Single Family,4,2.5,1210,2503,1988,549600.0,2026-08-27,Active,,,0,0.0,2,Yes,Yes,2026-08-27,2026-08-27
INSERT,2026-08-27T00:00:00,2026-08-27,PT0565468,LST0565468,AG00597,LOC0023,Single Family,4,4.5,2663,5210,1917,558000.0,2026-08-27,Active,,,0,0.0,3,No,Yes,2026-08-27,2026-08-27
INSERT,2026-08-27T00:00:00,2026-08-27,PT0565469,LST0565469,AG00770,LOC0045,Multi-Family,4,3.5,2290,3864,2014,938700.0,2026-08-27,Active,,,0,0.0,0,Yes,No,2026-08-27,2026-08-27
INSERT,2026-08-27T00:00:00,2026-08-27,PT0565470,LST0565470,AG02807,LOC0028,Single Family,3,1.0,1862,8149,1902,190800.0,2026-08-27,Active,,,0,0.0,1,Yes,No,2026-08-27,2026-08-27
INSERT,2026-08-27T00:00:00,2026-08-27,PT0565471,LST0565471,AG00863,LOC0115,Condo,5,2.0,2860,5031,1939,637700.0,2026-08-27,Active,,,0,475.56,2,No,No,2026-08-27,2026-08-27
INSERT,2026-08-27T00:00:00,2026-08-27,PT0565472,LST0565472,AG00714,LOC0030,Single Family,3,3.0,2774,1631,1948,1067900.0,2026-08-27,Active,,,0,0.0,1,No,Yes,2026-08-27,2026-08-27
INSERT,2026-08-27T00:00:00,2026-08-27,PT0565473,LST0565473,AG00235,LOC0132,Apartment,6,4.5,1469,0,1915,265900.0,2026-08-27,Active,,,0,536.84,1,No,No,2026-08-27,2026-08-27
INSERT,2026-08-27T00:00:00,2026-08-27,PT0565474,LST0565474,AG01793,LOC0182,Single Family,4,2.0,2271,1040,1950,852100.0,2026-08-27,Active,,,0,0.0,0,No,No,2026-08-27,2026-08-27
INSERT,2026-08-27T00:00:00,2026-08-27,PT0565475,LST0565475,AG02612,LOC0079,Condo,5,3.0,1946,4722,1997,633900.0,2026-08-27,Active,,,0,380.48,2,No,No,2026-08-27,2026-08-27
INSERT,2026-08-27T00:00:00,2026-08-27,PT0565476,LST0565476,AG00925,LOC0206,Townhouse,1,2.5,2278,2611,2012,679300.0,2026-08-27,Active,,,0,339.48,1,Yes,No,2026-08-27,2026-08-27
INSERT,2026-08-27T00:00:00,2026-08-27,PT0565477,LST0565477,AG02841,LOC0056,Single Family,2,3.5,2480,2925,2009,219200.0,2026-08-27,Active,,,0,0.0,1,No,No,2026-08-27,2026-08-27
INSERT,2026-08-27T00:00:00,2026-08-27,PT0565478,LST0565478,AG01193,LOC0159,Condo,5,1.5,1240,3580,1951,385500.0,2026-08-27,Active,,,0,628.73,3,No,No,2026-08-27,2026-08-27
INSERT,2026-08-27T00:00:00,2026-08-27,PT0565479,LST0565479,AG00942,LOC0158,Multi-Family,3,3.5,6313,5594,2017,2302000.0,2026-08-27,Active,,,0,0.0,2,No,No,2026-08-27,2026-08-27
INSERT,2026-08-27T00:00:00,2026-08-27,PT0565480,LST0565480,AG01745,LOC0116,Single Family,5,1.0,1243,5280,1934,463700.0,2026-08-27,Active,,,0,0.0,1,No,Yes,2026-08-27,2026-08-27
INSERT,2026-08-27T00:00:00,2026-08-27,PT0565481,LST0565481,AG00928,LOC0095,Apartment,6,4.0,507,0,1961,224600.0,2026-08-27,Active,,,0,381.15,0,No,No,2026-08-27,2026-08-27
INSERT,2026-08-27T00:00:00,2026-08-27,PT0565482,LST0565482,AG00878,LOC0158,Single Family,5,3.5,1614,2329,2003,559700.0,2026-08-27,Active,,,0,0.0,0,No,Yes,2026-08-27,2026-08-27
INSERT,2026-08-27T00:00:00,2026-08-27,PT0565483,LST0565483,AG01904,LOC0058,Single Family,5,4.0,2614,2792,1991,1074200.0,2026-08-27,Active,,,0,0.0,3,No,No,2026-08-27,2026-08-27
INSERT,2026-08-27T00:00:00,2026-08-27,PT0565484,LST0565484,AG02405,LOC0095,Single Family,4,3.0,1025,2047,2016,278200.0,2026-08-27,Active,,,0,0.0,0,Yes,Yes,2026-08-27,2026-08-27
INSERT,2026-08-27T00:00:00,2026-08-27,PT0565485,LST0565485,AG01832,LOC0135,Single Family,3,2.5,1590,6981,1975,556400.0,2026-08-27,Active,,,0,0.0,3,No,Yes,2026-08-27,2026-08-27
INSERT,2026-08-27T00:00:00,2026-08-27,PT0565486,LST0565486,AG00166,LOC0074,Apartment,5,2.0,404,0,1959,177400.0,2026-08-27,Active,,,0,80.74,2,No,No,2026-08-27,2026-08-27
INSERT,2026-08-27T00:00:00,2026-08-27,PT0565487,LST0565487,AG02612,LOC0204,Townhouse,2,1.5,2091,1022,1972,450300.0,2026-08-27,Active,,,0,452.64,1,Yes,No,2026-08-27,2026-08-27
INSERT,2026-08-27T00:00:00,2026-08-27,PT0565488,LST0565488,AG01041,LOC0008,Single Family,5,3.0,1421,9476,1963,225900.0,2026-08-27,Active,,,0,0.0,0,No,No,2026-08-27,2026-08-27
INSERT,2026-08-27T00:00:00,2026-08-27,PT0565489,LST0565489,AG02587,LOC0118,Single Family,3,1.5,653,1776,1916,110100.0,2026-08-27,Active,,,0,0.0,0,Yes,No,2026-08-27,2026-08-27
INSERT,2026-08-27T00:00:00,2026-08-27,PT0565490,LST0565490,AG00369,LOC0056,Townhouse,4,4.5,1527,3141,1912,587900.0,2026-08-27,Active,,,0,672.19,1,No,No,2026-08-27,2026-08-27
INSERT,2026-08-27T00:00:00,2026-08-27,PT0565491,LST0565491,AG02472,LOC0108,Townhouse,5,1.0,1171,1821,1930,137600.0,2026-08-27,Active,,,0,665.82,0,No,No,2026-08-27,2026-08-27
INSERT,2026-08-27T00:00:00,2026-08-27,PT0565492,LST0565492,AG00028,LOC0035,Single Family,1,3.5,1740,3872,1907,288300.0,2026-08-27,Active,,,0,0.0,2,Yes,No,2026-08-27,2026-08-27
INSERT,2026-08-27T00:00:00,2026-08-27,PT0565493,LST0565493,AG01994,LOC0247,Condo,6,3.5,2586,13418,2025,299300.0,2026-08-27,Active,,,0,123.41,2,Yes,No,2026-08-27,2026-08-27
INSERT,2026-08-27T00:00:00,2026-08-27,PT0565494,LST0565494,AG01961,LOC0193,Condo,1,2.5,1172,2370,1937,467600.0,2026-08-27,Active,,,0,610.1,1,Yes,No,2026-08-27,2026-08-27
INSERT,2026-08-27T00:00:00,2026-08-27,PT0565495,LST0565495,AG00598,LOC0197,Land,0,0.0,3909,2684,1980,1550200.0,2026-08-27,Active,,,0,0.0,0,No,No,2026-08-27,2026-08-27
INSERT,2026-08-27T00:00:00,2026-08-27,PT0565496,LST0565496,AG02974,LOC0119,Single Family,2,1.5,2040,6117,1986,209900.0,2026-08-27,Active,,,0,0.0,2,Yes,No,2026-08-27,2026-08-27
INSERT,2026-08-27T00:00:00,2026-08-27,PT0565497,LST0565497,AG01842,LOC0225,Condo,2,4.0,1552,7252,1939,672000.0,2026-08-27,Active,,,0,671.95,0,No,No,2026-08-27,2026-08-27
INSERT,2026-08-27T00:00:00,2026-08-27,PT0565498,LST0565498,AG02139,LOC0021,Condo,4,4.5,3523,1683,1912,606400.0,2026-08-27,Active,,,0,460.51,0,No,No,2026-08-27,2026-08-27
INSERT,2026-08-27T00:00:00,2026-08-27,PT0565499,LST0565499,AG01989,LOC0034,Single Family,5,3.5,1331,7654,2008,493400.0,2026-08-27,Active,,,0,0.0,2,No,No,2026-08-27,2026-08-27
INSERT,2026-08-27T00:00:00,2026-08-27,PT0565500,LST0565500,AG01697,LOC0147,Townhouse,3,3.0,2357,3459,1992,330000.0,2026-08-27,Active,,,0,716.0,1,No,No,2026-08-27,2026-08-27
INSERT,2026-08-27T00:00:00,2026-08-27,PT0565501,LST0565501,AG01557,LOC0226,Single Family,6,2.5,2199,13792,1993,221400.0,2026-08-27,Active,,,0,0.0,2,No,Yes,2026-08-27,2026-08-27
INSERT,2026-08-27T00:00:00,2026-08-27,PT0565502,LST0565502,AG00053,LOC0133,Multi-Family,4,2.5,3440,2268,1967,420900.0,2026-08-27,Active,,,0,0.0,1,No,No,2026-08-27,2026-08-27
INSERT,2026-08-27T00:00:00,2026-08-27,PT0565503,LST0565503,AG02207,LOC0014,Single Family,2,2.0,2003,1270,1952,549000.0,2026-08-27,Active,,,0,0.0,1,No,No,2026-08-27,2026-08-27
INSERT,2026-08-27T00:00:00,2026-08-27,PT0565504,LST0565504,AG01763,LOC0099,Land,0,0.0,5656,18391,1903,1385900.0,2026-08-27,Active,,,0,0.0,0,No,No,2026-08-27,2026-08-27
INSERT,2026-08-27T00:00:00,2026-08-27,PT0565505,LST0565505,AG00100,LOC0243,Single Family,5,2.5,2149,8142,1965,1032100.0,2026-08-27,Active,,,0,0.0,0,No,Yes,2026-08-27,2026-08-27
INSERT,2026-08-27T00:00:00,2026-08-27,PT0565506,LST0565506,AG02849,LOC0215,Single Family,1,3.5,1144,6130,1961,180300.0,2026-08-27,Active,,,0,0.0,0,No,No,2026-08-27,2026-08-27
INSERT,2026-08-27T00:00:00,2026-08-27,PT0565507,LST0565507,AG00777,LOC0156,Townhouse,5,3.5,2794,4718,2023,470500.0,2026-08-27,Active,,,0,94.33,3,No,No,2026-08-27,2026-08-27
INSERT,2026-08-27T00:00:00,2026-08-27,PT0565508,LST0565508,AG02071,LOC0108,Single Family,2,4.0,300,7758,1915,49800.0,2026-08-27,Active,,,0,0.0,0,No,Yes,2026-08-27,2026-08-27
INSERT,2026-08-27T00:00:00,2026-08-27,PT0565509,LST0565509,AG01167,LOC0119,Townhouse,1,1.0,2126,4397,2019,356100.0,2026-08-27,Active,,,0,441.16,0,No,No,2026-08-27,2026-08-27
INSERT,2026-08-27T00:00:00,2026-08-27,PT0565510,LST0565510,AG02642,LOC0014,Single Family,1,2.5,2878,1202,1987,784800.0,2026-08-27,Active,,,0,0.0,3,No,No,2026-08-27,2026-08-27
INSERT,2026-08-27T00:00:00,2026-08-27,PT0565511,LST0565511,AG02427,LOC0245,Condo,1,4.5,943,19782,1966,44500.0,2026-08-27,Active,,,0,540.19,1,Yes,No,2026-08-27,2026-08-27
INSERT,2026-08-27T00:00:00,2026-08-27,PT0565512,LST0565512,AG00616,LOC0226,Condo,4,1.0,2005,2487,1925,1000700.0,2026-08-27,Active,,,0,424.4,0,No,No,2026-08-27,2026-08-27
INSERT,2026-08-27T00:00:00,2026-08-27,PT0565513,LST0565513,AG02265,LOC0209,Townhouse,4,1.0,2529,1929,1945,668500.0,2026-08-27,Active,,,0,681.52,3,No,No,2026-08-27,2026-08-27
INSERT,2026-08-27T00:00:00,2026-08-27,PT0565514,LST0565514,AG00433,LOC0094,Townhouse,4,1.0,1362,10711,1995,297100.0,2026-08-27,Active,,,0,741.35,0,No,No,2026-08-27,2026-08-27
INSERT,2026-08-27T00:00:00,2026-08-27,PT0565515,LST0565515,AG02452,LOC0218,Single Family,2,2.0,1075,4277,1930,252200.0,2026-08-27,Active,,,0,0.0,1,No,Yes,2026-08-27,2026-08-27
INSERT,2026-08-27T00:00:00,2026-08-27,PT0565516,LST0565516,AG02117,LOC0087,Townhouse,4,2.5,2081,12037,2002,600000.0,2026-08-27,Active,,,0,347.01,3,No,No,2026-08-27,2026-08-27
INSERT,2026-08-27T00:00:00,2026-08-27,PT0565517,LST0565517,AG02234,LOC0056,Land,0,0.0,5091,8671,2000,1524600.0,2026-08-27,Active,,,0,0.0,0,No,No,2026-08-27,2026-08-27
INSERT,2026-08-27T00:00:00,2026-08-27,PT0565518,LST0565518,AG00706,LOC0228,Single Family,5,3.0,1915,3087,1968,675700.0,2026-08-27,Active,,,0,0.0,0,No,No,2026-08-27,2026-08-27
INSERT,2026-08-27T00:00:00,2026-08-27,PT0565519,LST0565519,AG02584,LOC0099,Single Family,3,1.0,2831,3489,1946,1071300.0,2026-08-27,Active,,,0,0.0,3,Yes,Yes,2026-08-27,2026-08-27
INSERT,2026-08-27T00:00:00,2026-08-27,PT0565520,LST0565520,AG02218,LOC0238,Single Family,3,3.0,3357,6794,1971,896100.0,2026-08-27,Active,,,0,0.0,0,No,No,2026-08-27,2026-08-27
INSERT,2026-08-27T00:00:00,2026-08-27,PT0565521,LST0565521,AG01386,LOC0097,Land,0,0.0,4454,5039,1998,796300.0,2026-08-27,Active,,,0,0.0,0,No,No,2026-08-27,2026-08-27
INSERT,2026-08-27T00:00:00,2026-08-27,PT0565522,LST0565522,AG02790,LOC0086,Single Family,2,2.0,1205,8333,1974,333600.0,2026-08-27,Active,,,0,0.0,0,No,No,2026-08-27,2026-08-27
INSERT,2026-08-27T00:00:00,2026-08-27,PT0565523,LST0565523,AG00037,LOC0148,Apartment,5,4.5,1040,0,1974,140300.0,2026-08-27,Active,,,0,554.26,1,No,No,2026-08-27,2026-08-27
INSERT,2026-08-27T00:00:00,2026-08-27,PT0565524,LST0565524,AG01366,LOC0098,Single Family,4,2.0,1727,3068,1905,639500.0,2026-08-27,Active,,,0,0.0,1,No,No,2026-08-27,2026-08-27
INSERT,2026-08-27T00:00:00,2026-08-27,PT0565525,LST0565525,AG02760,LOC0083,Townhouse,3,3.0,1289,2676,1988,514700.0,2026-08-27,Active,,,0,136.38,0,Yes,No,2026-08-27,2026-08-27
INSERT,2026-08-27T00:00:00,2026-08-27,PT0565526,LST0565526,AG00828,LOC0078,Condo,6,1.0,1410,4309,1951,574500.0,2026-08-27,Active,,,0,604.55,2,No,No,2026-08-27,2026-08-27
INSERT,2026-08-27T00:00:00,2026-08-27,PT0565527,LST0565527,AG02882,LOC0115,Single Family,4,1.0,1333,8473,1941,476100.0,2026-08-27,Active,,,0,0.0,2,Yes,No,2026-08-27,2026-08-27
INSERT,2026-08-27T00:00:00,2026-08-27,PT0565528,LST0565528,AG02336,LOC0054,Townhouse,6,2.0,1796,1645,2022,263600.0,2026-08-27,Active,,,0,546.73,2,No,No,2026-08-27,2026-08-27
INSERT,2026-08-27T00:00:00,2026-08-27,PT0565529,LST0565529,AG01448,LOC0153,Single Family,3,1.0,2186,4818,1917,625300.0,2026-08-27,Active,,,0,0.0,3,No,Yes,2026-08-27,2026-08-27
INSERT,2026-08-27T00:00:00,2026-08-27,PT0565530,LST0565530,AG00426,LOC0007,Single Family,1,3.5,2585,15920,1915,875100.0,2026-08-27,Active,,,0,0.0,1,No,No,2026-08-27,2026-08-27
INSERT,2026-08-27T00:00:00,2026-08-27,PT0565531,LST0565531,AG02983,LOC0148,Single Family,1,1.0,2986,2183,1912,901500.0,2026-08-27,Active,,,0,0.0,1,Yes,No,2026-08-27,2026-08-27
INSERT,2026-08-27T00:00:00,2026-08-27,PT0565532,LST0565532,AG00586,LOC0183,Single Family,4,1.0,2760,7997,1960,567500.0,2026-08-27,Active,,,0,0.0,1,Yes,Yes,2026-08-27,2026-08-27
INSERT,2026-08-27T00:00:00,2026-08-27,PT0565533,LST0565533,AG02158,LOC0114,Condo,4,4.0,1621,6240,1999,325700.0,2026-08-27,Active,,,0,285.62,2,No,No,2026-08-27,2026-08-27
INSERT,2026-08-27T00:00:00,2026-08-27,PT0565534,LST0565534,AG00611,LOC0179,Townhouse,1,1.5,1689,7184,1912,441100.0,2026-08-27,Active,,,0,85.23,1,No,No,2026-08-27,2026-08-27
INSERT,2026-08-27T00:00:00,2026-08-27,PT0565535,LST0565535,AG00584,LOC0146,Townhouse,2,4.0,1589,1246,1980,151700.0,2026-08-27,Active,,,0,673.1,3,No,No,2026-08-27,2026-08-27
INSERT,2026-08-27T00:00:00,2026-08-27,PT0565536,LST0565536,AG00075,LOC0156,Single Family,5,3.5,1137,4735,1975,447500.0,2026-08-27,Active,,,0,0.0,0,No,No,2026-08-27,2026-08-27
INSERT,2026-08-27T00:00:00,2026-08-27,PT0565537,LST0565537,AG01122,LOC0039,Single Family,2,1.0,1554,8711,1987,795300.0,2026-08-27,Active,,,0,0.0,2,Yes,No,2026-08-27,2026-08-27
INSERT,2026-08-27T00:00:00,2026-08-27,PT0565538,LST0565538,AG00917,LOC0139,Single Family,6,1.5,1925,1778,1953,843300.0,2026-08-27,Active,,,0,0.0,0,No,Yes,2026-08-27,2026-08-27
INSERT,2026-08-27T00:00:00,2026-08-27,PT0565539,LST0565539,AG02136,LOC0104,Single Family,4,1.5,2709,3089,1969,979100.0,2026-08-27,Active,,,0,0.0,2,No,No,2026-08-27,2026-08-27
INSERT,2026-08-27T00:00:00,2026-08-27,PT0565540,LST0565540,AG02188,LOC0135,Single Family,2,2.0,2072,1325,1970,555900.0,2026-08-27,Active,,,0,0.0,2,Yes,No,2026-08-27,2026-08-27
INSERT,2026-08-27T00:00:00,2026-08-27,PT0565541,LST0565541,AG00624,LOC0005,Single Family,2,3.0,1569,2860,1903,235300.0,2026-08-27,Active,,,0,0.0,2,Yes,Yes,2026-08-27,2026-08-27
INSERT,2026-08-27T00:00:00,2026-08-27,PT0565542,LST0565542,AG01537,LOC0038,Apartment,3,4.5,986,0,1953,253600.0,2026-08-27,Active,,,0,108.2,0,No,No,2026-08-27,2026-08-27
INSERT,2026-08-27T00:00:00,2026-08-27,PT0565543,LST0565543,AG00902,LOC0184,Single Family,5,3.0,1457,10404,2024,681400.0,2026-08-27,Active,,,0,0.0,2,No,No,2026-08-27,2026-08-27
INSERT,2026-08-27T00:00:00,2026-08-27,PT0565544,LST0565544,AG01500,LOC0248,Townhouse,6,3.5,2932,2687,1921,652100.0,2026-08-27,Active,,,0,509.92,3,No,No,2026-08-27,2026-08-27
INSERT,2026-08-27T00:00:00,2026-08-27,PT0565545,LST0565545,AG01003,LOC0106,Single Family,3,1.0,1733,7496,1935,456200.0,2026-08-27,Active,,,0,0.0,3,No,Yes,2026-08-27,2026-08-27
INSERT,2026-08-27T00:00:00,2026-08-27,PT0565546,LST0565546,AG01420,LOC0231,Multi-Family,6,1.0,4452,13406,2000,726900.0,2026-08-27,Active,,,0,0.0,2,Yes,No,2026-08-27,2026-08-27
INSERT,2026-08-27T00:00:00,2026-08-27,PT0565547,LST0565547,AG02541,LOC0074,Single Family,2,4.5,1678,22409,1901,357100.0,2026-08-27,Active,,,0,0.0,1,No,No,2026-08-27,2026-08-27
INSERT,2026-08-27T00:00:00,2026-08-27,PT0565548,LST0565548,AG00301,LOC0055,Single Family,2,1.0,2042,3022,2019,452600.0,2026-08-27,Active,,,0,0.0,0,No,No,2026-08-27,2026-08-27
INSERT,2026-08-27T00:00:00,2026-08-27,PT0565549,LST0565549,AG00609,LOC0222,Multi-Family,6,4.5,2554,3945,1947,374300.0,2026-08-27,Active,,,0,0.0,1,No,Yes,2026-08-27,2026-08-27
INSERT,2026-08-27T00:00:00,2026-08-27,PT0565550,LST0565550,AG02044,LOC0107,Single Family,3,4.0,2023,4522,2003,743600.0,2026-08-27,Active,,,0,0.0,2,No,No,2026-08-27,2026-08-27
INSERT,2026-08-27T00:00:00,2026-08-27,PT0565551,LST0565551,AG02985,LOC0235,Apartment,6,4.0,1061,0,2023,672400.0,2026-08-27,Active,,,0,115.66,2,Yes,No,2026-08-27,2026-08-27
INSERT,2026-08-27T00:00:00,2026-08-27,PT0565552,LST0565552,AG01839,LOC0146,Single Family,2,4.0,1221,3729,1916,145200.0,2026-08-27,Active,,,0,0.0,0,No,Yes,2026-08-27,2026-08-27
INSERT,2026-08-27T00:00:00,2026-08-27,PT0565553,LST0565553,AG01808,LOC0134,Condo,5,1.0,1290,1897,1962,504300.0,2026-08-27,Active,,,0,698.86,3,No,No,2026-08-27,2026-08-27
INSERT,2026-08-27T00:00:00,2026-08-27,PT0565554,LST0565554,AG00828,LOC0024,Multi-Family,3,1.0,2955,12176,1950,1053100.0,2026-08-27,Active,,,0,0.0,0,Yes,No,2026-08-27,2026-08-27
INSERT,2026-08-27T00:00:00,2026-08-27,PT0565555,LST0565555,AG00171,LOC0124,Single Family,5,2.5,2612,3260,1908,1858400.0,2026-08-27,Active,,,0,0.0,1,No,No,2026-08-27,2026-08-27
INSERT,2026-08-27T00:00:00,2026-08-27,PT0565556,LST0565556,AG01110,LOC0125,Single Family,3,3.5,1845,1152,1972,450100.0,2026-08-27,Active,,,0,0.0,3,No,Yes,2026-08-27,2026-08-27
INSERT,2026-08-27T00:00:00,2026-08-27,PT0565557,LST0565557,AG02617,LOC0088,Condo,6,4.5,1147,4232,1945,191200.0,2026-08-27,Active,,,0,347.62,3,No,No,2026-08-27,2026-08-27
INSERT,2026-08-27T00:00:00,2026-08-27,PT0565558,LST0565558,AG01610,LOC0090,Single Family,2,1.5,2371,1819,1966,727000.0,2026-08-27,Active,,,0,0.0,2,No,No,2026-08-27,2026-08-27
INSERT,2026-08-27T00:00:00,2026-08-27,PT0565559,LST0565559,AG02747,LOC0232,Apartment,5,4.0,1658,0,1959,329300.0,2026-08-27,Active,,,0,206.79,3,Yes,No,2026-08-27,2026-08-27
INSERT,2026-08-27T00:00:00,2026-08-27,PT0565560,LST0565560,AG01635,LOC0005,Apartment,1,1.5,1268,0,1959,488500.0,2026-08-27,Active,,,0,403.77,2,No,No,2026-08-27,2026-08-27
INSERT,2026-08-27T00:00:00,2026-08-27,PT0565561,LST0565561,AG02978,LOC0054,Single Family,6,4.5,1749,3212,2015,398600.0,2026-08-27,Active,,,0,0.0,1,No,Yes,2026-08-27,2026-08-27
INSERT,2026-08-27T00:00:00,2026-08-27,PT0565562,LST0565562,AG02821,LOC0003,Condo,6,4.0,2583,2684,1955,599600.0,2026-08-27,Active,,,0,625.68,1,No,No,2026-08-27,2026-08-27
INSERT,2026-08-27T00:00:00,2026-08-27,PT0565563,LST0565563,AG02198,LOC0214,Multi-Family,4,1.5,1225,1406,1969,320800.0,2026-08-27,Active,,,0,0.0,2,No,Yes,2026-08-27,2026-08-27
INSERT,2026-08-27T00:00:00,2026-08-27,PT0565564,LST0565564,AG00051,LOC0043,Single Family,2,3.5,1519,2090,1968,220300.0,2026-08-27,Active,,,0,0.0,3,No,Yes,2026-08-27,2026-08-27
INSERT,2026-08-27T00:00:00,2026-08-27,PT0565565,LST0565565,AG01136,LOC0164,Single Family,5,1.5,2325,2927,1991,547700.0,2026-08-27,Active,,,0,0.0,3,No,Yes,2026-08-27,2026-08-27
INSERT,2026-08-27T00:00:00,2026-08-27,PT0565566,LST0565566,AG00612,LOC0152,Apartment,5,3.0,1116,0,1966,585600.0,2026-08-27,Active,,,0,370.26,1,No,No,2026-08-27,2026-08-27
INSERT,2026-08-27T00:00:00,2026-08-27,PT0565567,LST0565567,AG01462,LOC0119,Apartment,1,1.0,731,0,1901,358800.0,2026-08-27,Active,,,0,553.86,2,Yes,No,2026-08-27,2026-08-27
INSERT,2026-08-27T00:00:00,2026-08-27,PT0565568,LST0565568,AG00568,LOC0156,Single Family,5,4.5,2732,4844,1924,1128100.0,2026-08-27,Active,,,0,0.0,2,No,Yes,2026-08-27,2026-08-27
INSERT,2026-08-27T00:00:00,2026-08-27,PT0565569,LST0565569,AG01847,LOC0191,Single Family,1,4.0,1828,1347,1976,1267600.0,2026-08-27,Active,,,0,0.0,0,No,No,2026-08-27,2026-08-27
INSERT,2026-08-27T00:00:00,2026-08-27,PT0565570,LST0565570,AG00362,LOC0179,Apartment,3,1.5,1250,0,1970,193500.0,2026-08-27,Active,,,0,577.58,1,Yes,No,2026-08-27,2026-08-27
INSERT,2026-08-27T00:00:00,2026-08-27,PT0565571,LST0565571,AG00125,LOC0161,Condo,3,3.5,1112,4993,1912,676400.0,2026-08-27,Active,,,0,796.17,3,No,No,2026-08-27,2026-08-27
INSERT,2026-08-27T00:00:00,2026-08-27,PT0565572,LST0565572,AG00690,LOC0181,Single Family,4,4.0,2756,3760,2011,676200.0,2026-08-27,Active,,,0,0.0,1,No,No,2026-08-27,2026-08-27
INSERT,2026-08-27T00:00:00,2026-08-27,PT0565573,LST0565573,AG00763,LOC0019,Multi-Family,1,4.0,2243,4698,2007,434300.0,2026-08-27,Active,,,0,0.0,1,Yes,Yes,2026-08-27,2026-08-27
INSERT,2026-08-27T00:00:00,2026-08-27,PT0565574,LST0565574,AG01849,LOC0118,Condo,6,3.0,1380,3757,1912,95500.0,2026-08-27,Active,,,0,276.87,0,Yes,No,2026-08-27,2026-08-27
INSERT,2026-08-27T00:00:00,2026-08-27,PT0565575,LST0565575,AG01767,LOC0107,Townhouse,4,1.0,1864,1171,1979,574900.0,2026-08-27,Active,,,0,777.51,2,No,No,2026-08-27,2026-08-27
INSERT,2026-08-27T00:00:00,2026-08-27,PT0565576,LST0565576,AG00701,LOC0008,Townhouse,5,1.5,1445,4002,2024,290300.0,2026-08-27,Active,,,0,487.7,3,No,No,2026-08-27,2026-08-27
INSERT,2026-08-27T00:00:00,2026-08-27,PT0565577,LST0565577,AG01774,LOC0011,Condo,2,4.0,1212,2194,1930,644600.0,2026-08-27,Active,,,0,137.12,0,No,No,2026-08-27,2026-08-27
INSERT,2026-08-27T00:00:00,2026-08-27,PT0565578,LST0565578,AG00821,LOC0029,Condo,6,4.0,2290,4743,1966,613500.0,2026-08-27,Active,,,0,577.37,0,No,No,2026-08-27,2026-08-27
INSERT,2026-08-27T00:00:00,2026-08-27,PT0565579,LST0565579,AG01750,LOC0136,Single Family,2,1.0,1144,2610,2005,235800.0,2026-08-27,Active,,,0,0.0,3,Yes,Yes,2026-08-27,2026-08-27
INSERT,2026-08-27T00:00:00,2026-08-27,PT0565580,LST0565580,AG02286,LOC0010,Single Family,2,4.5,2389,1837,1907,993700.0,2026-08-27,Active,,,0,0.0,1,No,No,2026-08-27,2026-08-27
INSERT,2026-08-27T00:00:00,2026-08-27,PT0565581,LST0565581,AG00245,LOC0139,Townhouse,5,4.5,2936,6157,1950,1078600.0,2026-08-27,Active,,,0,170.0,3,No,No,2026-08-27,2026-08-27
INSERT,2026-08-27T00:00:00,2026-08-27,PT0565582,LST0565582,AG00730,LOC0174,Condo,2,3.5,1414,2119,1966,562800.0,2026-08-27,Active,,,0,656.42,0,No,No,2026-08-27,2026-08-27
INSERT,2026-08-27T00:00:00,2026-08-27,PT0565583,LST0565583,AG00363,LOC0207,Single Family,1,3.0,2204,5282,2012,333100.0,2026-08-27,Active,,,0,0.0,1,No,Yes,2026-08-27,2026-08-27
INSERT,2026-08-27T00:00:00,2026-08-27,PT0565584,LST0565584,AG00931,LOC0086,Single Family,4,3.5,2221,1916,2019,249700.0,2026-08-27,Active,,,0,0.0,2,No,Yes,2026-08-27,2026-08-27
INSERT,2026-08-27T00:00:00,2026-08-27,PT0565585,LST0565585,AG02156,LOC0247,Apartment,6,3.0,1572,0,2009,322000.0,2026-08-27,Active,,,0,395.06,1,No,No,2026-08-27,2026-08-27
INSERT,2026-08-27T00:00:00,2026-08-27,PT0565586,LST0565586,AG01499,LOC0061,Multi-Family,6,2.0,4124,31317,1946,769100.0,2026-08-27,Active,,,0,0.0,1,Yes,No,2026-08-27,2026-08-27
INSERT,2026-08-27T00:00:00,2026-08-27,PT0565587,LST0565587,AG00568,LOC0045,Single Family,2,3.0,2379,8954,1935,807600.0,2026-08-27,Active,,,0,0.0,0,No,No,2026-08-27,2026-08-27
INSERT,2026-08-27T00:00:00,2026-08-27,PT0565588,LST0565588,AG02416,LOC0172,Condo,4,4.0,1012,4743,1965,202500.0,2026-08-27,Active,,,0,453.94,2,No,No,2026-08-27,2026-08-27
INSERT,2026-08-27T00:00:00,2026-08-27,PT0565589,LST0565589,AG00478,LOC0188,Condo,2,2.0,1300,7251,1901,143700.0,2026-08-27,Active,,,0,655.86,3,Yes,No,2026-08-27,2026-08-27
INSERT,2026-08-27T00:00:00,2026-08-27,PT0565590,LST0565590,AG02756,LOC0130,Single Family,5,4.0,1416,1276,1976,283300.0,2026-08-27,Active,,,0,0.0,0,Yes,No,2026-08-27,2026-08-27
INSERT,2026-08-27T00:00:00,2026-08-27,PT0565591,LST0565591,AG01683,LOC0048,Condo,5,3.0,717,3384,1950,320600.0,2026-08-27,Active,,,0,142.64,2,No,No,2026-08-27,2026-08-27
INSERT,2026-08-27T00:00:00,2026-08-27,PT0565592,LST0565592,AG02976,LOC0029,Single Family,2,1.0,979,1525,2012,340300.0,2026-08-27,Active,,,0,0.0,1,No,No,2026-08-27,2026-08-27
INSERT,2026-08-27T00:00:00,2026-08-27,PT0565593,LST0565593,AG00816,LOC0203,Townhouse,5,2.0,2981,6340,1970,458500.0,2026-08-27,Active,,,0,268.44,3,No,No,2026-08-27,2026-08-27
INSERT,2026-08-27T00:00:00,2026-08-27,PT0565594,LST0565594,AG01353,LOC0080,Single Family,1,4.5,1679,1151,2012,938200.0,2026-08-27,Active,,,0,0.0,0,No,Yes,2026-08-27,2026-08-27
INSERT,2026-08-27T00:00:00,2026-08-27,PT0565595,LST0565595,AG02035,LOC0205,Single Family,3,1.5,1591,17935,2019,485100.0,2026-08-27,Active,,,0,0.0,1,No,Yes,2026-08-27,2026-08-27
INSERT,2026-08-27T00:00:00,2026-08-27,PT0565596,LST0565596,AG01315,LOC0196,Single Family,1,3.0,1458,2619,1920,320900.0,2026-08-27,Active,,,0,0.0,2,No,Yes,2026-08-27,2026-08-27
INSERT,2026-08-27T00:00:00,2026-08-27,PT0565597,LST0565597,AG00500,LOC0164,Single Family,5,3.0,2877,1134,1983,425000.0,2026-08-27,Active,,,0,0.0,0,No,No,2026-08-27,2026-08-27
INSERT,2026-08-27T00:00:00,2026-08-27,PT0565598,LST0565598,AG01543,LOC0182,Single Family,2,3.5,2315,5169,2011,312800.0,2026-08-27,Active,,,0,0.0,0,No,No,2026-08-27,2026-08-27
INSERT,2026-08-27T00:00:00,2026-08-27,PT0565599,LST0565599,AG02696,LOC0030,Single Family,4,2.0,1422,3594,1966,655100.0,2026-08-27,Active,,,0,0.0,0,No,No,2026-08-27,2026-08-27
INSERT,2026-08-27T00:00:00,2026-08-27,PT0565600,LST0565600,AG00186,LOC0051,Single Family,4,1.5,2014,2819,1986,99200.0,2026-08-27,Active,,,0,0.0,0,No,Yes,2026-08-27,2026-08-27
INSERT,2026-08-27T00:00:00,2026-08-27,PT0565601,LST0565601,AG01886,LOC0029,Condo,4,4.0,1507,1489,1956,474800.0,2026-08-27,Active,,,0,214.21,2,No,No,2026-08-27,2026-08-27
INSERT,2026-08-27T00:00:00,2026-08-27,PT0565602,LST0565602,AG01517,LOC0189,Single Family,5,2.5,2090,1316,1901,658200.0,2026-08-27,Active,,,0,0.0,0,No,No,2026-08-27,2026-08-27
INSERT,2026-08-27T00:00:00,2026-08-27,PT0565603,LST0565603,AG01671,LOC0010,Condo,1,1.5,630,1724,1918,205700.0,2026-08-27,Active,,,0,285.62,3,Yes,No,2026-08-27,2026-08-27
INSERT,2026-08-27T00:00:00,2026-08-27,PT0565604,LST0565604,AG02146,LOC0201,Townhouse,6,3.5,2813,7818,1942,376800.0,2026-08-27,Active,,,0,745.34,3,No,No,2026-08-27,2026-08-27
INSERT,2026-08-27T00:00:00,2026-08-27,PT0565605,LST0565605,AG00972,LOC0026,Condo,1,3.5,1503,4140,1916,393100.0,2026-08-27,Active,,,0,420.81,3,Yes,No,2026-08-27,2026-08-27
INSERT,2026-08-27T00:00:00,2026-08-27,PT0565606,LST0565606,AG00061,LOC0087,Single Family,6,4.0,2511,2547,1903,709100.0,2026-08-27,Active,,,0,0.0,2,Yes,Yes,2026-08-27,2026-08-27
INSERT,2026-08-27T00:00:00,2026-08-27,PT0565607,LST0565607,AG02048,LOC0182,Single Family,2,2.5,2591,10071,1909,179300.0,2026-08-27,Active,,,0,0.0,3,No,Yes,2026-08-27,2026-08-27
INSERT,2026-08-27T00:00:00,2026-08-27,PT0565608,LST0565608,AG01080,LOC0182,Single Family,1,2.0,839,3319,1902,341200.0,2026-08-27,Active,,,0,0.0,2,No,No,2026-08-27,2026-08-27
INSERT,2026-08-27T00:00:00,2026-08-27,PT0565609,LST0565609,AG00571,LOC0108,Single Family,4,1.5,2478,1873,2023,413200.0,2026-08-27,Active,,,0,0.0,1,Yes,Yes,2026-08-27,2026-08-27
INSERT,2026-08-27T00:00:00,2026-08-27,PT0565610,LST0565610,AG02215,LOC0184,Single Family,5,1.5,1952,5471,1991,1351100.0,2026-08-27,Active,,,0,0.0,3,No,Yes,2026-08-27,2026-08-27
INSERT,2026-08-27T00:00:00,2026-08-27,PT0565611,LST0565611,AG00181,LOC0111,Single Family,3,3.5,1120,4066,1969,245600.0,2026-08-27,Active,,,0,0.0,1,No,No,2026-08-27,2026-08-27
INSERT,2026-08-27T00:00:00,2026-08-27,PT0565612,LST0565612,AG02941,LOC0179,Single Family,3,2.5,1881,3523,1982,329600.0,2026-08-27,Active,,,0,0.0,3,No,Yes,2026-08-27,2026-08-27
INSERT,2026-08-27T00:00:00,2026-08-27,PT0565613,LST0565613,AG02407,LOC0142,Single Family,2,3.5,1555,4929,1922,577000.0,2026-08-27,Active,,,0,0.0,2,No,No,2026-08-27,2026-08-27
INSERT,2026-08-27T00:00:00,2026-08-27,PT0565614,LST0565614,AG01432,LOC0125,Single Family,6,2.5,2998,2248,1914,993300.0,2026-08-27,Active,,,0,0.0,3,Yes,No,2026-08-27,2026-08-27
INSERT,2026-08-27T00:00:00,2026-08-27,PT0565615,LST0565615,AG02410,LOC0246,Single Family,1,1.5,2664,5009,1984,796200.0,2026-08-27,Active,,,0,0.0,1,No,No,2026-08-27,2026-08-27
INSERT,2026-08-27T00:00:00,2026-08-27,PT0565616,LST0565616,AG01602,LOC0239,Single Family,4,2.0,2690,5609,1900,396800.0,2026-08-27,Active,,,0,0.0,2,No,No,2026-08-27,2026-08-27
INSERT,2026-08-27T00:00:00,2026-08-27,PT0565617,LST0565617,AG02290,LOC0219,Condo,1,4.5,2010,1167,1983,1075100.0,2026-08-27,Active,,,0,665.23,3,No,No,2026-08-27,2026-08-27
INSERT,2026-08-27T00:00:00,2026-08-27,PT0565618,LST0565618,AG02105,LOC0222,Single Family,6,4.0,1569,1030,1929,371900.0,2026-08-27,Active,,,0,0.0,3,No,Yes,2026-08-27,2026-08-27
INSERT,2026-08-27T00:00:00,2026-08-27,PT0565619,LST0565619,AG02627,LOC0239,Single Family,3,1.5,1958,5577,2022,458000.0,2026-08-27,Active,,,0,0.0,1,No,No,2026-08-27,2026-08-27
INSERT,2026-08-27T00:00:00,2026-08-27,PT0565620,LST0565620,AG01197,LOC0165,Condo,1,3.5,3082,2380,2023,1287400.0,2026-08-27,Active,,,0,519.87,2,Yes,No,2026-08-27,2026-08-27
INSERT,2026-08-27T00:00:00,2026-08-27,PT0565621,LST0565621,AG00005,LOC0072,Multi-Family,6,3.5,6934,18713,1961,1073100.0,2026-08-27,Active,,,0,0.0,0,No,No,2026-08-27,2026-08-27
INSERT,2026-08-27T00:00:00,2026-08-27,PT0565622,LST0565622,AG02314,LOC0076,Land,0,0.0,5400,2403,1941,516700.0,2026-08-27,Active,,,0,0.0,0,No,No,2026-08-27,2026-08-27
INSERT,2026-08-27T00:00:00,2026-08-27,PT0565623,LST0565623,AG00092,LOC0008,Single Family,5,2.0,711,7809,1901,114800.0,2026-08-27,Active,,,0,0.0,3,No,No,2026-08-27,2026-08-27
INSERT,2026-08-27T00:00:00,2026-08-27,PT0565624,LST0565624,AG01782,LOC0004,Condo,2,1.0,300,5020,2024,39400.0,2026-08-27,Active,,,0,709.51,3,No,No,2026-08-27,2026-08-27
INSERT,2026-08-27T00:00:00,2026-08-27,PT0565625,LST0565625,AG01575,LOC0150,Single Family,1,1.5,2424,1427,2020,550600.0,2026-08-27,Active,,,0,0.0,2,No,Yes,2026-08-27,2026-08-27
INSERT,2026-08-27T00:00:00,2026-08-27,PT0565626,LST0565626,AG00209,LOC0173,Single Family,2,4.5,1330,6017,1959,635100.0,2026-08-27,Active,,,0,0.0,3,Yes,Yes,2026-08-27,2026-08-27
INSERT,2026-08-27T00:00:00,2026-08-27,PT0565627,LST0565627,AG01998,LOC0207,Single Family,5,1.0,1576,10064,2014,425600.0,2026-08-27,Active,,,0,0.0,2,No,Yes,2026-08-27,2026-08-27
INSERT,2026-08-27T00:00:00,2026-08-27,PT0565628,LST0565628,AG02192,LOC0213,Condo,1,4.5,2566,1594,1934,174600.0,2026-08-27,Active,,,0,484.37,3,No,No,2026-08-27,2026-08-27
INSERT,2026-08-27T00:00:00,2026-08-27,PT0565629,LST0565629,AG00943,LOC0141,Multi-Family,4,3.0,540,4094,2019,175500.0,2026-08-27,Active,,,0,0.0,0,No,Yes,2026-08-27,2026-08-27
INSERT,2026-08-27T00:00:00,2026-08-27,PT0565630,LST0565630,AG02412,LOC0154,Single Family,6,1.5,1902,2379,1987,288000.0,2026-08-27,Active,,,0,0.0,0,No,No,2026-08-27,2026-08-27
INSERT,2026-08-27T00:00:00,2026-08-27,PT0565631,LST0565631,AG02764,LOC0117,Single Family,5,4.5,806,8949,1990,248800.0,2026-08-27,Active,,,0,0.0,1,No,Yes,2026-08-27,2026-08-27
INSERT,2026-08-27T00:00:00,2026-08-27,PT0565632,LST0565632,AG02343,LOC0113,Single Family,2,3.0,2570,1436,1962,1370200.0,2026-08-27,Active,,,0,0.0,1,No,Yes,2026-08-27,2026-08-27
INSERT,2026-08-27T00:00:00,2026-08-27,PT0565633,LST0565633,AG02550,LOC0042,Land,0,0.0,2346,2337,2000,982000.0,2026-08-27,Active,,,0,0.0,0,No,No,2026-08-27,2026-08-27
INSERT,2026-08-27T00:00:00,2026-08-27,PT0565634,LST0565634,AG02811,LOC0220,Single Family,3,2.0,2407,4015,1977,917600.0,2026-08-27,Active,,,0,0.0,1,Yes,No,2026-08-27,2026-08-27
INSERT,2026-08-27T00:00:00,2026-08-27,PT0565635,LST0565635,AG02161,LOC0134,Land,0,0.0,9274,2569,1982,4057500.0,2026-08-27,Active,,,0,0.0,0,No,No,2026-08-27,2026-08-27
INSERT,2026-08-27T00:00:00,2026-08-27,PT0565636,LST0565636,AG02257,LOC0146,Land,0,0.0,4060,13133,1931,447500.0,2026-08-27,Active,,,0,0.0,0,No,No,2026-08-27,2026-08-27
INSERT,2026-08-27T00:00:00,2026-08-27,PT0565637,LST0565637,AG02779,LOC0188,Single Family,5,4.0,1821,5406,1907,213900.0,2026-08-27,Active,,,0,0.0,0,No,No,2026-08-27,2026-08-27
INSERT,2026-08-27T00:00:00,2026-08-27,PT0565638,LST0565638,AG00843,LOC0196,Single Family,4,1.5,826,5804,1981,327500.0,2026-08-27,Active,,,0,0.0,2,Yes,Yes,2026-08-27,2026-08-27
INSERT,2026-08-27T00:00:00,2026-08-27,PT0565639,LST0565639,AG01191,LOC0215,Single Family,6,2.0,717,5793,1980,197800.0,2026-08-27,Active,,,0,0.0,0,No,Yes,2026-08-27,2026-08-27
INSERT,2026-08-27T00:00:00,2026-08-27,PT0565640,LST0565640,AG02479,LOC0070,Condo,1,2.0,623,8346,1919,94100.0,2026-08-27,Active,,,0,410.04,2,No,No,2026-08-27,2026-08-27
INSERT,2026-08-27T00:00:00,2026-08-27,PT0565641,LST0565641,AG00953,LOC0003,Townhouse,6,2.5,1877,6845,1950,288600.0,2026-08-27,Active,,,0,403.95,3,No,No,2026-08-27,2026-08-27
INSERT,2026-08-27T00:00:00,2026-08-27,PT0565642,LST0565642,AG01157,LOC0002,Multi-Family,2,3.0,2898,9722,1907,854200.0,2026-08-27,Active,,,0,0.0,3,No,No,2026-08-27,2026-08-27
INSERT,2026-08-27T00:00:00,2026-08-27,PT0565643,LST0565643,AG02684,LOC0080,Condo,5,2.0,1854,1302,1996,693100.0,2026-08-27,Active,,,0,229.59,0,No,No,2026-08-27,2026-08-27
INSERT,2026-08-27T00:00:00,2026-08-27,PT0565644,LST0565644,AG01130,LOC0161,Townhouse,2,1.0,1415,6484,1914,416100.0,2026-08-27,Active,,,0,566.96,1,No,No,2026-08-27,2026-08-27
INSERT,2026-08-27T00:00:00,2026-08-27,PT0565645,LST0565645,AG00528,LOC0171,Townhouse,1,1.0,1132,5573,1932,432400.0,2026-08-27,Active,,,0,786.41,1,No,No,2026-08-27,2026-08-27
INSERT,2026-08-27T00:00:00,2026-08-27,PT0565646,LST0565646,AG02755,LOC0091,Townhouse,3,4.0,1270,1280,1978,369500.0,2026-08-27,Active,,,0,609.15,1,Yes,No,2026-08-27,2026-08-27
INSERT,2026-08-27T00:00:00,2026-08-27,PT0565647,LST0565647,AG02251,LOC0170,Single Family,6,4.5,593,9143,1998,220700.0,2026-08-27,Active,,,0,0.0,0,No,Yes,2026-08-27,2026-08-27
INSERT,2026-08-27T00:00:00,2026-08-27,PT0565648,LST0565648,AG00186,LOC0158,Single Family,4,3.0,2319,14888,1997,744500.0,2026-08-27,Active,,,0,0.0,3,No,Yes,2026-08-27,2026-08-27
INSERT,2026-08-27T00:00:00,2026-08-27,PT0565649,LST0565649,AG01565,LOC0176,Townhouse,1,3.5,1720,3460,1992,558500.0,2026-08-27,Active,,,0,136.97,3,No,No,2026-08-27,2026-08-27
INSERT,2026-08-27T00:00:00,2026-08-27,PT0565650,LST0565650,AG02787,LOC0113,Single Family,5,1.5,1615,4459,2013,585500.0,2026-08-27,Active,,,0,0.0,0,No,Yes,2026-08-27,2026-08-27
INSERT,2026-08-27T00:00:00,2026-08-27,PT0565651,LST0565651,AG01731,LOC0226,Townhouse,4,1.5,1767,1677,1940,1170700.0,2026-08-27,Active,,,0,374.35,3,No,No,2026-08-27,2026-08-27
INSERT,2026-08-27T00:00:00,2026-08-27,PT0565652,LST0565652,AG00661,LOC0108,Multi-Family,3,1.5,4252,4924,1925,874300.0,2026-08-27,Active,,,0,0.0,2,Yes,Yes,2026-08-27,2026-08-27
INSERT,2026-08-27T00:00:00,2026-08-27,PT0565653,LST0565653,AG00463,LOC0174,Condo,5,1.0,2599,6927,1955,974100.0,2026-08-27,Active,,,0,359.14,3,Yes,No,2026-08-27,2026-08-27
INSERT,2026-08-27T00:00:00,2026-08-27,PT0565654,LST0565654,AG01163,LOC0091,Single Family,3,3.0,1650,6186,2019,342500.0,2026-08-27,Active,,,0,0.0,1,No,Yes,2026-08-27,2026-08-27
INSERT,2026-08-27T00:00:00,2026-08-27,PT0565655,LST0565655,AG01973,LOC0136,Single Family,4,4.0,2057,4477,1996,324200.0,2026-08-27,Active,,,0,0.0,0,No,No,2026-08-27,2026-08-27
INSERT,2026-08-27T00:00:00,2026-08-27,PT0565656,LST0565656,AG01517,LOC0146,Townhouse,2,2.0,1249,1193,1924,96600.0,2026-08-27,Active,,,0,149.07,1,Yes,No,2026-08-27,2026-08-27
INSERT,2026-08-27T00:00:00,2026-08-27,PT0565657,LST0565657,AG02924,LOC0023,Condo,2,1.0,1325,5638,1995,461400.0,2026-08-27,Active,,,0,449.79,0,No,No,2026-08-27,2026-08-27
INSERT,2026-08-27T00:00:00,2026-08-27,PT0565658,LST0565658,AG01037,LOC0002,Condo,5,3.5,2809,1549,1926,671400.0,2026-08-27,Active,,,0,380.5,3,Yes,No,2026-08-27,2026-08-27
INSERT,2026-08-27T00:00:00,2026-08-27,PT0565659,LST0565659,AG02466,LOC0034,Single Family,3,2.5,365,13555,1964,136800.0,2026-08-27,Active,,,0,0.0,1,No,Yes,2026-08-27,2026-08-27
INSERT,2026-08-27T00:00:00,2026-08-27,PT0565660,LST0565660,AG02891,LOC0169,Condo,4,2.5,1392,2275,1954,457600.0,2026-08-27,Active,,,0,618.01,1,No,No,2026-08-27,2026-08-27
INSERT,2026-08-27T00:00:00,2026-08-27,PT0565661,LST0565661,AG00744,LOC0146,Multi-Family,3,4.0,4355,20425,1997,307400.0,2026-08-27,Active,,,0,0.0,3,No,Yes,2026-08-27,2026-08-27
INSERT,2026-08-27T00:00:00,2026-08-27,PT0565662,LST0565662,AG02341,LOC0215,Single Family,5,3.5,1996,1341,1964,164500.0,2026-08-27,Active,,,0,0.0,0,No,Yes,2026-08-27,2026-08-27
INSERT,2026-08-27T00:00:00,2026-08-27,PT0565663,LST0565663,AG01490,LOC0055,Single Family,1,2.5,3470,1318,1994,500700.0,2026-08-27,Active,,,0,0.0,2,Yes,No,2026-08-27,2026-08-27
INSERT,2026-08-27T00:00:00,2026-08-27,PT0565664,LST0565664,AG02235,LOC0156,Single Family,2,2.5,1489,1581,1963,656100.0,2026-08-27,Active,,,0,0.0,2,No,No,2026-08-27,2026-08-27
INSERT,2026-08-27T00:00:00,2026-08-27,PT0565665,LST0565665,AG02850,LOC0023,Condo,3,3.0,300,1348,1937,93900.0,2026-08-27,Active,,,0,607.81,2,Yes,No,2026-08-27,2026-08-27
INSERT,2026-08-27T00:00:00,2026-08-27,PT0565666,LST0565666,AG01062,LOC0004,Condo,2,3.0,1698,1496,1934,272800.0,2026-08-27,Active,,,0,228.59,3,No,No,2026-08-27,2026-08-27
INSERT,2026-08-27T00:00:00,2026-08-27,PT0565667,LST0565667,AG01003,LOC0052,Single Family,1,4.0,897,3227,1986,265300.0,2026-08-27,Active,,,0,0.0,1,No,No,2026-08-27,2026-08-27
INSERT,2026-08-27T00:00:00,2026-08-27,PT0565668,LST0565668,AG00695,LOC0073,Condo,2,2.5,1305,6260,1945,345100.0,2026-08-27,Active,,,0,660.23,2,No,No,2026-08-27,2026-08-27
INSERT,2026-08-27T00:00:00,2026-08-27,PT0565669,LST0565669,AG01965,LOC0054,Townhouse,3,4.0,2520,5709,1976,441700.0,2026-08-27,Active,,,0,310.66,3,No,No,2026-08-27,2026-08-27
INSERT,2026-08-27T00:00:00,2026-08-27,PT0565670,LST0565670,AG02367,LOC0109,Townhouse,3,2.0,1580,1759,1943,630100.0,2026-08-27,Active,,,0,402.03,2,No,No,2026-08-27,2026-08-27
INSERT,2026-08-27T00:00:00,2026-08-27,PT0565671,LST0565671,AG01937,LOC0239,Single Family,6,4.0,1732,5299,2000,364900.0,2026-08-27,Active,,,0,0.0,2,No,No,2026-08-27,2026-08-27
INSERT,2026-08-27T00:00:00,2026-08-27,PT0565672,LST0565672,AG02667,LOC0223,Multi-Family,1,2.0,3613,2768,1922,906800.0,2026-08-27,Active,,,0,0.0,0,Yes,No,2026-08-27,2026-08-27
INSERT,2026-08-27T00:00:00,2026-08-27,PT0565673,LST0565673,AG00883,LOC0183,Townhouse,3,1.0,2123,2254,1960,328500.0,2026-08-27,Active,,,0,308.76,0,No,No,2026-08-27,2026-08-27
INSERT,2026-08-27T00:00:00,2026-08-27,PT0565674,LST0565674,AG00248,LOC0036,Condo,5,2.5,1268,7067,1985,433500.0,2026-08-27,Active,,,0,425.34,1,Yes,No,2026-08-27,2026-08-27
INSERT,2026-08-27T00:00:00,2026-08-27,PT0565675,LST0565675,AG00751,LOC0050,Apartment,1,2.0,895,0,2010,56400.0,2026-08-27,Active,,,0,199.73,0,Yes,No,2026-08-27,2026-08-27
INSERT,2026-08-27T00:00:00,2026-08-27,PT0565676,LST0565676,AG02085,LOC0075,Single Family,2,2.0,3051,2475,1956,734400.0,2026-08-27,Active,,,0,0.0,0,No,No,2026-08-27,2026-08-27
INSERT,2026-08-27T00:00:00,2026-08-27,PT0565677,LST0565677,AG00607,LOC0117,Condo,3,2.0,2127,1692,1932,872800.0,2026-08-27,Active,,,0,636.08,2,No,No,2026-08-27,2026-08-27
INSERT,2026-08-27T00:00:00,2026-08-27,PT0565678,LST0565678,AG00895,LOC0223,Townhouse,1,4.0,2430,5344,1977,510000.0,2026-08-27,Active,,,0,747.08,0,No,No,2026-08-27,2026-08-27
INSERT,2026-08-27T00:00:00,2026-08-27,PT0565679,LST0565679,AG02807,LOC0119,Condo,1,1.5,1098,12743,2002,436800.0,2026-08-27,Active,,,0,546.6,1,No,No,2026-08-27,2026-08-27
INSERT,2026-08-27T00:00:00,2026-08-27,PT0565680,LST0565680,AG00369,LOC0032,Single Family,4,2.5,1382,6732,1985,183500.0,2026-08-27,Active,,,0,0.0,1,No,Yes,2026-08-27,2026-08-27
INSERT,2026-08-27T00:00:00,2026-08-27,PT0565681,LST0565681,AG02628,LOC0182,Townhouse,3,4.0,1755,1781,1941,461500.0,2026-08-27,Active,,,0,559.42,2,No,No,2026-08-27,2026-08-27
INSERT,2026-08-27T00:00:00,2026-08-27,PT0565682,LST0565682,AG02626,LOC0187,Townhouse,6,3.5,3235,2062,1974,1524400.0,2026-08-27,Active,,,0,390.14,2,No,No,2026-08-27,2026-08-27
INSERT,2026-08-27T00:00:00,2026-08-27,PT0565683,LST0565683,AG00943,LOC0004,Apartment,2,2.5,1099,0,1905,131000.0,2026-08-27,Active,,,0,88.72,2,Yes,No,2026-08-27,2026-08-27
INSERT,2026-08-27T00:00:00,2026-08-27,PT0565684,LST0565684,AG00157,LOC0003,Condo,2,2.5,2903,7177,1979,532000.0,2026-08-27,Active,,,0,673.04,1,No,No,2026-08-27,2026-08-27
INSERT,2026-08-27T00:00:00,2026-08-27,PT0565685,LST0565685,AG01001,LOC0110,Apartment,1,4.5,1466,0,1990,298800.0,2026-08-27,Active,,,0,165.88,3,No,No,2026-08-27,2026-08-27
INSERT,2026-08-27T00:00:00,2026-08-27,PT0565686,LST0565686,AG01119,LOC0135,Single Family,3,2.5,300,2592,1916,143700.0,2026-08-27,Active,,,0,0.0,0,No,No,2026-08-27,2026-08-27
INSERT,2026-08-27T00:00:00,2026-08-27,PT0565687,LST0565687,AG01840,LOC0020,Condo,2,1.0,1311,15011,1974,289900.0,2026-08-27,Active,,,0,217.31,1,No,No,2026-08-27,2026-08-27
INSERT,2026-08-27T00:00:00,2026-08-27,PT0565688,LST0565688,AG01472,LOC0021,Single Family,4,3.0,2485,3768,2014,500000.0,2026-08-27,Active,,,0,0.0,0,No,No,2026-08-27,2026-08-27
INSERT,2026-08-27T00:00:00,2026-08-27,PT0565689,LST0565689,AG02619,LOC0202,Condo,6,4.0,3203,2408,1992,1361500.0,2026-08-27,Active,,,0,280.53,0,No,No,2026-08-27,2026-08-27
INSERT,2026-08-27T00:00:00,2026-08-27,PT0565690,LST0565690,AG02582,LOC0009,Townhouse,4,1.0,1549,7578,2025,216100.0,2026-08-27,Active,,,0,285.86,2,No,No,2026-08-27,2026-08-27
INSERT,2026-08-27T00:00:00,2026-08-27,PT0565691,LST0565691,AG00465,LOC0133,Multi-Family,1,1.0,5631,2967,2011,1131500.0,2026-08-27,Active,,,0,0.0,2,No,Yes,2026-08-27,2026-08-27
INSERT,2026-08-27T00:00:00,2026-08-27,PT0565692,LST0565692,AG02877,LOC0081,Condo,5,3.0,1393,3016,1902,271900.0,2026-08-27,Active,,,0,128.56,3,Yes,No,2026-08-27,2026-08-27
INSERT,2026-08-27T00:00:00,2026-08-27,PT0565693,LST0565693,AG00955,LOC0100,Condo,4,3.0,2295,6857,2003,179800.0,2026-08-27,Active,,,0,710.53,0,No,No,2026-08-27,2026-08-27
INSERT,2026-08-27T00:00:00,2026-08-27,PT0565694,LST0565694,AG01329,LOC0122,Townhouse,6,4.0,991,8290,1938,306700.0,2026-08-27,Active,,,0,574.32,0,No,No,2026-08-27,2026-08-27
INSERT,2026-08-27T00:00:00,2026-08-27,PT0565695,LST0565695,AG01543,LOC0016,Condo,3,1.0,806,1202,1988,182600.0,2026-08-27,Active,,,0,395.53,2,No,No,2026-08-27,2026-08-27
INSERT,2026-08-27T00:00:00,2026-08-27,PT0565696,LST0565696,AG00847,LOC0202,Multi-Family,6,1.5,2161,2903,1946,428500.0,2026-08-27,Active,,,0,0.0,0,No,No,2026-08-27,2026-08-27
INSERT,2026-08-27T00:00:00,2026-08-27,PT0565697,LST0565697,AG00266,LOC0197,Single Family,3,3.0,1147,1105,1983,431500.0,2026-08-27,Active,,,0,0.0,3,No,Yes,2026-08-27,2026-08-27
INSERT,2026-08-27T00:00:00,2026-08-27,PT0565698,LST0565698,AG02966,LOC0214,Townhouse,5,3.0,1319,3393,1919,76000.0,2026-08-27,Active,,,0,371.46,0,No,No,2026-08-27,2026-08-27
INSERT,2026-08-27T00:00:00,2026-08-27,PT0565699,LST0565699,AG01950,LOC0017,Townhouse,2,2.5,1919,2243,1942,292700.0,2026-08-27,Active,,,0,660.34,3,Yes,No,2026-08-27,2026-08-27
INSERT,2026-08-27T00:00:00,2026-08-27,PT0565700,LST0565700,AG02401,LOC0096,Townhouse,6,1.0,3241,1684,1995,662900.0,2026-08-27,Active,,,0,580.1,0,No,No,2026-08-27,2026-08-27
INSERT,2026-08-27T00:00:00,2026-08-27,PT0565701,LST0565701,AG02858,LOC0065,Multi-Family,6,1.0,3379,5708,1945,522800.0,2026-08-27,Active,,,0,0.0,0,No,Yes,2026-08-27,2026-08-27
INSERT,2026-08-27T00:00:00,2026-08-27,PT0565702,LST0565702,AG00713,LOC0034,Condo,3,2.0,1424,1171,1947,828900.0,2026-08-27,Active,,,0,506.9,0,No,No,2026-08-27,2026-08-27
INSERT,2026-08-27T00:00:00,2026-08-27,PT0565703,LST0565703,AG02225,LOC0160,Single Family,4,4.5,300,1262,2014,17300.0,2026-08-27,Active,,,0,0.0,2,No,Yes,2026-08-27,2026-08-27
INSERT,2026-08-27T00:00:00,2026-08-27,PT0565704,LST0565704,AG00373,LOC0191,Single Family,2,1.0,3005,2205,1957,1381900.0,2026-08-27,Active,,,0,0.0,1,Yes,Yes,2026-08-27,2026-08-27
INSERT,2026-08-27T00:00:00,2026-08-27,PT0565705,LST0565705,AG00517,LOC0139,Multi-Family,6,2.5,3805,6200,2024,801400.0,2026-08-27,Active,,,0,0.0,0,No,Yes,2026-08-27,2026-08-27
INSERT,2026-08-27T00:00:00,2026-08-27,PT0565706,LST0565706,AG00031,LOC0018,Apartment,2,1.5,433,0,2023,54700.0,2026-08-27,Active,,,0,537.33,2,No,No,2026-08-27,2026-08-27
INSERT,2026-08-27T00:00:00,2026-08-27,PT0565707,LST0565707,AG02790,LOC0237,Single Family,5,3.5,865,3741,2014,195000.0,2026-08-27,Active,,,0,0.0,0,Yes,No,2026-08-27,2026-08-27
INSERT,2026-08-27T00:00:00,2026-08-27,PT0565708,LST0565708,AG02562,LOC0099,Single Family,5,2.0,1837,5837,1932,683400.0,2026-08-27,Active,,,0,0.0,0,Yes,No,2026-08-27,2026-08-27
INSERT,2026-08-27T00:00:00,2026-08-27,PT0565709,LST0565709,AG00585,LOC0221,Single Family,5,3.5,2020,2627,1904,697600.0,2026-08-27,Active,,,0,0.0,1,No,Yes,2026-08-27,2026-08-27
INSERT,2026-08-27T00:00:00,2026-08-27,PT0565710,LST0565710,AG00799,LOC0180,Single Family,6,4.0,2886,3675,1990,934500.0,2026-08-27,Active,,,0,0.0,1,No,No,2026-08-27,2026-08-27
INSERT,2026-08-27T00:00:00,2026-08-27,PT0565711,LST0565711,AG00206,LOC0215,Single Family,3,2.5,1076,2627,1924,478300.0,2026-08-27,Active,,,0,0.0,0,Yes,Yes,2026-08-27,2026-08-27
INSERT,2026-08-27T00:00:00,2026-08-27,PT0565712,LST0565712,AG01895,LOC0115,Single Family,5,4.5,1111,2230,2010,192100.0,2026-08-27,Active,,,0,0.0,0,No,No,2026-08-27,2026-08-27
INSERT,2026-08-27T00:00:00,2026-08-27,PT0565713,LST0565713,AG01874,LOC0099,Townhouse,4,1.0,1843,3366,1948,843300.0,2026-08-27,Active,,,0,419.39,0,No,No,2026-08-27,2026-08-27
INSERT,2026-08-27T00:00:00,2026-08-27,PT0565714,LST0565714,AG01297,LOC0079,Single Family,2,2.5,1987,17620,2010,797500.0,2026-08-27,Active,,,0,0.0,1,No,No,2026-08-27,2026-08-27
INSERT,2026-08-27T00:00:00,2026-08-27,PT0565715,LST0565715,AG00478,LOC0070,Townhouse,1,4.5,1296,4331,1949,408800.0,2026-08-27,Active,,,0,733.73,1,No,No,2026-08-27,2026-08-27
INSERT,2026-08-27T00:00:00,2026-08-27,PT0565716,LST0565716,AG00316,LOC0226,Condo,1,3.5,1473,1577,2010,494500.0,2026-08-27,Active,,,0,691.49,3,No,No,2026-08-27,2026-08-27
INSERT,2026-08-27T00:00:00,2026-08-27,PT0565717,LST0565717,AG01133,LOC0189,Single Family,2,3.5,797,2304,1982,152000.0,2026-08-27,Active,,,0,0.0,1,No,No,2026-08-27,2026-08-27
INSERT,2026-08-27T00:00:00,2026-08-27,PT0565718,LST0565718,AG01048,LOC0243,Single Family,2,2.0,2726,6599,1994,1311000.0,2026-08-27,Active,,,0,0.0,1,No,No,2026-08-27,2026-08-27
INSERT,2026-08-27T00:00:00,2026-08-27,PT0565719,LST0565719,AG01726,LOC0153,Condo,6,2.0,1307,6076,2023,590200.0,2026-08-27,Active,,,0,695.2,2,No,No,2026-08-27,2026-08-27
INSERT,2026-08-27T00:00:00,2026-08-27,PT0565720,LST0565720,AG00395,LOC0061,Single Family,2,4.0,1354,5899,1923,91600.0,2026-08-27,Active,,,0,0.0,0,No,No,2026-08-27,2026-08-27
INSERT,2026-08-27T00:00:00,2026-08-27,PT0565721,LST0565721,AG00970,LOC0178,Single Family,3,1.0,1767,8009,2003,607200.0,2026-08-27,Active,,,0,0.0,0,No,No,2026-08-27,2026-08-27
INSERT,2026-08-27T00:00:00,2026-08-27,PT0565722,LST0565722,AG02373,LOC0191,Multi-Family,3,3.5,2534,1705,1973,241200.0,2026-08-27,Active,,,0,0.0,0,No,Yes,2026-08-27,2026-08-27
INSERT,2026-08-27T00:00:00,2026-08-27,PT0565723,LST0565723,AG00809,LOC0033,Single Family,5,3.5,1113,20017,1913,371000.0,2026-08-27,Active,,,0,0.0,1,No,No,2026-08-27,2026-08-27
INSERT,2026-08-27T00:00:00,2026-08-27,PT0565724,LST0565724,AG01041,LOC0140,Apartment,2,2.5,1100,0,2015,680400.0,2026-08-27,Active,,,0,235.04,3,No,No,2026-08-27,2026-08-27
INSERT,2026-08-27T00:00:00,2026-08-27,PT0565725,LST0565725,AG02748,LOC0239,Condo,2,3.0,1187,8127,1945,215900.0,2026-08-27,Active,,,0,475.99,3,No,No,2026-08-27,2026-08-27
INSERT,2026-08-27T00:00:00,2026-08-27,PT0565726,LST0565726,AG00611,LOC0245,Single Family,1,4.0,1196,2736,1968,261900.0,2026-08-27,Active,,,0,0.0,0,Yes,Yes,2026-08-27,2026-08-27
INSERT,2026-08-27T00:00:00,2026-08-27,PT0565727,LST0565727,AG00581,LOC0181,Condo,4,1.5,1149,1184,1942,199100.0,2026-08-27,Active,,,0,796.28,1,No,No,2026-08-27,2026-08-27
INSERT,2026-08-27T00:00:00,2026-08-27,PT0565728,LST0565728,AG01555,LOC0184,Land,0,0.0,5353,2280,1912,2563200.0,2026-08-27,Active,,,0,0.0,0,No,No,2026-08-27,2026-08-27
INSERT,2026-08-27T00:00:00,2026-08-27,PT0565729,LST0565729,AG01446,LOC0067,Single Family,6,3.0,2441,1833,2016,568200.0,2026-08-27,Active,,,0,0.0,1,No,Yes,2026-08-27,2026-08-27
INSERT,2026-08-27T00:00:00,2026-08-27,PT0565730,LST0565730,AG01744,LOC0086,Multi-Family,5,3.0,1610,1665,1934,132100.0,2026-08-27,Active,,,0,0.0,1,No,Yes,2026-08-27,2026-08-27
INSERT,2026-08-27T00:00:00,2026-08-27,PT0565731,LST0565731,AG00566,LOC0013,Apartment,5,1.5,1167,0,1940,154700.0,2026-08-27,Active,,,0,296.89,3,No,No,2026-08-27,2026-08-27
INSERT,2026-08-27T00:00:00,2026-08-27,PT0565732,LST0565732,AG01433,LOC0208,Single Family,5,3.5,1370,4417,1943,379300.0,2026-08-27,Active,,,0,0.0,0,No,Yes,2026-08-27,2026-08-27
INSERT,2026-08-27T00:00:00,2026-08-27,PT0565733,LST0565733,AG01582,LOC0031,Single Family,1,4.5,1568,4620,1936,512300.0,2026-08-27,Active,,,0,0.0,1,No,Yes,2026-08-27,2026-08-27
INSERT,2026-08-27T00:00:00,2026-08-27,PT0565734,LST0565734,AG00114,LOC0211,Townhouse,2,2.0,1771,3246,1996,626200.0,2026-08-27,Active,,,0,506.66,2,Yes,No,2026-08-27,2026-08-27
INSERT,2026-08-27T00:00:00,2026-08-27,PT0565735,LST0565735,AG00450,LOC0224,Multi-Family,2,3.5,1744,1678,1989,458000.0,2026-08-27,Active,,,0,0.0,3,No,No,2026-08-27,2026-08-27
INSERT,2026-08-27T00:00:00,2026-08-27,PT0565736,LST0565736,AG01542,LOC0206,Townhouse,6,1.5,1553,14545,1999,303500.0,2026-08-27,Active,,,0,400.5,3,No,No,2026-08-27,2026-08-27
INSERT,2026-08-27T00:00:00,2026-08-27,PT0565737,LST0565737,AG00510,LOC0126,Condo,2,2.0,2650,1527,1963,698200.0,2026-08-27,Active,,,0,740.76,0,No,No,2026-08-27,2026-08-27
INSERT,2026-08-27T00:00:00,2026-08-27,PT0565738,LST0565738,AG01118,LOC0006,Multi-Family,6,3.5,1949,1723,1965,263500.0,2026-08-27,Active,,,0,0.0,3,No,No,2026-08-27,2026-08-27
INSERT,2026-08-27T00:00:00,2026-08-27,PT0565739,LST0565739,AG00065,LOC0212,Single Family,4,1.5,2152,3943,2005,792700.0,2026-08-27,Active,,,0,0.0,1,No,No,2026-08-27,2026-08-27
INSERT,2026-08-27T00:00:00,2026-08-27,PT0565740,LST0565740,AG01433,LOC0005,Single Family,6,4.0,1612,1365,1910,606300.0,2026-08-27,Active,,,0,0.0,0,No,No,2026-08-27,2026-08-27
INSERT,2026-08-27T00:00:00,2026-08-27,PT0565741,LST0565741,AG00177,LOC0217,Single Family,6,3.0,2177,1796,1960,176900.0,2026-08-27,Active,,,0,0.0,1,No,No,2026-08-27,2026-08-27
INSERT,2026-08-27T00:00:00,2026-08-27,PT0565742,LST0565742,AG01030,LOC0154,Single Family,4,3.0,2094,2654,1960,545500.0,2026-08-27,Active,,,0,0.0,3,Yes,No,2026-08-27,2026-08-27
INSERT,2026-08-27T00:00:00,2026-08-27,PT0565743,LST0565743,AG01399,LOC0079,Single Family,6,4.0,1095,5132,2014,123900.0,2026-08-27,Active,,,0,0.0,0,No,No,2026-08-27,2026-08-27
INSERT,2026-08-27T00:00:00,2026-08-27,PT0565744,LST0565744,AG02064,LOC0025,Single Family,5,1.5,2965,1662,1940,1049700.0,2026-08-27,Active,,,0,0.0,3,No,Yes,2026-08-27,2026-08-27
INSERT,2026-08-27T00:00:00,2026-08-27,PT0565745,LST0565745,AG01251,LOC0125,Single Family,6,4.0,1608,10506,1980,88800.0,2026-08-27,Active,,,0,0.0,0,No,No,2026-08-27,2026-08-27
INSERT,2026-08-27T00:00:00,2026-08-27,PT0565746,LST0565746,AG02723,LOC0088,Townhouse,1,1.0,1776,2845,1977,237900.0,2026-08-27,Active,,,0,721.96,2,No,No,2026-08-27,2026-08-27
INSERT,2026-08-27T00:00:00,2026-08-27,PT0565747,LST0565747,AG00302,LOC0032,Apartment,6,4.5,654,0,2009,88100.0,2026-08-27,Active,,,0,628.09,1,Yes,No,2026-08-27,2026-08-27
INSERT,2026-08-27T00:00:00,2026-08-27,PT0565748,LST0565748,AG02314,LOC0051,Single Family,3,1.5,1409,10317,1909,249400.0,2026-08-27,Active,,,0,0.0,0,No,Yes,2026-08-27,2026-08-27
INSERT,2026-08-27T00:00:00,2026-08-27,PT0565749,LST0565749,AG00052,LOC0066,Condo,1,2.0,2317,2601,2007,696300.0,2026-08-27,Active,,,0,574.35,3,No,No,2026-08-27,2026-08-27
INSERT,2026-08-27T00:00:00,2026-08-27,PT0565750,LST0565750,AG00301,LOC0056,Single Family,6,4.0,2236,4042,1934,1224800.0,2026-08-27,Active,,,0,0.0,1,Yes,No,2026-08-27,2026-08-27
INSERT,2026-08-27T00:00:00,2026-08-27,PT0565751,LST0565751,AG01558,LOC0023,Single Family,6,1.5,2142,2032,1919,504600.0,2026-08-27,Active,,,0,0.0,1,No,Yes,2026-08-27,2026-08-27
INSERT,2026-08-27T00:00:00,2026-08-27,PT0565752,LST0565752,AG01513,LOC0245,Condo,6,3.5,2858,1770,2008,491300.0,2026-08-27,Active,,,0,167.21,1,Yes,No,2026-08-27,2026-08-27
INSERT,2026-08-27T00:00:00,2026-08-27,PT0565753,LST0565753,AG01276,LOC0027,Multi-Family,2,2.0,2443,4499,1925,730900.0,2026-08-27,Active,,,0,0.0,1,Yes,No,2026-08-27,2026-08-27
INSERT,2026-08-27T00:00:00,2026-08-27,PT0565754,LST0565754,AG01574,LOC0143,Condo,3,2.5,2173,1725,1903,284300.0,2026-08-27,Active,,,0,528.42,0,No,No,2026-08-27,2026-08-27
INSERT,2026-08-27T00:00:00,2026-08-27,PT0565755,LST0565755,AG02831,LOC0146,Single Family,3,1.0,710,4923,1996,60100.0,2026-08-27,Active,,,0,0.0,3,No,No,2026-08-27,2026-08-27
INSERT,2026-08-27T00:00:00,2026-08-27,PT0565756,LST0565756,AG02767,LOC0090,Townhouse,5,1.5,1624,3003,1942,421500.0,2026-08-27,Active,,,0,377.89,0,No,No,2026-08-27,2026-08-27
INSERT,2026-08-27T00:00:00,2026-08-27,PT0565757,LST0565757,AG00709,LOC0211,Single Family,6,2.0,2232,3214,1929,989600.0,2026-08-27,Active,,,0,0.0,2,Yes,No,2026-08-27,2026-08-27
INSERT,2026-08-27T00:00:00,2026-08-27,PT0565758,LST0565758,AG02854,LOC0201,Land,0,0.0,6994,6475,1918,1248900.0,2026-08-27,Active,,,0,0.0,0,No,No,2026-08-27,2026-08-27
INSERT,2026-08-27T00:00:00,2026-08-27,PT0565759,LST0565759,AG01691,LOC0099,Apartment,1,2.5,468,0,1912,136900.0,2026-08-27,Active,,,0,576.52,1,No,No,2026-08-27,2026-08-27
INSERT,2026-08-27T00:00:00,2026-08-27,PT0565760,LST0565760,AG00114,LOC0100,Single Family,5,2.0,1650,6192,1983,169100.0,2026-08-27,Active,,,0,0.0,2,No,No,2026-08-27,2026-08-27
INSERT,2026-08-27T00:00:00,2026-08-27,PT0565761,LST0565761,AG00855,LOC0149,Condo,1,4.5,720,18961,1943,178000.0,2026-08-27,Active,,,0,147.75,3,No,No,2026-08-27,2026-08-27
INSERT,2026-08-27T00:00:00,2026-08-27,PT0565762,LST0565762,AG02519,LOC0006,Single Family,2,3.5,3296,10585,1930,370000.0,2026-08-27,Active,,,0,0.0,2,No,No,2026-08-27,2026-08-27
INSERT,2026-08-27T00:00:00,2026-08-27,PT0565763,LST0565763,AG01789,LOC0156,Single Family,5,1.0,2256,4001,2012,725600.0,2026-08-27,Active,,,0,0.0,0,No,No,2026-08-27,2026-08-27
INSERT,2026-08-27T00:00:00,2026-08-27,PT0565764,LST0565764,AG01298,LOC0079,Townhouse,4,3.5,1249,4530,1971,100700.0,2026-08-27,Active,,,0,245.44,2,No,No,2026-08-27,2026-08-27
INSERT,2026-08-27T00:00:00,2026-08-27,PT0565765,LST0565765,AG01507,LOC0021,Single Family,2,3.5,1154,4319,1949,104600.0,2026-08-27,Active,,,0,0.0,2,No,No,2026-08-27,2026-08-27
INSERT,2026-08-27T00:00:00,2026-08-27,PT0565766,LST0565766,AG01506,LOC0053,Single Family,5,2.0,1823,1571,2018,556400.0,2026-08-27,Active,,,0,0.0,0,No,No,2026-08-27,2026-08-27
INSERT,2026-08-27T00:00:00,2026-08-27,PT0565767,LST0565767,AG01330,LOC0188,Condo,5,3.0,2280,2788,1985,640500.0,2026-08-27,Active,,,0,249.47,0,No,No,2026-08-27,2026-08-27
INSERT,2026-08-27T00:00:00,2026-08-27,PT0565768,LST0565768,AG01315,LOC0136,Single Family,2,1.0,2885,3139,1919,486800.0,2026-08-27,Active,,,0,0.0,2,No,No,2026-08-27,2026-08-27
INSERT,2026-08-27T00:00:00,2026-08-27,PT0565769,LST0565769,AG01688,LOC0033,Condo,5,4.0,1440,4797,1998,421400.0,2026-08-27,Active,,,0,221.19,3,No,No,2026-08-27,2026-08-27
INSERT,2026-08-27T00:00:00,2026-08-27,PT0565770,LST0565770,AG02675,LOC0234,Single Family,2,3.0,1586,1891,1985,225300.0,2026-08-27,Active,,,0,0.0,2,No,No,2026-08-27,2026-08-27
INSERT,2026-08-27T00:00:00,2026-08-27,PT0565771,LST0565771,AG01283,LOC0041,Land,0,0.0,6163,1688,1945,1104000.0,2026-08-27,Active,,,0,0.0,0,No,No,2026-08-27,2026-08-27
INSERT,2026-08-27T00:00:00,2026-08-27,PT0565772,LST0565772,AG02690,LOC0198,Single Family,6,3.0,1740,7252,1905,192300.0,2026-08-27,Active,,,0,0.0,3,No,Yes,2026-08-27,2026-08-27
INSERT,2026-08-27T00:00:00,2026-08-27,PT0565773,LST0565773,AG00592,LOC0086,Single Family,3,1.5,741,14065,1917,112400.0,2026-08-27,Active,,,0,0.0,0,No,No,2026-08-27,2026-08-27
INSERT,2026-08-27T00:00:00,2026-08-27,PT0565774,LST0565774,AG02672,LOC0113,Land,0,0.0,3560,7579,1940,755800.0,2026-08-27,Active,,,0,0.0,0,No,No,2026-08-27,2026-08-27
INSERT,2026-08-27T00:00:00,2026-08-27,PT0565775,LST0565775,AG00109,LOC0012,Single Family,5,1.0,2938,5646,1933,1559800.0,2026-08-27,Active,,,0,0.0,0,No,No,2026-08-27,2026-08-27
INSERT,2026-08-27T00:00:00,2026-08-27,PT0565776,LST0565776,AG00321,LOC0026,Single Family,2,4.0,1650,8846,1993,578600.0,2026-08-27,Active,,,0,0.0,2,No,Yes,2026-08-27,2026-08-27
INSERT,2026-08-27T00:00:00,2026-08-27,PT0565777,LST0565777,AG01119,LOC0037,Townhouse,2,4.0,2128,2427,1957,904900.0,2026-08-27,Active,,,0,473.81,0,No,No,2026-08-27,2026-08-27
INSERT,2026-08-27T00:00:00,2026-08-27,PT0565778,LST0565778,AG02988,LOC0166,Condo,4,2.0,1296,8067,2010,393000.0,2026-08-27,Active,,,0,249.48,0,No,No,2026-08-27,2026-08-27
INSERT,2026-08-27T00:00:00,2026-08-27,PT0565779,LST0565779,AG00360,LOC0217,Condo,1,3.5,1281,1145,1972,100200.0,2026-08-27,Active,,,0,160.72,1,No,No,2026-08-27,2026-08-27
INSERT,2026-08-27T00:00:00,2026-08-27,PT0565780,LST0565780,AG02376,LOC0018,Condo,2,4.0,1576,18063,1963,522800.0,2026-08-27,Active,,,0,80.65,1,No,No,2026-08-27,2026-08-27
INSERT,2026-08-27T00:00:00,2026-08-27,PT0565781,LST0565781,AG00231,LOC0236,Single Family,4,4.0,1040,3347,1926,110600.0,2026-08-27,Active,,,0,0.0,1,No,No,2026-08-27,2026-08-27
INSERT,2026-08-27T00:00:00,2026-08-27,PT0565782,LST0565782,AG02126,LOC0121,Condo,4,3.5,1890,4961,1974,257300.0,2026-08-27,Active,,,0,631.92,0,No,No,2026-08-27,2026-08-27
INSERT,2026-08-27T00:00:00,2026-08-27,PT0565783,LST0565783,AG02513,LOC0151,Multi-Family,4,1.5,3584,1689,1961,1126500.0,2026-08-27,Active,,,0,0.0,3,No,Yes,2026-08-27,2026-08-27
INSERT,2026-08-27T00:00:00,2026-08-27,PT0565784,LST0565784,AG00725,LOC0117,Townhouse,1,1.0,746,2607,1920,452500.0,2026-08-27,Active,,,0,383.18,0,No,No,2026-08-27,2026-08-27
INSERT,2026-08-27T00:00:00,2026-08-27,PT0565785,LST0565785,AG01749,LOC0088,Single Family,5,4.5,2979,3140,2007,474800.0,2026-08-27,Active,,,0,0.0,3,No,No,2026-08-27,2026-08-27
INSERT,2026-08-27T00:00:00,2026-08-27,PT0565786,LST0565786,AG01289,LOC0193,Townhouse,4,3.5,3251,14603,1992,1483100.0,2026-08-27,Active,,,0,474.83,0,No,No,2026-08-27,2026-08-27
INSERT,2026-08-27T00:00:00,2026-08-27,PT0565787,LST0565787,AG00792,LOC0009,Single Family,5,2.0,869,1543,1917,223600.0,2026-08-27,Active,,,0,0.0,0,No,Yes,2026-08-27,2026-08-27
INSERT,2026-08-27T00:00:00,2026-08-27,PT0565788,LST0565788,AG00504,LOC0220,Multi-Family,3,1.5,4154,4494,1920,1809100.0,2026-08-27,Active,,,0,0.0,2,No,Yes,2026-08-27,2026-08-27
INSERT,2026-08-27T00:00:00,2026-08-27,PT0565789,LST0565789,AG02128,LOC0161,Single Family,4,4.0,978,5146,2004,203500.0,2026-08-27,Active,,,0,0.0,1,Yes,No,2026-08-27,2026-08-27
INSERT,2026-08-27T00:00:00,2026-08-27,PT0565790,LST0565790,AG01115,LOC0134,Single Family,1,4.0,1045,1716,2007,280100.0,2026-08-27,Active,,,0,0.0,1,No,Yes,2026-08-27,2026-08-27
INSERT,2026-08-27T00:00:00,2026-08-27,PT0565791,LST0565791,AG00507,LOC0047,Multi-Family,1,2.5,559,3540,1942,186900.0,2026-08-27,Active,,,0,0.0,2,Yes,No,2026-08-27,2026-08-27
INSERT,2026-08-27T00:00:00,2026-08-27,PT0565792,LST0565792,AG00267,LOC0072,Land,0,0.0,5432,9118,1993,414500.0,2026-08-27,Active,,,0,0.0,0,No,No,2026-08-27,2026-08-27
INSERT,2026-08-27T00:00:00,2026-08-27,PT0565793,LST0565793,AG00513,LOC0109,Single Family,5,1.0,1407,2201,1904,672300.0,2026-08-27,Active,,,0,0.0,2,No,No,2026-08-27,2026-08-27
INSERT,2026-08-27T00:00:00,2026-08-27,PT0565794,LST0565794,AG02537,LOC0123,Townhouse,1,4.0,1281,2367,2023,249700.0,2026-08-27,Active,,,0,737.07,1,No,No,2026-08-27,2026-08-27
INSERT,2026-08-27T00:00:00,2026-08-27,PT0565795,LST0565795,AG02988,LOC0129,Multi-Family,5,4.5,1394,5926,1964,293600.0,2026-08-27,Active,,,0,0.0,0,Yes,No,2026-08-27,2026-08-27
INSERT,2026-08-27T00:00:00,2026-08-27,PT0565796,LST0565796,AG00731,LOC0202,Townhouse,3,4.0,1532,5287,2001,441900.0,2026-08-27,Active,,,0,224.4,2,No,No,2026-08-27,2026-08-27
INSERT,2026-08-27T00:00:00,2026-08-27,PT0565797,LST0565797,AG02233,LOC0143,Multi-Family,2,3.5,1389,2219,1970,112300.0,2026-08-27,Active,,,0,0.0,1,No,Yes,2026-08-27,2026-08-27
INSERT,2026-08-27T00:00:00,2026-08-27,PT0565798,LST0565798,AG02175,LOC0235,Townhouse,3,4.0,2779,28433,1904,1304800.0,2026-08-27,Active,,,0,529.41,2,No,No,2026-08-27,2026-08-27
INSERT,2026-08-27T00:00:00,2026-08-27,PT0565799,LST0565799,AG02035,LOC0013,Single Family,1,4.0,1925,11462,1952,250900.0,2026-08-27,Active,,,0,0.0,0,No,No,2026-08-27,2026-08-27
INSERT,2026-08-27T00:00:00,2026-08-27,PT0565800,LST0565800,AG02058,LOC0172,Single Family,6,4.0,2479,2334,2001,833000.0,2026-08-27,Active,,,0,0.0,3,No,No,2026-08-27,2026-08-27
INSERT,2026-08-27T00:00:00,2026-08-27,PT0565801,LST0565801,AG01795,LOC0029,Single Family,2,3.5,2186,15372,1935,1163200.0,2026-08-27,Active,,,0,0.0,0,No,No,2026-08-27,2026-08-27
INSERT,2026-08-27T00:00:00,2026-08-27,PT0565802,LST0565802,AG02378,LOC0104,Single Family,3,4.0,2421,19409,1958,834300.0,2026-08-27,Active,,,0,0.0,0,No,Yes,2026-08-27,2026-08-27
INSERT,2026-08-27T00:00:00,2026-08-27,PT0565803,LST0565803,AG02703,LOC0079,Townhouse,5,2.0,1532,2371,1910,179900.0,2026-08-27,Active,,,0,260.53,1,No,No,2026-08-27,2026-08-27
INSERT,2026-08-27T00:00:00,2026-08-27,PT0565804,LST0565804,AG01502,LOC0193,Single Family,4,2.5,1741,5627,2022,476700.0,2026-08-27,Active,,,0,0.0,2,No,Yes,2026-08-27,2026-08-27
INSERT,2026-08-27T00:00:00,2026-08-27,PT0565805,LST0565805,AG02756,LOC0194,Land,0,0.0,2590,5129,1966,907900.0,2026-08-27,Active,,,0,0.0,0,No,No,2026-08-27,2026-08-27
INSERT,2026-08-27T00:00:00,2026-08-27,PT0565806,LST0565806,AG00103,LOC0195,Townhouse,4,1.5,953,3025,1967,239800.0,2026-08-27,Active,,,0,505.54,1,No,No,2026-08-27,2026-08-27
INSERT,2026-08-27T00:00:00,2026-08-27,PT0565807,LST0565807,AG02592,LOC0091,Townhouse,4,1.0,1825,1147,1996,507300.0,2026-08-27,Active,,,0,453.07,0,No,No,2026-08-27,2026-08-27
INSERT,2026-08-27T00:00:00,2026-08-27,PT0565808,LST0565808,AG00017,LOC0071,Single Family,2,4.0,2233,6950,2002,972700.0,2026-08-27,Active,,,0,0.0,2,No,No,2026-08-27,2026-08-27
INSERT,2026-08-27T00:00:00,2026-08-27,PT0565809,LST0565809,AG00397,LOC0184,Single Family,3,3.5,1549,4220,1965,540400.0,2026-08-27,Active,,,0,0.0,0,No,No,2026-08-27,2026-08-27
INSERT,2026-08-27T00:00:00,2026-08-27,PT0565810,LST0565810,AG00161,LOC0178,Apartment,3,2.0,983,0,1925,183300.0,2026-08-27,Active,,,0,461.34,3,No,No,2026-08-27,2026-08-27
INSERT,2026-08-27T00:00:00,2026-08-27,PT0565811,LST0565811,AG02185,LOC0075,Townhouse,5,2.5,3400,9002,1989,580000.0,2026-08-27,Active,,,0,673.91,2,No,No,2026-08-27,2026-08-27
INSERT,2026-08-27T00:00:00,2026-08-27,PT0565812,LST0565812,AG02344,LOC0016,Townhouse,6,2.0,2585,1108,1978,376500.0,2026-08-27,Active,,,0,686.42,1,Yes,No,2026-08-27,2026-08-27
INSERT,2026-08-27T00:00:00,2026-08-27,PT0565813,LST0565813,AG01054,LOC0250,Single Family,3,1.0,812,12494,2010,234400.0,2026-08-27,Active,,,0,0.0,0,No,Yes,2026-08-27,2026-08-27
INSERT,2026-08-27T00:00:00,2026-08-27,PT0565814,LST0565814,AG01294,LOC0245,Single Family,5,4.0,2107,1824,1918,436600.0,2026-08-27,Active,,,0,0.0,1,No,No,2026-08-27,2026-08-27
INSERT,2026-08-27T00:00:00,2026-08-27,PT0565815,LST0565815,AG01760,LOC0013,Condo,6,2.5,2241,1989,1969,435500.0,2026-08-27,Active,,,0,553.08,1,No,No,2026-08-27,2026-08-27
INSERT,2026-08-27T00:00:00,2026-08-27,PT0565816,LST0565816,AG01278,LOC0092,Single Family,1,4.5,2278,1416,2010,711000.0,2026-08-27,Active,,,0,0.0,3,Yes,Yes,2026-08-27,2026-08-27
INSERT,2026-08-27T00:00:00,2026-08-27,PT0565817,LST0565817,AG00285,LOC0185,Condo,6,4.0,2448,3831,1980,1046100.0,2026-08-27,Active,,,0,84.25,3,No,No,2026-08-27,2026-08-27
INSERT,2026-08-27T00:00:00,2026-08-27,PT0565818,LST0565818,AG00303,LOC0115,Townhouse,5,2.0,2261,1998,2002,255400.0,2026-08-27,Active,,,0,580.14,1,No,No,2026-08-27,2026-08-27
INSERT,2026-08-27T00:00:00,2026-08-27,PT0565819,LST0565819,AG01755,LOC0210,Single Family,5,2.5,1580,10716,1924,468700.0,2026-08-27,Active,,,0,0.0,2,No,Yes,2026-08-27,2026-08-27
INSERT,2026-08-27T00:00:00,2026-08-27,PT0565820,LST0565820,AG01932,LOC0092,Condo,1,4.5,1691,7448,1987,507400.0,2026-08-27,Active,,,0,334.01,3,No,No,2026-08-27,2026-08-27
INSERT,2026-08-27T00:00:00,2026-08-27,PT0565821,LST0565821,AG01683,LOC0138,Single Family,1,2.5,2128,6194,1999,232000.0,2026-08-27,Active,,,0,0.0,1,No,Yes,2026-08-27,2026-08-27
INSERT,2026-08-27T00:00:00,2026-08-27,PT0565822,LST0565822,AG01824,LOC0049,Condo,2,2.5,1871,7354,1919,413900.0,2026-08-27,Active,,,0,553.85,3,No,No,2026-08-27,2026-08-27
INSERT,2026-08-27T00:00:00,2026-08-27,PT0565823,LST0565823,AG00101,LOC0077,Single Family,3,1.0,1366,10299,1935,374300.0,2026-08-27,Active,,,0,0.0,3,No,Yes,2026-08-27,2026-08-27
INSERT,2026-08-27T00:00:00,2026-08-27,PT0565824,LST0565824,AG00912,LOC0068,Single Family,5,1.5,2348,3464,1971,786800.0,2026-08-27,Active,,,0,0.0,2,Yes,No,2026-08-27,2026-08-27
INSERT,2026-08-27T00:00:00,2026-08-27,PT0565825,LST0565825,AG02858,LOC0166,Single Family,1,2.5,1691,5509,1904,700400.0,2026-08-27,Active,,,0,0.0,1,Yes,Yes,2026-08-27,2026-08-27
INSERT,2026-08-27T00:00:00,2026-08-27,PT0565826,LST0565826,AG00659,LOC0198,Single Family,3,4.5,1910,3022,1995,263200.0,2026-08-27,Active,,,0,0.0,0,Yes,No,2026-08-27,2026-08-27
INSERT,2026-08-27T00:00:00,2026-08-27,PT0565827,LST0565827,AG00081,LOC0126,Apartment,5,3.5,386,0,1990,90500.0,2026-08-27,Active,,,0,785.51,1,No,No,2026-08-27,2026-08-27
INSERT,2026-08-27T00:00:00,2026-08-27,PT0565828,LST0565828,AG01071,LOC0081,Single Family,3,4.0,2272,6594,1938,359600.0,2026-08-27,Active,,,0,0.0,1,No,Yes,2026-08-27,2026-08-27
INSERT,2026-08-27T00:00:00,2026-08-27,PT0565829,LST0565829,AG02172,LOC0081,Single Family,1,1.0,1840,9729,2021,492800.0,2026-08-27,Active,,,0,0.0,2,No,Yes,2026-08-27,2026-08-27
INSERT,2026-08-27T00:00:00,2026-08-27,PT0565830,LST0565830,AG00769,LOC0124,Condo,4,2.0,1638,1512,2009,288900.0,2026-08-27,Active,,,0,717.11,1,No,No,2026-08-27,2026-08-27
INSERT,2026-08-27T00:00:00,2026-08-27,PT0565831,LST0565831,AG00589,LOC0020,Condo,5,2.5,1675,8420,1981,326500.0,2026-08-27,Active,,,0,288.75,2,No,No,2026-08-27,2026-08-27
INSERT,2026-08-27T00:00:00,2026-08-27,PT0565832,LST0565832,AG01021,LOC0182,Townhouse,4,2.5,1681,7495,1990,771100.0,2026-08-27,Active,,,0,679.68,2,No,No,2026-08-27,2026-08-27
INSERT,2026-08-27T00:00:00,2026-08-27,PT0565833,LST0565833,AG01781,LOC0193,Multi-Family,4,1.5,2785,1114,1979,738000.0,2026-08-27,Active,,,0,0.0,0,Yes,No,2026-08-27,2026-08-27
INSERT,2026-08-27T00:00:00,2026-08-27,PT0565834,LST0565834,AG02535,LOC0123,Single Family,2,3.5,300,2067,2015,56100.0,2026-08-27,Active,,,0,0.0,2,No,Yes,2026-08-27,2026-08-27
INSERT,2026-08-27T00:00:00,2026-08-27,PT0565835,LST0565835,AG02523,LOC0148,Townhouse,5,3.5,2978,2706,1970,1326700.0,2026-08-27,Active,,,0,135.92,2,Yes,No,2026-08-27,2026-08-27
INSERT,2026-08-27T00:00:00,2026-08-27,PT0565836,LST0565836,AG01686,LOC0163,Single Family,3,3.0,644,9729,1984,211700.0,2026-08-27,Active,,,0,0.0,0,No,Yes,2026-08-27,2026-08-27
INSERT,2026-08-27T00:00:00,2026-08-27,PT0565837,LST0565837,AG02719,LOC0076,Condo,3,2.0,1333,3841,1995,270900.0,2026-08-27,Active,,,0,244.64,3,No,No,2026-08-27,2026-08-27
INSERT,2026-08-27T00:00:00,2026-08-27,PT0565838,LST0565838,AG01082,LOC0152,Single Family,6,3.5,1397,1659,1912,591100.0,2026-08-27,Active,,,0,0.0,1,No,Yes,2026-08-27,2026-08-27
INSERT,2026-08-27T00:00:00,2026-08-27,PT0565839,LST0565839,AG00380,LOC0231,Apartment,4,4.0,180,0,1935,19900.0,2026-08-27,Active,,,0,414.93,2,No,No,2026-08-27,2026-08-27
INSERT,2026-08-27T00:00:00,2026-08-27,PT0565840,LST0565840,AG01195,LOC0090,Condo,5,4.0,2155,4052,1917,1152100.0,2026-08-27,Active,,,0,629.74,1,No,No,2026-08-27,2026-08-27
INSERT,2026-08-27T00:00:00,2026-08-27,PT0565841,LST0565841,AG00789,LOC0128,Single Family,4,3.5,1793,1078,1948,486300.0,2026-08-27,Active,,,0,0.0,2,No,Yes,2026-08-27,2026-08-27
INSERT,2026-08-27T00:00:00,2026-08-27,PT0565842,LST0565842,AG00367,LOC0101,Apartment,5,1.5,859,0,1967,244800.0,2026-08-27,Active,,,0,578.46,1,No,No,2026-08-27,2026-08-27
INSERT,2026-08-27T00:00:00,2026-08-27,PT0565843,LST0565843,AG00933,LOC0126,Multi-Family,5,3.5,3238,6087,2003,936500.0,2026-08-27,Active,,,0,0.0,1,No,Yes,2026-08-27,2026-08-27
INSERT,2026-08-27T00:00:00,2026-08-27,PT0565844,LST0565844,AG00949,LOC0065,Single Family,5,1.5,1048,2008,1963,247800.0,2026-08-27,Active,,,0,0.0,3,No,No,2026-08-27,2026-08-27
INSERT,2026-08-27T00:00:00,2026-08-27,PT0565845,LST0565845,AG00226,LOC0196,Townhouse,2,4.0,779,3970,1931,271300.0,2026-08-27,Active,,,0,594.45,2,No,No,2026-08-27,2026-08-27
INSERT,2026-08-27T00:00:00,2026-08-27,PT0565846,LST0565846,AG02832,LOC0087,Single Family,3,3.5,3074,5101,2020,1197800.0,2026-08-27,Active,,,0,0.0,2,No,No,2026-08-27,2026-08-27
INSERT,2026-08-27T00:00:00,2026-08-27,PT0565847,LST0565847,AG02861,LOC0015,Single Family,5,4.5,1280,1035,1935,419800.0,2026-08-27,Active,,,0,0.0,3,No,No,2026-08-27,2026-08-27
INSERT,2026-08-27T00:00:00,2026-08-27,PT0565848,LST0565848,AG00552,LOC0115,Single Family,2,1.0,1471,3359,2005,229500.0,2026-08-27,Active,,,0,0.0,2,Yes,No,2026-08-27,2026-08-27
INSERT,2026-08-27T00:00:00,2026-08-27,PT0565849,LST0565849,AG01689,LOC0155,Apartment,3,4.5,695,0,1909,202300.0,2026-08-27,Active,,,0,325.73,0,No,No,2026-08-27,2026-08-27
INSERT,2026-08-27T00:00:00,2026-08-27,PT0565850,LST0565850,AG02329,LOC0115,Single Family,5,3.0,2106,7792,2009,462400.0,2026-08-27,Active,,,0,0.0,3,No,No,2026-08-27,2026-08-27
INSERT,2026-08-27T00:00:00,2026-08-27,PT0565851,LST0565851,AG00601,LOC0001,Single Family,4,1.0,1687,2586,2007,319400.0,2026-08-27,Active,,,0,0.0,1,Yes,No,2026-08-27,2026-08-27
INSERT,2026-08-27T00:00:00,2026-08-27,PT0565852,LST0565852,AG02173,LOC0012,Apartment,1,1.5,1259,0,1906,481700.0,2026-08-27,Active,,,0,92.4,0,No,No,2026-08-27,2026-08-27
INSERT,2026-08-27T00:00:00,2026-08-27,PT0565853,LST0565853,AG01597,LOC0186,Multi-Family,1,1.5,540,5615,1952,71100.0,2026-08-27,Active,,,0,0.0,2,No,No,2026-08-27,2026-08-27
INSERT,2026-08-27T00:00:00,2026-08-27,PT0565854,LST0565854,AG02464,LOC0114,Townhouse,1,3.0,1296,3039,1957,262400.0,2026-08-27,Active,,,0,620.42,1,No,No,2026-08-27,2026-08-27
INSERT,2026-08-27T00:00:00,2026-08-27,PT0565855,LST0565855,AG01800,LOC0149,Single Family,3,3.5,1524,2551,1903,325700.0,2026-08-27,Active,,,0,0.0,2,No,No,2026-08-27,2026-08-27
INSERT,2026-08-27T00:00:00,2026-08-27,PT0565856,LST0565856,AG01241,LOC0181,Single Family,6,1.5,748,2695,2021,94900.0,2026-08-27,Active,,,0,0.0,1,No,No,2026-08-27,2026-08-27
INSERT,2026-08-27T00:00:00,2026-08-27,PT0565857,LST0565857,AG02081,LOC0170,Single Family,1,3.5,529,5393,1992,127800.0,2026-08-27,Active,,,0,0.0,2,No,No,2026-08-27,2026-08-27
INSERT,2026-08-27T00:00:00,2026-08-27,PT0565858,LST0565858,AG02096,LOC0083,Multi-Family,2,1.0,3877,5891,1913,1643100.0,2026-08-27,Active,,,0,0.0,1,Yes,No,2026-08-27,2026-08-27
INSERT,2026-08-27T00:00:00,2026-08-27,PT0565859,LST0565859,AG00228,LOC0227,Townhouse,3,4.5,1457,4745,1992,434600.0,2026-08-27,Active,,,0,170.52,0,No,No,2026-08-27,2026-08-27
INSERT,2026-08-27T00:00:00,2026-08-27,PT0565860,LST0565860,AG01289,LOC0196,Single Family,2,1.0,2284,8298,1936,746300.0,2026-08-27,Active,,,0,0.0,3,No,No,2026-08-27,2026-08-27
INSERT,2026-08-27T00:00:00,2026-08-27,PT0565861,LST0565861,AG01194,LOC0049,Apartment,3,1.0,836,0,1974,357000.0,2026-08-27,Active,,,0,673.47,0,No,No,2026-08-27,2026-08-27
INSERT,2026-08-27T00:00:00,2026-08-27,PT0565862,LST0565862,AG01528,LOC0181,Single Family,4,3.0,3167,10601,1979,915400.0,2026-08-27,Active,,,0,0.0,0,Yes,Yes,2026-08-27,2026-08-27
INSERT,2026-08-27T00:00:00,2026-08-27,PT0565863,LST0565863,AG02457,LOC0229,Condo,5,1.5,1463,5349,1958,281800.0,2026-08-27,Active,,,0,656.97,3,No,No,2026-08-27,2026-08-27
INSERT,2026-08-27T00:00:00,2026-08-27,PT0565864,LST0565864,AG00106,LOC0217,Single Family,4,3.0,1301,1531,1942,174500.0,2026-08-27,Active,,,0,0.0,0,No,No,2026-08-27,2026-08-27
INSERT,2026-08-27T00:00:00,2026-08-27,PT0565865,LST0565865,AG01808,LOC0068,Single Family,2,3.0,1741,1102,1959,404500.0,2026-08-27,Active,,,0,0.0,3,No,Yes,2026-08-27,2026-08-27
INSERT,2026-08-27T00:00:00,2026-08-27,PT0565866,LST0565866,AG02811,LOC0208,Single Family,5,3.5,1822,7395,1967,502200.0,2026-08-27,Active,,,0,0.0,0,No,No,2026-08-27,2026-08-27
INSERT,2026-08-27T00:00:00,2026-08-27,PT0565867,LST0565867,AG01348,LOC0151,Condo,4,4.0,2197,2489,2002,406600.0,2026-08-27,Active,,,0,251.85,1,No,No,2026-08-27,2026-08-27
INSERT,2026-08-27T00:00:00,2026-08-27,PT0565868,LST0565868,AG01932,LOC0245,Land,0,0.0,7354,2000,1932,1153400.0,2026-08-27,Active,,,0,0.0,0,No,No,2026-08-27,2026-08-27
INSERT,2026-08-27T00:00:00,2026-08-27,PT0565869,LST0565869,AG00818,LOC0169,Single Family,4,3.0,2258,3844,2019,793800.0,2026-08-27,Active,,,0,0.0,1,No,No,2026-08-27,2026-08-27
INSERT,2026-08-27T00:00:00,2026-08-27,PT0565870,LST0565870,AG02713,LOC0190,Single Family,4,4.5,2334,3568,2005,501000.0,2026-08-27,Active,,,0,0.0,3,No,No,2026-08-27,2026-08-27
INSERT,2026-08-27T00:00:00,2026-08-27,PT0565871,LST0565871,AG01468,LOC0117,Single Family,6,4.0,1528,1033,2012,882500.0,2026-08-27,Active,,,0,0.0,1,No,Yes,2026-08-27,2026-08-27
INSERT,2026-08-27T00:00:00,2026-08-27,PT0565872,LST0565872,AG01598,LOC0129,Single Family,4,3.0,2157,5150,2008,1201100.0,2026-08-27,Active,,,0,0.0,1,No,Yes,2026-08-27,2026-08-27
INSERT,2026-08-27T00:00:00,2026-08-27,PT0565873,LST0565873,AG00856,LOC0200,Condo,5,1.5,1333,2324,1962,204800.0,2026-08-27,Active,,,0,536.23,0,No,No,2026-08-27,2026-08-27
INSERT,2026-08-27T00:00:00,2026-08-27,PT0565874,LST0565874,AG00285,LOC0093,Single Family,4,1.5,1359,4947,1940,455100.0,2026-08-27,Active,,,0,0.0,3,No,Yes,2026-08-27,2026-08-27
INSERT,2026-08-27T00:00:00,2026-08-27,PT0565875,LST0565875,AG01823,LOC0036,Condo,2,1.5,2067,6237,1915,927800.0,2026-08-27,Active,,,0,87.82,2,No,No,2026-08-27,2026-08-27
INSERT,2026-08-27T00:00:00,2026-08-27,PT0565876,LST0565876,AG00399,LOC0121,Condo,1,1.5,2593,2849,1949,759100.0,2026-08-27,Active,,,0,620.8,0,Yes,No,2026-08-27,2026-08-27
INSERT,2026-08-27T00:00:00,2026-08-27,PT0565877,LST0565877,AG00227,LOC0169,Single Family,4,4.0,2968,5512,1936,910400.0,2026-08-27,Active,,,0,0.0,2,Yes,No,2026-08-27,2026-08-27
INSERT,2026-08-27T00:00:00,2026-08-27,PT0565878,LST0565878,AG02469,LOC0075,Single Family,5,4.5,1633,3265,1939,521100.0,2026-08-27,Active,,,0,0.0,3,Yes,Yes,2026-08-27,2026-08-27
INSERT,2026-08-27T00:00:00,2026-08-27,PT0565879,LST0565879,AG02696,LOC0121,Multi-Family,2,4.5,2687,8938,1996,744000.0,2026-08-27,Active,,,0,0.0,0,No,Yes,2026-08-27,2026-08-27
INSERT,2026-08-27T00:00:00,2026-08-27,PT0565880,LST0565880,AG00296,LOC0226,Single Family,6,1.5,300,9109,1997,52000.0,2026-08-27,Active,,,0,0.0,3,No,No,2026-08-27,2026-08-27
INSERT,2026-08-27T00:00:00,2026-08-27,PT0565881,LST0565881,AG00620,LOC0073,Apartment,3,2.0,1238,0,1972,488800.0,2026-08-27,Active,,,0,247.81,3,No,No,2026-08-27,2026-08-27
INSERT,2026-08-27T00:00:00,2026-08-27,PT0565882,LST0565882,AG00051,LOC0151,Condo,1,2.0,2335,1069,1955,464100.0,2026-08-27,Active,,,0,103.3,2,Yes,No,2026-08-27,2026-08-27
INSERT,2026-08-27T00:00:00,2026-08-27,PT0565883,LST0565883,AG02409,LOC0072,Single Family,2,4.5,1727,4335,1947,47700.0,2026-08-27,Active,,,0,0.0,2,No,No,2026-08-27,2026-08-27
INSERT,2026-08-27T00:00:00,2026-08-27,PT0565884,LST0565884,AG01160,LOC0005,Single Family,3,1.5,1489,1932,1981,326100.0,2026-08-27,Active,,,0,0.0,0,No,No,2026-08-27,2026-08-27
INSERT,2026-08-27T00:00:00,2026-08-27,PT0565885,LST0565885,AG02847,LOC0013,Single Family,5,3.0,2129,4819,2011,316700.0,2026-08-27,Active,,,0,0.0,0,No,Yes,2026-08-27,2026-08-27
INSERT,2026-08-27T00:00:00,2026-08-27,PT0565886,LST0565886,AG02526,LOC0026,Townhouse,1,4.0,2114,8661,1949,325800.0,2026-08-27,Active,,,0,127.27,2,No,No,2026-08-27,2026-08-27
INSERT,2026-08-27T00:00:00,2026-08-27,PT0565887,LST0565887,AG02290,LOC0220,Townhouse,6,2.0,1632,2402,1983,426200.0,2026-08-27,Active,,,0,202.16,1,No,No,2026-08-27,2026-08-27
INSERT,2026-08-27T00:00:00,2026-08-27,PT0565888,LST0565888,AG02515,LOC0020,Land,0,0.0,6173,3206,1956,1008200.0,2026-08-27,Active,,,0,0.0,0,No,No,2026-08-27,2026-08-27
INSERT,2026-08-27T00:00:00,2026-08-27,PT0565889,LST0565889,AG02769,LOC0153,Townhouse,6,4.5,2302,1056,1936,752300.0,2026-08-27,Active,,,0,218.3,1,Yes,No,2026-08-27,2026-08-27
INSERT,2026-08-27T00:00:00,2026-08-27,PT0565890,LST0565890,AG02427,LOC0243,Townhouse,1,2.5,1159,5460,1969,432900.0,2026-08-27,Active,,,0,453.95,1,No,No,2026-08-27,2026-08-27
INSERT,2026-08-27T00:00:00,2026-08-27,PT0565891,LST0565891,AG02976,LOC0205,Single Family,6,2.5,1407,1160,1907,489300.0,2026-08-27,Active,,,0,0.0,2,No,No,2026-08-27,2026-08-27
INSERT,2026-08-27T00:00:00,2026-08-27,PT0565892,LST0565892,AG01697,LOC0086,Land,0,0.0,3830,5549,1993,790200.0,2026-08-27,Active,,,0,0.0,0,No,No,2026-08-27,2026-08-27
INSERT,2026-08-27T00:00:00,2026-08-27,PT0565893,LST0565893,AG02380,LOC0208,Single Family,4,1.5,1587,5105,1995,467000.0,2026-08-27,Active,,,0,0.0,3,No,Yes,2026-08-27,2026-08-27
INSERT,2026-08-27T00:00:00,2026-08-27,PT0565894,LST0565894,AG02305,LOC0092,Single Family,4,2.5,786,1041,1989,74600.0,2026-08-27,Active,,,0,0.0,3,No,Yes,2026-08-27,2026-08-27
INSERT,2026-08-27T00:00:00,2026-08-27,PT0565895,LST0565895,AG02979,LOC0037,Single Family,2,4.5,2109,5745,2002,475500.0,2026-08-27,Active,,,0,0.0,2,No,No,2026-08-27,2026-08-27
INSERT,2026-08-27T00:00:00,2026-08-27,PT0565896,LST0565896,AG01059,LOC0110,Single Family,1,4.5,2181,6830,1904,650300.0,2026-08-27,Active,,,0,0.0,2,No,No,2026-08-27,2026-08-27
INSERT,2026-08-27T00:00:00,2026-08-27,PT0565897,LST0565897,AG01335,LOC0053,Condo,5,4.5,1841,5069,1928,589700.0,2026-08-27,Active,,,0,58.62,3,Yes,No,2026-08-27,2026-08-27
INSERT,2026-08-27T00:00:00,2026-08-27,PT0565898,LST0565898,AG01606,LOC0242,Multi-Family,4,1.5,2763,4106,2018,723400.0,2026-08-27,Active,,,0,0.0,1,No,No,2026-08-27,2026-08-27
INSERT,2026-08-27T00:00:00,2026-08-27,PT0565899,LST0565899,AG02006,LOC0245,Single Family,5,4.5,2866,6140,2003,604400.0,2026-08-27,Active,,,0,0.0,2,Yes,No,2026-08-27,2026-08-27
INSERT,2026-08-27T00:00:00,2026-08-27,PT0565900,LST0565900,AG01047,LOC0117,Multi-Family,2,4.0,2734,4091,1952,1120200.0,2026-08-27,Active,,,0,0.0,1,No,Yes,2026-08-27,2026-08-27
INSERT,2026-08-27T00:00:00,2026-08-27,PT0565901,LST0565901,AG02391,LOC0160,Apartment,6,4.0,1067,0,1910,65300.0,2026-08-27,Active,,,0,760.19,2,No,No,2026-08-27,2026-08-27
INSERT,2026-08-27T00:00:00,2026-08-27,PT0565902,LST0565902,AG02002,LOC0026,Single Family,2,4.0,747,6282,1985,337800.0,2026-08-27,Active,,,0,0.0,0,No,No,2026-08-27,2026-08-27
INSERT,2026-08-27T00:00:00,2026-08-27,PT0565903,LST0565903,AG02067,LOC0238,Single Family,3,1.0,2007,4778,1908,391500.0,2026-08-27,Active,,,0,0.0,0,No,Yes,2026-08-27,2026-08-27
INSERT,2026-08-27T00:00:00,2026-08-27,PT0565904,LST0565904,AG00626,LOC0155,Townhouse,4,4.0,1913,14009,1973,456900.0,2026-08-27,Active,,,0,567.29,0,No,No,2026-08-27,2026-08-27
INSERT,2026-08-27T00:00:00,2026-08-27,PT0565905,LST0565905,AG01798,LOC0163,Land,0,0.0,3103,6405,1928,1211300.0,2026-08-27,Active,,,0,0.0,0,No,No,2026-08-27,2026-08-27
INSERT,2026-08-27T00:00:00,2026-08-27,PT0565906,LST0565906,AG02032,LOC0191,Single Family,3,1.5,1677,1618,1922,948300.0,2026-08-27,Active,,,0,0.0,1,No,No,2026-08-27,2026-08-27
INSERT,2026-08-27T00:00:00,2026-08-27,PT0565907,LST0565907,AG01073,LOC0003,Single Family,3,3.5,1368,2069,1958,248100.0,2026-08-27,Active,,,0,0.0,3,No,No,2026-08-27,2026-08-27
INSERT,2026-08-27T00:00:00,2026-08-27,PT0565908,LST0565908,AG00718,LOC0234,Apartment,3,4.0,1239,0,1958,429400.0,2026-08-27,Active,,,0,751.1,3,No,No,2026-08-27,2026-08-27
INSERT,2026-08-27T00:00:00,2026-08-27,PT0565909,LST0565909,AG00280,LOC0134,Apartment,4,4.0,852,0,2019,172300.0,2026-08-27,Active,,,0,590.56,1,No,No,2026-08-27,2026-08-27
INSERT,2026-08-27T00:00:00,2026-08-27,PT0565910,LST0565910,AG01817,LOC0100,Condo,2,4.0,2006,6710,1975,169100.0,2026-08-27,Active,,,0,485.65,1,No,No,2026-08-27,2026-08-27
INSERT,2026-08-27T00:00:00,2026-08-27,PT0565911,LST0565911,AG02008,LOC0072,Townhouse,2,2.0,2165,2570,1924,155000.0,2026-08-27,Active,,,0,242.88,2,No,No,2026-08-27,2026-08-27
INSERT,2026-08-27T00:00:00,2026-08-27,PT0565912,LST0565912,AG00430,LOC0107,Multi-Family,1,2.5,761,6633,2024,273600.0,2026-08-27,Active,,,0,0.0,1,No,Yes,2026-08-27,2026-08-27
INSERT,2026-08-27T00:00:00,2026-08-27,PT0565913,LST0565913,AG01840,LOC0214,Land,0,0.0,1053,5934,1907,296200.0,2026-08-27,Active,,,0,0.0,0,No,No,2026-08-27,2026-08-27
INSERT,2026-08-27T00:00:00,2026-08-27,PT0565914,LST0565914,AG00245,LOC0039,Single Family,5,1.5,1510,9725,2001,372700.0,2026-08-27,Active,,,0,0.0,0,No,Yes,2026-08-27,2026-08-27
INSERT,2026-08-27T00:00:00,2026-08-27,PT0565915,LST0565915,AG02041,LOC0231,Townhouse,4,4.5,1780,9874,1963,348300.0,2026-08-27,Active,,,0,382.36,1,No,No,2026-08-27,2026-08-27
INSERT,2026-08-27T00:00:00,2026-08-27,PT0565916,LST0565916,AG01104,LOC0148,Single Family,5,1.0,2177,3780,1990,468200.0,2026-08-27,Active,,,0,0.0,3,No,No,2026-08-27,2026-08-27
INSERT,2026-08-27T00:00:00,2026-08-27,PT0565917,LST0565917,AG00057,LOC0244,Multi-Family,6,2.5,3400,5863,1906,459300.0,2026-08-27,Active,,,0,0.0,3,No,No,2026-08-27,2026-08-27
INSERT,2026-08-27T00:00:00,2026-08-27,PT0565918,LST0565918,AG02395,LOC0237,Single Family,6,2.5,2367,1076,1965,422700.0,2026-08-27,Active,,,0,0.0,1,No,Yes,2026-08-27,2026-08-27
INSERT,2026-08-27T00:00:00,2026-08-27,PT0565919,LST0565919,AG00734,LOC0104,Townhouse,3,2.5,2177,1493,1916,630500.0,2026-08-27,Active,,,0,684.93,1,No,No,2026-08-27,2026-08-27
INSERT,2026-08-27T00:00:00,2026-08-27,PT0565920,LST0565920,AG01363,LOC0070,Single Family,4,4.5,1708,1761,1925,303300.0,2026-08-27,Active,,,0,0.0,3,No,No,2026-08-27,2026-08-27
INSERT,2026-08-27T00:00:00,2026-08-27,PT0565921,LST0565921,AG02848,LOC0227,Townhouse,1,2.5,1689,3757,1900,353100.0,2026-08-27,Active,,,0,231.29,1,No,No,2026-08-27,2026-08-27
INSERT,2026-08-27T00:00:00,2026-08-27,PT0565922,LST0565922,AG01466,LOC0022,Land,0,0.0,5376,2897,1968,1163200.0,2026-08-27,Active,,,0,0.0,0,No,No,2026-08-27,2026-08-27
INSERT,2026-08-27T00:00:00,2026-08-27,PT0565923,LST0565923,AG00749,LOC0230,Townhouse,2,2.0,1567,7954,1988,562000.0,2026-08-27,Active,,,0,607.02,1,No,No,2026-08-27,2026-08-27
INSERT,2026-08-27T00:00:00,2026-08-27,PT0565924,LST0565924,AG02810,LOC0162,Townhouse,2,3.5,1318,10725,1968,126800.0,2026-08-27,Active,,,0,119.74,3,No,No,2026-08-27,2026-08-27
INSERT,2026-08-27T00:00:00,2026-08-27,PT0565925,LST0565925,AG01844,LOC0173,Single Family,2,2.5,1125,1802,2018,167500.0,2026-08-27,Active,,,0,0.0,3,No,No,2026-08-27,2026-08-27
INSERT,2026-08-27T00:00:00,2026-08-27,PT0565926,LST0565926,AG01904,LOC0194,Condo,2,1.5,2454,5170,1985,1510000.0,2026-08-27,Active,,,0,628.34,2,No,No,2026-08-27,2026-08-27
INSERT,2026-08-27T00:00:00,2026-08-27,PT0565927,LST0565927,AG00970,LOC0106,Single Family,4,2.5,1680,2501,1984,690300.0,2026-08-27,Active,,,0,0.0,1,No,Yes,2026-08-27,2026-08-27
INSERT,2026-08-27T00:00:00,2026-08-27,PT0565928,LST0565928,AG02717,LOC0121,Condo,6,4.0,1443,2608,2023,479100.0,2026-08-27,Active,,,0,61.1,3,Yes,No,2026-08-27,2026-08-27
INSERT,2026-08-27T00:00:00,2026-08-27,PT0565929,LST0565929,AG01235,LOC0250,Townhouse,5,1.5,1701,18435,1948,572300.0,2026-08-27,Active,,,0,211.49,0,No,No,2026-08-27,2026-08-27
INSERT,2026-08-27T00:00:00,2026-08-27,PT0565930,LST0565930,AG01334,LOC0149,Apartment,3,4.5,1248,0,1923,262600.0,2026-08-27,Active,,,0,282.79,3,No,No,2026-08-27,2026-08-27
INSERT,2026-08-27T00:00:00,2026-08-27,PT0565931,LST0565931,AG02065,LOC0170,Single Family,4,4.5,2756,2656,2025,1174100.0,2026-08-27,Active,,,0,0.0,3,No,No,2026-08-27,2026-08-27
INSERT,2026-08-27T00:00:00,2026-08-27,PT0565932,LST0565932,AG01679,LOC0235,Single Family,5,1.5,2598,13274,1935,1435400.0,2026-08-27,Active,,,0,0.0,1,No,No,2026-08-27,2026-08-27
INSERT,2026-08-27T00:00:00,2026-08-27,PT0565933,LST0565933,AG02326,LOC0038,Single Family,5,1.5,1169,5118,2010,221600.0,2026-08-27,Active,,,0,0.0,0,No,Yes,2026-08-27,2026-08-27
INSERT,2026-08-27T00:00:00,2026-08-27,PT0565934,LST0565934,AG01277,LOC0039,Condo,6,4.5,1632,1787,2014,483700.0,2026-08-27,Active,,,0,439.62,0,No,No,2026-08-27,2026-08-27
INSERT,2026-08-27T00:00:00,2026-08-27,PT0565935,LST0565935,AG00262,LOC0137,Land,0,0.0,9123,1776,2003,5025000.0,2026-08-27,Active,,,0,0.0,0,No,No,2026-08-27,2026-08-27
INSERT,2026-08-27T00:00:00,2026-08-27,PT0565936,LST0565936,AG02002,LOC0192,Single Family,4,2.5,2155,2901,1944,1264700.0,2026-08-27,Active,,,0,0.0,3,No,No,2026-08-27,2026-08-27
INSERT,2026-08-27T00:00:00,2026-08-27,PT0565937,LST0565937,AG02561,LOC0019,Condo,2,2.0,1269,19380,1905,232400.0,2026-08-27,Active,,,0,385.59,3,No,No,2026-08-27,2026-08-27
INSERT,2026-08-27T00:00:00,2026-08-27,PT0565938,LST0565938,AG02437,LOC0094,Condo,6,4.0,2370,2719,2007,280000.0,2026-08-27,Active,,,0,221.41,3,No,No,2026-08-27,2026-08-27
INSERT,2026-08-27T00:00:00,2026-08-27,PT0565939,LST0565939,AG00795,LOC0128,Single Family,6,4.0,2284,3222,1963,413300.0,2026-08-27,Active,,,0,0.0,2,No,No,2026-08-27,2026-08-27
INSERT,2026-08-27T00:00:00,2026-08-27,PT0565940,LST0565940,AG02641,LOC0186,Condo,5,3.5,3465,2734,1914,1571000.0,2026-08-27,Active,,,0,744.59,1,No,No,2026-08-27,2026-08-27
INSERT,2026-08-27T00:00:00,2026-08-27,PT0565941,LST0565941,AG01048,LOC0092,Condo,1,2.5,2050,3680,1967,344600.0,2026-08-27,Active,,,0,500.08,1,No,No,2026-08-27,2026-08-27
INSERT,2026-08-27T00:00:00,2026-08-27,PT0565942,LST0565942,AG00055,LOC0149,Apartment,1,2.0,1769,0,1915,295300.0,2026-08-27,Active,,,0,480.88,3,No,No,2026-08-27,2026-08-27
INSERT,2026-08-27T00:00:00,2026-08-27,PT0565943,LST0565943,AG02637,LOC0110,Condo,1,3.0,1463,1312,1986,499000.0,2026-08-27,Active,,,0,252.63,2,No,No,2026-08-27,2026-08-27
INSERT,2026-08-27T00:00:00,2026-08-27,PT0565944,LST0565944,AG00658,LOC0210,Single Family,1,2.0,1265,3056,1990,439200.0,2026-08-27,Active,,,0,0.0,3,No,Yes,2026-08-27,2026-08-27
INSERT,2026-08-27T00:00:00,2026-08-27,PT0565945,LST0565945,AG02218,LOC0247,Multi-Family,5,3.5,3132,1446,1961,721700.0,2026-08-27,Active,,,0,0.0,0,No,No,2026-08-27,2026-08-27
INSERT,2026-08-27T00:00:00,2026-08-27,PT0565946,LST0565946,AG00896,LOC0114,Apartment,5,1.0,1037,0,1983,260700.0,2026-08-27,Active,,,0,673.82,0,No,No,2026-08-27,2026-08-27
INSERT,2026-08-27T00:00:00,2026-08-27,PT0565947,LST0565947,AG02012,LOC0174,Single Family,3,1.5,2041,6426,1988,849300.0,2026-08-27,Active,,,0,0.0,2,No,Yes,2026-08-27,2026-08-27
INSERT,2026-08-27T00:00:00,2026-08-27,PT0565948,LST0565948,AG00432,LOC0121,Townhouse,5,1.0,1040,2977,1954,459300.0,2026-08-27,Active,,,0,517.65,3,No,No,2026-08-27,2026-08-27
INSERT,2026-08-27T00:00:00,2026-08-27,PT0565949,LST0565949,AG01013,LOC0112,Single Family,6,1.5,1687,3353,1970,229300.0,2026-08-27,Active,,,0,0.0,0,No,Yes,2026-08-27,2026-08-27
INSERT,2026-08-27T00:00:00,2026-08-27,PT0565950,LST0565950,AG02326,LOC0133,Condo,3,3.5,2330,8185,2004,509800.0,2026-08-27,Active,,,0,143.22,3,No,No,2026-08-27,2026-08-27
INSERT,2026-08-27T00:00:00,2026-08-27,PT0565951,LST0565951,AG00818,LOC0227,Single Family,4,3.5,1272,1141,2004,369600.0,2026-08-27,Active,,,0,0.0,2,No,Yes,2026-08-27,2026-08-27
INSERT,2026-08-27T00:00:00,2026-08-27,PT0565952,LST0565952,AG02141,LOC0168,Single Family,3,4.0,1561,5568,2015,731100.0,2026-08-27,Active,,,0,0.0,2,No,No,2026-08-27,2026-08-27
INSERT,2026-08-27T00:00:00,2026-08-27,PT0565953,LST0565953,AG00217,LOC0168,Condo,5,3.0,2407,9240,1976,1532100.0,2026-08-27,Active,,,0,114.72,3,Yes,No,2026-08-27,2026-08-27
INSERT,2026-08-27T00:00:00,2026-08-27,PT0565954,LST0565954,AG01187,LOC0125,Single Family,1,4.0,3195,2337,1993,235400.0,2026-08-27,Active,,,0,0.0,3,Yes,No,2026-08-27,2026-08-27
INSERT,2026-08-27T00:00:00,2026-08-27,PT0565955,LST0565955,AG00405,LOC0103,Single Family,2,3.5,1755,3827,1936,395100.0,2026-08-27,Active,,,0,0.0,1,No,No,2026-08-27,2026-08-27
INSERT,2026-08-27T00:00:00,2026-08-27,PT0565956,LST0565956,AG02103,LOC0052,Condo,1,2.0,1459,3214,1954,408900.0,2026-08-27,Active,,,0,528.16,2,No,No,2026-08-27,2026-08-27
INSERT,2026-08-27T00:00:00,2026-08-27,PT0565957,LST0565957,AG02932,LOC0030,Townhouse,3,1.5,1715,6260,1946,453600.0,2026-08-27,Active,,,0,412.22,3,No,No,2026-08-27,2026-08-27
INSERT,2026-08-27T00:00:00,2026-08-27,PT0565958,LST0565958,AG01134,LOC0124,Single Family,1,2.0,2070,3069,1972,722700.0,2026-08-27,Active,,,0,0.0,1,No,No,2026-08-27,2026-08-27
INSERT,2026-08-27T00:00:00,2026-08-27,PT0565959,LST0565959,AG00509,LOC0189,Townhouse,6,2.0,1449,3232,1924,579200.0,2026-08-27,Active,,,0,555.56,2,No,No,2026-08-27,2026-08-27
INSERT,2026-08-27T00:00:00,2026-08-27,PT0565960,LST0565960,AG02902,LOC0169,Land,0,0.0,6115,1196,1959,2650800.0,2026-08-27,Active,,,0,0.0,0,No,No,2026-08-27,2026-08-27
INSERT,2026-08-27T00:00:00,2026-08-27,PT0565961,LST0565961,AG02634,LOC0222,Single Family,3,3.5,2267,18913,1900,831600.0,2026-08-27,Active,,,0,0.0,1,No,Yes,2026-08-27,2026-08-27
INSERT,2026-08-27T00:00:00,2026-08-27,PT0565962,LST0565962,AG02016,LOC0073,Single Family,3,1.0,2445,1390,1981,1416800.0,2026-08-27,Active,,,0,0.0,3,No,Yes,2026-08-27,2026-08-27
INSERT,2026-08-27T00:00:00,2026-08-27,PT0565963,LST0565963,AG01920,LOC0041,Multi-Family,1,1.5,3282,4886,1934,974200.0,2026-08-27,Active,,,0,0.0,1,No,Yes,2026-08-27,2026-08-27
INSERT,2026-08-27T00:00:00,2026-08-27,PT0565964,LST0565964,AG02913,LOC0105,Single Family,3,2.5,980,4399,1991,155200.0,2026-08-27,Active,,,0,0.0,1,No,No,2026-08-27,2026-08-27
INSERT,2026-08-27T00:00:00,2026-08-27,PT0565965,LST0565965,AG02471,LOC0248,Single Family,6,1.5,1366,8286,1990,399600.0,2026-08-27,Active,,,0,0.0,1,No,No,2026-08-27,2026-08-27
INSERT,2026-08-27T00:00:00,2026-08-27,PT0565966,LST0565966,AG01734,LOC0088,Single Family,3,3.5,2690,6776,1910,439100.0,2026-08-27,Active,,,0,0.0,2,No,Yes,2026-08-27,2026-08-27
INSERT,2026-08-27T00:00:00,2026-08-27,PT0565967,LST0565967,AG01971,LOC0141,Single Family,1,2.5,2223,1381,1967,871900.0,2026-08-27,Active,,,0,0.0,3,No,No,2026-08-27,2026-08-27
INSERT,2026-08-27T00:00:00,2026-08-27,PT0565968,LST0565968,AG02698,LOC0001,Condo,1,4.5,1656,6045,1977,163800.0,2026-08-27,Active,,,0,462.15,3,No,No,2026-08-27,2026-08-27
INSERT,2026-08-27T00:00:00,2026-08-27,PT0565969,LST0565969,AG00008,LOC0028,Condo,4,1.0,2253,2755,1916,235100.0,2026-08-27,Active,,,0,100.17,0,No,No,2026-08-27,2026-08-27
INSERT,2026-08-27T00:00:00,2026-08-27,PT0565970,LST0565970,AG00516,LOC0013,Condo,3,3.0,2319,4586,1996,292800.0,2026-08-27,Active,,,0,241.76,3,Yes,No,2026-08-27,2026-08-27
INSERT,2026-08-27T00:00:00,2026-08-27,PT0565971,LST0565971,AG01983,LOC0052,Townhouse,2,4.0,2589,3024,1958,760500.0,2026-08-27,Active,,,0,250.83,3,Yes,No,2026-08-27,2026-08-27
INSERT,2026-08-27T00:00:00,2026-08-27,PT0565972,LST0565972,AG02452,LOC0221,Land,0,0.0,8224,3710,1956,513200.0,2026-08-27,Active,,,0,0.0,0,No,No,2026-08-27,2026-08-27
INSERT,2026-08-27T00:00:00,2026-08-27,PT0565973,LST0565973,AG01216,LOC0091,Single Family,2,1.0,1346,13352,2008,420700.0,2026-08-27,Active,,,0,0.0,0,No,Yes,2026-08-27,2026-08-27
INSERT,2026-08-27T00:00:00,2026-08-27,PT0565974,LST0565974,AG01200,LOC0220,Condo,2,1.0,1402,3446,1979,379500.0,2026-08-27,Active,,,0,681.45,3,No,No,2026-08-27,2026-08-27
INSERT,2026-08-27T00:00:00,2026-08-27,PT0565975,LST0565975,AG02147,LOC0066,Apartment,4,4.0,1883,0,1937,389800.0,2026-08-27,Active,,,0,219.87,2,Yes,No,2026-08-27,2026-08-27
INSERT,2026-08-27T00:00:00,2026-08-27,PT0565976,LST0565976,AG00303,LOC0031,Single Family,1,4.5,1514,7132,1921,509100.0,2026-08-27,Active,,,0,0.0,3,No,No,2026-08-27,2026-08-27
INSERT,2026-08-27T00:00:00,2026-08-27,PT0565977,LST0565977,AG00052,LOC0188,Land,0,0.0,5907,4569,2025,1154900.0,2026-08-27,Active,,,0,0.0,0,No,No,2026-08-27,2026-08-27
INSERT,2026-08-27T00:00:00,2026-08-27,PT0565978,LST0565978,AG02719,LOC0151,Single Family,5,3.5,2223,5403,1919,781100.0,2026-08-27,Active,,,0,0.0,1,No,No,2026-08-27,2026-08-27
INSERT,2026-08-27T00:00:00,2026-08-27,PT0565979,LST0565979,AG01272,LOC0209,Condo,5,1.0,1919,6686,1997,1023400.0,2026-08-27,Active,,,0,693.61,1,No,No,2026-08-27,2026-08-27
INSERT,2026-08-27T00:00:00,2026-08-27,PT0565980,LST0565980,AG01740,LOC0078,Townhouse,5,2.5,2422,4694,1971,1223200.0,2026-08-27,Active,,,0,641.71,1,No,No,2026-08-27,2026-08-27
INSERT,2026-08-27T00:00:00,2026-08-27,PT0565981,LST0565981,AG01136,LOC0225,Townhouse,5,3.0,2453,7566,1953,1124800.0,2026-08-27,Active,,,0,469.97,1,No,No,2026-08-27,2026-08-27
INSERT,2026-08-27T00:00:00,2026-08-27,PT0565982,LST0565982,AG00630,LOC0129,Apartment,5,1.5,1300,0,2007,144300.0,2026-08-27,Active,,,0,530.98,3,No,No,2026-08-27,2026-08-27
INSERT,2026-08-27T00:00:00,2026-08-27,PT0565983,LST0565983,AG01619,LOC0081,Condo,1,2.5,777,7933,1983,189500.0,2026-08-27,Active,,,0,216.19,0,No,No,2026-08-27,2026-08-27
INSERT,2026-08-27T00:00:00,2026-08-27,PT0565984,LST0565984,AG01060,LOC0041,Single Family,1,1.5,683,3450,1996,137000.0,2026-08-27,Active,,,0,0.0,2,Yes,No,2026-08-27,2026-08-27
INSERT,2026-08-27T00:00:00,2026-08-27,PT0565985,LST0565985,AG00318,LOC0097,Condo,5,1.0,2563,1206,1919,503000.0,2026-08-27,Active,,,0,527.59,3,No,No,2026-08-27,2026-08-27
INSERT,2026-08-27T00:00:00,2026-08-27,PT0565986,LST0565986,AG00009,LOC0127,Condo,3,3.5,1584,10199,1982,893600.0,2026-08-27,Active,,,0,323.45,1,No,No,2026-08-27,2026-08-27
INSERT,2026-08-27T00:00:00,2026-08-27,PT0565987,LST0565987,AG01898,LOC0172,Multi-Family,2,4.0,4485,1868,1909,1281300.0,2026-08-27,Active,,,0,0.0,1,No,Yes,2026-08-27,2026-08-27
INSERT,2026-08-27T00:00:00,2026-08-27,PT0565988,LST0565988,AG01881,LOC0077,Condo,3,2.5,2366,27841,1903,536700.0,2026-08-27,Active,,,0,341.91,3,No,No,2026-08-27,2026-08-27
INSERT,2026-08-27T00:00:00,2026-08-27,PT0565989,LST0565989,AG01327,LOC0116,Land,0,0.0,5195,4069,1939,2884400.0,2026-08-27,Active,,,0,0.0,0,No,No,2026-08-27,2026-08-27
INSERT,2026-08-27T00:00:00,2026-08-27,PT0565990,LST0565990,AG02883,LOC0024,Townhouse,2,2.5,2342,1563,2019,775300.0,2026-08-27,Active,,,0,101.15,2,No,No,2026-08-27,2026-08-27
INSERT,2026-08-27T00:00:00,2026-08-27,PT0565991,LST0565991,AG02028,LOC0089,Single Family,2,1.5,1333,10954,2017,434000.0,2026-08-27,Active,,,0,0.0,1,No,No,2026-08-27,2026-08-27
INSERT,2026-08-27T00:00:00,2026-08-27,PT0565992,LST0565992,AG00463,LOC0221,Multi-Family,2,1.0,3782,4888,2005,783600.0,2026-08-27,Active,,,0,0.0,1,No,Yes,2026-08-27,2026-08-27
INSERT,2026-08-27T00:00:00,2026-08-27,PT0565993,LST0565993,AG00994,LOC0177,Townhouse,1,3.5,2000,4521,1908,1059000.0,2026-08-27,Active,,,0,248.74,0,No,No,2026-08-27,2026-08-27
INSERT,2026-08-27T00:00:00,2026-08-27,PT0565994,LST0565994,AG01222,LOC0138,Single Family,3,4.0,2416,1633,1901,547900.0,2026-08-27,Active,,,0,0.0,1,Yes,Yes,2026-08-27,2026-08-27
INSERT,2026-08-27T00:00:00,2026-08-27,PT0565995,LST0565995,AG01476,LOC0046,Townhouse,4,3.5,1829,2813,2022,521800.0,2026-08-27,Active,,,0,443.78,3,No,No,2026-08-27,2026-08-27
INSERT,2026-08-27T00:00:00,2026-08-27,PT0565996,LST0565996,AG02661,LOC0225,Townhouse,2,4.0,1278,6180,1906,684300.0,2026-08-27,Active,,,0,677.02,1,No,No,2026-08-27,2026-08-27
INSERT,2026-08-27T00:00:00,2026-08-27,PT0565997,LST0565997,AG02920,LOC0079,Condo,3,3.5,2341,2878,1909,303100.0,2026-08-27,Active,,,0,160.52,3,No,No,2026-08-27,2026-08-27
INSERT,2026-08-27T00:00:00,2026-08-27,PT0565998,LST0565998,AG01289,LOC0082,Single Family,4,2.0,2176,2148,2020,190700.0,2026-08-27,Active,,,0,0.0,3,Yes,Yes,2026-08-27,2026-08-27
INSERT,2026-08-27T00:00:00,2026-08-27,PT0565999,LST0565999,AG00945,LOC0060,Multi-Family,5,2.5,2999,5816,1992,265700.0,2026-08-27,Active,,,0,0.0,2,No,No,2026-08-27,2026-08-27
INSERT,2026-08-27T00:00:00,2026-08-27,PT0566000,LST0566000,AG00234,LOC0035,Single Family,6,4.5,1504,7644,1950,151700.0,2026-08-27,Active,,,0,0.0,1,No,Yes,2026-08-27,2026-08-27
INSERT,2026-08-27T00:00:00,2026-08-27,PT0566001,LST0566001,AG02205,LOC0125,Townhouse,2,1.0,2882,7381,1919,404600.0,2026-08-27,Active,,,0,351.83,2,No,No,2026-08-27,2026-08-27
INSERT,2026-08-27T00:00:00,2026-08-27,PT0566002,LST0566002,AG02047,LOC0021,Single Family,4,3.5,1097,8046,2022,207000.0,2026-08-27,Active,,,0,0.0,3,No,Yes,2026-08-27,2026-08-27
INSERT,2026-08-27T00:00:00,2026-08-27,PT0566003,LST0566003,AG01277,LOC0007,Single Family,4,3.0,300,6349,1976,94900.0,2026-08-27,Active,,,0,0.0,0,No,No,2026-08-27,2026-08-27
INSERT,2026-08-27T00:00:00,2026-08-27,PT0566004,LST0566004,AG01315,LOC0244,Townhouse,3,1.0,2463,8273,1981,481200.0,2026-08-27,Active,,,0,626.58,1,No,No,2026-08-27,2026-08-27
INSERT,2026-08-27T00:00:00,2026-08-27,PT0566005,LST0566005,AG00886,LOC0173,Condo,6,3.5,1633,1748,2000,742700.0,2026-08-27,Active,,,0,532.15,0,No,No,2026-08-27,2026-08-27
INSERT,2026-08-27T00:00:00,2026-08-27,PT0566006,LST0566006,AG01246,LOC0157,Condo,4,3.0,1456,1785,1963,326400.0,2026-08-27,Active,,,0,256.78,3,No,No,2026-08-27,2026-08-27
INSERT,2026-08-27T00:00:00,2026-08-27,PT0566007,LST0566007,AG01295,LOC0103,Single Family,5,4.0,1635,3557,1955,309400.0,2026-08-27,Active,,,0,0.0,2,No,Yes,2026-08-27,2026-08-27
INSERT,2026-08-27T00:00:00,2026-08-27,PT0566008,LST0566008,AG01120,LOC0082,Condo,1,4.5,1781,4374,1993,367100.0,2026-08-27,Active,,,0,80.54,2,No,No,2026-08-27,2026-08-27
INSERT,2026-08-27T00:00:00,2026-08-27,PT0566009,LST0566009,AG00362,LOC0141,Apartment,3,2.5,628,0,1970,183400.0,2026-08-27,Active,,,0,252.3,3,Yes,No,2026-08-27,2026-08-27
INSERT,2026-08-27T00:00:00,2026-08-27,PT0566010,LST0566010,AG01940,LOC0034,Single Family,1,2.0,1589,3713,1996,704900.0,2026-08-27,Active,,,0,0.0,2,No,Yes,2026-08-27,2026-08-27
INSERT,2026-08-27T00:00:00,2026-08-27,PT0566011,LST0566011,AG00899,LOC0248,Apartment,2,2.0,180,0,1952,27800.0,2026-08-27,Active,,,0,410.91,0,No,No,2026-08-27,2026-08-27
INSERT,2026-08-27T00:00:00,2026-08-27,PT0566012,LST0566012,AG01890,LOC0245,Condo,2,1.0,1745,3134,1996,367300.0,2026-08-27,Active,,,0,211.99,3,Yes,No,2026-08-27,2026-08-27
INSERT,2026-08-27T00:00:00,2026-08-27,PT0566013,LST0566013,AG01850,LOC0215,Single Family,1,4.5,1725,4205,1921,684400.0,2026-08-27,Active,,,0,0.0,3,No,Yes,2026-08-27,2026-08-27
INSERT,2026-08-27T00:00:00,2026-08-27,PT0566014,LST0566014,AG01154,LOC0063,Single Family,6,3.0,1869,1455,1997,1121900.0,2026-08-27,Active,,,0,0.0,3,Yes,No,2026-08-27,2026-08-27
INSERT,2026-08-27T00:00:00,2026-08-27,PT0566015,LST0566015,AG01519,LOC0119,Condo,4,2.5,605,3865,1965,121200.0,2026-08-27,Active,,,0,746.03,2,No,No,2026-08-27,2026-08-27
INSERT,2026-08-27T00:00:00,2026-08-27,PT0566016,LST0566016,AG01867,LOC0017,Single Family,1,4.5,1735,7819,1924,397800.0,2026-08-27,Active,,,0,0.0,2,No,Yes,2026-08-27,2026-08-27
INSERT,2026-08-27T00:00:00,2026-08-27,PT0566017,LST0566017,AG00336,LOC0025,Multi-Family,1,2.0,4907,4904,1933,943600.0,2026-08-27,Active,,,0,0.0,2,No,No,2026-08-27,2026-08-27
INSERT,2026-08-27T00:00:00,2026-08-27,PT0566018,LST0566018,AG01438,LOC0199,Single Family,3,3.5,1853,1957,1924,1027400.0,2026-08-27,Active,,,0,0.0,1,No,Yes,2026-08-27,2026-08-27
INSERT,2026-08-27T00:00:00,2026-08-27,PT0566019,LST0566019,AG02537,LOC0003,Townhouse,4,2.0,1973,8622,1906,331700.0,2026-08-27,Active,,,0,313.31,0,Yes,No,2026-08-27,2026-08-27
INSERT,2026-08-27T00:00:00,2026-08-27,PT0566020,LST0566020,AG01188,LOC0012,Multi-Family,6,4.0,4481,3891,1921,970900.0,2026-08-27,Active,,,0,0.0,1,No,No,2026-08-27,2026-08-27
INSERT,2026-08-27T00:00:00,2026-08-27,PT0566021,LST0566021,AG00147,LOC0001,Condo,2,2.0,1430,2690,1944,510400.0,2026-08-27,Active,,,0,605.56,0,No,No,2026-08-27,2026-08-27
INSERT,2026-08-27T00:00:00,2026-08-27,PT0566022,LST0566022,AG01846,LOC0191,Single Family,4,4.0,1955,3239,1925,522000.0,2026-08-27,Active,,,0,0.0,2,No,Yes,2026-08-27,2026-08-27
INSERT,2026-08-27T00:00:00,2026-08-27,PT0566023,LST0566023,AG02207,LOC0182,Condo,6,1.5,2543,8339,1916,595200.0,2026-08-27,Active,,,0,613.89,3,No,No,2026-08-27,2026-08-27
INSERT,2026-08-27T00:00:00,2026-08-27,PT0566024,LST0566024,AG01681,LOC0166,Townhouse,5,4.5,2634,2115,1930,946100.0,2026-08-27,Active,,,0,102.09,3,No,No,2026-08-27,2026-08-27
INSERT,2026-08-27T00:00:00,2026-08-27,PT0566025,LST0566025,AG02276,LOC0080,Apartment,2,3.0,763,0,1926,270900.0,2026-08-27,Active,,,0,760.98,2,No,No,2026-08-27,2026-08-27
INSERT,2026-08-27T00:00:00,2026-08-27,PT0566026,LST0566026,AG02746,LOC0089,Townhouse,6,1.0,2309,1726,1919,652000.0,2026-08-27,Active,,,0,687.06,0,Yes,No,2026-08-27,2026-08-27
INSERT,2026-08-27T00:00:00,2026-08-27,PT0566027,LST0566027,AG01929,LOC0166,Townhouse,5,3.5,1579,2820,1942,497800.0,2026-08-27,Active,,,0,534.78,2,Yes,No,2026-08-27,2026-08-27
INSERT,2026-08-27T00:00:00,2026-08-27,PT0566028,LST0566028,AG00408,LOC0163,Condo,5,3.0,399,2681,1905,166900.0,2026-08-27,Active,,,0,697.91,0,Yes,No,2026-08-27,2026-08-27
INSERT,2026-08-27T00:00:00,2026-08-27,PT0566029,LST0566029,AG00507,LOC0092,Single Family,5,2.5,1597,7833,1917,256200.0,2026-08-27,Active,,,0,0.0,0,No,No,2026-08-27,2026-08-27
INSERT,2026-08-27T00:00:00,2026-08-27,PT0566030,LST0566030,AG00269,LOC0225,Single Family,1,3.0,2749,7206,1903,966400.0,2026-08-27,Active,,,0,0.0,3,No,No,2026-08-27,2026-08-27
INSERT,2026-08-27T00:00:00,2026-08-27,PT0566031,LST0566031,AG01976,LOC0239,Single Family,2,2.0,1307,5780,1935,340500.0,2026-08-27,Active,,,0,0.0,2,No,No,2026-08-27,2026-08-27
INSERT,2026-08-27T00:00:00,2026-08-27,PT0566032,LST0566032,AG00781,LOC0109,Single Family,4,4.5,2358,11457,2020,1031100.0,2026-08-27,Active,,,0,0.0,1,No,Yes,2026-08-27,2026-08-27
INSERT,2026-08-27T00:00:00,2026-08-27,PT0566033,LST0566033,AG01180,LOC0020,Land,0,0.0,8104,5057,1944,2040300.0,2026-08-27,Active,,,0,0.0,0,No,No,2026-08-27,2026-08-27
INSERT,2026-08-27T00:00:00,2026-08-27,PT0566034,LST0566034,AG02276,LOC0142,Apartment,6,2.0,1159,0,1936,394000.0,2026-08-27,Active,,,0,117.63,2,No,No,2026-08-27,2026-08-27
INSERT,2026-08-27T00:00:00,2026-08-27,PT0566035,LST0566035,AG00203,LOC0168,Land,0,0.0,8370,1619,1907,3816400.0,2026-08-27,Active,,,0,0.0,0,No,No,2026-08-27,2026-08-27
INSERT,2026-08-27T00:00:00,2026-08-27,PT0566036,LST0566036,AG01859,LOC0161,Single Family,4,4.5,2759,8321,2008,732600.0,2026-08-27,Active,,,0,0.0,0,No,No,2026-08-27,2026-08-27
INSERT,2026-08-27T00:00:00,2026-08-27,PT0566037,LST0566037,AG02244,LOC0168,Townhouse,6,4.5,1513,4209,1911,788000.0,2026-08-27,Active,,,0,478.86,1,No,No,2026-08-27,2026-08-27
INSERT,2026-08-27T00:00:00,2026-08-27,PT0566038,LST0566038,AG02495,LOC0247,Single Family,4,1.5,538,3859,2007,66000.0,2026-08-27,Active,,,0,0.0,1,No,No,2026-08-27,2026-08-27
INSERT,2026-08-27T00:00:00,2026-08-27,PT0566039,LST0566039,AG00285,LOC0024,Townhouse,5,4.5,1353,12337,2021,542100.0,2026-08-27,Active,,,0,325.12,0,No,No,2026-08-27,2026-08-27
INSERT,2026-08-27T00:00:00,2026-08-27,PT0566040,LST0566040,AG02627,LOC0158,Single Family,2,4.0,1950,2133,1999,877600.0,2026-08-27,Active,,,0,0.0,2,No,Yes,2026-08-27,2026-08-27
INSERT,2026-08-27T00:00:00,2026-08-27,PT0566041,LST0566041,AG01509,LOC0109,Single Family,5,4.0,1006,6054,1951,501700.0,2026-08-27,Active,,,0,0.0,0,No,No,2026-08-27,2026-08-27
INSERT,2026-08-27T00:00:00,2026-08-27,PT0566042,LST0566042,AG00020,LOC0060,Apartment,1,1.0,1346,0,2010,359900.0,2026-08-27,Active,,,0,67.04,1,No,No,2026-08-27,2026-08-27
INSERT,2026-08-27T00:00:00,2026-08-27,PT0566043,LST0566043,AG01114,LOC0014,Single Family,4,3.5,317,11889,1983,123400.0,2026-08-27,Active,,,0,0.0,2,No,Yes,2026-08-27,2026-08-27
INSERT,2026-08-27T00:00:00,2026-08-27,PT0566044,LST0566044,AG00371,LOC0107,Condo,5,4.0,2522,2893,1971,428100.0,2026-08-27,Active,,,0,57.63,3,Yes,No,2026-08-27,2026-08-27
INSERT,2026-08-27T00:00:00,2026-08-27,PT0566045,LST0566045,AG00698,LOC0203,Single Family,1,3.5,2002,1917,1983,242400.0,2026-08-27,Active,,,0,0.0,1,No,Yes,2026-08-27,2026-08-27
INSERT,2026-08-27T00:00:00,2026-08-27,PT0566046,LST0566046,AG02072,LOC0001,Single Family,2,2.5,3243,13837,1935,797000.0,2026-08-27,Active,,,0,0.0,1,No,No,2026-08-27,2026-08-27
INSERT,2026-08-27T00:00:00,2026-08-27,PT0566047,LST0566047,AG00233,LOC0028,Apartment,6,3.5,1489,0,1967,269400.0,2026-08-27,Active,,,0,567.07,2,No,No,2026-08-27,2026-08-27
INSERT,2026-08-27T00:00:00,2026-08-27,PT0566048,LST0566048,AG01269,LOC0085,Apartment,3,1.0,291,0,1931,90100.0,2026-08-27,Active,,,0,264.36,3,No,No,2026-08-27,2026-08-27
INSERT,2026-08-27T00:00:00,2026-08-27,PT0566049,LST0566049,AG02249,LOC0138,Multi-Family,6,4.5,3064,19100,1966,1432600.0,2026-08-27,Active,,,0,0.0,0,Yes,Yes,2026-08-27,2026-08-27
INSERT,2026-08-27T00:00:00,2026-08-27,PT0566050,LST0566050,AG02888,LOC0007,Single Family,5,1.5,975,3290,1971,369100.0,2026-08-27,Active,,,0,0.0,3,No,No,2026-08-27,2026-08-27
INSERT,2026-08-27T00:00:00,2026-08-27,PT0566051,LST0566051,AG00865,LOC0197,Condo,6,3.5,1220,15296,1993,341000.0,2026-08-27,Active,,,0,756.29,1,No,No,2026-08-27,2026-08-27
INSERT,2026-08-27T00:00:00,2026-08-27,PT0566052,LST0566052,AG01367,LOC0143,Single Family,3,4.0,1544,4730,1941,284900.0,2026-08-27,Active,,,0,0.0,2,No,No,2026-08-27,2026-08-27
INSERT,2026-08-27T00:00:00,2026-08-27,PT0566053,LST0566053,AG02089,LOC0250,Condo,2,3.5,2135,7228,2022,140900.0,2026-08-27,Active,,,0,507.89,0,No,No,2026-08-27,2026-08-27
INSERT,2026-08-27T00:00:00,2026-08-27,PT0566054,LST0566054,AG01817,LOC0168,Single Family,6,3.5,2369,2212,1909,1185200.0,2026-08-27,Active,,,0,0.0,2,No,No,2026-08-27,2026-08-27
INSERT,2026-08-27T00:00:00,2026-08-27,PT0566055,LST0566055,AG02734,LOC0042,Single Family,6,2.0,2847,4633,1949,526500.0,2026-08-27,Active,,,0,0.0,3,No,No,2026-08-27,2026-08-27
INSERT,2026-08-27T00:00:00,2026-08-27,PT0566056,LST0566056,AG00995,LOC0117,Condo,6,3.0,2045,3745,1920,1480600.0,2026-08-27,Active,,,0,379.62,3,No,No,2026-08-27,2026-08-27
INSERT,2026-08-27T00:00:00,2026-08-27,PT0566057,LST0566057,AG00752,LOC0210,Land,0,0.0,900,2947,2015,412700.0,2026-08-27,Active,,,0,0.0,0,No,No,2026-08-27,2026-08-27
INSERT,2026-08-27T00:00:00,2026-08-27,PT0566058,LST0566058,AG00288,LOC0009,Single Family,4,3.0,1991,1388,2015,193900.0,2026-08-27,Active,,,0,0.0,3,No,No,2026-08-27,2026-08-27
INSERT,2026-08-27T00:00:00,2026-08-27,PT0566059,LST0566059,AG00765,LOC0102,Single Family,6,2.5,2612,2490,1900,349300.0,2026-08-27,Active,,,0,0.0,0,No,No,2026-08-27,2026-08-27
INSERT,2026-08-27T00:00:00,2026-08-27,PT0566060,LST0566060,AG01287,LOC0017,Single Family,6,2.0,2330,3619,1944,325900.0,2026-08-27,Active,,,0,0.0,1,Yes,No,2026-08-27,2026-08-27
INSERT,2026-08-27T00:00:00,2026-08-27,PT0566061,LST0566061,AG01292,LOC0035,Single Family,6,4.0,667,4289,1932,119500.0,2026-08-27,Active,,,0,0.0,3,Yes,No,2026-08-27,2026-08-27
INSERT,2026-08-27T00:00:00,2026-08-27,PT0566062,LST0566062,AG02259,LOC0046,Single Family,4,4.0,1995,1820,1962,660600.0,2026-08-27,Active,,,0,0.0,0,No,No,2026-08-27,2026-08-27
INSERT,2026-08-27T00:00:00,2026-08-27,PT0566063,LST0566063,AG01576,LOC0022,Single Family,2,1.0,1237,7753,1970,304800.0,2026-08-27,Active,,,0,0.0,0,Yes,Yes,2026-08-27,2026-08-27
INSERT,2026-08-27T00:00:00,2026-08-27,PT0566064,LST0566064,AG00877,LOC0245,Single Family,3,3.5,1759,6865,1969,358300.0,2026-08-27,Active,,,0,0.0,0,No,No,2026-08-27,2026-08-27
INSERT,2026-08-27T00:00:00,2026-08-27,PT0566065,LST0566065,AG01417,LOC0207,Single Family,2,3.5,2772,3338,1959,456600.0,2026-08-27,Active,,,0,0.0,2,No,No,2026-08-27,2026-08-27
INSERT,2026-08-27T00:00:00,2026-08-27,PT0566066,LST0566066,AG02551,LOC0187,Multi-Family,3,4.5,4251,3292,1983,2120700.0,2026-08-27,Active,,,0,0.0,3,No,No,2026-08-27,2026-08-27
INSERT,2026-08-27T00:00:00,2026-08-27,PT0566067,LST0566067,AG01244,LOC0035,Condo,2,2.0,2022,11302,1909,481100.0,2026-08-27,Active,,,0,59.92,3,No,No,2026-08-27,2026-08-27
INSERT,2026-08-27T00:00:00,2026-08-27,PT0566068,LST0566068,AG02140,LOC0010,Single Family,2,3.0,2226,9818,1924,840300.0,2026-08-27,Active,,,0,0.0,1,No,No,2026-08-27,2026-08-27
INSERT,2026-08-27T00:00:00,2026-08-27,PT0566069,LST0566069,AG00782,LOC0209,Single Family,3,3.0,2665,1506,1984,964200.0,2026-08-27,Active,,,0,0.0,2,Yes,No,2026-08-27,2026-08-27
INSERT,2026-08-27T00:00:00,2026-08-27,PT0566070,LST0566070,AG02954,LOC0173,Townhouse,3,4.5,1637,3913,2009,1087300.0,2026-08-27,Active,,,0,739.04,2,No,No,2026-08-27,2026-08-27
INSERT,2026-08-27T00:00:00,2026-08-27,PT0566071,LST0566071,AG00652,LOC0187,Condo,3,2.5,3493,3811,1966,304600.0,2026-08-27,Active,,,0,763.24,1,No,No,2026-08-27,2026-08-27
INSERT,2026-08-27T00:00:00,2026-08-27,PT0566072,LST0566072,AG01289,LOC0007,Single Family,1,3.5,2524,7126,1944,581400.0,2026-08-27,Active,,,0,0.0,0,Yes,Yes,2026-08-27,2026-08-27
INSERT,2026-08-27T00:00:00,2026-08-27,PT0566073,LST0566073,AG02328,LOC0144,Condo,6,3.0,1652,8875,1905,710400.0,2026-08-27,Active,,,0,445.43,2,No,No,2026-08-27,2026-08-27
INSERT,2026-08-27T00:00:00,2026-08-27,PT0566074,LST0566074,AG00045,LOC0237,Single Family,4,2.0,2069,2907,1964,361600.0,2026-08-27,Active,,,0,0.0,2,No,No,2026-08-27,2026-08-27
INSERT,2026-08-27T00:00:00,2026-08-27,PT0566075,LST0566075,AG02178,LOC0079,Single Family,4,4.5,542,1171,1997,154800.0,2026-08-27,Active,,,0,0.0,0,Yes,Yes,2026-08-27,2026-08-27
INSERT,2026-08-27T00:00:00,2026-08-27,PT0566076,LST0566076,AG01571,LOC0078,Multi-Family,4,4.0,5806,10337,1911,2451200.0,2026-08-27,Active,,,0,0.0,0,No,Yes,2026-08-27,2026-08-27
INSERT,2026-08-27T00:00:00,2026-08-27,PT0566077,LST0566077,AG00379,LOC0122,Condo,1,2.0,2989,1185,1901,734700.0,2026-08-27,Active,,,0,251.81,0,No,No,2026-08-27,2026-08-27
INSERT,2026-08-27T00:00:00,2026-08-27,PT0566078,LST0566078,AG01080,LOC0220,Townhouse,2,3.5,2596,9932,1910,1175600.0,2026-08-27,Active,,,0,302.66,0,No,No,2026-08-27,2026-08-27
INSERT,2026-08-27T00:00:00,2026-08-27,PT0566079,LST0566079,AG00973,LOC0213,Apartment,2,1.5,908,0,2009,86900.0,2026-08-27,Active,,,0,435.4,3,No,No,2026-08-27,2026-08-27
INSERT,2026-08-27T00:00:00,2026-08-27,PT0566080,LST0566080,AG00921,LOC0246,Condo,2,4.5,2382,1979,1917,371800.0,2026-08-27,Active,,,0,144.32,3,Yes,No,2026-08-27,2026-08-27
INSERT,2026-08-27T00:00:00,2026-08-27,PT0566081,LST0566081,AG01435,LOC0148,Condo,3,3.0,1491,3253,1950,507500.0,2026-08-27,Active,,,0,695.94,0,No,No,2026-08-27,2026-08-27
INSERT,2026-08-27T00:00:00,2026-08-27,PT0566082,LST0566082,AG00624,LOC0054,Single Family,3,1.5,2249,2185,1943,280200.0,2026-08-27,Active,,,0,0.0,1,No,No,2026-08-27,2026-08-27
INSERT,2026-08-27T00:00:00,2026-08-27,PT0566083,LST0566083,AG01257,LOC0060,Condo,5,2.0,2194,1118,1912,773000.0,2026-08-27,Active,,,0,568.45,3,No,No,2026-08-27,2026-08-27
INSERT,2026-08-27T00:00:00,2026-08-27,PT0566084,LST0566084,AG02681,LOC0071,Single Family,2,3.5,2023,1967,1915,1048400.0,2026-08-27,Active,,,0,0.0,3,No,No,2026-08-27,2026-08-27
INSERT,2026-08-27T00:00:00,2026-08-27,PT0566085,LST0566085,AG02336,LOC0052,Townhouse,5,2.5,1705,7612,1924,291900.0,2026-08-27,Active,,,0,132.99,1,No,No,2026-08-27,2026-08-27
INSERT,2026-08-27T00:00:00,2026-08-27,PT0566086,LST0566086,AG02254,LOC0111,Single Family,5,4.5,2379,6148,1965,387400.0,2026-08-27,Active,,,0,0.0,1,No,No,2026-08-27,2026-08-27
INSERT,2026-08-27T00:00:00,2026-08-27,PT0566087,LST0566087,AG02641,LOC0233,Single Family,2,3.0,2320,5717,2023,454400.0,2026-08-27,Active,,,0,0.0,2,No,No,2026-08-27,2026-08-27
INSERT,2026-08-27T00:00:00,2026-08-27,PT0566088,LST0566088,AG02245,LOC0147,Single Family,5,3.5,606,3195,1942,83300.0,2026-08-27,Active,,,0,0.0,0,No,Yes,2026-08-27,2026-08-27
INSERT,2026-08-27T00:00:00,2026-08-27,PT0566089,LST0566089,AG01218,LOC0244,Single Family,3,2.5,1045,5670,1952,195500.0,2026-08-27,Active,,,0,0.0,0,No,Yes,2026-08-27,2026-08-27
INSERT,2026-08-27T00:00:00,2026-08-27,PT0566090,LST0566090,AG01978,LOC0126,Townhouse,2,1.5,2387,13013,1987,805500.0,2026-08-27,Active,,,0,118.29,3,No,No,2026-08-27,2026-08-27
INSERT,2026-08-27T00:00:00,2026-08-27,PT0566091,LST0566091,AG01400,LOC0036,Single Family,1,3.0,1003,1878,1909,395200.0,2026-08-27,Active,,,0,0.0,3,No,Yes,2026-08-27,2026-08-27
INSERT,2026-08-27T00:00:00,2026-08-27,PT0566092,LST0566092,AG01347,LOC0003,Single Family,2,1.5,708,13315,1913,120800.0,2026-08-27,Active,,,0,0.0,1,No,Yes,2026-08-27,2026-08-27
INSERT,2026-08-27T00:00:00,2026-08-27,PT0566093,LST0566093,AG00655,LOC0055,Single Family,5,4.0,1403,1003,1911,148800.0,2026-08-27,Active,,,0,0.0,1,No,Yes,2026-08-27,2026-08-27
INSERT,2026-08-27T00:00:00,2026-08-27,PT0566094,LST0566094,AG01190,LOC0153,Single Family,2,2.0,1441,4414,1980,577900.0,2026-08-27,Active,,,0,0.0,3,Yes,No,2026-08-27,2026-08-27
INSERT,2026-08-27T00:00:00,2026-08-27,PT0566095,LST0566095,AG01823,LOC0199,Single Family,2,4.0,2099,1988,1972,756900.0,2026-08-27,Active,,,0,0.0,1,No,No,2026-08-27,2026-08-27
INSERT,2026-08-27T00:00:00,2026-08-27,PT0566096,LST0566096,AG02622,LOC0040,Condo,1,3.0,2340,6436,1948,695400.0,2026-08-27,Active,,,0,107.23,1,No,No,2026-08-27,2026-08-27
INSERT,2026-08-27T00:00:00,2026-08-27,PT0566097,LST0566097,AG00921,LOC0032,Townhouse,6,3.0,300,4666,1944,45400.0,2026-08-27,Active,,,0,159.81,1,No,No,2026-08-27,2026-08-27
INSERT,2026-08-27T00:00:00,2026-08-27,PT0566098,LST0566098,AG01570,LOC0200,Condo,5,2.0,941,4366,1997,225900.0,2026-08-27,Active,,,0,499.03,1,No,No,2026-08-27,2026-08-27
INSERT,2026-08-27T00:00:00,2026-08-27,PT0566099,LST0566099,AG00662,LOC0210,Apartment,6,3.0,699,0,1995,191900.0,2026-08-27,Active,,,0,281.55,2,No,No,2026-08-27,2026-08-27
INSERT,2026-08-27T00:00:00,2026-08-27,PT0566100,LST0566100,AG00125,LOC0050,Condo,1,3.0,2414,5565,1995,679900.0,2026-08-27,Active,,,0,653.73,3,No,No,2026-08-27,2026-08-27
INSERT,2026-08-27T00:00:00,2026-08-27,PT0566101,LST0566101,AG00003,LOC0124,Apartment,4,3.0,999,0,1923,489500.0,2026-08-27,Active,,,0,220.41,0,No,No,2026-08-27,2026-08-27
INSERT,2026-08-27T00:00:00,2026-08-27,PT0566102,LST0566102,AG02203,LOC0225,Condo,3,3.0,1844,7699,1920,649400.0,2026-08-27,Active,,,0,656.64,1,No,No,2026-08-27,2026-08-27
INSERT,2026-08-27T00:00:00,2026-08-27,PT0566103,LST0566103,AG01662,LOC0067,Townhouse,3,3.5,2799,2019,2017,666300.0,2026-08-27,Active,,,0,214.32,3,No,No,2026-08-27,2026-08-27
INSERT,2026-08-27T00:00:00,2026-08-27,PT0566104,LST0566104,AG01336,LOC0123,Single Family,5,4.5,2055,4024,1978,227800.0,2026-08-27,Active,,,0,0.0,3,No,No,2026-08-27,2026-08-27
INSERT,2026-08-27T00:00:00,2026-08-27,PT0566105,LST0566105,AG00546,LOC0037,Single Family,6,3.0,1936,15132,2025,1062000.0,2026-08-27,Active,,,0,0.0,3,No,No,2026-08-27,2026-08-27
INSERT,2026-08-27T00:00:00,2026-08-27,PT0566106,LST0566106,AG01037,LOC0084,Single Family,1,1.5,1535,2265,1910,726200.0,2026-08-27,Active,,,0,0.0,3,No,Yes,2026-08-27,2026-08-27
INSERT,2026-08-27T00:00:00,2026-08-27,PT0566107,LST0566107,AG02694,LOC0055,Single Family,6,4.0,2065,3865,2019,307800.0,2026-08-27,Active,,,0,0.0,3,No,No,2026-08-27,2026-08-27
INSERT,2026-08-27T00:00:00,2026-08-27,PT0566108,LST0566108,AG02201,LOC0026,Single Family,2,1.5,2735,4445,2002,747500.0,2026-08-27,Active,,,0,0.0,2,No,No,2026-08-27,2026-08-27
INSERT,2026-08-27T00:00:00,2026-08-27,PT0566109,LST0566109,AG01587,LOC0231,Single Family,3,4.5,1380,3257,1989,232000.0,2026-08-27,Active,,,0,0.0,0,No,Yes,2026-08-27,2026-08-27
INSERT,2026-08-27T00:00:00,2026-08-27,PT0566110,LST0566110,AG01254,LOC0062,Single Family,6,3.5,1128,4591,2020,201700.0,2026-08-27,Active,,,0,0.0,0,No,No,2026-08-27,2026-08-27
INSERT,2026-08-27T00:00:00,2026-08-27,PT0566111,LST0566111,AG01015,LOC0192,Townhouse,2,4.5,2173,3265,1901,722000.0,2026-08-27,Active,,,0,72.55,0,No,No,2026-08-27,2026-08-27
INSERT,2026-08-27T00:00:00,2026-08-27,PT0566112,LST0566112,AG00263,LOC0114,Condo,5,3.5,1775,2083,2013,206500.0,2026-08-27,Active,,,0,510.83,1,No,No,2026-08-27,2026-08-27
INSERT,2026-08-27T00:00:00,2026-08-27,PT0566113,LST0566113,AG00329,LOC0044,Single Family,2,2.0,1732,3161,1926,864300.0,2026-08-27,Active,,,0,0.0,3,No,Yes,2026-08-27,2026-08-27
INSERT,2026-08-27T00:00:00,2026-08-27,PT0566114,LST0566114,AG02107,LOC0202,Townhouse,3,1.5,1418,10317,1955,377600.0,2026-08-27,Active,,,0,272.04,3,Yes,No,2026-08-27,2026-08-27
INSERT,2026-08-27T00:00:00,2026-08-27,PT0566115,LST0566115,AG00464,LOC0223,Land,0,0.0,3750,3967,1934,1798600.0,2026-08-27,Active,,,0,0.0,0,No,No,2026-08-27,2026-08-27
INSERT,2026-08-27T00:00:00,2026-08-27,PT0566116,LST0566116,AG00928,LOC0152,Single Family,2,1.0,1796,4569,2005,535700.0,2026-08-27,Active,,,0,0.0,3,No,No,2026-08-27,2026-08-27
INSERT,2026-08-27T00:00:00,2026-08-27,PT0566117,LST0566117,AG01096,LOC0236,Multi-Family,1,4.0,2434,4141,2008,274800.0,2026-08-27,Active,,,0,0.0,3,Yes,No,2026-08-27,2026-08-27
INSERT,2026-08-27T00:00:00,2026-08-27,PT0566118,LST0566118,AG01467,LOC0193,Apartment,3,2.5,1089,0,1910,276300.0,2026-08-27,Active,,,0,273.94,3,No,No,2026-08-27,2026-08-27
INSERT,2026-08-27T00:00:00,2026-08-27,PT0566119,LST0566119,AG00296,LOC0088,Condo,5,2.5,1928,2291,1907,230700.0,2026-08-27,Active,,,0,70.03,0,No,No,2026-08-27,2026-08-27
INSERT,2026-08-27T00:00:00,2026-08-27,PT0566120,LST0566120,AG02839,LOC0078,Apartment,5,4.0,966,0,2019,179900.0,2026-08-27,Active,,,0,60.97,3,No,No,2026-08-27,2026-08-27
INSERT,2026-08-27T00:00:00,2026-08-27,PT0566121,LST0566121,AG01201,LOC0178,Condo,4,4.0,2244,6204,2008,561900.0,2026-08-27,Active,,,0,374.94,1,No,No,2026-08-27,2026-08-27
INSERT,2026-08-27T00:00:00,2026-08-27,PT0566122,LST0566122,AG01378,LOC0041,Single Family,2,4.5,1305,3233,1969,305300.0,2026-08-27,Active,,,0,0.0,2,No,No,2026-08-27,2026-08-27
INSERT,2026-08-27T00:00:00,2026-08-27,PT0566123,LST0566123,AG02757,LOC0239,Single Family,3,3.0,1144,2575,2023,262300.0,2026-08-27,Active,,,0,0.0,3,No,Yes,2026-08-27,2026-08-27
INSERT,2026-08-27T00:00:00,2026-08-27,PT0566124,LST0566124,AG02307,LOC0209,Condo,5,1.5,2477,2705,2008,442400.0,2026-08-27,Active,,,0,614.64,2,No,No,2026-08-27,2026-08-27
INSERT,2026-08-27T00:00:00,2026-08-27,PT0566125,LST0566125,AG02558,LOC0216,Single Family,4,4.5,1668,1924,1997,518100.0,2026-08-27,Active,,,0,0.0,2,No,No,2026-08-27,2026-08-27
INSERT,2026-08-27T00:00:00,2026-08-27,PT0566126,LST0566126,AG01701,LOC0244,Single Family,3,2.0,3152,1442,1973,477400.0,2026-08-27,Active,,,0,0.0,1,Yes,No,2026-08-27,2026-08-27
INSERT,2026-08-27T00:00:00,2026-08-27,PT0566127,LST0566127,AG01431,LOC0152,Single Family,3,3.5,1440,9310,1907,621400.0,2026-08-27,Active,,,0,0.0,1,No,No,2026-08-27,2026-08-27
INSERT,2026-08-27T00:00:00,2026-08-27,PT0566128,LST0566128,AG01697,LOC0203,Single Family,5,2.0,882,9426,1964,165500.0,2026-08-27,Active,,,0,0.0,1,No,No,2026-08-27,2026-08-27
INSERT,2026-08-27T00:00:00,2026-08-27,PT0566129,LST0566129,AG01938,LOC0197,Single Family,6,3.0,2466,2002,1971,1116100.0,2026-08-27,Active,,,0,0.0,3,No,Yes,2026-08-27,2026-08-27
INSERT,2026-08-27T00:00:00,2026-08-27,PT0566130,LST0566130,AG02328,LOC0225,Apartment,3,3.5,1189,0,1948,665000.0,2026-08-27,Active,,,0,127.01,3,No,No,2026-08-27,2026-08-27
INSERT,2026-08-27T00:00:00,2026-08-27,PT0566131,LST0566131,AG02617,LOC0216,Land,0,0.0,7252,5842,2012,1166000.0,2026-08-27,Active,,,0,0.0,0,No,No,2026-08-27,2026-08-27
INSERT,2026-08-27T00:00:00,2026-08-27,PT0566132,LST0566132,AG02163,LOC0124,Apartment,3,4.0,529,0,1924,177200.0,2026-08-27,Active,,,0,78.76,3,No,No,2026-08-27,2026-08-27
INSERT,2026-08-27T00:00:00,2026-08-27,PT0566133,LST0566133,AG01357,LOC0208,Multi-Family,5,2.5,2334,8548,2016,579700.0,2026-08-27,Active,,,0,0.0,3,No,Yes,2026-08-27,2026-08-27
INSERT,2026-08-27T00:00:00,2026-08-27,PT0566134,LST0566134,AG01952,LOC0231,Single Family,6,4.0,794,4560,1998,102400.0,2026-08-27,Active,,,0,0.0,3,No,Yes,2026-08-27,2026-08-27
INSERT,2026-08-27T00:00:00,2026-08-27,PT0566135,LST0566135,AG01135,LOC0098,Single Family,4,1.0,1718,9602,1934,366000.0,2026-08-27,Active,,,0,0.0,0,No,Yes,2026-08-27,2026-08-27
INSERT,2026-08-27T00:00:00,2026-08-27,PT0566136,LST0566136,AG01238,LOC0092,Townhouse,3,3.0,2490,7609,2006,328100.0,2026-08-27,Active,,,0,550.72,2,No,No,2026-08-27,2026-08-27
INSERT,2026-08-27T00:00:00,2026-08-27,PT0566137,LST0566137,AG02913,LOC0062,Condo,3,4.5,590,7882,2018,123700.0,2026-08-27,Active,,,0,535.31,0,No,No,2026-08-27,2026-08-27
INSERT,2026-08-27T00:00:00,2026-08-27,PT0566138,LST0566138,AG01854,LOC0191,Condo,1,1.0,1108,7733,1924,417100.0,2026-08-27,Active,,,0,301.44,1,No,No,2026-08-27,2026-08-27
INSERT,2026-08-27T00:00:00,2026-08-27,PT0566139,LST0566139,AG01859,LOC0068,Townhouse,3,2.0,1863,2199,1970,565100.0,2026-08-27,Active,,,0,363.0,3,Yes,No,2026-08-27,2026-08-27
INSERT,2026-08-27T00:00:00,2026-08-27,PT0566140,LST0566140,AG00671,LOC0026,Single Family,1,4.5,2770,1377,1916,527000.0,2026-08-27,Active,,,0,0.0,2,Yes,Yes,2026-08-27,2026-08-27
INSERT,2026-08-27T00:00:00,2026-08-27,PT0566141,LST0566141,AG00241,LOC0224,Single Family,6,1.0,3285,1351,1960,992800.0,2026-08-27,Active,,,0,0.0,2,No,No,2026-08-27,2026-08-27
INSERT,2026-08-27T00:00:00,2026-08-27,PT0566142,LST0566142,AG02936,LOC0173,Single Family,2,2.5,1564,1719,1924,501900.0,2026-08-27,Active,,,0,0.0,0,No,No,2026-08-27,2026-08-27
INSERT,2026-08-27T00:00:00,2026-08-27,PT0566143,LST0566143,AG02470,LOC0102,Apartment,6,2.0,637,0,1986,39200.0,2026-08-27,Active,,,0,718.3,3,No,No,2026-08-27,2026-08-27
INSERT,2026-08-27T00:00:00,2026-08-27,PT0566144,LST0566144,AG02205,LOC0226,Single Family,2,3.5,1514,5104,1977,422400.0,2026-08-27,Active,,,0,0.0,3,No,No,2026-08-27,2026-08-27
INSERT,2026-08-27T00:00:00,2026-08-27,PT0566145,LST0566145,AG00497,LOC0156,Single Family,5,1.5,1220,3870,1931,507600.0,2026-08-27,Active,,,0,0.0,3,No,Yes,2026-08-27,2026-08-27
INSERT,2026-08-27T00:00:00,2026-08-27,PT0566146,LST0566146,AG02502,LOC0091,Single Family,3,2.0,1240,2992,1927,289700.0,2026-08-27,Active,,,0,0.0,1,No,No,2026-08-27,2026-08-27
INSERT,2026-08-27T00:00:00,2026-08-27,PT0566147,LST0566147,AG02929,LOC0019,Townhouse,6,1.0,3010,3739,1902,388300.0,2026-08-27,Active,,,0,144.81,2,No,No,2026-08-27,2026-08-27
INSERT,2026-08-27T00:00:00,2026-08-27,PT0566148,LST0566148,AG01139,LOC0080,Townhouse,6,4.0,1959,7996,1942,530500.0,2026-08-27,Active,,,0,320.41,3,No,No,2026-08-27,2026-08-27
INSERT,2026-08-27T00:00:00,2026-08-27,PT0566149,LST0566149,AG01403,LOC0173,Single Family,3,4.5,741,1540,1928,346600.0,2026-08-27,Active,,,0,0.0,1,No,Yes,2026-08-27,2026-08-27
INSERT,2026-08-27T00:00:00,2026-08-27,PT0566150,LST0566150,AG00366,LOC0225,Single Family,5,2.5,2258,6302,1917,209500.0,2026-08-27,Active,,,0,0.0,1,No,Yes,2026-08-27,2026-08-27
INSERT,2026-08-27T00:00:00,2026-08-27,PT0566151,LST0566151,AG00447,LOC0186,Single Family,2,1.5,882,19818,1963,291400.0,2026-08-27,Active,,,0,0.0,1,Yes,Yes,2026-08-27,2026-08-27
INSERT,2026-08-27T00:00:00,2026-08-27,PT0566152,LST0566152,AG00328,LOC0042,Condo,3,1.5,1012,6097,1944,535800.0,2026-08-27,Active,,,0,369.53,3,No,No,2026-08-27,2026-08-27
INSERT,2026-08-27T00:00:00,2026-08-27,PT0566153,LST0566153,AG02020,LOC0204,Townhouse,4,3.5,3181,2425,1955,950200.0,2026-08-27,Active,,,0,405.92,3,No,No,2026-08-27,2026-08-27
INSERT,2026-08-27T00:00:00,2026-08-27,PT0566154,LST0566154,AG02796,LOC0120,Single Family,4,2.0,1821,1699,1913,920400.0,2026-08-27,Active,,,0,0.0,2,No,Yes,2026-08-27,2026-08-27
INSERT,2026-08-27T00:00:00,2026-08-27,PT0566155,LST0566155,AG01213,LOC0019,Townhouse,5,3.0,2708,2848,1977,402000.0,2026-08-27,Active,,,0,76.87,3,No,No,2026-08-27,2026-08-27
INSERT,2026-08-27T00:00:00,2026-08-27,PT0566156,LST0566156,AG00953,LOC0237,Land,0,0.0,4311,3430,1984,859200.0,2026-08-27,Active,,,0,0.0,0,No,No,2026-08-27,2026-08-27
INSERT,2026-08-27T00:00:00,2026-08-27,PT0566157,LST0566157,AG02570,LOC0183,Single Family,2,1.0,1369,2596,1946,308200.0,2026-08-27,Active,,,0,0.0,1,No,Yes,2026-08-27,2026-08-27
INSERT,2026-08-27T00:00:00,2026-08-27,PT0566158,LST0566158,AG01609,LOC0012,Single Family,4,4.0,1319,1807,1994,361700.0,2026-08-27,Active,,,0,0.0,1,No,Yes,2026-08-27,2026-08-27
INSERT,2026-08-27T00:00:00,2026-08-27,PT0566159,LST0566159,AG00770,LOC0241,Townhouse,6,3.5,1229,3008,1933,192400.0,2026-08-27,Active,,,0,167.35,0,Yes,No,2026-08-27,2026-08-27
INSERT,2026-08-27T00:00:00,2026-08-27,PT0566160,LST0566160,AG00783,LOC0143,Townhouse,2,4.5,1404,1642,2010,101400.0,2026-08-27,Active,,,0,674.62,2,No,No,2026-08-27,2026-08-27
INSERT,2026-08-27T00:00:00,2026-08-27,PT0566161,LST0566161,AG01100,LOC0183,Single Family,5,4.5,1211,5675,1978,340000.0,2026-08-27,Active,,,0,0.0,0,No,Yes,2026-08-27,2026-08-27
INSERT,2026-08-27T00:00:00,2026-08-27,PT0566162,LST0566162,AG00991,LOC0101,Single Family,1,1.0,1505,6707,1962,610700.0,2026-08-27,Active,,,0,0.0,0,No,Yes,2026-08-27,2026-08-27
INSERT,2026-08-27T00:00:00,2026-08-27,PT0566163,LST0566163,AG02675,LOC0084,Townhouse,2,2.0,913,1289,1955,298100.0,2026-08-27,Active,,,0,400.38,2,No,No,2026-08-27,2026-08-27
INSERT,2026-08-27T00:00:00,2026-08-27,PT0566164,LST0566164,AG00682,LOC0151,Multi-Family,2,1.5,1793,3802,1987,327500.0,2026-08-27,Active,,,0,0.0,3,Yes,No,2026-08-27,2026-08-27
UPDATE,2026-08-27T00:00:00,2026-08-27,PT0513955,LST0513955,AG02623,LOC0064,Single Family,1,2.0,1879,2975,2011,417900.0,2026-07-12,Sold,366728.27,2026-08-27,46,0.0,2,No,No,2026-07-12,2026-08-27
UPDATE,2026-08-27T00:00:00,2026-08-27,PT0213395,LST0213395,AG00010,LOC0238,Single Family,6,2.0,2653,3467,1972,1052900.0,2025-12-20,Sold,1017121.58,2026-08-27,250,0.0,3,No,Yes,2025-12-20,2026-08-27
UPDATE,2026-08-27T00:00:00,2026-08-27,PT0509663,LST0509663,AG02453,LOC0181,Single Family,6,1.0,1557,1241,1971,313000.0,2026-07-08,Sold,297791.05,2026-08-27,50,0.0,1,Yes,Yes,2026-07-08,2026-08-27
UPDATE,2026-08-27T00:00:00,2026-08-27,PT0079538,LST0079538,AG01692,LOC0155,Single Family,3,4.0,2055,5121,1954,423500.0,2023-03-12,Active,,,73,0.0,3,No,No,2023-03-12,2026-08-27
UPDATE,2026-08-27T00:00:00,2026-08-27,PT0353942,LST0353942,AG02978,LOC0129,Single Family,6,3.0,339,7680,1997,150300.0,2023-07-02,Pending,,,170,0.0,2,No,No,2023-07-02,2026-08-27
UPDATE,2026-08-27T00:00:00,2026-08-27,PT0110856,LST0110856,AG02940,LOC0165,Single Family,1,2.0,1998,1361,1972,994800.0,2025-04-26,Active,,,45,0.0,2,No,Yes,2025-04-26,2026-08-27
UPDATE,2026-08-27T00:00:00,2026-08-27,PT0085762,LST0085762,AG00604,LOC0157,Single Family,3,4.5,909,2088,2004,353100.0,2025-08-17,Active,,,61,0.0,2,No,Yes,2025-08-17,2026-08-27
UPDATE,2026-08-27T00:00:00,2026-08-27,PT0185399,LST0185399,AG00461,LOC0144,Single Family,2,3.5,1992,1831,1974,405200.0,2025-07-19,Pending,,,68,0.0,2,No,No,2025-07-19,2026-08-27
UPDATE,2026-08-27T00:00:00,2026-08-27,PT0042442,LST0042442,AG00540,LOC0214,Single Family,6,4.5,2896,5409,1971,851700.0,2024-01-28,Active,,,23,0.0,2,No,Yes,2024-01-28,2026-08-27
UPDATE,2026-08-27T00:00:00,2026-08-27,PT0241111,LST0241111,AG00703,LOC0209,Condo,5,1.5,515,2289,2002,232600.0,2025-02-05,Sold,239710.92,2026-08-27,568,407.0,2,No,No,2025-02-05,2026-08-27
UPDATE,2026-08-27T00:00:00,2026-08-27,PT0218945,LST0218945,AG02175,LOC0176,Single Family,4,3.0,890,8262,1954,188400.0,2023-08-04,Sold,185705.94,2026-08-27,1119,0.0,2,No,No,2023-08-04,2026-08-27
UPDATE,2026-08-27T00:00:00,2026-08-27,PT0457324,LST0457324,AG01802,LOC0052,Single Family,5,3.0,1965,11372,1919,76100.0,2026-05-31,Active,,,51,0.0,3,Yes,Yes,2026-05-31,2026-08-27
UPDATE,2026-08-27T00:00:00,2026-08-27,PT0483542,LST0483542,AG00281,LOC0015,Land,0,0.0,4566,1691,1995,1306500.0,2024-02-24,Active,,,43,0.0,0,No,No,2024-02-24,2026-08-27
UPDATE,2026-08-27T00:00:00,2026-08-27,PT0190913,LST0190913,AG02196,LOC0071,Townhouse,3,4.5,1355,7256,1944,450000.0,2025-03-13,Pending,,,100,327.0,1,Yes,No,2025-03-13,2026-08-27
UPDATE,2026-08-27T00:00:00,2026-08-27,PT0404966,LST0404966,AG00106,LOC0245,Single Family,1,2.5,1758,3344,1991,655100.0,2024-07-26,Pending,,,15,0.0,0,No,Yes,2024-07-26,2026-08-27
UPDATE,2026-08-27T00:00:00,2026-08-27,PT0387447,LST0387447,AG01282,LOC0129,Condo,5,4.0,300,11190,1954,143800.0,2024-10-14,Active,,,77,572.0,2,Yes,No,2024-10-14,2026-08-27
UPDATE,2026-08-27T00:00:00,2026-08-27,PT0072561,LST0072561,AG01899,LOC0217,Apartment,1,3.0,1160,0,1919,136700.0,2026-05-08,Pending,,,66,690.0,1,No,No,2026-05-08,2026-08-27
UPDATE,2026-08-27T00:00:00,2026-08-27,PT0534669,LST0534669,AG01305,LOC0203,Condo,4,4.0,1402,3329,1911,138200.0,2026-07-30,Pending,,,0,372.6,2,No,No,2026-07-30,2026-08-27
UPDATE,2026-08-27T00:00:00,2026-08-27,PT0131136,LST0131136,AG01416,LOC0017,Apartment,4,1.5,831,0,1968,619500.0,2023-08-12,Pending,,,170,780.0,1,No,No,2023-08-12,2026-08-27
UPDATE,2026-08-27T00:00:00,2026-08-27,PT0508001,LST0508001,AG02964,LOC0057,Single Family,1,1.0,3240,3902,1956,910800.0,2026-07-07,Active,,,0,0.0,1,Yes,Yes,2026-07-07,2026-08-27
UPDATE,2026-08-27T00:00:00,2026-08-27,PT0504765,LST0504765,AG00315,LOC0091,Single Family,4,4.0,1217,2470,2009,404600.0,2026-07-04,Active,,,0,0.0,0,No,No,2026-07-04,2026-08-27
UPDATE,2026-08-27T00:00:00,2026-08-27,PT0077365,LST0077365,AG00592,LOC0172,Single Family,2,4.5,957,2121,2013,251700.0,2025-04-11,Pending,,,2,0.0,3,No,Yes,2025-04-11,2026-08-27
UPDATE,2026-08-27T00:00:00,2026-08-27,PT0097547,LST0097547,AG01985,LOC0064,Single Family,2,1.0,1133,8820,1948,213500.0,2026-01-29,Sold,215774.47,2026-08-27,210,0.0,2,No,Yes,2026-01-29,2026-08-27
UPDATE,2026-08-27T00:00:00,2026-08-27,PT0237981,LST0237981,AG01045,LOC0184,Single Family,4,4.5,1199,3030,2014,440200.0,2024-06-04,Pending,,,102,0.0,2,No,No,2024-06-04,2026-08-27
UPDATE,2026-08-27T00:00:00,2026-08-27,PT0066432,LST0066432,AG02364,LOC0179,Multi-Family,4,2.5,4758,5335,1945,921200.0,2026-05-14,Active,,,146,0.0,1,No,No,2026-05-14,2026-08-27
UPDATE,2026-08-27T00:00:00,2026-08-27,PT0061250,LST0061250,AG00762,LOC0011,Single Family,5,4.5,658,4210,1941,307100.0,2023-05-02,Sold,306885.0,2026-08-27,1213,0.0,3,No,Yes,2023-05-02,2026-08-27
UPDATE,2026-08-27T00:00:00,2026-08-27,PT0488918,LST0488918,AG00665,LOC0073,Condo,4,3.0,1828,1533,2017,581100.0,2023-02-16,Sold,535589.75,2026-08-27,1288,529.0,3,No,No,2023-02-16,2026-08-27
UPDATE,2026-08-27T00:00:00,2026-08-27,PT0254515,LST0254515,AG01075,LOC0219,Single Family,3,4.5,1514,5184,1960,835500.0,2023-12-29,Pending,,,103,0.0,1,No,No,2023-12-29,2026-08-27
UPDATE,2026-08-27T00:00:00,2026-08-27,PT0375499,LST0375499,AG00906,LOC0047,Single Family,3,1.5,1774,1798,1966,690700.0,2026-01-29,Pending,,,11,0.0,2,No,Yes,2026-01-29,2026-08-27
UPDATE,2026-08-27T00:00:00,2026-08-27,PT0523951,LST0523951,AG00723,LOC0034,Condo,1,3.5,2076,3494,2019,776400.0,2026-07-21,Active,,,0,564.71,1,No,No,2026-07-21,2026-08-27
UPDATE,2026-08-27T00:00:00,2026-08-27,PT0472104,LST0472104,AG00228,LOC0110,Condo,3,2.0,1674,13172,1940,266200.0,2023-02-20,Active,,,71,367.0,2,Yes,No,2023-02-20,2026-08-27
UPDATE,2026-08-27T00:00:00,2026-08-27,PT0396530,LST0396530,AG00584,LOC0141,Single Family,1,1.5,1450,4683,1902,273300.0,2026-06-29,Active,,,10,0.0,2,No,Yes,2026-06-29,2026-08-27
UPDATE,2026-08-27T00:00:00,2026-08-27,PT0472331,LST0472331,AG00616,LOC0224,Apartment,5,4.5,1328,0,1965,686000.0,2026-05-04,Active,,,42,177.0,0,Yes,No,2026-05-04,2026-08-27
UPDATE,2026-08-27T00:00:00,2026-08-27,PT0056522,LST0056522,AG02662,LOC0030,Single Family,6,3.0,2748,2713,1994,689700.0,2025-11-27,Pending,,,14,0.0,0,No,Yes,2025-11-27,2026-08-27
UPDATE,2026-08-27T00:00:00,2026-08-27,PT0564921,LST0564921,AG01059,LOC0026,Condo,3,4.5,803,11907,1917,277800.0,2026-08-26,Active,,,0,83.31,1,No,No,2026-08-26,2026-08-27
UPDATE,2026-08-27T00:00:00,2026-08-27,PT0344026,LST0344026,AG01670,LOC0050,Single Family,3,3.0,1307,1861,2014,326500.0,2024-05-25,Pending,,,131,0.0,3,No,Yes,2024-05-25,2026-08-27
UPDATE,2026-08-27T00:00:00,2026-08-27,PT0236700,LST0236700,AG00133,LOC0070,Single Family,1,2.5,2121,2254,2015,317000.0,2024-08-19,Pending,,,30,0.0,3,No,No,2024-08-19,2026-08-27
UPDATE,2026-08-27T00:00:00,2026-08-27,PT0502705,LST0502705,AG00010,LOC0025,Single Family,4,2.5,2044,2696,1950,686300.0,2026-07-03,Sold,687094.99,2026-08-27,55,0.0,3,No,Yes,2026-07-03,2026-08-27
UPDATE,2026-08-27T00:00:00,2026-08-27,PT0531625,LST0531625,AG00538,LOC0180,Townhouse,4,2.0,2310,17289,1944,964800.0,2026-07-28,Active,,,0,322.74,2,No,No,2026-07-28,2026-08-27
UPDATE,2026-08-27T00:00:00,2026-08-27,PT0513270,LST0513270,AG00902,LOC0242,Single Family,1,1.0,2147,4850,1915,389700.0,2026-07-12,Sold,373102.99,2026-08-27,46,0.0,2,No,Yes,2026-07-12,2026-08-27
UPDATE,2026-08-27T00:00:00,2026-08-27,PT0061694,LST0061694,AG00490,LOC0074,Multi-Family,2,4.5,4615,2520,1997,2420300.0,2025-01-24,Active,,,53,0.0,1,No,Yes,2025-01-24,2026-08-27
UPDATE,2026-08-27T00:00:00,2026-08-27,PT0477521,LST0477521,AG01854,LOC0029,Single Family,2,1.0,2984,9910,2004,865700.0,2023-10-13,Pending,,,63,0.0,1,No,No,2023-10-13,2026-08-27
UPDATE,2026-08-27T00:00:00,2026-08-27,PT0501131,LST0501131,AG01682,LOC0055,Townhouse,3,3.5,1874,18090,1939,297500.0,2026-07-01,Sold,276876.9,2026-08-27,57,119.23,1,No,No,2026-07-01,2026-08-27
UPDATE,2026-08-27T00:00:00,2026-08-27,PT0327254,LST0327254,AG02602,LOC0008,Apartment,6,3.5,551,0,1927,86000.0,2023-10-30,Pending,,,1,122.0,0,No,No,2023-10-30,2026-08-27
UPDATE,2026-08-27T00:00:00,2026-08-27,PT0311869,LST0311869,AG02599,LOC0123,Condo,5,1.5,1563,2866,1999,609900.0,2023-11-10,Pending,,,154,282.0,1,No,No,2023-11-10,2026-08-27
UPDATE,2026-08-27T00:00:00,2026-08-27,PT0346584,LST0346584,AG01603,LOC0064,Townhouse,5,3.5,2547,1005,1909,649600.0,2026-02-23,Active,,,126,655.0,2,No,No,2026-02-23,2026-08-27
UPDATE,2026-08-27T00:00:00,2026-08-27,PT0240178,LST0240178,AG02843,LOC0141,Single Family,4,4.0,1473,1190,1906,403500.0,2025-03-22,Active,,,165,0.0,0,No,Yes,2025-03-22,2026-08-27
UPDATE,2026-08-27T00:00:00,2026-08-27,PT0276658,LST0276658,AG00517,LOC0195,Condo,3,2.0,1673,4840,1997,340300.0,2025-07-18,Pending,,,29,230.0,2,No,No,2025-07-18,2026-08-27
UPDATE,2026-08-27T00:00:00,2026-08-27,PT0342834,LST0342834,AG01713,LOC0216,Single Family,2,1.5,1084,3351,1962,197300.0,2026-03-24,Active,,,126,0.0,1,No,Yes,2026-03-24,2026-08-27
UPDATE,2026-08-27T00:00:00,2026-08-27,PT0540253,LST0540253,AG01939,LOC0149,Single Family,5,3.0,2274,8246,1964,506500.0,2026-08-04,Active,,,0,0.0,3,No,Yes,2026-08-04,2026-08-27
UPDATE,2026-08-27T00:00:00,2026-08-27,PT0291068,LST0291068,AG00335,LOC0127,Land,0,0.0,7838,9743,1956,4426300.0,2024-07-31,Active,,,133,0.0,0,No,No,2024-07-31,2026-08-27
UPDATE,2026-08-27T00:00:00,2026-08-27,PT0321443,LST0321443,AG02052,LOC0002,Condo,4,1.0,1397,4502,1998,199600.0,2025-07-10,Active,,,155,330.0,1,No,No,2025-07-10,2026-08-27
UPDATE,2026-08-27T00:00:00,2026-08-27,PT0545715,LST0545715,AG01100,LOC0233,Single Family,2,2.0,3142,2077,2023,1145600.0,2026-08-09,Active,,,0,0.0,2,No,No,2026-08-09,2026-08-27
UPDATE,2026-08-27T00:00:00,2026-08-27,PT0346451,LST0346451,AG02611,LOC0227,Condo,2,2.5,1398,3357,1903,325400.0,2025-08-06,Sold,289606.31,2026-08-27,386,406.0,3,No,No,2025-08-06,2026-08-27
UPDATE,2026-08-27T00:00:00,2026-08-27,PT0482948,LST0482948,AG00863,LOC0242,Condo,3,2.0,1672,7414,1905,521200.0,2023-02-20,Sold,491479.05,2026-08-27,1284,78.0,2,No,No,2023-02-20,2026-08-27
UPDATE,2026-08-27T00:00:00,2026-08-27,PT0312334,LST0312334,AG01889,LOC0210,Apartment,3,3.5,585,0,1981,99100.0,2023-10-17,Sold,87893.65,2026-08-27,1045,72.0,0,No,No,2023-10-17,2026-08-27
UPDATE,2026-08-27T00:00:00,2026-08-27,PT0082011,LST0082011,AG00158,LOC0033,Condo,6,2.5,1957,2082,1912,864900.0,2024-10-24,Active,,,155,408.0,3,No,No,2024-10-24,2026-08-27
UPDATE,2026-08-27T00:00:00,2026-08-27,PT0459171,LST0459171,AG01651,LOC0139,Single Family,1,3.5,1721,6814,1909,518800.0,2024-04-03,Active,,,176,0.0,2,Yes,Yes,2024-04-03,2026-08-27
UPDATE,2026-08-27T00:00:00,2026-08-27,PT0406689,LST0406689,AG02665,LOC0166,Single Family,4,4.5,2925,12174,2023,937400.0,2024-07-02,Active,,,83,0.0,0,No,No,2024-07-02,2026-08-27
UPDATE,2026-08-27T00:00:00,2026-08-27,PT0562224,LST0562224,AG01131,LOC0171,Land,0,0.0,5630,2821,1909,2517800.0,2026-08-24,Active,,,0,0.0,0,No,No,2026-08-24,2026-08-27
UPDATE,2026-08-27T00:00:00,2026-08-27,PT0241926,LST0241926,AG01844,LOC0115,Condo,4,1.0,2231,2392,1943,348300.0,2024-10-03,Pending,,,119,552.0,3,No,No,2024-10-03,2026-08-27
UPDATE,2026-08-27T00:00:00,2026-08-27,PT0232086,LST0232086,AG02913,LOC0029,Single Family,2,3.0,826,3402,1979,167600.0,2023-07-09,Pending,,,6,0.0,3,No,No,2023-07-09,2026-08-27
UPDATE,2026-08-27T00:00:00,2026-08-27,PT0463616,LST0463616,AG00384,LOC0025,Single Family,2,2.5,2513,5804,1947,361300.0,2025-11-28,Active,,,166,0.0,0,No,Yes,2025-11-28,2026-08-27
UPDATE,2026-08-27T00:00:00,2026-08-27,PT0369331,LST0369331,AG02565,LOC0109,Single Family,3,2.5,1001,13897,1935,707100.0,2025-07-09,Active,,,107,0.0,1,No,No,2025-07-09,2026-08-27
UPDATE,2026-08-27T00:00:00,2026-08-27,PT0193450,LST0193450,AG02521,LOC0171,Single Family,2,4.5,1730,3214,1955,720900.0,2025-04-11,Pending,,,115,0.0,0,Yes,No,2025-04-11,2026-08-27
UPDATE,2026-08-27T00:00:00,2026-08-27,PT0165033,LST0165033,AG02859,LOC0202,Condo,1,2.5,1178,9869,1916,328800.0,2024-12-06,Pending,,,108,790.0,3,No,No,2024-12-06,2026-08-27
UPDATE,2026-08-27T00:00:00,2026-08-27,PT0196740,LST0196740,AG02796,LOC0193,Townhouse,1,2.0,1495,5476,2002,734400.0,2025-04-09,Active,,,69,144.0,3,No,No,2025-04-09,2026-08-27
UPDATE,2026-08-27T00:00:00,2026-08-27,PT0087885,LST0087885,AG01472,LOC0076,Land,0,0.0,3134,4448,1965,468100.0,2024-12-04,Pending,,,113,0.0,0,No,No,2024-12-04,2026-08-27
UPDATE,2026-08-27T00:00:00,2026-08-27,PT0476229,LST0476229,AG00870,LOC0206,Apartment,1,4.0,555,0,1938,239500.0,2025-06-29,Sold,235384.01,2026-08-27,424,498.0,0,No,No,2025-06-29,2026-08-27
UPDATE,2026-08-27T00:00:00,2026-08-27,PT0537078,LST0537078,AG00530,LOC0132,Condo,4,2.5,632,3142,1950,157200.0,2026-08-01,Active,,,0,545.85,3,No,No,2026-08-01,2026-08-27
UPDATE,2026-08-27T00:00:00,2026-08-27,PT0372386,LST0372386,AG01372,LOC0128,Land,0,0.0,8150,6511,1934,2481700.0,2025-01-29,Active,,,158,0.0,0,No,No,2025-01-29,2026-08-27
UPDATE,2026-08-27T00:00:00,2026-08-27,PT0013439,LST0013439,AG00526,LOC0182,Single Family,5,1.5,795,6836,2005,278700.0,2024-08-10,Sold,273620.42,2026-08-27,747,0.0,1,No,No,2024-08-10,2026-08-27
UPDATE,2026-08-27T00:00:00,2026-08-27,PT0242867,LST0242867,AG02184,LOC0062,Multi-Family,6,3.5,3386,4751,2000,1471800.0,2025-03-12,Active,,,176,0.0,3,No,Yes,2025-03-12,2026-08-27
UPDATE,2026-08-27T00:00:00,2026-08-27,PT0134343,LST0134343,AG00563,LOC0204,Single Family,2,3.0,836,2623,2020,278500.0,2024-02-01,Pending,,,61,0.0,3,Yes,Yes,2024-02-01,2026-08-27
UPDATE,2026-08-27T00:00:00,2026-08-27,PT0339383,LST0339383,AG00558,LOC0092,Townhouse,5,4.0,2146,1329,2019,394500.0,2024-02-10,Pending,,,31,646.0,2,No,No,2024-02-10,2026-08-27
UPDATE,2026-08-27T00:00:00,2026-08-27,PT0529742,LST0529742,AG01657,LOC0193,Single Family,5,4.5,1574,9468,1953,516300.0,2026-07-26,Active,,,0,0.0,0,No,No,2026-07-26,2026-08-27
UPDATE,2026-08-27T00:00:00,2026-08-27,PT0515642,LST0515642,AG00360,LOC0225,Condo,5,2.0,2453,3209,1948,637200.0,2026-07-13,Active,,,0,594.92,1,No,No,2026-07-13,2026-08-27
UPDATE,2026-08-27T00:00:00,2026-08-27,PT0436249,LST0436249,AG02307,LOC0015,Condo,5,4.5,2305,3187,1921,386000.0,2023-07-06,Active,,,51,218.0,3,No,No,2023-07-06,2026-08-27
UPDATE,2026-08-27T00:00:00,2026-08-27,PT0264894,LST0264894,AG02423,LOC0124,Condo,6,1.5,1692,24291,2019,700400.0,2024-01-01,Pending,,,157,760.0,2,No,No,2024-01-01,2026-08-27
UPDATE,2026-08-27T00:00:00,2026-08-27,PT0515612,LST0515612,AG01083,LOC0159,Townhouse,6,4.5,1086,2260,1963,214400.0,2026-07-13,Active,,,0,791.47,0,No,No,2026-07-13,2026-08-27
UPDATE,2026-08-27T00:00:00,2026-08-27,PT0200577,LST0200577,AG00625,LOC0157,Condo,1,3.5,1677,4970,1923,626400.0,2025-10-19,Active,,,21,750.0,2,No,No,2025-10-19,2026-08-27
UPDATE,2026-08-27T00:00:00,2026-08-27,PT0312124,LST0312124,AG01049,LOC0036,Condo,6,4.0,2853,5776,1921,1203300.0,2024-01-08,Sold,1122078.66,2026-08-27,962,175.0,3,No,No,2024-01-08,2026-08-27
UPDATE,2026-08-27T00:00:00,2026-08-27,PT0185508,LST0185508,AG01273,LOC0191,Single Family,3,4.5,931,3232,1911,563100.0,2023-04-30,Active,,,7,0.0,0,No,No,2023-04-30,2026-08-27
UPDATE,2026-08-27T00:00:00,2026-08-27,PT0537977,LST0537977,AG01145,LOC0030,Townhouse,1,2.5,2818,4308,2015,759600.0,2026-08-02,Sold,706955.09,2026-08-27,25,231.98,2,Yes,No,2026-08-02,2026-08-27
UPDATE,2026-08-27T00:00:00,2026-08-27,PT0503298,LST0503298,AG02019,LOC0201,Townhouse,3,1.5,1354,2053,1998,208400.0,2026-07-03,Pending,,,0,180.56,2,No,No,2026-07-03,2026-08-27
UPDATE,2026-08-27T00:00:00,2026-08-27,PT0499207,LST0499207,AG01223,LOC0192,Single Family,4,4.5,828,2386,2018,272600.0,2025-11-10,Pending,,,59,0.0,2,No,No,2025-11-10,2026-08-27
UPDATE,2026-08-27T00:00:00,2026-08-27,PT0538010,LST0538010,AG00835,LOC0238,Single Family,2,1.5,1079,2357,1989,243700.0,2026-08-02,Sold,235222.91,2026-08-27,25,0.0,3,No,No,2026-08-02,2026-08-27
UPDATE,2026-08-27T00:00:00,2026-08-27,PT0469359,LST0469359,AG02790,LOC0250,Townhouse,3,3.5,1578,4557,1933,484500.0,2024-04-15,Active,,,135,289.0,3,Yes,No,2024-04-15,2026-08-27
UPDATE,2026-08-27T00:00:00,2026-08-27,PT0123588,LST0123588,AG00028,LOC0137,Single Family,1,2.0,1690,17396,1994,454400.0,2023-11-03,Active,,,87,0.0,3,No,Yes,2023-11-03,2026-08-27
UPDATE,2026-08-27T00:00:00,2026-08-27,PT0290258,LST0290258,AG02288,LOC0180,Single Family,6,3.0,2008,1676,1928,486200.0,2026-04-14,Pending,,,21,0.0,1,No,Yes,2026-04-14,2026-08-27
UPDATE,2026-08-27T00:00:00,2026-08-27,PT0120202,LST0120202,AG02629,LOC0215,Single Family,4,4.5,2449,5984,1941,850900.0,2024-02-12,Active,,,96,0.0,0,No,Yes,2024-02-12,2026-08-27
UPDATE,2026-08-27T00:00:00,2026-08-27,PT0529604,LST0529604,AG02016,LOC0095,Condo,3,1.5,2563,1067,2023,1223200.0,2026-07-26,Active,,,0,303.86,0,No,No,2026-07-26,2026-08-27
UPDATE,2026-08-27T00:00:00,2026-08-27,PT0515037,LST0515037,AG02139,LOC0068,Condo,1,1.0,832,1184,1985,326100.0,2026-07-13,Sold,298900.1,2026-08-27,45,197.78,2,No,No,2026-07-13,2026-08-27
UPDATE,2026-08-27T00:00:00,2026-08-27,PT0529166,LST0529166,AG00725,LOC0011,Single Family,1,4.5,1931,14674,2005,1447500.0,2026-07-26,Active,,,0,0.0,3,No,Yes,2026-07-26,2026-08-27
UPDATE,2026-08-27T00:00:00,2026-08-27,PT0484767,LST0484767,AG00540,LOC0081,Single Family,5,1.5,2143,5802,1995,429600.0,2024-08-16,Active,,,177,0.0,0,No,No,2024-08-16,2026-08-27
UPDATE,2026-08-27T00:00:00,2026-08-27,PT0537246,LST0537246,AG00503,LOC0150,Land,0,0.0,3470,2228,2013,1220200.0,2026-08-02,Pending,,,0,0.0,0,No,No,2026-08-02,2026-08-27
UPDATE,2026-08-27T00:00:00,2026-08-27,PT0074383,LST0074383,AG00599,LOC0165,Condo,6,1.0,1486,7514,1959,364800.0,2026-03-21,Active,,,11,335.0,2,No,No,2026-03-21,2026-08-27
UPDATE,2026-08-27T00:00:00,2026-08-27,PT0545594,LST0545594,AG00038,LOC0010,Apartment,3,3.0,297,0,2020,159100.0,2026-08-09,Sold,150210.61,2026-08-27,18,507.3,3,No,No,2026-08-09,2026-08-27
UPDATE,2026-08-27T00:00:00,2026-08-27,PT0146581,LST0146581,AG01708,LOC0177,Single Family,6,2.0,1854,3540,1942,151800.0,2024-07-08,Active,,,176,0.0,1,No,Yes,2024-07-08,2026-08-27
UPDATE,2026-08-27T00:00:00,2026-08-27,PT0387826,LST0387826,AG02307,LOC0171,Townhouse,5,3.0,1912,4272,1909,547800.0,2024-01-15,Active,,,78,550.0,1,No,No,2024-01-15,2026-08-27
UPDATE,2026-08-27T00:00:00,2026-08-27,PT0524824,LST0524824,AG01507,LOC0199,Townhouse,3,3.0,2625,2269,1913,1664600.0,2026-07-22,Active,,,0,538.13,0,No,No,2026-07-22,2026-08-27
UPDATE,2026-08-27T00:00:00,2026-08-27,PT0202192,LST0202192,AG00380,LOC0022,Townhouse,6,2.5,1668,1173,1982,1237400.0,2023-12-30,Active,,,93,469.0,0,Yes,No,2023-12-30,2026-08-27
UPDATE,2026-08-27T00:00:00,2026-08-27,PT0130103,LST0130103,AG02702,LOC0103,Single Family,5,2.5,2165,4520,2005,527600.0,2023-01-28,Pending,,,155,0.0,0,No,Yes,2023-01-28,2026-08-27
UPDATE,2026-08-27T00:00:00,2026-08-27,PT0387136,LST0387136,AG00577,LOC0215,Single Family,1,3.5,1259,1415,2000,267000.0,2025-04-07,Sold,232599.99,2026-08-27,507,0.0,1,No,No,2025-04-07,2026-08-27
UPDATE,2026-08-27T00:00:00,2026-08-27,PT0384310,LST0384310,AG01880,LOC0045,Single Family,4,1.5,1997,3783,1978,767100.0,2023-11-19,Pending,,,1,0.0,3,No,No,2023-11-19,2026-08-27
UPDATE,2026-08-27T00:00:00,2026-08-27,PT0349557,LST0349557,AG00036,LOC0145,Townhouse,2,1.5,3292,6051,1906,472800.0,2024-07-04,Sold,446840.67,2026-08-27,784,450.0,2,Yes,No,2024-07-04,2026-08-27
UPDATE,2026-08-27T00:00:00,2026-08-27,PT0298694,LST0298694,AG01065,LOC0162,Land,0,0.0,1022,5979,1998,226300.0,2025-03-12,Pending,,,28,0.0,0,No,No,2025-03-12,2026-08-27
UPDATE,2026-08-27T00:00:00,2026-08-27,PT0433185,LST0433185,AG00815,LOC0142,Single Family,6,1.5,1161,3600,1954,476000.0,2024-03-11,Sold,481229.24,2026-08-27,899,0.0,3,No,No,2024-03-11,2026-08-27
UPDATE,2026-08-27T00:00:00,2026-08-27,PT0229732,LST0229732,AG01878,LOC0061,Townhouse,6,2.5,1621,2231,2006,133400.0,2025-12-09,Pending,,,55,323.0,3,No,No,2025-12-09,2026-08-27
UPDATE,2026-08-27T00:00:00,2026-08-27,PT0520268,LST0520268,AG01879,LOC0244,Land,0,0.0,8995,13590,1919,1494700.0,2026-07-18,Active,,,0,0.0,0,No,No,2026-07-18,2026-08-27
UPDATE,2026-08-27T00:00:00,2026-08-27,PT0216571,LST0216571,AG01462,LOC0239,Single Family,6,1.0,1674,3619,1987,203400.0,2025-12-20,Active,,,129,0.0,1,Yes,Yes,2025-12-20,2026-08-27
UPDATE,2026-08-27T00:00:00,2026-08-27,PT0216960,LST0216960,AG01037,LOC0122,Single Family,6,3.5,2378,2850,1964,932100.0,2026-02-18,Active,,,153,0.0,2,No,Yes,2026-02-18,2026-08-27
UPDATE,2026-08-27T00:00:00,2026-08-27,PT0521694,LST0521694,AG01131,LOC0227,Townhouse,6,4.5,1144,1424,1913,144300.0,2026-07-19,Pending,,,0,741.39,0,No,No,2026-07-19,2026-08-27
UPDATE,2026-08-27T00:00:00,2026-08-27,PT0303762,LST0303762,AG00469,LOC0145,Townhouse,3,1.5,1781,2422,1981,232300.0,2026-01-11,Active,,,176,580.0,2,No,No,2026-01-11,2026-08-27
UPDATE,2026-08-27T00:00:00,2026-08-27,PT0447835,LST0447835,AG02110,LOC0014,Townhouse,3,2.0,1328,2918,1912,155800.0,2025-07-29,Active,,,92,788.0,1,No,No,2025-07-29,2026-08-27
UPDATE,2026-08-27T00:00:00,2026-08-27,PT0336795,LST0336795,AG00746,LOC0233,Multi-Family,5,3.0,2024,4324,2025,564900.0,2023-11-23,Active,,,46,0.0,2,No,Yes,2023-11-23,2026-08-27
UPDATE,2026-08-27T00:00:00,2026-08-27,PT0198379,LST0198379,AG01495,LOC0141,Single Family,5,1.5,1732,4341,1993,438100.0,2025-02-06,Pending,,,176,0.0,2,No,Yes,2025-02-06,2026-08-27
UPDATE,2026-08-27T00:00:00,2026-08-27,PT0452634,LST0452634,AG02827,LOC0094,Single Family,3,1.5,2024,7621,2013,248700.0,2023-11-13,Active,,,31,0.0,3,No,No,2023-11-13,2026-08-27
UPDATE,2026-08-27T00:00:00,2026-08-27,PT0339723,LST0339723,AG01749,LOC0044,Multi-Family,4,3.5,2155,1014,1907,577900.0,2025-09-27,Sold,541647.91,2026-08-27,334,0.0,3,Yes,No,2025-09-27,2026-08-27
UPDATE,2026-08-27T00:00:00,2026-08-27,PT0527710,LST0527710,AG02189,LOC0162,Townhouse,6,4.0,2309,5612,1974,540800.0,2026-07-24,Pending,,,0,264.49,2,No,No,2026-07-24,2026-08-27
UPDATE,2026-08-27T00:00:00,2026-08-27,PT0215276,LST0215276,AG02689,LOC0133,Land,0,0.0,1713,2208,2004,418000.0,2024-03-31,Active,,,152,0.0,0,No,No,2024-03-31,2026-08-27
UPDATE,2026-08-27T00:00:00,2026-08-27,PT0388133,LST0388133,AG02201,LOC0109,Townhouse,1,3.5,2300,2125,1966,1205400.0,2023-05-06,Sold,1155064.19,2026-08-27,1209,454.0,3,No,No,2023-05-06,2026-08-27
UPDATE,2026-08-27T00:00:00,2026-08-27,PT0518109,LST0518109,AG00546,LOC0067,Multi-Family,2,2.0,2146,5387,2024,357700.0,2026-07-16,Sold,351976.72,2026-08-27,42,0.0,0,No,Yes,2026-07-16,2026-08-27
UPDATE,2026-08-27T00:00:00,2026-08-27,PT0237791,LST0237791,AG01871,LOC0220,Townhouse,2,1.0,2752,11847,1926,1391100.0,2023-08-10,Pending,,,63,154.0,2,No,No,2023-08-10,2026-08-27
UPDATE,2026-08-27T00:00:00,2026-08-27,PT0026675,LST0026675,AG02893,LOC0141,Single Family,6,2.5,1847,1382,2014,662800.0,2024-05-17,Pending,,,104,0.0,2,Yes,No,2024-05-17,2026-08-27
UPDATE,2026-08-27T00:00:00,2026-08-27,PT0391778,LST0391778,AG00305,LOC0064,Condo,1,1.0,1364,4772,1921,408800.0,2025-04-01,Active,,,133,232.0,2,No,No,2025-04-01,2026-08-27
UPDATE,2026-08-27T00:00:00,2026-08-27,PT0510552,LST0510552,AG00925,LOC0142,Condo,3,1.5,1991,4754,1989,936700.0,2026-07-09,Active,,,0,130.76,0,No,No,2026-07-09,2026-08-27
UPDATE,2026-08-27T00:00:00,2026-08-27,PT0239831,LST0239831,AG02880,LOC0028,Condo,6,1.0,3524,1008,1996,539100.0,2025-05-23,Active,,,116,541.0,1,No,No,2025-05-23,2026-08-27
UPDATE,2026-08-27T00:00:00,2026-08-27,PT0363979,LST0363979,AG02348,LOC0246,Condo,6,1.0,2905,1497,1985,649100.0,2024-12-06,Pending,,,45,529.0,3,Yes,No,2024-12-06,2026-08-27
UPDATE,2026-08-27T00:00:00,2026-08-27,PT0558164,LST0558164,AG00666,LOC0026,Single Family,4,2.5,1490,10448,2013,376400.0,2026-08-21,Active,,,0,0.0,1,No,No,2026-08-21,2026-08-27
UPDATE,2026-08-27T00:00:00,2026-08-27,PT0206140,LST0206140,AG01167,LOC0213,Single Family,4,2.5,2557,4303,1968,305700.0,2024-12-21,Sold,336871.54,2026-08-27,614,0.0,3,No,Yes,2024-12-21,2026-08-27
UPDATE,2026-08-27T00:00:00,2026-08-27,PT0124446,LST0124446,AG00831,LOC0033,Townhouse,5,1.0,2017,1928,2010,328900.0,2023-11-11,Active,,,158,650.0,3,No,No,2023-11-11,2026-08-27
UPDATE,2026-08-27T00:00:00,2026-08-27,PT0061136,LST0061136,AG01367,LOC0091,Single Family,5,2.0,2055,23540,2002,1023300.0,2025-03-12,Pending,,,158,0.0,1,Yes,Yes,2025-03-12,2026-08-27
UPDATE,2026-08-27T00:00:00,2026-08-27,PT0057722,LST0057722,AG01139,LOC0182,Single Family,4,4.0,1973,1625,1920,667000.0,2024-03-03,Pending,,,102,0.0,3,No,Yes,2024-03-03,2026-08-27
UPDATE,2026-08-27T00:00:00,2026-08-27,PT0320788,LST0320788,AG00712,LOC0183,Townhouse,5,1.0,2540,4027,1973,473300.0,2024-07-29,Active,,,11,302.0,2,No,No,2024-07-29,2026-08-27
UPDATE,2026-08-27T00:00:00,2026-08-27,PT0409493,LST0409493,AG00158,LOC0102,Townhouse,4,2.0,604,2340,1963,96000.0,2026-01-29,Pending,,,81,410.0,0,No,No,2026-01-29,2026-08-27
UPDATE,2026-08-27T00:00:00,2026-08-27,PT0339535,LST0339535,AG02187,LOC0007,Single Family,1,1.0,1720,2216,1977,338100.0,2024-05-04,Active,,,22,0.0,1,Yes,No,2024-05-04,2026-08-27
UPDATE,2026-08-27T00:00:00,2026-08-27,PT0508413,LST0508413,AG00489,LOC0089,Condo,2,3.5,1112,3424,1924,170000.0,2026-07-07,Pending,,,0,791.96,1,No,No,2026-07-07,2026-08-27
UPDATE,2026-08-27T00:00:00,2026-08-27,PT0313318,LST0313318,AG01645,LOC0072,Single Family,5,1.0,1024,4208,1907,91200.0,2024-11-28,Active,,,59,0.0,1,Yes,No,2024-11-28,2026-08-27
UPDATE,2026-08-27T00:00:00,2026-08-27,PT0535343,LST0535343,AG02673,LOC0204,Multi-Family,3,1.5,3906,3159,1992,1877600.0,2026-07-31,Sold,2003864.27,2026-08-27,27,0.0,3,No,No,2026-07-31,2026-08-27
UPDATE,2026-08-27T00:00:00,2026-08-27,PT0495971,LST0495971,AG01627,LOC0222,Single Family,6,1.5,3468,2671,1972,1184800.0,2025-05-26,Active,,,160,0.0,0,No,Yes,2025-05-26,2026-08-27
UPDATE,2026-08-27T00:00:00,2026-08-27,PT0511919,LST0511919,AG00600,LOC0050,Single Family,4,4.0,1872,8039,1974,756500.0,2026-07-10,Active,,,0,0.0,1,No,Yes,2026-07-10,2026-08-27
UPDATE,2026-08-27T00:00:00,2026-08-27,PT0369219,LST0369219,AG00502,LOC0219,Condo,2,4.0,1864,1033,1962,606800.0,2026-04-01,Pending,,,143,464.0,0,No,No,2026-04-01,2026-08-27
UPDATE,2026-08-27T00:00:00,2026-08-27,PT0373197,LST0373197,AG02275,LOC0010,Single Family,5,4.5,1048,1522,1965,503500.0,2026-01-13,Pending,,,15,0.0,3,No,No,2026-01-13,2026-08-27
UPDATE,2026-08-27T00:00:00,2026-08-27,PT0485765,LST0485765,AG00313,LOC0202,Multi-Family,6,2.0,4386,4322,1979,1184500.0,2025-09-26,Pending,,,85,0.0,2,No,No,2025-09-26,2026-08-27
UPDATE,2026-08-27T00:00:00,2026-08-27,PT0136834,LST0136834,AG00814,LOC0244,Apartment,5,3.5,652,0,1904,80400.0,2026-01-06,Pending,,,52,480.0,3,No,No,2026-01-06,2026-08-27
UPDATE,2026-08-27T00:00:00,2026-08-27,PT0093100,LST0093100,AG02948,LOC0235,Single Family,5,1.5,1628,1910,2004,1080200.0,2025-12-01,Sold,1018542.27,2026-08-27,269,0.0,1,No,Yes,2025-12-01,2026-08-27
UPDATE,2026-08-27T00:00:00,2026-08-27,PT0552779,LST0552779,AG00336,LOC0111,Single Family,5,1.5,1956,8042,1951,507000.0,2026-08-16,Active,,,0,0.0,2,Yes,No,2026-08-16,2026-08-27
UPDATE,2026-08-27T00:00:00,2026-08-27,PT0446702,LST0446702,AG02407,LOC0100,Single Family,4,2.5,2867,15744,1951,452400.0,2026-02-10,Sold,387034.9,2026-08-27,198,0.0,2,No,No,2026-02-10,2026-08-27
UPDATE,2026-08-27T00:00:00,2026-08-27,PT0545088,LST0545088,AG00954,LOC0044,Condo,3,4.5,1702,3667,1953,846800.0,2026-08-08,Active,,,0,81.58,2,No,No,2026-08-08,2026-08-27
UPDATE,2026-08-27T00:00:00,2026-08-27,PT0106291,LST0106291,AG02923,LOC0111,Single Family,1,1.0,1744,4851,2000,200000.0,2026-02-22,Active,,,149,0.0,3,No,Yes,2026-02-22,2026-08-27
UPDATE,2026-08-27T00:00:00,2026-08-27,PT0126084,LST0126084,AG01848,LOC0207,Single Family,1,1.5,1302,1883,1965,182600.0,2026-03-23,Pending,,,80,0.0,0,Yes,No,2026-03-23,2026-08-27
UPDATE,2026-08-27T00:00:00,2026-08-27,PT0526334,LST0526334,AG01099,LOC0085,Condo,1,1.5,2029,2165,1952,387300.0,2026-07-23,Pending,,,0,531.84,1,No,No,2026-07-23,2026-08-27
UPDATE,2026-08-27T00:00:00,2026-08-27,PT0546094,LST0546094,AG00824,LOC0024,Apartment,4,4.0,967,0,2006,279200.0,2026-08-09,Sold,288338.15,2026-08-27,18,393.44,0,Yes,No,2026-08-09,2026-08-27
UPDATE,2026-08-27T00:00:00,2026-08-27,PT0350109,LST0350109,AG00810,LOC0041,Condo,4,2.0,1656,3294,1964,469100.0,2024-05-14,Active,,,175,102.0,2,No,No,2024-05-14,2026-08-27
UPDATE,2026-08-27T00:00:00,2026-08-27,PT0511118,LST0511118,AG02242,LOC0002,Single Family,6,2.0,587,1383,1991,181500.0,2026-07-10,Pending,,,0,0.0,0,No,Yes,2026-07-10,2026-08-27
UPDATE,2026-08-27T00:00:00,2026-08-27,PT0563439,LST0563439,AG01770,LOC0087,Townhouse,4,3.0,2108,3477,1969,594200.0,2026-08-25,Sold,578505.92,2026-08-27,2,372.0,1,No,No,2026-08-25,2026-08-27
UPDATE,2026-08-27T00:00:00,2026-08-27,PT0519199,LST0519199,AG01182,LOC0079,Condo,4,3.5,3592,3657,1929,1164800.0,2026-07-17,Active,,,0,80.78,1,No,No,2026-07-17,2026-08-27
UPDATE,2026-08-27T00:00:00,2026-08-27,PT0119746,LST0119746,AG02736,LOC0230,Single Family,3,3.0,2423,3469,1900,775700.0,2023-05-29,Active,,,130,0.0,2,No,No,2023-05-29,2026-08-27
UPDATE,2026-08-27T00:00:00,2026-08-27,PT0026160,LST0026160,AG02696,LOC0199,Multi-Family,1,3.5,2433,3775,2019,1018000.0,2024-11-09,Pending,,,16,0.0,0,No,No,2024-11-09,2026-08-27
UPDATE,2026-08-27T00:00:00,2026-08-27,PT0296966,LST0296966,AG00894,LOC0094,Single Family,6,3.0,2478,2865,1951,374800.0,2023-03-21,Sold,351221.57,2026-08-27,1255,0.0,1,No,Yes,2023-03-21,2026-08-27
UPDATE,2026-08-27T00:00:00,2026-08-27,PT0367096,LST0367096,AG00919,LOC0196,Single Family,2,2.5,363,6910,1911,131100.0,2026-03-10,Pending,,,100,0.0,3,No,Yes,2026-03-10,2026-08-27
UPDATE,2026-08-27T00:00:00,2026-08-27,PT0322305,LST0322305,AG00071,LOC0168,Single Family,4,2.0,3440,2028,1935,989600.0,2024-03-23,Pending,,,75,0.0,1,No,Yes,2024-03-23,2026-08-27
UPDATE,2026-08-27T00:00:00,2026-08-27,PT0432630,LST0432630,AG01814,LOC0169,Single Family,5,1.0,793,6762,2022,134700.0,2026-01-10,Active,,,1,0.0,3,No,Yes,2026-01-10,2026-08-27
UPDATE,2026-08-27T00:00:00,2026-08-27,PT0287767,LST0287767,AG02878,LOC0014,Single Family,2,2.0,2044,1166,1977,277900.0,2023-01-05,Pending,,,5,0.0,0,Yes,No,2023-01-05,2026-08-27
UPDATE,2026-08-27T00:00:00,2026-08-27,PT0134354,LST0134354,AG02999,LOC0075,Townhouse,2,4.0,2346,5062,1939,506500.0,2024-05-26,Active,,,68,276.0,1,No,No,2024-05-26,2026-08-27
UPDATE,2026-08-27T00:00:00,2026-08-27,PT0390077,LST0390077,AG00010,LOC0193,Single Family,1,3.0,1939,1004,1957,355500.0,2025-09-28,Pending,,,175,0.0,1,No,Yes,2025-09-28,2026-08-27
UPDATE,2026-08-27T00:00:00,2026-08-27,PT0430117,LST0430117,AG00722,LOC0043,Land,0,0.0,8966,13155,1999,2382500.0,2024-09-19,Pending,,,13,0.0,0,No,No,2024-09-19,2026-08-27
UPDATE,2026-08-27T00:00:00,2026-08-27,PT0436490,LST0436490,AG02330,LOC0242,Condo,6,3.5,790,2971,1997,253000.0,2023-02-15,Sold,276438.24,2026-08-27,1289,199.0,0,Yes,No,2023-02-15,2026-08-27
UPDATE,2026-08-27T00:00:00,2026-08-27,PT0339917,LST0339917,AG02980,LOC0163,Multi-Family,6,2.5,3127,1338,1993,1012100.0,2024-09-06,Pending,,,52,0.0,3,No,No,2024-09-06,2026-08-27
UPDATE,2026-08-27T00:00:00,2026-08-27,PT0364203,LST0364203,AG02601,LOC0016,Condo,1,3.0,1462,13035,2023,67900.0,2024-09-30,Active,,,34,502.0,3,Yes,No,2024-09-30,2026-08-27
UPDATE,2026-08-27T00:00:00,2026-08-27,PT0516279,LST0516279,AG02045,LOC0200,Townhouse,4,1.5,954,3907,1971,274900.0,2026-07-14,Active,,,0,636.79,0,No,No,2026-07-14,2026-08-27
UPDATE,2026-08-27T00:00:00,2026-08-27,PT0362522,LST0362522,AG00382,LOC0185,Single Family,4,3.0,2095,2834,2011,985700.0,2025-10-22,Pending,,,8,0.0,1,No,Yes,2025-10-22,2026-08-27
UPDATE,2026-08-27T00:00:00,2026-08-27,PT0538785,LST0538785,AG02856,LOC0062,Single Family,5,3.5,1555,13951,1911,318800.0,2026-08-03,Active,,,0,0.0,1,No,No,2026-08-03,2026-08-27
UPDATE,2026-08-27T00:00:00,2026-08-27,PT0142131,LST0142131,AG00223,LOC0160,Townhouse,1,2.5,1185,3455,1975,86400.0,2023-08-02,Active,,,160,635.0,0,No,No,2023-08-02,2026-08-27
UPDATE,2026-08-27T00:00:00,2026-08-27,PT0000802,LST0000802,AG01823,LOC0195,Multi-Family,2,1.0,2495,4751,1906,620800.0,2023-05-26,Sold,584941.96,2026-08-27,1189,0.0,0,Yes,Yes,2023-05-26,2026-08-27
UPDATE,2026-08-27T00:00:00,2026-08-27,PT0512327,LST0512327,AG01905,LOC0220,Condo,2,4.0,1511,1364,1959,939400.0,2026-07-11,Active,,,0,121.0,0,No,No,2026-07-11,2026-08-27
UPDATE,2026-08-27T00:00:00,2026-08-27,PT0379532,LST0379532,AG00248,LOC0058,Single Family,6,4.5,1320,5734,1936,473000.0,2025-05-25,Active,,,68,0.0,3,No,No,2025-05-25,2026-08-27
UPDATE,2026-08-27T00:00:00,2026-08-27,PT0154835,LST0154835,AG01363,LOC0036,Single Family,2,3.0,2384,5748,2019,756500.0,2025-04-04,Sold,722377.39,2026-08-27,510,0.0,0,No,No,2025-04-04,2026-08-27
UPDATE,2026-08-27T00:00:00,2026-08-27,PT0555757,LST0555757,AG01888,LOC0094,Single Family,6,3.5,1552,11333,1904,398200.0,2026-08-19,Pending,,,0,0.0,2,No,No,2026-08-19,2026-08-27
UPDATE,2026-08-27T00:00:00,2026-08-27,PT0413962,LST0413962,AG00099,LOC0218,Single Family,1,3.5,1426,2465,1987,397400.0,2024-11-23,Pending,,,16,0.0,3,No,Yes,2024-11-23,2026-08-27
UPDATE,2026-08-27T00:00:00,2026-08-27,PT0509498,LST0509498,AG02846,LOC0090,Land,0,0.0,4266,4488,2001,1723900.0,2026-07-08,Active,,,0,0.0,0,No,No,2026-07-08,2026-08-27
UPDATE,2026-08-27T00:00:00,2026-08-27,PT0123837,LST0123837,AG01508,LOC0204,Single Family,6,3.0,2221,11791,1939,833700.0,2023-07-08,Sold,818890.15,2026-08-27,1146,0.0,2,No,No,2023-07-08,2026-08-27
UPDATE,2026-08-27T00:00:00,2026-08-27,PT0467945,LST0467945,AG01433,LOC0021,Condo,2,2.5,1235,3922,1934,161900.0,2026-02-16,Active,,,113,455.0,1,No,No,2026-02-16,2026-08-27
UPDATE,2026-08-27T00:00:00,2026-08-27,PT0129877,LST0129877,AG00572,LOC0239,Single Family,2,4.0,2772,6141,1956,482400.0,2025-04-09,Pending,,,89,0.0,3,No,No,2025-04-09,2026-08-27
UPDATE,2026-08-27T00:00:00,2026-08-27,PT0563108,LST0563108,AG00256,LOC0210,Single Family,4,4.5,2171,5008,1955,1127900.0,2026-08-25,Pending,,,0,0.0,3,No,No,2026-08-25,2026-08-27
UPDATE,2026-08-27T00:00:00,2026-08-27,PT0415977,LST0415977,AG01979,LOC0217,Single Family,4,3.0,953,2765,1936,108700.0,2023-12-29,Pending,,,25,0.0,2,No,No,2023-12-29,2026-08-27
UPDATE,2026-08-27T00:00:00,2026-08-27,PT0468890,LST0468890,AG00727,LOC0051,Single Family,5,4.5,2669,12183,1971,482200.0,2023-08-29,Active,,,77,0.0,1,No,No,2023-08-29,2026-08-27
UPDATE,2026-08-27T00:00:00,2026-08-27,PT0204513,LST0204513,AG01483,LOC0194,Condo,5,4.5,1050,9450,1966,401400.0,2023-07-10,Sold,445007.37,2026-08-27,1144,616.0,1,No,No,2023-07-10,2026-08-27
UPDATE,2026-08-27T00:00:00,2026-08-27,PT0390335,LST0390335,AG02279,LOC0129,Single Family,3,4.5,2805,8425,1917,1041500.0,2025-10-28,Active,,,30,0.0,1,No,No,2025-10-28,2026-08-27
UPDATE,2026-08-27T00:00:00,2026-08-27,PT0126328,LST0126328,AG00702,LOC0033,Single Family,2,2.0,1697,2628,1937,734800.0,2026-06-03,Active,,,148,0.0,2,No,Yes,2026-06-03,2026-08-27
UPDATE,2026-08-27T00:00:00,2026-08-27,PT0399109,LST0399109,AG01084,LOC0212,Land,0,0.0,5175,1773,1940,1952400.0,2023-08-15,Pending,,,41,0.0,0,No,No,2023-08-15,2026-08-27
UPDATE,2026-08-27T00:00:00,2026-08-27,PT0067258,LST0067258,AG01140,LOC0247,Single Family,4,2.5,2314,3152,1978,531400.0,2023-11-11,Pending,,,57,0.0,3,No,No,2023-11-11,2026-08-27
UPDATE,2026-08-27T00:00:00,2026-08-27,PT0398830,LST0398830,AG02189,LOC0015,Single Family,3,2.0,1956,2051,2008,423800.0,2024-03-02,Pending,,,2,0.0,3,No,Yes,2024-03-02,2026-08-27
UPDATE,2026-08-27T00:00:00,2026-08-27,PT0123924,LST0123924,AG01792,LOC0196,Single Family,5,1.5,1959,1448,1960,625300.0,2024-11-18,Pending,,,39,0.0,2,No,Yes,2024-11-18,2026-08-27
UPDATE,2026-08-27T00:00:00,2026-08-27,PT0546887,LST0546887,AG02755,LOC0222,Apartment,5,4.0,1405,0,1937,389200.0,2026-08-10,Sold,394034.72,2026-08-27,17,571.42,2,No,No,2026-08-10,2026-08-27
UPDATE,2026-08-27T00:00:00,2026-08-27,PT0511029,LST0511029,AG00009,LOC0123,Single Family,4,1.5,1394,2059,1982,470200.0,2026-07-09,Sold,436499.89,2026-08-27,49,0.0,2,No,No,2026-07-09,2026-08-27
UPDATE,2026-08-27T00:00:00,2026-08-27,PT0474524,LST0474524,AG00514,LOC0236,Single Family,5,2.0,1164,4276,2004,100300.0,2023-04-04,Active,,,7,0.0,3,Yes,No,2023-04-04,2026-08-27
UPDATE,2026-08-27T00:00:00,2026-08-27,PT0103146,LST0103146,AG02227,LOC0114,Condo,2,1.5,1611,14804,1962,320400.0,2024-08-21,Active,,,59,750.0,3,Yes,No,2024-08-21,2026-08-27
UPDATE,2026-08-27T00:00:00,2026-08-27,PT0150259,LST0150259,AG00905,LOC0127,Townhouse,4,3.0,1843,4419,1918,1117000.0,2025-06-22,Pending,,,65,456.0,3,No,No,2025-06-22,2026-08-27
UPDATE,2026-08-27T00:00:00,2026-08-27,PT0547001,LST0547001,AG00649,LOC0059,Townhouse,2,4.5,1507,10312,1990,208300.0,2026-08-10,Sold,212306.38,2026-08-27,17,663.0,1,Yes,No,2026-08-10,2026-08-27
UPDATE,2026-08-27T00:00:00,2026-08-27,PT0003160,LST0003160,AG02814,LOC0107,Single Family,6,4.5,934,7576,1912,290300.0,2025-06-27,Pending,,,127,0.0,1,No,No,2025-06-27,2026-08-27
UPDATE,2026-08-27T00:00:00,2026-08-27,PT0542666,LST0542666,AG02212,LOC0055,Multi-Family,2,3.5,4541,1828,1909,1092000.0,2026-08-06,Active,,,0,0.0,1,No,Yes,2026-08-06,2026-08-27
UPDATE,2026-08-27T00:00:00,2026-08-27,PT0323067,LST0323067,AG01826,LOC0219,Single Family,4,2.5,3471,2367,1985,1393200.0,2026-03-27,Active,,,168,0.0,3,No,Yes,2026-03-27,2026-08-27
UPDATE,2026-08-27T00:00:00,2026-08-27,PT0203419,LST0203419,AG02385,LOC0241,Apartment,6,3.0,882,0,1960,125100.0,2024-10-27,Pending,,,27,761.0,1,No,No,2024-10-27,2026-08-27
UPDATE,2026-08-27T00:00:00,2026-08-27,PT0248353,LST0248353,AG00033,LOC0068,Townhouse,5,1.5,816,6178,1977,278000.0,2024-09-13,Pending,,,56,129.0,1,No,No,2024-09-13,2026-08-27
UPDATE,2026-08-27T00:00:00,2026-08-27,PT0015440,LST0015440,AG01379,LOC0091,Townhouse,5,3.5,2108,4601,1938,861200.0,2023-01-29,Active,,,15,322.0,1,No,No,2023-01-29,2026-08-27
UPDATE,2026-08-27T00:00:00,2026-08-27,PT0512268,LST0512268,AG02463,LOC0147,Single Family,5,1.0,1970,10529,2001,394500.0,2026-07-11,Pending,,,0,0.0,0,No,No,2026-07-11,2026-08-27
UPDATE,2026-08-27T00:00:00,2026-08-27,PT0273710,LST0273710,AG00020,LOC0145,Condo,3,2.5,2176,2784,1986,632600.0,2023-06-14,Active,,,24,521.0,3,No,No,2023-06-14,2026-08-27
UPDATE,2026-08-27T00:00:00,2026-08-27,PT0355490,LST0355490,AG02488,LOC0043,Single Family,1,2.5,1982,1662,1925,208300.0,2023-12-23,Pending,,,18,0.0,2,No,No,2023-12-23,2026-08-27
UPDATE,2026-08-27T00:00:00,2026-08-27,PT0467302,LST0467302,AG02321,LOC0119,Single Family,3,2.0,2435,1705,1907,497000.0,2025-07-11,Sold,507670.65,2026-08-27,412,0.0,2,No,No,2025-07-11,2026-08-27
UPDATE,2026-08-27T00:00:00,2026-08-27,PT0370715,LST0370715,AG01671,LOC0163,Multi-Family,2,1.0,5239,1860,1987,2204100.0,2023-11-21,Active,,,125,0.0,0,No,No,2023-11-21,2026-08-27
UPDATE,2026-08-27T00:00:00,2026-08-27,PT0549172,LST0549172,AG01933,LOC0143,Townhouse,3,2.0,1047,1124,1968,132600.0,2026-08-13,Active,,,0,670.16,3,No,No,2026-08-13,2026-08-27
UPDATE,2026-08-27T00:00:00,2026-08-27,PT0253599,LST0253599,AG01752,LOC0193,Single Family,1,2.5,2535,12377,1912,478700.0,2024-03-05,Active,,,123,0.0,0,No,Yes,2024-03-05,2026-08-27
UPDATE,2026-08-27T00:00:00,2026-08-27,PT0089701,LST0089701,AG00616,LOC0007,Condo,2,3.0,2590,2374,2002,1047300.0,2023-11-15,Pending,,,43,539.0,0,No,No,2023-11-15,2026-08-27
UPDATE,2026-08-27T00:00:00,2026-08-27,PT0450970,LST0450970,AG00621,LOC0204,Apartment,3,3.0,1337,0,1979,132100.0,2024-03-30,Pending,,,98,314.0,3,No,No,2024-03-30,2026-08-27
UPDATE,2026-08-27T00:00:00,2026-08-27,PT0004865,LST0004865,AG02334,LOC0056,Single Family,3,1.0,1722,5505,2003,793500.0,2026-05-12,Active,,,175,0.0,1,No,Yes,2026-05-12,2026-08-27
UPDATE,2026-08-27T00:00:00,2026-08-27,PT0539946,LST0539946,AG02576,LOC0119,Single Family,2,4.5,307,1146,1970,58300.0,2026-08-04,Active,,,0,0.0,3,No,No,2026-08-04,2026-08-27
UPDATE,2026-08-27T00:00:00,2026-08-27,PT0377655,LST0377655,AG02406,LOC0211,Land,0,0.0,6916,4664,1978,2136800.0,2023-02-10,Pending,,,142,0.0,0,No,No,2023-02-10,2026-08-27
UPDATE,2026-08-27T00:00:00,2026-08-27,PT0243659,LST0243659,AG02332,LOC0239,Townhouse,3,3.0,2876,6999,2004,720900.0,2024-08-31,Active,,,26,620.0,2,Yes,No,2024-08-31,2026-08-27
UPDATE,2026-08-27T00:00:00,2026-08-27,PT0333059,LST0333059,AG02674,LOC0031,Single Family,6,1.5,2115,4745,2001,401400.0,2026-05-27,Active,,,152,0.0,3,No,Yes,2026-05-27,2026-08-27
UPDATE,2026-08-27T00:00:00,2026-08-27,PT0015251,LST0015251,AG01906,LOC0110,Condo,3,3.0,1357,1328,1931,303100.0,2023-10-02,Sold,285184.79,2026-08-27,1060,518.0,0,No,No,2023-10-02,2026-08-27
UPDATE,2026-08-27T00:00:00,2026-08-27,PT0167898,LST0167898,AG00824,LOC0058,Single Family,5,3.0,1369,7521,1951,300300.0,2024-11-14,Pending,,,165,0.0,2,No,Yes,2024-11-14,2026-08-27
UPDATE,2026-08-27T00:00:00,2026-08-27,PT0111671,LST0111671,AG01535,LOC0092,Single Family,1,1.0,2498,10590,1996,545500.0,2026-03-27,Active,,,179,0.0,3,No,No,2026-03-27,2026-08-27
UPDATE,2026-08-27T00:00:00,2026-08-27,PT0178901,LST0178901,AG00198,LOC0127,Single Family,4,1.5,1334,4180,1936,591800.0,2025-10-12,Active,,,81,0.0,1,No,No,2025-10-12,2026-08-27
UPDATE,2026-08-27T00:00:00,2026-08-27,PT0064114,LST0064114,AG00802,LOC0139,Single Family,4,4.5,1547,7975,1901,485500.0,2023-11-15,Active,,,1,0.0,0,No,Yes,2023-11-15,2026-08-27
UPDATE,2026-08-27T00:00:00,2026-08-27,PT0012904,LST0012904,AG01957,LOC0211,Single Family,5,4.0,1791,9601,2020,810400.0,2023-05-11,Active,,,70,0.0,3,No,No,2023-05-11,2026-08-27
UPDATE,2026-08-27T00:00:00,2026-08-27,PT0506878,LST0506878,AG02723,LOC0136,Townhouse,6,3.5,3119,1095,1987,670300.0,2026-07-06,Sold,577337.56,2026-08-27,52,76.94,0,Yes,No,2026-07-06,2026-08-27
UPDATE,2026-08-27T00:00:00,2026-08-27,PT0009959,LST0009959,AG02724,LOC0098,Single Family,4,3.5,2766,13804,1950,963000.0,2024-10-23,Pending,,,28,0.0,0,No,Yes,2024-10-23,2026-08-27
UPDATE,2026-08-27T00:00:00,2026-08-27,PT0566013,LST0566013,AG01850,LOC0215,Single Family,1,4.5,1725,4205,1921,684400.0,2026-08-27,Sold,675539.28,2026-08-27,0,0.0,3,No,Yes,2026-08-27,2026-08-27
UPDATE,2026-08-27T00:00:00,2026-08-27,PT0010127,LST0010127,AG02745,LOC0133,Apartment,4,1.0,496,0,2021,80300.0,2023-07-26,Sold,78121.89,2026-08-27,1128,759.0,1,No,No,2023-07-26,2026-08-27
UPDATE,2026-08-27T00:00:00,2026-08-27,PT0346260,LST0346260,AG00691,LOC0076,Single Family,1,3.0,2136,10388,1960,329200.0,2023-03-10,Sold,305007.26,2026-08-27,1266,0.0,1,No,No,2023-03-10,2026-08-27
UPDATE,2026-08-27T00:00:00,2026-08-27,PT0001426,LST0001426,AG01857,LOC0067,Apartment,6,1.0,884,0,1916,248100.0,2026-03-03,Sold,233024.87,2026-08-27,177,637.0,1,No,No,2026-03-03,2026-08-27
UPDATE,2026-08-27T00:00:00,2026-08-27,PT0454393,LST0454393,AG01780,LOC0038,Single Family,5,3.0,2115,9595,1922,929200.0,2023-03-30,Sold,957772.06,2026-08-27,1246,0.0,0,No,No,2023-03-30,2026-08-27
UPDATE,2026-08-27T00:00:00,2026-08-27,PT0114245,LST0114245,AG01171,LOC0076,Single Family,4,3.5,2404,1023,2022,406400.0,2024-01-20,Sold,372959.07,2026-08-27,950,0.0,0,No,No,2024-01-20,2026-08-27
UPDATE,2026-08-27T00:00:00,2026-08-27,PT0217354,LST0217354,AG00527,LOC0158,Single Family,2,2.0,1386,2806,1980,705000.0,2026-05-23,Pending,,,148,0.0,3,No,Yes,2026-05-23,2026-08-27
UPDATE,2026-08-27T00:00:00,2026-08-27,PT0078981,LST0078981,AG02346,LOC0147,Single Family,3,2.0,3086,3823,2021,367300.0,2024-06-25,Pending,,,151,0.0,0,No,Yes,2024-06-25,2026-08-27
UPDATE,2026-08-27T00:00:00,2026-08-27,PT0301314,LST0301314,AG01057,LOC0231,Single Family,1,4.0,2963,3091,1932,112400.0,2025-05-03,Sold,117012.52,2026-08-27,481,0.0,2,No,No,2025-05-03,2026-08-27
UPDATE,2026-08-27T00:00:00,2026-08-27,PT0171513,LST0171513,AG01733,LOC0074,Apartment,4,3.5,1041,0,1956,583600.0,2024-10-02,Active,,,6,253.0,2,No,No,2024-10-02,2026-08-27
UPDATE,2026-08-27T00:00:00,2026-08-27,PT0382622,LST0382622,AG00967,LOC0137,Single Family,1,2.0,2529,2302,2016,914400.0,2024-06-21,Sold,914598.21,2026-08-27,797,0.0,3,Yes,Yes,2024-06-21,2026-08-27
UPDATE,2026-08-27T00:00:00,2026-08-27,PT0160113,LST0160113,AG00071,LOC0030,Single Family,1,1.5,1724,5664,1927,641300.0,2024-08-10,Sold,606812.32,2026-08-27,747,0.0,3,No,No,2024-08-10,2026-08-27
UPDATE,2026-08-27T00:00:00,2026-08-27,PT0128069,LST0128069,AG02473,LOC0230,Single Family,6,2.0,2806,2838,1975,587400.0,2023-04-09,Active,,,156,0.0,3,No,No,2023-04-09,2026-08-27
UPDATE,2026-08-27T00:00:00,2026-08-27,PT0314318,LST0314318,AG01085,LOC0125,Condo,3,3.5,1724,8167,1901,207000.0,2025-06-09,Active,,,77,145.0,2,No,No,2025-06-09,2026-08-27
UPDATE,2026-08-27T00:00:00,2026-08-27,PT0528077,LST0528077,AG00638,LOC0222,Single Family,4,4.5,2329,3314,1937,346600.0,2026-07-25,Active,,,0,0.0,1,No,Yes,2026-07-25,2026-08-27
UPDATE,2026-08-27T00:00:00,2026-08-27,PT0477958,LST0477958,AG00754,LOC0051,Multi-Family,2,4.0,4942,14325,2012,807600.0,2024-07-12,Sold,773156.98,2026-08-27,776,0.0,1,No,No,2024-07-12,2026-08-27
UPDATE,2026-08-27T00:00:00,2026-08-27,PT0480586,LST0480586,AG00724,LOC0201,Single Family,5,3.0,1808,1169,2001,414300.0,2025-06-30,Active,,,101,0.0,1,No,Yes,2025-06-30,2026-08-27
UPDATE,2026-08-27T00:00:00,2026-08-27,PT0509880,LST0509880,AG00791,LOC0206,Single Family,3,1.5,1878,2136,2007,458700.0,2026-07-09,Active,,,0,0.0,3,Yes,No,2026-07-09,2026-08-27
UPDATE,2026-08-27T00:00:00,2026-08-27,PT0359254,LST0359254,AG01982,LOC0217,Single Family,5,1.0,2263,4041,1980,322400.0,2024-10-02,Pending,,,125,0.0,2,No,Yes,2024-10-02,2026-08-27
UPDATE,2026-08-27T00:00:00,2026-08-27,PT0337482,LST0337482,AG02872,LOC0095,Townhouse,6,4.5,2408,9796,1969,451200.0,2024-07-05,Pending,,,47,455.0,1,No,No,2024-07-05,2026-08-27
UPDATE,2026-08-27T00:00:00,2026-08-27,PT0515469,LST0515469,AG00924,LOC0063,Single Family,2,4.0,1858,8046,1989,684400.0,2026-07-13,Active,,,0,0.0,3,No,No,2026-07-13,2026-08-27
UPDATE,2026-08-27T00:00:00,2026-08-27,PT0322205,LST0322205,AG00810,LOC0175,Single Family,6,1.5,891,4724,1994,194600.0,2023-01-23,Pending,,,26,0.0,0,No,No,2023-01-23,2026-08-27
UPDATE,2026-08-27T00:00:00,2026-08-27,PT0235091,LST0235091,AG01826,LOC0233,Townhouse,6,1.5,2405,2443,1960,798000.0,2024-08-23,Pending,,,148,387.0,2,No,No,2024-08-23,2026-08-27
UPDATE,2026-08-27T00:00:00,2026-08-27,PT0078734,LST0078734,AG01558,LOC0118,Land,0,0.0,4279,2681,1980,706800.0,2026-01-27,Pending,,,26,0.0,0,No,No,2026-01-27,2026-08-27
UPDATE,2026-08-27T00:00:00,2026-08-27,PT0060394,LST0060394,AG02152,LOC0024,Condo,3,3.5,906,4428,1981,202900.0,2025-12-30,Active,,,97,792.0,0,No,No,2025-12-30,2026-08-27
UPDATE,2026-08-27T00:00:00,2026-08-27,PT0540864,LST0540864,AG02062,LOC0113,Single Family,2,2.5,1110,3876,1991,410800.0,2026-08-05,Active,,,0,0.0,0,No,Yes,2026-08-05,2026-08-27
UPDATE,2026-08-27T00:00:00,2026-08-27,PT0206597,LST0206597,AG02093,LOC0118,Single Family,2,4.0,1676,4607,1999,211300.0,2025-03-09,Pending,,,172,0.0,2,Yes,Yes,2025-03-09,2026-08-27
UPDATE,2026-08-27T00:00:00,2026-08-27,PT0450960,LST0450960,AG01865,LOC0166,Single Family,1,1.5,1966,4447,1944,794000.0,2023-02-11,Pending,,,172,0.0,3,No,No,2023-02-11,2026-08-27
UPDATE,2026-08-27T00:00:00,2026-08-27,PT0248643,LST0248643,AG02685,LOC0178,Multi-Family,2,4.0,912,8479,1996,178000.0,2023-03-21,Pending,,,36,0.0,0,No,Yes,2023-03-21,2026-08-27
UPDATE,2026-08-27T00:00:00,2026-08-27,PT0306477,LST0306477,AG02461,LOC0034,Single Family,6,3.0,2190,8638,1904,1387300.0,2026-01-22,Pending,,,171,0.0,1,No,Yes,2026-01-22,2026-08-27
UPDATE,2026-08-27T00:00:00,2026-08-27,PT0476818,LST0476818,AG02990,LOC0227,Single Family,1,4.5,1371,6744,1943,399100.0,2023-10-05,Pending,,,87,0.0,1,No,No,2023-10-05,2026-08-27
UPDATE,2026-08-27T00:00:00,2026-08-27,PT0418449,LST0418449,AG00422,LOC0009,Single Family,1,4.5,3013,4569,1981,733100.0,2023-06-28,Pending,,,97,0.0,0,No,Yes,2023-06-28,2026-08-27
UPDATE,2026-08-27T00:00:00,2026-08-27,PT0500230,LST0500230,AG01113,LOC0118,Single Family,1,2.0,1920,5162,1940,384400.0,2026-07-01,Active,,,0,0.0,2,No,Yes,2026-07-01,2026-08-27
UPDATE,2026-08-27T00:00:00,2026-08-27,PT0138370,LST0138370,AG02140,LOC0021,Single Family,1,1.5,1688,4906,1944,260100.0,2024-03-06,Active,,,175,0.0,0,Yes,Yes,2024-03-06,2026-08-27
UPDATE,2026-08-27T00:00:00,2026-08-27,PT0287728,LST0287728,AG01132,LOC0091,Apartment,5,3.0,890,0,1985,343100.0,2025-11-15,Sold,322825.84,2026-08-27,285,142.0,1,No,No,2025-11-15,2026-08-27
UPDATE,2026-08-27T00:00:00,2026-08-27,PT0513588,LST0513588,AG02012,LOC0102,Condo,3,4.5,2448,1009,1966,747000.0,2026-07-12,Sold,705289.32,2026-08-27,46,779.4,2,No,No,2026-07-12,2026-08-27
UPDATE,2026-08-27T00:00:00,2026-08-27,PT0065296,LST0065296,AG02500,LOC0192,Condo,4,1.5,1396,5375,2019,150500.0,2025-06-10,Sold,152263.88,2026-08-27,443,187.0,3,No,No,2025-06-10,2026-08-27
UPDATE,2026-08-27T00:00:00,2026-08-27,PT0424664,LST0424664,AG02022,LOC0121,Condo,2,4.0,1235,4905,1961,317500.0,2025-03-29,Pending,,,9,240.0,0,Yes,No,2025-03-29,2026-08-27
UPDATE,2026-08-27T00:00:00,2026-08-27,PT0174819,LST0174819,AG00368,LOC0001,Condo,6,4.0,1843,13555,1907,329400.0,2023-09-16,Pending,,,123,438.0,1,No,No,2023-09-16,2026-08-27
UPDATE,2026-08-27T00:00:00,2026-08-27,PT0495101,LST0495101,AG01241,LOC0128,Condo,3,1.0,1786,4780,1984,478900.0,2023-02-08,Active,,,10,163.0,2,Yes,No,2023-02-08,2026-08-27
UPDATE,2026-08-27T00:00:00,2026-08-27,PT0119018,LST0119018,AG01313,LOC0212,Land,0,0.0,4753,2807,1915,1752800.0,2025-03-08,Active,,,114,0.0,0,No,No,2025-03-08,2026-08-27
UPDATE,2026-08-27T00:00:00,2026-08-27,PT0550969,LST0550969,AG02904,LOC0050,Single Family,5,1.5,1359,4442,1983,461700.0,2026-08-14,Sold,469060.4,2026-08-27,13,0.0,1,No,Yes,2026-08-14,2026-08-27
UPDATE,2026-08-27T00:00:00,2026-08-27,PT0288834,LST0288834,AG01205,LOC0152,Single Family,2,2.5,300,8997,1967,157100.0,2026-03-18,Pending,,,109,0.0,2,No,Yes,2026-03-18,2026-08-27
UPDATE,2026-08-27T00:00:00,2026-08-27,PT0035782,LST0035782,AG00582,LOC0152,Multi-Family,4,3.0,3249,4297,1956,844100.0,2026-03-01,Pending,,,100,0.0,0,Yes,Yes,2026-03-01,2026-08-27
UPDATE,2026-08-27T00:00:00,2026-08-27,PT0415054,LST0415054,AG00043,LOC0237,Single Family,1,2.5,2486,5099,1913,537300.0,2023-07-07,Sold,522341.28,2026-08-27,1147,0.0,3,Yes,Yes,2023-07-07,2026-08-27
UPDATE,2026-08-27T00:00:00,2026-08-27,PT0318023,LST0318023,AG00808,LOC0220,Single Family,6,2.0,2669,4091,1901,1283700.0,2024-04-06,Active,,,78,0.0,0,No,No,2024-04-06,2026-08-27
UPDATE,2026-08-27T00:00:00,2026-08-27,PT0283154,LST0283154,AG01657,LOC0227,Multi-Family,3,4.5,1670,2707,1928,270200.0,2023-05-10,Sold,273929.57,2026-08-27,1205,0.0,2,No,Yes,2023-05-10,2026-08-27
UPDATE,2026-08-27T00:00:00,2026-08-27,PT0083326,LST0083326,AG01926,LOC0150,Single Family,2,4.5,2264,1350,1998,950400.0,2024-07-03,Pending,,,175,0.0,0,No,No,2024-07-03,2026-08-27
UPDATE,2026-08-27T00:00:00,2026-08-27,PT0296317,LST0296317,AG00683,LOC0008,Single Family,3,1.0,653,3811,1996,40000.0,2025-08-26,Sold,39221.58,2026-08-27,366,0.0,2,Yes,No,2025-08-26,2026-08-27
UPDATE,2026-08-27T00:00:00,2026-08-27,PT0138462,LST0138462,AG02441,LOC0200,Townhouse,2,4.5,2199,2243,1954,348700.0,2026-02-06,Sold,324876.15,2026-08-27,202,628.0,0,No,No,2026-02-06,2026-08-27
UPDATE,2026-08-27T00:00:00,2026-08-27,PT0207577,LST0207577,AG00216,LOC0013,Apartment,1,2.0,1173,0,1999,254300.0,2023-05-15,Sold,254207.56,2026-08-27,1200,94.0,2,No,No,2023-05-15,2026-08-27
UPDATE,2026-08-27T00:00:00,2026-08-27,PT0520363,LST0520363,AG00579,LOC0220,Multi-Family,1,4.0,2046,2048,1916,812900.0,2026-07-18,Pending,,,0,0.0,0,No,No,2026-07-18,2026-08-27
UPDATE,2026-08-27T00:00:00,2026-08-27,PT0502053,LST0502053,AG01087,LOC0145,Condo,3,3.5,2812,1104,1973,622600.0,2026-07-02,Pending,,,0,455.54,2,No,No,2026-07-02,2026-08-27
UPDATE,2026-08-27T00:00:00,2026-08-27,PT0347511,LST0347511,AG01292,LOC0069,Single Family,1,2.0,2017,4999,2016,720300.0,2026-02-17,Sold,682287.59,2026-08-27,191,0.0,2,No,No,2026-02-17,2026-08-27
UPDATE,2026-08-27T00:00:00,2026-08-27,PT0050952,LST0050952,AG00543,LOC0248,Single Family,2,3.0,1389,3051,1999,251700.0,2024-11-14,Pending,,,158,0.0,1,No,Yes,2024-11-14,2026-08-27
UPDATE,2026-08-27T00:00:00,2026-08-27,PT0065539,LST0065539,AG02702,LOC0135,Single Family,4,4.5,1110,3105,1951,360000.0,2025-04-03,Pending,,,30,0.0,0,No,Yes,2025-04-03,2026-08-27
UPDATE,2026-08-27T00:00:00,2026-08-27,PT0101022,LST0101022,AG02953,LOC0029,Townhouse,6,2.0,1933,1521,1971,546800.0,2025-03-03,Active,,,160,360.0,1,Yes,No,2025-03-03,2026-08-27
UPDATE,2026-08-27T00:00:00,2026-08-27,PT0550996,LST0550996,AG00328,LOC0174,Townhouse,3,1.0,2283,4658,1985,1076400.0,2026-08-14,Active,,,0,524.78,0,Yes,No,2026-08-14,2026-08-27
UPDATE,2026-08-27T00:00:00,2026-08-27,PT0100846,LST0100846,AG02581,LOC0016,Single Family,4,3.0,856,4324,1924,55700.0,2024-09-08,Pending,,,23,0.0,0,No,No,2024-09-08,2026-08-27
UPDATE,2026-08-27T00:00:00,2026-08-27,PT0062469,LST0062469,AG00948,LOC0070,Single Family,6,4.5,2098,5382,1958,282200.0,2024-06-18,Active,,,6,0.0,0,Yes,No,2024-06-18,2026-08-27
UPDATE,2026-08-27T00:00:00,2026-08-27,PT0510830,LST0510830,AG01970,LOC0206,Apartment,5,1.5,796,0,1982,103200.0,2026-07-09,Sold,99917.7,2026-08-27,49,688.3,2,No,No,2026-07-09,2026-08-27
UPDATE,2026-08-27T00:00:00,2026-08-27,PT0276353,LST0276353,AG02310,LOC0170,Townhouse,6,3.5,300,1223,1918,115700.0,2023-03-21,Pending,,,55,478.0,3,Yes,No,2023-03-21,2026-08-27
UPDATE,2026-08-27T00:00:00,2026-08-27,PT0125080,LST0125080,AG00130,LOC0149,Single Family,3,3.0,1582,4138,1911,196300.0,2026-05-16,Pending,,,55,0.0,0,Yes,No,2026-05-16,2026-08-27
UPDATE,2026-08-27T00:00:00,2026-08-27,PT0203072,LST0203072,AG01431,LOC0244,Apartment,1,3.0,751,0,1997,154300.0,2025-07-16,Pending,,,43,243.0,0,No,No,2025-07-16,2026-08-27
UPDATE,2026-08-27T00:00:00,2026-08-27,PT0211844,LST0211844,AG02047,LOC0115,Condo,5,3.0,1479,2204,2008,280600.0,2025-01-30,Sold,282540.12,2026-08-27,574,564.0,2,No,No,2025-01-30,2026-08-27
UPDATE,2026-08-27T00:00:00,2026-08-27,PT0363294,LST0363294,AG01237,LOC0039,Townhouse,5,1.0,2242,6680,2016,607500.0,2023-05-04,Pending,,,74,555.0,0,No,No,2023-05-04,2026-08-27
UPDATE,2026-08-27T00:00:00,2026-08-27,PT0398937,LST0398937,AG02991,LOC0120,Townhouse,2,2.5,990,11464,2025,482300.0,2024-07-03,Active,,,40,151.0,1,No,No,2024-07-03,2026-08-27
UPDATE,2026-08-27T00:00:00,2026-08-27,PT0139736,LST0139736,AG01679,LOC0112,Single Family,2,1.5,1795,8165,1998,258300.0,2023-08-07,Active,,,39,0.0,3,No,No,2023-08-07,2026-08-27
UPDATE,2026-08-27T00:00:00,2026-08-27,PT0158170,LST0158170,AG01149,LOC0100,Townhouse,5,3.0,1895,2809,2003,170700.0,2023-04-19,Pending,,,132,474.0,2,No,No,2023-04-19,2026-08-27
UPDATE,2026-08-27T00:00:00,2026-08-27,PT0087610,LST0087610,AG02105,LOC0230,Townhouse,3,2.0,1578,1281,2023,275200.0,2025-09-27,Pending,,,175,287.0,3,Yes,No,2025-09-27,2026-08-27
UPDATE,2026-08-27T00:00:00,2026-08-27,PT0306412,LST0306412,AG01706,LOC0102,Apartment,6,4.5,654,0,2020,95500.0,2025-11-13,Pending,,,83,246.0,0,No,No,2025-11-13,2026-08-27
UPDATE,2026-08-27T00:00:00,2026-08-27,PT0497889,LST0497889,AG00535,LOC0111,Apartment,3,4.5,1850,0,1968,335100.0,2025-01-23,Pending,,,13,212.0,2,No,No,2025-01-23,2026-08-27
UPDATE,2026-08-27T00:00:00,2026-08-27,PT0383699,LST0383699,AG01158,LOC0077,Condo,1,3.0,2913,6748,1906,842900.0,2025-03-28,Sold,836638.21,2026-08-27,517,743.0,2,No,No,2025-03-28,2026-08-27
UPDATE,2026-08-27T00:00:00,2026-08-27,PT0029701,LST0029701,AG02532,LOC0173,Single Family,3,3.5,2457,6265,1964,1241800.0,2023-01-25,Sold,1278565.3,2026-08-27,1310,0.0,3,No,No,2023-01-25,2026-08-27
UPDATE,2026-08-27T00:00:00,2026-08-27,PT0391189,LST0391189,AG02382,LOC0046,Single Family,2,3.5,1583,3636,1965,83300.0,2025-04-30,Active,,,37,0.0,0,No,Yes,2025-04-30,2026-08-27
UPDATE,2026-08-27T00:00:00,2026-08-27,PT0288899,LST0288899,AG00128,LOC0023,Condo,1,1.0,2714,2115,1955,1025500.0,2023-09-14,Pending,,,166,263.0,2,No,No,2023-09-14,2026-08-27
UPDATE,2026-08-27T00:00:00,2026-08-27,PT0192525,LST0192525,AG01457,LOC0213,Single Family,1,2.0,3116,3167,1910,874300.0,2025-10-12,Pending,,,115,0.0,1,Yes,Yes,2025-10-12,2026-08-27
UPDATE,2026-08-27T00:00:00,2026-08-27,PT0531575,LST0531575,AG02231,LOC0222,Multi-Family,2,2.0,3895,3031,2004,958200.0,2026-07-28,Sold,833970.18,2026-08-27,30,0.0,0,No,No,2026-07-28,2026-08-27
UPDATE,2026-08-27T00:00:00,2026-08-27,PT0054826,LST0054826,AG02021,LOC0145,Single Family,1,2.0,1802,5324,1926,543800.0,2026-01-17,Active,,,114,0.0,0,No,Yes,2026-01-17,2026-08-27
UPDATE,2026-08-27T00:00:00,2026-08-27,PT0239069,LST0239069,AG02833,LOC0063,Multi-Family,3,2.0,943,2872,1979,235900.0,2026-03-22,Active,,,174,0.0,2,No,No,2026-03-22,2026-08-27
UPDATE,2026-08-27T00:00:00,2026-08-27,PT0135815,LST0135815,AG00011,LOC0250,Single Family,1,1.0,1545,2193,1903,382900.0,2023-02-19,Sold,399863.63,2026-08-27,1285,0.0,1,Yes,No,2023-02-19,2026-08-27
UPDATE,2026-08-27T00:00:00,2026-08-27,PT0413606,LST0413606,AG02734,LOC0135,Condo,5,2.0,2625,6591,1983,233200.0,2025-04-03,Active,,,94,537.0,0,Yes,No,2025-04-03,2026-08-27
UPDATE,2026-08-27T00:00:00,2026-08-27,PT0038895,LST0038895,AG01856,LOC0070,Townhouse,6,3.0,2699,11816,2011,457400.0,2023-09-28,Pending,,,82,174.0,1,No,No,2023-09-28,2026-08-27
UPDATE,2026-08-27T00:00:00,2026-08-27,PT0360125,LST0360125,AG02859,LOC0143,Condo,6,2.5,2528,1129,1921,405900.0,2025-09-09,Active,,,161,609.0,1,No,No,2025-09-09,2026-08-27
UPDATE,2026-08-27T00:00:00,2026-08-27,PT0553873,LST0553873,AG02759,LOC0215,Multi-Family,4,2.0,4589,3356,1915,2287200.0,2026-08-17,Active,,,0,0.0,3,No,No,2026-08-17,2026-08-27
UPDATE,2026-08-27T00:00:00,2026-08-27,PT0245237,LST0245237,AG01966,LOC0113,Single Family,6,4.5,875,9840,1975,466500.0,2023-08-03,Pending,,,60,0.0,1,No,No,2023-08-03,2026-08-27
UPDATE,2026-08-27T00:00:00,2026-08-27,PT0365975,LST0365975,AG01165,LOC0098,Single Family,6,1.5,1945,8086,2019,656300.0,2025-10-09,Sold,638279.34,2026-08-27,322,0.0,0,No,Yes,2025-10-09,2026-08-27
UPDATE,2026-08-27T00:00:00,2026-08-27,PT0408759,LST0408759,AG01750,LOC0020,Condo,2,1.0,955,13877,1914,107400.0,2026-01-09,Active,,,33,288.0,3,No,No,2026-01-09,2026-08-27
UPDATE,2026-08-27T00:00:00,2026-08-27,PT0366782,LST0366782,AG01915,LOC0232,Land,0,0.0,2401,4339,1984,821700.0,2023-06-12,Active,,,138,0.0,0,No,No,2023-06-12,2026-08-27
UPDATE,2026-08-27T00:00:00,2026-08-27,PT0459772,LST0459772,AG02825,LOC0185,Single Family,5,4.5,1590,2297,2020,498200.0,2023-09-29,Active,,,107,0.0,0,No,Yes,2023-09-29,2026-08-27
UPDATE,2026-08-27T00:00:00,2026-08-27,PT0033131,LST0033131,AG02676,LOC0169,Single Family,4,4.0,2596,5084,1983,560700.0,2023-09-16,Pending,,,78,0.0,2,No,No,2023-09-16,2026-08-27
UPDATE,2026-08-27T00:00:00,2026-08-27,PT0497366,LST0497366,AG02150,LOC0179,Single Family,1,2.5,460,4021,2000,93100.0,2023-07-07,Pending,,,81,0.0,2,No,No,2023-07-07,2026-08-27
UPDATE,2026-08-27T00:00:00,2026-08-27,PT0290279,LST0290279,AG01457,LOC0046,Apartment,2,2.0,729,0,2020,139200.0,2023-06-01,Active,,,168,135.0,1,No,No,2023-06-01,2026-08-27
UPDATE,2026-08-27T00:00:00,2026-08-27,PT0300729,LST0300729,AG02204,LOC0117,Apartment,5,4.5,1437,0,1998,533200.0,2025-10-22,Active,,,136,549.0,0,Yes,No,2025-10-22,2026-08-27
UPDATE,2026-08-27T00:00:00,2026-08-27,PT0004376,LST0004376,AG01116,LOC0020,Condo,3,1.0,2449,13319,1986,258500.0,2025-11-26,Pending,,,35,314.0,1,No,No,2025-11-26,2026-08-27
UPDATE,2026-08-27T00:00:00,2026-08-27,PT0341804,LST0341804,AG00882,LOC0081,Single Family,2,4.0,2809,10967,1966,1205600.0,2026-05-04,Sold,1131489.21,2026-08-27,115,0.0,0,No,Yes,2026-05-04,2026-08-27
UPDATE,2026-08-27T00:00:00,2026-08-27,PT0502274,LST0502274,AG02822,LOC0181,Apartment,6,1.5,1475,0,2024,416300.0,2026-07-02,Active,,,0,628.44,3,Yes,No,2026-07-02,2026-08-27
UPDATE,2026-08-27T00:00:00,2026-08-27,PT0553125,LST0553125,AG02852,LOC0195,Single Family,1,4.0,979,3115,1971,226500.0,2026-08-16,Active,,,0,0.0,3,No,Yes,2026-08-16,2026-08-27
UPDATE,2026-08-27T00:00:00,2026-08-27,PT0041659,LST0041659,AG01650,LOC0175,Single Family,4,1.0,2009,14374,1926,744200.0,2024-02-11,Active,,,92,0.0,3,No,No,2024-02-11,2026-08-27
UPDATE,2026-08-27T00:00:00,2026-08-27,PT0293081,LST0293081,AG01723,LOC0005,Condo,2,2.5,1072,4705,1950,507400.0,2025-01-24,Pending,,,45,581.0,2,No,No,2025-01-24,2026-08-27
UPDATE,2026-08-27T00:00:00,2026-08-27,PT0399678,LST0399678,AG02990,LOC0073,Condo,6,3.0,2274,3480,1984,371500.0,2023-04-01,Pending,,,13,772.0,2,No,No,2023-04-01,2026-08-27
UPDATE,2026-08-27T00:00:00,2026-08-27,PT0318933,LST0318933,AG01796,LOC0168,Apartment,1,1.0,1557,0,1902,543000.0,2023-11-07,Active,,,16,680.0,0,No,No,2023-11-07,2026-08-27
UPDATE,2026-08-27T00:00:00,2026-08-27,PT0523664,LST0523664,AG02193,LOC0177,Single Family,2,4.0,3476,7420,1914,1384700.0,2026-07-21,Active,,,0,0.0,0,No,Yes,2026-07-21,2026-08-27
UPDATE,2026-08-27T00:00:00,2026-08-27,PT0008396,LST0008396,AG00998,LOC0201,Apartment,4,3.5,1223,0,1951,186900.0,2023-05-24,Active,,,0,509.0,2,No,No,2023-05-24,2026-08-27
UPDATE,2026-08-27T00:00:00,2026-08-27,PT0507545,LST0507545,AG02738,LOC0108,Multi-Family,2,3.0,2804,1150,1979,826000.0,2026-07-06,Pending,,,0,0.0,1,No,Yes,2026-07-06,2026-08-27
UPDATE,2026-08-27T00:00:00,2026-08-27,PT0519398,LST0519398,AG01334,LOC0138,Townhouse,6,4.0,1933,4044,1941,525000.0,2026-07-17,Sold,523911.45,2026-08-27,41,261.78,0,No,No,2026-07-17,2026-08-27
UPDATE,2026-08-27T00:00:00,2026-08-27,PT0004075,LST0004075,AG00288,LOC0109,Single Family,3,3.0,1631,1267,1944,608400.0,2024-05-02,Pending,,,41,0.0,3,No,Yes,2024-05-02,2026-08-27
UPDATE,2026-08-27T00:00:00,2026-08-27,PT0274136,LST0274136,AG01585,LOC0166,Single Family,5,4.5,684,8188,1991,162400.0,2024-02-02,Sold,156424.04,2026-08-27,937,0.0,2,No,Yes,2024-02-02,2026-08-27
UPDATE,2026-08-27T00:00:00,2026-08-27,PT0025007,LST0025007,AG00267,LOC0008,Single Family,3,2.5,1119,3055,2010,112800.0,2025-06-01,Active,,,145,0.0,1,No,Yes,2025-06-01,2026-08-27
UPDATE,2026-08-27T00:00:00,2026-08-27,PT0546089,LST0546089,AG01421,LOC0060,Land,0,0.0,6536,2742,2000,1177100.0,2026-08-09,Pending,,,0,0.0,0,No,No,2026-08-09,2026-08-27
UPDATE,2026-08-27T00:00:00,2026-08-27,PT0560098,LST0560098,AG01839,LOC0150,Single Family,3,4.5,1238,1020,1999,368300.0,2026-08-22,Sold,343665.01,2026-08-27,5,0.0,0,No,Yes,2026-08-22,2026-08-27
UPDATE,2026-08-27T00:00:00,2026-08-27,PT0227397,LST0227397,AG00565,LOC0011,Single Family,6,2.5,985,3015,1918,568200.0,2024-02-26,Pending,,,109,0.0,0,No,Yes,2024-02-26,2026-08-27
UPDATE,2026-08-27T00:00:00,2026-08-27,PT0215574,LST0215574,AG01427,LOC0180,Condo,5,1.5,1542,2716,1997,254700.0,2025-05-12,Active,,,135,121.0,1,Yes,No,2025-05-12,2026-08-27
UPDATE,2026-08-27T00:00:00,2026-08-27,PT0539374,LST0539374,AG01637,LOC0239,Single Family,6,3.5,2801,3443,1946,761600.0,2026-08-03,Pending,,,0,0.0,1,No,No,2026-08-03,2026-08-27
UPDATE,2026-08-27T00:00:00,2026-08-27,PT0309566,LST0309566,AG02764,LOC0168,Single Family,6,2.0,2091,7407,2006,1083200.0,2024-07-02,Pending,,,6,0.0,2,Yes,Yes,2024-07-02,2026-08-27
UPDATE,2026-08-27T00:00:00,2026-08-27,PT0195927,LST0195927,AG01371,LOC0238,Townhouse,4,4.5,300,5803,2022,142500.0,2026-06-06,Pending,,,95,187.0,0,No,No,2026-06-06,2026-08-27
UPDATE,2026-08-27T00:00:00,2026-08-27,PT0387505,LST0387505,AG01484,LOC0117,Condo,1,2.5,2214,2206,2007,1076800.0,2025-04-04,Sold,1086469.62,2026-08-27,510,371.0,0,No,No,2025-04-04,2026-08-27
UPDATE,2026-08-27T00:00:00,2026-08-27,PT0290446,LST0290446,AG01257,LOC0069,Land,0,0.0,8136,1272,1977,1888700.0,2025-05-29,Sold,1760912.37,2026-08-27,455,0.0,0,No,No,2025-05-29,2026-08-27
UPDATE,2026-08-27T00:00:00,2026-08-27,PT0008017,LST0008017,AG00477,LOC0171,Single Family,3,4.5,2618,3207,1928,1250200.0,2024-03-20,Pending,,,105,0.0,1,No,Yes,2024-03-20,2026-08-27
UPDATE,2026-08-27T00:00:00,2026-08-27,PT0174021,LST0174021,AG01767,LOC0226,Townhouse,4,4.5,2815,14688,1981,1195200.0,2023-03-01,Pending,,,17,530.0,0,No,No,2023-03-01,2026-08-27
UPDATE,2026-08-27T00:00:00,2026-08-27,PT0203496,LST0203496,AG01695,LOC0183,Single Family,3,3.5,3129,15621,2009,995400.0,2023-08-29,Pending,,,36,0.0,2,Yes,Yes,2023-08-29,2026-08-27
UPDATE,2026-08-27T00:00:00,2026-08-27,PT0224764,LST0224764,AG00786,LOC0102,Apartment,4,4.5,1643,0,1933,525800.0,2025-11-04,Active,,,5,367.0,2,No,No,2025-11-04,2026-08-27
UPDATE,2026-08-27T00:00:00,2026-08-27,PT0158202,LST0158202,AG00447,LOC0202,Single Family,5,3.0,851,11981,1932,255000.0,2024-05-02,Sold,218190.87,2026-08-27,847,0.0,2,Yes,Yes,2024-05-02,2026-08-27
UPDATE,2026-08-27T00:00:00,2026-08-27,PT0237348,LST0237348,AG02862,LOC0057,Townhouse,5,3.0,1457,5930,1957,517300.0,2024-08-17,Active,,,61,143.0,1,No,No,2024-08-17,2026-08-27
UPDATE,2026-08-27T00:00:00,2026-08-27,PT0297621,LST0297621,AG02456,LOC0044,Townhouse,3,1.0,1744,1195,1961,602600.0,2024-03-05,Sold,629540.55,2026-08-27,905,336.0,2,No,No,2024-03-05,2026-08-27
UPDATE,2026-08-27T00:00:00,2026-08-27,PT0135781,LST0135781,AG01491,LOC0070,Single Family,1,1.5,1795,6274,1946,466000.0,2025-08-21,Active,,,86,0.0,3,No,No,2025-08-21,2026-08-27
UPDATE,2026-08-27T00:00:00,2026-08-27,PT0003344,LST0003344,AG02198,LOC0145,Single Family,4,1.5,1748,5441,1954,659400.0,2023-04-08,Active,,,79,0.0,0,Yes,No,2023-04-08,2026-08-27
UPDATE,2026-08-27T00:00:00,2026-08-27,PT0396794,LST0396794,AG02057,LOC0153,Apartment,1,1.0,673,0,1994,228100.0,2023-12-21,Pending,,,81,676.0,0,Yes,No,2023-12-21,2026-08-27
UPDATE,2026-08-27T00:00:00,2026-08-27,PT0211462,LST0211462,AG01444,LOC0188,Single Family,1,3.5,1774,1756,2000,281100.0,2024-07-08,Sold,270106.1,2026-08-27,780,0.0,0,Yes,No,2024-07-08,2026-08-27
UPDATE,2026-08-27T00:00:00,2026-08-27,PT0555295,LST0555295,AG02540,LOC0212,Condo,6,1.5,1018,8583,1976,253500.0,2026-08-18,Active,,,0,609.69,3,Yes,No,2026-08-18,2026-08-27
UPDATE,2026-08-27T00:00:00,2026-08-27,PT0171411,LST0171411,AG00306,LOC0128,Single Family,1,1.5,2209,5788,1971,772000.0,2026-06-11,Sold,691332.91,2026-08-27,77,0.0,1,No,No,2026-06-11,2026-08-27
UPDATE,2026-08-27T00:00:00,2026-08-27,PT0245852,LST0245852,AG01937,LOC0058,Condo,6,1.0,1669,1859,1933,384900.0,2023-03-25,Active,,,126,773.0,3,Yes,No,2023-03-25,2026-08-27
UPDATE,2026-08-27T00:00:00,2026-08-27,PT0468794,LST0468794,AG00565,LOC0143,Condo,4,4.5,2020,5830,1903,298300.0,2023-08-31,Pending,,,47,739.0,1,No,No,2023-08-31,2026-08-27
UPDATE,2026-08-27T00:00:00,2026-08-27,PT0031818,LST0031818,AG00987,LOC0159,Townhouse,3,4.5,372,6414,2024,59900.0,2025-09-18,Sold,60570.12,2026-08-27,343,66.0,2,No,No,2025-09-18,2026-08-27
UPDATE,2026-08-27T00:00:00,2026-08-27,PT0297984,LST0297984,AG00657,LOC0096,Single Family,4,4.0,1254,3078,1926,297300.0,2024-10-14,Active,,,108,0.0,1,No,No,2024-10-14,2026-08-27
UPDATE,2026-08-27T00:00:00,2026-08-27,PT0445685,LST0445685,AG01867,LOC0194,Condo,2,4.5,2022,8149,1955,1481300.0,2023-08-27,Sold,1500535.38,2026-08-27,1096,603.0,2,No,No,2023-08-27,2026-08-27
UPDATE,2026-08-27T00:00:00,2026-08-27,PT0420709,LST0420709,AG00637,LOC0004,Single Family,2,3.5,1793,6357,2012,284600.0,2024-06-02,Active,,,48,0.0,2,No,Yes,2024-06-02,2026-08-27
UPDATE,2026-08-27T00:00:00,2026-08-27,PT0340081,LST0340081,AG02036,LOC0183,Condo,6,4.5,1183,7926,1955,190400.0,2026-04-20,Active,,,31,160.0,1,No,No,2026-04-20,2026-08-27
UPDATE,2026-08-27T00:00:00,2026-08-27,PT0222062,LST0222062,AG00407,LOC0093,Single Family,3,3.5,1178,3917,1941,174700.0,2025-04-29,Pending,,,85,0.0,1,No,No,2025-04-29,2026-08-27
UPDATE,2026-08-27T00:00:00,2026-08-27,PT0282826,LST0282826,AG02202,LOC0021,Condo,2,4.0,1412,6308,1965,192600.0,2023-09-19,Sold,164156.33,2026-08-27,1073,57.0,1,No,No,2023-09-19,2026-08-27
UPDATE,2026-08-27T00:00:00,2026-08-27,PT0170389,LST0170389,AG00780,LOC0135,Townhouse,5,3.0,2089,7756,2023,985200.0,2023-02-27,Active,,,127,140.0,0,No,No,2023-02-27,2026-08-27
UPDATE,2026-08-27T00:00:00,2026-08-27,PT0400960,LST0400960,AG01019,LOC0207,Townhouse,1,3.0,2543,1307,1940,476500.0,2025-02-18,Active,,,172,599.0,0,No,No,2025-02-18,2026-08-27
UPDATE,2026-08-27T00:00:00,2026-08-27,PT0198784,LST0198784,AG01507,LOC0069,Single Family,3,1.5,2278,2313,1995,497200.0,2026-05-01,Pending,,,76,0.0,0,No,No,2026-05-01,2026-08-27
UPDATE,2026-08-27T00:00:00,2026-08-27,PT0227358,LST0227358,AG02166,LOC0085,Townhouse,4,4.5,1796,1779,2024,166700.0,2024-10-12,Sold,152252.87,2026-08-27,684,508.0,2,No,No,2024-10-12,2026-08-27
UPDATE,2026-08-27T00:00:00,2026-08-27,PT0064599,LST0064599,AG01258,LOC0248,Condo,5,4.0,2481,7168,1968,201300.0,2024-10-06,Sold,195253.74,2026-08-27,690,234.0,3,No,No,2024-10-06,2026-08-27
UPDATE,2026-08-27T00:00:00,2026-08-27,PT0340217,LST0340217,AG02131,LOC0170,Single Family,4,1.0,2110,3015,1983,889200.0,2025-11-07,Active,,,127,0.0,1,No,No,2025-11-07,2026-08-27
UPDATE,2026-08-27T00:00:00,2026-08-27,PT0261448,LST0261448,AG01708,LOC0141,Single Family,5,4.0,1791,2124,1967,330000.0,2023-08-15,Sold,329943.85,2026-08-27,1108,0.0,3,No,Yes,2023-08-15,2026-08-27
UPDATE,2026-08-27T00:00:00,2026-08-27,PT0458346,LST0458346,AG01088,LOC0071,Single Family,3,3.5,2271,1229,1923,711900.0,2024-06-08,Pending,,,87,0.0,0,No,No,2024-06-08,2026-08-27
UPDATE,2026-08-27T00:00:00,2026-08-27,PT0272657,LST0272657,AG01478,LOC0078,Single Family,3,4.0,2429,6982,1918,1310300.0,2026-01-16,Sold,1293332.35,2026-08-27,223,0.0,3,No,Yes,2026-01-16,2026-08-27
UPDATE,2026-08-27T00:00:00,2026-08-27,PT0111063,LST0111063,AG02149,LOC0088,Single Family,2,2.5,2139,5278,1981,169000.0,2025-07-29,Sold,166484.63,2026-08-27,394,0.0,0,No,Yes,2025-07-29,2026-08-27
UPDATE,2026-08-27T00:00:00,2026-08-27,PT0411092,LST0411092,AG00429,LOC0092,Condo,1,2.5,1522,2269,1942,414000.0,2024-04-06,Active,,,59,313.0,3,Yes,No,2024-04-06,2026-08-27
UPDATE,2026-08-27T00:00:00,2026-08-27,PT0471874,LST0471874,AG01257,LOC0014,Single Family,4,1.0,1764,2279,1953,578900.0,2023-07-19,Active,,,30,0.0,1,No,Yes,2023-07-19,2026-08-27
UPDATE,2026-08-27T00:00:00,2026-08-27,PT0410897,LST0410897,AG02441,LOC0225,Single Family,1,3.5,1671,4191,1981,689400.0,2025-08-01,Pending,,,82,0.0,0,No,No,2025-08-01,2026-08-27
UPDATE,2026-08-27T00:00:00,2026-08-27,PT0012147,LST0012147,AG01808,LOC0109,Single Family,2,2.0,2046,2679,1907,1034500.0,2023-08-25,Active,,,33,0.0,1,No,Yes,2023-08-25,2026-08-27
UPDATE,2026-08-27T00:00:00,2026-08-27,PT0403675,LST0403675,AG00919,LOC0116,Apartment,2,4.0,1610,0,1925,960700.0,2023-07-30,Pending,,,123,619.0,2,No,No,2023-07-30,2026-08-27
UPDATE,2026-08-27T00:00:00,2026-08-27,PT0120838,LST0120838,AG00730,LOC0195,Land,0,0.0,7252,3655,2023,1302700.0,2026-05-19,Pending,,,96,0.0,0,No,No,2026-05-19,2026-08-27
UPDATE,2026-08-27T00:00:00,2026-08-27,PT0416131,LST0416131,AG00873,LOC0057,Single Family,3,1.0,759,4704,1950,338800.0,2024-10-11,Active,,,10,0.0,2,No,Yes,2024-10-11,2026-08-27
UPDATE,2026-08-27T00:00:00,2026-08-27,PT0127047,LST0127047,AG00192,LOC0038,Single Family,6,1.5,2073,2240,1956,462700.0,2025-10-08,Pending,,,36,0.0,1,No,No,2025-10-08,2026-08-27
UPDATE,2026-08-27T00:00:00,2026-08-27,PT0470362,LST0470362,AG01314,LOC0236,Multi-Family,5,2.5,4315,2479,1987,813400.0,2025-01-30,Pending,,,104,0.0,2,No,No,2025-01-30,2026-08-27
UPDATE,2026-08-27T00:00:00,2026-08-27,PT0118421,LST0118421,AG01507,LOC0064,Condo,4,1.5,1979,10226,1982,414900.0,2024-08-12,Active,,,129,533.0,1,Yes,No,2024-08-12,2026-08-27
UPDATE,2026-08-27T00:00:00,2026-08-27,PT0163250,LST0163250,AG01712,LOC0049,Single Family,2,4.0,2189,12158,1983,605600.0,2025-03-26,Active,,,75,0.0,3,No,No,2025-03-26,2026-08-27
UPDATE,2026-08-27T00:00:00,2026-08-27,PT0546560,LST0546560,AG02417,LOC0023,Single Family,4,4.5,1939,3176,1911,488500.0,2026-08-10,Pending,,,0,0.0,3,No,No,2026-08-10,2026-08-27
UPDATE,2026-08-27T00:00:00,2026-08-27,PT0372149,LST0372149,AG01179,LOC0107,Condo,5,4.0,1457,1345,1957,361100.0,2026-05-14,Pending,,,152,405.0,0,No,No,2026-05-14,2026-08-27
UPDATE,2026-08-27T00:00:00,2026-08-27,PT0022007,LST0022007,AG02927,LOC0162,Condo,4,1.0,1942,6899,1931,454900.0,2023-03-09,Sold,415356.79,2026-08-27,1267,184.0,0,No,No,2023-03-09,2026-08-27
UPDATE,2026-08-27T00:00:00,2026-08-27,PT0552838,LST0552838,AG02389,LOC0115,Single Family,1,2.0,1705,20828,2019,589700.0,2026-08-16,Active,,,0,0.0,1,No,No,2026-08-16,2026-08-27
UPDATE,2026-08-27T00:00:00,2026-08-27,PT0564246,LST0564246,AG01653,LOC0239,Apartment,6,1.0,1478,0,2015,237200.0,2026-08-25,Active,,,0,603.59,3,No,No,2026-08-25,2026-08-27
UPDATE,2026-08-27T00:00:00,2026-08-27,PT0304413,LST0304413,AG02688,LOC0228,Multi-Family,3,3.0,2811,3179,1940,1108900.0,2024-02-01,Active,,,0,0.0,3,Yes,No,2024-02-01,2026-08-27
UPDATE,2026-08-27T00:00:00,2026-08-27,PT0543685,LST0543685,AG01592,LOC0113,Single Family,1,2.0,2302,1146,1996,553700.0,2026-08-07,Active,,,0,0.0,0,No,No,2026-08-07,2026-08-27
UPDATE,2026-08-27T00:00:00,2026-08-27,PT0524013,LST0524013,AG00772,LOC0193,Single Family,5,1.5,1589,11385,1977,486200.0,2026-07-21,Pending,,,0,0.0,3,Yes,Yes,2026-07-21,2026-08-27
UPDATE,2026-08-27T00:00:00,2026-08-27,PT0010766,LST0010766,AG01231,LOC0234,Single Family,5,2.5,972,7834,1947,346900.0,2025-08-05,Pending,,,119,0.0,2,Yes,No,2025-08-05,2026-08-27
UPDATE,2026-08-27T00:00:00,2026-08-27,PT0500506,LST0500506,AG00900,LOC0226,Single Family,1,3.5,2440,1331,1934,1164100.0,2026-07-01,Active,,,0,0.0,0,No,No,2026-07-01,2026-08-27
UPDATE,2026-08-27T00:00:00,2026-08-27,PT0191736,LST0191736,AG01259,LOC0212,Multi-Family,6,3.0,6160,8520,1939,2528600.0,2026-04-27,Active,,,47,0.0,2,Yes,Yes,2026-04-27,2026-08-27
UPDATE,2026-08-27T00:00:00,2026-08-27,PT0116300,LST0116300,AG01779,LOC0140,Single Family,5,1.0,2242,5360,1919,571900.0,2025-12-06,Active,,,158,0.0,0,Yes,Yes,2025-12-06,2026-08-27
UPDATE,2026-08-27T00:00:00,2026-08-27,PT0221288,LST0221288,AG02547,LOC0031,Townhouse,2,2.5,1564,5572,1927,625500.0,2025-03-28,Pending,,,152,378.0,3,No,No,2025-03-28,2026-08-27
UPDATE,2026-08-27T00:00:00,2026-08-27,PT0241256,LST0241256,AG01580,LOC0192,Single Family,3,2.0,1682,1102,1934,798100.0,2025-08-27,Pending,,,34,0.0,1,No,Yes,2025-08-27,2026-08-27
UPDATE,2026-08-27T00:00:00,2026-08-27,PT0126967,LST0126967,AG00314,LOC0214,Single Family,6,1.0,1021,5074,2025,90400.0,2024-05-19,Pending,,,82,0.0,1,No,No,2024-05-19,2026-08-27
UPDATE,2026-08-27T00:00:00,2026-08-27,PT0449142,LST0449142,AG01770,LOC0104,Multi-Family,4,3.5,3287,7651,1947,605400.0,2023-06-28,Sold,559493.44,2026-08-27,1156,0.0,0,No,Yes,2023-06-28,2026-08-27
UPDATE,2026-08-27T00:00:00,2026-08-27,PT0559058,LST0559058,AG01922,LOC0004,Single Family,5,1.5,3481,3688,1902,549200.0,2026-08-21,Active,,,0,0.0,1,No,No,2026-08-21,2026-08-27
UPDATE,2026-08-27T00:00:00,2026-08-27,PT0256374,LST0256374,AG02221,LOC0141,Townhouse,3,4.5,2234,2640,1929,481800.0,2026-03-29,Pending,,,9,300.0,1,No,No,2026-03-29,2026-08-27
UPDATE,2026-08-27T00:00:00,2026-08-27,PT0271671,LST0271671,AG01028,LOC0044,Multi-Family,4,3.0,3922,7367,1967,1193200.0,2025-06-22,Sold,1217189.45,2026-08-27,431,0.0,3,No,No,2025-06-22,2026-08-27
UPDATE,2026-08-27T00:00:00,2026-08-27,PT0448455,LST0448455,AG02001,LOC0157,Apartment,1,4.0,1284,0,1979,315700.0,2025-06-21,Active,,,68,419.0,3,Yes,No,2025-06-21,2026-08-27
UPDATE,2026-08-27T00:00:00,2026-08-27,PT0450681,LST0450681,AG02032,LOC0086,Single Family,5,1.0,1938,3894,1945,148600.0,2026-05-29,Pending,,,19,0.0,3,No,No,2026-05-29,2026-08-27
UPDATE,2026-08-27T00:00:00,2026-08-27,PT0263291,LST0263291,AG02230,LOC0096,Single Family,4,2.0,1934,10417,1911,420300.0,2024-03-20,Sold,387822.57,2026-08-27,890,0.0,3,No,No,2024-03-20,2026-08-27
UPDATE,2026-08-27T00:00:00,2026-08-27,PT0210734,LST0210734,AG01547,LOC0004,Single Family,2,1.5,1414,8874,1961,75000.0,2025-07-30,Sold,71532.31,2026-08-27,393,0.0,0,No,Yes,2025-07-30,2026-08-27
UPDATE,2026-08-27T00:00:00,2026-08-27,PT0285912,LST0285912,AG01227,LOC0056,Single Family,1,3.0,2420,9951,1930,723800.0,2025-06-08,Sold,717950.51,2026-08-27,445,0.0,0,No,Yes,2025-06-08,2026-08-27
UPDATE,2026-08-27T00:00:00,2026-08-27,PT0235320,LST0235320,AG01216,LOC0242,Multi-Family,5,2.5,3817,12144,1921,944600.0,2025-08-08,Pending,,,36,0.0,1,No,No,2025-08-08,2026-08-27
UPDATE,2026-08-27T00:00:00,2026-08-27,PT0110205,LST0110205,AG01706,LOC0222,Condo,4,4.0,2150,12846,1926,226200.0,2026-02-28,Sold,206663.92,2026-08-27,180,551.0,0,No,No,2026-02-28,2026-08-27
UPDATE,2026-08-27T00:00:00,2026-08-27,PT0448514,LST0448514,AG01054,LOC0245,Single Family,1,1.5,1728,2817,2004,247900.0,2023-02-03,Pending,,,44,0.0,3,No,No,2023-02-03,2026-08-27
UPDATE,2026-08-27T00:00:00,2026-08-27,PT0075945,LST0075945,AG01167,LOC0207,Single Family,4,2.0,2151,1707,2013,497300.0,2026-02-24,Pending,,,105,0.0,2,No,No,2026-02-24,2026-08-27
UPDATE,2026-08-27T00:00:00,2026-08-27,PT0205790,LST0205790,AG01183,LOC0059,Condo,2,1.0,1042,4330,1979,273200.0,2024-01-14,Pending,,,99,508.0,3,No,No,2024-01-14,2026-08-27
UPDATE,2026-08-27T00:00:00,2026-08-27,PT0044120,LST0044120,AG02798,LOC0083,Single Family,3,1.5,1242,6072,1992,368600.0,2024-12-22,Active,,,79,0.0,1,No,No,2024-12-22,2026-08-27
UPDATE,2026-08-27T00:00:00,2026-08-27,PT0409163,LST0409163,AG00990,LOC0052,Condo,2,1.5,2367,8094,1977,652200.0,2026-06-05,Sold,622002.99,2026-08-27,83,175.0,2,Yes,No,2026-06-05,2026-08-27
UPDATE,2026-08-27T00:00:00,2026-08-27,PT0243726,LST0243726,AG01228,LOC0079,Condo,2,1.0,2842,1433,1991,831300.0,2025-06-08,Pending,,,47,407.0,0,No,No,2025-06-08,2026-08-27
UPDATE,2026-08-27T00:00:00,2026-08-27,PT0057552,LST0057552,AG01077,LOC0013,Single Family,2,3.5,1335,1859,1934,330500.0,2023-11-05,Pending,,,84,0.0,3,Yes,No,2023-11-05,2026-08-27
UPDATE,2026-08-27T00:00:00,2026-08-27,PT0057300,LST0057300,AG01312,LOC0090,Apartment,5,1.0,862,0,1917,244600.0,2023-05-16,Pending,,,63,450.0,0,No,No,2023-05-16,2026-08-27
UPDATE,2026-08-27T00:00:00,2026-08-27,PT0397035,LST0397035,AG01605,LOC0015,Condo,3,3.0,2100,4394,1915,530600.0,2024-08-03,Pending,,,159,373.0,3,Yes,No,2024-08-03,2026-08-27
UPDATE,2026-08-27T00:00:00,2026-08-27,PT0512081,LST0512081,AG01552,LOC0082,Townhouse,5,2.5,812,8436,2006,55900.0,2026-07-10,Active,,,0,563.83,3,Yes,No,2026-07-10,2026-08-27
UPDATE,2026-08-27T00:00:00,2026-08-27,PT0017207,LST0017207,AG01682,LOC0078,Multi-Family,4,3.0,3184,2138,1928,1087500.0,2026-04-14,Sold,1100762.08,2026-08-27,135,0.0,1,Yes,No,2026-04-14,2026-08-27
UPDATE,2026-08-27T00:00:00,2026-08-27,PT0183566,LST0183566,AG02916,LOC0087,Townhouse,2,1.5,1466,5446,1911,593900.0,2025-07-16,Active,,,86,456.0,2,No,No,2025-07-16,2026-08-27
UPDATE,2026-08-27T00:00:00,2026-08-27,PT0172840,LST0172840,AG01009,LOC0160,Condo,3,4.5,2110,5211,1930,351500.0,2023-10-08,Pending,,,9,439.0,0,No,No,2023-10-08,2026-08-27
UPDATE,2026-08-27T00:00:00,2026-08-27,PT0381616,LST0381616,AG00580,LOC0060,Single Family,5,1.0,2478,1279,1956,290800.0,2023-04-05,Pending,,,159,0.0,3,Yes,Yes,2023-04-05,2026-08-27
UPDATE,2026-08-27T00:00:00,2026-08-27,PT0198485,LST0198485,AG00901,LOC0095,Single Family,4,4.0,2616,2691,1942,1241100.0,2023-11-01,Pending,,,171,0.0,3,No,Yes,2023-11-01,2026-08-27
UPDATE,2026-08-27T00:00:00,2026-08-27,PT0171997,LST0171997,AG01330,LOC0110,Townhouse,5,1.0,1068,1045,2005,284500.0,2025-01-03,Sold,280307.97,2026-08-27,601,745.0,3,No,No,2025-01-03,2026-08-27
UPDATE,2026-08-27T00:00:00,2026-08-27,PT0396988,LST0396988,AG02171,LOC0046,Condo,5,2.0,2052,8163,1925,428100.0,2023-04-27,Active,,,113,799.0,3,Yes,No,2023-04-27,2026-08-27
UPDATE,2026-08-27T00:00:00,2026-08-27,PT0445318,LST0445318,AG01434,LOC0123,Townhouse,1,1.0,2414,11336,1937,970800.0,2026-05-26,Pending,,,177,424.0,1,Yes,No,2026-05-26,2026-08-27
UPDATE,2026-08-27T00:00:00,2026-08-27,PT0366498,LST0366498,AG00079,LOC0012,Single Family,1,4.0,1442,1666,1950,481000.0,2023-06-10,Active,,,14,0.0,1,Yes,No,2023-06-10,2026-08-27
UPDATE,2026-08-27T00:00:00,2026-08-27,PT0329522,LST0329522,AG01831,LOC0113,Single Family,4,1.5,1472,1145,1904,378100.0,2023-10-24,Active,,,76,0.0,1,No,No,2023-10-24,2026-08-27
UPDATE,2026-08-27T00:00:00,2026-08-27,PT0275002,LST0275002,AG00677,LOC0083,Townhouse,3,2.0,923,2325,1991,160800.0,2024-03-16,Active,,,109,646.0,0,Yes,No,2024-03-16,2026-08-27
UPDATE,2026-08-27T00:00:00,2026-08-27,PT0294371,LST0294371,AG01303,LOC0145,Land,0,0.0,6166,3730,1963,1164200.0,2023-11-29,Pending,,,18,0.0,0,No,No,2023-11-29,2026-08-27
UPDATE,2026-08-27T00:00:00,2026-08-27,PT0184888,LST0184888,AG01321,LOC0118,Single Family,4,1.5,2762,4344,1985,312800.0,2024-07-02,Active,,,91,0.0,3,No,Yes,2024-07-02,2026-08-27
UPDATE,2026-08-27T00:00:00,2026-08-27,PT0255872,LST0255872,AG00933,LOC0168,Single Family,5,4.0,2034,3643,1981,918100.0,2025-10-09,Pending,,,97,0.0,3,No,No,2025-10-09,2026-08-27
UPDATE,2026-08-27T00:00:00,2026-08-27,PT0222779,LST0222779,AG01339,LOC0183,Townhouse,6,2.0,1456,5879,1982,289400.0,2024-08-09,Pending,,,59,279.0,2,No,No,2024-08-09,2026-08-27
UPDATE,2026-08-27T00:00:00,2026-08-27,PT0331113,LST0331113,AG01322,LOC0245,Townhouse,2,1.5,1365,4898,1960,315300.0,2025-12-30,Pending,,,37,92.0,1,No,No,2025-12-30,2026-08-27
UPDATE,2026-08-27T00:00:00,2026-08-27,PT0189669,LST0189669,AG01865,LOC0148,Townhouse,5,3.0,2240,11252,2016,632500.0,2023-07-22,Sold,614889.31,2026-08-27,1132,74.0,1,Yes,No,2023-07-22,2026-08-27
UPDATE,2026-08-27T00:00:00,2026-08-27,PT0394505,LST0394505,AG02501,LOC0092,Multi-Family,3,1.5,2741,5002,2023,247100.0,2023-06-26,Pending,,,73,0.0,3,No,Yes,2023-06-26,2026-08-27
UPDATE,2026-08-27T00:00:00,2026-08-27,PT0430244,LST0430244,AG02793,LOC0107,Apartment,2,4.0,650,0,1984,153200.0,2024-06-27,Pending,,,137,171.0,1,No,No,2024-06-27,2026-08-27
UPDATE,2026-08-27T00:00:00,2026-08-27,PT0415262,LST0415262,AG02672,LOC0099,Condo,6,1.0,3532,12556,1936,1311400.0,2024-04-17,Sold,1254619.09,2026-08-27,862,83.0,3,No,No,2024-04-17,2026-08-27
UPDATE,2026-08-27T00:00:00,2026-08-27,PT0334456,LST0334456,AG00133,LOC0114,Single Family,5,3.5,1922,1184,2008,222900.0,2024-01-01,Pending,,,150,0.0,2,No,No,2024-01-01,2026-08-27
UPDATE,2026-08-27T00:00:00,2026-08-27,PT0204248,LST0204248,AG01365,LOC0001,Condo,2,4.0,1982,2215,1999,369500.0,2024-02-14,Active,,,113,270.0,1,No,No,2024-02-14,2026-08-27
UPDATE,2026-08-27T00:00:00,2026-08-27,PT0256642,LST0256642,AG02969,LOC0080,Single Family,6,3.0,2244,1735,1940,741300.0,2025-12-04,Active,,,14,0.0,3,Yes,Yes,2025-12-04,2026-08-27
UPDATE,2026-08-27T00:00:00,2026-08-27,PT0090555,LST0090555,AG01512,LOC0024,Apartment,3,2.0,1534,0,1924,532100.0,2024-10-20,Pending,,,179,161.0,2,No,No,2024-10-20,2026-08-27
UPDATE,2026-08-27T00:00:00,2026-08-27,PT0417364,LST0417364,AG00438,LOC0030,Single Family,3,2.5,1214,3991,1953,490200.0,2023-01-15,Active,,,108,0.0,2,Yes,Yes,2023-01-15,2026-08-27
UPDATE,2026-08-27T00:00:00,2026-08-27,PT0370948,LST0370948,AG02207,LOC0029,Single Family,6,2.5,1867,6637,1994,801600.0,2024-03-04,Active,,,32,0.0,2,Yes,No,2024-03-04,2026-08-27
UPDATE,2026-08-27T00:00:00,2026-08-27,PT0137575,LST0137575,AG00374,LOC0226,Multi-Family,5,4.0,2912,5912,1934,1483200.0,2024-01-28,Pending,,,179,0.0,3,No,No,2024-01-28,2026-08-27
UPDATE,2026-08-27T00:00:00,2026-08-27,PT0541070,LST0541070,AG01219,LOC0022,Single Family,5,4.5,1586,3605,1916,566100.0,2026-08-05,Pending,,,0,0.0,1,Yes,No,2026-08-05,2026-08-27
UPDATE,2026-08-27T00:00:00,2026-08-27,PT0420834,LST0420834,AG02019,LOC0081,Condo,2,2.0,1878,9686,1977,586200.0,2026-04-03,Pending,,,21,693.0,1,No,No,2026-04-03,2026-08-27
UPDATE,2026-08-27T00:00:00,2026-08-27,PT0100195,LST0100195,AG01646,LOC0063,Condo,4,4.0,1199,4569,1997,770000.0,2025-02-13,Pending,,,37,310.0,1,No,No,2025-02-13,2026-08-27
UPDATE,2026-08-27T00:00:00,2026-08-27,PT0210923,LST0210923,AG00345,LOC0004,Condo,4,2.5,1723,2157,2004,104500.0,2023-04-01,Sold,102117.42,2026-08-27,1244,445.0,3,Yes,No,2023-04-01,2026-08-27
UPDATE,2026-08-27T00:00:00,2026-08-27,PT0275527,LST0275527,AG01562,LOC0209,Single Family,4,2.0,2530,7001,1914,482600.0,2024-04-15,Pending,,,69,0.0,2,No,No,2024-04-15,2026-08-27
UPDATE,2026-08-27T00:00:00,2026-08-27,PT0223107,LST0223107,AG01552,LOC0141,Condo,4,2.0,1382,4127,1995,327300.0,2026-04-04,Pending,,,1,457.0,0,No,No,2026-04-04,2026-08-27
UPDATE,2026-08-27T00:00:00,2026-08-27,PT0399198,LST0399198,AG01165,LOC0209,Townhouse,3,2.0,1987,6238,1907,328600.0,2023-09-22,Active,,,83,511.0,3,No,No,2023-09-22,2026-08-27
UPDATE,2026-08-27T00:00:00,2026-08-27,PT0073294,LST0073294,AG00192,LOC0208,Multi-Family,4,4.5,3702,3995,2024,673800.0,2026-02-03,Pending,,,12,0.0,2,No,No,2026-02-03,2026-08-27
UPDATE,2026-08-27T00:00:00,2026-08-27,PT0217326,LST0217326,AG01383,LOC0073,Condo,6,1.0,827,4749,1916,360100.0,2023-02-02,Pending,,,124,128.0,2,No,No,2023-02-02,2026-08-27
UPDATE,2026-08-27T00:00:00,2026-08-27,PT0298568,LST0298568,AG02018,LOC0115,Single Family,2,2.5,1606,8933,1907,545300.0,2025-04-10,Sold,524235.45,2026-08-27,504,0.0,3,No,No,2025-04-10,2026-08-27
UPDATE,2026-08-27T00:00:00,2026-08-27,PT0558537,LST0558537,AG02611,LOC0244,Single Family,1,3.5,637,3224,2019,130400.0,2026-08-21,Sold,125819.83,2026-08-27,6,0.0,2,No,Yes,2026-08-21,2026-08-27
UPDATE,2026-08-27T00:00:00,2026-08-27,PT0268506,LST0268506,AG01625,LOC0154,Single Family,4,2.5,2009,3862,1958,196000.0,2025-03-03,Pending,,,112,0.0,2,No,Yes,2025-03-03,2026-08-27
UPDATE,2026-08-27T00:00:00,2026-08-27,PT0471267,LST0471267,AG02268,LOC0046,Condo,5,4.5,3496,5681,1916,488800.0,2026-01-19,Sold,486902.32,2026-08-27,220,750.0,1,No,No,2026-01-19,2026-08-27
UPDATE,2026-08-27T00:00:00,2026-08-27,PT0536208,LST0536208,AG01378,LOC0051,Condo,5,4.0,1317,3905,1977,159900.0,2026-08-01,Sold,153696.85,2026-08-27,26,316.67,3,Yes,No,2026-08-01,2026-08-27
UPDATE,2026-08-27T00:00:00,2026-08-27,PT0535319,LST0535319,AG02508,LOC0223,Condo,3,3.0,2056,2925,1932,698600.0,2026-07-31,Active,,,0,155.64,3,No,No,2026-07-31,2026-08-27
UPDATE,2026-08-27T00:00:00,2026-08-27,PT0368686,LST0368686,AG01331,LOC0023,Condo,6,4.0,912,1396,1925,86200.0,2025-08-17,Active,,,6,344.0,0,No,No,2025-08-17,2026-08-27
UPDATE,2026-08-27T00:00:00,2026-08-27,PT0444404,LST0444404,AG01583,LOC0105,Single Family,1,1.5,880,2702,2000,238600.0,2025-04-01,Pending,,,131,0.0,1,No,No,2025-04-01,2026-08-27
UPDATE,2026-08-27T00:00:00,2026-08-27,PT0525356,LST0525356,AG00826,LOC0241,Townhouse,1,1.0,1022,9315,1919,151600.0,2026-07-22,Active,,,0,159.2,0,No,No,2026-07-22,2026-08-27
UPDATE,2026-08-27T00:00:00,2026-08-27,PT0561916,LST0561916,AG01993,LOC0184,Single Family,4,2.5,616,1699,2011,367400.0,2026-08-24,Active,,,0,0.0,3,No,Yes,2026-08-24,2026-08-27
UPDATE,2026-08-27T00:00:00,2026-08-27,PT0501945,LST0501945,AG02774,LOC0123,Multi-Family,2,2.5,997,1753,1934,230400.0,2026-07-02,Active,,,0,0.0,1,No,Yes,2026-07-02,2026-08-27
UPDATE,2026-08-27T00:00:00,2026-08-27,PT0435298,LST0435298,AG00863,LOC0233,Condo,1,3.0,1469,5317,1988,258900.0,2025-05-15,Pending,,,135,253.0,2,Yes,No,2025-05-15,2026-08-27
UPDATE,2026-08-27T00:00:00,2026-08-27,PT0041053,LST0041053,AG01797,LOC0197,Single Family,2,1.5,430,10317,1947,86900.0,2024-06-14,Active,,,177,0.0,0,No,No,2024-06-14,2026-08-27
UPDATE,2026-08-27T00:00:00,2026-08-27,PT0204002,LST0204002,AG00022,LOC0111,Apartment,4,3.5,1952,0,2010,356100.0,2026-01-10,Active,,,99,556.0,2,No,No,2026-01-10,2026-08-27
UPDATE,2026-08-27T00:00:00,2026-08-27,PT0543689,LST0543689,AG01583,LOC0014,Single Family,4,4.5,3356,2673,1930,1223200.0,2026-08-07,Sold,1181588.17,2026-08-27,20,0.0,1,No,No,2026-08-07,2026-08-27
UPDATE,2026-08-27T00:00:00,2026-08-27,PT0508482,LST0508482,AG02686,LOC0148,Single Family,6,3.0,2510,7683,1979,1017900.0,2026-07-07,Active,,,0,0.0,2,No,No,2026-07-07,2026-08-27
UPDATE,2026-08-27T00:00:00,2026-08-27,PT0027888,LST0027888,AG00064,LOC0036,Condo,5,3.0,1066,10387,2008,416900.0,2024-07-14,Sold,387967.96,2026-08-27,774,70.0,2,No,No,2024-07-14,2026-08-27
UPDATE,2026-08-27T00:00:00,2026-08-27,PT0517535,LST0517535,AG02506,LOC0214,Townhouse,5,3.0,1956,1502,1964,553200.0,2026-07-15,Active,,,0,353.93,2,Yes,No,2026-07-15,2026-08-27
UPDATE,2026-08-27T00:00:00,2026-08-27,PT0386120,LST0386120,AG02510,LOC0168,Single Family,2,4.5,1656,3590,2002,583200.0,2025-02-27,Pending,,,42,0.0,1,No,Yes,2025-02-27,2026-08-27
UPDATE,2026-08-27T00:00:00,2026-08-27,PT0058815,LST0058815,AG00983,LOC0196,Single Family,2,4.5,300,4102,2022,104900.0,2026-05-01,Active,,,98,0.0,2,No,Yes,2026-05-01,2026-08-27
UPDATE,2026-08-27T00:00:00,2026-08-27,PT0192510,LST0192510,AG00617,LOC0193,Single Family,3,3.5,1259,14268,2012,229000.0,2026-05-01,Pending,,,31,0.0,0,Yes,No,2026-05-01,2026-08-27
UPDATE,2026-08-27T00:00:00,2026-08-27,PT0399458,LST0399458,AG00734,LOC0031,Apartment,1,4.5,1215,0,2007,138600.0,2024-01-25,Pending,,,113,112.0,3,No,No,2024-01-25,2026-08-27
UPDATE,2026-08-27T00:00:00,2026-08-27,PT0510371,LST0510371,AG00600,LOC0045,Apartment,2,4.0,1164,0,2017,444500.0,2026-07-09,Active,,,0,231.27,0,No,No,2026-07-09,2026-08-27
UPDATE,2026-08-27T00:00:00,2026-08-27,PT0490085,LST0490085,AG00267,LOC0051,Apartment,1,1.5,681,0,1978,65900.0,2023-05-01,Sold,64669.89,2026-08-27,1214,528.0,1,No,No,2023-05-01,2026-08-27
UPDATE,2026-08-27T00:00:00,2026-08-27,PT0515390,LST0515390,AG01697,LOC0091,Single Family,1,1.5,1577,7109,1917,327800.0,2026-07-13,Sold,322705.71,2026-08-27,45,0.0,2,Yes,No,2026-07-13,2026-08-27
UPDATE,2026-08-27T00:00:00,2026-08-27,PT0542315,LST0542315,AG02762,LOC0032,Single Family,4,2.0,1607,10909,2005,203300.0,2026-08-06,Active,,,0,0.0,0,No,No,2026-08-06,2026-08-27
UPDATE,2026-08-27T00:00:00,2026-08-27,PT0535231,LST0535231,AG02416,LOC0049,Single Family,5,4.0,1514,2421,1919,490600.0,2026-07-31,Active,,,0,0.0,3,No,Yes,2026-07-31,2026-08-27
UPDATE,2026-08-27T00:00:00,2026-08-27,PT0112585,LST0112585,AG02109,LOC0165,Townhouse,4,1.5,1186,5080,1967,540600.0,2024-08-18,Active,,,4,709.0,3,No,No,2024-08-18,2026-08-27
UPDATE,2026-08-27T00:00:00,2026-08-27,PT0477859,LST0477859,AG00973,LOC0144,Single Family,5,2.5,2781,15000,1951,785800.0,2024-01-19,Active,,,107,0.0,1,Yes,Yes,2024-01-19,2026-08-27
UPDATE,2026-08-27T00:00:00,2026-08-27,PT0267659,LST0267659,AG00846,LOC0173,Condo,1,3.5,2537,6448,1926,728800.0,2024-12-26,Pending,,,175,472.0,2,No,No,2024-12-26,2026-08-27
UPDATE,2026-08-27T00:00:00,2026-08-27,PT0329954,LST0329954,AG00042,LOC0098,Condo,6,3.5,954,2186,1928,470400.0,2023-11-24,Sold,485948.84,2026-08-27,1007,281.0,3,No,No,2023-11-24,2026-08-27
UPDATE,2026-08-27T00:00:00,2026-08-27,PT0116170,LST0116170,AG00333,LOC0237,Townhouse,2,2.5,1865,5020,2007,427300.0,2025-03-11,Pending,,,10,770.0,2,No,No,2025-03-11,2026-08-27
UPDATE,2026-08-27T00:00:00,2026-08-27,PT0133088,LST0133088,AG02533,LOC0064,Single Family,6,1.0,2898,6724,1997,1092800.0,2024-03-29,Pending,,,51,0.0,1,No,Yes,2024-03-29,2026-08-27
UPDATE,2026-08-27T00:00:00,2026-08-27,PT0421505,LST0421505,AG01610,LOC0214,Single Family,6,2.5,1910,1142,1920,559900.0,2024-09-16,Sold,516448.34,2026-08-27,710,0.0,3,Yes,Yes,2024-09-16,2026-08-27
UPDATE,2026-08-27T00:00:00,2026-08-27,PT0444021,LST0444021,AG01752,LOC0010,Single Family,3,3.0,667,2668,1994,242600.0,2026-05-25,Active,,,95,0.0,1,No,Yes,2026-05-25,2026-08-27
UPDATE,2026-08-27T00:00:00,2026-08-27,PT0508862,LST0508862,AG00470,LOC0101,Single Family,1,3.0,2236,3732,1996,1206400.0,2026-07-08,Sold,1221877.18,2026-08-27,50,0.0,3,No,Yes,2026-07-08,2026-08-27
UPDATE,2026-08-27T00:00:00,2026-08-27,PT0447840,LST0447840,AG02903,LOC0103,Single Family,5,2.5,1791,2864,1958,285500.0,2026-01-11,Sold,272614.29,2026-08-27,228,0.0,3,No,No,2026-01-11,2026-08-27
UPDATE,2026-08-27T00:00:00,2026-08-27,PT0552365,LST0552365,AG02887,LOC0086,Townhouse,1,1.0,2546,1673,1971,413800.0,2026-08-16,Active,,,0,406.81,2,No,No,2026-08-16,2026-08-27
UPDATE,2026-08-27T00:00:00,2026-08-27,PT0316204,LST0316204,AG01912,LOC0245,Apartment,3,2.5,769,0,2001,129200.0,2024-06-09,Sold,132048.29,2026-08-27,809,184.0,3,No,No,2024-06-09,2026-08-27
UPDATE,2026-08-27T00:00:00,2026-08-27,PT0485945,LST0485945,AG00793,LOC0053,Multi-Family,3,2.0,5172,5438,1910,1601700.0,2025-04-19,Sold,1697693.12,2026-08-27,495,0.0,1,Yes,Yes,2025-04-19,2026-08-27
UPDATE,2026-08-27T00:00:00,2026-08-27,PT0246279,LST0246279,AG01739,LOC0037,Condo,1,1.5,2479,3949,2020,498100.0,2025-04-10,Pending,,,29,785.0,2,No,No,2025-04-10,2026-08-27
UPDATE,2026-08-27T00:00:00,2026-08-27,PT0188898,LST0188898,AG01032,LOC0016,Townhouse,4,4.0,2697,4323,1912,463700.0,2025-03-23,Active,,,4,551.0,1,No,No,2025-03-23,2026-08-27
UPDATE,2026-08-27T00:00:00,2026-08-27,PT0533636,LST0533636,AG01008,LOC0229,Condo,2,1.5,1500,7898,2025,126900.0,2026-07-29,Active,,,0,763.41,1,No,No,2026-07-29,2026-08-27
UPDATE,2026-08-27T00:00:00,2026-08-27,PT0062341,LST0062341,AG01413,LOC0058,Single Family,5,4.0,3058,4585,1946,324600.0,2024-06-01,Sold,326466.16,2026-08-27,817,0.0,1,No,Yes,2024-06-01,2026-08-27
UPDATE,2026-08-27T00:00:00,2026-08-27,PT0218903,LST0218903,AG00080,LOC0151,Townhouse,4,1.0,2131,1889,1979,349200.0,2024-04-02,Sold,353091.03,2026-08-27,877,773.0,3,Yes,No,2024-04-02,2026-08-27
UPDATE,2026-08-27T00:00:00,2026-08-27,PT0510491,LST0510491,AG02261,LOC0184,Single Family,2,2.5,1457,2041,1966,430700.0,2026-07-09,Sold,389861.93,2026-08-27,49,0.0,0,No,Yes,2026-07-09,2026-08-27
UPDATE,2026-08-27T00:00:00,2026-08-27,PT0382791,LST0382791,AG00564,LOC0241,Townhouse,6,2.0,2876,3699,2010,485200.0,2024-04-12,Active,,,55,400.0,1,No,No,2024-04-12,2026-08-27
UPDATE,2026-08-27T00:00:00,2026-08-27,PT0429441,LST0429441,AG02256,LOC0085,Condo,6,1.0,2078,4205,1953,263000.0,2026-03-30,Sold,252404.51,2026-08-27,150,513.0,0,No,No,2026-03-30,2026-08-27
UPDATE,2026-08-27T00:00:00,2026-08-27,PT0443819,LST0443819,AG02926,LOC0149,Condo,2,4.5,1638,4818,1947,567200.0,2023-09-30,Pending,,,50,237.0,2,No,No,2023-09-30,2026-08-27
UPDATE,2026-08-27T00:00:00,2026-08-27,PT0267822,LST0267822,AG01052,LOC0005,Single Family,5,4.5,2025,5393,1967,960500.0,2023-07-21,Active,,,30,0.0,1,No,No,2023-07-21,2026-08-27
UPDATE,2026-08-27T00:00:00,2026-08-27,PT0445913,LST0445913,AG02198,LOC0149,Condo,2,4.5,2572,4512,1926,219100.0,2026-06-15,Pending,,,83,116.0,3,No,No,2026-06-15,2026-08-27
UPDATE,2026-08-27T00:00:00,2026-08-27,PT0483478,LST0483478,AG02180,LOC0090,Single Family,3,1.0,880,1165,1982,211000.0,2025-11-21,Sold,195882.72,2026-08-27,279,0.0,3,No,No,2025-11-21,2026-08-27
UPDATE,2026-08-27T00:00:00,2026-08-27,PT0033278,LST0033278,AG02776,LOC0140,Single Family,1,2.0,1400,2643,1905,747000.0,2025-03-26,Pending,,,2,0.0,0,No,No,2025-03-26,2026-08-27
UPDATE,2026-08-27T00:00:00,2026-08-27,PT0525422,LST0525422,AG02008,LOC0167,Single Family,2,3.0,659,10204,1967,129500.0,2026-07-22,Active,,,0,0.0,0,No,Yes,2026-07-22,2026-08-27
UPDATE,2026-08-27T00:00:00,2026-08-27,PT0543375,LST0543375,AG01139,LOC0025,Single Family,6,1.0,1946,2111,2014,913800.0,2026-08-07,Active,,,0,0.0,1,No,No,2026-08-07,2026-08-27
UPDATE,2026-08-27T00:00:00,2026-08-27,PT0547692,LST0547692,AG02543,LOC0124,Townhouse,5,1.5,2501,5718,2023,981700.0,2026-08-11,Active,,,0,69.35,2,No,No,2026-08-11,2026-08-27
UPDATE,2026-08-27T00:00:00,2026-08-27,PT0470972,LST0470972,AG01093,LOC0196,Condo,3,4.0,1286,7993,1975,169200.0,2026-04-13,Pending,,,115,712.0,2,No,No,2026-04-13,2026-08-27
UPDATE,2026-08-27T00:00:00,2026-08-27,PT0189475,LST0189475,AG00460,LOC0010,Multi-Family,1,4.5,3173,6551,1958,1097600.0,2023-07-12,Pending,,,80,0.0,1,No,No,2023-07-12,2026-08-27
UPDATE,2026-08-27T00:00:00,2026-08-27,PT0357813,LST0357813,AG00616,LOC0052,Townhouse,2,4.5,3265,1748,2025,738400.0,2026-01-06,Pending,,,160,448.0,0,No,No,2026-01-06,2026-08-27
UPDATE,2026-08-27T00:00:00,2026-08-27,PT0101019,LST0101019,AG02118,LOC0101,Single Family,2,4.5,2102,3123,2004,1154900.0,2024-11-11,Active,,,165,0.0,0,No,No,2024-11-11,2026-08-27
UPDATE,2026-08-27T00:00:00,2026-08-27,PT0004583,LST0004583,AG01396,LOC0062,Townhouse,3,2.5,1642,5554,2000,873500.0,2023-01-11,Pending,,,0,659.0,2,No,No,2023-01-11,2026-08-27
UPDATE,2026-08-27T00:00:00,2026-08-27,PT0478331,LST0478331,AG00343,LOC0137,Multi-Family,4,3.0,3482,1610,1992,1174900.0,2023-10-26,Pending,,,111,0.0,3,Yes,Yes,2023-10-26,2026-08-27
UPDATE,2026-08-27T00:00:00,2026-08-27,PT0173949,LST0173949,AG01887,LOC0063,Single Family,3,3.5,2449,1661,1996,502700.0,2025-08-17,Pending,,,48,0.0,1,No,Yes,2025-08-17,2026-08-27
UPDATE,2026-08-27T00:00:00,2026-08-27,PT0556408,LST0556408,AG01487,LOC0036,Single Family,1,3.0,2337,4720,1971,1104800.0,2026-08-19,Sold,1025868.9,2026-08-27,8,0.0,3,Yes,No,2026-08-19,2026-08-27
UPDATE,2026-08-27T00:00:00,2026-08-27,PT0524639,LST0524639,AG01603,LOC0197,Condo,6,4.5,3185,1851,1956,1577900.0,2026-07-22,Sold,1592972.19,2026-08-27,36,287.19,1,No,No,2026-07-22,2026-08-27
UPDATE,2026-08-27T00:00:00,2026-08-27,PT0299182,LST0299182,AG01586,LOC0131,Condo,6,3.0,2152,4950,1984,121500.0,2025-06-13,Active,,,96,790.0,3,No,No,2025-06-13,2026-08-27
UPDATE,2026-08-27T00:00:00,2026-08-27,PT0334666,LST0334666,AG01878,LOC0249,Townhouse,4,2.5,1477,1601,1969,1260400.0,2024-09-28,Active,,,43,608.0,3,Yes,No,2024-09-28,2026-08-27
UPDATE,2026-08-27T00:00:00,2026-08-27,PT0549598,LST0549598,AG02344,LOC0028,Townhouse,1,4.5,1296,14128,1996,77300.0,2026-08-13,Active,,,0,583.35,1,No,No,2026-08-13,2026-08-27
UPDATE,2026-08-27T00:00:00,2026-08-27,PT0565264,LST0565264,AG01975,LOC0022,Condo,4,3.0,1956,2750,2020,904700.0,2026-08-27,Pending,,,0,711.85,0,No,No,2026-08-27,2026-08-27
UPDATE,2026-08-27T00:00:00,2026-08-27,PT0393794,LST0393794,AG02130,LOC0044,Condo,4,1.0,1767,2316,1945,515400.0,2024-01-03,Pending,,,74,707.0,0,No,No,2024-01-03,2026-08-27
UPDATE,2026-08-27T00:00:00,2026-08-27,PT0188856,LST0188856,AG02839,LOC0113,Land,0,0.0,3342,7228,1984,995500.0,2025-02-01,Pending,,,121,0.0,0,No,No,2025-02-01,2026-08-27
UPDATE,2026-08-27T00:00:00,2026-08-27,PT0066111,LST0066111,AG01305,LOC0237,Condo,4,2.0,1510,5550,1938,219500.0,2024-10-09,Pending,,,33,597.0,2,No,No,2024-10-09,2026-08-27
UPDATE,2026-08-27T00:00:00,2026-08-27,PT0400317,LST0400317,AG00633,LOC0092,Townhouse,1,2.5,1029,8016,1970,140000.0,2024-01-08,Pending,,,82,578.0,2,No,No,2024-01-08,2026-08-27
UPDATE,2026-08-27T00:00:00,2026-08-27,PT0100737,LST0100737,AG02170,LOC0182,Single Family,6,2.0,2396,3433,1958,333700.0,2025-08-09,Active,,,89,0.0,0,No,Yes,2025-08-09,2026-08-27
UPDATE,2026-08-27T00:00:00,2026-08-27,PT0001304,LST0001304,AG01596,LOC0212,Condo,6,1.5,1803,2280,1988,808200.0,2024-09-30,Active,,,133,538.0,3,No,No,2024-09-30,2026-08-27
UPDATE,2026-08-27T00:00:00,2026-08-27,PT0475938,LST0475938,AG02761,LOC0195,Single Family,3,1.5,1326,12639,1981,155600.0,2023-11-03,Pending,,,137,0.0,0,Yes,No,2023-11-03,2026-08-27
UPDATE,2026-08-27T00:00:00,2026-08-27,PT0541079,LST0541079,AG02945,LOC0046,Single Family,5,4.0,2987,1005,1931,492600.0,2026-08-05,Active,,,0,0.0,2,No,No,2026-08-05,2026-08-27
UPDATE,2026-08-27T00:00:00,2026-08-27,PT0325199,LST0325199,AG00465,LOC0039,Single Family,4,3.0,1734,2397,2008,385900.0,2025-07-23,Pending,,,72,0.0,3,No,Yes,2025-07-23,2026-08-27
UPDATE,2026-08-27T00:00:00,2026-08-27,PT0057196,LST0057196,AG00678,LOC0198,Townhouse,1,1.5,2492,3605,1954,84200.0,2023-12-24,Sold,90740.06,2026-08-27,977,560.0,2,No,No,2023-12-24,2026-08-27
UPDATE,2026-08-27T00:00:00,2026-08-27,PT0445210,LST0445210,AG01042,LOC0019,Single Family,3,1.5,2016,6735,1974,292900.0,2023-01-28,Sold,288850.94,2026-08-27,1307,0.0,2,No,Yes,2023-01-28,2026-08-27
UPDATE,2026-08-27T00:00:00,2026-08-27,PT0295931,LST0295931,AG02117,LOC0158,Condo,3,4.5,3467,1966,1902,492300.0,2026-02-04,Active,,,152,96.0,1,No,No,2026-02-04,2026-08-27
UPDATE,2026-08-27T00:00:00,2026-08-27,PT0314760,LST0314760,AG00391,LOC0007,Single Family,5,2.5,1387,2629,1973,392400.0,2024-07-28,Sold,399164.35,2026-08-27,760,0.0,1,No,No,2024-07-28,2026-08-27
UPDATE,2026-08-27T00:00:00,2026-08-27,PT0208322,LST0208322,AG00434,LOC0199,Single Family,2,3.0,516,5525,1902,195000.0,2024-03-27,Active,,,16,0.0,2,No,Yes,2024-03-27,2026-08-27
UPDATE,2026-08-27T00:00:00,2026-08-27,PT0549403,LST0549403,AG02951,LOC0179,Single Family,6,1.5,1633,2543,2001,391800.0,2026-08-13,Pending,,,0,0.0,1,No,No,2026-08-13,2026-08-27
UPDATE,2026-08-27T00:00:00,2026-08-27,PT0120216,LST0120216,AG01557,LOC0025,Single Family,1,4.5,719,1822,1959,245900.0,2024-01-13,Pending,,,168,0.0,2,Yes,Yes,2024-01-13,2026-08-27
UPDATE,2026-08-27T00:00:00,2026-08-27,PT0072021,LST0072021,AG00908,LOC0140,Multi-Family,2,3.5,2309,1594,1933,467300.0,2023-07-16,Active,,,91,0.0,0,Yes,No,2023-07-16,2026-08-27
UPDATE,2026-08-27T00:00:00,2026-08-27,PT0422506,LST0422506,AG02652,LOC0052,Multi-Family,4,4.0,2283,2318,2007,441000.0,2024-08-26,Pending,,,52,0.0,2,No,Yes,2024-08-26,2026-08-27
UPDATE,2026-08-27T00:00:00,2026-08-27,PT0195427,LST0195427,AG01097,LOC0171,Single Family,3,2.0,1839,14084,1947,851200.0,2023-02-12,Sold,810815.13,2026-08-27,1292,0.0,2,No,Yes,2023-02-12,2026-08-27
UPDATE,2026-08-27T00:00:00,2026-08-27,PT0552404,LST0552404,AG02151,LOC0007,Townhouse,6,4.0,2179,3703,2006,959300.0,2026-08-16,Sold,993650.48,2026-08-27,11,178.62,3,Yes,No,2026-08-16,2026-08-27
UPDATE,2026-08-27T00:00:00,2026-08-27,PT0341068,LST0341068,AG01100,LOC0005,Apartment,4,4.0,529,0,1929,166300.0,2023-12-21,Active,,,46,606.0,0,No,No,2023-12-21,2026-08-27
UPDATE,2026-08-27T00:00:00,2026-08-27,PT0513043,LST0513043,AG01516,LOC0167,Single Family,5,3.5,1183,1240,1915,429200.0,2026-07-11,Sold,449556.51,2026-08-27,47,0.0,2,No,Yes,2026-07-11,2026-08-27
UPDATE,2026-08-27T00:00:00,2026-08-27,PT0362921,LST0362921,AG02619,LOC0228,Townhouse,1,4.0,2550,1964,1916,1048600.0,2026-05-15,Active,,,81,428.0,0,No,No,2026-05-15,2026-08-27
UPDATE,2026-08-27T00:00:00,2026-08-27,PT0538484,LST0538484,AG02619,LOC0193,Single Family,4,4.5,2451,6596,1954,928500.0,2026-08-03,Active,,,0,0.0,0,No,No,2026-08-03,2026-08-27
UPDATE,2026-08-27T00:00:00,2026-08-27,PT0160290,LST0160290,AG00565,LOC0173,Single Family,1,2.5,1398,1651,1934,307500.0,2024-09-06,Active,,,100,0.0,1,No,No,2024-09-06,2026-08-27
UPDATE,2026-08-27T00:00:00,2026-08-27,PT0004362,LST0004362,AG02802,LOC0097,Condo,4,3.0,2740,1167,1996,330500.0,2024-02-05,Active,,,1,543.0,3,No,No,2024-02-05,2026-08-27
UPDATE,2026-08-27T00:00:00,2026-08-27,PT0072298,LST0072298,AG02770,LOC0121,Apartment,2,4.5,758,0,1999,235400.0,2025-12-05,Pending,,,91,760.0,2,Yes,No,2025-12-05,2026-08-27
UPDATE,2026-08-27T00:00:00,2026-08-27,PT0040707,LST0040707,AG01447,LOC0020,Townhouse,3,1.0,2230,2139,1935,621700.0,2024-11-28,Active,,,75,678.0,1,Yes,No,2024-11-28,2026-08-27
UPDATE,2026-08-27T00:00:00,2026-08-27,PT0415905,LST0415905,AG02946,LOC0164,Condo,2,2.0,2749,5159,1964,878800.0,2024-02-16,Active,,,160,85.0,1,Yes,No,2024-02-16,2026-08-27
UPDATE,2026-08-27T00:00:00,2026-08-27,PT0099150,LST0099150,AG02855,LOC0041,Single Family,5,4.0,1535,2991,1949,340900.0,2024-10-26,Pending,,,134,0.0,2,No,Yes,2024-10-26,2026-08-27
UPDATE,2026-08-27T00:00:00,2026-08-27,PT0419578,LST0419578,AG02343,LOC0122,Townhouse,3,3.5,1584,4812,1950,469000.0,2024-11-10,Active,,,8,567.0,3,No,No,2024-11-10,2026-08-27
UPDATE,2026-08-27T00:00:00,2026-08-27,PT0541497,LST0541497,AG01962,LOC0136,Single Family,3,3.0,2247,10160,1950,722200.0,2026-08-05,Pending,,,0,0.0,1,Yes,Yes,2026-08-05,2026-08-27
UPDATE,2026-08-27T00:00:00,2026-08-27,PT0505055,LST0505055,AG00489,LOC0088,Single Family,4,4.0,2350,4125,1999,294500.0,2026-07-05,Pending,,,0,0.0,0,No,Yes,2026-07-05,2026-08-27
UPDATE,2026-08-27T00:00:00,2026-08-27,PT0449782,LST0449782,AG01468,LOC0042,Condo,5,1.0,893,8207,1960,310600.0,2025-10-19,Sold,293091.33,2026-08-27,312,254.0,0,No,No,2025-10-19,2026-08-27
UPDATE,2026-08-27T00:00:00,2026-08-27,PT0396567,LST0396567,AG02544,LOC0186,Condo,2,2.0,1302,2377,1998,440200.0,2023-03-27,Sold,435093.98,2026-08-27,1249,496.0,1,No,No,2023-03-27,2026-08-27
UPDATE,2026-08-27T00:00:00,2026-08-27,PT0507661,LST0507661,AG02183,LOC0082,Land,0,0.0,3839,7874,1908,575500.0,2026-07-07,Pending,,,0,0.0,0,No,No,2026-07-07,2026-08-27
UPDATE,2026-08-27T00:00:00,2026-08-27,PT0058657,LST0058657,AG01752,LOC0233,Single Family,2,1.5,2118,5327,1904,637800.0,2024-01-17,Pending,,,101,0.0,0,No,No,2024-01-17,2026-08-27
UPDATE,2026-08-27T00:00:00,2026-08-27,PT0403248,LST0403248,AG02164,LOC0217,Single Family,3,4.5,868,10085,2011,97800.0,2023-01-24,Sold,92835.23,2026-08-27,1311,0.0,3,Yes,No,2023-01-24,2026-08-27
UPDATE,2026-08-27T00:00:00,2026-08-27,PT0506481,LST0506481,AG02992,LOC0061,Single Family,2,1.0,1850,9134,1999,272400.0,2026-07-06,Active,,,0,0.0,2,No,No,2026-07-06,2026-08-27
UPDATE,2026-08-27T00:00:00,2026-08-27,PT0276229,LST0276229,AG00338,LOC0010,Condo,3,2.0,1474,1855,1901,512300.0,2023-07-02,Pending,,,37,634.0,1,Yes,No,2023-07-02,2026-08-27
UPDATE,2026-08-27T00:00:00,2026-08-27,PT0513455,LST0513455,AG02000,LOC0085,Single Family,3,4.0,2636,1465,1914,457000.0,2026-07-12,Pending,,,0,0.0,2,No,No,2026-07-12,2026-08-27
UPDATE,2026-08-27T00:00:00,2026-08-27,PT0049650,LST0049650,AG00999,LOC0183,Single Family,6,4.5,1668,1025,1941,286700.0,2026-06-25,Active,,,98,0.0,1,No,Yes,2026-06-25,2026-08-27
UPDATE,2026-08-27T00:00:00,2026-08-27,PT0139542,LST0139542,AG01914,LOC0139,Land,0,0.0,8237,20516,1981,2581900.0,2023-07-02,Active,,,50,0.0,0,No,No,2023-07-02,2026-08-27
UPDATE,2026-08-27T00:00:00,2026-08-27,PT0442379,LST0442379,AG02372,LOC0215,Condo,6,2.0,1171,5449,1998,833900.0,2025-11-24,Pending,,,25,352.0,3,Yes,No,2025-11-24,2026-08-27
UPDATE,2026-08-27T00:00:00,2026-08-27,PT0509932,LST0509932,AG02272,LOC0155,Single Family,6,3.5,1943,11747,1903,474900.0,2026-07-09,Sold,468969.0,2026-08-27,49,0.0,1,No,Yes,2026-07-09,2026-08-27
UPDATE,2026-08-27T00:00:00,2026-08-27,PT0192544,LST0192544,AG02361,LOC0052,Land,0,0.0,5451,10489,2021,923700.0,2023-07-13,Sold,968032.9,2026-08-27,1141,0.0,0,No,No,2023-07-13,2026-08-27
UPDATE,2026-08-27T00:00:00,2026-08-27,PT0550075,LST0550075,AG00486,LOC0249,Condo,3,4.0,1891,3877,1956,1024300.0,2026-08-13,Pending,,,0,580.2,2,Yes,No,2026-08-13,2026-08-27
UPDATE,2026-08-27T00:00:00,2026-08-27,PT0055548,LST0055548,AG00698,LOC0112,Single Family,3,2.5,1583,5182,1912,282200.0,2024-08-13,Pending,,,21,0.0,0,No,No,2024-08-13,2026-08-27
UPDATE,2026-08-27T00:00:00,2026-08-27,PT0037257,LST0037257,AG01062,LOC0058,Condo,3,3.5,3380,4934,1929,922000.0,2023-06-14,Pending,,,97,476.0,1,No,No,2023-06-14,2026-08-27
UPDATE,2026-08-27T00:00:00,2026-08-27,PT0556913,LST0556913,AG01296,LOC0237,Single Family,2,2.5,1734,14294,1960,332100.0,2026-08-20,Active,,,0,0.0,0,No,No,2026-08-20,2026-08-27
UPDATE,2026-08-27T00:00:00,2026-08-27,PT0287962,LST0287962,AG01971,LOC0056,Apartment,4,2.5,1718,0,1964,1232800.0,2023-12-26,Pending,,,67,546.0,0,No,No,2023-12-26,2026-08-27
UPDATE,2026-08-27T00:00:00,2026-08-27,PT0376014,LST0376014,AG01866,LOC0145,Single Family,1,2.5,300,3424,1926,68300.0,2023-03-07,Pending,,,18,0.0,1,No,No,2023-03-07,2026-08-27
UPDATE,2026-08-27T00:00:00,2026-08-27,PT0024506,LST0024506,AG01257,LOC0048,Condo,6,4.0,2051,2409,1994,638900.0,2023-10-31,Sold,576140.21,2026-08-27,1031,558.0,1,No,No,2023-10-31,2026-08-27
UPDATE,2026-08-27T00:00:00,2026-08-27,PT0272443,LST0272443,AG00002,LOC0066,Apartment,2,3.5,544,0,1930,92100.0,2023-06-07,Sold,88278.39,2026-08-27,1177,417.0,0,No,No,2023-06-07,2026-08-27
UPDATE,2026-08-27T00:00:00,2026-08-27,PT0554095,LST0554095,AG01236,LOC0074,Condo,2,4.0,2059,8561,1933,224700.0,2026-08-17,Sold,208630.44,2026-08-27,10,629.21,2,No,No,2026-08-17,2026-08-27
UPDATE,2026-08-27T00:00:00,2026-08-27,PT0482333,LST0482333,AG02960,LOC0120,Single Family,6,4.5,300,5094,1972,123100.0,2023-12-05,Active,,,6,0.0,2,No,Yes,2023-12-05,2026-08-27
UPDATE,2026-08-27T00:00:00,2026-08-27,PT0287360,LST0287360,AG01067,LOC0065,Condo,5,2.5,1165,3606,1901,212800.0,2026-04-26,Pending,,,112,302.0,0,No,No,2026-04-26,2026-08-27
UPDATE,2026-08-27T00:00:00,2026-08-27,PT0229937,LST0229937,AG00127,LOC0238,Single Family,6,4.5,1352,5444,1961,295300.0,2023-08-26,Pending,,,65,0.0,0,No,No,2023-08-26,2026-08-27
UPDATE,2026-08-27T00:00:00,2026-08-27,PT0034807,LST0034807,AG00601,LOC0026,Townhouse,3,2.5,1585,2261,1957,858400.0,2026-06-02,Pending,,,147,548.0,1,Yes,No,2026-06-02,2026-08-27
UPDATE,2026-08-27T00:00:00,2026-08-27,PT0011676,LST0011676,AG01366,LOC0222,Apartment,4,2.0,941,0,2006,98200.0,2025-09-24,Active,,,45,778.0,0,No,No,2025-09-24,2026-08-27
UPDATE,2026-08-27T00:00:00,2026-08-27,PT0251089,LST0251089,AG01503,LOC0202,Single Family,6,4.5,2415,23851,1991,639800.0,2026-06-22,Active,,,107,0.0,3,No,No,2026-06-22,2026-08-27
UPDATE,2026-08-27T00:00:00,2026-08-27,PT0033556,LST0033556,AG01592,LOC0027,Apartment,5,3.0,1215,0,1980,368200.0,2025-04-16,Active,,,12,128.0,1,No,No,2025-04-16,2026-08-27
UPDATE,2026-08-27T00:00:00,2026-08-27,PT0413235,LST0413235,AG02637,LOC0201,Condo,2,3.5,1795,2242,1995,443700.0,2023-10-08,Active,,,10,478.0,3,No,No,2023-10-08,2026-08-27
UPDATE,2026-08-27T00:00:00,2026-08-27,PT0456555,LST0456555,AG02570,LOC0147,Multi-Family,3,4.0,4613,5114,1921,282400.0,2024-11-15,Pending,,,103,0.0,0,No,No,2024-11-15,2026-08-27
UPDATE,2026-08-27T00:00:00,2026-08-27,PT0288552,LST0288552,AG02918,LOC0171,Single Family,4,4.0,2248,3552,1961,128500.0,2025-07-31,Active,,,161,0.0,3,No,Yes,2025-07-31,2026-08-27
UPDATE,2026-08-27T00:00:00,2026-08-27,PT0285033,LST0285033,AG00617,LOC0005,Condo,3,3.5,1688,6484,1926,1145900.0,2024-03-04,Sold,1221889.2,2026-08-27,906,482.0,0,No,No,2024-03-04,2026-08-27
UPDATE,2026-08-27T00:00:00,2026-08-27,PT0218441,LST0218441,AG02809,LOC0149,Single Family,4,3.5,1507,3444,2013,157400.0,2025-06-18,Pending,,,66,0.0,0,No,Yes,2025-06-18,2026-08-27
UPDATE,2026-08-27T00:00:00,2026-08-27,PT0537114,LST0537114,AG00234,LOC0148,Multi-Family,3,2.5,3165,17291,1938,824300.0,2026-08-01,Pending,,,0,0.0,2,No,No,2026-08-01,2026-08-27
UPDATE,2026-08-27T00:00:00,2026-08-27,PT0250581,LST0250581,AG01837,LOC0213,Condo,4,3.5,1256,1333,2023,367200.0,2023-12-09,Active,,,166,647.0,2,No,No,2023-12-09,2026-08-27
UPDATE,2026-08-27T00:00:00,2026-08-27,PT0322838,LST0322838,AG01750,LOC0064,Townhouse,1,2.5,1413,5698,1985,339900.0,2026-02-04,Active,,,77,737.0,3,No,No,2026-02-04,2026-08-27
UPDATE,2026-08-27T00:00:00,2026-08-27,PT0063890,LST0063890,AG00610,LOC0136,Single Family,6,3.5,1308,1228,1982,193100.0,2026-02-15,Sold,185108.76,2026-08-27,193,0.0,0,Yes,Yes,2026-02-15,2026-08-27
UPDATE,2026-08-27T00:00:00,2026-08-27,PT0483911,LST0483911,AG00753,LOC0060,Multi-Family,4,2.0,3978,10877,1996,902400.0,2024-05-16,Pending,,,62,0.0,1,No,Yes,2024-05-16,2026-08-27
UPDATE,2026-08-27T00:00:00,2026-08-27,PT0099468,LST0099468,AG00192,LOC0081,Townhouse,2,2.5,1926,4583,1914,723800.0,2023-10-13,Sold,727337.31,2026-08-27,1049,195.0,1,Yes,No,2023-10-13,2026-08-27
UPDATE,2026-08-27T00:00:00,2026-08-27,PT0325131,LST0325131,AG01353,LOC0138,Single Family,2,2.0,1606,5917,1922,171700.0,2024-06-04,Active,,,73,0.0,3,Yes,No,2024-06-04,2026-08-27
UPDATE,2026-08-27T00:00:00,2026-08-27,PT0281751,LST0281751,AG00020,LOC0052,Multi-Family,2,4.5,2398,2824,1983,502100.0,2026-04-10,Pending,,,107,0.0,2,No,Yes,2026-04-10,2026-08-27
UPDATE,2026-08-27T00:00:00,2026-08-27,PT0546622,LST0546622,AG00678,LOC0172,Townhouse,1,2.5,1615,4225,1921,232200.0,2026-08-10,Active,,,0,744.11,1,No,No,2026-08-10,2026-08-27
UPDATE,2026-08-27T00:00:00,2026-08-27,PT0430099,LST0430099,AG01090,LOC0092,Single Family,6,2.5,1418,9210,2009,257600.0,2024-09-24,Pending,,,136,0.0,0,No,No,2024-09-24,2026-08-27
UPDATE,2026-08-27T00:00:00,2026-08-27,PT0514723,LST0514723,AG01508,LOC0070,Townhouse,3,4.5,2405,1140,1913,212600.0,2026-07-13,Sold,205890.64,2026-08-27,45,417.63,3,No,No,2026-07-13,2026-08-27
UPDATE,2026-08-27T00:00:00,2026-08-27,PT0519927,LST0519927,AG00059,LOC0140,Single Family,6,2.5,385,11519,1933,227000.0,2026-07-18,Pending,,,0,0.0,0,Yes,No,2026-07-18,2026-08-27
UPDATE,2026-08-27T00:00:00,2026-08-27,PT0518174,LST0518174,AG01400,LOC0088,Multi-Family,5,2.0,3536,2839,2021,312800.0,2026-07-16,Active,,,0,0.0,0,No,Yes,2026-07-16,2026-08-27
UPDATE,2026-08-27T00:00:00,2026-08-27,PT0534771,LST0534771,AG01365,LOC0034,Condo,5,1.0,2657,1332,2002,550800.0,2026-07-30,Sold,572491.79,2026-08-27,28,413.67,2,No,No,2026-07-30,2026-08-27
UPDATE,2026-08-27T00:00:00,2026-08-27,PT0287066,LST0287066,AG00567,LOC0191,Single Family,1,3.0,1342,1437,1936,663000.0,2023-05-04,Pending,,,112,0.0,2,No,Yes,2023-05-04,2026-08-27
UPDATE,2026-08-27T00:00:00,2026-08-27,PT0442470,LST0442470,AG01374,LOC0015,Single Family,1,3.0,2409,4880,1915,475500.0,2023-06-04,Pending,,,150,0.0,0,Yes,Yes,2023-06-04,2026-08-27
UPDATE,2026-08-27T00:00:00,2026-08-27,PT0464285,LST0464285,AG01880,LOC0076,Land,0,0.0,7318,3278,1940,756700.0,2024-08-05,Sold,752317.3,2026-08-27,752,0.0,0,No,No,2024-08-05,2026-08-27
UPDATE,2026-08-27T00:00:00,2026-08-27,PT0554762,LST0554762,AG00157,LOC0177,Single Family,4,2.5,1178,3275,2012,381600.0,2026-08-18,Pending,,,0,0.0,0,Yes,Yes,2026-08-18,2026-08-27
UPDATE,2026-08-27T00:00:00,2026-08-27,PT0469924,LST0469924,AG01624,LOC0136,Single Family,3,1.5,2173,6376,2000,539400.0,2025-06-18,Pending,,,60,0.0,3,No,Yes,2025-06-18,2026-08-27
UPDATE,2026-08-27T00:00:00,2026-08-27,PT0520135,LST0520135,AG00993,LOC0111,Single Family,2,3.5,1822,3835,1941,247800.0,2026-07-18,Active,,,0,0.0,1,No,Yes,2026-07-18,2026-08-27
UPDATE,2026-08-27T00:00:00,2026-08-27,PT0367681,LST0367681,AG01444,LOC0161,Condo,1,3.0,1631,1344,2015,638200.0,2026-04-28,Pending,,,137,434.0,2,No,No,2026-04-28,2026-08-27
UPDATE,2026-08-27T00:00:00,2026-08-27,PT0032267,LST0032267,AG02420,LOC0141,Single Family,2,3.5,2920,3611,1936,609500.0,2024-03-16,Pending,,,124,0.0,2,No,Yes,2024-03-16,2026-08-27
UPDATE,2026-08-27T00:00:00,2026-08-27,PT0305818,LST0305818,AG02147,LOC0162,Condo,3,1.0,1198,8773,1943,258800.0,2026-02-22,Pending,,,69,443.0,3,No,No,2026-02-22,2026-08-27
UPDATE,2026-08-27T00:00:00,2026-08-27,PT0263703,LST0263703,AG02423,LOC0159,Single Family,5,3.5,2154,3830,2025,361400.0,2023-09-08,Active,,,90,0.0,2,No,Yes,2023-09-08,2026-08-27
UPDATE,2026-08-27T00:00:00,2026-08-27,PT0511030,LST0511030,AG00716,LOC0043,Townhouse,6,1.0,667,1212,1968,131600.0,2026-07-09,Pending,,,0,726.55,3,No,No,2026-07-09,2026-08-27
UPDATE,2026-08-27T00:00:00,2026-08-27,PT0301845,LST0301845,AG00698,LOC0090,Single Family,6,4.0,3681,1334,2005,512600.0,2024-11-01,Active,,,25,0.0,1,Yes,No,2024-11-01,2026-08-27
UPDATE,2026-08-27T00:00:00,2026-08-27,PT0435960,LST0435960,AG00620,LOC0183,Condo,1,1.0,951,1476,2003,342100.0,2024-12-16,Active,,,41,238.0,2,Yes,No,2024-12-16,2026-08-27
UPDATE,2026-08-27T00:00:00,2026-08-27,PT0531787,LST0531787,AG02062,LOC0033,Single Family,6,2.5,3611,4941,2002,446900.0,2026-07-28,Active,,,0,0.0,2,No,Yes,2026-07-28,2026-08-27
UPDATE,2026-08-27T00:00:00,2026-08-27,PT0158476,LST0158476,AG00721,LOC0212,Single Family,1,2.0,1107,1361,2015,531900.0,2026-04-27,Pending,,,57,0.0,2,No,No,2026-04-27,2026-08-27
UPDATE,2026-08-27T00:00:00,2026-08-27,PT0139949,LST0139949,AG01949,LOC0025,Single Family,4,4.5,2191,3388,1940,635400.0,2025-07-01,Active,,,129,0.0,3,No,Yes,2025-07-01,2026-08-27
UPDATE,2026-08-27T00:00:00,2026-08-27,PT0062015,LST0062015,AG02752,LOC0038,Single Family,6,3.5,2347,1369,1950,556400.0,2025-09-11,Active,,,94,0.0,3,No,No,2025-09-11,2026-08-27
UPDATE,2026-08-27T00:00:00,2026-08-27,PT0090008,LST0090008,AG00455,LOC0029,Single Family,1,2.0,2702,6672,1937,854600.0,2023-12-24,Pending,,,179,0.0,2,No,No,2023-12-24,2026-08-27
UPDATE,2026-08-27T00:00:00,2026-08-27,PT0310792,LST0310792,AG01922,LOC0098,Condo,2,1.5,1238,17295,1975,366000.0,2024-03-30,Pending,,,48,493.0,2,No,No,2024-03-30,2026-08-27
UPDATE,2026-08-27T00:00:00,2026-08-27,PT0526678,LST0526678,AG02906,LOC0168,Condo,1,2.0,2109,6371,1905,1075000.0,2026-07-24,Pending,,,0,617.32,2,No,No,2026-07-24,2026-08-27
UPDATE,2026-08-27T00:00:00,2026-08-27,PT0146012,LST0146012,AG00835,LOC0189,Single Family,5,1.5,743,5330,1971,210200.0,2023-07-13,Sold,209690.8,2026-08-27,1141,0.0,0,No,No,2023-07-13,2026-08-27
UPDATE,2026-08-27T00:00:00,2026-08-27,PT0046322,LST0046322,AG00836,LOC0016,Single Family,3,3.0,1804,4752,1967,550900.0,2023-12-05,Active,,,57,0.0,2,No,Yes,2023-12-05,2026-08-27
UPDATE,2026-08-27T00:00:00,2026-08-27,PT0464622,LST0464622,AG01179,LOC0018,Land,0,0.0,2100,5320,1977,845900.0,2025-09-18,Sold,816335.03,2026-08-27,343,0.0,0,No,No,2025-09-18,2026-08-27
UPDATE,2026-08-27T00:00:00,2026-08-27,PT0246393,LST0246393,AG01295,LOC0205,Single Family,1,3.5,2923,3257,1917,648400.0,2025-05-11,Pending,,,23,0.0,0,No,No,2025-05-11,2026-08-27
UPDATE,2026-08-27T00:00:00,2026-08-27,PT0441817,LST0441817,AG01644,LOC0013,Townhouse,6,1.0,1333,1029,1998,270800.0,2024-01-19,Pending,,,179,280.0,2,No,No,2024-01-19,2026-08-27
UPDATE,2026-08-27T00:00:00,2026-08-27,PT0441214,LST0441214,AG00907,LOC0223,Multi-Family,2,1.0,4611,4525,1955,2183600.0,2025-11-20,Pending,,,3,0.0,0,No,No,2025-11-20,2026-08-27
UPDATE,2026-08-27T00:00:00,2026-08-27,PT0300450,LST0300450,AG02198,LOC0236,Condo,1,3.0,1742,3313,1988,105600.0,2024-10-07,Pending,,,168,647.0,1,No,No,2024-10-07,2026-08-27
UPDATE,2026-08-27T00:00:00,2026-08-27,PT0321445,LST0321445,AG00709,LOC0067,Land,0,0.0,5964,1623,1976,770700.0,2023-07-06,Sold,703856.14,2026-08-27,1148,0.0,0,No,No,2023-07-06,2026-08-27
UPDATE,2026-08-27T00:00:00,2026-08-27,PT0146097,LST0146097,AG00488,LOC0018,Townhouse,4,3.0,1162,5063,1956,523700.0,2026-04-02,Pending,,,163,115.0,2,No,No,2026-04-02,2026-08-27
UPDATE,2026-08-27T00:00:00,2026-08-27,PT0552926,LST0552926,AG00494,LOC0208,Condo,2,3.0,1310,3854,1978,290400.0,2026-08-16,Active,,,0,158.9,0,No,No,2026-08-16,2026-08-27
UPDATE,2026-08-27T00:00:00,2026-08-27,PT0062117,LST0062117,AG00403,LOC0009,Single Family,5,4.5,3527,2318,2020,948000.0,2025-11-16,Pending,,,58,0.0,2,No,No,2025-11-16,2026-08-27
UPDATE,2026-08-27T00:00:00,2026-08-27,PT0555434,LST0555434,AG00564,LOC0214,Multi-Family,4,2.5,3240,1341,1972,774600.0,2026-08-18,Active,,,0,0.0,3,No,No,2026-08-18,2026-08-27
UPDATE,2026-08-27T00:00:00,2026-08-27,PT0543775,LST0543775,AG02582,LOC0066,Single Family,2,4.5,604,1935,2023,156200.0,2026-08-08,Active,,,0,0.0,3,No,Yes,2026-08-08,2026-08-27
UPDATE,2026-08-27T00:00:00,2026-08-27,PT0076038,LST0076038,AG00837,LOC0133,Single Family,6,4.0,1744,3374,1929,120100.0,2024-03-05,Pending,,,124,0.0,1,Yes,No,2024-03-05,2026-08-27
UPDATE,2026-08-27T00:00:00,2026-08-27,PT0282499,LST0282499,AG00190,LOC0142,Townhouse,1,1.0,1858,15243,1982,351100.0,2026-01-10,Sold,361546.09,2026-08-27,229,519.0,3,No,No,2026-01-10,2026-08-27
UPDATE,2026-08-27T00:00:00,2026-08-27,PT0491526,LST0491526,AG00715,LOC0130,Condo,2,1.5,2276,1156,1999,415400.0,2024-12-27,Pending,,,143,694.0,1,No,No,2024-12-27,2026-08-27
UPDATE,2026-08-27T00:00:00,2026-08-27,PT0123465,LST0123465,AG02088,LOC0037,Single Family,1,1.0,1972,4174,1923,409100.0,2026-05-24,Active,,,134,0.0,0,No,No,2026-05-24,2026-08-27
UPDATE,2026-08-27T00:00:00,2026-08-27,PT0256735,LST0256735,AG01936,LOC0147,Single Family,5,3.0,1659,4462,2005,103700.0,2026-03-15,Sold,94302.53,2026-08-27,165,0.0,2,No,Yes,2026-03-15,2026-08-27
UPDATE,2026-08-27T00:00:00,2026-08-27,PT0518606,LST0518606,AG01315,LOC0081,Townhouse,2,4.5,2289,5960,1910,716300.0,2026-07-16,Pending,,,0,402.37,1,No,No,2026-07-16,2026-08-27
UPDATE,2026-08-27T00:00:00,2026-08-27,PT0317172,LST0317172,AG01659,LOC0113,Multi-Family,1,2.0,3211,1333,2016,1317800.0,2025-11-21,Sold,1276059.25,2026-08-27,279,0.0,2,No,Yes,2025-11-21,2026-08-27
UPDATE,2026-08-27T00:00:00,2026-08-27,PT0536353,LST0536353,AG01858,LOC0113,Single Family,4,1.5,1998,4253,1980,675500.0,2026-08-01,Pending,,,0,0.0,3,No,No,2026-08-01,2026-08-27
UPDATE,2026-08-27T00:00:00,2026-08-27,PT0524384,LST0524384,AG01460,LOC0023,Single Family,6,1.0,1495,11915,2015,324000.0,2026-07-22,Active,,,0,0.0,0,Yes,Yes,2026-07-22,2026-08-27
UPDATE,2026-08-27T00:00:00,2026-08-27,PT0309211,LST0309211,AG01805,LOC0015,Apartment,3,4.5,481,0,2021,66800.0,2025-01-21,Sold,60597.06,2026-08-27,583,719.0,1,No,No,2025-01-21,2026-08-27
UPDATE,2026-08-27T00:00:00,2026-08-27,PT0084220,LST0084220,AG02083,LOC0108,Single Family,2,4.0,1864,5446,2025,281700.0,2026-03-03,Pending,,,143,0.0,2,No,Yes,2026-03-03,2026-08-27
UPDATE,2026-08-27T00:00:00,2026-08-27,PT0342141,LST0342141,AG01609,LOC0089,Multi-Family,3,1.5,6521,2054,1991,1673900.0,2024-06-25,Sold,1594174.18,2026-08-27,793,0.0,1,Yes,No,2024-06-25,2026-08-27
UPDATE,2026-08-27T00:00:00,2026-08-27,PT0521747,LST0521747,AG01249,LOC0224,Single Family,5,1.5,1703,23106,1954,425200.0,2026-07-19,Active,,,0,0.0,1,No,Yes,2026-07-19,2026-08-27
UPDATE,2026-08-27T00:00:00,2026-08-27,PT0505094,LST0505094,AG02037,LOC0088,Apartment,5,4.0,1269,0,1941,171800.0,2026-07-05,Sold,158464.45,2026-08-27,53,129.47,2,No,No,2026-07-05,2026-08-27
UPDATE,2026-08-27T00:00:00,2026-08-27,PT0223087,LST0223087,AG01109,LOC0200,Condo,6,4.5,2905,3086,1910,529200.0,2025-04-12,Pending,,,61,205.0,2,Yes,No,2025-04-12,2026-08-27
UPDATE,2026-08-27T00:00:00,2026-08-27,PT0453719,LST0453719,AG01157,LOC0167,Condo,6,1.5,1149,2905,2008,441500.0,2025-10-23,Active,,,37,192.0,1,No,No,2025-10-23,2026-08-27
UPDATE,2026-08-27T00:00:00,2026-08-27,PT0442679,LST0442679,AG02792,LOC0035,Single Family,5,3.0,2846,6177,1984,514000.0,2023-10-25,Active,,,49,0.0,0,No,Yes,2023-10-25,2026-08-27
UPDATE,2026-08-27T00:00:00,2026-08-27,PT0360515,LST0360515,AG01734,LOC0167,Single Family,6,2.5,1352,7571,1928,591900.0,2025-08-23,Sold,565781.88,2026-08-27,369,0.0,0,No,No,2025-08-23,2026-08-27
UPDATE,2026-08-27T00:00:00,2026-08-27,PT0366966,LST0366966,AG00735,LOC0126,Single Family,3,1.5,2066,6108,1958,927300.0,2023-01-08,Sold,955852.89,2026-08-27,1327,0.0,3,No,Yes,2023-01-08,2026-08-27
UPDATE,2026-08-27T00:00:00,2026-08-27,PT0012736,LST0012736,AG02157,LOC0225,Single Family,6,4.5,735,5822,1954,352400.0,2024-05-20,Active,,,86,0.0,3,No,No,2024-05-20,2026-08-27
UPDATE,2026-08-27T00:00:00,2026-08-27,PT0131012,LST0131012,AG01575,LOC0238,Multi-Family,2,3.5,3689,5214,1966,1165700.0,2024-01-11,Pending,,,43,0.0,0,No,No,2024-01-11,2026-08-27
UPDATE,2026-08-27T00:00:00,2026-08-27,PT0192790,LST0192790,AG00762,LOC0131,Townhouse,2,2.0,1392,19302,1967,480900.0,2024-03-13,Sold,462438.79,2026-08-27,897,187.0,3,No,No,2024-03-13,2026-08-27
UPDATE,2026-08-27T00:00:00,2026-08-27,PT0165780,LST0165780,AG01666,LOC0168,Townhouse,5,3.0,2810,5002,1992,1745500.0,2026-03-15,Pending,,,72,628.0,2,Yes,No,2026-03-15,2026-08-27
UPDATE,2026-08-27T00:00:00,2026-08-27,PT0451975,LST0451975,AG02986,LOC0158,Townhouse,5,3.0,300,6757,1987,50200.0,2023-08-26,Active,,,19,704.0,3,Yes,No,2023-08-26,2026-08-27
UPDATE,2026-08-27T00:00:00,2026-08-27,PT0275964,LST0275964,AG01867,LOC0207,Single Family,5,3.5,901,4865,2005,170600.0,2026-04-22,Pending,,,39,0.0,3,No,Yes,2026-04-22,2026-08-27
UPDATE,2026-08-27T00:00:00,2026-08-27,PT0304219,LST0304219,AG02547,LOC0027,Townhouse,1,4.5,1735,1685,1940,407400.0,2025-05-26,Active,,,129,700.0,2,No,No,2025-05-26,2026-08-27
UPDATE,2026-08-27T00:00:00,2026-08-27,PT0314716,LST0314716,AG01817,LOC0149,Single Family,1,2.5,1628,1178,1960,309600.0,2023-05-22,Sold,285184.19,2026-08-27,1193,0.0,1,No,No,2023-05-22,2026-08-27
UPDATE,2026-08-27T00:00:00,2026-08-27,PT0442995,LST0442995,AG01177,LOC0188,Condo,1,3.0,721,3117,1993,145100.0,2024-05-10,Sold,135901.1,2026-08-27,839,515.0,2,No,No,2024-05-10,2026-08-27
UPDATE,2026-08-27T00:00:00,2026-08-27,PT0557286,LST0557286,AG02420,LOC0201,Condo,1,4.0,2714,2365,1946,486400.0,2026-08-20,Sold,518324.56,2026-08-27,7,170.91,0,No,No,2026-08-20,2026-08-27
UPDATE,2026-08-27T00:00:00,2026-08-27,PT0037665,LST0037665,AG02985,LOC0133,Single Family,5,4.0,1503,6434,1942,177800.0,2023-01-23,Pending,,,65,0.0,1,No,No,2023-01-23,2026-08-27
UPDATE,2026-08-27T00:00:00,2026-08-27,PT0299190,LST0299190,AG02121,LOC0204,Single Family,5,2.5,3094,1611,1976,1621200.0,2023-10-14,Pending,,,103,0.0,3,No,Yes,2023-10-14,2026-08-27
UPDATE,2026-08-27T00:00:00,2026-08-27,PT0521160,LST0521160,AG02050,LOC0027,Single Family,1,3.0,2292,3373,1993,419600.0,2026-07-19,Sold,409354.07,2026-08-27,39,0.0,0,No,Yes,2026-07-19,2026-08-27
UPDATE,2026-08-27T00:00:00,2026-08-27,PT0447088,LST0447088,AG00131,LOC0101,Single Family,5,2.5,2137,4033,1919,1043400.0,2024-05-26,Pending,,,22,0.0,1,No,Yes,2024-05-26,2026-08-27
UPDATE,2026-08-27T00:00:00,2026-08-27,PT0360646,LST0360646,AG02792,LOC0218,Single Family,6,2.5,1328,9149,1924,428800.0,2023-07-25,Pending,,,175,0.0,1,Yes,No,2023-07-25,2026-08-27
UPDATE,2026-08-27T00:00:00,2026-08-27,PT0321813,LST0321813,AG01547,LOC0221,Townhouse,3,4.0,2348,3435,1974,898000.0,2026-03-30,Pending,,,62,375.0,0,Yes,No,2026-03-30,2026-08-27
UPDATE,2026-08-27T00:00:00,2026-08-27,PT0394358,LST0394358,AG02318,LOC0201,Condo,5,4.5,2325,6913,1909,424100.0,2023-01-03,Active,,,64,469.0,3,No,No,2023-01-03,2026-08-27
UPDATE,2026-08-27T00:00:00,2026-08-27,PT0206600,LST0206600,AG02014,LOC0038,Single Family,1,4.5,816,12186,2005,308400.0,2024-11-24,Pending,,,128,0.0,2,No,Yes,2024-11-24,2026-08-27
UPDATE,2026-08-27T00:00:00,2026-08-27,PT0549805,LST0549805,AG00461,LOC0231,Townhouse,5,4.0,1694,5960,2016,65800.0,2026-08-13,Pending,,,0,668.6,2,No,No,2026-08-13,2026-08-27
UPDATE,2026-08-27T00:00:00,2026-08-27,PT0496320,LST0496320,AG02438,LOC0183,Townhouse,2,2.0,1359,2044,1938,346000.0,2023-01-31,Active,,,143,109.0,1,Yes,No,2023-01-31,2026-08-27
UPDATE,2026-08-27T00:00:00,2026-08-27,PT0130615,LST0130615,AG02927,LOC0140,Single Family,5,4.5,1672,2094,1917,596600.0,2023-05-07,Pending,,,18,0.0,1,No,Yes,2023-05-07,2026-08-27
UPDATE,2026-08-27T00:00:00,2026-08-27,PT0544351,LST0544351,AG01311,LOC0155,Townhouse,2,1.5,1962,6433,1968,311300.0,2026-08-08,Pending,,,0,588.93,0,No,No,2026-08-08,2026-08-27
UPDATE,2026-08-27T00:00:00,2026-08-27,PT0500690,LST0500690,AG02088,LOC0149,Single Family,2,3.0,713,2325,1942,106000.0,2026-07-01,Active,,,0,0.0,0,No,No,2026-07-01,2026-08-27
UPDATE,2026-08-27T00:00:00,2026-08-27,PT0001836,LST0001836,AG02584,LOC0243,Single Family,3,4.5,2906,1449,1938,1187500.0,2023-06-20,Sold,1166959.08,2026-08-27,1164,0.0,1,No,No,2023-06-20,2026-08-27
UPDATE,2026-08-27T00:00:00,2026-08-27,PT0019665,LST0019665,AG01641,LOC0037,Single Family,1,1.5,971,3255,1920,458100.0,2023-05-20,Pending,,,108,0.0,3,No,Yes,2023-05-20,2026-08-27
UPDATE,2026-08-27T00:00:00,2026-08-27,PT0461836,LST0461836,AG01466,LOC0082,Townhouse,1,2.0,1718,3637,1908,224100.0,2025-03-31,Pending,,,50,349.0,1,No,No,2025-03-31,2026-08-27
UPDATE,2026-08-27T00:00:00,2026-08-27,PT0252242,LST0252242,AG02255,LOC0081,Multi-Family,2,3.0,2009,3222,2003,689400.0,2024-07-07,Pending,,,96,0.0,1,No,No,2024-07-07,2026-08-27
UPDATE,2026-08-27T00:00:00,2026-08-27,PT0167470,LST0167470,AG00250,LOC0151,Multi-Family,3,1.0,3519,1438,1989,1008400.0,2023-08-23,Active,,,89,0.0,2,No,No,2023-08-23,2026-08-27
UPDATE,2026-08-27T00:00:00,2026-08-27,PT0430915,LST0430915,AG01735,LOC0072,Single Family,4,3.0,2461,9699,1920,132200.0,2025-05-19,Pending,,,80,0.0,2,No,No,2025-05-19,2026-08-27
UPDATE,2026-08-27T00:00:00,2026-08-27,PT0552001,LST0552001,AG00441,LOC0131,Condo,3,3.0,1224,1887,1923,407000.0,2026-08-15,Active,,,0,140.05,0,No,No,2026-08-15,2026-08-27
UPDATE,2026-08-27T00:00:00,2026-08-27,PT0158543,LST0158543,AG02990,LOC0211,Townhouse,5,3.0,1508,5302,1950,1107000.0,2026-04-14,Pending,,,118,725.0,2,No,No,2026-04-14,2026-08-27
UPDATE,2026-08-27T00:00:00,2026-08-27,PT0079697,LST0079697,AG00632,LOC0041,Single Family,5,3.5,1543,5327,1913,403700.0,2024-03-03,Pending,,,129,0.0,2,No,No,2024-03-03,2026-08-27
UPDATE,2026-08-27T00:00:00,2026-08-27,PT0041833,LST0041833,AG00736,LOC0214,Land,0,0.0,4632,1731,1921,759300.0,2023-08-11,Pending,,,159,0.0,0,No,No,2023-08-11,2026-08-27
UPDATE,2026-08-27T00:00:00,2026-08-27,PT0389599,LST0389599,AG00893,LOC0143,Single Family,4,4.0,1167,7077,1925,138700.0,2025-08-23,Pending,,,74,0.0,0,No,No,2025-08-23,2026-08-27
UPDATE,2026-08-27T00:00:00,2026-08-27,PT0150178,LST0150178,AG02479,LOC0248,Apartment,6,2.0,867,0,2001,171400.0,2025-07-21,Active,,,65,348.0,0,No,No,2025-07-21,2026-08-27
UPDATE,2026-08-27T00:00:00,2026-08-27,PT0557913,LST0557913,AG01984,LOC0092,Land,0,0.0,7573,10197,1907,1319500.0,2026-08-20,Sold,1301941.85,2026-08-27,7,0.0,0,No,No,2026-08-20,2026-08-27
UPDATE,2026-08-27T00:00:00,2026-08-27,PT0115320,LST0115320,AG01649,LOC0206,Apartment,5,4.5,1714,0,1983,293800.0,2024-11-13,Active,,,9,208.0,3,Yes,No,2024-11-13,2026-08-27
UPDATE,2026-08-27T00:00:00,2026-08-27,PT0150842,LST0150842,AG02315,LOC0173,Townhouse,5,3.0,1107,4915,1931,551600.0,2025-10-26,Pending,,,41,296.0,3,No,No,2025-10-26,2026-08-27
UPDATE,2026-08-27T00:00:00,2026-08-27,PT0093061,LST0093061,AG01040,LOC0004,Land,0,0.0,5558,2367,1938,695200.0,2026-01-17,Pending,,,59,0.0,0,No,No,2026-01-17,2026-08-27
UPDATE,2026-08-27T00:00:00,2026-08-27,PT0220544,LST0220544,AG00584,LOC0044,Single Family,2,2.5,2394,1224,1937,1112300.0,2023-05-20,Sold,1041192.38,2026-08-27,1195,0.0,3,No,No,2023-05-20,2026-08-27
UPDATE,2026-08-27T00:00:00,2026-08-27,PT0122641,LST0122641,AG00826,LOC0119,Multi-Family,4,4.0,3058,6954,1939,1169900.0,2026-04-19,Pending,,,125,0.0,1,No,Yes,2026-04-19,2026-08-27
UPDATE,2026-08-27T00:00:00,2026-08-27,PT0024378,LST0024378,AG02923,LOC0097,Townhouse,4,1.5,2690,2239,1927,416900.0,2025-06-04,Pending,,,20,181.0,2,No,No,2025-06-04,2026-08-27
UPDATE,2026-08-27T00:00:00,2026-08-27,PT0522089,LST0522089,AG02478,LOC0101,Single Family,6,2.0,2678,5553,1953,806800.0,2026-07-19,Active,,,0,0.0,1,Yes,No,2026-07-19,2026-08-27
UPDATE,2026-08-27T00:00:00,2026-08-27,PT0337110,LST0337110,AG02814,LOC0162,Condo,4,1.0,1894,3591,1990,315500.0,2026-02-23,Sold,316667.37,2026-08-27,185,116.0,0,No,No,2026-02-23,2026-08-27
UPDATE,2026-08-27T00:00:00,2026-08-27,PT0562888,LST0562888,AG01816,LOC0243,Condo,6,3.5,1353,1516,1934,427100.0,2026-08-25,Sold,421445.22,2026-08-27,2,167.55,2,Yes,No,2026-08-25,2026-08-27
UPDATE,2026-08-27T00:00:00,2026-08-27,PT0528372,LST0528372,AG02178,LOC0032,Multi-Family,4,3.5,2486,2674,1939,155800.0,2026-07-25,Active,,,0,0.0,2,No,Yes,2026-07-25,2026-08-27
UPDATE,2026-08-27T00:00:00,2026-08-27,PT0392641,LST0392641,AG02368,LOC0012,Townhouse,5,4.0,471,2882,2005,192200.0,2024-01-03,Active,,,148,573.0,3,No,No,2024-01-03,2026-08-27
UPDATE,2026-08-27T00:00:00,2026-08-27,PT0469674,LST0469674,AG00417,LOC0193,Multi-Family,5,4.5,4042,2691,1967,993900.0,2026-04-03,Pending,,,178,0.0,2,No,Yes,2026-04-03,2026-08-27
UPDATE,2026-08-27T00:00:00,2026-08-27,PT0021048,LST0021048,AG01621,LOC0089,Single Family,4,2.0,1816,11872,1976,412200.0,2025-03-08,Active,,,9,0.0,1,No,No,2025-03-08,2026-08-27
UPDATE,2026-08-27T00:00:00,2026-08-27,PT0440906,LST0440906,AG01086,LOC0046,Single Family,3,1.5,1649,1620,1977,426900.0,2024-12-12,Sold,434920.96,2026-08-27,623,0.0,1,No,Yes,2024-12-12,2026-08-27
UPDATE,2026-08-27T00:00:00,2026-08-27,PT0243230,LST0243230,AG00870,LOC0149,Single Family,3,4.0,491,8595,1921,49000.0,2026-04-26,Sold,48243.75,2026-08-27,123,0.0,1,Yes,No,2026-04-26,2026-08-27
UPDATE,2026-08-27T00:00:00,2026-08-27,PT0448079,LST0448079,AG01424,LOC0112,Land,0,0.0,3788,3119,2002,501600.0,2023-04-23,Active,,,7,0.0,0,No,No,2023-04-23,2026-08-27
UPDATE,2026-08-27T00:00:00,2026-08-27,PT0232434,LST0232434,AG00006,LOC0218,Condo,6,3.5,2387,14132,1982,412600.0,2024-09-23,Pending,,,59,691.0,3,No,No,2024-09-23,2026-08-27
UPDATE,2026-08-27T00:00:00,2026-08-27,PT0514225,LST0514225,AG01130,LOC0030,Single Family,3,2.0,3085,6336,1964,1310400.0,2026-07-12,Active,,,0,0.0,0,No,No,2026-07-12,2026-08-27
UPDATE,2026-08-27T00:00:00,2026-08-27,PT0554334,LST0554334,AG00849,LOC0214,Land,0,0.0,5877,5387,2021,1571100.0,2026-08-17,Active,,,0,0.0,0,No,No,2026-08-17,2026-08-27
UPDATE,2026-08-27T00:00:00,2026-08-27,PT0413441,LST0413441,AG02339,LOC0156,Condo,1,4.0,1192,5473,2014,756800.0,2023-03-27,Pending,,,149,444.0,1,No,No,2023-03-27,2026-08-27
UPDATE,2026-08-27T00:00:00,2026-08-27,PT0294000,LST0294000,AG01222,LOC0127,Apartment,4,4.0,894,0,1981,258500.0,2025-04-10,Sold,249180.52,2026-08-27,504,568.0,3,No,No,2025-04-10,2026-08-27
UPDATE,2026-08-27T00:00:00,2026-08-27,PT0413414,LST0413414,AG01709,LOC0191,Apartment,2,2.5,399,0,1946,215000.0,2026-05-04,Pending,,,22,675.0,3,No,No,2026-05-04,2026-08-27
UPDATE,2026-08-27T00:00:00,2026-08-27,PT0150622,LST0150622,AG01102,LOC0056,Townhouse,6,3.5,1920,2167,1909,628600.0,2023-07-18,Pending,,,142,574.0,3,No,No,2023-07-18,2026-08-27
UPDATE,2026-08-27T00:00:00,2026-08-27,PT0544720,LST0544720,AG01585,LOC0172,Condo,3,3.5,2204,1579,1987,318100.0,2026-08-08,Sold,282043.42,2026-08-27,19,198.31,1,No,No,2026-08-08,2026-08-27
UPDATE,2026-08-27T00:00:00,2026-08-27,PT0527527,LST0527527,AG00509,LOC0248,Single Family,1,2.0,300,4561,2023,65700.0,2026-07-24,Active,,,0,0.0,1,No,No,2026-07-24,2026-08-27
UPDATE,2026-08-27T00:00:00,2026-08-27,PT0105539,LST0105539,AG01455,LOC0223,Apartment,3,3.5,525,0,1998,309700.0,2023-12-10,Pending,,,138,559.0,2,No,No,2023-12-10,2026-08-27
UPDATE,2026-08-27T00:00:00,2026-08-27,PT0219500,LST0219500,AG02998,LOC0096,Single Family,4,1.0,1426,3334,1963,306500.0,2023-08-29,Active,,,139,0.0,1,No,No,2023-08-29,2026-08-27
UPDATE,2026-08-27T00:00:00,2026-08-27,PT0252125,LST0252125,AG00926,LOC0160,Single Family,2,1.0,2302,6479,1905,371100.0,2024-10-02,Active,,,142,0.0,2,No,Yes,2024-10-02,2026-08-27
UPDATE,2026-08-27T00:00:00,2026-08-27,PT0417961,LST0417961,AG00730,LOC0135,Single Family,5,1.0,1571,8691,1998,457600.0,2023-05-04,Pending,,,46,0.0,0,No,Yes,2023-05-04,2026-08-27
UPDATE,2026-08-27T00:00:00,2026-08-27,PT0152144,LST0152144,AG00511,LOC0128,Condo,2,4.0,1133,2215,1916,105500.0,2023-09-08,Sold,105789.14,2026-08-27,1084,52.0,2,Yes,No,2023-09-08,2026-08-27
UPDATE,2026-08-27T00:00:00,2026-08-27,PT0019013,LST0019013,AG00858,LOC0027,Single Family,2,3.5,1579,6595,1939,971400.0,2024-02-12,Sold,873075.74,2026-08-27,927,0.0,0,No,No,2024-02-12,2026-08-27
UPDATE,2026-08-27T00:00:00,2026-08-27,PT0528808,LST0528808,AG00067,LOC0089,Single Family,4,4.5,1308,3753,1904,553800.0,2026-07-25,Sold,541589.51,2026-08-27,33,0.0,3,No,Yes,2026-07-25,2026-08-27
UPDATE,2026-08-27T00:00:00,2026-08-27,PT0091645,LST0091645,AG02334,LOC0117,Condo,5,2.0,641,7928,1966,388400.0,2023-12-25,Sold,365760.14,2026-08-27,976,296.0,2,Yes,No,2023-12-25,2026-08-27
UPDATE,2026-08-27T00:00:00,2026-08-27,PT0305451,LST0305451,AG00469,LOC0154,Condo,6,1.5,1085,1489,1923,175700.0,2024-01-26,Pending,,,16,533.0,3,No,No,2024-01-26,2026-08-27
UPDATE,2026-08-27T00:00:00,2026-08-27,PT0005960,LST0005960,AG02837,LOC0143,Single Family,1,2.0,2806,8011,2001,246600.0,2025-11-19,Active,,,45,0.0,0,No,Yes,2025-11-19,2026-08-27
UPDATE,2026-08-27T00:00:00,2026-08-27,PT0214789,LST0214789,AG01955,LOC0116,Single Family,5,1.5,2107,6311,1906,269900.0,2025-09-11,Active,,,158,0.0,0,No,Yes,2025-09-11,2026-08-27
UPDATE,2026-08-27T00:00:00,2026-08-27,PT0492835,LST0492835,AG01693,LOC0070,Condo,1,4.0,1431,3144,1999,109500.0,2023-11-04,Active,,,91,91.0,2,No,No,2023-11-04,2026-08-27
UPDATE,2026-08-27T00:00:00,2026-08-27,PT0323824,LST0323824,AG02683,LOC0245,Single Family,2,2.0,2575,11343,1953,687000.0,2024-06-26,Pending,,,167,0.0,3,No,Yes,2024-06-26,2026-08-27
UPDATE,2026-08-27T00:00:00,2026-08-27,PT0445856,LST0445856,AG01811,LOC0003,Single Family,1,1.5,1066,9588,1957,193100.0,2023-08-19,Pending,,,30,0.0,2,Yes,Yes,2023-08-19,2026-08-27
UPDATE,2026-08-27T00:00:00,2026-08-27,PT0444035,LST0444035,AG02545,LOC0206,Single Family,6,4.5,1455,1748,1924,503200.0,2023-09-17,Active,,,56,0.0,3,No,Yes,2023-09-17,2026-08-27
UPDATE,2026-08-27T00:00:00,2026-08-27,PT0102310,LST0102310,AG01539,LOC0241,Single Family,5,1.5,2066,1644,2003,295900.0,2026-04-06,Pending,,,54,0.0,3,No,Yes,2026-04-06,2026-08-27
UPDATE,2026-08-27T00:00:00,2026-08-27,PT0528080,LST0528080,AG00160,LOC0028,Single Family,1,2.5,3042,3686,1981,510500.0,2026-07-25,Sold,524650.73,2026-08-27,33,0.0,2,No,Yes,2026-07-25,2026-08-27
UPDATE,2026-08-27T00:00:00,2026-08-27,PT0097571,LST0097571,AG00197,LOC0183,Land,0,0.0,7188,2423,1922,2158800.0,2025-10-17,Pending,,,48,0.0,0,No,No,2025-10-17,2026-08-27
UPDATE,2026-08-27T00:00:00,2026-08-27,PT0391482,LST0391482,AG02380,LOC0241,Condo,1,4.0,1969,1193,1901,373000.0,2024-03-14,Active,,,44,249.0,3,Yes,No,2024-03-14,2026-08-27
UPDATE,2026-08-27T00:00:00,2026-08-27,PT0397933,LST0397933,AG02015,LOC0036,Land,0,0.0,3342,3871,2025,1497300.0,2025-03-03,Pending,,,79,0.0,0,No,No,2025-03-03,2026-08-27
UPDATE,2026-08-27T00:00:00,2026-08-27,PT0312251,LST0312251,AG01707,LOC0013,Condo,1,4.5,1681,7194,1976,513800.0,2025-06-29,Pending,,,24,282.0,0,No,No,2025-06-29,2026-08-27
UPDATE,2026-08-27T00:00:00,2026-08-27,PT0496286,LST0496286,AG01966,LOC0031,Condo,5,2.0,1846,3855,1951,687100.0,2023-12-06,Pending,,,70,550.0,1,No,No,2023-12-06,2026-08-27
UPDATE,2026-08-27T00:00:00,2026-08-27,PT0538986,LST0538986,AG02431,LOC0181,Condo,4,4.0,2179,13374,1996,450400.0,2026-08-03,Sold,493957.48,2026-08-27,24,117.03,2,No,No,2026-08-03,2026-08-27
UPDATE,2026-08-27T00:00:00,2026-08-27,PT0496525,LST0496525,AG02924,LOC0066,Single Family,1,3.0,1778,1612,1956,432900.0,2023-10-11,Pending,,,76,0.0,1,No,Yes,2023-10-11,2026-08-27
UPDATE,2026-08-27T00:00:00,2026-08-27,PT0502325,LST0502325,AG01287,LOC0151,Townhouse,1,4.0,716,2764,2014,283400.0,2026-07-02,Active,,,0,652.63,0,No,No,2026-07-02,2026-08-27
UPDATE,2026-08-27T00:00:00,2026-08-27,PT0382515,LST0382515,AG00610,LOC0125,Single Family,5,4.0,1291,9217,1952,273000.0,2023-09-21,Active,,,150,0.0,3,No,Yes,2023-09-21,2026-08-27
UPDATE,2026-08-27T00:00:00,2026-08-27,PT0465058,LST0465058,AG00374,LOC0178,Condo,5,4.5,1483,1978,1950,332200.0,2023-05-23,Pending,,,153,371.0,3,No,No,2023-05-23,2026-08-27
UPDATE,2026-08-27T00:00:00,2026-08-27,PT0399352,LST0399352,AG00824,LOC0071,Townhouse,2,3.0,976,5375,2019,460500.0,2025-04-08,Active,,,116,148.0,1,No,No,2025-04-08,2026-08-27
UPDATE,2026-08-27T00:00:00,2026-08-27,PT0078824,LST0078824,AG01122,LOC0248,Condo,3,1.0,1172,4521,1967,373500.0,2023-07-02,Active,,,6,495.0,0,No,No,2023-07-02,2026-08-27
UPDATE,2026-08-27T00:00:00,2026-08-27,PT0408685,LST0408685,AG01422,LOC0051,Multi-Family,4,2.5,2136,2195,1960,189200.0,2025-08-04,Pending,,,78,0.0,3,No,Yes,2025-08-04,2026-08-27
UPDATE,2026-08-27T00:00:00,2026-08-27,PT0534381,LST0534381,AG01796,LOC0016,Condo,5,2.5,1524,1045,1947,266700.0,2026-07-30,Pending,,,0,434.6,0,Yes,No,2026-07-30,2026-08-27
UPDATE,2026-08-27T00:00:00,2026-08-27,PT0293975,LST0293975,AG02437,LOC0241,Townhouse,3,3.5,2078,2806,1937,302600.0,2024-11-05,Sold,299425.67,2026-08-27,660,56.0,3,No,No,2024-11-05,2026-08-27
UPDATE,2026-08-27T00:00:00,2026-08-27,PT0549822,LST0549822,AG01381,LOC0145,Single Family,2,1.5,1733,7543,1986,562800.0,2026-08-13,Sold,598862.35,2026-08-27,14,0.0,0,No,No,2026-08-13,2026-08-27
UPDATE,2026-08-27T00:00:00,2026-08-27,PT0195951,LST0195951,AG00277,LOC0139,Condo,5,3.0,705,7151,1907,151900.0,2024-07-20,Pending,,,128,683.0,0,No,No,2024-07-20,2026-08-27
UPDATE,2026-08-27T00:00:00,2026-08-27,PT0166174,LST0166174,AG00720,LOC0040,Townhouse,5,3.5,1635,4578,1958,300700.0,2024-06-27,Sold,277961.92,2026-08-27,791,109.0,2,No,No,2024-06-27,2026-08-27
UPDATE,2026-08-27T00:00:00,2026-08-27,PT0161232,LST0161232,AG00998,LOC0083,Single Family,4,3.0,2075,4625,1928,760700.0,2023-11-13,Pending,,,74,0.0,0,No,Yes,2023-11-13,2026-08-27
UPDATE,2026-08-27T00:00:00,2026-08-27,PT0230476,LST0230476,AG00768,LOC0066,Single Family,3,3.0,2531,3773,1956,636500.0,2023-12-23,Pending,,,54,0.0,3,No,No,2023-12-23,2026-08-27
UPDATE,2026-08-27T00:00:00,2026-08-27,PT0492846,LST0492846,AG02591,LOC0070,Townhouse,4,2.5,1974,10729,1933,441900.0,2025-02-06,Active,,,62,539.0,0,No,No,2025-02-06,2026-08-27
UPDATE,2026-08-27T00:00:00,2026-08-27,PT0167519,LST0167519,AG01647,LOC0085,Condo,5,1.0,1165,2062,2004,276800.0,2026-06-18,Pending,,,8,82.0,2,No,No,2026-06-18,2026-08-27
UPDATE,2026-08-27T00:00:00,2026-08-27,PT0297220,LST0297220,AG02986,LOC0202,Condo,6,3.0,2977,9249,2006,639100.0,2025-09-15,Pending,,,32,369.0,1,No,No,2025-09-15,2026-08-27
UPDATE,2026-08-27T00:00:00,2026-08-27,PT0558925,LST0558925,AG01968,LOC0240,Condo,3,4.0,940,4297,1936,349900.0,2026-08-21,Pending,,,0,417.11,2,Yes,No,2026-08-21,2026-08-27
UPDATE,2026-08-27T00:00:00,2026-08-27,PT0547006,LST0547006,AG02196,LOC0214,Single Family,3,1.5,2480,4780,1905,643900.0,2026-08-10,Pending,,,0,0.0,1,No,Yes,2026-08-10,2026-08-27
UPDATE,2026-08-27T00:00:00,2026-08-27,PT0507287,LST0507287,AG01177,LOC0105,Single Family,1,1.5,646,5199,1938,125600.0,2026-07-06,Active,,,0,0.0,1,No,No,2026-07-06,2026-08-27
UPDATE,2026-08-27T00:00:00,2026-08-27,PT0272314,LST0272314,AG01122,LOC0135,Single Family,4,4.5,2040,5475,2002,877400.0,2023-01-09,Pending,,,49,0.0,2,Yes,Yes,2023-01-09,2026-08-27
UPDATE,2026-08-27T00:00:00,2026-08-27,PT0020021,LST0020021,AG00081,LOC0013,Single Family,6,1.0,1437,20913,1925,334500.0,2024-12-07,Active,,,25,0.0,3,Yes,No,2024-12-07,2026-08-27
UPDATE,2026-08-27T00:00:00,2026-08-27,PT0186965,LST0186965,AG01121,LOC0185,Apartment,6,4.0,509,0,1982,231700.0,2025-03-31,Pending,,,106,71.0,0,No,No,2025-03-31,2026-08-27
UPDATE,2026-08-27T00:00:00,2026-08-27,PT0286933,LST0286933,AG00480,LOC0098,Condo,2,3.0,1090,11392,1976,189100.0,2026-05-31,Active,,,170,130.0,1,No,No,2026-05-31,2026-08-27
UPDATE,2026-08-27T00:00:00,2026-08-27,PT0048795,LST0048795,AG01951,LOC0147,Townhouse,6,2.0,734,2070,2013,87700.0,2024-07-24,Active,,,46,493.0,1,No,No,2024-07-24,2026-08-27
UPDATE,2026-08-27T00:00:00,2026-08-27,PT0559686,LST0559686,AG00194,LOC0031,Single Family,4,3.5,1841,7095,1973,466700.0,2026-08-22,Active,,,0,0.0,1,Yes,Yes,2026-08-22,2026-08-27
UPDATE,2026-08-27T00:00:00,2026-08-27,PT0492917,LST0492917,AG02363,LOC0164,Single Family,6,4.0,1042,13541,1999,234600.0,2023-06-29,Active,,,10,0.0,2,No,Yes,2023-06-29,2026-08-27
UPDATE,2026-08-27T00:00:00,2026-08-27,PT0422435,LST0422435,AG00931,LOC0096,Apartment,5,2.5,855,0,2024,257600.0,2025-07-11,Active,,,44,730.0,2,No,No,2025-07-11,2026-08-27
UPDATE,2026-08-27T00:00:00,2026-08-27,PT0035530,LST0035530,AG00445,LOC0223,Single Family,4,4.0,1785,4977,1933,540300.0,2025-02-18,Active,,,55,0.0,1,No,Yes,2025-02-18,2026-08-27
UPDATE,2026-08-27T00:00:00,2026-08-27,PT0211583,LST0211583,AG01611,LOC0132,Single Family,6,4.5,3000,2164,2021,1049600.0,2024-01-08,Pending,,,175,0.0,1,No,No,2024-01-08,2026-08-27
UPDATE,2026-08-27T00:00:00,2026-08-27,PT0535242,LST0535242,AG00018,LOC0038,Single Family,1,1.0,1655,4828,1922,395700.0,2026-07-31,Pending,,,0,0.0,2,No,No,2026-07-31,2026-08-27
UPDATE,2026-08-27T00:00:00,2026-08-27,PT0288825,LST0288825,AG01199,LOC0103,Condo,2,1.0,2206,3113,2004,511600.0,2023-04-15,Pending,,,67,443.0,3,No,No,2023-04-15,2026-08-27
UPDATE,2026-08-27T00:00:00,2026-08-27,PT0514551,LST0514551,AG01469,LOC0244,Multi-Family,5,3.0,4773,7940,1927,887700.0,2026-07-12,Pending,,,0,0.0,3,No,Yes,2026-07-12,2026-08-27
UPDATE,2026-08-27T00:00:00,2026-08-27,PT0441953,LST0441953,AG00029,LOC0110,Single Family,5,2.0,1544,4729,2013,314600.0,2024-01-11,Pending,,,65,0.0,1,Yes,No,2024-01-11,2026-08-27
UPDATE,2026-08-27T00:00:00,2026-08-27,PT0189523,LST0189523,AG00192,LOC0180,Multi-Family,2,4.5,3464,1946,1978,966900.0,2023-08-30,Pending,,,100,0.0,1,No,Yes,2023-08-30,2026-08-27
UPDATE,2026-08-27T00:00:00,2026-08-27,PT0252067,LST0252067,AG01651,LOC0242,Condo,1,2.0,997,1592,1988,389200.0,2025-06-10,Active,,,15,755.0,0,No,No,2025-06-10,2026-08-27
UPDATE,2026-08-27T00:00:00,2026-08-27,PT0007816,LST0007816,AG02602,LOC0023,Condo,5,3.0,3613,9120,1973,1445900.0,2024-02-27,Active,,,71,425.0,2,No,No,2024-02-27,2026-08-27
UPDATE,2026-08-27T00:00:00,2026-08-27,PT0512974,LST0512974,AG01156,LOC0056,Condo,3,3.5,907,1356,1938,265500.0,2026-07-11,Active,,,0,268.34,2,No,No,2026-07-11,2026-08-27
UPDATE,2026-08-27T00:00:00,2026-08-27,PT0046767,LST0046767,AG02590,LOC0139,Single Family,5,1.0,2900,4488,1969,1595900.0,2023-10-18,Sold,1543528.73,2026-08-27,1044,0.0,2,No,No,2023-10-18,2026-08-27
UPDATE,2026-08-27T00:00:00,2026-08-27,PT0248481,LST0248481,AG02974,LOC0201,Townhouse,6,2.0,2470,1150,1975,448300.0,2025-10-18,Active,,,25,383.0,0,No,No,2025-10-18,2026-08-27
UPDATE,2026-08-27T00:00:00,2026-08-27,PT0560283,LST0560283,AG01344,LOC0036,Single Family,5,2.0,1054,2343,1989,481000.0,2026-08-22,Pending,,,0,0.0,0,No,No,2026-08-22,2026-08-27
UPDATE,2026-08-27T00:00:00,2026-08-27,PT0564158,LST0564158,AG00414,LOC0043,Townhouse,6,2.5,2499,5497,1918,464200.0,2026-08-25,Active,,,0,388.06,0,Yes,No,2026-08-25,2026-08-27
UPDATE,2026-08-27T00:00:00,2026-08-27,PT0319841,LST0319841,AG01363,LOC0193,Single Family,3,3.5,1824,4491,1901,307100.0,2024-08-07,Pending,,,141,0.0,0,No,Yes,2024-08-07,2026-08-27
UPDATE,2026-08-27T00:00:00,2026-08-27,PT0530096,LST0530096,AG01792,LOC0214,Townhouse,3,1.5,1725,3417,1967,366300.0,2026-07-27,Pending,,,0,59.67,3,No,No,2026-07-27,2026-08-27
UPDATE,2026-08-27T00:00:00,2026-08-27,PT0501989,LST0501989,AG01165,LOC0101,Multi-Family,4,1.5,4140,4146,1959,1491900.0,2026-07-02,Sold,1372975.16,2026-08-27,56,0.0,0,No,No,2026-07-02,2026-08-27
UPDATE,2026-08-27T00:00:00,2026-08-27,PT0452645,LST0452645,AG01793,LOC0096,Single Family,1,4.0,2383,3392,1978,872900.0,2023-08-19,Pending,,,89,0.0,2,No,No,2023-08-19,2026-08-27
UPDATE,2026-08-27T00:00:00,2026-08-27,PT0015750,LST0015750,AG01601,LOC0018,Multi-Family,2,4.0,5048,16855,1935,482400.0,2026-05-06,Active,,,26,0.0,3,No,Yes,2026-05-06,2026-08-27
UPDATE,2026-08-27T00:00:00,2026-08-27,PT0217243,LST0217243,AG00432,LOC0148,Townhouse,5,2.0,1002,7343,1997,289300.0,2025-10-23,Pending,,,145,120.0,0,No,No,2025-10-23,2026-08-27
UPDATE,2026-08-27T00:00:00,2026-08-27,PT0009614,LST0009614,AG01665,LOC0101,Single Family,2,1.5,2702,9428,2001,1498700.0,2025-08-06,Active,,,64,0.0,1,No,No,2025-08-06,2026-08-27
UPDATE,2026-08-27T00:00:00,2026-08-27,PT0013817,LST0013817,AG00620,LOC0013,Multi-Family,1,2.0,3408,6868,1935,1460100.0,2023-02-16,Pending,,,162,0.0,1,No,Yes,2023-02-16,2026-08-27
UPDATE,2026-08-27T00:00:00,2026-08-27,PT0080483,LST0080483,AG02485,LOC0069,Single Family,6,4.0,1631,11192,1942,319900.0,2026-02-27,Active,,,137,0.0,2,No,Yes,2026-02-27,2026-08-27
UPDATE,2026-08-27T00:00:00,2026-08-27,PT0519876,LST0519876,AG01431,LOC0092,Condo,4,2.5,1994,2001,1907,151800.0,2026-07-17,Active,,,0,573.63,1,No,No,2026-07-17,2026-08-27
UPDATE,2026-08-27T00:00:00,2026-08-27,PT0515784,LST0515784,AG02265,LOC0033,Single Family,6,4.0,300,11760,1918,117200.0,2026-07-13,Sold,114250.94,2026-08-27,45,0.0,3,No,No,2026-07-13,2026-08-27
UPDATE,2026-08-27T00:00:00,2026-08-27,PT0523531,LST0523531,AG02671,LOC0076,Apartment,3,1.0,311,0,1953,29000.0,2026-07-21,Active,,,0,585.37,0,No,No,2026-07-21,2026-08-27
UPDATE,2026-08-27T00:00:00,2026-08-27,PT0516963,LST0516963,AG01764,LOC0200,Single Family,3,4.0,653,1225,1965,89100.0,2026-07-14,Active,,,0,0.0,1,No,Yes,2026-07-14,2026-08-27
UPDATE,2026-08-27T00:00:00,2026-08-27,PT0195811,LST0195811,AG02856,LOC0177,Townhouse,6,3.0,2157,3524,2013,492200.0,2024-12-25,Active,,,162,796.0,2,No,No,2024-12-25,2026-08-27
UPDATE,2026-08-27T00:00:00,2026-08-27,PT0525971,LST0525971,AG01572,LOC0238,Townhouse,5,1.5,832,1726,1972,349100.0,2026-07-23,Active,,,0,635.09,1,No,No,2026-07-23,2026-08-27
UPDATE,2026-08-27T00:00:00,2026-08-27,PT0209272,LST0209272,AG01513,LOC0017,Condo,3,3.5,1313,1519,1939,613200.0,2025-07-07,Pending,,,155,377.0,3,No,No,2025-07-07,2026-08-27
UPDATE,2026-08-27T00:00:00,2026-08-27,PT0532236,LST0532236,AG01775,LOC0241,Single Family,2,2.5,1283,2202,1980,210600.0,2026-07-28,Sold,216582.33,2026-08-27,30,0.0,3,Yes,No,2026-07-28,2026-08-27
UPDATE,2026-08-27T00:00:00,2026-08-27,PT0183984,LST0183984,AG02222,LOC0167,Single Family,5,3.0,1735,3880,1983,639300.0,2023-06-23,Active,,,148,0.0,3,No,Yes,2023-06-23,2026-08-27
UPDATE,2026-08-27T00:00:00,2026-08-27,PT0452630,LST0452630,AG00098,LOC0038,Single Family,1,3.0,651,8512,1990,161600.0,2026-06-06,Active,,,93,0.0,0,No,Yes,2026-06-06,2026-08-27
UPDATE,2026-08-27T00:00:00,2026-08-27,PT0565017,LST0565017,AG00338,LOC0188,Townhouse,4,4.0,915,1872,1910,245800.0,2026-08-26,Active,,,0,596.98,3,No,No,2026-08-26,2026-08-27
UPDATE,2026-08-27T00:00:00,2026-08-27,PT0387247,LST0387247,AG00650,LOC0118,Single Family,5,2.5,2308,1412,2014,591100.0,2024-06-01,Sold,595008.22,2026-08-27,817,0.0,1,No,No,2024-06-01,2026-08-27
UPDATE,2026-08-27T00:00:00,2026-08-27,PT0523538,LST0523538,AG01922,LOC0067,Condo,5,4.0,2511,5124,1972,171300.0,2026-07-21,Pending,,,0,618.87,2,No,No,2026-07-21,2026-08-27
UPDATE,2026-08-27T00:00:00,2026-08-27,PT0047199,LST0047199,AG00391,LOC0071,Townhouse,2,3.5,1809,1316,1908,1254100.0,2023-10-11,Sold,1283849.14,2026-08-27,1051,214.0,3,No,No,2023-10-11,2026-08-27
UPDATE,2026-08-27T00:00:00,2026-08-27,PT0314712,LST0314712,AG01501,LOC0215,Single Family,3,3.0,2756,3547,1901,713600.0,2023-07-30,Pending,,,107,0.0,1,No,No,2023-07-30,2026-08-27
UPDATE,2026-08-27T00:00:00,2026-08-27,PT0557771,LST0557771,AG00960,LOC0156,Land,0,0.0,4912,1773,1983,2293700.0,2026-08-20,Sold,2263843.2,2026-08-27,7,0.0,0,No,No,2026-08-20,2026-08-27
UPDATE,2026-08-27T00:00:00,2026-08-27,PT0475692,LST0475692,AG01537,LOC0152,Condo,6,3.5,1558,6269,1911,334300.0,2025-09-04,Active,,,92,183.0,3,No,No,2025-09-04,2026-08-27
UPDATE,2026-08-27T00:00:00,2026-08-27,PT0017130,LST0017130,AG01220,LOC0165,Single Family,6,1.5,2911,1282,1976,1697500.0,2025-04-18,Pending,,,122,0.0,3,No,No,2025-04-18,2026-08-27
UPDATE,2026-08-27T00:00:00,2026-08-27,PT0056345,LST0056345,AG00603,LOC0132,Apartment,2,3.5,1335,0,1930,299400.0,2024-05-30,Active,,,165,372.0,1,Yes,No,2024-05-30,2026-08-27
UPDATE,2026-08-27T00:00:00,2026-08-27,PT0507574,LST0507574,AG01057,LOC0195,Single Family,1,3.0,1436,4984,1963,182900.0,2026-07-06,Active,,,0,0.0,3,No,No,2026-07-06,2026-08-27
UPDATE,2026-08-27T00:00:00,2026-08-27,PT0406498,LST0406498,AG00934,LOC0080,Multi-Family,5,3.5,4498,8305,2017,2481200.0,2024-06-04,Pending,,,170,0.0,0,No,No,2024-06-04,2026-08-27
UPDATE,2026-08-27T00:00:00,2026-08-27,PT0018732,LST0018732,AG02133,LOC0150,Townhouse,5,3.5,1124,2573,1928,364000.0,2025-10-07,Pending,,,176,108.0,2,No,No,2025-10-07,2026-08-27
UPDATE,2026-08-27T00:00:00,2026-08-27,PT0384952,LST0384952,AG02208,LOC0106,Single Family,4,1.0,1395,6072,1967,681000.0,2024-07-03,Pending,,,5,0.0,3,No,Yes,2024-07-03,2026-08-27
UPDATE,2026-08-27T00:00:00,2026-08-27,PT0029732,LST0029732,AG02177,LOC0033,Apartment,4,3.0,848,0,1979,435500.0,2023-04-07,Sold,415953.44,2026-08-27,1238,338.0,2,No,No,2023-04-07,2026-08-27
UPDATE,2026-08-27T00:00:00,2026-08-27,PT0277136,LST0277136,AG00771,LOC0003,Townhouse,4,4.0,2005,5278,1972,353900.0,2023-10-17,Pending,,,40,107.0,3,No,No,2023-10-17,2026-08-27
UPDATE,2026-08-27T00:00:00,2026-08-27,PT0021621,LST0021621,AG00019,LOC0111,Single Family,5,3.0,1310,3361,1916,163600.0,2025-01-25,Pending,,,165,0.0,3,Yes,Yes,2025-01-25,2026-08-27
UPDATE,2026-08-27T00:00:00,2026-08-27,PT0266411,LST0266411,AG01775,LOC0055,Townhouse,4,1.5,1550,2408,1956,520200.0,2023-01-12,Active,,,99,109.0,2,No,No,2023-01-12,2026-08-27
UPDATE,2026-08-27T00:00:00,2026-08-27,PT0377242,LST0377242,AG02295,LOC0031,Single Family,6,4.0,1779,5871,1906,466200.0,2025-11-21,Active,,,130,0.0,0,Yes,Yes,2025-11-21,2026-08-27
UPDATE,2026-08-27T00:00:00,2026-08-27,PT0239195,LST0239195,AG00741,LOC0213,Single Family,2,3.5,2161,1666,2019,302500.0,2023-10-19,Active,,,88,0.0,2,No,No,2023-10-19,2026-08-27
UPDATE,2026-08-27T00:00:00,2026-08-27,PT0561223,LST0561223,AG01770,LOC0077,Single Family,6,1.0,1111,13884,1915,255800.0,2026-08-23,Sold,236471.51,2026-08-27,4,0.0,3,Yes,No,2026-08-23,2026-08-27
UPDATE,2026-08-27T00:00:00,2026-08-27,PT0076024,LST0076024,AG01144,LOC0079,Land,0,0.0,900,7891,1906,255100.0,2023-11-08,Sold,247751.74,2026-08-27,1023,0.0,0,No,No,2023-11-08,2026-08-27
UPDATE,2026-08-27T00:00:00,2026-08-27,PT0090818,LST0090818,AG00049,LOC0235,Apartment,2,1.5,977,0,1989,659700.0,2024-07-12,Active,,,81,293.0,1,No,No,2024-07-12,2026-08-27
UPDATE,2026-08-27T00:00:00,2026-08-27,PT0128627,LST0128627,AG01255,LOC0233,Single Family,3,4.5,1286,3953,2017,424900.0,2025-08-14,Pending,,,165,0.0,2,Yes,No,2025-08-14,2026-08-27
UPDATE,2026-08-27T00:00:00,2026-08-27,PT0434100,LST0434100,AG02874,LOC0160,Condo,3,1.5,1680,7133,1906,149300.0,2025-07-10,Pending,,,156,237.0,0,No,No,2025-07-10,2026-08-27
UPDATE,2026-08-27T00:00:00,2026-08-27,PT0202532,LST0202532,AG02850,LOC0179,Single Family,4,1.0,2327,6402,2003,610100.0,2024-11-27,Active,,,97,0.0,1,Yes,Yes,2024-11-27,2026-08-27
UPDATE,2026-08-27T00:00:00,2026-08-27,PT0398978,LST0398978,AG02292,LOC0111,Single Family,6,4.5,2417,7055,1994,297300.0,2024-04-30,Sold,272427.04,2026-08-27,849,0.0,2,No,Yes,2024-04-30,2026-08-27
UPDATE,2026-08-27T00:00:00,2026-08-27,PT0291954,LST0291954,AG01070,LOC0021,Land,0,0.0,4824,1059,1941,308200.0,2026-05-27,Sold,271421.24,2026-08-27,92,0.0,0,No,No,2026-05-27,2026-08-27
UPDATE,2026-08-27T00:00:00,2026-08-27,PT0539847,LST0539847,AG00208,LOC0169,Apartment,2,4.5,1158,0,1911,611100.0,2026-08-04,Active,,,0,604.08,2,No,No,2026-08-04,2026-08-27
UPDATE,2026-08-27T00:00:00,2026-08-27,PT0300594,LST0300594,AG00454,LOC0101,Multi-Family,5,1.5,2847,15728,1903,697800.0,2024-11-09,Pending,,,170,0.0,1,No,Yes,2024-11-09,2026-08-27
UPDATE,2026-08-27T00:00:00,2026-08-27,PT0381490,LST0381490,AG01619,LOC0194,Single Family,3,1.0,2116,4215,1959,657400.0,2026-01-02,Pending,,,159,0.0,1,Yes,No,2026-01-02,2026-08-27
UPDATE,2026-08-27T00:00:00,2026-08-27,PT0453892,LST0453892,AG02193,LOC0210,Single Family,5,1.0,2323,4473,1941,824300.0,2025-05-11,Pending,,,13,0.0,2,No,No,2025-05-11,2026-08-27
UPDATE,2026-08-27T00:00:00,2026-08-27,PT0554649,LST0554649,AG02684,LOC0194,Land,0,0.0,5011,2273,2014,2164800.0,2026-08-17,Active,,,0,0.0,0,No,No,2026-08-17,2026-08-27
UPDATE,2026-08-27T00:00:00,2026-08-27,PT0529468,LST0529468,AG00663,LOC0083,Single Family,2,3.5,1679,3239,1917,364600.0,2026-07-26,Pending,,,0,0.0,1,No,Yes,2026-07-26,2026-08-27
UPDATE,2026-08-27T00:00:00,2026-08-27,PT0004461,LST0004461,AG01664,LOC0001,Condo,6,4.5,1487,2184,1933,85600.0,2024-01-23,Pending,,,47,427.0,1,No,No,2024-01-23,2026-08-27
UPDATE,2026-08-27T00:00:00,2026-08-27,PT0084776,LST0084776,AG02560,LOC0244,Condo,6,1.5,2479,1575,2008,352100.0,2025-01-07,Active,,,122,394.0,1,Yes,No,2025-01-07,2026-08-27
UPDATE,2026-08-27T00:00:00,2026-08-27,PT0528324,LST0528324,AG01346,LOC0186,Townhouse,1,3.0,1737,5943,1928,463400.0,2026-07-25,Active,,,0,682.69,2,No,No,2026-07-25,2026-08-27
UPDATE,2026-08-27T00:00:00,2026-08-27,PT0516765,LST0516765,AG02312,LOC0158,Single Family,6,1.0,1872,16883,2015,596800.0,2026-07-14,Pending,,,0,0.0,2,No,No,2026-07-14,2026-08-27
UPDATE,2026-08-27T00:00:00,2026-08-27,PT0347487,LST0347487,AG01174,LOC0161,Single Family,2,1.0,1430,4087,1986,293900.0,2026-06-22,Pending,,,176,0.0,0,No,No,2026-06-22,2026-08-27
UPDATE,2026-08-27T00:00:00,2026-08-27,PT0447237,LST0447237,AG00522,LOC0240,Single Family,5,4.0,3015,1961,1967,940200.0,2023-07-05,Sold,864597.87,2026-08-27,1149,0.0,2,No,Yes,2023-07-05,2026-08-27
UPDATE,2026-08-27T00:00:00,2026-08-27,PT0059912,LST0059912,AG01831,LOC0130,Townhouse,1,1.5,1556,14626,2005,321100.0,2023-07-13,Sold,324617.37,2026-08-27,1141,438.0,2,No,No,2023-07-13,2026-08-27
UPDATE,2026-08-27T00:00:00,2026-08-27,PT0387740,LST0387740,AG01566,LOC0185,Multi-Family,3,1.5,2778,5702,1917,669800.0,2026-02-22,Sold,634040.95,2026-08-27,186,0.0,1,No,Yes,2026-02-22,2026-08-27
UPDATE,2026-08-27T00:00:00,2026-08-27,PT0450103,LST0450103,AG00569,LOC0109,Single Family,4,4.0,300,3024,2001,95100.0,2025-06-16,Active,,,155,0.0,1,Yes,Yes,2025-06-16,2026-08-27
UPDATE,2026-08-27T00:00:00,2026-08-27,PT0373092,LST0373092,AG02439,LOC0148,Single Family,3,4.0,1432,1306,2022,507600.0,2026-05-28,Active,,,125,0.0,2,No,Yes,2026-05-28,2026-08-27
UPDATE,2026-08-27T00:00:00,2026-08-27,PT0518048,LST0518048,AG02287,LOC0150,Single Family,4,2.0,1457,7900,2023,464900.0,2026-07-15,Sold,467459.16,2026-08-27,43,0.0,3,No,No,2026-07-15,2026-08-27
UPDATE,2026-08-27T00:00:00,2026-08-27,PT0509316,LST0509316,AG00285,LOC0247,Townhouse,3,2.5,1064,2645,1954,333300.0,2026-07-08,Pending,,,0,663.46,1,No,No,2026-07-08,2026-08-27
UPDATE,2026-08-27T00:00:00,2026-08-27,PT0234831,LST0234831,AG02419,LOC0059,Townhouse,4,4.0,2013,2800,1986,156200.0,2026-02-05,Sold,146013.16,2026-08-27,203,300.0,1,No,No,2026-02-05,2026-08-27
UPDATE,2026-08-27T00:00:00,2026-08-27,PT0491239,LST0491239,AG02649,LOC0211,Apartment,6,4.0,252,0,2009,107400.0,2024-08-24,Pending,,,22,442.0,1,No,No,2024-08-24,2026-08-27
UPDATE,2026-08-27T00:00:00,2026-08-27,PT0523145,LST0523145,AG00732,LOC0119,Single Family,4,3.0,1967,4755,1947,407000.0,2026-07-21,Pending,,,0,0.0,3,No,Yes,2026-07-21,2026-08-27
UPDATE,2026-08-27T00:00:00,2026-08-27,PT0449984,LST0449984,AG00489,LOC0099,Multi-Family,5,4.5,1718,3265,1982,984500.0,2023-01-12,Pending,,,100,0.0,3,Yes,No,2023-01-12,2026-08-27
UPDATE,2026-08-27T00:00:00,2026-08-27,PT0512444,LST0512444,AG00379,LOC0132,Single Family,3,1.5,1710,3646,1981,393700.0,2026-07-11,Pending,,,0,0.0,3,No,Yes,2026-07-11,2026-08-27
UPDATE,2026-08-27T00:00:00,2026-08-27,PT0519314,LST0519314,AG02757,LOC0117,Townhouse,4,3.0,723,2412,2023,392500.0,2026-07-17,Pending,,,0,488.0,0,Yes,No,2026-07-17,2026-08-27
UPDATE,2026-08-27T00:00:00,2026-08-27,PT0086295,LST0086295,AG02644,LOC0177,Single Family,2,1.5,1536,3177,1922,390000.0,2026-03-16,Pending,,,119,0.0,1,No,No,2026-03-16,2026-08-27
UPDATE,2026-08-27T00:00:00,2026-08-27,PT0403206,LST0403206,AG00482,LOC0216,Single Family,6,4.0,2254,4023,2000,426100.0,2024-02-26,Pending,,,21,0.0,0,No,Yes,2024-02-26,2026-08-27
UPDATE,2026-08-27T00:00:00,2026-08-27,PT0504569,LST0504569,AG01678,LOC0237,Condo,5,3.5,1679,2135,1951,543000.0,2026-07-04,Active,,,0,799.75,2,No,No,2026-07-04,2026-08-27
UPDATE,2026-08-27T00:00:00,2026-08-27,PT0189248,LST0189248,AG00002,LOC0166,Single Family,6,3.0,2643,14178,1971,692000.0,2023-10-18,Active,,,86,0.0,1,No,No,2023-10-18,2026-08-27
UPDATE,2026-08-27T00:00:00,2026-08-27,PT0542586,LST0542586,AG00812,LOC0171,Multi-Family,5,3.0,1283,15522,1985,433000.0,2026-08-06,Active,,,0,0.0,0,No,No,2026-08-06,2026-08-27
UPDATE,2026-08-27T00:00:00,2026-08-27,PT0033983,LST0033983,AG01414,LOC0011,Condo,4,3.5,940,1006,1979,269000.0,2026-05-14,Active,,,18,604.0,3,Yes,No,2026-05-14,2026-08-27
UPDATE,2026-08-27T00:00:00,2026-08-27,PT0230237,LST0230237,AG02321,LOC0079,Single Family,2,1.0,3019,4600,1964,614200.0,2025-08-25,Active,,,103,0.0,0,No,Yes,2025-08-25,2026-08-27
UPDATE,2026-08-27T00:00:00,2026-08-27,PT0095675,LST0095675,AG00378,LOC0061,Condo,5,4.0,3109,1266,1967,99500.0,2025-04-17,Pending,,,4,148.0,2,No,No,2025-04-17,2026-08-27
UPDATE,2026-08-27T00:00:00,2026-08-27,PT0137563,LST0137563,AG01973,LOC0160,Condo,2,4.0,1831,8390,2005,466300.0,2025-05-11,Pending,,,135,177.0,3,No,No,2025-05-11,2026-08-27
UPDATE,2026-08-27T00:00:00,2026-08-27,PT0322332,LST0322332,AG02676,LOC0132,Townhouse,5,1.5,2184,2886,1991,337300.0,2024-08-04,Sold,303479.18,2026-08-27,753,69.0,0,Yes,No,2024-08-04,2026-08-27
UPDATE,2026-08-27T00:00:00,2026-08-27,PT0491221,LST0491221,AG00889,LOC0056,Single Family,2,1.0,2753,2919,1952,1472500.0,2025-11-19,Pending,,,117,0.0,1,No,Yes,2025-11-19,2026-08-27
UPDATE,2026-08-27T00:00:00,2026-08-27,PT0375486,LST0375486,AG00161,LOC0023,Single Family,5,2.0,3568,1018,1927,739000.0,2026-04-24,Pending,,,27,0.0,2,No,No,2026-04-24,2026-08-27
UPDATE,2026-08-27T00:00:00,2026-08-27,PT0461956,LST0461956,AG02713,LOC0012,Single Family,1,4.5,2539,5074,1937,1231100.0,2023-08-19,Pending,,,26,0.0,0,No,No,2023-08-19,2026-08-27
UPDATE,2026-08-27T00:00:00,2026-08-27,PT0248150,LST0248150,AG00712,LOC0073,Single Family,2,2.5,1707,2485,1905,395500.0,2026-03-28,Pending,,,89,0.0,2,No,Yes,2026-03-28,2026-08-27
UPDATE,2026-08-27T00:00:00,2026-08-27,PT0181529,LST0181529,AG02089,LOC0248,Condo,1,1.5,1688,4152,1910,311300.0,2023-07-06,Active,,,157,712.0,1,No,No,2023-07-06,2026-08-27
UPDATE,2026-08-27T00:00:00,2026-08-27,PT0359895,LST0359895,AG02948,LOC0131,Single Family,5,2.0,2551,3386,2003,465200.0,2023-12-10,Pending,,,33,0.0,0,Yes,Yes,2023-12-10,2026-08-27
UPDATE,2026-08-27T00:00:00,2026-08-27,PT0107430,LST0107430,AG02783,LOC0047,Single Family,5,4.0,1178,1699,1965,419700.0,2024-02-03,Active,,,73,0.0,1,No,Yes,2024-02-03,2026-08-27
UPDATE,2026-08-27T00:00:00,2026-08-27,PT0093871,LST0093871,AG02487,LOC0096,Single Family,4,4.0,1405,4147,1932,401100.0,2024-02-14,Pending,,,89,0.0,1,No,No,2024-02-14,2026-08-27
UPDATE,2026-08-27T00:00:00,2026-08-27,PT0066952,LST0066952,AG01279,LOC0049,Condo,3,2.0,1524,3952,1946,318600.0,2023-07-28,Sold,312172.27,2026-08-27,1126,412.0,2,No,No,2023-07-28,2026-08-27
UPDATE,2026-08-27T00:00:00,2026-08-27,PT0396262,LST0396262,AG02376,LOC0160,Single Family,3,1.0,2447,2901,1986,523800.0,2023-02-14,Active,,,169,0.0,2,Yes,Yes,2023-02-14,2026-08-27
UPDATE,2026-08-27T00:00:00,2026-08-27,PT0359119,LST0359119,AG00082,LOC0222,Multi-Family,4,2.5,1219,1569,1975,335600.0,2024-05-17,Active,,,110,0.0,1,No,Yes,2024-05-17,2026-08-27
UPDATE,2026-08-27T00:00:00,2026-08-27,PT0543804,LST0543804,AG00580,LOC0062,Single Family,3,4.0,300,3145,1930,96200.0,2026-08-08,Active,,,0,0.0,1,No,Yes,2026-08-08,2026-08-27
UPDATE,2026-08-27T00:00:00,2026-08-27,PT0436979,LST0436979,AG00685,LOC0099,Single Family,5,2.5,1259,2199,1913,553500.0,2025-02-23,Sold,525684.87,2026-08-27,550,0.0,2,No,Yes,2025-02-23,2026-08-27
UPDATE,2026-08-27T00:00:00,2026-08-27,PT0253229,LST0253229,AG00369,LOC0216,Single Family,4,2.5,1170,6661,1928,298200.0,2024-06-02,Pending,,,8,0.0,2,No,No,2024-06-02,2026-08-27
UPDATE,2026-08-27T00:00:00,2026-08-27,PT0179767,LST0179767,AG00696,LOC0013,Townhouse,3,4.0,807,5668,1913,193800.0,2023-01-31,Active,,,37,144.0,2,No,No,2023-01-31,2026-08-27
UPDATE,2026-08-27T00:00:00,2026-08-27,PT0445029,LST0445029,AG00519,LOC0109,Land,0,0.0,5067,5785,1963,2882900.0,2025-05-21,Sold,2925085.97,2026-08-27,463,0.0,0,No,No,2025-05-21,2026-08-27
UPDATE,2026-08-27T00:00:00,2026-08-27,PT0302620,LST0302620,AG02719,LOC0184,Townhouse,5,2.5,1663,7080,1943,767400.0,2023-09-06,Sold,724219.5,2026-08-27,1086,261.0,2,Yes,No,2023-09-06,2026-08-27
UPDATE,2026-08-27T00:00:00,2026-08-27,PT0553474,LST0553474,AG00994,LOC0047,Apartment,3,4.5,1812,0,1941,586600.0,2026-08-16,Sold,551099.85,2026-08-27,11,159.57,3,No,No,2026-08-16,2026-08-27
UPDATE,2026-08-27T00:00:00,2026-08-27,PT0135384,LST0135384,AG02500,LOC0072,Condo,1,3.0,989,1452,1919,80400.0,2023-09-30,Pending,,,12,349.0,2,No,No,2023-09-30,2026-08-27
UPDATE,2026-08-27T00:00:00,2026-08-27,PT0444574,LST0444574,AG00231,LOC0053,Single Family,2,2.5,1164,4693,1999,368300.0,2025-07-31,Pending,,,147,0.0,1,No,Yes,2025-07-31,2026-08-27
UPDATE,2026-08-27T00:00:00,2026-08-27,PT0442766,LST0442766,AG00014,LOC0203,Townhouse,4,1.0,2441,2185,1955,363800.0,2025-11-14,Pending,,,45,257.0,0,Yes,No,2025-11-14,2026-08-27
UPDATE,2026-08-27T00:00:00,2026-08-27,PT0022216,LST0022216,AG00934,LOC0070,Single Family,3,1.0,1974,2732,1993,391200.0,2024-01-05,Active,,,33,0.0,3,No,No,2024-01-05,2026-08-27
UPDATE,2026-08-27T00:00:00,2026-08-27,PT0269358,LST0269358,AG02831,LOC0194,Townhouse,3,4.5,2198,1007,1971,840700.0,2024-10-15,Pending,,,176,639.0,1,No,No,2024-10-15,2026-08-27
UPDATE,2026-08-27T00:00:00,2026-08-27,PT0370442,LST0370442,AG00962,LOC0094,Condo,3,3.5,899,2943,1972,255500.0,2024-01-28,Active,,,171,645.0,3,No,No,2024-01-28,2026-08-27
UPDATE,2026-08-27T00:00:00,2026-08-27,PT0334437,LST0334437,AG00944,LOC0178,Single Family,3,4.0,1500,6777,1972,163700.0,2023-09-18,Sold,158868.92,2026-08-27,1074,0.0,0,Yes,Yes,2023-09-18,2026-08-27
UPDATE,2026-08-27T00:00:00,2026-08-27,PT0279266,LST0279266,AG02356,LOC0186,Multi-Family,4,4.0,3235,4042,1926,1215400.0,2023-08-11,Active,,,29,0.0,3,No,Yes,2023-08-11,2026-08-27
UPDATE,2026-08-27T00:00:00,2026-08-27,PT0435662,LST0435662,AG02803,LOC0129,Condo,6,4.0,2146,2580,2002,867000.0,2026-02-19,Pending,,,120,331.0,1,Yes,No,2026-02-19,2026-08-27
UPDATE,2026-08-27T00:00:00,2026-08-27,PT0507360,LST0507360,AG01735,LOC0019,Condo,2,4.5,2282,2468,1914,281300.0,2026-07-06,Pending,,,0,555.57,0,No,No,2026-07-06,2026-08-27
UPDATE,2026-08-27T00:00:00,2026-08-27,PT0529438,LST0529438,AG00095,LOC0053,Townhouse,6,3.5,1407,2202,1940,183400.0,2026-07-26,Pending,,,0,653.7,1,No,No,2026-07-26,2026-08-27
UPDATE,2026-08-27T00:00:00,2026-08-27,PT0172746,LST0172746,AG02727,LOC0221,Single Family,2,3.5,3005,1148,1981,187500.0,2024-08-31,Sold,178010.08,2026-08-27,726,0.0,2,No,Yes,2024-08-31,2026-08-27
UPDATE,2026-08-27T00:00:00,2026-08-27,PT0383755,LST0383755,AG02870,LOC0154,Single Family,4,2.0,1132,7921,1925,60300.0,2024-05-07,Pending,,,67,0.0,3,No,Yes,2024-05-07,2026-08-27
UPDATE,2026-08-27T00:00:00,2026-08-27,PT0027892,LST0027892,AG00199,LOC0111,Townhouse,3,4.5,2573,1660,1946,609900.0,2025-04-22,Pending,,,100,755.0,1,Yes,No,2025-04-22,2026-08-27
UPDATE,2026-08-27T00:00:00,2026-08-27,PT0093647,LST0093647,AG00404,LOC0084,Condo,1,3.5,1577,9961,1937,249000.0,2023-03-26,Pending,,,110,408.0,3,No,No,2023-03-26,2026-08-27
UPDATE,2026-08-27T00:00:00,2026-08-27,PT0234924,LST0234924,AG01928,LOC0077,Condo,2,1.5,1395,1435,1924,436800.0,2023-07-31,Sold,427681.17,2026-08-27,1123,187.0,1,No,No,2023-07-31,2026-08-27
UPDATE,2026-08-27T00:00:00,2026-08-27,PT0555905,LST0555905,AG00512,LOC0211,Condo,6,2.5,1206,3557,1952,608100.0,2026-08-19,Active,,,0,611.02,2,No,No,2026-08-19,2026-08-27
UPDATE,2026-08-27T00:00:00,2026-08-27,PT0272493,LST0272493,AG01344,LOC0085,Townhouse,4,4.0,2541,18890,2011,504900.0,2023-04-04,Sold,470697.52,2026-08-27,1241,521.0,3,Yes,No,2023-04-04,2026-08-27
UPDATE,2026-08-27T00:00:00,2026-08-27,PT0539138,LST0539138,AG02612,LOC0114,Condo,3,3.0,2554,1419,1998,500200.0,2026-08-03,Active,,,0,162.07,1,No,No,2026-08-03,2026-08-27
UPDATE,2026-08-27T00:00:00,2026-08-27,PT0416945,LST0416945,AG01659,LOC0007,Condo,1,1.0,1118,5536,1961,107800.0,2023-08-23,Active,,,16,500.0,0,No,No,2023-08-23,2026-08-27
UPDATE,2026-08-27T00:00:00,2026-08-27,PT0436873,LST0436873,AG00609,LOC0221,Single Family,1,2.0,2562,11494,1964,849900.0,2025-03-31,Pending,,,17,0.0,2,No,No,2025-03-31,2026-08-27
UPDATE,2026-08-27T00:00:00,2026-08-27,PT0094981,LST0094981,AG01602,LOC0229,Single Family,5,3.0,1249,6347,1903,129800.0,2023-08-22,Pending,,,121,0.0,1,No,No,2023-08-22,2026-08-27
UPDATE,2026-08-27T00:00:00,2026-08-27,PT0383039,LST0383039,AG02674,LOC0147,Condo,4,4.0,3039,2463,1960,534200.0,2026-03-28,Pending,,,32,452.0,3,No,No,2026-03-28,2026-08-27
UPDATE,2026-08-27T00:00:00,2026-08-27,PT0017322,LST0017322,AG02938,LOC0182,Single Family,4,2.5,2243,1046,1925,131600.0,2024-01-10,Pending,,,18,0.0,0,No,No,2024-01-10,2026-08-27
UPDATE,2026-08-27T00:00:00,2026-08-27,PT0016781,LST0016781,AG01984,LOC0113,Single Family,1,2.5,1725,4416,1954,696200.0,2026-02-27,Sold,644633.3,2026-08-27,181,0.0,1,No,Yes,2026-02-27,2026-08-27
UPDATE,2026-08-27T00:00:00,2026-08-27,PT0534803,LST0534803,AG02425,LOC0069,Single Family,2,1.0,555,1171,1981,76300.0,2026-07-30,Pending,,,0,0.0,2,No,No,2026-07-30,2026-08-27
UPDATE,2026-08-27T00:00:00,2026-08-27,PT0196894,LST0196894,AG01844,LOC0191,Single Family,5,1.0,2509,1208,1945,1150600.0,2024-02-15,Pending,,,76,0.0,2,No,No,2024-02-15,2026-08-27
UPDATE,2026-08-27T00:00:00,2026-08-27,PT0192634,LST0192634,AG01810,LOC0232,Condo,4,1.0,1727,3805,1939,216200.0,2024-01-18,Pending,,,17,375.0,1,No,No,2024-01-18,2026-08-27
UPDATE,2026-08-27T00:00:00,2026-08-27,PT0281093,LST0281093,AG00043,LOC0134,Single Family,1,1.0,2569,4700,1912,875700.0,2023-02-21,Pending,,,151,0.0,0,No,Yes,2023-02-21,2026-08-27
UPDATE,2026-08-27T00:00:00,2026-08-27,PT0531159,LST0531159,AG02928,LOC0237,Condo,3,3.5,1218,1369,2019,314000.0,2026-07-28,Pending,,,0,62.83,0,No,No,2026-07-28,2026-08-27
UPDATE,2026-08-27T00:00:00,2026-08-27,PT0547543,LST0547543,AG01255,LOC0012,Single Family,2,4.0,1938,3879,2008,1117600.0,2026-08-11,Active,,,0,0.0,1,No,No,2026-08-11,2026-08-27
UPDATE,2026-08-27T00:00:00,2026-08-27,PT0151590,LST0151590,AG02029,LOC0023,Apartment,3,1.0,1485,0,1907,300500.0,2024-04-24,Sold,289992.18,2026-08-27,855,407.0,3,No,No,2024-04-24,2026-08-27
UPDATE,2026-08-27T00:00:00,2026-08-27,PT0429420,LST0429420,AG02134,LOC0037,Townhouse,5,1.0,1357,4789,1998,473300.0,2025-05-21,Pending,,,38,114.0,3,No,No,2025-05-21,2026-08-27
UPDATE,2026-08-27T00:00:00,2026-08-27,PT0215144,LST0215144,AG01182,LOC0033,Single Family,4,1.5,1869,3703,2009,648500.0,2025-03-18,Active,,,72,0.0,2,No,No,2025-03-18,2026-08-27
UPDATE,2026-08-27T00:00:00,2026-08-27,PT0476536,LST0476536,AG01163,LOC0158,Single Family,6,2.5,1582,16478,1971,614700.0,2025-11-15,Pending,,,167,0.0,1,Yes,Yes,2025-11-15,2026-08-27
UPDATE,2026-08-27T00:00:00,2026-08-27,PT0515580,LST0515580,AG00872,LOC0117,Condo,4,3.5,2290,1663,1909,430500.0,2026-07-13,Active,,,0,84.67,3,No,No,2026-07-13,2026-08-27
UPDATE,2026-08-27T00:00:00,2026-08-27,PT0112232,LST0112232,AG02571,LOC0107,Single Family,2,1.0,1732,1708,1987,535600.0,2023-07-26,Sold,541803.24,2026-08-27,1128,0.0,1,No,Yes,2023-07-26,2026-08-27
UPDATE,2026-08-27T00:00:00,2026-08-27,PT0174895,LST0174895,AG01007,LOC0056,Condo,2,2.0,1680,7658,1929,752200.0,2025-08-14,Active,,,154,463.0,2,No,No,2025-08-14,2026-08-27
UPDATE,2026-08-27T00:00:00,2026-08-27,PT0071725,LST0071725,AG01491,LOC0105,Multi-Family,6,4.5,4360,1114,1962,199400.0,2024-02-29,Pending,,,176,0.0,2,No,No,2024-02-29,2026-08-27
UPDATE,2026-08-27T00:00:00,2026-08-27,PT0554458,LST0554458,AG00631,LOC0095,Single Family,5,1.0,2860,4280,1985,798600.0,2026-08-17,Active,,,0,0.0,1,No,Yes,2026-08-17,2026-08-27
UPDATE,2026-08-27T00:00:00,2026-08-27,PT0524063,LST0524063,AG01184,LOC0192,Apartment,3,1.0,569,0,2008,104700.0,2026-07-21,Active,,,0,654.92,1,No,No,2026-07-21,2026-08-27
UPDATE,2026-08-27T00:00:00,2026-08-27,PT0114636,LST0114636,AG01810,LOC0101,Apartment,2,1.0,1127,0,1981,460300.0,2026-06-10,Pending,,,1,117.0,3,No,No,2026-06-10,2026-08-27
UPDATE,2026-08-27T00:00:00,2026-08-27,PT0315262,LST0315262,AG02719,LOC0208,Townhouse,5,4.5,1152,1027,2000,353200.0,2024-04-12,Pending,,,18,399.0,0,No,No,2024-04-12,2026-08-27
UPDATE,2026-08-27T00:00:00,2026-08-27,PT0457966,LST0457966,AG01112,LOC0208,Single Family,2,3.5,1985,4762,1994,640100.0,2024-02-16,Active,,,72,0.0,0,No,Yes,2024-02-16,2026-08-27
UPDATE,2026-08-27T00:00:00,2026-08-27,PT0325755,LST0325755,AG00784,LOC0213,Condo,1,2.0,1445,4157,1923,210700.0,2025-03-03,Active,,,19,672.0,0,No,No,2025-03-03,2026-08-27
UPDATE,2026-08-27T00:00:00,2026-08-27,PT0453497,LST0453497,AG02493,LOC0139,Condo,5,3.0,1060,9122,1945,427600.0,2026-06-03,Pending,,,70,657.0,1,No,No,2026-06-03,2026-08-27
UPDATE,2026-08-27T00:00:00,2026-08-27,PT0361461,LST0361461,AG00149,LOC0129,Condo,6,2.5,994,1125,1919,310600.0,2026-03-20,Active,,,49,225.0,2,No,No,2026-03-20,2026-08-27
UPDATE,2026-08-27T00:00:00,2026-08-27,PT0514813,LST0514813,AG00813,LOC0069,Land,0,0.0,1988,5931,2022,271400.0,2026-07-13,Active,,,0,0.0,0,No,No,2026-07-13,2026-08-27
UPDATE,2026-08-27T00:00:00,2026-08-27,PT0519433,LST0519433,AG02074,LOC0168,Condo,6,4.5,2203,3506,2014,773300.0,2026-07-17,Sold,699071.03,2026-08-27,41,88.79,2,No,No,2026-07-17,2026-08-27
UPDATE,2026-08-27T00:00:00,2026-08-27,PT0102996,LST0102996,AG00973,LOC0093,Single Family,1,4.5,907,1800,2021,283500.0,2023-05-18,Active,,,33,0.0,0,No,No,2023-05-18,2026-08-27
UPDATE,2026-08-27T00:00:00,2026-08-27,PT0510567,LST0510567,AG02895,LOC0083,Multi-Family,1,2.5,1241,2564,1913,400400.0,2026-07-09,Active,,,0,0.0,1,No,Yes,2026-07-09,2026-08-27
UPDATE,2026-08-27T00:00:00,2026-08-27,PT0186165,LST0186165,AG01737,LOC0197,Apartment,5,2.0,1356,0,1954,516200.0,2026-03-29,Sold,553620.97,2026-08-27,151,331.0,3,No,No,2026-03-29,2026-08-27
UPDATE,2026-08-27T00:00:00,2026-08-27,PT0498949,LST0498949,AG01158,LOC0127,Apartment,6,2.0,1735,0,1909,784000.0,2025-11-26,Pending,,,107,777.0,0,No,No,2025-11-26,2026-08-27
UPDATE,2026-08-27T00:00:00,2026-08-27,PT0126371,LST0126371,AG01979,LOC0187,Condo,6,2.0,789,13601,1995,338100.0,2023-08-18,Pending,,,145,373.0,1,No,No,2023-08-18,2026-08-27
UPDATE,2026-08-27T00:00:00,2026-08-27,PT0517431,LST0517431,AG00641,LOC0066,Townhouse,5,3.5,300,1714,1947,43300.0,2026-07-15,Pending,,,0,53.34,0,No,No,2026-07-15,2026-08-27
UPDATE,2026-08-27T00:00:00,2026-08-27,PT0445364,LST0445364,AG01351,LOC0213,Apartment,2,3.0,1184,0,1947,231500.0,2025-07-26,Pending,,,33,377.0,2,No,No,2025-07-26,2026-08-27
UPDATE,2026-08-27T00:00:00,2026-08-27,PT0557009,LST0557009,AG01595,LOC0197,Townhouse,4,3.5,2192,7676,1925,858600.0,2026-08-20,Sold,856821.87,2026-08-27,7,292.95,2,No,No,2026-08-20,2026-08-27
UPDATE,2026-08-27T00:00:00,2026-08-27,PT0491441,LST0491441,AG00691,LOC0154,Single Family,6,3.0,2083,2637,2016,427600.0,2024-02-17,Pending,,,131,0.0,1,No,No,2024-02-17,2026-08-27
UPDATE,2026-08-27T00:00:00,2026-08-27,PT0017443,LST0017443,AG00485,LOC0175,Condo,2,3.0,1653,7870,1924,573800.0,2026-02-02,Pending,,,40,56.0,1,No,No,2026-02-02,2026-08-27
UPDATE,2026-08-27T00:00:00,2026-08-27,PT0370071,LST0370071,AG00892,LOC0010,Single Family,5,1.0,1309,5382,1924,390600.0,2023-11-14,Pending,,,46,0.0,3,No,No,2023-11-14,2026-08-27
UPDATE,2026-08-27T00:00:00,2026-08-27,PT0552184,LST0552184,AG00073,LOC0185,Townhouse,1,3.5,1035,3243,2020,297900.0,2026-08-15,Sold,270720.8,2026-08-27,12,255.56,0,No,No,2026-08-15,2026-08-27
UPDATE,2026-08-27T00:00:00,2026-08-27,PT0386608,LST0386608,AG01090,LOC0194,Multi-Family,6,1.0,3799,1883,2002,2216800.0,2026-06-21,Active,,,178,0.0,2,No,Yes,2026-06-21,2026-08-27
UPDATE,2026-08-27T00:00:00,2026-08-27,PT0221388,LST0221388,AG01275,LOC0046,Single Family,4,2.0,2328,2893,1960,784000.0,2023-01-11,Active,,,14,0.0,1,No,Yes,2023-01-11,2026-08-27
UPDATE,2026-08-27T00:00:00,2026-08-27,PT0375803,LST0375803,AG02138,LOC0094,Multi-Family,1,4.5,1581,19222,1928,651500.0,2025-04-12,Active,,,6,0.0,1,No,No,2025-04-12,2026-08-27
UPDATE,2026-08-27T00:00:00,2026-08-27,PT0028643,LST0028643,AG00884,LOC0075,Townhouse,1,4.5,1209,1391,1987,391500.0,2024-01-25,Active,,,60,621.0,3,No,No,2024-01-25,2026-08-27
UPDATE,2026-08-27T00:00:00,2026-08-27,PT0502275,LST0502275,AG00734,LOC0053,Single Family,2,4.0,2351,3964,1978,936300.0,2026-07-02,Active,,,0,0.0,3,No,Yes,2026-07-02,2026-08-27
UPDATE,2026-08-27T00:00:00,2026-08-27,PT0512996,LST0512996,AG00469,LOC0032,Single Family,6,4.0,1380,3876,1980,195100.0,2026-07-11,Active,,,0,0.0,1,No,Yes,2026-07-11,2026-08-27
UPDATE,2026-08-27T00:00:00,2026-08-27,PT0541781,LST0541781,AG02746,LOC0202,Multi-Family,3,4.0,2828,4854,1958,924900.0,2026-08-05,Active,,,0,0.0,1,Yes,Yes,2026-08-05,2026-08-27
UPDATE,2026-08-27T00:00:00,2026-08-27,PT0508928,LST0508928,AG01605,LOC0156,Condo,2,2.0,2771,1389,1901,1359800.0,2026-07-08,Pending,,,0,179.1,0,Yes,No,2026-07-08,2026-08-27
UPDATE,2026-08-27T00:00:00,2026-08-27,PT0465529,LST0465529,AG01976,LOC0069,Single Family,1,2.0,2268,1627,2015,594100.0,2024-10-12,Active,,,3,0.0,1,No,No,2024-10-12,2026-08-27
UPDATE,2026-08-27T00:00:00,2026-08-27,PT0513799,LST0513799,AG02008,LOC0069,Condo,3,4.0,1977,2167,1958,440000.0,2026-07-12,Pending,,,0,306.27,1,No,No,2026-07-12,2026-08-27
UPDATE,2026-08-27T00:00:00,2026-08-27,PT0057646,LST0057646,AG01768,LOC0170,Single Family,2,4.0,2234,1106,1978,767600.0,2024-12-14,Pending,,,27,0.0,3,No,Yes,2024-12-14,2026-08-27
UPDATE,2026-08-27T00:00:00,2026-08-27,PT0068420,LST0068420,AG02991,LOC0136,Townhouse,5,1.0,1654,5185,1932,404600.0,2025-06-24,Active,,,53,199.0,3,No,No,2025-06-24,2026-08-27
UPDATE,2026-08-27T00:00:00,2026-08-27,PT0352808,LST0352808,AG02696,LOC0177,Single Family,5,1.5,1139,1707,1914,368400.0,2023-09-20,Pending,,,47,0.0,3,No,No,2023-09-20,2026-08-27
UPDATE,2026-08-27T00:00:00,2026-08-27,PT0196095,LST0196095,AG01283,LOC0045,Single Family,5,1.0,2040,5109,1976,933000.0,2025-02-07,Pending,,,164,0.0,2,No,Yes,2025-02-07,2026-08-27
UPDATE,2026-08-27T00:00:00,2026-08-27,PT0542619,LST0542619,AG01423,LOC0156,Condo,2,3.5,1182,4388,1945,680400.0,2026-08-06,Sold,650852.05,2026-08-27,21,232.14,2,No,No,2026-08-06,2026-08-27
UPDATE,2026-08-27T00:00:00,2026-08-27,PT0070585,LST0070585,AG00169,LOC0193,Condo,3,3.5,2857,5096,2007,779800.0,2025-05-25,Active,,,58,352.0,3,No,No,2025-05-25,2026-08-27
UPDATE,2026-08-27T00:00:00,2026-08-27,PT0536952,LST0536952,AG02547,LOC0099,Single Family,3,1.5,1428,9966,1985,664000.0,2026-08-01,Active,,,0,0.0,2,No,No,2026-08-01,2026-08-27
UPDATE,2026-08-27T00:00:00,2026-08-27,PT0298884,LST0298884,AG02575,LOC0083,Single Family,3,2.0,1907,11274,1973,716900.0,2023-09-15,Active,,,13,0.0,1,No,Yes,2023-09-15,2026-08-27
UPDATE,2026-08-27T00:00:00,2026-08-27,PT0399429,LST0399429,AG00725,LOC0130,Single Family,1,3.5,1055,2471,2015,293200.0,2025-12-23,Pending,,,29,0.0,0,No,No,2025-12-23,2026-08-27
UPDATE,2026-08-27T00:00:00,2026-08-27,PT0557192,LST0557192,AG02741,LOC0217,Apartment,4,1.5,788,0,1933,125800.0,2026-08-20,Sold,114434.3,2026-08-27,7,215.86,1,No,No,2026-08-20,2026-08-27
UPDATE,2026-08-27T00:00:00,2026-08-27,PT0196881,LST0196881,AG00517,LOC0150,Condo,2,1.5,1694,1523,1916,420500.0,2026-05-02,Sold,429410.48,2026-08-27,117,608.0,2,Yes,No,2026-05-02,2026-08-27
UPDATE,2026-08-27T00:00:00,2026-08-27,PT0067041,LST0067041,AG00084,LOC0188,Single Family,1,4.0,2422,3923,1955,648300.0,2025-01-23,Pending,,,92,0.0,0,No,Yes,2025-01-23,2026-08-27
UPDATE,2026-08-27T00:00:00,2026-08-27,PT0517766,LST0517766,AG00173,LOC0191,Condo,1,4.0,1712,4120,1914,754800.0,2026-07-15,Active,,,0,255.64,0,No,No,2026-07-15,2026-08-27
UPDATE,2026-08-27T00:00:00,2026-08-27,PT0555601,LST0555601,AG02287,LOC0094,Condo,2,2.5,300,1423,1999,83500.0,2026-08-18,Active,,,0,717.54,1,No,No,2026-08-18,2026-08-27
UPDATE,2026-08-27T00:00:00,2026-08-27,PT0416320,LST0416320,AG01671,LOC0099,Single Family,6,1.5,329,4913,2025,142000.0,2025-03-26,Pending,,,82,0.0,2,No,Yes,2025-03-26,2026-08-27
UPDATE,2026-08-27T00:00:00,2026-08-27,PT0559697,LST0559697,AG01686,LOC0193,Condo,2,2.0,1313,3592,1981,175400.0,2026-08-22,Active,,,0,236.29,1,No,No,2026-08-22,2026-08-27
UPDATE,2026-08-27T00:00:00,2026-08-27,PT0421207,LST0421207,AG01171,LOC0094,Condo,1,4.0,2185,1346,1947,266300.0,2025-02-15,Pending,,,7,86.0,0,No,No,2025-02-15,2026-08-27
UPDATE,2026-08-27T00:00:00,2026-08-27,PT0092275,LST0092275,AG00573,LOC0055,Townhouse,5,4.0,2762,1124,1979,496500.0,2023-07-18,Active,,,17,767.0,3,No,No,2023-07-18,2026-08-27
UPDATE,2026-08-27T00:00:00,2026-08-27,PT0526321,LST0526321,AG00111,LOC0016,Condo,4,3.0,2149,6253,2011,358500.0,2026-07-23,Active,,,0,603.63,1,No,No,2026-07-23,2026-08-27
UPDATE,2026-08-27T00:00:00,2026-08-27,PT0393700,LST0393700,AG02214,LOC0186,Land,0,0.0,4651,6588,1991,882700.0,2023-10-02,Sold,734696.18,2026-08-27,1060,0.0,0,No,No,2023-10-02,2026-08-27
UPDATE,2026-08-27T00:00:00,2026-08-27,PT0451166,LST0451166,AG02430,LOC0180,Apartment,5,3.5,800,0,1990,162400.0,2025-01-30,Active,,,95,547.0,2,No,No,2025-01-30,2026-08-27
UPDATE,2026-08-27T00:00:00,2026-08-27,PT0235004,LST0235004,AG02261,LOC0208,Townhouse,6,2.5,2160,18702,2015,417800.0,2023-12-09,Sold,412405.04,2026-08-27,992,719.0,2,No,No,2023-12-09,2026-08-27
UPDATE,2026-08-27T00:00:00,2026-08-27,PT0134602,LST0134602,AG01392,LOC0159,Condo,2,4.5,1795,1010,1940,411700.0,2026-01-04,Pending,,,136,100.0,3,No,No,2026-01-04,2026-08-27
UPDATE,2026-08-27T00:00:00,2026-08-27,PT0479295,LST0479295,AG01308,LOC0166,Land,0,0.0,4727,4368,1949,1274900.0,2025-03-11,Pending,,,27,0.0,0,No,No,2025-03-11,2026-08-27
UPDATE,2026-08-27T00:00:00,2026-08-27,PT0199636,LST0199636,AG01783,LOC0049,Single Family,2,3.5,1616,1317,1913,549300.0,2023-12-28,Active,,,25,0.0,2,Yes,Yes,2023-12-28,2026-08-27
UPDATE,2026-08-27T00:00:00,2026-08-27,PT0322324,LST0322324,AG01785,LOC0225,Land,0,0.0,8639,13548,1905,3332700.0,2026-06-20,Pending,,,68,0.0,0,No,No,2026-06-20,2026-08-27
UPDATE,2026-08-27T00:00:00,2026-08-27,PT0408308,LST0408308,AG01820,LOC0041,Apartment,3,2.5,837,0,1994,198000.0,2023-05-14,Sold,197550.6,2026-08-27,1201,768.0,3,No,No,2023-05-14,2026-08-27
UPDATE,2026-08-27T00:00:00,2026-08-27,PT0280667,LST0280667,AG01171,LOC0142,Single Family,4,4.0,1882,1307,1904,369500.0,2024-10-04,Sold,330650.56,2026-08-27,692,0.0,3,No,Yes,2024-10-04,2026-08-27
UPDATE,2026-08-27T00:00:00,2026-08-27,PT0120570,LST0120570,AG00795,LOC0028,Condo,6,3.0,2248,3294,1903,136500.0,2024-04-13,Pending,,,72,196.0,1,No,No,2024-04-13,2026-08-27
UPDATE,2026-08-27T00:00:00,2026-08-27,PT0427792,LST0427792,AG01511,LOC0149,Single Family,1,1.5,665,1093,2002,139900.0,2026-05-16,Sold,145186.11,2026-08-27,103,0.0,0,Yes,Yes,2026-05-16,2026-08-27
UPDATE,2026-08-27T00:00:00,2026-08-27,PT0088783,LST0088783,AG00929,LOC0208,Single Family,3,4.0,1832,2592,2017,352500.0,2024-12-02,Pending,,,118,0.0,3,No,No,2024-12-02,2026-08-27
UPDATE,2026-08-27T00:00:00,2026-08-27,PT0507936,LST0507936,AG01029,LOC0217,Single Family,4,2.5,1268,7881,1962,181300.0,2026-07-07,Active,,,0,0.0,3,Yes,No,2026-07-07,2026-08-27
UPDATE,2026-08-27T00:00:00,2026-08-27,PT0097553,LST0097553,AG02044,LOC0112,Condo,4,4.5,2494,1906,1954,221400.0,2025-05-21,Active,,,108,228.0,2,No,No,2025-05-21,2026-08-27
UPDATE,2026-08-27T00:00:00,2026-08-27,PT0496465,LST0496465,AG02953,LOC0032,Single Family,3,1.5,768,11623,1975,158500.0,2023-01-16,Sold,162939.02,2026-08-27,1319,0.0,1,No,Yes,2023-01-16,2026-08-27
UPDATE,2026-08-27T00:00:00,2026-08-27,PT0101908,LST0101908,AG01679,LOC0076,Single Family,5,3.5,1675,2425,1922,329600.0,2024-01-05,Sold,334114.85,2026-08-27,965,0.0,2,No,Yes,2024-01-05,2026-08-27
UPDATE,2026-08-27T00:00:00,2026-08-27,PT0179651,LST0179651,AG00685,LOC0083,Condo,3,1.5,2322,3651,1925,370800.0,2025-12-30,Active,,,112,299.0,3,No,No,2025-12-30,2026-08-27
UPDATE,2026-08-27T00:00:00,2026-08-27,PT0556642,LST0556642,AG01936,LOC0110,Single Family,1,4.5,1582,5542,1924,447200.0,2026-08-19,Pending,,,0,0.0,0,No,No,2026-08-19,2026-08-27
UPDATE,2026-08-27T00:00:00,2026-08-27,PT0412670,LST0412670,AG00832,LOC0024,Single Family,3,1.0,972,16907,1987,423800.0,2026-02-22,Pending,,,45,0.0,0,No,Yes,2026-02-22,2026-08-27
UPDATE,2026-08-27T00:00:00,2026-08-27,PT0143581,LST0143581,AG00923,LOC0008,Condo,2,4.0,2846,5425,1954,379300.0,2023-04-11,Sold,391381.8,2026-08-27,1234,323.0,1,No,No,2023-04-11,2026-08-27
UPDATE,2026-08-27T00:00:00,2026-08-27,PT0013396,LST0013396,AG00429,LOC0020,Single Family,6,2.0,876,1563,2006,274000.0,2024-04-02,Active,,,5,0.0,3,No,Yes,2024-04-02,2026-08-27
UPDATE,2026-08-27T00:00:00,2026-08-27,PT0470279,LST0470279,AG00654,LOC0021,Single Family,5,4.5,2099,9752,2010,249900.0,2026-01-12,Pending,,,129,0.0,2,No,No,2026-01-12,2026-08-27
UPDATE,2026-08-27T00:00:00,2026-08-27,PT0071337,LST0071337,AG01982,LOC0117,Single Family,6,3.0,1584,1535,2013,316500.0,2025-03-13,Active,,,159,0.0,0,No,Yes,2025-03-13,2026-08-27
UPDATE,2026-08-27T00:00:00,2026-08-27,PT0279883,LST0279883,AG02146,LOC0153,Condo,6,1.5,2089,2396,1914,678500.0,2024-03-05,Pending,,,139,250.0,0,No,No,2024-03-05,2026-08-27
UPDATE,2026-08-27T00:00:00,2026-08-27,PT0473349,LST0473349,AG01861,LOC0052,Apartment,3,4.0,1321,0,1978,235500.0,2024-12-12,Sold,224994.98,2026-08-27,623,145.0,0,Yes,No,2024-12-12,2026-08-27
UPDATE,2026-08-27T00:00:00,2026-08-27,PT0514907,LST0514907,AG00691,LOC0053,Single Family,2,1.0,1528,2298,1980,388400.0,2026-07-13,Active,,,0,0.0,3,No,No,2026-07-13,2026-08-27
UPDATE,2026-08-27T00:00:00,2026-08-27,PT0418601,LST0418601,AG01926,LOC0041,Multi-Family,1,1.5,4433,2591,1921,1207800.0,2025-08-20,Active,,,130,0.0,0,No,No,2025-08-20,2026-08-27
UPDATE,2026-08-27T00:00:00,2026-08-27,PT0320854,LST0320854,AG02883,LOC0226,Single Family,1,4.0,2693,17256,1915,1127700.0,2024-03-02,Pending,,,53,0.0,2,No,Yes,2024-03-02,2026-08-27
UPDATE,2026-08-27T00:00:00,2026-08-27,PT0172399,LST0172399,AG02586,LOC0236,Multi-Family,1,4.5,3282,4779,1929,495500.0,2025-05-31,Pending,,,49,0.0,3,No,Yes,2025-05-31,2026-08-27
UPDATE,2026-08-27T00:00:00,2026-08-27,PT0523762,LST0523762,AG01526,LOC0135,Condo,2,1.0,1169,5231,1949,220800.0,2026-07-21,Active,,,0,140.21,0,No,No,2026-07-21,2026-08-27
UPDATE,2026-08-27T00:00:00,2026-08-27,PT0011376,LST0011376,AG01274,LOC0187,Condo,5,2.5,2415,1384,1997,1136000.0,2024-05-23,Active,,,6,490.0,0,No,No,2024-05-23,2026-08-27
UPDATE,2026-08-27T00:00:00,2026-08-27,PT0504291,LST0504291,AG00520,LOC0015,Single Family,3,4.5,1852,4331,1949,755000.0,2026-07-04,Active,,,0,0.0,0,No,Yes,2026-07-04,2026-08-27
UPDATE,2026-08-27T00:00:00,2026-08-27,PT0530990,LST0530990,AG02299,LOC0071,Single Family,2,1.5,2287,7096,1968,598200.0,2026-07-27,Active,,,0,0.0,2,No,Yes,2026-07-27,2026-08-27
UPDATE,2026-08-27T00:00:00,2026-08-27,PT0322007,LST0322007,AG00239,LOC0091,Single Family,2,1.0,1921,5491,1961,499400.0,2024-06-16,Pending,,,16,0.0,1,No,No,2024-06-16,2026-08-27
UPDATE,2026-08-27T00:00:00,2026-08-27,PT0220140,LST0220140,AG01582,LOC0205,Multi-Family,2,4.0,4578,1114,2022,1391700.0,2026-06-06,Pending,,,70,0.0,1,No,Yes,2026-06-06,2026-08-27
UPDATE,2026-08-27T00:00:00,2026-08-27,PT0533616,LST0533616,AG01639,LOC0029,Multi-Family,5,3.0,2662,2432,1973,1154400.0,2026-07-29,Active,,,0,0.0,1,No,Yes,2026-07-29,2026-08-27
UPDATE,2026-08-27T00:00:00,2026-08-27,PT0484575,LST0484575,AG00194,LOC0207,Multi-Family,6,1.5,2771,6689,1905,514600.0,2025-03-18,Pending,,,110,0.0,0,No,Yes,2025-03-18,2026-08-27
UPDATE,2026-08-27T00:00:00,2026-08-27,PT0153332,LST0153332,AG01613,LOC0003,Apartment,6,2.5,1372,0,2003,254300.0,2026-05-02,Active,,,89,662.0,0,No,No,2026-05-02,2026-08-27
UPDATE,2026-08-27T00:00:00,2026-08-27,PT0358010,LST0358010,AG01306,LOC0228,Single Family,3,2.0,1756,8429,2022,969400.0,2024-06-03,Sold,963853.94,2026-08-27,815,0.0,2,No,Yes,2024-06-03,2026-08-27
UPDATE,2026-08-27T00:00:00,2026-08-27,PT0555624,LST0555624,AG02388,LOC0045,Single Family,5,3.5,1056,6845,1950,585800.0,2026-08-18,Pending,,,0,0.0,2,Yes,No,2026-08-18,2026-08-27
UPDATE,2026-08-27T00:00:00,2026-08-27,PT0165718,LST0165718,AG02498,LOC0141,Single Family,5,1.5,2461,1825,1917,748100.0,2025-09-28,Pending,,,23,0.0,3,Yes,Yes,2025-09-28,2026-08-27
UPDATE,2026-08-27T00:00:00,2026-08-27,PT0356510,LST0356510,AG00273,LOC0225,Townhouse,4,4.0,1532,1426,1943,628200.0,2023-11-24,Sold,582497.74,2026-08-27,1007,696.0,0,No,No,2023-11-24,2026-08-27
UPDATE,2026-08-27T00:00:00,2026-08-27,PT0550416,LST0550416,AG01064,LOC0090,Single Family,5,1.0,2564,1671,1932,1033500.0,2026-08-14,Active,,,0,0.0,2,No,No,2026-08-14,2026-08-27
UPDATE,2026-08-27T00:00:00,2026-08-27,PT0059143,LST0059143,AG01471,LOC0068,Single Family,1,3.5,1423,9312,1984,411500.0,2024-04-06,Sold,400460.53,2026-08-27,873,0.0,3,No,Yes,2024-04-06,2026-08-27
UPDATE,2026-08-27T00:00:00,2026-08-27,PT0554276,LST0554276,AG02317,LOC0201,Single Family,1,2.0,2045,9234,2022,376500.0,2026-08-17,Sold,370927.43,2026-08-27,10,0.0,1,No,No,2026-08-17,2026-08-27
UPDATE,2026-08-27T00:00:00,2026-08-27,PT0413131,LST0413131,AG02823,LOC0196,Multi-Family,2,3.5,2122,2398,1988,533900.0,2025-11-03,Pending,,,41,0.0,3,No,No,2025-11-03,2026-08-27
UPDATE,2026-08-27T00:00:00,2026-08-27,PT0548342,LST0548342,AG01101,LOC0185,Condo,2,3.5,300,3829,1917,160800.0,2026-08-12,Pending,,,0,698.25,0,No,No,2026-08-12,2026-08-27
UPDATE,2026-08-27T00:00:00,2026-08-27,PT0462564,LST0462564,AG01964,LOC0067,Condo,1,2.5,2308,1062,1980,286300.0,2025-12-01,Pending,,,102,710.0,2,No,No,2025-12-01,2026-08-27
UPDATE,2026-08-27T00:00:00,2026-08-27,PT0356067,LST0356067,AG02297,LOC0152,Condo,3,1.0,1550,4467,1971,695500.0,2026-03-31,Active,,,52,619.0,2,Yes,No,2026-03-31,2026-08-27
UPDATE,2026-08-27T00:00:00,2026-08-27,PT0540984,LST0540984,AG02351,LOC0019,Apartment,6,1.5,1253,0,2020,214800.0,2026-08-05,Active,,,0,605.35,3,No,No,2026-08-05,2026-08-27
UPDATE,2026-08-27T00:00:00,2026-08-27,PT0101175,LST0101175,AG02915,LOC0172,Condo,1,1.0,1737,5119,1988,248400.0,2025-07-02,Active,,,87,699.0,1,Yes,No,2025-07-02,2026-08-27
UPDATE,2026-08-27T00:00:00,2026-08-27,PT0488555,LST0488555,AG01125,LOC0023,Single Family,6,4.5,2134,5619,2008,394000.0,2025-01-13,Active,,,95,0.0,2,Yes,No,2025-01-13,2026-08-27
UPDATE,2026-08-27T00:00:00,2026-08-27,PT0022043,LST0022043,AG00296,LOC0188,Multi-Family,4,1.5,715,5547,1900,184300.0,2024-10-04,Pending,,,54,0.0,0,Yes,Yes,2024-10-04,2026-08-27
UPDATE,2026-08-27T00:00:00,2026-08-27,PT0069214,LST0069214,AG02748,LOC0189,Single Family,4,3.5,779,1529,2012,164700.0,2025-10-19,Sold,156633.07,2026-08-27,312,0.0,2,No,No,2025-10-19,2026-08-27
UPDATE,2026-08-27T00:00:00,2026-08-27,PT0502944,LST0502944,AG01035,LOC0247,Single Family,1,2.0,1181,2688,1965,249500.0,2026-07-03,Pending,,,0,0.0,1,No,No,2026-07-03,2026-08-27
UPDATE,2026-08-27T00:00:00,2026-08-27,PT0264457,LST0264457,AG00834,LOC0246,Single Family,1,4.0,906,1904,1931,209800.0,2026-01-09,Sold,197809.43,2026-08-27,230,0.0,0,No,No,2026-01-09,2026-08-27
UPDATE,2026-08-27T00:00:00,2026-08-27,PT0057881,LST0057881,AG00689,LOC0183,Single Family,6,1.5,2259,1136,1964,682600.0,2024-11-15,Pending,,,177,0.0,1,Yes,Yes,2024-11-15,2026-08-27
UPDATE,2026-08-27T00:00:00,2026-08-27,PT0388232,LST0388232,AG01856,LOC0106,Townhouse,6,4.5,1142,6193,1908,284100.0,2023-01-20,Active,,,160,336.0,1,Yes,No,2023-01-20,2026-08-27
UPDATE,2026-08-27T00:00:00,2026-08-27,PT0014660,LST0014660,AG02239,LOC0168,Land,0,0.0,1856,4709,1995,944000.0,2024-03-01,Active,,,174,0.0,0,No,No,2024-03-01,2026-08-27
UPDATE,2026-08-27T00:00:00,2026-08-27,PT0448936,LST0448936,AG02905,LOC0144,Multi-Family,2,2.5,1309,3089,1931,308000.0,2025-06-09,Active,,,178,0.0,3,No,Yes,2025-06-09,2026-08-27
UPDATE,2026-08-27T00:00:00,2026-08-27,PT0544144,LST0544144,AG00983,LOC0043,Single Family,1,4.5,1720,3423,1992,123500.0,2026-08-08,Sold,111339.46,2026-08-27,19,0.0,2,No,No,2026-08-08,2026-08-27
UPDATE,2026-08-27T00:00:00,2026-08-27,PT0553073,LST0553073,AG02950,LOC0081,Single Family,6,2.5,2359,5757,1966,966300.0,2026-08-16,Active,,,0,0.0,1,No,No,2026-08-16,2026-08-27
UPDATE,2026-08-27T00:00:00,2026-08-27,PT0056099,LST0056099,AG01548,LOC0006,Multi-Family,5,4.5,1447,5741,2003,210300.0,2025-07-16,Pending,,,46,0.0,3,Yes,No,2025-07-16,2026-08-27
UPDATE,2026-08-27T00:00:00,2026-08-27,PT0245209,LST0245209,AG02024,LOC0121,Apartment,5,4.0,1132,0,2015,233900.0,2026-06-08,Active,,,131,649.0,0,No,No,2026-06-08,2026-08-27
UPDATE,2026-08-27T00:00:00,2026-08-27,PT0475698,LST0475698,AG01918,LOC0064,Condo,6,2.5,1560,5795,2010,298700.0,2024-05-13,Active,,,148,753.0,1,Yes,No,2024-05-13,2026-08-27
UPDATE,2026-08-27T00:00:00,2026-08-27,PT0264285,LST0264285,AG00063,LOC0128,Condo,4,2.5,1322,5060,1957,236600.0,2023-12-20,Pending,,,36,663.0,0,Yes,No,2023-12-20,2026-08-27
UPDATE,2026-08-27T00:00:00,2026-08-27,PT0445251,LST0445251,AG02969,LOC0023,Single Family,1,3.0,2070,9581,1949,636300.0,2026-01-10,Pending,,,139,0.0,0,No,Yes,2026-01-10,2026-08-27
UPDATE,2026-08-27T00:00:00,2026-08-27,PT0367458,LST0367458,AG00187,LOC0052,Single Family,5,2.0,3318,7064,1930,475700.0,2025-05-04,Active,,,76,0.0,1,No,Yes,2025-05-04,2026-08-27
UPDATE,2026-08-27T00:00:00,2026-08-27,PT0555920,LST0555920,AG02459,LOC0200,Single Family,3,2.5,977,27896,1990,155200.0,2026-08-19,Pending,,,0,0.0,2,No,No,2026-08-19,2026-08-27
UPDATE,2026-08-27T00:00:00,2026-08-27,PT0096731,LST0096731,AG00255,LOC0061,Townhouse,3,3.5,1257,11503,2023,289800.0,2025-11-06,Pending,,,76,263.0,2,Yes,No,2025-11-06,2026-08-27
UPDATE,2026-08-27T00:00:00,2026-08-27,PT0558573,LST0558573,AG02360,LOC0155,Single Family,6,4.5,2971,16956,2009,692100.0,2026-08-21,Active,,,0,0.0,2,Yes,No,2026-08-21,2026-08-27
UPDATE,2026-08-27T00:00:00,2026-08-27,PT0077385,LST0077385,AG02120,LOC0085,Single Family,5,2.0,1214,2080,1957,191800.0,2025-11-21,Pending,,,109,0.0,1,No,Yes,2025-11-21,2026-08-27
UPDATE,2026-08-27T00:00:00,2026-08-27,PT0525344,LST0525344,AG02369,LOC0156,Apartment,3,1.5,799,0,1945,280800.0,2026-07-22,Sold,275390.97,2026-08-27,36,184.76,0,Yes,No,2026-07-22,2026-08-27
UPDATE,2026-08-27T00:00:00,2026-08-27,PT0532671,LST0532671,AG00887,LOC0030,Condo,4,2.5,2062,5803,1944,771500.0,2026-07-29,Sold,759024.17,2026-08-27,29,231.44,2,No,No,2026-07-29,2026-08-27
UPDATE,2026-08-27T00:00:00,2026-08-27,PT0123201,LST0123201,AG00836,LOC0107,Single Family,5,2.0,1463,14552,2001,250700.0,2024-06-20,Sold,232056.17,2026-08-27,798,0.0,0,No,Yes,2024-06-20,2026-08-27
UPDATE,2026-08-27T00:00:00,2026-08-27,PT0526367,LST0526367,AG01740,LOC0221,Condo,6,3.5,1973,2902,1914,503400.0,2026-07-23,Active,,,0,435.16,3,No,No,2026-07-23,2026-08-27
UPDATE,2026-08-27T00:00:00,2026-08-27,PT0157840,LST0157840,AG01310,LOC0008,Single Family,3,3.5,839,2100,1991,121500.0,2025-07-31,Sold,114976.56,2026-08-27,392,0.0,0,Yes,Yes,2025-07-31,2026-08-27
UPDATE,2026-08-27T00:00:00,2026-08-27,PT0184373,LST0184373,AG02581,LOC0154,Single Family,5,3.0,2931,6341,1937,529100.0,2025-04-28,Active,,,63,0.0,2,No,Yes,2025-04-28,2026-08-27
UPDATE,2026-08-27T00:00:00,2026-08-27,PT0494057,LST0494057,AG02562,LOC0019,Single Family,5,4.0,2622,2789,1967,634400.0,2025-09-07,Active,,,39,0.0,2,No,No,2025-09-07,2026-08-27
UPDATE,2026-08-27T00:00:00,2026-08-27,PT0562307,LST0562307,AG01694,LOC0106,Single Family,2,3.5,1890,4841,2014,614900.0,2026-08-24,Active,,,0,0.0,0,Yes,No,2026-08-24,2026-08-27
UPDATE,2026-08-27T00:00:00,2026-08-27,PT0178303,LST0178303,AG00754,LOC0074,Single Family,5,2.0,2814,5981,2005,968100.0,2023-06-01,Pending,,,72,0.0,1,Yes,Yes,2023-06-01,2026-08-27
UPDATE,2026-08-27T00:00:00,2026-08-27,PT0035533,LST0035533,AG00952,LOC0007,Multi-Family,3,3.5,4339,2343,1948,1800000.0,2025-10-31,Active,,,132,0.0,1,No,Yes,2025-10-31,2026-08-27
UPDATE,2026-08-27T00:00:00,2026-08-27,PT0003631,LST0003631,AG02769,LOC0004,Townhouse,2,3.5,2446,1826,1995,366900.0,2025-07-04,Pending,,,71,492.0,1,No,No,2025-07-04,2026-08-27
UPDATE,2026-08-27T00:00:00,2026-08-27,PT0509015,LST0509015,AG01339,LOC0001,Single Family,2,4.5,1264,10783,1969,247200.0,2026-07-08,Pending,,,0,0.0,1,Yes,No,2026-07-08,2026-08-27
UPDATE,2026-08-27T00:00:00,2026-08-27,PT0312667,LST0312667,AG01128,LOC0017,Apartment,3,1.5,662,0,1932,144300.0,2024-04-10,Active,,,65,252.0,3,No,No,2024-04-10,2026-08-27
UPDATE,2026-08-27T00:00:00,2026-08-27,PT0295342,LST0295342,AG00628,LOC0223,Condo,5,2.5,1339,19128,2025,710000.0,2026-05-11,Sold,726417.13,2026-08-27,108,278.0,3,No,No,2026-05-11,2026-08-27
UPDATE,2026-08-27T00:00:00,2026-08-27,PT0520178,LST0520178,AG02619,LOC0030,Single Family,4,3.5,710,5640,1974,249200.0,2026-07-18,Active,,,0,0.0,2,No,Yes,2026-07-18,2026-08-27
UPDATE,2026-08-27T00:00:00,2026-08-27,PT0173291,LST0173291,AG01935,LOC0089,Single Family,1,3.5,1907,1621,1917,983400.0,2024-02-29,Sold,919496.35,2026-08-27,910,0.0,1,No,No,2024-02-29,2026-08-27
UPDATE,2026-08-27T00:00:00,2026-08-27,PT0495829,LST0495829,AG01076,LOC0011,Single Family,6,1.5,1780,8184,2020,856700.0,2024-04-18,Active,,,4,0.0,2,No,Yes,2024-04-18,2026-08-27
UPDATE,2026-08-27T00:00:00,2026-08-27,PT0054750,LST0054750,AG01131,LOC0054,Apartment,4,2.0,877,0,1931,151900.0,2025-01-20,Active,,,11,336.0,0,No,No,2025-01-20,2026-08-27
UPDATE,2026-08-27T00:00:00,2026-08-27,PT0500142,LST0500142,AG02343,LOC0079,Condo,3,1.0,1995,1863,2023,723600.0,2026-07-01,Active,,,0,331.78,1,No,No,2026-07-01,2026-08-27
UPDATE,2026-08-27T00:00:00,2026-08-27,PT0327208,LST0327208,AG01192,LOC0099,Single Family,2,1.5,2054,11508,1900,1020700.0,2026-01-24,Pending,,,84,0.0,0,No,Yes,2026-01-24,2026-08-27
UPDATE,2026-08-27T00:00:00,2026-08-27,PT0355661,LST0355661,AG02362,LOC0134,Multi-Family,4,2.0,1645,2265,2024,371900.0,2023-11-01,Active,,,113,0.0,0,No,Yes,2023-11-01,2026-08-27
UPDATE,2026-08-27T00:00:00,2026-08-27,PT0123068,LST0123068,AG00761,LOC0221,Multi-Family,4,4.5,3155,2325,1911,808500.0,2025-11-05,Sold,836725.34,2026-08-27,295,0.0,3,No,No,2025-11-05,2026-08-27
UPDATE,2026-08-27T00:00:00,2026-08-27,PT0210901,LST0210901,AG02701,LOC0041,Single Family,5,1.5,2445,6205,2015,690000.0,2023-11-02,Pending,,,92,0.0,3,Yes,Yes,2023-11-02,2026-08-27
UPDATE,2026-08-27T00:00:00,2026-08-27,PT0067850,LST0067850,AG00627,LOC0132,Single Family,1,4.5,1175,1266,1956,280500.0,2025-02-16,Pending,,,136,0.0,2,No,Yes,2025-02-16,2026-08-27
UPDATE,2026-08-27T00:00:00,2026-08-27,PT0426816,LST0426816,AG01001,LOC0070,Single Family,5,3.5,1332,1076,1969,277800.0,2023-01-01,Active,,,168,0.0,1,No,No,2023-01-01,2026-08-27
UPDATE,2026-08-27T00:00:00,2026-08-27,PT0013615,LST0013615,AG02333,LOC0023,Townhouse,1,3.5,1769,5482,1927,579600.0,2023-09-04,Sold,528126.42,2026-08-27,1088,169.0,1,No,No,2023-09-04,2026-08-27
UPDATE,2026-08-27T00:00:00,2026-08-27,PT0513801,LST0513801,AG01576,LOC0235,Single Family,4,2.5,596,8238,1952,284600.0,2026-07-12,Pending,,,0,0.0,3,No,No,2026-07-12,2026-08-27
UPDATE,2026-08-27T00:00:00,2026-08-27,PT0543939,LST0543939,AG01138,LOC0042,Single Family,2,3.0,1973,5609,2015,277100.0,2026-08-08,Active,,,0,0.0,3,Yes,No,2026-08-08,2026-08-27
UPDATE,2026-08-27T00:00:00,2026-08-27,PT0561604,LST0561604,AG01448,LOC0246,Condo,1,4.0,1877,5497,1935,449700.0,2026-08-24,Active,,,0,176.59,3,No,No,2026-08-24,2026-08-27
UPDATE,2026-08-27T00:00:00,2026-08-27,PT0090847,LST0090847,AG00200,LOC0136,Condo,3,2.0,1364,17215,1931,108200.0,2024-12-10,Pending,,,65,405.0,0,No,No,2024-12-10,2026-08-27
UPDATE,2026-08-27T00:00:00,2026-08-27,PT0556675,LST0556675,AG00341,LOC0043,Land,0,0.0,1910,5770,1960,231700.0,2026-08-19,Active,,,0,0.0,0,No,No,2026-08-19,2026-08-27
UPDATE,2026-08-27T00:00:00,2026-08-27,PT0533439,LST0533439,AG00421,LOC0134,Single Family,2,2.0,2107,6366,1914,1070200.0,2026-07-29,Sold,1082603.18,2026-08-27,29,0.0,1,No,No,2026-07-29,2026-08-27
UPDATE,2026-08-27T00:00:00,2026-08-27,PT0119028,LST0119028,AG02381,LOC0021,Condo,2,1.0,693,11484,1996,117700.0,2023-10-02,Pending,,,131,556.0,3,Yes,No,2023-10-02,2026-08-27
UPDATE,2026-08-27T00:00:00,2026-08-27,PT0336218,LST0336218,AG00642,LOC0194,Single Family,6,4.5,1462,4867,1967,473900.0,2026-06-02,Active,,,51,0.0,0,Yes,Yes,2026-06-02,2026-08-27
UPDATE,2026-08-27T00:00:00,2026-08-27,PT0294464,LST0294464,AG01077,LOC0100,Single Family,5,1.0,2555,4704,1998,283300.0,2024-11-18,Active,,,71,0.0,3,No,No,2024-11-18,2026-08-27
UPDATE,2026-08-27T00:00:00,2026-08-27,PT0099568,LST0099568,AG02697,LOC0157,Land,0,0.0,4759,2809,1912,2108100.0,2024-05-11,Pending,,,49,0.0,0,No,No,2024-05-11,2026-08-27
UPDATE,2026-08-27T00:00:00,2026-08-27,PT0013788,LST0013788,AG00501,LOC0068,Single Family,4,1.5,1898,8588,2010,697100.0,2024-10-14,Pending,,,135,0.0,2,No,Yes,2024-10-14,2026-08-27
UPDATE,2026-08-27T00:00:00,2026-08-27,PT0028151,LST0028151,AG01721,LOC0100,Multi-Family,1,2.0,5105,1865,1924,460900.0,2024-03-07,Active,,,119,0.0,2,No,No,2024-03-07,2026-08-27
UPDATE,2026-08-27T00:00:00,2026-08-27,PT0095287,LST0095287,AG02946,LOC0037,Multi-Family,5,1.5,3521,1206,1943,1240200.0,2025-05-16,Active,,,168,0.0,1,Yes,Yes,2025-05-16,2026-08-27
UPDATE,2026-08-27T00:00:00,2026-08-27,PT0159039,LST0159039,AG00403,LOC0012,Single Family,6,1.0,2303,5951,1971,1555000.0,2026-04-30,Sold,1564988.88,2026-08-27,119,0.0,2,No,No,2026-04-30,2026-08-27
UPDATE,2026-08-27T00:00:00,2026-08-27,PT0400856,LST0400856,AG01852,LOC0039,Apartment,5,4.5,1126,0,2013,389300.0,2024-03-05,Active,,,33,456.0,2,No,No,2024-03-05,2026-08-27
UPDATE,2026-08-27T00:00:00,2026-08-27,PT0156679,LST0156679,AG01566,LOC0034,Apartment,2,2.0,830,0,1977,472100.0,2025-01-04,Pending,,,13,598.0,0,No,No,2025-01-04,2026-08-27
UPDATE,2026-08-27T00:00:00,2026-08-27,PT0551357,LST0551357,AG01095,LOC0061,Single Family,2,3.5,1739,2905,1965,298400.0,2026-08-15,Sold,317467.16,2026-08-27,12,0.0,1,No,No,2026-08-15,2026-08-27
UPDATE,2026-08-27T00:00:00,2026-08-27,PT0127039,LST0127039,AG00427,LOC0021,Apartment,1,4.5,1223,0,1959,164600.0,2023-09-09,Active,,,4,537.0,0,No,No,2023-09-09,2026-08-27
UPDATE,2026-08-27T00:00:00,2026-08-27,PT0503321,LST0503321,AG01619,LOC0155,Single Family,4,4.0,3428,7353,1957,632000.0,2026-07-03,Pending,,,0,0.0,1,No,No,2026-07-03,2026-08-27
UPDATE,2026-08-27T00:00:00,2026-08-27,PT0456033,LST0456033,AG02729,LOC0213,Single Family,5,2.0,2196,2621,1994,341900.0,2024-07-30,Sold,342788.47,2026-08-27,758,0.0,1,No,Yes,2024-07-30,2026-08-27
UPDATE,2026-08-27T00:00:00,2026-08-27,PT0555071,LST0555071,AG00139,LOC0082,Single Family,1,3.0,527,33384,2016,114900.0,2026-08-18,Active,,,0,0.0,0,No,No,2026-08-18,2026-08-27
UPDATE,2026-08-27T00:00:00,2026-08-27,PT0524916,LST0524916,AG00478,LOC0188,Condo,6,1.0,2942,3754,1942,920900.0,2026-07-22,Pending,,,0,746.38,2,No,No,2026-07-22,2026-08-27
UPDATE,2026-08-27T00:00:00,2026-08-27,PT0411881,LST0411881,AG00942,LOC0238,Single Family,3,1.5,1517,2182,1940,556400.0,2024-11-16,Sold,530190.81,2026-08-27,649,0.0,0,No,Yes,2024-11-16,2026-08-27
UPDATE,2026-08-27T00:00:00,2026-08-27,PT0558597,LST0558597,AG00502,LOC0047,Single Family,6,2.5,2231,2893,1938,981900.0,2026-08-21,Active,,,0,0.0,1,No,No,2026-08-21,2026-08-27
UPDATE,2026-08-27T00:00:00,2026-08-27,PT0326866,LST0326866,AG02165,LOC0199,Condo,1,3.0,1524,5181,1951,560700.0,2023-08-06,Active,,,137,780.0,0,No,No,2023-08-06,2026-08-27
UPDATE,2026-08-27T00:00:00,2026-08-27,PT0195499,LST0195499,AG01565,LOC0023,Single Family,2,1.5,1346,8716,1942,266800.0,2023-04-05,Pending,,,11,0.0,3,No,Yes,2023-04-05,2026-08-27
UPDATE,2026-08-27T00:00:00,2026-08-27,PT0497095,LST0497095,AG02074,LOC0107,Condo,3,2.0,998,4005,1984,231900.0,2025-01-16,Pending,,,11,178.0,3,No,No,2025-01-16,2026-08-27
UPDATE,2026-08-27T00:00:00,2026-08-27,PT0564752,LST0564752,AG01345,LOC0141,Apartment,6,1.0,1096,0,1966,166300.0,2026-08-26,Sold,160441.0,2026-08-27,1,738.78,2,No,No,2026-08-26,2026-08-27
UPDATE,2026-08-27T00:00:00,2026-08-27,PT0512499,LST0512499,AG02303,LOC0195,Single Family,5,1.5,2031,1179,1923,309000.0,2026-07-11,Pending,,,0,0.0,3,No,Yes,2026-07-11,2026-08-27
UPDATE,2026-08-27T00:00:00,2026-08-27,PT0228251,LST0228251,AG01740,LOC0153,Condo,6,4.0,1545,1322,1906,801800.0,2023-12-15,Sold,792805.7,2026-08-27,986,735.0,0,Yes,No,2023-12-15,2026-08-27
UPDATE,2026-08-27T00:00:00,2026-08-27,PT0383617,LST0383617,AG00043,LOC0028,Land,0,0.0,10350,6299,1975,367300.0,2024-07-21,Pending,,,147,0.0,0,No,No,2024-07-21,2026-08-27
UPDATE,2026-08-27T00:00:00,2026-08-27,PT0522721,LST0522721,AG00407,LOC0016,Townhouse,6,1.0,1963,1699,1977,231900.0,2026-07-20,Pending,,,0,381.97,0,No,No,2026-07-20,2026-08-27
UPDATE,2026-08-27T00:00:00,2026-08-27,PT0418788,LST0418788,AG00926,LOC0011,Condo,1,1.0,1666,1172,2000,1002600.0,2024-07-18,Pending,,,113,385.0,0,No,No,2024-07-18,2026-08-27
UPDATE,2026-08-27T00:00:00,2026-08-27,PT0130180,LST0130180,AG01001,LOC0063,Single Family,1,3.0,1183,6732,2003,363800.0,2024-11-30,Active,,,33,0.0,0,No,Yes,2024-11-30,2026-08-27
UPDATE,2026-08-27T00:00:00,2026-08-27,PT0098870,LST0098870,AG00044,LOC0154,Single Family,2,3.5,2134,2532,1944,337500.0,2023-09-23,Pending,,,172,0.0,0,Yes,No,2023-09-23,2026-08-27
UPDATE,2026-08-27T00:00:00,2026-08-27,PT0522458,LST0522458,AG02948,LOC0027,Single Family,6,4.5,934,3335,1940,376300.0,2026-07-20,Pending,,,0,0.0,0,No,No,2026-07-20,2026-08-27
UPDATE,2026-08-27T00:00:00,2026-08-27,PT0079512,LST0079512,AG02654,LOC0129,Single Family,1,1.5,2521,9154,1958,996600.0,2024-01-06,Active,,,97,0.0,2,No,Yes,2024-01-06,2026-08-27
UPDATE,2026-08-27T00:00:00,2026-08-27,PT0555643,LST0555643,AG00626,LOC0084,Apartment,2,4.5,818,0,1904,247000.0,2026-08-18,Active,,,0,204.93,2,No,No,2026-08-18,2026-08-27
UPDATE,2026-08-27T00:00:00,2026-08-27,PT0118888,LST0118888,AG01906,LOC0136,Single Family,1,1.0,2373,1799,1995,502900.0,2024-08-09,Pending,,,96,0.0,1,No,Yes,2024-08-09,2026-08-27
UPDATE,2026-08-27T00:00:00,2026-08-27,PT0529690,LST0529690,AG02301,LOC0055,Multi-Family,6,2.0,5313,4376,2017,1306800.0,2026-07-26,Pending,,,0,0.0,1,No,No,2026-07-26,2026-08-27
UPDATE,2026-08-27T00:00:00,2026-08-27,PT0415558,LST0415558,AG01063,LOC0150,Single Family,1,1.5,2458,3664,2002,1044300.0,2026-01-11,Active,,,168,0.0,1,No,No,2026-01-11,2026-08-27
UPDATE,2026-08-27T00:00:00,2026-08-27,PT0496918,LST0496918,AG01726,LOC0196,Single Family,1,2.5,2579,3304,2010,967900.0,2023-08-29,Pending,,,68,0.0,1,No,No,2023-08-29,2026-08-27
UPDATE,2026-08-27T00:00:00,2026-08-27,PT0526225,LST0526225,AG01725,LOC0034,Townhouse,5,2.0,1875,8933,1953,956900.0,2026-07-23,Pending,,,0,266.04,2,No,No,2026-07-23,2026-08-27
UPDATE,2026-08-27T00:00:00,2026-08-27,PT0380543,LST0380543,AG02054,LOC0204,Townhouse,1,4.5,1537,7819,1951,785100.0,2024-11-11,Sold,777423.74,2026-08-27,654,725.0,2,No,No,2024-11-11,2026-08-27
UPDATE,2026-08-27T00:00:00,2026-08-27,PT0415092,LST0415092,AG00139,LOC0209,Apartment,3,1.0,1089,0,1924,417100.0,2024-09-04,Pending,,,36,575.0,0,No,No,2024-09-04,2026-08-27
UPDATE,2026-08-27T00:00:00,2026-08-27,PT0341517,LST0341517,AG01171,LOC0207,Single Family,1,4.0,846,10705,1971,140000.0,2023-08-11,Pending,,,49,0.0,0,No,No,2023-08-11,2026-08-27
UPDATE,2026-08-27T00:00:00,2026-08-27,PT0401923,LST0401923,AG01209,LOC0096,Land,0,0.0,7873,1417,1982,2899300.0,2025-01-11,Active,,,80,0.0,0,No,No,2025-01-11,2026-08-27
UPDATE,2026-08-27T00:00:00,2026-08-27,PT0145783,LST0145783,AG02113,LOC0139,Single Family,3,2.0,2549,1956,1933,1151000.0,2023-11-15,Pending,,,69,0.0,0,No,No,2023-11-15,2026-08-27
UPDATE,2026-08-27T00:00:00,2026-08-27,PT0309035,LST0309035,AG01485,LOC0150,Apartment,1,3.5,850,0,2003,372100.0,2024-08-30,Active,,,129,556.0,3,No,No,2024-08-30,2026-08-27
UPDATE,2026-08-27T00:00:00,2026-08-27,PT0088303,LST0088303,AG01786,LOC0209,Condo,6,2.0,1391,5428,1978,606000.0,2025-03-07,Pending,,,16,307.0,1,No,No,2025-03-07,2026-08-27
UPDATE,2026-08-27T00:00:00,2026-08-27,PT0182741,LST0182741,AG01891,LOC0079,Single Family,5,4.0,1817,3065,1995,459700.0,2024-07-11,Sold,404371.49,2026-08-27,777,0.0,1,No,Yes,2024-07-11,2026-08-27
UPDATE,2026-08-27T00:00:00,2026-08-27,PT0558444,LST0558444,AG00362,LOC0101,Single Family,4,4.5,858,3772,1954,216800.0,2026-08-21,Pending,,,0,0.0,2,No,No,2026-08-21,2026-08-27
UPDATE,2026-08-27T00:00:00,2026-08-27,PT0448599,LST0448599,AG02581,LOC0209,Townhouse,6,4.5,1897,2649,1912,463800.0,2023-07-11,Sold,486706.65,2026-08-27,1143,134.0,1,No,No,2023-07-11,2026-08-27
UPDATE,2026-08-27T00:00:00,2026-08-27,PT0254029,LST0254029,AG01730,LOC0049,Land,0,0.0,6436,7707,2018,2854000.0,2024-07-11,Sold,2791245.25,2026-08-27,777,0.0,0,No,No,2024-07-11,2026-08-27
UPDATE,2026-08-27T00:00:00,2026-08-27,PT0468156,LST0468156,AG00217,LOC0224,Condo,2,2.0,1251,4337,1936,610900.0,2024-02-19,Active,,,130,749.0,0,No,No,2024-02-19,2026-08-27
UPDATE,2026-08-27T00:00:00,2026-08-27,PT0429748,LST0429748,AG01866,LOC0082,Apartment,4,2.0,1369,0,1947,217100.0,2026-05-08,Active,,,118,194.0,2,No,No,2026-05-08,2026-08-27
UPDATE,2026-08-27T00:00:00,2026-08-27,PT0556368,LST0556368,AG00018,LOC0151,Single Family,1,4.0,2150,2708,1980,641900.0,2026-08-19,Active,,,0,0.0,3,No,Yes,2026-08-19,2026-08-27
UPDATE,2026-08-27T00:00:00,2026-08-27,PT0510115,LST0510115,AG01351,LOC0229,Townhouse,3,1.5,2185,2143,1956,324400.0,2026-07-09,Sold,325487.14,2026-08-27,49,507.47,1,No,No,2026-07-09,2026-08-27
UPDATE,2026-08-27T00:00:00,2026-08-27,PT0532338,LST0532338,AG01158,LOC0184,Single Family,6,1.0,1539,2923,1953,620700.0,2026-07-28,Active,,,0,0.0,3,No,No,2026-07-28,2026-08-27
UPDATE,2026-08-27T00:00:00,2026-08-27,PT0496893,LST0496893,AG01494,LOC0234,Single Family,6,1.5,912,1570,1933,262100.0,2023-06-10,Active,,,41,0.0,2,No,No,2023-06-10,2026-08-27
UPDATE,2026-08-27T00:00:00,2026-08-27,PT0430122,LST0430122,AG00418,LOC0190,Single Family,1,3.5,1226,11877,1938,273400.0,2025-09-17,Sold,282310.63,2026-08-27,344,0.0,1,No,No,2025-09-17,2026-08-27
UPDATE,2026-08-27T00:00:00,2026-08-27,PT0212930,LST0212930,AG02327,LOC0151,Condo,4,1.5,1366,2087,1958,273800.0,2025-01-27,Active,,,37,648.0,1,No,No,2025-01-27,2026-08-27
UPDATE,2026-08-27T00:00:00,2026-08-27,PT0247994,LST0247994,AG00633,LOC0121,Single Family,2,2.0,1236,2247,2008,414800.0,2025-01-21,Sold,400049.34,2026-08-27,583,0.0,3,No,No,2025-01-21,2026-08-27
UPDATE,2026-08-27T00:00:00,2026-08-27,PT0062946,LST0062946,AG01070,LOC0174,Townhouse,6,2.5,2065,3937,1990,361100.0,2024-06-18,Active,,,174,648.0,0,No,No,2024-06-18,2026-08-27
UPDATE,2026-08-27T00:00:00,2026-08-27,PT0178524,LST0178524,AG00765,LOC0033,Single Family,6,3.0,3081,1072,1944,827100.0,2026-01-17,Pending,,,102,0.0,3,No,Yes,2026-01-17,2026-08-27
UPDATE,2026-08-27T00:00:00,2026-08-27,PT0163952,LST0163952,AG01642,LOC0103,Single Family,1,4.5,2327,2752,1992,193000.0,2024-06-04,Sold,179665.03,2026-08-27,814,0.0,0,No,No,2024-06-04,2026-08-27
UPDATE,2026-08-27T00:00:00,2026-08-27,PT0276135,LST0276135,AG02026,LOC0098,Single Family,6,1.5,2704,28165,1996,616900.0,2025-12-01,Active,,,4,0.0,2,No,No,2025-12-01,2026-08-27
UPDATE,2026-08-27T00:00:00,2026-08-27,PT0204308,LST0204308,AG01204,LOC0037,Townhouse,2,1.0,1519,14355,1977,469400.0,2023-03-23,Pending,,,172,368.0,2,No,No,2023-03-23,2026-08-27
UPDATE,2026-08-27T00:00:00,2026-08-27,PT0246018,LST0246018,AG02867,LOC0234,Single Family,1,1.0,1923,3657,1936,322000.0,2024-09-10,Sold,311150.82,2026-08-27,716,0.0,3,No,No,2024-09-10,2026-08-27
UPDATE,2026-08-27T00:00:00,2026-08-27,PT0036618,LST0036618,AG00024,LOC0005,Townhouse,5,4.5,2907,2497,1939,783000.0,2023-12-22,Active,,,11,759.0,0,No,No,2023-12-22,2026-08-27
UPDATE,2026-08-27T00:00:00,2026-08-27,PT0175284,LST0175284,AG00762,LOC0015,Townhouse,2,2.0,1309,6064,1990,651500.0,2024-05-02,Active,,,78,586.0,2,No,No,2024-05-02,2026-08-27
UPDATE,2026-08-27T00:00:00,2026-08-27,PT0274335,LST0274335,AG02037,LOC0151,Condo,5,4.0,1922,1880,1921,508600.0,2024-07-15,Pending,,,167,220.0,1,No,No,2024-07-15,2026-08-27
UPDATE,2026-08-27T00:00:00,2026-08-27,PT0396288,LST0396288,AG02688,LOC0092,Single Family,5,1.5,1497,7448,2010,302100.0,2024-01-09,Pending,,,80,0.0,3,No,No,2024-01-09,2026-08-27
UPDATE,2026-08-27T00:00:00,2026-08-27,PT0226252,LST0226252,AG02184,LOC0215,Single Family,3,1.0,300,3346,1947,143100.0,2024-11-06,Sold,128915.48,2026-08-27,659,0.0,3,No,No,2024-11-06,2026-08-27
UPDATE,2026-08-27T00:00:00,2026-08-27,PT0117982,LST0117982,AG02616,LOC0209,Multi-Family,1,4.0,1583,1252,2002,397500.0,2023-12-14,Active,,,166,0.0,1,No,Yes,2023-12-14,2026-08-27
UPDATE,2026-08-27T00:00:00,2026-08-27,PT0065139,LST0065139,AG00524,LOC0221,Condo,2,3.0,1414,1702,2014,531000.0,2025-07-11,Pending,,,115,227.0,2,No,No,2025-07-11,2026-08-27
UPDATE,2026-08-27T00:00:00,2026-08-27,PT0158919,LST0158919,AG01147,LOC0170,Condo,1,1.0,2138,6234,1940,852700.0,2023-07-22,Sold,820717.42,2026-08-27,1132,720.0,2,No,No,2023-07-22,2026-08-27
UPDATE,2026-08-27T00:00:00,2026-08-27,PT0455565,LST0455565,AG01386,LOC0219,Single Family,6,3.5,852,11167,1954,420300.0,2024-12-04,Pending,,,69,0.0,2,No,No,2024-12-04,2026-08-27
UPDATE,2026-08-27T00:00:00,2026-08-27,PT0212768,LST0212768,AG00525,LOC0069,Single Family,2,4.0,1643,6397,1972,486800.0,2024-02-18,Active,,,72,0.0,1,Yes,Yes,2024-02-18,2026-08-27
UPDATE,2026-08-27T00:00:00,2026-08-27,PT0513662,LST0513662,AG02216,LOC0055,Townhouse,1,4.5,2061,2111,1968,417900.0,2026-07-12,Pending,,,0,337.5,1,No,No,2026-07-12,2026-08-27
UPDATE,2026-08-27T00:00:00,2026-08-27,PT0505085,LST0505085,AG02358,LOC0109,Single Family,5,1.5,1539,9163,1958,566000.0,2026-07-05,Pending,,,0,0.0,1,No,No,2026-07-05,2026-08-27
UPDATE,2026-08-27T00:00:00,2026-08-27,PT0198740,LST0198740,AG00942,LOC0160,Condo,1,3.5,3095,2806,1917,324900.0,2024-06-12,Active,,,32,495.0,3,No,No,2024-06-12,2026-08-27
UPDATE,2026-08-27T00:00:00,2026-08-27,PT0112901,LST0112901,AG01327,LOC0014,Single Family,5,2.0,1658,4049,2006,288200.0,2023-10-08,Active,,,62,0.0,2,No,Yes,2023-10-08,2026-08-27
UPDATE,2026-08-27T00:00:00,2026-08-27,PT0114311,LST0114311,AG01656,LOC0099,Townhouse,3,2.5,841,1623,1965,359400.0,2023-08-04,Active,,,149,779.0,2,No,No,2023-08-04,2026-08-27
UPDATE,2026-08-27T00:00:00,2026-08-27,PT0207325,LST0207325,AG02733,LOC0147,Multi-Family,2,2.5,2697,6537,1924,316300.0,2025-11-25,Pending,,,51,0.0,1,No,No,2025-11-25,2026-08-27
UPDATE,2026-08-27T00:00:00,2026-08-27,PT0157113,LST0157113,AG02597,LOC0077,Land,0,0.0,8097,4865,1925,2378000.0,2023-12-09,Sold,2265406.43,2026-08-27,992,0.0,0,No,No,2023-12-09,2026-08-27
UPDATE,2026-08-27T00:00:00,2026-08-27,PT0429035,LST0429035,AG01056,LOC0221,Multi-Family,6,1.5,5480,7127,1983,2332000.0,2023-08-16,Pending,,,133,0.0,1,No,No,2023-08-16,2026-08-27
UPDATE,2026-08-27T00:00:00,2026-08-27,PT0283461,LST0283461,AG02453,LOC0054,Townhouse,6,4.0,2886,5387,1972,828700.0,2024-03-01,Sold,830794.08,2026-08-27,909,557.0,0,No,No,2024-03-01,2026-08-27
UPDATE,2026-08-27T00:00:00,2026-08-27,PT0082272,LST0082272,AG01228,LOC0198,Land,0,0.0,3080,3118,1914,608400.0,2024-02-19,Pending,,,66,0.0,0,No,No,2024-02-19,2026-08-27
UPDATE,2026-08-27T00:00:00,2026-08-27,PT0504776,LST0504776,AG02712,LOC0082,Single Family,2,1.5,2069,4090,1973,387400.0,2026-07-04,Pending,,,0,0.0,0,No,Yes,2026-07-04,2026-08-27
UPDATE,2026-08-27T00:00:00,2026-08-27,PT0544044,LST0544044,AG02298,LOC0130,Condo,6,4.5,1750,5001,1900,211300.0,2026-08-08,Pending,,,0,286.06,2,Yes,No,2026-08-08,2026-08-27
UPDATE,2026-08-27T00:00:00,2026-08-27,PT0103188,LST0103188,AG01129,LOC0073,Single Family,4,2.5,2316,6639,1911,939400.0,2026-04-22,Sold,816799.93,2026-08-27,127,0.0,2,No,Yes,2026-04-22,2026-08-27
UPDATE,2026-08-27T00:00:00,2026-08-27,PT0495707,LST0495707,AG00445,LOC0094,Single Family,6,3.5,2480,12843,2025,544100.0,2026-03-29,Pending,,,0,0.0,0,Yes,No,2026-03-29,2026-08-27
UPDATE,2026-08-27T00:00:00,2026-08-27,PT0337762,LST0337762,AG00102,LOC0103,Townhouse,5,1.0,2219,1613,1914,458900.0,2023-01-21,Pending,,,122,256.0,1,No,No,2023-01-21,2026-08-27
UPDATE,2026-08-27T00:00:00,2026-08-27,PT0030345,LST0030345,AG01187,LOC0008,Single Family,4,1.5,1820,2426,1941,284800.0,2025-01-06,Active,,,119,0.0,1,No,Yes,2025-01-06,2026-08-27
UPDATE,2026-08-27T00:00:00,2026-08-27,PT0497488,LST0497488,AG01759,LOC0149,Single Family,2,3.0,1301,1732,1928,233000.0,2023-07-16,Sold,227323.77,2026-08-27,1138,0.0,3,No,No,2023-07-16,2026-08-27
UPDATE,2026-08-27T00:00:00,2026-08-27,PT0537467,LST0537467,AG01468,LOC0028,Single Family,3,4.0,1693,1182,1951,44600.0,2026-08-02,Active,,,0,0.0,1,No,Yes,2026-08-02,2026-08-27
UPDATE,2026-08-27T00:00:00,2026-08-27,PT0187691,LST0187691,AG01321,LOC0139,Multi-Family,5,1.0,2964,10400,2020,1144500.0,2024-08-30,Sold,1113359.41,2026-08-27,727,0.0,3,No,No,2024-08-30,2026-08-27
UPDATE,2026-08-27T00:00:00,2026-08-27,PT0557828,LST0557828,AG02573,LOC0246,Single Family,2,3.5,1597,1253,1993,216300.0,2026-08-20,Sold,218179.03,2026-08-27,7,0.0,3,No,No,2026-08-20,2026-08-27
UPDATE,2026-08-27T00:00:00,2026-08-27,PT0563409,LST0563409,AG02657,LOC0099,Townhouse,2,1.5,1797,4082,1954,519900.0,2026-08-25,Active,,,0,286.62,1,No,No,2026-08-25,2026-08-27
UPDATE,2026-08-27T00:00:00,2026-08-27,PT0393511,LST0393511,AG01003,LOC0047,Multi-Family,1,2.5,1966,15153,1985,942100.0,2024-07-23,Active,,,10,0.0,3,No,Yes,2024-07-23,2026-08-27
UPDATE,2026-08-27T00:00:00,2026-08-27,PT0250757,LST0250757,AG00371,LOC0212,Single Family,1,3.0,1743,10599,1900,161100.0,2023-12-02,Pending,,,16,0.0,0,No,No,2023-12-02,2026-08-27
UPDATE,2026-08-27T00:00:00,2026-08-27,PT0285413,LST0285413,AG00217,LOC0048,Townhouse,6,4.5,1897,5016,2008,398500.0,2024-04-25,Pending,,,7,728.0,1,No,No,2024-04-25,2026-08-27
UPDATE,2026-08-27T00:00:00,2026-08-27,PT0135438,LST0135438,AG01287,LOC0019,Condo,1,2.0,1730,1116,1991,406800.0,2025-01-31,Pending,,,136,300.0,2,No,No,2025-01-31,2026-08-27
UPDATE,2026-08-27T00:00:00,2026-08-27,PT0140494,LST0140494,AG01902,LOC0114,Single Family,1,1.0,1707,5646,1990,532600.0,2026-06-12,Active,,,125,0.0,0,No,No,2026-06-12,2026-08-27
UPDATE,2026-08-27T00:00:00,2026-08-27,PT0526935,LST0526935,AG01730,LOC0160,Single Family,5,3.5,1763,1376,2014,163800.0,2026-07-24,Active,,,0,0.0,0,No,No,2026-07-24,2026-08-27
UPDATE,2026-08-27T00:00:00,2026-08-27,PT0521643,LST0521643,AG00418,LOC0235,Apartment,1,3.5,1067,0,1901,533200.0,2026-07-19,Sold,511138.48,2026-08-27,39,732.4,3,No,No,2026-07-19,2026-08-27
UPDATE,2026-08-27T00:00:00,2026-08-27,PT0202079,LST0202079,AG02635,LOC0078,Condo,5,3.0,1526,15882,1911,597700.0,2026-06-24,Sold,558587.47,2026-08-27,64,660.0,2,Yes,No,2026-06-24,2026-08-27
UPDATE,2026-08-27T00:00:00,2026-08-27,PT0364267,LST0364267,AG01927,LOC0213,Single Family,1,3.0,1592,2934,1973,456400.0,2023-01-28,Pending,,,35,0.0,2,No,Yes,2023-01-28,2026-08-27
UPDATE,2026-08-27T00:00:00,2026-08-27,PT0458730,LST0458730,AG02710,LOC0089,Land,0,0.0,7853,3946,1908,3491800.0,2023-10-04,Pending,,,166,0.0,0,No,No,2023-10-04,2026-08-27
UPDATE,2026-08-27T00:00:00,2026-08-27,PT0424885,LST0424885,AG02468,LOC0198,Single Family,5,3.0,2013,9257,2018,309400.0,2026-01-14,Active,,,132,0.0,1,No,No,2026-01-14,2026-08-27
UPDATE,2026-08-27T00:00:00,2026-08-27,PT0541029,LST0541029,AG00564,LOC0222,Townhouse,1,4.0,948,2655,1954,157000.0,2026-08-05,Pending,,,0,479.06,3,Yes,No,2026-08-05,2026-08-27
UPDATE,2026-08-27T00:00:00,2026-08-27,PT0348925,LST0348925,AG02972,LOC0011,Single Family,3,2.5,1998,1108,1963,1020200.0,2025-04-13,Active,,,77,0.0,3,No,No,2025-04-13,2026-08-27
UPDATE,2026-08-27T00:00:00,2026-08-27,PT0400749,LST0400749,AG00757,LOC0213,Single Family,5,3.5,1096,10453,1963,287600.0,2024-06-23,Active,,,91,0.0,3,No,No,2024-06-23,2026-08-27
UPDATE,2026-08-27T00:00:00,2026-08-27,PT0295551,LST0295551,AG02600,LOC0114,Townhouse,3,1.5,2003,1783,1948,423000.0,2025-03-02,Active,,,24,660.0,3,Yes,No,2025-03-02,2026-08-27
UPDATE,2026-08-27T00:00:00,2026-08-27,PT0470418,LST0470418,AG01508,LOC0101,Multi-Family,1,3.0,2224,2372,1925,440300.0,2025-03-23,Active,,,68,0.0,1,No,Yes,2025-03-23,2026-08-27
UPDATE,2026-08-27T00:00:00,2026-08-27,PT0545834,LST0545834,AG01771,LOC0178,Single Family,4,4.0,1972,23543,1928,486900.0,2026-08-09,Active,,,0,0.0,3,No,No,2026-08-09,2026-08-27
UPDATE,2026-08-27T00:00:00,2026-08-27,PT0066720,LST0066720,AG02600,LOC0238,Single Family,3,4.0,2104,1114,1941,625000.0,2024-11-16,Active,,,63,0.0,2,No,Yes,2024-11-16,2026-08-27
UPDATE,2026-08-27T00:00:00,2026-08-27,PT0556516,LST0556516,AG01720,LOC0048,Land,0,0.0,4479,8032,1936,1443500.0,2026-08-19,Sold,1380841.82,2026-08-27,8,0.0,0,No,No,2026-08-19,2026-08-27
UPDATE,2026-08-27T00:00:00,2026-08-27,PT0194224,LST0194224,AG00218,LOC0091,Single Family,4,3.5,2589,5149,2017,765600.0,2024-10-06,Sold,714157.2,2026-08-27,690,0.0,0,No,Yes,2024-10-06,2026-08-27
UPDATE,2026-08-27T00:00:00,2026-08-27,PT0496447,LST0496447,AG00284,LOC0034,Townhouse,3,1.5,2280,10316,1965,1454600.0,2023-04-11,Active,,,157,371.0,3,No,No,2023-04-11,2026-08-27
UPDATE,2026-08-27T00:00:00,2026-08-27,PT0243166,LST0243166,AG02479,LOC0180,Single Family,5,4.0,1881,15755,1963,391800.0,2025-07-30,Pending,,,65,0.0,1,No,Yes,2025-07-30,2026-08-27
UPDATE,2026-08-27T00:00:00,2026-08-27,PT0520909,LST0520909,AG01069,LOC0125,Single Family,5,1.5,2862,1008,1901,763400.0,2026-07-19,Active,,,0,0.0,0,No,No,2026-07-19,2026-08-27
UPDATE,2026-08-27T00:00:00,2026-08-27,PT0518554,LST0518554,AG00468,LOC0227,Townhouse,1,2.5,2468,5160,2000,605300.0,2026-07-16,Pending,,,0,265.4,1,Yes,No,2026-07-16,2026-08-27
UPDATE,2026-08-27T00:00:00,2026-08-27,PT0077700,LST0077700,AG00880,LOC0236,Townhouse,2,1.0,2849,2818,1903,463500.0,2025-11-06,Active,,,177,390.0,1,No,No,2025-11-06,2026-08-27
UPDATE,2026-08-27T00:00:00,2026-08-27,PT0563940,LST0563940,AG02249,LOC0145,Land,0,0.0,3312,4959,1965,531600.0,2026-08-25,Active,,,0,0.0,0,No,No,2026-08-25,2026-08-27
UPDATE,2026-08-27T00:00:00,2026-08-27,PT0555402,LST0555402,AG02709,LOC0129,Condo,5,4.0,2198,1700,1930,723000.0,2026-08-18,Active,,,0,263.82,1,No,No,2026-08-18,2026-08-27
UPDATE,2026-08-27T00:00:00,2026-08-27,PT0520010,LST0520010,AG02552,LOC0104,Townhouse,6,2.5,2262,2509,1939,378900.0,2026-07-18,Pending,,,0,326.66,1,No,No,2026-07-18,2026-08-27
UPDATE,2026-08-27T00:00:00,2026-08-27,PT0045799,LST0045799,AG00769,LOC0222,Single Family,6,2.0,2901,6878,1924,343300.0,2025-12-09,Active,,,91,0.0,3,No,Yes,2025-12-09,2026-08-27
UPDATE,2026-08-27T00:00:00,2026-08-27,PT0151709,LST0151709,AG00615,LOC0221,Single Family,4,4.0,2260,1467,1975,158000.0,2023-07-15,Pending,,,169,0.0,0,No,No,2023-07-15,2026-08-27
UPDATE,2026-08-27T00:00:00,2026-08-27,PT0193855,LST0193855,AG02969,LOC0096,Single Family,5,1.5,1366,6075,1943,285900.0,2023-01-13,Sold,250111.17,2026-08-27,1322,0.0,3,No,No,2023-01-13,2026-08-27
UPDATE,2026-08-27T00:00:00,2026-08-27,PT0528299,LST0528299,AG01112,LOC0219,Single Family,4,4.5,811,3457,1930,246800.0,2026-07-25,Pending,,,0,0.0,3,No,No,2026-07-25,2026-08-27
UPDATE,2026-08-27T00:00:00,2026-08-27,PT0187195,LST0187195,AG00578,LOC0188,Multi-Family,4,2.0,4321,6070,2012,994500.0,2023-05-20,Pending,,,24,0.0,2,No,Yes,2023-05-20,2026-08-27
UPDATE,2026-08-27T00:00:00,2026-08-27,PT0314414,LST0314414,AG01560,LOC0140,Single Family,5,1.0,300,1253,1908,81800.0,2023-08-09,Active,,,157,0.0,2,Yes,No,2023-08-09,2026-08-27
UPDATE,2026-08-27T00:00:00,2026-08-27,PT0203266,LST0203266,AG01322,LOC0040,Apartment,5,4.5,770,0,2005,220200.0,2025-10-27,Pending,,,111,118.0,1,Yes,No,2025-10-27,2026-08-27
UPDATE,2026-08-27T00:00:00,2026-08-27,PT0546272,LST0546272,AG00761,LOC0125,Single Family,6,3.0,1575,1810,2012,646900.0,2026-08-09,Active,,,0,0.0,0,No,Yes,2026-08-09,2026-08-27
UPDATE,2026-08-27T00:00:00,2026-08-27,PT0330487,LST0330487,AG02140,LOC0067,Townhouse,3,4.5,1414,13456,2024,192400.0,2024-12-16,Pending,,,140,746.0,1,No,No,2024-12-16,2026-08-27
UPDATE,2026-08-27T00:00:00,2026-08-27,PT0332736,LST0332736,AG01989,LOC0019,Townhouse,3,2.5,2502,8100,1991,434600.0,2023-06-07,Pending,,,170,367.0,1,Yes,No,2023-06-07,2026-08-27
UPDATE,2026-08-27T00:00:00,2026-08-27,PT0541492,LST0541492,AG01776,LOC0128,Single Family,4,1.0,2622,1554,1980,896600.0,2026-08-05,Sold,859988.26,2026-08-27,22,0.0,1,No,No,2026-08-05,2026-08-27
UPDATE,2026-08-27T00:00:00,2026-08-27,PT0551909,LST0551909,AG02759,LOC0044,Condo,3,1.5,673,3400,1962,264100.0,2026-08-15,Pending,,,0,132.66,2,Yes,No,2026-08-15,2026-08-27
UPDATE,2026-08-27T00:00:00,2026-08-27,PT0314542,LST0314542,AG00945,LOC0190,Single Family,1,2.5,1590,2559,1944,354300.0,2023-05-06,Active,,,95,0.0,2,No,Yes,2023-05-06,2026-08-27
UPDATE,2026-08-27T00:00:00,2026-08-27,PT0009727,LST0009727,AG00549,LOC0152,Townhouse,6,1.5,848,4726,1969,220500.0,2023-11-18,Pending,,,21,645.0,3,Yes,No,2023-11-18,2026-08-27
UPDATE,2026-08-27T00:00:00,2026-08-27,PT0351852,LST0351852,AG00387,LOC0114,Single Family,1,4.5,1410,9107,1938,258400.0,2025-08-26,Active,,,47,0.0,2,No,No,2025-08-26,2026-08-27
UPDATE,2026-08-27T00:00:00,2026-08-27,PT0180033,LST0180033,AG02855,LOC0201,Townhouse,6,1.5,2462,4430,2011,639600.0,2024-04-12,Pending,,,173,171.0,1,No,No,2024-04-12,2026-08-27
UPDATE,2026-08-27T00:00:00,2026-08-27,PT0539276,LST0539276,AG02466,LOC0187,Condo,4,1.5,1951,5333,1903,898000.0,2026-08-03,Sold,797123.28,2026-08-27,24,665.07,1,No,No,2026-08-03,2026-08-27
UPDATE,2026-08-27T00:00:00,2026-08-27,PT0504028,LST0504028,AG01071,LOC0068,Single Family,6,2.5,1507,4323,1975,415700.0,2026-07-04,Pending,,,0,0.0,2,No,No,2026-07-04,2026-08-27
UPDATE,2026-08-27T00:00:00,2026-08-27,PT0547294,LST0547294,AG01628,LOC0186,Single Family,5,2.0,3125,4236,1991,595300.0,2026-08-10,Pending,,,0,0.0,3,No,No,2026-08-10,2026-08-27
UPDATE,2026-08-27T00:00:00,2026-08-27,PT0341990,LST0341990,AG00554,LOC0039,Single Family,3,4.5,1662,2887,1982,610300.0,2025-05-26,Pending,,,160,0.0,0,Yes,Yes,2025-05-26,2026-08-27
UPDATE,2026-08-27T00:00:00,2026-08-27,PT0002157,LST0002157,AG02769,LOC0028,Townhouse,3,2.0,777,5451,1978,68000.0,2025-10-01,Sold,70475.02,2026-08-27,330,159.0,1,Yes,No,2025-10-01,2026-08-27
UPDATE,2026-08-27T00:00:00,2026-08-27,PT0443111,LST0443111,AG00865,LOC0151,Townhouse,3,1.0,1583,1510,1928,572500.0,2025-11-07,Pending,,,28,700.0,2,No,No,2025-11-07,2026-08-27
UPDATE,2026-08-27T00:00:00,2026-08-27,PT0200001,LST0200001,AG00259,LOC0058,Single Family,5,4.0,2474,2583,1958,830600.0,2023-10-30,Sold,721578.75,2026-08-27,1032,0.0,3,No,Yes,2023-10-30,2026-08-27
UPDATE,2026-08-27T00:00:00,2026-08-27,PT0501708,LST0501708,AG00150,LOC0246,Apartment,6,2.0,816,0,1982,163800.0,2026-07-02,Active,,,0,501.72,2,No,No,2026-07-02,2026-08-27
UPDATE,2026-08-27T00:00:00,2026-08-27,PT0292936,LST0292936,AG02067,LOC0117,Single Family,2,1.5,2940,1636,1910,986700.0,2024-02-24,Sold,942002.87,2026-08-27,915,0.0,1,No,No,2024-02-24,2026-08-27
UPDATE,2026-08-27T00:00:00,2026-08-27,PT0562720,LST0562720,AG00375,LOC0108,Apartment,6,1.0,1352,0,1919,219400.0,2026-08-24,Pending,,,0,171.23,3,No,No,2026-08-24,2026-08-27
UPDATE,2026-08-27T00:00:00,2026-08-27,PT0223663,LST0223663,AG00112,LOC0149,Land,0,0.0,6039,1689,2014,1243200.0,2025-12-31,Pending,,,22,0.0,0,No,No,2025-12-31,2026-08-27
UPDATE,2026-08-27T00:00:00,2026-08-27,PT0046376,LST0046376,AG00240,LOC0094,Single Family,4,3.0,673,6078,1921,156300.0,2025-12-10,Pending,,,0,0.0,1,No,No,2025-12-10,2026-08-27
UPDATE,2026-08-27T00:00:00,2026-08-27,PT0240271,LST0240271,AG00641,LOC0190,Multi-Family,4,1.5,3534,6718,1963,558100.0,2023-06-01,Pending,,,67,0.0,2,No,Yes,2023-06-01,2026-08-27
UPDATE,2026-08-27T00:00:00,2026-08-27,PT0184821,LST0184821,AG01652,LOC0204,Townhouse,5,1.0,1627,1153,1998,476600.0,2026-02-20,Active,,,45,141.0,3,No,No,2026-02-20,2026-08-27
UPDATE,2026-08-27T00:00:00,2026-08-27,PT0536488,LST0536488,AG01731,LOC0243,Single Family,2,1.0,1797,10497,1963,830400.0,2026-08-01,Active,,,0,0.0,0,No,Yes,2026-08-01,2026-08-27
UPDATE,2026-08-27T00:00:00,2026-08-27,PT0013666,LST0013666,AG02556,LOC0215,Townhouse,3,4.5,2295,7945,1933,1215400.0,2023-01-21,Pending,,,132,433.0,2,Yes,No,2023-01-21,2026-08-27
UPDATE,2026-08-27T00:00:00,2026-08-27,PT0128644,LST0128644,AG02693,LOC0175,Multi-Family,6,1.0,5063,3017,1999,1107200.0,2025-03-17,Sold,1073654.09,2026-08-27,528,0.0,0,No,No,2025-03-17,2026-08-27
UPDATE,2026-08-27T00:00:00,2026-08-27,PT0342803,LST0342803,AG00444,LOC0141,Single Family,2,3.5,1459,9406,1928,342600.0,2025-06-24,Pending,,,8,0.0,3,No,No,2025-06-24,2026-08-27
UPDATE,2026-08-27T00:00:00,2026-08-27,PT0544537,LST0544537,AG02453,LOC0051,Townhouse,4,1.5,2226,1602,1904,134300.0,2026-08-08,Pending,,,0,283.57,3,No,No,2026-08-08,2026-08-27
UPDATE,2026-08-27T00:00:00,2026-08-27,PT0507517,LST0507517,AG00187,LOC0235,Condo,4,4.5,1955,2460,1946,1039900.0,2026-07-06,Pending,,,0,147.87,1,No,No,2026-07-06,2026-08-27
UPDATE,2026-08-27T00:00:00,2026-08-27,PT0408653,LST0408653,AG02834,LOC0003,Single Family,5,2.5,2499,16719,1924,307000.0,2026-06-21,Pending,,,63,0.0,2,No,No,2026-06-21,2026-08-27
UPDATE,2026-08-27T00:00:00,2026-08-27,PT0333952,LST0333952,AG02249,LOC0152,Townhouse,6,2.0,2114,1509,1913,705100.0,2025-01-28,Pending,,,99,297.0,3,No,No,2025-01-28,2026-08-27
UPDATE,2026-08-27T00:00:00,2026-08-27,PT0116764,LST0116764,AG01063,LOC0096,Single Family,5,4.5,1962,3689,1961,724100.0,2025-06-10,Active,,,105,0.0,3,Yes,Yes,2025-06-10,2026-08-27
UPDATE,2026-08-27T00:00:00,2026-08-27,PT0509748,LST0509748,AG02640,LOC0136,Single Family,4,1.5,3234,1171,1938,770700.0,2026-07-08,Active,,,0,0.0,1,No,Yes,2026-07-08,2026-08-27
UPDATE,2026-08-27T00:00:00,2026-08-27,PT0199740,LST0199740,AG02370,LOC0215,Single Family,2,3.5,3425,8595,1931,1652400.0,2024-08-28,Active,,,17,0.0,2,Yes,Yes,2024-08-28,2026-08-27
UPDATE,2026-08-27T00:00:00,2026-08-27,PT0053004,LST0053004,AG00014,LOC0214,Multi-Family,6,1.0,1501,3468,1951,553400.0,2025-01-22,Sold,525065.95,2026-08-27,582,0.0,3,No,No,2025-01-22,2026-08-27
UPDATE,2026-08-27T00:00:00,2026-08-27,PT0417533,LST0417533,AG02354,LOC0129,Townhouse,5,1.5,2064,1212,1987,693100.0,2023-11-16,Sold,713116.05,2026-08-27,1015,361.0,2,No,No,2023-11-16,2026-08-27
UPDATE,2026-08-27T00:00:00,2026-08-27,PT0558006,LST0558006,AG02715,LOC0185,Single Family,3,2.5,1730,1751,1991,752200.0,2026-08-21,Sold,724802.0,2026-08-27,6,0.0,3,No,Yes,2026-08-21,2026-08-27
UPDATE,2026-08-27T00:00:00,2026-08-27,PT0457578,LST0457578,AG02249,LOC0043,Condo,6,1.5,2500,6082,1908,758200.0,2023-01-16,Active,,,166,90.0,1,No,No,2023-01-16,2026-08-27
UPDATE,2026-08-27T00:00:00,2026-08-27,PT0428414,LST0428414,AG02986,LOC0175,Townhouse,2,4.5,815,1621,1941,260500.0,2023-05-01,Pending,,,5,659.0,1,No,No,2023-05-01,2026-08-27
UPDATE,2026-08-27T00:00:00,2026-08-27,PT0556285,LST0556285,AG02572,LOC0045,Multi-Family,2,3.0,2041,3312,1955,548900.0,2026-08-19,Pending,,,0,0.0,1,No,No,2026-08-19,2026-08-27
UPDATE,2026-08-27T00:00:00,2026-08-27,PT0432932,LST0432932,AG01205,LOC0191,Multi-Family,6,4.0,5568,9203,2012,2484000.0,2024-12-18,Sold,2290437.24,2026-08-27,617,0.0,0,No,Yes,2024-12-18,2026-08-27
UPDATE,2026-08-27T00:00:00,2026-08-27,PT0111588,LST0111588,AG02172,LOC0199,Single Family,6,1.0,2427,6904,2006,544700.0,2024-10-15,Sold,564267.29,2026-08-27,681,0.0,2,No,No,2024-10-15,2026-08-27
UPDATE,2026-08-27T00:00:00,2026-08-27,PT0296036,LST0296036,AG01550,LOC0189,Single Family,6,1.5,1982,8415,1930,703800.0,2026-01-17,Pending,,,83,0.0,1,Yes,No,2026-01-17,2026-08-27
UPDATE,2026-08-27T00:00:00,2026-08-27,PT0168553,LST0168553,AG01950,LOC0057,Condo,6,1.0,1579,10031,1969,966300.0,2023-04-17,Active,,,64,640.0,0,No,No,2023-04-17,2026-08-27
UPDATE,2026-08-27T00:00:00,2026-08-27,PT0495002,LST0495002,AG02581,LOC0046,Single Family,4,3.5,2804,2722,1964,763100.0,2025-05-19,Active,,,69,0.0,2,No,No,2025-05-19,2026-08-27
UPDATE,2026-08-27T00:00:00,2026-08-27,PT0529655,LST0529655,AG01043,LOC0113,Single Family,5,3.5,2450,13770,1908,565600.0,2026-07-26,Active,,,0,0.0,0,No,Yes,2026-07-26,2026-08-27
UPDATE,2026-08-27T00:00:00,2026-08-27,PT0527721,LST0527721,AG00533,LOC0004,Single Family,6,3.5,2402,3273,2025,400600.0,2026-07-24,Active,,,0,0.0,1,No,No,2026-07-24,2026-08-27
UPDATE,2026-08-27T00:00:00,2026-08-27,PT0527186,LST0527186,AG01504,LOC0150,Condo,3,2.0,1496,1436,2020,570600.0,2026-07-24,Active,,,0,696.08,2,No,No,2026-07-24,2026-08-27
UPDATE,2026-08-27T00:00:00,2026-08-27,PT0561041,LST0561041,AG02073,LOC0010,Single Family,4,4.0,2505,5379,2020,614800.0,2026-08-23,Active,,,0,0.0,3,No,Yes,2026-08-23,2026-08-27
UPDATE,2026-08-27T00:00:00,2026-08-27,PT0551214,LST0551214,AG00512,LOC0171,Single Family,5,4.5,2166,1269,1902,855700.0,2026-08-15,Active,,,0,0.0,1,No,No,2026-08-15,2026-08-27
UPDATE,2026-08-27T00:00:00,2026-08-27,PT0534139,LST0534139,AG02453,LOC0010,Single Family,3,2.5,1198,3266,2024,535400.0,2026-07-30,Sold,500490.4,2026-08-27,28,0.0,3,No,No,2026-07-30,2026-08-27
UPDATE,2026-08-27T00:00:00,2026-08-27,PT0456675,LST0456675,AG00718,LOC0070,Condo,5,4.5,840,6875,1903,149900.0,2025-12-14,Pending,,,73,435.0,3,No,No,2025-12-14,2026-08-27
UPDATE,2026-08-27T00:00:00,2026-08-27,PT0495503,LST0495503,AG01645,LOC0211,Condo,4,3.5,2598,2954,1912,1150200.0,2024-04-02,Pending,,,40,499.0,2,Yes,No,2024-04-02,2026-08-27
UPDATE,2026-08-27T00:00:00,2026-08-27,PT0349978,LST0349978,AG01500,LOC0125,Single Family,4,1.5,984,5430,1921,296600.0,2024-09-12,Sold,288760.29,2026-08-27,714,0.0,1,No,Yes,2024-09-12,2026-08-27
UPDATE,2026-08-27T00:00:00,2026-08-27,PT0314562,LST0314562,AG01788,LOC0146,Single Family,5,2.5,2880,6863,2021,538500.0,2025-12-18,Sold,522032.62,2026-08-27,252,0.0,1,No,Yes,2025-12-18,2026-08-27
UPDATE,2026-08-27T00:00:00,2026-08-27,PT0008909,LST0008909,AG02762,LOC0023,Townhouse,5,1.0,1338,3739,1952,318300.0,2024-06-30,Active,,,30,432.0,1,Yes,No,2024-06-30,2026-08-27
UPDATE,2026-08-27T00:00:00,2026-08-27,PT0542691,LST0542691,AG00687,LOC0177,Townhouse,3,2.5,2901,6427,1979,1136500.0,2026-08-06,Pending,,,0,765.1,1,Yes,No,2026-08-06,2026-08-27
UPDATE,2026-08-27T00:00:00,2026-08-27,PT0310545,LST0310545,AG02937,LOC0119,Townhouse,4,1.0,1978,1542,1983,666000.0,2026-02-10,Active,,,85,662.0,2,No,No,2026-02-10,2026-08-27
UPDATE,2026-08-27T00:00:00,2026-08-27,PT0064872,LST0064872,AG00210,LOC0213,Single Family,2,1.5,2128,3581,1991,249400.0,2026-04-26,Active,,,60,0.0,1,No,No,2026-04-26,2026-08-27
UPDATE,2026-08-27T00:00:00,2026-08-27,PT0391492,LST0391492,AG01663,LOC0240,Single Family,1,3.5,557,2445,1938,197300.0,2024-01-26,Active,,,174,0.0,2,No,No,2024-01-26,2026-08-27
UPDATE,2026-08-27T00:00:00,2026-08-27,PT0264633,LST0264633,AG01619,LOC0207,Condo,6,3.0,1253,6604,1960,195700.0,2026-06-21,Sold,197737.62,2026-08-27,67,785.0,1,No,No,2026-06-21,2026-08-27
UPDATE,2026-08-27T00:00:00,2026-08-27,PT0242379,LST0242379,AG02001,LOC0150,Single Family,1,1.0,712,6255,1929,124300.0,2026-06-11,Active,,,170,0.0,1,No,No,2026-06-11,2026-08-27
UPDATE,2026-08-27T00:00:00,2026-08-27,PT0448432,LST0448432,AG00933,LOC0193,Townhouse,2,2.5,2208,3921,2011,868100.0,2024-05-07,Pending,,,97,726.0,2,No,No,2024-05-07,2026-08-27
UPDATE,2026-08-27T00:00:00,2026-08-27,PT0049213,LST0049213,AG02219,LOC0179,Condo,6,3.5,2142,1713,2002,301300.0,2025-04-29,Active,,,66,75.0,3,No,No,2025-04-29,2026-08-27
UPDATE,2026-08-27T00:00:00,2026-08-27,PT0344442,LST0344442,AG02313,LOC0160,Apartment,3,3.5,644,0,1959,222200.0,2024-11-10,Sold,246447.33,2026-08-27,655,678.0,1,No,No,2024-11-10,2026-08-27
UPDATE,2026-08-27T00:00:00,2026-08-27,PT0540313,LST0540313,AG01729,LOC0082,Multi-Family,1,1.0,3470,11800,1946,487100.0,2026-08-04,Pending,,,0,0.0,1,No,No,2026-08-04,2026-08-27
UPDATE,2026-08-27T00:00:00,2026-08-27,PT0026029,LST0026029,AG02453,LOC0132,Single Family,6,1.5,2031,4873,1925,384200.0,2023-09-05,Active,,,31,0.0,1,No,No,2023-09-05,2026-08-27
UPDATE,2026-08-27T00:00:00,2026-08-27,PT0451961,LST0451961,AG00767,LOC0212,Townhouse,1,1.0,738,1390,1917,259200.0,2024-08-22,Active,,,168,575.0,0,No,No,2024-08-22,2026-08-27
UPDATE,2026-08-27T00:00:00,2026-08-27,PT0420676,LST0420676,AG01212,LOC0038,Single Family,2,4.0,1595,12441,1916,704500.0,2023-02-03,Pending,,,23,0.0,1,No,No,2023-02-03,2026-08-27
UPDATE,2026-08-27T00:00:00,2026-08-27,PT0155623,LST0155623,AG01369,LOC0123,Single Family,2,2.0,2730,2966,1983,645700.0,2023-10-23,Pending,,,141,0.0,1,No,Yes,2023-10-23,2026-08-27
UPDATE,2026-08-27T00:00:00,2026-08-27,PT0474087,LST0474087,AG02797,LOC0017,Townhouse,6,4.0,937,4904,2010,344000.0,2025-01-09,Active,,,113,515.0,2,No,No,2025-01-09,2026-08-27
UPDATE,2026-08-27T00:00:00,2026-08-27,PT0261506,LST0261506,AG00994,LOC0180,Condo,3,2.5,1874,12372,1987,174300.0,2023-07-11,Sold,171517.54,2026-08-27,1143,129.0,1,No,No,2023-07-11,2026-08-27
UPDATE,2026-08-27T00:00:00,2026-08-27,PT0517450,LST0517450,AG02495,LOC0146,Land,0,0.0,5571,6715,1935,992500.0,2026-07-15,Active,,,0,0.0,0,No,No,2026-07-15,2026-08-27
UPDATE,2026-08-27T00:00:00,2026-08-27,PT0299791,LST0299791,AG01816,LOC0030,Single Family,2,3.5,2272,6385,1983,806600.0,2025-03-19,Pending,,,151,0.0,3,Yes,Yes,2025-03-19,2026-08-27
UPDATE,2026-08-27T00:00:00,2026-08-27,PT0063021,LST0063021,AG01141,LOC0135,Condo,4,4.5,1854,1200,1999,506300.0,2023-12-25,Active,,,137,313.0,0,No,No,2023-12-25,2026-08-27
UPDATE,2026-08-27T00:00:00,2026-08-27,PT0402307,LST0402307,AG00029,LOC0212,Apartment,2,4.0,934,0,2012,454800.0,2025-01-07,Pending,,,125,763.0,2,No,No,2025-01-07,2026-08-27
UPDATE,2026-08-27T00:00:00,2026-08-27,PT0289963,LST0289963,AG00512,LOC0132,Single Family,3,1.0,986,1497,1965,91100.0,2023-08-01,Pending,,,70,0.0,0,No,Yes,2023-08-01,2026-08-27
UPDATE,2026-08-27T00:00:00,2026-08-27,PT0536811,LST0536811,AG01631,LOC0174,Single Family,1,1.0,532,5020,1946,70400.0,2026-08-01,Pending,,,0,0.0,3,No,No,2026-08-01,2026-08-27
UPDATE,2026-08-27T00:00:00,2026-08-27,PT0503854,LST0503854,AG01191,LOC0240,Townhouse,3,2.5,1535,8547,1968,592000.0,2026-07-03,Pending,,,0,796.92,1,No,No,2026-07-03,2026-08-27
UPDATE,2026-08-27T00:00:00,2026-08-27,PT0519194,LST0519194,AG00960,LOC0178,Multi-Family,5,2.0,2160,15246,1972,337700.0,2026-07-17,Active,,,0,0.0,2,Yes,No,2026-07-17,2026-08-27
UPDATE,2026-08-27T00:00:00,2026-08-27,PT0034682,LST0034682,AG00644,LOC0157,Condo,2,2.0,3102,5615,2005,1069100.0,2023-12-06,Active,,,133,441.0,0,No,No,2023-12-06,2026-08-27
UPDATE,2026-08-27T00:00:00,2026-08-27,PT0433069,LST0433069,AG02040,LOC0114,Land,0,0.0,5373,2673,1963,1149700.0,2024-11-24,Pending,,,116,0.0,0,No,No,2024-11-24,2026-08-27
UPDATE,2026-08-27T00:00:00,2026-08-27,PT0330884,LST0330884,AG00012,LOC0053,Single Family,3,1.0,2042,6510,2005,425300.0,2024-02-17,Sold,414882.26,2026-08-27,922,0.0,0,No,Yes,2024-02-17,2026-08-27
UPDATE,2026-08-27T00:00:00,2026-08-27,PT0202185,LST0202185,AG01924,LOC0076,Single Family,1,1.0,2129,2699,1900,292300.0,2025-03-09,Sold,263436.08,2026-08-27,536,0.0,3,Yes,Yes,2025-03-09,2026-08-27
UPDATE,2026-08-27T00:00:00,2026-08-27,PT0517926,LST0517926,AG00873,LOC0206,Townhouse,6,2.5,2389,1794,1951,1239900.0,2026-07-15,Pending,,,0,724.92,0,No,No,2026-07-15,2026-08-27
UPDATE,2026-08-27T00:00:00,2026-08-27,PT0455201,LST0455201,AG02090,LOC0142,Townhouse,6,2.0,912,2988,1949,166000.0,2024-02-27,Pending,,,4,687.0,3,No,No,2024-02-27,2026-08-27
UPDATE,2026-08-27T00:00:00,2026-08-27,PT0490724,LST0490724,AG01242,LOC0212,Condo,4,4.5,1503,4777,2021,581800.0,2024-09-16,Sold,536404.7,2026-08-27,710,110.0,1,Yes,No,2024-09-16,2026-08-27
UPDATE,2026-08-27T00:00:00,2026-08-27,PT0430085,LST0430085,AG02035,LOC0234,Townhouse,2,2.0,2550,4002,1925,996200.0,2026-05-16,Sold,996916.71,2026-08-27,103,771.0,0,No,No,2026-05-16,2026-08-27
UPDATE,2026-08-27T00:00:00,2026-08-27,PT0462867,LST0462867,AG00769,LOC0166,Single Family,6,3.5,1780,3837,2004,524400.0,2026-01-15,Pending,,,85,0.0,1,No,Yes,2026-01-15,2026-08-27
UPDATE,2026-08-27T00:00:00,2026-08-27,PT0352974,LST0352974,AG00643,LOC0052,Condo,6,4.5,1902,4818,1913,395000.0,2023-07-15,Sold,415332.87,2026-08-27,1139,343.0,0,No,No,2023-07-15,2026-08-27
UPDATE,2026-08-27T00:00:00,2026-08-27,PT0531513,LST0531513,AG00871,LOC0095,Condo,4,4.0,1603,10282,1965,723000.0,2026-07-28,Active,,,0,75.29,0,No,No,2026-07-28,2026-08-27
UPDATE,2026-08-27T00:00:00,2026-08-27,PT0501632,LST0501632,AG01559,LOC0118,Single Family,1,4.5,1609,2330,1932,307100.0,2026-07-02,Active,,,0,0.0,1,No,Yes,2026-07-02,2026-08-27
UPDATE,2026-08-27T00:00:00,2026-08-27,PT0543206,LST0543206,AG00159,LOC0186,Single Family,4,1.5,2553,6248,2014,830900.0,2026-08-07,Active,,,0,0.0,2,No,No,2026-08-07,2026-08-27
UPDATE,2026-08-27T00:00:00,2026-08-27,PT0361198,LST0361198,AG01526,LOC0249,Single Family,3,1.5,2214,3145,1962,199900.0,2025-05-19,Active,,,121,0.0,3,No,No,2025-05-19,2026-08-27
UPDATE,2026-08-27T00:00:00,2026-08-27,PT0464958,LST0464958,AG02880,LOC0097,Single Family,4,2.0,1304,2389,1978,478000.0,2024-07-17,Sold,481730.59,2026-08-27,771,0.0,2,No,Yes,2024-07-17,2026-08-27
UPDATE,2026-08-27T00:00:00,2026-08-27,PT0547161,LST0547161,AG01072,LOC0153,Multi-Family,1,2.5,1712,4270,1961,742900.0,2026-08-10,Active,,,0,0.0,3,No,No,2026-08-10,2026-08-27
UPDATE,2026-08-27T00:00:00,2026-08-27,PT0345120,LST0345120,AG00077,LOC0074,Single Family,2,1.0,2011,2537,1917,584600.0,2026-04-28,Active,,,68,0.0,0,No,No,2026-04-28,2026-08-27
UPDATE,2026-08-27T00:00:00,2026-08-27,PT0535187,LST0535187,AG00285,LOC0004,Single Family,4,1.0,2963,11952,1983,196000.0,2026-07-31,Pending,,,0,0.0,2,No,No,2026-07-31,2026-08-27
UPDATE,2026-08-27T00:00:00,2026-08-27,PT0101329,LST0101329,AG01946,LOC0213,Single Family,4,3.0,1783,2615,1913,227900.0,2025-05-01,Active,,,100,0.0,1,No,Yes,2025-05-01,2026-08-27
UPDATE,2026-08-27T00:00:00,2026-08-27,PT0465015,LST0465015,AG01744,LOC0217,Apartment,5,1.0,444,0,1911,56800.0,2024-06-12,Pending,,,104,165.0,0,No,No,2024-06-12,2026-08-27
UPDATE,2026-08-27T00:00:00,2026-08-27,PT0457685,LST0457685,AG00251,LOC0010,Single Family,2,2.0,2156,3609,2023,679700.0,2025-01-11,Pending,,,69,0.0,3,Yes,Yes,2025-01-11,2026-08-27
UPDATE,2026-08-27T00:00:00,2026-08-27,PT0104179,LST0104179,AG02515,LOC0205,Condo,5,1.0,1253,1171,1991,616100.0,2026-03-25,Sold,596852.88,2026-08-27,155,721.0,2,No,No,2026-03-25,2026-08-27
UPDATE,2026-08-27T00:00:00,2026-08-27,PT0185493,LST0185493,AG01881,LOC0210,Townhouse,5,3.5,1711,7211,1978,572500.0,2023-10-11,Sold,560795.1,2026-08-27,1051,296.0,1,No,No,2023-10-11,2026-08-27
UPDATE,2026-08-27T00:00:00,2026-08-27,PT0155457,LST0155457,AG02928,LOC0008,Single Family,3,1.5,1554,4979,1944,232000.0,2026-02-28,Pending,,,78,0.0,0,Yes,No,2026-02-28,2026-08-27
UPDATE,2026-08-27T00:00:00,2026-08-27,PT0053269,LST0053269,AG01016,LOC0073,Single Family,4,2.0,1206,7954,2018,453300.0,2023-08-14,Pending,,,41,0.0,1,Yes,Yes,2023-08-14,2026-08-27
UPDATE,2026-08-27T00:00:00,2026-08-27,PT0550657,LST0550657,AG01779,LOC0087,Apartment,2,2.0,1069,0,2010,480400.0,2026-08-14,Active,,,0,188.55,3,No,No,2026-08-14,2026-08-27
UPDATE,2026-08-27T00:00:00,2026-08-27,PT0130392,LST0130392,AG01909,LOC0117,Multi-Family,6,1.5,3403,9885,1949,299500.0,2026-02-19,Pending,,,33,0.0,2,No,No,2026-02-19,2026-08-27
UPDATE,2026-08-27T00:00:00,2026-08-27,PT0547939,LST0547939,AG01962,LOC0206,Single Family,3,2.5,1470,4007,2020,483400.0,2026-08-11,Pending,,,0,0.0,2,No,Yes,2026-08-11,2026-08-27
UPDATE,2026-08-27T00:00:00,2026-08-27,PT0171713,LST0171713,AG01065,LOC0125,Multi-Family,4,1.5,2552,3882,1986,578100.0,2024-05-21,Sold,522711.83,2026-08-27,828,0.0,2,Yes,Yes,2024-05-21,2026-08-27
UPDATE,2026-08-27T00:00:00,2026-08-27,PT0074576,LST0074576,AG02562,LOC0224,Single Family,3,4.5,1297,1730,1985,517100.0,2023-10-23,Pending,,,156,0.0,3,No,Yes,2023-10-23,2026-08-27
UPDATE,2026-08-27T00:00:00,2026-08-27,PT0553906,LST0553906,AG00467,LOC0060,Condo,4,2.0,1639,1537,1952,433700.0,2026-08-17,Pending,,,0,407.85,2,No,No,2026-08-17,2026-08-27
UPDATE,2026-08-27T00:00:00,2026-08-27,PT0090294,LST0090294,AG02257,LOC0225,Single Family,4,1.0,1296,7537,1919,401900.0,2025-03-11,Sold,364815.55,2026-08-27,534,0.0,1,Yes,No,2025-03-11,2026-08-27
UPDATE,2026-08-27T00:00:00,2026-08-27,PT0106293,LST0106293,AG00016,LOC0222,Land,0,0.0,4303,1630,1900,857300.0,2024-01-04,Pending,,,178,0.0,0,No,No,2024-01-04,2026-08-27
UPDATE,2026-08-27T00:00:00,2026-08-27,PT0167200,LST0167200,AG00521,LOC0066,Single Family,2,2.5,2590,3773,1935,518300.0,2023-01-15,Pending,,,77,0.0,2,No,No,2023-01-15,2026-08-27
UPDATE,2026-08-27T00:00:00,2026-08-27,PT0547991,LST0547991,AG01795,LOC0065,Condo,6,4.0,2571,1698,1978,813200.0,2026-08-11,Active,,,0,377.75,3,No,No,2026-08-11,2026-08-27
UPDATE,2026-08-27T00:00:00,2026-08-27,PT0309319,LST0309319,AG01575,LOC0247,Multi-Family,6,2.5,3894,6048,1979,689100.0,2023-12-02,Pending,,,144,0.0,0,Yes,No,2023-12-02,2026-08-27
UPDATE,2026-08-27T00:00:00,2026-08-27,PT0128579,LST0128579,AG00928,LOC0122,Townhouse,3,3.0,2763,1101,2002,816700.0,2026-06-10,Pending,,,160,522.0,1,No,No,2026-06-10,2026-08-27
UPDATE,2026-08-27T00:00:00,2026-08-27,PT0337337,LST0337337,AG02279,LOC0150,Land,0,0.0,3935,7299,1906,1402400.0,2024-03-04,Pending,,,92,0.0,0,No,No,2024-03-04,2026-08-27
UPDATE,2026-08-27T00:00:00,2026-08-27,PT0393666,LST0393666,AG02186,LOC0174,Condo,2,2.5,1597,1937,1987,503300.0,2025-06-13,Pending,,,22,56.0,0,No,No,2025-06-13,2026-08-27
UPDATE,2026-08-27T00:00:00,2026-08-27,PT0049093,LST0049093,AG01861,LOC0125,Townhouse,3,2.5,1309,4651,1910,271000.0,2023-01-15,Active,,,39,59.0,1,Yes,No,2023-01-15,2026-08-27
UPDATE,2026-08-27T00:00:00,2026-08-27,PT0554592,LST0554592,AG00087,LOC0236,Townhouse,1,2.5,2400,6552,1913,170000.0,2026-08-17,Active,,,0,707.36,0,No,No,2026-08-17,2026-08-27
UPDATE,2026-08-27T00:00:00,2026-08-27,PT0316727,LST0316727,AG01438,LOC0020,Townhouse,1,2.5,2343,5741,1908,684800.0,2023-11-01,Sold,698931.39,2026-08-27,1030,260.0,1,No,No,2023-11-01,2026-08-27
UPDATE,2026-08-27T00:00:00,2026-08-27,PT0077417,LST0077417,AG02221,LOC0178,Townhouse,1,3.0,1823,2730,1941,298300.0,2023-01-11,Sold,297927.26,2026-08-27,1324,358.0,0,No,No,2023-01-11,2026-08-27
UPDATE,2026-08-27T00:00:00,2026-08-27,PT0045388,LST0045388,AG00290,LOC0074,Condo,5,2.0,1148,3684,1905,419500.0,2025-04-24,Active,,,123,681.0,3,No,No,2025-04-24,2026-08-27
UPDATE,2026-08-27T00:00:00,2026-08-27,PT0524543,LST0524543,AG02547,LOC0231,Multi-Family,3,3.5,2011,2270,1941,334100.0,2026-07-22,Sold,336063.27,2026-08-27,36,0.0,0,Yes,No,2026-07-22,2026-08-27
UPDATE,2026-08-27T00:00:00,2026-08-27,PT0185414,LST0185414,AG01995,LOC0182,Single Family,2,1.0,753,4834,1975,248100.0,2023-05-04,Active,,,51,0.0,0,Yes,No,2023-05-04,2026-08-27
UPDATE,2026-08-27T00:00:00,2026-08-27,PT0387034,LST0387034,AG02645,LOC0184,Condo,1,4.0,300,5691,2005,138700.0,2024-01-28,Active,,,72,779.0,3,No,No,2024-01-28,2026-08-27
UPDATE,2026-08-27T00:00:00,2026-08-27,PT0341821,LST0341821,AG01869,LOC0053,Single Family,4,2.5,1989,1040,1935,1051700.0,2025-11-13,Sold,1028923.97,2026-08-27,287,0.0,3,No,Yes,2025-11-13,2026-08-27
UPDATE,2026-08-27T00:00:00,2026-08-27,PT0527728,LST0527728,AG01381,LOC0148,Condo,6,3.0,1807,7183,1992,318100.0,2026-07-24,Pending,,,0,157.27,2,No,No,2026-07-24,2026-08-27
UPDATE,2026-08-27T00:00:00,2026-08-27,PT0486481,LST0486481,AG00595,LOC0211,Townhouse,6,3.5,2475,2127,1947,826600.0,2025-08-10,Active,,,73,163.0,0,No,No,2025-08-10,2026-08-27
UPDATE,2026-08-27T00:00:00,2026-08-27,PT0318050,LST0318050,AG00692,LOC0171,Single Family,2,3.0,1197,1196,1975,211000.0,2023-04-19,Pending,,,54,0.0,3,Yes,Yes,2023-04-19,2026-08-27
UPDATE,2026-08-27T00:00:00,2026-08-27,PT0245782,LST0245782,AG02955,LOC0105,Townhouse,3,1.0,2533,4650,1973,610400.0,2023-01-27,Active,,,58,215.0,2,No,No,2023-01-27,2026-08-27
UPDATE,2026-08-27T00:00:00,2026-08-27,PT0112074,LST0112074,AG02858,LOC0057,Apartment,6,2.0,1274,0,1943,685700.0,2024-10-02,Pending,,,56,150.0,0,No,No,2024-10-02,2026-08-27
UPDATE,2026-08-27T00:00:00,2026-08-27,PT0383932,LST0383932,AG00719,LOC0047,Condo,1,4.0,2294,12146,1967,638000.0,2025-02-08,Sold,579170.62,2026-08-27,565,373.0,3,No,No,2025-02-08,2026-08-27
UPDATE,2026-08-27T00:00:00,2026-08-27,PT0002465,LST0002465,AG00391,LOC0021,Apartment,3,4.0,978,0,1996,187800.0,2023-09-23,Pending,,,26,273.0,1,No,No,2023-09-23,2026-08-27
UPDATE,2026-08-27T00:00:00,2026-08-27,PT0032288,LST0032288,AG00139,LOC0172,Single Family,4,3.5,2841,4446,2010,560400.0,2024-09-13,Pending,,,7,0.0,0,No,No,2024-09-13,2026-08-27
UPDATE,2026-08-27T00:00:00,2026-08-27,PT0017550,LST0017550,AG02546,LOC0188,Apartment,5,2.0,1112,0,1903,277700.0,2025-07-18,Active,,,163,734.0,0,Yes,No,2025-07-18,2026-08-27
UPDATE,2026-08-27T00:00:00,2026-08-27,PT0150645,LST0150645,AG02094,LOC0012,Single Family,2,1.0,1077,3790,1988,543400.0,2026-01-30,Pending,,,160,0.0,2,No,Yes,2026-01-30,2026-08-27
UPDATE,2026-08-27T00:00:00,2026-08-27,PT0277498,LST0277498,AG02538,LOC0081,Land,0,0.0,4519,6930,1942,516000.0,2025-09-21,Sold,474190.73,2026-08-27,340,0.0,0,No,No,2025-09-21,2026-08-27
UPDATE,2026-08-27T00:00:00,2026-08-27,PT0457342,LST0457342,AG01261,LOC0095,Townhouse,2,4.0,584,1500,1907,200100.0,2023-02-26,Pending,,,17,391.0,3,No,No,2023-02-26,2026-08-27
UPDATE,2026-08-27T00:00:00,2026-08-27,PT0405902,LST0405902,AG00058,LOC0007,Condo,4,2.0,1445,3702,1944,499800.0,2023-01-04,Active,,,133,224.0,0,No,No,2023-01-04,2026-08-27
UPDATE,2026-08-27T00:00:00,2026-08-27,PT0182010,LST0182010,AG02711,LOC0156,Multi-Family,4,3.5,3261,2533,1911,1370500.0,2023-04-24,Pending,,,83,0.0,0,No,Yes,2023-04-24,2026-08-27
UPDATE,2026-08-27T00:00:00,2026-08-27,PT0523623,LST0523623,AG02827,LOC0170,Single Family,6,1.5,919,10220,2021,351000.0,2026-07-21,Sold,338131.74,2026-08-27,37,0.0,1,No,Yes,2026-07-21,2026-08-27
UPDATE,2026-08-27T00:00:00,2026-08-27,PT0514666,LST0514666,AG00755,LOC0130,Single Family,3,2.0,973,2367,1982,218600.0,2026-07-13,Active,,,0,0.0,1,Yes,No,2026-07-13,2026-08-27
UPDATE,2026-08-27T00:00:00,2026-08-27,PT0007654,LST0007654,AG01587,LOC0162,Townhouse,4,4.0,2920,13530,1992,660500.0,2026-04-11,Active,,,166,542.0,1,No,No,2026-04-11,2026-08-27
UPDATE,2026-08-27T00:00:00,2026-08-27,PT0054648,LST0054648,AG00649,LOC0247,Townhouse,1,4.0,1604,4897,2019,475100.0,2023-07-12,Pending,,,31,649.0,2,Yes,No,2023-07-12,2026-08-27
UPDATE,2026-08-27T00:00:00,2026-08-27,PT0525903,LST0525903,AG02574,LOC0241,Single Family,3,4.5,2344,1593,1940,253700.0,2026-07-23,Pending,,,0,0.0,1,No,Yes,2026-07-23,2026-08-27
UPDATE,2026-08-27T00:00:00,2026-08-27,PT0366067,LST0366067,AG01636,LOC0206,Townhouse,1,4.0,1189,6571,2015,660400.0,2023-10-07,Pending,,,145,136.0,2,No,No,2023-10-07,2026-08-27
UPDATE,2026-08-27T00:00:00,2026-08-27,PT0556430,LST0556430,AG00172,LOC0130,Land,0,0.0,2889,1053,2023,824500.0,2026-08-19,Sold,776249.25,2026-08-27,8,0.0,0,No,No,2026-08-19,2026-08-27
UPDATE,2026-08-27T00:00:00,2026-08-27,PT0305023,LST0305023,AG02227,LOC0057,Single Family,2,4.5,2217,5569,1965,1317300.0,2026-04-09,Active,,,37,0.0,2,No,Yes,2026-04-09,2026-08-27
UPDATE,2026-08-27T00:00:00,2026-08-27,PT0225771,LST0225771,AG02202,LOC0110,Land,0,0.0,2173,21800,1959,746100.0,2023-01-04,Pending,,,72,0.0,0,No,No,2023-01-04,2026-08-27
UPDATE,2026-08-27T00:00:00,2026-08-27,PT0530203,LST0530203,AG00300,LOC0103,Single Family,5,3.5,1789,4276,1935,349900.0,2026-07-27,Sold,324853.58,2026-08-27,31,0.0,3,No,No,2026-07-27,2026-08-27
UPDATE,2026-08-27T00:00:00,2026-08-27,PT0186624,LST0186624,AG00062,LOC0076,Condo,6,4.0,1525,17710,1955,427100.0,2025-05-29,Active,,,158,475.0,3,No,No,2025-05-29,2026-08-27
UPDATE,2026-08-27T00:00:00,2026-08-27,PT0285805,LST0285805,AG02422,LOC0049,Single Family,4,4.5,2897,5491,2000,597800.0,2025-08-09,Pending,,,111,0.0,3,No,Yes,2025-08-09,2026-08-27
UPDATE,2026-08-27T00:00:00,2026-08-27,PT0374310,LST0374310,AG00375,LOC0157,Townhouse,3,3.0,1987,11841,2017,614200.0,2023-12-06,Sold,598521.95,2026-08-27,995,532.0,1,No,No,2023-12-06,2026-08-27
UPDATE,2026-08-27T00:00:00,2026-08-27,PT0517050,LST0517050,AG00563,LOC0237,Multi-Family,6,3.0,3558,12850,2015,666900.0,2026-07-14,Pending,,,0,0.0,2,No,Yes,2026-07-14,2026-08-27
UPDATE,2026-08-27T00:00:00,2026-08-27,PT0396317,LST0396317,AG00282,LOC0053,Single Family,5,3.0,2515,2391,1943,543800.0,2023-08-01,Pending,,,173,0.0,0,Yes,Yes,2023-08-01,2026-08-27
UPDATE,2026-08-27T00:00:00,2026-08-27,PT0286103,LST0286103,AG01068,LOC0004,Single Family,2,1.0,1973,2941,1986,170100.0,2024-03-08,Active,,,60,0.0,3,No,No,2024-03-08,2026-08-27
UPDATE,2026-08-27T00:00:00,2026-08-27,PT0293829,LST0293829,AG01226,LOC0165,Condo,1,3.0,1394,1648,2019,896700.0,2025-09-12,Pending,,,157,779.0,0,Yes,No,2025-09-12,2026-08-27
UPDATE,2026-08-27T00:00:00,2026-08-27,PT0271479,LST0271479,AG02449,LOC0020,Single Family,6,2.5,810,6385,1947,142600.0,2023-08-21,Active,,,41,0.0,3,No,No,2023-08-21,2026-08-27
UPDATE,2026-08-27T00:00:00,2026-08-27,PT0008408,LST0008408,AG02003,LOC0242,Condo,4,1.5,1550,3207,1935,442600.0,2023-10-03,Active,,,45,670.0,0,No,No,2023-10-03,2026-08-27
UPDATE,2026-08-27T00:00:00,2026-08-27,PT0546482,LST0546482,AG02520,LOC0050,Multi-Family,6,2.5,3774,7428,1901,612900.0,2026-08-10,Active,,,0,0.0,3,No,No,2026-08-10,2026-08-27
UPDATE,2026-08-27T00:00:00,2026-08-27,PT0097348,LST0097348,AG00352,LOC0137,Townhouse,3,2.5,1431,3575,1977,172800.0,2025-01-13,Active,,,127,523.0,3,No,No,2025-01-13,2026-08-27
UPDATE,2026-08-27T00:00:00,2026-08-27,PT0453073,LST0453073,AG00426,LOC0078,Single Family,6,2.0,2443,6614,2020,972300.0,2025-07-17,Pending,,,74,0.0,0,No,No,2025-07-17,2026-08-27
UPDATE,2026-08-27T00:00:00,2026-08-27,PT0054852,LST0054852,AG01190,LOC0065,Condo,5,1.5,2322,1098,1912,304000.0,2025-01-10,Active,,,9,330.0,0,No,No,2025-01-10,2026-08-27
UPDATE,2026-08-27T00:00:00,2026-08-27,PT0548686,LST0548686,AG02435,LOC0239,Multi-Family,4,3.5,5060,7136,1982,1037700.0,2026-08-12,Pending,,,0,0.0,2,No,No,2026-08-12,2026-08-27
UPDATE,2026-08-27T00:00:00,2026-08-27,PT0448978,LST0448978,AG02659,LOC0093,Condo,2,3.0,864,1632,2003,196500.0,2024-12-01,Pending,,,176,786.0,1,No,No,2024-12-01,2026-08-27
UPDATE,2026-08-27T00:00:00,2026-08-27,PT0285501,LST0285501,AG02884,LOC0030,Single Family,6,1.0,882,2817,1938,175900.0,2023-06-07,Pending,,,77,0.0,2,No,Yes,2023-06-07,2026-08-27
UPDATE,2026-08-27T00:00:00,2026-08-27,PT0140053,LST0140053,AG01595,LOC0022,Townhouse,5,1.5,2234,6705,1991,1056500.0,2024-11-29,Pending,,,143,82.0,1,No,No,2024-11-29,2026-08-27
UPDATE,2026-08-27T00:00:00,2026-08-27,PT0164126,LST0164126,AG01345,LOC0174,Condo,3,2.5,1026,3643,2012,206800.0,2026-06-17,Active,,,149,550.0,1,No,No,2026-06-17,2026-08-27
UPDATE,2026-08-27T00:00:00,2026-08-27,PT0522454,LST0522454,AG00729,LOC0152,Multi-Family,5,2.5,2642,5702,2022,521100.0,2026-07-20,Pending,,,0,0.0,2,No,No,2026-07-20,2026-08-27
UPDATE,2026-08-27T00:00:00,2026-08-27,PT0207579,LST0207579,AG02420,LOC0006,Single Family,5,2.5,2516,4785,1960,370700.0,2025-11-08,Active,,,177,0.0,1,No,Yes,2025-11-08,2026-08-27
UPDATE,2026-08-27T00:00:00,2026-08-27,PT0071595,LST0071595,AG01745,LOC0021,Condo,4,1.5,300,6749,1911,20100.0,2026-04-19,Active,,,23,363.0,3,No,No,2026-04-19,2026-08-27
UPDATE,2026-08-27T00:00:00,2026-08-27,PT0555062,LST0555062,AG01288,LOC0203,Condo,6,1.0,2037,2651,1914,199600.0,2026-08-18,Active,,,0,257.57,3,No,No,2026-08-18,2026-08-27
UPDATE,2026-08-27T00:00:00,2026-08-27,PT0379404,LST0379404,AG01019,LOC0238,Single Family,6,4.5,1292,4292,1991,418400.0,2024-08-09,Pending,,,7,0.0,2,No,No,2024-08-09,2026-08-27
UPDATE,2026-08-27T00:00:00,2026-08-27,PT0489278,LST0489278,AG00547,LOC0150,Single Family,4,1.0,1835,1961,1902,447000.0,2025-12-11,Pending,,,147,0.0,3,Yes,No,2025-12-11,2026-08-27
UPDATE,2026-08-27T00:00:00,2026-08-27,PT0301486,LST0301486,AG02866,LOC0198,Apartment,6,4.5,1574,0,1998,256200.0,2025-10-11,Active,,,157,364.0,3,No,No,2025-10-11,2026-08-27
UPDATE,2026-08-27T00:00:00,2026-08-27,PT0547378,LST0547378,AG02270,LOC0206,Multi-Family,6,1.5,3749,3611,1949,965000.0,2026-08-11,Sold,947973.95,2026-08-27,16,0.0,1,No,No,2026-08-11,2026-08-27
UPDATE,2026-08-27T00:00:00,2026-08-27,PT0215467,LST0215467,AG00231,LOC0153,Apartment,2,4.0,180,0,1976,78400.0,2025-11-20,Pending,,,86,528.0,3,No,No,2025-11-20,2026-08-27
UPDATE,2026-08-27T00:00:00,2026-08-27,PT0517838,LST0517838,AG02298,LOC0005,Single Family,1,1.0,1628,2947,1933,511100.0,2026-07-15,Active,,,0,0.0,3,No,Yes,2026-07-15,2026-08-27
UPDATE,2026-08-27T00:00:00,2026-08-27,PT0064698,LST0064698,AG00248,LOC0248,Land,0,0.0,4774,1252,2021,1340800.0,2026-03-11,Pending,,,114,0.0,0,No,No,2026-03-11,2026-08-27
UPDATE,2026-08-27T00:00:00,2026-08-27,PT0066621,LST0066621,AG00741,LOC0171,Single Family,4,1.0,1486,9114,1905,465800.0,2024-08-13,Sold,466552.22,2026-08-27,744,0.0,3,No,Yes,2024-08-13,2026-08-27
UPDATE,2026-08-27T00:00:00,2026-08-27,PT0405391,LST0405391,AG01768,LOC0205,Single Family,2,2.5,740,5372,1980,224700.0,2024-04-07,Pending,,,131,0.0,2,No,No,2024-04-07,2026-08-27
UPDATE,2026-08-27T00:00:00,2026-08-27,PT0521384,LST0521384,AG01930,LOC0039,Condo,4,4.5,1876,1394,1961,1120200.0,2026-07-19,Sold,1085131.9,2026-08-27,39,637.28,3,No,No,2026-07-19,2026-08-27
UPDATE,2026-08-27T00:00:00,2026-08-27,PT0439613,LST0439613,AG01437,LOC0144,Condo,6,4.5,2139,3413,1902,622100.0,2024-12-23,Pending,,,100,244.0,2,No,No,2024-12-23,2026-08-27
UPDATE,2026-08-27T00:00:00,2026-08-27,PT0094444,LST0094444,AG02569,LOC0159,Single Family,6,2.0,3784,3891,1996,594700.0,2025-11-16,Pending,,,108,0.0,2,No,No,2025-11-16,2026-08-27
UPDATE,2026-08-27T00:00:00,2026-08-27,PT0261163,LST0261163,AG00077,LOC0177,Apartment,3,3.0,1621,0,1950,788400.0,2025-12-01,Pending,,,117,387.0,3,No,No,2025-12-01,2026-08-27
UPDATE,2026-08-27T00:00:00,2026-08-27,PT0395574,LST0395574,AG00219,LOC0196,Condo,2,2.0,1994,1984,2020,385600.0,2025-08-17,Pending,,,167,479.0,3,No,No,2025-08-17,2026-08-27
UPDATE,2026-08-27T00:00:00,2026-08-27,PT0299849,LST0299849,AG02971,LOC0023,Condo,2,1.0,1052,1772,1992,275200.0,2023-10-08,Sold,246532.24,2026-08-27,1054,348.0,2,No,No,2023-10-08,2026-08-27
UPDATE,2026-08-27T00:00:00,2026-08-27,PT0430476,LST0430476,AG00664,LOC0186,Single Family,6,4.5,1920,4678,1933,324400.0,2025-06-19,Pending,,,129,0.0,3,No,No,2025-06-19,2026-08-27
UPDATE,2026-08-27T00:00:00,2026-08-27,PT0510925,LST0510925,AG01000,LOC0095,Condo,3,3.0,300,4742,1910,106400.0,2026-07-09,Active,,,0,125.34,1,No,No,2026-07-09,2026-08-27
UPDATE,2026-08-27T00:00:00,2026-08-27,PT0468544,LST0468544,AG01789,LOC0160,Multi-Family,2,4.5,2774,1696,1932,726000.0,2023-10-17,Active,,,161,0.0,3,No,No,2023-10-17,2026-08-27
UPDATE,2026-08-27T00:00:00,2026-08-27,PT0204246,LST0204246,AG01531,LOC0013,Single Family,6,1.5,1885,5807,1912,262600.0,2024-12-27,Active,,,13,0.0,2,Yes,Yes,2024-12-27,2026-08-27
UPDATE,2026-08-27T00:00:00,2026-08-27,PT0551289,LST0551289,AG00793,LOC0145,Land,0,0.0,3420,8251,2015,1314900.0,2026-08-15,Active,,,0,0.0,0,No,No,2026-08-15,2026-08-27
UPDATE,2026-08-27T00:00:00,2026-08-27,PT0299289,LST0299289,AG02024,LOC0098,Land,0,0.0,6208,5746,2008,1988600.0,2024-03-28,Pending,,,93,0.0,0,No,No,2024-03-28,2026-08-27
UPDATE,2026-08-27T00:00:00,2026-08-27,PT0524599,LST0524599,AG02870,LOC0152,Single Family,4,3.0,2747,1107,1984,669900.0,2026-07-22,Active,,,0,0.0,0,No,No,2026-07-22,2026-08-27
UPDATE,2026-08-27T00:00:00,2026-08-27,PT0432007,LST0432007,AG02387,LOC0131,Single Family,2,3.0,2823,1422,1972,507200.0,2025-01-25,Active,,,55,0.0,0,No,No,2025-01-25,2026-08-27
UPDATE,2026-08-27T00:00:00,2026-08-27,PT0467123,LST0467123,AG02300,LOC0176,Single Family,2,1.5,1275,3494,2003,575200.0,2024-06-04,Pending,,,133,0.0,3,No,Yes,2024-06-04,2026-08-27
UPDATE,2026-08-27T00:00:00,2026-08-27,PT0555628,LST0555628,AG00967,LOC0003,Single Family,2,2.0,3117,5297,1928,230000.0,2026-08-18,Active,,,0,0.0,3,Yes,Yes,2026-08-18,2026-08-27
UPDATE,2026-08-27T00:00:00,2026-08-27,PT0135689,LST0135689,AG02708,LOC0152,Land,0,0.0,4243,1701,1977,1154200.0,2023-02-06,Pending,,,169,0.0,0,No,No,2023-02-06,2026-08-27
UPDATE,2026-08-27T00:00:00,2026-08-27,PT0513320,LST0513320,AG02109,LOC0030,Single Family,3,2.0,2208,1269,1973,706500.0,2026-07-12,Active,,,0,0.0,3,No,No,2026-07-12,2026-08-27
UPDATE,2026-08-27T00:00:00,2026-08-27,PT0204039,LST0204039,AG02805,LOC0018,Single Family,1,4.5,2419,1393,1938,882600.0,2023-09-26,Pending,,,28,0.0,1,No,Yes,2023-09-26,2026-08-27
UPDATE,2026-08-27T00:00:00,2026-08-27,PT0047268,LST0047268,AG02531,LOC0194,Townhouse,5,4.5,1829,14256,1986,716500.0,2023-05-30,Sold,671215.19,2026-08-27,1185,142.0,0,No,No,2023-05-30,2026-08-27
UPDATE,2026-08-27T00:00:00,2026-08-27,PT0243108,LST0243108,AG00885,LOC0068,Condo,2,2.0,951,1876,1928,446100.0,2026-03-17,Pending,,,10,250.0,0,No,No,2026-03-17,2026-08-27
UPDATE,2026-08-27T00:00:00,2026-08-27,PT0263855,LST0263855,AG00916,LOC0060,Single Family,4,4.5,2326,4256,1972,718600.0,2024-05-08,Pending,,,74,0.0,3,No,No,2024-05-08,2026-08-27
UPDATE,2026-08-27T00:00:00,2026-08-27,PT0565416,LST0565416,AG00043,LOC0001,Single Family,3,1.5,3362,1359,2001,855200.0,2026-08-27,Sold,763520.46,2026-08-27,0,0.0,3,No,No,2026-08-27,2026-08-27
UPDATE,2026-08-27T00:00:00,2026-08-27,PT0272622,LST0272622,AG02520,LOC0073,Single Family,6,1.0,300,7250,1962,102900.0,2024-05-14,Pending,,,121,0.0,0,No,Yes,2024-05-14,2026-08-27
UPDATE,2026-08-27T00:00:00,2026-08-27,PT0449480,LST0449480,AG02863,LOC0065,Condo,3,3.5,2213,24035,1924,432200.0,2025-05-23,Sold,435843.8,2026-08-27,461,589.0,2,No,No,2025-05-23,2026-08-27
UPDATE,2026-08-27T00:00:00,2026-08-27,PT0555664,LST0555664,AG00515,LOC0155,Apartment,4,1.0,914,0,1981,181700.0,2026-08-18,Pending,,,0,457.99,3,No,No,2026-08-18,2026-08-27
UPDATE,2026-08-27T00:00:00,2026-08-27,PT0356229,LST0356229,AG01161,LOC0071,Single Family,6,2.0,1420,4166,2008,847000.0,2026-05-02,Active,,,35,0.0,1,No,No,2026-05-02,2026-08-27
UPDATE,2026-08-27T00:00:00,2026-08-27,PT0481806,LST0481806,AG00120,LOC0042,Condo,4,4.5,2542,4138,1926,483800.0,2023-05-10,Pending,,,9,64.0,0,No,No,2023-05-10,2026-08-27
UPDATE,2026-08-27T00:00:00,2026-08-27,PT0429489,LST0429489,AG01594,LOC0205,Townhouse,3,4.5,2560,7101,1972,316400.0,2026-03-14,Sold,313543.42,2026-08-27,166,502.0,2,No,No,2026-03-14,2026-08-27
UPDATE,2026-08-27T00:00:00,2026-08-27,PT0460529,LST0460529,AG01059,LOC0181,Single Family,5,4.0,1982,4808,1944,378100.0,2023-11-29,Pending,,,138,0.0,1,No,No,2023-11-29,2026-08-27
UPDATE,2026-08-27T00:00:00,2026-08-27,PT0239904,LST0239904,AG02866,LOC0183,Single Family,1,3.0,1883,4851,1938,446100.0,2026-01-01,Sold,447082.79,2026-08-27,238,0.0,2,No,No,2026-01-01,2026-08-27
UPDATE,2026-08-27T00:00:00,2026-08-27,PT0520208,LST0520208,AG00097,LOC0048,Single Family,6,3.0,2738,9351,2008,629900.0,2026-07-18,Active,,,0,0.0,3,Yes,No,2026-07-18,2026-08-27
UPDATE,2026-08-27T00:00:00,2026-08-27,PT0419505,LST0419505,AG01365,LOC0019,Condo,5,2.5,2891,3568,1963,708100.0,2023-06-05,Sold,604262.69,2026-08-27,1179,391.0,0,Yes,No,2023-06-05,2026-08-27
UPDATE,2026-08-27T00:00:00,2026-08-27,PT0538388,LST0538388,AG02017,LOC0107,Single Family,5,2.5,659,2133,1970,111300.0,2026-08-03,Active,,,0,0.0,2,No,No,2026-08-03,2026-08-27
UPDATE,2026-08-27T00:00:00,2026-08-27,PT0013940,LST0013940,AG02620,LOC0126,Condo,5,3.5,1177,18263,1921,502400.0,2023-03-14,Pending,,,69,110.0,2,No,No,2023-03-14,2026-08-27
UPDATE,2026-08-27T00:00:00,2026-08-27,PT0405274,LST0405274,AG02030,LOC0193,Single Family,3,4.5,1573,3909,1918,763300.0,2023-06-16,Pending,,,159,0.0,2,No,No,2023-06-16,2026-08-27
UPDATE,2026-08-27T00:00:00,2026-08-27,PT0560314,LST0560314,AG00194,LOC0094,Single Family,6,2.0,1466,2907,1901,444000.0,2026-08-22,Sold,421812.19,2026-08-27,5,0.0,0,No,No,2026-08-22,2026-08-27
UPDATE,2026-08-27T00:00:00,2026-08-27,PT0107159,LST0107159,AG00449,LOC0025,Townhouse,6,3.5,1571,3236,1931,624100.0,2025-09-17,Active,,,5,471.0,3,No,No,2025-09-17,2026-08-27
UPDATE,2026-08-27T00:00:00,2026-08-27,PT0125814,LST0125814,AG01008,LOC0076,Single Family,3,3.0,2359,8468,1974,381700.0,2023-01-21,Pending,,,94,0.0,0,No,No,2023-01-21,2026-08-27
UPDATE,2026-08-27T00:00:00,2026-08-27,PT0185518,LST0185518,AG02415,LOC0208,Condo,5,2.0,1859,1596,1900,453800.0,2024-11-04,Active,,,107,424.0,2,Yes,No,2024-11-04,2026-08-27
UPDATE,2026-08-27T00:00:00,2026-08-27,PT0540807,LST0540807,AG01962,LOC0093,Apartment,6,1.0,1407,0,1939,371100.0,2026-08-04,Active,,,0,63.03,1,No,No,2026-08-04,2026-08-27
UPDATE,2026-08-27T00:00:00,2026-08-27,PT0411004,LST0411004,AG00643,LOC0085,Multi-Family,5,2.0,2618,5042,1916,177300.0,2023-05-18,Pending,,,124,0.0,1,No,No,2023-05-18,2026-08-27
UPDATE,2026-08-27T00:00:00,2026-08-27,PT0337583,LST0337583,AG02946,LOC0173,Condo,3,3.5,556,6805,1974,266000.0,2025-06-01,Active,,,40,198.0,1,No,No,2025-06-01,2026-08-27
UPDATE,2026-08-27T00:00:00,2026-08-27,PT0317610,LST0317610,AG01244,LOC0211,Multi-Family,6,4.5,1758,4038,1931,736300.0,2023-05-22,Pending,,,99,0.0,0,No,Yes,2023-05-22,2026-08-27
UPDATE,2026-08-27T00:00:00,2026-08-27,PT0552193,LST0552193,AG00100,LOC0030,Apartment,1,4.0,1820,0,1968,581200.0,2026-08-15,Sold,517165.74,2026-08-27,12,469.11,2,No,No,2026-08-15,2026-08-27
UPDATE,2026-08-27T00:00:00,2026-08-27,PT0211894,LST0211894,AG00873,LOC0194,Single Family,4,4.0,1364,3227,1969,673800.0,2025-06-26,Pending,,,105,0.0,1,No,Yes,2025-06-26,2026-08-27
UPDATE,2026-08-27T00:00:00,2026-08-27,PT0044970,LST0044970,AG00665,LOC0022,Apartment,5,2.5,1826,0,1992,626100.0,2026-05-19,Active,,,137,654.0,3,No,No,2026-05-19,2026-08-27
UPDATE,2026-08-27T00:00:00,2026-08-27,PT0086372,LST0086372,AG00784,LOC0024,Single Family,5,3.0,1955,8910,1939,144700.0,2023-11-25,Pending,,,166,0.0,0,No,Yes,2023-11-25,2026-08-27
UPDATE,2026-08-27T00:00:00,2026-08-27,PT0306715,LST0306715,AG00298,LOC0044,Condo,4,1.0,1186,4948,1976,470200.0,2024-10-23,Pending,,,29,513.0,0,No,No,2024-10-23,2026-08-27
UPDATE,2026-08-27T00:00:00,2026-08-27,PT0548343,LST0548343,AG00834,LOC0220,Single Family,2,1.5,1602,11855,1955,662100.0,2026-08-12,Active,,,0,0.0,0,No,Yes,2026-08-12,2026-08-27
UPDATE,2026-08-27T00:00:00,2026-08-27,PT0519304,LST0519304,AG02178,LOC0043,Condo,4,1.0,1414,5367,1901,360400.0,2026-07-17,Active,,,0,276.64,3,No,No,2026-07-17,2026-08-27
UPDATE,2026-08-27T00:00:00,2026-08-27,PT0139583,LST0139583,AG00804,LOC0078,Multi-Family,6,3.5,1304,4673,1960,441800.0,2025-07-16,Active,,,0,0.0,0,No,No,2025-07-16,2026-08-27
UPDATE,2026-08-27T00:00:00,2026-08-27,PT0558161,LST0558161,AG02441,LOC0153,Condo,3,1.0,1463,11857,1991,716000.0,2026-08-21,Active,,,0,575.72,0,No,No,2026-08-21,2026-08-27
UPDATE,2026-08-27T00:00:00,2026-08-27,PT0533572,LST0533572,AG02134,LOC0031,Single Family,1,2.5,2010,2674,1907,709600.0,2026-07-29,Sold,652655.89,2026-08-27,29,0.0,1,No,Yes,2026-07-29,2026-08-27
UPDATE,2026-08-27T00:00:00,2026-08-27,PT0046758,LST0046758,AG00316,LOC0237,Condo,1,2.0,2484,8237,2016,597600.0,2025-10-20,Sold,577286.06,2026-08-27,311,391.0,0,No,No,2025-10-20,2026-08-27
UPDATE,2026-08-27T00:00:00,2026-08-27,PT0011926,LST0011926,AG00358,LOC0110,Land,0,0.0,6667,5778,1974,2333300.0,2024-03-19,Sold,2347035.13,2026-08-27,891,0.0,0,No,No,2024-03-19,2026-08-27
UPDATE,2026-08-27T00:00:00,2026-08-27,PT0496115,LST0496115,AG02167,LOC0244,Condo,1,4.5,2579,8228,1966,573500.0,2026-03-05,Active,,,40,510.0,0,No,No,2026-03-05,2026-08-27
UPDATE,2026-08-27T00:00:00,2026-08-27,PT0554538,LST0554538,AG01961,LOC0191,Land,0,0.0,3322,4013,2025,1500100.0,2026-08-17,Pending,,,0,0.0,0,No,No,2026-08-17,2026-08-27
UPDATE,2026-08-27T00:00:00,2026-08-27,PT0489087,LST0489087,AG01084,LOC0031,Single Family,6,1.0,3703,2724,1981,1039500.0,2025-06-15,Active,,,27,0.0,0,No,Yes,2025-06-15,2026-08-27
UPDATE,2026-08-27T00:00:00,2026-08-27,PT0191973,LST0191973,AG02703,LOC0007,Condo,2,4.5,1291,7373,2021,592800.0,2024-07-24,Pending,,,40,119.0,3,No,No,2024-07-24,2026-08-27
UPDATE,2026-08-27T00:00:00,2026-08-27,PT0179922,LST0179922,AG02734,LOC0140,Single Family,3,1.0,1953,8689,1924,480800.0,2025-03-14,Active,,,42,0.0,3,No,No,2025-03-14,2026-08-27
UPDATE,2026-08-27T00:00:00,2026-08-27,PT0020144,LST0020144,AG00832,LOC0163,Townhouse,5,4.0,821,3489,1908,319100.0,2025-09-11,Pending,,,71,646.0,3,Yes,No,2025-09-11,2026-08-27
UPDATE,2026-08-27T00:00:00,2026-08-27,PT0565352,LST0565352,AG02429,LOC0030,Condo,5,1.5,2226,6934,1929,1163300.0,2026-08-27,Sold,1090139.95,2026-08-27,0,510.81,2,Yes,No,2026-08-27,2026-08-27
UPDATE,2026-08-27T00:00:00,2026-08-27,PT0293086,LST0293086,AG00468,LOC0219,Multi-Family,1,1.5,3674,4283,2017,1501500.0,2025-04-02,Active,,,18,0.0,0,Yes,No,2025-04-02,2026-08-27
UPDATE,2026-08-27T00:00:00,2026-08-27,PT0551180,LST0551180,AG02532,LOC0023,Single Family,1,4.0,1910,1863,1904,768200.0,2026-08-15,Active,,,0,0.0,3,No,Yes,2026-08-15,2026-08-27
UPDATE,2026-08-27T00:00:00,2026-08-27,PT0503396,LST0503396,AG01800,LOC0092,Townhouse,1,1.5,3050,3595,1921,686200.0,2026-07-03,Pending,,,0,249.34,3,No,No,2026-07-03,2026-08-27
UPDATE,2026-08-27T00:00:00,2026-08-27,PT0115772,LST0115772,AG01431,LOC0031,Condo,4,4.5,1631,2859,1989,493600.0,2024-09-03,Pending,,,153,322.0,3,No,No,2024-09-03,2026-08-27
UPDATE,2026-08-27T00:00:00,2026-08-27,PT0510499,LST0510499,AG02918,LOC0144,Single Family,4,3.5,2846,8332,1998,582100.0,2026-07-09,Active,,,0,0.0,2,No,No,2026-07-09,2026-08-27
UPDATE,2026-08-27T00:00:00,2026-08-27,PT0519135,LST0519135,AG00445,LOC0151,Single Family,3,2.5,437,10521,1931,151200.0,2026-07-17,Active,,,0,0.0,3,No,No,2026-07-17,2026-08-27
UPDATE,2026-08-27T00:00:00,2026-08-27,PT0415341,LST0415341,AG01344,LOC0011,Townhouse,3,2.0,1658,4312,2006,947000.0,2024-09-25,Sold,919380.94,2026-08-27,701,551.0,2,Yes,No,2024-09-25,2026-08-27
UPDATE,2026-08-27T00:00:00,2026-08-27,PT0551314,LST0551314,AG01066,LOC0228,Townhouse,2,3.5,723,2807,2007,234900.0,2026-08-15,Active,,,0,672.99,2,No,No,2026-08-15,2026-08-27
UPDATE,2026-08-27T00:00:00,2026-08-27,PT0163505,LST0163505,AG02266,LOC0214,Condo,2,1.5,3058,1149,1950,597400.0,2025-11-23,Active,,,87,671.0,2,No,No,2025-11-23,2026-08-27
UPDATE,2026-08-27T00:00:00,2026-08-27,PT0547002,LST0547002,AG02581,LOC0009,Townhouse,4,4.5,2477,2074,1981,746800.0,2026-08-10,Active,,,0,657.84,3,No,No,2026-08-10,2026-08-27
UPDATE,2026-08-27T00:00:00,2026-08-27,PT0082434,LST0082434,AG00413,LOC0067,Condo,5,1.0,1480,1816,1908,281700.0,2023-07-23,Sold,273009.85,2026-08-27,1131,248.0,3,No,No,2023-07-23,2026-08-27
UPDATE,2026-08-27T00:00:00,2026-08-27,PT0495804,LST0495804,AG02309,LOC0232,Single Family,1,4.0,701,11905,1993,238500.0,2025-05-22,Active,,,5,0.0,2,No,Yes,2025-05-22,2026-08-27
UPDATE,2026-08-27T00:00:00,2026-08-27,PT0520351,LST0520351,AG02688,LOC0066,Apartment,5,2.0,1022,0,1919,233500.0,2026-07-18,Sold,207268.6,2026-08-27,40,766.39,0,No,No,2026-07-18,2026-08-27
UPDATE,2026-08-27T00:00:00,2026-08-27,PT0512664,LST0512664,AG02737,LOC0070,Single Family,3,4.5,1286,3547,1905,230700.0,2026-07-11,Active,,,0,0.0,2,No,Yes,2026-07-11,2026-08-27
UPDATE,2026-08-27T00:00:00,2026-08-27,PT0559675,LST0559675,AG02441,LOC0228,Single Family,3,3.5,2433,1802,1963,1116900.0,2026-08-22,Pending,,,0,0.0,2,No,No,2026-08-22,2026-08-27
UPDATE,2026-08-27T00:00:00,2026-08-27,PT0141066,LST0141066,AG01952,LOC0045,Multi-Family,1,1.0,1998,6932,1936,1060800.0,2025-06-29,Active,,,120,0.0,3,No,Yes,2025-06-29,2026-08-27
UPDATE,2026-08-27T00:00:00,2026-08-27,PT0359336,LST0359336,AG00189,LOC0015,Condo,2,3.5,2735,4419,1928,1253800.0,2024-08-27,Pending,,,10,253.0,3,No,No,2024-08-27,2026-08-27
UPDATE,2026-08-27T00:00:00,2026-08-27,PT0073421,LST0073421,AG01199,LOC0170,Condo,3,1.5,1292,1800,2013,367200.0,2024-03-17,Pending,,,138,326.0,3,No,No,2024-03-17,2026-08-27
UPDATE,2026-08-27T00:00:00,2026-08-27,PT0066350,LST0066350,AG00141,LOC0170,Townhouse,1,4.0,2146,1481,1996,694300.0,2024-03-12,Pending,,,44,169.0,0,No,No,2024-03-12,2026-08-27
UPDATE,2026-08-27T00:00:00,2026-08-27,PT0036816,LST0036816,AG01978,LOC0058,Single Family,1,4.0,867,5688,2019,69600.0,2025-03-26,Sold,65722.59,2026-08-27,519,0.0,3,No,No,2025-03-26,2026-08-27
UPDATE,2026-08-27T00:00:00,2026-08-27,PT0559933,LST0559933,AG00497,LOC0221,Single Family,1,4.5,1875,2067,2022,537200.0,2026-08-22,Active,,,0,0.0,0,Yes,Yes,2026-08-22,2026-08-27
UPDATE,2026-08-27T00:00:00,2026-08-27,PT0249940,LST0249940,AG01749,LOC0067,Townhouse,1,2.5,888,3114,1904,178500.0,2024-05-06,Active,,,149,61.0,1,No,No,2024-05-06,2026-08-27
UPDATE,2026-08-27T00:00:00,2026-08-27,PT0531252,LST0531252,AG00442,LOC0048,Multi-Family,2,4.5,1542,2799,1956,575900.0,2026-07-28,Active,,,0,0.0,0,No,No,2026-07-28,2026-08-27
UPDATE,2026-08-27T00:00:00,2026-08-27,PT0000865,LST0000865,AG00666,LOC0059,Single Family,1,3.5,1964,8241,1928,415300.0,2025-06-11,Pending,,,79,0.0,1,No,Yes,2025-06-11,2026-08-27
UPDATE,2026-08-27T00:00:00,2026-08-27,PT0146713,LST0146713,AG00303,LOC0018,Multi-Family,4,2.5,6172,2722,2021,3139500.0,2023-07-18,Sold,2965114.21,2026-08-27,1136,0.0,1,No,Yes,2023-07-18,2026-08-27
UPDATE,2026-08-27T00:00:00,2026-08-27,PT0141073,LST0141073,AG01988,LOC0234,Condo,4,4.0,2721,4454,1916,1088800.0,2024-04-09,Pending,,,36,729.0,2,No,No,2024-04-09,2026-08-27
UPDATE,2026-08-27T00:00:00,2026-08-27,PT0525658,LST0525658,AG00696,LOC0224,Single Family,2,1.5,1831,2404,1973,414500.0,2026-07-23,Pending,,,0,0.0,2,No,Yes,2026-07-23,2026-08-27
UPDATE,2026-08-27T00:00:00,2026-08-27,PT0354198,LST0354198,AG00126,LOC0170,Condo,5,1.5,2293,7598,1926,1249000.0,2024-07-06,Pending,,,44,616.0,2,Yes,No,2024-07-06,2026-08-27
UPDATE,2026-08-27T00:00:00,2026-08-27,PT0156599,LST0156599,AG02877,LOC0141,Apartment,2,4.0,995,0,1922,146000.0,2025-06-11,Active,,,71,359.0,0,No,No,2025-06-11,2026-08-27
UPDATE,2026-08-27T00:00:00,2026-08-27,PT0384808,LST0384808,AG02134,LOC0046,Single Family,1,3.0,1911,1251,1930,515100.0,2025-03-14,Pending,,,146,0.0,0,Yes,No,2025-03-14,2026-08-27
UPDATE,2026-08-27T00:00:00,2026-08-27,PT0393048,LST0393048,AG00618,LOC0197,Condo,6,4.5,1005,3549,1967,460600.0,2025-02-08,Active,,,145,519.0,1,No,No,2025-02-08,2026-08-27
UPDATE,2026-08-27T00:00:00,2026-08-27,PT0555114,LST0555114,AG02251,LOC0136,Single Family,5,1.0,2518,1875,1912,577200.0,2026-08-18,Active,,,0,0.0,1,Yes,Yes,2026-08-18,2026-08-27
UPDATE,2026-08-27T00:00:00,2026-08-27,PT0476699,LST0476699,AG00925,LOC0057,Single Family,3,2.0,2449,6721,1973,838500.0,2023-01-09,Pending,,,42,0.0,2,No,No,2023-01-09,2026-08-27
UPDATE,2026-08-27T00:00:00,2026-08-27,PT0333655,LST0333655,AG00980,LOC0118,Condo,6,1.0,1849,1864,1928,335500.0,2025-01-02,Pending,,,115,213.0,2,No,No,2025-01-02,2026-08-27
UPDATE,2026-08-27T00:00:00,2026-08-27,PT0431901,LST0431901,AG00193,LOC0187,Townhouse,3,1.5,882,2280,1983,436000.0,2023-02-28,Active,,,40,210.0,2,No,No,2023-02-28,2026-08-27
UPDATE,2026-08-27T00:00:00,2026-08-27,PT0564453,LST0564453,AG01821,LOC0207,Single Family,6,4.0,1665,5608,1923,326900.0,2026-08-26,Active,,,0,0.0,3,No,Yes,2026-08-26,2026-08-27
UPDATE,2026-08-27T00:00:00,2026-08-27,PT0473194,LST0473194,AG02866,LOC0199,Condo,5,2.0,3100,6229,1934,1245300.0,2024-12-09,Active,,,30,401.0,0,No,No,2024-12-09,2026-08-27
UPDATE,2026-08-27T00:00:00,2026-08-27,PT0206604,LST0206604,AG00793,LOC0136,Apartment,3,4.0,1054,0,1916,115000.0,2023-02-24,Sold,117290.09,2026-08-27,1280,604.0,0,No,No,2023-02-24,2026-08-27
UPDATE,2026-08-27T00:00:00,2026-08-27,PT0016379,LST0016379,AG02055,LOC0041,Condo,3,1.0,1644,6416,1922,270200.0,2025-04-18,Pending,,,25,170.0,2,No,No,2025-04-18,2026-08-27
UPDATE,2026-08-27T00:00:00,2026-08-27,PT0475696,LST0475696,AG01156,LOC0040,Multi-Family,6,4.5,3194,4940,2006,1363200.0,2024-12-16,Active,,,119,0.0,3,Yes,Yes,2024-12-16,2026-08-27
UPDATE,2026-08-27T00:00:00,2026-08-27,PT0114501,LST0114501,AG01663,LOC0144,Condo,2,1.5,1713,2126,1984,518500.0,2026-06-07,Sold,500065.25,2026-08-27,81,59.0,1,No,No,2026-06-07,2026-08-27
UPDATE,2026-08-27T00:00:00,2026-08-27,PT0068140,LST0068140,AG02880,LOC0091,Single Family,3,1.0,2083,4351,2017,503800.0,2023-11-21,Pending,,,142,0.0,2,Yes,No,2023-11-21,2026-08-27
UPDATE,2026-08-27T00:00:00,2026-08-27,PT0390042,LST0390042,AG02837,LOC0055,Single Family,6,2.0,2705,12655,1963,571900.0,2025-05-05,Active,,,24,0.0,1,No,Yes,2025-05-05,2026-08-27
UPDATE,2026-08-27T00:00:00,2026-08-27,PT0534665,LST0534665,AG01290,LOC0214,Single Family,1,4.0,687,16444,1951,176700.0,2026-07-30,Pending,,,0,0.0,3,No,No,2026-07-30,2026-08-27
UPDATE,2026-08-27T00:00:00,2026-08-27,PT0005706,LST0005706,AG01539,LOC0055,Condo,1,3.5,1651,1934,2025,254400.0,2026-01-28,Active,,,92,488.0,3,No,No,2026-01-28,2026-08-27
UPDATE,2026-08-27T00:00:00,2026-08-27,PT0180752,LST0180752,AG02658,LOC0048,Single Family,6,3.0,3130,4598,1964,1414100.0,2023-02-02,Pending,,,124,0.0,3,No,No,2023-02-02,2026-08-27
UPDATE,2026-08-27T00:00:00,2026-08-27,PT0255235,LST0255235,AG02172,LOC0028,Condo,3,2.0,2545,6901,1999,145600.0,2025-04-03,Pending,,,62,101.0,1,Yes,No,2025-04-03,2026-08-27
UPDATE,2026-08-27T00:00:00,2026-08-27,PT0382215,LST0382215,AG02703,LOC0185,Single Family,2,1.0,1835,5580,1920,592200.0,2025-02-01,Active,,,32,0.0,0,No,Yes,2025-02-01,2026-08-27
UPDATE,2026-08-27T00:00:00,2026-08-27,PT0424196,LST0424196,AG00719,LOC0170,Apartment,1,1.0,693,0,1997,78300.0,2026-02-02,Pending,,,155,706.0,0,No,No,2026-02-02,2026-08-27
UPDATE,2026-08-27T00:00:00,2026-08-27,PT0510615,LST0510615,AG02270,LOC0061,Apartment,6,3.5,1725,0,1964,279900.0,2026-07-09,Active,,,0,799.64,3,No,No,2026-07-09,2026-08-27
UPDATE,2026-08-27T00:00:00,2026-08-27,PT0523967,LST0523967,AG02814,LOC0234,Condo,5,2.0,2216,4875,1952,681000.0,2026-07-21,Active,,,0,781.51,0,No,No,2026-07-21,2026-08-27
UPDATE,2026-08-27T00:00:00,2026-08-27,PT0557844,LST0557844,AG01707,LOC0065,Townhouse,3,3.0,359,3564,1962,59900.0,2026-08-20,Sold,59730.39,2026-08-27,7,586.53,2,No,No,2026-08-20,2026-08-27
UPDATE,2026-08-27T00:00:00,2026-08-27,PT0319559,LST0319559,AG01997,LOC0204,Single Family,1,1.0,1017,1466,2020,561500.0,2025-12-19,Pending,,,20,0.0,1,No,No,2025-12-19,2026-08-27
UPDATE,2026-08-27T00:00:00,2026-08-27,PT0543211,LST0543211,AG00625,LOC0018,Multi-Family,1,2.5,3083,3190,1955,1009500.0,2026-08-07,Pending,,,0,0.0,0,No,No,2026-08-07,2026-08-27
UPDATE,2026-08-27T00:00:00,2026-08-27,PT0283104,LST0283104,AG00177,LOC0202,Single Family,2,3.5,2866,1013,2007,919700.0,2023-12-17,Pending,,,77,0.0,1,No,No,2023-12-17,2026-08-27
UPDATE,2026-08-27T00:00:00,2026-08-27,PT0192974,LST0192974,AG01461,LOC0020,Condo,2,2.5,1134,8445,1955,287200.0,2023-02-10,Pending,,,159,491.0,2,No,No,2023-02-10,2026-08-27
UPDATE,2026-08-27T00:00:00,2026-08-27,PT0398329,LST0398329,AG01057,LOC0168,Land,0,0.0,5093,30002,1988,3516900.0,2023-01-13,Sold,3046461.12,2026-08-27,1322,0.0,0,No,No,2023-01-13,2026-08-27
UPDATE,2026-08-27T00:00:00,2026-08-27,PT0533364,LST0533364,AG01001,LOC0054,Condo,2,4.5,1107,3816,1955,228100.0,2026-07-29,Pending,,,0,756.64,2,No,No,2026-07-29,2026-08-27
UPDATE,2026-08-27T00:00:00,2026-08-27,PT0096488,LST0096488,AG00735,LOC0012,Single Family,1,2.0,1802,4029,2023,892300.0,2024-01-10,Pending,,,46,0.0,2,No,Yes,2024-01-10,2026-08-27
UPDATE,2026-08-27T00:00:00,2026-08-27,PT0214080,LST0214080,AG02396,LOC0174,Multi-Family,5,3.5,4576,7711,1947,2661500.0,2023-03-25,Active,,,167,0.0,0,No,Yes,2023-03-25,2026-08-27
UPDATE,2026-08-27T00:00:00,2026-08-27,PT0055657,LST0055657,AG02792,LOC0247,Townhouse,4,3.0,2060,5444,2011,661300.0,2023-03-15,Pending,,,134,474.0,2,No,No,2023-03-15,2026-08-27
UPDATE,2026-08-27T00:00:00,2026-08-27,PT0000859,LST0000859,AG00806,LOC0121,Single Family,4,3.0,2962,2854,1957,939900.0,2026-02-24,Sold,958149.84,2026-08-27,184,0.0,3,No,Yes,2026-02-24,2026-08-27
UPDATE,2026-08-27T00:00:00,2026-08-27,PT0227329,LST0227329,AG02663,LOC0221,Single Family,1,4.5,2092,2618,2019,517800.0,2025-08-09,Sold,482367.67,2026-08-27,383,0.0,2,No,No,2025-08-09,2026-08-27
UPDATE,2026-08-27T00:00:00,2026-08-27,PT0501240,LST0501240,AG02832,LOC0003,Single Family,1,1.0,1951,5450,1968,271500.0,2026-07-01,Pending,,,0,0.0,1,No,No,2026-07-01,2026-08-27
UPDATE,2026-08-27T00:00:00,2026-08-27,PT0521647,LST0521647,AG00459,LOC0006,Townhouse,2,4.0,2034,4982,2010,363900.0,2026-07-19,Active,,,0,447.68,1,No,No,2026-07-19,2026-08-27
UPDATE,2026-08-27T00:00:00,2026-08-27,PT0417395,LST0417395,AG00541,LOC0124,Single Family,1,1.5,2121,1405,2006,1001000.0,2023-08-16,Active,,,48,0.0,2,No,No,2023-08-16,2026-08-27
UPDATE,2026-08-27T00:00:00,2026-08-27,PT0127890,LST0127890,AG02822,LOC0018,Apartment,6,1.5,851,0,1953,252700.0,2024-05-23,Active,,,60,95.0,1,Yes,No,2024-05-23,2026-08-27
UPDATE,2026-08-27T00:00:00,2026-08-27,PT0224589,LST0224589,AG01076,LOC0087,Single Family,4,4.5,2427,3257,1999,792600.0,2025-01-07,Active,,,25,0.0,2,No,Yes,2025-01-07,2026-08-27
UPDATE,2026-08-27T00:00:00,2026-08-27,PT0151592,LST0151592,AG00289,LOC0142,Single Family,4,2.0,2054,12156,1944,733700.0,2026-05-22,Pending,,,49,0.0,3,No,No,2026-05-22,2026-08-27
UPDATE,2026-08-27T00:00:00,2026-08-27,PT0420662,LST0420662,AG02105,LOC0025,Single Family,5,4.0,1392,5762,1974,616800.0,2025-07-26,Sold,621892.57,2026-08-27,397,0.0,2,Yes,No,2025-07-26,2026-08-27
UPDATE,2026-08-27T00:00:00,2026-08-27,PT0063841,LST0063841,AG02063,LOC0159,Single Family,4,1.5,3160,4649,2014,491900.0,2024-12-08,Sold,453719.7,2026-08-27,627,0.0,1,No,Yes,2024-12-08,2026-08-27
UPDATE,2026-08-27T00:00:00,2026-08-27,PT0141248,LST0141248,AG00138,LOC0033,Land,0,0.0,5871,4787,2006,1619700.0,2025-09-22,Active,,,76,0.0,0,No,No,2025-09-22,2026-08-27
UPDATE,2026-08-27T00:00:00,2026-08-27,PT0180399,LST0180399,AG01687,LOC0174,Single Family,2,4.5,1544,3127,1988,885300.0,2023-08-28,Sold,866016.18,2026-08-27,1095,0.0,3,No,Yes,2023-08-28,2026-08-27
UPDATE,2026-08-27T00:00:00,2026-08-27,PT0390245,LST0390245,AG02703,LOC0100,Multi-Family,4,3.0,1484,1109,1981,167100.0,2023-12-24,Pending,,,148,0.0,0,No,Yes,2023-12-24,2026-08-27
UPDATE,2026-08-27T00:00:00,2026-08-27,PT0557817,LST0557817,AG00584,LOC0079,Single Family,4,3.0,759,14981,1918,122200.0,2026-08-20,Active,,,0,0.0,1,No,No,2026-08-20,2026-08-27
UPDATE,2026-08-27T00:00:00,2026-08-27,PT0339096,LST0339096,AG02884,LOC0214,Townhouse,6,3.5,764,1825,1912,192200.0,2025-06-06,Active,,,141,528.0,3,Yes,No,2025-06-06,2026-08-27
UPDATE,2026-08-27T00:00:00,2026-08-27,PT0111261,LST0111261,AG01399,LOC0186,Single Family,2,1.5,2267,5857,1906,1063200.0,2023-03-19,Active,,,165,0.0,2,No,Yes,2023-03-19,2026-08-27
UPDATE,2026-08-27T00:00:00,2026-08-27,PT0014161,LST0014161,AG02056,LOC0247,Single Family,6,4.5,1301,1060,1998,194900.0,2023-02-14,Sold,189323.72,2026-08-27,1290,0.0,1,No,No,2023-02-14,2026-08-27
UPDATE,2026-08-27T00:00:00,2026-08-27,PT0096713,LST0096713,AG01862,LOC0032,Multi-Family,6,2.0,2783,5156,1906,237900.0,2023-06-07,Pending,,,21,0.0,0,Yes,No,2023-06-07,2026-08-27
UPDATE,2026-08-27T00:00:00,2026-08-27,PT0556196,LST0556196,AG02525,LOC0023,Single Family,2,4.5,2422,2576,1914,925000.0,2026-08-19,Active,,,0,0.0,3,No,Yes,2026-08-19,2026-08-27
UPDATE,2026-08-27T00:00:00,2026-08-27,PT0536897,LST0536897,AG01003,LOC0211,Townhouse,3,4.5,632,11259,2002,248900.0,2026-08-01,Active,,,0,667.63,0,Yes,No,2026-08-01,2026-08-27
UPDATE,2026-08-27T00:00:00,2026-08-27,PT0110299,LST0110299,AG02912,LOC0218,Townhouse,2,4.0,2722,2832,1930,810600.0,2025-09-21,Pending,,,42,657.0,1,No,No,2025-09-21,2026-08-27
UPDATE,2026-08-27T00:00:00,2026-08-27,PT0060139,LST0060139,AG02005,LOC0086,Single Family,5,2.5,2420,1463,1926,382500.0,2023-12-03,Pending,,,103,0.0,0,Yes,Yes,2023-12-03,2026-08-27
UPDATE,2026-08-27T00:00:00,2026-08-27,PT0125552,LST0125552,AG02855,LOC0033,Condo,5,1.0,2626,1901,1982,647000.0,2023-06-20,Active,,,174,77.0,1,No,No,2023-06-20,2026-08-27
UPDATE,2026-08-27T00:00:00,2026-08-27,PT0042477,LST0042477,AG02395,LOC0059,Condo,5,4.0,1522,1833,2019,277100.0,2024-12-10,Active,,,157,135.0,0,No,No,2024-12-10,2026-08-27
UPDATE,2026-08-27T00:00:00,2026-08-27,PT0433618,LST0433618,AG02841,LOC0222,Townhouse,1,1.5,1369,2741,1958,370900.0,2026-05-11,Pending,,,134,516.0,2,No,No,2026-05-11,2026-08-27
UPDATE,2026-08-27T00:00:00,2026-08-27,PT0414959,LST0414959,AG00331,LOC0206,Townhouse,5,3.5,1020,10722,1939,423300.0,2024-06-27,Pending,,,89,234.0,1,No,No,2024-06-27,2026-08-27
UPDATE,2026-08-27T00:00:00,2026-08-27,PT0369264,LST0369264,AG02720,LOC0151,Single Family,5,4.5,1365,4188,1937,164800.0,2024-04-09,Pending,,,101,0.0,1,Yes,Yes,2024-04-09,2026-08-27
UPDATE,2026-08-27T00:00:00,2026-08-27,PT0395287,LST0395287,AG00649,LOC0085,Single Family,1,1.5,1472,1437,1955,296600.0,2024-02-15,Sold,282650.28,2026-08-27,924,0.0,3,No,Yes,2024-02-15,2026-08-27
UPDATE,2026-08-27T00:00:00,2026-08-27,PT0415233,LST0415233,AG02459,LOC0232,Multi-Family,2,2.5,3308,1778,1904,420900.0,2023-07-13,Active,,,96,0.0,0,No,No,2023-07-13,2026-08-27
UPDATE,2026-08-27T00:00:00,2026-08-27,PT0203339,LST0203339,AG01063,LOC0169,Townhouse,5,4.0,3046,1530,1962,550100.0,2025-02-06,Active,,,137,91.0,2,No,No,2025-02-06,2026-08-27
UPDATE,2026-08-27T00:00:00,2026-08-27,PT0510177,LST0510177,AG01925,LOC0122,Single Family,1,3.5,805,2901,1923,264400.0,2026-07-09,Sold,262933.14,2026-08-27,49,0.0,2,No,Yes,2026-07-09,2026-08-27
UPDATE,2026-08-27T00:00:00,2026-08-27,PT0541151,LST0541151,AG00147,LOC0248,Single Family,6,3.5,2521,4617,1915,521300.0,2026-08-05,Active,,,0,0.0,3,No,No,2026-08-05,2026-08-27
UPDATE,2026-08-27T00:00:00,2026-08-27,PT0562162,LST0562162,AG02634,LOC0239,Single Family,2,3.0,2425,4591,1977,709400.0,2026-08-24,Active,,,0,0.0,1,Yes,No,2026-08-24,2026-08-27
UPDATE,2026-08-27T00:00:00,2026-08-27,PT0479291,LST0479291,AG00524,LOC0072,Single Family,6,2.5,1570,4331,1944,222200.0,2024-04-12,Active,,,74,0.0,0,No,Yes,2024-04-12,2026-08-27
UPDATE,2026-08-27T00:00:00,2026-08-27,PT0486522,LST0486522,AG00192,LOC0196,Multi-Family,1,1.5,2991,10798,1961,1153700.0,2026-02-01,Sold,1101726.25,2026-08-27,207,0.0,1,Yes,No,2026-02-01,2026-08-27
UPDATE,2026-08-27T00:00:00,2026-08-27,PT0076705,LST0076705,AG01754,LOC0062,Land,0,0.0,7425,2487,1935,1467600.0,2023-08-14,Pending,,,108,0.0,0,No,No,2023-08-14,2026-08-27
UPDATE,2026-08-27T00:00:00,2026-08-27,PT0529828,LST0529828,AG01926,LOC0039,Townhouse,6,1.0,1137,2088,1960,472200.0,2026-07-26,Sold,450987.29,2026-08-27,32,217.41,1,No,No,2026-07-26,2026-08-27
UPDATE,2026-08-27T00:00:00,2026-08-27,PT0071667,LST0071667,AG00183,LOC0003,Condo,2,4.0,2802,1754,2008,572500.0,2023-06-10,Pending,,,146,365.0,1,No,No,2023-06-10,2026-08-27
UPDATE,2026-08-27T00:00:00,2026-08-27,PT0288361,LST0288361,AG01437,LOC0240,Single Family,2,2.0,710,1087,1965,216900.0,2025-05-10,Pending,,,48,0.0,1,Yes,Yes,2025-05-10,2026-08-27
UPDATE,2026-08-27T00:00:00,2026-08-27,PT0230226,LST0230226,AG01142,LOC0229,Townhouse,4,1.0,1669,1129,2001,155400.0,2023-11-14,Pending,,,134,581.0,2,No,No,2023-11-14,2026-08-27
UPDATE,2026-08-27T00:00:00,2026-08-27,PT0080708,LST0080708,AG00250,LOC0193,Single Family,1,4.0,2221,2616,1961,1155500.0,2024-03-13,Pending,,,113,0.0,0,No,No,2024-03-13,2026-08-27
UPDATE,2026-08-27T00:00:00,2026-08-27,PT0054900,LST0054900,AG01385,LOC0074,Townhouse,3,2.5,1562,3587,1946,314700.0,2024-02-26,Active,,,92,608.0,1,No,No,2024-02-26,2026-08-27
UPDATE,2026-08-27T00:00:00,2026-08-27,PT0423857,LST0423857,AG01114,LOC0218,Single Family,3,2.0,1496,3308,2019,530700.0,2023-03-26,Pending,,,17,0.0,1,No,No,2023-03-26,2026-08-27
UPDATE,2026-08-27T00:00:00,2026-08-27,PT0482068,LST0482068,AG02682,LOC0232,Single Family,3,1.0,2014,1983,1972,681600.0,2026-03-11,Sold,639323.7,2026-08-27,169,0.0,0,No,Yes,2026-03-11,2026-08-27
UPDATE,2026-08-27T00:00:00,2026-08-27,PT0001840,LST0001840,AG00383,LOC0247,Townhouse,6,4.0,2162,1095,1963,339400.0,2024-06-03,Sold,341455.14,2026-08-27,815,461.0,3,No,No,2024-06-03,2026-08-27
UPDATE,2026-08-27T00:00:00,2026-08-27,PT0552269,LST0552269,AG00981,LOC0113,Single Family,4,3.5,778,1761,1952,297300.0,2026-08-15,Active,,,0,0.0,2,Yes,Yes,2026-08-15,2026-08-27
UPDATE,2026-08-27T00:00:00,2026-08-27,PT0486004,LST0486004,AG01674,LOC0162,Townhouse,4,4.0,2233,1752,1991,311900.0,2025-10-19,Sold,329997.85,2026-08-27,312,378.0,1,No,No,2025-10-19,2026-08-27
UPDATE,2026-08-27T00:00:00,2026-08-27,PT0314518,LST0314518,AG01136,LOC0028,Single Family,1,1.5,1714,7001,1965,229700.0,2023-11-04,Sold,221542.62,2026-08-27,1027,0.0,0,No,Yes,2023-11-04,2026-08-27
UPDATE,2026-08-27T00:00:00,2026-08-27,PT0046251,LST0046251,AG00785,LOC0159,Single Family,2,1.5,1223,14021,1980,216400.0,2025-03-29,Active,,,45,0.0,1,No,No,2025-03-29,2026-08-27
UPDATE,2026-08-27T00:00:00,2026-08-27,PT0524694,LST0524694,AG01017,LOC0072,Townhouse,6,2.5,1252,6786,2017,172700.0,2026-07-22,Active,,,0,653.86,2,Yes,No,2026-07-22,2026-08-27
UPDATE,2026-08-27T00:00:00,2026-08-27,PT0256308,LST0256308,AG01136,LOC0054,Single Family,4,1.5,1140,4105,2013,421400.0,2023-01-09,Pending,,,12,0.0,2,No,No,2023-01-09,2026-08-27
UPDATE,2026-08-27T00:00:00,2026-08-27,PT0004950,LST0004950,AG00619,LOC0135,Condo,1,4.0,1281,8857,1920,574500.0,2023-01-01,Pending,,,117,775.0,1,No,No,2023-01-01,2026-08-27
UPDATE,2026-08-27T00:00:00,2026-08-27,PT0127990,LST0127990,AG02421,LOC0124,Condo,3,4.0,1840,13138,1995,319200.0,2024-12-21,Pending,,,8,473.0,0,No,No,2024-12-21,2026-08-27
UPDATE,2026-08-27T00:00:00,2026-08-27,PT0370057,LST0370057,AG02206,LOC0026,Condo,1,2.5,2928,7071,1921,795100.0,2024-09-04,Active,,,166,239.0,1,No,No,2024-09-04,2026-08-27
UPDATE,2026-08-27T00:00:00,2026-08-27,PT0344336,LST0344336,AG02975,LOC0083,Single Family,5,2.5,1698,3696,1900,427100.0,2024-10-13,Pending,,,53,0.0,0,No,Yes,2024-10-13,2026-08-27
UPDATE,2026-08-27T00:00:00,2026-08-27,PT0521574,LST0521574,AG01892,LOC0100,Single Family,6,2.5,1620,11828,1941,293500.0,2026-07-19,Active,,,0,0.0,0,No,No,2026-07-19,2026-08-27
UPDATE,2026-08-27T00:00:00,2026-08-27,PT0246190,LST0246190,AG00087,LOC0226,Condo,5,3.5,1152,2411,2003,93600.0,2025-03-30,Pending,,,132,371.0,0,No,No,2025-03-30,2026-08-27
UPDATE,2026-08-27T00:00:00,2026-08-27,PT0479866,LST0479866,AG02380,LOC0087,Townhouse,5,4.0,2772,2417,1980,1144400.0,2025-08-30,Pending,,,150,725.0,3,No,No,2025-08-30,2026-08-27
UPDATE,2026-08-27T00:00:00,2026-08-27,PT0537368,LST0537368,AG02405,LOC0171,Condo,1,1.0,960,2785,1945,335400.0,2026-08-02,Pending,,,0,319.4,0,Yes,No,2026-08-02,2026-08-27
UPDATE,2026-08-27T00:00:00,2026-08-27,PT0098097,LST0098097,AG01925,LOC0227,Single Family,1,4.5,2745,1870,1913,594800.0,2023-04-10,Pending,,,53,0.0,1,No,No,2023-04-10,2026-08-27
UPDATE,2026-08-27T00:00:00,2026-08-27,PT0036667,LST0036667,AG01765,LOC0057,Single Family,5,2.0,3240,11159,1963,1368900.0,2025-06-15,Active,,,35,0.0,1,No,No,2025-06-15,2026-08-27
UPDATE,2026-08-27T00:00:00,2026-08-27,PT0333931,LST0333931,AG02623,LOC0157,Single Family,5,3.5,1554,5427,1954,435400.0,2025-11-28,Pending,,,92,0.0,2,No,No,2025-11-28,2026-08-27
UPDATE,2026-08-27T00:00:00,2026-08-27,PT0366737,LST0366737,AG02795,LOC0049,Townhouse,1,2.5,2196,1114,1942,478800.0,2025-02-02,Active,,,172,603.0,3,No,No,2025-02-02,2026-08-27
UPDATE,2026-08-27T00:00:00,2026-08-27,PT0129977,LST0129977,AG01576,LOC0025,Townhouse,1,2.0,1358,5585,2020,218400.0,2025-04-23,Pending,,,144,296.0,0,No,No,2025-04-23,2026-08-27
UPDATE,2026-08-27T00:00:00,2026-08-27,PT0549024,LST0549024,AG00043,LOC0110,Multi-Family,3,1.5,994,2064,1966,216100.0,2026-08-12,Pending,,,0,0.0,3,No,Yes,2026-08-12,2026-08-27
UPDATE,2026-08-27T00:00:00,2026-08-27,PT0050602,LST0050602,AG00551,LOC0049,Single Family,5,3.5,1899,2115,1976,510100.0,2025-11-08,Active,,,106,0.0,3,No,Yes,2025-11-08,2026-08-27
UPDATE,2026-08-27T00:00:00,2026-08-27,PT0295301,LST0295301,AG02537,LOC0236,Multi-Family,1,3.5,1883,5774,1902,329300.0,2023-09-09,Active,,,102,0.0,2,No,Yes,2023-09-09,2026-08-27
UPDATE,2026-08-27T00:00:00,2026-08-27,PT0474030,LST0474030,AG01196,LOC0114,Multi-Family,4,3.0,4266,3206,1934,732700.0,2024-08-11,Sold,772846.61,2026-08-27,746,0.0,1,Yes,No,2024-08-11,2026-08-27
UPDATE,2026-08-27T00:00:00,2026-08-27,PT0493759,LST0493759,AG01679,LOC0220,Single Family,3,3.5,1823,4770,2024,637500.0,2024-01-08,Active,,,78,0.0,0,Yes,No,2024-01-08,2026-08-27
UPDATE,2026-08-27T00:00:00,2026-08-27,PT0194310,LST0194310,AG02586,LOC0210,Townhouse,6,3.5,2146,7122,1914,1009300.0,2023-11-17,Active,,,23,753.0,0,No,No,2023-11-17,2026-08-27
UPDATE,2026-08-27T00:00:00,2026-08-27,PT0207063,LST0207063,AG01591,LOC0129,Townhouse,3,1.0,2166,3735,1997,726700.0,2025-12-08,Active,,,101,634.0,0,No,No,2025-12-08,2026-08-27
UPDATE,2026-08-27T00:00:00,2026-08-27,PT0521125,LST0521125,AG01988,LOC0099,Single Family,1,3.5,1605,1555,2017,595600.0,2026-07-19,Sold,543192.82,2026-08-27,39,0.0,2,No,No,2026-07-19,2026-08-27
UPDATE,2026-08-27T00:00:00,2026-08-27,PT0562476,LST0562476,AG02022,LOC0057,Apartment,1,2.5,1039,0,1966,573500.0,2026-08-24,Active,,,0,82.67,0,No,No,2026-08-24,2026-08-27
UPDATE,2026-08-27T00:00:00,2026-08-27,PT0541950,LST0541950,AG00451,LOC0037,Single Family,6,3.5,919,4178,2014,321300.0,2026-08-06,Active,,,0,0.0,3,No,Yes,2026-08-06,2026-08-27
UPDATE,2026-08-27T00:00:00,2026-08-27,PT0504315,LST0504315,AG01837,LOC0131,Single Family,4,4.5,2426,4682,1957,792600.0,2026-07-04,Sold,820574.71,2026-08-27,54,0.0,0,No,No,2026-07-04,2026-08-27
UPDATE,2026-08-27T00:00:00,2026-08-27,PT0387028,LST0387028,AG02808,LOC0232,Single Family,4,4.5,1965,6748,1905,542900.0,2026-03-08,Active,,,126,0.0,1,No,No,2026-03-08,2026-08-27
UPDATE,2026-08-27T00:00:00,2026-08-27,PT0130024,LST0130024,AG01442,LOC0083,Single Family,5,2.0,1797,13027,1988,422300.0,2023-05-12,Active,,,30,0.0,2,No,Yes,2023-05-12,2026-08-27
UPDATE,2026-08-27T00:00:00,2026-08-27,PT0074038,LST0074038,AG01949,LOC0167,Single Family,3,1.5,2786,2664,2016,587200.0,2024-05-21,Pending,,,10,0.0,0,No,Yes,2024-05-21,2026-08-27
UPDATE,2026-08-27T00:00:00,2026-08-27,PT0301673,LST0301673,AG02567,LOC0168,Land,0,0.0,6492,7595,1916,3066700.0,2024-09-21,Active,,,66,0.0,0,No,No,2024-09-21,2026-08-27
UPDATE,2026-08-27T00:00:00,2026-08-27,PT0206128,LST0206128,AG02599,LOC0225,Single Family,6,2.5,1152,3363,1955,404400.0,2023-12-23,Pending,,,12,0.0,3,No,No,2023-12-23,2026-08-27
UPDATE,2026-08-27T00:00:00,2026-08-27,PT0265918,LST0265918,AG00608,LOC0218,Multi-Family,2,2.5,1367,1038,1935,344800.0,2023-01-12,Pending,,,159,0.0,2,No,Yes,2023-01-12,2026-08-27
UPDATE,2026-08-27T00:00:00,2026-08-27,PT0102339,LST0102339,AG02719,LOC0156,Townhouse,1,3.0,1995,3417,1981,405200.0,2023-09-02,Active,,,88,711.0,2,Yes,No,2023-09-02,2026-08-27
UPDATE,2026-08-27T00:00:00,2026-08-27,PT0537610,LST0537610,AG01622,LOC0226,Multi-Family,6,1.5,5658,14518,1913,1812100.0,2026-08-02,Active,,,0,0.0,1,No,Yes,2026-08-02,2026-08-27
UPDATE,2026-08-27T00:00:00,2026-08-27,PT0337724,LST0337724,AG01340,LOC0042,Single Family,2,2.0,2050,3891,1955,692100.0,2026-03-26,Sold,631798.16,2026-08-27,154,0.0,0,Yes,No,2026-03-26,2026-08-27
UPDATE,2026-08-27T00:00:00,2026-08-27,PT0512582,LST0512582,AG01599,LOC0190,Land,0,0.0,5421,1623,1912,1062700.0,2026-07-11,Sold,1018519.85,2026-08-27,47,0.0,0,No,No,2026-07-11,2026-08-27
UPDATE,2026-08-27T00:00:00,2026-08-27,PT0542714,LST0542714,AG00866,LOC0046,Single Family,4,2.5,1142,3756,1942,211800.0,2026-08-06,Active,,,0,0.0,2,No,No,2026-08-06,2026-08-27
UPDATE,2026-08-27T00:00:00,2026-08-27,PT0172936,LST0172936,AG00234,LOC0016,Single Family,1,1.5,1677,2322,1963,560200.0,2025-02-14,Pending,,,30,0.0,3,No,No,2025-02-14,2026-08-27
UPDATE,2026-08-27T00:00:00,2026-08-27,PT0062864,LST0062864,AG02448,LOC0159,Single Family,6,1.0,903,4374,1980,286700.0,2025-05-14,Pending,,,6,0.0,0,No,No,2025-05-14,2026-08-27
UPDATE,2026-08-27T00:00:00,2026-08-27,PT0115377,LST0115377,AG01548,LOC0072,Land,0,0.0,6419,1704,1926,550200.0,2024-10-17,Sold,483230.9,2026-08-27,679,0.0,0,No,No,2024-10-17,2026-08-27
UPDATE,2026-08-27T00:00:00,2026-08-27,PT0394060,LST0394060,AG00632,LOC0137,Condo,5,3.0,1173,4029,1987,367900.0,2025-03-24,Active,,,10,440.0,2,No,No,2025-03-24,2026-08-27
UPDATE,2026-08-27T00:00:00,2026-08-27,PT0166638,LST0166638,AG02210,LOC0144,Townhouse,3,2.0,1809,4020,1900,262000.0,2024-04-17,Pending,,,74,341.0,2,No,No,2024-04-17,2026-08-27
UPDATE,2026-08-27T00:00:00,2026-08-27,PT0522672,LST0522672,AG01562,LOC0103,Condo,1,4.0,2724,7009,1990,475300.0,2026-07-20,Active,,,0,388.6,0,No,No,2026-07-20,2026-08-27
UPDATE,2026-08-27T00:00:00,2026-08-27,PT0300587,LST0300587,AG00353,LOC0188,Townhouse,1,2.5,2002,4918,1915,496800.0,2024-08-11,Pending,,,176,681.0,0,No,No,2024-08-11,2026-08-27
UPDATE,2026-08-27T00:00:00,2026-08-27,PT0479966,LST0479966,AG01608,LOC0179,Condo,2,1.0,2277,8467,1937,717100.0,2024-10-27,Active,,,85,729.0,2,No,No,2024-10-27,2026-08-27
UPDATE,2026-08-27T00:00:00,2026-08-27,PT0500868,LST0500868,AG02468,LOC0080,Single Family,2,2.5,1254,4058,1941,496000.0,2026-07-01,Pending,,,0,0.0,3,No,No,2026-07-01,2026-08-27
UPDATE,2026-08-27T00:00:00,2026-08-27,PT0050718,LST0050718,AG00688,LOC0149,Land,0,0.0,4132,9434,1930,986100.0,2023-03-01,Active,,,95,0.0,0,No,No,2023-03-01,2026-08-27
UPDATE,2026-08-27T00:00:00,2026-08-27,PT0237372,LST0237372,AG02431,LOC0194,Single Family,4,2.0,861,4626,1934,263200.0,2023-07-22,Pending,,,31,0.0,0,Yes,Yes,2023-07-22,2026-08-27
UPDATE,2026-08-27T00:00:00,2026-08-27,PT0045214,LST0045214,AG00390,LOC0084,Townhouse,2,2.5,1175,7826,1979,341700.0,2025-07-13,Pending,,,173,51.0,3,No,No,2025-07-13,2026-08-27
UPDATE,2026-08-27T00:00:00,2026-08-27,PT0526805,LST0526805,AG02408,LOC0108,Multi-Family,6,4.5,3367,2779,1927,277500.0,2026-07-24,Pending,,,0,0.0,1,Yes,No,2026-07-24,2026-08-27
UPDATE,2026-08-27T00:00:00,2026-08-27,PT0039637,LST0039637,AG02554,LOC0200,Land,0,0.0,6290,8109,1996,2084600.0,2025-07-21,Pending,,,139,0.0,0,No,No,2025-07-21,2026-08-27
UPDATE,2026-08-27T00:00:00,2026-08-27,PT0519446,LST0519446,AG02834,LOC0179,Townhouse,2,4.0,1147,8220,2017,252200.0,2026-07-17,Sold,264332.98,2026-08-27,41,392.74,3,No,No,2026-07-17,2026-08-27
UPDATE,2026-08-27T00:00:00,2026-08-27,PT0197248,LST0197248,AG01912,LOC0103,Townhouse,6,2.5,2445,2170,1929,615400.0,2025-11-09,Pending,,,11,90.0,0,No,No,2025-11-09,2026-08-27
UPDATE,2026-08-27T00:00:00,2026-08-27,PT0256064,LST0256064,AG00800,LOC0225,Land,0,0.0,4894,2907,1951,1523700.0,2025-03-19,Pending,,,79,0.0,0,No,No,2025-03-19,2026-08-27
UPDATE,2026-08-27T00:00:00,2026-08-27,PT0372890,LST0372890,AG01140,LOC0134,Single Family,3,3.0,2655,4183,1970,1198800.0,2025-12-05,Pending,,,20,0.0,2,No,No,2025-12-05,2026-08-27
UPDATE,2026-08-27T00:00:00,2026-08-27,PT0178658,LST0178658,AG02945,LOC0032,Apartment,4,2.0,1394,0,2025,174600.0,2025-09-03,Active,,,79,89.0,0,No,No,2025-09-03,2026-08-27
UPDATE,2026-08-27T00:00:00,2026-08-27,PT0056794,LST0056794,AG02596,LOC0099,Townhouse,5,1.5,1478,2946,1944,792500.0,2024-07-15,Sold,769482.76,2026-08-27,773,398.0,1,No,No,2024-07-15,2026-08-27
UPDATE,2026-08-27T00:00:00,2026-08-27,PT0543946,LST0543946,AG00177,LOC0130,Townhouse,1,1.0,2056,1376,1963,497900.0,2026-08-08,Sold,488562.69,2026-08-27,19,352.23,2,Yes,No,2026-08-08,2026-08-27
UPDATE,2026-08-27T00:00:00,2026-08-27,PT0308281,LST0308281,AG01689,LOC0034,Townhouse,2,3.0,1938,3958,1946,369200.0,2023-06-27,Pending,,,90,733.0,3,No,No,2023-06-27,2026-08-27
UPDATE,2026-08-27T00:00:00,2026-08-27,PT0177748,LST0177748,AG02391,LOC0169,Single Family,6,3.5,1678,3123,1912,558100.0,2025-01-30,Active,,,36,0.0,0,No,Yes,2025-01-30,2026-08-27
UPDATE,2026-08-27T00:00:00,2026-08-27,PT0225717,LST0225717,AG01210,LOC0082,Single Family,4,4.5,3372,5691,1929,650500.0,2024-09-30,Pending,,,177,0.0,2,No,Yes,2024-09-30,2026-08-27
UPDATE,2026-08-27T00:00:00,2026-08-27,PT0095810,LST0095810,AG00344,LOC0079,Single Family,1,4.5,1120,6420,1957,327600.0,2023-09-15,Sold,332429.69,2026-08-27,1077,0.0,2,No,Yes,2023-09-15,2026-08-27
UPDATE,2026-08-27T00:00:00,2026-08-27,PT0035220,LST0035220,AG01912,LOC0094,Land,0,0.0,4611,4130,1928,915900.0,2024-09-05,Sold,844018.3,2026-08-27,721,0.0,0,No,No,2024-09-05,2026-08-27
UPDATE,2026-08-27T00:00:00,2026-08-27,PT0498293,LST0498293,AG01215,LOC0016,Condo,6,1.5,828,6314,1987,61100.0,2023-03-20,Active,,,153,505.0,3,No,No,2023-03-20,2026-08-27
UPDATE,2026-08-27T00:00:00,2026-08-27,PT0461227,LST0461227,AG02003,LOC0061,Condo,2,1.0,2997,7946,1951,560500.0,2023-01-06,Pending,,,29,768.0,2,No,No,2023-01-06,2026-08-27
UPDATE,2026-08-27T00:00:00,2026-08-27,PT0288070,LST0288070,AG01769,LOC0110,Townhouse,1,2.5,1378,4502,1941,207900.0,2025-03-03,Sold,202164.35,2026-08-27,542,290.0,2,No,No,2025-03-03,2026-08-27
UPDATE,2026-08-27T00:00:00,2026-08-27,PT0044722,LST0044722,AG00937,LOC0092,Single Family,3,2.5,3287,14891,1916,927500.0,2024-10-14,Sold,882329.68,2026-08-27,682,0.0,3,Yes,Yes,2024-10-14,2026-08-27
UPDATE,2026-08-27T00:00:00,2026-08-27,PT0062013,LST0062013,AG02041,LOC0014,Multi-Family,1,3.5,3673,7188,1924,451500.0,2025-12-22,Pending,,,74,0.0,0,No,No,2025-12-22,2026-08-27
UPDATE,2026-08-27T00:00:00,2026-08-27,PT0226067,LST0226067,AG01839,LOC0053,Townhouse,5,2.5,1778,2020,1902,486500.0,2024-03-15,Active,,,151,69.0,2,No,No,2024-03-15,2026-08-27
UPDATE,2026-08-27T00:00:00,2026-08-27,PT0054954,LST0054954,AG01619,LOC0182,Single Family,4,1.0,2097,6442,2010,594600.0,2026-05-23,Pending,,,72,0.0,3,Yes,Yes,2026-05-23,2026-08-27
UPDATE,2026-08-27T00:00:00,2026-08-27,PT0010855,LST0010855,AG00239,LOC0202,Multi-Family,5,2.0,2584,15011,1944,1210600.0,2025-11-10,Sold,1256631.86,2026-08-27,290,0.0,1,No,No,2025-11-10,2026-08-27
UPDATE,2026-08-27T00:00:00,2026-08-27,PT0396964,LST0396964,AG01604,LOC0221,Multi-Family,3,3.5,2698,2832,2011,721200.0,2025-06-09,Active,,,117,0.0,2,No,No,2025-06-09,2026-08-27
UPDATE,2026-08-27T00:00:00,2026-08-27,PT0373502,LST0373502,AG01311,LOC0250,Single Family,5,2.0,2548,2278,1983,634200.0,2024-04-21,Active,,,94,0.0,1,No,No,2024-04-21,2026-08-27
UPDATE,2026-08-27T00:00:00,2026-08-27,PT0457197,LST0457197,AG01693,LOC0074,Multi-Family,2,1.5,2244,27086,1937,379000.0,2024-05-15,Active,,,154,0.0,1,No,No,2024-05-15,2026-08-27
UPDATE,2026-08-27T00:00:00,2026-08-27,PT0015349,LST0015349,AG02376,LOC0023,Townhouse,1,3.5,2395,5203,1996,498100.0,2023-05-05,Pending,,,3,608.0,3,No,No,2023-05-05,2026-08-27
UPDATE,2026-08-27T00:00:00,2026-08-27,PT0476125,LST0476125,AG00764,LOC0092,Land,0,0.0,7525,1689,1992,1251200.0,2023-01-05,Pending,,,150,0.0,0,No,No,2023-01-05,2026-08-27
UPDATE,2026-08-27T00:00:00,2026-08-27,PT0503407,LST0503407,AG02810,LOC0017,Townhouse,1,4.5,1607,1637,2017,485000.0,2026-07-03,Pending,,,0,563.55,0,No,No,2026-07-03,2026-08-27
UPDATE,2026-08-27T00:00:00,2026-08-27,PT0398683,LST0398683,AG02143,LOC0004,Condo,4,1.5,1350,2295,1903,227300.0,2025-03-17,Pending,,,130,474.0,2,No,No,2025-03-17,2026-08-27
UPDATE,2026-08-27T00:00:00,2026-08-27,PT0259781,LST0259781,AG00711,LOC0052,Single Family,3,3.0,2572,6462,1967,535000.0,2026-04-05,Pending,,,163,0.0,2,No,No,2026-04-05,2026-08-27
UPDATE,2026-08-27T00:00:00,2026-08-27,PT0172667,LST0172667,AG01374,LOC0052,Single Family,6,3.0,1899,5946,1978,306100.0,2024-11-11,Pending,,,30,0.0,3,No,No,2024-11-11,2026-08-27
UPDATE,2026-08-27T00:00:00,2026-08-27,PT0181627,LST0181627,AG02016,LOC0125,Single Family,4,1.5,806,4299,1938,44500.0,2026-01-16,Sold,43825.22,2026-08-27,223,0.0,3,No,No,2026-01-16,2026-08-27
UPDATE,2026-08-27T00:00:00,2026-08-27,PT0445717,LST0445717,AG01709,LOC0041,Single Family,2,2.0,2122,14282,1921,808700.0,2025-04-16,Sold,804806.25,2026-08-27,498,0.0,2,No,Yes,2025-04-16,2026-08-27
UPDATE,2026-08-27T00:00:00,2026-08-27,PT0077021,LST0077021,AG02106,LOC0060,Single Family,2,1.0,1277,3954,1994,455300.0,2023-08-21,Pending,,,21,0.0,1,No,No,2023-08-21,2026-08-27
UPDATE,2026-08-27T00:00:00,2026-08-27,PT0288458,LST0288458,AG00695,LOC0230,Single Family,5,3.0,1869,3481,2003,637100.0,2023-06-10,Sold,610252.24,2026-08-27,1174,0.0,0,No,Yes,2023-06-10,2026-08-27
UPDATE,2026-08-27T00:00:00,2026-08-27,PT0061879,LST0061879,AG02870,LOC0061,Townhouse,2,1.0,2228,9343,1951,221100.0,2023-11-06,Active,,,162,281.0,1,No,No,2023-11-06,2026-08-27
UPDATE,2026-08-27T00:00:00,2026-08-27,PT0529030,LST0529030,AG02986,LOC0103,Multi-Family,3,1.5,5673,4175,1963,1792500.0,2026-07-25,Active,,,0,0.0,0,Yes,Yes,2026-07-25,2026-08-27
UPDATE,2026-08-27T00:00:00,2026-08-27,PT0314791,LST0314791,AG02423,LOC0069,Single Family,2,4.5,2514,4101,1978,749300.0,2025-02-13,Active,,,64,0.0,2,No,No,2025-02-13,2026-08-27
UPDATE,2026-08-27T00:00:00,2026-08-27,PT0135040,LST0135040,AG02998,LOC0011,Townhouse,6,1.5,2265,2149,1961,925300.0,2023-11-24,Pending,,,159,747.0,1,Yes,No,2023-11-24,2026-08-27
UPDATE,2026-08-27T00:00:00,2026-08-27,PT0134509,LST0134509,AG01441,LOC0240,Apartment,3,3.5,223,0,2005,51400.0,2025-09-26,Active,,,11,787.0,0,No,No,2025-09-26,2026-08-27
UPDATE,2026-08-27T00:00:00,2026-08-27,PT0345340,LST0345340,AG01447,LOC0083,Townhouse,5,4.5,2344,2279,1975,429800.0,2024-08-04,Pending,,,177,165.0,2,No,No,2024-08-04,2026-08-27
UPDATE,2026-08-27T00:00:00,2026-08-27,PT0226404,LST0226404,AG02826,LOC0151,Single Family,3,4.0,1209,2441,1974,281000.0,2025-09-24,Pending,,,59,0.0,3,No,No,2025-09-24,2026-08-27
UPDATE,2026-08-27T00:00:00,2026-08-27,PT0483085,LST0483085,AG02262,LOC0024,Condo,2,4.0,1326,3221,1917,405100.0,2025-07-25,Pending,,,144,246.0,0,Yes,No,2025-07-25,2026-08-27
UPDATE,2026-08-27T00:00:00,2026-08-27,PT0303039,LST0303039,AG02710,LOC0086,Condo,6,3.5,2297,1470,1977,243600.0,2024-06-19,Active,,,85,696.0,1,No,No,2024-06-19,2026-08-27
UPDATE,2026-08-27T00:00:00,2026-08-27,PT0020244,LST0020244,AG02296,LOC0189,Single Family,4,3.0,2029,3700,1990,439400.0,2026-02-12,Pending,,,79,0.0,1,No,Yes,2026-02-12,2026-08-27
UPDATE,2026-08-27T00:00:00,2026-08-27,PT0217298,LST0217298,AG02496,LOC0129,Single Family,5,1.5,913,3004,1949,392100.0,2023-04-14,Pending,,,42,0.0,3,No,Yes,2023-04-14,2026-08-27
UPDATE,2026-08-27T00:00:00,2026-08-27,PT0153542,LST0153542,AG00954,LOC0116,Townhouse,5,4.5,2195,2838,2005,604900.0,2025-02-01,Pending,,,61,490.0,3,No,No,2025-02-01,2026-08-27
UPDATE,2026-08-27T00:00:00,2026-08-27,PT0418107,LST0418107,AG02517,LOC0024,Multi-Family,2,2.0,4706,11812,1973,2113000.0,2026-01-17,Active,,,82,0.0,0,No,Yes,2026-01-17,2026-08-27
UPDATE,2026-08-27T00:00:00,2026-08-27,PT0048478,LST0048478,AG00910,LOC0203,Townhouse,3,2.5,1628,3675,1967,349300.0,2025-12-20,Active,,,76,723.0,3,No,No,2025-12-20,2026-08-27
UPDATE,2026-08-27T00:00:00,2026-08-27,PT0174815,LST0174815,AG01566,LOC0014,Single Family,1,2.0,1709,1214,2023,434800.0,2023-06-20,Active,,,62,0.0,3,Yes,No,2023-06-20,2026-08-27
UPDATE,2026-08-27T00:00:00,2026-08-27,PT0460360,LST0460360,AG00397,LOC0237,Condo,4,4.0,2310,1477,1900,595200.0,2023-01-05,Active,,,121,653.0,1,Yes,No,2023-01-05,2026-08-27
UPDATE,2026-08-27T00:00:00,2026-08-27,PT0044408,LST0044408,AG01787,LOC0077,Townhouse,5,3.5,1346,2604,1913,365900.0,2024-03-30,Pending,,,119,66.0,3,No,No,2024-03-30,2026-08-27
UPDATE,2026-08-27T00:00:00,2026-08-27,PT0388605,LST0388605,AG02323,LOC0098,Townhouse,6,1.0,2786,1403,1936,463500.0,2026-03-24,Active,,,136,103.0,2,No,No,2026-03-24,2026-08-27
UPDATE,2026-08-27T00:00:00,2026-08-27,PT0107385,LST0107385,AG02801,LOC0249,Single Family,1,3.0,2086,1688,1928,1299200.0,2024-04-04,Pending,,,60,0.0,1,No,Yes,2024-04-04,2026-08-27
UPDATE,2026-08-27T00:00:00,2026-08-27,PT0536173,LST0536173,AG00776,LOC0077,Single Family,4,2.0,1756,4477,1923,335300.0,2026-08-01,Pending,,,0,0.0,2,No,Yes,2026-08-01,2026-08-27
UPDATE,2026-08-27T00:00:00,2026-08-27,PT0126627,LST0126627,AG00913,LOC0249,Multi-Family,3,3.0,4588,3092,1992,2931800.0,2023-05-12,Pending,,,7,0.0,1,No,Yes,2023-05-12,2026-08-27
UPDATE,2026-08-27T00:00:00,2026-08-27,PT0270602,LST0270602,AG00847,LOC0230,Condo,1,4.5,2859,5577,1922,902800.0,2024-11-30,Active,,,7,482.0,1,No,No,2024-11-30,2026-08-27
UPDATE,2026-08-27T00:00:00,2026-08-27,PT0358028,LST0358028,AG01497,LOC0143,Single Family,3,4.5,2116,3152,1911,337700.0,2023-07-30,Active,,,27,0.0,0,No,No,2023-07-30,2026-08-27
UPDATE,2026-08-27T00:00:00,2026-08-27,PT0471861,LST0471861,AG02656,LOC0147,Single Family,4,2.0,1564,4028,1987,127400.0,2026-05-19,Pending,,,55,0.0,3,No,No,2026-05-19,2026-08-27
UPDATE,2026-08-27T00:00:00,2026-08-27,PT0420803,LST0420803,AG00620,LOC0038,Single Family,6,2.0,1298,3579,2015,353800.0,2023-09-04,Sold,335449.55,2026-08-27,1088,0.0,0,No,No,2023-09-04,2026-08-27
UPDATE,2026-08-27T00:00:00,2026-08-27,PT0224791,LST0224791,AG00023,LOC0205,Apartment,5,3.0,598,0,1941,229300.0,2024-11-27,Active,,,26,395.0,0,No,No,2024-11-27,2026-08-27
UPDATE,2026-08-27T00:00:00,2026-08-27,PT0389724,LST0389724,AG00642,LOC0121,Condo,1,3.5,2377,5548,1901,661900.0,2024-08-22,Pending,,,149,144.0,0,No,No,2024-08-22,2026-08-27
UPDATE,2026-08-27T00:00:00,2026-08-27,PT0372892,LST0372892,AG01900,LOC0007,Single Family,3,4.5,2351,1408,1929,691600.0,2023-07-30,Pending,,,11,0.0,2,No,Yes,2023-07-30,2026-08-27
UPDATE,2026-08-27T00:00:00,2026-08-27,PT0028363,LST0028363,AG01852,LOC0225,Condo,1,2.0,627,5384,1937,142600.0,2023-11-14,Pending,,,76,477.0,2,No,No,2023-11-14,2026-08-27
UPDATE,2026-08-27T00:00:00,2026-08-27,PT0510574,LST0510574,AG01343,LOC0050,Multi-Family,6,2.0,4279,1350,1911,1263300.0,2026-07-09,Pending,,,0,0.0,3,No,No,2026-07-09,2026-08-27
UPDATE,2026-08-27T00:00:00,2026-08-27,PT0193023,LST0193023,AG01474,LOC0102,Single Family,1,2.5,1372,2624,1967,75700.0,2026-02-16,Sold,79070.13,2026-08-27,192,0.0,3,Yes,No,2026-02-16,2026-08-27
UPDATE,2026-08-27T00:00:00,2026-08-27,PT0044650,LST0044650,AG02997,LOC0210,Single Family,2,1.5,1900,3647,2019,566600.0,2025-03-11,Pending,,,17,0.0,0,No,No,2025-03-11,2026-08-27
UPDATE,2026-08-27T00:00:00,2026-08-27,PT0184610,LST0184610,AG00196,LOC0178,Townhouse,4,4.5,343,4181,1948,28400.0,2025-02-03,Active,,,83,406.0,3,No,No,2025-02-03,2026-08-27
UPDATE,2026-08-27T00:00:00,2026-08-27,PT0185411,LST0185411,AG01238,LOC0213,Condo,2,3.0,932,5198,1982,165800.0,2025-02-05,Active,,,8,90.0,0,Yes,No,2025-02-05,2026-08-27
UPDATE,2026-08-27T00:00:00,2026-08-27,PT0029236,LST0029236,AG02747,LOC0099,Townhouse,5,2.0,2619,1431,1923,416400.0,2024-09-03,Pending,,,61,254.0,3,No,No,2024-09-03,2026-08-27
UPDATE,2026-08-27T00:00:00,2026-08-27,PT0089296,LST0089296,AG01966,LOC0025,Single Family,6,2.0,2076,1196,1949,1052900.0,2024-02-06,Pending,,,5,0.0,2,No,No,2024-02-06,2026-08-27
UPDATE,2026-08-27T00:00:00,2026-08-27,PT0514933,LST0514933,AG00724,LOC0215,Single Family,1,4.0,1797,8798,1938,356900.0,2026-07-13,Sold,350785.07,2026-08-27,45,0.0,3,No,Yes,2026-07-13,2026-08-27
UPDATE,2026-08-27T00:00:00,2026-08-27,PT0306504,LST0306504,AG02800,LOC0016,Land,0,0.0,952,1796,2007,192600.0,2025-01-06,Sold,187829.77,2026-08-27,598,0.0,0,No,No,2025-01-06,2026-08-27
UPDATE,2026-08-27T00:00:00,2026-08-27,PT0499422,LST0499422,AG02851,LOC0149,Townhouse,1,4.0,300,1274,1934,58300.0,2026-04-29,Pending,,,33,680.0,3,No,No,2026-04-29,2026-08-27
UPDATE,2026-08-27T00:00:00,2026-08-27,PT0534559,LST0534559,AG02045,LOC0061,Single Family,5,1.0,1697,1010,1999,329200.0,2026-07-30,Pending,,,0,0.0,3,No,No,2026-07-30,2026-08-27
UPDATE,2026-08-27T00:00:00,2026-08-27,PT0197357,LST0197357,AG02405,LOC0218,Multi-Family,4,4.0,4729,1653,1908,2118500.0,2023-05-05,Sold,2207687.81,2026-08-27,1210,0.0,2,Yes,No,2023-05-05,2026-08-27
UPDATE,2026-08-27T00:00:00,2026-08-27,PT0059691,LST0059691,AG01544,LOC0211,Single Family,2,1.5,2916,1114,1972,403400.0,2023-04-06,Active,,,41,0.0,0,No,No,2023-04-06,2026-08-27
UPDATE,2026-08-27T00:00:00,2026-08-27,PT0121040,LST0121040,AG02397,LOC0157,Single Family,4,2.5,2044,4023,1918,592200.0,2025-10-01,Pending,,,8,0.0,2,No,No,2025-10-01,2026-08-27
UPDATE,2026-08-27T00:00:00,2026-08-27,PT0256854,LST0256854,AG01733,LOC0154,Single Family,6,4.0,3023,9983,2022,759100.0,2026-05-18,Pending,,,45,0.0,3,No,No,2026-05-18,2026-08-27
UPDATE,2026-08-27T00:00:00,2026-08-27,PT0518322,LST0518322,AG02401,LOC0008,Single Family,2,4.0,1859,4061,2023,199000.0,2026-07-16,Active,,,0,0.0,2,No,Yes,2026-07-16,2026-08-27
UPDATE,2026-08-27T00:00:00,2026-08-27,PT0546735,LST0546735,AG00513,LOC0119,Single Family,3,4.5,1974,2602,2022,195400.0,2026-08-10,Pending,,,0,0.0,3,Yes,Yes,2026-08-10,2026-08-27
UPDATE,2026-08-27T00:00:00,2026-08-27,PT0415988,LST0415988,AG02473,LOC0034,Condo,3,3.0,2942,4861,1977,1129500.0,2024-10-19,Pending,,,125,593.0,2,No,No,2024-10-19,2026-08-27
UPDATE,2026-08-27T00:00:00,2026-08-27,PT0349035,LST0349035,AG01654,LOC0005,Single Family,5,3.0,1147,2641,1966,205500.0,2024-04-12,Active,,,141,0.0,3,No,Yes,2024-04-12,2026-08-27
UPDATE,2026-08-27T00:00:00,2026-08-27,PT0195168,LST0195168,AG00610,LOC0041,Single Family,1,3.5,1031,3462,1935,343300.0,2025-01-24,Pending,,,96,0.0,1,No,No,2025-01-24,2026-08-27
UPDATE,2026-08-27T00:00:00,2026-08-27,PT0240644,LST0240644,AG01627,LOC0067,Apartment,2,2.0,611,0,2003,152000.0,2026-06-04,Pending,,,55,581.0,2,Yes,No,2026-06-04,2026-08-27
UPDATE,2026-08-27T00:00:00,2026-08-27,PT0449778,LST0449778,AG02274,LOC0126,Apartment,6,4.5,1228,0,1901,413700.0,2023-09-17,Pending,,,35,684.0,0,No,No,2023-09-17,2026-08-27
UPDATE,2026-08-27T00:00:00,2026-08-27,PT0000879,LST0000879,AG02297,LOC0074,Single Family,2,1.5,2862,1622,1938,1566100.0,2025-07-18,Active,,,21,0.0,2,No,Yes,2025-07-18,2026-08-27
UPDATE,2026-08-27T00:00:00,2026-08-27,PT0442349,LST0442349,AG02813,LOC0085,Apartment,2,2.5,599,0,1940,75100.0,2024-12-25,Pending,,,71,200.0,2,No,No,2024-12-25,2026-08-27
UPDATE,2026-08-27T00:00:00,2026-08-27,PT0550673,LST0550673,AG00219,LOC0143,Single Family,4,3.5,1384,4156,1939,86000.0,2026-08-14,Active,,,0,0.0,1,No,Yes,2026-08-14,2026-08-27
UPDATE,2026-08-27T00:00:00,2026-08-27,PT0272265,LST0272265,AG01573,LOC0099,Single Family,4,4.5,1893,1589,1977,646100.0,2025-11-18,Pending,,,88,0.0,2,No,No,2025-11-18,2026-08-27
UPDATE,2026-08-27T00:00:00,2026-08-27,PT0234520,LST0234520,AG00699,LOC0193,Single Family,3,1.5,1163,2058,1924,239800.0,2024-02-28,Pending,,,23,0.0,0,Yes,Yes,2024-02-28,2026-08-27
UPDATE,2026-08-27T00:00:00,2026-08-27,PT0366249,LST0366249,AG02419,LOC0100,Condo,1,4.5,1156,7511,1931,107500.0,2026-06-14,Pending,,,178,75.0,2,No,No,2026-06-14,2026-08-27
UPDATE,2026-08-27T00:00:00,2026-08-27,PT0523268,LST0523268,AG00029,LOC0119,Single Family,4,1.0,1947,8859,2011,485300.0,2026-07-21,Active,,,0,0.0,1,Yes,No,2026-07-21,2026-08-27
UPDATE,2026-08-27T00:00:00,2026-08-27,PT0322105,LST0322105,AG01839,LOC0081,Single Family,1,3.5,1434,5814,2014,707200.0,2024-10-30,Pending,,,159,0.0,3,No,No,2024-10-30,2026-08-27
UPDATE,2026-08-27T00:00:00,2026-08-27,PT0303991,LST0303991,AG01939,LOC0059,Condo,3,3.5,1951,6507,1967,602600.0,2025-02-21,Pending,,,73,791.0,0,No,No,2025-02-21,2026-08-27
UPDATE,2026-08-27T00:00:00,2026-08-27,PT0503606,LST0503606,AG01794,LOC0199,Multi-Family,1,1.0,2736,1636,2024,1570500.0,2026-07-03,Active,,,0,0.0,2,Yes,Yes,2026-07-03,2026-08-27
UPDATE,2026-08-27T00:00:00,2026-08-27,PT0520472,LST0520472,AG00658,LOC0100,Single Family,1,1.0,1225,10768,1910,169200.0,2026-07-18,Sold,162669.82,2026-08-27,40,0.0,1,No,No,2026-07-18,2026-08-27
UPDATE,2026-08-27T00:00:00,2026-08-27,PT0517161,LST0517161,AG01098,LOC0142,Single Family,6,2.0,1203,5276,1950,143900.0,2026-07-14,Active,,,0,0.0,2,Yes,No,2026-07-14,2026-08-27
UPDATE,2026-08-27T00:00:00,2026-08-27,PT0139895,LST0139895,AG00681,LOC0111,Single Family,5,3.0,1982,3466,1946,270900.0,2024-01-04,Active,,,82,0.0,2,No,No,2024-01-04,2026-08-27
UPDATE,2026-08-27T00:00:00,2026-08-27,PT0114472,LST0114472,AG01173,LOC0241,Condo,1,4.5,1489,2781,1987,47100.0,2023-08-18,Pending,,,1,97.0,2,No,No,2023-08-18,2026-08-27
UPDATE,2026-08-27T00:00:00,2026-08-27,PT0526691,LST0526691,AG01031,LOC0126,Land,0,0.0,3295,8987,1915,1570000.0,2026-07-24,Sold,1558592.84,2026-08-27,34,0.0,0,No,No,2026-07-24,2026-08-27
UPDATE,2026-08-27T00:00:00,2026-08-27,PT0541011,LST0541011,AG02185,LOC0206,Single Family,6,3.5,512,2358,2004,142400.0,2026-08-05,Sold,135363.12,2026-08-27,22,0.0,2,No,No,2026-08-05,2026-08-27
UPDATE,2026-08-27T00:00:00,2026-08-27,PT0547007,LST0547007,AG02305,LOC0004,Single Family,6,4.0,1831,3354,1921,190200.0,2026-08-10,Active,,,0,0.0,0,No,Yes,2026-08-10,2026-08-27
UPDATE,2026-08-27T00:00:00,2026-08-27,PT0533715,LST0533715,AG01027,LOC0053,Multi-Family,2,2.0,4620,8515,2003,2173200.0,2026-07-29,Active,,,0,0.0,1,No,Yes,2026-07-29,2026-08-27
UPDATE,2026-08-27T00:00:00,2026-08-27,PT0104435,LST0104435,AG00682,LOC0199,Single Family,5,3.0,1543,3314,2006,664000.0,2024-10-16,Pending,,,90,0.0,0,No,No,2024-10-16,2026-08-27
UPDATE,2026-08-27T00:00:00,2026-08-27,PT0020119,LST0020119,AG02208,LOC0190,Apartment,3,2.0,1341,0,1900,285000.0,2024-09-12,Active,,,21,793.0,3,No,No,2024-09-12,2026-08-27
UPDATE,2026-08-27T00:00:00,2026-08-27,PT0545403,LST0545403,AG00488,LOC0200,Condo,6,3.0,1736,6024,1914,272100.0,2026-08-09,Active,,,0,59.93,2,No,No,2026-08-09,2026-08-27
UPDATE,2026-08-27T00:00:00,2026-08-27,PT0046721,LST0046721,AG00539,LOC0208,Townhouse,5,2.5,2373,11255,1927,330000.0,2023-07-24,Sold,315349.39,2026-08-27,1130,728.0,3,No,No,2023-07-24,2026-08-27
UPDATE,2026-08-27T00:00:00,2026-08-27,PT0527746,LST0527746,AG01511,LOC0131,Townhouse,1,2.5,2367,2770,1933,998000.0,2026-07-24,Active,,,0,727.48,0,No,No,2026-07-24,2026-08-27
UPDATE,2026-08-27T00:00:00,2026-08-27,PT0038859,LST0038859,AG01853,LOC0198,Condo,6,1.5,300,5383,1903,37000.0,2025-07-04,Sold,34352.13,2026-08-27,419,335.0,2,No,No,2025-07-04,2026-08-27
UPDATE,2026-08-27T00:00:00,2026-08-27,PT0059587,LST0059587,AG02057,LOC0169,Townhouse,5,3.5,2621,1954,2000,175300.0,2026-03-21,Active,,,17,469.0,0,Yes,No,2026-03-21,2026-08-27
UPDATE,2026-08-27T00:00:00,2026-08-27,PT0381478,LST0381478,AG00445,LOC0024,Condo,5,3.0,1865,1951,1998,317700.0,2026-01-20,Active,,,177,798.0,2,No,No,2026-01-20,2026-08-27
UPDATE,2026-08-27T00:00:00,2026-08-27,PT0076161,LST0076161,AG00562,LOC0228,Townhouse,1,3.5,1412,6568,1989,633000.0,2024-04-16,Sold,611098.6,2026-08-27,863,287.0,3,No,No,2024-04-16,2026-08-27
UPDATE,2026-08-27T00:00:00,2026-08-27,PT0055270,LST0055270,AG00125,LOC0088,Multi-Family,3,1.5,2549,8811,1990,219300.0,2026-02-15,Pending,,,53,0.0,3,No,Yes,2026-02-15,2026-08-27
UPDATE,2026-08-27T00:00:00,2026-08-27,PT0076776,LST0076776,AG01375,LOC0214,Single Family,2,2.5,1024,3011,1953,243600.0,2025-03-13,Pending,,,109,0.0,3,No,No,2025-03-13,2026-08-27
UPDATE,2026-08-27T00:00:00,2026-08-27,PT0535265,LST0535265,AG00473,LOC0218,Single Family,6,3.0,828,3806,1973,301800.0,2026-07-31,Sold,290487.53,2026-08-27,27,0.0,2,Yes,No,2026-07-31,2026-08-27
UPDATE,2026-08-27T00:00:00,2026-08-27,PT0049519,LST0049519,AG00823,LOC0159,Condo,6,3.0,1433,6727,1939,409500.0,2023-12-07,Pending,,,85,602.0,2,No,No,2023-12-07,2026-08-27
UPDATE,2026-08-27T00:00:00,2026-08-27,PT0291903,LST0291903,AG00975,LOC0220,Condo,4,4.5,2315,3644,1980,678800.0,2023-04-06,Pending,,,158,749.0,1,No,No,2023-04-06,2026-08-27
UPDATE,2026-08-27T00:00:00,2026-08-27,PT0037163,LST0037163,AG02727,LOC0066,Single Family,4,3.5,1903,2968,1909,411900.0,2024-02-29,Pending,,,146,0.0,0,No,Yes,2024-02-29,2026-08-27
UPDATE,2026-08-27T00:00:00,2026-08-27,PT0222335,LST0222335,AG02198,LOC0116,Multi-Family,4,4.0,4028,2496,1990,1095300.0,2026-06-18,Pending,,,88,0.0,2,No,No,2026-06-18,2026-08-27
UPDATE,2026-08-27T00:00:00,2026-08-27,PT0469052,LST0469052,AG01937,LOC0056,Multi-Family,2,1.5,3217,1585,1929,1047100.0,2026-02-12,Pending,,,171,0.0,0,No,No,2026-02-12,2026-08-27
UPDATE,2026-08-27T00:00:00,2026-08-27,PT0559574,LST0559574,AG01749,LOC0072,Townhouse,3,4.5,3657,2095,1968,527100.0,2026-08-22,Sold,517414.52,2026-08-27,5,456.85,2,No,No,2026-08-22,2026-08-27
UPDATE,2026-08-27T00:00:00,2026-08-27,PT0084616,LST0084616,AG01329,LOC0047,Townhouse,2,2.0,2654,3541,1927,474500.0,2023-06-05,Active,,,2,442.0,3,No,No,2023-06-05,2026-08-27
UPDATE,2026-08-27T00:00:00,2026-08-27,PT0301073,LST0301073,AG00630,LOC0108,Single Family,2,4.5,3086,2410,2023,453500.0,2025-10-05,Pending,,,155,0.0,1,No,No,2025-10-05,2026-08-27
UPDATE,2026-08-27T00:00:00,2026-08-27,PT0128084,LST0128084,AG00116,LOC0063,Townhouse,3,3.5,3146,2754,2023,1282500.0,2024-04-14,Active,,,21,549.0,0,No,No,2024-04-14,2026-08-27
UPDATE,2026-08-27T00:00:00,2026-08-27,PT0045128,LST0045128,AG01628,LOC0062,Condo,5,2.0,2157,2657,1912,805100.0,2024-08-27,Sold,717418.98,2026-08-27,730,146.0,1,No,No,2024-08-27,2026-08-27
UPDATE,2026-08-27T00:00:00,2026-08-27,PT0093587,LST0093587,AG01429,LOC0043,Condo,2,2.0,1961,1535,1960,294400.0,2025-07-26,Pending,,,71,763.0,2,No,No,2025-07-26,2026-08-27
UPDATE,2026-08-27T00:00:00,2026-08-27,PT0543577,LST0543577,AG02486,LOC0024,Single Family,2,4.5,1616,5822,1933,606200.0,2026-08-07,Active,,,0,0.0,1,No,Yes,2026-08-07,2026-08-27
UPDATE,2026-08-27T00:00:00,2026-08-27,PT0015870,LST0015870,AG01992,LOC0068,Townhouse,6,1.5,1230,1735,1953,399800.0,2023-11-03,Active,,,42,638.0,2,No,No,2023-11-03,2026-08-27
UPDATE,2026-08-27T00:00:00,2026-08-27,PT0081833,LST0081833,AG00249,LOC0064,Single Family,1,1.5,2541,5250,1992,394800.0,2024-03-16,Active,,,108,0.0,1,No,No,2024-03-16,2026-08-27
UPDATE,2026-08-27T00:00:00,2026-08-27,PT0510035,LST0510035,AG02452,LOC0186,Condo,1,4.0,1739,5599,1938,162800.0,2026-07-09,Active,,,0,627.22,0,No,No,2026-07-09,2026-08-27
UPDATE,2026-08-27T00:00:00,2026-08-27,PT0034605,LST0034605,AG02652,LOC0191,Single Family,5,4.0,2304,9354,1929,1327700.0,2023-09-11,Active,,,102,0.0,3,Yes,Yes,2023-09-11,2026-08-27
UPDATE,2026-08-27T00:00:00,2026-08-27,PT0338120,LST0338120,AG00857,LOC0021,Single Family,4,1.5,1507,5953,1940,199400.0,2024-05-14,Pending,,,98,0.0,0,No,Yes,2024-05-14,2026-08-27
UPDATE,2026-08-27T00:00:00,2026-08-27,PT0539660,LST0539660,AG02205,LOC0011,Single Family,3,2.0,3342,7772,1952,1901200.0,2026-08-04,Active,,,0,0.0,2,No,No,2026-08-04,2026-08-27
UPDATE,2026-08-27T00:00:00,2026-08-27,PT0521589,LST0521589,AG02376,LOC0075,Apartment,3,4.5,1921,0,1977,506800.0,2026-07-19,Sold,499392.83,2026-08-27,39,155.31,3,No,No,2026-07-19,2026-08-27
UPDATE,2026-08-27T00:00:00,2026-08-27,PT0303140,LST0303140,AG01443,LOC0065,Condo,4,4.0,2265,10768,1955,322000.0,2024-06-06,Sold,327204.17,2026-08-27,812,759.0,3,No,No,2024-06-06,2026-08-27
UPDATE,2026-08-27T00:00:00,2026-08-27,PT0098553,LST0098553,AG00400,LOC0028,Condo,5,3.0,1912,6489,1999,268300.0,2024-04-14,Pending,,,122,81.0,2,Yes,No,2024-04-14,2026-08-27
UPDATE,2026-08-27T00:00:00,2026-08-27,PT0167296,LST0167296,AG02963,LOC0048,Condo,5,4.5,2390,2239,1930,1337300.0,2023-08-21,Pending,,,120,388.0,0,No,No,2023-08-21,2026-08-27
UPDATE,2026-08-27T00:00:00,2026-08-27,PT0013323,LST0013323,AG01159,LOC0178,Single Family,4,1.5,1787,5164,1978,219700.0,2024-08-04,Active,,,167,0.0,3,No,No,2024-08-04,2026-08-27
UPDATE,2026-08-27T00:00:00,2026-08-27,PT0417343,LST0417343,AG01200,LOC0136,Single Family,5,1.5,1928,3331,1945,573700.0,2025-07-11,Active,,,47,0.0,0,No,No,2025-07-11,2026-08-27
UPDATE,2026-08-27T00:00:00,2026-08-27,PT0427379,LST0427379,AG02525,LOC0032,Land,0,0.0,7258,6461,1982,726900.0,2026-03-21,Pending,,,166,0.0,0,No,No,2026-03-21,2026-08-27
UPDATE,2026-08-27T00:00:00,2026-08-27,PT0253823,LST0253823,AG00276,LOC0130,Single Family,5,2.5,2182,3684,1985,431300.0,2024-03-16,Pending,,,169,0.0,0,No,No,2024-03-16,2026-08-27
UPDATE,2026-08-27T00:00:00,2026-08-27,PT0238729,LST0238729,AG00691,LOC0237,Townhouse,3,1.5,1744,3232,1902,421100.0,2025-06-22,Pending,,,6,745.0,3,No,No,2025-06-22,2026-08-27
UPDATE,2026-08-27T00:00:00,2026-08-27,PT0375804,LST0375804,AG02185,LOC0101,Condo,1,4.0,3031,15157,1954,1439100.0,2025-12-31,Sold,1299726.28,2026-08-27,239,782.0,1,No,No,2025-12-31,2026-08-27
UPDATE,2026-08-27T00:00:00,2026-08-27,PT0060879,LST0060879,AG00673,LOC0061,Single Family,5,4.5,1702,1787,2005,282100.0,2023-01-20,Active,,,153,0.0,0,No,Yes,2023-01-20,2026-08-27
UPDATE,2026-08-27T00:00:00,2026-08-27,PT0161561,LST0161561,AG01031,LOC0151,Townhouse,3,1.5,1881,13815,1913,388900.0,2026-03-14,Sold,402583.02,2026-08-27,166,494.0,0,Yes,No,2026-03-14,2026-08-27
UPDATE,2026-08-27T00:00:00,2026-08-27,PT0562959,LST0562959,AG01323,LOC0002,Apartment,1,3.5,1276,0,1940,166100.0,2026-08-25,Pending,,,0,693.57,3,No,No,2026-08-25,2026-08-27
UPDATE,2026-08-27T00:00:00,2026-08-27,PT0348911,LST0348911,AG00965,LOC0019,Single Family,6,4.0,1700,3376,1906,253500.0,2025-03-13,Active,,,32,0.0,1,No,No,2025-03-13,2026-08-27
UPDATE,2026-08-27T00:00:00,2026-08-27,PT0165356,LST0165356,AG00832,LOC0033,Multi-Family,3,1.0,2824,6418,1968,550300.0,2026-02-08,Active,,,96,0.0,2,No,No,2026-02-08,2026-08-27
UPDATE,2026-08-27T00:00:00,2026-08-27,PT0330213,LST0330213,AG00596,LOC0177,Single Family,6,2.0,2406,2750,1974,1230600.0,2026-05-09,Sold,1181713.8,2026-08-27,110,0.0,1,No,No,2026-05-09,2026-08-27
UPDATE,2026-08-27T00:00:00,2026-08-27,PT0247356,LST0247356,AG00929,LOC0204,Condo,6,4.5,1485,1410,1909,772900.0,2024-07-16,Active,,,144,494.0,0,No,No,2024-07-16,2026-08-27
UPDATE,2026-08-27T00:00:00,2026-08-27,PT0144174,LST0144174,AG02569,LOC0116,Single Family,4,3.5,2227,9868,1978,1334300.0,2024-06-06,Pending,,,30,0.0,2,No,Yes,2024-06-06,2026-08-27
UPDATE,2026-08-27T00:00:00,2026-08-27,PT0374280,LST0374280,AG01869,LOC0037,Apartment,4,4.0,815,0,1902,410000.0,2023-12-30,Pending,,,21,533.0,0,Yes,No,2023-12-30,2026-08-27
UPDATE,2026-08-27T00:00:00,2026-08-27,PT0531265,LST0531265,AG02238,LOC0071,Single Family,2,2.0,1713,2706,1957,762800.0,2026-07-28,Pending,,,0,0.0,2,Yes,No,2026-07-28,2026-08-27
UPDATE,2026-08-27T00:00:00,2026-08-27,PT0345882,LST0345882,AG01000,LOC0025,Single Family,6,2.0,2679,1392,1941,536500.0,2023-07-11,Active,,,75,0.0,3,No,Yes,2023-07-11,2026-08-27
UPDATE,2026-08-27T00:00:00,2026-08-27,PT0265011,LST0265011,AG01955,LOC0196,Single Family,4,4.0,1407,2004,2012,316900.0,2025-06-01,Pending,,,173,0.0,3,No,No,2025-06-01,2026-08-27
UPDATE,2026-08-27T00:00:00,2026-08-27,PT0554063,LST0554063,AG00120,LOC0160,Townhouse,5,2.0,2182,2994,1996,373000.0,2026-08-17,Active,,,0,323.28,1,No,No,2026-08-17,2026-08-27
UPDATE,2026-08-27T00:00:00,2026-08-27,PT0305786,LST0305786,AG02520,LOC0132,Townhouse,6,4.5,1551,1772,1948,265200.0,2023-07-13,Pending,,,153,378.0,3,No,No,2023-07-13,2026-08-27
UPDATE,2026-08-27T00:00:00,2026-08-27,PT0100663,LST0100663,AG01173,LOC0197,Townhouse,6,3.5,1515,5219,2018,813300.0,2023-12-29,Sold,767259.86,2026-08-27,972,413.0,0,No,No,2023-12-29,2026-08-27
UPDATE,2026-08-27T00:00:00,2026-08-27,PT0565539,LST0565539,AG02136,LOC0104,Single Family,4,1.5,2709,3089,1969,911600.0,2026-08-27,Active,,,0,0.0,2,No,No,2026-08-27,2026-08-27
UPDATE,2026-08-27T00:00:00,2026-08-27,PT0331667,LST0331667,AG00982,LOC0192,Single Family,2,2.0,1997,3833,2023,720500.0,2023-06-10,Pending,,,138,0.0,0,No,Yes,2023-06-10,2026-08-27
UPDATE,2026-08-27T00:00:00,2026-08-27,PT0487473,LST0487473,AG00791,LOC0039,Condo,6,1.5,2173,17358,1915,615200.0,2026-06-19,Pending,,,102,688.0,3,No,No,2026-06-19,2026-08-27
UPDATE,2026-08-27T00:00:00,2026-08-27,PT0532783,LST0532783,AG02031,LOC0224,Townhouse,3,2.5,1492,4916,1973,638500.0,2026-07-29,Active,,,0,418.58,0,Yes,No,2026-07-29,2026-08-27
UPDATE,2026-08-27T00:00:00,2026-08-27,PT0012143,LST0012143,AG01141,LOC0188,Multi-Family,1,1.0,1818,1842,1927,539000.0,2024-06-19,Pending,,,146,0.0,0,No,No,2024-06-19,2026-08-27
UPDATE,2026-08-27T00:00:00,2026-08-27,PT0544248,LST0544248,AG01382,LOC0038,Single Family,6,4.5,671,8240,1929,139700.0,2026-08-08,Active,,,0,0.0,2,No,No,2026-08-08,2026-08-27
UPDATE,2026-08-27T00:00:00,2026-08-27,PT0026577,LST0026577,AG01029,LOC0246,Single Family,3,4.0,1605,2949,2019,384900.0,2024-02-12,Pending,,,109,0.0,2,No,No,2024-02-12,2026-08-27
UPDATE,2026-08-27T00:00:00,2026-08-27,PT0159233,LST0159233,AG01519,LOC0006,Single Family,2,3.5,1105,1219,2004,186200.0,2024-01-07,Active,,,12,0.0,2,No,No,2024-01-07,2026-08-27
UPDATE,2026-08-27T00:00:00,2026-08-27,PT0136608,LST0136608,AG00394,LOC0101,Townhouse,3,3.5,2773,1635,1989,849400.0,2025-12-24,Active,,,21,160.0,1,Yes,No,2025-12-24,2026-08-27
UPDATE,2026-08-27T00:00:00,2026-08-27,PT0364537,LST0364537,AG01541,LOC0061,Land,0,0.0,7736,10737,1956,1172500.0,2026-04-26,Active,,,130,0.0,0,No,No,2026-04-26,2026-08-27
UPDATE,2026-08-27T00:00:00,2026-08-27,PT0304792,LST0304792,AG02491,LOC0112,Condo,4,4.0,1744,9210,1902,237100.0,2026-02-24,Sold,217475.91,2026-08-27,184,213.0,0,Yes,No,2026-02-24,2026-08-27
UPDATE,2026-08-27T00:00:00,2026-08-27,PT0114133,LST0114133,AG00332,LOC0214,Single Family,2,4.0,2398,3586,1911,372300.0,2024-08-07,Pending,,,170,0.0,3,Yes,Yes,2024-08-07,2026-08-27
UPDATE,2026-08-27T00:00:00,2026-08-27,PT0181041,LST0181041,AG02994,LOC0076,Single Family,4,3.5,2008,5083,2005,258100.0,2023-07-10,Pending,,,120,0.0,1,No,Yes,2023-07-10,2026-08-27
UPDATE,2026-08-27T00:00:00,2026-08-27,PT0434776,LST0434776,AG01015,LOC0240,Townhouse,5,2.0,1694,16412,1990,258600.0,2024-07-17,Active,,,27,428.0,3,No,No,2024-07-17,2026-08-27
UPDATE,2026-08-27T00:00:00,2026-08-27,PT0099187,LST0099187,AG00510,LOC0112,Single Family,2,4.0,1370,2045,1905,115000.0,2025-06-14,Active,,,170,0.0,0,No,Yes,2025-06-14,2026-08-27
UPDATE,2026-08-27T00:00:00,2026-08-27,PT0420727,LST0420727,AG02367,LOC0023,Single Family,3,2.0,2112,4585,1905,558200.0,2025-03-29,Sold,535208.7,2026-08-27,516,0.0,1,No,No,2025-03-29,2026-08-27
UPDATE,2026-08-27T00:00:00,2026-08-27,PT0165439,LST0165439,AG01952,LOC0175,Condo,4,4.5,1299,3853,1974,166000.0,2025-07-05,Active,,,41,349.0,0,Yes,No,2025-07-05,2026-08-27
UPDATE,2026-08-27T00:00:00,2026-08-27,PT0078751,LST0078751,AG00693,LOC0225,Single Family,2,4.5,1594,11798,1939,135400.0,2024-02-08,Pending,,,71,0.0,3,No,No,2024-02-08,2026-08-27
UPDATE,2026-08-27T00:00:00,2026-08-27,PT0545682,LST0545682,AG00311,LOC0127,Single Family,4,4.0,1408,10113,1990,417400.0,2026-08-09,Active,,,0,0.0,2,No,No,2026-08-09,2026-08-27
UPDATE,2026-08-27T00:00:00,2026-08-27,PT0155099,LST0155099,AG00286,LOC0157,Condo,2,3.0,2661,2320,1948,786900.0,2025-06-05,Pending,,,23,572.0,2,No,No,2025-06-05,2026-08-27
UPDATE,2026-08-27T00:00:00,2026-08-27,PT0177527,LST0177527,AG01062,LOC0201,Townhouse,6,2.0,1305,7895,2021,288700.0,2026-01-28,Pending,,,146,246.0,1,No,No,2026-01-28,2026-08-27
UPDATE,2026-08-27T00:00:00,2026-08-27,PT0407884,LST0407884,AG00397,LOC0071,Multi-Family,3,3.5,2021,9542,1986,577300.0,2025-08-04,Pending,,,0,0.0,1,No,No,2025-08-04,2026-08-27
UPDATE,2026-08-27T00:00:00,2026-08-27,PT0378449,LST0378449,AG02303,LOC0002,Single Family,4,3.0,2678,2362,1979,698900.0,2023-03-18,Active,,,140,0.0,2,No,No,2023-03-18,2026-08-27
UPDATE,2026-08-27T00:00:00,2026-08-27,PT0005726,LST0005726,AG02704,LOC0126,Single Family,2,2.5,2889,6592,1919,1216900.0,2025-04-27,Active,,,96,0.0,3,No,Yes,2025-04-27,2026-08-27
UPDATE,2026-08-27T00:00:00,2026-08-27,PT0038981,LST0038981,AG02041,LOC0087,Condo,1,3.0,1265,3950,1916,664100.0,2025-05-09,Pending,,,57,640.0,2,No,No,2025-05-09,2026-08-27
UPDATE,2026-08-27T00:00:00,2026-08-27,PT0027823,LST0027823,AG00478,LOC0109,Single Family,6,1.0,2855,3285,1904,1344300.0,2023-02-17,Pending,,,106,0.0,3,No,Yes,2023-02-17,2026-08-27
UPDATE,2026-08-27T00:00:00,2026-08-27,PT0558809,LST0558809,AG01460,LOC0081,Townhouse,3,2.5,973,1456,1904,336000.0,2026-08-21,Sold,318370.65,2026-08-27,6,105.62,0,No,No,2026-08-21,2026-08-27
UPDATE,2026-08-27T00:00:00,2026-08-27,PT0208310,LST0208310,AG02283,LOC0153,Single Family,5,3.5,1828,5442,1997,815900.0,2025-05-09,Active,,,76,0.0,2,No,No,2025-05-09,2026-08-27
UPDATE,2026-08-27T00:00:00,2026-08-27,PT0141382,LST0141382,AG00502,LOC0049,Single Family,1,1.5,2740,1500,1999,771000.0,2024-02-22,Pending,,,170,0.0,1,Yes,Yes,2024-02-22,2026-08-27
UPDATE,2026-08-27T00:00:00,2026-08-27,PT0410874,LST0410874,AG00941,LOC0125,Single Family,6,4.5,944,18460,1937,200900.0,2026-05-26,Active,,,87,0.0,1,No,No,2026-05-26,2026-08-27
UPDATE,2026-08-27T00:00:00,2026-08-27,PT0481761,LST0481761,AG02993,LOC0049,Condo,2,3.5,1936,4020,2017,499000.0,2023-11-09,Active,,,143,320.0,2,No,No,2023-11-09,2026-08-27
UPDATE,2026-08-27T00:00:00,2026-08-27,PT0075073,LST0075073,AG01742,LOC0169,Land,0,0.0,6995,2112,2013,1836000.0,2026-04-19,Pending,,,142,0.0,0,No,No,2026-04-19,2026-08-27
UPDATE,2026-08-27T00:00:00,2026-08-27,PT0068060,LST0068060,AG00209,LOC0216,Condo,1,2.5,2437,2570,1959,521400.0,2026-06-15,Pending,,,119,496.0,0,No,No,2026-06-15,2026-08-27
UPDATE,2026-08-27T00:00:00,2026-08-27,PT0558372,LST0558372,AG00591,LOC0157,Single Family,2,4.0,1214,3606,2000,436500.0,2026-08-21,Active,,,0,0.0,1,No,Yes,2026-08-21,2026-08-27
UPDATE,2026-08-27T00:00:00,2026-08-27,PT0552654,LST0552654,AG00746,LOC0221,Condo,1,4.5,1139,3684,1965,350600.0,2026-08-16,Active,,,0,797.5,2,No,No,2026-08-16,2026-08-27
UPDATE,2026-08-27T00:00:00,2026-08-27,PT0125250,LST0125250,AG00846,LOC0046,Single Family,5,3.5,1888,1225,1922,504400.0,2024-05-30,Pending,,,105,0.0,1,No,Yes,2024-05-30,2026-08-27
UPDATE,2026-08-27T00:00:00,2026-08-27,PT0378429,LST0378429,AG01339,LOC0119,Single Family,3,4.5,1928,1717,1996,162500.0,2026-03-04,Pending,,,83,0.0,0,No,Yes,2026-03-04,2026-08-27
UPDATE,2026-08-27T00:00:00,2026-08-27,PT0306914,LST0306914,AG02890,LOC0077,Land,0,0.0,5629,2659,1948,1889200.0,2024-05-03,Pending,,,8,0.0,0,No,No,2024-05-03,2026-08-27
UPDATE,2026-08-27T00:00:00,2026-08-27,PT0087938,LST0087938,AG02034,LOC0237,Single Family,6,4.0,2544,2846,1946,408600.0,2025-06-15,Active,,,115,0.0,3,No,Yes,2025-06-15,2026-08-27
UPDATE,2026-08-27T00:00:00,2026-08-27,PT0549261,LST0549261,AG02871,LOC0070,Condo,1,1.5,1142,6856,1923,374500.0,2026-08-13,Pending,,,0,760.9,3,No,No,2026-08-13,2026-08-27
UPDATE,2026-08-27T00:00:00,2026-08-27,PT0233906,LST0233906,AG00829,LOC0002,Townhouse,5,4.5,2513,12540,1954,464700.0,2024-10-11,Pending,,,115,93.0,3,No,No,2024-10-11,2026-08-27
UPDATE,2026-08-27T00:00:00,2026-08-27,PT0115908,LST0115908,AG01564,LOC0054,Single Family,1,1.5,880,3472,1932,186700.0,2024-10-16,Active,,,53,0.0,2,No,No,2024-10-16,2026-08-27
UPDATE,2026-08-27T00:00:00,2026-08-27,PT0157736,LST0157736,AG01491,LOC0019,Apartment,4,1.0,812,0,2004,122300.0,2023-11-08,Active,,,145,405.0,1,No,No,2023-11-08,2026-08-27
UPDATE,2026-08-27T00:00:00,2026-08-27,PT0132717,LST0132717,AG01969,LOC0215,Single Family,4,3.0,2444,6562,2025,567500.0,2025-05-14,Pending,,,87,0.0,3,No,Yes,2025-05-14,2026-08-27
UPDATE,2026-08-27T00:00:00,2026-08-27,PT0261198,LST0261198,AG01410,LOC0171,Land,0,0.0,3406,1307,1984,1353900.0,2025-04-12,Pending,,,87,0.0,0,No,No,2025-04-12,2026-08-27
UPDATE,2026-08-27T00:00:00,2026-08-27,PT0039293,LST0039293,AG02691,LOC0106,Multi-Family,5,3.5,3283,1831,1901,1348800.0,2026-06-05,Pending,,,50,0.0,3,No,No,2026-06-05,2026-08-27
UPDATE,2026-08-27T00:00:00,2026-08-27,PT0559821,LST0559821,AG00226,LOC0054,Apartment,3,1.5,881,0,1954,174800.0,2026-08-22,Active,,,0,131.31,2,No,No,2026-08-22,2026-08-27
UPDATE,2026-08-27T00:00:00,2026-08-27,PT0494040,LST0494040,AG02445,LOC0056,Single Family,3,4.5,1153,9807,2025,421600.0,2024-08-06,Active,,,138,0.0,1,No,Yes,2024-08-06,2026-08-27
UPDATE,2026-08-27T00:00:00,2026-08-27,PT0237384,LST0237384,AG01114,LOC0048,Condo,3,4.5,300,2718,1977,164400.0,2025-08-02,Active,,,145,682.0,3,No,No,2025-08-02,2026-08-27
UPDATE,2026-08-27T00:00:00,2026-08-27,PT0559500,LST0559500,AG00740,LOC0083,Single Family,1,3.0,2158,2426,1907,767000.0,2026-08-22,Active,,,0,0.0,3,No,No,2026-08-22,2026-08-27
UPDATE,2026-08-27T00:00:00,2026-08-27,PT0541596,LST0541596,AG00974,LOC0016,Single Family,3,3.0,1036,18613,1998,305700.0,2026-08-05,Active,,,0,0.0,0,No,Yes,2026-08-05,2026-08-27
UPDATE,2026-08-27T00:00:00,2026-08-27,PT0406290,LST0406290,AG01209,LOC0180,Single Family,6,3.5,1743,1589,2008,564700.0,2025-11-23,Pending,,,170,0.0,1,Yes,Yes,2025-11-23,2026-08-27
UPDATE,2026-08-27T00:00:00,2026-08-27,PT0113025,LST0113025,AG01328,LOC0044,Single Family,6,3.5,1422,4686,1966,409400.0,2024-01-20,Pending,,,141,0.0,3,No,No,2024-01-20,2026-08-27
UPDATE,2026-08-27T00:00:00,2026-08-27,PT0335361,LST0335361,AG02156,LOC0139,Condo,5,2.0,746,2409,1913,212900.0,2025-07-05,Sold,200473.67,2026-08-27,418,115.0,3,No,No,2025-07-05,2026-08-27
UPDATE,2026-08-27T00:00:00,2026-08-27,PT0005340,LST0005340,AG00305,LOC0226,Single Family,1,2.5,2362,1806,2005,524700.0,2023-10-04,Pending,,,169,0.0,2,No,No,2023-10-04,2026-08-27
UPDATE,2026-08-27T00:00:00,2026-08-27,PT0437076,LST0437076,AG00328,LOC0248,Multi-Family,5,4.5,3433,1565,2007,806800.0,2025-06-12,Active,,,117,0.0,3,No,Yes,2025-06-12,2026-08-27
UPDATE,2026-08-27T00:00:00,2026-08-27,PT0090778,LST0090778,AG00762,LOC0021,Single Family,6,4.5,1932,2326,1967,134500.0,2025-07-21,Pending,,,161,0.0,2,No,No,2025-07-21,2026-08-27
UPDATE,2026-08-27T00:00:00,2026-08-27,PT0380558,LST0380558,AG00063,LOC0061,Single Family,5,4.5,2055,5496,2020,289600.0,2025-09-30,Pending,,,73,0.0,2,No,No,2025-09-30,2026-08-27
UPDATE,2026-08-27T00:00:00,2026-08-27,PT0283196,LST0283196,AG01842,LOC0039,Single Family,3,2.0,1713,2929,1921,349300.0,2025-07-22,Sold,351669.33,2026-08-27,401,0.0,3,No,No,2025-07-22,2026-08-27
UPDATE,2026-08-27T00:00:00,2026-08-27,PT0555290,LST0555290,AG02369,LOC0127,Single Family,4,4.0,375,7126,2005,148800.0,2026-08-18,Active,,,0,0.0,0,No,No,2026-08-18,2026-08-27
UPDATE,2026-08-27T00:00:00,2026-08-27,PT0139287,LST0139287,AG02173,LOC0183,Single Family,5,1.5,787,3169,1986,224900.0,2023-12-15,Pending,,,106,0.0,3,No,Yes,2023-12-15,2026-08-27
UPDATE,2026-08-27T00:00:00,2026-08-27,PT0306422,LST0306422,AG01037,LOC0103,Single Family,6,3.0,2487,4128,2013,797400.0,2025-01-27,Pending,,,149,0.0,3,No,Yes,2025-01-27,2026-08-27
UPDATE,2026-08-27T00:00:00,2026-08-27,PT0083957,LST0083957,AG02287,LOC0153,Single Family,4,1.0,1727,1866,1909,722700.0,2023-06-19,Active,,,101,0.0,2,No,Yes,2023-06-19,2026-08-27
UPDATE,2026-08-27T00:00:00,2026-08-27,PT0402469,LST0402469,AG01781,LOC0173,Single Family,2,3.0,1560,6531,2015,1098200.0,2025-01-15,Pending,,,60,0.0,0,No,Yes,2025-01-15,2026-08-27
UPDATE,2026-08-27T00:00:00,2026-08-27,PT0510300,LST0510300,AG02321,LOC0203,Condo,1,1.0,1178,1971,1949,143600.0,2026-07-09,Active,,,0,155.65,3,No,No,2026-07-09,2026-08-27
UPDATE,2026-08-27T00:00:00,2026-08-27,PT0333095,LST0333095,AG01957,LOC0109,Single Family,2,4.5,1172,4582,1909,551900.0,2026-04-28,Pending,,,76,0.0,3,Yes,No,2026-04-28,2026-08-27
UPDATE,2026-08-27T00:00:00,2026-08-27,PT0237522,LST0237522,AG01807,LOC0117,Single Family,2,4.5,1532,3527,1961,979400.0,2023-12-19,Sold,982320.98,2026-08-27,982,0.0,1,No,No,2023-12-19,2026-08-27
UPDATE,2026-08-27T00:00:00,2026-08-27,PT0551332,LST0551332,AG00088,LOC0235,Townhouse,2,1.0,1608,1107,1914,856800.0,2026-08-15,Active,,,0,128.0,0,No,No,2026-08-15,2026-08-27
UPDATE,2026-08-27T00:00:00,2026-08-27,PT0211307,LST0211307,AG02015,LOC0058,Single Family,1,2.5,1500,1384,1956,580600.0,2023-12-04,Pending,,,94,0.0,2,No,Yes,2023-12-04,2026-08-27
UPDATE,2026-08-27T00:00:00,2026-08-27,PT0417004,LST0417004,AG01596,LOC0113,Single Family,4,3.0,300,13237,1953,67000.0,2024-11-14,Sold,69306.38,2026-08-27,651,0.0,2,Yes,Yes,2024-11-14,2026-08-27
UPDATE,2026-08-27T00:00:00,2026-08-27,PT0543420,LST0543420,AG00854,LOC0006,Multi-Family,1,1.0,2394,2777,1997,404000.0,2026-08-07,Active,,,0,0.0,0,No,Yes,2026-08-07,2026-08-27
UPDATE,2026-08-27T00:00:00,2026-08-27,PT0021096,LST0021096,AG00495,LOC0175,Apartment,1,1.5,890,0,1961,289700.0,2024-02-21,Pending,,,109,656.0,0,No,No,2024-02-21,2026-08-27
UPDATE,2026-08-27T00:00:00,2026-08-27,PT0470886,LST0470886,AG01284,LOC0241,Single Family,2,4.0,3161,17131,2011,633200.0,2024-08-06,Pending,,,85,0.0,2,Yes,Yes,2024-08-06,2026-08-27
UPDATE,2026-08-27T00:00:00,2026-08-27,PT0360665,LST0360665,AG01537,LOC0022,Single Family,6,2.5,2915,5548,2015,1784200.0,2024-07-10,Active,,,30,0.0,3,No,Yes,2024-07-10,2026-08-27
UPDATE,2026-08-27T00:00:00,2026-08-27,PT0011787,LST0011787,AG02091,LOC0072,Single Family,3,2.0,2616,3558,1909,260500.0,2025-04-01,Pending,,,92,0.0,1,Yes,No,2025-04-01,2026-08-27
UPDATE,2026-08-27T00:00:00,2026-08-27,PT0564259,LST0564259,AG02941,LOC0159,Single Family,4,2.0,3363,3483,1961,1059700.0,2026-08-26,Active,,,0,0.0,2,No,No,2026-08-26,2026-08-27
UPDATE,2026-08-27T00:00:00,2026-08-27,PT0293844,LST0293844,AG02389,LOC0228,Townhouse,1,1.5,2731,11301,1911,1127200.0,2025-09-15,Active,,,132,743.0,3,No,No,2025-09-15,2026-08-27
UPDATE,2026-08-27T00:00:00,2026-08-27,PT0564629,LST0564629,AG01524,LOC0198,Single Family,4,4.0,2087,6645,1925,270000.0,2026-08-26,Active,,,0,0.0,2,No,No,2026-08-26,2026-08-27
UPDATE,2026-08-27T00:00:00,2026-08-27,PT0380797,LST0380797,AG00498,LOC0062,Single Family,2,1.5,867,10330,1917,271900.0,2024-11-13,Active,,,1,0.0,0,Yes,Yes,2024-11-13,2026-08-27
UPDATE,2026-08-27T00:00:00,2026-08-27,PT0348087,LST0348087,AG00254,LOC0066,Multi-Family,4,1.0,1128,5521,2005,331400.0,2025-04-24,Sold,317157.98,2026-08-27,490,0.0,1,No,Yes,2025-04-24,2026-08-27
UPDATE,2026-08-27T00:00:00,2026-08-27,PT0086009,LST0086009,AG01758,LOC0082,Townhouse,1,2.5,1505,3432,1905,234000.0,2024-09-15,Active,,,73,100.0,1,No,No,2024-09-15,2026-08-27
UPDATE,2026-08-27T00:00:00,2026-08-27,PT0235486,LST0235486,AG00491,LOC0144,Townhouse,4,2.5,1142,9030,1934,340500.0,2024-12-29,Pending,,,172,235.0,3,No,No,2024-12-29,2026-08-27
UPDATE,2026-08-27T00:00:00,2026-08-27,PT0216304,LST0216304,AG01189,LOC0003,Single Family,5,2.0,1475,2989,1993,159600.0,2026-04-01,Pending,,,137,0.0,2,No,Yes,2026-04-01,2026-08-27
UPDATE,2026-08-27T00:00:00,2026-08-27,PT0373246,LST0373246,AG00978,LOC0191,Single Family,1,4.5,1637,2022,2011,882500.0,2024-03-01,Pending,,,97,0.0,1,Yes,No,2024-03-01,2026-08-27
UPDATE,2026-08-27T00:00:00,2026-08-27,PT0148871,LST0148871,AG02486,LOC0195,Single Family,2,2.5,1914,1216,1919,722300.0,2023-07-19,Active,,,127,0.0,2,No,Yes,2023-07-19,2026-08-27
UPDATE,2026-08-27T00:00:00,2026-08-27,PT0518113,LST0518113,AG02191,LOC0031,Multi-Family,1,1.5,2725,2764,2000,987300.0,2026-07-16,Active,,,0,0.0,2,Yes,No,2026-07-16,2026-08-27
UPDATE,2026-08-27T00:00:00,2026-08-27,PT0418072,LST0418072,AG02888,LOC0208,Apartment,1,4.0,455,0,1996,95300.0,2024-03-24,Sold,82914.8,2026-08-27,886,403.0,3,No,No,2024-03-24,2026-08-27
UPDATE,2026-08-27T00:00:00,2026-08-27,PT0301793,LST0301793,AG00964,LOC0132,Single Family,3,2.0,1739,1768,1940,458000.0,2025-11-13,Pending,,,129,0.0,3,Yes,Yes,2025-11-13,2026-08-27
UPDATE,2026-08-27T00:00:00,2026-08-27,PT0218167,LST0218167,AG00211,LOC0008,Single Family,2,2.5,489,5070,1990,80700.0,2025-10-01,Active,,,16,0.0,0,No,Yes,2025-10-01,2026-08-27
UPDATE,2026-08-27T00:00:00,2026-08-27,PT0441597,LST0441597,AG01832,LOC0232,Single Family,1,3.0,2115,1477,1966,646100.0,2023-07-22,Pending,,,108,0.0,1,No,Yes,2023-07-22,2026-08-27
UPDATE,2026-08-27T00:00:00,2026-08-27,PT0165734,LST0165734,AG01765,LOC0099,Apartment,6,4.5,1072,0,1912,479500.0,2024-01-06,Active,,,167,747.0,1,No,No,2024-01-06,2026-08-27
UPDATE,2026-08-27T00:00:00,2026-08-27,PT0481988,LST0481988,AG02779,LOC0234,Apartment,2,4.0,1000,0,1917,203900.0,2024-02-19,Active,,,73,249.0,3,No,No,2024-02-19,2026-08-27
UPDATE,2026-08-27T00:00:00,2026-08-27,PT0545698,LST0545698,AG00024,LOC0136,Multi-Family,2,4.5,2617,3636,1904,291800.0,2026-08-09,Active,,,0,0.0,1,No,Yes,2026-08-09,2026-08-27
UPDATE,2026-08-27T00:00:00,2026-08-27,PT0230051,LST0230051,AG00908,LOC0135,Apartment,4,1.0,933,0,1971,473600.0,2025-12-31,Sold,473732.11,2026-08-27,239,685.0,0,No,No,2025-12-31,2026-08-27
UPDATE,2026-08-27T00:00:00,2026-08-27,PT0058089,LST0058089,AG01430,LOC0024,Single Family,5,4.0,1450,6358,1952,481500.0,2024-08-17,Active,,,121,0.0,2,No,No,2024-08-17,2026-08-27
UPDATE,2026-08-27T00:00:00,2026-08-27,PT0550325,LST0550325,AG00919,LOC0016,Multi-Family,6,4.0,2445,6997,1905,410700.0,2026-08-14,Active,,,0,0.0,3,No,Yes,2026-08-14,2026-08-27
UPDATE,2026-08-27T00:00:00,2026-08-27,PT0060013,LST0060013,AG00632,LOC0201,Single Family,1,2.5,1719,5896,1956,370900.0,2025-09-21,Active,,,112,0.0,1,No,No,2025-09-21,2026-08-27
UPDATE,2026-08-27T00:00:00,2026-08-27,PT0501141,LST0501141,AG01366,LOC0187,Single Family,1,1.5,335,2610,2002,174500.0,2026-07-01,Active,,,0,0.0,3,No,No,2026-07-01,2026-08-27
UPDATE,2026-08-27T00:00:00,2026-08-27,PT0101109,LST0101109,AG01552,LOC0005,Single Family,1,2.0,2890,1884,1970,843200.0,2026-01-13,Sold,846032.57,2026-08-27,226,0.0,3,No,Yes,2026-01-13,2026-08-27
UPDATE,2026-08-27T00:00:00,2026-08-27,PT0252243,LST0252243,AG02683,LOC0219,Single Family,4,1.5,1738,2171,1960,1023200.0,2024-05-21,Active,,,171,0.0,2,No,Yes,2024-05-21,2026-08-27
UPDATE,2026-08-27T00:00:00,2026-08-27,PT0475950,LST0475950,AG02479,LOC0145,Land,0,0.0,3695,7007,1903,1247400.0,2025-11-15,Pending,,,60,0.0,0,No,No,2025-11-15,2026-08-27
UPDATE,2026-08-27T00:00:00,2026-08-27,PT0256053,LST0256053,AG00734,LOC0089,Condo,6,3.0,1459,3003,1961,741800.0,2023-11-18,Pending,,,39,310.0,1,No,No,2023-11-18,2026-08-27
UPDATE,2026-08-27T00:00:00,2026-08-27,PT0404038,LST0404038,AG01132,LOC0136,Condo,1,2.5,1919,3926,1951,376000.0,2026-06-18,Pending,,,67,442.0,0,Yes,No,2026-06-18,2026-08-27
UPDATE,2026-08-27T00:00:00,2026-08-27,PT0216988,LST0216988,AG02600,LOC0192,Single Family,5,4.0,864,3752,1928,361800.0,2025-03-22,Pending,,,52,0.0,0,Yes,Yes,2025-03-22,2026-08-27
UPDATE,2026-08-27T00:00:00,2026-08-27,PT0460226,LST0460226,AG00751,LOC0206,Multi-Family,6,1.5,3739,1823,1947,985100.0,2023-11-16,Pending,,,133,0.0,1,No,No,2023-11-16,2026-08-27
UPDATE,2026-08-27T00:00:00,2026-08-27,PT0489433,LST0489433,AG02021,LOC0183,Apartment,2,4.5,1825,0,1938,317600.0,2026-03-01,Pending,,,29,286.0,2,No,No,2026-03-01,2026-08-27
UPDATE,2026-08-27T00:00:00,2026-08-27,PT0257409,LST0257409,AG02738,LOC0034,Condo,6,4.0,2051,1674,1900,608600.0,2025-02-14,Active,,,144,91.0,3,No,No,2025-02-14,2026-08-27
UPDATE,2026-08-27T00:00:00,2026-08-27,PT0562247,LST0562247,AG00408,LOC0141,Single Family,3,2.0,1785,3156,1909,442700.0,2026-08-24,Active,,,0,0.0,0,Yes,Yes,2026-08-24,2026-08-27
UPDATE,2026-08-27T00:00:00,2026-08-27,PT0349604,LST0349604,AG01409,LOC0142,Townhouse,5,4.0,1467,2837,1977,732900.0,2026-05-24,Pending,,,175,608.0,1,Yes,No,2026-05-24,2026-08-27
UPDATE,2026-08-27T00:00:00,2026-08-27,PT0375960,LST0375960,AG02261,LOC0151,Single Family,6,1.0,2451,2124,2006,389700.0,2023-07-27,Active,,,149,0.0,3,No,Yes,2023-07-27,2026-08-27
UPDATE,2026-08-27T00:00:00,2026-08-27,PT0366864,LST0366864,AG02421,LOC0241,Single Family,1,3.5,1624,13327,1924,177200.0,2026-03-28,Active,,,37,0.0,0,Yes,Yes,2026-03-28,2026-08-27
UPDATE,2026-08-27T00:00:00,2026-08-27,PT0527523,LST0527523,AG01292,LOC0157,Townhouse,4,2.5,908,7815,1918,269300.0,2026-07-24,Active,,,0,684.42,1,No,No,2026-07-24,2026-08-27
UPDATE,2026-08-27T00:00:00,2026-08-27,PT0549520,LST0549520,AG01869,LOC0078,Single Family,6,4.0,1692,2730,2001,715900.0,2026-08-13,Active,,,0,0.0,3,No,Yes,2026-08-13,2026-08-27
UPDATE,2026-08-27T00:00:00,2026-08-27,PT0509732,LST0509732,AG00635,LOC0022,Single Family,5,3.0,1593,13241,1973,189100.0,2026-07-08,Active,,,0,0.0,3,No,Yes,2026-07-08,2026-08-27
UPDATE,2026-08-27T00:00:00,2026-08-27,PT0487301,LST0487301,AG00069,LOC0009,Condo,6,2.0,2527,2810,1966,418100.0,2023-11-20,Pending,,,81,799.0,2,No,No,2023-11-20,2026-08-27
UPDATE,2026-08-27T00:00:00,2026-08-27,PT0308132,LST0308132,AG00398,LOC0163,Townhouse,5,4.5,531,1223,1901,228500.0,2024-02-29,Sold,215971.83,2026-08-27,910,787.0,0,No,No,2024-02-29,2026-08-27
UPDATE,2026-08-27T00:00:00,2026-08-27,PT0546404,LST0546404,AG01817,LOC0173,Single Family,1,1.5,2016,4252,1988,402900.0,2026-08-10,Sold,403418.06,2026-08-27,17,0.0,1,Yes,No,2026-08-10,2026-08-27
UPDATE,2026-08-27T00:00:00,2026-08-27,PT0512703,LST0512703,AG00126,LOC0202,Single Family,4,1.0,300,3478,1967,93100.0,2026-07-11,Active,,,0,0.0,3,No,Yes,2026-07-11,2026-08-27
UPDATE,2026-08-27T00:00:00,2026-08-27,PT0495195,LST0495195,AG00241,LOC0007,Single Family,6,4.0,2189,2289,1990,170100.0,2024-11-27,Active,,,76,0.0,1,No,No,2024-11-27,2026-08-27
UPDATE,2026-08-27T00:00:00,2026-08-27,PT0469914,LST0469914,AG02595,LOC0099,Condo,5,1.5,2245,1032,1929,886600.0,2025-06-27,Active,,,84,160.0,1,Yes,No,2025-06-27,2026-08-27
UPDATE,2026-08-27T00:00:00,2026-08-27,PT0451404,LST0451404,AG01996,LOC0186,Single Family,3,2.0,1629,1740,1972,355600.0,2023-02-11,Pending,,,117,0.0,2,No,No,2023-02-11,2026-08-27
UPDATE,2026-08-27T00:00:00,2026-08-27,PT0241928,LST0241928,AG02824,LOC0157,Land,0,0.0,8285,2409,1977,1704000.0,2023-07-05,Active,,,29,0.0,0,No,No,2023-07-05,2026-08-27
UPDATE,2026-08-27T00:00:00,2026-08-27,PT0333228,LST0333228,AG02819,LOC0023,Single Family,4,3.0,2213,6833,1986,766500.0,2024-01-14,Active,,,83,0.0,2,No,Yes,2024-01-14,2026-08-27
UPDATE,2026-08-27T00:00:00,2026-08-27,PT0511162,LST0511162,AG00974,LOC0124,Townhouse,5,1.5,1801,6517,1952,849100.0,2026-07-10,Active,,,0,654.94,3,No,No,2026-07-10,2026-08-27
UPDATE,2026-08-27T00:00:00,2026-08-27,PT0339818,LST0339818,AG00893,LOC0169,Townhouse,4,3.0,1177,2064,1914,349600.0,2023-08-18,Pending,,,162,637.0,2,No,No,2023-08-18,2026-08-27
UPDATE,2026-08-27T00:00:00,2026-08-27,PT0067794,LST0067794,AG02586,LOC0244,Condo,6,4.0,1364,5107,2008,159700.0,2024-10-21,Active,,,138,615.0,1,No,No,2024-10-21,2026-08-27
UPDATE,2026-08-27T00:00:00,2026-08-27,PT0018711,LST0018711,AG00337,LOC0180,Land,0,0.0,4628,1002,1937,1328500.0,2026-02-17,Pending,,,106,0.0,0,No,No,2026-02-17,2026-08-27
UPDATE,2026-08-27T00:00:00,2026-08-27,PT0199469,LST0199469,AG01961,LOC0158,Land,0,0.0,2361,6627,2018,550700.0,2026-04-27,Active,,,50,0.0,0,No,No,2026-04-27,2026-08-27
UPDATE,2026-08-27T00:00:00,2026-08-27,PT0426252,LST0426252,AG01489,LOC0137,Single Family,5,4.5,3965,12096,2006,1823100.0,2026-05-23,Active,,,135,0.0,1,No,No,2026-05-23,2026-08-27
UPDATE,2026-08-27T00:00:00,2026-08-27,PT0270958,LST0270958,AG01806,LOC0065,Single Family,4,4.5,1418,8404,1927,74700.0,2024-12-11,Sold,71488.2,2026-08-27,624,0.0,3,No,Yes,2024-12-11,2026-08-27
UPDATE,2026-08-27T00:00:00,2026-08-27,PT0264946,LST0264946,AG02154,LOC0247,Single Family,4,3.5,1019,11261,1906,271700.0,2026-01-08,Pending,,,98,0.0,0,No,Yes,2026-01-08,2026-08-27
UPDATE,2026-08-27T00:00:00,2026-08-27,PT0173827,LST0173827,AG00831,LOC0059,Land,0,0.0,5268,1686,1987,915900.0,2023-07-19,Pending,,,20,0.0,0,No,No,2023-07-19,2026-08-27
UPDATE,2026-08-27T00:00:00,2026-08-27,PT0278763,LST0278763,AG00575,LOC0012,Single Family,5,1.0,2925,7222,1949,1303400.0,2025-06-05,Active,,,67,0.0,0,Yes,No,2025-06-05,2026-08-27
UPDATE,2026-08-27T00:00:00,2026-08-27,PT0093636,LST0093636,AG01128,LOC0126,Townhouse,1,2.0,1584,3910,1926,113800.0,2025-01-05,Active,,,121,149.0,1,Yes,No,2025-01-05,2026-08-27
UPDATE,2026-08-27T00:00:00,2026-08-27,PT0419066,LST0419066,AG01190,LOC0078,Apartment,1,3.0,1310,0,2015,528900.0,2026-02-28,Pending,,,10,415.0,3,No,No,2026-02-28,2026-08-27
UPDATE,2026-08-27T00:00:00,2026-08-27,PT0392466,LST0392466,AG01284,LOC0114,Single Family,6,4.0,1364,1218,1903,297800.0,2024-12-10,Active,,,118,0.0,0,No,No,2024-12-10,2026-08-27
UPDATE,2026-08-27T00:00:00,2026-08-27,PT0164001,LST0164001,AG00897,LOC0031,Condo,6,4.0,875,7309,2022,230200.0,2024-04-10,Active,,,153,282.0,2,No,No,2024-04-10,2026-08-27
UPDATE,2026-08-27T00:00:00,2026-08-27,PT0386707,LST0386707,AG02754,LOC0114,Single Family,4,1.5,1982,4615,1974,373000.0,2025-04-17,Sold,358410.57,2026-08-27,497,0.0,2,No,Yes,2025-04-17,2026-08-27
UPDATE,2026-08-27T00:00:00,2026-08-27,PT0541795,LST0541795,AG00705,LOC0103,Apartment,5,1.0,1702,0,1955,422100.0,2026-08-05,Sold,412554.24,2026-08-27,22,799.26,1,No,No,2026-08-05,2026-08-27
UPDATE,2026-08-27T00:00:00,2026-08-27,PT0447626,LST0447626,AG02059,LOC0003,Condo,2,2.0,2767,1770,1979,734900.0,2024-12-27,Active,,,35,704.0,0,No,No,2024-12-27,2026-08-27
UPDATE,2026-08-27T00:00:00,2026-08-27,PT0169255,LST0169255,AG01618,LOC0239,Land,0,0.0,6756,3574,1956,2097300.0,2023-10-01,Active,,,131,0.0,0,No,No,2023-10-01,2026-08-27
UPDATE,2026-08-27T00:00:00,2026-08-27,PT0535842,LST0535842,AG00265,LOC0100,Single Family,4,1.5,2554,1725,2011,403900.0,2026-07-31,Active,,,0,0.0,1,No,No,2026-07-31,2026-08-27
UPDATE,2026-08-27T00:00:00,2026-08-27,PT0129362,LST0129362,AG01084,LOC0215,Condo,5,4.0,300,6973,1992,53400.0,2024-01-09,Sold,58311.26,2026-08-27,961,227.0,3,Yes,No,2024-01-09,2026-08-27
UPDATE,2026-08-27T00:00:00,2026-08-27,PT0255597,LST0255597,AG00818,LOC0160,Single Family,1,4.5,477,12077,1921,53900.0,2023-10-31,Active,,,52,0.0,0,No,No,2023-10-31,2026-08-27
UPDATE,2026-08-27T00:00:00,2026-08-27,PT0447039,LST0447039,AG02664,LOC0244,Single Family,1,3.5,2399,4378,1979,302800.0,2026-05-26,Pending,,,104,0.0,3,No,Yes,2026-05-26,2026-08-27
UPDATE,2026-08-27T00:00:00,2026-08-27,PT0085372,LST0085372,AG02150,LOC0071,Condo,4,3.0,2953,1440,1967,1098400.0,2023-10-21,Pending,,,55,311.0,1,No,No,2023-10-21,2026-08-27
UPDATE,2026-08-27T00:00:00,2026-08-27,PT0561877,LST0561877,AG01359,LOC0010,Condo,1,2.0,1635,3491,1955,606800.0,2026-08-24,Active,,,0,589.8,3,No,No,2026-08-24,2026-08-27
UPDATE,2026-08-27T00:00:00,2026-08-27,PT0116718,LST0116718,AG02433,LOC0099,Single Family,4,1.0,1172,6346,1920,631300.0,2025-07-24,Active,,,148,0.0,1,No,Yes,2025-07-24,2026-08-27
UPDATE,2026-08-27T00:00:00,2026-08-27,PT0515696,LST0515696,AG02617,LOC0248,Single Family,5,1.5,1615,2718,1998,464000.0,2026-07-13,Sold,418472.56,2026-08-27,45,0.0,0,No,No,2026-07-13,2026-08-27
UPDATE,2026-08-27T00:00:00,2026-08-27,PT0018039,LST0018039,AG01972,LOC0156,Single Family,2,4.0,1331,2589,1953,802100.0,2024-09-25,Active,,,87,0.0,2,No,Yes,2024-09-25,2026-08-27
UPDATE,2026-08-27T00:00:00,2026-08-27,PT0405449,LST0405449,AG01779,LOC0158,Single Family,2,3.5,1595,12390,2019,361200.0,2024-09-02,Sold,345116.01,2026-08-27,724,0.0,1,No,Yes,2024-09-02,2026-08-27
UPDATE,2026-08-27T00:00:00,2026-08-27,PT0550383,LST0550383,AG01221,LOC0003,Condo,1,3.5,2958,10012,1917,618800.0,2026-08-14,Pending,,,0,639.54,2,No,No,2026-08-14,2026-08-27
UPDATE,2026-08-27T00:00:00,2026-08-27,PT0259485,LST0259485,AG00188,LOC0039,Single Family,5,1.5,1601,5231,2012,331000.0,2024-05-29,Pending,,,107,0.0,0,No,Yes,2024-05-29,2026-08-27
UPDATE,2026-08-27T00:00:00,2026-08-27,PT0283625,LST0283625,AG01253,LOC0175,Single Family,6,3.0,1457,3964,1932,190700.0,2025-07-12,Active,,,121,0.0,3,No,No,2025-07-12,2026-08-27
UPDATE,2026-08-27T00:00:00,2026-08-27,PT0114127,LST0114127,AG02435,LOC0033,Single Family,2,2.5,3095,3411,1938,1217700.0,2023-06-02,Pending,,,158,0.0,0,Yes,No,2023-06-02,2026-08-27
UPDATE,2026-08-27T00:00:00,2026-08-27,PT0108344,LST0108344,AG01783,LOC0211,Single Family,2,1.0,2218,3706,1925,1003200.0,2023-05-14,Active,,,19,0.0,2,No,No,2023-05-14,2026-08-27
UPDATE,2026-08-27T00:00:00,2026-08-27,PT0284069,LST0284069,AG02412,LOC0146,Single Family,6,3.5,2194,8488,1995,109900.0,2023-02-11,Pending,,,36,0.0,0,No,No,2023-02-11,2026-08-27
UPDATE,2026-08-27T00:00:00,2026-08-27,PT0277383,LST0277383,AG02801,LOC0139,Single Family,2,2.5,2569,2344,2010,911600.0,2024-11-04,Active,,,42,0.0,1,No,No,2024-11-04,2026-08-27
UPDATE,2026-08-27T00:00:00,2026-08-27,PT0324824,LST0324824,AG02171,LOC0217,Single Family,4,1.0,1176,3556,2017,54300.0,2023-08-29,Pending,,,58,0.0,1,No,No,2023-08-29,2026-08-27
UPDATE,2026-08-27T00:00:00,2026-08-27,PT0288689,LST0288689,AG00977,LOC0047,Condo,6,3.5,2270,9999,1922,1051100.0,2025-03-21,Pending,,,10,455.0,2,No,No,2025-03-21,2026-08-27
UPDATE,2026-08-27T00:00:00,2026-08-27,PT0428082,LST0428082,AG00721,LOC0069,Single Family,5,2.0,1314,8091,1931,336400.0,2026-03-29,Sold,334513.26,2026-08-27,151,0.0,1,No,Yes,2026-03-29,2026-08-27
UPDATE,2026-08-27T00:00:00,2026-08-27,PT0518770,LST0518770,AG00960,LOC0076,Apartment,1,4.5,764,0,1902,187200.0,2026-07-16,Sold,186994.25,2026-08-27,42,319.82,0,No,No,2026-07-16,2026-08-27
UPDATE,2026-08-27T00:00:00,2026-08-27,PT0134092,LST0134092,AG01545,LOC0219,Apartment,4,1.0,853,0,1911,308000.0,2024-11-19,Sold,324822.77,2026-08-27,646,795.0,1,No,No,2024-11-19,2026-08-27
UPDATE,2026-08-27T00:00:00,2026-08-27,PT0552800,LST0552800,AG02680,LOC0035,Single Family,6,3.5,1383,1446,1951,287600.0,2026-08-16,Sold,242096.53,2026-08-27,11,0.0,2,No,No,2026-08-16,2026-08-27
UPDATE,2026-08-27T00:00:00,2026-08-27,PT0014498,LST0014498,AG00530,LOC0156,Single Family,1,2.5,2234,6209,1923,1161100.0,2024-04-17,Pending,,,158,0.0,0,No,No,2024-04-17,2026-08-27
UPDATE,2026-08-27T00:00:00,2026-08-27,PT0547295,LST0547295,AG02593,LOC0049,Single Family,6,1.5,421,5489,1921,164100.0,2026-08-10,Sold,169777.54,2026-08-27,17,0.0,3,No,No,2026-08-10,2026-08-27
UPDATE,2026-08-27T00:00:00,2026-08-27,PT0560336,LST0560336,AG01223,LOC0062,Single Family,1,2.0,1226,2235,2008,339200.0,2026-08-22,Sold,320080.53,2026-08-27,5,0.0,2,No,Yes,2026-08-22,2026-08-27
UPDATE,2026-08-27T00:00:00,2026-08-27,PT0487247,LST0487247,AG00850,LOC0232,Townhouse,2,4.5,1145,8923,2008,240600.0,2023-11-11,Pending,,,122,228.0,3,No,No,2023-11-11,2026-08-27
UPDATE,2026-08-27T00:00:00,2026-08-27,PT0495000,LST0495000,AG02931,LOC0036,Single Family,6,1.0,865,7291,1995,290300.0,2024-08-10,Active,,,107,0.0,1,No,Yes,2024-08-10,2026-08-27
UPDATE,2026-08-27T00:00:00,2026-08-27,PT0134122,LST0134122,AG01196,LOC0128,Apartment,1,4.5,920,0,1930,218000.0,2023-02-18,Active,,,159,701.0,2,No,No,2023-02-18,2026-08-27
UPDATE,2026-08-27T00:00:00,2026-08-27,PT0420726,LST0420726,AG00177,LOC0071,Condo,3,3.5,1980,2136,1919,551400.0,2026-01-01,Active,,,172,358.0,0,No,No,2026-01-01,2026-08-27
UPDATE,2026-08-27T00:00:00,2026-08-27,PT0538023,LST0538023,AG02476,LOC0123,Single Family,5,4.0,3085,2135,1946,1065800.0,2026-08-02,Active,,,0,0.0,2,Yes,Yes,2026-08-02,2026-08-27
UPDATE,2026-08-27T00:00:00,2026-08-27,PT0336738,LST0336738,AG01223,LOC0056,Apartment,6,4.0,1459,0,1958,923000.0,2024-04-07,Active,,,62,425.0,1,No,No,2024-04-07,2026-08-27
UPDATE,2026-08-27T00:00:00,2026-08-27,PT0274799,LST0274799,AG01682,LOC0006,Condo,3,3.0,2110,4200,1978,462900.0,2023-03-17,Pending,,,31,445.0,1,No,No,2023-03-17,2026-08-27
UPDATE,2026-08-27T00:00:00,2026-08-27,PT0311503,LST0311503,AG00053,LOC0010,Land,0,0.0,3811,8327,1957,1259000.0,2025-03-24,Active,,,131,0.0,0,No,No,2025-03-24,2026-08-27
UPDATE,2026-08-27T00:00:00,2026-08-27,PT0500822,LST0500822,AG00667,LOC0067,Apartment,2,4.5,1364,0,2024,414900.0,2026-07-01,Pending,,,0,279.54,1,No,No,2026-07-01,2026-08-27
UPDATE,2026-08-27T00:00:00,2026-08-27,PT0501020,LST0501020,AG02781,LOC0198,Single Family,6,2.5,1573,2065,1999,259200.0,2026-07-01,Pending,,,0,0.0,0,No,No,2026-07-01,2026-08-27
UPDATE,2026-08-27T00:00:00,2026-08-27,PT0385017,LST0385017,AG00756,LOC0047,Condo,3,4.0,2259,2308,1924,941000.0,2024-03-18,Active,,,155,583.0,0,No,No,2024-03-18,2026-08-27
UPDATE,2026-08-27T00:00:00,2026-08-27,PT0184229,LST0184229,AG00315,LOC0037,Multi-Family,3,4.0,707,12148,1955,511200.0,2025-07-05,Pending,,,64,0.0,1,No,No,2025-07-05,2026-08-27
UPDATE,2026-08-27T00:00:00,2026-08-27,PT0234929,LST0234929,AG01634,LOC0088,Single Family,1,3.0,1551,1262,1988,71100.0,2026-03-27,Pending,,,76,0.0,0,No,Yes,2026-03-27,2026-08-27
UPDATE,2026-08-27T00:00:00,2026-08-27,PT0380720,LST0380720,AG00572,LOC0064,Single Family,3,2.0,1021,4138,2015,311200.0,2023-10-04,Pending,,,122,0.0,0,No,Yes,2023-10-04,2026-08-27
UPDATE,2026-08-27T00:00:00,2026-08-27,PT0535253,LST0535253,AG00123,LOC0240,Condo,6,3.5,1957,3743,1956,615400.0,2026-07-31,Sold,539666.72,2026-08-27,27,522.48,3,No,No,2026-07-31,2026-08-27
UPDATE,2026-08-27T00:00:00,2026-08-27,PT0477200,LST0477200,AG00595,LOC0114,Condo,6,2.0,1546,2979,1951,276700.0,2023-02-10,Active,,,89,407.0,3,No,No,2023-02-10,2026-08-27
UPDATE,2026-08-27T00:00:00,2026-08-27,PT0565088,LST0565088,AG01804,LOC0114,Single Family,3,2.5,2036,1372,1951,406300.0,2026-08-26,Pending,,,0,0.0,2,No,No,2026-08-26,2026-08-27
UPDATE,2026-08-27T00:00:00,2026-08-27,PT0064067,LST0064067,AG02059,LOC0146,Single Family,4,3.0,1219,6201,1931,176200.0,2024-04-30,Sold,178162.12,2026-08-27,849,0.0,3,Yes,No,2024-04-30,2026-08-27
UPDATE,2026-08-27T00:00:00,2026-08-27,PT0091790,LST0091790,AG00720,LOC0120,Townhouse,6,1.5,2003,2290,2003,754300.0,2025-12-11,Active,,,90,718.0,2,No,No,2025-12-11,2026-08-27
UPDATE,2026-08-27T00:00:00,2026-08-27,PT0435419,LST0435419,AG02219,LOC0048,Single Family,3,3.0,828,3657,1942,240500.0,2023-07-31,Active,,,8,0.0,1,No,No,2023-07-31,2026-08-27
UPDATE,2026-08-27T00:00:00,2026-08-27,PT0191432,LST0191432,AG02475,LOC0112,Single Family,6,4.5,2529,7117,1977,437100.0,2023-03-16,Pending,,,113,0.0,3,No,No,2023-03-16,2026-08-27
UPDATE,2026-08-27T00:00:00,2026-08-27,PT0550049,LST0550049,AG02122,LOC0098,Single Family,3,4.0,1351,6377,1920,563700.0,2026-08-13,Active,,,0,0.0,3,No,No,2026-08-13,2026-08-27
UPDATE,2026-08-27T00:00:00,2026-08-27,PT0420116,LST0420116,AG01231,LOC0182,Single Family,3,4.5,1909,3733,1947,592000.0,2025-03-04,Pending,,,56,0.0,1,No,No,2025-03-04,2026-08-27
UPDATE,2026-08-27T00:00:00,2026-08-27,PT0511161,LST0511161,AG00390,LOC0106,Single Family,6,1.5,2235,1119,1956,1068000.0,2026-07-10,Active,,,0,0.0,0,No,No,2026-07-10,2026-08-27
UPDATE,2026-08-27T00:00:00,2026-08-27,PT0093012,LST0093012,AG00451,LOC0060,Single Family,2,1.5,1698,1256,1907,262900.0,2024-07-27,Active,,,103,0.0,2,No,No,2024-07-27,2026-08-27
UPDATE,2026-08-27T00:00:00,2026-08-27,PT0380237,LST0380237,AG01525,LOC0200,Townhouse,5,3.5,300,8807,1973,67900.0,2024-07-21,Active,,,93,474.0,0,No,No,2024-07-21,2026-08-27
UPDATE,2026-08-27T00:00:00,2026-08-27,PT0547276,LST0547276,AG02777,LOC0133,Condo,2,4.5,1819,1738,1919,383500.0,2026-08-10,Sold,362172.7,2026-08-27,17,759.42,0,No,No,2026-08-10,2026-08-27
UPDATE,2026-08-27T00:00:00,2026-08-27,PT0454306,LST0454306,AG00942,LOC0230,Single Family,4,4.5,1611,5663,1900,621400.0,2024-08-23,Active,,,51,0.0,1,No,Yes,2024-08-23,2026-08-27
UPDATE,2026-08-27T00:00:00,2026-08-27,PT0413273,LST0413273,AG01410,LOC0229,Single Family,6,1.5,2016,1710,1951,368200.0,2023-05-26,Pending,,,101,0.0,3,No,No,2023-05-26,2026-08-27
UPDATE,2026-08-27T00:00:00,2026-08-27,PT0408473,LST0408473,AG01881,LOC0054,Single Family,1,4.5,2352,5744,2000,693700.0,2023-02-20,Pending,,,121,0.0,2,Yes,No,2023-02-20,2026-08-27
UPDATE,2026-08-27T00:00:00,2026-08-27,PT0154891,LST0154891,AG00551,LOC0178,Multi-Family,1,3.5,2435,2674,2013,432700.0,2026-06-21,Pending,,,29,0.0,1,No,No,2026-06-21,2026-08-27
UPDATE,2026-08-27T00:00:00,2026-08-27,PT0548147,LST0548147,AG02284,LOC0071,Single Family,2,3.5,300,7257,1949,43700.0,2026-08-11,Active,,,0,0.0,1,No,No,2026-08-11,2026-08-27
UPDATE,2026-08-27T00:00:00,2026-08-27,PT0065572,LST0065572,AG02950,LOC0225,Condo,1,2.0,1582,10096,1953,955900.0,2024-02-25,Pending,,,122,519.0,0,No,No,2024-02-25,2026-08-27
UPDATE,2026-08-27T00:00:00,2026-08-27,PT0292887,LST0292887,AG00611,LOC0167,Single Family,4,3.0,2761,1534,2000,1420600.0,2023-09-08,Active,,,99,0.0,1,Yes,No,2023-09-08,2026-08-27
UPDATE,2026-08-27T00:00:00,2026-08-27,PT0020020,LST0020020,AG02831,LOC0191,Condo,5,4.0,1771,11970,2010,1272500.0,2023-12-25,Pending,,,8,502.0,2,No,No,2023-12-25,2026-08-27
UPDATE,2026-08-27T00:00:00,2026-08-27,PT0060087,LST0060087,AG00826,LOC0214,Condo,6,3.0,1500,7618,1940,434100.0,2024-04-07,Active,,,175,759.0,3,No,No,2024-04-07,2026-08-27
UPDATE,2026-08-27T00:00:00,2026-08-27,PT0095938,LST0095938,AG01694,LOC0170,Single Family,5,2.5,1527,3949,1978,611200.0,2025-10-18,Pending,,,163,0.0,0,No,No,2025-10-18,2026-08-27
UPDATE,2026-08-27T00:00:00,2026-08-27,PT0006289,LST0006289,AG00323,LOC0221,Single Family,3,2.5,1993,1331,1910,507500.0,2024-12-19,Active,,,80,0.0,0,No,Yes,2024-12-19,2026-08-27
UPDATE,2026-08-27T00:00:00,2026-08-27,PT0488941,LST0488941,AG01852,LOC0040,Single Family,1,1.5,1227,1910,1997,332200.0,2025-04-16,Pending,,,110,0.0,2,No,Yes,2025-04-16,2026-08-27
UPDATE,2026-08-27T00:00:00,2026-08-27,PT0136121,LST0136121,AG01632,LOC0068,Single Family,4,3.5,1141,2942,1948,273700.0,2024-09-02,Active,,,111,0.0,1,No,No,2024-09-02,2026-08-27
UPDATE,2026-08-27T00:00:00,2026-08-27,PT0101183,LST0101183,AG02303,LOC0095,Land,0,0.0,2456,11953,1949,637500.0,2026-05-18,Pending,,,132,0.0,0,No,No,2026-05-18,2026-08-27
UPDATE,2026-08-27T00:00:00,2026-08-27,PT0083872,LST0083872,AG00177,LOC0106,Single Family,2,1.0,2223,2827,2023,242500.0,2024-06-18,Active,,,167,0.0,3,No,No,2024-06-18,2026-08-27
UPDATE,2026-08-27T00:00:00,2026-08-27,PT0040835,LST0040835,AG01142,LOC0063,Land,0,0.0,7464,1409,1949,4482600.0,2024-09-30,Active,,,86,0.0,0,No,No,2024-09-30,2026-08-27
UPDATE,2026-08-27T00:00:00,2026-08-27,PT0105822,LST0105822,AG00922,LOC0072,Single Family,5,1.5,975,6327,1923,164900.0,2025-08-15,Pending,,,159,0.0,3,No,No,2025-08-15,2026-08-27
UPDATE,2026-08-27T00:00:00,2026-08-27,PT0156512,LST0156512,AG01711,LOC0165,Land,0,0.0,6725,6310,1902,1880000.0,2025-01-10,Active,,,157,0.0,0,No,No,2025-01-10,2026-08-27
UPDATE,2026-08-27T00:00:00,2026-08-27,PT0522190,LST0522190,AG02650,LOC0056,Single Family,6,1.0,1625,6564,1926,654400.0,2026-07-20,Pending,,,0,0.0,1,No,Yes,2026-07-20,2026-08-27
UPDATE,2026-08-27T00:00:00,2026-08-27,PT0504811,LST0504811,AG00618,LOC0014,Single Family,1,4.0,989,15272,2024,220600.0,2026-07-04,Active,,,0,0.0,3,Yes,Yes,2026-07-04,2026-08-27
UPDATE,2026-08-27T00:00:00,2026-08-27,PT0005774,LST0005774,AG01809,LOC0013,Condo,1,2.0,3046,9438,1948,805300.0,2025-07-19,Pending,,,14,742.0,0,No,No,2025-07-19,2026-08-27
UPDATE,2026-08-27T00:00:00,2026-08-27,PT0555391,LST0555391,AG01470,LOC0158,Condo,6,1.5,1669,6243,1953,666900.0,2026-08-18,Sold,625150.29,2026-08-27,9,81.14,1,No,No,2026-08-18,2026-08-27
UPDATE,2026-08-27T00:00:00,2026-08-27,PT0533691,LST0533691,AG00180,LOC0072,Single Family,5,2.5,1841,5556,2009,236400.0,2026-07-29,Active,,,0,0.0,3,No,Yes,2026-07-29,2026-08-27
UPDATE,2026-08-27T00:00:00,2026-08-27,PT0110697,LST0110697,AG00179,LOC0011,Single Family,6,1.0,2234,5122,1982,293500.0,2023-04-02,Active,,,148,0.0,2,No,No,2023-04-02,2026-08-27
UPDATE,2026-08-27T00:00:00,2026-08-27,PT0472418,LST0472418,AG02974,LOC0122,Land,0,0.0,3175,10094,1911,1066600.0,2026-01-24,Active,,,44,0.0,0,No,No,2026-01-24,2026-08-27
UPDATE,2026-08-27T00:00:00,2026-08-27,PT0412903,LST0412903,AG01107,LOC0177,Condo,5,1.0,2644,1374,2011,975100.0,2023-11-17,Active,,,50,517.0,3,No,No,2023-11-17,2026-08-27
UPDATE,2026-08-27T00:00:00,2026-08-27,PT0547448,LST0547448,AG00290,LOC0139,Single Family,2,3.5,2592,1962,2011,760600.0,2026-08-11,Active,,,0,0.0,3,Yes,No,2026-08-11,2026-08-27
UPDATE,2026-08-27T00:00:00,2026-08-27,PT0106630,LST0106630,AG02062,LOC0241,Land,0,0.0,6424,13756,1996,1051700.0,2023-01-15,Pending,,,55,0.0,0,No,No,2023-01-15,2026-08-27
UPDATE,2026-08-27T00:00:00,2026-08-27,PT0394426,LST0394426,AG01658,LOC0244,Single Family,1,3.5,1354,14645,1944,292200.0,2025-07-16,Pending,,,37,0.0,2,No,Yes,2025-07-16,2026-08-27
UPDATE,2026-08-27T00:00:00,2026-08-27,PT0438443,LST0438443,AG02095,LOC0116,Apartment,4,1.5,969,0,1933,541000.0,2026-02-19,Pending,,,97,609.0,1,No,No,2026-02-19,2026-08-27
UPDATE,2026-08-27T00:00:00,2026-08-27,PT0403157,LST0403157,AG02023,LOC0008,Single Family,2,2.0,2171,1623,1935,313900.0,2025-12-04,Active,,,30,0.0,2,No,No,2025-12-04,2026-08-27
UPDATE,2026-08-27T00:00:00,2026-08-27,PT0164439,LST0164439,AG02142,LOC0125,Single Family,2,2.5,1560,2280,1963,546000.0,2023-05-20,Active,,,66,0.0,0,No,No,2023-05-20,2026-08-27
UPDATE,2026-08-27T00:00:00,2026-08-27,PT0048554,LST0048554,AG01819,LOC0050,Multi-Family,2,2.5,2159,1242,1979,612800.0,2026-05-03,Active,,,27,0.0,0,No,No,2026-05-03,2026-08-27
UPDATE,2026-08-27T00:00:00,2026-08-27,PT0145519,LST0145519,AG01824,LOC0243,Land,0,0.0,6942,1889,1981,3675800.0,2024-09-12,Pending,,,78,0.0,0,No,No,2024-09-12,2026-08-27
UPDATE,2026-08-27T00:00:00,2026-08-27,PT0564837,LST0564837,AG00683,LOC0249,Condo,4,4.5,1102,6927,1986,198200.0,2026-08-26,Active,,,0,570.78,3,No,No,2026-08-26,2026-08-27
UPDATE,2026-08-27T00:00:00,2026-08-27,PT0169245,LST0169245,AG01257,LOC0186,Condo,2,4.5,869,10650,1908,322300.0,2024-07-25,Pending,,,72,50.0,0,No,No,2024-07-25,2026-08-27
UPDATE,2026-08-27T00:00:00,2026-08-27,PT0507275,LST0507275,AG02361,LOC0035,Single Family,2,1.0,1374,1206,1958,300900.0,2026-07-06,Active,,,0,0.0,3,No,No,2026-07-06,2026-08-27
UPDATE,2026-08-27T00:00:00,2026-08-27,PT0089109,LST0089109,AG00703,LOC0165,Single Family,2,3.5,3239,4030,1962,1194900.0,2024-10-30,Sold,1160397.53,2026-08-27,666,0.0,2,No,No,2024-10-30,2026-08-27
UPDATE,2026-08-27T00:00:00,2026-08-27,PT0176048,LST0176048,AG02771,LOC0063,Multi-Family,6,1.5,2689,3423,2003,1202300.0,2025-08-01,Active,,,161,0.0,2,No,No,2025-08-01,2026-08-27
UPDATE,2026-08-27T00:00:00,2026-08-27,PT0360812,LST0360812,AG00917,LOC0076,Apartment,5,1.0,2179,0,1916,420000.0,2025-08-29,Active,,,96,798.0,1,No,No,2025-08-29,2026-08-27
UPDATE,2026-08-27T00:00:00,2026-08-27,PT0187709,LST0187709,AG00557,LOC0052,Single Family,1,3.5,2391,7167,1995,429200.0,2023-03-15,Pending,,,9,0.0,2,No,No,2023-03-15,2026-08-27
UPDATE,2026-08-27T00:00:00,2026-08-27,PT0124172,LST0124172,AG01836,LOC0120,Single Family,5,4.0,2554,1623,1902,602800.0,2023-10-01,Active,,,149,0.0,2,No,No,2023-10-01,2026-08-27
UPDATE,2026-08-27T00:00:00,2026-08-27,PT0243949,LST0243949,AG01591,LOC0246,Multi-Family,6,2.5,4981,17457,1921,1028500.0,2026-04-18,Sold,1052412.72,2026-08-27,131,0.0,0,No,Yes,2026-04-18,2026-08-27
UPDATE,2026-08-27T00:00:00,2026-08-27,PT0161686,LST0161686,AG01039,LOC0065,Apartment,4,3.0,826,0,1906,150300.0,2025-10-17,Pending,,,49,64.0,1,No,No,2025-10-17,2026-08-27
UPDATE,2026-08-27T00:00:00,2026-08-27,PT0433194,LST0433194,AG02946,LOC0127,Apartment,2,1.5,1731,0,1978,1209200.0,2025-02-10,Pending,,,8,658.0,1,No,No,2025-02-10,2026-08-27
UPDATE,2026-08-27T00:00:00,2026-08-27,PT0547461,LST0547461,AG02699,LOC0077,Townhouse,2,4.0,989,2412,2024,313400.0,2026-08-11,Sold,294812.24,2026-08-27,16,94.91,3,No,No,2026-08-11,2026-08-27
UPDATE,2026-08-27T00:00:00,2026-08-27,PT0149920,LST0149920,AG01614,LOC0073,Single Family,5,2.5,1327,12432,1954,651300.0,2025-09-19,Active,,,111,0.0,1,No,No,2025-09-19,2026-08-27
UPDATE,2026-08-27T00:00:00,2026-08-27,PT0188708,LST0188708,AG00315,LOC0004,Single Family,5,4.0,300,5885,2013,20000.0,2024-07-26,Sold,21554.29,2026-08-27,762,0.0,3,No,Yes,2024-07-26,2026-08-27
UPDATE,2026-08-27T00:00:00,2026-08-27,PT0521193,LST0521193,AG02584,LOC0135,Condo,6,4.0,1531,1228,1948,697400.0,2026-07-19,Pending,,,0,158.05,0,No,No,2026-07-19,2026-08-27
UPDATE,2026-08-27T00:00:00,2026-08-27,PT0100859,LST0100859,AG02942,LOC0005,Condo,2,2.0,2039,4074,1924,988300.0,2024-03-22,Active,,,43,622.0,0,No,No,2024-03-22,2026-08-27
UPDATE,2026-08-27T00:00:00,2026-08-27,PT0103740,LST0103740,AG02532,LOC0046,Single Family,3,4.5,2275,3439,2010,671400.0,2026-01-31,Sold,705634.7,2026-08-27,208,0.0,2,No,No,2026-01-31,2026-08-27
UPDATE,2026-08-27T00:00:00,2026-08-27,PT0347861,LST0347861,AG01476,LOC0126,Single Family,4,3.0,1549,8493,2019,549700.0,2025-05-30,Pending,,,32,0.0,0,No,Yes,2025-05-30,2026-08-27
UPDATE,2026-08-27T00:00:00,2026-08-27,PT0064244,LST0064244,AG02610,LOC0088,Single Family,2,3.0,1515,22953,1914,304000.0,2025-01-13,Pending,,,117,0.0,3,Yes,Yes,2025-01-13,2026-08-27
UPDATE,2026-08-27T00:00:00,2026-08-27,PT0527009,LST0527009,AG02307,LOC0151,Multi-Family,2,4.0,4217,6255,2019,1011000.0,2026-07-24,Active,,,0,0.0,1,Yes,No,2026-07-24,2026-08-27
UPDATE,2026-08-27T00:00:00,2026-08-27,PT0229166,LST0229166,AG00498,LOC0144,Townhouse,3,3.0,3330,4270,2004,805300.0,2023-01-17,Active,,,27,255.0,0,No,No,2023-01-17,2026-08-27
UPDATE,2026-08-27T00:00:00,2026-08-27,PT0443375,LST0443375,AG00646,LOC0215,Condo,4,1.5,2326,2331,2000,599100.0,2025-02-07,Sold,546125.18,2026-08-27,566,209.0,3,No,No,2025-02-07,2026-08-27
UPDATE,2026-08-27T00:00:00,2026-08-27,PT0208292,LST0208292,AG02077,LOC0243,Condo,6,2.5,597,4263,1997,426600.0,2025-05-30,Pending,,,25,265.0,3,No,No,2025-05-30,2026-08-27
UPDATE,2026-08-27T00:00:00,2026-08-27,PT0005283,LST0005283,AG00087,LOC0200,Land,0,0.0,6307,5847,1931,1945600.0,2026-03-14,Pending,,,149,0.0,0,No,No,2026-03-14,2026-08-27
UPDATE,2026-08-27T00:00:00,2026-08-27,PT0318100,LST0318100,AG02109,LOC0089,Single Family,4,3.0,1358,10341,1963,283100.0,2023-11-09,Pending,,,84,0.0,2,No,No,2023-11-09,2026-08-27
UPDATE,2026-08-27T00:00:00,2026-08-27,PT0188609,LST0188609,AG00844,LOC0129,Multi-Family,3,1.0,3213,2451,2025,691200.0,2024-09-28,Sold,654065.4,2026-08-27,698,0.0,1,No,Yes,2024-09-28,2026-08-27
UPDATE,2026-08-27T00:00:00,2026-08-27,PT0143115,LST0143115,AG00007,LOC0106,Single Family,6,1.0,2763,3690,1988,827800.0,2023-01-30,Active,,,116,0.0,3,No,No,2023-01-30,2026-08-27
UPDATE,2026-08-27T00:00:00,2026-08-27,PT0548164,LST0548164,AG02262,LOC0203,Single Family,5,4.5,1473,2241,1962,64000.0,2026-08-11,Active,,,0,0.0,3,No,No,2026-08-11,2026-08-27
UPDATE,2026-08-27T00:00:00,2026-08-27,PT0091174,LST0091174,AG00529,LOC0096,Land,0,0.0,5626,5133,2003,889500.0,2023-12-28,Active,,,139,0.0,0,No,No,2023-12-28,2026-08-27
UPDATE,2026-08-27T00:00:00,2026-08-27,PT0286290,LST0286290,AG02796,LOC0250,Single Family,3,4.5,2436,1729,1985,507300.0,2023-06-29,Pending,,,12,0.0,1,No,No,2023-06-29,2026-08-27
UPDATE,2026-08-27T00:00:00,2026-08-27,PT0232470,LST0232470,AG00582,LOC0185,Single Family,5,1.5,1578,1421,2007,1275300.0,2023-10-29,Active,,,61,0.0,1,No,No,2023-10-29,2026-08-27
UPDATE,2026-08-27T00:00:00,2026-08-27,PT0356149,LST0356149,AG01937,LOC0158,Condo,3,3.5,2302,5885,1985,678000.0,2026-04-09,Sold,665653.88,2026-08-27,140,213.0,2,No,No,2026-04-09,2026-08-27
UPDATE,2026-08-27T00:00:00,2026-08-27,PT0275597,LST0275597,AG02189,LOC0139,Multi-Family,4,2.5,3734,2833,1946,1347600.0,2023-08-08,Pending,,,139,0.0,1,Yes,Yes,2023-08-08,2026-08-27
UPDATE,2026-08-27T00:00:00,2026-08-27,PT0509737,LST0509737,AG00020,LOC0089,Single Family,1,2.0,2488,9828,1942,813500.0,2026-07-08,Active,,,0,0.0,3,No,Yes,2026-07-08,2026-08-27
UPDATE,2026-08-27T00:00:00,2026-08-27,PT0285880,LST0285880,AG00687,LOC0191,Single Family,6,4.0,1969,3521,1977,921300.0,2025-10-18,Pending,,,150,0.0,2,Yes,Yes,2025-10-18,2026-08-27
UPDATE,2026-08-27T00:00:00,2026-08-27,PT0086244,LST0086244,AG00069,LOC0110,Condo,2,3.0,1360,6293,1972,280700.0,2023-09-22,Active,,,113,447.0,2,No,No,2023-09-22,2026-08-27
UPDATE,2026-08-27T00:00:00,2026-08-27,PT0195240,LST0195240,AG01990,LOC0159,Condo,6,2.5,1309,1029,2019,387700.0,2023-06-03,Pending,,,165,162.0,0,No,No,2023-06-03,2026-08-27
UPDATE,2026-08-27T00:00:00,2026-08-27,PT0023220,LST0023220,AG00447,LOC0128,Multi-Family,6,3.0,6196,2666,2004,1125400.0,2023-01-23,Sold,1018717.57,2026-08-27,1312,0.0,0,No,Yes,2023-01-23,2026-08-27
UPDATE,2026-08-27T00:00:00,2026-08-27,PT0445799,LST0445799,AG00271,LOC0127,Single Family,2,4.5,862,6635,1974,198600.0,2024-12-14,Sold,170389.29,2026-08-27,621,0.0,3,Yes,Yes,2024-12-14,2026-08-27
UPDATE,2026-08-27T00:00:00,2026-08-27,PT0258353,LST0258353,AG00270,LOC0159,Townhouse,6,2.0,1778,6121,2025,291800.0,2025-12-09,Pending,,,81,152.0,2,No,No,2025-12-09,2026-08-27
UPDATE,2026-08-27T00:00:00,2026-08-27,PT0112089,LST0112089,AG01812,LOC0051,Single Family,4,1.5,2014,1193,2004,296900.0,2023-04-13,Sold,320134.15,2026-08-27,1232,0.0,0,No,Yes,2023-04-13,2026-08-27
UPDATE,2026-08-27T00:00:00,2026-08-27,PT0527896,LST0527896,AG01440,LOC0178,Townhouse,3,1.0,1691,3372,2005,456700.0,2026-07-25,Active,,,0,136.67,0,No,No,2026-07-25,2026-08-27
UPDATE,2026-08-27T00:00:00,2026-08-27,PT0222879,LST0222879,AG02768,LOC0206,Single Family,4,2.0,2012,2875,1950,646300.0,2025-10-29,Active,,,20,0.0,0,No,No,2025-10-29,2026-08-27
UPDATE,2026-08-27T00:00:00,2026-08-27,PT0511946,LST0511946,AG00962,LOC0117,Single Family,6,2.0,1994,10781,1942,940000.0,2026-07-10,Active,,,0,0.0,1,No,No,2026-07-10,2026-08-27
UPDATE,2026-08-27T00:00:00,2026-08-27,PT0159225,LST0159225,AG00033,LOC0149,Multi-Family,6,4.0,4206,3582,1989,1027600.0,2023-01-01,Pending,,,22,0.0,0,No,No,2023-01-01,2026-08-27
UPDATE,2026-08-27T00:00:00,2026-08-27,PT0484077,LST0484077,AG00830,LOC0095,Single Family,4,4.5,2713,3379,1946,753300.0,2024-09-13,Pending,,,62,0.0,0,No,Yes,2024-09-13,2026-08-27
UPDATE,2026-08-27T00:00:00,2026-08-27,PT0316279,LST0316279,AG02414,LOC0045,Townhouse,2,4.0,398,1374,1987,174500.0,2025-12-04,Sold,148898.62,2026-08-27,266,516.0,3,Yes,No,2025-12-04,2026-08-27
UPDATE,2026-08-27T00:00:00,2026-08-27,PT0370938,LST0370938,AG00630,LOC0116,Apartment,5,4.0,1721,0,2003,449300.0,2024-02-02,Sold,428003.61,2026-08-27,937,777.0,1,No,No,2024-02-02,2026-08-27
UPDATE,2026-08-27T00:00:00,2026-08-27,PT0557322,LST0557322,AG00556,LOC0087,Single Family,3,1.0,3498,3177,2007,1201100.0,2026-08-20,Pending,,,0,0.0,1,Yes,Yes,2026-08-20,2026-08-27
UPDATE,2026-08-27T00:00:00,2026-08-27,PT0129164,LST0129164,AG01559,LOC0063,Single Family,2,2.0,2451,7568,1907,1125600.0,2023-09-30,Active,,,23,0.0,0,No,Yes,2023-09-30,2026-08-27
UPDATE,2026-08-27T00:00:00,2026-08-27,PT0340058,LST0340058,AG00721,LOC0149,Condo,1,4.0,1839,2269,1920,421800.0,2025-08-06,Active,,,76,734.0,3,No,No,2025-08-06,2026-08-27
UPDATE,2026-08-27T00:00:00,2026-08-27,PT0501180,LST0501180,AG00673,LOC0009,Condo,1,4.5,2097,5724,1902,516900.0,2026-07-01,Active,,,0,507.98,1,No,No,2026-07-01,2026-08-27
UPDATE,2026-08-27T00:00:00,2026-08-27,PT0230953,LST0230953,AG01492,LOC0179,Single Family,4,4.5,1616,4317,1964,366300.0,2026-01-01,Active,,,120,0.0,0,No,Yes,2026-01-01,2026-08-27
UPDATE,2026-08-27T00:00:00,2026-08-27,PT0514143,LST0514143,AG00528,LOC0245,Single Family,2,4.0,2960,2558,1922,351400.0,2026-07-12,Sold,353310.78,2026-08-27,46,0.0,0,No,Yes,2026-07-12,2026-08-27
UPDATE,2026-08-27T00:00:00,2026-08-27,PT0167026,LST0167026,AG00244,LOC0239,Multi-Family,4,4.5,1711,2631,1943,237100.0,2024-01-19,Active,,,144,0.0,3,No,Yes,2024-01-19,2026-08-27
UPDATE,2026-08-27T00:00:00,2026-08-27,PT0455701,LST0455701,AG00491,LOC0199,Single Family,2,1.0,2368,3098,1953,913400.0,2024-06-28,Pending,,,61,0.0,1,Yes,No,2024-06-28,2026-08-27
UPDATE,2026-08-27T00:00:00,2026-08-27,PT0028139,LST0028139,AG01690,LOC0157,Townhouse,2,1.5,1136,2706,1993,375000.0,2023-06-10,Pending,,,157,194.0,3,No,No,2023-06-10,2026-08-27
UPDATE,2026-08-27T00:00:00,2026-08-27,PT0408127,LST0408127,AG00290,LOC0178,Single Family,5,2.5,1252,3431,1983,245200.0,2025-11-05,Active,,,46,0.0,1,No,No,2025-11-05,2026-08-27
UPDATE,2026-08-27T00:00:00,2026-08-27,PT0511087,LST0511087,AG00471,LOC0037,Land,0,0.0,9301,8832,1998,3247800.0,2026-07-10,Sold,3081736.22,2026-08-27,48,0.0,0,No,No,2026-07-10,2026-08-27
UPDATE,2026-08-27T00:00:00,2026-08-27,PT0118324,LST0118324,AG00321,LOC0218,Single Family,2,2.5,1606,6308,2010,780000.0,2023-03-31,Active,,,48,0.0,2,No,No,2023-03-31,2026-08-27
UPDATE,2026-08-27T00:00:00,2026-08-27,PT0302508,LST0302508,AG02968,LOC0079,Single Family,6,4.5,2483,2161,1936,938500.0,2025-01-01,Sold,919881.67,2026-08-27,603,0.0,2,Yes,No,2025-01-01,2026-08-27
UPDATE,2026-08-27T00:00:00,2026-08-27,PT0358511,LST0358511,AG01531,LOC0005,Single Family,3,3.5,1226,8008,1939,475200.0,2023-10-17,Pending,,,109,0.0,2,Yes,No,2023-10-17,2026-08-27
UPDATE,2026-08-27T00:00:00,2026-08-27,PT0211125,LST0211125,AG00891,LOC0101,Single Family,4,4.5,1404,2157,2006,522600.0,2025-11-28,Pending,,,119,0.0,0,No,Yes,2025-11-28,2026-08-27
UPDATE,2026-08-27T00:00:00,2026-08-27,PT0475001,LST0475001,AG02711,LOC0123,Single Family,2,1.0,1810,1295,1998,618800.0,2025-12-21,Sold,585331.21,2026-08-27,249,0.0,0,No,No,2025-12-21,2026-08-27
UPDATE,2026-08-27T00:00:00,2026-08-27,PT0336337,LST0336337,AG00791,LOC0169,Apartment,1,3.0,1706,0,1913,631300.0,2024-11-08,Pending,,,56,517.0,3,No,No,2024-11-08,2026-08-27
UPDATE,2026-08-27T00:00:00,2026-08-27,PT0375769,LST0375769,AG01204,LOC0193,Townhouse,1,4.5,1975,8444,2020,1101400.0,2025-02-22,Active,,,11,211.0,0,No,No,2025-02-22,2026-08-27
UPDATE,2026-08-27T00:00:00,2026-08-27,PT0509329,LST0509329,AG00362,LOC0162,Condo,5,2.0,2280,3032,2008,307900.0,2026-07-08,Active,,,0,398.88,3,No,No,2026-07-08,2026-08-27
UPDATE,2026-08-27T00:00:00,2026-08-27,PT0226803,LST0226803,AG01990,LOC0152,Townhouse,4,4.0,1651,1260,1900,318300.0,2025-11-21,Active,,,85,560.0,1,No,No,2025-11-21,2026-08-27
UPDATE,2026-08-27T00:00:00,2026-08-27,PT0445120,LST0445120,AG02591,LOC0086,Single Family,5,4.0,1919,1548,1912,169100.0,2025-12-14,Active,,,111,0.0,3,No,No,2025-12-14,2026-08-27
UPDATE,2026-08-27T00:00:00,2026-08-27,PT0273200,LST0273200,AG01801,LOC0186,Single Family,1,1.0,2727,3357,2003,734300.0,2026-03-29,Active,,,68,0.0,2,No,Yes,2026-03-29,2026-08-27
UPDATE,2026-08-27T00:00:00,2026-08-27,PT0518542,LST0518542,AG02213,LOC0075,Apartment,4,3.0,1029,0,2009,213900.0,2026-07-16,Pending,,,0,94.67,2,No,No,2026-07-16,2026-08-27
UPDATE,2026-08-27T00:00:00,2026-08-27,PT0370821,LST0370821,AG02300,LOC0117,Condo,6,2.0,1544,1359,2007,571700.0,2025-02-11,Active,,,125,749.0,3,No,No,2025-02-11,2026-08-27
UPDATE,2026-08-27T00:00:00,2026-08-27,PT0334752,LST0334752,AG01757,LOC0167,Condo,1,2.0,1835,11887,2005,358000.0,2026-01-11,Sold,345332.82,2026-08-27,228,421.0,2,No,No,2026-01-11,2026-08-27
UPDATE,2026-08-27T00:00:00,2026-08-27,PT0365039,LST0365039,AG01541,LOC0201,Multi-Family,6,3.5,4702,1609,1919,495100.0,2023-08-15,Active,,,11,0.0,3,No,No,2023-08-15,2026-08-27
UPDATE,2026-08-27T00:00:00,2026-08-27,PT0558499,LST0558499,AG01684,LOC0222,Condo,4,4.0,2807,3375,1984,375300.0,2026-08-21,Sold,357240.01,2026-08-27,6,67.27,3,No,No,2026-08-21,2026-08-27
UPDATE,2026-08-27T00:00:00,2026-08-27,PT0288393,LST0288393,AG01938,LOC0036,Apartment,1,2.5,862,0,1906,262000.0,2024-04-18,Active,,,99,404.0,3,No,No,2024-04-18,2026-08-27
UPDATE,2026-08-27T00:00:00,2026-08-27,PT0511761,LST0511761,AG01335,LOC0129,Townhouse,6,3.0,1744,8955,1967,906700.0,2026-07-10,Active,,,0,552.35,1,Yes,No,2026-07-10,2026-08-27
UPDATE,2026-08-27T00:00:00,2026-08-27,PT0029213,LST0029213,AG00681,LOC0049,Condo,2,1.5,1826,1485,1973,197200.0,2025-06-20,Sold,196097.16,2026-08-27,433,141.0,3,No,No,2025-06-20,2026-08-27
UPDATE,2026-08-27T00:00:00,2026-08-27,PT0237075,LST0237075,AG00422,LOC0246,Multi-Family,4,2.0,4285,7155,1988,694900.0,2025-11-21,Active,,,178,0.0,2,No,No,2025-11-21,2026-08-27
UPDATE,2026-08-27T00:00:00,2026-08-27,PT0124481,LST0124481,AG02791,LOC0195,Condo,6,2.5,528,2403,2016,209900.0,2025-08-29,Sold,211195.43,2026-08-27,363,144.0,0,No,No,2025-08-29,2026-08-27
UPDATE,2026-08-27T00:00:00,2026-08-27,PT0492838,LST0492838,AG01804,LOC0122,Townhouse,5,3.5,1009,1218,1947,134500.0,2024-04-21,Active,,,100,754.0,0,No,No,2024-04-21,2026-08-27
UPDATE,2026-08-27T00:00:00,2026-08-27,PT0495286,LST0495286,AG00445,LOC0098,Single Family,6,3.0,1525,3862,1902,303500.0,2023-01-28,Active,,,113,0.0,1,No,No,2023-01-28,2026-08-27
UPDATE,2026-08-27T00:00:00,2026-08-27,PT0244830,LST0244830,AG00029,LOC0215,Condo,2,1.0,1445,1426,1956,494900.0,2023-04-04,Pending,,,0,322.0,3,No,No,2023-04-04,2026-08-27
UPDATE,2026-08-27T00:00:00,2026-08-27,PT0451038,LST0451038,AG02182,LOC0099,Single Family,1,2.0,300,2949,1974,182500.0,2025-01-20,Pending,,,109,0.0,3,No,Yes,2025-01-20,2026-08-27
UPDATE,2026-08-27T00:00:00,2026-08-27,PT0519146,LST0519146,AG00731,LOC0145,Apartment,6,2.0,643,0,1919,124500.0,2026-07-17,Pending,,,0,687.65,0,No,No,2026-07-17,2026-08-27
UPDATE,2026-08-27T00:00:00,2026-08-27,PT0330311,LST0330311,AG00615,LOC0061,Condo,3,4.5,1519,1578,2023,241600.0,2024-09-03,Pending,,,6,711.0,3,Yes,No,2024-09-03,2026-08-27
UPDATE,2026-08-27T00:00:00,2026-08-27,PT0307015,LST0307015,AG01805,LOC0227,Townhouse,4,1.5,1647,1632,1911,333300.0,2026-05-19,Sold,331778.5,2026-08-27,100,697.0,1,No,No,2026-05-19,2026-08-27
UPDATE,2026-08-27T00:00:00,2026-08-27,PT0174345,LST0174345,AG01253,LOC0133,Single Family,6,1.0,1454,1895,1957,324000.0,2025-07-03,Active,,,101,0.0,2,No,Yes,2025-07-03,2026-08-27
UPDATE,2026-08-27T00:00:00,2026-08-27,PT0204854,LST0204854,AG00696,LOC0217,Single Family,1,2.5,1892,6210,1981,388600.0,2025-11-27,Pending,,,88,0.0,1,No,No,2025-11-27,2026-08-27
UPDATE,2026-08-27T00:00:00,2026-08-27,PT0565595,LST0565595,AG02035,LOC0205,Single Family,3,1.5,1591,17935,2019,485100.0,2026-08-27,Sold,441414.33,2026-08-27,0,0.0,1,No,Yes,2026-08-27,2026-08-27
UPDATE,2026-08-27T00:00:00,2026-08-27,PT0545344,LST0545344,AG01773,LOC0181,Condo,6,1.0,2001,14081,2025,285700.0,2026-08-09,Active,,,0,155.05,1,No,No,2026-08-09,2026-08-27
UPDATE,2026-08-27T00:00:00,2026-08-27,PT0343175,LST0343175,AG02409,LOC0014,Condo,5,1.5,1302,5663,1982,328700.0,2025-12-17,Active,,,171,225.0,1,Yes,No,2025-12-17,2026-08-27
UPDATE,2026-08-27T00:00:00,2026-08-27,PT0559521,LST0559521,AG02782,LOC0077,Apartment,4,1.5,1211,0,1988,291100.0,2026-08-22,Pending,,,0,121.72,3,No,No,2026-08-22,2026-08-27
UPDATE,2026-08-27T00:00:00,2026-08-27,PT0396176,LST0396176,AG01173,LOC0200,Single Family,5,3.5,1553,2587,1955,250300.0,2025-12-27,Pending,,,110,0.0,2,No,No,2025-12-27,2026-08-27
UPDATE,2026-08-27T00:00:00,2026-08-27,PT0378542,LST0378542,AG00548,LOC0098,Townhouse,1,1.0,926,1449,1996,211300.0,2024-09-25,Pending,,,136,782.0,1,Yes,No,2024-09-25,2026-08-27
UPDATE,2026-08-27T00:00:00,2026-08-27,PT0558784,LST0558784,AG01584,LOC0087,Condo,1,4.5,1275,4229,1976,583900.0,2026-08-21,Active,,,0,136.49,2,Yes,No,2026-08-21,2026-08-27
UPDATE,2026-08-27T00:00:00,2026-08-27,PT0526754,LST0526754,AG02342,LOC0092,Single Family,4,2.5,2072,1102,1927,328000.0,2026-07-24,Active,,,0,0.0,2,Yes,No,2026-07-24,2026-08-27
UPDATE,2026-08-27T00:00:00,2026-08-27,PT0022904,LST0022904,AG00913,LOC0092,Condo,6,4.5,1809,2696,1956,435500.0,2024-05-26,Sold,434592.81,2026-08-27,823,175.0,1,Yes,No,2024-05-26,2026-08-27
UPDATE,2026-08-27T00:00:00,2026-08-27,PT0515190,LST0515190,AG00387,LOC0031,Townhouse,1,4.5,1908,6513,2022,657500.0,2026-07-13,Active,,,0,706.02,3,No,No,2026-07-13,2026-08-27
UPDATE,2026-08-27T00:00:00,2026-08-27,PT0260149,LST0260149,AG00928,LOC0151,Single Family,6,3.5,1926,4232,1943,699900.0,2026-04-24,Active,,,15,0.0,1,No,No,2026-04-24,2026-08-27
UPDATE,2026-08-27T00:00:00,2026-08-27,PT0551659,LST0551659,AG02146,LOC0042,Townhouse,2,3.5,1506,8198,1994,421600.0,2026-08-15,Active,,,0,205.8,1,No,No,2026-08-15,2026-08-27
UPDATE,2026-08-27T00:00:00,2026-08-27,PT0342518,LST0342518,AG01001,LOC0219,Single Family,2,2.0,2924,3902,1962,1059900.0,2024-05-01,Active,,,131,0.0,2,No,Yes,2024-05-01,2026-08-27
UPDATE,2026-08-27T00:00:00,2026-08-27,PT0123126,LST0123126,AG00213,LOC0215,Apartment,1,3.5,1264,0,1930,264200.0,2026-04-13,Sold,273284.76,2026-08-27,136,286.0,3,No,No,2026-04-13,2026-08-27
UPDATE,2026-08-27T00:00:00,2026-08-27,PT0085847,LST0085847,AG00272,LOC0057,Land,0,0.0,5412,6999,2023,1636700.0,2023-12-26,Active,,,65,0.0,0,No,No,2023-12-26,2026-08-27
UPDATE,2026-08-27T00:00:00,2026-08-27,PT0485889,LST0485889,AG00307,LOC0218,Townhouse,3,1.0,2216,6684,1912,619700.0,2023-12-05,Pending,,,63,279.0,0,No,No,2023-12-05,2026-08-27
UPDATE,2026-08-27T00:00:00,2026-08-27,PT0362456,LST0362456,AG01116,LOC0083,Condo,6,4.5,1669,15421,1957,498700.0,2025-09-19,Active,,,102,498.0,1,Yes,No,2025-09-19,2026-08-27
UPDATE,2026-08-27T00:00:00,2026-08-27,PT0551603,LST0551603,AG00941,LOC0050,Condo,5,3.5,1699,4951,1938,518200.0,2026-08-15,Sold,515615.17,2026-08-27,12,751.1,2,No,No,2026-08-15,2026-08-27
UPDATE,2026-08-27T00:00:00,2026-08-27,PT0246022,LST0246022,AG01113,LOC0104,Single Family,3,4.5,822,2502,1949,263400.0,2023-10-22,Active,,,105,0.0,3,No,Yes,2023-10-22,2026-08-27
UPDATE,2026-08-27T00:00:00,2026-08-27,PT0561538,LST0561538,AG01491,LOC0034,Condo,2,4.5,878,6214,1958,442800.0,2026-08-24,Active,,,0,775.24,2,Yes,No,2026-08-24,2026-08-27
UPDATE,2026-08-27T00:00:00,2026-08-27,PT0532518,LST0532518,AG00372,LOC0074,Single Family,5,2.0,1852,1764,1916,813800.0,2026-07-29,Sold,801978.21,2026-08-27,29,0.0,2,No,No,2026-07-29,2026-08-27
UPDATE,2026-08-27T00:00:00,2026-08-27,PT0547523,LST0547523,AG00756,LOC0235,Condo,6,4.0,1248,10657,1967,577500.0,2026-08-11,Pending,,,0,447.31,0,Yes,No,2026-08-11,2026-08-27
UPDATE,2026-08-27T00:00:00,2026-08-27,PT0140645,LST0140645,AG01763,LOC0208,Single Family,6,1.5,1634,2186,1993,385400.0,2023-05-26,Pending,,,175,0.0,2,No,No,2023-05-26,2026-08-27
UPDATE,2026-08-27T00:00:00,2026-08-27,PT0435339,LST0435339,AG01692,LOC0006,Single Family,2,2.0,1450,3707,1977,240300.0,2026-04-08,Pending,,,137,0.0,3,No,No,2026-04-08,2026-08-27
UPDATE,2026-08-27T00:00:00,2026-08-27,PT0404997,LST0404997,AG01595,LOC0146,Apartment,6,1.5,803,0,1949,56500.0,2026-04-23,Active,,,136,574.0,3,No,No,2026-04-23,2026-08-27
UPDATE,2026-08-27T00:00:00,2026-08-27,PT0386004,LST0386004,AG00928,LOC0130,Single Family,3,4.5,708,3500,2005,97700.0,2026-03-09,Active,,,11,0.0,0,Yes,Yes,2026-03-09,2026-08-27
UPDATE,2026-08-27T00:00:00,2026-08-27,PT0011890,LST0011890,AG01927,LOC0032,Single Family,5,2.0,1314,5220,1955,333300.0,2023-02-06,Active,,,168,0.0,0,No,No,2023-02-06,2026-08-27
UPDATE,2026-08-27T00:00:00,2026-08-27,PT0008732,LST0008732,AG02949,LOC0188,Condo,1,2.0,2036,6795,1924,446600.0,2026-04-25,Active,,,88,106.0,1,No,No,2026-04-25,2026-08-27
UPDATE,2026-08-27T00:00:00,2026-08-27,PT0515699,LST0515699,AG02515,LOC0019,Land,0,0.0,2184,2199,1983,455900.0,2026-07-13,Pending,,,0,0.0,0,No,No,2026-07-13,2026-08-27
UPDATE,2026-08-27T00:00:00,2026-08-27,PT0202178,LST0202178,AG00937,LOC0235,Townhouse,3,4.5,1205,6146,2017,350800.0,2023-12-16,Sold,324086.41,2026-08-27,985,563.0,0,No,No,2023-12-16,2026-08-27
UPDATE,2026-08-27T00:00:00,2026-08-27,PT0533708,LST0533708,AG02729,LOC0025,Single Family,4,4.0,1731,8760,2010,280000.0,2026-07-29,Active,,,0,0.0,2,No,No,2026-07-29,2026-08-27
UPDATE,2026-08-27T00:00:00,2026-08-27,PT0249702,LST0249702,AG02712,LOC0079,Condo,3,4.0,2024,3872,2025,381000.0,2023-04-08,Sold,391478.05,2026-08-27,1237,479.0,0,No,No,2023-04-08,2026-08-27
UPDATE,2026-08-27T00:00:00,2026-08-27,PT0415024,LST0415024,AG01829,LOC0024,Townhouse,5,4.0,1441,7318,1914,330500.0,2023-05-03,Active,,,35,720.0,2,No,No,2023-05-03,2026-08-27
UPDATE,2026-08-27T00:00:00,2026-08-27,PT0495318,LST0495318,AG01972,LOC0176,Condo,6,2.0,1869,3497,1951,332000.0,2023-04-26,Sold,301632.87,2026-08-27,1219,162.0,3,No,No,2023-04-26,2026-08-27
UPDATE,2026-08-27T00:00:00,2026-08-27,PT0084575,LST0084575,AG02313,LOC0014,Condo,4,1.0,1623,3052,1994,438300.0,2023-03-09,Sold,406241.48,2026-08-27,1267,147.0,0,No,No,2023-03-09,2026-08-27
UPDATE,2026-08-27T00:00:00,2026-08-27,PT0294441,LST0294441,AG00503,LOC0242,Multi-Family,4,4.0,5195,2378,1964,546000.0,2023-07-17,Pending,,,47,0.0,3,No,No,2023-07-17,2026-08-27
UPDATE,2026-08-27T00:00:00,2026-08-27,PT0227403,LST0227403,AG01437,LOC0069,Single Family,1,4.5,2619,1114,1935,827400.0,2025-11-28,Sold,896424.08,2026-08-27,272,0.0,3,No,No,2025-11-28,2026-08-27
UPDATE,2026-08-27T00:00:00,2026-08-27,PT0023154,LST0023154,AG00047,LOC0202,Single Family,1,4.5,3698,2927,1984,626400.0,2025-02-18,Active,,,101,0.0,0,No,Yes,2025-02-18,2026-08-27
UPDATE,2026-08-27T00:00:00,2026-08-27,PT0191360,LST0191360,AG01874,LOC0108,Land,0,0.0,6054,1090,1983,1154200.0,2024-04-21,Active,,,27,0.0,0,No,No,2024-04-21,2026-08-27
UPDATE,2026-08-27T00:00:00,2026-08-27,PT0501922,LST0501922,AG02277,LOC0042,Multi-Family,6,4.0,3812,12624,1900,1417800.0,2026-07-02,Pending,,,0,0.0,3,Yes,No,2026-07-02,2026-08-27
UPDATE,2026-08-27T00:00:00,2026-08-27,PT0527815,LST0527815,AG02869,LOC0086,Single Family,1,4.5,2462,1506,1983,243500.0,2026-07-24,Active,,,0,0.0,3,No,Yes,2026-07-24,2026-08-27
UPDATE,2026-08-27T00:00:00,2026-08-27,PT0214350,LST0214350,AG00124,LOC0052,Townhouse,3,3.0,1331,3135,1934,161800.0,2026-03-03,Pending,,,135,217.0,0,Yes,No,2026-03-03,2026-08-27
UPDATE,2026-08-27T00:00:00,2026-08-27,PT0258820,LST0258820,AG01505,LOC0210,Land,0,0.0,4687,3949,1933,2618300.0,2023-04-19,Pending,,,150,0.0,0,No,No,2023-04-19,2026-08-27
UPDATE,2026-08-27T00:00:00,2026-08-27,PT0258893,LST0258893,AG01728,LOC0042,Single Family,3,3.5,2329,2608,1935,530700.0,2023-02-03,Sold,480446.77,2026-08-27,1301,0.0,2,No,No,2023-02-03,2026-08-27
UPDATE,2026-08-27T00:00:00,2026-08-27,PT0521933,LST0521933,AG02711,LOC0096,Single Family,5,4.0,2509,4981,1963,628000.0,2026-07-19,Active,,,0,0.0,0,No,No,2026-07-19,2026-08-27
UPDATE,2026-08-27T00:00:00,2026-08-27,PT0024578,LST0024578,AG01771,LOC0248,Condo,4,2.0,1441,1921,1991,238500.0,2024-05-19,Pending,,,161,229.0,0,No,No,2024-05-19,2026-08-27
UPDATE,2026-08-27T00:00:00,2026-08-27,PT0307582,LST0307582,AG02632,LOC0048,Single Family,6,4.5,2226,12054,1989,694900.0,2024-05-10,Sold,708757.5,2026-08-27,839,0.0,3,No,Yes,2024-05-10,2026-08-27
UPDATE,2026-08-27T00:00:00,2026-08-27,PT0514481,LST0514481,AG01768,LOC0184,Townhouse,1,1.5,2665,4839,2020,1338900.0,2026-07-12,Pending,,,0,509.89,2,No,No,2026-07-12,2026-08-27
UPDATE,2026-08-27T00:00:00,2026-08-27,PT0105524,LST0105524,AG02324,LOC0198,Condo,5,2.0,2189,3640,2002,386100.0,2026-04-02,Sold,347430.96,2026-08-27,147,423.0,3,No,No,2026-04-02,2026-08-27
UPDATE,2026-08-27T00:00:00,2026-08-27,PT0218092,LST0218092,AG01286,LOC0022,Single Family,1,2.5,963,1733,2002,244000.0,2024-05-02,Sold,216781.14,2026-08-27,847,0.0,1,No,No,2024-05-02,2026-08-27
UPDATE,2026-08-27T00:00:00,2026-08-27,PT0076811,LST0076811,AG00175,LOC0093,Townhouse,1,2.5,1649,4527,2008,354300.0,2026-06-25,Sold,393143.72,2026-08-27,63,519.0,3,Yes,No,2026-06-25,2026-08-27
UPDATE,2026-08-27T00:00:00,2026-08-27,PT0128256,LST0128256,AG00772,LOC0020,Single Family,1,4.5,1088,2329,1937,295400.0,2024-11-29,Pending,,,67,0.0,2,No,No,2024-11-29,2026-08-27
UPDATE,2026-08-27T00:00:00,2026-08-27,PT0119824,LST0119824,AG02034,LOC0037,Townhouse,4,2.0,2092,10139,1971,524400.0,2023-09-03,Active,,,117,493.0,2,Yes,No,2023-09-03,2026-08-27
UPDATE,2026-08-27T00:00:00,2026-08-27,PT0448532,LST0448532,AG01108,LOC0066,Single Family,1,3.5,2264,3958,1900,487900.0,2026-02-13,Active,,,123,0.0,3,Yes,Yes,2026-02-13,2026-08-27
UPDATE,2026-08-27T00:00:00,2026-08-27,PT0532779,LST0532779,AG02918,LOC0097,Multi-Family,1,1.5,2694,8768,2023,523600.0,2026-07-29,Pending,,,0,0.0,3,No,No,2026-07-29,2026-08-27
UPDATE,2026-08-27T00:00:00,2026-08-27,PT0117137,LST0117137,AG02805,LOC0144,Land,0,0.0,4022,4008,2004,973300.0,2023-08-23,Active,,,79,0.0,0,No,No,2023-08-23,2026-08-27
UPDATE,2026-08-27T00:00:00,2026-08-27,PT0463219,LST0463219,AG02315,LOC0204,Apartment,4,4.0,577,0,1904,293300.0,2023-07-23,Pending,,,133,726.0,1,Yes,No,2023-07-23,2026-08-27
UPDATE,2026-08-27T00:00:00,2026-08-27,PT0554070,LST0554070,AG00351,LOC0144,Single Family,3,1.0,467,6037,1903,118100.0,2026-08-17,Active,,,0,0.0,1,No,No,2026-08-17,2026-08-27
UPDATE,2026-08-27T00:00:00,2026-08-27,PT0269530,LST0269530,AG03000,LOC0132,Condo,4,3.0,2317,1080,2010,279700.0,2023-12-28,Pending,,,95,150.0,2,No,No,2023-12-28,2026-08-27
UPDATE,2026-08-27T00:00:00,2026-08-27,PT0293090,LST0293090,AG00141,LOC0159,Condo,2,1.0,1965,2315,2015,280500.0,2025-01-10,Active,,,58,126.0,1,No,No,2025-01-10,2026-08-27
UPDATE,2026-08-27T00:00:00,2026-08-27,PT0411506,LST0411506,AG00884,LOC0080,Townhouse,2,1.5,2018,1007,1910,1421900.0,2023-03-21,Sold,1350808.6,2026-08-27,1255,539.0,1,Yes,No,2023-03-21,2026-08-27
UPDATE,2026-08-27T00:00:00,2026-08-27,PT0355600,LST0355600,AG00372,LOC0226,Single Family,2,4.5,2065,1330,2021,487800.0,2025-08-25,Pending,,,106,0.0,2,Yes,Yes,2025-08-25,2026-08-27
UPDATE,2026-08-27T00:00:00,2026-08-27,PT0137185,LST0137185,AG00506,LOC0094,Condo,5,1.0,2075,2636,1941,569400.0,2024-08-25,Sold,541087.37,2026-08-27,732,345.0,3,No,No,2024-08-25,2026-08-27
UPDATE,2026-08-27T00:00:00,2026-08-27,PT0043890,LST0043890,AG01815,LOC0223,Multi-Family,6,1.0,4463,8212,1916,2456300.0,2023-07-30,Pending,,,19,0.0,2,No,Yes,2023-07-30,2026-08-27
UPDATE,2026-08-27T00:00:00,2026-08-27,PT0559016,LST0559016,AG02788,LOC0203,Single Family,1,4.0,1358,1980,1919,173700.0,2026-08-21,Active,,,0,0.0,3,Yes,No,2026-08-21,2026-08-27
UPDATE,2026-08-27T00:00:00,2026-08-27,PT0179256,LST0179256,AG01594,LOC0117,Single Family,1,1.0,363,5834,1968,224400.0,2025-09-03,Sold,229929.96,2026-08-27,358,0.0,0,No,Yes,2025-09-03,2026-08-27
UPDATE,2026-08-27T00:00:00,2026-08-27,PT0441277,LST0441277,AG01138,LOC0058,Townhouse,4,4.5,1052,1431,1977,232800.0,2024-12-14,Pending,,,120,772.0,1,No,No,2024-12-14,2026-08-27
UPDATE,2026-08-27T00:00:00,2026-08-27,PT0164789,LST0164789,AG01778,LOC0040,Condo,2,2.0,1400,2925,2003,556100.0,2023-02-02,Pending,,,98,269.0,0,No,No,2023-02-02,2026-08-27
UPDATE,2026-08-27T00:00:00,2026-08-27,PT0089657,LST0089657,AG02551,LOC0019,Single Family,5,1.5,1316,7005,2022,200100.0,2025-02-18,Pending,,,126,0.0,2,No,No,2025-02-18,2026-08-27
UPDATE,2026-08-27T00:00:00,2026-08-27,PT0214242,LST0214242,AG01425,LOC0249,Apartment,6,3.5,770,0,1906,433000.0,2024-11-10,Active,,,135,544.0,1,Yes,No,2024-11-10,2026-08-27
UPDATE,2026-08-27T00:00:00,2026-08-27,PT0141017,LST0141017,AG01838,LOC0166,Apartment,5,2.0,1286,0,2003,455900.0,2026-02-22,Pending,,,20,420.0,0,No,No,2026-02-22,2026-08-27
UPDATE,2026-08-27T00:00:00,2026-08-27,PT0281406,LST0281406,AG01569,LOC0074,Single Family,2,1.5,2798,5086,2023,882300.0,2024-03-23,Active,,,101,0.0,0,No,No,2024-03-23,2026-08-27
UPDATE,2026-08-27T00:00:00,2026-08-27,PT0465314,LST0465314,AG01473,LOC0067,Single Family,3,1.5,1705,1893,1944,190500.0,2024-08-26,Sold,194260.66,2026-08-27,731,0.0,1,No,No,2024-08-26,2026-08-27
UPDATE,2026-08-27T00:00:00,2026-08-27,PT0524185,LST0524185,AG02418,LOC0163,Townhouse,4,3.0,2792,2820,1911,1405000.0,2026-07-22,Active,,,0,515.11,0,No,No,2026-07-22,2026-08-27
UPDATE,2026-08-27T00:00:00,2026-08-27,PT0486034,LST0486034,AG00317,LOC0021,Single Family,3,3.5,1996,1504,1951,207700.0,2023-01-07,Sold,193679.76,2026-08-27,1328,0.0,3,No,No,2023-01-07,2026-08-27
UPDATE,2026-08-27T00:00:00,2026-08-27,PT0015669,LST0015669,AG02467,LOC0062,Apartment,2,1.5,980,0,1977,168400.0,2026-04-23,Pending,,,28,247.0,3,No,No,2026-04-23,2026-08-27
UPDATE,2026-08-27T00:00:00,2026-08-27,PT0527450,LST0527450,AG01608,LOC0247,Single Family,1,1.0,607,3404,1939,128700.0,2026-07-24,Active,,,0,0.0,2,No,Yes,2026-07-24,2026-08-27
UPDATE,2026-08-27T00:00:00,2026-08-27,PT0180644,LST0180644,AG00817,LOC0153,Single Family,5,3.5,2297,1539,1980,1135800.0,2023-06-22,Active,,,99,0.0,1,Yes,No,2023-06-22,2026-08-27
UPDATE,2026-08-27T00:00:00,2026-08-27,PT0478003,LST0478003,AG00396,LOC0128,Single Family,2,4.5,1893,1063,1952,583800.0,2024-06-16,Pending,,,3,0.0,3,No,Yes,2024-06-16,2026-08-27
UPDATE,2026-08-27T00:00:00,2026-08-27,PT0017084,LST0017084,AG01361,LOC0002,Townhouse,5,4.0,952,4805,1930,218300.0,2024-07-24,Pending,,,179,93.0,1,No,No,2024-07-24,2026-08-27
UPDATE,2026-08-27T00:00:00,2026-08-27,PT0003977,LST0003977,AG01289,LOC0043,Multi-Family,3,4.0,4767,2076,1927,1041700.0,2024-01-14,Sold,929844.13,2026-08-27,956,0.0,1,No,No,2024-01-14,2026-08-27
UPDATE,2026-08-27T00:00:00,2026-08-27,PT0209014,LST0209014,AG00569,LOC0194,Single Family,4,2.0,1921,5188,1915,1099900.0,2026-05-07,Active,,,76,0.0,1,No,No,2026-05-07,2026-08-27
UPDATE,2026-08-27T00:00:00,2026-08-27,PT0548920,LST0548920,AG02887,LOC0193,Condo,5,4.0,1474,1572,2001,980500.0,2026-08-12,Active,,,0,426.27,2,No,No,2026-08-12,2026-08-27
UPDATE,2026-08-27T00:00:00,2026-08-27,PT0217989,LST0217989,AG02069,LOC0044,Townhouse,5,4.0,1251,7051,1991,227100.0,2023-09-22,Pending,,,37,763.0,3,No,No,2023-09-22,2026-08-27
UPDATE,2026-08-27T00:00:00,2026-08-27,PT0200332,LST0200332,AG00247,LOC0026,Townhouse,2,4.5,2192,1976,1998,915800.0,2026-04-11,Active,,,172,355.0,2,No,No,2026-04-11,2026-08-27
UPDATE,2026-08-27T00:00:00,2026-08-27,PT0331031,LST0331031,AG02264,LOC0224,Townhouse,5,1.5,2408,3787,2000,855500.0,2024-07-31,Active,,,155,762.0,3,No,No,2024-07-31,2026-08-27
UPDATE,2026-08-27T00:00:00,2026-08-27,PT0538372,LST0538372,AG01480,LOC0063,Condo,5,4.0,1070,7370,1997,581500.0,2026-08-03,Sold,557251.63,2026-08-27,24,581.56,1,No,No,2026-08-03,2026-08-27
UPDATE,2026-08-27T00:00:00,2026-08-27,PT0196192,LST0196192,AG01149,LOC0118,Condo,1,3.0,2045,2316,1936,269000.0,2023-10-21,Sold,287068.38,2026-08-27,1041,651.0,0,No,No,2023-10-21,2026-08-27
UPDATE,2026-08-27T00:00:00,2026-08-27,PT0193093,LST0193093,AG02141,LOC0188,Condo,4,1.5,1791,7044,1913,515900.0,2026-06-12,Sold,500415.31,2026-08-27,76,373.0,1,No,No,2026-06-12,2026-08-27
UPDATE,2026-08-27T00:00:00,2026-08-27,PT0070345,LST0070345,AG01790,LOC0130,Single Family,6,3.5,2077,6000,1915,368500.0,2025-12-09,Pending,,,48,0.0,3,No,Yes,2025-12-09,2026-08-27
UPDATE,2026-08-27T00:00:00,2026-08-27,PT0037847,LST0037847,AG00977,LOC0120,Single Family,2,3.0,1555,1551,1976,1088100.0,2024-06-01,Pending,,,144,0.0,1,Yes,No,2024-06-01,2026-08-27
UPDATE,2026-08-27T00:00:00,2026-08-27,PT0326524,LST0326524,AG02958,LOC0153,Single Family,2,1.0,1428,10694,1932,426900.0,2026-02-03,Active,,,177,0.0,2,No,Yes,2026-02-03,2026-08-27
UPDATE,2026-08-27T00:00:00,2026-08-27,PT0235552,LST0235552,AG00771,LOC0242,Single Family,5,3.0,1933,2792,1953,431700.0,2026-03-22,Active,,,41,0.0,1,No,Yes,2026-03-22,2026-08-27
UPDATE,2026-08-27T00:00:00,2026-08-27,PT0242584,LST0242584,AG02645,LOC0133,Single Family,3,2.5,1369,1376,1979,259700.0,2023-07-09,Active,,,154,0.0,1,No,No,2023-07-09,2026-08-27
UPDATE,2026-08-27T00:00:00,2026-08-27,PT0201617,LST0201617,AG02045,LOC0044,Land,0,0.0,8855,3567,2012,3567500.0,2026-03-17,Pending,,,31,0.0,0,No,No,2026-03-17,2026-08-27
UPDATE,2026-08-27T00:00:00,2026-08-27,PT0526791,LST0526791,AG02003,LOC0010,Condo,5,3.5,1890,1383,1935,622100.0,2026-07-24,Pending,,,0,97.45,1,Yes,No,2026-07-24,2026-08-27
UPDATE,2026-08-27T00:00:00,2026-08-27,PT0459566,LST0459566,AG01471,LOC0167,Condo,1,4.5,1304,19112,2009,309200.0,2025-09-14,Pending,,,120,569.0,2,No,No,2025-09-14,2026-08-27
UPDATE,2026-08-27T00:00:00,2026-08-27,PT0189775,LST0189775,AG02069,LOC0046,Condo,2,4.5,1657,5136,1939,393600.0,2024-09-08,Active,,,59,196.0,2,No,No,2024-09-08,2026-08-27
UPDATE,2026-08-27T00:00:00,2026-08-27,PT0535196,LST0535196,AG00520,LOC0218,Single Family,4,2.0,2760,4629,1914,345200.0,2026-07-31,Active,,,0,0.0,1,No,No,2026-07-31,2026-08-27
UPDATE,2026-08-27T00:00:00,2026-08-27,PT0378811,LST0378811,AG00945,LOC0049,Multi-Family,1,2.0,983,8046,1901,552900.0,2023-02-04,Active,,,105,0.0,0,No,No,2023-02-04,2026-08-27
UPDATE,2026-08-27T00:00:00,2026-08-27,PT0123010,LST0123010,AG01907,LOC0055,Single Family,5,4.0,1510,5256,2000,153800.0,2026-03-04,Pending,,,124,0.0,3,No,Yes,2026-03-04,2026-08-27
UPDATE,2026-08-27T00:00:00,2026-08-27,PT0354174,LST0354174,AG01653,LOC0061,Single Family,2,2.5,2195,3429,2004,366400.0,2023-05-06,Active,,,81,0.0,1,No,No,2023-05-06,2026-08-27
UPDATE,2026-08-27T00:00:00,2026-08-27,PT0075429,LST0075429,AG00083,LOC0054,Townhouse,6,3.5,2107,3179,2020,577200.0,2024-10-26,Active,,,89,794.0,0,No,No,2024-10-26,2026-08-27
UPDATE,2026-08-27T00:00:00,2026-08-27,PT0495850,LST0495850,AG00123,LOC0020,Single Family,1,2.5,2639,4599,2024,126400.0,2023-03-04,Pending,,,54,0.0,2,No,No,2023-03-04,2026-08-27
UPDATE,2026-08-27T00:00:00,2026-08-27,PT0564977,LST0564977,AG01811,LOC0195,Single Family,1,4.0,393,16776,1906,120000.0,2026-08-26,Active,,,0,0.0,0,No,Yes,2026-08-26,2026-08-27
UPDATE,2026-08-27T00:00:00,2026-08-27,PT0520995,LST0520995,AG01919,LOC0078,Townhouse,5,3.0,653,12363,1989,211600.0,2026-07-19,Active,,,0,247.21,3,No,No,2026-07-19,2026-08-27
UPDATE,2026-08-27T00:00:00,2026-08-27,PT0558943,LST0558943,AG02739,LOC0101,Land,0,0.0,4330,3720,1987,1668500.0,2026-08-21,Sold,1642568.47,2026-08-27,6,0.0,0,No,No,2026-08-21,2026-08-27
UPDATE,2026-08-27T00:00:00,2026-08-27,PT0362930,LST0362930,AG02316,LOC0145,Condo,4,4.5,1225,1107,1929,167900.0,2024-01-22,Pending,,,45,162.0,1,No,No,2024-01-22,2026-08-27
UPDATE,2026-08-27T00:00:00,2026-08-27,PT0411900,LST0411900,AG02038,LOC0239,Multi-Family,1,2.5,2123,3313,2018,416100.0,2024-03-15,Pending,,,42,0.0,2,No,No,2024-03-15,2026-08-27
UPDATE,2026-08-27T00:00:00,2026-08-27,PT0134457,LST0134457,AG02951,LOC0056,Single Family,1,3.5,2926,5482,1987,1225600.0,2025-06-15,Active,,,124,0.0,1,Yes,Yes,2025-06-15,2026-08-27
UPDATE,2026-08-27T00:00:00,2026-08-27,PT0104935,LST0104935,AG02763,LOC0163,Townhouse,6,3.0,2545,9466,1968,1141000.0,2024-12-03,Active,,,17,718.0,2,Yes,No,2024-12-03,2026-08-27
UPDATE,2026-08-27T00:00:00,2026-08-27,PT0055703,LST0055703,AG01354,LOC0009,Condo,1,4.0,792,1635,2003,246900.0,2023-05-05,Pending,,,159,120.0,0,No,No,2023-05-05,2026-08-27
UPDATE,2026-08-27T00:00:00,2026-08-27,PT0375040,LST0375040,AG02567,LOC0250,Single Family,2,4.0,1450,4702,1910,491400.0,2023-04-29,Active,,,154,0.0,1,No,No,2023-04-29,2026-08-27
UPDATE,2026-08-27T00:00:00,2026-08-27,PT0367466,LST0367466,AG00334,LOC0098,Apartment,4,1.5,787,0,1967,164000.0,2023-05-13,Sold,134159.89,2026-08-27,1202,122.0,3,No,No,2023-05-13,2026-08-27
UPDATE,2026-08-27T00:00:00,2026-08-27,PT0392655,LST0392655,AG01882,LOC0059,Single Family,6,1.0,2062,8255,2005,654900.0,2025-08-29,Pending,,,107,0.0,0,No,Yes,2025-08-29,2026-08-27
UPDATE,2026-08-27T00:00:00,2026-08-27,PT0506930,LST0506930,AG00422,LOC0167,Single Family,1,2.0,300,1732,1982,108800.0,2026-07-06,Active,,,0,0.0,2,No,No,2026-07-06,2026-08-27
UPDATE,2026-08-27T00:00:00,2026-08-27,PT0075930,LST0075930,AG00966,LOC0121,Single Family,1,4.5,732,3100,1950,180500.0,2023-11-07,Sold,175331.78,2026-08-27,1024,0.0,1,No,No,2023-11-07,2026-08-27
UPDATE,2026-08-27T00:00:00,2026-08-27,PT0176683,LST0176683,AG01639,LOC0023,Apartment,6,3.5,1223,0,1999,391700.0,2025-11-23,Pending,,,94,263.0,1,No,No,2025-11-23,2026-08-27
UPDATE,2026-08-27T00:00:00,2026-08-27,PT0284485,LST0284485,AG00634,LOC0086,Single Family,4,2.0,2134,4255,1935,222600.0,2025-06-30,Active,,,156,0.0,3,No,No,2025-06-30,2026-08-27
UPDATE,2026-08-27T00:00:00,2026-08-27,PT0387824,LST0387824,AG02557,LOC0107,Condo,2,1.0,2741,1440,1935,490800.0,2024-12-02,Sold,507198.46,2026-08-27,633,680.0,3,No,No,2024-12-02,2026-08-27
UPDATE,2026-08-27T00:00:00,2026-08-27,PT0200153,LST0200153,AG01955,LOC0060,Single Family,4,3.5,389,7261,1957,108600.0,2025-12-12,Pending,,,157,0.0,0,No,Yes,2025-12-12,2026-08-27
UPDATE,2026-08-27T00:00:00,2026-08-27,PT0253546,LST0253546,AG02851,LOC0227,Single Family,4,3.0,2725,17009,1984,672700.0,2023-12-25,Pending,,,159,0.0,1,No,Yes,2023-12-25,2026-08-27
UPDATE,2026-08-27T00:00:00,2026-08-27,PT0270433,LST0270433,AG00808,LOC0130,Apartment,3,4.5,835,0,1979,275400.0,2024-10-03,Pending,,,113,293.0,0,Yes,No,2024-10-03,2026-08-27
UPDATE,2026-08-27T00:00:00,2026-08-27,PT0540343,LST0540343,AG01835,LOC0020,Single Family,3,1.0,2587,4540,1967,831100.0,2026-08-04,Active,,,0,0.0,1,Yes,No,2026-08-04,2026-08-27
UPDATE,2026-08-27T00:00:00,2026-08-27,PT0537295,LST0537295,AG00985,LOC0200,Apartment,3,2.5,1053,0,2006,354100.0,2026-08-02,Pending,,,0,165.06,3,Yes,No,2026-08-02,2026-08-27
UPDATE,2026-08-27T00:00:00,2026-08-27,PT0564793,LST0564793,AG01661,LOC0192,Townhouse,6,4.0,2670,1893,2003,1134900.0,2026-08-26,Active,,,0,513.5,0,No,No,2026-08-26,2026-08-27
UPDATE,2026-08-27T00:00:00,2026-08-27,PT0547270,LST0547270,AG00516,LOC0019,Single Family,1,2.0,1653,1653,1982,231500.0,2026-08-10,Active,,,0,0.0,1,No,No,2026-08-10,2026-08-27
UPDATE,2026-08-27T00:00:00,2026-08-27,PT0553033,LST0553033,AG02637,LOC0144,Land,0,0.0,6207,2490,1907,1944800.0,2026-08-16,Active,,,0,0.0,0,No,No,2026-08-16,2026-08-27
UPDATE,2026-08-27T00:00:00,2026-08-27,PT0497467,LST0497467,AG02390,LOC0131,Land,0,0.0,4840,4504,1974,1554000.0,2023-11-04,Pending,,,158,0.0,0,No,No,2023-11-04,2026-08-27
UPDATE,2026-08-27T00:00:00,2026-08-27,PT0330292,LST0330292,AG02134,LOC0214,Single Family,2,2.5,2182,1052,1972,180200.0,2023-04-19,Sold,174957.0,2026-08-27,1226,0.0,1,Yes,Yes,2023-04-19,2026-08-27
UPDATE,2026-08-27T00:00:00,2026-08-27,PT0404634,LST0404634,AG00547,LOC0008,Single Family,2,2.5,2630,3967,1926,193700.0,2023-11-07,Pending,,,37,0.0,3,No,No,2023-11-07,2026-08-27
UPDATE,2026-08-27T00:00:00,2026-08-27,PT0555336,LST0555336,AG00949,LOC0108,Condo,5,2.0,1128,1804,1984,196000.0,2026-08-18,Sold,193942.73,2026-08-27,9,54.62,2,No,No,2026-08-18,2026-08-27
UPDATE,2026-08-27T00:00:00,2026-08-27,PT0227522,LST0227522,AG02533,LOC0244,Single Family,1,4.0,3298,12900,1972,393300.0,2024-02-22,Active,,,93,0.0,0,No,Yes,2024-02-22,2026-08-27
UPDATE,2026-08-27T00:00:00,2026-08-27,PT0519185,LST0519185,AG00427,LOC0246,Single Family,5,4.0,300,10739,1949,44400.0,2026-07-17,Sold,39282.66,2026-08-27,41,0.0,3,No,No,2026-07-17,2026-08-27
UPDATE,2026-08-27T00:00:00,2026-08-27,PT0344360,LST0344360,AG01603,LOC0142,Single Family,4,3.5,2473,2169,1966,725900.0,2024-06-06,Pending,,,66,0.0,2,Yes,No,2024-06-06,2026-08-27
UPDATE,2026-08-27T00:00:00,2026-08-27,PT0545209,LST0545209,AG00933,LOC0167,Single Family,4,2.0,1475,4778,1936,833400.0,2026-08-09,Pending,,,0,0.0,1,No,Yes,2026-08-09,2026-08-27
UPDATE,2026-08-27T00:00:00,2026-08-27,PT0259376,LST0259376,AG01929,LOC0164,Apartment,3,2.5,537,0,1934,83500.0,2023-09-24,Pending,,,162,192.0,1,No,No,2023-09-24,2026-08-27
UPDATE,2026-08-27T00:00:00,2026-08-27,PT0388795,LST0388795,AG02505,LOC0017,Single Family,3,1.5,1366,5310,1956,793600.0,2024-10-14,Pending,,,15,0.0,1,No,Yes,2024-10-14,2026-08-27
UPDATE,2026-08-27T00:00:00,2026-08-27,PT0380712,LST0380712,AG00371,LOC0020,Single Family,1,2.5,1800,3157,1975,450400.0,2024-10-24,Pending,,,64,0.0,0,No,No,2024-10-24,2026-08-27
UPDATE,2026-08-27T00:00:00,2026-08-27,PT0365621,LST0365621,AG01654,LOC0024,Single Family,2,2.5,2812,12367,2007,807400.0,2024-03-18,Pending,,,42,0.0,2,No,No,2024-03-18,2026-08-27
UPDATE,2026-08-27T00:00:00,2026-08-27,PT0322537,LST0322537,AG01912,LOC0104,Condo,4,2.5,1645,5816,1977,465200.0,2025-11-27,Sold,435801.59,2026-08-27,273,444.0,1,No,No,2025-11-27,2026-08-27
UPDATE,2026-08-27T00:00:00,2026-08-27,PT0011070,LST0011070,AG00848,LOC0196,Single Family,4,1.0,1159,5062,2013,330800.0,2026-04-09,Pending,,,23,0.0,1,Yes,No,2026-04-09,2026-08-27
UPDATE,2026-08-27T00:00:00,2026-08-27,PT0410339,LST0410339,AG01158,LOC0136,Condo,1,1.5,1938,4824,1913,272800.0,2026-06-22,Sold,299857.59,2026-08-27,66,624.0,0,Yes,No,2026-06-22,2026-08-27
UPDATE,2026-08-27T00:00:00,2026-08-27,PT0068272,LST0068272,AG01592,LOC0229,Multi-Family,2,1.5,2867,5058,2002,543800.0,2025-03-03,Pending,,,138,0.0,0,No,Yes,2025-03-03,2026-08-27
UPDATE,2026-08-27T00:00:00,2026-08-27,PT0418442,LST0418442,AG02685,LOC0159,Single Family,4,3.5,2355,14388,2020,532100.0,2024-09-28,Active,,,172,0.0,1,Yes,No,2024-09-28,2026-08-27
UPDATE,2026-08-27T00:00:00,2026-08-27,PT0127265,LST0127265,AG01225,LOC0207,Single Family,1,4.5,1715,2466,2005,445100.0,2024-07-13,Pending,,,155,0.0,2,Yes,Yes,2024-07-13,2026-08-27
UPDATE,2026-08-27T00:00:00,2026-08-27,PT0253981,LST0253981,AG02316,LOC0103,Condo,6,3.5,1772,7308,1903,449500.0,2026-04-13,Active,,,31,514.0,2,No,No,2026-04-13,2026-08-27
UPDATE,2026-08-27T00:00:00,2026-08-27,PT0001351,LST0001351,AG01400,LOC0089,Single Family,1,2.5,2067,1916,1929,755200.0,2024-10-22,Pending,,,129,0.0,0,No,Yes,2024-10-22,2026-08-27
UPDATE,2026-08-27T00:00:00,2026-08-27,PT0349548,LST0349548,AG00189,LOC0042,Single Family,4,1.0,538,3188,1900,209400.0,2026-01-04,Sold,193858.64,2026-08-27,235,0.0,0,No,No,2026-01-04,2026-08-27
UPDATE,2026-08-27T00:00:00,2026-08-27,PT0516004,LST0516004,AG00084,LOC0069,Condo,4,1.0,2232,3251,1911,803600.0,2026-07-14,Active,,,0,178.58,1,No,No,2026-07-14,2026-08-27
UPDATE,2026-08-27T00:00:00,2026-08-27,PT0162274,LST0162274,AG02830,LOC0209,Single Family,5,1.0,3328,4361,1962,917900.0,2024-05-28,Active,,,158,0.0,0,No,No,2024-05-28,2026-08-27
UPDATE,2026-08-27T00:00:00,2026-08-27,PT0116428,LST0116428,AG02677,LOC0089,Single Family,4,1.0,4110,5296,1921,2220600.0,2024-10-15,Active,,,108,0.0,0,No,Yes,2024-10-15,2026-08-27
UPDATE,2026-08-27T00:00:00,2026-08-27,PT0210361,LST0210361,AG01418,LOC0231,Townhouse,3,2.0,399,9627,1909,43900.0,2026-05-09,Active,,,166,793.0,1,No,No,2026-05-09,2026-08-27
UPDATE,2026-08-27T00:00:00,2026-08-27,PT0512676,LST0512676,AG00082,LOC0020,Condo,5,1.0,1675,6113,1978,215900.0,2026-07-11,Sold,202586.92,2026-08-27,47,588.68,3,No,No,2026-07-11,2026-08-27
UPDATE,2026-08-27T00:00:00,2026-08-27,PT0523236,LST0523236,AG01070,LOC0163,Apartment,2,3.5,1416,0,1957,444400.0,2026-07-21,Active,,,0,61.81,2,Yes,No,2026-07-21,2026-08-27
UPDATE,2026-08-27T00:00:00,2026-08-27,PT0522634,LST0522634,AG01167,LOC0068,Single Family,3,4.0,2697,4117,1966,600800.0,2026-07-20,Active,,,0,0.0,3,No,Yes,2026-07-20,2026-08-27
UPDATE,2026-08-27T00:00:00,2026-08-27,PT0331305,LST0331305,AG02945,LOC0019,Apartment,2,2.5,1520,0,2020,275600.0,2025-05-18,Active,,,13,131.0,2,No,No,2025-05-18,2026-08-27
UPDATE,2026-08-27T00:00:00,2026-08-27,PT0415540,LST0415540,AG02329,LOC0014,Single Family,5,2.5,1441,7840,1988,410000.0,2024-01-12,Active,,,12,0.0,3,No,No,2024-01-12,2026-08-27
UPDATE,2026-08-27T00:00:00,2026-08-27,PT0501243,LST0501243,AG00511,LOC0055,Single Family,3,4.5,2504,3215,2024,536400.0,2026-07-01,Sold,521988.37,2026-08-27,57,0.0,3,No,No,2026-07-01,2026-08-27
UPDATE,2026-08-27T00:00:00,2026-08-27,PT0253103,LST0253103,AG00784,LOC0100,Condo,6,2.5,1854,2299,1946,404300.0,2025-09-28,Pending,,,118,367.0,3,No,No,2025-09-28,2026-08-27
UPDATE,2026-08-27T00:00:00,2026-08-27,PT0565277,LST0565277,AG02343,LOC0015,Single Family,1,2.0,2137,13731,1920,388700.0,2026-08-27,Sold,372646.07,2026-08-27,0,0.0,2,No,No,2026-08-27,2026-08-27
UPDATE,2026-08-27T00:00:00,2026-08-27,PT0510012,LST0510012,AG01387,LOC0033,Single Family,2,1.5,2297,1325,1920,542200.0,2026-07-09,Pending,,,0,0.0,3,Yes,No,2026-07-09,2026-08-27
UPDATE,2026-08-27T00:00:00,2026-08-27,PT0509014,LST0509014,AG01431,LOC0038,Single Family,6,1.5,1720,1196,1987,663600.0,2026-07-08,Pending,,,0,0.0,0,No,No,2026-07-08,2026-08-27
UPDATE,2026-08-27T00:00:00,2026-08-27,PT0273586,LST0273586,AG02249,LOC0175,Single Family,2,3.5,1761,9541,1969,511000.0,2024-04-15,Sold,454245.88,2026-08-27,864,0.0,2,No,Yes,2024-04-15,2026-08-27
UPDATE,2026-08-27T00:00:00,2026-08-27,PT0223675,LST0223675,AG00701,LOC0250,Condo,4,4.5,1269,3928,2011,292800.0,2024-07-02,Pending,,,162,385.0,2,No,No,2024-07-02,2026-08-27
UPDATE,2026-08-27T00:00:00,2026-08-27,PT0536373,LST0536373,AG00274,LOC0068,Single Family,1,3.0,2292,1517,2014,1069500.0,2026-08-01,Pending,,,0,0.0,1,Yes,No,2026-08-01,2026-08-27
UPDATE,2026-08-27T00:00:00,2026-08-27,PT0161291,LST0161291,AG02166,LOC0002,Condo,2,3.0,3027,14769,1948,796500.0,2023-03-10,Pending,,,15,80.0,2,Yes,No,2023-03-10,2026-08-27
UPDATE,2026-08-27T00:00:00,2026-08-27,PT0259381,LST0259381,AG00710,LOC0105,Condo,2,1.0,2636,2259,1969,407800.0,2025-05-06,Pending,,,148,618.0,0,Yes,No,2025-05-06,2026-08-27
UPDATE,2026-08-27T00:00:00,2026-08-27,PT0485648,LST0485648,AG00247,LOC0008,Apartment,2,4.0,1394,0,1959,237900.0,2023-04-08,Active,,,152,54.0,2,No,No,2023-04-08,2026-08-27
UPDATE,2026-08-27T00:00:00,2026-08-27,PT0336006,LST0336006,AG00435,LOC0137,Condo,2,4.5,2456,6534,1912,1165500.0,2026-02-06,Active,,,174,454.0,0,No,No,2026-02-06,2026-08-27
UPDATE,2026-08-27T00:00:00,2026-08-27,PT0565663,LST0565663,AG01490,LOC0055,Single Family,1,2.5,3470,1318,1994,500700.0,2026-08-27,Sold,487861.75,2026-08-27,0,0.0,2,Yes,No,2026-08-27,2026-08-27
UPDATE,2026-08-27T00:00:00,2026-08-27,PT0171068,LST0171068,AG02672,LOC0248,Condo,3,4.5,1860,14192,1967,355500.0,2025-05-26,Pending,,,73,391.0,1,Yes,No,2025-05-26,2026-08-27
UPDATE,2026-08-27T00:00:00,2026-08-27,PT0287612,LST0287612,AG02094,LOC0028,Single Family,6,2.5,1666,1515,1990,76700.0,2026-02-16,Sold,73143.11,2026-08-27,192,0.0,2,Yes,No,2026-02-16,2026-08-27
UPDATE,2026-08-27T00:00:00,2026-08-27,PT0364139,LST0364139,AG01088,LOC0183,Single Family,6,4.0,1473,2201,1943,221600.0,2023-03-11,Pending,,,19,0.0,2,No,No,2023-03-11,2026-08-27
UPDATE,2026-08-27T00:00:00,2026-08-27,PT0438140,LST0438140,AG02176,LOC0237,Multi-Family,2,3.0,783,1136,1914,82200.0,2025-03-07,Sold,78233.19,2026-08-27,538,0.0,3,No,Yes,2025-03-07,2026-08-27
UPDATE,2026-08-27T00:00:00,2026-08-27,PT0205906,LST0205906,AG02438,LOC0149,Multi-Family,4,3.5,2011,2429,1908,564400.0,2025-08-31,Active,,,45,0.0,2,No,No,2025-08-31,2026-08-27
UPDATE,2026-08-27T00:00:00,2026-08-27,PT0309705,LST0309705,AG02239,LOC0175,Apartment,5,1.0,1082,0,1903,230900.0,2024-12-26,Sold,222603.3,2026-08-27,609,594.0,0,No,No,2024-12-26,2026-08-27
UPDATE,2026-08-27T00:00:00,2026-08-27,PT0439698,LST0439698,AG01031,LOC0047,Condo,3,3.0,2415,6656,1920,667000.0,2023-08-29,Pending,,,23,172.0,1,No,No,2023-08-29,2026-08-27
UPDATE,2026-08-27T00:00:00,2026-08-27,PT0163495,LST0163495,AG00261,LOC0023,Townhouse,2,1.5,2395,4398,1971,490100.0,2025-04-10,Active,,,75,456.0,3,No,No,2025-04-10,2026-08-27
UPDATE,2026-08-27T00:00:00,2026-08-27,PT0217807,LST0217807,AG01620,LOC0024,Single Family,4,4.0,2395,12237,2007,1163700.0,2024-07-27,Pending,,,22,0.0,0,Yes,Yes,2024-07-27,2026-08-27
UPDATE,2026-08-27T00:00:00,2026-08-27,PT0414563,LST0414563,AG02789,LOC0230,Condo,3,4.0,2324,9312,2018,1092200.0,2023-04-16,Active,,,101,603.0,0,No,No,2023-04-16,2026-08-27
UPDATE,2026-08-27T00:00:00,2026-08-27,PT0556850,LST0556850,AG02609,LOC0038,Townhouse,2,2.5,2573,7056,2023,877500.0,2026-08-20,Active,,,0,593.01,1,No,No,2026-08-20,2026-08-27
UPDATE,2026-08-27T00:00:00,2026-08-27,PT0260415,LST0260415,AG00107,LOC0052,Single Family,3,4.0,450,4617,1933,79100.0,2025-06-29,Active,,,148,0.0,1,No,Yes,2025-06-29,2026-08-27
UPDATE,2026-08-27T00:00:00,2026-08-27,PT0359280,LST0359280,AG00085,LOC0120,Condo,4,4.5,2277,3837,1918,671600.0,2026-01-25,Pending,,,47,330.0,3,No,No,2026-01-25,2026-08-27
UPDATE,2026-08-27T00:00:00,2026-08-27,PT0545813,LST0545813,AG01296,LOC0084,Apartment,1,4.5,553,0,1959,87800.0,2026-08-09,Active,,,0,214.77,1,No,No,2026-08-09,2026-08-27
UPDATE,2026-08-27T00:00:00,2026-08-27,PT0186317,LST0186317,AG01600,LOC0246,Single Family,5,1.0,1502,5277,1916,389000.0,2025-03-18,Pending,,,101,0.0,1,Yes,No,2025-03-18,2026-08-27
UPDATE,2026-08-27T00:00:00,2026-08-27,PT0018872,LST0018872,AG01793,LOC0036,Condo,1,3.0,2053,1917,1999,1030600.0,2024-08-27,Pending,,,161,664.0,0,No,No,2024-08-27,2026-08-27
UPDATE,2026-08-27T00:00:00,2026-08-27,PT0169197,LST0169197,AG02474,LOC0089,Single Family,3,2.5,1137,7368,1994,461200.0,2023-03-10,Pending,,,82,0.0,3,No,Yes,2023-03-10,2026-08-27
UPDATE,2026-08-27T00:00:00,2026-08-27,PT0464472,LST0464472,AG00541,LOC0013,Multi-Family,4,2.0,2377,3201,1993,325400.0,2025-03-21,Pending,,,146,0.0,1,No,Yes,2025-03-21,2026-08-27
UPDATE,2026-08-27T00:00:00,2026-08-27,PT0341083,LST0341083,AG00340,LOC0056,Townhouse,3,3.0,2145,1072,1998,906900.0,2025-12-19,Active,,,47,362.0,0,No,No,2025-12-19,2026-08-27
UPDATE,2026-08-27T00:00:00,2026-08-27,PT0177216,LST0177216,AG02050,LOC0089,Apartment,3,2.0,1269,0,1941,643100.0,2023-08-05,Pending,,,62,644.0,2,No,No,2023-08-05,2026-08-27
UPDATE,2026-08-27T00:00:00,2026-08-27,PT0356998,LST0356998,AG02005,LOC0221,Condo,1,3.5,300,7585,1905,48900.0,2025-04-19,Active,,,176,301.0,3,No,No,2025-04-19,2026-08-27
UPDATE,2026-08-27T00:00:00,2026-08-27,PT0396125,LST0396125,AG01700,LOC0068,Single Family,4,1.0,1718,3146,1927,325000.0,2023-11-08,Pending,,,59,0.0,3,No,No,2023-11-08,2026-08-27
UPDATE,2026-08-27T00:00:00,2026-08-27,PT0143513,LST0143513,AG01399,LOC0097,Townhouse,2,3.5,2076,6719,2012,768000.0,2025-02-25,Sold,775207.99,2026-08-27,548,389.0,3,No,No,2025-02-25,2026-08-27
UPDATE,2026-08-27T00:00:00,2026-08-27,PT0423589,LST0423589,AG01883,LOC0020,Land,0,0.0,1274,9818,1921,63900.0,2025-12-15,Active,,,38,0.0,0,No,No,2025-12-15,2026-08-27
UPDATE,2026-08-27T00:00:00,2026-08-27,PT0203573,LST0203573,AG00228,LOC0132,Apartment,3,2.5,1059,0,2023,145200.0,2025-09-16,Pending,,,55,249.0,1,No,No,2025-09-16,2026-08-27
UPDATE,2026-08-27T00:00:00,2026-08-27,PT0328629,LST0328629,AG00263,LOC0152,Single Family,2,4.5,2113,7041,1968,252100.0,2026-06-01,Active,,,161,0.0,1,No,No,2026-06-01,2026-08-27
UPDATE,2026-08-27T00:00:00,2026-08-27,PT0162050,LST0162050,AG01372,LOC0011,Single Family,1,2.0,1181,6036,1978,648300.0,2024-05-14,Active,,,34,0.0,2,No,No,2024-05-14,2026-08-27
UPDATE,2026-08-27T00:00:00,2026-08-27,PT0321672,LST0321672,AG01888,LOC0074,Single Family,5,4.5,2366,6151,2015,1043000.0,2024-03-10,Sold,1122103.09,2026-08-27,900,0.0,1,No,No,2024-03-10,2026-08-27
UPDATE,2026-08-27T00:00:00,2026-08-27,PT0340201,LST0340201,AG00648,LOC0155,Condo,2,2.5,1588,5903,1981,349900.0,2023-08-07,Sold,315799.29,2026-08-27,1116,117.0,2,No,No,2023-08-07,2026-08-27
UPDATE,2026-08-27T00:00:00,2026-08-27,PT0397596,LST0397596,AG00728,LOC0142,Multi-Family,6,4.0,3356,3154,1949,1317700.0,2024-07-20,Pending,,,113,0.0,1,No,Yes,2024-07-20,2026-08-27
UPDATE,2026-08-27T00:00:00,2026-08-27,PT0540400,LST0540400,AG02441,LOC0097,Apartment,4,4.5,930,0,1996,313700.0,2026-08-04,Sold,308366.95,2026-08-27,23,709.68,0,No,No,2026-08-04,2026-08-27
UPDATE,2026-08-27T00:00:00,2026-08-27,PT0449489,LST0449489,AG00274,LOC0048,Townhouse,2,2.5,2180,1030,1922,827200.0,2023-09-28,Sold,743135.01,2026-08-27,1064,199.0,0,No,No,2023-09-28,2026-08-27
UPDATE,2026-08-27T00:00:00,2026-08-27,PT0460397,LST0460397,AG01105,LOC0191,Condo,4,3.0,1803,10211,1960,471500.0,2024-08-31,Active,,,9,274.0,1,No,No,2024-08-31,2026-08-27
UPDATE,2026-08-27T00:00:00,2026-08-27,PT0544100,LST0544100,AG00067,LOC0066,Condo,6,1.0,1897,2552,1948,558700.0,2026-08-08,Sold,602076.28,2026-08-27,19,156.27,1,No,No,2026-08-08,2026-08-27
UPDATE,2026-08-27T00:00:00,2026-08-27,PT0310801,LST0310801,AG01732,LOC0240,Single Family,4,1.0,2572,9329,1993,879800.0,2026-02-05,Active,,,160,0.0,1,Yes,Yes,2026-02-05,2026-08-27
UPDATE,2026-08-27T00:00:00,2026-08-27,PT0438882,LST0438882,AG01216,LOC0059,Apartment,1,1.5,1057,0,1900,229800.0,2026-03-09,Sold,234507.92,2026-08-27,171,536.0,0,Yes,No,2026-03-09,2026-08-27
UPDATE,2026-08-27T00:00:00,2026-08-27,PT0549836,LST0549836,AG01108,LOC0107,Townhouse,6,3.5,2004,4846,2009,377000.0,2026-08-13,Sold,358881.39,2026-08-27,14,212.49,0,No,No,2026-08-13,2026-08-27
UPDATE,2026-08-27T00:00:00,2026-08-27,PT0011833,LST0011833,AG02689,LOC0173,Single Family,5,1.5,1939,3519,1975,462700.0,2026-01-18,Active,,,3,0.0,1,No,Yes,2026-01-18,2026-08-27
UPDATE,2026-08-27T00:00:00,2026-08-27,PT0176621,LST0176621,AG00565,LOC0065,Single Family,3,1.5,1441,2895,1943,115400.0,2023-05-22,Active,,,111,0.0,0,No,No,2023-05-22,2026-08-27
UPDATE,2026-08-27T00:00:00,2026-08-27,PT0248208,LST0248208,AG01145,LOC0080,Multi-Family,5,2.0,3551,1291,1920,1547500.0,2024-02-06,Pending,,,147,0.0,0,No,No,2024-02-06,2026-08-27
UPDATE,2026-08-27T00:00:00,2026-08-27,PT0276966,LST0276966,AG01131,LOC0189,Condo,6,1.5,2342,17639,1901,960300.0,2025-11-11,Active,,,157,394.0,2,No,No,2025-11-11,2026-08-27
UPDATE,2026-08-27T00:00:00,2026-08-27,PT0147381,LST0147381,AG01271,LOC0213,Condo,1,1.0,2635,16008,1991,618100.0,2023-09-16,Sold,558964.47,2026-08-27,1076,675.0,0,Yes,No,2023-09-16,2026-08-27
UPDATE,2026-08-27T00:00:00,2026-08-27,PT0241101,LST0241101,AG00036,LOC0127,Land,0,0.0,4393,6697,1946,997900.0,2023-03-11,Pending,,,13,0.0,0,No,No,2023-03-11,2026-08-27
UPDATE,2026-08-27T00:00:00,2026-08-27,PT0458276,LST0458276,AG00842,LOC0021,Apartment,2,4.5,1170,0,1988,155900.0,2023-01-25,Pending,,,60,597.0,2,No,No,2023-01-25,2026-08-27
UPDATE,2026-08-27T00:00:00,2026-08-27,PT0075128,LST0075128,AG01234,LOC0062,Condo,4,4.0,1703,2463,1937,490300.0,2023-10-02,Active,,,25,691.0,3,No,No,2023-10-02,2026-08-27
UPDATE,2026-08-27T00:00:00,2026-08-27,PT0101186,LST0101186,AG02957,LOC0020,Condo,6,3.5,1754,3976,2013,509600.0,2026-02-11,Sold,528074.16,2026-08-27,197,426.0,0,No,No,2026-02-11,2026-08-27
UPDATE,2026-08-27T00:00:00,2026-08-27,PT0483734,LST0483734,AG01846,LOC0173,Single Family,5,4.0,1126,2696,2004,227000.0,2026-02-06,Pending,,,101,0.0,3,No,No,2026-02-06,2026-08-27
UPDATE,2026-08-27T00:00:00,2026-08-27,PT0471100,LST0471100,AG00518,LOC0195,Single Family,5,3.5,2091,1446,1901,544500.0,2025-08-04,Sold,532728.04,2026-08-27,388,0.0,2,No,Yes,2025-08-04,2026-08-27
UPDATE,2026-08-27T00:00:00,2026-08-27,PT0222840,LST0222840,AG00756,LOC0204,Condo,4,2.0,459,5480,1974,306600.0,2025-05-30,Active,,,138,392.0,2,No,No,2025-05-30,2026-08-27
UPDATE,2026-08-27T00:00:00,2026-08-27,PT0524748,LST0524748,AG02711,LOC0084,Condo,3,3.5,1956,5671,1969,503600.0,2026-07-22,Active,,,0,159.63,2,No,No,2026-07-22,2026-08-27
UPDATE,2026-08-27T00:00:00,2026-08-27,PT0116889,LST0116889,AG01732,LOC0041,Single Family,5,1.0,1922,5144,1918,562900.0,2025-10-03,Pending,,,166,0.0,0,No,Yes,2025-10-03,2026-08-27
UPDATE,2026-08-27T00:00:00,2026-08-27,PT0540707,LST0540707,AG02261,LOC0069,Single Family,3,2.5,437,3943,1922,91900.0,2026-08-04,Active,,,0,0.0,2,No,Yes,2026-08-04,2026-08-27
UPDATE,2026-08-27T00:00:00,2026-08-27,PT0008160,LST0008160,AG00979,LOC0132,Single Family,3,2.5,1793,7750,2022,301600.0,2024-09-29,Sold,286229.31,2026-08-27,697,0.0,3,Yes,Yes,2024-09-29,2026-08-27
UPDATE,2026-08-27T00:00:00,2026-08-27,PT0047856,LST0047856,AG01071,LOC0040,Condo,6,2.5,582,2493,1906,205900.0,2026-05-19,Pending,,,14,236.0,2,No,No,2026-05-19,2026-08-27
UPDATE,2026-08-27T00:00:00,2026-08-27,PT0495819,LST0495819,AG01508,LOC0014,Apartment,6,1.0,1676,0,1967,582200.0,2025-10-10,Sold,543102.77,2026-08-27,321,412.0,1,No,No,2025-10-10,2026-08-27
UPDATE,2026-08-27T00:00:00,2026-08-27,PT0105017,LST0105017,AG01463,LOC0072,Townhouse,2,1.0,588,26674,1970,96500.0,2025-03-26,Sold,91116.65,2026-08-27,519,269.0,3,No,No,2025-03-26,2026-08-27
UPDATE,2026-08-27T00:00:00,2026-08-27,PT0495497,LST0495497,AG00794,LOC0124,Multi-Family,3,3.0,3352,2000,1992,1736100.0,2023-10-08,Active,,,60,0.0,1,No,No,2023-10-08,2026-08-27
UPDATE,2026-08-27T00:00:00,2026-08-27,PT0431313,LST0431313,AG00736,LOC0085,Townhouse,4,2.5,592,6555,1948,112200.0,2025-01-29,Sold,112281.09,2026-08-27,575,315.0,2,No,No,2025-01-29,2026-08-27
UPDATE,2026-08-27T00:00:00,2026-08-27,PT0543159,LST0543159,AG01081,LOC0051,Single Family,3,1.0,3124,4095,2024,722900.0,2026-08-07,Pending,,,0,0.0,1,No,Yes,2026-08-07,2026-08-27
UPDATE,2026-08-27T00:00:00,2026-08-27,PT0037776,LST0037776,AG01877,LOC0197,Apartment,6,4.5,758,0,1980,348500.0,2023-05-21,Sold,364101.64,2026-08-27,1194,170.0,3,No,No,2023-05-21,2026-08-27
UPDATE,2026-08-27T00:00:00,2026-08-27,PT0199849,LST0199849,AG01680,LOC0039,Condo,2,4.0,1560,1157,1924,454900.0,2024-06-22,Sold,435515.66,2026-08-27,796,276.0,3,No,No,2024-06-22,2026-08-27
UPDATE,2026-08-27T00:00:00,2026-08-27,PT0223534,LST0223534,AG02221,LOC0094,Condo,3,3.5,2087,2134,1955,667000.0,2023-02-03,Sold,637974.42,2026-08-27,1301,751.0,0,No,No,2023-02-03,2026-08-27
UPDATE,2026-08-27T00:00:00,2026-08-27,PT0440242,LST0440242,AG01984,LOC0198,Townhouse,6,2.5,1296,3516,1981,206500.0,2026-06-01,Pending,,,117,763.0,0,No,No,2026-06-01,2026-08-27
UPDATE,2026-08-27T00:00:00,2026-08-27,PT0226743,LST0226743,AG01896,LOC0039,Apartment,1,2.5,552,0,1982,174900.0,2025-09-15,Sold,164959.67,2026-08-27,346,526.0,0,Yes,No,2025-09-15,2026-08-27
UPDATE,2026-08-27T00:00:00,2026-08-27,PT0307680,LST0307680,AG00301,LOC0248,Single Family,1,2.5,931,5650,1963,225600.0,2025-03-26,Pending,,,54,0.0,2,Yes,Yes,2025-03-26,2026-08-27
UPDATE,2026-08-27T00:00:00,2026-08-27,PT0295507,LST0295507,AG00193,LOC0108,Single Family,5,3.0,1931,2974,1938,256400.0,2025-04-15,Pending,,,43,0.0,1,Yes,No,2025-04-15,2026-08-27
UPDATE,2026-08-27T00:00:00,2026-08-27,PT0429662,LST0429662,AG01047,LOC0016,Single Family,4,2.5,1956,3902,1973,631400.0,2023-04-19,Pending,,,92,0.0,1,No,No,2023-04-19,2026-08-27
UPDATE,2026-08-27T00:00:00,2026-08-27,PT0329546,LST0329546,AG00313,LOC0158,Condo,6,3.0,2532,2797,1996,891700.0,2025-03-07,Pending,,,25,445.0,0,No,No,2025-03-07,2026-08-27
UPDATE,2026-08-27T00:00:00,2026-08-27,PT0072535,LST0072535,AG01119,LOC0245,Condo,1,2.5,2757,5345,1962,472900.0,2023-06-09,Active,,,91,405.0,3,No,No,2023-06-09,2026-08-27
UPDATE,2026-08-27T00:00:00,2026-08-27,PT0469925,LST0469925,AG00779,LOC0141,Apartment,6,1.0,746,0,1977,201700.0,2023-10-29,Active,,,91,170.0,1,No,No,2023-10-29,2026-08-27
UPDATE,2026-08-27T00:00:00,2026-08-27,PT0239998,LST0239998,AG01039,LOC0034,Townhouse,6,4.0,731,8139,1971,426300.0,2025-01-04,Active,,,94,586.0,1,No,No,2025-01-04,2026-08-27
UPDATE,2026-08-27T00:00:00,2026-08-27,PT0506203,LST0506203,AG02837,LOC0110,Townhouse,3,3.0,1117,12285,1974,231500.0,2026-07-06,Pending,,,0,732.73,3,No,No,2026-07-06,2026-08-27
UPDATE,2026-08-27T00:00:00,2026-08-27,PT0059974,LST0059974,AG01217,LOC0088,Multi-Family,5,2.5,1351,6815,1964,197600.0,2025-05-25,Sold,193174.01,2026-08-27,459,0.0,1,No,Yes,2025-05-25,2026-08-27
UPDATE,2026-08-27T00:00:00,2026-08-27,PT0125664,LST0125664,AG02400,LOC0202,Condo,6,1.5,1948,2278,1973,548000.0,2023-12-26,Active,,,92,372.0,0,No,No,2023-12-26,2026-08-27
UPDATE,2026-08-27T00:00:00,2026-08-27,PT0565054,LST0565054,AG00376,LOC0228,Land,0,0.0,6091,2333,1962,1416900.0,2026-08-26,Active,,,0,0.0,0,No,No,2026-08-26,2026-08-27
UPDATE,2026-08-27T00:00:00,2026-08-27,PT0522321,LST0522321,AG02222,LOC0150,Single Family,1,2.5,1939,2847,1971,633200.0,2026-07-20,Sold,657482.28,2026-08-27,38,0.0,3,No,No,2026-07-20,2026-08-27
UPDATE,2026-08-27T00:00:00,2026-08-27,PT0543028,LST0543028,AG02733,LOC0096,Condo,4,3.5,1994,5726,1929,778500.0,2026-08-07,Active,,,0,510.6,1,Yes,No,2026-08-07,2026-08-27
UPDATE,2026-08-27T00:00:00,2026-08-27,PT0397127,LST0397127,AG02250,LOC0215,Condo,5,4.5,2188,2121,1965,643600.0,2025-08-14,Pending,,,15,584.0,3,No,No,2025-08-14,2026-08-27
UPDATE,2026-08-27T00:00:00,2026-08-27,PT0012931,LST0012931,AG01293,LOC0179,Condo,2,4.0,1428,1802,1931,219900.0,2023-10-17,Pending,,,135,601.0,2,No,No,2023-10-17,2026-08-27
UPDATE,2026-08-27T00:00:00,2026-08-27,PT0216662,LST0216662,AG01051,LOC0169,Single Family,2,1.0,2895,5074,2019,916800.0,2023-04-11,Pending,,,69,0.0,1,No,Yes,2023-04-11,2026-08-27
UPDATE,2026-08-27T00:00:00,2026-08-27,PT0028445,LST0028445,AG01432,LOC0163,Single Family,2,3.5,1774,15044,2019,779800.0,2026-05-14,Active,,,155,0.0,2,No,Yes,2026-05-14,2026-08-27
UPDATE,2026-08-27T00:00:00,2026-08-27,PT0561103,LST0561103,AG02591,LOC0013,Single Family,2,4.5,1833,2622,1904,269300.0,2026-08-23,Active,,,0,0.0,2,No,Yes,2026-08-23,2026-08-27
UPDATE,2026-08-27T00:00:00,2026-08-27,PT0065309,LST0065309,AG00286,LOC0202,Single Family,6,1.5,2109,1837,1951,678200.0,2025-10-14,Pending,,,70,0.0,2,No,Yes,2025-10-14,2026-08-27
UPDATE,2026-08-27T00:00:00,2026-08-27,PT0064106,LST0064106,AG02513,LOC0068,Condo,2,4.0,1313,8683,1967,403000.0,2025-08-14,Pending,,,122,796.0,3,No,No,2025-08-14,2026-08-27
UPDATE,2026-08-27T00:00:00,2026-08-27,PT0504524,LST0504524,AG00343,LOC0009,Single Family,6,2.0,1948,4656,1957,593200.0,2026-07-04,Active,,,0,0.0,1,No,No,2026-07-04,2026-08-27
UPDATE,2026-08-27T00:00:00,2026-08-27,PT0360769,LST0360769,AG01754,LOC0039,Apartment,2,2.5,1045,0,1956,217600.0,2025-11-17,Pending,,,75,488.0,0,No,No,2025-11-17,2026-08-27
UPDATE,2026-08-27T00:00:00,2026-08-27,PT0405128,LST0405128,AG00019,LOC0137,Single Family,6,2.5,2371,1547,1983,655300.0,2023-12-24,Active,,,62,0.0,3,No,Yes,2023-12-24,2026-08-27
UPDATE,2026-08-27T00:00:00,2026-08-27,PT0344514,LST0344514,AG02291,LOC0206,Single Family,1,1.5,2385,1528,1918,492800.0,2024-07-26,Pending,,,95,0.0,3,No,No,2024-07-26,2026-08-27
UPDATE,2026-08-27T00:00:00,2026-08-27,PT0553328,LST0553328,AG00606,LOC0208,Multi-Family,2,3.0,3341,3255,2017,974000.0,2026-08-16,Active,,,0,0.0,2,No,Yes,2026-08-16,2026-08-27
UPDATE,2026-08-27T00:00:00,2026-08-27,PT0078468,LST0078468,AG00320,LOC0219,Townhouse,4,3.5,1185,3585,1988,418500.0,2023-03-21,Active,,,135,546.0,2,No,No,2023-03-21,2026-08-27
UPDATE,2026-08-27T00:00:00,2026-08-27,PT0236251,LST0236251,AG02393,LOC0074,Single Family,4,1.0,1750,6827,1971,638300.0,2026-05-13,Active,,,35,0.0,3,No,Yes,2026-05-13,2026-08-27
UPDATE,2026-08-27T00:00:00,2026-08-27,PT0323031,LST0323031,AG00241,LOC0196,Multi-Family,1,3.0,4107,7507,1973,837400.0,2025-02-17,Sold,903253.33,2026-08-27,556,0.0,2,No,No,2025-02-17,2026-08-27
UPDATE,2026-08-27T00:00:00,2026-08-27,PT0060119,LST0060119,AG01940,LOC0238,Single Family,2,1.5,1960,12497,2016,721100.0,2026-06-03,Sold,758732.07,2026-08-27,85,0.0,3,Yes,Yes,2026-06-03,2026-08-27
UPDATE,2026-08-27T00:00:00,2026-08-27,PT0289631,LST0289631,AG01396,LOC0190,Townhouse,6,2.5,3015,5477,1930,619600.0,2026-05-12,Pending,,,96,457.0,3,No,No,2026-05-12,2026-08-27
UPDATE,2026-08-27T00:00:00,2026-08-27,PT0091834,LST0091834,AG00033,LOC0119,Townhouse,6,4.5,2417,6206,1961,580600.0,2026-06-15,Pending,,,134,269.0,1,No,No,2026-06-15,2026-08-27
UPDATE,2026-08-27T00:00:00,2026-08-27,PT0146606,LST0146606,AG01997,LOC0058,Condo,4,3.0,2162,2883,1917,658700.0,2024-01-29,Active,,,11,293.0,0,No,No,2024-01-29,2026-08-27
UPDATE,2026-08-27T00:00:00,2026-08-27,PT0118958,LST0118958,AG02049,LOC0111,Single Family,6,3.5,928,1217,1991,129500.0,2023-01-09,Pending,,,8,0.0,0,No,No,2023-01-09,2026-08-27
UPDATE,2026-08-27T00:00:00,2026-08-27,PT0019633,LST0019633,AG00064,LOC0059,Single Family,1,1.5,1690,3693,1945,191100.0,2025-05-24,Pending,,,10,0.0,3,No,No,2025-05-24,2026-08-27
UPDATE,2026-08-27T00:00:00,2026-08-27,PT0120112,LST0120112,AG02291,LOC0076,Single Family,6,2.0,1425,3750,1979,216600.0,2025-07-08,Active,,,145,0.0,1,No,No,2025-07-08,2026-08-27
UPDATE,2026-08-27T00:00:00,2026-08-27,PT0497915,LST0497915,AG01458,LOC0187,Land,0,0.0,5067,3621,1908,2068600.0,2023-11-19,Pending,,,45,0.0,0,No,No,2023-11-19,2026-08-27
UPDATE,2026-08-27T00:00:00,2026-08-27,PT0254414,LST0254414,AG00112,LOC0234,Single Family,1,1.5,2681,5148,1955,1757500.0,2025-01-07,Pending,,,43,0.0,0,No,No,2025-01-07,2026-08-27
UPDATE,2026-08-27T00:00:00,2026-08-27,PT0546096,LST0546096,AG01052,LOC0237,Single Family,4,4.0,2011,7217,1920,169400.0,2026-08-09,Sold,173572.22,2026-08-27,18,0.0,0,No,No,2026-08-09,2026-08-27
UPDATE,2026-08-27T00:00:00,2026-08-27,PT0302278,LST0302278,AG00833,LOC0130,Multi-Family,1,4.5,3279,4095,1909,1090100.0,2024-06-18,Active,,,39,0.0,2,No,No,2024-06-18,2026-08-27
UPDATE,2026-08-27T00:00:00,2026-08-27,PT0347777,LST0347777,AG02307,LOC0103,Condo,5,3.0,1365,8166,1994,258700.0,2023-04-20,Pending,,,129,328.0,2,No,No,2023-04-20,2026-08-27
UPDATE,2026-08-27T00:00:00,2026-08-27,PT0344761,LST0344761,AG02346,LOC0084,Single Family,6,4.5,1356,14196,2020,586600.0,2025-05-04,Active,,,36,0.0,3,Yes,No,2025-05-04,2026-08-27
UPDATE,2026-08-27T00:00:00,2026-08-27,PT0491748,LST0491748,AG02261,LOC0114,Condo,2,2.5,1799,1729,1900,442200.0,2026-02-02,Active,,,179,562.0,1,No,No,2026-02-02,2026-08-27
UPDATE,2026-08-27T00:00:00,2026-08-27,PT0281347,LST0281347,AG02909,LOC0075,Single Family,2,4.5,1952,3797,1920,100100.0,2024-03-16,Pending,,,168,0.0,0,Yes,Yes,2024-03-16,2026-08-27
UPDATE,2026-08-27T00:00:00,2026-08-27,PT0330212,LST0330212,AG02185,LOC0247,Condo,2,1.5,2196,9214,1954,522000.0,2024-09-06,Active,,,84,296.0,3,No,No,2024-09-06,2026-08-27
UPDATE,2026-08-27T00:00:00,2026-08-27,PT0001354,LST0001354,AG00786,LOC0153,Single Family,3,4.0,1689,2389,1924,437200.0,2024-02-28,Active,,,112,0.0,2,No,Yes,2024-02-28,2026-08-27
UPDATE,2026-08-27T00:00:00,2026-08-27,PT0281472,LST0281472,AG00662,LOC0236,Single Family,2,4.5,3034,9655,1970,311000.0,2024-11-14,Active,,,139,0.0,3,No,No,2024-11-14,2026-08-27
UPDATE,2026-08-27T00:00:00,2026-08-27,PT0447234,LST0447234,AG02051,LOC0207,Multi-Family,5,2.5,4075,5632,1970,829400.0,2024-12-30,Active,,,37,0.0,1,Yes,No,2024-12-30,2026-08-27
UPDATE,2026-08-27T00:00:00,2026-08-27,PT0038871,LST0038871,AG02090,LOC0053,Townhouse,2,4.0,2633,7876,1941,573600.0,2025-10-24,Pending,,,103,482.0,3,No,No,2025-10-24,2026-08-27
UPDATE,2026-08-27T00:00:00,2026-08-27,PT0233774,LST0233774,AG02040,LOC0224,Townhouse,2,1.5,2259,2004,1981,619400.0,2025-03-28,Sold,602148.15,2026-08-27,517,176.0,2,No,No,2025-03-28,2026-08-27
UPDATE,2026-08-27T00:00:00,2026-08-27,PT0548678,LST0548678,AG00992,LOC0061,Townhouse,1,3.0,954,2167,1902,180600.0,2026-08-12,Pending,,,0,543.59,1,Yes,No,2026-08-12,2026-08-27
UPDATE,2026-08-27T00:00:00,2026-08-27,PT0127837,LST0127837,AG02371,LOC0170,Single Family,6,3.0,1971,4663,2011,721300.0,2024-05-24,Active,,,115,0.0,0,No,No,2024-05-24,2026-08-27
UPDATE,2026-08-27T00:00:00,2026-08-27,PT0269369,LST0269369,AG00452,LOC0016,Condo,4,3.5,572,10495,2018,80400.0,2024-05-10,Active,,,179,183.0,3,No,No,2024-05-10,2026-08-27
UPDATE,2026-08-27T00:00:00,2026-08-27,PT0404030,LST0404030,AG00010,LOC0126,Condo,6,1.0,1926,1046,2013,913800.0,2025-02-07,Active,,,14,94.0,2,No,No,2025-02-07,2026-08-27
UPDATE,2026-08-27T00:00:00,2026-08-27,PT0234060,LST0234060,AG01551,LOC0249,Condo,3,4.0,1115,14971,1945,192200.0,2025-05-06,Pending,,,89,605.0,0,Yes,No,2025-05-06,2026-08-27
UPDATE,2026-08-27T00:00:00,2026-08-27,PT0563139,LST0563139,AG00886,LOC0224,Apartment,5,4.0,849,0,1973,407500.0,2026-08-25,Pending,,,0,342.87,2,No,No,2026-08-25,2026-08-27
UPDATE,2026-08-27T00:00:00,2026-08-27,PT0508086,LST0508086,AG02437,LOC0062,Townhouse,4,4.0,2050,7744,1952,431000.0,2026-07-07,Pending,,,0,792.71,2,No,No,2026-07-07,2026-08-27
UPDATE,2026-08-27T00:00:00,2026-08-27,PT0267022,LST0267022,AG02135,LOC0179,Townhouse,1,2.0,3218,9171,1973,270000.0,2023-04-06,Sold,292754.3,2026-08-27,1239,762.0,2,Yes,No,2023-04-06,2026-08-27
UPDATE,2026-08-27T00:00:00,2026-08-27,PT0100684,LST0100684,AG02918,LOC0012,Townhouse,4,4.5,370,5338,1927,109000.0,2026-02-10,Sold,101954.8,2026-08-27,198,53.0,2,Yes,No,2026-02-10,2026-08-27
UPDATE,2026-08-27T00:00:00,2026-08-27,PT0144411,LST0144411,AG00781,LOC0175,Townhouse,5,4.5,1888,3311,1967,512900.0,2024-10-30,Active,,,53,176.0,2,No,No,2024-10-30,2026-08-27
UPDATE,2026-08-27T00:00:00,2026-08-27,PT0171682,LST0171682,AG02252,LOC0010,Townhouse,1,3.5,1141,1159,1947,536200.0,2024-07-14,Pending,,,111,195.0,2,No,No,2024-07-14,2026-08-27
UPDATE,2026-08-27T00:00:00,2026-08-27,PT0322199,LST0322199,AG01133,LOC0034,Single Family,5,4.0,3183,2249,1957,1590200.0,2024-12-22,Pending,,,87,0.0,3,No,Yes,2024-12-22,2026-08-27
UPDATE,2026-08-27T00:00:00,2026-08-27,PT0105345,LST0105345,AG02062,LOC0019,Apartment,3,4.0,1276,0,1918,210800.0,2025-11-27,Active,,,17,709.0,1,No,No,2025-11-27,2026-08-27
UPDATE,2026-08-27T00:00:00,2026-08-27,PT0465110,LST0465110,AG02508,LOC0176,Apartment,2,4.5,1048,0,1983,343400.0,2023-01-10,Pending,,,130,280.0,1,No,No,2023-01-10,2026-08-27
UPDATE,2026-08-27T00:00:00,2026-08-27,PT0038047,LST0038047,AG01003,LOC0199,Single Family,6,3.5,1065,5380,1918,261300.0,2025-01-25,Pending,,,33,0.0,1,No,Yes,2025-01-25,2026-08-27
UPDATE,2026-08-27T00:00:00,2026-08-27,PT0555045,LST0555045,AG00801,LOC0198,Land,0,0.0,4960,2355,1992,598800.0,2026-08-18,Pending,,,0,0.0,0,No,No,2026-08-18,2026-08-27
UPDATE,2026-08-27T00:00:00,2026-08-27,PT0553164,LST0553164,AG00724,LOC0099,Single Family,3,2.0,3253,2403,1940,1202800.0,2026-08-16,Pending,,,0,0.0,0,No,No,2026-08-16,2026-08-27
UPDATE,2026-08-27T00:00:00,2026-08-27,PT0156458,LST0156458,AG00132,LOC0249,Apartment,3,1.5,929,0,1961,344900.0,2025-02-09,Active,,,131,785.0,0,No,No,2025-02-09,2026-08-27
UPDATE,2026-08-27T00:00:00,2026-08-27,PT0472052,LST0472052,AG01049,LOC0220,Single Family,6,4.0,2948,1726,1986,476700.0,2024-12-06,Pending,,,171,0.0,0,No,Yes,2024-12-06,2026-08-27
UPDATE,2026-08-27T00:00:00,2026-08-27,PT0165924,LST0165924,AG00359,LOC0072,Condo,2,2.0,2486,6777,2004,305300.0,2025-10-31,Sold,294087.61,2026-08-27,300,307.0,3,No,No,2025-10-31,2026-08-27
UPDATE,2026-08-27T00:00:00,2026-08-27,PT0035302,LST0035302,AG02437,LOC0011,Condo,2,2.5,1527,15931,1907,884200.0,2025-01-20,Sold,838101.75,2026-08-27,584,254.0,2,No,No,2025-01-20,2026-08-27
UPDATE,2026-08-27T00:00:00,2026-08-27,PT0143851,LST0143851,AG00343,LOC0049,Single Family,2,4.0,2203,3968,2015,638000.0,2024-02-07,Active,,,16,0.0,0,No,No,2024-02-07,2026-08-27
UPDATE,2026-08-27T00:00:00,2026-08-27,PT0303006,LST0303006,AG00330,LOC0005,Single Family,3,2.0,950,9806,1987,265100.0,2023-10-06,Pending,,,17,0.0,2,No,No,2023-10-06,2026-08-27
UPDATE,2026-08-27T00:00:00,2026-08-27,PT0382337,LST0382337,AG00685,LOC0029,Townhouse,1,4.5,1620,1154,1907,316100.0,2023-10-01,Pending,,,29,237.0,3,No,No,2023-10-01,2026-08-27
UPDATE,2026-08-27T00:00:00,2026-08-27,PT0081008,LST0081008,AG02849,LOC0212,Condo,6,3.5,2184,1760,1979,784500.0,2023-03-05,Active,,,100,576.0,0,No,No,2023-03-05,2026-08-27
UPDATE,2026-08-27T00:00:00,2026-08-27,PT0449195,LST0449195,AG01215,LOC0022,Single Family,2,4.0,2687,2480,1961,592100.0,2024-12-21,Pending,,,122,0.0,1,No,No,2024-12-21,2026-08-27
UPDATE,2026-08-27T00:00:00,2026-08-27,PT0563284,LST0563284,AG00318,LOC0111,Multi-Family,6,3.0,6716,3648,1951,540100.0,2026-08-25,Active,,,0,0.0,1,No,No,2026-08-25,2026-08-27
UPDATE,2026-08-27T00:00:00,2026-08-27,PT0503512,LST0503512,AG01069,LOC0131,Multi-Family,1,2.0,3152,1590,1907,419800.0,2026-07-03,Sold,397422.08,2026-08-27,55,0.0,0,No,Yes,2026-07-03,2026-08-27
UPDATE,2026-08-27T00:00:00,2026-08-27,PT0139093,LST0139093,AG00039,LOC0161,Townhouse,3,1.5,732,3482,1972,442600.0,2023-05-15,Sold,438205.73,2026-08-27,1200,420.0,0,Yes,No,2023-05-15,2026-08-27
UPDATE,2026-08-27T00:00:00,2026-08-27,PT0023057,LST0023057,AG01506,LOC0029,Single Family,3,1.5,1161,6629,2014,386100.0,2026-05-13,Active,,,19,0.0,3,No,Yes,2026-05-13,2026-08-27
UPDATE,2026-08-27T00:00:00,2026-08-27,PT0242200,LST0242200,AG02925,LOC0054,Single Family,1,1.5,2335,2596,1910,699000.0,2026-04-02,Pending,,,80,0.0,1,No,No,2026-04-02,2026-08-27
UPDATE,2026-08-27T00:00:00,2026-08-27,PT0267589,LST0267589,AG02903,LOC0035,Condo,2,4.5,1122,7159,1946,91400.0,2023-12-04,Pending,,,148,328.0,3,No,No,2023-12-04,2026-08-27
UPDATE,2026-08-27T00:00:00,2026-08-27,PT0408508,LST0408508,AG02225,LOC0085,Single Family,6,3.5,300,5840,2006,21000.0,2023-05-10,Pending,,,1,0.0,3,No,No,2023-05-10,2026-08-27
UPDATE,2026-08-27T00:00:00,2026-08-27,PT0390525,LST0390525,AG02822,LOC0006,Multi-Family,5,2.5,4575,3630,2003,525300.0,2024-04-10,Active,,,49,0.0,2,No,No,2024-04-10,2026-08-27
UPDATE,2026-08-27T00:00:00,2026-08-27,PT0234537,LST0234537,AG02449,LOC0008,Single Family,2,3.0,1672,1250,1936,242500.0,2023-03-11,Active,,,86,0.0,3,Yes,No,2023-03-11,2026-08-27
UPDATE,2026-08-27T00:00:00,2026-08-27,PT0558483,LST0558483,AG00741,LOC0076,Apartment,2,1.5,1027,0,1901,103700.0,2026-08-21,Sold,92689.61,2026-08-27,6,763.55,0,No,No,2026-08-21,2026-08-27
UPDATE,2026-08-27T00:00:00,2026-08-27,PT0396491,LST0396491,AG00351,LOC0151,Apartment,1,1.5,896,0,1917,395200.0,2025-03-15,Pending,,,131,400.0,1,Yes,No,2025-03-15,2026-08-27
UPDATE,2026-08-27T00:00:00,2026-08-27,PT0379815,LST0379815,AG01603,LOC0150,Single Family,3,4.5,2059,3711,1975,278600.0,2024-05-30,Pending,,,44,0.0,2,No,No,2024-05-30,2026-08-27
UPDATE,2026-08-27T00:00:00,2026-08-27,PT0450926,LST0450926,AG02588,LOC0091,Single Family,4,1.0,1025,3126,1940,398700.0,2026-03-20,Active,,,114,0.0,3,No,No,2026-03-20,2026-08-27
UPDATE,2026-08-27T00:00:00,2026-08-27,PT0528248,LST0528248,AG02888,LOC0145,Single Family,5,3.0,1188,3182,1918,405300.0,2026-07-25,Active,,,0,0.0,0,No,No,2026-07-25,2026-08-27
UPDATE,2026-08-27T00:00:00,2026-08-27,PT0330746,LST0330746,AG01394,LOC0202,Single Family,6,1.5,1816,11247,1990,627300.0,2024-10-09,Active,,,166,0.0,2,No,No,2024-10-09,2026-08-27
UPDATE,2026-08-27T00:00:00,2026-08-27,PT0517612,LST0517612,AG01759,LOC0092,Single Family,2,2.0,1933,4006,1980,237800.0,2026-07-15,Pending,,,0,0.0,3,No,Yes,2026-07-15,2026-08-27
UPDATE,2026-08-27T00:00:00,2026-08-27,PT0376456,LST0376456,AG02737,LOC0064,Single Family,5,3.0,1710,3395,1942,360700.0,2023-02-28,Sold,353943.79,2026-08-27,1276,0.0,0,No,No,2023-02-28,2026-08-27
UPDATE,2026-08-27T00:00:00,2026-08-27,PT0222445,LST0222445,AG01197,LOC0203,Single Family,3,4.0,867,2444,1953,62400.0,2025-06-05,Sold,59994.45,2026-08-27,448,0.0,3,Yes,No,2025-06-05,2026-08-27
UPDATE,2026-08-27T00:00:00,2026-08-27,PT0414040,LST0414040,AG00253,LOC0202,Single Family,1,1.5,1148,1468,1988,269300.0,2023-12-27,Sold,291287.6,2026-08-27,974,0.0,2,No,Yes,2023-12-27,2026-08-27
UPDATE,2026-08-27T00:00:00,2026-08-27,PT0505955,LST0505955,AG01961,LOC0141,Land,0,0.0,6366,4471,1940,939200.0,2026-07-05,Active,,,0,0.0,0,No,No,2026-07-05,2026-08-27
UPDATE,2026-08-27T00:00:00,2026-08-27,PT0489773,LST0489773,AG02475,LOC0226,Single Family,6,2.0,1718,3192,1998,633000.0,2024-01-05,Sold,605561.56,2026-08-27,965,0.0,3,No,No,2024-01-05,2026-08-27
UPDATE,2026-08-27T00:00:00,2026-08-27,PT0549156,LST0549156,AG02510,LOC0177,Single Family,3,4.5,1002,5207,2018,274100.0,2026-08-13,Pending,,,0,0.0,1,No,Yes,2026-08-13,2026-08-27
UPDATE,2026-08-27T00:00:00,2026-08-27,PT0178864,LST0178864,AG00197,LOC0184,Townhouse,1,2.0,897,1914,2001,379800.0,2026-03-19,Pending,,,176,714.0,1,No,No,2026-03-19,2026-08-27
UPDATE,2026-08-27T00:00:00,2026-08-27,PT0271929,LST0271929,AG00188,LOC0046,Condo,5,1.0,3184,6551,1971,539700.0,2023-03-23,Active,,,112,298.0,1,Yes,No,2023-03-23,2026-08-27
UPDATE,2026-08-27T00:00:00,2026-08-27,PT0116566,LST0116566,AG00584,LOC0204,Apartment,6,3.0,1349,0,1970,754300.0,2023-08-30,Pending,,,71,481.0,1,No,No,2023-08-30,2026-08-27
UPDATE,2026-08-27T00:00:00,2026-08-27,PT0102127,LST0102127,AG01086,LOC0184,Condo,3,4.5,861,2930,1904,310200.0,2023-09-25,Pending,,,152,166.0,3,No,No,2023-09-25,2026-08-27
UPDATE,2026-08-27T00:00:00,2026-08-27,PT0557325,LST0557325,AG00848,LOC0148,Single Family,6,1.5,1817,5541,1937,498100.0,2026-08-20,Pending,,,0,0.0,2,Yes,No,2026-08-20,2026-08-27
UPDATE,2026-08-27T00:00:00,2026-08-27,PT0022706,LST0022706,AG02501,LOC0034,Condo,5,1.5,1633,4723,2005,687000.0,2023-03-10,Pending,,,93,367.0,2,No,No,2023-03-10,2026-08-27
UPDATE,2026-08-27T00:00:00,2026-08-27,PT0090067,LST0090067,AG01464,LOC0032,Townhouse,3,3.5,1971,2406,1935,308000.0,2023-08-12,Pending,,,135,771.0,3,No,No,2023-08-12,2026-08-27
UPDATE,2026-08-27T00:00:00,2026-08-27,PT0514877,LST0514877,AG01044,LOC0009,Single Family,4,3.5,841,2391,1904,203400.0,2026-07-13,Active,,,0,0.0,3,No,No,2026-07-13,2026-08-27
UPDATE,2026-08-27T00:00:00,2026-08-27,PT0164665,LST0164665,AG00132,LOC0222,Single Family,3,4.0,2293,5719,2024,464900.0,2023-10-15,Pending,,,155,0.0,0,Yes,No,2023-10-15,2026-08-27
UPDATE,2026-08-27T00:00:00,2026-08-27,PT0067525,LST0067525,AG00553,LOC0086,Condo,2,2.0,1663,11720,2011,392900.0,2023-01-06,Active,,,30,345.0,3,No,No,2023-01-06,2026-08-27
UPDATE,2026-08-27T00:00:00,2026-08-27,PT0411089,LST0411089,AG01414,LOC0193,Townhouse,2,2.5,3207,1799,1959,1155700.0,2026-02-11,Sold,1109730.63,2026-08-27,197,504.0,2,No,No,2026-02-11,2026-08-27
UPDATE,2026-08-27T00:00:00,2026-08-27,PT0527329,LST0527329,AG00218,LOC0037,Single Family,5,4.5,2568,4901,1991,1087500.0,2026-07-24,Active,,,0,0.0,2,Yes,Yes,2026-07-24,2026-08-27
UPDATE,2026-08-27T00:00:00,2026-08-27,PT0510777,LST0510777,AG01834,LOC0019,Single Family,5,1.0,2467,2218,1951,303100.0,2026-07-09,Active,,,0,0.0,0,No,Yes,2026-07-09,2026-08-27
UPDATE,2026-08-27T00:00:00,2026-08-27,PT0564271,LST0564271,AG02806,LOC0036,Single Family,3,1.0,2509,1543,2013,888200.0,2026-08-26,Sold,915363.25,2026-08-27,1,0.0,3,No,Yes,2026-08-26,2026-08-27
UPDATE,2026-08-27T00:00:00,2026-08-27,PT0046701,LST0046701,AG00641,LOC0043,Single Family,5,1.0,2140,2346,1970,229600.0,2023-02-21,Sold,228971.74,2026-08-27,1283,0.0,0,No,Yes,2023-02-21,2026-08-27
UPDATE,2026-08-27T00:00:00,2026-08-27,PT0202717,LST0202717,AG02265,LOC0150,Condo,4,3.0,1869,1389,1981,998700.0,2025-10-04,Pending,,,123,763.0,3,No,No,2025-10-04,2026-08-27
UPDATE,2026-08-27T00:00:00,2026-08-27,PT0479015,LST0479015,AG01593,LOC0244,Condo,1,4.5,2628,4496,1930,662100.0,2025-06-14,Pending,,,125,288.0,2,No,No,2025-06-14,2026-08-27
UPDATE,2026-08-27T00:00:00,2026-08-27,PT0502925,LST0502925,AG02578,LOC0177,Apartment,4,3.5,420,0,1979,176700.0,2026-07-03,Active,,,0,299.53,2,Yes,No,2026-07-03,2026-08-27
UPDATE,2026-08-27T00:00:00,2026-08-27,PT0000031,LST0000031,AG01553,LOC0189,Single Family,6,1.0,1982,9116,1936,427600.0,2023-09-24,Pending,,,94,0.0,1,No,Yes,2023-09-24,2026-08-27
UPDATE,2026-08-27T00:00:00,2026-08-27,PT0291698,LST0291698,AG00188,LOC0056,Multi-Family,1,1.0,4125,12064,1971,781400.0,2024-03-04,Active,,,39,0.0,1,No,Yes,2024-03-04,2026-08-27
UPDATE,2026-08-27T00:00:00,2026-08-27,PT0071987,LST0071987,AG02395,LOC0198,Single Family,1,2.5,1453,2916,1977,136100.0,2025-10-13,Pending,,,45,0.0,3,No,Yes,2025-10-13,2026-08-27
UPDATE,2026-08-27T00:00:00,2026-08-27,PT0362082,LST0362082,AG00574,LOC0013,Condo,2,2.0,794,3692,1990,335700.0,2025-11-28,Pending,,,131,750.0,2,Yes,No,2025-11-28,2026-08-27
UPDATE,2026-08-27T00:00:00,2026-08-27,PT0035819,LST0035819,AG01369,LOC0217,Single Family,4,3.5,1989,1656,1994,191800.0,2025-09-14,Pending,,,73,0.0,0,No,No,2025-09-14,2026-08-27
UPDATE,2026-08-27T00:00:00,2026-08-27,PT0519537,LST0519537,AG00168,LOC0067,Land,0,0.0,7215,1632,2006,1380400.0,2026-07-17,Active,,,0,0.0,0,No,No,2026-07-17,2026-08-27
UPDATE,2026-08-27T00:00:00,2026-08-27,PT0426641,LST0426641,AG00472,LOC0138,Condo,3,2.0,2281,1997,2010,1047800.0,2023-04-27,Pending,,,133,118.0,0,No,No,2023-04-27,2026-08-27
UPDATE,2026-08-27T00:00:00,2026-08-27,PT0041672,LST0041672,AG01720,LOC0195,Single Family,5,4.0,1994,3469,2009,528100.0,2023-09-01,Pending,,,72,0.0,2,No,Yes,2023-09-01,2026-08-27
UPDATE,2026-08-27T00:00:00,2026-08-27,PT0151210,LST0151210,AG03000,LOC0071,Condo,6,3.0,2210,1622,1954,928000.0,2024-07-16,Sold,967881.6,2026-08-27,772,663.0,0,No,No,2024-07-16,2026-08-27
UPDATE,2026-08-27T00:00:00,2026-08-27,PT0534290,LST0534290,AG02176,LOC0075,Single Family,6,2.5,1913,19599,1965,260900.0,2026-07-30,Pending,,,0,0.0,2,No,Yes,2026-07-30,2026-08-27
UPDATE,2026-08-27T00:00:00,2026-08-27,PT0428542,LST0428542,AG02405,LOC0012,Multi-Family,4,2.0,5064,2797,1947,2361900.0,2024-01-30,Sold,2264830.77,2026-08-27,940,0.0,1,No,Yes,2024-01-30,2026-08-27
UPDATE,2026-08-27T00:00:00,2026-08-27,PT0549197,LST0549197,AG01680,LOC0047,Multi-Family,6,4.5,784,7934,1953,162300.0,2026-08-13,Active,,,0,0.0,0,No,No,2026-08-13,2026-08-27
UPDATE,2026-08-27T00:00:00,2026-08-27,PT0164942,LST0164942,AG02265,LOC0215,Apartment,3,4.0,1134,0,2006,239700.0,2025-01-22,Sold,234270.53,2026-08-27,582,693.0,0,No,No,2025-01-22,2026-08-27
UPDATE,2026-08-27T00:00:00,2026-08-27,PT0365372,LST0365372,AG02505,LOC0224,Townhouse,1,3.5,3801,1127,2018,275200.0,2025-08-20,Sold,261595.57,2026-08-27,372,626.0,3,No,No,2025-08-20,2026-08-27
UPDATE,2026-08-27T00:00:00,2026-08-27,PT0401773,LST0401773,AG02915,LOC0073,Multi-Family,4,2.5,2935,8430,1927,1597000.0,2025-11-27,Active,,,132,0.0,3,No,Yes,2025-11-27,2026-08-27
UPDATE,2026-08-27T00:00:00,2026-08-27,PT0345564,LST0345564,AG01829,LOC0121,Single Family,5,4.5,2505,2301,1900,501300.0,2023-04-18,Pending,,,83,0.0,2,No,No,2023-04-18,2026-08-27
UPDATE,2026-08-27T00:00:00,2026-08-27,PT0376572,LST0376572,AG02017,LOC0010,Multi-Family,4,2.0,3804,7369,1906,1004100.0,2025-12-22,Pending,,,5,0.0,1,Yes,Yes,2025-12-22,2026-08-27
UPDATE,2026-08-27T00:00:00,2026-08-27,PT0126439,LST0126439,AG01902,LOC0109,Multi-Family,5,1.5,3003,9616,1916,958900.0,2023-08-13,Sold,961733.84,2026-08-27,1110,0.0,1,No,No,2023-08-13,2026-08-27
UPDATE,2026-08-27T00:00:00,2026-08-27,PT0436091,LST0436091,AG01089,LOC0160,Single Family,5,2.0,2806,1413,1939,876200.0,2023-11-16,Active,,,114,0.0,0,No,Yes,2023-11-16,2026-08-27
UPDATE,2026-08-27T00:00:00,2026-08-27,PT0465944,LST0465944,AG02262,LOC0206,Single Family,1,3.5,1500,3552,2013,486800.0,2023-11-16,Active,,,78,0.0,3,No,No,2023-11-16,2026-08-27
UPDATE,2026-08-27T00:00:00,2026-08-27,PT0157919,LST0157919,AG00881,LOC0147,Multi-Family,4,1.0,4295,4802,1947,855400.0,2025-08-10,Active,,,145,0.0,2,No,Yes,2025-08-10,2026-08-27
UPDATE,2026-08-27T00:00:00,2026-08-27,PT0118236,LST0118236,AG02627,LOC0010,Single Family,2,3.5,1330,4556,1998,618000.0,2024-12-14,Sold,585545.63,2026-08-27,621,0.0,0,No,No,2024-12-14,2026-08-27
UPDATE,2026-08-27T00:00:00,2026-08-27,PT0278096,LST0278096,AG00134,LOC0141,Single Family,6,1.5,1523,3073,1954,232600.0,2026-05-13,Active,,,99,0.0,0,No,No,2026-05-13,2026-08-27
UPDATE,2026-08-27T00:00:00,2026-08-27,PT0292252,LST0292252,AG01380,LOC0157,Single Family,3,4.5,1441,8664,1967,189100.0,2023-10-18,Active,,,137,0.0,0,No,No,2023-10-18,2026-08-27
UPDATE,2026-08-27T00:00:00,2026-08-27,PT0521784,LST0521784,AG01260,LOC0149,Condo,5,4.0,1278,1690,1979,363600.0,2026-07-19,Pending,,,0,183.06,2,No,No,2026-07-19,2026-08-27
UPDATE,2026-08-27T00:00:00,2026-08-27,PT0214451,LST0214451,AG00843,LOC0159,Condo,1,3.0,1806,1134,2008,561300.0,2023-08-05,Pending,,,13,506.0,2,No,No,2023-08-05,2026-08-27
UPDATE,2026-08-27T00:00:00,2026-08-27,PT0214170,LST0214170,AG00549,LOC0249,Single Family,6,2.5,1526,3566,1905,404700.0,2025-07-21,Active,,,139,0.0,1,No,No,2025-07-21,2026-08-27
UPDATE,2026-08-27T00:00:00,2026-08-27,PT0024781,LST0024781,AG00494,LOC0092,Townhouse,1,1.0,1834,5303,1905,371200.0,2023-07-07,Sold,333522.84,2026-08-27,1147,387.0,2,No,No,2023-07-07,2026-08-27
UPDATE,2026-08-27T00:00:00,2026-08-27,PT0176790,LST0176790,AG00024,LOC0012,Multi-Family,2,1.0,4416,1929,1908,1456200.0,2023-08-03,Pending,,,158,0.0,2,No,No,2023-08-03,2026-08-27
UPDATE,2026-08-27T00:00:00,2026-08-27,PT0058991,LST0058991,AG02881,LOC0241,Single Family,3,4.5,2271,3101,1978,345700.0,2024-10-26,Pending,,,147,0.0,2,No,No,2024-10-26,2026-08-27
UPDATE,2026-08-27T00:00:00,2026-08-27,PT0153369,LST0153369,AG00268,LOC0158,Single Family,6,4.5,2202,2687,1916,651900.0,2025-01-20,Pending,,,89,0.0,1,No,Yes,2025-01-20,2026-08-27
UPDATE,2026-08-27T00:00:00,2026-08-27,PT0394878,LST0394878,AG02570,LOC0138,Land,0,0.0,5190,4500,1982,3060800.0,2023-06-05,Active,,,148,0.0,0,No,No,2023-06-05,2026-08-27
UPDATE,2026-08-27T00:00:00,2026-08-27,PT0515158,LST0515158,AG02884,LOC0219,Apartment,1,4.0,816,0,2020,424000.0,2026-07-13,Pending,,,0,781.82,3,No,No,2026-07-13,2026-08-27
UPDATE,2026-08-27T00:00:00,2026-08-27,PT0411762,LST0411762,AG01139,LOC0199,Apartment,4,4.0,707,0,1949,293500.0,2024-11-12,Pending,,,60,355.0,0,No,No,2024-11-12,2026-08-27
UPDATE,2026-08-27T00:00:00,2026-08-27,PT0540885,LST0540885,AG01681,LOC0069,Townhouse,6,1.0,871,14554,1972,246100.0,2026-08-05,Active,,,0,67.01,0,No,No,2026-08-05,2026-08-27
UPDATE,2026-08-27T00:00:00,2026-08-27,PT0547241,LST0547241,AG00562,LOC0135,Single Family,1,1.0,1468,1023,1969,316100.0,2026-08-10,Active,,,0,0.0,1,No,No,2026-08-10,2026-08-27
UPDATE,2026-08-27T00:00:00,2026-08-27,PT0537127,LST0537127,AG01515,LOC0240,Condo,3,3.0,764,4981,1939,163900.0,2026-08-01,Active,,,0,216.08,1,No,No,2026-08-01,2026-08-27
UPDATE,2026-08-27T00:00:00,2026-08-27,PT0561723,LST0561723,AG01251,LOC0136,Single Family,5,1.0,1306,4418,1978,182700.0,2026-08-24,Pending,,,0,0.0,1,No,No,2026-08-24,2026-08-27
UPDATE,2026-08-27T00:00:00,2026-08-27,PT0350246,LST0350246,AG02072,LOC0100,Single Family,1,1.5,1804,7684,2019,198500.0,2024-01-02,Active,,,99,0.0,1,No,Yes,2024-01-02,2026-08-27
UPDATE,2026-08-27T00:00:00,2026-08-27,PT0066253,LST0066253,AG02176,LOC0249,Condo,1,3.0,1543,1738,1923,209300.0,2023-07-14,Pending,,,38,742.0,2,No,No,2023-07-14,2026-08-27
UPDATE,2026-08-27T00:00:00,2026-08-27,PT0015328,LST0015328,AG00117,LOC0065,Single Family,1,4.0,1541,7352,2014,314700.0,2024-09-28,Pending,,,97,0.0,0,No,No,2024-09-28,2026-08-27
UPDATE,2026-08-27T00:00:00,2026-08-27,PT0201671,LST0201671,AG01394,LOC0127,Condo,6,4.0,1225,1720,1985,583900.0,2024-05-05,Pending,,,45,354.0,2,No,No,2024-05-05,2026-08-27
UPDATE,2026-08-27T00:00:00,2026-08-27,PT0032435,LST0032435,AG01340,LOC0189,Single Family,5,4.0,1871,2156,1957,1061300.0,2024-11-14,Sold,1016886.43,2026-08-27,651,0.0,2,No,Yes,2024-11-14,2026-08-27
UPDATE,2026-08-27T00:00:00,2026-08-27,PT0198646,LST0198646,AG01108,LOC0142,Condo,5,1.5,1782,7625,2022,684200.0,2025-12-02,Pending,,,30,429.0,2,Yes,No,2025-12-02,2026-08-27
UPDATE,2026-08-27T00:00:00,2026-08-27,PT0417299,LST0417299,AG00979,LOC0075,Condo,4,2.5,1557,5974,1947,222600.0,2023-11-04,Pending,,,42,326.0,1,No,No,2023-11-04,2026-08-27
UPDATE,2026-08-27T00:00:00,2026-08-27,PT0546489,LST0546489,AG00443,LOC0247,Condo,1,3.0,2335,1778,1967,854100.0,2026-08-10,Active,,,0,755.65,3,No,No,2026-08-10,2026-08-27
UPDATE,2026-08-27T00:00:00,2026-08-27,PT0377415,LST0377415,AG01175,LOC0162,Single Family,2,1.5,1398,13626,2024,229300.0,2025-08-23,Active,,,87,0.0,3,Yes,Yes,2025-08-23,2026-08-27
UPDATE,2026-08-27T00:00:00,2026-08-27,PT0212342,LST0212342,AG00832,LOC0090,Condo,5,1.5,1731,6135,2022,851800.0,2024-07-21,Active,,,108,211.0,1,No,No,2024-07-21,2026-08-27
UPDATE,2026-08-27T00:00:00,2026-08-27,PT0453270,LST0453270,AG02770,LOC0081,Condo,6,1.0,2343,1625,1989,659100.0,2023-01-21,Active,,,141,528.0,0,No,No,2023-01-21,2026-08-27
UPDATE,2026-08-27T00:00:00,2026-08-27,PT0373053,LST0373053,AG01075,LOC0077,Single Family,5,1.0,1990,3287,1927,810400.0,2023-11-10,Pending,,,43,0.0,3,No,Yes,2023-11-10,2026-08-27
UPDATE,2026-08-27T00:00:00,2026-08-27,PT0027197,LST0027197,AG02665,LOC0037,Condo,5,3.5,1876,2055,1928,516700.0,2025-01-22,Active,,,93,282.0,3,No,No,2025-01-22,2026-08-27
UPDATE,2026-08-27T00:00:00,2026-08-27,PT0286873,LST0286873,AG01780,LOC0178,Townhouse,1,3.5,2526,4725,1983,566200.0,2025-01-24,Pending,,,43,355.0,0,No,No,2025-01-24,2026-08-27
UPDATE,2026-08-27T00:00:00,2026-08-27,PT0523657,LST0523657,AG01508,LOC0011,Condo,3,2.0,2773,1037,1976,1310800.0,2026-07-21,Pending,,,0,318.55,3,No,No,2026-07-21,2026-08-27
UPDATE,2026-08-27T00:00:00,2026-08-27,PT0310465,LST0310465,AG00752,LOC0189,Single Family,2,2.0,1739,8977,1901,306500.0,2025-12-17,Sold,248625.54,2026-08-27,253,0.0,2,No,No,2025-12-17,2026-08-27
UPDATE,2026-08-27T00:00:00,2026-08-27,PT0520014,LST0520014,AG00808,LOC0180,Single Family,4,2.0,2872,3167,1930,834700.0,2026-07-18,Sold,796673.78,2026-08-27,40,0.0,0,Yes,No,2026-07-18,2026-08-27
UPDATE,2026-08-27T00:00:00,2026-08-27,PT0320280,LST0320280,AG00392,LOC0037,Apartment,4,3.0,1037,0,1940,383000.0,2026-02-16,Pending,,,126,657.0,0,Yes,No,2026-02-16,2026-08-27
UPDATE,2026-08-27T00:00:00,2026-08-27,PT0279582,LST0279582,AG01605,LOC0143,Single Family,3,3.0,1277,6628,1922,49900.0,2024-12-20,Pending,,,57,0.0,1,No,No,2024-12-20,2026-08-27
UPDATE,2026-08-27T00:00:00,2026-08-27,PT0366575,LST0366575,AG02151,LOC0185,Single Family,5,3.5,3509,1226,1986,836300.0,2024-01-05,Pending,,,132,0.0,2,No,No,2024-01-05,2026-08-27
UPDATE,2026-08-27T00:00:00,2026-08-27,PT0448686,LST0448686,AG00948,LOC0113,Apartment,3,2.5,1226,0,1959,500300.0,2026-05-03,Pending,,,146,150.0,2,No,No,2026-05-03,2026-08-27
UPDATE,2026-08-27T00:00:00,2026-08-27,PT0173892,LST0173892,AG01639,LOC0151,Single Family,2,1.0,2892,6387,2008,645500.0,2025-11-02,Pending,,,19,0.0,1,No,No,2025-11-02,2026-08-27
UPDATE,2026-08-27T00:00:00,2026-08-27,PT0542637,LST0542637,AG00849,LOC0203,Condo,1,3.0,1746,3017,1922,399200.0,2026-08-06,Sold,420052.45,2026-08-27,21,366.33,3,No,No,2026-08-06,2026-08-27
UPDATE,2026-08-27T00:00:00,2026-08-27,PT0514475,LST0514475,AG00405,LOC0190,Single Family,6,2.0,1354,11450,1938,375300.0,2026-07-12,Pending,,,0,0.0,2,No,No,2026-07-12,2026-08-27
UPDATE,2026-08-27T00:00:00,2026-08-27,PT0002048,LST0002048,AG02467,LOC0135,Single Family,2,2.5,1141,5389,2005,598700.0,2023-09-27,Sold,610412.91,2026-08-27,1065,0.0,2,No,Yes,2023-09-27,2026-08-27
UPDATE,2026-08-27T00:00:00,2026-08-27,PT0222541,LST0222541,AG02844,LOC0101,Single Family,6,3.5,1391,12435,1904,499300.0,2023-07-26,Active,,,169,0.0,1,No,No,2023-07-26,2026-08-27
UPDATE,2026-08-27T00:00:00,2026-08-27,PT0306975,LST0306975,AG02806,LOC0226,Single Family,4,1.0,2646,1070,1989,778200.0,2025-04-16,Pending,,,178,0.0,3,No,No,2025-04-16,2026-08-27
UPDATE,2026-08-27T00:00:00,2026-08-27,PT0249166,LST0249166,AG02892,LOC0190,Single Family,2,1.5,3535,2320,1942,774300.0,2024-06-11,Pending,,,175,0.0,2,No,Yes,2024-06-11,2026-08-27
UPDATE,2026-08-27T00:00:00,2026-08-27,PT0060948,LST0060948,AG00358,LOC0212,Townhouse,3,1.5,1871,1990,1936,403100.0,2024-11-05,Active,,,163,648.0,1,Yes,No,2024-11-05,2026-08-27
UPDATE,2026-08-27T00:00:00,2026-08-27,PT0482643,LST0482643,AG02796,LOC0159,Condo,2,3.0,3234,7358,2004,998100.0,2025-01-22,Sold,968303.71,2026-08-27,582,413.0,0,Yes,No,2025-01-22,2026-08-27
UPDATE,2026-08-27T00:00:00,2026-08-27,PT0111759,LST0111759,AG01711,LOC0195,Multi-Family,4,1.5,1804,7678,1978,504200.0,2025-02-09,Active,,,55,0.0,3,Yes,Yes,2025-02-09,2026-08-27
UPDATE,2026-08-27T00:00:00,2026-08-27,PT0559407,LST0559407,AG01103,LOC0006,Townhouse,4,1.0,1367,2933,1914,401200.0,2026-08-21,Active,,,0,246.25,2,No,No,2026-08-21,2026-08-27
UPDATE,2026-08-27T00:00:00,2026-08-27,PT0534199,LST0534199,AG01889,LOC0062,Townhouse,2,1.5,1998,2103,1972,566700.0,2026-07-30,Sold,587189.95,2026-08-27,28,588.58,3,No,No,2026-07-30,2026-08-27
UPDATE,2026-08-27T00:00:00,2026-08-27,PT0111641,LST0111641,AG01131,LOC0229,Single Family,1,4.5,2697,1818,2020,473300.0,2024-10-31,Pending,,,13,0.0,2,No,No,2024-10-31,2026-08-27
UPDATE,2026-08-27T00:00:00,2026-08-27,PT0432440,LST0432440,AG01030,LOC0012,Condo,3,4.0,2529,2828,1950,693900.0,2025-09-13,Pending,,,74,735.0,3,No,No,2025-09-13,2026-08-27
UPDATE,2026-08-27T00:00:00,2026-08-27,PT0521963,LST0521963,AG00834,LOC0034,Condo,5,4.0,1861,1764,2024,618200.0,2026-07-19,Active,,,0,460.76,3,No,No,2026-07-19,2026-08-27
UPDATE,2026-08-27T00:00:00,2026-08-27,PT0186984,LST0186984,AG02381,LOC0171,Condo,3,1.0,1476,9752,2018,429800.0,2024-12-27,Pending,,,163,327.0,1,Yes,No,2024-12-27,2026-08-27
UPDATE,2026-08-27T00:00:00,2026-08-27,PT0477122,LST0477122,AG02745,LOC0156,Single Family,2,1.0,1221,4314,1906,588800.0,2024-08-18,Active,,,42,0.0,0,No,Yes,2024-08-18,2026-08-27
UPDATE,2026-08-27T00:00:00,2026-08-27,PT0043391,LST0043391,AG02185,LOC0070,Multi-Family,3,4.0,3123,1490,1969,819100.0,2025-12-17,Sold,805960.39,2026-08-27,253,0.0,1,No,Yes,2025-12-17,2026-08-27
UPDATE,2026-08-27T00:00:00,2026-08-27,PT0271133,LST0271133,AG02206,LOC0167,Single Family,3,1.5,2205,6125,1946,1246800.0,2025-10-07,Active,,,4,0.0,3,No,No,2025-10-07,2026-08-27
UPDATE,2026-08-27T00:00:00,2026-08-27,PT0192923,LST0192923,AG02634,LOC0173,Townhouse,1,2.5,2235,6655,1975,1333300.0,2026-06-19,Sold,1238500.74,2026-08-27,69,683.0,3,No,No,2026-06-19,2026-08-27
UPDATE,2026-08-27T00:00:00,2026-08-27,PT0091901,LST0091901,AG01716,LOC0004,Single Family,4,4.0,1043,13231,1917,119500.0,2025-09-11,Sold,106917.84,2026-08-27,350,0.0,1,No,No,2025-09-11,2026-08-27
UPDATE,2026-08-27T00:00:00,2026-08-27,PT0473251,LST0473251,AG00496,LOC0217,Apartment,1,2.0,1608,0,1966,215900.0,2023-06-19,Active,,,154,298.0,2,No,No,2023-06-19,2026-08-27
UPDATE,2026-08-27T00:00:00,2026-08-27,PT0086410,LST0086410,AG00705,LOC0228,Single Family,1,4.0,1173,5508,1920,610300.0,2024-04-30,Pending,,,126,0.0,3,No,Yes,2024-04-30,2026-08-27
UPDATE,2026-08-27T00:00:00,2026-08-27,PT0437659,LST0437659,AG00450,LOC0041,Single Family,1,2.0,763,3408,1915,210000.0,2023-12-11,Sold,206750.41,2026-08-27,990,0.0,2,No,No,2023-12-11,2026-08-27
UPDATE,2026-08-27T00:00:00,2026-08-27,PT0183780,LST0183780,AG01130,LOC0043,Single Family,2,1.0,2237,3060,1932,777000.0,2026-02-09,Active,,,115,0.0,2,Yes,No,2026-02-09,2026-08-27
UPDATE,2026-08-27T00:00:00,2026-08-27,PT0364252,LST0364252,AG01014,LOC0243,Single Family,3,1.0,2445,6035,1955,755700.0,2026-02-07,Active,,,78,0.0,1,No,Yes,2026-02-07,2026-08-27
UPDATE,2026-08-27T00:00:00,2026-08-27,PT0474118,LST0474118,AG00583,LOC0101,Townhouse,4,4.5,954,2723,1903,383400.0,2026-04-23,Pending,,,143,231.0,3,No,No,2026-04-23,2026-08-27
UPDATE,2026-08-27T00:00:00,2026-08-27,PT0429266,LST0429266,AG02293,LOC0129,Single Family,4,4.0,1634,1952,1906,539100.0,2026-05-06,Pending,,,49,0.0,2,No,Yes,2026-05-06,2026-08-27
UPDATE,2026-08-27T00:00:00,2026-08-27,PT0140089,LST0140089,AG01789,LOC0080,Apartment,4,1.5,898,0,1977,248400.0,2023-02-12,Sold,229013.38,2026-08-27,1292,558.0,1,No,No,2023-02-12,2026-08-27
UPDATE,2026-08-27T00:00:00,2026-08-27,PT0468878,LST0468878,AG02221,LOC0077,Multi-Family,1,2.5,2624,6506,1972,570000.0,2024-07-05,Active,,,179,0.0,1,No,Yes,2024-07-05,2026-08-27
UPDATE,2026-08-27T00:00:00,2026-08-27,PT0410308,LST0410308,AG02920,LOC0194,Single Family,6,4.5,1455,1097,2015,471400.0,2023-02-24,Sold,456292.62,2026-08-27,1280,0.0,0,No,No,2023-02-24,2026-08-27
UPDATE,2026-08-27T00:00:00,2026-08-27,PT0092831,LST0092831,AG00847,LOC0191,Townhouse,2,1.0,1344,1179,2001,789400.0,2023-10-29,Pending,,,133,513.0,3,No,No,2023-10-29,2026-08-27
UPDATE,2026-08-27T00:00:00,2026-08-27,PT0545780,LST0545780,AG01854,LOC0244,Single Family,6,2.0,1573,2086,1982,249600.0,2026-08-09,Active,,,0,0.0,2,Yes,Yes,2026-08-09,2026-08-27
UPDATE,2026-08-27T00:00:00,2026-08-27,PT0078244,LST0078244,AG02649,LOC0217,Single Family,2,1.5,1756,1471,1973,224100.0,2024-08-25,Pending,,,119,0.0,3,No,Yes,2024-08-25,2026-08-27
UPDATE,2026-08-27T00:00:00,2026-08-27,PT0095884,LST0095884,AG02074,LOC0228,Multi-Family,3,4.5,3002,2179,1991,928200.0,2025-11-16,Active,,,57,0.0,0,No,Yes,2025-11-16,2026-08-27
UPDATE,2026-08-27T00:00:00,2026-08-27,PT0542376,LST0542376,AG02493,LOC0039,Land,0,0.0,4612,4108,1988,1291400.0,2026-08-06,Active,,,0,0.0,0,No,No,2026-08-06,2026-08-27
UPDATE,2026-08-27T00:00:00,2026-08-27,PT0507666,LST0507666,AG02067,LOC0112,Single Family,4,2.5,2514,1947,2017,435300.0,2026-07-07,Active,,,0,0.0,0,No,Yes,2026-07-07,2026-08-27
UPDATE,2026-08-27T00:00:00,2026-08-27,PT0359919,LST0359919,AG01054,LOC0186,Condo,5,2.0,1645,21954,1904,331300.0,2024-01-09,Active,,,73,384.0,3,Yes,No,2024-01-09,2026-08-27
UPDATE,2026-08-27T00:00:00,2026-08-27,PT0535618,LST0535618,AG02357,LOC0247,Multi-Family,6,3.0,4371,10172,1911,729900.0,2026-07-31,Sold,713853.79,2026-08-27,27,0.0,0,Yes,Yes,2026-07-31,2026-08-27
UPDATE,2026-08-27T00:00:00,2026-08-27,PT0230447,LST0230447,AG02520,LOC0182,Single Family,1,1.5,1447,1926,1998,567800.0,2025-07-22,Pending,,,95,0.0,2,No,Yes,2025-07-22,2026-08-27
UPDATE,2026-08-27T00:00:00,2026-08-27,PT0212486,LST0212486,AG01302,LOC0043,Single Family,6,3.0,1295,3100,1906,189900.0,2026-01-14,Active,,,148,0.0,2,No,No,2026-01-14,2026-08-27
UPDATE,2026-08-27T00:00:00,2026-08-27,PT0538223,LST0538223,AG00179,LOC0241,Single Family,3,3.0,2105,2104,1962,125500.0,2026-08-02,Active,,,0,0.0,3,Yes,Yes,2026-08-02,2026-08-27
UPDATE,2026-08-27T00:00:00,2026-08-27,PT0532257,LST0532257,AG00428,LOC0146,Land,0,0.0,8208,9721,1913,1643600.0,2026-07-28,Pending,,,0,0.0,0,No,No,2026-07-28,2026-08-27
UPDATE,2026-08-27T00:00:00,2026-08-27,PT0372253,LST0372253,AG00891,LOC0205,Land,0,0.0,7606,1709,1929,2394500.0,2026-04-25,Active,,,120,0.0,0,No,No,2026-04-25,2026-08-27
UPDATE,2026-08-27T00:00:00,2026-08-27,PT0263267,LST0263267,AG02186,LOC0042,Single Family,3,3.5,1533,2764,1984,716900.0,2024-12-17,Pending,,,30,0.0,0,Yes,Yes,2024-12-17,2026-08-27
UPDATE,2026-08-27T00:00:00,2026-08-27,PT0202623,LST0202623,AG00263,LOC0096,Single Family,4,1.5,1184,8602,1999,486800.0,2025-04-21,Pending,,,114,0.0,3,No,No,2025-04-21,2026-08-27
UPDATE,2026-08-27T00:00:00,2026-08-27,PT0100885,LST0100885,AG00177,LOC0202,Single Family,5,2.5,1206,4677,1926,200100.0,2023-11-26,Active,,,128,0.0,1,No,No,2023-11-26,2026-08-27
UPDATE,2026-08-27T00:00:00,2026-08-27,PT0360848,LST0360848,AG02470,LOC0030,Land,0,0.0,8358,3246,1985,4414100.0,2025-07-27,Pending,,,149,0.0,0,No,No,2025-07-27,2026-08-27
UPDATE,2026-08-27T00:00:00,2026-08-27,PT0049078,LST0049078,AG00462,LOC0087,Townhouse,5,4.0,2123,17041,1964,721700.0,2023-03-15,Pending,,,128,192.0,2,No,No,2023-03-15,2026-08-27
UPDATE,2026-08-27T00:00:00,2026-08-27,PT0184960,LST0184960,AG01465,LOC0061,Condo,1,3.0,756,9289,1996,126300.0,2026-01-13,Pending,,,145,92.0,1,No,No,2026-01-13,2026-08-27
UPDATE,2026-08-27T00:00:00,2026-08-27,PT0564749,LST0564749,AG02765,LOC0026,Single Family,3,3.5,2609,2194,2008,1038500.0,2026-08-26,Sold,963275.98,2026-08-27,1,0.0,1,Yes,No,2026-08-26,2026-08-27
UPDATE,2026-08-27T00:00:00,2026-08-27,PT0413248,LST0413248,AG01302,LOC0059,Townhouse,5,1.0,1654,2305,2004,190000.0,2025-10-05,Pending,,,153,273.0,0,No,No,2025-10-05,2026-08-27
UPDATE,2026-08-27T00:00:00,2026-08-27,PT0253711,LST0253711,AG02976,LOC0158,Single Family,5,2.5,1214,3662,1927,148800.0,2026-05-03,Pending,,,179,0.0,3,No,Yes,2026-05-03,2026-08-27
UPDATE,2026-08-27T00:00:00,2026-08-27,PT0558195,LST0558195,AG01768,LOC0059,Single Family,4,4.0,2111,1397,1933,234700.0,2026-08-21,Sold,228622.82,2026-08-27,6,0.0,2,No,No,2026-08-21,2026-08-27
UPDATE,2026-08-27T00:00:00,2026-08-27,PT0126893,LST0126893,AG01102,LOC0164,Townhouse,1,2.0,1814,5827,1983,471400.0,2025-04-01,Active,,,49,450.0,1,No,No,2025-04-01,2026-08-27
UPDATE,2026-08-27T00:00:00,2026-08-27,PT0052857,LST0052857,AG02352,LOC0021,Single Family,3,1.0,953,6074,1973,141300.0,2023-10-24,Active,,,116,0.0,1,No,Yes,2023-10-24,2026-08-27
UPDATE,2026-08-27T00:00:00,2026-08-27,PT0408576,LST0408576,AG01868,LOC0057,Single Family,5,4.5,1199,3808,1969,297000.0,2025-05-07,Pending,,,45,0.0,2,Yes,No,2025-05-07,2026-08-27
UPDATE,2026-08-27T00:00:00,2026-08-27,PT0293175,LST0293175,AG01817,LOC0042,Townhouse,2,2.5,1374,7912,1909,441100.0,2026-02-24,Sold,471498.64,2026-08-27,184,59.0,1,No,No,2026-02-24,2026-08-27
UPDATE,2026-08-27T00:00:00,2026-08-27,PT0550071,LST0550071,AG01596,LOC0198,Condo,3,1.5,2795,4546,2014,446200.0,2026-08-13,Sold,436953.36,2026-08-27,14,127.02,2,Yes,No,2026-08-13,2026-08-27
UPDATE,2026-08-27T00:00:00,2026-08-27,PT0334093,LST0334093,AG01634,LOC0073,Townhouse,4,2.0,1402,6418,1970,528300.0,2024-06-04,Active,,,121,86.0,0,No,No,2024-06-04,2026-08-27
UPDATE,2026-08-27T00:00:00,2026-08-27,PT0563561,LST0563561,AG00228,LOC0108,Condo,1,3.5,1216,4726,1929,315500.0,2026-08-25,Pending,,,0,650.31,2,No,No,2026-08-25,2026-08-27
UPDATE,2026-08-27T00:00:00,2026-08-27,PT0059092,LST0059092,AG02829,LOC0232,Single Family,1,1.0,1122,8770,1974,305200.0,2023-08-01,Active,,,111,0.0,1,No,Yes,2023-08-01,2026-08-27
UPDATE,2026-08-27T00:00:00,2026-08-27,PT0411320,LST0411320,AG02485,LOC0033,Condo,6,2.5,2500,1673,1982,942300.0,2023-04-17,Sold,923534.77,2026-08-27,1228,320.0,2,No,No,2023-04-17,2026-08-27
UPDATE,2026-08-27T00:00:00,2026-08-27,PT0409113,LST0409113,AG02543,LOC0184,Townhouse,3,2.0,1492,6581,1984,469600.0,2025-01-12,Pending,,,63,606.0,0,No,No,2025-01-12,2026-08-27
UPDATE,2026-08-27T00:00:00,2026-08-27,PT0205362,LST0205362,AG00041,LOC0245,Single Family,2,3.0,1945,8379,2023,394100.0,2026-01-30,Pending,,,96,0.0,1,No,Yes,2026-01-30,2026-08-27
UPDATE,2026-08-27T00:00:00,2026-08-27,PT0501284,LST0501284,AG01696,LOC0204,Single Family,2,1.5,954,7387,1935,277100.0,2026-07-01,Active,,,0,0.0,0,Yes,No,2026-07-01,2026-08-27
UPDATE,2026-08-27T00:00:00,2026-08-27,PT0453630,LST0453630,AG00090,LOC0146,Single Family,4,3.0,1513,1398,1967,266000.0,2024-09-18,Active,,,72,0.0,1,No,Yes,2024-09-18,2026-08-27
UPDATE,2026-08-27T00:00:00,2026-08-27,PT0515394,LST0515394,AG02825,LOC0070,Land,0,0.0,5025,2338,1916,440000.0,2026-07-13,Active,,,0,0.0,0,No,No,2026-07-13,2026-08-27
UPDATE,2026-08-27T00:00:00,2026-08-27,PT0250011,LST0250011,AG01761,LOC0174,Condo,3,2.5,2939,6940,1955,1540000.0,2026-05-13,Pending,,,129,325.0,2,No,No,2026-05-13,2026-08-27
UPDATE,2026-08-27T00:00:00,2026-08-27,PT0334897,LST0334897,AG02136,LOC0220,Condo,3,3.0,789,5272,1930,327500.0,2023-05-28,Active,,,56,721.0,3,No,No,2023-05-28,2026-08-27
UPDATE,2026-08-27T00:00:00,2026-08-27,PT0403567,LST0403567,AG01806,LOC0018,Single Family,1,3.0,1725,3376,1924,433900.0,2023-07-11,Pending,,,88,0.0,2,No,No,2023-07-11,2026-08-27
UPDATE,2026-08-27T00:00:00,2026-08-27,PT0547420,LST0547420,AG02788,LOC0105,Townhouse,2,4.0,867,2728,1967,263400.0,2026-08-11,Active,,,0,627.19,2,No,No,2026-08-11,2026-08-27
UPDATE,2026-08-27T00:00:00,2026-08-27,PT0069178,LST0069178,AG01798,LOC0119,Apartment,3,1.0,685,0,1998,113500.0,2024-03-02,Active,,,116,698.0,0,No,No,2024-03-02,2026-08-27
UPDATE,2026-08-27T00:00:00,2026-08-27,PT0231638,LST0231638,AG01335,LOC0208,Single Family,1,2.5,4003,3974,1903,1023200.0,2025-04-21,Pending,,,54,0.0,2,Yes,No,2025-04-21,2026-08-27
UPDATE,2026-08-27T00:00:00,2026-08-27,PT0359563,LST0359563,AG01248,LOC0224,Townhouse,5,1.5,2457,3162,2008,641700.0,2023-10-29,Pending,,,36,553.0,0,Yes,No,2023-10-29,2026-08-27
UPDATE,2026-08-27T00:00:00,2026-08-27,PT0389803,LST0389803,AG01925,LOC0208,Townhouse,4,3.5,2551,8704,1923,500200.0,2023-09-30,Pending,,,12,604.0,1,No,No,2023-09-30,2026-08-27
UPDATE,2026-08-27T00:00:00,2026-08-27,PT0393608,LST0393608,AG02916,LOC0173,Single Family,1,3.5,1820,1809,1985,684700.0,2024-09-07,Active,,,5,0.0,0,No,Yes,2024-09-07,2026-08-27
UPDATE,2026-08-27T00:00:00,2026-08-27,PT0307587,LST0307587,AG00956,LOC0073,Condo,1,2.0,2062,1317,1971,246000.0,2024-07-24,Pending,,,118,638.0,1,No,No,2024-07-24,2026-08-27
UPDATE,2026-08-27T00:00:00,2026-08-27,PT0533973,LST0533973,AG02952,LOC0184,Single Family,6,4.5,955,1566,1909,410600.0,2026-07-30,Sold,395734.19,2026-08-27,28,0.0,0,Yes,Yes,2026-07-30,2026-08-27
UPDATE,2026-08-27T00:00:00,2026-08-27,PT0563231,LST0563231,AG00017,LOC0156,Condo,5,2.0,1555,2739,2025,605700.0,2026-08-25,Active,,,0,551.18,1,No,No,2026-08-25,2026-08-27
UPDATE,2026-08-27T00:00:00,2026-08-27,PT0260134,LST0260134,AG01546,LOC0161,Single Family,6,2.0,2945,7151,1934,1551100.0,2025-09-26,Pending,,,90,0.0,2,No,No,2025-09-26,2026-08-27
UPDATE,2026-08-27T00:00:00,2026-08-27,PT0048353,LST0048353,AG00241,LOC0032,Single Family,5,1.5,2093,5862,2000,270300.0,2024-07-16,Sold,252039.83,2026-08-27,772,0.0,0,No,Yes,2024-07-16,2026-08-27
UPDATE,2026-08-27T00:00:00,2026-08-27,PT0284644,LST0284644,AG02827,LOC0241,Single Family,3,4.5,1983,3870,1939,222700.0,2023-01-23,Pending,,,121,0.0,2,No,No,2023-01-23,2026-08-27
UPDATE,2026-08-27T00:00:00,2026-08-27,PT0535551,LST0535551,AG02245,LOC0131,Single Family,1,4.0,1172,4538,1971,429500.0,2026-07-31,Sold,399051.86,2026-08-27,27,0.0,2,No,No,2026-07-31,2026-08-27
UPDATE,2026-08-27T00:00:00,2026-08-27,PT0540021,LST0540021,AG01110,LOC0217,Single Family,4,4.5,2781,2656,1916,209900.0,2026-08-04,Sold,185525.95,2026-08-27,23,0.0,1,No,Yes,2026-08-04,2026-08-27
UPDATE,2026-08-27T00:00:00,2026-08-27,PT0555337,LST0555337,AG02631,LOC0030,Single Family,5,1.5,2271,2258,1928,363500.0,2026-08-18,Active,,,0,0.0,3,No,Yes,2026-08-18,2026-08-27
UPDATE,2026-08-27T00:00:00,2026-08-27,PT0471098,LST0471098,AG01421,LOC0247,Land,0,0.0,9144,5885,1939,1201800.0,2023-06-26,Active,,,12,0.0,0,No,No,2023-06-26,2026-08-27
UPDATE,2026-08-27T00:00:00,2026-08-27,PT0379372,LST0379372,AG01487,LOC0166,Single Family,3,2.5,1937,1726,1975,867500.0,2025-03-30,Active,,,101,0.0,1,Yes,Yes,2025-03-30,2026-08-27
UPDATE,2026-08-27T00:00:00,2026-08-27,PT0217995,LST0217995,AG01351,LOC0136,Condo,3,2.0,2448,7745,1917,542500.0,2026-04-27,Pending,,,16,459.0,1,No,No,2026-04-27,2026-08-27
UPDATE,2026-08-27T00:00:00,2026-08-27,PT0103548,LST0103548,AG01028,LOC0131,Single Family,1,2.5,2954,9222,1918,820000.0,2024-02-27,Pending,,,138,0.0,3,No,Yes,2024-02-27,2026-08-27
UPDATE,2026-08-27T00:00:00,2026-08-27,PT0068697,LST0068697,AG00619,LOC0163,Townhouse,3,4.5,2109,4399,1984,340700.0,2024-10-12,Active,,,144,365.0,0,No,No,2024-10-12,2026-08-27
UPDATE,2026-08-27T00:00:00,2026-08-27,PT0213883,LST0213883,AG02176,LOC0243,Townhouse,5,1.5,1629,4573,1907,560400.0,2023-04-22,Pending,,,171,329.0,0,No,No,2023-04-22,2026-08-27
UPDATE,2026-08-27T00:00:00,2026-08-27,PT0513056,LST0513056,AG01487,LOC0158,Single Family,1,2.0,1669,6252,2009,742900.0,2026-07-11,Sold,726152.14,2026-08-27,47,0.0,3,Yes,Yes,2026-07-11,2026-08-27
UPDATE,2026-08-27T00:00:00,2026-08-27,PT0461454,LST0461454,AG02186,LOC0048,Single Family,1,1.5,1772,3255,1957,597200.0,2024-11-14,Active,,,30,0.0,1,No,Yes,2024-11-14,2026-08-27
UPDATE,2026-08-27T00:00:00,2026-08-27,PT0524380,LST0524380,AG01585,LOC0240,Condo,2,1.0,1389,1470,1960,451500.0,2026-07-22,Active,,,0,673.99,1,No,No,2026-07-22,2026-08-27
UPDATE,2026-08-27T00:00:00,2026-08-27,PT0563750,LST0563750,AG01426,LOC0062,Townhouse,4,1.5,2691,27096,1905,331200.0,2026-08-25,Active,,,0,703.55,0,No,No,2026-08-25,2026-08-27
UPDATE,2026-08-27T00:00:00,2026-08-27,PT0560818,LST0560818,AG01581,LOC0107,Single Family,6,3.5,3151,1674,1953,708000.0,2026-08-23,Pending,,,0,0.0,2,No,No,2026-08-23,2026-08-27
UPDATE,2026-08-27T00:00:00,2026-08-27,PT0442566,LST0442566,AG01116,LOC0054,Condo,1,2.0,1757,2517,1926,494300.0,2024-11-02,Sold,507096.61,2026-08-27,663,58.0,0,No,No,2024-11-02,2026-08-27
UPDATE,2026-08-27T00:00:00,2026-08-27,PT0541645,LST0541645,AG02389,LOC0064,Single Family,2,4.5,825,6699,1961,179400.0,2026-08-05,Pending,,,0,0.0,3,No,Yes,2026-08-05,2026-08-27
UPDATE,2026-08-27T00:00:00,2026-08-27,PT0436770,LST0436770,AG00364,LOC0121,Single Family,3,4.0,508,3820,1931,128200.0,2025-10-24,Active,,,28,0.0,3,Yes,Yes,2025-10-24,2026-08-27
UPDATE,2026-08-27T00:00:00,2026-08-27,PT0529648,LST0529648,AG01091,LOC0201,Single Family,2,1.5,1638,1200,1975,131900.0,2026-07-26,Active,,,0,0.0,1,No,No,2026-07-26,2026-08-27
UPDATE,2026-08-27T00:00:00,2026-08-27,PT0329204,LST0329204,AG02806,LOC0097,Single Family,4,2.0,1864,14743,1960,446800.0,2025-10-26,Active,,,77,0.0,1,No,No,2025-10-26,2026-08-27
UPDATE,2026-08-27T00:00:00,2026-08-27,PT0525145,LST0525145,AG00277,LOC0039,Single Family,5,2.5,2322,7238,1967,475800.0,2026-07-22,Active,,,0,0.0,1,No,No,2026-07-22,2026-08-27
UPDATE,2026-08-27T00:00:00,2026-08-27,PT0077230,LST0077230,AG00186,LOC0202,Land,0,0.0,2972,17450,1968,703500.0,2025-12-10,Pending,,,40,0.0,0,No,No,2025-12-10,2026-08-27
UPDATE,2026-08-27T00:00:00,2026-08-27,PT0355672,LST0355672,AG01331,LOC0142,Single Family,3,3.5,2286,1328,1931,899900.0,2023-08-14,Active,,,8,0.0,3,No,No,2023-08-14,2026-08-27
UPDATE,2026-08-27T00:00:00,2026-08-27,PT0539958,LST0539958,AG00600,LOC0093,Land,0,0.0,3934,9659,1991,435400.0,2026-08-04,Pending,,,0,0.0,0,No,No,2026-08-04,2026-08-27
UPDATE,2026-08-27T00:00:00,2026-08-27,PT0186178,LST0186178,AG00649,LOC0025,Single Family,5,2.0,1158,1561,1932,171200.0,2024-04-04,Pending,,,134,0.0,2,No,No,2024-04-04,2026-08-27
UPDATE,2026-08-27T00:00:00,2026-08-27,PT0505622,LST0505622,AG00242,LOC0020,Single Family,5,1.5,1005,5421,1994,284400.0,2026-07-05,Pending,,,0,0.0,2,No,Yes,2026-07-05,2026-08-27
UPDATE,2026-08-27T00:00:00,2026-08-27,PT0221758,LST0221758,AG00170,LOC0153,Condo,3,2.5,1924,6688,1907,444300.0,2025-10-03,Pending,,,78,792.0,3,No,No,2025-10-03,2026-08-27
UPDATE,2026-08-27T00:00:00,2026-08-27,PT0086759,LST0086759,AG01678,LOC0093,Townhouse,5,1.0,1802,10933,1903,344500.0,2023-05-01,Sold,316382.38,2026-08-27,1214,264.0,3,No,No,2023-05-01,2026-08-27
UPDATE,2026-08-27T00:00:00,2026-08-27,PT0507569,LST0507569,AG02930,LOC0218,Single Family,6,2.5,2917,13679,2024,1171700.0,2026-07-06,Active,,,0,0.0,3,No,No,2026-07-06,2026-08-27
UPDATE,2026-08-27T00:00:00,2026-08-27,PT0460983,LST0460983,AG02112,LOC0092,Apartment,2,1.0,1338,0,1968,154600.0,2025-07-14,Active,,,60,709.0,1,Yes,No,2025-07-14,2026-08-27
UPDATE,2026-08-27T00:00:00,2026-08-27,PT0140879,LST0140879,AG00726,LOC0229,Single Family,3,1.5,996,1117,1909,115600.0,2025-03-16,Active,,,91,0.0,2,No,No,2025-03-16,2026-08-27
UPDATE,2026-08-27T00:00:00,2026-08-27,PT0537478,LST0537478,AG00200,LOC0056,Townhouse,3,2.5,2398,31401,2013,954000.0,2026-08-02,Active,,,0,674.56,3,No,No,2026-08-02,2026-08-27
UPDATE,2026-08-27T00:00:00,2026-08-27,PT0317523,LST0317523,AG01151,LOC0209,Single Family,5,4.0,1618,1513,2014,492400.0,2023-04-27,Active,,,28,0.0,1,Yes,Yes,2023-04-27,2026-08-27
UPDATE,2026-08-27T00:00:00,2026-08-27,PT0490745,LST0490745,AG02935,LOC0023,Apartment,6,4.0,988,0,1958,272600.0,2024-10-14,Active,,,142,302.0,2,No,No,2024-10-14,2026-08-27
UPDATE,2026-08-27T00:00:00,2026-08-27,PT0067828,LST0067828,AG01229,LOC0086,Townhouse,1,4.5,1131,5308,1917,135600.0,2024-04-30,Pending,,,77,166.0,3,No,No,2024-04-30,2026-08-27
UPDATE,2026-08-27T00:00:00,2026-08-27,PT0432102,LST0432102,AG01583,LOC0175,Single Family,3,4.0,1901,2578,1941,362700.0,2023-10-21,Pending,,,121,0.0,1,Yes,No,2023-10-21,2026-08-27
UPDATE,2026-08-27T00:00:00,2026-08-27,PT0271226,LST0271226,AG00271,LOC0022,Townhouse,5,3.0,1624,2860,2000,840100.0,2024-04-13,Active,,,176,249.0,1,No,No,2024-04-13,2026-08-27
UPDATE,2026-08-27T00:00:00,2026-08-27,PT0384288,LST0384288,AG02741,LOC0144,Land,0,0.0,4233,1497,1919,1515900.0,2024-04-17,Active,,,44,0.0,0,No,No,2024-04-17,2026-08-27
UPDATE,2026-08-27T00:00:00,2026-08-27,PT0399635,LST0399635,AG01282,LOC0048,Single Family,6,1.0,920,5768,1914,827100.0,2025-12-23,Active,,,5,0.0,0,No,No,2025-12-23,2026-08-27
UPDATE,2026-08-27T00:00:00,2026-08-27,PT0023102,LST0023102,AG01544,LOC0123,Single Family,3,4.5,1395,4200,1909,281800.0,2023-12-29,Sold,258975.3,2026-08-27,972,0.0,0,No,Yes,2023-12-29,2026-08-27
UPDATE,2026-08-27T00:00:00,2026-08-27,PT0421401,LST0421401,AG01297,LOC0231,Condo,5,4.0,2186,4122,1969,172600.0,2023-02-12,Pending,,,39,222.0,0,No,No,2023-02-12,2026-08-27
UPDATE,2026-08-27T00:00:00,2026-08-27,PT0223890,LST0223890,AG00649,LOC0063,Single Family,4,3.5,2012,3598,1954,1154500.0,2023-12-02,Pending,,,6,0.0,1,No,No,2023-12-02,2026-08-27
UPDATE,2026-08-27T00:00:00,2026-08-27,PT0557204,LST0557204,AG00427,LOC0202,Single Family,2,2.0,2828,4168,1997,673900.0,2026-08-20,Active,,,0,0.0,3,No,No,2026-08-20,2026-08-27
UPDATE,2026-08-27T00:00:00,2026-08-27,PT0559399,LST0559399,AG00806,LOC0078,Land,0,0.0,3968,3068,1902,2110200.0,2026-08-21,Active,,,0,0.0,0,No,No,2026-08-21,2026-08-27
UPDATE,2026-08-27T00:00:00,2026-08-27,PT0037472,LST0037472,AG00331,LOC0060,Condo,2,4.0,2900,2363,1929,1148800.0,2023-04-24,Pending,,,42,211.0,3,No,No,2023-04-24,2026-08-27
UPDATE,2026-08-27T00:00:00,2026-08-27,PT0502552,LST0502552,AG00871,LOC0205,Single Family,4,4.5,1593,1997,1955,672300.0,2026-07-02,Active,,,0,0.0,0,No,No,2026-07-02,2026-08-27
UPDATE,2026-08-27T00:00:00,2026-08-27,PT0390114,LST0390114,AG00879,LOC0130,Townhouse,5,2.0,2249,1061,1995,489400.0,2025-06-13,Active,,,17,161.0,3,No,No,2025-06-13,2026-08-27
UPDATE,2026-08-27T00:00:00,2026-08-27,PT0147564,LST0147564,AG02788,LOC0198,Single Family,4,3.0,2042,2333,2019,323700.0,2026-03-09,Active,,,151,0.0,0,No,Yes,2026-03-09,2026-08-27
UPDATE,2026-08-27T00:00:00,2026-08-27,PT0261611,LST0261611,AG00824,LOC0137,Condo,1,4.0,1155,12882,1926,443900.0,2026-03-22,Active,,,55,410.0,0,No,No,2026-03-22,2026-08-27
UPDATE,2026-08-27T00:00:00,2026-08-27,PT0515242,LST0515242,AG01038,LOC0185,Single Family,3,3.5,3315,4715,1952,1668600.0,2026-07-13,Sold,1649048.43,2026-08-27,45,0.0,3,No,Yes,2026-07-13,2026-08-27
UPDATE,2026-08-27T00:00:00,2026-08-27,PT0035041,LST0035041,AG01355,LOC0099,Single Family,1,2.5,1463,1068,2019,1010900.0,2024-01-26,Pending,,,9,0.0,3,No,Yes,2024-01-26,2026-08-27
UPDATE,2026-08-27T00:00:00,2026-08-27,PT0340293,LST0340293,AG01114,LOC0057,Townhouse,1,1.0,941,5894,1922,324700.0,2025-04-28,Pending,,,10,82.0,1,No,No,2025-04-28,2026-08-27
UPDATE,2026-08-27T00:00:00,2026-08-27,PT0364251,LST0364251,AG01485,LOC0237,Apartment,1,3.5,1613,0,1958,497100.0,2023-09-19,Active,,,85,783.0,1,No,No,2023-09-19,2026-08-27
UPDATE,2026-08-27T00:00:00,2026-08-27,PT0556747,LST0556747,AG02483,LOC0108,Single Family,3,2.5,2649,15627,2001,520500.0,2026-08-20,Active,,,0,0.0,1,No,Yes,2026-08-20,2026-08-27
UPDATE,2026-08-27T00:00:00,2026-08-27,PT0039770,LST0039770,AG00107,LOC0148,Single Family,1,3.5,2404,3484,2014,662700.0,2025-07-20,Pending,,,11,0.0,3,Yes,No,2025-07-20,2026-08-27
UPDATE,2026-08-27T00:00:00,2026-08-27,PT0056406,LST0056406,AG02225,LOC0099,Condo,6,4.5,2901,3211,1942,1267500.0,2023-01-30,Active,,,79,787.0,0,No,No,2023-01-30,2026-08-27
UPDATE,2026-08-27T00:00:00,2026-08-27,PT0179010,LST0179010,AG01400,LOC0234,Apartment,5,2.0,1377,0,1956,392100.0,2025-08-03,Sold,359895.79,2026-08-27,389,648.0,1,Yes,No,2025-08-03,2026-08-27
UPDATE,2026-08-27T00:00:00,2026-08-27,PT0036037,LST0036037,AG02262,LOC0182,Apartment,3,3.0,883,0,1962,333200.0,2026-06-08,Pending,,,177,82.0,2,No,No,2026-06-08,2026-08-27
UPDATE,2026-08-27T00:00:00,2026-08-27,PT0349862,LST0349862,AG01132,LOC0219,Condo,3,2.5,1101,1272,1960,620800.0,2026-03-24,Active,,,153,599.0,2,No,No,2026-03-24,2026-08-27
UPDATE,2026-08-27T00:00:00,2026-08-27,PT0226148,LST0226148,AG02468,LOC0022,Condo,1,4.5,300,2772,1959,78100.0,2023-01-23,Pending,,,58,248.0,0,No,No,2023-01-23,2026-08-27
UPDATE,2026-08-27T00:00:00,2026-08-27,PT0000550,LST0000550,AG00271,LOC0073,Townhouse,5,4.5,1330,1538,1964,313100.0,2024-10-11,Active,,,138,194.0,1,Yes,No,2024-10-11,2026-08-27
UPDATE,2026-08-27T00:00:00,2026-08-27,PT0108556,LST0108556,AG00231,LOC0138,Single Family,4,2.5,1976,3529,1962,724900.0,2026-02-06,Pending,,,95,0.0,3,No,No,2026-02-06,2026-08-27
UPDATE,2026-08-27T00:00:00,2026-08-27,PT0489068,LST0489068,AG00583,LOC0035,Single Family,1,4.0,824,10172,1961,58600.0,2024-01-28,Pending,,,45,0.0,2,No,No,2024-01-28,2026-08-27
UPDATE,2026-08-27T00:00:00,2026-08-27,PT0012251,LST0012251,AG02038,LOC0232,Townhouse,5,2.5,1559,3755,1984,227100.0,2026-03-25,Pending,,,117,502.0,0,Yes,No,2026-03-25,2026-08-27
UPDATE,2026-08-27T00:00:00,2026-08-27,PT0325917,LST0325917,AG00887,LOC0157,Condo,1,3.0,2850,4177,1926,937000.0,2024-06-30,Pending,,,23,669.0,2,Yes,No,2024-06-30,2026-08-27
UPDATE,2026-08-27T00:00:00,2026-08-27,PT0541594,LST0541594,AG01185,LOC0126,Multi-Family,3,2.5,2483,8178,1934,828900.0,2026-08-05,Active,,,0,0.0,0,No,No,2026-08-05,2026-08-27
UPDATE,2026-08-27T00:00:00,2026-08-27,PT0415283,LST0415283,AG02372,LOC0231,Single Family,1,1.5,2355,1066,1923,659600.0,2026-03-10,Pending,,,30,0.0,3,No,Yes,2026-03-10,2026-08-27
UPDATE,2026-08-27T00:00:00,2026-08-27,PT0186026,LST0186026,AG02831,LOC0246,Single Family,5,1.0,1582,1230,1971,274800.0,2023-07-21,Active,,,149,0.0,3,No,No,2023-07-21,2026-08-27
UPDATE,2026-08-27T00:00:00,2026-08-27,PT0271894,LST0271894,AG02934,LOC0088,Land,0,0.0,1722,2056,2025,248000.0,2025-08-21,Pending,,,138,0.0,0,No,No,2025-08-21,2026-08-27
UPDATE,2026-08-27T00:00:00,2026-08-27,PT0406406,LST0406406,AG01591,LOC0228,Townhouse,3,1.5,1655,2637,2017,433800.0,2023-05-12,Active,,,9,511.0,0,No,No,2023-05-12,2026-08-27
UPDATE,2026-08-27T00:00:00,2026-08-27,PT0010114,LST0010114,AG02645,LOC0018,Condo,1,1.0,1603,7797,1975,861400.0,2025-11-17,Sold,789156.79,2026-08-27,283,644.0,1,No,No,2025-11-17,2026-08-27
UPDATE,2026-08-27T00:00:00,2026-08-27,PT0339002,LST0339002,AG00947,LOC0118,Condo,4,3.5,2754,8947,2012,671900.0,2025-04-05,Active,,,4,215.0,0,Yes,No,2025-04-05,2026-08-27
UPDATE,2026-08-27T00:00:00,2026-08-27,PT0001567,LST0001567,AG02117,LOC0108,Apartment,1,3.5,1157,0,2008,339700.0,2026-04-02,Pending,,,159,783.0,3,No,No,2026-04-02,2026-08-27
UPDATE,2026-08-27T00:00:00,2026-08-27,PT0398626,LST0398626,AG02525,LOC0087,Townhouse,2,1.0,1841,1019,1925,711600.0,2026-05-31,Pending,,,32,465.0,0,No,No,2026-05-31,2026-08-27
UPDATE,2026-08-27T00:00:00,2026-08-27,PT0050147,LST0050147,AG00559,LOC0224,Condo,3,4.0,1893,1435,2016,418400.0,2026-01-11,Sold,453209.46,2026-08-27,228,428.0,0,No,No,2026-01-11,2026-08-27
UPDATE,2026-08-27T00:00:00,2026-08-27,PT0068828,LST0068828,AG02828,LOC0203,Single Family,6,3.5,1603,7158,1905,315500.0,2023-05-22,Active,,,37,0.0,0,No,No,2023-05-22,2026-08-27
UPDATE,2026-08-27T00:00:00,2026-08-27,PT0438898,LST0438898,AG01927,LOC0004,Single Family,5,3.5,1987,6309,1969,185900.0,2024-10-19,Active,,,26,0.0,1,No,Yes,2024-10-19,2026-08-27
UPDATE,2026-08-27T00:00:00,2026-08-27,PT0178215,LST0178215,AG00013,LOC0235,Single Family,5,4.0,1185,1882,1951,246500.0,2026-01-27,Active,,,146,0.0,1,No,No,2026-01-27,2026-08-27
UPDATE,2026-08-27T00:00:00,2026-08-27,PT0095542,LST0095542,AG01969,LOC0093,Townhouse,1,3.0,776,3666,1933,146600.0,2025-08-15,Active,,,8,650.0,1,No,No,2025-08-15,2026-08-27
UPDATE,2026-08-27T00:00:00,2026-08-27,PT0298401,LST0298401,AG00149,LOC0225,Single Family,3,4.5,417,2508,2001,178800.0,2023-02-12,Pending,,,80,0.0,1,No,No,2023-02-12,2026-08-27
UPDATE,2026-08-27T00:00:00,2026-08-27,PT0111056,LST0111056,AG02467,LOC0005,Single Family,2,4.5,2561,1308,2009,628200.0,2024-04-22,Active,,,144,0.0,3,No,No,2024-04-22,2026-08-27
UPDATE,2026-08-27T00:00:00,2026-08-27,PT0009076,LST0009076,AG00245,LOC0224,Apartment,2,3.5,967,0,1900,359900.0,2025-11-23,Sold,333225.04,2026-08-27,277,463.0,2,No,No,2025-11-23,2026-08-27
UPDATE,2026-08-27T00:00:00,2026-08-27,PT0105126,LST0105126,AG02743,LOC0041,Apartment,2,2.5,1216,0,1997,108900.0,2024-09-05,Active,,,151,331.0,0,No,No,2024-09-05,2026-08-27
UPDATE,2026-08-27T00:00:00,2026-08-27,PT0535217,LST0535217,AG00014,LOC0194,Condo,1,3.5,1912,14925,2011,1078100.0,2026-07-31,Active,,,0,562.23,0,No,No,2026-07-31,2026-08-27
UPDATE,2026-08-27T00:00:00,2026-08-27,PT0452327,LST0452327,AG02957,LOC0122,Condo,2,1.5,762,5334,1931,225800.0,2023-02-28,Pending,,,111,594.0,0,No,No,2023-02-28,2026-08-27
UPDATE,2026-08-27T00:00:00,2026-08-27,PT0526712,LST0526712,AG02046,LOC0044,Single Family,6,4.0,700,9584,2017,322300.0,2026-07-24,Active,,,0,0.0,1,No,Yes,2026-07-24,2026-08-27
UPDATE,2026-08-27T00:00:00,2026-08-27,PT0500625,LST0500625,AG01364,LOC0233,Land,0,0.0,4695,3702,1935,1145700.0,2026-07-01,Active,,,0,0.0,0,No,No,2026-07-01,2026-08-27
UPDATE,2026-08-27T00:00:00,2026-08-27,PT0105133,LST0105133,AG02428,LOC0130,Single Family,3,4.0,1956,3315,1967,600700.0,2023-12-09,Active,,,23,0.0,0,No,Yes,2023-12-09,2026-08-27
UPDATE,2026-08-27T00:00:00,2026-08-27,PT0564966,LST0564966,AG01288,LOC0114,Multi-Family,2,2.0,937,1284,1981,226000.0,2026-08-26,Active,,,0,0.0,2,No,Yes,2026-08-26,2026-08-27
UPDATE,2026-08-27T00:00:00,2026-08-27,PT0447549,LST0447549,AG01767,LOC0136,Condo,1,3.5,3112,2568,1906,958600.0,2024-07-07,Sold,890853.76,2026-08-27,781,609.0,3,No,No,2024-07-07,2026-08-27
UPDATE,2026-08-27T00:00:00,2026-08-27,PT0364417,LST0364417,AG02579,LOC0150,Single Family,4,4.5,1991,4386,1934,757700.0,2026-02-03,Sold,681244.48,2026-08-27,205,0.0,0,Yes,Yes,2026-02-03,2026-08-27
UPDATE,2026-08-27T00:00:00,2026-08-27,PT0526124,LST0526124,AG02225,LOC0074,Single Family,4,1.0,914,1169,1965,299200.0,2026-07-23,Active,,,0,0.0,1,No,No,2026-07-23,2026-08-27
UPDATE,2026-08-27T00:00:00,2026-08-27,PT0457730,LST0457730,AG01916,LOC0080,Condo,5,4.0,1595,3610,1969,537900.0,2025-08-03,Pending,,,46,199.0,3,No,No,2025-08-03,2026-08-27
UPDATE,2026-08-27T00:00:00,2026-08-27,PT0194777,LST0194777,AG02082,LOC0154,Condo,5,1.0,2360,2678,1949,508500.0,2023-11-28,Pending,,,40,128.0,0,No,No,2023-11-28,2026-08-27
UPDATE,2026-08-27T00:00:00,2026-08-27,PT0319338,LST0319338,AG00181,LOC0222,Condo,3,2.0,300,1813,1967,50200.0,2024-03-22,Pending,,,16,713.0,2,Yes,No,2024-03-22,2026-08-27
UPDATE,2026-08-27T00:00:00,2026-08-27,PT0286462,LST0286462,AG00711,LOC0111,Single Family,5,3.0,2282,5199,1982,242100.0,2025-12-31,Pending,,,168,0.0,3,No,No,2025-12-31,2026-08-27
UPDATE,2026-08-27T00:00:00,2026-08-27,PT0022587,LST0022587,AG02764,LOC0125,Multi-Family,4,3.5,3511,3429,1925,1052200.0,2024-08-17,Pending,,,94,0.0,3,No,No,2024-08-17,2026-08-27
UPDATE,2026-08-27T00:00:00,2026-08-27,PT0278564,LST0278564,AG02876,LOC0190,Single Family,4,1.0,1215,12191,1984,273900.0,2023-05-02,Pending,,,47,0.0,2,No,Yes,2023-05-02,2026-08-27
UPDATE,2026-08-27T00:00:00,2026-08-27,PT0233892,LST0233892,AG00885,LOC0211,Single Family,5,4.0,1486,1618,1997,789300.0,2024-07-18,Pending,,,127,0.0,3,No,Yes,2024-07-18,2026-08-27
UPDATE,2026-08-27T00:00:00,2026-08-27,PT0009958,LST0009958,AG02897,LOC0112,Apartment,5,1.5,1327,0,2020,189100.0,2023-11-04,Active,,,112,508.0,3,No,No,2023-11-04,2026-08-27
UPDATE,2026-08-27T00:00:00,2026-08-27,PT0071876,LST0071876,AG02003,LOC0224,Apartment,6,3.0,1221,0,1993,260900.0,2025-01-28,Pending,,,12,658.0,0,No,No,2025-01-28,2026-08-27
UPDATE,2026-08-27T00:00:00,2026-08-27,PT0261028,LST0261028,AG00486,LOC0143,Single Family,3,4.0,2048,1865,1954,158900.0,2024-05-24,Pending,,,104,0.0,0,No,No,2024-05-24,2026-08-27
UPDATE,2026-08-27T00:00:00,2026-08-27,PT0490365,LST0490365,AG01542,LOC0074,Townhouse,6,1.5,2064,3054,1978,852000.0,2024-02-25,Active,,,16,365.0,2,No,No,2024-02-25,2026-08-27
UPDATE,2026-08-27T00:00:00,2026-08-27,PT0562366,LST0562366,AG00296,LOC0139,Townhouse,5,1.0,2424,1538,1915,695200.0,2026-08-24,Pending,,,0,178.98,0,Yes,No,2026-08-24,2026-08-27
UPDATE,2026-08-27T00:00:00,2026-08-27,PT0562419,LST0562419,AG02892,LOC0128,Single Family,2,4.0,2078,1588,1935,526700.0,2026-08-24,Active,,,0,0.0,2,Yes,Yes,2026-08-24,2026-08-27
UPDATE,2026-08-27T00:00:00,2026-08-27,PT0339218,LST0339218,AG00007,LOC0232,Single Family,5,1.0,1917,3379,1933,541900.0,2026-02-27,Active,,,10,0.0,3,No,Yes,2026-02-27,2026-08-27
UPDATE,2026-08-27T00:00:00,2026-08-27,PT0232626,LST0232626,AG00980,LOC0160,Single Family,6,4.5,1683,8224,1994,421700.0,2024-01-08,Sold,429755.77,2026-08-27,962,0.0,2,No,Yes,2024-01-08,2026-08-27
UPDATE,2026-08-27T00:00:00,2026-08-27,PT0424067,LST0424067,AG02214,LOC0128,Apartment,6,3.5,1313,0,1925,320300.0,2024-11-28,Active,,,164,330.0,1,No,No,2024-11-28,2026-08-27
UPDATE,2026-08-27T00:00:00,2026-08-27,PT0475310,LST0475310,AG00798,LOC0012,Single Family,4,2.5,2057,1268,1958,594800.0,2026-06-21,Active,,,138,0.0,0,No,No,2026-06-21,2026-08-27
UPDATE,2026-08-27T00:00:00,2026-08-27,PT0423321,LST0423321,AG00237,LOC0156,Townhouse,2,1.5,1731,10411,2022,659100.0,2023-03-03,Pending,,,154,298.0,1,No,No,2023-03-03,2026-08-27
UPDATE,2026-08-27T00:00:00,2026-08-27,PT0396547,LST0396547,AG00307,LOC0086,Single Family,1,1.5,1736,5144,1949,215800.0,2026-03-14,Pending,,,93,0.0,2,No,No,2026-03-14,2026-08-27
UPDATE,2026-08-27T00:00:00,2026-08-27,PT0160910,LST0160910,AG02018,LOC0158,Single Family,2,3.0,2024,5170,1937,1005900.0,2024-03-04,Pending,,,30,0.0,1,Yes,Yes,2024-03-04,2026-08-27
UPDATE,2026-08-27T00:00:00,2026-08-27,PT0178502,LST0178502,AG00422,LOC0148,Apartment,4,4.0,450,0,1989,122300.0,2023-02-12,Active,,,14,729.0,0,Yes,No,2023-02-12,2026-08-27
UPDATE,2026-08-27T00:00:00,2026-08-27,PT0412581,LST0412581,AG02069,LOC0215,Single Family,6,3.5,2195,4719,1933,541400.0,2026-01-14,Sold,490370.19,2026-08-27,225,0.0,0,Yes,No,2026-01-14,2026-08-27
UPDATE,2026-08-27T00:00:00,2026-08-27,PT0472361,LST0472361,AG02679,LOC0154,Condo,6,1.0,1366,2648,1910,260000.0,2026-01-26,Active,,,72,274.0,1,No,No,2026-01-26,2026-08-27
UPDATE,2026-08-27T00:00:00,2026-08-27,PT0550735,LST0550735,AG02873,LOC0019,Townhouse,5,1.5,1059,4081,1900,91400.0,2026-08-14,Active,,,0,335.27,0,No,No,2026-08-14,2026-08-27
UPDATE,2026-08-27T00:00:00,2026-08-27,PT0009684,LST0009684,AG00349,LOC0088,Single Family,5,1.0,1717,1764,1964,247000.0,2025-09-19,Sold,254581.69,2026-08-27,342,0.0,0,No,No,2025-09-19,2026-08-27
UPDATE,2026-08-27T00:00:00,2026-08-27,PT0342764,LST0342764,AG01389,LOC0163,Single Family,1,2.5,853,1585,1978,310000.0,2025-12-15,Active,,,143,0.0,3,Yes,No,2025-12-15,2026-08-27
UPDATE,2026-08-27T00:00:00,2026-08-27,PT0557621,LST0557621,AG01556,LOC0039,Multi-Family,4,4.0,3987,1046,1935,1511000.0,2026-08-20,Active,,,0,0.0,0,No,Yes,2026-08-20,2026-08-27
UPDATE,2026-08-27T00:00:00,2026-08-27,PT0155638,LST0155638,AG00991,LOC0233,Single Family,2,4.0,523,1046,1923,123800.0,2025-10-31,Active,,,164,0.0,1,No,No,2025-10-31,2026-08-27
UPDATE,2026-08-27T00:00:00,2026-08-27,PT0140398,LST0140398,AG02246,LOC0145,Townhouse,3,1.0,1713,11540,1924,792100.0,2024-11-16,Pending,,,169,95.0,2,No,No,2024-11-16,2026-08-27
UPDATE,2026-08-27T00:00:00,2026-08-27,PT0503340,LST0503340,AG00685,LOC0019,Condo,3,1.0,1821,5858,1999,247100.0,2026-07-03,Pending,,,0,544.13,1,No,No,2026-07-03,2026-08-27
UPDATE,2026-08-27T00:00:00,2026-08-27,PT0048146,LST0048146,AG00231,LOC0008,Condo,2,1.0,802,7187,1903,89600.0,2025-05-15,Active,,,52,449.0,0,No,No,2025-05-15,2026-08-27
UPDATE,2026-08-27T00:00:00,2026-08-27,PT0406674,LST0406674,AG01058,LOC0235,Condo,5,3.5,2440,3446,1950,562400.0,2024-10-08,Active,,,64,485.0,2,No,No,2024-10-08,2026-08-27
UPDATE,2026-08-27T00:00:00,2026-08-27,PT0224873,LST0224873,AG01095,LOC0226,Single Family,3,4.0,2113,2325,1918,731500.0,2025-01-05,Active,,,119,0.0,3,No,No,2025-01-05,2026-08-27
UPDATE,2026-08-27T00:00:00,2026-08-27,PT0087004,LST0087004,AG02460,LOC0019,Apartment,4,3.5,580,0,2011,74200.0,2025-07-25,Pending,,,4,612.0,3,No,No,2025-07-25,2026-08-27
UPDATE,2026-08-27T00:00:00,2026-08-27,PT0548812,LST0548812,AG00935,LOC0114,Single Family,3,3.0,1304,1858,1972,207000.0,2026-08-12,Sold,196127.88,2026-08-27,15,0.0,2,No,Yes,2026-08-12,2026-08-27
UPDATE,2026-08-27T00:00:00,2026-08-27,PT0013377,LST0013377,AG02974,LOC0216,Apartment,2,1.5,1191,0,2011,208000.0,2025-10-30,Active,,,121,299.0,2,Yes,No,2025-10-30,2026-08-27
UPDATE,2026-08-27T00:00:00,2026-08-27,PT0545710,LST0545710,AG02789,LOC0115,Multi-Family,5,2.0,5456,3105,1943,891500.0,2026-08-09,Active,,,0,0.0,0,No,No,2026-08-09,2026-08-27
UPDATE,2026-08-27T00:00:00,2026-08-27,PT0075986,LST0075986,AG01037,LOC0078,Condo,2,2.0,2257,2944,1928,631000.0,2023-03-18,Sold,614335.99,2026-08-27,1258,563.0,3,No,No,2023-03-18,2026-08-27
UPDATE,2026-08-27T00:00:00,2026-08-27,PT0334764,LST0334764,AG01749,LOC0130,Single Family,2,1.5,2597,10202,1981,761100.0,2023-05-13,Sold,728051.05,2026-08-27,1202,0.0,1,No,No,2023-05-13,2026-08-27
UPDATE,2026-08-27T00:00:00,2026-08-27,PT0227625,LST0227625,AG01619,LOC0063,Condo,5,3.5,2294,17379,1992,875200.0,2024-10-09,Pending,,,168,556.0,2,No,No,2024-10-09,2026-08-27
UPDATE,2026-08-27T00:00:00,2026-08-27,PT0471322,LST0471322,AG01927,LOC0125,Single Family,6,3.0,1625,1538,2021,577400.0,2025-02-27,Active,,,125,0.0,1,No,No,2025-02-27,2026-08-27
UPDATE,2026-08-27T00:00:00,2026-08-27,PT0259803,LST0259803,AG01094,LOC0036,Single Family,3,2.0,2768,5602,2007,748600.0,2025-04-03,Sold,716102.86,2026-08-27,511,0.0,1,No,No,2025-04-03,2026-08-27
UPDATE,2026-08-27T00:00:00,2026-08-27,PT0123725,LST0123725,AG02326,LOC0102,Townhouse,6,2.0,3618,2313,2007,635600.0,2024-04-16,Active,,,128,75.0,1,No,No,2024-04-16,2026-08-27
UPDATE,2026-08-27T00:00:00,2026-08-27,PT0045254,LST0045254,AG00682,LOC0102,Single Family,1,1.5,1901,10790,1954,481700.0,2026-01-18,Pending,,,112,0.0,0,No,Yes,2026-01-18,2026-08-27
UPDATE,2026-08-27T00:00:00,2026-08-27,PT0533970,LST0533970,AG00935,LOC0008,Single Family,6,3.0,1798,1282,1901,348500.0,2026-07-30,Pending,,,0,0.0,1,No,No,2026-07-30,2026-08-27
UPDATE,2026-08-27T00:00:00,2026-08-27,PT0295045,LST0295045,AG00433,LOC0007,Multi-Family,2,3.5,4482,8882,1979,1703400.0,2024-12-28,Active,,,105,0.0,3,Yes,Yes,2024-12-28,2026-08-27
UPDATE,2026-08-27T00:00:00,2026-08-27,PT0133372,LST0133372,AG01103,LOC0192,Land,0,0.0,9070,5323,1915,3179800.0,2023-12-22,Sold,2817575.36,2026-08-27,979,0.0,0,No,No,2023-12-22,2026-08-27
UPDATE,2026-08-27T00:00:00,2026-08-27,PT0349317,LST0349317,AG00247,LOC0141,Condo,4,1.5,1131,2548,1967,272500.0,2025-10-10,Active,,,100,628.0,1,Yes,No,2025-10-10,2026-08-27
UPDATE,2026-08-27T00:00:00,2026-08-27,PT0478891,LST0478891,AG01440,LOC0137,Land,0,0.0,6452,6637,1929,1970500.0,2023-02-28,Sold,1769831.84,2026-08-27,1276,0.0,0,No,No,2023-02-28,2026-08-27
UPDATE,2026-08-27T00:00:00,2026-08-27,PT0038593,LST0038593,AG01620,LOC0102,Condo,2,1.5,1886,10132,1913,469500.0,2023-10-11,Pending,,,75,545.0,2,No,No,2023-10-11,2026-08-27
UPDATE,2026-08-27T00:00:00,2026-08-27,PT0549420,LST0549420,AG02639,LOC0197,Single Family,5,2.5,1818,3161,2009,884300.0,2026-08-13,Pending,,,0,0.0,1,No,Yes,2026-08-13,2026-08-27
UPDATE,2026-08-27T00:00:00,2026-08-27,PT0355162,LST0355162,AG00610,LOC0101,Condo,6,4.5,1678,3439,1970,581000.0,2024-04-07,Active,,,103,283.0,3,No,No,2024-04-07,2026-08-27
UPDATE,2026-08-27T00:00:00,2026-08-27,PT0403345,LST0403345,AG00838,LOC0189,Single Family,3,3.5,3373,5103,1911,1365000.0,2024-11-24,Active,,,144,0.0,2,No,No,2024-11-24,2026-08-27
UPDATE,2026-08-27T00:00:00,2026-08-27,PT0070983,LST0070983,AG01367,LOC0013,Townhouse,2,4.5,669,2111,1936,95400.0,2026-05-29,Pending,,,128,257.0,3,No,No,2026-05-29,2026-08-27
UPDATE,2026-08-27T00:00:00,2026-08-27,PT0411293,LST0411293,AG00879,LOC0225,Single Family,3,4.0,1117,7660,1984,195600.0,2026-05-03,Active,,,20,0.0,0,No,Yes,2026-05-03,2026-08-27
UPDATE,2026-08-27T00:00:00,2026-08-27,PT0556289,LST0556289,AG02326,LOC0144,Single Family,2,3.0,2322,10835,2023,521100.0,2026-08-19,Active,,,0,0.0,0,No,No,2026-08-19,2026-08-27
UPDATE,2026-08-27T00:00:00,2026-08-27,PT0268102,LST0268102,AG02949,LOC0203,Townhouse,1,4.5,1815,2984,1976,286500.0,2025-02-06,Sold,283095.89,2026-08-27,567,754.0,3,Yes,No,2025-02-06,2026-08-27
UPDATE,2026-08-27T00:00:00,2026-08-27,PT0462787,LST0462787,AG01279,LOC0219,Single Family,5,3.0,1513,1022,1921,911600.0,2026-04-22,Pending,,,67,0.0,1,No,No,2026-04-22,2026-08-27
UPDATE,2026-08-27T00:00:00,2026-08-27,PT0531524,LST0531524,AG02122,LOC0207,Condo,2,2.0,1595,3799,1942,281900.0,2026-07-28,Active,,,0,747.72,0,No,No,2026-07-28,2026-08-27
UPDATE,2026-08-27T00:00:00,2026-08-27,PT0443737,LST0443737,AG00198,LOC0126,Single Family,1,1.5,1830,5785,2018,531600.0,2023-01-27,Sold,499959.05,2026-08-27,1308,0.0,2,No,Yes,2023-01-27,2026-08-27
UPDATE,2026-08-27T00:00:00,2026-08-27,PT0516691,LST0516691,AG01744,LOC0059,Apartment,6,2.0,886,0,1947,154600.0,2026-07-14,Sold,150674.97,2026-08-27,44,587.92,0,No,No,2026-07-14,2026-08-27
UPDATE,2026-08-27T00:00:00,2026-08-27,PT0011416,LST0011416,AG01024,LOC0218,Condo,3,4.0,1939,3567,2015,561000.0,2024-11-20,Active,,,144,179.0,2,Yes,No,2024-11-20,2026-08-27
UPDATE,2026-08-27T00:00:00,2026-08-27,PT0526202,LST0526202,AG02131,LOC0085,Single Family,5,2.5,2945,2908,1981,743700.0,2026-07-23,Active,,,0,0.0,3,No,Yes,2026-07-23,2026-08-27
UPDATE,2026-08-27T00:00:00,2026-08-27,PT0507652,LST0507652,AG02777,LOC0063,Single Family,5,3.5,2198,4778,1994,1176000.0,2026-07-07,Pending,,,0,0.0,0,No,No,2026-07-07,2026-08-27
UPDATE,2026-08-27T00:00:00,2026-08-27,PT0509774,LST0509774,AG02172,LOC0081,Single Family,2,1.5,1853,1346,2012,618400.0,2026-07-08,Active,,,0,0.0,2,Yes,No,2026-07-08,2026-08-27
UPDATE,2026-08-27T00:00:00,2026-08-27,PT0011872,LST0011872,AG00500,LOC0066,Multi-Family,5,1.0,5343,3783,2019,1719200.0,2026-02-21,Active,,,54,0.0,0,No,No,2026-02-21,2026-08-27
UPDATE,2026-08-27T00:00:00,2026-08-27,PT0352570,LST0352570,AG01276,LOC0100,Single Family,5,4.5,1763,5485,1902,228700.0,2024-09-11,Active,,,158,0.0,0,No,Yes,2024-09-11,2026-08-27
UPDATE,2026-08-27T00:00:00,2026-08-27,PT0200392,LST0200392,AG01824,LOC0123,Land,0,0.0,5101,2716,1951,1979700.0,2024-04-09,Pending,,,171,0.0,0,No,No,2024-04-09,2026-08-27
UPDATE,2026-08-27T00:00:00,2026-08-27,PT0542562,LST0542562,AG01080,LOC0108,Land,0,0.0,8627,7953,2004,1383300.0,2026-08-06,Pending,,,0,0.0,0,No,No,2026-08-06,2026-08-27
UPDATE,2026-08-27T00:00:00,2026-08-27,PT0335276,LST0335276,AG02796,LOC0218,Single Family,3,2.5,2265,1142,1921,494400.0,2026-04-29,Pending,,,43,0.0,0,Yes,No,2026-04-29,2026-08-27
UPDATE,2026-08-27T00:00:00,2026-08-27,PT0445373,LST0445373,AG02064,LOC0242,Single Family,5,4.0,1258,5893,2008,411700.0,2024-05-31,Pending,,,1,0.0,2,No,No,2024-05-31,2026-08-27
UPDATE,2026-08-27T00:00:00,2026-08-27,PT0512827,LST0512827,AG00079,LOC0161,Condo,2,4.0,1248,4953,1932,518800.0,2026-07-11,Sold,481875.62,2026-08-27,47,524.72,2,Yes,No,2026-07-11,2026-08-27
UPDATE,2026-08-27T00:00:00,2026-08-27,PT0505199,LST0505199,AG01835,LOC0226,Single Family,4,2.0,1971,1516,1921,680600.0,2026-07-05,Pending,,,0,0.0,3,No,Yes,2026-07-05,2026-08-27
UPDATE,2026-08-27T00:00:00,2026-08-27,PT0223645,LST0223645,AG01395,LOC0185,Condo,2,1.5,2928,1912,1965,841500.0,2023-01-01,Pending,,,109,187.0,3,No,No,2023-01-01,2026-08-27
UPDATE,2026-08-27T00:00:00,2026-08-27,PT0008857,LST0008857,AG02591,LOC0120,Apartment,4,1.0,1759,0,1973,472100.0,2023-07-29,Pending,,,114,741.0,1,No,No,2023-07-29,2026-08-27
UPDATE,2026-08-27T00:00:00,2026-08-27,PT0482347,LST0482347,AG02736,LOC0231,Single Family,4,4.0,2624,6863,1939,567100.0,2026-03-20,Pending,,,85,0.0,3,No,No,2026-03-20,2026-08-27
UPDATE,2026-08-27T00:00:00,2026-08-27,PT0511167,LST0511167,AG02342,LOC0160,Apartment,3,3.5,618,0,1911,143800.0,2026-07-10,Sold,129033.52,2026-08-27,48,711.04,1,No,No,2026-07-10,2026-08-27
UPDATE,2026-08-27T00:00:00,2026-08-27,PT0507494,LST0507494,AG02059,LOC0095,Townhouse,1,4.5,2522,5258,1917,194200.0,2026-07-06,Active,,,0,131.63,1,No,No,2026-07-06,2026-08-27
UPDATE,2026-08-27T00:00:00,2026-08-27,PT0172262,LST0172262,AG01224,LOC0205,Townhouse,4,4.0,1109,3258,1926,122100.0,2025-03-19,Pending,,,25,630.0,3,No,No,2025-03-19,2026-08-27
UPDATE,2026-08-27T00:00:00,2026-08-27,PT0116266,LST0116266,AG00266,LOC0244,Land,0,0.0,6435,8289,1986,1580500.0,2023-05-20,Pending,,,95,0.0,0,No,No,2023-05-20,2026-08-27
UPDATE,2026-08-27T00:00:00,2026-08-27,PT0036717,LST0036717,AG01738,LOC0231,Multi-Family,2,3.0,5165,1027,2001,312700.0,2026-03-08,Sold,313859.53,2026-08-27,172,0.0,1,Yes,No,2026-03-08,2026-08-27
UPDATE,2026-08-27T00:00:00,2026-08-27,PT0480557,LST0480557,AG02856,LOC0145,Condo,5,4.0,300,6719,1921,85300.0,2025-06-22,Pending,,,11,797.0,2,No,No,2025-06-22,2026-08-27
UPDATE,2026-08-27T00:00:00,2026-08-27,PT0446755,LST0446755,AG00819,LOC0168,Single Family,5,2.0,1293,2791,2011,843500.0,2025-05-20,Pending,,,167,0.0,3,No,Yes,2025-05-20,2026-08-27
UPDATE,2026-08-27T00:00:00,2026-08-27,PT0520704,LST0520704,AG00526,LOC0081,Apartment,6,4.5,1539,0,1971,366600.0,2026-07-18,Active,,,0,234.2,1,No,No,2026-07-18,2026-08-27
UPDATE,2026-08-27T00:00:00,2026-08-27,PT0314177,LST0314177,AG02985,LOC0028,Townhouse,1,1.0,1415,2718,1985,186300.0,2024-06-03,Pending,,,163,401.0,2,No,No,2024-06-03,2026-08-27
UPDATE,2026-08-27T00:00:00,2026-08-27,PT0223764,LST0223764,AG00499,LOC0200,Single Family,6,3.5,1622,7735,2008,256200.0,2024-08-25,Sold,257805.29,2026-08-27,732,0.0,3,Yes,Yes,2024-08-25,2026-08-27
UPDATE,2026-08-27T00:00:00,2026-08-27,PT0036516,LST0036516,AG01738,LOC0235,Apartment,2,4.5,925,0,1959,291200.0,2023-05-06,Sold,293583.74,2026-08-27,1209,524.0,3,No,No,2023-05-06,2026-08-27
UPDATE,2026-08-27T00:00:00,2026-08-27,PT0166598,LST0166598,AG01457,LOC0010,Townhouse,2,4.0,1739,3132,1938,650200.0,2024-09-05,Pending,,,21,735.0,0,No,No,2024-09-05,2026-08-27
UPDATE,2026-08-27T00:00:00,2026-08-27,PT0376181,LST0376181,AG02967,LOC0100,Single Family,4,4.0,1396,2870,1995,261800.0,2025-10-03,Sold,258663.1,2026-08-27,328,0.0,0,No,Yes,2025-10-03,2026-08-27
UPDATE,2026-08-27T00:00:00,2026-08-27,PT0555787,LST0555787,AG01500,LOC0142,Multi-Family,1,2.5,4719,8929,1943,1521800.0,2026-08-19,Sold,1486948.8,2026-08-27,8,0.0,2,No,No,2026-08-19,2026-08-27
UPDATE,2026-08-27T00:00:00,2026-08-27,PT0369127,LST0369127,AG00194,LOC0211,Single Family,2,2.0,1202,3908,1979,619500.0,2025-06-28,Sold,621063.18,2026-08-27,425,0.0,3,No,Yes,2025-06-28,2026-08-27
UPDATE,2026-08-27T00:00:00,2026-08-27,PT0529209,LST0529209,AG01353,LOC0001,Townhouse,1,1.5,1496,3939,1965,406800.0,2026-07-26,Sold,396178.07,2026-08-27,32,55.01,0,Yes,No,2026-07-26,2026-08-27
UPDATE,2026-08-27T00:00:00,2026-08-27,PT0336847,LST0336847,AG00573,LOC0213,Condo,6,3.0,1810,4792,1966,200600.0,2025-08-14,Pending,,,116,337.0,0,No,No,2025-08-14,2026-08-27
UPDATE,2026-08-27T00:00:00,2026-08-27,PT0511448,LST0511448,AG01613,LOC0209,Single Family,2,4.0,1051,7350,1932,302300.0,2026-07-10,Sold,284990.36,2026-08-27,48,0.0,3,No,No,2026-07-10,2026-08-27
UPDATE,2026-08-27T00:00:00,2026-08-27,PT0406794,LST0406794,AG01988,LOC0236,Single Family,5,2.5,1737,16070,1975,240500.0,2025-09-27,Pending,,,129,0.0,1,No,No,2025-09-27,2026-08-27
UPDATE,2026-08-27T00:00:00,2026-08-27,PT0529189,LST0529189,AG01832,LOC0112,Land,0,0.0,3298,8200,1991,591200.0,2026-07-26,Pending,,,0,0.0,0,No,No,2026-07-26,2026-08-27
UPDATE,2026-08-27T00:00:00,2026-08-27,PT0531411,LST0531411,AG01706,LOC0077,Townhouse,4,4.0,1020,1206,1914,251900.0,2026-07-28,Pending,,,0,779.7,3,No,No,2026-07-28,2026-08-27
UPDATE,2026-08-27T00:00:00,2026-08-27,PT0325484,LST0325484,AG00320,LOC0190,Multi-Family,5,1.5,540,8058,2016,147100.0,2023-07-20,Pending,,,65,0.0,2,No,Yes,2023-07-20,2026-08-27
UPDATE,2026-08-27T00:00:00,2026-08-27,PT0356564,LST0356564,AG01926,LOC0161,Single Family,1,3.0,2672,4901,1904,1159100.0,2025-03-03,Pending,,,110,0.0,2,No,No,2025-03-03,2026-08-27
UPDATE,2026-08-27T00:00:00,2026-08-27,PT0238226,LST0238226,AG02316,LOC0233,Apartment,4,1.5,1511,0,1963,378500.0,2025-10-28,Active,,,96,177.0,0,No,No,2025-10-28,2026-08-27
UPDATE,2026-08-27T00:00:00,2026-08-27,PT0036579,LST0036579,AG02384,LOC0120,Condo,5,1.5,2306,2551,1940,1498900.0,2023-08-01,Pending,,,139,136.0,3,No,No,2023-08-01,2026-08-27
UPDATE,2026-08-27T00:00:00,2026-08-27,PT0070142,LST0070142,AG00338,LOC0027,Apartment,1,3.0,1170,0,1994,537200.0,2025-09-02,Pending,,,79,240.0,2,No,No,2025-09-02,2026-08-27
UPDATE,2026-08-27T00:00:00,2026-08-27,PT0476836,LST0476836,AG00001,LOC0003,Townhouse,6,3.5,551,3196,1982,102100.0,2026-01-03,Active,,,160,208.0,3,No,No,2026-01-03,2026-08-27
UPDATE,2026-08-27T00:00:00,2026-08-27,PT0208983,LST0208983,AG02378,LOC0141,Single Family,4,2.5,2395,3201,1969,570400.0,2024-06-06,Active,,,9,0.0,0,No,No,2024-06-06,2026-08-27
UPDATE,2026-08-27T00:00:00,2026-08-27,PT0160799,LST0160799,AG01923,LOC0024,Townhouse,3,1.0,2321,5118,1949,481700.0,2023-01-12,Sold,503462.36,2026-08-27,1323,461.0,0,No,No,2023-01-12,2026-08-27
UPDATE,2026-08-27T00:00:00,2026-08-27,PT0485065,LST0485065,AG00460,LOC0142,Land,0,0.0,6597,2991,1988,1176600.0,2025-01-05,Pending,,,94,0.0,0,No,No,2025-01-05,2026-08-27
UPDATE,2026-08-27T00:00:00,2026-08-27,PT0235480,LST0235480,AG02285,LOC0114,Condo,5,4.5,2538,6138,2019,524700.0,2023-03-07,Active,,,72,83.0,1,No,No,2023-03-07,2026-08-27
UPDATE,2026-08-27T00:00:00,2026-08-27,PT0133494,LST0133494,AG00705,LOC0165,Multi-Family,2,4.5,4789,2543,1954,1950400.0,2025-11-13,Active,,,120,0.0,3,No,No,2025-11-13,2026-08-27
UPDATE,2026-08-27T00:00:00,2026-08-27,PT0240364,LST0240364,AG01401,LOC0120,Condo,2,1.0,1986,4789,1905,279600.0,2023-04-15,Active,,,85,463.0,0,Yes,No,2023-04-15,2026-08-27
UPDATE,2026-08-27T00:00:00,2026-08-27,PT0043485,LST0043485,AG01797,LOC0012,Condo,3,3.0,1183,4949,1994,568000.0,2024-06-03,Pending,,,76,231.0,3,Yes,No,2024-06-03,2026-08-27
UPDATE,2026-08-27T00:00:00,2026-08-27,PT0017927,LST0017927,AG00947,LOC0148,Single Family,6,3.0,3093,8510,1923,482100.0,2025-09-17,Pending,,,74,0.0,2,Yes,Yes,2025-09-17,2026-08-27
UPDATE,2026-08-27T00:00:00,2026-08-27,PT0523342,LST0523342,AG00588,LOC0149,Multi-Family,1,4.5,4135,1195,1929,554700.0,2026-07-21,Active,,,0,0.0,0,No,No,2026-07-21,2026-08-27
UPDATE,2026-08-27T00:00:00,2026-08-27,PT0523721,LST0523721,AG02568,LOC0146,Single Family,5,1.5,2103,7831,2000,258400.0,2026-07-21,Sold,249421.64,2026-08-27,37,0.0,0,No,No,2026-07-21,2026-08-27
UPDATE,2026-08-27T00:00:00,2026-08-27,PT0085747,LST0085747,AG02806,LOC0099,Condo,1,3.5,1877,6514,1905,1166000.0,2024-01-02,Active,,,121,311.0,0,No,No,2024-01-02,2026-08-27
UPDATE,2026-08-27T00:00:00,2026-08-27,PT0291562,LST0291562,AG00242,LOC0248,Single Family,3,4.0,2852,1135,2023,904000.0,2024-03-04,Sold,866304.13,2026-08-27,906,0.0,2,No,Yes,2024-03-04,2026-08-27
UPDATE,2026-08-27T00:00:00,2026-08-27,PT0347424,LST0347424,AG00786,LOC0244,Single Family,5,1.0,2155,4346,1987,318200.0,2025-10-02,Sold,306350.28,2026-08-27,329,0.0,0,No,No,2025-10-02,2026-08-27
UPDATE,2026-08-27T00:00:00,2026-08-27,PT0103124,LST0103124,AG00263,LOC0140,Single Family,3,4.0,1740,6160,2014,585000.0,2025-12-01,Pending,,,108,0.0,3,No,No,2025-12-01,2026-08-27
UPDATE,2026-08-27T00:00:00,2026-08-27,PT0022658,LST0022658,AG02067,LOC0053,Single Family,4,1.5,1506,14451,1970,320400.0,2025-07-09,Pending,,,7,0.0,3,No,Yes,2025-07-09,2026-08-27
UPDATE,2026-08-27T00:00:00,2026-08-27,PT0085091,LST0085091,AG01333,LOC0072,Townhouse,3,2.5,969,2131,2024,78000.0,2024-03-12,Pending,,,135,693.0,1,No,No,2024-03-12,2026-08-27
UPDATE,2026-08-27T00:00:00,2026-08-27,PT0462159,LST0462159,AG01351,LOC0229,Townhouse,6,3.5,934,3948,2004,119500.0,2023-10-22,Active,,,47,82.0,1,No,No,2023-10-22,2026-08-27
UPDATE,2026-08-27T00:00:00,2026-08-27,PT0223005,LST0223005,AG00834,LOC0161,Condo,3,3.5,2686,14855,1971,611100.0,2026-01-28,Pending,,,148,539.0,1,No,No,2026-01-28,2026-08-27
UPDATE,2026-08-27T00:00:00,2026-08-27,PT0037835,LST0037835,AG00402,LOC0161,Townhouse,4,3.5,1360,5925,1983,597000.0,2024-02-15,Pending,,,12,716.0,3,No,No,2024-02-15,2026-08-27
UPDATE,2026-08-27T00:00:00,2026-08-27,PT0309306,LST0309306,AG02464,LOC0015,Apartment,5,4.0,183,0,2005,27900.0,2025-05-17,Pending,,,35,692.0,1,No,No,2025-05-17,2026-08-27
UPDATE,2026-08-27T00:00:00,2026-08-27,PT0063538,LST0063538,AG00949,LOC0048,Single Family,2,1.0,1760,6471,1984,702500.0,2026-04-10,Active,,,163,0.0,2,Yes,No,2026-04-10,2026-08-27
UPDATE,2026-08-27T00:00:00,2026-08-27,PT0441311,LST0441311,AG00652,LOC0154,Single Family,3,2.5,2984,9340,1984,337100.0,2024-08-17,Active,,,178,0.0,3,No,No,2024-08-17,2026-08-27
UPDATE,2026-08-27T00:00:00,2026-08-27,PT0465243,LST0465243,AG00961,LOC0202,Condo,2,3.0,466,1328,1911,129100.0,2026-01-18,Sold,127372.02,2026-08-27,221,406.0,3,No,No,2026-01-18,2026-08-27
UPDATE,2026-08-27T00:00:00,2026-08-27,PT0095059,LST0095059,AG02898,LOC0023,Single Family,1,1.0,2327,6222,1986,367100.0,2026-04-24,Pending,,,104,0.0,1,No,No,2026-04-24,2026-08-27
UPDATE,2026-08-27T00:00:00,2026-08-27,PT0275940,LST0275940,AG01572,LOC0134,Condo,5,4.0,1778,2470,1938,457100.0,2024-07-05,Pending,,,49,393.0,1,No,No,2024-07-05,2026-08-27
UPDATE,2026-08-27T00:00:00,2026-08-27,PT0383957,LST0383957,AG01787,LOC0048,Single Family,2,2.5,1592,2015,1970,651400.0,2024-05-21,Active,,,88,0.0,3,Yes,No,2024-05-21,2026-08-27
UPDATE,2026-08-27T00:00:00,2026-08-27,PT0015166,LST0015166,AG00007,LOC0224,Single Family,1,1.0,3085,3851,1979,1342800.0,2024-02-22,Active,,,24,0.0,2,No,Yes,2024-02-22,2026-08-27
UPDATE,2026-08-27T00:00:00,2026-08-27,PT0258108,LST0258108,AG01160,LOC0039,Single Family,6,1.5,1591,5735,1999,329500.0,2023-01-01,Pending,,,90,0.0,1,No,Yes,2023-01-01,2026-08-27
UPDATE,2026-08-27T00:00:00,2026-08-27,PT0559283,LST0559283,AG02237,LOC0084,Single Family,3,1.5,335,9479,1977,93900.0,2026-08-21,Sold,86506.36,2026-08-27,6,0.0,1,Yes,No,2026-08-21,2026-08-27
UPDATE,2026-08-27T00:00:00,2026-08-27,PT0074625,LST0074625,AG00986,LOC0059,Single Family,5,2.0,1732,1621,1995,304300.0,2023-11-04,Pending,,,106,0.0,0,No,No,2023-11-04,2026-08-27
UPDATE,2026-08-27T00:00:00,2026-08-27,PT0240201,LST0240201,AG01477,LOC0073,Townhouse,3,1.5,915,18603,1908,352300.0,2025-01-13,Sold,321885.64,2026-08-27,591,419.0,3,Yes,No,2025-01-13,2026-08-27
UPDATE,2026-08-27T00:00:00,2026-08-27,PT0235250,LST0235250,AG02678,LOC0029,Single Family,6,3.0,2393,1960,2014,574600.0,2023-09-11,Pending,,,57,0.0,2,No,No,2023-09-11,2026-08-27
UPDATE,2026-08-27T00:00:00,2026-08-27,PT0528141,LST0528141,AG01154,LOC0148,Single Family,3,1.0,1849,1357,1941,307700.0,2026-07-25,Pending,,,0,0.0,1,No,No,2026-07-25,2026-08-27
UPDATE,2026-08-27T00:00:00,2026-08-27,PT0087663,LST0087663,AG02919,LOC0207,Apartment,6,2.5,1376,0,1953,265200.0,2024-10-26,Pending,,,141,712.0,2,No,No,2024-10-26,2026-08-27
UPDATE,2026-08-27T00:00:00,2026-08-27,PT0163824,LST0163824,AG01848,LOC0196,Single Family,5,2.5,1109,1879,1927,462300.0,2025-01-13,Active,,,76,0.0,0,No,No,2025-01-13,2026-08-27
UPDATE,2026-08-27T00:00:00,2026-08-27,PT0536458,LST0536458,AG00541,LOC0115,Apartment,6,2.5,930,0,1983,281200.0,2026-08-01,Active,,,0,135.26,2,No,No,2026-08-01,2026-08-27
UPDATE,2026-08-27T00:00:00,2026-08-27,PT0540922,LST0540922,AG02951,LOC0152,Townhouse,3,1.0,1488,5939,1961,468700.0,2026-08-05,Active,,,0,780.08,3,No,No,2026-08-05,2026-08-27
UPDATE,2026-08-27T00:00:00,2026-08-27,PT0011439,LST0011439,AG02930,LOC0043,Single Family,2,1.0,2203,1768,1992,466200.0,2024-02-08,Active,,,165,0.0,3,No,Yes,2024-02-08,2026-08-27
UPDATE,2026-08-27T00:00:00,2026-08-27,PT0279880,LST0279880,AG02293,LOC0088,Condo,5,1.0,2601,2630,1980,398400.0,2025-03-16,Pending,,,93,407.0,1,Yes,No,2025-03-16,2026-08-27
UPDATE,2026-08-27T00:00:00,2026-08-27,PT0538982,LST0538982,AG00953,LOC0197,Multi-Family,5,4.0,3924,7276,1978,877700.0,2026-08-03,Pending,,,0,0.0,1,No,Yes,2026-08-03,2026-08-27
UPDATE,2026-08-27T00:00:00,2026-08-27,PT0063983,LST0063983,AG01103,LOC0035,Condo,5,1.0,1920,2323,1931,326200.0,2025-09-19,Active,,,34,178.0,2,Yes,No,2025-09-19,2026-08-27
UPDATE,2026-08-27T00:00:00,2026-08-27,PT0542657,LST0542657,AG00283,LOC0030,Land,0,0.0,7415,1829,1940,4338500.0,2026-08-06,Active,,,0,0.0,0,No,No,2026-08-06,2026-08-27
UPDATE,2026-08-27T00:00:00,2026-08-27,PT0380290,LST0380290,AG02834,LOC0118,Single Family,3,1.0,2374,5872,1962,390300.0,2024-08-08,Sold,375283.53,2026-08-27,749,0.0,2,No,Yes,2024-08-08,2026-08-27
UPDATE,2026-08-27T00:00:00,2026-08-27,PT0240966,LST0240966,AG00686,LOC0059,Condo,5,2.0,1625,1102,1923,248000.0,2026-05-13,Pending,,,36,596.0,1,No,No,2026-05-13,2026-08-27
UPDATE,2026-08-27T00:00:00,2026-08-27,PT0501836,LST0501836,AG00815,LOC0198,Single Family,2,1.0,2948,6675,1973,227600.0,2026-07-02,Pending,,,0,0.0,1,No,No,2026-07-02,2026-08-27
UPDATE,2026-08-27T00:00:00,2026-08-27,PT0022228,LST0022228,AG02280,LOC0122,Single Family,2,3.5,1468,1883,1953,418100.0,2023-09-11,Active,,,100,0.0,0,No,No,2023-09-11,2026-08-27
UPDATE,2026-08-27T00:00:00,2026-08-27,PT0552891,LST0552891,AG00686,LOC0226,Townhouse,3,1.5,1908,1143,1986,560000.0,2026-08-16,Pending,,,0,177.53,3,No,No,2026-08-16,2026-08-27
UPDATE,2026-08-27T00:00:00,2026-08-27,PT0538810,LST0538810,AG00536,LOC0210,Single Family,2,3.5,1642,2514,1954,817300.0,2026-08-03,Active,,,0,0.0,2,No,Yes,2026-08-03,2026-08-27
UPDATE,2026-08-27T00:00:00,2026-08-27,PT0066726,LST0066726,AG00453,LOC0114,Single Family,1,2.0,2913,5524,1952,511500.0,2023-05-01,Active,,,179,0.0,3,No,No,2023-05-01,2026-08-27
UPDATE,2026-08-27T00:00:00,2026-08-27,PT0116438,LST0116438,AG02930,LOC0076,Multi-Family,3,4.5,2871,2471,1912,468000.0,2025-06-21,Sold,457738.1,2026-08-27,432,0.0,0,No,Yes,2025-06-21,2026-08-27
UPDATE,2026-08-27T00:00:00,2026-08-27,PT0150318,LST0150318,AG01580,LOC0089,Multi-Family,6,4.0,2014,3031,1959,475500.0,2023-08-10,Pending,,,164,0.0,0,No,No,2023-08-10,2026-08-27
UPDATE,2026-08-27T00:00:00,2026-08-27,PT0374514,LST0374514,AG00860,LOC0103,Single Family,2,3.5,1224,4006,1986,372900.0,2023-05-08,Sold,366124.09,2026-08-27,1207,0.0,3,Yes,No,2023-05-08,2026-08-27
UPDATE,2026-08-27T00:00:00,2026-08-27,PT0051195,LST0051195,AG00689,LOC0097,Condo,1,4.5,2353,8407,1959,796800.0,2023-12-22,Pending,,,117,114.0,0,No,No,2023-12-22,2026-08-27
UPDATE,2026-08-27T00:00:00,2026-08-27,PT0501225,LST0501225,AG00054,LOC0028,Townhouse,4,3.5,1491,3863,1957,231200.0,2026-07-01,Active,,,0,255.43,0,No,No,2026-07-01,2026-08-27
UPDATE,2026-08-27T00:00:00,2026-08-27,PT0052722,LST0052722,AG02395,LOC0179,Condo,3,2.5,1922,7236,1926,341500.0,2023-02-23,Sold,359579.04,2026-08-27,1281,715.0,1,Yes,No,2023-02-23,2026-08-27
UPDATE,2026-08-27T00:00:00,2026-08-27,PT0220894,LST0220894,AG02795,LOC0045,Single Family,1,3.0,2265,1985,1922,731700.0,2024-12-27,Pending,,,129,0.0,0,No,Yes,2024-12-27,2026-08-27
UPDATE,2026-08-27T00:00:00,2026-08-27,PT0408273,LST0408273,AG02022,LOC0088,Condo,3,2.5,2391,2956,2008,319800.0,2025-01-02,Pending,,,41,345.0,0,No,No,2025-01-02,2026-08-27
UPDATE,2026-08-27T00:00:00,2026-08-27,PT0069768,LST0069768,AG01202,LOC0048,Townhouse,5,3.5,1630,5648,1957,628300.0,2026-03-03,Active,,,102,127.0,3,No,No,2026-03-03,2026-08-27
UPDATE,2026-08-27T00:00:00,2026-08-27,PT0463107,LST0463107,AG02488,LOC0199,Apartment,4,1.5,412,0,1917,82000.0,2025-02-09,Active,,,27,324.0,3,No,No,2025-02-09,2026-08-27
UPDATE,2026-08-27T00:00:00,2026-08-27,PT0404899,LST0404899,AG00568,LOC0170,Townhouse,6,2.5,1535,1495,1923,897500.0,2025-03-20,Active,,,92,655.0,1,No,No,2025-03-20,2026-08-27
UPDATE,2026-08-27T00:00:00,2026-08-27,PT0271983,LST0271983,AG00308,LOC0110,Condo,4,3.0,1065,4019,2016,262100.0,2023-09-21,Pending,,,69,476.0,0,Yes,No,2023-09-21,2026-08-27
UPDATE,2026-08-27T00:00:00,2026-08-27,PT0549255,LST0549255,AG02451,LOC0021,Condo,2,1.5,1507,6997,1923,157200.0,2026-08-13,Active,,,0,394.43,3,No,No,2026-08-13,2026-08-27
UPDATE,2026-08-27T00:00:00,2026-08-27,PT0304295,LST0304295,AG02635,LOC0182,Single Family,5,3.5,1210,14406,1988,164400.0,2025-10-16,Pending,,,115,0.0,0,No,No,2025-10-16,2026-08-27
UPDATE,2026-08-27T00:00:00,2026-08-27,PT0205198,LST0205198,AG00578,LOC0215,Multi-Family,5,4.5,3081,2491,1922,1210700.0,2023-06-18,Active,,,165,0.0,1,No,Yes,2023-06-18,2026-08-27
UPDATE,2026-08-27T00:00:00,2026-08-27,PT0158099,LST0158099,AG02487,LOC0213,Townhouse,2,4.5,1903,10625,1975,285800.0,2023-03-06,Active,,,179,387.0,2,No,No,2023-03-06,2026-08-27
UPDATE,2026-08-27T00:00:00,2026-08-27,PT0165890,LST0165890,AG02728,LOC0095,Multi-Family,5,1.5,3321,3318,1969,1336200.0,2025-03-02,Active,,,2,0.0,2,No,Yes,2025-03-02,2026-08-27
UPDATE,2026-08-27T00:00:00,2026-08-27,PT0107468,LST0107468,AG01954,LOC0004,Single Family,6,2.5,3757,8026,1938,399900.0,2025-10-01,Active,,,174,0.0,3,No,Yes,2025-10-01,2026-08-27
UPDATE,2026-08-27T00:00:00,2026-08-27,PT0132771,LST0132771,AG00433,LOC0181,Single Family,3,1.0,2296,6935,1933,926100.0,2023-07-17,Active,,,108,0.0,2,No,No,2023-07-17,2026-08-27
UPDATE,2026-08-27T00:00:00,2026-08-27,PT0048741,LST0048741,AG01953,LOC0012,Condo,3,2.0,699,2942,1913,193800.0,2025-07-08,Active,,,43,446.0,2,No,No,2025-07-08,2026-08-27
UPDATE,2026-08-27T00:00:00,2026-08-27,PT0541121,LST0541121,AG02970,LOC0223,Condo,5,1.5,1552,1498,1926,983600.0,2026-08-05,Sold,915140.21,2026-08-27,22,649.53,2,No,No,2026-08-05,2026-08-27
UPDATE,2026-08-27T00:00:00,2026-08-27,PT0162180,LST0162180,AG01460,LOC0104,Apartment,5,1.5,1327,0,1908,378600.0,2024-11-27,Sold,372879.41,2026-08-27,638,472.0,0,No,No,2024-11-27,2026-08-27
UPDATE,2026-08-27T00:00:00,2026-08-27,PT0526748,LST0526748,AG02431,LOC0113,Apartment,5,1.5,180,0,1927,85200.0,2026-07-24,Pending,,,0,714.1,3,Yes,No,2026-07-24,2026-08-27
UPDATE,2026-08-27T00:00:00,2026-08-27,PT0277386,LST0277386,AG02371,LOC0008,Multi-Family,2,4.0,1641,4645,1996,341000.0,2024-12-08,Pending,,,175,0.0,3,No,No,2024-12-08,2026-08-27
UPDATE,2026-08-27T00:00:00,2026-08-27,PT0394175,LST0394175,AG02954,LOC0141,Single Family,4,4.5,1395,14362,1940,258300.0,2024-01-22,Active,,,11,0.0,0,No,Yes,2024-01-22,2026-08-27
UPDATE,2026-08-27T00:00:00,2026-08-27,PT0245595,LST0245595,AG00012,LOC0150,Townhouse,5,3.0,2135,2344,1951,878600.0,2023-07-02,Active,,,167,450.0,2,Yes,No,2023-07-02,2026-08-27
UPDATE,2026-08-27T00:00:00,2026-08-27,PT0435937,LST0435937,AG02647,LOC0173,Townhouse,3,2.5,1426,9293,1959,564600.0,2025-10-25,Sold,557162.32,2026-08-27,306,437.0,3,No,No,2025-10-25,2026-08-27
UPDATE,2026-08-27T00:00:00,2026-08-27,PT0422207,LST0422207,AG01931,LOC0048,Single Family,2,1.0,1128,13787,1979,478400.0,2025-09-30,Sold,450823.79,2026-08-27,331,0.0,0,No,Yes,2025-09-30,2026-08-27
UPDATE,2026-08-27T00:00:00,2026-08-27,PT0156786,LST0156786,AG01821,LOC0001,Condo,6,1.5,2944,4389,2014,985500.0,2024-10-08,Pending,,,144,349.0,1,No,No,2024-10-08,2026-08-27
UPDATE,2026-08-27T00:00:00,2026-08-27,PT0026329,LST0026329,AG02172,LOC0059,Single Family,5,4.0,1650,20141,2011,354100.0,2026-06-15,Active,,,75,0.0,3,No,No,2026-06-15,2026-08-27
UPDATE,2026-08-27T00:00:00,2026-08-27,PT0523598,LST0523598,AG02731,LOC0226,Condo,6,3.5,718,1131,1942,197300.0,2026-07-21,Sold,198082.28,2026-08-27,37,645.32,3,No,No,2026-07-21,2026-08-27
UPDATE,2026-08-27T00:00:00,2026-08-27,PT0366609,LST0366609,AG00605,LOC0092,Single Family,2,1.0,3201,5260,1938,429900.0,2024-09-05,Pending,,,37,0.0,2,No,Yes,2024-09-05,2026-08-27
UPDATE,2026-08-27T00:00:00,2026-08-27,PT0545547,LST0545547,AG00977,LOC0135,Townhouse,3,3.5,1642,1065,2009,575600.0,2026-08-09,Active,,,0,664.66,1,No,No,2026-08-09,2026-08-27
UPDATE,2026-08-27T00:00:00,2026-08-27,PT0103963,LST0103963,AG01108,LOC0001,Condo,3,1.5,1252,1246,1986,157800.0,2024-05-12,Pending,,,114,705.0,3,No,No,2024-05-12,2026-08-27
UPDATE,2026-08-27T00:00:00,2026-08-27,PT0553137,LST0553137,AG01007,LOC0194,Condo,5,3.0,2677,5353,2014,739600.0,2026-08-16,Active,,,0,126.31,2,No,No,2026-08-16,2026-08-27
UPDATE,2026-08-27T00:00:00,2026-08-27,PT0367627,LST0367627,AG00074,LOC0023,Condo,5,2.5,2089,8838,1964,635300.0,2026-03-18,Pending,,,80,51.0,0,No,No,2026-03-18,2026-08-27
UPDATE,2026-08-27T00:00:00,2026-08-27,PT0193505,LST0193505,AG01125,LOC0045,Condo,5,4.0,2298,4255,1907,955400.0,2025-01-09,Sold,913128.94,2026-08-27,595,543.0,3,No,No,2025-01-09,2026-08-27
UPDATE,2026-08-27T00:00:00,2026-08-27,PT0169135,LST0169135,AG01111,LOC0155,Single Family,5,3.0,1491,2569,1971,332900.0,2025-04-30,Pending,,,46,0.0,0,Yes,No,2025-04-30,2026-08-27
UPDATE,2026-08-27T00:00:00,2026-08-27,PT0515156,LST0515156,AG00984,LOC0101,Townhouse,3,1.5,1148,1229,1944,111600.0,2026-07-13,Pending,,,0,513.74,3,No,No,2026-07-13,2026-08-27
UPDATE,2026-08-27T00:00:00,2026-08-27,PT0478026,LST0478026,AG00392,LOC0038,Single Family,4,3.5,2438,2714,1949,595000.0,2023-03-21,Pending,,,129,0.0,0,Yes,No,2023-03-21,2026-08-27
UPDATE,2026-08-27T00:00:00,2026-08-27,PT0312187,LST0312187,AG00673,LOC0235,Condo,3,4.5,1405,13375,1957,779100.0,2024-11-03,Sold,739963.21,2026-08-27,662,229.0,2,No,No,2024-11-03,2026-08-27
UPDATE,2026-08-27T00:00:00,2026-08-27,PT0299573,LST0299573,AG00196,LOC0028,Townhouse,1,1.5,1450,1212,1975,219300.0,2024-06-11,Pending,,,171,773.0,1,Yes,No,2024-06-11,2026-08-27
UPDATE,2026-08-27T00:00:00,2026-08-27,PT0507007,LST0507007,AG02489,LOC0123,Multi-Family,5,3.5,4249,14425,1934,1499600.0,2026-07-06,Pending,,,0,0.0,2,No,Yes,2026-07-06,2026-08-27
UPDATE,2026-08-27T00:00:00,2026-08-27,PT0178770,LST0178770,AG01282,LOC0133,Condo,1,4.0,887,1711,1904,154300.0,2023-08-27,Pending,,,170,608.0,0,No,No,2023-08-27,2026-08-27
UPDATE,2026-08-27T00:00:00,2026-08-27,PT0523632,LST0523632,AG02531,LOC0105,Single Family,3,2.0,2074,5616,2022,181400.0,2026-07-21,Pending,,,0,0.0,0,No,No,2026-07-21,2026-08-27
UPDATE,2026-08-27T00:00:00,2026-08-27,PT0292482,LST0292482,AG00972,LOC0218,Single Family,5,2.0,2404,6588,1962,1085200.0,2025-02-27,Sold,1039458.28,2026-08-27,546,0.0,2,Yes,Yes,2025-02-27,2026-08-27
UPDATE,2026-08-27T00:00:00,2026-08-27,PT0177853,LST0177853,AG02855,LOC0205,Land,0,0.0,5565,6832,1944,2392300.0,2023-06-14,Active,,,35,0.0,0,No,No,2023-06-14,2026-08-27
UPDATE,2026-08-27T00:00:00,2026-08-27,PT0470115,LST0470115,AG01203,LOC0006,Land,0,0.0,4740,3914,1919,734500.0,2025-04-11,Sold,615900.01,2026-08-27,503,0.0,0,No,No,2025-04-11,2026-08-27
UPDATE,2026-08-27T00:00:00,2026-08-27,PT0521723,LST0521723,AG00309,LOC0193,Townhouse,1,2.0,1263,3397,1974,608900.0,2026-07-19,Pending,,,0,263.73,0,No,No,2026-07-19,2026-08-27
UPDATE,2026-08-27T00:00:00,2026-08-27,PT0070528,LST0070528,AG02817,LOC0170,Multi-Family,2,4.0,2985,1022,1902,1506700.0,2024-03-20,Pending,,,174,0.0,1,No,No,2024-03-20,2026-08-27
UPDATE,2026-08-27T00:00:00,2026-08-27,PT0023873,LST0023873,AG01107,LOC0116,Townhouse,6,1.0,2704,3337,1966,773100.0,2023-06-25,Sold,781183.92,2026-08-27,1159,318.0,2,No,No,2023-06-25,2026-08-27
UPDATE,2026-08-27T00:00:00,2026-08-27,PT0380043,LST0380043,AG02000,LOC0062,Single Family,3,4.0,2040,4798,1921,354200.0,2025-05-27,Pending,,,174,0.0,0,No,Yes,2025-05-27,2026-08-27
UPDATE,2026-08-27T00:00:00,2026-08-27,PT0528800,LST0528800,AG02565,LOC0052,Apartment,2,4.5,581,0,1963,69200.0,2026-07-25,Active,,,0,317.38,2,No,No,2026-07-25,2026-08-27
UPDATE,2026-08-27T00:00:00,2026-08-27,PT0542614,LST0542614,AG02068,LOC0094,Single Family,4,4.5,2196,6050,1940,423800.0,2026-08-06,Active,,,0,0.0,0,Yes,No,2026-08-06,2026-08-27
UPDATE,2026-08-27T00:00:00,2026-08-27,PT0549313,LST0549313,AG00275,LOC0176,Multi-Family,2,3.5,3708,3803,2003,1400600.0,2026-08-13,Pending,,,0,0.0,1,No,No,2026-08-13,2026-08-27
UPDATE,2026-08-27T00:00:00,2026-08-27,PT0115120,LST0115120,AG02688,LOC0144,Single Family,5,3.5,1860,5971,2013,107300.0,2025-09-23,Pending,,,13,0.0,1,No,No,2025-09-23,2026-08-27
UPDATE,2026-08-27T00:00:00,2026-08-27,PT0326121,LST0326121,AG02262,LOC0151,Townhouse,2,2.0,2133,1074,1939,800000.0,2025-01-28,Sold,839673.53,2026-08-27,576,447.0,2,Yes,No,2025-01-28,2026-08-27
UPDATE,2026-08-27T00:00:00,2026-08-27,PT0265496,LST0265496,AG02213,LOC0216,Condo,6,2.5,598,1306,2005,92300.0,2023-10-09,Sold,88160.68,2026-08-27,1053,570.0,0,Yes,No,2023-10-09,2026-08-27
UPDATE,2026-08-27T00:00:00,2026-08-27,PT0438502,LST0438502,AG00781,LOC0095,Townhouse,4,2.0,1279,6954,1945,237600.0,2026-02-01,Active,,,21,226.0,3,No,No,2026-02-01,2026-08-27
UPDATE,2026-08-27T00:00:00,2026-08-27,PT0303563,LST0303563,AG01461,LOC0006,Apartment,4,2.0,1712,0,1981,335000.0,2025-01-23,Sold,361922.52,2026-08-27,581,384.0,2,No,No,2025-01-23,2026-08-27
UPDATE,2026-08-27T00:00:00,2026-08-27,PT0510775,LST0510775,AG01266,LOC0076,Single Family,2,3.0,858,10716,1940,174400.0,2026-07-09,Pending,,,0,0.0,3,No,No,2026-07-09,2026-08-27
UPDATE,2026-08-27T00:00:00,2026-08-27,PT0089353,LST0089353,AG02656,LOC0237,Single Family,1,2.0,3047,9188,2002,287900.0,2024-09-01,Pending,,,9,0.0,1,Yes,No,2024-09-01,2026-08-27
UPDATE,2026-08-27T00:00:00,2026-08-27,PT0524116,LST0524116,AG02332,LOC0164,Townhouse,2,2.0,2476,3158,2019,1164400.0,2026-07-22,Sold,1175445.68,2026-08-27,36,220.37,2,No,No,2026-07-22,2026-08-27
UPDATE,2026-08-27T00:00:00,2026-08-27,PT0198882,LST0198882,AG00673,LOC0078,Single Family,3,3.0,2391,7053,2010,877900.0,2023-03-28,Active,,,46,0.0,2,No,No,2023-03-28,2026-08-27
UPDATE,2026-08-27T00:00:00,2026-08-27,PT0540366,LST0540366,AG01306,LOC0145,Single Family,4,1.5,426,4742,1961,95900.0,2026-08-04,Sold,94624.11,2026-08-27,23,0.0,0,Yes,Yes,2026-08-04,2026-08-27
UPDATE,2026-08-27T00:00:00,2026-08-27,PT0170366,LST0170366,AG02402,LOC0012,Single Family,3,4.5,2267,3611,2023,445600.0,2024-01-20,Pending,,,170,0.0,3,No,Yes,2024-01-20,2026-08-27
UPDATE,2026-08-27T00:00:00,2026-08-27,PT0501465,LST0501465,AG01679,LOC0188,Townhouse,3,2.0,2627,1113,1936,671900.0,2026-07-02,Active,,,0,772.48,2,Yes,No,2026-07-02,2026-08-27
UPDATE,2026-08-27T00:00:00,2026-08-27,PT0063460,LST0063460,AG00657,LOC0185,Condo,3,2.0,1500,4533,1987,371800.0,2023-11-19,Pending,,,121,260.0,2,Yes,No,2023-11-19,2026-08-27
UPDATE,2026-08-27T00:00:00,2026-08-27,PT0056920,LST0056920,AG00618,LOC0094,Land,0,0.0,9213,2397,1952,2254800.0,2024-06-13,Sold,2062061.54,2026-08-27,805,0.0,0,No,No,2024-06-13,2026-08-27
UPDATE,2026-08-27T00:00:00,2026-08-27,PT0080917,LST0080917,AG01147,LOC0210,Single Family,3,2.0,944,1720,1903,271700.0,2024-04-15,Pending,,,10,0.0,2,No,Yes,2024-04-15,2026-08-27
UPDATE,2026-08-27T00:00:00,2026-08-27,PT0516495,LST0516495,AG00171,LOC0080,Townhouse,6,3.5,1954,5268,1998,401100.0,2026-07-14,Active,,,0,343.12,3,No,No,2026-07-14,2026-08-27
UPDATE,2026-08-27T00:00:00,2026-08-27,PT0139564,LST0139564,AG00034,LOC0117,Townhouse,1,4.0,2503,6694,1953,374200.0,2023-11-17,Active,,,23,357.0,3,Yes,No,2023-11-17,2026-08-27
UPDATE,2026-08-27T00:00:00,2026-08-27,PT0062852,LST0062852,AG00412,LOC0228,Single Family,4,2.5,1596,5340,1957,849300.0,2026-04-11,Sold,767690.12,2026-08-27,138,0.0,3,No,Yes,2026-04-11,2026-08-27
UPDATE,2026-08-27T00:00:00,2026-08-27,PT0030672,LST0030672,AG01360,LOC0113,Single Family,6,2.5,1522,4528,1915,561900.0,2023-11-29,Active,,,16,0.0,3,No,No,2023-11-29,2026-08-27
UPDATE,2026-08-27T00:00:00,2026-08-27,PT0402390,LST0402390,AG02861,LOC0006,Apartment,3,3.0,1235,0,2020,266100.0,2026-04-20,Sold,228302.21,2026-08-27,129,277.0,3,Yes,No,2026-04-20,2026-08-27
UPDATE,2026-08-27T00:00:00,2026-08-27,PT0444623,LST0444623,AG00010,LOC0022,Condo,3,3.5,1089,4823,2013,283500.0,2024-01-03,Pending,,,175,755.0,1,No,No,2024-01-03,2026-08-27
UPDATE,2026-08-27T00:00:00,2026-08-27,PT0486976,LST0486976,AG01632,LOC0073,Townhouse,5,3.5,1704,3572,2007,910800.0,2026-06-02,Pending,,,13,694.0,1,No,No,2026-06-02,2026-08-27
UPDATE,2026-08-27T00:00:00,2026-08-27,PT0539775,LST0539775,AG00255,LOC0119,Single Family,2,1.5,2192,5712,1913,463400.0,2026-08-04,Active,,,0,0.0,3,No,No,2026-08-04,2026-08-27
UPDATE,2026-08-27T00:00:00,2026-08-27,PT0017093,LST0017093,AG00250,LOC0005,Condo,4,1.0,2330,7289,1953,387400.0,2025-12-03,Active,,,163,506.0,2,Yes,No,2025-12-03,2026-08-27
UPDATE,2026-08-27T00:00:00,2026-08-27,PT0526586,LST0526586,AG02378,LOC0227,Single Family,1,3.5,1340,3649,1975,254400.0,2026-07-24,Pending,,,0,0.0,2,Yes,No,2026-07-24,2026-08-27
UPDATE,2026-08-27T00:00:00,2026-08-27,PT0169498,LST0169498,AG02508,LOC0217,Condo,3,4.0,1883,6425,1960,287200.0,2023-08-08,Sold,268913.77,2026-08-27,1115,54.0,3,No,No,2023-08-08,2026-08-27
UPDATE,2026-08-27T00:00:00,2026-08-27,PT0001439,LST0001439,AG02580,LOC0220,Single Family,3,1.5,1493,1328,2000,511800.0,2024-04-30,Active,,,11,0.0,2,No,Yes,2024-04-30,2026-08-27
UPDATE,2026-08-27T00:00:00,2026-08-27,PT0522601,LST0522601,AG02840,LOC0233,Multi-Family,3,2.0,2617,1507,1921,730000.0,2026-07-20,Pending,,,0,0.0,0,No,No,2026-07-20,2026-08-27
UPDATE,2026-08-27T00:00:00,2026-08-27,PT0235728,LST0235728,AG02723,LOC0241,Single Family,5,1.5,3447,1984,1960,375200.0,2024-02-12,Active,,,97,0.0,1,Yes,No,2024-02-12,2026-08-27
UPDATE,2026-08-27T00:00:00,2026-08-27,PT0306381,LST0306381,AG01411,LOC0094,Apartment,3,2.5,2012,0,1900,136900.0,2024-08-28,Pending,,,166,268.0,0,No,No,2024-08-28,2026-08-27
UPDATE,2026-08-27T00:00:00,2026-08-27,PT0241130,LST0241130,AG01144,LOC0126,Townhouse,4,2.0,1396,3106,1917,705400.0,2024-01-11,Pending,,,53,761.0,0,No,No,2024-01-11,2026-08-27
UPDATE,2026-08-27T00:00:00,2026-08-27,PT0562683,LST0562683,AG02495,LOC0097,Single Family,4,4.0,2269,4251,1929,492600.0,2026-08-24,Pending,,,0,0.0,3,No,Yes,2026-08-24,2026-08-27
UPDATE,2026-08-27T00:00:00,2026-08-27,PT0493449,LST0493449,AG00416,LOC0144,Land,0,0.0,4481,4202,1966,1027700.0,2024-12-12,Pending,,,174,0.0,0,No,No,2024-12-12,2026-08-27
UPDATE,2026-08-27T00:00:00,2026-08-27,PT0515248,LST0515248,AG02220,LOC0101,Land,0,0.0,6365,2115,2012,675300.0,2026-07-13,Pending,,,0,0.0,0,No,No,2026-07-13,2026-08-27
UPDATE,2026-08-27T00:00:00,2026-08-27,PT0555238,LST0555238,AG01578,LOC0191,Single Family,6,2.5,1947,2426,1962,1050000.0,2026-08-18,Pending,,,0,0.0,0,No,Yes,2026-08-18,2026-08-27
UPDATE,2026-08-27T00:00:00,2026-08-27,PT0454194,LST0454194,AG01927,LOC0028,Single Family,1,1.5,1433,2433,1998,136300.0,2024-08-22,Pending,,,177,0.0,2,No,No,2024-08-22,2026-08-27
UPDATE,2026-08-27T00:00:00,2026-08-27,PT0203129,LST0203129,AG02899,LOC0203,Condo,5,4.0,1668,1756,1961,88900.0,2025-05-28,Active,,,59,91.0,0,No,No,2025-05-28,2026-08-27
UPDATE,2026-08-27T00:00:00,2026-08-27,PT0312886,LST0312886,AG02234,LOC0192,Condo,5,3.0,2142,2038,1997,309800.0,2023-04-09,Active,,,90,355.0,3,No,No,2023-04-09,2026-08-27
UPDATE,2026-08-27T00:00:00,2026-08-27,PT0417374,LST0417374,AG01583,LOC0001,Single Family,1,3.0,2995,3897,1994,545300.0,2025-04-08,Pending,,,124,0.0,2,No,No,2025-04-08,2026-08-27
UPDATE,2026-08-27T00:00:00,2026-08-27,PT0543614,LST0543614,AG02405,LOC0124,Townhouse,5,1.0,1869,1138,1974,644200.0,2026-08-07,Active,,,0,244.75,2,No,No,2026-08-07,2026-08-27
UPDATE,2026-08-27T00:00:00,2026-08-27,PT0028611,LST0028611,AG01212,LOC0162,Multi-Family,5,4.5,4809,2089,1958,527500.0,2024-10-28,Sold,513657.09,2026-08-27,668,0.0,1,No,No,2024-10-28,2026-08-27
UPDATE,2026-08-27T00:00:00,2026-08-27,PT0356060,LST0356060,AG00413,LOC0096,Apartment,2,2.5,761,0,1908,146000.0,2026-04-02,Pending,,,5,661.0,2,No,No,2026-04-02,2026-08-27
UPDATE,2026-08-27T00:00:00,2026-08-27,PT0521423,LST0521423,AG01854,LOC0177,Condo,2,4.5,2313,4111,1922,829900.0,2026-07-19,Sold,759713.9,2026-08-27,39,637.87,0,No,No,2026-07-19,2026-08-27
UPDATE,2026-08-27T00:00:00,2026-08-27,PT0498828,LST0498828,AG01406,LOC0206,Apartment,5,4.0,1581,0,1939,588700.0,2024-12-11,Active,,,154,160.0,0,No,No,2024-12-11,2026-08-27
UPDATE,2026-08-27T00:00:00,2026-08-27,PT0015768,LST0015768,AG01934,LOC0228,Single Family,5,1.0,1879,2905,1928,883700.0,2025-05-30,Pending,,,88,0.0,3,Yes,No,2025-05-30,2026-08-27
UPDATE,2026-08-27T00:00:00,2026-08-27,PT0508676,LST0508676,AG02698,LOC0241,Single Family,6,4.5,2903,7807,1920,421100.0,2026-07-07,Active,,,0,0.0,1,No,Yes,2026-07-07,2026-08-27
UPDATE,2026-08-27T00:00:00,2026-08-27,PT0557377,LST0557377,AG01580,LOC0198,Townhouse,1,3.0,2304,1921,1976,348600.0,2026-08-20,Pending,,,0,466.71,3,No,No,2026-08-20,2026-08-27
UPDATE,2026-08-27T00:00:00,2026-08-27,PT0239949,LST0239949,AG00804,LOC0169,Condo,1,2.0,1498,1578,2011,425000.0,2024-08-30,Pending,,,89,515.0,3,No,No,2024-08-30,2026-08-27
UPDATE,2026-08-27T00:00:00,2026-08-27,PT0032538,LST0032538,AG01119,LOC0201,Condo,2,4.0,1900,6392,1937,318700.0,2026-06-20,Pending,,,117,194.0,1,No,No,2026-06-20,2026-08-27
UPDATE,2026-08-27T00:00:00,2026-08-27,PT0411626,LST0411626,AG00899,LOC0193,Apartment,2,1.5,1480,0,1981,709100.0,2023-08-05,Active,,,22,84.0,1,No,No,2023-08-05,2026-08-27
UPDATE,2026-08-27T00:00:00,2026-08-27,PT0536531,LST0536531,AG00698,LOC0143,Apartment,2,2.5,1069,0,2014,57100.0,2026-08-01,Pending,,,0,81.95,2,No,No,2026-08-01,2026-08-27
UPDATE,2026-08-27T00:00:00,2026-08-27,PT0507233,LST0507233,AG00328,LOC0079,Condo,2,2.0,2283,4778,1999,602000.0,2026-07-06,Pending,,,0,251.69,0,Yes,No,2026-07-06,2026-08-27
UPDATE,2026-08-27T00:00:00,2026-08-27,PT0340232,LST0340232,AG01582,LOC0155,Townhouse,6,1.5,1301,20390,2009,163100.0,2024-10-27,Pending,,,1,712.0,3,No,No,2024-10-27,2026-08-27
UPDATE,2026-08-27T00:00:00,2026-08-27,PT0554875,LST0554875,AG01041,LOC0164,Condo,6,2.0,1962,2217,1939,157800.0,2026-08-18,Pending,,,0,487.73,0,No,No,2026-08-18,2026-08-27
UPDATE,2026-08-27T00:00:00,2026-08-27,PT0518031,LST0518031,AG02144,LOC0186,Single Family,3,3.5,1245,3735,1970,330400.0,2026-07-15,Pending,,,0,0.0,2,No,Yes,2026-07-15,2026-08-27
UPDATE,2026-08-27T00:00:00,2026-08-27,PT0302167,LST0302167,AG02807,LOC0113,Single Family,6,1.5,3452,4464,1924,1015900.0,2024-06-28,Active,,,67,0.0,2,No,Yes,2024-06-28,2026-08-27
UPDATE,2026-08-27T00:00:00,2026-08-27,PT0529421,LST0529421,AG00105,LOC0249,Condo,4,4.0,674,7230,2020,260500.0,2026-07-26,Pending,,,0,558.61,0,No,No,2026-07-26,2026-08-27
UPDATE,2026-08-27T00:00:00,2026-08-27,PT0545425,LST0545425,AG02502,LOC0250,Single Family,4,1.0,2685,2008,1960,574500.0,2026-08-09,Active,,,0,0.0,0,Yes,Yes,2026-08-09,2026-08-27
UPDATE,2026-08-27T00:00:00,2026-08-27,PT0511847,LST0511847,AG00846,LOC0213,Single Family,5,1.0,1234,1096,1933,128600.0,2026-07-10,Active,,,0,0.0,1,Yes,No,2026-07-10,2026-08-27
UPDATE,2026-08-27T00:00:00,2026-08-27,PT0298839,LST0298839,AG02205,LOC0069,Townhouse,3,1.0,418,3533,1992,86500.0,2023-05-30,Pending,,,86,85.0,0,No,No,2023-05-30,2026-08-27
UPDATE,2026-08-27T00:00:00,2026-08-27,PT0485946,LST0485946,AG00463,LOC0222,Land,0,0.0,3061,5137,1938,733900.0,2024-03-06,Pending,,,106,0.0,0,No,No,2024-03-06,2026-08-27
UPDATE,2026-08-27T00:00:00,2026-08-27,PT0442591,LST0442591,AG00254,LOC0083,Multi-Family,6,4.5,3464,1212,1930,638300.0,2024-05-01,Active,,,57,0.0,3,No,Yes,2024-05-01,2026-08-27
UPDATE,2026-08-27T00:00:00,2026-08-27,PT0157597,LST0157597,AG01552,LOC0019,Apartment,3,3.0,1279,0,1998,241200.0,2023-02-12,Pending,,,165,414.0,0,Yes,No,2023-02-12,2026-08-27
UPDATE,2026-08-27T00:00:00,2026-08-27,PT0132296,LST0132296,AG02793,LOC0071,Single Family,3,3.0,931,13776,1915,274600.0,2023-09-29,Active,,,157,0.0,3,Yes,Yes,2023-09-29,2026-08-27
UPDATE,2026-08-27T00:00:00,2026-08-27,PT0226944,LST0226944,AG01372,LOC0224,Townhouse,6,1.5,2076,1990,1941,821300.0,2023-04-26,Active,,,4,216.0,0,No,No,2023-04-26,2026-08-27
UPDATE,2026-08-27T00:00:00,2026-08-27,PT0181909,LST0181909,AG00017,LOC0181,Apartment,2,1.5,301,0,2002,49300.0,2025-02-01,Active,,,63,701.0,0,No,No,2025-02-01,2026-08-27
UPDATE,2026-08-27T00:00:00,2026-08-27,PT0372627,LST0372627,AG01613,LOC0144,Apartment,1,2.0,1260,0,1988,730400.0,2023-05-02,Pending,,,125,302.0,0,No,No,2023-05-02,2026-08-27
UPDATE,2026-08-27T00:00:00,2026-08-27,PT0099339,LST0099339,AG00180,LOC0089,Single Family,2,2.5,569,5418,1986,257600.0,2023-07-19,Active,,,115,0.0,3,No,Yes,2023-07-19,2026-08-27
UPDATE,2026-08-27T00:00:00,2026-08-27,PT0281624,LST0281624,AG01109,LOC0182,Condo,1,4.0,1593,17445,1938,315600.0,2024-05-16,Active,,,65,665.0,2,No,No,2024-05-16,2026-08-27
UPDATE,2026-08-27T00:00:00,2026-08-27,PT0510153,LST0510153,AG00900,LOC0065,Multi-Family,1,3.5,4200,1065,2011,1358000.0,2026-07-09,Pending,,,0,0.0,0,No,Yes,2026-07-09,2026-08-27
UPDATE,2026-08-27T00:00:00,2026-08-27,PT0044345,LST0044345,AG01862,LOC0139,Single Family,4,2.0,542,2415,2022,197000.0,2025-01-08,Pending,,,168,0.0,1,No,Yes,2025-01-08,2026-08-27
UPDATE,2026-08-27T00:00:00,2026-08-27,PT0249093,LST0249093,AG00764,LOC0153,Townhouse,5,2.5,2302,3032,1946,918000.0,2023-08-23,Pending,,,32,348.0,0,No,No,2023-08-23,2026-08-27
UPDATE,2026-08-27T00:00:00,2026-08-27,PT0305174,LST0305174,AG02702,LOC0238,Single Family,5,4.0,778,2492,1980,123900.0,2023-07-11,Sold,124081.08,2026-08-27,1143,0.0,0,Yes,No,2023-07-11,2026-08-27
UPDATE,2026-08-27T00:00:00,2026-08-27,PT0508250,LST0508250,AG01399,LOC0237,Single Family,3,2.5,2205,1515,2023,213300.0,2026-07-07,Sold,197298.08,2026-08-27,51,0.0,0,No,No,2026-07-07,2026-08-27
UPDATE,2026-08-27T00:00:00,2026-08-27,PT0517801,LST0517801,AG01538,LOC0145,Single Family,1,2.0,2037,4144,2010,517200.0,2026-07-15,Sold,494416.6,2026-08-27,43,0.0,2,No,Yes,2026-07-15,2026-08-27
UPDATE,2026-08-27T00:00:00,2026-08-27,PT0141864,LST0141864,AG02887,LOC0037,Land,0,0.0,6781,6544,2004,2960800.0,2026-01-24,Pending,,,161,0.0,0,No,No,2026-01-24,2026-08-27
UPDATE,2026-08-27T00:00:00,2026-08-27,PT0209601,LST0209601,AG02664,LOC0241,Apartment,5,4.0,739,0,2020,23200.0,2026-01-19,Active,,,41,94.0,0,No,No,2026-01-19,2026-08-27
UPDATE,2026-08-27T00:00:00,2026-08-27,PT0526825,LST0526825,AG00287,LOC0114,Townhouse,1,4.0,1677,4829,1944,389700.0,2026-07-24,Sold,393993.3,2026-08-27,34,506.69,2,No,No,2026-07-24,2026-08-27
UPDATE,2026-08-27T00:00:00,2026-08-27,PT0488094,LST0488094,AG02501,LOC0167,Single Family,2,2.0,2042,1772,1925,947600.0,2024-12-07,Pending,,,11,0.0,3,No,No,2024-12-07,2026-08-27
UPDATE,2026-08-27T00:00:00,2026-08-27,PT0459656,LST0459656,AG02502,LOC0019,Single Family,5,3.0,1644,4996,1994,278100.0,2025-12-05,Sold,257137.73,2026-08-27,265,0.0,2,No,Yes,2025-12-05,2026-08-27
UPDATE,2026-08-27T00:00:00,2026-08-27,PT0550163,LST0550163,AG00617,LOC0107,Single Family,4,1.0,1491,2385,1943,304300.0,2026-08-13,Sold,303921.81,2026-08-27,14,0.0,3,No,Yes,2026-08-13,2026-08-27
UPDATE,2026-08-27T00:00:00,2026-08-27,PT0559776,LST0559776,AG01421,LOC0031,Single Family,6,4.0,2648,8492,1957,623300.0,2026-08-22,Pending,,,0,0.0,0,No,Yes,2026-08-22,2026-08-27
UPDATE,2026-08-27T00:00:00,2026-08-27,PT0200467,LST0200467,AG00231,LOC0042,Townhouse,2,4.5,2838,3210,1954,686800.0,2026-05-06,Pending,,,169,387.0,0,No,No,2026-05-06,2026-08-27
UPDATE,2026-08-27T00:00:00,2026-08-27,PT0442128,LST0442128,AG02087,LOC0011,Single Family,1,2.5,2151,5875,1940,838800.0,2025-11-14,Active,,,115,0.0,0,No,No,2025-11-14,2026-08-27
UPDATE,2026-08-27T00:00:00,2026-08-27,PT0152986,LST0152986,AG02865,LOC0042,Condo,5,2.0,1831,3770,1958,492800.0,2025-02-07,Pending,,,52,585.0,0,No,No,2025-02-07,2026-08-27
UPDATE,2026-08-27T00:00:00,2026-08-27,PT0113504,LST0113504,AG00653,LOC0208,Apartment,1,3.5,960,0,1964,330000.0,2023-03-31,Active,,,126,231.0,2,No,No,2023-03-31,2026-08-27
UPDATE,2026-08-27T00:00:00,2026-08-27,PT0368158,LST0368158,AG01891,LOC0108,Land,0,0.0,4831,1562,1940,212100.0,2025-03-15,Pending,,,132,0.0,0,No,No,2025-03-15,2026-08-27
UPDATE,2026-08-27T00:00:00,2026-08-27,PT0197992,LST0197992,AG02135,LOC0021,Single Family,1,1.5,3055,2614,1907,557900.0,2023-03-31,Pending,,,71,0.0,2,Yes,Yes,2023-03-31,2026-08-27
UPDATE,2026-08-27T00:00:00,2026-08-27,PT0524900,LST0524900,AG01679,LOC0193,Single Family,5,1.0,2291,1522,1955,917400.0,2026-07-22,Active,,,0,0.0,0,No,No,2026-07-22,2026-08-27
UPDATE,2026-08-27T00:00:00,2026-08-27,PT0057537,LST0057537,AG01457,LOC0177,Single Family,4,1.0,1642,6805,2007,149400.0,2024-09-18,Active,,,166,0.0,1,No,No,2024-09-18,2026-08-27
UPDATE,2026-08-27T00:00:00,2026-08-27,PT0151308,LST0151308,AG02214,LOC0107,Multi-Family,2,2.0,2899,7574,1985,499500.0,2025-08-07,Sold,483292.93,2026-08-27,385,0.0,3,Yes,No,2025-08-07,2026-08-27
UPDATE,2026-08-27T00:00:00,2026-08-27,PT0509696,LST0509696,AG01673,LOC0103,Single Family,2,3.5,1255,4447,1903,217500.0,2026-07-08,Sold,207365.8,2026-08-27,50,0.0,3,No,No,2026-07-08,2026-08-27
UPDATE,2026-08-27T00:00:00,2026-08-27,PT0483821,LST0483821,AG00450,LOC0045,Single Family,1,3.0,1321,14450,1942,344600.0,2024-03-19,Pending,,,91,0.0,0,Yes,No,2024-03-19,2026-08-27
UPDATE,2026-08-27T00:00:00,2026-08-27,PT0254693,LST0254693,AG00992,LOC0012,Townhouse,2,1.0,1266,1959,1920,481000.0,2023-05-23,Active,,,144,643.0,2,No,No,2023-05-23,2026-08-27
UPDATE,2026-08-27T00:00:00,2026-08-27,PT0157609,LST0157609,AG02641,LOC0247,Apartment,2,3.0,1354,0,1937,369400.0,2024-07-26,Pending,,,135,196.0,2,No,No,2024-07-26,2026-08-27
UPDATE,2026-08-27T00:00:00,2026-08-27,PT0491579,LST0491579,AG01779,LOC0210,Multi-Family,4,3.5,3666,1517,1958,1738000.0,2023-03-20,Pending,,,158,0.0,0,No,No,2023-03-20,2026-08-27
UPDATE,2026-08-27T00:00:00,2026-08-27,PT0296583,LST0296583,AG01348,LOC0121,Single Family,3,3.0,2580,3254,1983,438400.0,2023-07-08,Pending,,,98,0.0,3,Yes,Yes,2023-07-08,2026-08-27
UPDATE,2026-08-27T00:00:00,2026-08-27,PT0369197,LST0369197,AG02526,LOC0034,Single Family,3,3.5,1206,1398,1948,369500.0,2024-07-26,Active,,,122,0.0,2,No,No,2024-07-26,2026-08-27
UPDATE,2026-08-27T00:00:00,2026-08-27,PT0432272,LST0432272,AG01902,LOC0209,Single Family,6,3.0,2088,11636,1977,419100.0,2025-08-28,Pending,,,156,0.0,3,Yes,Yes,2025-08-28,2026-08-27
UPDATE,2026-08-27T00:00:00,2026-08-27,PT0500414,LST0500414,AG02042,LOC0205,Condo,6,4.5,1497,2337,1920,369600.0,2026-07-01,Active,,,0,774.21,2,No,No,2026-07-01,2026-08-27
UPDATE,2026-08-27T00:00:00,2026-08-27,PT0516284,LST0516284,AG01848,LOC0010,Single Family,3,1.0,3655,7647,2015,1551800.0,2026-07-14,Pending,,,0,0.0,3,No,Yes,2026-07-14,2026-08-27
UPDATE,2026-08-27T00:00:00,2026-08-27,PT0291996,LST0291996,AG00417,LOC0193,Single Family,2,3.0,1505,1003,1983,669500.0,2023-11-18,Active,,,60,0.0,2,No,No,2023-11-18,2026-08-27
UPDATE,2026-08-27T00:00:00,2026-08-27,PT0144538,LST0144538,AG00758,LOC0190,Condo,6,2.0,2257,4063,1909,405500.0,2023-10-26,Sold,378568.25,2026-08-27,1036,63.0,0,No,No,2023-10-26,2026-08-27
UPDATE,2026-08-27T00:00:00,2026-08-27,PT0156059,LST0156059,AG01342,LOC0211,Single Family,3,4.5,2388,3673,1990,1297900.0,2025-03-26,Pending,,,173,0.0,1,No,Yes,2025-03-26,2026-08-27
UPDATE,2026-08-27T00:00:00,2026-08-27,PT0554772,LST0554772,AG00014,LOC0081,Single Family,2,1.5,1318,8649,1964,190700.0,2026-08-18,Active,,,0,0.0,2,No,No,2026-08-18,2026-08-27
UPDATE,2026-08-27T00:00:00,2026-08-27,PT0414225,LST0414225,AG02018,LOC0048,Single Family,6,4.0,2041,1480,1945,180900.0,2025-01-06,Pending,,,69,0.0,3,No,No,2025-01-06,2026-08-27
UPDATE,2026-08-27T00:00:00,2026-08-27,PT0519881,LST0519881,AG01514,LOC0210,Single Family,4,2.5,1836,11091,1986,1225500.0,2026-07-17,Active,,,0,0.0,3,No,Yes,2026-07-17,2026-08-27
UPDATE,2026-08-27T00:00:00,2026-08-27,PT0482373,LST0482373,AG02454,LOC0165,Single Family,4,1.5,1752,6573,1990,797800.0,2025-05-18,Pending,,,170,0.0,1,No,Yes,2025-05-18,2026-08-27
UPDATE,2026-08-27T00:00:00,2026-08-27,PT0161068,LST0161068,AG02807,LOC0025,Single Family,4,3.5,1154,4531,1915,302400.0,2024-10-04,Pending,,,40,0.0,2,No,No,2024-10-04,2026-08-27
UPDATE,2026-08-27T00:00:00,2026-08-27,PT0256984,LST0256984,AG02674,LOC0081,Single Family,6,4.0,1913,1685,1944,390800.0,2023-12-01,Pending,,,72,0.0,0,No,Yes,2023-12-01,2026-08-27
UPDATE,2026-08-27T00:00:00,2026-08-27,PT0299267,LST0299267,AG00419,LOC0139,Land,0,0.0,9848,2333,1963,3269000.0,2025-01-26,Active,,,25,0.0,0,No,No,2025-01-26,2026-08-27
UPDATE,2026-08-27T00:00:00,2026-08-27,PT0410396,LST0410396,AG00552,LOC0141,Land,0,0.0,3960,1423,1972,1749100.0,2026-06-19,Sold,1666137.9,2026-08-27,69,0.0,0,No,No,2026-06-19,2026-08-27
UPDATE,2026-08-27T00:00:00,2026-08-27,PT0183368,LST0183368,AG02549,LOC0178,Single Family,3,4.0,300,1192,1927,62400.0,2025-03-21,Active,,,79,0.0,0,No,No,2025-03-21,2026-08-27
UPDATE,2026-08-27T00:00:00,2026-08-27,PT0386847,LST0386847,AG00415,LOC0138,Single Family,1,3.0,2032,5678,1955,688100.0,2024-11-18,Pending,,,173,0.0,1,No,Yes,2024-11-18,2026-08-27
UPDATE,2026-08-27T00:00:00,2026-08-27,PT0525181,LST0525181,AG00923,LOC0226,Townhouse,5,4.5,1342,4873,1913,500700.0,2026-07-22,Active,,,0,533.13,0,No,No,2026-07-22,2026-08-27
UPDATE,2026-08-27T00:00:00,2026-08-27,PT0343192,LST0343192,AG02298,LOC0121,Single Family,6,4.0,761,11271,1951,93600.0,2024-05-28,Pending,,,150,0.0,0,No,No,2024-05-28,2026-08-27
UPDATE,2026-08-27T00:00:00,2026-08-27,PT0281244,LST0281244,AG02149,LOC0139,Apartment,5,3.0,1421,0,1955,515000.0,2023-01-11,Active,,,158,203.0,2,No,No,2023-01-11,2026-08-27
UPDATE,2026-08-27T00:00:00,2026-08-27,PT0167607,LST0167607,AG02599,LOC0074,Single Family,4,4.5,2007,6175,1972,1007700.0,2024-10-02,Pending,,,148,0.0,2,No,Yes,2024-10-02,2026-08-27
UPDATE,2026-08-27T00:00:00,2026-08-27,PT0088750,LST0088750,AG00756,LOC0208,Townhouse,3,1.0,2385,1329,1963,395900.0,2025-11-11,Pending,,,2,727.0,2,No,No,2025-11-11,2026-08-27
UPDATE,2026-08-27T00:00:00,2026-08-27,PT0400784,LST0400784,AG01966,LOC0147,Condo,3,1.5,1748,8728,1972,241300.0,2023-01-10,Pending,,,28,757.0,1,No,No,2023-01-10,2026-08-27
UPDATE,2026-08-27T00:00:00,2026-08-27,PT0470481,LST0470481,AG01902,LOC0228,Single Family,4,4.0,1832,3015,1975,980500.0,2025-12-04,Pending,,,127,0.0,1,Yes,Yes,2025-12-04,2026-08-27
UPDATE,2026-08-27T00:00:00,2026-08-27,PT0521841,LST0521841,AG02047,LOC0163,Condo,3,1.0,2022,1485,1962,1050900.0,2026-07-19,Active,,,0,350.6,0,No,No,2026-07-19,2026-08-27
UPDATE,2026-08-27T00:00:00,2026-08-27,PT0261309,LST0261309,AG02510,LOC0116,Single Family,2,2.0,674,11795,2010,279800.0,2025-08-22,Active,,,60,0.0,3,Yes,No,2025-08-22,2026-08-27
UPDATE,2026-08-27T00:00:00,2026-08-27,PT0506241,LST0506241,AG00659,LOC0034,Condo,2,2.0,1627,12532,1929,614500.0,2026-07-06,Pending,,,0,633.52,2,Yes,No,2026-07-06,2026-08-27
UPDATE,2026-08-27T00:00:00,2026-08-27,PT0503597,LST0503597,AG02126,LOC0165,Single Family,1,4.5,625,2521,1934,143700.0,2026-07-03,Active,,,0,0.0,1,No,Yes,2026-07-03,2026-08-27
UPDATE,2026-08-27T00:00:00,2026-08-27,PT0502180,LST0502180,AG00913,LOC0120,Single Family,1,2.5,2115,13787,1918,307000.0,2026-07-02,Pending,,,0,0.0,2,No,Yes,2026-07-02,2026-08-27
UPDATE,2026-08-27T00:00:00,2026-08-27,PT0263211,LST0263211,AG02137,LOC0238,Condo,1,1.0,1258,10883,1969,265800.0,2025-03-31,Active,,,56,307.0,3,No,No,2025-03-31,2026-08-27
UPDATE,2026-08-27T00:00:00,2026-08-27,PT0319698,LST0319698,AG00602,LOC0089,Single Family,2,4.5,2152,1213,2023,595100.0,2023-12-10,Pending,,,140,0.0,2,No,No,2023-12-10,2026-08-27
UPDATE,2026-08-27T00:00:00,2026-08-27,PT0542308,LST0542308,AG02113,LOC0008,Apartment,5,4.5,1214,0,1914,162900.0,2026-08-06,Pending,,,0,229.9,0,No,No,2026-08-06,2026-08-27
UPDATE,2026-08-27T00:00:00,2026-08-27,PT0364531,LST0364531,AG01283,LOC0086,Townhouse,4,1.5,1540,2590,1943,303100.0,2026-03-13,Pending,,,151,382.0,3,No,No,2026-03-13,2026-08-27
UPDATE,2026-08-27T00:00:00,2026-08-27,PT0549762,LST0549762,AG02120,LOC0153,Single Family,4,2.0,1807,1416,1925,642900.0,2026-08-13,Active,,,0,0.0,1,No,No,2026-08-13,2026-08-27
UPDATE,2026-08-27T00:00:00,2026-08-27,PT0028432,LST0028432,AG00231,LOC0220,Single Family,1,1.5,1918,1378,1946,660800.0,2024-10-07,Pending,,,121,0.0,3,No,No,2024-10-07,2026-08-27
UPDATE,2026-08-27T00:00:00,2026-08-27,PT0387025,LST0387025,AG02069,LOC0156,Apartment,4,3.0,1218,0,1904,805100.0,2025-03-25,Sold,781958.16,2026-08-27,520,719.0,1,No,No,2025-03-25,2026-08-27
UPDATE,2026-08-27T00:00:00,2026-08-27,PT0376765,LST0376765,AG00583,LOC0204,Condo,2,2.0,1691,4102,1981,1006600.0,2025-09-20,Active,,,28,178.0,3,No,No,2025-09-20,2026-08-27
UPDATE,2026-08-27T00:00:00,2026-08-27,PT0561154,LST0561154,AG01801,LOC0111,Single Family,6,1.5,2079,6817,1986,220700.0,2026-08-23,Active,,,0,0.0,1,No,No,2026-08-23,2026-08-27
UPDATE,2026-08-27T00:00:00,2026-08-27,PT0345354,LST0345354,AG02672,LOC0056,Apartment,1,2.0,814,0,1922,329100.0,2026-03-22,Pending,,,10,240.0,0,No,No,2026-03-22,2026-08-27
UPDATE,2026-08-27T00:00:00,2026-08-27,PT0418559,LST0418559,AG02495,LOC0240,Multi-Family,6,1.0,4147,4483,1977,926900.0,2023-05-20,Pending,,,130,0.0,1,No,No,2023-05-20,2026-08-27
UPDATE,2026-08-27T00:00:00,2026-08-27,PT0545800,LST0545800,AG01020,LOC0108,Townhouse,5,1.0,1143,1389,2009,356400.0,2026-08-09,Active,,,0,341.53,0,No,No,2026-08-09,2026-08-27
UPDATE,2026-08-27T00:00:00,2026-08-27,PT0048113,LST0048113,AG02671,LOC0105,Condo,5,3.5,2061,1037,1926,340700.0,2025-09-05,Pending,,,66,155.0,2,No,No,2025-09-05,2026-08-27
UPDATE,2026-08-27T00:00:00,2026-08-27,PT0563313,LST0563313,AG00797,LOC0119,Single Family,6,2.0,2521,5315,1956,611400.0,2026-08-25,Pending,,,0,0.0,2,No,Yes,2026-08-25,2026-08-27
UPDATE,2026-08-27T00:00:00,2026-08-27,PT0117851,LST0117851,AG02179,LOC0053,Single Family,1,3.0,2967,3957,1931,1225000.0,2025-01-16,Pending,,,7,0.0,0,No,Yes,2025-01-16,2026-08-27
UPDATE,2026-08-27T00:00:00,2026-08-27,PT0254547,LST0254547,AG02984,LOC0044,Single Family,6,4.0,2989,31772,1966,501400.0,2025-05-02,Pending,,,137,0.0,1,Yes,No,2025-05-02,2026-08-27
UPDATE,2026-08-27T00:00:00,2026-08-27,PT0149296,LST0149296,AG00852,LOC0123,Land,0,0.0,900,2752,1953,269700.0,2023-02-22,Active,,,19,0.0,0,No,No,2023-02-22,2026-08-27
UPDATE,2026-08-27T00:00:00,2026-08-27,PT0507017,LST0507017,AG00687,LOC0107,Condo,6,2.5,1919,2507,2001,281100.0,2026-07-06,Pending,,,0,580.99,2,No,No,2026-07-06,2026-08-27
UPDATE,2026-08-27T00:00:00,2026-08-27,PT0495683,LST0495683,AG02410,LOC0054,Single Family,4,2.5,1100,18715,1987,195400.0,2023-07-04,Pending,,,29,0.0,0,No,Yes,2023-07-04,2026-08-27
UPDATE,2026-08-27T00:00:00,2026-08-27,PT0557475,LST0557475,AG00388,LOC0003,Condo,2,4.0,719,3885,1952,114700.0,2026-08-20,Active,,,0,67.06,0,No,No,2026-08-20,2026-08-27
UPDATE,2026-08-27T00:00:00,2026-08-27,PT0508523,LST0508523,AG00841,LOC0181,Land,0,0.0,8629,4932,2011,2735600.0,2026-07-07,Active,,,0,0.0,0,No,No,2026-07-07,2026-08-27
UPDATE,2026-08-27T00:00:00,2026-08-27,PT0452874,LST0452874,AG01340,LOC0034,Single Family,5,3.5,1380,5575,1996,629900.0,2023-06-27,Pending,,,70,0.0,3,No,No,2023-06-27,2026-08-27
UPDATE,2026-08-27T00:00:00,2026-08-27,PT0288111,LST0288111,AG01877,LOC0051,Townhouse,6,1.5,1487,8199,1945,213700.0,2023-11-14,Pending,,,177,301.0,3,No,No,2023-11-14,2026-08-27
UPDATE,2026-08-27T00:00:00,2026-08-27,PT0414817,LST0414817,AG01176,LOC0117,Land,0,0.0,4761,7896,1961,1026300.0,2023-03-28,Pending,,,173,0.0,0,No,No,2023-03-28,2026-08-27
UPDATE,2026-08-27T00:00:00,2026-08-27,PT0032489,LST0032489,AG00511,LOC0126,Apartment,5,3.5,458,0,1904,138700.0,2024-12-09,Pending,,,106,121.0,2,No,No,2024-12-09,2026-08-27
UPDATE,2026-08-27T00:00:00,2026-08-27,PT0467672,LST0467672,AG02362,LOC0026,Single Family,6,4.0,607,2275,1928,216400.0,2026-05-25,Active,,,82,0.0,0,No,No,2026-05-25,2026-08-27
UPDATE,2026-08-27T00:00:00,2026-08-27,PT0560470,LST0560470,AG02852,LOC0231,Apartment,2,3.5,1231,0,1981,218100.0,2026-08-23,Sold,209624.89,2026-08-27,4,352.57,0,No,No,2026-08-23,2026-08-27
UPDATE,2026-08-27T00:00:00,2026-08-27,PT0170471,LST0170471,AG02295,LOC0058,Townhouse,6,4.5,3081,4928,1960,1090700.0,2025-02-23,Sold,1076225.02,2026-08-27,550,326.0,1,No,No,2025-02-23,2026-08-27
UPDATE,2026-08-27T00:00:00,2026-08-27,PT0427496,LST0427496,AG01501,LOC0157,Apartment,4,2.5,1473,0,1950,453400.0,2025-04-16,Pending,,,14,634.0,0,No,No,2025-04-16,2026-08-27
UPDATE,2026-08-27T00:00:00,2026-08-27,PT0402545,LST0402545,AG02696,LOC0108,Condo,1,4.0,882,9137,1916,139200.0,2026-01-28,Active,,,170,753.0,3,Yes,No,2026-01-28,2026-08-27
UPDATE,2026-08-27T00:00:00,2026-08-27,PT0560118,LST0560118,AG02276,LOC0180,Condo,4,3.5,2210,6188,2012,775000.0,2026-08-22,Active,,,0,335.07,3,No,No,2026-08-22,2026-08-27
UPDATE,2026-08-27T00:00:00,2026-08-27,PT0317368,LST0317368,AG02786,LOC0054,Apartment,6,4.5,1297,0,1906,219900.0,2023-01-04,Sold,197960.75,2026-08-27,1331,468.0,1,No,No,2023-01-04,2026-08-27
UPDATE,2026-08-27T00:00:00,2026-08-27,PT0330389,LST0330389,AG01032,LOC0096,Condo,2,2.5,2579,4792,1976,688300.0,2026-01-02,Pending,,,74,282.0,2,Yes,No,2026-01-02,2026-08-27
UPDATE,2026-08-27T00:00:00,2026-08-27,PT0210029,LST0210029,AG00059,LOC0102,Land,0,0.0,9769,2276,1985,1970200.0,2023-06-25,Pending,,,117,0.0,0,No,No,2023-06-25,2026-08-27
UPDATE,2026-08-27T00:00:00,2026-08-27,PT0251807,LST0251807,AG01152,LOC0077,Single Family,2,3.0,1468,5510,1975,475900.0,2023-07-13,Sold,478750.96,2026-08-27,1141,0.0,2,No,No,2023-07-13,2026-08-27
UPDATE,2026-08-27T00:00:00,2026-08-27,PT0439854,LST0439854,AG00982,LOC0183,Townhouse,4,3.5,2677,2518,1967,739000.0,2023-09-10,Pending,,,97,348.0,1,Yes,No,2023-09-10,2026-08-27
UPDATE,2026-08-27T00:00:00,2026-08-27,PT0020577,LST0020577,AG02364,LOC0097,Condo,5,2.0,2019,4542,1908,852400.0,2024-01-28,Sold,820180.22,2026-08-27,942,443.0,3,No,No,2024-01-28,2026-08-27
UPDATE,2026-08-27T00:00:00,2026-08-27,PT0557551,LST0557551,AG00534,LOC0189,Single Family,1,1.0,1995,1559,1918,1126100.0,2026-08-20,Active,,,0,0.0,2,Yes,Yes,2026-08-20,2026-08-27
UPDATE,2026-08-27T00:00:00,2026-08-27,PT0103890,LST0103890,AG02739,LOC0156,Condo,1,4.0,2970,3392,2001,931800.0,2025-02-06,Sold,928510.08,2026-08-27,567,339.0,2,No,No,2025-02-06,2026-08-27
UPDATE,2026-08-27T00:00:00,2026-08-27,PT0542648,LST0542648,AG02998,LOC0144,Townhouse,1,2.0,3060,8864,1930,625300.0,2026-08-06,Sold,582022.89,2026-08-27,21,149.57,1,No,No,2026-08-06,2026-08-27
UPDATE,2026-08-27T00:00:00,2026-08-27,PT0376615,LST0376615,AG00845,LOC0003,Condo,4,4.5,2848,11275,2023,581300.0,2023-05-30,Active,,,1,610.0,1,No,No,2023-05-30,2026-08-27
UPDATE,2026-08-27T00:00:00,2026-08-27,PT0268052,LST0268052,AG02057,LOC0161,Townhouse,1,3.5,3141,6126,2006,900800.0,2023-12-01,Active,,,108,452.0,0,No,No,2023-12-01,2026-08-27
UPDATE,2026-08-27T00:00:00,2026-08-27,PT0301116,LST0301116,AG00011,LOC0083,Townhouse,1,4.0,3062,8460,1981,1126200.0,2026-04-11,Active,,,35,731.0,3,No,No,2026-04-11,2026-08-27
UPDATE,2026-08-27T00:00:00,2026-08-27,PT0048002,LST0048002,AG00810,LOC0097,Condo,2,4.5,2080,4476,1946,338100.0,2024-07-09,Sold,323313.06,2026-08-27,779,444.0,1,No,No,2024-07-09,2026-08-27
UPDATE,2026-08-27T00:00:00,2026-08-27,PT0094122,LST0094122,AG01544,LOC0008,Condo,4,4.0,1101,5939,2025,180300.0,2025-05-16,Active,,,30,500.0,1,Yes,No,2025-05-16,2026-08-27
UPDATE,2026-08-27T00:00:00,2026-08-27,PT0542733,LST0542733,AG02564,LOC0061,Multi-Family,5,1.5,4126,2830,1943,774600.0,2026-08-06,Active,,,0,0.0,1,No,Yes,2026-08-06,2026-08-27
UPDATE,2026-08-27T00:00:00,2026-08-27,PT0210111,LST0210111,AG01047,LOC0107,Apartment,4,3.5,625,0,1983,124800.0,2026-01-06,Active,,,41,701.0,2,No,No,2026-01-06,2026-08-27
UPDATE,2026-08-27T00:00:00,2026-08-27,PT0042121,LST0042121,AG02351,LOC0114,Condo,4,3.5,1608,1995,1913,367900.0,2023-08-22,Pending,,,77,154.0,2,No,No,2023-08-22,2026-08-27
UPDATE,2026-08-27T00:00:00,2026-08-27,PT0141695,LST0141695,AG00311,LOC0044,Single Family,4,3.0,1496,3387,1921,751600.0,2026-06-28,Pending,,,57,0.0,2,Yes,No,2026-06-28,2026-08-27
UPDATE,2026-08-27T00:00:00,2026-08-27,PT0252959,LST0252959,AG02098,LOC0164,Single Family,2,3.0,2500,1524,1995,562100.0,2025-10-07,Sold,557505.21,2026-08-27,324,0.0,3,No,No,2025-10-07,2026-08-27
UPDATE,2026-08-27T00:00:00,2026-08-27,PT0197224,LST0197224,AG01418,LOC0210,Condo,4,1.5,1824,1190,1984,549400.0,2024-11-22,Sold,497190.3,2026-08-27,643,642.0,3,No,No,2024-11-22,2026-08-27
UPDATE,2026-08-27T00:00:00,2026-08-27,PT0012354,LST0012354,AG00189,LOC0224,Single Family,1,4.0,986,2650,1946,286000.0,2025-07-13,Pending,,,116,0.0,3,No,Yes,2025-07-13,2026-08-27
UPDATE,2026-08-27T00:00:00,2026-08-27,PT0110148,LST0110148,AG01579,LOC0123,Land,0,0.0,3375,1643,1922,1160100.0,2025-08-14,Pending,,,45,0.0,0,No,No,2025-08-14,2026-08-27
UPDATE,2026-08-27T00:00:00,2026-08-27,PT0565388,LST0565388,AG01489,LOC0107,Single Family,5,3.0,2445,4286,1984,770600.0,2026-08-27,Active,,,0,0.0,0,No,Yes,2026-08-27,2026-08-27
UPDATE,2026-08-27T00:00:00,2026-08-27,PT0256799,LST0256799,AG00502,LOC0202,Townhouse,5,2.0,1713,15418,1999,555400.0,2024-05-29,Pending,,,173,158.0,3,No,No,2024-05-29,2026-08-27
UPDATE,2026-08-27T00:00:00,2026-08-27,PT0515963,LST0515963,AG00896,LOC0171,Single Family,1,4.5,1643,5890,1968,417500.0,2026-07-14,Active,,,0,0.0,1,No,Yes,2026-07-14,2026-08-27
UPDATE,2026-08-27T00:00:00,2026-08-27,PT0564343,LST0564343,AG02877,LOC0231,Multi-Family,3,3.0,2201,4867,2020,324400.0,2026-08-26,Active,,,0,0.0,3,No,Yes,2026-08-26,2026-08-27
UPDATE,2026-08-27T00:00:00,2026-08-27,PT0525719,LST0525719,AG00560,LOC0015,Multi-Family,3,1.0,3467,3481,1905,866600.0,2026-07-23,Pending,,,0,0.0,3,Yes,Yes,2026-07-23,2026-08-27
UPDATE,2026-08-27T00:00:00,2026-08-27,PT0230587,LST0230587,AG02448,LOC0203,Single Family,5,3.0,1944,6483,1908,295400.0,2025-05-19,Pending,,,60,0.0,3,Yes,No,2025-05-19,2026-08-27
UPDATE,2026-08-27T00:00:00,2026-08-27,PT0432876,LST0432876,AG02656,LOC0091,Condo,1,2.0,2195,3237,1940,873600.0,2025-03-21,Pending,,,169,686.0,0,No,No,2025-03-21,2026-08-27
UPDATE,2026-08-27T00:00:00,2026-08-27,PT0204519,LST0204519,AG01356,LOC0132,Townhouse,4,2.5,2463,12121,1904,693000.0,2024-03-30,Sold,642487.11,2026-08-27,880,99.0,3,No,No,2024-03-30,2026-08-27
UPDATE,2026-08-27T00:00:00,2026-08-27,PT0344641,LST0344641,AG02761,LOC0160,Single Family,4,3.0,2662,4404,1935,656400.0,2024-11-18,Sold,595440.17,2026-08-27,647,0.0,1,No,Yes,2024-11-18,2026-08-27
UPDATE,2026-08-27T00:00:00,2026-08-27,PT0502455,LST0502455,AG00970,LOC0006,Single Family,2,2.5,1584,2049,1966,182200.0,2026-07-02,Pending,,,0,0.0,2,No,Yes,2026-07-02,2026-08-27
UPDATE,2026-08-27T00:00:00,2026-08-27,PT0503098,LST0503098,AG02036,LOC0117,Single Family,6,2.0,2556,3673,1992,837500.0,2026-07-03,Active,,,0,0.0,2,No,Yes,2026-07-03,2026-08-27
UPDATE,2026-08-27T00:00:00,2026-08-27,PT0495818,LST0495818,AG02129,LOC0209,Townhouse,3,2.0,2067,1451,1917,491900.0,2025-12-25,Active,,,166,664.0,1,No,No,2025-12-25,2026-08-27
UPDATE,2026-08-27T00:00:00,2026-08-27,PT0482911,LST0482911,AG00716,LOC0204,Single Family,5,2.5,1939,16573,1945,637000.0,2025-08-26,Active,,,154,0.0,1,Yes,No,2025-08-26,2026-08-27
UPDATE,2026-08-27T00:00:00,2026-08-27,PT0240732,LST0240732,AG02883,LOC0100,Single Family,1,3.5,1624,1951,1980,189800.0,2024-01-30,Pending,,,170,0.0,3,No,Yes,2024-01-30,2026-08-27
UPDATE,2026-08-27T00:00:00,2026-08-27,PT0365466,LST0365466,AG00945,LOC0018,Single Family,1,2.0,1999,10231,1953,312400.0,2023-04-02,Pending,,,154,0.0,0,No,Yes,2023-04-02,2026-08-27
UPDATE,2026-08-27T00:00:00,2026-08-27,PT0166023,LST0166023,AG00123,LOC0112,Single Family,4,4.0,778,5693,1990,86100.0,2023-03-05,Pending,,,115,0.0,3,No,Yes,2023-03-05,2026-08-27
UPDATE,2026-08-27T00:00:00,2026-08-27,PT0170560,LST0170560,AG01994,LOC0001,Townhouse,1,4.0,961,6069,1942,148800.0,2023-10-23,Pending,,,69,691.0,0,No,No,2023-10-23,2026-08-27
UPDATE,2026-08-27T00:00:00,2026-08-27,PT0406606,LST0406606,AG01431,LOC0160,Single Family,3,4.5,2745,1335,1969,603000.0,2024-10-05,Pending,,,133,0.0,2,No,No,2024-10-05,2026-08-27
UPDATE,2026-08-27T00:00:00,2026-08-27,PT0361442,LST0361442,AG02454,LOC0101,Condo,5,2.0,594,3508,2016,328200.0,2024-06-27,Pending,,,75,596.0,0,No,No,2024-06-27,2026-08-27
UPDATE,2026-08-27T00:00:00,2026-08-27,PT0035821,LST0035821,AG01465,LOC0126,Single Family,2,1.0,2435,3561,1964,712300.0,2025-02-04,Sold,723196.94,2026-08-27,569,0.0,3,Yes,No,2025-02-04,2026-08-27
UPDATE,2026-08-27T00:00:00,2026-08-27,PT0233618,LST0233618,AG01371,LOC0159,Single Family,2,1.5,1032,3288,1986,140700.0,2026-05-29,Sold,131607.99,2026-08-27,90,0.0,2,No,No,2026-05-29,2026-08-27
UPDATE,2026-08-27T00:00:00,2026-08-27,PT0047219,LST0047219,AG01467,LOC0043,Apartment,3,4.5,569,0,2010,59600.0,2025-03-08,Active,,,105,663.0,3,No,No,2025-03-08,2026-08-27
UPDATE,2026-08-27T00:00:00,2026-08-27,PT0233740,LST0233740,AG01141,LOC0038,Single Family,1,3.5,1094,7901,1911,172200.0,2025-07-21,Sold,163969.89,2026-08-27,402,0.0,2,No,Yes,2025-07-21,2026-08-27
UPDATE,2026-08-27T00:00:00,2026-08-27,PT0544089,LST0544089,AG00599,LOC0013,Single Family,4,1.5,2222,1688,2012,536600.0,2026-08-08,Active,,,0,0.0,1,No,No,2026-08-08,2026-08-27
UPDATE,2026-08-27T00:00:00,2026-08-27,PT0377622,LST0377622,AG02497,LOC0182,Condo,4,4.0,3093,3783,2000,1180100.0,2024-12-24,Pending,,,127,578.0,1,Yes,No,2024-12-24,2026-08-27
UPDATE,2026-08-27T00:00:00,2026-08-27,PT0249713,LST0249713,AG02533,LOC0133,Townhouse,3,4.0,2625,4979,1998,440600.0,2023-09-20,Sold,422677.96,2026-08-27,1072,63.0,3,Yes,No,2023-09-20,2026-08-27
UPDATE,2026-08-27T00:00:00,2026-08-27,PT0346311,LST0346311,AG00001,LOC0163,Multi-Family,1,4.0,2145,1172,1937,761800.0,2025-11-13,Pending,,,91,0.0,3,No,No,2025-11-13,2026-08-27
UPDATE,2026-08-27T00:00:00,2026-08-27,PT0509576,LST0509576,AG00485,LOC0015,Townhouse,5,4.0,2569,2599,1978,453500.0,2026-07-08,Active,,,0,205.42,3,No,No,2026-07-08,2026-08-27
UPDATE,2026-08-27T00:00:00,2026-08-27,PT0195442,LST0195442,AG01004,LOC0181,Multi-Family,5,1.0,5519,3547,1939,1237300.0,2023-04-19,Active,,,11,0.0,2,No,No,2023-04-19,2026-08-27
UPDATE,2026-08-27T00:00:00,2026-08-27,PT0530659,LST0530659,AG01883,LOC0148,Apartment,5,2.5,907,0,1947,363000.0,2026-07-27,Pending,,,0,133.44,1,No,No,2026-07-27,2026-08-27
UPDATE,2026-08-27T00:00:00,2026-08-27,PT0132535,LST0132535,AG01153,LOC0118,Single Family,4,3.0,1795,2178,1960,106900.0,2025-05-28,Active,,,130,0.0,3,No,No,2025-05-28,2026-08-27
UPDATE,2026-08-27T00:00:00,2026-08-27,PT0046983,LST0046983,AG01208,LOC0003,Single Family,4,1.5,1280,5208,1957,252900.0,2025-02-10,Active,,,89,0.0,2,No,No,2025-02-10,2026-08-27
UPDATE,2026-08-27T00:00:00,2026-08-27,PT0553315,LST0553315,AG00924,LOC0082,Townhouse,2,2.0,2597,6418,2021,349500.0,2026-08-16,Active,,,0,88.39,1,No,No,2026-08-16,2026-08-27
UPDATE,2026-08-27T00:00:00,2026-08-27,PT0345923,LST0345923,AG02723,LOC0040,Single Family,6,4.5,1289,6956,1919,524700.0,2023-04-28,Active,,,142,0.0,3,No,No,2023-04-28,2026-08-27
UPDATE,2026-08-27T00:00:00,2026-08-27,PT0535972,LST0535972,AG01051,LOC0012,Land,0,0.0,3510,10348,1942,1618600.0,2026-08-01,Active,,,0,0.0,0,No,No,2026-08-01,2026-08-27
UPDATE,2026-08-27T00:00:00,2026-08-27,PT0156574,LST0156574,AG02393,LOC0145,Single Family,3,1.0,1778,5407,2025,685700.0,2026-05-10,Active,,,128,0.0,3,No,Yes,2026-05-10,2026-08-27
UPDATE,2026-08-27T00:00:00,2026-08-27,PT0377769,LST0377769,AG00265,LOC0027,Townhouse,4,1.5,2356,6856,1953,804300.0,2023-12-29,Pending,,,85,81.0,3,No,No,2023-12-29,2026-08-27
UPDATE,2026-08-27T00:00:00,2026-08-27,PT0362777,LST0362777,AG02529,LOC0061,Townhouse,2,2.5,2025,2625,1979,401700.0,2024-02-16,Active,,,56,456.0,2,No,No,2024-02-16,2026-08-27
UPDATE,2026-08-27T00:00:00,2026-08-27,PT0008318,LST0008318,AG01389,LOC0080,Multi-Family,4,3.5,4078,1762,1976,1669300.0,2023-07-10,Active,,,147,0.0,2,Yes,Yes,2023-07-10,2026-08-27
UPDATE,2026-08-27T00:00:00,2026-08-27,PT0335329,LST0335329,AG01421,LOC0147,Condo,5,2.5,2314,2293,1943,362000.0,2023-11-09,Sold,344345.12,2026-08-27,1022,519.0,1,No,No,2023-11-09,2026-08-27
UPDATE,2026-08-27T00:00:00,2026-08-27,PT0547478,LST0547478,AG01906,LOC0222,Condo,3,1.5,2321,5766,1977,742200.0,2026-08-11,Active,,,0,625.51,0,Yes,No,2026-08-11,2026-08-27
UPDATE,2026-08-27T00:00:00,2026-08-27,PT0261971,LST0261971,AG00856,LOC0081,Single Family,2,2.0,300,12235,1948,54600.0,2024-02-05,Sold,49945.77,2026-08-27,934,0.0,3,Yes,Yes,2024-02-05,2026-08-27
UPDATE,2026-08-27T00:00:00,2026-08-27,PT0527511,LST0527511,AG02312,LOC0214,Single Family,4,3.5,2324,1311,1946,535300.0,2026-07-24,Active,,,0,0.0,0,No,Yes,2026-07-24,2026-08-27
UPDATE,2026-08-27T00:00:00,2026-08-27,PT0020066,LST0020066,AG02985,LOC0078,Single Family,4,1.0,1495,1991,1988,364100.0,2024-02-04,Active,,,68,0.0,1,Yes,Yes,2024-02-04,2026-08-27
UPDATE,2026-08-27T00:00:00,2026-08-27,PT0536424,LST0536424,AG02670,LOC0077,Single Family,2,4.5,2016,3672,1997,452300.0,2026-08-01,Active,,,0,0.0,3,Yes,No,2026-08-01,2026-08-27
UPDATE,2026-08-27T00:00:00,2026-08-27,PT0513030,LST0513030,AG01813,LOC0232,Apartment,1,2.5,1354,0,1903,492800.0,2026-07-11,Active,,,0,549.02,1,No,No,2026-07-11,2026-08-27
UPDATE,2026-08-27T00:00:00,2026-08-27,PT0432587,LST0432587,AG01086,LOC0006,Townhouse,3,4.5,2252,5314,1980,259700.0,2025-09-27,Active,,,57,480.0,1,No,No,2025-09-27,2026-08-27
UPDATE,2026-08-27T00:00:00,2026-08-27,PT0545091,LST0545091,AG00303,LOC0224,Single Family,4,2.0,794,3415,1958,115500.0,2026-08-08,Active,,,0,0.0,1,No,No,2026-08-08,2026-08-27
UPDATE,2026-08-27T00:00:00,2026-08-27,PT0511284,LST0511284,AG02500,LOC0002,Single Family,1,3.5,1664,3111,2005,466800.0,2026-07-10,Pending,,,0,0.0,2,Yes,Yes,2026-07-10,2026-08-27
UPDATE,2026-08-27T00:00:00,2026-08-27,PT0520203,LST0520203,AG02518,LOC0095,Single Family,5,2.0,2132,2030,1943,494300.0,2026-07-18,Pending,,,0,0.0,0,No,Yes,2026-07-18,2026-08-27
UPDATE,2026-08-27T00:00:00,2026-08-27,PT0328620,LST0328620,AG02697,LOC0096,Apartment,5,2.5,1262,0,2024,372700.0,2024-08-13,Pending,,,45,593.0,3,No,No,2024-08-13,2026-08-27
UPDATE,2026-08-27T00:00:00,2026-08-27,PT0128302,LST0128302,AG01471,LOC0112,Single Family,3,3.0,1010,1009,1984,152800.0,2024-03-04,Active,,,79,0.0,2,No,Yes,2024-03-04,2026-08-27
UPDATE,2026-08-27T00:00:00,2026-08-27,PT0225399,LST0225399,AG00448,LOC0154,Apartment,5,1.0,1029,0,1916,244300.0,2025-03-15,Pending,,,25,474.0,0,No,No,2025-03-15,2026-08-27
UPDATE,2026-08-27T00:00:00,2026-08-27,PT0405426,LST0405426,AG00002,LOC0023,Townhouse,2,1.5,2049,1741,1937,533600.0,2024-07-31,Active,,,44,771.0,3,Yes,No,2024-07-31,2026-08-27
UPDATE,2026-08-27T00:00:00,2026-08-27,PT0495437,LST0495437,AG00343,LOC0104,Single Family,2,1.5,894,3576,1985,212600.0,2024-03-31,Active,,,104,0.0,2,No,No,2024-03-31,2026-08-27
UPDATE,2026-08-27T00:00:00,2026-08-27,PT0114321,LST0114321,AG01062,LOC0040,Apartment,2,2.5,1369,0,1950,606300.0,2023-09-27,Pending,,,90,785.0,1,No,No,2023-09-27,2026-08-27
UPDATE,2026-08-27T00:00:00,2026-08-27,PT0293634,LST0293634,AG01931,LOC0172,Apartment,5,3.5,762,0,2023,104100.0,2024-04-20,Sold,89675.46,2026-08-27,859,142.0,2,No,No,2024-04-20,2026-08-27
UPDATE,2026-08-27T00:00:00,2026-08-27,PT0541503,LST0541503,AG00951,LOC0106,Condo,4,3.0,2393,4705,1921,873100.0,2026-08-05,Active,,,0,520.34,3,Yes,No,2026-08-05,2026-08-27
UPDATE,2026-08-27T00:00:00,2026-08-27,PT0483642,LST0483642,AG01812,LOC0115,Townhouse,6,2.5,1443,6815,1934,368800.0,2025-07-02,Pending,,,135,137.0,3,No,No,2025-07-02,2026-08-27
UPDATE,2026-08-27T00:00:00,2026-08-27,PT0542337,LST0542337,AG02420,LOC0219,Townhouse,1,1.0,1789,1143,1997,783100.0,2026-08-06,Active,,,0,500.93,0,No,No,2026-08-06,2026-08-27
UPDATE,2026-08-27T00:00:00,2026-08-27,PT0418415,LST0418415,AG02077,LOC0197,Condo,5,3.0,2210,2113,2025,1126500.0,2025-12-21,Pending,,,2,484.0,1,No,No,2025-12-21,2026-08-27
UPDATE,2026-08-27T00:00:00,2026-08-27,PT0537207,LST0537207,AG02515,LOC0107,Single Family,4,1.0,1132,5049,2000,214700.0,2026-08-02,Sold,201986.16,2026-08-27,25,0.0,0,No,No,2026-08-02,2026-08-27
UPDATE,2026-08-27T00:00:00,2026-08-27,PT0565032,LST0565032,AG01328,LOC0218,Single Family,2,3.0,1637,5284,1971,657700.0,2026-08-26,Pending,,,0,0.0,0,No,Yes,2026-08-26,2026-08-27
UPDATE,2026-08-27T00:00:00,2026-08-27,PT0268636,LST0268636,AG00425,LOC0142,Single Family,4,1.5,1161,5855,1940,201700.0,2024-04-26,Active,,,155,0.0,1,No,No,2024-04-26,2026-08-27
UPDATE,2026-08-27T00:00:00,2026-08-27,PT0481274,LST0481274,AG02026,LOC0113,Single Family,1,1.0,1243,1278,1931,611300.0,2023-05-23,Active,,,89,0.0,2,Yes,Yes,2023-05-23,2026-08-27
UPDATE,2026-08-27T00:00:00,2026-08-27,PT0191720,LST0191720,AG00084,LOC0194,Land,0,0.0,9991,1646,1969,4739600.0,2023-12-26,Active,,,12,0.0,0,No,No,2023-12-26,2026-08-27
UPDATE,2026-08-27T00:00:00,2026-08-27,PT0191936,LST0191936,AG01202,LOC0044,Single Family,6,2.5,1479,4397,1979,508400.0,2026-01-31,Pending,,,50,0.0,2,Yes,No,2026-01-31,2026-08-27
UPDATE,2026-08-27T00:00:00,2026-08-27,PT0014094,LST0014094,AG01401,LOC0042,Townhouse,3,1.0,2091,3612,2006,585200.0,2023-08-11,Pending,,,46,518.0,2,No,No,2023-08-11,2026-08-27
UPDATE,2026-08-27T00:00:00,2026-08-27,PT0409852,LST0409852,AG01522,LOC0054,Single Family,4,3.0,1788,9145,2009,410300.0,2025-02-20,Sold,378778.8,2026-08-27,553,0.0,0,No,Yes,2025-02-20,2026-08-27
UPDATE,2026-08-27T00:00:00,2026-08-27,PT0546196,LST0546196,AG00800,LOC0156,Single Family,6,2.0,1911,2715,1995,637900.0,2026-08-09,Sold,599914.35,2026-08-27,18,0.0,3,No,No,2026-08-09,2026-08-27
UPDATE,2026-08-27T00:00:00,2026-08-27,PT0252089,LST0252089,AG00253,LOC0138,Condo,3,1.0,2117,7830,1935,202400.0,2025-08-11,Active,,,174,535.0,0,No,No,2025-08-11,2026-08-27
UPDATE,2026-08-27T00:00:00,2026-08-27,PT0245068,LST0245068,AG01355,LOC0148,Condo,6,3.5,342,2053,2009,100100.0,2024-05-29,Active,,,147,559.0,0,No,No,2024-05-29,2026-08-27
UPDATE,2026-08-27T00:00:00,2026-08-27,PT0517547,LST0517547,AG02289,LOC0148,Condo,6,3.5,2281,3330,1978,550600.0,2026-07-15,Active,,,0,208.76,3,No,No,2026-07-15,2026-08-27
UPDATE,2026-08-27T00:00:00,2026-08-27,PT0069929,LST0069929,AG02855,LOC0034,Condo,4,2.5,1721,1513,1946,1100400.0,2026-05-15,Pending,,,96,737.0,0,No,No,2026-05-15,2026-08-27
UPDATE,2026-08-27T00:00:00,2026-08-27,PT0387678,LST0387678,AG01571,LOC0008,Condo,4,3.5,2738,11542,1944,286100.0,2023-07-21,Active,,,105,99.0,1,No,No,2023-07-21,2026-08-27
UPDATE,2026-08-27T00:00:00,2026-08-27,PT0206451,LST0206451,AG01529,LOC0193,Single Family,6,1.5,531,3977,2000,87900.0,2024-02-10,Active,,,131,0.0,2,No,Yes,2024-02-10,2026-08-27
UPDATE,2026-08-27T00:00:00,2026-08-27,PT0390037,LST0390037,AG02237,LOC0160,Townhouse,6,3.0,1853,2583,1959,357500.0,2024-01-23,Pending,,,167,126.0,2,No,No,2024-01-23,2026-08-27
UPDATE,2026-08-27T00:00:00,2026-08-27,PT0391497,LST0391497,AG01769,LOC0181,Condo,3,3.5,1711,18060,2014,123700.0,2025-12-25,Active,,,98,238.0,0,No,No,2025-12-25,2026-08-27
UPDATE,2026-08-27T00:00:00,2026-08-27,PT0435200,LST0435200,AG01323,LOC0058,Condo,5,2.5,2421,5115,1929,1063000.0,2025-02-20,Pending,,,159,750.0,3,No,No,2025-02-20,2026-08-27
UPDATE,2026-08-27T00:00:00,2026-08-27,PT0379691,LST0379691,AG00904,LOC0119,Single Family,6,1.5,3078,3548,2019,1306400.0,2024-02-23,Sold,1307859.3,2026-08-27,916,0.0,2,Yes,No,2024-02-23,2026-08-27
UPDATE,2026-08-27T00:00:00,2026-08-27,PT0506197,LST0506197,AG00330,LOC0191,Single Family,4,1.5,3242,7818,1939,1948300.0,2026-07-06,Active,,,0,0.0,3,Yes,No,2026-07-06,2026-08-27
UPDATE,2026-08-27T00:00:00,2026-08-27,PT0507982,LST0507982,AG02453,LOC0034,Apartment,4,4.5,1035,0,1978,470300.0,2026-07-07,Pending,,,0,69.61,1,No,No,2026-07-07,2026-08-27
UPDATE,2026-08-27T00:00:00,2026-08-27,PT0164420,LST0164420,AG02011,LOC0161,Condo,3,1.5,1915,2991,2020,848800.0,2023-11-11,Sold,822970.63,2026-08-27,1020,409.0,3,No,No,2023-11-11,2026-08-27
UPDATE,2026-08-27T00:00:00,2026-08-27,PT0416165,LST0416165,AG02175,LOC0062,Condo,3,2.5,2116,1128,1938,537700.0,2023-01-19,Active,,,17,541.0,3,No,No,2023-01-19,2026-08-27
UPDATE,2026-08-27T00:00:00,2026-08-27,PT0003334,LST0003334,AG01729,LOC0216,Single Family,1,4.5,831,15573,2018,181900.0,2025-07-07,Active,,,154,0.0,3,No,No,2025-07-07,2026-08-27
UPDATE,2026-08-27T00:00:00,2026-08-27,PT0545820,LST0545820,AG00691,LOC0110,Townhouse,6,2.5,2537,1545,2008,573700.0,2026-08-09,Active,,,0,311.72,0,No,No,2026-08-09,2026-08-27
UPDATE,2026-08-27T00:00:00,2026-08-27,PT0293769,LST0293769,AG00579,LOC0179,Single Family,1,2.5,1076,2448,1901,251000.0,2025-03-06,Active,,,10,0.0,3,No,Yes,2025-03-06,2026-08-27
UPDATE,2026-08-27T00:00:00,2026-08-27,PT0311103,LST0311103,AG00988,LOC0200,Single Family,5,3.5,1189,4672,1927,117600.0,2024-12-14,Pending,,,48,0.0,3,No,Yes,2024-12-14,2026-08-27
UPDATE,2026-08-27T00:00:00,2026-08-27,PT0016241,LST0016241,AG01462,LOC0118,Land,0,0.0,4056,1707,2016,611000.0,2023-04-30,Sold,586105.27,2026-08-27,1215,0.0,0,No,No,2023-04-30,2026-08-27
UPDATE,2026-08-27T00:00:00,2026-08-27,PT0456124,LST0456124,AG02254,LOC0031,Townhouse,2,4.5,798,5102,1983,161500.0,2025-11-22,Pending,,,119,691.0,2,Yes,No,2025-11-22,2026-08-27
UPDATE,2026-08-27T00:00:00,2026-08-27,PT0189764,LST0189764,AG02920,LOC0003,Condo,6,1.0,471,5217,1996,97600.0,2024-12-27,Pending,,,143,645.0,1,No,No,2024-12-27,2026-08-27
UPDATE,2026-08-27T00:00:00,2026-08-27,PT0561199,LST0561199,AG00766,LOC0020,Apartment,3,1.5,1816,0,1993,202900.0,2026-08-23,Active,,,0,672.68,0,Yes,No,2026-08-23,2026-08-27
UPDATE,2026-08-27T00:00:00,2026-08-27,PT0330900,LST0330900,AG02830,LOC0161,Single Family,6,2.0,784,2636,1953,309600.0,2025-06-17,Pending,,,148,0.0,3,No,Yes,2025-06-17,2026-08-27
UPDATE,2026-08-27T00:00:00,2026-08-27,PT0229158,LST0229158,AG01271,LOC0071,Townhouse,4,3.0,2023,2227,1972,833100.0,2023-05-22,Pending,,,19,737.0,1,Yes,No,2023-05-22,2026-08-27
UPDATE,2026-08-27T00:00:00,2026-08-27,PT0261412,LST0261412,AG01039,LOC0037,Single Family,3,4.0,1227,2560,1908,461000.0,2023-11-08,Active,,,144,0.0,0,No,Yes,2023-11-08,2026-08-27
UPDATE,2026-08-27T00:00:00,2026-08-27,PT0365430,LST0365430,AG00098,LOC0148,Land,0,0.0,5746,3131,1907,1559400.0,2025-09-12,Active,,,82,0.0,0,No,No,2025-09-12,2026-08-27
UPDATE,2026-08-27T00:00:00,2026-08-27,PT0079740,LST0079740,AG02216,LOC0076,Single Family,4,3.0,2041,3095,2001,205100.0,2025-01-27,Pending,,,40,0.0,1,Yes,No,2025-01-27,2026-08-27
UPDATE,2026-08-27T00:00:00,2026-08-27,PT0565882,LST0565882,AG00051,LOC0151,Condo,1,2.0,2335,1069,1955,449400.0,2026-08-27,Active,,,0,103.3,2,Yes,No,2026-08-27,2026-08-27
UPDATE,2026-08-27T00:00:00,2026-08-27,PT0267760,LST0267760,AG01483,LOC0136,Single Family,6,4.5,2252,2004,1979,281300.0,2025-04-23,Pending,,,4,0.0,2,No,Yes,2025-04-23,2026-08-27
UPDATE,2026-08-27T00:00:00,2026-08-27,PT0145369,LST0145369,AG00054,LOC0145,Condo,2,2.0,2048,1960,1966,620100.0,2026-02-13,Pending,,,108,792.0,2,No,No,2026-02-13,2026-08-27
UPDATE,2026-08-27T00:00:00,2026-08-27,PT0539501,LST0539501,AG02142,LOC0075,Land,0,0.0,6548,7142,1938,2009800.0,2026-08-04,Active,,,0,0.0,0,No,No,2026-08-04,2026-08-27
UPDATE,2026-08-27T00:00:00,2026-08-27,PT0313966,LST0313966,AG00246,LOC0012,Condo,2,3.5,1356,11600,1964,401100.0,2025-11-06,Sold,398565.55,2026-08-27,294,576.0,0,Yes,No,2025-11-06,2026-08-27
UPDATE,2026-08-27T00:00:00,2026-08-27,PT0453663,LST0453663,AG01612,LOC0124,Single Family,2,1.0,1137,2665,2006,452600.0,2023-07-05,Pending,,,68,0.0,2,Yes,No,2023-07-05,2026-08-27
UPDATE,2026-08-27T00:00:00,2026-08-27,PT0288237,LST0288237,AG01539,LOC0173,Townhouse,3,4.5,1769,11061,1973,147800.0,2024-05-06,Pending,,,19,501.0,0,No,No,2024-05-06,2026-08-27
UPDATE,2026-08-27T00:00:00,2026-08-27,PT0340349,LST0340349,AG02634,LOC0209,Apartment,3,4.0,2095,0,1975,875000.0,2024-11-05,Sold,853499.63,2026-08-27,660,782.0,2,No,No,2024-11-05,2026-08-27
UPDATE,2026-08-27T00:00:00,2026-08-27,PT0483074,LST0483074,AG01021,LOC0216,Single Family,4,3.0,1067,5836,2018,233100.0,2023-07-26,Pending,,,124,0.0,1,No,Yes,2023-07-26,2026-08-27
UPDATE,2026-08-27T00:00:00,2026-08-27,PT0406267,LST0406267,AG01991,LOC0148,Townhouse,6,2.5,1824,2498,1981,364800.0,2025-11-07,Active,,,65,163.0,3,No,No,2025-11-07,2026-08-27
UPDATE,2026-08-27T00:00:00,2026-08-27,PT0554874,LST0554874,AG01620,LOC0004,Land,0,0.0,8674,2985,2024,1186800.0,2026-08-18,Pending,,,0,0.0,0,No,No,2026-08-18,2026-08-27
UPDATE,2026-08-27T00:00:00,2026-08-27,PT0389278,LST0389278,AG00960,LOC0116,Single Family,4,4.0,742,13726,1933,238200.0,2023-10-09,Pending,,,71,0.0,3,No,No,2023-10-09,2026-08-27
UPDATE,2026-08-27T00:00:00,2026-08-27,PT0500803,LST0500803,AG02782,LOC0038,Single Family,4,3.5,2367,3331,1973,924300.0,2026-07-01,Active,,,0,0.0,1,No,No,2026-07-01,2026-08-27
UPDATE,2026-08-27T00:00:00,2026-08-27,PT0211341,LST0211341,AG00679,LOC0134,Single Family,3,4.0,1794,1391,2001,708600.0,2023-07-10,Active,,,23,0.0,1,No,Yes,2023-07-10,2026-08-27
UPDATE,2026-08-27T00:00:00,2026-08-27,PT0429261,LST0429261,AG01552,LOC0185,Apartment,2,2.0,222,0,2015,42500.0,2024-10-24,Pending,,,17,563.0,1,No,No,2024-10-24,2026-08-27
UPDATE,2026-08-27T00:00:00,2026-08-27,PT0517119,LST0517119,AG00044,LOC0037,Multi-Family,2,3.5,1670,7906,1929,395900.0,2026-07-14,Sold,397517.2,2026-08-27,44,0.0,0,No,Yes,2026-07-14,2026-08-27
UPDATE,2026-08-27T00:00:00,2026-08-27,PT0007948,LST0007948,AG00436,LOC0202,Single Family,4,4.0,1130,6910,1902,190800.0,2024-06-28,Pending,,,47,0.0,2,No,No,2024-06-28,2026-08-27
UPDATE,2026-08-27T00:00:00,2026-08-27,PT0111961,LST0111961,AG01423,LOC0024,Condo,6,3.5,2042,9112,1974,828600.0,2023-02-03,Pending,,,106,556.0,1,Yes,No,2023-02-03,2026-08-27
UPDATE,2026-08-27T00:00:00,2026-08-27,PT0562797,LST0562797,AG01850,LOC0105,Single Family,4,3.5,1911,9254,1953,397000.0,2026-08-25,Active,,,0,0.0,1,No,No,2026-08-25,2026-08-27
UPDATE,2026-08-27T00:00:00,2026-08-27,PT0400015,LST0400015,AG02522,LOC0039,Single Family,3,4.5,1474,4329,1961,460100.0,2026-02-09,Sold,458022.66,2026-08-27,199,0.0,2,No,Yes,2026-02-09,2026-08-27
UPDATE,2026-08-27T00:00:00,2026-08-27,PT0070586,LST0070586,AG00031,LOC0201,Townhouse,2,2.5,1673,4359,1980,161800.0,2025-03-27,Pending,,,80,246.0,1,No,No,2025-03-27,2026-08-27
UPDATE,2026-08-27T00:00:00,2026-08-27,PT0108425,LST0108425,AG01902,LOC0082,Condo,4,2.5,2124,6764,1905,238600.0,2023-03-08,Pending,,,134,555.0,0,No,No,2023-03-08,2026-08-27
UPDATE,2026-08-27T00:00:00,2026-08-27,PT0226034,LST0226034,AG01024,LOC0043,Townhouse,3,2.0,2171,6036,2010,572500.0,2025-07-17,Active,,,86,436.0,2,No,No,2025-07-17,2026-08-27
UPDATE,2026-08-27T00:00:00,2026-08-27,PT0052225,LST0052225,AG02581,LOC0103,Townhouse,4,3.5,700,5030,1942,178000.0,2024-06-06,Active,,,110,430.0,3,No,No,2024-06-06,2026-08-27
UPDATE,2026-08-27T00:00:00,2026-08-27,PT0127447,LST0127447,AG01565,LOC0171,Single Family,2,3.5,366,2155,1991,176900.0,2025-03-20,Pending,,,100,0.0,0,No,No,2025-03-20,2026-08-27
UPDATE,2026-08-27T00:00:00,2026-08-27,PT0064163,LST0064163,AG00072,LOC0014,Single Family,4,1.0,1890,1532,1962,593900.0,2026-02-06,Sold,574640.92,2026-08-27,202,0.0,2,No,No,2026-02-06,2026-08-27
UPDATE,2026-08-27T00:00:00,2026-08-27,PT0449709,LST0449709,AG00883,LOC0175,Condo,5,1.0,1928,3533,2008,573000.0,2025-05-13,Pending,,,131,683.0,1,No,No,2025-05-13,2026-08-27
UPDATE,2026-08-27T00:00:00,2026-08-27,PT0484669,LST0484669,AG00296,LOC0082,Townhouse,3,3.5,1316,2434,1916,254700.0,2026-01-15,Active,,,153,94.0,3,No,No,2026-01-15,2026-08-27
UPDATE,2026-08-27T00:00:00,2026-08-27,PT0124127,LST0124127,AG01496,LOC0219,Apartment,6,4.0,745,0,1963,440000.0,2026-01-20,Active,,,72,74.0,1,No,No,2026-01-20,2026-08-27
UPDATE,2026-08-27T00:00:00,2026-08-27,PT0512685,LST0512685,AG01632,LOC0071,Single Family,5,1.5,2172,2097,1930,834300.0,2026-07-11,Active,,,0,0.0,2,No,No,2026-07-11,2026-08-27
UPDATE,2026-08-27T00:00:00,2026-08-27,PT0548843,LST0548843,AG00850,LOC0241,Condo,6,1.0,2064,6167,1909,311100.0,2026-08-12,Active,,,0,84.9,3,Yes,No,2026-08-12,2026-08-27
UPDATE,2026-08-27T00:00:00,2026-08-27,PT0198546,LST0198546,AG00593,LOC0108,Townhouse,2,1.5,2112,34759,1940,321700.0,2024-09-27,Sold,333771.77,2026-08-27,699,482.0,0,No,No,2024-09-27,2026-08-27
UPDATE,2026-08-27T00:00:00,2026-08-27,PT0415579,LST0415579,AG01670,LOC0232,Single Family,5,2.5,2923,10464,1900,760600.0,2024-08-18,Sold,743664.6,2026-08-27,739,0.0,1,No,Yes,2024-08-18,2026-08-27
UPDATE,2026-08-27T00:00:00,2026-08-27,PT0369572,LST0369572,AG02809,LOC0001,Single Family,3,1.0,473,3604,1912,122700.0,2023-02-08,Active,,,168,0.0,1,No,No,2023-02-08,2026-08-27
UPDATE,2026-08-27T00:00:00,2026-08-27,PT0124457,LST0124457,AG01925,LOC0027,Condo,2,4.5,1753,5927,2020,535100.0,2024-04-14,Sold,530535.15,2026-08-27,865,258.0,1,No,No,2024-04-14,2026-08-27
UPDATE,2026-08-27T00:00:00,2026-08-27,PT0089910,LST0089910,AG00954,LOC0172,Townhouse,1,4.5,1432,6094,1983,414200.0,2023-06-30,Sold,379283.92,2026-08-27,1154,698.0,1,No,No,2023-06-30,2026-08-27
UPDATE,2026-08-27T00:00:00,2026-08-27,PT0369839,LST0369839,AG00209,LOC0224,Single Family,2,1.0,1170,1224,2017,604400.0,2024-09-15,Active,,,108,0.0,3,No,No,2024-09-15,2026-08-27
UPDATE,2026-08-27T00:00:00,2026-08-27,PT0396914,LST0396914,AG02171,LOC0232,Single Family,6,3.0,307,16959,1912,96600.0,2024-06-24,Sold,93337.26,2026-08-27,794,0.0,3,No,Yes,2024-06-24,2026-08-27
UPDATE,2026-08-27T00:00:00,2026-08-27,PT0550111,LST0550111,AG00349,LOC0090,Condo,3,4.5,924,2109,1948,217700.0,2026-08-13,Active,,,0,576.76,0,No,No,2026-08-13,2026-08-27
UPDATE,2026-08-27T00:00:00,2026-08-27,PT0128404,LST0128404,AG02569,LOC0223,Townhouse,2,2.5,2533,2787,1963,770200.0,2023-02-15,Pending,,,150,411.0,0,No,No,2023-02-15,2026-08-27
UPDATE,2026-08-27T00:00:00,2026-08-27,PT0551884,LST0551884,AG01426,LOC0038,Apartment,6,3.5,800,0,1969,394700.0,2026-08-15,Pending,,,0,396.04,2,Yes,No,2026-08-15,2026-08-27
UPDATE,2026-08-27T00:00:00,2026-08-27,PT0000459,LST0000459,AG02555,LOC0196,Condo,3,3.0,1709,3251,2005,377700.0,2024-06-08,Active,,,92,510.0,3,No,No,2024-06-08,2026-08-27
UPDATE,2026-08-27T00:00:00,2026-08-27,PT0504544,LST0504544,AG00972,LOC0093,Condo,1,3.5,2158,3138,1929,428800.0,2026-07-04,Pending,,,0,452.03,2,No,No,2026-07-04,2026-08-27
UPDATE,2026-08-27T00:00:00,2026-08-27,PT0003048,LST0003048,AG00439,LOC0167,Multi-Family,5,2.5,940,1751,1952,406900.0,2025-10-16,Active,,,54,0.0,1,No,Yes,2025-10-16,2026-08-27
UPDATE,2026-08-27T00:00:00,2026-08-27,PT0447861,LST0447861,AG02479,LOC0153,Single Family,2,3.0,2007,6800,1971,633800.0,2025-09-02,Sold,645173.12,2026-08-27,359,0.0,2,No,No,2025-09-02,2026-08-27
UPDATE,2026-08-27T00:00:00,2026-08-27,PT0477816,LST0477816,AG02873,LOC0005,Single Family,6,4.0,1722,5801,1905,678200.0,2026-06-01,Sold,677402.38,2026-08-27,87,0.0,3,No,No,2026-06-01,2026-08-27
UPDATE,2026-08-27T00:00:00,2026-08-27,PT0377949,LST0377949,AG02247,LOC0193,Townhouse,2,1.5,1433,2536,1985,411400.0,2024-04-18,Sold,426118.95,2026-08-27,861,458.0,2,No,No,2024-04-18,2026-08-27
UPDATE,2026-08-27T00:00:00,2026-08-27,PT0509461,LST0509461,AG00261,LOC0144,Condo,5,2.0,1997,8027,1959,768000.0,2026-07-08,Sold,687795.88,2026-08-27,50,783.54,0,No,No,2026-07-08,2026-08-27
UPDATE,2026-08-27T00:00:00,2026-08-27,PT0273060,LST0273060,AG01067,LOC0057,Single Family,6,3.0,2453,1858,1919,228600.0,2026-05-21,Sold,223633.38,2026-08-27,98,0.0,0,No,No,2026-05-21,2026-08-27
UPDATE,2026-08-27T00:00:00,2026-08-27,PT0138192,LST0138192,AG00197,LOC0242,Single Family,4,2.0,1000,2891,1992,246200.0,2025-03-04,Sold,231313.52,2026-08-27,541,0.0,0,No,No,2025-03-04,2026-08-27
UPDATE,2026-08-27T00:00:00,2026-08-27,PT0165835,LST0165835,AG02532,LOC0125,Condo,2,1.0,1169,4161,1924,354600.0,2023-06-07,Sold,335841.12,2026-08-27,1177,236.0,3,No,No,2023-06-07,2026-08-27
UPDATE,2026-08-27T00:00:00,2026-08-27,PT0350208,LST0350208,AG02030,LOC0160,Condo,4,1.0,2473,14972,1965,697800.0,2026-01-10,Active,,,62,746.0,1,No,No,2026-01-10,2026-08-27
UPDATE,2026-08-27T00:00:00,2026-08-27,PT0031127,LST0031127,AG01884,LOC0034,Townhouse,4,1.0,2655,4567,1901,1735500.0,2023-12-28,Pending,,,68,289.0,3,No,No,2023-12-28,2026-08-27
UPDATE,2026-08-27T00:00:00,2026-08-27,PT0547209,LST0547209,AG00940,LOC0179,Apartment,3,2.0,540,0,1988,158300.0,2026-08-10,Sold,166067.26,2026-08-27,17,509.66,1,No,No,2026-08-10,2026-08-27
UPDATE,2026-08-27T00:00:00,2026-08-27,PT0200203,LST0200203,AG01557,LOC0206,Single Family,4,1.5,1193,7854,1993,420900.0,2023-01-22,Active,,,4,0.0,2,No,No,2023-01-22,2026-08-27
UPDATE,2026-08-27T00:00:00,2026-08-27,PT0296989,LST0296989,AG00526,LOC0022,Condo,6,1.0,2670,1354,1952,1051100.0,2023-07-20,Active,,,146,557.0,3,No,No,2023-07-20,2026-08-27
UPDATE,2026-08-27T00:00:00,2026-08-27,PT0563728,LST0563728,AG02281,LOC0080,Condo,6,4.5,1618,4593,1919,508500.0,2026-08-25,Active,,,0,542.61,2,No,No,2026-08-25,2026-08-27
UPDATE,2026-08-27T00:00:00,2026-08-27,PT0522090,LST0522090,AG00609,LOC0082,Townhouse,4,3.5,742,1164,1911,114400.0,2026-07-19,Active,,,0,649.18,2,No,No,2026-07-19,2026-08-27
UPDATE,2026-08-27T00:00:00,2026-08-27,PT0477272,LST0477272,AG00308,LOC0097,Condo,4,4.5,2479,6005,1907,903300.0,2025-06-28,Pending,,,83,614.0,1,Yes,No,2025-06-28,2026-08-27
UPDATE,2026-08-27T00:00:00,2026-08-27,PT0216328,LST0216328,AG02749,LOC0090,Single Family,1,3.5,390,5918,1989,113000.0,2023-10-07,Pending,,,29,0.0,2,No,No,2023-10-07,2026-08-27
UPDATE,2026-08-27T00:00:00,2026-08-27,PT0275241,LST0275241,AG00139,LOC0245,Condo,6,1.0,2282,5911,1903,392700.0,2026-06-11,Sold,386802.86,2026-08-27,77,50.0,1,No,No,2026-06-11,2026-08-27
UPDATE,2026-08-27T00:00:00,2026-08-27,PT0299867,LST0299867,AG00893,LOC0015,Condo,6,3.5,1783,15816,2015,410100.0,2024-04-27,Pending,,,60,327.0,0,Yes,No,2024-04-27,2026-08-27
UPDATE,2026-08-27T00:00:00,2026-08-27,PT0374342,LST0374342,AG01213,LOC0099,Single Family,3,3.0,2090,11551,1919,843800.0,2024-10-27,Active,,,96,0.0,2,No,No,2024-10-27,2026-08-27
UPDATE,2026-08-27T00:00:00,2026-08-27,PT0491309,LST0491309,AG01659,LOC0082,Multi-Family,5,3.0,2861,6909,1914,296200.0,2025-04-12,Active,,,15,0.0,1,No,No,2025-04-12,2026-08-27
UPDATE,2026-08-27T00:00:00,2026-08-27,PT0124838,LST0124838,AG00700,LOC0186,Multi-Family,5,3.5,5485,2210,1979,1360500.0,2024-02-27,Pending,,,46,0.0,3,No,Yes,2024-02-27,2026-08-27
UPDATE,2026-08-27T00:00:00,2026-08-27,PT0334371,LST0334371,AG01638,LOC0200,Single Family,5,4.0,840,5426,2016,139800.0,2023-12-05,Active,,,17,0.0,1,No,Yes,2023-12-05,2026-08-27
UPDATE,2026-08-27T00:00:00,2026-08-27,PT0543050,LST0543050,AG02598,LOC0030,Condo,1,3.0,2406,1153,2011,931300.0,2026-08-07,Active,,,0,126.52,3,No,No,2026-08-07,2026-08-27
UPDATE,2026-08-27T00:00:00,2026-08-27,PT0547764,LST0547764,AG02476,LOC0064,Single Family,1,2.0,1219,1792,1960,294600.0,2026-08-11,Active,,,0,0.0,2,No,Yes,2026-08-11,2026-08-27
UPDATE,2026-08-27T00:00:00,2026-08-27,PT0133888,LST0133888,AG02584,LOC0243,Single Family,6,2.0,1652,10305,1961,668900.0,2023-01-18,Pending,,,48,0.0,0,No,No,2023-01-18,2026-08-27
UPDATE,2026-08-27T00:00:00,2026-08-27,PT0185650,LST0185650,AG01282,LOC0094,Single Family,4,1.5,2345,1230,1949,477400.0,2023-08-26,Pending,,,155,0.0,1,No,No,2023-08-26,2026-08-27
UPDATE,2026-08-27T00:00:00,2026-08-27,PT0007953,LST0007953,AG00054,LOC0097,Condo,3,3.5,1048,14374,1942,315000.0,2024-05-30,Pending,,,177,606.0,0,No,No,2024-05-30,2026-08-27
UPDATE,2026-08-27T00:00:00,2026-08-27,PT0057690,LST0057690,AG00344,LOC0145,Condo,5,1.5,1735,3408,2015,411300.0,2025-03-28,Active,,,53,92.0,1,No,No,2025-03-28,2026-08-27
UPDATE,2026-08-27T00:00:00,2026-08-27,PT0099069,LST0099069,AG02137,LOC0232,Condo,2,1.0,1694,8100,2005,758100.0,2023-07-12,Active,,,154,444.0,3,No,No,2023-07-12,2026-08-27
UPDATE,2026-08-27T00:00:00,2026-08-27,PT0056486,LST0056486,AG00044,LOC0109,Land,0,0.0,5287,12296,1987,3048900.0,2024-10-04,Sold,3045692.8,2026-08-27,692,0.0,0,No,No,2024-10-04,2026-08-27
UPDATE,2026-08-27T00:00:00,2026-08-27,PT0233108,LST0233108,AG01714,LOC0056,Townhouse,1,2.0,300,2146,2023,113500.0,2024-08-18,Pending,,,26,481.0,2,No,No,2024-08-18,2026-08-27
UPDATE,2026-08-27T00:00:00,2026-08-27,PT0515708,LST0515708,AG01619,LOC0122,Single Family,6,3.0,2528,2212,1941,615200.0,2026-07-13,Active,,,0,0.0,2,No,No,2026-07-13,2026-08-27
UPDATE,2026-08-27T00:00:00,2026-08-27,PT0561204,LST0561204,AG00075,LOC0192,Single Family,5,2.0,1108,7437,1944,278700.0,2026-08-23,Active,,,0,0.0,0,Yes,No,2026-08-23,2026-08-27
UPDATE,2026-08-27T00:00:00,2026-08-27,PT0462563,LST0462563,AG00289,LOC0070,Single Family,4,2.5,1977,1192,1988,436600.0,2024-10-27,Pending,,,74,0.0,0,No,No,2024-10-27,2026-08-27
UPDATE,2026-08-27T00:00:00,2026-08-27,PT0300276,LST0300276,AG00485,LOC0086,Condo,4,1.5,2128,1644,1942,324300.0,2023-07-17,Active,,,21,693.0,2,No,No,2023-07-17,2026-08-27
UPDATE,2026-08-27T00:00:00,2026-08-27,PT0115045,LST0115045,AG00519,LOC0119,Single Family,1,3.5,3220,3475,1962,1368800.0,2025-02-10,Active,,,71,0.0,2,Yes,Yes,2025-02-10,2026-08-27
UPDATE,2026-08-27T00:00:00,2026-08-27,PT0092375,LST0092375,AG01852,LOC0108,Single Family,1,3.0,2325,1442,1976,656800.0,2023-09-01,Sold,652779.52,2026-08-27,1091,0.0,2,No,Yes,2023-09-01,2026-08-27
UPDATE,2026-08-27T00:00:00,2026-08-27,PT0445455,LST0445455,AG02608,LOC0087,Condo,2,4.5,1881,2701,1951,726700.0,2026-05-18,Sold,679938.33,2026-08-27,101,617.0,3,Yes,No,2026-05-18,2026-08-27
UPDATE,2026-08-27T00:00:00,2026-08-27,PT0554737,LST0554737,AG00917,LOC0066,Apartment,6,3.5,585,0,1986,107300.0,2026-08-18,Active,,,0,340.67,1,No,No,2026-08-18,2026-08-27
UPDATE,2026-08-27T00:00:00,2026-08-27,PT0353345,LST0353345,AG01309,LOC0133,Land,0,0.0,9422,1722,1906,871600.0,2024-04-14,Pending,,,38,0.0,0,No,No,2024-04-14,2026-08-27
UPDATE,2026-08-27T00:00:00,2026-08-27,PT0281769,LST0281769,AG00011,LOC0024,Multi-Family,6,2.5,2173,3026,1928,740900.0,2023-11-18,Active,,,2,0.0,2,No,No,2023-11-18,2026-08-27
UPDATE,2026-08-27T00:00:00,2026-08-27,PT0278019,LST0278019,AG01745,LOC0100,Condo,3,4.5,1717,4934,1973,277500.0,2025-03-17,Active,,,168,642.0,2,No,No,2025-03-17,2026-08-27
UPDATE,2026-08-27T00:00:00,2026-08-27,PT0538236,LST0538236,AG02354,LOC0174,Land,0,0.0,4189,11578,1936,1232700.0,2026-08-03,Pending,,,0,0.0,0,No,No,2026-08-03,2026-08-27
UPDATE,2026-08-27T00:00:00,2026-08-27,PT0098980,LST0098980,AG00785,LOC0060,Single Family,3,1.5,1199,9773,1985,234900.0,2025-10-27,Pending,,,173,0.0,1,No,No,2025-10-27,2026-08-27
UPDATE,2026-08-27T00:00:00,2026-08-27,PT0131038,LST0131038,AG02125,LOC0241,Townhouse,5,4.0,1105,4741,1948,97900.0,2025-11-29,Sold,93667.67,2026-08-27,271,255.0,3,No,No,2025-11-29,2026-08-27
UPDATE,2026-08-27T00:00:00,2026-08-27,PT0000063,LST0000063,AG01440,LOC0198,Single Family,1,1.0,1900,8567,1993,156600.0,2023-06-03,Pending,,,32,0.0,1,No,No,2023-06-03,2026-08-27
UPDATE,2026-08-27T00:00:00,2026-08-27,PT0330853,LST0330853,AG00823,LOC0157,Townhouse,6,1.0,1849,4799,1966,717700.0,2024-06-28,Active,,,164,660.0,0,Yes,No,2024-06-28,2026-08-27
UPDATE,2026-08-27T00:00:00,2026-08-27,PT0080256,LST0080256,AG02712,LOC0182,Apartment,6,1.5,266,0,1954,46500.0,2023-09-13,Pending,,,112,499.0,3,No,No,2023-09-13,2026-08-27
UPDATE,2026-08-27T00:00:00,2026-08-27,PT0062934,LST0062934,AG00100,LOC0198,Multi-Family,1,3.5,2716,9777,2015,355600.0,2024-12-05,Pending,,,88,0.0,1,Yes,No,2024-12-05,2026-08-27
UPDATE,2026-08-27T00:00:00,2026-08-27,PT0258404,LST0258404,AG01264,LOC0079,Townhouse,2,4.0,963,9094,1983,235100.0,2024-01-30,Active,,,47,671.0,3,No,No,2024-01-30,2026-08-27
UPDATE,2026-08-27T00:00:00,2026-08-27,PT0104322,LST0104322,AG02314,LOC0184,Single Family,2,2.0,1894,3034,1926,393700.0,2025-03-02,Active,,,80,0.0,2,No,No,2025-03-02,2026-08-27
UPDATE,2026-08-27T00:00:00,2026-08-27,PT0146768,LST0146768,AG02806,LOC0078,Condo,1,1.0,1805,2658,1950,558700.0,2025-03-05,Sold,563801.39,2026-08-27,540,155.0,3,Yes,No,2025-03-05,2026-08-27
UPDATE,2026-08-27T00:00:00,2026-08-27,PT0494130,LST0494130,AG01491,LOC0085,Single Family,4,1.5,2127,1895,1925,576900.0,2023-11-18,Pending,,,159,0.0,2,Yes,No,2023-11-18,2026-08-27
UPDATE,2026-08-27T00:00:00,2026-08-27,PT0445121,LST0445121,AG01209,LOC0235,Single Family,3,1.0,2180,19106,1903,988200.0,2024-11-16,Active,,,175,0.0,2,No,Yes,2024-11-16,2026-08-27
UPDATE,2026-08-27T00:00:00,2026-08-27,PT0241939,LST0241939,AG00222,LOC0059,Townhouse,3,3.5,565,4553,2006,95600.0,2024-12-05,Active,,,52,362.0,3,No,No,2024-12-05,2026-08-27
UPDATE,2026-08-27T00:00:00,2026-08-27,PT0488159,LST0488159,AG01620,LOC0017,Apartment,1,3.0,604,0,1978,219300.0,2023-07-23,Pending,,,29,546.0,3,No,No,2023-07-23,2026-08-27
UPDATE,2026-08-27T00:00:00,2026-08-27,PT0011536,LST0011536,AG01104,LOC0185,Apartment,6,1.5,2024,0,1937,594900.0,2025-09-26,Active,,,51,566.0,0,No,No,2025-09-26,2026-08-27
UPDATE,2026-08-27T00:00:00,2026-08-27,PT0156537,LST0156537,AG00727,LOC0158,Townhouse,6,4.5,1814,1966,1927,663400.0,2024-01-06,Sold,631478.92,2026-08-27,964,515.0,0,No,No,2024-01-06,2026-08-27
UPDATE,2026-08-27T00:00:00,2026-08-27,PT0097089,LST0097089,AG01030,LOC0243,Single Family,6,1.5,1996,5832,1923,910800.0,2024-02-02,Pending,,,100,0.0,1,No,No,2024-02-02,2026-08-27
UPDATE,2026-08-27T00:00:00,2026-08-27,PT0247103,LST0247103,AG01204,LOC0124,Single Family,1,3.5,2569,1895,1988,378300.0,2025-03-04,Pending,,,139,0.0,1,No,Yes,2025-03-04,2026-08-27
UPDATE,2026-08-27T00:00:00,2026-08-27,PT0480613,LST0480613,AG02509,LOC0158,Land,0,0.0,8559,2884,1908,4250000.0,2023-10-18,Active,,,51,0.0,0,No,No,2023-10-18,2026-08-27
UPDATE,2026-08-27T00:00:00,2026-08-27,PT0528737,LST0528737,AG02820,LOC0127,Apartment,2,1.5,832,0,2010,319200.0,2026-07-25,Sold,284040.47,2026-08-27,33,206.71,0,No,No,2026-07-25,2026-08-27
UPDATE,2026-08-27T00:00:00,2026-08-27,PT0219225,LST0219225,AG01703,LOC0095,Land,0,0.0,4002,6143,1994,1698200.0,2025-09-10,Pending,,,149,0.0,0,No,No,2025-09-10,2026-08-27
UPDATE,2026-08-27T00:00:00,2026-08-27,PT0516362,LST0516362,AG02718,LOC0171,Single Family,3,3.0,1062,9915,1964,434500.0,2026-07-14,Sold,413010.74,2026-08-27,44,0.0,0,No,Yes,2026-07-14,2026-08-27
UPDATE,2026-08-27T00:00:00,2026-08-27,PT0224422,LST0224422,AG00646,LOC0104,Condo,6,2.0,1843,3848,1903,155300.0,2024-08-05,Sold,158975.23,2026-08-27,752,659.0,3,No,No,2024-08-05,2026-08-27
UPDATE,2026-08-27T00:00:00,2026-08-27,PT0488433,LST0488433,AG01108,LOC0181,Single Family,1,3.0,2128,4526,1991,516700.0,2023-05-10,Sold,498296.46,2026-08-27,1205,0.0,1,No,No,2023-05-10,2026-08-27
UPDATE,2026-08-27T00:00:00,2026-08-27,PT0071445,LST0071445,AG01982,LOC0006,Townhouse,5,3.5,2632,11422,1950,314000.0,2024-04-21,Sold,294328.75,2026-08-27,858,511.0,1,No,No,2024-04-21,2026-08-27
UPDATE,2026-08-27T00:00:00,2026-08-27,PT0516262,LST0516262,AG01017,LOC0148,Single Family,1,1.5,2312,5335,1937,550600.0,2026-07-14,Active,,,0,0.0,3,Yes,No,2026-07-14,2026-08-27
UPDATE,2026-08-27T00:00:00,2026-08-27,PT0034974,LST0034974,AG02058,LOC0126,Single Family,6,3.5,1544,3350,2014,471100.0,2024-07-14,Sold,440532.61,2026-08-27,774,0.0,3,No,Yes,2024-07-14,2026-08-27
UPDATE,2026-08-27T00:00:00,2026-08-27,PT0280187,LST0280187,AG01248,LOC0004,Single Family,3,3.5,1803,5188,1994,155000.0,2024-08-07,Sold,146026.53,2026-08-27,750,0.0,2,No,Yes,2024-08-07,2026-08-27
UPDATE,2026-08-27T00:00:00,2026-08-27,PT0074952,LST0074952,AG02054,LOC0099,Condo,1,4.5,1330,2214,1940,546200.0,2025-09-12,Sold,572810.49,2026-08-27,349,590.0,2,No,No,2025-09-12,2026-08-27
UPDATE,2026-08-27T00:00:00,2026-08-27,PT0183884,LST0183884,AG00502,LOC0032,Multi-Family,1,1.5,4254,9004,1934,561900.0,2023-04-07,Pending,,,30,0.0,2,Yes,Yes,2023-04-07,2026-08-27
UPDATE,2026-08-27T00:00:00,2026-08-27,PT0224188,LST0224188,AG00133,LOC0083,Single Family,5,3.5,2007,2205,1917,635800.0,2023-05-02,Pending,,,155,0.0,0,No,Yes,2023-05-02,2026-08-27
UPDATE,2026-08-27T00:00:00,2026-08-27,PT0122880,LST0122880,AG02685,LOC0054,Single Family,3,4.0,2862,7660,1974,554900.0,2024-07-30,Pending,,,27,0.0,2,No,Yes,2024-07-30,2026-08-27
UPDATE,2026-08-27T00:00:00,2026-08-27,PT0470496,LST0470496,AG00929,LOC0087,Single Family,2,2.5,1273,3518,1986,619100.0,2023-10-06,Pending,,,119,0.0,2,No,No,2023-10-06,2026-08-27
UPDATE,2026-08-27T00:00:00,2026-08-27,PT0468360,LST0468360,AG00039,LOC0005,Condo,6,2.0,2288,7487,1961,1128100.0,2023-07-13,Active,,,119,269.0,2,No,No,2023-07-13,2026-08-27
UPDATE,2026-08-27T00:00:00,2026-08-27,PT0531980,LST0531980,AG01769,LOC0126,Single Family,5,3.5,1666,5305,2013,673500.0,2026-07-28,Pending,,,0,0.0,0,No,Yes,2026-07-28,2026-08-27
UPDATE,2026-08-27T00:00:00,2026-08-27,PT0059721,LST0059721,AG01738,LOC0227,Townhouse,1,1.0,1819,2344,1959,491100.0,2025-11-27,Pending,,,71,500.0,0,Yes,No,2025-11-27,2026-08-27
UPDATE,2026-08-27T00:00:00,2026-08-27,PT0233701,LST0233701,AG01418,LOC0244,Single Family,6,2.0,1208,2956,1999,314900.0,2023-08-17,Active,,,111,0.0,3,No,Yes,2023-08-17,2026-08-27
UPDATE,2026-08-27T00:00:00,2026-08-27,PT0171156,LST0171156,AG00290,LOC0165,Apartment,5,1.5,892,0,1977,511600.0,2025-02-20,Pending,,,11,683.0,2,No,No,2025-02-20,2026-08-27
UPDATE,2026-08-27T00:00:00,2026-08-27,PT0392389,LST0392389,AG01096,LOC0030,Townhouse,3,3.0,2070,5063,1993,527400.0,2025-07-21,Pending,,,52,429.0,2,Yes,No,2025-07-21,2026-08-27
UPDATE,2026-08-27T00:00:00,2026-08-27,PT0517035,LST0517035,AG02158,LOC0067,Condo,5,4.5,2037,1346,1968,469700.0,2026-07-14,Pending,,,0,459.99,0,Yes,No,2026-07-14,2026-08-27
UPDATE,2026-08-27T00:00:00,2026-08-27,PT0202574,LST0202574,AG01474,LOC0037,Condo,3,3.5,1631,9161,2018,677000.0,2025-06-22,Active,,,1,533.0,3,No,No,2025-06-22,2026-08-27
UPDATE,2026-08-27T00:00:00,2026-08-27,PT0534243,LST0534243,AG02962,LOC0098,Single Family,3,4.0,623,3358,2013,258900.0,2026-07-30,Sold,260394.55,2026-08-27,28,0.0,2,Yes,No,2026-07-30,2026-08-27
UPDATE,2026-08-27T00:00:00,2026-08-27,PT0306529,LST0306529,AG02990,LOC0101,Single Family,3,1.0,724,6274,2019,295300.0,2024-11-22,Pending,,,71,0.0,0,No,Yes,2024-11-22,2026-08-27
UPDATE,2026-08-27T00:00:00,2026-08-27,PT0505487,LST0505487,AG01297,LOC0216,Condo,2,4.5,1797,5353,1901,209500.0,2026-07-05,Pending,,,0,628.79,0,No,No,2026-07-05,2026-08-27
UPDATE,2026-08-27T00:00:00,2026-08-27,PT0442167,LST0442167,AG01676,LOC0247,Single Family,6,1.5,3036,2680,1935,626400.0,2024-11-24,Sold,602474.78,2026-08-27,641,0.0,3,Yes,Yes,2024-11-24,2026-08-27
UPDATE,2026-08-27T00:00:00,2026-08-27,PT0538505,LST0538505,AG01561,LOC0048,Apartment,1,4.0,1390,0,1986,626400.0,2026-08-03,Pending,,,0,616.15,0,No,No,2026-08-03,2026-08-27
UPDATE,2026-08-27T00:00:00,2026-08-27,PT0170759,LST0170759,AG01203,LOC0021,Single Family,4,1.0,1434,2912,1925,216300.0,2025-04-01,Sold,211556.58,2026-08-27,513,0.0,2,No,Yes,2025-04-01,2026-08-27
UPDATE,2026-08-27T00:00:00,2026-08-27,PT0444338,LST0444338,AG02864,LOC0121,Condo,5,1.0,1083,10180,1966,251700.0,2025-04-19,Pending,,,141,70.0,1,Yes,No,2025-04-19,2026-08-27
UPDATE,2026-08-27T00:00:00,2026-08-27,PT0483361,LST0483361,AG00348,LOC0193,Townhouse,5,2.0,2335,1312,1918,693500.0,2025-08-21,Active,,,13,521.0,3,No,No,2025-08-21,2026-08-27
UPDATE,2026-08-27T00:00:00,2026-08-27,PT0254077,LST0254077,AG00975,LOC0004,Condo,3,1.5,2166,2737,2001,272900.0,2026-03-24,Pending,,,138,391.0,0,No,No,2026-03-24,2026-08-27
UPDATE,2026-08-27T00:00:00,2026-08-27,PT0548007,LST0548007,AG02416,LOC0022,Townhouse,5,4.0,340,1239,1942,91700.0,2026-08-11,Pending,,,0,712.13,0,No,No,2026-08-11,2026-08-27
UPDATE,2026-08-27T00:00:00,2026-08-27,PT0001283,LST0001283,AG02557,LOC0120,Multi-Family,1,2.5,4119,2130,1996,1819900.0,2025-06-26,Active,,,75,0.0,3,No,No,2025-06-26,2026-08-27
UPDATE,2026-08-27T00:00:00,2026-08-27,PT0192426,LST0192426,AG01411,LOC0102,Single Family,4,2.5,1432,1023,1983,192900.0,2023-09-12,Active,,,89,0.0,2,No,No,2023-09-12,2026-08-27
UPDATE,2026-08-27T00:00:00,2026-08-27,PT0300292,LST0300292,AG00960,LOC0190,Single Family,2,1.5,1830,10654,1981,331200.0,2023-03-29,Pending,,,7,0.0,1,No,No,2023-03-29,2026-08-27
UPDATE,2026-08-27T00:00:00,2026-08-27,PT0336657,LST0336657,AG02686,LOC0142,Townhouse,4,3.5,744,20896,1987,345600.0,2025-12-30,Active,,,173,460.0,0,No,No,2025-12-30,2026-08-27
UPDATE,2026-08-27T00:00:00,2026-08-27,PT0529086,LST0529086,AG00410,LOC0177,Single Family,6,4.0,1728,6039,1996,395500.0,2026-07-26,Sold,389224.86,2026-08-27,32,0.0,1,No,No,2026-07-26,2026-08-27
UPDATE,2026-08-27T00:00:00,2026-08-27,PT0070449,LST0070449,AG02047,LOC0071,Single Family,5,3.5,1736,1498,1995,1028100.0,2024-12-18,Sold,992131.51,2026-08-27,617,0.0,3,No,Yes,2024-12-18,2026-08-27
UPDATE,2026-08-27T00:00:00,2026-08-27,PT0420360,LST0420360,AG00088,LOC0155,Land,0,0.0,7974,9124,2022,642600.0,2026-02-19,Active,,,75,0.0,0,No,No,2026-02-19,2026-08-27
UPDATE,2026-08-27T00:00:00,2026-08-27,PT0296908,LST0296908,AG00290,LOC0073,Multi-Family,6,3.5,2673,12771,1971,570000.0,2025-06-07,Sold,560375.7,2026-08-27,446,0.0,2,No,Yes,2025-06-07,2026-08-27
UPDATE,2026-08-27T00:00:00,2026-08-27,PT0191172,LST0191172,AG00685,LOC0225,Single Family,5,3.5,2096,2382,1909,756000.0,2024-11-17,Pending,,,156,0.0,2,No,No,2024-11-17,2026-08-27
UPDATE,2026-08-27T00:00:00,2026-08-27,PT0522391,LST0522391,AG02779,LOC0203,Single Family,3,1.0,2431,10750,1997,385800.0,2026-07-20,Active,,,0,0.0,2,No,No,2026-07-20,2026-08-27
UPDATE,2026-08-27T00:00:00,2026-08-27,PT0097525,LST0097525,AG02867,LOC0008,Single Family,5,3.0,2189,14416,1911,326600.0,2026-05-23,Sold,314731.48,2026-08-27,96,0.0,0,Yes,No,2026-05-23,2026-08-27
UPDATE,2026-08-27T00:00:00,2026-08-27,PT0235243,LST0235243,AG02648,LOC0056,Single Family,4,1.5,1238,5417,1966,771300.0,2023-04-16,Active,,,128,0.0,1,No,Yes,2023-04-16,2026-08-27
UPDATE,2026-08-27T00:00:00,2026-08-27,PT0009091,LST0009091,AG02888,LOC0073,Townhouse,1,1.5,2090,1716,1905,615100.0,2023-02-20,Sold,641916.03,2026-08-27,1284,441.0,1,No,No,2023-02-20,2026-08-27
UPDATE,2026-08-27T00:00:00,2026-08-27,PT0334342,LST0334342,AG02408,LOC0232,Condo,6,1.5,1876,8740,1993,440300.0,2024-04-28,Sold,434805.18,2026-08-27,851,344.0,1,Yes,No,2024-04-28,2026-08-27
UPDATE,2026-08-27T00:00:00,2026-08-27,PT0491592,LST0491592,AG01757,LOC0218,Single Family,4,2.0,1906,8282,2015,414400.0,2025-04-23,Pending,,,94,0.0,0,No,No,2025-04-23,2026-08-27
UPDATE,2026-08-27T00:00:00,2026-08-27,PT0015289,LST0015289,AG01038,LOC0127,Townhouse,2,2.0,1375,6880,2001,618800.0,2024-06-05,Active,,,59,512.0,2,No,No,2024-06-05,2026-08-27
UPDATE,2026-08-27T00:00:00,2026-08-27,PT0516139,LST0516139,AG01640,LOC0097,Apartment,2,2.5,1422,0,1944,413500.0,2026-07-14,Pending,,,0,77.79,3,No,No,2026-07-14,2026-08-27
UPDATE,2026-08-27T00:00:00,2026-08-27,PT0182416,LST0182416,AG02478,LOC0019,Single Family,3,3.5,1153,3580,2010,200700.0,2024-03-07,Pending,,,130,0.0,2,Yes,Yes,2024-03-07,2026-08-27
UPDATE,2026-08-27T00:00:00,2026-08-27,PT0291885,LST0291885,AG02108,LOC0066,Townhouse,1,1.0,1309,4884,1916,416200.0,2023-12-02,Active,,,94,126.0,3,No,No,2023-12-02,2026-08-27
UPDATE,2026-08-27T00:00:00,2026-08-27,PT0150294,LST0150294,AG01737,LOC0163,Land,0,0.0,5214,8378,2018,1386900.0,2023-08-27,Pending,,,85,0.0,0,No,No,2023-08-27,2026-08-27
UPDATE,2026-08-27T00:00:00,2026-08-27,PT0191708,LST0191708,AG02224,LOC0029,Townhouse,4,2.5,619,1036,1921,245300.0,2023-04-28,Pending,,,100,600.0,0,No,No,2023-04-28,2026-08-27
UPDATE,2026-08-27T00:00:00,2026-08-27,PT0168118,LST0168118,AG02086,LOC0077,Townhouse,4,3.5,1914,5419,1986,682100.0,2025-01-01,Pending,,,48,347.0,1,No,No,2025-01-01,2026-08-27
UPDATE,2026-08-27T00:00:00,2026-08-27,PT0165056,LST0165056,AG02986,LOC0097,Townhouse,3,1.0,1891,1006,1960,422300.0,2025-12-03,Pending,,,30,649.0,3,No,No,2025-12-03,2026-08-27
UPDATE,2026-08-27T00:00:00,2026-08-27,PT0469378,LST0469378,AG02419,LOC0051,Multi-Family,6,3.0,3339,2274,1922,420600.0,2024-05-04,Pending,,,101,0.0,2,No,No,2024-05-04,2026-08-27
UPDATE,2026-08-27T00:00:00,2026-08-27,PT0237849,LST0237849,AG02596,LOC0119,Condo,1,3.5,1089,2907,1943,134000.0,2023-02-03,Pending,,,85,743.0,1,No,No,2023-02-03,2026-08-27
UPDATE,2026-08-27T00:00:00,2026-08-27,PT0200127,LST0200127,AG01650,LOC0111,Single Family,1,3.5,1686,2470,1926,439500.0,2025-05-11,Pending,,,42,0.0,3,No,No,2025-05-11,2026-08-27
UPDATE,2026-08-27T00:00:00,2026-08-27,PT0224068,LST0224068,AG00880,LOC0112,Single Family,3,3.0,2342,2853,1936,367300.0,2026-05-25,Pending,,,94,0.0,3,No,No,2026-05-25,2026-08-27
UPDATE,2026-08-27T00:00:00,2026-08-27,PT0081026,LST0081026,AG02512,LOC0010,Single Family,4,3.0,1739,4127,1990,942100.0,2023-09-17,Pending,,,25,0.0,2,No,Yes,2023-09-17,2026-08-27
UPDATE,2026-08-27T00:00:00,2026-08-27,PT0445857,LST0445857,AG02505,LOC0168,Single Family,1,4.5,864,8443,1994,116100.0,2023-05-03,Pending,,,80,0.0,2,No,Yes,2023-05-03,2026-08-27
UPDATE,2026-08-27T00:00:00,2026-08-27,PT0113647,LST0113647,AG00530,LOC0008,Single Family,6,2.5,2540,1925,2019,485500.0,2024-10-27,Active,,,74,0.0,0,No,No,2024-10-27,2026-08-27
UPDATE,2026-08-27T00:00:00,2026-08-27,PT0540308,LST0540308,AG01844,LOC0030,Townhouse,4,2.5,950,2257,2012,372400.0,2026-08-04,Active,,,0,795.11,3,No,No,2026-08-04,2026-08-27
UPDATE,2026-08-27T00:00:00,2026-08-27,PT0181921,LST0181921,AG00782,LOC0049,Single Family,2,2.0,1259,6827,1956,559700.0,2023-04-15,Active,,,77,0.0,2,Yes,Yes,2023-04-15,2026-08-27
UPDATE,2026-08-27T00:00:00,2026-08-27,PT0232323,LST0232323,AG02826,LOC0002,Townhouse,3,1.0,1747,8566,1962,493100.0,2023-11-17,Sold,492623.35,2026-08-27,1014,595.0,3,No,No,2023-11-17,2026-08-27
UPDATE,2026-08-27T00:00:00,2026-08-27,PT0441839,LST0441839,AG02544,LOC0077,Single Family,2,3.0,2110,5623,1929,581500.0,2024-09-15,Pending,,,91,0.0,3,No,Yes,2024-09-15,2026-08-27
UPDATE,2026-08-27T00:00:00,2026-08-27,PT0001192,LST0001192,AG02818,LOC0239,Single Family,1,4.0,528,1725,1916,118200.0,2023-05-18,Sold,110463.96,2026-08-27,1197,0.0,0,No,Yes,2023-05-18,2026-08-27
UPDATE,2026-08-27T00:00:00,2026-08-27,PT0465204,LST0465204,AG02613,LOC0139,Single Family,3,4.5,2410,4364,1927,1772300.0,2025-06-09,Pending,,,142,0.0,3,Yes,No,2025-06-09,2026-08-27
UPDATE,2026-08-27T00:00:00,2026-08-27,PT0338713,LST0338713,AG02195,LOC0088,Townhouse,2,2.0,2246,1996,2014,479200.0,2025-01-10,Pending,,,158,651.0,3,No,No,2025-01-10,2026-08-27
UPDATE,2026-08-27T00:00:00,2026-08-27,PT0454195,LST0454195,AG00266,LOC0119,Single Family,6,4.5,1432,1664,1917,148100.0,2025-05-30,Sold,161262.14,2026-08-27,454,0.0,1,Yes,No,2025-05-30,2026-08-27
UPDATE,2026-08-27T00:00:00,2026-08-27,PT0135507,LST0135507,AG01043,LOC0203,Single Family,5,4.5,1671,13151,1908,341100.0,2023-05-06,Pending,,,30,0.0,2,No,No,2023-05-06,2026-08-27
UPDATE,2026-08-27T00:00:00,2026-08-27,PT0502628,LST0502628,AG02975,LOC0139,Single Family,4,3.0,1992,19601,2022,553900.0,2026-07-02,Active,,,0,0.0,0,No,Yes,2026-07-02,2026-08-27
UPDATE,2026-08-27T00:00:00,2026-08-27,PT0025034,LST0025034,AG02266,LOC0085,Single Family,4,4.5,2272,2093,2005,455800.0,2024-11-17,Pending,,,161,0.0,3,No,No,2024-11-17,2026-08-27
UPDATE,2026-08-27T00:00:00,2026-08-27,PT0377162,LST0377162,AG00645,LOC0060,Townhouse,2,4.0,847,1315,1983,235000.0,2023-08-24,Active,,,94,585.0,3,No,No,2023-08-24,2026-08-27
UPDATE,2026-08-27T00:00:00,2026-08-27,PT0492762,LST0492762,AG00126,LOC0077,Condo,3,3.5,2904,4759,1968,510200.0,2024-11-29,Active,,,157,149.0,2,Yes,No,2024-11-29,2026-08-27
UPDATE,2026-08-27T00:00:00,2026-08-27,PT0189349,LST0189349,AG02317,LOC0061,Single Family,3,2.5,1296,19563,1984,138800.0,2025-10-15,Pending,,,19,0.0,1,No,Yes,2025-10-15,2026-08-27
UPDATE,2026-08-27T00:00:00,2026-08-27,PT0087765,LST0087765,AG01346,LOC0071,Land,0,0.0,3771,7042,1959,1628800.0,2026-01-15,Pending,,,82,0.0,0,No,No,2026-01-15,2026-08-27
UPDATE,2026-08-27T00:00:00,2026-08-27,PT0534231,LST0534231,AG00334,LOC0240,Single Family,4,2.0,1806,3179,1908,444700.0,2026-07-30,Active,,,0,0.0,1,No,Yes,2026-07-30,2026-08-27
UPDATE,2026-08-27T00:00:00,2026-08-27,PT0401570,LST0401570,AG00066,LOC0102,Single Family,4,3.0,1435,5518,1925,113100.0,2024-10-12,Sold,100443.39,2026-08-27,684,0.0,2,No,No,2024-10-12,2026-08-27
UPDATE,2026-08-27T00:00:00,2026-08-27,PT0463198,LST0463198,AG00433,LOC0167,Single Family,3,3.5,1655,3077,1938,725100.0,2025-09-24,Pending,,,70,0.0,3,No,No,2025-09-24,2026-08-27
UPDATE,2026-08-27T00:00:00,2026-08-27,PT0276476,LST0276476,AG02345,LOC0207,Land,0,0.0,6189,1435,1933,1185400.0,2024-05-06,Active,,,36,0.0,0,No,No,2024-05-06,2026-08-27
UPDATE,2026-08-27T00:00:00,2026-08-27,PT0245751,LST0245751,AG00788,LOC0077,Single Family,5,3.5,421,1418,1944,87500.0,2023-06-03,Pending,,,64,0.0,0,No,No,2023-06-03,2026-08-27
UPDATE,2026-08-27T00:00:00,2026-08-27,PT0042394,LST0042394,AG02697,LOC0201,Condo,1,4.0,1037,10061,1934,155200.0,2024-11-07,Active,,,55,695.0,3,No,No,2024-11-07,2026-08-27
UPDATE,2026-08-27T00:00:00,2026-08-27,PT0216041,LST0216041,AG00228,LOC0019,Single Family,1,2.5,2736,10909,1948,506100.0,2024-08-19,Active,,,82,0.0,1,No,No,2024-08-19,2026-08-27
UPDATE,2026-08-27T00:00:00,2026-08-27,PT0042466,LST0042466,AG00276,LOC0188,Single Family,5,3.5,2330,4808,1952,369000.0,2023-06-10,Sold,367135.53,2026-08-27,1174,0.0,0,No,No,2023-06-10,2026-08-27
UPDATE,2026-08-27T00:00:00,2026-08-27,PT0125859,LST0125859,AG00181,LOC0047,Single Family,3,1.5,2072,8532,1933,1098600.0,2026-03-19,Pending,,,38,0.0,2,No,No,2026-03-19,2026-08-27
UPDATE,2026-08-27T00:00:00,2026-08-27,PT0465087,LST0465087,AG00342,LOC0042,Land,0,0.0,9733,3032,1967,3007200.0,2025-08-11,Active,,,42,0.0,0,No,No,2025-08-11,2026-08-27
UPDATE,2026-08-27T00:00:00,2026-08-27,PT0101993,LST0101993,AG02275,LOC0117,Multi-Family,6,1.5,3895,10712,2003,1158700.0,2024-10-16,Pending,,,74,0.0,0,No,No,2024-10-16,2026-08-27
UPDATE,2026-08-27T00:00:00,2026-08-27,PT0109998,LST0109998,AG00305,LOC0130,Single Family,2,1.5,755,11757,1956,97600.0,2024-12-24,Pending,,,111,0.0,1,No,No,2024-12-24,2026-08-27
UPDATE,2026-08-27T00:00:00,2026-08-27,PT0228474,LST0228474,AG02401,LOC0178,Multi-Family,4,1.0,2483,5740,1993,389000.0,2025-06-15,Active,,,48,0.0,1,No,No,2025-06-15,2026-08-27
UPDATE,2026-08-27T00:00:00,2026-08-27,PT0091175,LST0091175,AG00481,LOC0024,Condo,1,2.0,2170,2774,1901,619800.0,2025-09-26,Pending,,,112,222.0,1,No,No,2025-09-26,2026-08-27
UPDATE,2026-08-27T00:00:00,2026-08-27,PT0505454,LST0505454,AG00266,LOC0089,Single Family,4,3.5,2512,5905,1959,380300.0,2026-07-05,Pending,,,0,0.0,0,No,No,2026-07-05,2026-08-27
UPDATE,2026-08-27T00:00:00,2026-08-27,PT0307529,LST0307529,AG02753,LOC0159,Condo,6,2.0,1790,11736,1999,257600.0,2026-02-26,Pending,,,154,175.0,0,Yes,No,2026-02-26,2026-08-27
UPDATE,2026-08-27T00:00:00,2026-08-27,PT0399800,LST0399800,AG00715,LOC0243,Apartment,4,1.0,1461,0,1965,519500.0,2023-04-11,Pending,,,125,477.0,1,No,No,2023-04-11,2026-08-27
UPDATE,2026-08-27T00:00:00,2026-08-27,PT0308022,LST0308022,AG00515,LOC0100,Condo,1,4.0,826,4899,1943,79500.0,2023-12-14,Sold,77186.4,2026-08-27,987,446.0,1,No,No,2023-12-14,2026-08-27
UPDATE,2026-08-27T00:00:00,2026-08-27,PT0543102,LST0543102,AG00784,LOC0068,Townhouse,1,2.0,1830,1401,1983,828000.0,2026-08-07,Active,,,0,427.49,2,No,No,2026-08-07,2026-08-27
UPDATE,2026-08-27T00:00:00,2026-08-27,PT0224357,LST0224357,AG00470,LOC0032,Townhouse,1,2.0,2285,3591,1996,314400.0,2026-03-09,Pending,,,136,287.0,3,No,No,2026-03-09,2026-08-27
UPDATE,2026-08-27T00:00:00,2026-08-27,PT0226562,LST0226562,AG00221,LOC0145,Condo,5,3.0,2169,5951,2014,884900.0,2025-08-28,Pending,,,136,257.0,1,No,No,2025-08-28,2026-08-27
UPDATE,2026-08-27T00:00:00,2026-08-27,PT0027836,LST0027836,AG01993,LOC0164,Condo,6,3.0,2702,9126,1958,157800.0,2024-02-13,Sold,147739.54,2026-08-27,926,330.0,1,No,No,2024-02-13,2026-08-27
UPDATE,2026-08-27T00:00:00,2026-08-27,PT0554317,LST0554317,AG02783,LOC0106,Condo,4,2.0,958,2518,1907,527700.0,2026-08-17,Active,,,0,758.08,1,Yes,No,2026-08-17,2026-08-27
UPDATE,2026-08-27T00:00:00,2026-08-27,PT0298854,LST0298854,AG02286,LOC0234,Single Family,4,3.0,1285,2444,1971,470100.0,2023-09-25,Sold,448893.36,2026-08-27,1067,0.0,2,Yes,No,2023-09-25,2026-08-27
UPDATE,2026-08-27T00:00:00,2026-08-27,PT0405160,LST0405160,AG02561,LOC0154,Single Family,3,4.0,535,3266,1952,79400.0,2023-11-21,Active,,,61,0.0,2,No,No,2023-11-21,2026-08-27
UPDATE,2026-08-27T00:00:00,2026-08-27,PT0438862,LST0438862,AG02991,LOC0122,Single Family,6,2.0,974,5451,1935,647900.0,2026-01-31,Active,,,16,0.0,3,No,No,2026-01-31,2026-08-27
UPDATE,2026-08-27T00:00:00,2026-08-27,PT0408918,LST0408918,AG00639,LOC0172,Condo,4,3.0,2733,1835,2007,477900.0,2023-01-20,Sold,474634.66,2026-08-27,1315,317.0,2,No,No,2023-01-20,2026-08-27
UPDATE,2026-08-27T00:00:00,2026-08-27,PT0449807,LST0449807,AG00329,LOC0222,Single Family,5,1.0,1766,1147,2018,169100.0,2024-04-24,Active,,,153,0.0,0,Yes,Yes,2024-04-24,2026-08-27
UPDATE,2026-08-27T00:00:00,2026-08-27,PT0542275,LST0542275,AG01978,LOC0139,Condo,1,4.5,1828,1804,1994,166600.0,2026-08-06,Active,,,0,96.46,0,No,No,2026-08-06,2026-08-27
UPDATE,2026-08-27T00:00:00,2026-08-27,PT0092191,LST0092191,AG02713,LOC0176,Single Family,2,2.0,2989,4073,1918,950500.0,2024-03-03,Pending,,,91,0.0,2,Yes,No,2024-03-03,2026-08-27
UPDATE,2026-08-27T00:00:00,2026-08-27,PT0254230,LST0254230,AG01624,LOC0217,Condo,2,2.0,1677,2106,1946,297900.0,2026-01-11,Sold,281040.36,2026-08-27,228,116.0,0,Yes,No,2026-01-11,2026-08-27
UPDATE,2026-08-27T00:00:00,2026-08-27,PT0035882,LST0035882,AG01973,LOC0060,Single Family,5,3.0,2451,1485,1996,677100.0,2026-02-03,Sold,627272.58,2026-08-27,205,0.0,1,Yes,No,2026-02-03,2026-08-27
UPDATE,2026-08-27T00:00:00,2026-08-27,PT0545489,LST0545489,AG02179,LOC0152,Multi-Family,1,1.0,2617,1686,1996,873000.0,2026-08-09,Active,,,0,0.0,1,Yes,Yes,2026-08-09,2026-08-27
UPDATE,2026-08-27T00:00:00,2026-08-27,PT0272040,LST0272040,AG01318,LOC0210,Single Family,1,2.5,3195,2589,2005,2029200.0,2025-01-14,Pending,,,64,0.0,2,No,No,2025-01-14,2026-08-27
UPDATE,2026-08-27T00:00:00,2026-08-27,PT0556773,LST0556773,AG01768,LOC0052,Condo,1,4.0,1710,2396,1967,102800.0,2026-08-20,Active,,,0,304.24,2,No,No,2026-08-20,2026-08-27
UPDATE,2026-08-27T00:00:00,2026-08-27,PT0318379,LST0318379,AG00512,LOC0234,Multi-Family,5,1.0,2508,2054,2014,276800.0,2023-12-21,Active,,,37,0.0,0,No,Yes,2023-12-21,2026-08-27
UPDATE,2026-08-27T00:00:00,2026-08-27,PT0112968,LST0112968,AG00012,LOC0044,Single Family,1,4.0,1862,5627,1922,884500.0,2024-05-13,Sold,905411.68,2026-08-27,836,0.0,0,No,Yes,2024-05-13,2026-08-27
UPDATE,2026-08-27T00:00:00,2026-08-27,PT0302524,LST0302524,AG01434,LOC0100,Single Family,4,2.0,2219,3759,1926,263500.0,2026-01-26,Pending,,,129,0.0,2,No,Yes,2026-01-26,2026-08-27
UPDATE,2026-08-27T00:00:00,2026-08-27,PT0214683,LST0214683,AG00782,LOC0006,Condo,5,1.5,2414,5468,1904,315800.0,2023-11-14,Pending,,,91,146.0,2,No,No,2023-11-14,2026-08-27
UPDATE,2026-08-27T00:00:00,2026-08-27,PT0555136,LST0555136,AG01698,LOC0140,Townhouse,1,4.0,2087,3511,2003,656800.0,2026-08-18,Pending,,,0,417.57,3,No,No,2026-08-18,2026-08-27
UPDATE,2026-08-27T00:00:00,2026-08-27,PT0149669,LST0149669,AG00642,LOC0140,Multi-Family,2,2.5,2293,21207,1902,842300.0,2025-01-15,Pending,,,86,0.0,1,No,Yes,2025-01-15,2026-08-27
UPDATE,2026-08-27T00:00:00,2026-08-27,PT0466184,LST0466184,AG02966,LOC0004,Single Family,6,3.5,3349,2787,1915,306800.0,2026-02-07,Sold,317354.54,2026-08-27,201,0.0,2,No,No,2026-02-07,2026-08-27
UPDATE,2026-08-27T00:00:00,2026-08-27,PT0061985,LST0061985,AG01906,LOC0223,Townhouse,6,3.5,1850,2091,1969,770900.0,2026-01-16,Pending,,,115,469.0,3,No,No,2026-01-16,2026-08-27
UPDATE,2026-08-27T00:00:00,2026-08-27,PT0442604,LST0442604,AG01117,LOC0053,Condo,5,3.5,1386,3283,2008,178600.0,2026-01-30,Active,,,8,517.0,2,No,No,2026-01-30,2026-08-27
UPDATE,2026-08-27T00:00:00,2026-08-27,PT0559641,LST0559641,AG00730,LOC0204,Multi-Family,5,2.0,3108,8626,1915,1218600.0,2026-08-22,Active,,,0,0.0,1,No,No,2026-08-22,2026-08-27
UPDATE,2026-08-27T00:00:00,2026-08-27,PT0447081,LST0447081,AG02463,LOC0127,Single Family,1,4.0,2999,1398,1908,1432900.0,2025-02-17,Active,,,40,0.0,0,No,No,2025-02-17,2026-08-27
UPDATE,2026-08-27T00:00:00,2026-08-27,PT0069644,LST0069644,AG02604,LOC0123,Land,0,0.0,5956,6104,1939,1142000.0,2025-08-25,Active,,,45,0.0,0,No,No,2025-08-25,2026-08-27
UPDATE,2026-08-27T00:00:00,2026-08-27,PT0507336,LST0507336,AG02830,LOC0190,Multi-Family,6,4.5,4228,5491,2001,1221600.0,2026-07-06,Pending,,,0,0.0,0,Yes,Yes,2026-07-06,2026-08-27
UPDATE,2026-08-27T00:00:00,2026-08-27,PT0205316,LST0205316,AG01132,LOC0249,Single Family,2,4.0,2667,6592,1940,730100.0,2023-05-27,Pending,,,57,0.0,0,Yes,No,2023-05-27,2026-08-27
UPDATE,2026-08-27T00:00:00,2026-08-27,PT0195954,LST0195954,AG00246,LOC0127,Townhouse,2,2.0,1759,9275,2020,650400.0,2026-04-17,Sold,663227.6,2026-08-27,132,386.0,2,No,No,2026-04-17,2026-08-27
UPDATE,2026-08-27T00:00:00,2026-08-27,PT0246310,LST0246310,AG02786,LOC0107,Single Family,2,2.5,1476,6366,1952,396100.0,2023-01-15,Pending,,,98,0.0,3,No,Yes,2023-01-15,2026-08-27
UPDATE,2026-08-27T00:00:00,2026-08-27,PT0427683,LST0427683,AG00957,LOC0096,Condo,6,4.0,2142,9932,1994,436000.0,2023-11-23,Active,,,54,498.0,2,No,No,2023-11-23,2026-08-27
UPDATE,2026-08-27T00:00:00,2026-08-27,PT0226311,LST0226311,AG00652,LOC0189,Single Family,4,4.5,892,7351,1958,272600.0,2025-07-08,Sold,256461.91,2026-08-27,415,0.0,2,Yes,No,2025-07-08,2026-08-27
UPDATE,2026-08-27T00:00:00,2026-08-27,PT0556301,LST0556301,AG02484,LOC0166,Single Family,5,2.0,2443,3047,1977,899900.0,2026-08-19,Active,,,0,0.0,0,No,Yes,2026-08-19,2026-08-27
UPDATE,2026-08-27T00:00:00,2026-08-27,PT0170945,LST0170945,AG02642,LOC0102,Single Family,6,4.0,1692,8529,1930,436600.0,2025-05-09,Pending,,,127,0.0,1,No,Yes,2025-05-09,2026-08-27
UPDATE,2026-08-27T00:00:00,2026-08-27,PT0032738,LST0032738,AG00298,LOC0181,Townhouse,4,4.0,2260,3262,2016,878700.0,2024-04-02,Pending,,,94,689.0,2,No,No,2024-04-02,2026-08-27
UPDATE,2026-08-27T00:00:00,2026-08-27,PT0527491,LST0527491,AG00077,LOC0016,Single Family,6,2.5,1979,3234,1949,94200.0,2026-07-24,Pending,,,0,0.0,0,No,Yes,2026-07-24,2026-08-27
UPDATE,2026-08-27T00:00:00,2026-08-27,PT0352193,LST0352193,AG02607,LOC0077,Single Family,2,4.5,3153,3645,1928,1126900.0,2023-05-05,Pending,,,85,0.0,0,Yes,No,2023-05-05,2026-08-27
UPDATE,2026-08-27T00:00:00,2026-08-27,PT0532389,LST0532389,AG01837,LOC0113,Condo,1,4.0,2819,1038,1939,590400.0,2026-07-28,Active,,,0,159.98,0,No,No,2026-07-28,2026-08-27
UPDATE,2026-08-27T00:00:00,2026-08-27,PT0542514,LST0542514,AG02600,LOC0063,Single Family,1,3.0,3474,7783,1946,1839900.0,2026-08-06,Active,,,0,0.0,0,No,Yes,2026-08-06,2026-08-27
UPDATE,2026-08-27T00:00:00,2026-08-27,PT0445031,LST0445031,AG00413,LOC0238,Land,0,0.0,2719,8036,1977,745200.0,2025-02-26,Pending,,,174,0.0,0,No,No,2025-02-26,2026-08-27
UPDATE,2026-08-27T00:00:00,2026-08-27,PT0532631,LST0532631,AG02746,LOC0246,Single Family,1,1.0,666,2091,1979,158800.0,2026-07-29,Active,,,0,0.0,0,Yes,Yes,2026-07-29,2026-08-27
UPDATE,2026-08-27T00:00:00,2026-08-27,PT0408178,LST0408178,AG01546,LOC0222,Single Family,1,2.0,1128,7735,1918,230700.0,2023-09-01,Pending,,,52,0.0,0,Yes,Yes,2023-09-01,2026-08-27
UPDATE,2026-08-27T00:00:00,2026-08-27,PT0430596,LST0430596,AG00043,LOC0156,Condo,2,2.5,1655,7889,2005,447000.0,2024-10-26,Sold,449442.38,2026-08-27,670,187.0,3,No,No,2024-10-26,2026-08-27
UPDATE,2026-08-27T00:00:00,2026-08-27,PT0416035,LST0416035,AG02448,LOC0226,Single Family,6,1.0,2714,6735,1959,1331300.0,2024-01-02,Pending,,,61,0.0,3,No,Yes,2024-01-02,2026-08-27
UPDATE,2026-08-27T00:00:00,2026-08-27,PT0502494,LST0502494,AG02252,LOC0230,Multi-Family,1,2.0,1668,9112,1975,496600.0,2026-07-02,Active,,,0,0.0,1,No,Yes,2026-07-02,2026-08-27
UPDATE,2026-08-27T00:00:00,2026-08-27,PT0540311,LST0540311,AG01013,LOC0157,Single Family,4,2.0,1675,1726,2018,320000.0,2026-08-04,Active,,,0,0.0,3,Yes,Yes,2026-08-04,2026-08-27
UPDATE,2026-08-27T00:00:00,2026-08-27,PT0367695,LST0367695,AG02418,LOC0016,Single Family,6,2.0,1247,1928,1963,61000.0,2026-04-14,Sold,57305.08,2026-08-27,135,0.0,3,No,No,2026-04-14,2026-08-27
UPDATE,2026-08-27T00:00:00,2026-08-27,PT0485203,LST0485203,AG00931,LOC0231,Condo,3,1.5,300,4171,1973,40600.0,2023-11-12,Pending,,,86,159.0,1,No,No,2023-11-12,2026-08-27
UPDATE,2026-08-27T00:00:00,2026-08-27,PT0538181,LST0538181,AG01356,LOC0049,Single Family,4,2.5,2386,7408,1933,932100.0,2026-08-02,Pending,,,0,0.0,2,No,No,2026-08-02,2026-08-27
UPDATE,2026-08-27T00:00:00,2026-08-27,PT0139295,LST0139295,AG02963,LOC0107,Multi-Family,2,1.0,2837,14317,1930,886100.0,2024-08-25,Pending,,,26,0.0,1,No,No,2024-08-25,2026-08-27
UPDATE,2026-08-27T00:00:00,2026-08-27,PT0550903,LST0550903,AG00662,LOC0066,Single Family,2,2.5,1893,7315,1972,409000.0,2026-08-14,Active,,,0,0.0,1,No,No,2026-08-14,2026-08-27
UPDATE,2026-08-27T00:00:00,2026-08-27,PT0241504,LST0241504,AG01896,LOC0085,Multi-Family,5,4.5,2497,7535,1953,614000.0,2024-03-13,Pending,,,70,0.0,3,No,No,2024-03-13,2026-08-27
UPDATE,2026-08-27T00:00:00,2026-08-27,PT0069556,LST0069556,AG00314,LOC0178,Single Family,1,2.0,2109,1172,1927,292500.0,2024-08-25,Active,,,139,0.0,0,Yes,No,2024-08-25,2026-08-27
UPDATE,2026-08-27T00:00:00,2026-08-27,PT0115940,LST0115940,AG01627,LOC0246,Single Family,5,3.0,2166,1443,1965,562000.0,2025-06-13,Active,,,54,0.0,2,Yes,No,2025-06-13,2026-08-27
UPDATE,2026-08-27T00:00:00,2026-08-27,PT0244168,LST0244168,AG01427,LOC0081,Land,0,0.0,2587,5492,1967,467600.0,2026-03-05,Pending,,,142,0.0,0,No,No,2026-03-05,2026-08-27
UPDATE,2026-08-27T00:00:00,2026-08-27,PT0090124,LST0090124,AG01378,LOC0068,Single Family,2,1.5,1834,1875,1971,534700.0,2023-11-11,Pending,,,140,0.0,2,No,Yes,2023-11-11,2026-08-27
UPDATE,2026-08-27T00:00:00,2026-08-27,PT0511013,LST0511013,AG02322,LOC0074,Single Family,6,3.5,2471,6286,1996,993300.0,2026-07-09,Active,,,0,0.0,1,No,No,2026-07-09,2026-08-27
UPDATE,2026-08-27T00:00:00,2026-08-27,PT0515472,LST0515472,AG01871,LOC0080,Single Family,3,4.0,2706,4086,1962,879600.0,2026-07-13,Sold,953161.42,2026-08-27,45,0.0,3,No,No,2026-07-13,2026-08-27
UPDATE,2026-08-27T00:00:00,2026-08-27,PT0283136,LST0283136,AG02719,LOC0195,Multi-Family,1,1.0,835,4490,1941,197200.0,2024-11-26,Sold,196980.14,2026-08-27,639,0.0,1,No,No,2024-11-26,2026-08-27
UPDATE,2026-08-27T00:00:00,2026-08-27,PT0327115,LST0327115,AG01353,LOC0183,Condo,3,1.5,1605,4099,1996,300200.0,2025-05-22,Pending,,,136,456.0,0,No,No,2025-05-22,2026-08-27
UPDATE,2026-08-27T00:00:00,2026-08-27,PT0249568,LST0249568,AG00306,LOC0018,Condo,2,3.5,1748,6564,2016,542800.0,2025-11-30,Pending,,,142,503.0,2,No,No,2025-11-30,2026-08-27
UPDATE,2026-08-27T00:00:00,2026-08-27,PT0186453,LST0186453,AG00960,LOC0114,Single Family,1,2.5,520,3696,1951,121400.0,2024-07-16,Active,,,140,0.0,0,No,No,2024-07-16,2026-08-27
UPDATE,2026-08-27T00:00:00,2026-08-27,PT0067674,LST0067674,AG02836,LOC0013,Single Family,1,1.5,2495,6180,1994,420500.0,2023-01-29,Sold,404631.69,2026-08-27,1306,0.0,2,No,Yes,2023-01-29,2026-08-27
UPDATE,2026-08-27T00:00:00,2026-08-27,PT0067530,LST0067530,AG02465,LOC0022,Condo,6,1.5,1340,7483,1902,566900.0,2023-01-09,Pending,,,115,654.0,0,No,No,2023-01-09,2026-08-27
UPDATE,2026-08-27T00:00:00,2026-08-27,PT0272602,LST0272602,AG01044,LOC0009,Apartment,1,2.0,719,0,2002,274700.0,2023-07-02,Sold,267493.24,2026-08-27,1152,269.0,2,No,No,2023-07-02,2026-08-27
UPDATE,2026-08-27T00:00:00,2026-08-27,PT0550762,LST0550762,AG01917,LOC0161,Single Family,4,3.5,1318,3410,1993,606000.0,2026-08-14,Active,,,0,0.0,0,No,Yes,2026-08-14,2026-08-27
UPDATE,2026-08-27T00:00:00,2026-08-27,PT0194205,LST0194205,AG02663,LOC0161,Single Family,1,2.5,3305,1496,2018,617100.0,2026-05-16,Sold,640382.52,2026-08-27,103,0.0,3,Yes,Yes,2026-05-16,2026-08-27
UPDATE,2026-08-27T00:00:00,2026-08-27,PT0350688,LST0350688,AG02925,LOC0121,Townhouse,2,3.5,1132,1744,1952,125600.0,2025-04-25,Sold,114319.3,2026-08-27,489,98.0,2,Yes,No,2025-04-25,2026-08-27
UPDATE,2026-08-27T00:00:00,2026-08-27,PT0404733,LST0404733,AG01117,LOC0206,Multi-Family,6,1.5,3790,1007,1901,1030500.0,2023-06-11,Pending,,,14,0.0,3,No,Yes,2023-06-11,2026-08-27
UPDATE,2026-08-27T00:00:00,2026-08-27,PT0012884,LST0012884,AG00652,LOC0035,Condo,4,1.0,1090,3168,2014,369500.0,2023-10-29,Active,,,137,773.0,0,No,No,2023-10-29,2026-08-27
UPDATE,2026-08-27T00:00:00,2026-08-27,PT0328341,LST0328341,AG00969,LOC0125,Condo,4,3.5,511,6464,1946,155700.0,2025-09-16,Pending,,,43,354.0,2,No,No,2025-09-16,2026-08-27
UPDATE,2026-08-27T00:00:00,2026-08-27,PT0285822,LST0285822,AG00002,LOC0234,Apartment,3,2.0,882,0,1985,398200.0,2023-09-06,Sold,429887.88,2026-08-27,1086,249.0,3,Yes,No,2023-09-06,2026-08-27
UPDATE,2026-08-27T00:00:00,2026-08-27,PT0483618,LST0483618,AG00351,LOC0092,Townhouse,3,1.0,2011,1529,1943,255400.0,2024-05-17,Pending,,,137,80.0,1,Yes,No,2024-05-17,2026-08-27
UPDATE,2026-08-27T00:00:00,2026-08-27,PT0556788,LST0556788,AG00037,LOC0091,Land,0,0.0,5036,3761,1988,2284000.0,2026-08-20,Pending,,,0,0.0,0,No,No,2026-08-20,2026-08-27
UPDATE,2026-08-27T00:00:00,2026-08-27,PT0005130,LST0005130,AG01124,LOC0107,Townhouse,1,2.0,1133,1608,1910,244900.0,2024-10-16,Sold,242921.59,2026-08-27,680,105.0,0,No,No,2024-10-16,2026-08-27
UPDATE,2026-08-27T00:00:00,2026-08-27,PT0521373,LST0521373,AG00866,LOC0183,Townhouse,4,2.0,356,1689,2000,93700.0,2026-07-19,Pending,,,0,774.09,1,No,No,2026-07-19,2026-08-27
UPDATE,2026-08-27T00:00:00,2026-08-27,PT0214754,LST0214754,AG01201,LOC0121,Condo,6,2.5,2730,18870,1932,342900.0,2026-03-29,Pending,,,91,659.0,3,No,No,2026-03-29,2026-08-27
UPDATE,2026-08-27T00:00:00,2026-08-27,PT0368881,LST0368881,AG00324,LOC0052,Condo,4,3.5,954,2673,1967,104600.0,2025-05-01,Sold,101872.66,2026-08-27,483,243.0,1,No,No,2025-05-01,2026-08-27
UPDATE,2026-08-27T00:00:00,2026-08-27,PT0221806,LST0221806,AG02344,LOC0108,Multi-Family,4,2.5,5005,1096,1974,1193700.0,2023-04-11,Active,,,17,0.0,1,No,Yes,2023-04-11,2026-08-27
UPDATE,2026-08-27T00:00:00,2026-08-27,PT0128075,LST0128075,AG00737,LOC0079,Single Family,2,4.5,1626,18664,1943,149300.0,2024-10-18,Pending,,,21,0.0,1,Yes,Yes,2024-10-18,2026-08-27
UPDATE,2026-08-27T00:00:00,2026-08-27,PT0521662,LST0521662,AG00162,LOC0139,Single Family,2,1.0,3360,2250,1954,994800.0,2026-07-19,Active,,,0,0.0,1,Yes,No,2026-07-19,2026-08-27
UPDATE,2026-08-27T00:00:00,2026-08-27,PT0237804,LST0237804,AG02587,LOC0142,Multi-Family,1,4.0,3338,6011,1992,1699000.0,2024-12-21,Active,,,156,0.0,1,No,No,2024-12-21,2026-08-27
UPDATE,2026-08-27T00:00:00,2026-08-27,PT0550861,LST0550861,AG00659,LOC0159,Single Family,1,4.0,1660,1170,1973,259800.0,2026-08-14,Active,,,0,0.0,2,No,No,2026-08-14,2026-08-27
UPDATE,2026-08-27T00:00:00,2026-08-27,PT0228805,LST0228805,AG02586,LOC0075,Single Family,6,3.5,2110,1465,1935,488200.0,2024-07-09,Active,,,27,0.0,3,Yes,No,2024-07-09,2026-08-27
UPDATE,2026-08-27T00:00:00,2026-08-27,PT0132736,LST0132736,AG00179,LOC0052,Multi-Family,5,4.0,2630,2934,2025,503800.0,2025-06-06,Active,,,139,0.0,3,Yes,No,2025-06-06,2026-08-27
UPDATE,2026-08-27T00:00:00,2026-08-27,PT0335997,LST0335997,AG00782,LOC0137,Townhouse,3,1.0,3084,2876,1934,1495100.0,2023-01-07,Pending,,,31,224.0,1,Yes,No,2023-01-07,2026-08-27
UPDATE,2026-08-27T00:00:00,2026-08-27,PT0001969,LST0001969,AG02788,LOC0124,Single Family,3,1.5,2207,1823,2010,710300.0,2025-10-19,Pending,,,112,0.0,0,Yes,No,2025-10-19,2026-08-27
UPDATE,2026-08-27T00:00:00,2026-08-27,PT0539129,LST0539129,AG00614,LOC0141,Single Family,3,4.0,1167,12455,1994,367100.0,2026-08-03,Active,,,0,0.0,2,Yes,Yes,2026-08-03,2026-08-27
UPDATE,2026-08-27T00:00:00,2026-08-27,PT0474973,LST0474973,AG02408,LOC0210,Single Family,1,3.0,2781,1320,1957,893300.0,2024-09-27,Sold,826766.99,2026-08-27,699,0.0,1,No,No,2024-09-27,2026-08-27
UPDATE,2026-08-27T00:00:00,2026-08-27,PT0180487,LST0180487,AG02756,LOC0068,Single Family,1,2.5,1355,4477,1997,270700.0,2023-07-19,Active,,,139,0.0,2,Yes,Yes,2023-07-19,2026-08-27
UPDATE,2026-08-27T00:00:00,2026-08-27,PT0010095,LST0010095,AG00520,LOC0164,Condo,3,1.5,1058,1043,1910,195700.0,2026-01-21,Sold,174604.58,2026-08-27,218,470.0,0,No,No,2026-01-21,2026-08-27
UPDATE,2026-08-27T00:00:00,2026-08-27,PT0244642,LST0244642,AG01783,LOC0089,Condo,4,3.5,1800,2513,1906,171700.0,2026-03-21,Sold,166271.76,2026-08-27,159,797.0,2,No,No,2026-03-21,2026-08-27
UPDATE,2026-08-27T00:00:00,2026-08-27,PT0434404,LST0434404,AG00734,LOC0208,Single Family,2,1.0,1156,1394,1946,182900.0,2024-11-20,Active,,,107,0.0,2,Yes,Yes,2024-11-20,2026-08-27
UPDATE,2026-08-27T00:00:00,2026-08-27,PT0536778,LST0536778,AG00371,LOC0249,Single Family,1,4.5,943,2501,1942,374500.0,2026-08-01,Pending,,,0,0.0,1,No,No,2026-08-01,2026-08-27
UPDATE,2026-08-27T00:00:00,2026-08-27,PT0515456,LST0515456,AG01067,LOC0211,Single Family,4,2.0,1254,2639,1961,696500.0,2026-07-13,Pending,,,0,0.0,2,Yes,Yes,2026-07-13,2026-08-27
UPDATE,2026-08-27T00:00:00,2026-08-27,PT0259154,LST0259154,AG01026,LOC0096,Condo,1,3.5,2312,1749,1961,584600.0,2026-02-18,Active,,,31,242.0,2,Yes,No,2026-02-18,2026-08-27
UPDATE,2026-08-27T00:00:00,2026-08-27,PT0125218,LST0125218,AG00468,LOC0095,Condo,5,1.0,1947,1492,1964,476900.0,2024-08-09,Active,,,45,359.0,1,No,No,2024-08-09,2026-08-27
UPDATE,2026-08-27T00:00:00,2026-08-27,PT0551976,LST0551976,AG01263,LOC0069,Single Family,2,4.5,2396,2602,1925,439700.0,2026-08-15,Sold,434069.88,2026-08-27,12,0.0,2,No,No,2026-08-15,2026-08-27
UPDATE,2026-08-27T00:00:00,2026-08-27,PT0123206,LST0123206,AG00442,LOC0157,Townhouse,2,2.5,1768,7797,1921,639700.0,2024-11-21,Pending,,,13,340.0,1,Yes,No,2024-11-21,2026-08-27
UPDATE,2026-08-27T00:00:00,2026-08-27,PT0313811,LST0313811,AG02691,LOC0191,Condo,6,4.0,1649,3954,1991,959600.0,2023-04-23,Pending,,,45,200.0,3,No,No,2023-04-23,2026-08-27
UPDATE,2026-08-27T00:00:00,2026-08-27,PT0153272,LST0153272,AG00142,LOC0108,Condo,2,4.0,2338,9636,1968,627500.0,2023-08-01,Pending,,,165,386.0,3,No,No,2023-08-01,2026-08-27
UPDATE,2026-08-27T00:00:00,2026-08-27,PT0465676,LST0465676,AG02996,LOC0026,Condo,1,4.0,1492,7009,1980,409700.0,2024-07-29,Active,,,33,579.0,0,No,No,2024-07-29,2026-08-27
UPDATE,2026-08-27T00:00:00,2026-08-27,PT0460305,LST0460305,AG01285,LOC0035,Multi-Family,1,2.0,5649,9449,2025,1478300.0,2025-12-08,Active,,,62,0.0,2,No,No,2025-12-08,2026-08-27
UPDATE,2026-08-27T00:00:00,2026-08-27,PT0467907,LST0467907,AG02094,LOC0202,Townhouse,6,2.5,1624,1856,2006,572700.0,2025-04-01,Pending,,,36,718.0,2,No,No,2025-04-01,2026-08-27
UPDATE,2026-08-27T00:00:00,2026-08-27,PT0109399,LST0109399,AG00185,LOC0077,Townhouse,5,2.0,1896,8964,1917,606500.0,2025-05-20,Pending,,,21,439.0,1,No,No,2025-05-20,2026-08-27
UPDATE,2026-08-27T00:00:00,2026-08-27,PT0367388,LST0367388,AG00388,LOC0122,Condo,1,4.0,300,7421,1909,76300.0,2025-02-01,Pending,,,31,373.0,2,Yes,No,2025-02-01,2026-08-27
UPDATE,2026-08-27T00:00:00,2026-08-27,PT0550000,LST0550000,AG00377,LOC0191,Single Family,3,3.5,636,1053,1957,312300.0,2026-08-13,Active,,,0,0.0,3,No,No,2026-08-13,2026-08-27
UPDATE,2026-08-27T00:00:00,2026-08-27,PT0439254,LST0439254,AG01067,LOC0051,Condo,4,2.0,1682,1352,1908,119900.0,2024-02-13,Pending,,,15,73.0,2,No,No,2024-02-13,2026-08-27
UPDATE,2026-08-27T00:00:00,2026-08-27,PT0497049,LST0497049,AG01397,LOC0103,Townhouse,2,1.5,2396,4625,1915,329900.0,2025-07-30,Pending,,,100,588.0,2,Yes,No,2025-07-30,2026-08-27
UPDATE,2026-08-27T00:00:00,2026-08-27,PT0272191,LST0272191,AG00640,LOC0197,Multi-Family,4,1.5,4784,2458,1934,2182400.0,2025-01-10,Sold,2022356.62,2026-08-27,594,0.0,0,No,Yes,2025-01-10,2026-08-27
UPDATE,2026-08-27T00:00:00,2026-08-27,PT0357253,LST0357253,AG02705,LOC0233,Single Family,3,1.5,2435,4861,1952,610600.0,2025-05-08,Active,,,1,0.0,2,No,Yes,2025-05-08,2026-08-27
UPDATE,2026-08-27T00:00:00,2026-08-27,PT0504336,LST0504336,AG01269,LOC0200,Apartment,5,4.0,945,0,2014,320000.0,2026-07-04,Pending,,,0,541.17,3,Yes,No,2026-07-04,2026-08-27
UPDATE,2026-08-27T00:00:00,2026-08-27,PT0528513,LST0528513,AG02118,LOC0242,Townhouse,5,2.5,1603,2428,1990,396800.0,2026-07-25,Pending,,,0,286.61,1,Yes,No,2026-07-25,2026-08-27
UPDATE,2026-08-27T00:00:00,2026-08-27,PT0017769,LST0017769,AG00888,LOC0228,Single Family,5,3.0,1065,10590,1998,676600.0,2025-08-12,Pending,,,21,0.0,2,No,No,2025-08-12,2026-08-27
UPDATE,2026-08-27T00:00:00,2026-08-27,PT0262481,LST0262481,AG01996,LOC0093,Townhouse,3,1.0,727,9138,1991,104100.0,2025-08-19,Pending,,,157,734.0,1,Yes,No,2025-08-19,2026-08-27
UPDATE,2026-08-27T00:00:00,2026-08-27,PT0550444,LST0550444,AG02914,LOC0171,Condo,2,3.5,1425,8074,1986,404700.0,2026-08-14,Active,,,0,505.92,0,No,No,2026-08-14,2026-08-27
UPDATE,2026-08-27T00:00:00,2026-08-27,PT0297476,LST0297476,AG02197,LOC0225,Land,0,0.0,4918,6470,1935,4061500.0,2025-10-08,Pending,,,70,0.0,0,No,No,2025-10-08,2026-08-27
UPDATE,2026-08-27T00:00:00,2026-08-27,PT0551769,LST0551769,AG02495,LOC0215,Single Family,6,1.5,2912,4685,1912,972100.0,2026-08-15,Active,,,0,0.0,1,No,Yes,2026-08-15,2026-08-27
UPDATE,2026-08-27T00:00:00,2026-08-27,PT0378141,LST0378141,AG00437,LOC0235,Townhouse,5,2.0,1713,5687,1956,803600.0,2023-03-31,Pending,,,97,159.0,3,No,No,2023-03-31,2026-08-27
UPDATE,2026-08-27T00:00:00,2026-08-27,PT0151746,LST0151746,AG01587,LOC0139,Single Family,1,2.0,1430,1555,1911,545900.0,2023-07-10,Active,,,121,0.0,1,No,No,2023-07-10,2026-08-27
UPDATE,2026-08-27T00:00:00,2026-08-27,PT0348660,LST0348660,AG02389,LOC0146,Single Family,4,3.5,1615,2033,2011,327400.0,2023-06-29,Sold,335987.9,2026-08-27,1155,0.0,3,No,Yes,2023-06-29,2026-08-27
UPDATE,2026-08-27T00:00:00,2026-08-27,PT0547486,LST0547486,AG00582,LOC0172,Single Family,2,1.0,1397,3710,1942,315500.0,2026-08-11,Active,,,0,0.0,0,No,No,2026-08-11,2026-08-27
UPDATE,2026-08-27T00:00:00,2026-08-27,PT0258219,LST0258219,AG00995,LOC0204,Multi-Family,6,4.5,3852,12187,1954,2273800.0,2026-01-22,Pending,,,13,0.0,2,No,Yes,2026-01-22,2026-08-27
UPDATE,2026-08-27T00:00:00,2026-08-27,PT0160518,LST0160518,AG01494,LOC0061,Land,0,0.0,6367,4695,1906,754500.0,2023-05-12,Active,,,107,0.0,0,No,No,2023-05-12,2026-08-27
UPDATE,2026-08-27T00:00:00,2026-08-27,PT0528545,LST0528545,AG01774,LOC0110,Condo,6,3.0,1845,2080,1916,116800.0,2026-07-25,Active,,,0,540.78,0,No,No,2026-07-25,2026-08-27
UPDATE,2026-08-27T00:00:00,2026-08-27,PT0435643,LST0435643,AG00163,LOC0103,Townhouse,5,3.0,1241,6703,1949,368500.0,2025-12-03,Active,,,10,206.0,0,Yes,No,2025-12-03,2026-08-27
UPDATE,2026-08-27T00:00:00,2026-08-27,PT0379112,LST0379112,AG01555,LOC0027,Single Family,4,2.0,2411,3150,2002,744500.0,2026-03-06,Active,,,91,0.0,1,No,No,2026-03-06,2026-08-27
UPDATE,2026-08-27T00:00:00,2026-08-27,PT0448821,LST0448821,AG00294,LOC0168,Townhouse,4,3.5,2117,3745,2004,1013900.0,2023-11-13,Active,,,16,611.0,1,No,No,2023-11-13,2026-08-27
UPDATE,2026-08-27T00:00:00,2026-08-27,PT0208418,LST0208418,AG00321,LOC0107,Single Family,6,3.5,1699,3259,1993,415900.0,2023-04-05,Pending,,,39,0.0,1,No,Yes,2023-04-05,2026-08-27
UPDATE,2026-08-27T00:00:00,2026-08-27,PT0293981,LST0293981,AG01699,LOC0089,Apartment,6,4.5,1425,0,1926,820000.0,2024-03-11,Pending,,,95,655.0,3,Yes,No,2024-03-11,2026-08-27
UPDATE,2026-08-27T00:00:00,2026-08-27,PT0393357,LST0393357,AG01033,LOC0117,Single Family,1,3.5,1572,1150,1964,617800.0,2025-03-07,Active,,,29,0.0,2,No,Yes,2025-03-07,2026-08-27
UPDATE,2026-08-27T00:00:00,2026-08-27,PT0225582,LST0225582,AG01518,LOC0007,Condo,4,3.0,1428,1926,2022,249500.0,2024-01-16,Pending,,,42,387.0,1,No,No,2024-01-16,2026-08-27
UPDATE,2026-08-27T00:00:00,2026-08-27,PT0343275,LST0343275,AG00154,LOC0197,Land,0,0.0,2725,2595,1912,701600.0,2024-02-28,Pending,,,80,0.0,0,No,No,2024-02-28,2026-08-27
UPDATE,2026-08-27T00:00:00,2026-08-27,PT0556570,LST0556570,AG00180,LOC0220,Multi-Family,5,3.0,1643,3303,2021,408200.0,2026-08-19,Sold,403225.13,2026-08-27,8,0.0,3,No,No,2026-08-19,2026-08-27
UPDATE,2026-08-27T00:00:00,2026-08-27,PT0021737,LST0021737,AG01908,LOC0242,Single Family,3,4.5,506,2818,1940,90200.0,2024-07-28,Active,,,23,0.0,2,No,No,2024-07-28,2026-08-27
UPDATE,2026-08-27T00:00:00,2026-08-27,PT0151053,LST0151053,AG00203,LOC0218,Apartment,1,2.0,555,0,1955,205000.0,2025-09-29,Active,,,134,556.0,0,No,No,2025-09-29,2026-08-27
UPDATE,2026-08-27T00:00:00,2026-08-27,PT0134030,LST0134030,AG00113,LOC0025,Single Family,6,1.5,1966,4797,1980,687300.0,2024-04-19,Sold,673912.45,2026-08-27,860,0.0,1,No,Yes,2024-04-19,2026-08-27
UPDATE,2026-08-27T00:00:00,2026-08-27,PT0553894,LST0553894,AG01066,LOC0023,Land,0,0.0,3386,7042,1928,1257900.0,2026-08-17,Active,,,0,0.0,0,No,No,2026-08-17,2026-08-27
UPDATE,2026-08-27T00:00:00,2026-08-27,PT0293629,LST0293629,AG00441,LOC0154,Single Family,5,1.5,1654,1578,1952,264700.0,2024-05-10,Pending,,,5,0.0,3,Yes,Yes,2024-05-10,2026-08-27
UPDATE,2026-08-27T00:00:00,2026-08-27,PT0523971,LST0523971,AG02067,LOC0181,Condo,6,4.0,1542,3027,2003,335400.0,2026-07-21,Pending,,,0,197.28,1,No,No,2026-07-21,2026-08-27
UPDATE,2026-08-27T00:00:00,2026-08-27,PT0439216,LST0439216,AG02962,LOC0035,Land,0,0.0,9094,2749,1976,2574300.0,2023-02-26,Sold,2434047.74,2026-08-27,1278,0.0,0,No,No,2023-02-26,2026-08-27
UPDATE,2026-08-27T00:00:00,2026-08-27,PT0117171,LST0117171,AG00701,LOC0096,Multi-Family,5,2.0,871,8537,1945,197700.0,2025-07-31,Pending,,,127,0.0,3,No,No,2025-07-31,2026-08-27
UPDATE,2026-08-27T00:00:00,2026-08-27,PT0437559,LST0437559,AG01694,LOC0069,Single Family,2,1.0,1998,7471,1922,290400.0,2023-07-03,Active,,,40,0.0,2,No,Yes,2023-07-03,2026-08-27
UPDATE,2026-08-27T00:00:00,2026-08-27,PT0237177,LST0237177,AG02564,LOC0161,Townhouse,3,4.0,2624,4198,1950,934100.0,2023-04-07,Pending,,,102,569.0,3,No,No,2023-04-07,2026-08-27
UPDATE,2026-08-27T00:00:00,2026-08-27,PT0566139,LST0566139,AG01859,LOC0068,Townhouse,3,2.0,1863,2199,1970,565100.0,2026-08-27,Pending,,,0,363.0,3,Yes,No,2026-08-27,2026-08-27
UPDATE,2026-08-27T00:00:00,2026-08-27,PT0475719,LST0475719,AG00033,LOC0015,Townhouse,6,2.0,3081,1961,1991,525700.0,2025-12-30,Pending,,,138,525.0,3,No,No,2025-12-30,2026-08-27
UPDATE,2026-08-27T00:00:00,2026-08-27,PT0317028,LST0317028,AG01120,LOC0125,Condo,6,2.0,438,1120,1913,59000.0,2025-07-16,Pending,,,50,401.0,3,No,No,2025-07-16,2026-08-27
UPDATE,2026-08-27T00:00:00,2026-08-27,PT0119957,LST0119957,AG02237,LOC0112,Apartment,3,4.0,1207,0,1949,160000.0,2023-09-26,Pending,,,106,174.0,0,No,No,2023-09-26,2026-08-27
UPDATE,2026-08-27T00:00:00,2026-08-27,PT0258209,LST0258209,AG01306,LOC0183,Apartment,5,4.5,1186,0,1933,119800.0,2026-05-26,Sold,100063.01,2026-08-27,93,753.0,1,No,No,2026-05-26,2026-08-27
UPDATE,2026-08-27T00:00:00,2026-08-27,PT0396691,LST0396691,AG00871,LOC0091,Single Family,4,3.0,1729,6797,1909,618200.0,2025-10-11,Pending,,,136,0.0,0,Yes,No,2025-10-11,2026-08-27
UPDATE,2026-08-27T00:00:00,2026-08-27,PT0388945,LST0388945,AG01088,LOC0241,Townhouse,1,3.0,2849,1453,2011,520200.0,2023-06-25,Active,,,63,150.0,2,No,No,2023-06-25,2026-08-27
UPDATE,2026-08-27T00:00:00,2026-08-27,PT0559282,LST0559282,AG01579,LOC0123,Multi-Family,6,2.5,5425,2695,2010,1134800.0,2026-08-21,Active,,,0,0.0,2,No,No,2026-08-21,2026-08-27
UPDATE,2026-08-27T00:00:00,2026-08-27,PT0523512,LST0523512,AG00765,LOC0150,Multi-Family,5,2.5,4898,1658,1904,1566300.0,2026-07-21,Sold,1525165.01,2026-08-27,37,0.0,2,No,Yes,2026-07-21,2026-08-27
UPDATE,2026-08-27T00:00:00,2026-08-27,PT0427497,LST0427497,AG01728,LOC0108,Single Family,4,1.5,1484,1953,1971,456000.0,2023-07-08,Sold,432931.71,2026-08-27,1146,0.0,1,No,Yes,2023-07-08,2026-08-27
UPDATE,2026-08-27T00:00:00,2026-08-27,PT0203048,LST0203048,AG00202,LOC0151,Single Family,5,3.0,1740,2227,1983,309400.0,2023-09-04,Active,,,81,0.0,2,No,Yes,2023-09-04,2026-08-27
UPDATE,2026-08-27T00:00:00,2026-08-27,PT0032831,LST0032831,AG00449,LOC0153,Townhouse,4,3.0,1040,8439,1908,520300.0,2023-02-20,Pending,,,115,554.0,1,No,No,2023-02-20,2026-08-27
UPDATE,2026-08-27T00:00:00,2026-08-27,PT0148763,LST0148763,AG00692,LOC0022,Condo,3,3.5,1343,8294,1953,621000.0,2025-01-14,Active,,,148,410.0,3,Yes,No,2025-01-14,2026-08-27
UPDATE,2026-08-27T00:00:00,2026-08-27,PT0441389,LST0441389,AG01049,LOC0100,Apartment,1,2.5,1465,0,1986,148700.0,2025-06-18,Sold,148801.02,2026-08-27,435,793.0,3,No,No,2025-06-18,2026-08-27
UPDATE,2026-08-27T00:00:00,2026-08-27,PT0454682,LST0454682,AG02146,LOC0141,Single Family,2,3.0,2430,2117,1977,362400.0,2023-07-18,Sold,345034.92,2026-08-27,1136,0.0,3,No,No,2023-07-18,2026-08-27
UPDATE,2026-08-27T00:00:00,2026-08-27,PT0285257,LST0285257,AG02789,LOC0131,Condo,5,1.0,1603,9577,1961,512300.0,2026-05-13,Pending,,,153,766.0,2,Yes,No,2026-05-13,2026-08-27
UPDATE,2026-08-27T00:00:00,2026-08-27,PT0002398,LST0002398,AG01719,LOC0092,Land,0,0.0,6164,6702,2018,1143000.0,2025-07-17,Active,,,102,0.0,0,No,No,2025-07-17,2026-08-27
UPDATE,2026-08-27T00:00:00,2026-08-27,PT0395604,LST0395604,AG02928,LOC0060,Land,0,0.0,5372,11578,1945,1116000.0,2025-12-14,Active,,,138,0.0,0,No,No,2025-12-14,2026-08-27
UPDATE,2026-08-27T00:00:00,2026-08-27,PT0160177,LST0160177,AG00554,LOC0232,Single Family,6,3.0,2046,3822,1925,503500.0,2023-08-12,Sold,529569.0,2026-08-27,1111,0.0,1,Yes,No,2023-08-12,2026-08-27
UPDATE,2026-08-27T00:00:00,2026-08-27,PT0267669,LST0267669,AG00732,LOC0036,Condo,6,4.5,3398,2071,1959,546800.0,2026-04-04,Pending,,,47,156.0,3,No,No,2026-04-04,2026-08-27
UPDATE,2026-08-27T00:00:00,2026-08-27,PT0263947,LST0263947,AG01876,LOC0081,Townhouse,5,2.5,2059,1961,1925,623400.0,2023-11-30,Sold,654341.34,2026-08-27,1001,272.0,2,No,No,2023-11-30,2026-08-27
UPDATE,2026-08-27T00:00:00,2026-08-27,PT0545966,LST0545966,AG01657,LOC0017,Multi-Family,2,1.5,2490,5187,1946,1200500.0,2026-08-09,Active,,,0,0.0,3,No,No,2026-08-09,2026-08-27
UPDATE,2026-08-27T00:00:00,2026-08-27,PT0445866,LST0445866,AG00900,LOC0250,Townhouse,6,4.5,985,7262,2018,362900.0,2024-12-08,Sold,357185.8,2026-08-27,627,571.0,1,No,No,2024-12-08,2026-08-27
UPDATE,2026-08-27T00:00:00,2026-08-27,PT0190231,LST0190231,AG02994,LOC0115,Condo,6,2.5,1936,7067,1946,322900.0,2023-12-05,Pending,,,159,430.0,3,No,No,2023-12-05,2026-08-27
UPDATE,2026-08-27T00:00:00,2026-08-27,PT0265703,LST0265703,AG01475,LOC0168,Single Family,5,1.5,1123,1081,2014,361800.0,2025-09-25,Pending,,,153,0.0,2,No,No,2025-09-25,2026-08-27
UPDATE,2026-08-27T00:00:00,2026-08-27,PT0554665,LST0554665,AG01893,LOC0224,Townhouse,4,4.0,2418,2809,1983,175100.0,2026-08-18,Sold,163007.46,2026-08-27,9,521.74,0,No,No,2026-08-18,2026-08-27
UPDATE,2026-08-27T00:00:00,2026-08-27,PT0517309,LST0517309,AG01320,LOC0129,Condo,2,3.0,2234,3397,1907,1177700.0,2026-07-15,Active,,,0,319.47,0,No,No,2026-07-15,2026-08-27
UPDATE,2026-08-27T00:00:00,2026-08-27,PT0062253,LST0062253,AG00135,LOC0070,Townhouse,4,2.5,696,3532,1955,138900.0,2026-01-25,Sold,134820.07,2026-08-27,214,644.0,3,Yes,No,2026-01-25,2026-08-27
UPDATE,2026-08-27T00:00:00,2026-08-27,PT0229084,LST0229084,AG01822,LOC0187,Condo,4,4.0,1854,4638,1901,1219200.0,2025-08-09,Active,,,50,417.0,3,No,No,2025-08-09,2026-08-27
UPDATE,2026-08-27T00:00:00,2026-08-27,PT0241511,LST0241511,AG00403,LOC0193,Multi-Family,4,3.0,1028,1861,1962,363400.0,2023-10-05,Active,,,177,0.0,0,No,No,2023-10-05,2026-08-27
UPDATE,2026-08-27T00:00:00,2026-08-27,PT0388485,LST0388485,AG02089,LOC0075,Condo,5,1.0,2454,8460,2006,354100.0,2025-08-03,Active,,,132,489.0,2,No,No,2025-08-03,2026-08-27
UPDATE,2026-08-27T00:00:00,2026-08-27,PT0202236,LST0202236,AG02313,LOC0248,Single Family,5,2.0,2374,8351,1941,531400.0,2024-04-11,Active,,,161,0.0,1,No,No,2024-04-11,2026-08-27
UPDATE,2026-08-27T00:00:00,2026-08-27,PT0361709,LST0361709,AG02589,LOC0208,Single Family,1,2.5,1876,8767,2018,327500.0,2025-02-13,Pending,,,147,0.0,3,No,Yes,2025-02-13,2026-08-27
UPDATE,2026-08-27T00:00:00,2026-08-27,PT0505846,LST0505846,AG02012,LOC0112,Single Family,4,3.0,1945,6789,1929,216300.0,2026-07-05,Active,,,0,0.0,1,No,No,2026-07-05,2026-08-27
UPDATE,2026-08-27T00:00:00,2026-08-27,PT0529432,LST0529432,AG02352,LOC0065,Apartment,5,1.0,863,0,2005,189500.0,2026-07-26,Active,,,0,745.15,2,No,No,2026-07-26,2026-08-27
UPDATE,2026-08-27T00:00:00,2026-08-27,PT0015853,LST0015853,AG02505,LOC0063,Single Family,4,3.5,1148,2542,1979,501600.0,2026-02-23,Pending,,,14,0.0,3,No,No,2026-02-23,2026-08-27
UPDATE,2026-08-27T00:00:00,2026-08-27,PT0328948,LST0328948,AG00961,LOC0209,Single Family,4,2.0,300,5629,1971,60500.0,2023-07-03,Active,,,103,0.0,2,No,No,2023-07-03,2026-08-27
UPDATE,2026-08-27T00:00:00,2026-08-27,PT0565004,LST0565004,AG02004,LOC0084,Townhouse,5,1.5,1907,1353,2023,506800.0,2026-08-26,Active,,,0,70.62,2,No,No,2026-08-26,2026-08-27
UPDATE,2026-08-27T00:00:00,2026-08-27,PT0539098,LST0539098,AG01131,LOC0005,Condo,5,3.0,1943,7060,1974,264600.0,2026-08-03,Active,,,0,656.41,0,Yes,No,2026-08-03,2026-08-27
UPDATE,2026-08-27T00:00:00,2026-08-27,PT0307544,LST0307544,AG01748,LOC0085,Townhouse,4,3.5,2718,1110,2009,360000.0,2023-02-11,Active,,,84,494.0,1,No,No,2023-02-11,2026-08-27
UPDATE,2026-08-27T00:00:00,2026-08-27,PT0548823,LST0548823,AG02535,LOC0195,Multi-Family,5,1.0,4117,1771,1944,1865800.0,2026-08-12,Sold,1852689.87,2026-08-27,15,0.0,1,Yes,Yes,2026-08-12,2026-08-27
UPDATE,2026-08-27T00:00:00,2026-08-27,PT0339729,LST0339729,AG02381,LOC0074,Townhouse,1,3.0,1162,1285,1904,544500.0,2023-05-07,Active,,,127,521.0,0,No,No,2023-05-07,2026-08-27
UPDATE,2026-08-27T00:00:00,2026-08-27,PT0534733,LST0534733,AG00398,LOC0045,Single Family,3,2.0,1705,11855,1948,667400.0,2026-07-30,Active,,,0,0.0,2,No,No,2026-07-30,2026-08-27
UPDATE,2026-08-27T00:00:00,2026-08-27,PT0536478,LST0536478,AG02001,LOC0054,Single Family,4,2.0,2942,8121,1906,681400.0,2026-08-01,Sold,626306.95,2026-08-27,26,0.0,2,No,Yes,2026-08-01,2026-08-27
UPDATE,2026-08-27T00:00:00,2026-08-27,PT0437015,LST0437015,AG01703,LOC0033,Townhouse,6,2.5,2178,6104,1926,772100.0,2026-06-03,Sold,696693.81,2026-08-27,85,686.0,1,Yes,No,2026-06-03,2026-08-27
UPDATE,2026-08-27T00:00:00,2026-08-27,PT0526002,LST0526002,AG02130,LOC0024,Single Family,4,3.5,2678,1663,2002,670000.0,2026-07-23,Sold,647050.23,2026-08-27,35,0.0,3,No,Yes,2026-07-23,2026-08-27
UPDATE,2026-08-27T00:00:00,2026-08-27,PT0504253,LST0504253,AG01126,LOC0234,Single Family,5,2.5,1638,1952,1924,527300.0,2026-07-04,Sold,508154.84,2026-08-27,54,0.0,2,No,Yes,2026-07-04,2026-08-27
UPDATE,2026-08-27T00:00:00,2026-08-27,PT0280779,LST0280779,AG01344,LOC0184,Townhouse,2,2.0,1622,4736,1925,644700.0,2025-08-16,Pending,,,132,309.0,3,No,No,2025-08-16,2026-08-27
UPDATE,2026-08-27T00:00:00,2026-08-27,PT0147222,LST0147222,AG01046,LOC0095,Single Family,3,4.5,1591,13940,1988,585700.0,2024-01-08,Pending,,,66,0.0,0,No,No,2024-01-08,2026-08-27
UPDATE,2026-08-27T00:00:00,2026-08-27,PT0544807,LST0544807,AG01146,LOC0060,Condo,3,3.5,2706,11714,1970,423900.0,2026-08-08,Pending,,,0,350.77,1,No,No,2026-08-08,2026-08-27
UPDATE,2026-08-27T00:00:00,2026-08-27,PT0306625,LST0306625,AG02856,LOC0068,Land,0,0.0,2245,6607,1998,561900.0,2023-12-02,Sold,540453.35,2026-08-27,999,0.0,0,No,No,2023-12-02,2026-08-27
UPDATE,2026-08-27T00:00:00,2026-08-27,PT0205744,LST0205744,AG00687,LOC0204,Townhouse,3,1.5,2572,5582,1970,1009700.0,2024-07-28,Pending,,,144,392.0,2,No,No,2024-07-28,2026-08-27
UPDATE,2026-08-27T00:00:00,2026-08-27,PT0274967,LST0274967,AG00542,LOC0112,Multi-Family,3,4.0,3493,3902,1972,546300.0,2025-02-05,Pending,,,84,0.0,3,No,No,2025-02-05,2026-08-27
UPDATE,2026-08-27T00:00:00,2026-08-27,PT0374259,LST0374259,AG00513,LOC0163,Apartment,3,2.0,911,0,2016,454700.0,2023-09-23,Pending,,,131,292.0,3,No,No,2023-09-23,2026-08-27
UPDATE,2026-08-27T00:00:00,2026-08-27,PT0320883,LST0320883,AG02560,LOC0248,Condo,3,3.5,831,3157,1985,196400.0,2025-10-10,Active,,,9,631.0,2,No,No,2025-10-10,2026-08-27
UPDATE,2026-08-27T00:00:00,2026-08-27,PT0381208,LST0381208,AG00376,LOC0248,Single Family,4,2.5,942,4016,1978,278400.0,2025-11-01,Active,,,46,0.0,1,No,No,2025-11-01,2026-08-27
UPDATE,2026-08-27T00:00:00,2026-08-27,PT0465596,LST0465596,AG01514,LOC0216,Multi-Family,6,4.0,2378,1997,1982,344800.0,2025-10-12,Sold,350874.03,2026-08-27,319,0.0,1,No,No,2025-10-12,2026-08-27
UPDATE,2026-08-27T00:00:00,2026-08-27,PT0242143,LST0242143,AG02030,LOC0050,Condo,6,4.5,1436,3806,1989,286700.0,2025-01-11,Active,,,23,211.0,2,Yes,No,2025-01-11,2026-08-27
UPDATE,2026-08-27T00:00:00,2026-08-27,PT0167463,LST0167463,AG02605,LOC0199,Townhouse,3,2.0,1908,1394,1941,920100.0,2023-10-02,Active,,,129,722.0,3,No,No,2023-10-02,2026-08-27
UPDATE,2026-08-27T00:00:00,2026-08-27,PT0554240,LST0554240,AG00115,LOC0177,Single Family,1,4.0,1597,6524,1955,839200.0,2026-08-17,Active,,,0,0.0,1,Yes,Yes,2026-08-17,2026-08-27
UPDATE,2026-08-27T00:00:00,2026-08-27,PT0219512,LST0219512,AG01306,LOC0082,Townhouse,5,3.0,991,2014,1956,128800.0,2023-11-05,Active,,,3,363.0,1,No,No,2023-11-05,2026-08-27
UPDATE,2026-08-27T00:00:00,2026-08-27,PT0191593,LST0191593,AG00892,LOC0029,Single Family,3,2.5,1315,1129,1927,374200.0,2025-04-21,Pending,,,23,0.0,2,No,No,2025-04-21,2026-08-27
UPDATE,2026-08-27T00:00:00,2026-08-27,PT0517208,LST0517208,AG01568,LOC0032,Multi-Family,1,1.0,4140,12436,1966,560800.0,2026-07-14,Active,,,0,0.0,1,No,Yes,2026-07-14,2026-08-27
UPDATE,2026-08-27T00:00:00,2026-08-27,PT0212640,LST0212640,AG00877,LOC0067,Single Family,1,1.0,1318,7861,1903,169400.0,2026-02-01,Sold,158366.81,2026-08-27,207,0.0,0,Yes,Yes,2026-02-01,2026-08-27
UPDATE,2026-08-27T00:00:00,2026-08-27,PT0516829,LST0516829,AG02391,LOC0129,Single Family,3,4.0,1126,7697,1949,181900.0,2026-07-14,Sold,184663.29,2026-08-27,44,0.0,2,No,Yes,2026-07-14,2026-08-27
UPDATE,2026-08-27T00:00:00,2026-08-27,PT0474004,LST0474004,AG02785,LOC0125,Single Family,6,1.0,1469,2312,1915,341000.0,2024-02-04,Active,,,155,0.0,1,No,No,2024-02-04,2026-08-27
UPDATE,2026-08-27T00:00:00,2026-08-27,PT0507768,LST0507768,AG00164,LOC0031,Townhouse,6,3.0,1301,4265,2013,462600.0,2026-07-07,Pending,,,0,613.73,3,Yes,No,2026-07-07,2026-08-27
UPDATE,2026-08-27T00:00:00,2026-08-27,PT0378156,LST0378156,AG00787,LOC0230,Single Family,5,3.5,1165,1995,2011,214500.0,2024-01-21,Active,,,47,0.0,3,No,No,2024-01-21,2026-08-27
UPDATE,2026-08-27T00:00:00,2026-08-27,PT0477429,LST0477429,AG02125,LOC0167,Multi-Family,3,2.5,2059,2658,1993,939000.0,2025-10-19,Pending,,,91,0.0,3,No,Yes,2025-10-19,2026-08-27
UPDATE,2026-08-27T00:00:00,2026-08-27,PT0033713,LST0033713,AG00336,LOC0019,Apartment,6,2.5,1001,0,1936,125300.0,2026-06-27,Active,,,31,341.0,1,No,No,2026-06-27,2026-08-27
UPDATE,2026-08-27T00:00:00,2026-08-27,PT0076265,LST0076265,AG01753,LOC0163,Single Family,2,3.5,1947,1072,2013,764000.0,2023-05-09,Pending,,,110,0.0,1,No,No,2023-05-09,2026-08-27
UPDATE,2026-08-27T00:00:00,2026-08-27,PT0013983,LST0013983,AG02948,LOC0022,Single Family,2,1.5,1929,4568,1949,825700.0,2024-08-14,Active,,,144,0.0,3,No,No,2024-08-14,2026-08-27
UPDATE,2026-08-27T00:00:00,2026-08-27,PT0260548,LST0260548,AG00781,LOC0130,Single Family,2,4.0,1940,9946,2018,505200.0,2025-01-10,Pending,,,44,0.0,1,No,Yes,2025-01-10,2026-08-27
UPDATE,2026-08-27T00:00:00,2026-08-27,PT0209671,LST0209671,AG02919,LOC0083,Townhouse,3,4.0,1278,6793,1909,392100.0,2025-07-20,Pending,,,114,434.0,3,No,No,2025-07-20,2026-08-27
UPDATE,2026-08-27T00:00:00,2026-08-27,PT0377462,LST0377462,AG02467,LOC0014,Single Family,6,1.5,1332,2124,2021,401600.0,2025-09-29,Sold,379324.99,2026-08-27,332,0.0,2,No,No,2025-09-29,2026-08-27
UPDATE,2026-08-27T00:00:00,2026-08-27,PT0503574,LST0503574,AG01094,LOC0026,Single Family,6,2.5,1760,1253,1950,384900.0,2026-07-03,Active,,,0,0.0,2,Yes,Yes,2026-07-03,2026-08-27
UPDATE,2026-08-27T00:00:00,2026-08-27,PT0399111,LST0399111,AG01495,LOC0178,Single Family,2,4.0,1516,1597,2003,203500.0,2023-05-16,Pending,,,166,0.0,0,No,Yes,2023-05-16,2026-08-27
UPDATE,2026-08-27T00:00:00,2026-08-27,PT0230458,LST0230458,AG00087,LOC0122,Single Family,6,1.0,2690,17712,2009,671000.0,2023-03-29,Sold,704255.38,2026-08-27,1247,0.0,3,No,Yes,2023-03-29,2026-08-27
UPDATE,2026-08-27T00:00:00,2026-08-27,PT0312967,LST0312967,AG01668,LOC0009,Condo,6,3.0,2776,11069,1951,982300.0,2024-06-28,Sold,980073.61,2026-08-27,790,591.0,0,No,No,2024-06-28,2026-08-27
UPDATE,2026-08-27T00:00:00,2026-08-27,PT0293326,LST0293326,AG01541,LOC0092,Multi-Family,2,2.0,540,1728,1931,93400.0,2025-12-28,Sold,88943.47,2026-08-27,242,0.0,1,No,No,2025-12-28,2026-08-27
UPDATE,2026-08-27T00:00:00,2026-08-27,PT0458814,LST0458814,AG02450,LOC0118,Multi-Family,3,4.0,4023,4538,1972,1262300.0,2026-03-13,Pending,,,57,0.0,0,No,No,2026-03-13,2026-08-27
UPDATE,2026-08-27T00:00:00,2026-08-27,PT0444716,LST0444716,AG02706,LOC0195,Condo,1,2.0,1879,1416,1913,300900.0,2023-12-19,Active,,,155,422.0,3,Yes,No,2023-12-19,2026-08-27
UPDATE,2026-08-27T00:00:00,2026-08-27,PT0285799,LST0285799,AG00720,LOC0157,Multi-Family,1,4.5,4862,2594,1935,2197900.0,2025-11-12,Sold,2130915.51,2026-08-27,288,0.0,3,No,Yes,2025-11-12,2026-08-27
UPDATE,2026-08-27T00:00:00,2026-08-27,PT0284144,LST0284144,AG01867,LOC0145,Townhouse,1,2.0,2169,9266,1962,392300.0,2025-09-07,Sold,396346.68,2026-08-27,354,346.0,3,No,No,2025-09-07,2026-08-27
UPDATE,2026-08-27T00:00:00,2026-08-27,PT0532930,LST0532930,AG02179,LOC0051,Condo,6,2.0,1135,3450,1991,111200.0,2026-07-29,Active,,,0,175.2,1,No,No,2026-07-29,2026-08-27
UPDATE,2026-08-27T00:00:00,2026-08-27,PT0172837,LST0172837,AG00285,LOC0058,Condo,6,3.5,2611,1258,1918,564300.0,2025-12-11,Pending,,,74,702.0,0,No,No,2025-12-11,2026-08-27
UPDATE,2026-08-27T00:00:00,2026-08-27,PT0129688,LST0129688,AG01462,LOC0100,Single Family,5,4.5,2381,3967,1941,285400.0,2026-01-21,Active,,,20,0.0,1,No,Yes,2026-01-21,2026-08-27
UPDATE,2026-08-27T00:00:00,2026-08-27,PT0196476,LST0196476,AG01949,LOC0010,Land,0,0.0,6425,3174,1904,1656400.0,2023-08-30,Pending,,,174,0.0,0,No,No,2023-08-30,2026-08-27
UPDATE,2026-08-27T00:00:00,2026-08-27,PT0043220,LST0043220,AG02795,LOC0245,Condo,4,4.5,2516,3372,1909,478600.0,2025-09-03,Sold,462707.86,2026-08-27,358,348.0,1,Yes,No,2025-09-03,2026-08-27
UPDATE,2026-08-27T00:00:00,2026-08-27,PT0077343,LST0077343,AG00340,LOC0085,Condo,2,2.0,1907,10655,1930,540900.0,2024-03-07,Pending,,,73,525.0,1,No,No,2024-03-07,2026-08-27
UPDATE,2026-08-27T00:00:00,2026-08-27,PT0562300,LST0562300,AG02513,LOC0135,Single Family,6,2.0,2128,3410,1954,843000.0,2026-08-24,Active,,,0,0.0,0,Yes,Yes,2026-08-24,2026-08-27
UPDATE,2026-08-27T00:00:00,2026-08-27,PT0396221,LST0396221,AG02393,LOC0085,Single Family,2,3.0,1542,5004,2009,261000.0,2025-05-28,Pending,,,115,0.0,1,No,Yes,2025-05-28,2026-08-27
UPDATE,2026-08-27T00:00:00,2026-08-27,PT0548303,LST0548303,AG00730,LOC0102,Single Family,4,1.5,1582,5796,2008,139300.0,2026-08-12,Pending,,,0,0.0,1,No,Yes,2026-08-12,2026-08-27
UPDATE,2026-08-27T00:00:00,2026-08-27,PT0198183,LST0198183,AG02888,LOC0144,Multi-Family,2,4.0,3588,1917,1964,465600.0,2025-11-29,Pending,,,157,0.0,3,No,Yes,2025-11-29,2026-08-27
UPDATE,2026-08-27T00:00:00,2026-08-27,PT0155494,LST0155494,AG01982,LOC0134,Single Family,5,1.5,1948,1928,1980,549200.0,2025-07-05,Sold,571028.31,2026-08-27,418,0.0,1,No,No,2025-07-05,2026-08-27
UPDATE,2026-08-27T00:00:00,2026-08-27,PT0550513,LST0550513,AG00234,LOC0218,Land,0,0.0,10589,9579,1943,2191500.0,2026-08-14,Sold,2187511.51,2026-08-27,13,0.0,0,No,No,2026-08-14,2026-08-27
UPDATE,2026-08-27T00:00:00,2026-08-27,PT0555480,LST0555480,AG01518,LOC0235,Condo,6,2.5,1647,3033,1931,714400.0,2026-08-18,Active,,,0,740.04,1,Yes,No,2026-08-18,2026-08-27
UPDATE,2026-08-27T00:00:00,2026-08-27,PT0481183,LST0481183,AG01719,LOC0061,Single Family,3,2.5,2177,9586,1942,327000.0,2023-11-06,Pending,,,48,0.0,0,No,Yes,2023-11-06,2026-08-27
UPDATE,2026-08-27T00:00:00,2026-08-27,PT0522310,LST0522310,AG01524,LOC0109,Townhouse,1,2.0,2669,8271,1958,1141900.0,2026-07-20,Active,,,0,79.55,0,No,No,2026-07-20,2026-08-27
UPDATE,2026-08-27T00:00:00,2026-08-27,PT0524793,LST0524793,AG01413,LOC0217,Townhouse,3,1.0,2379,1774,1981,345300.0,2026-07-22,Active,,,0,207.97,0,No,No,2026-07-22,2026-08-27
UPDATE,2026-08-27T00:00:00,2026-08-27,PT0467842,LST0467842,AG01886,LOC0183,Apartment,4,4.0,1549,0,1925,394400.0,2024-11-04,Active,,,61,123.0,0,No,No,2024-11-04,2026-08-27
UPDATE,2026-08-27T00:00:00,2026-08-27,PT0452955,LST0452955,AG00961,LOC0006,Single Family,1,1.5,1936,8575,1948,245600.0,2024-02-07,Active,,,158,0.0,1,No,Yes,2024-02-07,2026-08-27
UPDATE,2026-08-27T00:00:00,2026-08-27,PT0167090,LST0167090,AG01033,LOC0050,Single Family,6,1.5,1455,6654,1933,360100.0,2025-03-23,Pending,,,47,0.0,3,No,No,2025-03-23,2026-08-27
UPDATE,2026-08-27T00:00:00,2026-08-27,PT0135446,LST0135446,AG00962,LOC0244,Single Family,4,3.5,668,5522,1978,101900.0,2026-01-26,Pending,,,50,0.0,3,No,No,2026-01-26,2026-08-27
UPDATE,2026-08-27T00:00:00,2026-08-27,PT0093235,LST0093235,AG02527,LOC0176,Single Family,4,3.5,1447,1274,2009,650800.0,2026-01-19,Active,,,59,0.0,1,No,No,2026-01-19,2026-08-27
UPDATE,2026-08-27T00:00:00,2026-08-27,PT0302038,LST0302038,AG02940,LOC0056,Townhouse,6,2.5,1161,8187,1910,623400.0,2025-02-04,Active,,,22,608.0,2,No,No,2025-02-04,2026-08-27
UPDATE,2026-08-27T00:00:00,2026-08-27,PT0227276,LST0227276,AG01504,LOC0167,Townhouse,6,4.0,2367,4622,1996,915500.0,2025-09-13,Sold,895284.42,2026-08-27,348,776.0,2,No,No,2025-09-13,2026-08-27
UPDATE,2026-08-27T00:00:00,2026-08-27,PT0063644,LST0063644,AG02183,LOC0095,Multi-Family,4,4.0,5276,4512,1984,2647500.0,2023-08-04,Sold,2630810.04,2026-08-27,1119,0.0,1,No,No,2023-08-04,2026-08-27
UPDATE,2026-08-27T00:00:00,2026-08-27,PT0414890,LST0414890,AG00669,LOC0123,Single Family,5,1.5,2050,3669,1907,530400.0,2023-09-23,Sold,488500.58,2026-08-27,1069,0.0,0,No,Yes,2023-09-23,2026-08-27
UPDATE,2026-08-27T00:00:00,2026-08-27,PT0113122,LST0113122,AG02042,LOC0055,Condo,6,4.0,1717,3977,1937,444100.0,2025-04-12,Active,,,113,715.0,1,Yes,No,2025-04-12,2026-08-27
UPDATE,2026-08-27T00:00:00,2026-08-27,PT0326787,LST0326787,AG01504,LOC0149,Single Family,6,1.0,546,5682,1982,106800.0,2025-09-06,Active,,,131,0.0,0,No,No,2025-09-06,2026-08-27
UPDATE,2026-08-27T00:00:00,2026-08-27,PT0523973,LST0523973,AG00350,LOC0143,Single Family,6,1.5,476,12227,1978,44100.0,2026-07-21,Active,,,0,0.0,3,No,Yes,2026-07-21,2026-08-27
UPDATE,2026-08-27T00:00:00,2026-08-27,PT0161201,LST0161201,AG01707,LOC0149,Condo,1,1.5,937,3331,2014,112900.0,2023-02-14,Pending,,,177,215.0,0,No,No,2023-02-14,2026-08-27
UPDATE,2026-08-27T00:00:00,2026-08-27,PT0420317,LST0420317,AG01400,LOC0180,Single Family,2,4.5,3205,7132,2013,504900.0,2025-04-14,Active,,,126,0.0,3,Yes,No,2025-04-14,2026-08-27
UPDATE,2026-08-27T00:00:00,2026-08-27,PT0364970,LST0364970,AG00697,LOC0051,Land,0,0.0,2466,8834,1998,335500.0,2025-10-31,Pending,,,124,0.0,0,No,No,2025-10-31,2026-08-27
UPDATE,2026-08-27T00:00:00,2026-08-27,PT0526551,LST0526551,AG02147,LOC0044,Townhouse,5,2.5,371,2766,2012,109300.0,2026-07-24,Pending,,,0,154.14,2,No,No,2026-07-24,2026-08-27
UPDATE,2026-08-27T00:00:00,2026-08-27,PT0173349,LST0173349,AG02027,LOC0052,Single Family,3,3.5,801,13807,1957,77100.0,2025-04-05,Pending,,,22,0.0,1,No,Yes,2025-04-05,2026-08-27
UPDATE,2026-08-27T00:00:00,2026-08-27,PT0257017,LST0257017,AG00665,LOC0226,Apartment,2,3.0,1069,0,2023,548100.0,2026-05-02,Sold,504489.87,2026-08-27,117,299.0,1,No,No,2026-05-02,2026-08-27
UPDATE,2026-08-27T00:00:00,2026-08-27,PT0177694,LST0177694,AG01479,LOC0071,Single Family,6,3.5,917,8565,1986,559500.0,2025-11-25,Active,,,73,0.0,2,Yes,Yes,2025-11-25,2026-08-27
UPDATE,2026-08-27T00:00:00,2026-08-27,PT0528049,LST0528049,AG02742,LOC0154,Apartment,2,4.0,1293,0,1980,196000.0,2026-07-25,Sold,203578.77,2026-08-27,33,544.72,3,No,No,2026-07-25,2026-08-27
UPDATE,2026-08-27T00:00:00,2026-08-27,PT0295836,LST0295836,AG00950,LOC0185,Single Family,4,4.0,2571,1195,2003,1051900.0,2024-10-04,Active,,,61,0.0,3,No,Yes,2024-10-04,2026-08-27
UPDATE,2026-08-27T00:00:00,2026-08-27,PT0310062,LST0310062,AG02926,LOC0091,Condo,4,1.0,1793,11551,1979,558000.0,2026-01-12,Sold,540601.08,2026-08-27,227,678.0,0,No,No,2026-01-12,2026-08-27
UPDATE,2026-08-27T00:00:00,2026-08-27,PT0272832,LST0272832,AG02182,LOC0065,Townhouse,5,3.5,1563,2842,1936,532100.0,2023-07-12,Pending,,,151,165.0,3,No,No,2023-07-12,2026-08-27
UPDATE,2026-08-27T00:00:00,2026-08-27,PT0295617,LST0295617,AG02499,LOC0106,Multi-Family,1,3.0,1718,5216,1972,807600.0,2024-08-29,Active,,,102,0.0,2,No,Yes,2024-08-29,2026-08-27
UPDATE,2026-08-27T00:00:00,2026-08-27,PT0356797,LST0356797,AG02962,LOC0210,Single Family,4,1.0,3414,8219,2000,1001600.0,2025-10-06,Active,,,20,0.0,0,No,Yes,2025-10-06,2026-08-27
UPDATE,2026-08-27T00:00:00,2026-08-27,PT0057266,LST0057266,AG00632,LOC0171,Land,0,0.0,3945,1307,1900,1084600.0,2026-03-23,Pending,,,105,0.0,0,No,No,2026-03-23,2026-08-27
UPDATE,2026-08-27T00:00:00,2026-08-27,PT0526798,LST0526798,AG02438,LOC0158,Condo,3,4.5,2073,5522,2009,174400.0,2026-07-24,Sold,165235.26,2026-08-27,34,793.94,2,No,No,2026-07-24,2026-08-27
UPDATE,2026-08-27T00:00:00,2026-08-27,PT0505016,LST0505016,AG00184,LOC0037,Townhouse,4,3.5,2111,1786,1994,266900.0,2026-07-05,Pending,,,0,631.94,3,No,No,2026-07-05,2026-08-27
UPDATE,2026-08-27T00:00:00,2026-08-27,PT0041985,LST0041985,AG02846,LOC0195,Single Family,5,2.5,1240,2990,2008,375300.0,2023-08-18,Sold,378346.87,2026-08-27,1105,0.0,3,Yes,No,2023-08-18,2026-08-27
UPDATE,2026-08-27T00:00:00,2026-08-27,PT0510175,LST0510175,AG02875,LOC0203,Townhouse,3,4.0,2108,4140,1979,324800.0,2026-07-09,Pending,,,0,766.11,0,Yes,No,2026-07-09,2026-08-27
UPDATE,2026-08-27T00:00:00,2026-08-27,PT0289119,LST0289119,AG02854,LOC0040,Single Family,5,4.0,1100,1174,2018,392300.0,2023-06-26,Pending,,,81,0.0,2,No,No,2023-06-26,2026-08-27
UPDATE,2026-08-27T00:00:00,2026-08-27,PT0278473,LST0278473,AG02352,LOC0021,Single Family,2,3.0,1813,1888,1947,99100.0,2023-04-16,Active,,,171,0.0,0,No,No,2023-04-16,2026-08-27
UPDATE,2026-08-27T00:00:00,2026-08-27,PT0358271,LST0358271,AG00567,LOC0196,Single Family,3,4.0,1493,1882,1993,318200.0,2023-09-11,Pending,,,132,0.0,3,No,Yes,2023-09-11,2026-08-27
UPDATE,2026-08-27T00:00:00,2026-08-27,PT0547722,LST0547722,AG02295,LOC0239,Single Family,4,1.0,1003,1860,1988,132100.0,2026-08-11,Active,,,0,0.0,1,No,Yes,2026-08-11,2026-08-27
UPDATE,2026-08-27T00:00:00,2026-08-27,PT0484796,LST0484796,AG02970,LOC0060,Single Family,4,4.0,1650,13169,1971,362800.0,2026-06-29,Pending,,,139,0.0,1,Yes,No,2026-06-29,2026-08-27
UPDATE,2026-08-27T00:00:00,2026-08-27,PT0090590,LST0090590,AG00402,LOC0126,Townhouse,2,1.5,1343,4061,1917,343800.0,2024-07-29,Sold,282875.02,2026-08-27,759,50.0,2,No,No,2024-07-29,2026-08-27
UPDATE,2026-08-27T00:00:00,2026-08-27,PT0051212,LST0051212,AG00341,LOC0069,Multi-Family,3,3.0,3537,3463,1922,851800.0,2025-04-18,Pending,,,175,0.0,2,No,Yes,2025-04-18,2026-08-27
UPDATE,2026-08-27T00:00:00,2026-08-27,PT0518805,LST0518805,AG02775,LOC0176,Townhouse,5,2.5,1771,1384,1962,617100.0,2026-07-16,Pending,,,0,173.55,3,No,No,2026-07-16,2026-08-27
DELETE,2026-08-27T00:00:00,2026-08-27,PT0203503,LST0203503,AG01979,LOC0201,Apartment,3,3.5,393,0,1992,92600.0,2023-01-25,Withdrawn,,,94,411.0,1,No,No,2023-01-25,2026-08-27
DELETE,2026-08-27T00:00:00,2026-08-27,PT0063475,LST0063475,AG01812,LOC0196,Single Family,6,1.0,1862,9498,1934,764700.0,2024-08-13,Withdrawn,,,16,0.0,3,No,No,2024-08-13,2026-08-27
DELETE,2026-08-27T00:00:00,2026-08-27,PT0283507,LST0283507,AG02183,LOC0161,Multi-Family,5,3.5,4090,6226,1909,2518700.0,2023-07-14,Withdrawn,,,100,0.0,2,No,No,2023-07-14,2026-08-27
DELETE,2026-08-27T00:00:00,2026-08-27,PT0363083,LST0363083,AG00316,LOC0179,Single Family,5,3.5,1196,9334,1915,286200.0,2026-03-02,Withdrawn,,,83,0.0,1,No,No,2026-03-02,2026-08-27
DELETE,2026-08-27T00:00:00,2026-08-27,PT0077339,LST0077339,AG02555,LOC0025,Condo,2,3.0,1670,1233,1939,467900.0,2025-06-20,Withdrawn,,,165,243.0,1,No,No,2025-06-20,2026-08-27
DELETE,2026-08-27T00:00:00,2026-08-27,PT0501510,LST0501510,AG01945,LOC0027,Single Family,6,4.5,1027,12073,1941,392300.0,2026-07-02,Withdrawn,,,0,0.0,1,No,No,2026-07-02,2026-08-27
DELETE,2026-08-27T00:00:00,2026-08-27,PT0066072,LST0066072,AG02552,LOC0169,Condo,5,4.5,1556,1672,1979,587900.0,2025-07-21,Withdrawn,,,173,741.0,2,Yes,No,2025-07-21,2026-08-27
DELETE,2026-08-27T00:00:00,2026-08-27,PT0029645,LST0029645,AG00057,LOC0197,Single Family,5,3.5,561,5264,1969,268900.0,2023-05-05,Withdrawn,,,33,0.0,2,No,No,2023-05-05,2026-08-27
DELETE,2026-08-27T00:00:00,2026-08-27,PT0208467,LST0208467,AG02709,LOC0241,Multi-Family,5,2.0,3166,19288,2022,319000.0,2023-03-06,Withdrawn,,,9,0.0,2,No,No,2023-03-06,2026-08-27
DELETE,2026-08-27T00:00:00,2026-08-27,PT0216647,LST0216647,AG02092,LOC0195,Townhouse,2,4.5,3112,4893,1907,503400.0,2023-09-03,Withdrawn,,,151,649.0,1,Yes,No,2023-09-03,2026-08-27
DELETE,2026-08-27T00:00:00,2026-08-27,PT0118324,LST0118324,AG00321,LOC0218,Single Family,2,2.5,1606,6308,2010,780000.0,2023-03-31,Withdrawn,,,48,0.0,2,No,No,2023-03-31,2026-08-27
DELETE,2026-08-27T00:00:00,2026-08-27,PT0207157,LST0207157,AG00526,LOC0178,Single Family,4,3.0,2695,6882,1935,668800.0,2024-07-18,Withdrawn,,,125,0.0,0,No,Yes,2024-07-18,2026-08-27
DELETE,2026-08-27T00:00:00,2026-08-27,PT0034516,LST0034516,AG02006,LOC0009,Single Family,5,1.5,300,2029,1986,65600.0,2026-04-23,Withdrawn,,,65,0.0,1,Yes,No,2026-04-23,2026-08-27
DELETE,2026-08-27T00:00:00,2026-08-27,PT0552641,LST0552641,AG00307,LOC0159,Condo,6,1.0,2570,2900,1974,898900.0,2026-08-16,Withdrawn,,,0,609.38,2,No,No,2026-08-16,2026-08-27
DELETE,2026-08-27T00:00:00,2026-08-27,PT0513047,LST0513047,AG00903,LOC0209,Multi-Family,6,3.5,2661,1194,2008,1013700.0,2026-07-11,Withdrawn,,,0,0.0,0,No,Yes,2026-07-11,2026-08-27
DELETE,2026-08-27T00:00:00,2026-08-27,PT0418345,LST0418345,AG01455,LOC0103,Land,0,0.0,8151,6462,1960,1338300.0,2023-12-08,Withdrawn,,,96,0.0,0,No,No,2023-12-08,2026-08-27
DELETE,2026-08-27T00:00:00,2026-08-27,PT0482520,LST0482520,AG00949,LOC0215,Multi-Family,2,4.5,1813,4829,1967,561700.0,2025-03-09,Withdrawn,,,140,0.0,1,No,Yes,2025-03-09,2026-08-27
DELETE,2026-08-27T00:00:00,2026-08-27,PT0226948,LST0226948,AG02295,LOC0216,Townhouse,3,4.0,2435,5821,1910,397500.0,2025-11-19,Withdrawn,,,103,786.0,3,No,No,2025-11-19,2026-08-27
DELETE,2026-08-27T00:00:00,2026-08-27,PT0338818,LST0338818,AG00972,LOC0034,Land,0,0.0,5432,4361,1934,1336300.0,2024-02-14,Withdrawn,,,95,0.0,0,No,No,2024-02-14,2026-08-27
DELETE,2026-08-27T00:00:00,2026-08-27,PT0514953,LST0514953,AG01553,LOC0104,Townhouse,6,3.5,3217,10192,1925,612400.0,2026-07-13,Withdrawn,,,0,489.41,3,Yes,No,2026-07-13,2026-08-27
DELETE,2026-08-27T00:00:00,2026-08-27,PT0046685,LST0046685,AG02884,LOC0082,Land,0,0.0,7314,1594,2020,1260400.0,2026-03-29,Withdrawn,,,58,0.0,0,No,No,2026-03-29,2026-08-27
DELETE,2026-08-27T00:00:00,2026-08-27,PT0475477,LST0475477,AG00879,LOC0049,Apartment,4,2.0,445,0,1985,204800.0,2023-02-20,Withdrawn,,,68,438.0,0,Yes,No,2023-02-20,2026-08-27
DELETE,2026-08-27T00:00:00,2026-08-27,PT0555962,LST0555962,AG01516,LOC0142,Single Family,5,3.0,2378,1197,1917,1247900.0,2026-08-19,Withdrawn,,,0,0.0,3,No,No,2026-08-19,2026-08-27
DELETE,2026-08-27T00:00:00,2026-08-27,PT0514683,LST0514683,AG00646,LOC0047,Single Family,2,3.0,683,6499,2015,335200.0,2026-07-13,Withdrawn,,,0,0.0,1,No,No,2026-07-13,2026-08-27
DELETE,2026-08-27T00:00:00,2026-08-27,PT0559800,LST0559800,AG00135,LOC0084,Townhouse,1,4.5,1310,6178,1918,362700.0,2026-08-22,Withdrawn,,,0,701.69,2,No,No,2026-08-22,2026-08-27
DELETE,2026-08-27T00:00:00,2026-08-27,PT0543057,LST0543057,AG02224,LOC0162,Single Family,2,3.5,885,7668,1976,113300.0,2026-08-07,Withdrawn,,,0,0.0,2,Yes,No,2026-08-07,2026-08-27
DELETE,2026-08-27T00:00:00,2026-08-27,PT0308349,LST0308349,AG01562,LOC0103,Single Family,4,1.5,1584,1529,1962,236200.0,2024-09-02,Withdrawn,,,20,0.0,2,No,Yes,2024-09-02,2026-08-27
DELETE,2026-08-27T00:00:00,2026-08-27,PT0557271,LST0557271,AG01625,LOC0116,Single Family,3,2.0,1953,1477,1996,772600.0,2026-08-20,Withdrawn,,,0,0.0,0,No,No,2026-08-20,2026-08-27
DELETE,2026-08-27T00:00:00,2026-08-27,PT0244695,LST0244695,AG02769,LOC0239,Single Family,2,1.5,2341,1791,1985,663200.0,2025-08-12,Withdrawn,,,67,0.0,1,No,Yes,2025-08-12,2026-08-27
DELETE,2026-08-27T00:00:00,2026-08-27,PT0002580,LST0002580,AG00722,LOC0160,Single Family,5,4.5,578,1380,2014,122000.0,2023-06-07,Withdrawn,,,151,0.0,1,No,Yes,2023-06-07,2026-08-27
DELETE,2026-08-27T00:00:00,2026-08-27,PT0516637,LST0516637,AG00440,LOC0136,Single Family,5,2.5,1143,2443,1937,126500.0,2026-07-14,Withdrawn,,,0,0.0,0,No,Yes,2026-07-14,2026-08-27
DELETE,2026-08-27T00:00:00,2026-08-27,PT0514494,LST0514494,AG02034,LOC0105,Condo,6,2.0,1277,1796,1941,190800.0,2026-07-12,Withdrawn,,,0,373.72,1,No,No,2026-07-12,2026-08-27
DELETE,2026-08-27T00:00:00,2026-08-27,PT0177761,LST0177761,AG01197,LOC0062,Single Family,2,4.5,2763,3326,2004,956600.0,2023-05-24,Withdrawn,,,93,0.0,0,Yes,No,2023-05-24,2026-08-27
DELETE,2026-08-27T00:00:00,2026-08-27,PT0398864,LST0398864,AG02486,LOC0053,Condo,1,1.0,1909,4614,1980,759400.0,2025-02-24,Withdrawn,,,55,474.0,2,No,No,2025-02-24,2026-08-27
DELETE,2026-08-27T00:00:00,2026-08-27,PT0002488,LST0002488,AG00954,LOC0234,Condo,1,1.0,1856,5063,1984,941100.0,2023-05-10,Withdrawn,,,4,583.0,1,No,No,2023-05-10,2026-08-27
DELETE,2026-08-27T00:00:00,2026-08-27,PT0545444,LST0545444,AG00122,LOC0027,Single Family,1,3.5,1542,6058,1955,606000.0,2026-08-09,Withdrawn,,,0,0.0,1,No,Yes,2026-08-09,2026-08-27
DELETE,2026-08-27T00:00:00,2026-08-27,PT0385643,LST0385643,AG00494,LOC0079,Single Family,3,1.5,2060,6356,1984,663600.0,2026-03-23,Withdrawn,,,83,0.0,1,No,Yes,2026-03-23,2026-08-27
DELETE,2026-08-27T00:00:00,2026-08-27,PT0535293,LST0535293,AG02474,LOC0097,Multi-Family,5,3.5,6276,9255,2010,1623800.0,2026-07-31,Withdrawn,,,0,0.0,0,No,No,2026-07-31,2026-08-27
DELETE,2026-08-27T00:00:00,2026-08-27,PT0293424,LST0293424,AG00856,LOC0190,Single Family,6,2.0,1776,1128,2007,440900.0,2024-12-23,Withdrawn,,,100,0.0,2,No,Yes,2024-12-23,2026-08-27
DELETE,2026-08-27T00:00:00,2026-08-27,PT0163798,LST0163798,AG00928,LOC0211,Single Family,2,2.0,2325,4914,1935,1521200.0,2026-02-01,Withdrawn,,,95,0.0,2,No,Yes,2026-02-01,2026-08-27
DELETE,2026-08-27T00:00:00,2026-08-27,PT0453940,LST0453940,AG01886,LOC0174,Single Family,3,1.5,1237,3756,1963,557600.0,2023-12-17,Withdrawn,,,27,0.0,0,No,Yes,2023-12-17,2026-08-27
DELETE,2026-08-27T00:00:00,2026-08-27,PT0547497,LST0547497,AG02176,LOC0243,Land,0,0.0,1113,2469,1914,463900.0,2026-08-11,Withdrawn,,,0,0.0,0,No,No,2026-08-11,2026-08-27
DELETE,2026-08-27T00:00:00,2026-08-27,PT0558941,LST0558941,AG02443,LOC0171,Condo,4,1.5,2425,2304,1928,502700.0,2026-08-21,Withdrawn,,,0,339.09,2,No,No,2026-08-21,2026-08-27
DELETE,2026-08-27T00:00:00,2026-08-27,PT0532460,LST0532460,AG02070,LOC0057,Multi-Family,3,3.5,4643,2953,1992,1244500.0,2026-07-29,Withdrawn,,,0,0.0,3,Yes,No,2026-07-29,2026-08-27
DELETE,2026-08-27T00:00:00,2026-08-27,PT0512558,LST0512558,AG02935,LOC0033,Condo,3,1.0,3190,4546,1967,844900.0,2026-07-11,Withdrawn,,,0,637.37,1,No,No,2026-07-11,2026-08-27
DELETE,2026-08-27T00:00:00,2026-08-27,PT0352985,LST0352985,AG01327,LOC0212,Condo,5,3.5,2060,12531,2018,270100.0,2026-03-21,Withdrawn,,,103,546.0,2,No,No,2026-03-21,2026-08-27
DELETE,2026-08-27T00:00:00,2026-08-27,PT0101524,LST0101524,AG01561,LOC0130,Single Family,5,1.0,1743,9931,1990,343900.0,2024-05-17,Withdrawn,,,114,0.0,3,Yes,Yes,2024-05-17,2026-08-27
DELETE,2026-08-27T00:00:00,2026-08-27,PT0249589,LST0249589,AG02675,LOC0065,Single Family,1,2.0,1380,3846,1987,163200.0,2023-12-13,Withdrawn,,,95,0.0,2,No,No,2023-12-13,2026-08-27
DELETE,2026-08-27T00:00:00,2026-08-27,PT0361255,LST0361255,AG02101,LOC0153,Single Family,3,4.5,1468,3007,1945,518900.0,2023-12-06,Withdrawn,,,168,0.0,3,No,No,2023-12-06,2026-08-27
DELETE,2026-08-27T00:00:00,2026-08-27,PT0541945,LST0541945,AG00476,LOC0030,Multi-Family,2,4.5,3636,2014,1929,2123200.0,2026-08-06,Withdrawn,,,0,0.0,2,No,No,2026-08-06,2026-08-27
DELETE,2026-08-27T00:00:00,2026-08-27,PT0545036,LST0545036,AG00776,LOC0008,Condo,3,4.5,1005,5668,1934,316600.0,2026-08-08,Withdrawn,,,0,188.8,1,No,No,2026-08-08,2026-08-27
DELETE,2026-08-27T00:00:00,2026-08-27,PT0409277,LST0409277,AG00023,LOC0045,Single Family,2,3.0,2073,17852,1975,810600.0,2024-11-04,Withdrawn,,,74,0.0,3,No,Yes,2024-11-04,2026-08-27
DELETE,2026-08-27T00:00:00,2026-08-27,PT0515870,LST0515870,AG02645,LOC0026,Condo,1,3.5,2444,6599,1932,496800.0,2026-07-14,Withdrawn,,,0,769.76,2,Yes,No,2026-07-14,2026-08-27
DELETE,2026-08-27T00:00:00,2026-08-27,PT0065389,LST0065389,AG02190,LOC0119,Single Family,5,4.0,2202,3024,1930,456300.0,2024-08-07,Withdrawn,,,66,0.0,0,No,No,2024-08-07,2026-08-27
DELETE,2026-08-27T00:00:00,2026-08-27,PT0543963,LST0543963,AG00283,LOC0009,Condo,3,2.0,1174,5127,2014,231800.0,2026-08-08,Withdrawn,,,0,199.37,1,No,No,2026-08-08,2026-08-27
DELETE,2026-08-27T00:00:00,2026-08-27,PT0564063,LST0564063,AG02675,LOC0125,Townhouse,2,4.5,1188,3190,1930,227200.0,2026-08-25,Withdrawn,,,0,498.12,3,No,No,2026-08-25,2026-08-27
DELETE,2026-08-27T00:00:00,2026-08-27,PT0552941,LST0552941,AG02027,LOC0001,Single Family,1,3.0,1749,3371,1965,121400.0,2026-08-16,Withdrawn,,,0,0.0,1,No,No,2026-08-16,2026-08-27
DELETE,2026-08-27T00:00:00,2026-08-27,PT0478584,LST0478584,AG02679,LOC0150,Condo,6,3.5,1146,1394,1900,305300.0,2024-03-27,Withdrawn,,,141,731.0,3,Yes,No,2024-03-27,2026-08-27
DELETE,2026-08-27T00:00:00,2026-08-27,PT0262488,LST0262488,AG02756,LOC0102,Townhouse,4,2.5,705,6424,1954,184800.0,2023-09-09,Withdrawn,,,161,50.0,0,No,No,2023-09-09,2026-08-27
DELETE,2026-08-27T00:00:00,2026-08-27,PT0079826,LST0079826,AG01093,LOC0200,Single Family,6,1.5,2673,4708,1910,617900.0,2024-03-21,Withdrawn,,,177,0.0,2,No,No,2024-03-21,2026-08-27
DELETE,2026-08-27T00:00:00,2026-08-27,PT0095865,LST0095865,AG00126,LOC0245,Single Family,6,1.5,1655,5184,1921,322100.0,2024-04-14,Withdrawn,,,96,0.0,3,No,No,2024-04-14,2026-08-27
DELETE,2026-08-27T00:00:00,2026-08-27,PT0260155,LST0260155,AG00082,LOC0007,Townhouse,5,1.5,1767,3115,1956,395900.0,2025-08-15,Withdrawn,,,165,587.0,3,No,No,2025-08-15,2026-08-27
DELETE,2026-08-27T00:00:00,2026-08-27,PT0543922,LST0543922,AG02575,LOC0168,Single Family,5,3.0,881,4186,1929,270300.0,2026-08-08,Withdrawn,,,0,0.0,3,No,No,2026-08-08,2026-08-27
DELETE,2026-08-27T00:00:00,2026-08-27,PT0558232,LST0558232,AG00538,LOC0247,Single Family,2,1.5,1760,4251,1994,345400.0,2026-08-21,Withdrawn,,,0,0.0,0,No,Yes,2026-08-21,2026-08-27
DELETE,2026-08-27T00:00:00,2026-08-27,PT0039106,LST0039106,AG02800,LOC0024,Single Family,1,4.0,845,6339,1943,135900.0,2026-06-02,Withdrawn,,,149,0.0,3,Yes,Yes,2026-06-02,2026-08-27
DELETE,2026-08-27T00:00:00,2026-08-27,PT0452255,LST0452255,AG02585,LOC0205,Single Family,5,2.0,300,3738,1900,82300.0,2025-03-11,Withdrawn,,,17,0.0,2,No,No,2025-03-11,2026-08-27
DELETE,2026-08-27T00:00:00,2026-08-27,PT0561652,LST0561652,AG02036,LOC0046,Single Family,3,1.5,2774,3539,1999,874800.0,2026-08-24,Withdrawn,,,0,0.0,1,No,No,2026-08-24,2026-08-27
DELETE,2026-08-27T00:00:00,2026-08-27,PT0226472,LST0226472,AG02111,LOC0118,Townhouse,6,1.0,822,3357,1984,118600.0,2023-10-05,Withdrawn,,,116,640.0,2,No,No,2023-10-05,2026-08-27
DELETE,2026-08-27T00:00:00,2026-08-27,PT0563188,LST0563188,AG00840,LOC0052,Single Family,1,3.5,1827,10186,1967,302700.0,2026-08-25,Withdrawn,,,0,0.0,2,No,No,2026-08-25,2026-08-27
DELETE,2026-08-27T00:00:00,2026-08-27,PT0546782,LST0546782,AG00074,LOC0032,Single Family,1,2.5,1528,3252,1947,304200.0,2026-08-10,Withdrawn,,,0,0.0,1,No,No,2026-08-10,2026-08-27
DELETE,2026-08-27T00:00:00,2026-08-27,PT0484723,LST0484723,AG01206,LOC0249,Townhouse,3,1.0,1597,9178,1991,508300.0,2023-08-03,Withdrawn,,,129,314.0,1,No,No,2023-08-03,2026-08-27
DELETE,2026-08-27T00:00:00,2026-08-27,PT0529736,LST0529736,AG02036,LOC0190,Townhouse,1,4.0,1571,1325,2016,294500.0,2026-07-26,Withdrawn,,,0,465.13,2,Yes,No,2026-07-26,2026-08-27
DELETE,2026-08-27T00:00:00,2026-08-27,PT0561404,LST0561404,AG02648,LOC0123,Townhouse,3,1.5,2434,1737,2011,646600.0,2026-08-23,Withdrawn,,,0,84.89,2,Yes,No,2026-08-23,2026-08-27
DELETE,2026-08-27T00:00:00,2026-08-27,PT0163225,LST0163225,AG01162,LOC0053,Single Family,2,2.0,705,1575,1934,280200.0,2023-09-29,Withdrawn,,,92,0.0,0,No,No,2023-09-29,2026-08-27
DELETE,2026-08-27T00:00:00,2026-08-27,PT0455372,LST0455372,AG00141,LOC0059,Condo,1,4.0,1751,1040,1997,341000.0,2024-08-15,Withdrawn,,,13,68.0,1,Yes,No,2024-08-15,2026-08-27
DELETE,2026-08-27T00:00:00,2026-08-27,PT0390249,LST0390249,AG01457,LOC0088,Single Family,2,3.5,1175,3158,1997,263300.0,2024-04-03,Withdrawn,,,6,0.0,3,No,Yes,2024-04-03,2026-08-27
DELETE,2026-08-27T00:00:00,2026-08-27,PT0537399,LST0537399,AG00056,LOC0231,Single Family,2,1.5,1172,2311,1997,219700.0,2026-08-02,Withdrawn,,,0,0.0,0,Yes,No,2026-08-02,2026-08-27
DELETE,2026-08-27T00:00:00,2026-08-27,PT0527326,LST0527326,AG01148,LOC0153,Townhouse,2,3.0,1819,2318,1933,668700.0,2026-07-24,Withdrawn,,,0,794.47,1,No,No,2026-07-24,2026-08-27
DELETE,2026-08-27T00:00:00,2026-08-27,PT0087994,LST0087994,AG02938,LOC0128,Condo,2,2.0,1966,4040,2012,100800.0,2026-06-12,Withdrawn,,,161,587.0,1,No,No,2026-06-12,2026-08-27
DELETE,2026-08-27T00:00:00,2026-08-27,PT0394947,LST0394947,AG01009,LOC0071,Multi-Family,6,3.5,4397,5797,2012,2230600.0,2024-10-03,Withdrawn,,,162,0.0,1,No,No,2024-10-03,2026-08-27
DELETE,2026-08-27T00:00:00,2026-08-27,PT0462028,LST0462028,AG02403,LOC0164,Multi-Family,5,1.0,2972,2569,1903,1211500.0,2024-05-08,Withdrawn,,,63,0.0,0,No,Yes,2024-05-08,2026-08-27
DELETE,2026-08-27T00:00:00,2026-08-27,PT0539732,LST0539732,AG00345,LOC0173,Single Family,5,1.5,1128,7612,2001,662200.0,2026-08-04,Withdrawn,,,0,0.0,3,Yes,Yes,2026-08-04,2026-08-27
DELETE,2026-08-27T00:00:00,2026-08-27,PT0396531,LST0396531,AG02676,LOC0242,Single Family,4,2.0,496,8813,2017,142400.0,2025-09-13,Withdrawn,,,42,0.0,0,Yes,Yes,2025-09-13,2026-08-27
DELETE,2026-08-27T00:00:00,2026-08-27,PT0165174,LST0165174,AG02321,LOC0136,Single Family,4,3.0,1862,1570,2020,386200.0,2025-07-03,Withdrawn,,,86,0.0,1,No,No,2025-07-03,2026-08-27
DELETE,2026-08-27T00:00:00,2026-08-27,PT0532810,LST0532810,AG02672,LOC0118,Single Family,4,1.5,2127,2364,1903,355900.0,2026-07-29,Withdrawn,,,0,0.0,3,No,Yes,2026-07-29,2026-08-27
DELETE,2026-08-27T00:00:00,2026-08-27,PT0210087,LST0210087,AG00248,LOC0024,Multi-Family,4,3.5,4369,10764,1982,1695600.0,2024-02-25,Withdrawn,,,148,0.0,1,No,No,2024-02-25,2026-08-27
DELETE,2026-08-27T00:00:00,2026-08-27,PT0103554,LST0103554,AG02915,LOC0091,Single Family,1,3.0,409,3343,1976,81300.0,2024-08-26,Withdrawn,,,63,0.0,2,Yes,Yes,2024-08-26,2026-08-27
DELETE,2026-08-27T00:00:00,2026-08-27,PT0101927,LST0101927,AG00637,LOC0243,Single Family,2,4.0,2279,4362,1973,325800.0,2026-05-28,Withdrawn,,,15,0.0,2,No,No,2026-05-28,2026-08-27
DELETE,2026-08-27T00:00:00,2026-08-27,PT0252533,LST0252533,AG00966,LOC0179,Townhouse,4,1.0,2432,2130,1989,828500.0,2024-08-23,Withdrawn,,,15,91.0,2,No,No,2024-08-23,2026-08-27
DELETE,2026-08-27T00:00:00,2026-08-27,PT0504223,LST0504223,AG01062,LOC0146,Land,0,0.0,6439,3905,2011,673800.0,2026-07-04,Withdrawn,,,0,0.0,0,No,No,2026-07-04,2026-08-27
DELETE,2026-08-27T00:00:00,2026-08-27,PT0349210,LST0349210,AG01001,LOC0221,Single Family,1,3.5,2045,13186,1992,440600.0,2026-01-25,Withdrawn,,,124,0.0,2,No,No,2026-01-25,2026-08-27
DELETE,2026-08-27T00:00:00,2026-08-27,PT0398958,LST0398958,AG00101,LOC0025,Condo,4,1.5,1703,3359,1937,496400.0,2023-08-02,Withdrawn,,,108,327.0,3,No,No,2023-08-02,2026-08-27
DELETE,2026-08-27T00:00:00,2026-08-27,PT0068482,LST0068482,AG02764,LOC0070,Townhouse,3,3.5,1332,14059,1912,333800.0,2024-01-18,Withdrawn,,,151,752.0,1,No,No,2024-01-18,2026-08-27
DELETE,2026-08-27T00:00:00,2026-08-27,PT0433637,LST0433637,AG02163,LOC0142,Single Family,4,1.5,2170,1000,2001,551500.0,2023-02-16,Withdrawn,,,20,0.0,0,No,Yes,2023-02-16,2026-08-27
DELETE,2026-08-27T00:00:00,2026-08-27,PT0192017,LST0192017,AG02843,LOC0208,Condo,6,3.5,1677,5877,1921,499900.0,2023-03-17,Withdrawn,,,75,789.0,0,No,No,2023-03-17,2026-08-27
DELETE,2026-08-27T00:00:00,2026-08-27,PT0532999,LST0532999,AG02777,LOC0154,Single Family,3,3.5,1258,1792,2000,344600.0,2026-07-29,Withdrawn,,,0,0.0,1,No,No,2026-07-29,2026-08-27
DELETE,2026-08-27T00:00:00,2026-08-27,PT0458801,LST0458801,AG02231,LOC0095,Apartment,5,3.5,1736,0,1947,597400.0,2024-05-12,Withdrawn,,,160,290.0,3,No,No,2024-05-12,2026-08-27
DELETE,2026-08-27T00:00:00,2026-08-27,PT0442895,LST0442895,AG02816,LOC0082,Condo,3,2.5,2663,24647,2015,237900.0,2024-04-17,Withdrawn,,,70,234.0,2,Yes,No,2024-04-17,2026-08-27
DELETE,2026-08-27T00:00:00,2026-08-27,PT0181676,LST0181676,AG01046,LOC0008,Townhouse,6,4.5,2802,5534,1943,497800.0,2023-09-29,Withdrawn,,,39,262.0,2,No,No,2023-09-29,2026-08-27
DELETE,2026-08-27T00:00:00,2026-08-27,PT0463157,LST0463157,AG01026,LOC0011,Single Family,5,4.5,3527,1654,1988,1444700.0,2023-01-17,Withdrawn,,,99,0.0,2,No,No,2023-01-17,2026-08-27
DELETE,2026-08-27T00:00:00,2026-08-27,PT0557651,LST0557651,AG01398,LOC0114,Townhouse,4,3.5,495,7423,2002,84500.0,2026-08-20,Withdrawn,,,0,75.81,3,Yes,No,2026-08-20,2026-08-27
DELETE,2026-08-27T00:00:00,2026-08-27,PT0307467,LST0307467,AG02228,LOC0079,Condo,6,4.0,1527,4750,1908,594100.0,2024-10-17,Withdrawn,,,160,506.0,2,No,No,2024-10-17,2026-08-27
DELETE,2026-08-27T00:00:00,2026-08-27,PT0561240,LST0561240,AG01820,LOC0210,Single Family,3,4.0,395,1870,1912,127800.0,2026-08-23,Withdrawn,,,0,0.0,3,No,No,2026-08-23,2026-08-27
DELETE,2026-08-27T00:00:00,2026-08-27,PT0561392,LST0561392,AG01175,LOC0243,Single Family,5,2.5,1588,3581,1901,880700.0,2026-08-23,Withdrawn,,,0,0.0,3,Yes,No,2026-08-23,2026-08-27
DELETE,2026-08-27T00:00:00,2026-08-27,PT0123246,LST0123246,AG00015,LOC0181,Apartment,4,1.5,2314,0,2012,486200.0,2023-04-29,Withdrawn,,,52,679.0,2,No,No,2023-04-29,2026-08-27
DELETE,2026-08-27T00:00:00,2026-08-27,PT0528910,LST0528910,AG02985,LOC0220,Single Family,4,3.0,1962,2560,1995,1112300.0,2026-07-25,Withdrawn,,,0,0.0,1,No,No,2026-07-25,2026-08-27
DELETE,2026-08-27T00:00:00,2026-08-27,PT0217724,LST0217724,AG00685,LOC0176,Single Family,4,2.5,2202,13721,2013,653700.0,2024-11-19,Withdrawn,,,84,0.0,3,No,Yes,2024-11-19,2026-08-27
DELETE,2026-08-27T00:00:00,2026-08-27,PT0515247,LST0515247,AG01283,LOC0021,Single Family,1,3.0,2291,1852,1928,127700.0,2026-07-13,Withdrawn,,,0,0.0,1,Yes,Yes,2026-07-13,2026-08-27
DELETE,2026-08-27T00:00:00,2026-08-27,PT0544553,LST0544553,AG01884,LOC0249,Condo,5,3.0,1677,1256,1955,600100.0,2026-08-08,Withdrawn,,,0,76.05,1,No,No,2026-08-08,2026-08-27
DELETE,2026-08-27T00:00:00,2026-08-27,PT0521534,LST0521534,AG02384,LOC0080,Condo,3,1.5,1569,7223,2015,360100.0,2026-07-19,Withdrawn,,,0,414.26,3,No,No,2026-07-19,2026-08-27
DELETE,2026-08-27T00:00:00,2026-08-27,PT0487253,LST0487253,AG01433,LOC0046,Townhouse,2,2.5,1953,4358,1926,477500.0,2024-04-23,Withdrawn,,,20,429.0,2,No,No,2024-04-23,2026-08-27
DELETE,2026-08-27T00:00:00,2026-08-27,PT0164919,LST0164919,AG00899,LOC0207,Apartment,3,3.0,1744,0,2019,169900.0,2025-05-09,Withdrawn,,,111,209.0,3,No,No,2025-05-09,2026-08-27
DELETE,2026-08-27T00:00:00,2026-08-27,PT0505156,LST0505156,AG00742,LOC0019,Apartment,6,3.0,1042,0,1947,121600.0,2026-07-05,Withdrawn,,,0,84.45,1,No,No,2026-07-05,2026-08-27
DELETE,2026-08-27T00:00:00,2026-08-27,PT0398908,LST0398908,AG01160,LOC0242,Condo,2,1.0,1349,5473,1949,227200.0,2025-07-26,Withdrawn,,,76,217.0,2,No,No,2025-07-26,2026-08-27
DELETE,2026-08-27T00:00:00,2026-08-27,PT0330490,LST0330490,AG01887,LOC0082,Apartment,4,3.0,944,0,1951,169300.0,2023-08-11,Withdrawn,,,29,378.0,0,No,No,2023-08-11,2026-08-27
DELETE,2026-08-27T00:00:00,2026-08-27,PT0129223,LST0129223,AG02124,LOC0156,Townhouse,5,3.5,2732,2314,1943,603400.0,2023-05-27,Withdrawn,,,103,228.0,1,No,No,2023-05-27,2026-08-27
DELETE,2026-08-27T00:00:00,2026-08-27,PT0222258,LST0222258,AG02467,LOC0221,Condo,1,4.5,2104,2307,2003,702100.0,2025-05-25,Withdrawn,,,39,695.0,3,No,No,2025-05-25,2026-08-27
DELETE,2026-08-27T00:00:00,2026-08-27,PT0173197,LST0173197,AG00155,LOC0061,Single Family,2,4.5,838,3306,1928,45500.0,2023-09-12,Withdrawn,,,39,0.0,2,No,No,2023-09-12,2026-08-27
DELETE,2026-08-27T00:00:00,2026-08-27,PT0242710,LST0242710,AG01585,LOC0013,Condo,3,2.5,1440,6497,1978,436500.0,2023-07-31,Withdrawn,,,40,583.0,0,No,No,2023-07-31,2026-08-27
DELETE,2026-08-27T00:00:00,2026-08-27,PT0559640,LST0559640,AG01571,LOC0244,Townhouse,4,3.5,2235,1278,1960,159300.0,2026-08-22,Withdrawn,,,0,764.82,1,No,No,2026-08-22,2026-08-27
DELETE,2026-08-27T00:00:00,2026-08-27,PT0194129,LST0194129,AG00225,LOC0224,Condo,6,3.5,1802,9455,1987,714600.0,2025-01-30,Withdrawn,,,31,182.0,1,No,No,2025-01-30,2026-08-27
DELETE,2026-08-27T00:00:00,2026-08-27,PT0398513,LST0398513,AG00320,LOC0148,Condo,2,3.0,2754,12473,2001,750800.0,2023-11-17,Withdrawn,,,19,65.0,2,No,No,2023-11-17,2026-08-27
DELETE,2026-08-27T00:00:00,2026-08-27,PT0547139,LST0547139,AG00464,LOC0011,Condo,6,3.5,1166,4881,1983,583300.0,2026-08-10,Withdrawn,,,0,719.84,0,No,No,2026-08-10,2026-08-27
DELETE,2026-08-27T00:00:00,2026-08-27,PT0279633,LST0279633,AG02115,LOC0243,Single Family,2,3.0,2611,9182,1977,502100.0,2024-06-20,Withdrawn,,,17,0.0,1,No,No,2024-06-20,2026-08-27
DELETE,2026-08-27T00:00:00,2026-08-27,PT0466991,LST0466991,AG00886,LOC0222,Apartment,5,4.5,566,0,2002,121600.0,2023-05-20,Withdrawn,,,115,239.0,0,Yes,No,2023-05-20,2026-08-27
DELETE,2026-08-27T00:00:00,2026-08-27,PT0090442,LST0090442,AG02400,LOC0037,Land,0,0.0,5305,1522,1922,1415200.0,2024-03-21,Withdrawn,,,27,0.0,0,No,No,2024-03-21,2026-08-27
DELETE,2026-08-27T00:00:00,2026-08-27,PT0495436,LST0495436,AG02731,LOC0174,Multi-Family,3,3.0,540,4207,1981,211400.0,2026-06-03,Withdrawn,,,10,0.0,2,Yes,Yes,2026-06-03,2026-08-27
DELETE,2026-08-27T00:00:00,2026-08-27,PT0155736,LST0155736,AG02729,LOC0083,Condo,3,1.5,2596,4466,2014,452300.0,2025-02-12,Withdrawn,,,108,258.0,1,No,No,2025-02-12,2026-08-27
DELETE,2026-08-27T00:00:00,2026-08-27,PT0437591,LST0437591,AG01036,LOC0098,Condo,4,4.5,300,3256,1914,96100.0,2025-10-23,Withdrawn,,,136,154.0,3,No,No,2025-10-23,2026-08-27
DELETE,2026-08-27T00:00:00,2026-08-27,PT0166345,LST0166345,AG00690,LOC0147,Single Family,2,2.0,1443,2899,1920,195200.0,2023-11-03,Withdrawn,,,139,0.0,3,Yes,Yes,2023-11-03,2026-08-27
DELETE,2026-08-27T00:00:00,2026-08-27,PT0371608,LST0371608,AG00787,LOC0019,Condo,1,4.5,717,1773,1999,137700.0,2024-11-19,Withdrawn,,,39,344.0,3,No,No,2024-11-19,2026-08-27
DELETE,2026-08-27T00:00:00,2026-08-27,PT0213697,LST0213697,AG01786,LOC0191,Land,0,0.0,8216,3732,1986,3624100.0,2025-01-29,Withdrawn,,,116,0.0,0,No,No,2025-01-29,2026-08-27
DELETE,2026-08-27T00:00:00,2026-08-27,PT0449468,LST0449468,AG02475,LOC0171,Townhouse,1,3.0,1401,4659,1916,415500.0,2023-12-09,Withdrawn,,,4,386.0,0,No,No,2023-12-09,2026-08-27
DELETE,2026-08-27T00:00:00,2026-08-27,PT0164509,LST0164509,AG01014,LOC0171,Single Family,5,3.0,2008,2672,1947,785700.0,2024-02-03,Withdrawn,,,106,0.0,1,No,Yes,2024-02-03,2026-08-27
DELETE,2026-08-27T00:00:00,2026-08-27,PT0519808,LST0519808,AG00160,LOC0098,Single Family,1,4.5,472,6520,1949,123300.0,2026-07-17,Withdrawn,,,0,0.0,1,No,Yes,2026-07-17,2026-08-27
DELETE,2026-08-27T00:00:00,2026-08-27,PT0115376,LST0115376,AG00050,LOC0130,Single Family,3,1.0,1370,3788,1960,193200.0,2024-06-22,Withdrawn,,,78,0.0,0,No,No,2024-06-22,2026-08-27
DELETE,2026-08-27T00:00:00,2026-08-27,PT0558594,LST0558594,AG00249,LOC0090,Multi-Family,4,2.5,540,6405,2017,136700.0,2026-08-21,Withdrawn,,,0,0.0,0,No,No,2026-08-21,2026-08-27
DELETE,2026-08-27T00:00:00,2026-08-27,PT0145250,LST0145250,AG00607,LOC0056,Condo,5,4.5,783,5226,1964,541200.0,2026-04-21,Withdrawn,,,1,792.0,1,No,No,2026-04-21,2026-08-27
DELETE,2026-08-27T00:00:00,2026-08-27,PT0558181,LST0558181,AG02928,LOC0027,Single Family,6,4.0,2269,1548,1985,1062900.0,2026-08-21,Withdrawn,,,0,0.0,3,No,No,2026-08-21,2026-08-27
DELETE,2026-08-27T00:00:00,2026-08-27,PT0564207,LST0564207,AG02465,LOC0175,Land,0,0.0,900,7290,1904,277500.0,2026-08-25,Withdrawn,,,0,0.0,0,No,No,2026-08-25,2026-08-27
DELETE,2026-08-27T00:00:00,2026-08-27,PT0521322,LST0521322,AG00195,LOC0114,Condo,5,2.0,2322,7283,1967,497000.0,2026-07-19,Withdrawn,,,0,496.18,2,No,No,2026-07-19,2026-08-27
DELETE,2026-08-27T00:00:00,2026-08-27,PT0522359,LST0522359,AG02320,LOC0046,Multi-Family,2,1.0,1514,1562,1996,345700.0,2026-07-20,Withdrawn,,,0,0.0,0,No,Yes,2026-07-20,2026-08-27
DELETE,2026-08-27T00:00:00,2026-08-27,PT0028362,LST0028362,AG00611,LOC0023,Condo,2,3.5,1063,10685,1963,176700.0,2024-10-24,Withdrawn,,,175,420.0,3,Yes,No,2024-10-24,2026-08-27
DELETE,2026-08-27T00:00:00,2026-08-27,PT0564700,LST0564700,AG00939,LOC0100,Single Family,5,3.0,1443,3481,2014,281400.0,2026-08-26,Withdrawn,,,0,0.0,2,No,No,2026-08-26,2026-08-27
DELETE,2026-08-27T00:00:00,2026-08-27,PT0494618,LST0494618,AG02997,LOC0203,Apartment,1,1.0,567,0,1975,89800.0,2025-01-20,Withdrawn,,,159,368.0,2,No,No,2025-01-20,2026-08-27
DELETE,2026-08-27T00:00:00,2026-08-27,PT0054806,LST0054806,AG00061,LOC0001,Condo,2,3.0,1685,8256,1925,411000.0,2023-02-02,Withdrawn,,,49,456.0,2,No,No,2023-02-02,2026-08-27
DELETE,2026-08-27T00:00:00,2026-08-27,PT0311542,LST0311542,AG01883,LOC0042,Single Family,1,3.5,2554,6481,1964,525700.0,2023-12-02,Withdrawn,,,117,0.0,0,No,No,2023-12-02,2026-08-27
DELETE,2026-08-27T00:00:00,2026-08-27,PT0564941,LST0564941,AG00775,LOC0112,Single Family,4,3.5,1381,4581,1939,212100.0,2026-08-26,Withdrawn,,,0,0.0,3,No,No,2026-08-26,2026-08-27
DELETE,2026-08-27T00:00:00,2026-08-27,PT0206010,LST0206010,AG02436,LOC0239,Single Family,1,4.0,2052,5562,1998,568700.0,2023-08-04,Withdrawn,,,11,0.0,0,No,No,2023-08-04,2026-08-27
DELETE,2026-08-27T00:00:00,2026-08-27,PT0454041,LST0454041,AG00972,LOC0142,Single Family,4,3.0,487,8755,2002,213300.0,2026-01-15,Withdrawn,,,80,0.0,3,No,No,2026-01-15,2026-08-27
DELETE,2026-08-27T00:00:00,2026-08-27,PT0548126,LST0548126,AG01857,LOC0009,Single Family,5,4.0,999,4881,1946,256600.0,2026-08-11,Withdrawn,,,0,0.0,3,No,Yes,2026-08-11,2026-08-27
DELETE,2026-08-27T00:00:00,2026-08-27,PT0557858,LST0557858,AG01246,LOC0144,Condo,6,2.5,1212,4305,1943,196800.0,2026-08-20,Withdrawn,,,0,506.01,2,No,No,2026-08-20,2026-08-27
DELETE,2026-08-27T00:00:00,2026-08-27,PT0070482,LST0070482,AG01311,LOC0195,Single Family,6,1.0,2146,2309,1993,421600.0,2023-12-01,Withdrawn,,,54,0.0,1,Yes,No,2023-12-01,2026-08-27
DELETE,2026-08-27T00:00:00,2026-08-27,PT0390690,LST0390690,AG00001,LOC0160,Single Family,5,3.0,2087,9094,1972,399900.0,2023-12-04,Withdrawn,,,162,0.0,3,No,No,2023-12-04,2026-08-27
DELETE,2026-08-27T00:00:00,2026-08-27,PT0394609,LST0394609,AG00062,LOC0063,Townhouse,5,1.5,1642,1230,1946,1032200.0,2025-12-09,Withdrawn,,,104,690.0,3,No,No,2025-12-09,2026-08-27
DELETE,2026-08-27T00:00:00,2026-08-27,PT0303051,LST0303051,AG02632,LOC0101,Apartment,3,2.5,1120,0,1992,298600.0,2024-03-15,Withdrawn,,,122,80.0,2,No,No,2024-03-15,2026-08-27
DELETE,2026-08-27T00:00:00,2026-08-27,PT0149929,LST0149929,AG02174,LOC0134,Condo,6,3.0,1342,7294,1938,731000.0,2025-06-03,Withdrawn,,,132,390.0,3,No,No,2025-06-03,2026-08-27
DELETE,2026-08-27T00:00:00,2026-08-27,PT0266967,LST0266967,AG02648,LOC0141,Single Family,4,4.0,1465,4657,2015,467200.0,2024-07-17,Withdrawn,,,170,0.0,2,Yes,No,2024-07-17,2026-08-27
DELETE,2026-08-27T00:00:00,2026-08-27,PT0545152,LST0545152,AG01333,LOC0016,Single Family,2,2.5,2393,5970,1932,485700.0,2026-08-08,Withdrawn,,,0,0.0,1,No,Yes,2026-08-08,2026-08-27
DELETE,2026-08-27T00:00:00,2026-08-27,PT0549745,LST0549745,AG00503,LOC0148,Townhouse,1,2.5,2878,6909,2003,740900.0,2026-08-13,Withdrawn,,,0,345.67,3,No,No,2026-08-13,2026-08-27
DELETE,2026-08-27T00:00:00,2026-08-27,PT0532596,LST0532596,AG00420,LOC0222,Single Family,3,3.5,2726,9683,1903,494600.0,2026-07-29,Withdrawn,,,0,0.0,1,No,No,2026-07-29,2026-08-27
DELETE,2026-08-27T00:00:00,2026-08-27,PT0522801,LST0522801,AG02460,LOC0071,Single Family,2,1.5,2284,11225,1930,498600.0,2026-07-20,Withdrawn,,,0,0.0,2,No,No,2026-07-20,2026-08-27
DELETE,2026-08-27T00:00:00,2026-08-27,PT0113699,LST0113699,AG01288,LOC0195,Single Family,1,2.5,2032,10314,1948,489300.0,2026-02-26,Withdrawn,,,96,0.0,1,Yes,Yes,2026-02-26,2026-08-27
DELETE,2026-08-27T00:00:00,2026-08-27,PT0384829,LST0384829,AG00645,LOC0192,Townhouse,1,2.0,1926,2310,1999,847500.0,2024-04-30,Withdrawn,,,108,630.0,2,No,No,2024-04-30,2026-08-27
DELETE,2026-08-27T00:00:00,2026-08-27,PT0565503,LST0565503,AG02207,LOC0014,Single Family,2,2.0,2003,1270,1952,549000.0,2026-08-27,Withdrawn,,,0,0.0,1,No,No,2026-08-27,2026-08-27
DELETE,2026-08-27T00:00:00,2026-08-27,PT0363704,LST0363704,AG02540,LOC0133,Land,0,0.0,4770,5301,1906,904500.0,2024-04-08,Withdrawn,,,48,0.0,0,No,No,2024-04-08,2026-08-27
DELETE,2026-08-27T00:00:00,2026-08-27,PT0022985,LST0022985,AG00699,LOC0075,Townhouse,6,2.0,2163,8436,2010,484700.0,2025-07-01,Withdrawn,,,97,719.0,0,Yes,No,2025-07-01,2026-08-27
DELETE,2026-08-27T00:00:00,2026-08-27,PT0518155,LST0518155,AG01858,LOC0082,Condo,2,2.0,1794,15599,1997,246000.0,2026-07-16,Withdrawn,,,0,367.39,3,No,No,2026-07-16,2026-08-27
DELETE,2026-08-27T00:00:00,2026-08-27,PT0442359,LST0442359,AG01028,LOC0172,Single Family,2,3.0,1626,2320,2017,365000.0,2026-01-17,Withdrawn,,,103,0.0,2,No,No,2026-01-17,2026-08-27
DELETE,2026-08-27T00:00:00,2026-08-27,PT0382395,LST0382395,AG02629,LOC0207,Multi-Family,1,4.5,4416,14431,2022,868300.0,2025-09-17,Withdrawn,,,143,0.0,0,No,No,2025-09-17,2026-08-27
DELETE,2026-08-27T00:00:00,2026-08-27,PT0238175,LST0238175,AG01342,LOC0214,Apartment,3,4.5,573,0,1951,36300.0,2024-07-04,Withdrawn,,,81,618.0,0,No,No,2024-07-04,2026-08-27
DELETE,2026-08-27T00:00:00,2026-08-27,PT0264222,LST0264222,AG02976,LOC0229,Single Family,5,2.0,2102,2000,1975,301500.0,2024-04-09,Withdrawn,,,65,0.0,1,No,No,2024-04-09,2026-08-27
DELETE,2026-08-27T00:00:00,2026-08-27,PT0290529,LST0290529,AG02496,LOC0134,Single Family,2,1.0,1687,2090,2016,515400.0,2023-11-28,Withdrawn,,,21,0.0,0,No,No,2023-11-28,2026-08-27
DELETE,2026-08-27T00:00:00,2026-08-27,PT0152248,LST0152248,AG00465,LOC0176,Single Family,3,4.0,300,1352,1961,137900.0,2023-01-07,Withdrawn,,,113,0.0,2,Yes,Yes,2023-01-07,2026-08-27
DELETE,2026-08-27T00:00:00,2026-08-27,PT0517696,LST0517696,AG00546,LOC0061,Townhouse,3,1.0,1503,3571,2003,224400.0,2026-07-15,Withdrawn,,,0,721.7,1,No,No,2026-07-15,2026-08-27
DELETE,2026-08-27T00:00:00,2026-08-27,PT0277518,LST0277518,AG01069,LOC0148,Single Family,5,1.5,961,9786,1949,246500.0,2023-06-01,Withdrawn,,,172,0.0,0,No,No,2023-06-01,2026-08-27
DELETE,2026-08-27T00:00:00,2026-08-27,PT0389306,LST0389306,AG00006,LOC0109,Single Family,3,3.0,1227,2495,1937,312700.0,2026-03-30,Withdrawn,,,176,0.0,2,Yes,No,2026-03-30,2026-08-27
DELETE,2026-08-27T00:00:00,2026-08-27,PT0367084,LST0367084,AG00982,LOC0232,Single Family,1,2.0,1564,1565,1929,365600.0,2024-07-14,Withdrawn,,,83,0.0,3,No,No,2024-07-14,2026-08-27
DELETE,2026-08-27T00:00:00,2026-08-27,PT0115942,LST0115942,AG02472,LOC0124,Single Family,1,4.5,3308,3960,1969,1039700.0,2026-04-15,Withdrawn,,,120,0.0,0,No,No,2026-04-15,2026-08-27
DELETE,2026-08-27T00:00:00,2026-08-27,PT0545357,LST0545357,AG01928,LOC0005,Single Family,6,1.0,1770,3582,1964,740200.0,2026-08-09,Withdrawn,,,0,0.0,0,Yes,Yes,2026-08-09,2026-08-27
DELETE,2026-08-27T00:00:00,2026-08-27,PT0553585,LST0553585,AG00381,LOC0210,Single Family,6,1.5,1882,1260,1968,579500.0,2026-08-16,Withdrawn,,,0,0.0,0,No,Yes,2026-08-16,2026-08-27
DELETE,2026-08-27T00:00:00,2026-08-27,PT0336056,LST0336056,AG01455,LOC0161,Land,0,0.0,6660,3196,1951,1621000.0,2025-11-15,Withdrawn,,,94,0.0,0,No,No,2025-11-15,2026-08-27
DELETE,2026-08-27T00:00:00,2026-08-27,PT0009914,LST0009914,AG00148,LOC0055,Townhouse,2,2.5,1408,1120,1933,352500.0,2023-09-20,Withdrawn,,,157,667.0,0,No,No,2023-09-20,2026-08-27
DELETE,2026-08-27T00:00:00,2026-08-27,PT0199800,LST0199800,AG00457,LOC0184,Single Family,4,1.0,1365,13852,1989,388900.0,2025-01-26,Withdrawn,,,28,0.0,2,No,Yes,2025-01-26,2026-08-27
DELETE,2026-08-27T00:00:00,2026-08-27,PT0538744,LST0538744,AG01080,LOC0097,Single Family,5,4.5,481,4055,1956,118900.0,2026-08-03,Withdrawn,,,0,0.0,3,Yes,Yes,2026-08-03,2026-08-27
DELETE,2026-08-27T00:00:00,2026-08-27,PT0203658,LST0203658,AG02617,LOC0247,Single Family,1,3.5,1008,4185,1975,208700.0,2023-11-17,Withdrawn,,,30,0.0,2,No,Yes,2023-11-17,2026-08-27
DELETE,2026-08-27T00:00:00,2026-08-27,PT0231658,LST0231658,AG02048,LOC0129,Townhouse,2,1.0,557,2068,1977,153100.0,2025-02-27,Withdrawn,,,92,643.0,0,No,No,2025-02-27,2026-08-27
DELETE,2026-08-27T00:00:00,2026-08-27,PT0564668,LST0564668,AG02916,LOC0171,Apartment,5,4.5,2171,0,1981,698600.0,2026-08-26,Withdrawn,,,0,263.1,1,No,No,2026-08-26,2026-08-27
DELETE,2026-08-27T00:00:00,2026-08-27,PT0541441,LST0541441,AG01299,LOC0116,Single Family,5,1.5,1801,7565,2006,318100.0,2026-08-05,Withdrawn,,,0,0.0,1,No,No,2026-08-05,2026-08-27
DELETE,2026-08-27T00:00:00,2026-08-27,PT0533266,LST0533266,AG02781,LOC0130,Condo,3,3.0,722,2418,2024,89600.0,2026-07-29,Withdrawn,,,0,206.45,1,No,No,2026-07-29,2026-08-27
DELETE,2026-08-27T00:00:00,2026-08-27,PT0405659,LST0405659,AG01820,LOC0052,Single Family,5,1.5,3166,1483,1917,683900.0,2025-09-28,Withdrawn,,,31,0.0,2,No,No,2025-09-28,2026-08-27
DELETE,2026-08-27T00:00:00,2026-08-27,PT0342327,LST0342327,AG01989,LOC0239,Single Family,5,2.5,1847,8085,2016,539800.0,2024-02-06,Withdrawn,,,75,0.0,3,No,No,2024-02-06,2026-08-27
DELETE,2026-08-27T00:00:00,2026-08-27,PT0535542,LST0535542,AG01082,LOC0203,Single Family,5,1.5,3437,1557,1988,407200.0,2026-07-31,Withdrawn,,,0,0.0,1,No,Yes,2026-07-31,2026-08-27
DELETE,2026-08-27T00:00:00,2026-08-27,PT0367949,LST0367949,AG01303,LOC0103,Single Family,3,3.0,2117,1122,2001,495300.0,2023-08-09,Withdrawn,,,85,0.0,1,Yes,Yes,2023-08-09,2026-08-27
DELETE,2026-08-27T00:00:00,2026-08-27,PT0480011,LST0480011,AG02373,LOC0052,Condo,2,3.0,2106,4428,1985,286100.0,2023-12-18,Withdrawn,,,32,518.0,0,No,No,2023-12-18,2026-08-27
DELETE,2026-08-27T00:00:00,2026-08-27,PT0144327,LST0144327,AG02331,LOC0100,Condo,5,2.5,1001,6846,1958,107300.0,2025-10-28,Withdrawn,,,67,450.0,0,No,No,2025-10-28,2026-08-27
DELETE,2026-08-27T00:00:00,2026-08-27,PT0565730,LST0565730,AG01744,LOC0086,Multi-Family,5,3.0,1610,1665,1934,132100.0,2026-08-27,Withdrawn,,,0,0.0,1,No,Yes,2026-08-27,2026-08-27
DELETE,2026-08-27T00:00:00,2026-08-27,PT0017531,LST0017531,AG02023,LOC0034,Apartment,1,3.5,1268,0,1908,593700.0,2023-11-09,Withdrawn,,,122,145.0,1,No,No,2023-11-09,2026-08-27
DELETE,2026-08-27T00:00:00,2026-08-27,PT0563798,LST0563798,AG00932,LOC0241,Single Family,6,2.5,2194,3051,2010,264200.0,2026-08-25,Withdrawn,,,0,0.0,3,No,No,2026-08-25,2026-08-27
DELETE,2026-08-27T00:00:00,2026-08-27,PT0557343,LST0557343,AG02666,LOC0110,Single Family,2,2.5,1556,7194,1981,457600.0,2026-08-20,Withdrawn,,,0,0.0,2,No,Yes,2026-08-20,2026-08-27
DELETE,2026-08-27T00:00:00,2026-08-27,PT0271864,LST0271864,AG02009,LOC0061,Single Family,2,2.5,788,2224,1919,97100.0,2024-10-03,Withdrawn,,,38,0.0,0,No,Yes,2024-10-03,2026-08-27
DELETE,2026-08-27T00:00:00,2026-08-27,PT0356996,LST0356996,AG01681,LOC0121,Single Family,2,4.5,1538,4637,1901,494400.0,2025-01-19,Withdrawn,,,73,0.0,2,No,No,2025-01-19,2026-08-27
DELETE,2026-08-27T00:00:00,2026-08-27,PT0027075,LST0027075,AG00318,LOC0066,Apartment,2,4.0,545,0,1944,142200.0,2023-06-19,Withdrawn,,,36,557.0,3,Yes,No,2023-06-19,2026-08-27
DELETE,2026-08-27T00:00:00,2026-08-27,PT0487720,LST0487720,AG01103,LOC0099,Apartment,1,3.5,1330,0,1933,732000.0,2024-01-26,Withdrawn,,,138,187.0,2,No,No,2024-01-26,2026-08-27
DELETE,2026-08-27T00:00:00,2026-08-27,PT0035465,LST0035465,AG02810,LOC0026,Townhouse,1,3.5,2013,6077,2008,354500.0,2026-01-21,Withdrawn,,,121,638.0,3,No,No,2026-01-21,2026-08-27
DELETE,2026-08-27T00:00:00,2026-08-27,PT0423655,LST0423655,AG00738,LOC0040,Single Family,5,1.0,1682,2175,1993,632700.0,2024-07-09,Withdrawn,,,24,0.0,0,Yes,No,2024-07-09,2026-08-27
DELETE,2026-08-27T00:00:00,2026-08-27,PT0546306,LST0546306,AG00168,LOC0091,Single Family,6,1.5,4032,4110,1986,1075800.0,2026-08-09,Withdrawn,,,0,0.0,2,No,No,2026-08-09,2026-08-27
DELETE,2026-08-27T00:00:00,2026-08-27,PT0335476,LST0335476,AG01414,LOC0188,Townhouse,6,2.0,2365,7788,1996,410700.0,2023-05-29,Withdrawn,,,152,672.0,1,No,No,2023-05-29,2026-08-27
DELETE,2026-08-27T00:00:00,2026-08-27,PT0248649,LST0248649,AG01873,LOC0087,Single Family,5,3.0,2119,8502,2017,897700.0,2025-12-28,Withdrawn,,,79,0.0,1,No,Yes,2025-12-28,2026-08-27
DELETE,2026-08-27T00:00:00,2026-08-27,PT0226656,LST0226656,AG00383,LOC0118,Apartment,2,4.0,1223,0,1905,105200.0,2024-06-16,Withdrawn,,,125,230.0,3,No,No,2024-06-16,2026-08-27
DELETE,2026-08-27T00:00:00,2026-08-27,PT0520809,LST0520809,AG00994,LOC0134,Single Family,3,3.0,1742,1219,1926,1067400.0,2026-07-19,Withdrawn,,,0,0.0,0,Yes,Yes,2026-07-19,2026-08-27
DELETE,2026-08-27T00:00:00,2026-08-27,PT0250756,LST0250756,AG00444,LOC0119,Townhouse,1,2.0,649,2864,1971,259800.0,2024-02-29,Withdrawn,,,136,412.0,3,No,No,2024-02-29,2026-08-27
DELETE,2026-08-27T00:00:00,2026-08-27,PT0062229,LST0062229,AG01119,LOC0132,Multi-Family,4,2.0,4765,3522,1910,1028700.0,2026-02-01,Withdrawn,,,13,0.0,0,No,Yes,2026-02-01,2026-08-27
DELETE,2026-08-27T00:00:00,2026-08-27,PT0353042,LST0353042,AG01264,LOC0244,Single Family,3,4.0,2171,1581,1989,351800.0,2026-06-28,Withdrawn,,,39,0.0,0,No,No,2026-06-28,2026-08-27
DELETE,2026-08-27T00:00:00,2026-08-27,PT0195942,LST0195942,AG02479,LOC0132,Single Family,1,2.5,1348,6441,1967,392800.0,2024-11-14,Withdrawn,,,63,0.0,1,No,Yes,2024-11-14,2026-08-27
DELETE,2026-08-27T00:00:00,2026-08-27,PT0363457,LST0363457,AG00124,LOC0131,Single Family,2,4.0,1435,1552,1937,412800.0,2024-06-27,Withdrawn,,,137,0.0,3,No,No,2024-06-27,2026-08-27
DELETE,2026-08-27T00:00:00,2026-08-27,PT0020673,LST0020673,AG00431,LOC0117,Townhouse,2,4.0,1984,2748,1985,843400.0,2026-06-24,Withdrawn,,,58,720.0,3,No,No,2026-06-24,2026-08-27
DELETE,2026-08-27T00:00:00,2026-08-27,PT0523664,LST0523664,AG02193,LOC0177,Single Family,2,4.0,3476,7420,1914,1384700.0,2026-07-21,Withdrawn,,,0,0.0,0,No,Yes,2026-07-21,2026-08-27
DELETE,2026-08-27T00:00:00,2026-08-27,PT0012800,LST0012800,AG02913,LOC0051,Single Family,4,4.5,3607,8366,1970,220300.0,2024-11-28,Withdrawn,,,134,0.0,0,No,No,2024-11-28,2026-08-27
DELETE,2026-08-27T00:00:00,2026-08-27,PT0404211,LST0404211,AG02449,LOC0031,Single Family,6,4.0,1136,2983,1988,291000.0,2024-09-06,Withdrawn,,,55,0.0,0,No,No,2024-09-06,2026-08-27
DELETE,2026-08-27T00:00:00,2026-08-27,PT0177337,LST0177337,AG02543,LOC0083,Single Family,3,2.5,1416,4545,2009,228700.0,2023-10-05,Withdrawn,,,149,0.0,3,No,No,2023-10-05,2026-08-27
DELETE,2026-08-27T00:00:00,2026-08-27,PT0396978,LST0396978,AG02404,LOC0219,Apartment,4,2.0,717,0,1927,231100.0,2023-09-06,Withdrawn,,,95,522.0,3,No,No,2023-09-06,2026-08-27
DELETE,2026-08-27T00:00:00,2026-08-27,PT0080554,LST0080554,AG02806,LOC0092,Townhouse,4,4.0,824,6316,1903,149700.0,2024-12-11,Withdrawn,,,101,199.0,3,No,No,2024-12-11,2026-08-27
DELETE,2026-08-27T00:00:00,2026-08-27,PT0188601,LST0188601,AG00967,LOC0172,Single Family,3,1.5,3375,2998,1980,679600.0,2024-07-29,Withdrawn,,,1,0.0,2,No,Yes,2024-07-29,2026-08-27
DELETE,2026-08-27T00:00:00,2026-08-27,PT0015051,LST0015051,AG02446,LOC0048,Multi-Family,3,1.5,3748,1430,2013,1201600.0,2025-05-07,Withdrawn,,,14,0.0,3,No,Yes,2025-05-07,2026-08-27
DELETE,2026-08-27T00:00:00,2026-08-27,PT0520261,LST0520261,AG00760,LOC0019,Townhouse,4,2.0,1782,17189,1916,417500.0,2026-07-18,Withdrawn,,,0,604.09,0,No,No,2026-07-18,2026-08-27
DELETE,2026-08-27T00:00:00,2026-08-27,PT0556724,LST0556724,AG02617,LOC0241,Multi-Family,4,1.5,4785,1142,1939,792200.0,2026-08-20,Withdrawn,,,0,0.0,2,No,No,2026-08-20,2026-08-27
DELETE,2026-08-27T00:00:00,2026-08-27,PT0415908,LST0415908,AG00643,LOC0147,Condo,5,1.5,1290,12119,2015,114300.0,2024-10-02,Withdrawn,,,80,289.0,2,No,No,2024-10-02,2026-08-27
DELETE,2026-08-27T00:00:00,2026-08-27,PT0556272,LST0556272,AG02934,LOC0221,Single Family,6,2.0,2142,16172,2015,600500.0,2026-08-19,Withdrawn,,,0,0.0,3,No,Yes,2026-08-19,2026-08-27
DELETE,2026-08-27T00:00:00,2026-08-27,PT0182408,LST0182408,AG01923,LOC0112,Single Family,3,1.5,1484,4674,1939,235300.0,2025-12-16,Withdrawn,,,21,0.0,2,No,Yes,2025-12-16,2026-08-27
DELETE,2026-08-27T00:00:00,2026-08-27,PT0500873,LST0500873,AG02808,LOC0010,Condo,4,3.5,2256,3559,1972,866500.0,2026-07-01,Withdrawn,,,0,272.92,0,No,No,2026-07-01,2026-08-27
DELETE,2026-08-27T00:00:00,2026-08-27,PT0434276,LST0434276,AG01985,LOC0069,Condo,4,1.5,1008,4327,1941,298200.0,2023-02-13,Withdrawn,,,142,721.0,2,No,No,2023-02-13,2026-08-27
DELETE,2026-08-27T00:00:00,2026-08-27,PT0202480,LST0202480,AG00232,LOC0182,Single Family,3,4.0,726,4638,1913,294900.0,2023-04-15,Withdrawn,,,161,0.0,0,No,No,2023-04-15,2026-08-27
DELETE,2026-08-27T00:00:00,2026-08-27,PT0470061,LST0470061,AG01086,LOC0100,Single Family,1,2.0,1305,10075,2009,200300.0,2023-07-06,Withdrawn,,,61,0.0,2,Yes,No,2023-07-06,2026-08-27
DELETE,2026-08-27T00:00:00,2026-08-27,PT0305836,LST0305836,AG00073,LOC0234,Apartment,2,4.0,1812,0,1976,425300.0,2025-04-25,Withdrawn,,,178,399.0,2,No,No,2025-04-25,2026-08-27
DELETE,2026-08-27T00:00:00,2026-08-27,PT0183671,LST0183671,AG02662,LOC0116,Single Family,3,4.0,1384,3304,1943,454700.0,2026-06-11,Withdrawn,,,72,0.0,3,No,Yes,2026-06-11,2026-08-27
DELETE,2026-08-27T00:00:00,2026-08-27,PT0515135,LST0515135,AG01120,LOC0106,Condo,2,3.5,1651,9916,1919,759200.0,2026-07-13,Withdrawn,,,0,408.28,3,No,No,2026-07-13,2026-08-27
DELETE,2026-08-27T00:00:00,2026-08-27,PT0536349,LST0536349,AG01090,LOC0013,Condo,2,2.5,2507,13200,1938,799700.0,2026-08-01,Withdrawn,,,0,616.97,0,No,No,2026-08-01,2026-08-27
