operation_type,cdc_timestamp,batch_date,property_id,listing_id,agent_id,location_id,property_type,bedrooms,bathrooms,square_feet,lot_size_sqft,year_built,listing_price,list_date,status,sold_price,sold_date,days_on_market,hoa_fee,garage_spaces,has_pool,has_basement,created_at,updated_at
INSERT,2026-07-28T00:00:00,2026-07-28,PT0531102,LST0531102,AG00945,LOC0061,Multi-Family,3,2.0,3286,1161,1931,268300.0,2026-07-28,Active,,,0,0.0,1,No,Yes,2026-07-28,2026-07-28
INSERT,2026-07-28T00:00:00,2026-07-28,PT0531103,LST0531103,AG02670,LOC0137,Condo,4,2.5,1354,2036,1939,569800.0,2026-07-28,Active,,,0,65.13,3,No,No,2026-07-28,2026-07-28
INSERT,2026-07-28T00:00:00,2026-07-28,PT0531104,LST0531104,AG00060,LOC0101,Condo,5,3.5,983,1396,1917,106000.0,2026-07-28,Active,,,0,261.21,0,No,No,2026-07-28,2026-07-28
INSERT,2026-07-28T00:00:00,2026-07-28,PT0531105,LST0531105,AG02026,LOC0136,Condo,1,4.5,2316,4369,1956,702200.0,2026-07-28,Active,,,0,186.75,2,No,No,2026-07-28,2026-07-28
INSERT,2026-07-28T00:00:00,2026-07-28,PT0531106,LST0531106,AG01618,LOC0004,Single Family,6,3.5,2824,4581,2008,372400.0,2026-07-28,Active,,,0,0.0,3,No,No,2026-07-28,2026-07-28
INSERT,2026-07-28T00:00:00,2026-07-28,PT0531107,LST0531107,AG02735,LOC0004,Single Family,1,4.5,2346,5983,1926,170700.0,2026-07-28,Active,,,0,0.0,2,No,Yes,2026-07-28,2026-07-28
INSERT,2026-07-28T00:00:00,2026-07-28,PT0531108,LST0531108,AG02714,LOC0013,Multi-Family,1,4.5,4364,4486,1964,442400.0,2026-07-28,Active,,,0,0.0,3,No,Yes,2026-07-28,2026-07-28
INSERT,2026-07-28T00:00:00,2026-07-28,PT0531109,LST0531109,AG00094,LOC0088,Townhouse,6,4.0,2313,5784,1973,335700.0,2026-07-28,Active,,,0,601.92,0,No,No,2026-07-28,2026-07-28
INSERT,2026-07-28T00:00:00,2026-07-28,PT0531110,LST0531110,AG01582,LOC0006,Single Family,3,3.0,3104,3252,1932,293200.0,2026-07-28,Active,,,0,0.0,2,No,No,2026-07-28,2026-07-28
INSERT,2026-07-28T00:00:00,2026-07-28,PT0531111,LST0531111,AG02648,LOC0122,Single Family,1,4.5,2932,1611,2018,556800.0,2026-07-28,Active,,,0,0.0,2,No,No,2026-07-28,2026-07-28
INSERT,2026-07-28T00:00:00,2026-07-28,PT0531112,LST0531112,AG01967,LOC0045,Single Family,4,1.5,1496,13832,1995,435800.0,2026-07-28,Active,,,0,0.0,0,No,Yes,2026-07-28,2026-07-28
INSERT,2026-07-28T00:00:00,2026-07-28,PT0531113,LST0531113,AG00152,LOC0139,Multi-Family,6,1.5,2658,6394,1906,697000.0,2026-07-28,Active,,,0,0.0,1,Yes,No,2026-07-28,2026-07-28
INSERT,2026-07-28T00:00:00,2026-07-28,PT0531114,LST0531114,AG00986,LOC0019,Multi-Family,1,4.0,4553,4610,1970,303200.0,2026-07-28,Active,,,0,0.0,2,No,No,2026-07-28,2026-07-28
INSERT,2026-07-28T00:00:00,2026-07-28,PT0531115,LST0531115,AG00366,LOC0027,Townhouse,2,3.5,2876,1361,1970,539400.0,2026-07-28,Active,,,0,100.73,1,No,No,2026-07-28,2026-07-28
INSERT,2026-07-28T00:00:00,2026-07-28,PT0531116,LST0531116,AG01326,LOC0184,Townhouse,6,2.5,580,6227,2002,293100.0,2026-07-28,Active,,,0,323.95,1,No,No,2026-07-28,2026-07-28
INSERT,2026-07-28T00:00:00,2026-07-28,PT0531117,LST0531117,AG00946,LOC0199,Single Family,6,1.5,2063,2954,1931,486000.0,2026-07-28,Active,,,0,0.0,1,No,No,2026-07-28,2026-07-28
INSERT,2026-07-28T00:00:00,2026-07-28,PT0531118,LST0531118,AG01885,LOC0197,Condo,6,2.5,1818,12547,1995,983900.0,2026-07-28,Active,,,0,324.28,3,Yes,No,2026-07-28,2026-07-28
INSERT,2026-07-28T00:00:00,2026-07-28,PT0531119,LST0531119,AG02361,LOC0194,Townhouse,3,2.0,2393,2149,1910,940600.0,2026-07-28,Active,,,0,62.52,1,No,No,2026-07-28,2026-07-28
INSERT,2026-07-28T00:00:00,2026-07-28,PT0531120,LST0531120,AG02890,LOC0047,Condo,2,3.0,2624,2081,1950,876600.0,2026-07-28,Active,,,0,76.78,3,No,No,2026-07-28,2026-07-28
INSERT,2026-07-28T00:00:00,2026-07-28,PT0531121,LST0531121,AG02086,LOC0193,Single Family,1,1.5,2364,6377,1922,630900.0,2026-07-28,Active,,,0,0.0,1,No,Yes,2026-07-28,2026-07-28
INSERT,2026-07-28T00:00:00,2026-07-28,PT0531122,LST0531122,AG00231,LOC0068,Single Family,4,4.5,1991,18597,1925,656100.0,2026-07-28,Active,,,0,0.0,1,No,Yes,2026-07-28,2026-07-28
INSERT,2026-07-28T00:00:00,2026-07-28,PT0531123,LST0531123,AG02444,LOC0092,Land,0,0.0,4272,13768,1942,731000.0,2026-07-28,Active,,,0,0.0,0,No,No,2026-07-28,2026-07-28
INSERT,2026-07-28T00:00:00,2026-07-28,PT0531124,LST0531124,AG02584,LOC0129,Single Family,6,2.5,1088,19143,1985,374200.0,2026-07-28,Active,,,0,0.0,0,No,No,2026-07-28,2026-07-28
INSERT,2026-07-28T00:00:00,2026-07-28,PT0531125,LST0531125,AG00634,LOC0027,Condo,6,1.5,1851,5120,1965,508700.0,2026-07-28,Active,,,0,514.62,2,No,No,2026-07-28,2026-07-28
INSERT,2026-07-28T00:00:00,2026-07-28,PT0531126,LST0531126,AG01575,LOC0033,Single Family,2,4.0,2782,2763,2025,1146200.0,2026-07-28,Active,,,0,0.0,2,No,Yes,2026-07-28,2026-07-28
INSERT,2026-07-28T00:00:00,2026-07-28,PT0531127,LST0531127,AG02208,LOC0035,Condo,1,2.5,1027,4059,1950,303300.0,2026-07-28,Active,,,0,349.45,0,No,No,2026-07-28,2026-07-28
INSERT,2026-07-28T00:00:00,2026-07-28,PT0531128,LST0531128,AG02335,LOC0048,Condo,6,4.5,2254,4148,1977,541300.0,2026-07-28,Active,,,0,569.25,0,Yes,No,2026-07-28,2026-07-28
INSERT,2026-07-28T00:00:00,2026-07-28,PT0531129,LST0531129,AG00528,LOC0176,Townhouse,5,2.0,2086,1580,1943,412400.0,2026-07-28,Active,,,0,119.48,3,No,No,2026-07-28,2026-07-28
INSERT,2026-07-28T00:00:00,2026-07-28,PT0531130,LST0531130,AG02772,LOC0192,Single Family,6,3.5,943,6433,2010,242900.0,2026-07-28,Active,,,0,0.0,0,No,No,2026-07-28,2026-07-28
INSERT,2026-07-28T00:00:00,2026-07-28,PT0531131,LST0531131,AG01997,LOC0098,Condo,1,4.5,1373,24703,1902,473600.0,2026-07-28,Active,,,0,304.81,1,No,No,2026-07-28,2026-07-28
INSERT,2026-07-28T00:00:00,2026-07-28,PT0531132,LST0531132,AG02701,LOC0159,Condo,6,2.5,2087,1552,1920,409100.0,2026-07-28,Active,,,0,608.07,0,No,No,2026-07-28,2026-07-28
INSERT,2026-07-28T00:00:00,2026-07-28,PT0531133,LST0531133,AG00642,LOC0234,Single Family,6,2.5,2467,4119,2000,1177600.0,2026-07-28,Active,,,0,0.0,3,No,No,2026-07-28,2026-07-28
INSERT,2026-07-28T00:00:00,2026-07-28,PT0531134,LST0531134,AG00396,LOC0238,Single Family,5,4.5,300,3336,1977,64700.0,2026-07-28,Active,,,0,0.0,3,No,No,2026-07-28,2026-07-28
INSERT,2026-07-28T00:00:00,2026-07-28,PT0531135,LST0531135,AG01930,LOC0228,Single Family,5,3.0,2029,7577,1924,561900.0,2026-07-28,Active,,,0,0.0,2,Yes,Yes,2026-07-28,2026-07-28
INSERT,2026-07-28T00:00:00,2026-07-28,PT0531136,LST0531136,AG00959,LOC0050,Land,0,0.0,3741,1643,2020,876000.0,2026-07-28,Active,,,0,0.0,0,No,No,2026-07-28,2026-07-28
INSERT,2026-07-28T00:00:00,2026-07-28,PT0531137,LST0531137,AG01294,LOC0147,Single Family,3,3.0,809,8361,1953,168500.0,2026-07-28,Active,,,0,0.0,2,Yes,No,2026-07-28,2026-07-28
INSERT,2026-07-28T00:00:00,2026-07-28,PT0531138,LST0531138,AG01468,LOC0154,Condo,1,3.0,1295,1172,1997,101400.0,2026-07-28,Active,,,0,395.89,1,No,No,2026-07-28,2026-07-28
INSERT,2026-07-28T00:00:00,2026-07-28,PT0531139,LST0531139,AG01661,LOC0132,Condo,1,4.0,2691,4521,1986,600500.0,2026-07-28,Active,,,0,437.34,0,No,No,2026-07-28,2026-07-28
INSERT,2026-07-28T00:00:00,2026-07-28,PT0531140,LST0531140,AG02951,LOC0176,Single Family,5,2.0,1761,12363,1939,811800.0,2026-07-28,Active,,,0,0.0,0,No,Yes,2026-07-28,2026-07-28
INSERT,2026-07-28T00:00:00,2026-07-28,PT0531141,LST0531141,AG02632,LOC0165,Multi-Family,3,1.0,2900,1306,1965,938100.0,2026-07-28,Active,,,0,0.0,0,No,No,2026-07-28,2026-07-28
INSERT,2026-07-28T00:00:00,2026-07-28,PT0531142,LST0531142,AG01947,LOC0239,Condo,6,3.0,1586,13017,2020,577700.0,2026-07-28,Active,,,0,276.24,1,Yes,No,2026-07-28,2026-07-28
INSERT,2026-07-28T00:00:00,2026-07-28,PT0531143,LST0531143,AG02679,LOC0044,Single Family,5,1.5,599,4837,1936,127300.0,2026-07-28,Active,,,0,0.0,0,No,No,2026-07-28,2026-07-28
INSERT,2026-07-28T00:00:00,2026-07-28,PT0531144,LST0531144,AG02091,LOC0098,Land,0,0.0,4493,1309,1980,767300.0,2026-07-28,Active,,,0,0.0,0,No,No,2026-07-28,2026-07-28
INSERT,2026-07-28T00:00:00,2026-07-28,PT0531145,LST0531145,AG02126,LOC0175,Single Family,1,1.5,896,11406,2023,235400.0,2026-07-28,Active,,,0,0.0,2,No,Yes,2026-07-28,2026-07-28
INSERT,2026-07-28T00:00:00,2026-07-28,PT0531146,LST0531146,AG01250,LOC0102,Single Family,1,3.0,2734,4225,1944,342200.0,2026-07-28,Active,,,0,0.0,1,No,Yes,2026-07-28,2026-07-28
INSERT,2026-07-28T00:00:00,2026-07-28,PT0531147,LST0531147,AG01777,LOC0246,Single Family,4,2.0,700,8470,1946,73900.0,2026-07-28,Active,,,0,0.0,3,No,No,2026-07-28,2026-07-28
INSERT,2026-07-28T00:00:00,2026-07-28,PT0531148,LST0531148,AG01520,LOC0208,Single Family,5,3.0,1484,9367,2025,284700.0,2026-07-28,Active,,,0,0.0,1,No,Yes,2026-07-28,2026-07-28
INSERT,2026-07-28T00:00:00,2026-07-28,PT0531149,LST0531149,AG01488,LOC0211,Condo,1,2.5,2025,4164,1933,1080500.0,2026-07-28,Active,,,0,779.89,1,No,No,2026-07-28,2026-07-28
INSERT,2026-07-28T00:00:00,2026-07-28,PT0531150,LST0531150,AG01366,LOC0177,Condo,6,3.0,1877,4929,1995,659000.0,2026-07-28,Active,,,0,437.5,1,No,No,2026-07-28,2026-07-28
INSERT,2026-07-28T00:00:00,2026-07-28,PT0531151,LST0531151,AG02910,LOC0239,Condo,6,4.0,2229,6018,1992,495100.0,2026-07-28,Active,,,0,447.76,1,No,No,2026-07-28,2026-07-28
INSERT,2026-07-28T00:00:00,2026-07-28,PT0531152,LST0531152,AG00602,LOC0023,Single Family,6,4.5,1621,1382,1956,441700.0,2026-07-28,Active,,,0,0.0,2,No,No,2026-07-28,2026-07-28
INSERT,2026-07-28T00:00:00,2026-07-28,PT0531153,LST0531153,AG00699,LOC0160,Apartment,1,3.0,1400,0,1981,464500.0,2026-07-28,Active,,,0,735.11,3,No,No,2026-07-28,2026-07-28
INSERT,2026-07-28T00:00:00,2026-07-28,PT0531154,LST0531154,AG01676,LOC0091,Townhouse,4,2.5,1572,3835,2005,556800.0,2026-07-28,Active,,,0,490.32,1,No,No,2026-07-28,2026-07-28
INSERT,2026-07-28T00:00:00,2026-07-28,PT0531155,LST0531155,AG01455,LOC0066,Townhouse,3,4.5,1357,2545,1949,165600.0,2026-07-28,Active,,,0,508.94,0,Yes,No,2026-07-28,2026-07-28
INSERT,2026-07-28T00:00:00,2026-07-28,PT0531156,LST0531156,AG02847,LOC0014,Townhouse,5,2.5,1370,7106,2019,238000.0,2026-07-28,Active,,,0,84.74,0,No,No,2026-07-28,2026-07-28
INSERT,2026-07-28T00:00:00,2026-07-28,PT0531157,LST0531157,AG00621,LOC0223,Single Family,4,4.0,435,1918,1919,148300.0,2026-07-28,Active,,,0,0.0,0,Yes,Yes,2026-07-28,2026-07-28
INSERT,2026-07-28T00:00:00,2026-07-28,PT0531158,LST0531158,AG00374,LOC0160,Land,0,0.0,8636,2900,1935,3007900.0,2026-07-28,Active,,,0,0.0,0,No,No,2026-07-28,2026-07-28
INSERT,2026-07-28T00:00:00,2026-07-28,PT0531159,LST0531159,AG02928,LOC0237,Condo,3,3.5,1218,1369,2019,314000.0,2026-07-28,Active,,,0,62.83,0,No,No,2026-07-28,2026-07-28
INSERT,2026-07-28T00:00:00,2026-07-28,PT0531160,LST0531160,AG01284,LOC0241,Single Family,5,3.5,1136,19643,1909,117700.0,2026-07-28,Active,,,0,0.0,1,No,Yes,2026-07-28,2026-07-28
INSERT,2026-07-28T00:00:00,2026-07-28,PT0531161,LST0531161,AG02118,LOC0005,Multi-Family,3,4.0,3168,2810,1984,1242600.0,2026-07-28,Active,,,0,0.0,1,No,Yes,2026-07-28,2026-07-28
INSERT,2026-07-28T00:00:00,2026-07-28,PT0531162,LST0531162,AG01763,LOC0081,Townhouse,4,3.5,2540,4999,1980,1162000.0,2026-07-28,Active,,,0,690.7,1,Yes,No,2026-07-28,2026-07-28
INSERT,2026-07-28T00:00:00,2026-07-28,PT0531163,LST0531163,AG01078,LOC0018,Multi-Family,2,4.0,2611,14442,1913,857000.0,2026-07-28,Active,,,0,0.0,2,No,No,2026-07-28,2026-07-28
INSERT,2026-07-28T00:00:00,2026-07-28,PT0531164,LST0531164,AG02312,LOC0237,Condo,6,3.0,3464,1597,1950,1266200.0,2026-07-28,Active,,,0,178.03,3,No,No,2026-07-28,2026-07-28
INSERT,2026-07-28T00:00:00,2026-07-28,PT0531165,LST0531165,AG02138,LOC0006,Apartment,6,2.0,1115,0,2005,181100.0,2026-07-28,Active,,,0,105.61,0,No,No,2026-07-28,2026-07-28
INSERT,2026-07-28T00:00:00,2026-07-28,PT0531166,LST0531166,AG00592,LOC0127,Townhouse,1,1.0,1414,3126,2011,623600.0,2026-07-28,Active,,,0,370.88,1,No,No,2026-07-28,2026-07-28
INSERT,2026-07-28T00:00:00,2026-07-28,PT0531167,LST0531167,AG00390,LOC0115,Single Family,3,4.0,1403,8684,1991,316300.0,2026-07-28,Active,,,0,0.0,3,No,Yes,2026-07-28,2026-07-28
INSERT,2026-07-28T00:00:00,2026-07-28,PT0531168,LST0531168,AG00497,LOC0169,Apartment,2,4.0,527,0,1970,89200.0,2026-07-28,Active,,,0,495.85,2,No,No,2026-07-28,2026-07-28
INSERT,2026-07-28T00:00:00,2026-07-28,PT0531169,LST0531169,AG00867,LOC0132,Apartment,3,2.5,1427,0,1906,359100.0,2026-07-28,Active,,,0,103.38,3,Yes,No,2026-07-28,2026-07-28
INSERT,2026-07-28T00:00:00,2026-07-28,PT0531170,LST0531170,AG00252,LOC0221,Multi-Family,6,1.5,4250,3215,1991,1112000.0,2026-07-28,Active,,,0,0.0,0,No,Yes,2026-07-28,2026-07-28
INSERT,2026-07-28T00:00:00,2026-07-28,PT0531171,LST0531171,AG01755,LOC0131,Condo,4,3.5,1198,4921,2019,255900.0,2026-07-28,Active,,,0,624.47,0,No,No,2026-07-28,2026-07-28
INSERT,2026-07-28T00:00:00,2026-07-28,PT0531172,LST0531172,AG00279,LOC0230,Single Family,5,2.0,1738,2565,1965,221700.0,2026-07-28,Active,,,0,0.0,3,No,Yes,2026-07-28,2026-07-28
INSERT,2026-07-28T00:00:00,2026-07-28,PT0531173,LST0531173,AG00122,LOC0075,Single Family,5,2.5,1545,4473,1902,504100.0,2026-07-28,Active,,,0,0.0,0,No,Yes,2026-07-28,2026-07-28
INSERT,2026-07-28T00:00:00,2026-07-28,PT0531174,LST0531174,AG02171,LOC0002,Single Family,3,1.0,2887,1090,1921,978000.0,2026-07-28,Active,,,0,0.0,1,No,No,2026-07-28,2026-07-28
INSERT,2026-07-28T00:00:00,2026-07-28,PT0531175,LST0531175,AG01526,LOC0172,Multi-Family,3,4.5,1693,12999,2019,176000.0,2026-07-28,Active,,,0,0.0,1,No,No,2026-07-28,2026-07-28
INSERT,2026-07-28T00:00:00,2026-07-28,PT0531176,LST0531176,AG02094,LOC0226,Single Family,5,2.0,871,2714,1928,399400.0,2026-07-28,Active,,,0,0.0,1,No,Yes,2026-07-28,2026-07-28
INSERT,2026-07-28T00:00:00,2026-07-28,PT0531177,LST0531177,AG00547,LOC0083,Townhouse,3,4.5,1514,1588,1915,398900.0,2026-07-28,Active,,,0,582.89,1,No,No,2026-07-28,2026-07-28
INSERT,2026-07-28T00:00:00,2026-07-28,PT0531178,LST0531178,AG01235,LOC0096,Condo,1,3.0,1856,3823,1985,531100.0,2026-07-28,Active,,,0,273.03,1,No,No,2026-07-28,2026-07-28
INSERT,2026-07-28T00:00:00,2026-07-28,PT0531179,LST0531179,AG01388,LOC0226,Single Family,1,3.0,870,4007,1905,332300.0,2026-07-28,Active,,,0,0.0,0,Yes,Yes,2026-07-28,2026-07-28
INSERT,2026-07-28T00:00:00,2026-07-28,PT0531180,LST0531180,AG01333,LOC0213,Single Family,4,4.5,2543,7859,1968,526400.0,2026-07-28,Active,,,0,0.0,0,No,No,2026-07-28,2026-07-28
INSERT,2026-07-28T00:00:00,2026-07-28,PT0531181,LST0531181,AG00293,LOC0065,Apartment,5,3.0,1117,0,1966,236700.0,2026-07-28,Active,,,0,331.23,3,No,No,2026-07-28,2026-07-28
INSERT,2026-07-28T00:00:00,2026-07-28,PT0531182,LST0531182,AG02578,LOC0180,Single Family,6,2.5,1370,3143,1900,503600.0,2026-07-28,Active,,,0,0.0,1,No,No,2026-07-28,2026-07-28
INSERT,2026-07-28T00:00:00,2026-07-28,PT0531183,LST0531183,AG02152,LOC0037,Single Family,5,4.5,1895,2641,2021,613900.0,2026-07-28,Active,,,0,0.0,0,No,Yes,2026-07-28,2026-07-28
INSERT,2026-07-28T00:00:00,2026-07-28,PT0531184,LST0531184,AG00378,LOC0180,Single Family,4,1.5,2535,3868,2010,607800.0,2026-07-28,Active,,,0,0.0,1,No,Yes,2026-07-28,2026-07-28
INSERT,2026-07-28T00:00:00,2026-07-28,PT0531185,LST0531185,AG01165,LOC0161,Single Family,1,3.0,1376,9520,1995,555400.0,2026-07-28,Active,,,0,0.0,1,No,Yes,2026-07-28,2026-07-28
INSERT,2026-07-28T00:00:00,2026-07-28,PT0531186,LST0531186,AG01866,LOC0077,Townhouse,6,1.5,1782,8354,1922,244500.0,2026-07-28,Active,,,0,88.45,0,Yes,No,2026-07-28,2026-07-28
INSERT,2026-07-28T00:00:00,2026-07-28,PT0531187,LST0531187,AG00875,LOC0078,Single Family,5,1.5,1813,5035,1946,502700.0,2026-07-28,Active,,,0,0.0,1,No,No,2026-07-28,2026-07-28
INSERT,2026-07-28T00:00:00,2026-07-28,PT0531188,LST0531188,AG01226,LOC0172,Condo,1,1.0,2921,4479,1928,965100.0,2026-07-28,Active,,,0,617.86,3,Yes,No,2026-07-28,2026-07-28
INSERT,2026-07-28T00:00:00,2026-07-28,PT0531189,LST0531189,AG00420,LOC0114,Condo,3,2.5,998,2150,1963,177900.0,2026-07-28,Active,,,0,589.93,2,No,No,2026-07-28,2026-07-28
INSERT,2026-07-28T00:00:00,2026-07-28,PT0531190,LST0531190,AG02369,LOC0095,Townhouse,3,3.0,2256,5968,1961,726900.0,2026-07-28,Active,,,0,562.32,2,No,No,2026-07-28,2026-07-28
INSERT,2026-07-28T00:00:00,2026-07-28,PT0531191,LST0531191,AG00326,LOC0182,Single Family,5,1.0,2028,12094,2011,674400.0,2026-07-28,Active,,,0,0.0,3,No,Yes,2026-07-28,2026-07-28
INSERT,2026-07-28T00:00:00,2026-07-28,PT0531192,LST0531192,AG00552,LOC0169,Condo,6,4.0,2982,1009,1940,1129100.0,2026-07-28,Active,,,0,372.61,2,Yes,No,2026-07-28,2026-07-28
INSERT,2026-07-28T00:00:00,2026-07-28,PT0531193,LST0531193,AG02617,LOC0010,Single Family,5,1.0,3419,10031,1900,717100.0,2026-07-28,Active,,,0,0.0,1,No,Yes,2026-07-28,2026-07-28
INSERT,2026-07-28T00:00:00,2026-07-28,PT0531194,LST0531194,AG02427,LOC0084,Apartment,6,2.0,895,0,1969,271400.0,2026-07-28,Active,,,0,711.61,2,No,No,2026-07-28,2026-07-28
INSERT,2026-07-28T00:00:00,2026-07-28,PT0531195,LST0531195,AG01959,LOC0190,Single Family,4,3.5,1853,2614,1919,188000.0,2026-07-28,Active,,,0,0.0,1,No,Yes,2026-07-28,2026-07-28
INSERT,2026-07-28T00:00:00,2026-07-28,PT0531196,LST0531196,AG00653,LOC0084,Single Family,5,1.0,1247,5707,1993,358300.0,2026-07-28,Active,,,0,0.0,3,No,Yes,2026-07-28,2026-07-28
INSERT,2026-07-28T00:00:00,2026-07-28,PT0531197,LST0531197,AG02795,LOC0009,Townhouse,4,3.0,1976,2113,2002,465800.0,2026-07-28,Active,,,0,284.17,1,No,No,2026-07-28,2026-07-28
INSERT,2026-07-28T00:00:00,2026-07-28,PT0531198,LST0531198,AG00110,LOC0050,Multi-Family,1,2.5,2762,1680,1955,704900.0,2026-07-28,Active,,,0,0.0,0,No,No,2026-07-28,2026-07-28
INSERT,2026-07-28T00:00:00,2026-07-28,PT0531199,LST0531199,AG01261,LOC0242,Single Family,3,3.0,2382,2226,2018,425900.0,2026-07-28,Active,,,0,0.0,2,No,Yes,2026-07-28,2026-07-28
INSERT,2026-07-28T00:00:00,2026-07-28,PT0531200,LST0531200,AG00308,LOC0176,Single Family,2,3.0,1658,2916,1944,413300.0,2026-07-28,Active,,,0,0.0,3,No,Yes,2026-07-28,2026-07-28
INSERT,2026-07-28T00:00:00,2026-07-28,PT0531201,LST0531201,AG00447,LOC0032,Townhouse,1,4.5,2044,1025,1943,417000.0,2026-07-28,Active,,,0,782.96,1,No,No,2026-07-28,2026-07-28
INSERT,2026-07-28T00:00:00,2026-07-28,PT0531202,LST0531202,AG02375,LOC0142,Condo,1,3.5,2342,2732,2008,1423200.0,2026-07-28,Active,,,0,666.66,3,No,No,2026-07-28,2026-07-28
INSERT,2026-07-28T00:00:00,2026-07-28,PT0531203,LST0531203,AG00748,LOC0159,Multi-Family,6,3.0,3340,3531,1912,799400.0,2026-07-28,Active,,,0,0.0,0,No,No,2026-07-28,2026-07-28
INSERT,2026-07-28T00:00:00,2026-07-28,PT0531204,LST0531204,AG00348,LOC0092,Townhouse,2,2.0,1772,4403,1927,428000.0,2026-07-28,Active,,,0,289.73,0,No,No,2026-07-28,2026-07-28
INSERT,2026-07-28T00:00:00,2026-07-28,PT0531205,LST0531205,AG00247,LOC0111,Apartment,5,4.5,1453,0,2001,203800.0,2026-07-28,Active,,,0,269.38,2,No,No,2026-07-28,2026-07-28
INSERT,2026-07-28T00:00:00,2026-07-28,PT0531206,LST0531206,AG02538,LOC0114,Condo,6,2.0,522,10257,1969,112800.0,2026-07-28,Active,,,0,302.26,0,No,No,2026-07-28,2026-07-28
INSERT,2026-07-28T00:00:00,2026-07-28,PT0531207,LST0531207,AG01019,LOC0118,Single Family,2,1.0,2338,4512,2025,439900.0,2026-07-28,Active,,,0,0.0,1,Yes,Yes,2026-07-28,2026-07-28
INSERT,2026-07-28T00:00:00,2026-07-28,PT0531208,LST0531208,AG02929,LOC0242,Multi-Family,1,2.0,3413,1095,1984,1026300.0,2026-07-28,Active,,,0,0.0,3,No,Yes,2026-07-28,2026-07-28
INSERT,2026-07-28T00:00:00,2026-07-28,PT0531209,LST0531209,AG01616,LOC0036,Single Family,6,1.5,1642,5733,1928,853400.0,2026-07-28,Active,,,0,0.0,3,No,Yes,2026-07-28,2026-07-28
INSERT,2026-07-28T00:00:00,2026-07-28,PT0531210,LST0531210,AG00472,LOC0063,Townhouse,5,1.0,2121,3109,1933,580800.0,2026-07-28,Active,,,0,373.83,1,No,No,2026-07-28,2026-07-28
INSERT,2026-07-28T00:00:00,2026-07-28,PT0531211,LST0531211,AG01982,LOC0140,Single Family,5,4.5,2413,3417,1960,571400.0,2026-07-28,Active,,,0,0.0,0,No,No,2026-07-28,2026-07-28
INSERT,2026-07-28T00:00:00,2026-07-28,PT0531212,LST0531212,AG00515,LOC0102,Single Family,3,1.5,1213,6717,1905,273500.0,2026-07-28,Active,,,0,0.0,0,No,No,2026-07-28,2026-07-28
INSERT,2026-07-28T00:00:00,2026-07-28,PT0531213,LST0531213,AG01560,LOC0107,Single Family,2,3.5,1953,2898,1993,306200.0,2026-07-28,Active,,,0,0.0,3,No,Yes,2026-07-28,2026-07-28
INSERT,2026-07-28T00:00:00,2026-07-28,PT0531214,LST0531214,AG02582,LOC0127,Single Family,2,2.0,2355,14408,1947,1005200.0,2026-07-28,Active,,,0,0.0,3,No,Yes,2026-07-28,2026-07-28
INSERT,2026-07-28T00:00:00,2026-07-28,PT0531215,LST0531215,AG00102,LOC0113,Townhouse,5,4.5,300,1971,2002,85200.0,2026-07-28,Active,,,0,138.94,2,No,No,2026-07-28,2026-07-28
INSERT,2026-07-28T00:00:00,2026-07-28,PT0531216,LST0531216,AG00913,LOC0248,Single Family,3,1.5,3075,3038,2020,751200.0,2026-07-28,Active,,,0,0.0,1,No,No,2026-07-28,2026-07-28
INSERT,2026-07-28T00:00:00,2026-07-28,PT0531217,LST0531217,AG01777,LOC0220,Single Family,4,2.5,2781,3140,1940,1237700.0,2026-07-28,Active,,,0,0.0,3,No,No,2026-07-28,2026-07-28
INSERT,2026-07-28T00:00:00,2026-07-28,PT0531218,LST0531218,AG02593,LOC0029,Single Family,5,1.5,2747,8155,1993,847600.0,2026-07-28,Active,,,0,0.0,1,No,No,2026-07-28,2026-07-28
INSERT,2026-07-28T00:00:00,2026-07-28,PT0531219,LST0531219,AG01629,LOC0129,Single Family,3,1.0,887,2504,1927,252700.0,2026-07-28,Active,,,0,0.0,1,No,No,2026-07-28,2026-07-28
INSERT,2026-07-28T00:00:00,2026-07-28,PT0531220,LST0531220,AG00244,LOC0099,Condo,2,2.0,2532,1670,1986,1321800.0,2026-07-28,Active,,,0,178.77,2,No,No,2026-07-28,2026-07-28
INSERT,2026-07-28T00:00:00,2026-07-28,PT0531221,LST0531221,AG01492,LOC0207,Single Family,1,4.0,2461,1125,1974,478000.0,2026-07-28,Active,,,0,0.0,1,No,No,2026-07-28,2026-07-28
INSERT,2026-07-28T00:00:00,2026-07-28,PT0531222,LST0531222,AG00154,LOC0189,Multi-Family,4,2.5,2385,5499,1983,958100.0,2026-07-28,Active,,,0,0.0,3,No,No,2026-07-28,2026-07-28
INSERT,2026-07-28T00:00:00,2026-07-28,PT0531223,LST0531223,AG02590,LOC0220,Townhouse,6,3.0,1750,1693,2007,716200.0,2026-07-28,Active,,,0,206.75,1,No,No,2026-07-28,2026-07-28
INSERT,2026-07-28T00:00:00,2026-07-28,PT0531224,LST0531224,AG02848,LOC0204,Single Family,5,1.5,300,1902,1936,143500.0,2026-07-28,Active,,,0,0.0,3,Yes,No,2026-07-28,2026-07-28
INSERT,2026-07-28T00:00:00,2026-07-28,PT0531225,LST0531225,AG01397,LOC0185,Single Family,2,3.5,1935,1344,1916,515800.0,2026-07-28,Active,,,0,0.0,0,No,No,2026-07-28,2026-07-28
INSERT,2026-07-28T00:00:00,2026-07-28,PT0531226,LST0531226,AG02496,LOC0161,Single Family,1,4.5,1957,12059,2010,889300.0,2026-07-28,Active,,,0,0.0,1,Yes,No,2026-07-28,2026-07-28
INSERT,2026-07-28T00:00:00,2026-07-28,PT0531227,LST0531227,AG00673,LOC0082,Townhouse,4,1.0,1533,1444,1929,154300.0,2026-07-28,Active,,,0,679.0,1,No,No,2026-07-28,2026-07-28
INSERT,2026-07-28T00:00:00,2026-07-28,PT0531228,LST0531228,AG01611,LOC0002,Townhouse,5,4.5,1827,3655,1987,454900.0,2026-07-28,Active,,,0,57.84,1,No,No,2026-07-28,2026-07-28
INSERT,2026-07-28T00:00:00,2026-07-28,PT0531229,LST0531229,AG02882,LOC0212,Townhouse,2,1.5,1362,10780,1937,545500.0,2026-07-28,Active,,,0,229.18,3,No,No,2026-07-28,2026-07-28
INSERT,2026-07-28T00:00:00,2026-07-28,PT0531230,LST0531230,AG02186,LOC0134,Single Family,4,1.0,1668,16773,2006,1083500.0,2026-07-28,Active,,,0,0.0,1,No,No,2026-07-28,2026-07-28
INSERT,2026-07-28T00:00:00,2026-07-28,PT0531231,LST0531231,AG01167,LOC0082,Land,0,0.0,4096,2090,1975,301700.0,2026-07-28,Active,,,0,0.0,0,No,No,2026-07-28,2026-07-28
INSERT,2026-07-28T00:00:00,2026-07-28,PT0531232,LST0531232,AG00014,LOC0153,Single Family,6,1.0,1407,1479,1909,454800.0,2026-07-28,Active,,,0,0.0,1,No,No,2026-07-28,2026-07-28
INSERT,2026-07-28T00:00:00,2026-07-28,PT0531233,LST0531233,AG00772,LOC0236,Townhouse,1,2.0,1059,3321,1998,96100.0,2026-07-28,Active,,,0,791.59,0,Yes,No,2026-07-28,2026-07-28
INSERT,2026-07-28T00:00:00,2026-07-28,PT0531234,LST0531234,AG01628,LOC0055,Single Family,3,4.5,2016,2797,1987,350100.0,2026-07-28,Active,,,0,0.0,2,No,No,2026-07-28,2026-07-28
INSERT,2026-07-28T00:00:00,2026-07-28,PT0531235,LST0531235,AG00437,LOC0240,Single Family,6,4.5,1454,8176,1914,588100.0,2026-07-28,Active,,,0,0.0,2,No,Yes,2026-07-28,2026-07-28
INSERT,2026-07-28T00:00:00,2026-07-28,PT0531236,LST0531236,AG01388,LOC0127,Apartment,1,3.0,1582,0,2003,430300.0,2026-07-28,Active,,,0,288.05,0,No,No,2026-07-28,2026-07-28
INSERT,2026-07-28T00:00:00,2026-07-28,PT0531237,LST0531237,AG01533,LOC0182,Single Family,1,1.5,2893,11496,2018,433600.0,2026-07-28,Active,,,0,0.0,0,No,Yes,2026-07-28,2026-07-28
INSERT,2026-07-28T00:00:00,2026-07-28,PT0531238,LST0531238,AG02926,LOC0050,Townhouse,5,2.5,2696,1082,1923,428900.0,2026-07-28,Active,,,0,599.41,0,Yes,No,2026-07-28,2026-07-28
INSERT,2026-07-28T00:00:00,2026-07-28,PT0531239,LST0531239,AG01405,LOC0236,Townhouse,1,4.5,2502,4721,1943,181100.0,2026-07-28,Active,,,0,70.66,2,No,No,2026-07-28,2026-07-28
INSERT,2026-07-28T00:00:00,2026-07-28,PT0531240,LST0531240,AG01469,LOC0121,Townhouse,4,4.0,1369,1547,2018,425300.0,2026-07-28,Active,,,0,283.96,3,No,No,2026-07-28,2026-07-28
INSERT,2026-07-28T00:00:00,2026-07-28,PT0531241,LST0531241,AG00868,LOC0043,Apartment,5,3.5,1201,0,1964,140800.0,2026-07-28,Active,,,0,205.8,3,No,No,2026-07-28,2026-07-28
INSERT,2026-07-28T00:00:00,2026-07-28,PT0531242,LST0531242,AG00134,LOC0045,Condo,5,4.0,1236,2084,1974,737300.0,2026-07-28,Active,,,0,620.37,0,No,No,2026-07-28,2026-07-28
INSERT,2026-07-28T00:00:00,2026-07-28,PT0531243,LST0531243,AG00313,LOC0221,Condo,5,4.5,1032,2467,1921,233000.0,2026-07-28,Active,,,0,712.52,0,No,No,2026-07-28,2026-07-28
INSERT,2026-07-28T00:00:00,2026-07-28,PT0531244,LST0531244,AG01364,LOC0039,Condo,3,3.0,1226,2433,2002,515800.0,2026-07-28,Active,,,0,605.15,1,No,No,2026-07-28,2026-07-28
INSERT,2026-07-28T00:00:00,2026-07-28,PT0531245,LST0531245,AG02719,LOC0226,Townhouse,5,3.0,2136,7352,2008,1268700.0,2026-07-28,Active,,,0,148.7,0,Yes,No,2026-07-28,2026-07-28
INSERT,2026-07-28T00:00:00,2026-07-28,PT0531246,LST0531246,AG01359,LOC0170,Single Family,5,4.0,1144,7607,1980,662300.0,2026-07-28,Active,,,0,0.0,1,No,Yes,2026-07-28,2026-07-28
INSERT,2026-07-28T00:00:00,2026-07-28,PT0531247,LST0531247,AG01898,LOC0188,Single Family,5,4.0,2132,8736,2021,582400.0,2026-07-28,Active,,,0,0.0,0,No,No,2026-07-28,2026-07-28
INSERT,2026-07-28T00:00:00,2026-07-28,PT0531248,LST0531248,AG01903,LOC0189,Condo,6,4.0,2363,12312,1902,583200.0,2026-07-28,Active,,,0,489.24,1,Yes,No,2026-07-28,2026-07-28
INSERT,2026-07-28T00:00:00,2026-07-28,PT0531249,LST0531249,AG02731,LOC0208,Townhouse,4,2.5,1102,1410,1963,240600.0,2026-07-28,Active,,,0,321.54,0,No,No,2026-07-28,2026-07-28
INSERT,2026-07-28T00:00:00,2026-07-28,PT0531250,LST0531250,AG02893,LOC0098,Single Family,6,1.5,3186,1351,1940,652000.0,2026-07-28,Active,,,0,0.0,2,No,Yes,2026-07-28,2026-07-28
INSERT,2026-07-28T00:00:00,2026-07-28,PT0531251,LST0531251,AG00397,LOC0026,Single Family,1,3.5,579,1082,1916,58800.0,2026-07-28,Active,,,0,0.0,3,No,Yes,2026-07-28,2026-07-28
INSERT,2026-07-28T00:00:00,2026-07-28,PT0531252,LST0531252,AG00442,LOC0048,Multi-Family,2,4.5,1542,2799,1956,634200.0,2026-07-28,Active,,,0,0.0,0,No,No,2026-07-28,2026-07-28
INSERT,2026-07-28T00:00:00,2026-07-28,PT0531253,LST0531253,AG00722,LOC0097,Townhouse,6,2.0,2581,2429,2014,756900.0,2026-07-28,Active,,,0,465.85,0,No,No,2026-07-28,2026-07-28
INSERT,2026-07-28T00:00:00,2026-07-28,PT0531254,LST0531254,AG02722,LOC0029,Condo,1,2.0,1809,1182,2009,256900.0,2026-07-28,Active,,,0,729.4,1,No,No,2026-07-28,2026-07-28
INSERT,2026-07-28T00:00:00,2026-07-28,PT0531255,LST0531255,AG01335,LOC0097,Single Family,5,3.5,378,5882,1902,125500.0,2026-07-28,Active,,,0,0.0,1,Yes,No,2026-07-28,2026-07-28
INSERT,2026-07-28T00:00:00,2026-07-28,PT0531256,LST0531256,AG00677,LOC0027,Single Family,3,1.5,2155,4833,1984,809500.0,2026-07-28,Active,,,0,0.0,1,No,No,2026-07-28,2026-07-28
INSERT,2026-07-28T00:00:00,2026-07-28,PT0531257,LST0531257,AG02495,LOC0196,Single Family,5,3.5,1176,12991,1995,426100.0,2026-07-28,Active,,,0,0.0,0,Yes,Yes,2026-07-28,2026-07-28
INSERT,2026-07-28T00:00:00,2026-07-28,PT0531258,LST0531258,AG01115,LOC0007,Condo,2,1.0,509,3311,1940,259700.0,2026-07-28,Active,,,0,751.12,0,No,No,2026-07-28,2026-07-28
INSERT,2026-07-28T00:00:00,2026-07-28,PT0531259,LST0531259,AG01242,LOC0049,Apartment,2,1.5,592,0,1956,190900.0,2026-07-28,Active,,,0,637.29,0,No,No,2026-07-28,2026-07-28
INSERT,2026-07-28T00:00:00,2026-07-28,PT0531260,LST0531260,AG00880,LOC0103,Single Family,4,4.5,639,2349,2015,57900.0,2026-07-28,Active,,,0,0.0,2,No,No,2026-07-28,2026-07-28
INSERT,2026-07-28T00:00:00,2026-07-28,PT0531261,LST0531261,AG00352,LOC0195,Multi-Family,1,2.0,3704,3555,2011,991300.0,2026-07-28,Active,,,0,0.0,1,No,Yes,2026-07-28,2026-07-28
INSERT,2026-07-28T00:00:00,2026-07-28,PT0531262,LST0531262,AG00461,LOC0095,Townhouse,1,3.5,1720,2043,1934,381800.0,2026-07-28,Active,,,0,691.18,0,No,No,2026-07-28,2026-07-28
INSERT,2026-07-28T00:00:00,2026-07-28,PT0531263,LST0531263,AG00828,LOC0149,Multi-Family,4,1.5,2498,2563,1904,441600.0,2026-07-28,Active,,,0,0.0,0,No,No,2026-07-28,2026-07-28
INSERT,2026-07-28T00:00:00,2026-07-28,PT0531264,LST0531264,AG00805,LOC0052,Multi-Family,4,3.5,4858,3314,2024,687800.0,2026-07-28,Active,,,0,0.0,2,No,Yes,2026-07-28,2026-07-28
INSERT,2026-07-28T00:00:00,2026-07-28,PT0531265,LST0531265,AG02238,LOC0071,Single Family,2,2.0,1713,2706,1957,762800.0,2026-07-28,Active,,,0,0.0,2,Yes,No,2026-07-28,2026-07-28
INSERT,2026-07-28T00:00:00,2026-07-28,PT0531266,LST0531266,AG00927,LOC0174,Single Family,4,2.5,1909,3130,1992,924200.0,2026-07-28,Active,,,0,0.0,1,No,No,2026-07-28,2026-07-28
INSERT,2026-07-28T00:00:00,2026-07-28,PT0531267,LST0531267,AG02289,LOC0203,Condo,1,4.5,2579,1989,1988,191400.0,2026-07-28,Active,,,0,639.43,2,No,No,2026-07-28,2026-07-28
INSERT,2026-07-28T00:00:00,2026-07-28,PT0531268,LST0531268,AG01709,LOC0182,Single Family,4,4.0,2358,9467,1965,422500.0,2026-07-28,Active,,,0,0.0,2,No,No,2026-07-28,2026-07-28
INSERT,2026-07-28T00:00:00,2026-07-28,PT0531269,LST0531269,AG02755,LOC0203,Townhouse,3,4.5,3372,5817,1927,510100.0,2026-07-28,Active,,,0,390.33,0,No,No,2026-07-28,2026-07-28
INSERT,2026-07-28T00:00:00,2026-07-28,PT0531270,LST0531270,AG02027,LOC0242,Single Family,1,2.0,2554,8046,2014,498400.0,2026-07-28,Active,,,0,0.0,1,No,Yes,2026-07-28,2026-07-28
INSERT,2026-07-28T00:00:00,2026-07-28,PT0531271,LST0531271,AG02154,LOC0178,Land,0,0.0,8200,1774,1977,2362000.0,2026-07-28,Active,,,0,0.0,0,No,No,2026-07-28,2026-07-28
INSERT,2026-07-28T00:00:00,2026-07-28,PT0531272,LST0531272,AG00598,LOC0064,Townhouse,4,2.5,2390,1851,1905,918800.0,2026-07-28,Active,,,0,57.79,3,Yes,No,2026-07-28,2026-07-28
INSERT,2026-07-28T00:00:00,2026-07-28,PT0531273,LST0531273,AG00666,LOC0138,Single Family,6,1.5,1856,1529,1957,363000.0,2026-07-28,Active,,,0,0.0,1,No,No,2026-07-28,2026-07-28
INSERT,2026-07-28T00:00:00,2026-07-28,PT0531274,LST0531274,AG02257,LOC0202,Condo,3,2.0,398,3535,2023,93900.0,2026-07-28,Active,,,0,267.03,0,No,No,2026-07-28,2026-07-28
INSERT,2026-07-28T00:00:00,2026-07-28,PT0531275,LST0531275,AG01844,LOC0242,Single Family,4,2.0,2135,2322,2011,656300.0,2026-07-28,Active,,,0,0.0,1,No,No,2026-07-28,2026-07-28
INSERT,2026-07-28T00:00:00,2026-07-28,PT0531276,LST0531276,AG02011,LOC0064,Apartment,3,1.0,971,0,1942,305500.0,2026-07-28,Active,,,0,501.19,0,Yes,No,2026-07-28,2026-07-28
INSERT,2026-07-28T00:00:00,2026-07-28,PT0531277,LST0531277,AG01692,LOC0062,Townhouse,5,1.5,1604,1033,2024,418100.0,2026-07-28,Active,,,0,176.55,1,Yes,No,2026-07-28,2026-07-28
INSERT,2026-07-28T00:00:00,2026-07-28,PT0531278,LST0531278,AG00002,LOC0065,Multi-Family,4,4.5,2357,6435,1966,607500.0,2026-07-28,Active,,,0,0.0,1,No,No,2026-07-28,2026-07-28
INSERT,2026-07-28T00:00:00,2026-07-28,PT0531279,LST0531279,AG02963,LOC0020,Single Family,2,1.0,1295,4578,1976,333400.0,2026-07-28,Active,,,0,0.0,1,No,Yes,2026-07-28,2026-07-28
INSERT,2026-07-28T00:00:00,2026-07-28,PT0531280,LST0531280,AG01285,LOC0019,Condo,3,1.5,2963,2828,2009,803400.0,2026-07-28,Active,,,0,94.92,0,No,No,2026-07-28,2026-07-28
INSERT,2026-07-28T00:00:00,2026-07-28,PT0531281,LST0531281,AG02469,LOC0051,Single Family,6,4.5,1732,1829,1996,205600.0,2026-07-28,Active,,,0,0.0,0,No,No,2026-07-28,2026-07-28
INSERT,2026-07-28T00:00:00,2026-07-28,PT0531282,LST0531282,AG01283,LOC0160,Single Family,2,3.5,1282,5815,2025,440500.0,2026-07-28,Active,,,0,0.0,1,No,Yes,2026-07-28,2026-07-28
INSERT,2026-07-28T00:00:00,2026-07-28,PT0531283,LST0531283,AG02530,LOC0184,Single Family,4,1.5,2242,10530,1998,693100.0,2026-07-28,Active,,,0,0.0,0,No,No,2026-07-28,2026-07-28
INSERT,2026-07-28T00:00:00,2026-07-28,PT0531284,LST0531284,AG01363,LOC0049,Condo,4,2.0,2415,4501,1960,871300.0,2026-07-28,Active,,,0,288.14,1,No,No,2026-07-28,2026-07-28
INSERT,2026-07-28T00:00:00,2026-07-28,PT0531285,LST0531285,AG02874,LOC0176,Single Family,4,4.5,1555,2600,1910,528000.0,2026-07-28,Active,,,0,0.0,1,No,No,2026-07-28,2026-07-28
INSERT,2026-07-28T00:00:00,2026-07-28,PT0531286,LST0531286,AG01585,LOC0113,Apartment,5,4.5,1086,0,1911,352700.0,2026-07-28,Active,,,0,640.69,2,No,No,2026-07-28,2026-07-28
INSERT,2026-07-28T00:00:00,2026-07-28,PT0531287,LST0531287,AG02489,LOC0177,Single Family,6,2.5,1738,3880,1991,524900.0,2026-07-28,Active,,,0,0.0,2,No,No,2026-07-28,2026-07-28
INSERT,2026-07-28T00:00:00,2026-07-28,PT0531288,LST0531288,AG00193,LOC0070,Condo,1,1.5,1382,1278,2013,239300.0,2026-07-28,Active,,,0,643.37,3,No,No,2026-07-28,2026-07-28
INSERT,2026-07-28T00:00:00,2026-07-28,PT0531289,LST0531289,AG01687,LOC0081,Single Family,4,3.0,773,1007,1968,105700.0,2026-07-28,Active,,,0,0.0,1,No,Yes,2026-07-28,2026-07-28
INSERT,2026-07-28T00:00:00,2026-07-28,PT0531290,LST0531290,AG02549,LOC0081,Condo,3,4.5,1223,3391,2023,652800.0,2026-07-28,Active,,,0,566.2,1,No,No,2026-07-28,2026-07-28
INSERT,2026-07-28T00:00:00,2026-07-28,PT0531291,LST0531291,AG01997,LOC0170,Single Family,3,4.0,1393,14325,1904,392200.0,2026-07-28,Active,,,0,0.0,0,Yes,Yes,2026-07-28,2026-07-28
INSERT,2026-07-28T00:00:00,2026-07-28,PT0531292,LST0531292,AG02542,LOC0154,Condo,5,3.5,2355,9412,2022,567500.0,2026-07-28,Active,,,0,344.73,2,No,No,2026-07-28,2026-07-28
INSERT,2026-07-28T00:00:00,2026-07-28,PT0531293,LST0531293,AG00596,LOC0221,Single Family,4,2.0,1740,1067,2024,517000.0,2026-07-28,Active,,,0,0.0,1,Yes,Yes,2026-07-28,2026-07-28
INSERT,2026-07-28T00:00:00,2026-07-28,PT0531294,LST0531294,AG01591,LOC0119,Single Family,3,3.5,2241,4294,1941,516100.0,2026-07-28,Active,,,0,0.0,2,Yes,Yes,2026-07-28,2026-07-28
INSERT,2026-07-28T00:00:00,2026-07-28,PT0531295,LST0531295,AG00695,LOC0224,Apartment,1,2.5,211,0,2009,105700.0,2026-07-28,Active,,,0,368.51,3,No,No,2026-07-28,2026-07-28
INSERT,2026-07-28T00:00:00,2026-07-28,PT0531296,LST0531296,AG00490,LOC0073,Single Family,4,4.0,1213,1823,1936,485900.0,2026-07-28,Active,,,0,0.0,1,No,No,2026-07-28,2026-07-28
INSERT,2026-07-28T00:00:00,2026-07-28,PT0531297,LST0531297,AG00042,LOC0237,Single Family,4,4.0,1997,7877,2018,227600.0,2026-07-28,Active,,,0,0.0,3,No,Yes,2026-07-28,2026-07-28
INSERT,2026-07-28T00:00:00,2026-07-28,PT0531298,LST0531298,AG02826,LOC0248,Multi-Family,2,2.0,3536,2130,2000,765100.0,2026-07-28,Active,,,0,0.0,3,No,No,2026-07-28,2026-07-28
INSERT,2026-07-28T00:00:00,2026-07-28,PT0531299,LST0531299,AG02775,LOC0158,Townhouse,6,2.5,1778,1927,1988,671300.0,2026-07-28,Active,,,0,661.17,0,No,No,2026-07-28,2026-07-28
INSERT,2026-07-28T00:00:00,2026-07-28,PT0531300,LST0531300,AG00945,LOC0099,Multi-Family,3,2.0,2579,2754,2020,1543800.0,2026-07-28,Active,,,0,0.0,3,No,No,2026-07-28,2026-07-28
INSERT,2026-07-28T00:00:00,2026-07-28,PT0531301,LST0531301,AG02968,LOC0067,Single Family,6,1.0,1823,8718,1953,379200.0,2026-07-28,Active,,,0,0.0,1,No,No,2026-07-28,2026-07-28
INSERT,2026-07-28T00:00:00,2026-07-28,PT0531302,LST0531302,AG00330,LOC0160,Condo,5,2.5,2517,3278,1910,815500.0,2026-07-28,Active,,,0,727.62,1,No,No,2026-07-28,2026-07-28
INSERT,2026-07-28T00:00:00,2026-07-28,PT0531303,LST0531303,AG00113,LOC0124,Townhouse,4,3.0,1211,1718,2024,606700.0,2026-07-28,Active,,,0,549.87,2,No,No,2026-07-28,2026-07-28
INSERT,2026-07-28T00:00:00,2026-07-28,PT0531304,LST0531304,AG00695,LOC0173,Condo,4,1.5,2211,4529,1964,743300.0,2026-07-28,Active,,,0,234.95,3,No,No,2026-07-28,2026-07-28
INSERT,2026-07-28T00:00:00,2026-07-28,PT0531305,LST0531305,AG01693,LOC0125,Condo,4,4.5,306,11811,1957,46800.0,2026-07-28,Active,,,0,668.03,3,Yes,No,2026-07-28,2026-07-28
INSERT,2026-07-28T00:00:00,2026-07-28,PT0531306,LST0531306,AG02674,LOC0166,Apartment,3,1.0,1232,0,1901,194400.0,2026-07-28,Active,,,0,469.45,3,No,No,2026-07-28,2026-07-28
INSERT,2026-07-28T00:00:00,2026-07-28,PT0531307,LST0531307,AG02226,LOC0128,Single Family,3,1.5,1953,3192,1992,421300.0,2026-07-28,Active,,,0,0.0,2,No,No,2026-07-28,2026-07-28
INSERT,2026-07-28T00:00:00,2026-07-28,PT0531308,LST0531308,AG01879,LOC0068,Single Family,4,3.5,1179,4853,1995,359100.0,2026-07-28,Active,,,0,0.0,3,No,No,2026-07-28,2026-07-28
INSERT,2026-07-28T00:00:00,2026-07-28,PT0531309,LST0531309,AG00654,LOC0061,Condo,2,1.0,1259,4465,1936,205400.0,2026-07-28,Active,,,0,125.63,2,No,No,2026-07-28,2026-07-28
INSERT,2026-07-28T00:00:00,2026-07-28,PT0531310,LST0531310,AG02207,LOC0024,Townhouse,1,2.5,2208,1672,1985,831000.0,2026-07-28,Active,,,0,618.66,2,No,No,2026-07-28,2026-07-28
INSERT,2026-07-28T00:00:00,2026-07-28,PT0531311,LST0531311,AG02749,LOC0245,Condo,4,2.0,2269,6656,1986,368700.0,2026-07-28,Active,,,0,58.37,2,No,No,2026-07-28,2026-07-28
INSERT,2026-07-28T00:00:00,2026-07-28,PT0531312,LST0531312,AG00932,LOC0133,Condo,6,2.0,1637,2403,1926,245500.0,2026-07-28,Active,,,0,330.75,1,No,No,2026-07-28,2026-07-28
INSERT,2026-07-28T00:00:00,2026-07-28,PT0531313,LST0531313,AG01031,LOC0043,Multi-Family,4,3.5,2658,1300,1913,409700.0,2026-07-28,Active,,,0,0.0,3,No,No,2026-07-28,2026-07-28
INSERT,2026-07-28T00:00:00,2026-07-28,PT0531314,LST0531314,AG02204,LOC0067,Land,0,0.0,3633,7067,1975,711000.0,2026-07-28,Active,,,0,0.0,0,No,No,2026-07-28,2026-07-28
INSERT,2026-07-28T00:00:00,2026-07-28,PT0531315,LST0531315,AG00724,LOC0222,Townhouse,3,2.0,419,25047,2004,145700.0,2026-07-28,Active,,,0,450.68,3,No,No,2026-07-28,2026-07-28
INSERT,2026-07-28T00:00:00,2026-07-28,PT0531316,LST0531316,AG01253,LOC0145,Townhouse,1,1.0,1611,3997,1950,558700.0,2026-07-28,Active,,,0,653.95,3,No,No,2026-07-28,2026-07-28
INSERT,2026-07-28T00:00:00,2026-07-28,PT0531317,LST0531317,AG02039,LOC0190,Multi-Family,2,2.5,4133,2938,1917,1245000.0,2026-07-28,Active,,,0,0.0,0,No,Yes,2026-07-28,2026-07-28
INSERT,2026-07-28T00:00:00,2026-07-28,PT0531318,LST0531318,AG01978,LOC0084,Single Family,4,2.5,1945,4138,1979,433200.0,2026-07-28,Active,,,0,0.0,0,No,Yes,2026-07-28,2026-07-28
INSERT,2026-07-28T00:00:00,2026-07-28,PT0531319,LST0531319,AG02366,LOC0004,Townhouse,6,1.5,782,3849,1910,63500.0,2026-07-28,Active,,,0,191.31,1,No,No,2026-07-28,2026-07-28
INSERT,2026-07-28T00:00:00,2026-07-28,PT0531320,LST0531320,AG01536,LOC0159,Condo,4,3.5,1654,3058,1907,396500.0,2026-07-28,Active,,,0,567.04,2,No,No,2026-07-28,2026-07-28
INSERT,2026-07-28T00:00:00,2026-07-28,PT0531321,LST0531321,AG02556,LOC0067,Single Family,3,4.5,1354,1461,2000,260500.0,2026-07-28,Active,,,0,0.0,2,No,Yes,2026-07-28,2026-07-28
INSERT,2026-07-28T00:00:00,2026-07-28,PT0531322,LST0531322,AG02950,LOC0245,Single Family,5,2.5,2156,3772,2012,238200.0,2026-07-28,Active,,,0,0.0,0,No,No,2026-07-28,2026-07-28
INSERT,2026-07-28T00:00:00,2026-07-28,PT0531323,LST0531323,AG00028,LOC0196,Single Family,3,2.0,2742,2979,1974,876000.0,2026-07-28,Active,,,0,0.0,3,Yes,No,2026-07-28,2026-07-28
INSERT,2026-07-28T00:00:00,2026-07-28,PT0531324,LST0531324,AG00110,LOC0242,Single Family,4,1.0,783,1526,1951,128400.0,2026-07-28,Active,,,0,0.0,1,No,No,2026-07-28,2026-07-28
INSERT,2026-07-28T00:00:00,2026-07-28,PT0531325,LST0531325,AG02500,LOC0212,Single Family,5,2.5,2184,10173,1935,955300.0,2026-07-28,Active,,,0,0.0,2,Yes,Yes,2026-07-28,2026-07-28
INSERT,2026-07-28T00:00:00,2026-07-28,PT0531326,LST0531326,AG00387,LOC0068,Townhouse,1,1.5,1164,1593,1918,517600.0,2026-07-28,Active,,,0,595.14,1,No,No,2026-07-28,2026-07-28
INSERT,2026-07-28T00:00:00,2026-07-28,PT0531327,LST0531327,AG01219,LOC0246,Condo,1,2.5,1868,23131,1999,256100.0,2026-07-28,Active,,,0,71.18,1,No,No,2026-07-28,2026-07-28
INSERT,2026-07-28T00:00:00,2026-07-28,PT0531328,LST0531328,AG00289,LOC0163,Apartment,5,1.0,867,0,1942,188900.0,2026-07-28,Active,,,0,786.78,0,No,No,2026-07-28,2026-07-28
INSERT,2026-07-28T00:00:00,2026-07-28,PT0531329,LST0531329,AG01038,LOC0187,Single Family,5,2.5,1309,13285,1965,577900.0,2026-07-28,Active,,,0,0.0,0,Yes,Yes,2026-07-28,2026-07-28
INSERT,2026-07-28T00:00:00,2026-07-28,PT0531330,LST0531330,AG02572,LOC0038,Single Family,5,3.5,1730,3543,1993,922600.0,2026-07-28,Active,,,0,0.0,1,No,Yes,2026-07-28,2026-07-28
INSERT,2026-07-28T00:00:00,2026-07-28,PT0531331,LST0531331,AG01498,LOC0135,Multi-Family,4,3.0,870,1572,1938,141700.0,2026-07-28,Active,,,0,0.0,1,No,No,2026-07-28,2026-07-28
INSERT,2026-07-28T00:00:00,2026-07-28,PT0531332,LST0531332,AG02245,LOC0201,Condo,5,3.0,1889,13159,1990,389800.0,2026-07-28,Active,,,0,635.74,3,No,No,2026-07-28,2026-07-28
INSERT,2026-07-28T00:00:00,2026-07-28,PT0531333,LST0531333,AG01392,LOC0142,Single Family,4,4.5,1371,4902,1971,729400.0,2026-07-28,Active,,,0,0.0,0,Yes,Yes,2026-07-28,2026-07-28
INSERT,2026-07-28T00:00:00,2026-07-28,PT0531334,LST0531334,AG01168,LOC0153,Single Family,5,1.5,2413,4924,1978,760500.0,2026-07-28,Active,,,0,0.0,2,Yes,No,2026-07-28,2026-07-28
INSERT,2026-07-28T00:00:00,2026-07-28,PT0531335,LST0531335,AG01416,LOC0069,Condo,1,3.5,2105,5985,1902,458300.0,2026-07-28,Active,,,0,93.13,0,No,No,2026-07-28,2026-07-28
INSERT,2026-07-28T00:00:00,2026-07-28,PT0531336,LST0531336,AG00631,LOC0173,Single Family,2,2.5,1940,4879,1991,590500.0,2026-07-28,Active,,,0,0.0,1,No,No,2026-07-28,2026-07-28
INSERT,2026-07-28T00:00:00,2026-07-28,PT0531337,LST0531337,AG02268,LOC0177,Single Family,3,4.5,2411,7919,1923,741900.0,2026-07-28,Active,,,0,0.0,3,No,No,2026-07-28,2026-07-28
INSERT,2026-07-28T00:00:00,2026-07-28,PT0531338,LST0531338,AG00595,LOC0248,Land,0,0.0,2522,4569,1933,847900.0,2026-07-28,Active,,,0,0.0,0,No,No,2026-07-28,2026-07-28
INSERT,2026-07-28T00:00:00,2026-07-28,PT0531339,LST0531339,AG02335,LOC0020,Single Family,6,2.5,1743,6326,2007,387800.0,2026-07-28,Active,,,0,0.0,2,No,No,2026-07-28,2026-07-28
INSERT,2026-07-28T00:00:00,2026-07-28,PT0531340,LST0531340,AG02390,LOC0032,Single Family,6,2.5,2478,3492,1956,349900.0,2026-07-28,Active,,,0,0.0,2,No,Yes,2026-07-28,2026-07-28
INSERT,2026-07-28T00:00:00,2026-07-28,PT0531341,LST0531341,AG02930,LOC0250,Single Family,3,4.0,1849,12363,1901,530900.0,2026-07-28,Active,,,0,0.0,2,No,No,2026-07-28,2026-07-28
INSERT,2026-07-28T00:00:00,2026-07-28,PT0531342,LST0531342,AG00855,LOC0240,Single Family,1,2.5,2076,1900,1921,257400.0,2026-07-28,Active,,,0,0.0,1,Yes,Yes,2026-07-28,2026-07-28
INSERT,2026-07-28T00:00:00,2026-07-28,PT0531343,LST0531343,AG02418,LOC0224,Single Family,6,4.5,2037,1498,1980,613900.0,2026-07-28,Active,,,0,0.0,2,No,Yes,2026-07-28,2026-07-28
INSERT,2026-07-28T00:00:00,2026-07-28,PT0531344,LST0531344,AG02169,LOC0036,Single Family,5,2.0,1707,2231,1964,410600.0,2026-07-28,Active,,,0,0.0,2,No,No,2026-07-28,2026-07-28
INSERT,2026-07-28T00:00:00,2026-07-28,PT0531345,LST0531345,AG02753,LOC0182,Single Family,1,2.0,300,5549,1942,58100.0,2026-07-28,Active,,,0,0.0,0,No,No,2026-07-28,2026-07-28
INSERT,2026-07-28T00:00:00,2026-07-28,PT0531346,LST0531346,AG01559,LOC0094,Townhouse,1,3.5,2485,2570,2016,848600.0,2026-07-28,Active,,,0,520.64,1,No,No,2026-07-28,2026-07-28
INSERT,2026-07-28T00:00:00,2026-07-28,PT0531347,LST0531347,AG02493,LOC0043,Single Family,2,2.5,2094,11035,1919,386200.0,2026-07-28,Active,,,0,0.0,2,No,No,2026-07-28,2026-07-28
INSERT,2026-07-28T00:00:00,2026-07-28,PT0531348,LST0531348,AG02556,LOC0155,Condo,5,3.0,973,5872,1943,120200.0,2026-07-28,Active,,,0,666.66,0,No,No,2026-07-28,2026-07-28
INSERT,2026-07-28T00:00:00,2026-07-28,PT0531349,LST0531349,AG01149,LOC0022,Multi-Family,1,2.5,2624,4973,1904,687800.0,2026-07-28,Active,,,0,0.0,1,No,Yes,2026-07-28,2026-07-28
INSERT,2026-07-28T00:00:00,2026-07-28,PT0531350,LST0531350,AG02950,LOC0246,Single Family,6,4.5,2070,3057,1982,325800.0,2026-07-28,Active,,,0,0.0,0,No,Yes,2026-07-28,2026-07-28
INSERT,2026-07-28T00:00:00,2026-07-28,PT0531351,LST0531351,AG01278,LOC0157,Apartment,4,4.5,1241,0,1920,467700.0,2026-07-28,Active,,,0,787.35,1,No,No,2026-07-28,2026-07-28
INSERT,2026-07-28T00:00:00,2026-07-28,PT0531352,LST0531352,AG02627,LOC0175,Single Family,2,2.5,1694,4117,1973,396300.0,2026-07-28,Active,,,0,0.0,2,No,No,2026-07-28,2026-07-28
INSERT,2026-07-28T00:00:00,2026-07-28,PT0531353,LST0531353,AG02669,LOC0107,Condo,6,4.5,405,4650,1936,77200.0,2026-07-28,Active,,,0,502.72,0,No,No,2026-07-28,2026-07-28
INSERT,2026-07-28T00:00:00,2026-07-28,PT0531354,LST0531354,AG02733,LOC0156,Single Family,3,4.5,2209,9273,2002,1095300.0,2026-07-28,Active,,,0,0.0,3,No,No,2026-07-28,2026-07-28
INSERT,2026-07-28T00:00:00,2026-07-28,PT0531355,LST0531355,AG00187,LOC0107,Single Family,1,1.0,1211,1061,1951,249500.0,2026-07-28,Active,,,0,0.0,2,No,Yes,2026-07-28,2026-07-28
INSERT,2026-07-28T00:00:00,2026-07-28,PT0531356,LST0531356,AG01861,LOC0077,Single Family,3,4.5,2379,3862,1913,626400.0,2026-07-28,Active,,,0,0.0,3,Yes,No,2026-07-28,2026-07-28
INSERT,2026-07-28T00:00:00,2026-07-28,PT0531357,LST0531357,AG02649,LOC0233,Townhouse,5,3.5,1530,5070,1960,432600.0,2026-07-28,Active,,,0,309.62,2,No,No,2026-07-28,2026-07-28
INSERT,2026-07-28T00:00:00,2026-07-28,PT0531358,LST0531358,AG00343,LOC0144,Single Family,2,2.0,1237,11255,2014,480500.0,2026-07-28,Active,,,0,0.0,2,No,No,2026-07-28,2026-07-28
INSERT,2026-07-28T00:00:00,2026-07-28,PT0531359,LST0531359,AG02120,LOC0235,Land,0,0.0,8289,6146,1989,3546200.0,2026-07-28,Active,,,0,0.0,0,No,No,2026-07-28,2026-07-28
INSERT,2026-07-28T00:00:00,2026-07-28,PT0531360,LST0531360,AG00596,LOC0186,Townhouse,3,1.5,2483,2511,2006,313700.0,2026-07-28,Active,,,0,296.98,3,No,No,2026-07-28,2026-07-28
INSERT,2026-07-28T00:00:00,2026-07-28,PT0531361,LST0531361,AG02924,LOC0087,Townhouse,1,1.5,2103,8138,1961,1172200.0,2026-07-28,Active,,,0,60.07,1,No,No,2026-07-28,2026-07-28
INSERT,2026-07-28T00:00:00,2026-07-28,PT0531362,LST0531362,AG02362,LOC0241,Multi-Family,1,3.5,2383,1820,1987,431900.0,2026-07-28,Active,,,0,0.0,3,No,No,2026-07-28,2026-07-28
INSERT,2026-07-28T00:00:00,2026-07-28,PT0531363,LST0531363,AG00946,LOC0007,Single Family,5,1.0,2288,2884,1944,610600.0,2026-07-28,Active,,,0,0.0,3,No,No,2026-07-28,2026-07-28
INSERT,2026-07-28T00:00:00,2026-07-28,PT0531364,LST0531364,AG00071,LOC0135,Single Family,3,3.0,1870,1455,1969,592500.0,2026-07-28,Active,,,0,0.0,2,No,No,2026-07-28,2026-07-28
INSERT,2026-07-28T00:00:00,2026-07-28,PT0531365,LST0531365,AG00901,LOC0188,Single Family,3,1.5,1806,4046,1965,484200.0,2026-07-28,Active,,,0,0.0,1,No,Yes,2026-07-28,2026-07-28
INSERT,2026-07-28T00:00:00,2026-07-28,PT0531366,LST0531366,AG02392,LOC0075,Single Family,2,2.5,2092,1369,1961,629400.0,2026-07-28,Active,,,0,0.0,0,No,Yes,2026-07-28,2026-07-28
INSERT,2026-07-28T00:00:00,2026-07-28,PT0531367,LST0531367,AG02148,LOC0073,Condo,6,3.0,1878,2393,1988,635600.0,2026-07-28,Active,,,0,703.22,2,No,No,2026-07-28,2026-07-28
INSERT,2026-07-28T00:00:00,2026-07-28,PT0531368,LST0531368,AG00879,LOC0136,Condo,2,3.0,1764,3174,1961,432600.0,2026-07-28,Active,,,0,297.79,3,No,No,2026-07-28,2026-07-28
INSERT,2026-07-28T00:00:00,2026-07-28,PT0531369,LST0531369,AG01787,LOC0103,Condo,4,4.0,300,4006,1955,61300.0,2026-07-28,Active,,,0,642.37,1,No,No,2026-07-28,2026-07-28
INSERT,2026-07-28T00:00:00,2026-07-28,PT0531370,LST0531370,AG00931,LOC0074,Single Family,5,1.5,2187,3133,1918,595300.0,2026-07-28,Active,,,0,0.0,1,No,Yes,2026-07-28,2026-07-28
INSERT,2026-07-28T00:00:00,2026-07-28,PT0531371,LST0531371,AG00244,LOC0166,Condo,6,2.0,663,4341,1911,247000.0,2026-07-28,Active,,,0,82.89,3,No,No,2026-07-28,2026-07-28
INSERT,2026-07-28T00:00:00,2026-07-28,PT0531372,LST0531372,AG00588,LOC0221,Single Family,5,4.5,1870,7628,1943,388300.0,2026-07-28,Active,,,0,0.0,0,Yes,No,2026-07-28,2026-07-28
INSERT,2026-07-28T00:00:00,2026-07-28,PT0531373,LST0531373,AG02288,LOC0057,Single Family,2,3.0,300,5520,1905,190100.0,2026-07-28,Active,,,0,0.0,2,No,No,2026-07-28,2026-07-28
INSERT,2026-07-28T00:00:00,2026-07-28,PT0531374,LST0531374,AG02296,LOC0126,Condo,6,3.0,1118,1301,2025,348300.0,2026-07-28,Active,,,0,414.67,2,No,No,2026-07-28,2026-07-28
INSERT,2026-07-28T00:00:00,2026-07-28,PT0531375,LST0531375,AG01465,LOC0156,Condo,4,3.5,1558,1343,2001,952900.0,2026-07-28,Active,,,0,459.25,3,No,No,2026-07-28,2026-07-28
INSERT,2026-07-28T00:00:00,2026-07-28,PT0531376,LST0531376,AG01434,LOC0094,Condo,3,2.5,790,7899,1970,173600.0,2026-07-28,Active,,,0,349.75,2,No,No,2026-07-28,2026-07-28
INSERT,2026-07-28T00:00:00,2026-07-28,PT0531377,LST0531377,AG01545,LOC0103,Single Family,1,1.5,1236,3749,1968,177700.0,2026-07-28,Active,,,0,0.0,0,No,No,2026-07-28,2026-07-28
INSERT,2026-07-28T00:00:00,2026-07-28,PT0531378,LST0531378,AG02165,LOC0061,Single Family,5,3.0,2380,2801,1905,103900.0,2026-07-28,Active,,,0,0.0,0,Yes,Yes,2026-07-28,2026-07-28
INSERT,2026-07-28T00:00:00,2026-07-28,PT0531379,LST0531379,AG02139,LOC0148,Single Family,2,1.5,1726,1229,2017,457100.0,2026-07-28,Active,,,0,0.0,2,No,No,2026-07-28,2026-07-28
INSERT,2026-07-28T00:00:00,2026-07-28,PT0531380,LST0531380,AG02439,LOC0205,Condo,5,2.5,2643,1036,1992,564300.0,2026-07-28,Active,,,0,463.21,0,Yes,No,2026-07-28,2026-07-28
INSERT,2026-07-28T00:00:00,2026-07-28,PT0531381,LST0531381,AG00670,LOC0077,Condo,5,4.0,1639,10830,1942,427200.0,2026-07-28,Active,,,0,539.99,0,No,No,2026-07-28,2026-07-28
INSERT,2026-07-28T00:00:00,2026-07-28,PT0531382,LST0531382,AG00996,LOC0131,Single Family,3,4.5,648,2454,1990,106700.0,2026-07-28,Active,,,0,0.0,2,No,No,2026-07-28,2026-07-28
INSERT,2026-07-28T00:00:00,2026-07-28,PT0531383,LST0531383,AG01335,LOC0205,Single Family,4,4.5,1282,2356,1974,275900.0,2026-07-28,Active,,,0,0.0,1,No,No,2026-07-28,2026-07-28
INSERT,2026-07-28T00:00:00,2026-07-28,PT0531384,LST0531384,AG01468,LOC0212,Townhouse,6,3.5,707,2689,1995,482700.0,2026-07-28,Active,,,0,320.63,3,No,No,2026-07-28,2026-07-28
INSERT,2026-07-28T00:00:00,2026-07-28,PT0531385,LST0531385,AG01649,LOC0038,Single Family,3,3.5,1634,2136,1949,529600.0,2026-07-28,Active,,,0,0.0,3,No,Yes,2026-07-28,2026-07-28
INSERT,2026-07-28T00:00:00,2026-07-28,PT0531386,LST0531386,AG01814,LOC0240,Single Family,2,3.5,2537,1886,1978,956500.0,2026-07-28,Active,,,0,0.0,3,No,No,2026-07-28,2026-07-28
INSERT,2026-07-28T00:00:00,2026-07-28,PT0531387,LST0531387,AG00202,LOC0181,Single Family,5,3.0,2421,4724,1983,351800.0,2026-07-28,Active,,,0,0.0,1,No,No,2026-07-28,2026-07-28
INSERT,2026-07-28T00:00:00,2026-07-28,PT0531388,LST0531388,AG00873,LOC0053,Townhouse,2,3.5,1846,1389,2023,891200.0,2026-07-28,Active,,,0,726.08,3,No,No,2026-07-28,2026-07-28
INSERT,2026-07-28T00:00:00,2026-07-28,PT0531389,LST0531389,AG02935,LOC0061,Single Family,1,4.0,2362,4100,2000,179700.0,2026-07-28,Active,,,0,0.0,1,No,Yes,2026-07-28,2026-07-28
INSERT,2026-07-28T00:00:00,2026-07-28,PT0531390,LST0531390,AG00173,LOC0233,Townhouse,6,4.5,1234,3224,1982,108300.0,2026-07-28,Active,,,0,740.59,3,Yes,No,2026-07-28,2026-07-28
INSERT,2026-07-28T00:00:00,2026-07-28,PT0531391,LST0531391,AG01530,LOC0110,Single Family,4,1.0,1179,4114,1960,279400.0,2026-07-28,Active,,,0,0.0,3,No,No,2026-07-28,2026-07-28
INSERT,2026-07-28T00:00:00,2026-07-28,PT0531392,LST0531392,AG02869,LOC0249,Single Family,4,2.5,1300,2766,1937,648500.0,2026-07-28,Active,,,0,0.0,3,No,No,2026-07-28,2026-07-28
INSERT,2026-07-28T00:00:00,2026-07-28,PT0531393,LST0531393,AG01053,LOC0003,Land,0,0.0,10713,3784,1999,2016400.0,2026-07-28,Active,,,0,0.0,0,No,No,2026-07-28,2026-07-28
INSERT,2026-07-28T00:00:00,2026-07-28,PT0531394,LST0531394,AG01010,LOC0157,Multi-Family,3,1.0,4325,1578,1967,1241800.0,2026-07-28,Active,,,0,0.0,1,No,Yes,2026-07-28,2026-07-28
INSERT,2026-07-28T00:00:00,2026-07-28,PT0531395,LST0531395,AG02035,LOC0169,Single Family,6,1.0,2429,1067,2012,1002900.0,2026-07-28,Active,,,0,0.0,2,No,No,2026-07-28,2026-07-28
INSERT,2026-07-28T00:00:00,2026-07-28,PT0531396,LST0531396,AG00028,LOC0209,Condo,3,1.5,300,3816,1919,116100.0,2026-07-28,Active,,,0,545.86,2,No,No,2026-07-28,2026-07-28
INSERT,2026-07-28T00:00:00,2026-07-28,PT0531397,LST0531397,AG00909,LOC0031,Single Family,4,1.5,1700,9164,1979,530100.0,2026-07-28,Active,,,0,0.0,0,No,No,2026-07-28,2026-07-28
INSERT,2026-07-28T00:00:00,2026-07-28,PT0531398,LST0531398,AG01778,LOC0037,Townhouse,1,3.5,2323,4073,2003,933000.0,2026-07-28,Active,,,0,590.44,0,No,No,2026-07-28,2026-07-28
INSERT,2026-07-28T00:00:00,2026-07-28,PT0531399,LST0531399,AG02484,LOC0176,Apartment,4,4.5,1151,0,1926,491300.0,2026-07-28,Active,,,0,509.35,0,No,No,2026-07-28,2026-07-28
INSERT,2026-07-28T00:00:00,2026-07-28,PT0531400,LST0531400,AG02271,LOC0111,Apartment,2,4.5,879,0,2013,107400.0,2026-07-28,Active,,,0,268.12,2,No,No,2026-07-28,2026-07-28
INSERT,2026-07-28T00:00:00,2026-07-28,PT0531401,LST0531401,AG02447,LOC0084,Multi-Family,5,4.5,4827,4360,1984,1653900.0,2026-07-28,Active,,,0,0.0,3,No,Yes,2026-07-28,2026-07-28
INSERT,2026-07-28T00:00:00,2026-07-28,PT0531402,LST0531402,AG00810,LOC0233,Townhouse,4,4.5,1307,5516,1925,413100.0,2026-07-28,Active,,,0,80.34,0,No,No,2026-07-28,2026-07-28
INSERT,2026-07-28T00:00:00,2026-07-28,PT0531403,LST0531403,AG02550,LOC0066,Multi-Family,5,1.0,2805,5387,2007,524800.0,2026-07-28,Active,,,0,0.0,1,No,No,2026-07-28,2026-07-28
INSERT,2026-07-28T00:00:00,2026-07-28,PT0531404,LST0531404,AG02644,LOC0235,Townhouse,5,1.0,1662,1263,2000,389200.0,2026-07-28,Active,,,0,568.91,2,No,No,2026-07-28,2026-07-28
INSERT,2026-07-28T00:00:00,2026-07-28,PT0531405,LST0531405,AG01471,LOC0023,Condo,6,2.5,1683,1822,1922,625300.0,2026-07-28,Active,,,0,346.23,0,Yes,No,2026-07-28,2026-07-28
INSERT,2026-07-28T00:00:00,2026-07-28,PT0531406,LST0531406,AG01945,LOC0083,Apartment,6,1.5,833,0,1910,228300.0,2026-07-28,Active,,,0,561.07,1,No,No,2026-07-28,2026-07-28
INSERT,2026-07-28T00:00:00,2026-07-28,PT0531407,LST0531407,AG01180,LOC0150,Single Family,4,4.5,2623,3289,1915,620500.0,2026-07-28,Active,,,0,0.0,2,No,Yes,2026-07-28,2026-07-28
INSERT,2026-07-28T00:00:00,2026-07-28,PT0531408,LST0531408,AG01552,LOC0133,Condo,2,1.5,2557,4493,1992,328200.0,2026-07-28,Active,,,0,484.18,1,Yes,No,2026-07-28,2026-07-28
INSERT,2026-07-28T00:00:00,2026-07-28,PT0531409,LST0531409,AG02128,LOC0103,Single Family,4,4.5,330,1859,1940,68600.0,2026-07-28,Active,,,0,0.0,2,No,No,2026-07-28,2026-07-28
INSERT,2026-07-28T00:00:00,2026-07-28,PT0531410,LST0531410,AG01095,LOC0203,Apartment,6,2.5,1236,0,1937,221400.0,2026-07-28,Active,,,0,566.87,3,No,No,2026-07-28,2026-07-28
INSERT,2026-07-28T00:00:00,2026-07-28,PT0531411,LST0531411,AG01706,LOC0077,Townhouse,4,4.0,1020,1206,1914,242100.0,2026-07-28,Active,,,0,779.7,3,No,No,2026-07-28,2026-07-28
INSERT,2026-07-28T00:00:00,2026-07-28,PT0531412,LST0531412,AG01320,LOC0125,Condo,1,4.0,1825,4557,1939,298400.0,2026-07-28,Active,,,0,424.24,1,No,No,2026-07-28,2026-07-28
INSERT,2026-07-28T00:00:00,2026-07-28,PT0531413,LST0531413,AG01688,LOC0058,Single Family,2,1.0,1444,1209,1993,418200.0,2026-07-28,Active,,,0,0.0,3,No,Yes,2026-07-28,2026-07-28
INSERT,2026-07-28T00:00:00,2026-07-28,PT0531414,LST0531414,AG00193,LOC0138,Townhouse,3,3.0,322,4038,1912,71100.0,2026-07-28,Active,,,0,646.8,1,No,No,2026-07-28,2026-07-28
INSERT,2026-07-28T00:00:00,2026-07-28,PT0531415,LST0531415,AG00905,LOC0112,Single Family,5,2.0,2079,16137,1924,262800.0,2026-07-28,Active,,,0,0.0,2,Yes,No,2026-07-28,2026-07-28
INSERT,2026-07-28T00:00:00,2026-07-28,PT0531416,LST0531416,AG00364,LOC0225,Apartment,3,3.0,302,0,1969,160400.0,2026-07-28,Active,,,0,414.77,3,No,No,2026-07-28,2026-07-28
INSERT,2026-07-28T00:00:00,2026-07-28,PT0531417,LST0531417,AG01012,LOC0160,Single Family,3,4.0,869,2701,2019,165400.0,2026-07-28,Active,,,0,0.0,2,No,No,2026-07-28,2026-07-28
INSERT,2026-07-28T00:00:00,2026-07-28,PT0531418,LST0531418,AG00745,LOC0214,Single Family,5,3.0,1851,2301,1970,438100.0,2026-07-28,Active,,,0,0.0,3,No,Yes,2026-07-28,2026-07-28
INSERT,2026-07-28T00:00:00,2026-07-28,PT0531419,LST0531419,AG02600,LOC0029,Apartment,5,2.5,811,0,2011,239800.0,2026-07-28,Active,,,0,757.31,3,Yes,No,2026-07-28,2026-07-28
INSERT,2026-07-28T00:00:00,2026-07-28,PT0531420,LST0531420,AG00666,LOC0011,Multi-Family,5,2.0,2143,6144,2005,857000.0,2026-07-28,Active,,,0,0.0,0,No,Yes,2026-07-28,2026-07-28
INSERT,2026-07-28T00:00:00,2026-07-28,PT0531421,LST0531421,AG01790,LOC0027,Townhouse,4,4.5,1450,4762,1930,584200.0,2026-07-28,Active,,,0,245.48,3,No,No,2026-07-28,2026-07-28
INSERT,2026-07-28T00:00:00,2026-07-28,PT0531422,LST0531422,AG02480,LOC0192,Single Family,4,4.5,2824,2081,1946,957100.0,2026-07-28,Active,,,0,0.0,1,No,Yes,2026-07-28,2026-07-28
INSERT,2026-07-28T00:00:00,2026-07-28,PT0531423,LST0531423,AG02127,LOC0046,Single Family,2,1.0,1385,5439,2003,227300.0,2026-07-28,Active,,,0,0.0,1,No,Yes,2026-07-28,2026-07-28
INSERT,2026-07-28T00:00:00,2026-07-28,PT0531424,LST0531424,AG00942,LOC0123,Townhouse,3,4.5,2492,11079,2009,895900.0,2026-07-28,Active,,,0,212.22,0,Yes,No,2026-07-28,2026-07-28
INSERT,2026-07-28T00:00:00,2026-07-28,PT0531425,LST0531425,AG02912,LOC0175,Single Family,3,4.5,1280,1715,1912,302200.0,2026-07-28,Active,,,0,0.0,1,No,No,2026-07-28,2026-07-28
INSERT,2026-07-28T00:00:00,2026-07-28,PT0531426,LST0531426,AG02399,LOC0112,Single Family,6,1.0,784,8433,1905,75700.0,2026-07-28,Active,,,0,0.0,1,No,No,2026-07-28,2026-07-28
INSERT,2026-07-28T00:00:00,2026-07-28,PT0531427,LST0531427,AG02875,LOC0093,Single Family,4,1.5,2530,1800,1967,509100.0,2026-07-28,Active,,,0,0.0,0,No,Yes,2026-07-28,2026-07-28
INSERT,2026-07-28T00:00:00,2026-07-28,PT0531428,LST0531428,AG01455,LOC0021,Condo,6,1.5,2962,3137,1979,475400.0,2026-07-28,Active,,,0,312.01,1,No,No,2026-07-28,2026-07-28
INSERT,2026-07-28T00:00:00,2026-07-28,PT0531429,LST0531429,AG00078,LOC0226,Multi-Family,4,1.5,3697,8012,1929,320900.0,2026-07-28,Active,,,0,0.0,2,No,Yes,2026-07-28,2026-07-28
INSERT,2026-07-28T00:00:00,2026-07-28,PT0531430,LST0531430,AG01602,LOC0025,Condo,5,4.0,2833,4094,2024,851400.0,2026-07-28,Active,,,0,339.76,1,No,No,2026-07-28,2026-07-28
INSERT,2026-07-28T00:00:00,2026-07-28,PT0531431,LST0531431,AG02507,LOC0205,Single Family,6,3.5,1962,6309,1922,189300.0,2026-07-28,Active,,,0,0.0,0,No,No,2026-07-28,2026-07-28
INSERT,2026-07-28T00:00:00,2026-07-28,PT0531432,LST0531432,AG02168,LOC0025,Condo,6,3.0,1993,2572,2015,820100.0,2026-07-28,Active,,,0,556.91,1,No,No,2026-07-28,2026-07-28
INSERT,2026-07-28T00:00:00,2026-07-28,PT0531433,LST0531433,AG01399,LOC0114,Condo,4,1.0,1259,4700,1933,226900.0,2026-07-28,Active,,,0,429.21,1,No,No,2026-07-28,2026-07-28
INSERT,2026-07-28T00:00:00,2026-07-28,PT0531434,LST0531434,AG00505,LOC0204,Single Family,4,1.5,1929,2840,1984,1013900.0,2026-07-28,Active,,,0,0.0,3,No,Yes,2026-07-28,2026-07-28
INSERT,2026-07-28T00:00:00,2026-07-28,PT0531435,LST0531435,AG00037,LOC0088,Single Family,6,4.5,1989,5432,1938,319300.0,2026-07-28,Active,,,0,0.0,1,No,Yes,2026-07-28,2026-07-28
INSERT,2026-07-28T00:00:00,2026-07-28,PT0531436,LST0531436,AG00287,LOC0014,Single Family,3,4.5,2822,11422,1986,762200.0,2026-07-28,Active,,,0,0.0,3,No,No,2026-07-28,2026-07-28
INSERT,2026-07-28T00:00:00,2026-07-28,PT0531437,LST0531437,AG01168,LOC0102,Multi-Family,5,2.5,2289,6224,1957,614700.0,2026-07-28,Active,,,0,0.0,0,No,Yes,2026-07-28,2026-07-28
INSERT,2026-07-28T00:00:00,2026-07-28,PT0531438,LST0531438,AG01178,LOC0217,Apartment,5,4.5,918,0,1987,67900.0,2026-07-28,Active,,,0,566.02,0,No,No,2026-07-28,2026-07-28
INSERT,2026-07-28T00:00:00,2026-07-28,PT0531439,LST0531439,AG02483,LOC0145,Land,0,0.0,3767,1027,1935,882500.0,2026-07-28,Active,,,0,0.0,0,No,No,2026-07-28,2026-07-28
INSERT,2026-07-28T00:00:00,2026-07-28,PT0531440,LST0531440,AG01296,LOC0027,Multi-Family,2,2.5,5197,4973,2008,2179600.0,2026-07-28,Active,,,0,0.0,2,No,No,2026-07-28,2026-07-28
INSERT,2026-07-28T00:00:00,2026-07-28,PT0531441,LST0531441,AG02093,LOC0120,Townhouse,1,4.0,2004,1696,2001,517300.0,2026-07-28,Active,,,0,169.04,0,Yes,No,2026-07-28,2026-07-28
INSERT,2026-07-28T00:00:00,2026-07-28,PT0531442,LST0531442,AG00589,LOC0228,Townhouse,2,2.0,2999,3719,1930,1557400.0,2026-07-28,Active,,,0,51.22,2,No,No,2026-07-28,2026-07-28
INSERT,2026-07-28T00:00:00,2026-07-28,PT0531443,LST0531443,AG02385,LOC0214,Townhouse,1,2.0,1657,6430,2015,572400.0,2026-07-28,Active,,,0,75.23,2,No,No,2026-07-28,2026-07-28
INSERT,2026-07-28T00:00:00,2026-07-28,PT0531444,LST0531444,AG01611,LOC0084,Townhouse,5,3.5,2022,6725,1990,386800.0,2026-07-28,Active,,,0,444.65,3,No,No,2026-07-28,2026-07-28
INSERT,2026-07-28T00:00:00,2026-07-28,PT0531445,LST0531445,AG02786,LOC0231,Multi-Family,6,4.0,2670,1333,1965,696800.0,2026-07-28,Active,,,0,0.0,0,No,Yes,2026-07-28,2026-07-28
INSERT,2026-07-28T00:00:00,2026-07-28,PT0531446,LST0531446,AG02784,LOC0242,Single Family,1,2.5,969,1553,1984,191100.0,2026-07-28,Active,,,0,0.0,1,No,Yes,2026-07-28,2026-07-28
INSERT,2026-07-28T00:00:00,2026-07-28,PT0531447,LST0531447,AG02845,LOC0174,Multi-Family,3,1.0,1994,2589,1993,833200.0,2026-07-28,Active,,,0,0.0,1,No,Yes,2026-07-28,2026-07-28
INSERT,2026-07-28T00:00:00,2026-07-28,PT0531448,LST0531448,AG01983,LOC0148,Single Family,4,3.0,2012,1916,1900,862600.0,2026-07-28,Active,,,0,0.0,0,No,Yes,2026-07-28,2026-07-28
INSERT,2026-07-28T00:00:00,2026-07-28,PT0531449,LST0531449,AG00577,LOC0193,Multi-Family,2,1.0,2858,4236,1917,1340900.0,2026-07-28,Active,,,0,0.0,2,No,Yes,2026-07-28,2026-07-28
INSERT,2026-07-28T00:00:00,2026-07-28,PT0531450,LST0531450,AG02663,LOC0074,Multi-Family,1,4.5,3765,8344,1906,1253600.0,2026-07-28,Active,,,0,0.0,1,No,No,2026-07-28,2026-07-28
INSERT,2026-07-28T00:00:00,2026-07-28,PT0531451,LST0531451,AG01896,LOC0105,Townhouse,2,3.0,1447,7104,1931,221700.0,2026-07-28,Active,,,0,178.94,2,No,No,2026-07-28,2026-07-28
INSERT,2026-07-28T00:00:00,2026-07-28,PT0531452,LST0531452,AG00725,LOC0105,Townhouse,2,4.0,1271,7821,2014,231600.0,2026-07-28,Active,,,0,487.25,2,No,No,2026-07-28,2026-07-28
INSERT,2026-07-28T00:00:00,2026-07-28,PT0531453,LST0531453,AG02268,LOC0061,Condo,5,1.5,2805,7553,1904,418500.0,2026-07-28,Active,,,0,767.34,1,No,No,2026-07-28,2026-07-28
INSERT,2026-07-28T00:00:00,2026-07-28,PT0531454,LST0531454,AG00144,LOC0068,Multi-Family,3,2.5,1473,2634,2001,328400.0,2026-07-28,Active,,,0,0.0,1,No,Yes,2026-07-28,2026-07-28
INSERT,2026-07-28T00:00:00,2026-07-28,PT0531455,LST0531455,AG01827,LOC0022,Single Family,6,2.0,1513,5394,1989,200100.0,2026-07-28,Active,,,0,0.0,1,No,Yes,2026-07-28,2026-07-28
INSERT,2026-07-28T00:00:00,2026-07-28,PT0531456,LST0531456,AG01790,LOC0093,Single Family,2,2.5,1906,4155,1924,429000.0,2026-07-28,Active,,,0,0.0,2,No,No,2026-07-28,2026-07-28
INSERT,2026-07-28T00:00:00,2026-07-28,PT0531457,LST0531457,AG02518,LOC0125,Condo,4,1.5,1373,1139,1954,381600.0,2026-07-28,Active,,,0,313.94,0,No,No,2026-07-28,2026-07-28
INSERT,2026-07-28T00:00:00,2026-07-28,PT0531458,LST0531458,AG01108,LOC0190,Townhouse,1,2.5,1668,5350,1931,517200.0,2026-07-28,Active,,,0,430.26,2,No,No,2026-07-28,2026-07-28
INSERT,2026-07-28T00:00:00,2026-07-28,PT0531459,LST0531459,AG00469,LOC0037,Land,0,0.0,6026,3085,1964,2955800.0,2026-07-28,Active,,,0,0.0,0,No,No,2026-07-28,2026-07-28
INSERT,2026-07-28T00:00:00,2026-07-28,PT0531460,LST0531460,AG00862,LOC0248,Multi-Family,5,4.0,1360,2323,1973,358100.0,2026-07-28,Active,,,0,0.0,0,No,No,2026-07-28,2026-07-28
INSERT,2026-07-28T00:00:00,2026-07-28,PT0531461,LST0531461,AG02763,LOC0070,Condo,1,1.0,1480,8364,1961,357900.0,2026-07-28,Active,,,0,378.83,3,No,No,2026-07-28,2026-07-28
INSERT,2026-07-28T00:00:00,2026-07-28,PT0531462,LST0531462,AG02124,LOC0068,Single Family,4,2.5,1769,3609,1982,375100.0,2026-07-28,Active,,,0,0.0,0,No,Yes,2026-07-28,2026-07-28
INSERT,2026-07-28T00:00:00,2026-07-28,PT0531463,LST0531463,AG00359,LOC0111,Single Family,1,2.0,545,1417,2007,41300.0,2026-07-28,Active,,,0,0.0,1,No,Yes,2026-07-28,2026-07-28
INSERT,2026-07-28T00:00:00,2026-07-28,PT0531464,LST0531464,AG00344,LOC0210,Single Family,5,2.5,1948,3426,1943,686400.0,2026-07-28,Active,,,0,0.0,3,No,Yes,2026-07-28,2026-07-28
INSERT,2026-07-28T00:00:00,2026-07-28,PT0531465,LST0531465,AG01484,LOC0090,Condo,5,1.5,1799,10649,1988,479500.0,2026-07-28,Active,,,0,114.38,1,No,No,2026-07-28,2026-07-28
INSERT,2026-07-28T00:00:00,2026-07-28,PT0531466,LST0531466,AG00611,LOC0180,Condo,3,1.0,2286,1533,1934,957400.0,2026-07-28,Active,,,0,75.13,0,No,No,2026-07-28,2026-07-28
INSERT,2026-07-28T00:00:00,2026-07-28,PT0531467,LST0531467,AG01047,LOC0219,Single Family,2,2.5,2727,1005,1999,1428600.0,2026-07-28,Active,,,0,0.0,0,No,No,2026-07-28,2026-07-28
INSERT,2026-07-28T00:00:00,2026-07-28,PT0531468,LST0531468,AG02196,LOC0209,Townhouse,4,4.5,489,1831,1982,198300.0,2026-07-28,Active,,,0,725.15,3,No,No,2026-07-28,2026-07-28
INSERT,2026-07-28T00:00:00,2026-07-28,PT0531469,LST0531469,AG02858,LOC0140,Condo,1,3.5,1029,3795,1905,327500.0,2026-07-28,Active,,,0,194.55,0,No,No,2026-07-28,2026-07-28
INSERT,2026-07-28T00:00:00,2026-07-28,PT0531470,LST0531470,AG01554,LOC0061,Condo,4,3.0,1846,1018,1959,273600.0,2026-07-28,Active,,,0,545.15,3,No,No,2026-07-28,2026-07-28
INSERT,2026-07-28T00:00:00,2026-07-28,PT0531471,LST0531471,AG01688,LOC0209,Condo,2,1.5,680,4366,1971,236800.0,2026-07-28,Active,,,0,681.01,0,No,No,2026-07-28,2026-07-28
INSERT,2026-07-28T00:00:00,2026-07-28,PT0531472,LST0531472,AG02965,LOC0083,Townhouse,1,3.0,2825,6141,2021,412800.0,2026-07-28,Active,,,0,709.98,3,No,No,2026-07-28,2026-07-28
INSERT,2026-07-28T00:00:00,2026-07-28,PT0531473,LST0531473,AG01244,LOC0040,Single Family,6,3.0,2396,5316,2000,1088300.0,2026-07-28,Active,,,0,0.0,2,No,No,2026-07-28,2026-07-28
INSERT,2026-07-28T00:00:00,2026-07-28,PT0531474,LST0531474,AG00566,LOC0045,Single Family,4,2.0,774,11075,1985,311100.0,2026-07-28,Active,,,0,0.0,2,No,Yes,2026-07-28,2026-07-28
INSERT,2026-07-28T00:00:00,2026-07-28,PT0531475,LST0531475,AG01921,LOC0054,Condo,4,1.5,2967,6590,1978,536400.0,2026-07-28,Active,,,0,724.95,2,No,No,2026-07-28,2026-07-28
INSERT,2026-07-28T00:00:00,2026-07-28,PT0531476,LST0531476,AG01501,LOC0197,Condo,4,3.5,3144,3905,1934,1139700.0,2026-07-28,Active,,,0,347.09,1,No,No,2026-07-28,2026-07-28
INSERT,2026-07-28T00:00:00,2026-07-28,PT0531477,LST0531477,AG01202,LOC0019,Single Family,2,4.5,2205,1637,1923,554000.0,2026-07-28,Active,,,0,0.0,2,No,No,2026-07-28,2026-07-28
INSERT,2026-07-28T00:00:00,2026-07-28,PT0531478,LST0531478,AG01545,LOC0087,Single Family,6,4.5,2300,20103,1926,637500.0,2026-07-28,Active,,,0,0.0,3,No,No,2026-07-28,2026-07-28
INSERT,2026-07-28T00:00:00,2026-07-28,PT0531479,LST0531479,AG01128,LOC0051,Condo,5,1.5,786,11288,1996,131100.0,2026-07-28,Active,,,0,457.63,2,No,No,2026-07-28,2026-07-28
INSERT,2026-07-28T00:00:00,2026-07-28,PT0531480,LST0531480,AG00145,LOC0206,Condo,1,1.0,3073,4657,1997,318000.0,2026-07-28,Active,,,0,654.56,2,No,No,2026-07-28,2026-07-28
INSERT,2026-07-28T00:00:00,2026-07-28,PT0531481,LST0531481,AG00937,LOC0059,Single Family,1,3.5,305,6479,1925,40000.0,2026-07-28,Active,,,0,0.0,0,No,Yes,2026-07-28,2026-07-28
INSERT,2026-07-28T00:00:00,2026-07-28,PT0531482,LST0531482,AG00180,LOC0064,Single Family,1,2.5,1133,7746,2014,241500.0,2026-07-28,Active,,,0,0.0,3,Yes,No,2026-07-28,2026-07-28
INSERT,2026-07-28T00:00:00,2026-07-28,PT0531483,LST0531483,AG02995,LOC0082,Single Family,5,4.5,1459,1018,1992,142000.0,2026-07-28,Active,,,0,0.0,0,No,No,2026-07-28,2026-07-28
INSERT,2026-07-28T00:00:00,2026-07-28,PT0531484,LST0531484,AG01512,LOC0146,Multi-Family,3,3.5,3079,21399,1996,347800.0,2026-07-28,Active,,,0,0.0,1,No,Yes,2026-07-28,2026-07-28
INSERT,2026-07-28T00:00:00,2026-07-28,PT0531485,LST0531485,AG00275,LOC0023,Single Family,5,3.0,577,4092,1927,89900.0,2026-07-28,Active,,,0,0.0,1,No,No,2026-07-28,2026-07-28
INSERT,2026-07-28T00:00:00,2026-07-28,PT0531486,LST0531486,AG01580,LOC0173,Townhouse,4,4.0,2376,7516,2022,787400.0,2026-07-28,Active,,,0,265.5,0,No,No,2026-07-28,2026-07-28
INSERT,2026-07-28T00:00:00,2026-07-28,PT0531487,LST0531487,AG00593,LOC0056,Townhouse,2,1.0,3522,1823,1917,1405100.0,2026-07-28,Active,,,0,234.44,3,No,No,2026-07-28,2026-07-28
INSERT,2026-07-28T00:00:00,2026-07-28,PT0531488,LST0531488,AG01345,LOC0115,Single Family,2,4.0,1552,6606,1939,413000.0,2026-07-28,Active,,,0,0.0,1,No,Yes,2026-07-28,2026-07-28
INSERT,2026-07-28T00:00:00,2026-07-28,PT0531489,LST0531489,AG00775,LOC0069,Single Family,2,3.5,2768,7249,1935,841300.0,2026-07-28,Active,,,0,0.0,3,No,No,2026-07-28,2026-07-28
INSERT,2026-07-28T00:00:00,2026-07-28,PT0531490,LST0531490,AG02999,LOC0037,Land,0,0.0,9821,2745,1928,3035900.0,2026-07-28,Active,,,0,0.0,0,No,No,2026-07-28,2026-07-28
INSERT,2026-07-28T00:00:00,2026-07-28,PT0531491,LST0531491,AG00714,LOC0073,Single Family,4,1.0,3101,2404,1998,985700.0,2026-07-28,Active,,,0,0.0,0,Yes,Yes,2026-07-28,2026-07-28
INSERT,2026-07-28T00:00:00,2026-07-28,PT0531492,LST0531492,AG02864,LOC0028,Condo,1,2.5,1124,14588,1955,99400.0,2026-07-28,Active,,,0,349.8,2,No,No,2026-07-28,2026-07-28
INSERT,2026-07-28T00:00:00,2026-07-28,PT0531493,LST0531493,AG01177,LOC0118,Multi-Family,3,1.0,1370,1570,2025,281600.0,2026-07-28,Active,,,0,0.0,0,No,Yes,2026-07-28,2026-07-28
INSERT,2026-07-28T00:00:00,2026-07-28,PT0531494,LST0531494,AG01279,LOC0059,Single Family,5,4.5,617,4622,1918,24900.0,2026-07-28,Active,,,0,0.0,0,No,Yes,2026-07-28,2026-07-28
INSERT,2026-07-28T00:00:00,2026-07-28,PT0531495,LST0531495,AG02050,LOC0231,Single Family,5,2.5,1756,3799,1925,375200.0,2026-07-28,Active,,,0,0.0,2,No,Yes,2026-07-28,2026-07-28
INSERT,2026-07-28T00:00:00,2026-07-28,PT0531496,LST0531496,AG00567,LOC0240,Single Family,6,3.5,2351,8820,2021,741900.0,2026-07-28,Active,,,0,0.0,2,Yes,No,2026-07-28,2026-07-28
INSERT,2026-07-28T00:00:00,2026-07-28,PT0531497,LST0531497,AG00012,LOC0105,Single Family,5,4.5,1732,1901,2020,371800.0,2026-07-28,Active,,,0,0.0,0,Yes,No,2026-07-28,2026-07-28
INSERT,2026-07-28T00:00:00,2026-07-28,PT0531498,LST0531498,AG00451,LOC0053,Land,0,0.0,5435,2073,2004,2182300.0,2026-07-28,Active,,,0,0.0,0,No,No,2026-07-28,2026-07-28
INSERT,2026-07-28T00:00:00,2026-07-28,PT0531499,LST0531499,AG01547,LOC0183,Single Family,2,2.0,2266,6857,1924,383400.0,2026-07-28,Active,,,0,0.0,0,No,No,2026-07-28,2026-07-28
INSERT,2026-07-28T00:00:00,2026-07-28,PT0531500,LST0531500,AG01009,LOC0172,Single Family,1,3.0,1050,4887,2001,234400.0,2026-07-28,Active,,,0,0.0,1,No,Yes,2026-07-28,2026-07-28
INSERT,2026-07-28T00:00:00,2026-07-28,PT0531501,LST0531501,AG02233,LOC0084,Apartment,1,4.0,562,0,1973,321700.0,2026-07-28,Active,,,0,251.22,3,No,No,2026-07-28,2026-07-28
INSERT,2026-07-28T00:00:00,2026-07-28,PT0531502,LST0531502,AG01054,LOC0088,Single Family,6,3.0,2254,5437,1925,434600.0,2026-07-28,Active,,,0,0.0,1,No,No,2026-07-28,2026-07-28
INSERT,2026-07-28T00:00:00,2026-07-28,PT0531503,LST0531503,AG01204,LOC0175,Single Family,1,4.5,3129,2131,1969,921900.0,2026-07-28,Active,,,0,0.0,1,Yes,Yes,2026-07-28,2026-07-28
INSERT,2026-07-28T00:00:00,2026-07-28,PT0531504,LST0531504,AG02932,LOC0209,Single Family,5,1.0,1303,1411,2017,483900.0,2026-07-28,Active,,,0,0.0,2,No,No,2026-07-28,2026-07-28
INSERT,2026-07-28T00:00:00,2026-07-28,PT0531505,LST0531505,AG02608,LOC0105,Condo,3,1.5,1974,5198,1922,514700.0,2026-07-28,Active,,,0,558.51,2,No,No,2026-07-28,2026-07-28
INSERT,2026-07-28T00:00:00,2026-07-28,PT0531506,LST0531506,AG00161,LOC0009,Single Family,6,3.5,2372,3142,1948,823400.0,2026-07-28,Active,,,0,0.0,2,No,No,2026-07-28,2026-07-28
INSERT,2026-07-28T00:00:00,2026-07-28,PT0531507,LST0531507,AG01115,LOC0231,Single Family,4,4.0,1520,2668,1965,394900.0,2026-07-28,Active,,,0,0.0,1,No,No,2026-07-28,2026-07-28
INSERT,2026-07-28T00:00:00,2026-07-28,PT0531508,LST0531508,AG01529,LOC0067,Land,0,0.0,4608,11846,1951,963100.0,2026-07-28,Active,,,0,0.0,0,No,No,2026-07-28,2026-07-28
INSERT,2026-07-28T00:00:00,2026-07-28,PT0531509,LST0531509,AG02300,LOC0174,Condo,1,1.0,1630,1325,1934,516500.0,2026-07-28,Active,,,0,335.01,0,No,No,2026-07-28,2026-07-28
INSERT,2026-07-28T00:00:00,2026-07-28,PT0531510,LST0531510,AG00896,LOC0040,Single Family,3,4.0,1145,3398,2011,670400.0,2026-07-28,Active,,,0,0.0,3,No,Yes,2026-07-28,2026-07-28
INSERT,2026-07-28T00:00:00,2026-07-28,PT0531511,LST0531511,AG01456,LOC0050,Single Family,4,1.5,704,8229,1945,81200.0,2026-07-28,Active,,,0,0.0,0,No,No,2026-07-28,2026-07-28
INSERT,2026-07-28T00:00:00,2026-07-28,PT0531512,LST0531512,AG01403,LOC0184,Apartment,6,1.0,1405,0,1988,1032000.0,2026-07-28,Active,,,0,311.42,0,No,No,2026-07-28,2026-07-28
INSERT,2026-07-28T00:00:00,2026-07-28,PT0531513,LST0531513,AG00871,LOC0095,Condo,4,4.0,1603,10282,1965,769500.0,2026-07-28,Active,,,0,75.29,0,No,No,2026-07-28,2026-07-28
INSERT,2026-07-28T00:00:00,2026-07-28,PT0531514,LST0531514,AG00075,LOC0017,Land,0,0.0,5678,1153,1973,2737700.0,2026-07-28,Active,,,0,0.0,0,No,No,2026-07-28,2026-07-28
INSERT,2026-07-28T00:00:00,2026-07-28,PT0531515,LST0531515,AG01208,LOC0081,Single Family,5,2.5,2522,2687,1960,640900.0,2026-07-28,Active,,,0,0.0,1,No,Yes,2026-07-28,2026-07-28
INSERT,2026-07-28T00:00:00,2026-07-28,PT0531516,LST0531516,AG01544,LOC0197,Apartment,2,4.0,1068,0,1959,228100.0,2026-07-28,Active,,,0,560.26,1,No,No,2026-07-28,2026-07-28
INSERT,2026-07-28T00:00:00,2026-07-28,PT0531517,LST0531517,AG00884,LOC0238,Condo,2,1.5,2640,3926,1948,752700.0,2026-07-28,Active,,,0,558.96,2,No,No,2026-07-28,2026-07-28
INSERT,2026-07-28T00:00:00,2026-07-28,PT0531518,LST0531518,AG01343,LOC0046,Townhouse,5,2.0,1994,5736,1944,539500.0,2026-07-28,Active,,,0,410.05,0,No,No,2026-07-28,2026-07-28
INSERT,2026-07-28T00:00:00,2026-07-28,PT0531519,LST0531519,AG00678,LOC0127,Single Family,1,3.0,2181,2633,2021,531800.0,2026-07-28,Active,,,0,0.0,1,Yes,Yes,2026-07-28,2026-07-28
INSERT,2026-07-28T00:00:00,2026-07-28,PT0531520,LST0531520,AG02828,LOC0223,Single Family,3,1.0,1822,3861,1934,596300.0,2026-07-28,Active,,,0,0.0,3,No,Yes,2026-07-28,2026-07-28
INSERT,2026-07-28T00:00:00,2026-07-28,PT0531521,LST0531521,AG02350,LOC0098,Single Family,1,3.5,960,6714,2022,182500.0,2026-07-28,Active,,,0,0.0,0,No,Yes,2026-07-28,2026-07-28
INSERT,2026-07-28T00:00:00,2026-07-28,PT0531522,LST0531522,AG00423,LOC0048,Single Family,2,4.0,1242,2013,1979,599400.0,2026-07-28,Active,,,0,0.0,1,No,No,2026-07-28,2026-07-28
INSERT,2026-07-28T00:00:00,2026-07-28,PT0531523,LST0531523,AG00247,LOC0162,Multi-Family,1,1.5,5506,3716,1925,916800.0,2026-07-28,Active,,,0,0.0,2,Yes,Yes,2026-07-28,2026-07-28
INSERT,2026-07-28T00:00:00,2026-07-28,PT0531524,LST0531524,AG02122,LOC0207,Condo,2,2.0,1595,3799,1942,283200.0,2026-07-28,Active,,,0,747.72,0,No,No,2026-07-28,2026-07-28
INSERT,2026-07-28T00:00:00,2026-07-28,PT0531525,LST0531525,AG01290,LOC0116,Single Family,1,1.5,2178,1267,1984,657500.0,2026-07-28,Active,,,0,0.0,0,No,No,2026-07-28,2026-07-28
INSERT,2026-07-28T00:00:00,2026-07-28,PT0531526,LST0531526,AG00027,LOC0017,Multi-Family,2,3.0,2133,8370,1982,973700.0,2026-07-28,Active,,,0,0.0,0,No,Yes,2026-07-28,2026-07-28
INSERT,2026-07-28T00:00:00,2026-07-28,PT0531527,LST0531527,AG01088,LOC0042,Townhouse,4,1.0,1609,1374,1952,486700.0,2026-07-28,Active,,,0,558.35,0,No,No,2026-07-28,2026-07-28
INSERT,2026-07-28T00:00:00,2026-07-28,PT0531528,LST0531528,AG02425,LOC0018,Single Family,3,1.5,2474,1206,1955,670900.0,2026-07-28,Active,,,0,0.0,1,No,Yes,2026-07-28,2026-07-28
INSERT,2026-07-28T00:00:00,2026-07-28,PT0531529,LST0531529,AG00144,LOC0015,Townhouse,4,1.0,2188,1328,1934,489900.0,2026-07-28,Active,,,0,714.52,3,No,No,2026-07-28,2026-07-28
INSERT,2026-07-28T00:00:00,2026-07-28,PT0531530,LST0531530,AG01471,LOC0046,Single Family,4,3.5,1135,5898,1972,221700.0,2026-07-28,Active,,,0,0.0,1,No,Yes,2026-07-28,2026-07-28
INSERT,2026-07-28T00:00:00,2026-07-28,PT0531531,LST0531531,AG02936,LOC0116,Townhouse,5,2.5,3104,3458,2014,657500.0,2026-07-28,Active,,,0,351.69,0,Yes,No,2026-07-28,2026-07-28
INSERT,2026-07-28T00:00:00,2026-07-28,PT0531532,LST0531532,AG01943,LOC0090,Condo,4,3.5,1856,5433,1985,380300.0,2026-07-28,Active,,,0,372.58,0,No,No,2026-07-28,2026-07-28
INSERT,2026-07-28T00:00:00,2026-07-28,PT0531533,LST0531533,AG02958,LOC0165,Single Family,6,4.0,904,2381,1911,402500.0,2026-07-28,Active,,,0,0.0,0,No,Yes,2026-07-28,2026-07-28
INSERT,2026-07-28T00:00:00,2026-07-28,PT0531534,LST0531534,AG00748,LOC0216,Single Family,1,1.5,1615,9037,1972,391800.0,2026-07-28,Active,,,0,0.0,3,No,No,2026-07-28,2026-07-28
INSERT,2026-07-28T00:00:00,2026-07-28,PT0531535,LST0531535,AG01010,LOC0003,Condo,5,1.0,2045,2694,1946,298000.0,2026-07-28,Active,,,0,690.21,0,No,No,2026-07-28,2026-07-28
INSERT,2026-07-28T00:00:00,2026-07-28,PT0531536,LST0531536,AG02348,LOC0001,Single Family,2,4.0,2139,5016,1935,640200.0,2026-07-28,Active,,,0,0.0,0,Yes,Yes,2026-07-28,2026-07-28
INSERT,2026-07-28T00:00:00,2026-07-28,PT0531537,LST0531537,AG01157,LOC0034,Single Family,4,4.0,2327,2392,2014,751800.0,2026-07-28,Active,,,0,0.0,3,No,No,2026-07-28,2026-07-28
INSERT,2026-07-28T00:00:00,2026-07-28,PT0531538,LST0531538,AG00863,LOC0093,Condo,3,1.0,584,9171,1907,176100.0,2026-07-28,Active,,,0,374.01,0,No,No,2026-07-28,2026-07-28
INSERT,2026-07-28T00:00:00,2026-07-28,PT0531539,LST0531539,AG01028,LOC0147,Condo,2,2.5,2281,4857,2019,318700.0,2026-07-28,Active,,,0,794.3,0,No,No,2026-07-28,2026-07-28
INSERT,2026-07-28T00:00:00,2026-07-28,PT0531540,LST0531540,AG00887,LOC0194,Single Family,6,2.5,1620,4092,1918,334000.0,2026-07-28,Active,,,0,0.0,3,No,No,2026-07-28,2026-07-28
INSERT,2026-07-28T00:00:00,2026-07-28,PT0531541,LST0531541,AG01392,LOC0117,Multi-Family,3,3.5,4097,5305,1938,1862700.0,2026-07-28,Active,,,0,0.0,2,No,Yes,2026-07-28,2026-07-28
INSERT,2026-07-28T00:00:00,2026-07-28,PT0531542,LST0531542,AG01821,LOC0133,Condo,2,4.0,1192,1441,1904,303700.0,2026-07-28,Active,,,0,556.21,2,No,No,2026-07-28,2026-07-28
INSERT,2026-07-28T00:00:00,2026-07-28,PT0531543,LST0531543,AG01575,LOC0126,Single Family,1,1.5,2107,1361,1914,511800.0,2026-07-28,Active,,,0,0.0,0,No,Yes,2026-07-28,2026-07-28
INSERT,2026-07-28T00:00:00,2026-07-28,PT0531544,LST0531544,AG02926,LOC0194,Townhouse,1,1.0,2131,1804,1991,907700.0,2026-07-28,Active,,,0,120.47,1,No,No,2026-07-28,2026-07-28
INSERT,2026-07-28T00:00:00,2026-07-28,PT0531545,LST0531545,AG00244,LOC0181,Single Family,1,3.0,1506,1117,2017,210600.0,2026-07-28,Active,,,0,0.0,3,No,No,2026-07-28,2026-07-28
INSERT,2026-07-28T00:00:00,2026-07-28,PT0531546,LST0531546,AG02211,LOC0034,Multi-Family,5,4.0,5184,8938,1983,2405100.0,2026-07-28,Active,,,0,0.0,1,No,No,2026-07-28,2026-07-28
INSERT,2026-07-28T00:00:00,2026-07-28,PT0531547,LST0531547,AG00127,LOC0030,Single Family,2,2.5,2396,1970,1961,528100.0,2026-07-28,Active,,,0,0.0,3,Yes,No,2026-07-28,2026-07-28
INSERT,2026-07-28T00:00:00,2026-07-28,PT0531548,LST0531548,AG02896,LOC0133,Townhouse,3,1.0,2996,5924,2012,428500.0,2026-07-28,Active,,,0,268.08,1,No,No,2026-07-28,2026-07-28
INSERT,2026-07-28T00:00:00,2026-07-28,PT0531549,LST0531549,AG01409,LOC0001,Single Family,5,1.5,2445,1153,1948,440800.0,2026-07-28,Active,,,0,0.0,0,No,No,2026-07-28,2026-07-28
INSERT,2026-07-28T00:00:00,2026-07-28,PT0531550,LST0531550,AG02037,LOC0167,Apartment,1,2.0,338,0,1923,235500.0,2026-07-28,Active,,,0,60.21,2,Yes,No,2026-07-28,2026-07-28
INSERT,2026-07-28T00:00:00,2026-07-28,PT0531551,LST0531551,AG02295,LOC0115,Single Family,5,1.5,2132,1150,1951,617500.0,2026-07-28,Active,,,0,0.0,0,No,No,2026-07-28,2026-07-28
INSERT,2026-07-28T00:00:00,2026-07-28,PT0531552,LST0531552,AG02999,LOC0006,Multi-Family,3,4.5,1946,2806,2012,115900.0,2026-07-28,Active,,,0,0.0,1,No,No,2026-07-28,2026-07-28
INSERT,2026-07-28T00:00:00,2026-07-28,PT0531553,LST0531553,AG01164,LOC0086,Condo,4,4.0,2058,2127,1931,240200.0,2026-07-28,Active,,,0,246.41,2,No,No,2026-07-28,2026-07-28
INSERT,2026-07-28T00:00:00,2026-07-28,PT0531554,LST0531554,AG02042,LOC0109,Townhouse,1,4.5,2441,2165,1900,468000.0,2026-07-28,Active,,,0,776.58,2,Yes,No,2026-07-28,2026-07-28
INSERT,2026-07-28T00:00:00,2026-07-28,PT0531555,LST0531555,AG01337,LOC0087,Single Family,5,3.0,300,2463,1958,79600.0,2026-07-28,Active,,,0,0.0,1,No,Yes,2026-07-28,2026-07-28
INSERT,2026-07-28T00:00:00,2026-07-28,PT0531556,LST0531556,AG01673,LOC0058,Land,0,0.0,5009,1081,1938,1717600.0,2026-07-28,Active,,,0,0.0,0,No,No,2026-07-28,2026-07-28
INSERT,2026-07-28T00:00:00,2026-07-28,PT0531557,LST0531557,AG01219,LOC0217,Multi-Family,2,1.0,2023,11919,1914,327600.0,2026-07-28,Active,,,0,0.0,1,No,No,2026-07-28,2026-07-28
INSERT,2026-07-28T00:00:00,2026-07-28,PT0531558,LST0531558,AG00714,LOC0210,Single Family,1,2.0,1707,3447,1980,994300.0,2026-07-28,Active,,,0,0.0,0,No,No,2026-07-28,2026-07-28
INSERT,2026-07-28T00:00:00,2026-07-28,PT0531559,LST0531559,AG00476,LOC0073,Single Family,3,1.5,1694,2436,2000,845900.0,2026-07-28,Active,,,0,0.0,3,No,Yes,2026-07-28,2026-07-28
INSERT,2026-07-28T00:00:00,2026-07-28,PT0531560,LST0531560,AG01817,LOC0045,Multi-Family,6,1.5,3193,3419,1946,1426600.0,2026-07-28,Active,,,0,0.0,1,No,Yes,2026-07-28,2026-07-28
INSERT,2026-07-28T00:00:00,2026-07-28,PT0531561,LST0531561,AG02372,LOC0212,Single Family,5,4.0,1334,3794,1910,455800.0,2026-07-28,Active,,,0,0.0,2,No,No,2026-07-28,2026-07-28
INSERT,2026-07-28T00:00:00,2026-07-28,PT0531562,LST0531562,AG00137,LOC0140,Apartment,1,1.0,757,0,1950,344400.0,2026-07-28,Active,,,0,680.79,0,Yes,No,2026-07-28,2026-07-28
INSERT,2026-07-28T00:00:00,2026-07-28,PT0531563,LST0531563,AG01902,LOC0190,Condo,1,3.0,1495,12907,1994,558400.0,2026-07-28,Active,,,0,621.06,3,No,No,2026-07-28,2026-07-28
INSERT,2026-07-28T00:00:00,2026-07-28,PT0531564,LST0531564,AG02074,LOC0148,Condo,4,1.0,1704,7684,1939,421700.0,2026-07-28,Active,,,0,356.41,2,No,No,2026-07-28,2026-07-28
INSERT,2026-07-28T00:00:00,2026-07-28,PT0531565,LST0531565,AG02349,LOC0031,Single Family,2,2.0,2054,8845,1908,379800.0,2026-07-28,Active,,,0,0.0,2,No,No,2026-07-28,2026-07-28
INSERT,2026-07-28T00:00:00,2026-07-28,PT0531566,LST0531566,AG02266,LOC0039,Multi-Family,3,3.5,5288,1069,1982,1226300.0,2026-07-28,Active,,,0,0.0,3,No,Yes,2026-07-28,2026-07-28
INSERT,2026-07-28T00:00:00,2026-07-28,PT0531567,LST0531567,AG02453,LOC0161,Multi-Family,5,3.0,3979,1852,1930,1282100.0,2026-07-28,Active,,,0,0.0,0,No,No,2026-07-28,2026-07-28
INSERT,2026-07-28T00:00:00,2026-07-28,PT0531568,LST0531568,AG01909,LOC0019,Condo,4,2.5,2030,3979,2003,397300.0,2026-07-28,Active,,,0,155.26,2,Yes,No,2026-07-28,2026-07-28
INSERT,2026-07-28T00:00:00,2026-07-28,PT0531569,LST0531569,AG02822,LOC0132,Condo,5,2.0,661,4494,1905,244200.0,2026-07-28,Active,,,0,155.74,2,Yes,No,2026-07-28,2026-07-28
INSERT,2026-07-28T00:00:00,2026-07-28,PT0531570,LST0531570,AG01075,LOC0110,Single Family,6,2.0,1767,4526,1989,366400.0,2026-07-28,Active,,,0,0.0,1,No,No,2026-07-28,2026-07-28
INSERT,2026-07-28T00:00:00,2026-07-28,PT0531571,LST0531571,AG02388,LOC0129,Townhouse,5,3.0,1165,22460,2025,447100.0,2026-07-28,Active,,,0,437.91,1,No,No,2026-07-28,2026-07-28
INSERT,2026-07-28T00:00:00,2026-07-28,PT0531572,LST0531572,AG02880,LOC0083,Single Family,6,1.5,1401,4868,2014,317800.0,2026-07-28,Active,,,0,0.0,0,Yes,No,2026-07-28,2026-07-28
INSERT,2026-07-28T00:00:00,2026-07-28,PT0531573,LST0531573,AG01236,LOC0009,Condo,1,4.0,1195,1769,1908,354900.0,2026-07-28,Active,,,0,763.56,0,No,No,2026-07-28,2026-07-28
INSERT,2026-07-28T00:00:00,2026-07-28,PT0531574,LST0531574,AG01869,LOC0053,Condo,5,3.0,979,3509,1978,298900.0,2026-07-28,Active,,,0,386.03,0,Yes,No,2026-07-28,2026-07-28
INSERT,2026-07-28T00:00:00,2026-07-28,PT0531575,LST0531575,AG02231,LOC0222,Multi-Family,2,2.0,3895,3031,2004,958200.0,2026-07-28,Active,,,0,0.0,0,No,No,2026-07-28,2026-07-28
INSERT,2026-07-28T00:00:00,2026-07-28,PT0531576,LST0531576,AG02980,LOC0195,Single Family,6,4.5,1727,7019,1933,364900.0,2026-07-28,Active,,,0,0.0,0,No,No,2026-07-28,2026-07-28
INSERT,2026-07-28T00:00:00,2026-07-28,PT0531577,LST0531577,AG02740,LOC0140,Townhouse,2,4.5,3066,11574,1985,901700.0,2026-07-28,Active,,,0,460.82,3,No,No,2026-07-28,2026-07-28
INSERT,2026-07-28T00:00:00,2026-07-28,PT0531578,LST0531578,AG02048,LOC0170,Condo,3,4.5,1785,8351,1965,829400.0,2026-07-28,Active,,,0,711.23,0,No,No,2026-07-28,2026-07-28
INSERT,2026-07-28T00:00:00,2026-07-28,PT0531579,LST0531579,AG02592,LOC0082,Townhouse,3,1.0,1680,5237,1962,130400.0,2026-07-28,Active,,,0,505.97,3,No,No,2026-07-28,2026-07-28
INSERT,2026-07-28T00:00:00,2026-07-28,PT0531580,LST0531580,AG01246,LOC0120,Single Family,2,3.0,1610,1354,1904,501000.0,2026-07-28,Active,,,0,0.0,0,Yes,No,2026-07-28,2026-07-28
INSERT,2026-07-28T00:00:00,2026-07-28,PT0531581,LST0531581,AG00724,LOC0227,Multi-Family,4,1.5,5106,1945,1949,1134300.0,2026-07-28,Active,,,0,0.0,1,No,Yes,2026-07-28,2026-07-28
INSERT,2026-07-28T00:00:00,2026-07-28,PT0531582,LST0531582,AG01145,LOC0212,Single Family,5,2.5,1118,8483,2008,532300.0,2026-07-28,Active,,,0,0.0,1,No,No,2026-07-28,2026-07-28
INSERT,2026-07-28T00:00:00,2026-07-28,PT0531583,LST0531583,AG00325,LOC0153,Apartment,2,4.5,1620,0,2004,533300.0,2026-07-28,Active,,,0,255.24,0,No,No,2026-07-28,2026-07-28
INSERT,2026-07-28T00:00:00,2026-07-28,PT0531584,LST0531584,AG01489,LOC0026,Single Family,6,3.5,1360,1427,1956,305500.0,2026-07-28,Active,,,0,0.0,3,Yes,Yes,2026-07-28,2026-07-28
INSERT,2026-07-28T00:00:00,2026-07-28,PT0531585,LST0531585,AG00219,LOC0176,Townhouse,2,1.0,1222,9320,1925,540800.0,2026-07-28,Active,,,0,708.36,2,No,No,2026-07-28,2026-07-28
INSERT,2026-07-28T00:00:00,2026-07-28,PT0531586,LST0531586,AG00862,LOC0225,Single Family,1,1.5,1497,2613,1901,192800.0,2026-07-28,Active,,,0,0.0,2,No,No,2026-07-28,2026-07-28
INSERT,2026-07-28T00:00:00,2026-07-28,PT0531587,LST0531587,AG01356,LOC0165,Condo,2,4.0,1839,6820,1953,695400.0,2026-07-28,Active,,,0,51.61,3,Yes,No,2026-07-28,2026-07-28
INSERT,2026-07-28T00:00:00,2026-07-28,PT0531588,LST0531588,AG00888,LOC0188,Single Family,6,4.5,2064,3671,1941,601500.0,2026-07-28,Active,,,0,0.0,0,No,Yes,2026-07-28,2026-07-28
INSERT,2026-07-28T00:00:00,2026-07-28,PT0531589,LST0531589,AG01388,LOC0042,Single Family,3,3.5,1884,10921,1945,674900.0,2026-07-28,Active,,,0,0.0,2,No,Yes,2026-07-28,2026-07-28
INSERT,2026-07-28T00:00:00,2026-07-28,PT0531590,LST0531590,AG01425,LOC0099,Single Family,3,2.0,2137,1791,2012,719100.0,2026-07-28,Active,,,0,0.0,1,No,No,2026-07-28,2026-07-28
INSERT,2026-07-28T00:00:00,2026-07-28,PT0531591,LST0531591,AG00106,LOC0088,Condo,6,4.0,2135,12006,2000,114800.0,2026-07-28,Active,,,0,734.56,3,No,No,2026-07-28,2026-07-28
INSERT,2026-07-28T00:00:00,2026-07-28,PT0531592,LST0531592,AG02367,LOC0217,Townhouse,4,2.0,1107,3690,1931,77900.0,2026-07-28,Active,,,0,706.99,3,No,No,2026-07-28,2026-07-28
INSERT,2026-07-28T00:00:00,2026-07-28,PT0531593,LST0531593,AG02625,LOC0196,Townhouse,3,2.0,1419,1104,1968,558900.0,2026-07-28,Active,,,0,503.08,0,No,No,2026-07-28,2026-07-28
INSERT,2026-07-28T00:00:00,2026-07-28,PT0531594,LST0531594,AG00698,LOC0102,Single Family,4,4.5,1615,18972,1985,372300.0,2026-07-28,Active,,,0,0.0,0,No,Yes,2026-07-28,2026-07-28
INSERT,2026-07-28T00:00:00,2026-07-28,PT0531595,LST0531595,AG00875,LOC0133,Condo,4,3.5,300,3329,1956,40700.0,2026-07-28,Active,,,0,742.47,2,No,No,2026-07-28,2026-07-28
INSERT,2026-07-28T00:00:00,2026-07-28,PT0531596,LST0531596,AG00894,LOC0250,Single Family,2,1.5,1658,8764,1930,170000.0,2026-07-28,Active,,,0,0.0,2,No,No,2026-07-28,2026-07-28
INSERT,2026-07-28T00:00:00,2026-07-28,PT0531597,LST0531597,AG00182,LOC0096,Condo,4,4.5,2421,1052,1996,729200.0,2026-07-28,Active,,,0,218.74,0,No,No,2026-07-28,2026-07-28
INSERT,2026-07-28T00:00:00,2026-07-28,PT0531598,LST0531598,AG00768,LOC0169,Single Family,3,4.0,2370,6549,2004,1230100.0,2026-07-28,Active,,,0,0.0,2,No,No,2026-07-28,2026-07-28
INSERT,2026-07-28T00:00:00,2026-07-28,PT0531599,LST0531599,AG00316,LOC0095,Land,0,0.0,4491,4542,1943,1298200.0,2026-07-28,Active,,,0,0.0,0,No,No,2026-07-28,2026-07-28
INSERT,2026-07-28T00:00:00,2026-07-28,PT0531600,LST0531600,AG00308,LOC0175,Single Family,2,3.5,1009,1472,1941,308800.0,2026-07-28,Active,,,0,0.0,2,No,Yes,2026-07-28,2026-07-28
INSERT,2026-07-28T00:00:00,2026-07-28,PT0531601,LST0531601,AG01167,LOC0135,Single Family,2,3.0,2132,7683,1977,1042200.0,2026-07-28,Active,,,0,0.0,1,No,Yes,2026-07-28,2026-07-28
INSERT,2026-07-28T00:00:00,2026-07-28,PT0531602,LST0531602,AG00679,LOC0097,Single Family,1,2.0,2404,1244,1997,872500.0,2026-07-28,Active,,,0,0.0,2,No,No,2026-07-28,2026-07-28
INSERT,2026-07-28T00:00:00,2026-07-28,PT0531603,LST0531603,AG02464,LOC0229,Single Family,4,1.0,1665,2314,1997,241500.0,2026-07-28,Active,,,0,0.0,1,No,Yes,2026-07-28,2026-07-28
INSERT,2026-07-28T00:00:00,2026-07-28,PT0531604,LST0531604,AG02677,LOC0067,Single Family,4,2.0,2237,13496,1956,463100.0,2026-07-28,Active,,,0,0.0,1,No,Yes,2026-07-28,2026-07-28
INSERT,2026-07-28T00:00:00,2026-07-28,PT0531605,LST0531605,AG01227,LOC0237,Townhouse,4,1.5,2605,13557,2008,788500.0,2026-07-28,Active,,,0,541.42,1,No,No,2026-07-28,2026-07-28
INSERT,2026-07-28T00:00:00,2026-07-28,PT0531606,LST0531606,AG00572,LOC0221,Townhouse,5,3.0,1707,5039,1960,257700.0,2026-07-28,Active,,,0,175.45,2,No,No,2026-07-28,2026-07-28
INSERT,2026-07-28T00:00:00,2026-07-28,PT0531607,LST0531607,AG02112,LOC0155,Apartment,1,4.5,850,0,1937,131500.0,2026-07-28,Active,,,0,623.39,2,No,No,2026-07-28,2026-07-28
INSERT,2026-07-28T00:00:00,2026-07-28,PT0531608,LST0531608,AG02764,LOC0176,Condo,1,1.0,2716,2382,1984,702800.0,2026-07-28,Active,,,0,128.56,1,No,No,2026-07-28,2026-07-28
INSERT,2026-07-28T00:00:00,2026-07-28,PT0531609,LST0531609,AG00987,LOC0146,Condo,3,3.5,1599,1115,1945,151600.0,2026-07-28,Active,,,0,548.83,2,No,No,2026-07-28,2026-07-28
INSERT,2026-07-28T00:00:00,2026-07-28,PT0531610,LST0531610,AG01120,LOC0248,Condo,6,1.5,815,1899,2011,194900.0,2026-07-28,Active,,,0,385.18,2,No,No,2026-07-28,2026-07-28
INSERT,2026-07-28T00:00:00,2026-07-28,PT0531611,LST0531611,AG01353,LOC0077,Multi-Family,2,1.5,4504,7275,1926,426300.0,2026-07-28,Active,,,0,0.0,1,Yes,No,2026-07-28,2026-07-28
INSERT,2026-07-28T00:00:00,2026-07-28,PT0531612,LST0531612,AG02401,LOC0185,Condo,5,2.0,1709,7602,1927,1113500.0,2026-07-28,Active,,,0,499.39,2,No,No,2026-07-28,2026-07-28
INSERT,2026-07-28T00:00:00,2026-07-28,PT0531613,LST0531613,AG00351,LOC0227,Single Family,5,1.5,1599,11594,1956,395800.0,2026-07-28,Active,,,0,0.0,3,No,No,2026-07-28,2026-07-28
INSERT,2026-07-28T00:00:00,2026-07-28,PT0531614,LST0531614,AG01310,LOC0087,Townhouse,2,2.0,2593,9584,1980,1304800.0,2026-07-28,Active,,,0,354.06,2,No,No,2026-07-28,2026-07-28
INSERT,2026-07-28T00:00:00,2026-07-28,PT0531615,LST0531615,AG02984,LOC0041,Single Family,6,3.5,1325,2951,1928,209500.0,2026-07-28,Active,,,0,0.0,3,No,Yes,2026-07-28,2026-07-28
INSERT,2026-07-28T00:00:00,2026-07-28,PT0531616,LST0531616,AG00589,LOC0060,Apartment,1,4.0,705,0,2025,128400.0,2026-07-28,Active,,,0,276.51,3,No,No,2026-07-28,2026-07-28
INSERT,2026-07-28T00:00:00,2026-07-28,PT0531617,LST0531617,AG02449,LOC0013,Single Family,4,2.0,1846,7427,1974,85700.0,2026-07-28,Active,,,0,0.0,0,No,No,2026-07-28,2026-07-28
INSERT,2026-07-28T00:00:00,2026-07-28,PT0531618,LST0531618,AG01222,LOC0233,Condo,5,2.5,2345,4062,1955,856100.0,2026-07-28,Active,,,0,129.85,3,Yes,No,2026-07-28,2026-07-28
INSERT,2026-07-28T00:00:00,2026-07-28,PT0531619,LST0531619,AG02565,LOC0045,Single Family,3,4.0,1355,4143,1941,701400.0,2026-07-28,Active,,,0,0.0,0,Yes,Yes,2026-07-28,2026-07-28
INSERT,2026-07-28T00:00:00,2026-07-28,PT0531620,LST0531620,AG02677,LOC0132,Single Family,2,3.0,661,2348,1974,170500.0,2026-07-28,Active,,,0,0.0,1,No,Yes,2026-07-28,2026-07-28
INSERT,2026-07-28T00:00:00,2026-07-28,PT0531621,LST0531621,AG02592,LOC0038,Townhouse,3,4.5,1597,3874,1986,599500.0,2026-07-28,Active,,,0,105.28,1,No,No,2026-07-28,2026-07-28
INSERT,2026-07-28T00:00:00,2026-07-28,PT0531622,LST0531622,AG01260,LOC0173,Single Family,6,4.5,1276,6790,2011,373900.0,2026-07-28,Active,,,0,0.0,0,No,No,2026-07-28,2026-07-28
INSERT,2026-07-28T00:00:00,2026-07-28,PT0531623,LST0531623,AG01348,LOC0234,Multi-Family,5,1.5,4905,5636,1925,2859400.0,2026-07-28,Active,,,0,0.0,3,No,Yes,2026-07-28,2026-07-28
INSERT,2026-07-28T00:00:00,2026-07-28,PT0531624,LST0531624,AG00846,LOC0159,Land,0,0.0,4717,2702,1918,917200.0,2026-07-28,Active,,,0,0.0,0,No,No,2026-07-28,2026-07-28
INSERT,2026-07-28T00:00:00,2026-07-28,PT0531625,LST0531625,AG00538,LOC0180,Townhouse,4,2.0,2310,17289,1944,986000.0,2026-07-28,Active,,,0,322.74,2,No,No,2026-07-28,2026-07-28
INSERT,2026-07-28T00:00:00,2026-07-28,PT0531626,LST0531626,AG01031,LOC0067,Townhouse,4,3.0,1364,12451,1999,357000.0,2026-07-28,Active,,,0,103.65,3,No,No,2026-07-28,2026-07-28
INSERT,2026-07-28T00:00:00,2026-07-28,PT0531627,LST0531627,AG00368,LOC0147,Single Family,2,4.5,1574,2491,1999,387300.0,2026-07-28,Active,,,0,0.0,0,No,No,2026-07-28,2026-07-28
INSERT,2026-07-28T00:00:00,2026-07-28,PT0531628,LST0531628,AG02169,LOC0116,Condo,5,1.5,3465,3022,1941,1282600.0,2026-07-28,Active,,,0,683.25,2,No,No,2026-07-28,2026-07-28
INSERT,2026-07-28T00:00:00,2026-07-28,PT0531629,LST0531629,AG01820,LOC0064,Single Family,1,1.5,1943,2265,1972,424800.0,2026-07-28,Active,,,0,0.0,3,No,Yes,2026-07-28,2026-07-28
INSERT,2026-07-28T00:00:00,2026-07-28,PT0531630,LST0531630,AG01377,LOC0037,Single Family,2,2.0,1146,4356,1919,509800.0,2026-07-28,Active,,,0,0.0,1,Yes,No,2026-07-28,2026-07-28
INSERT,2026-07-28T00:00:00,2026-07-28,PT0531631,LST0531631,AG01338,LOC0112,Single Family,4,4.5,2343,1725,2018,227700.0,2026-07-28,Active,,,0,0.0,3,No,No,2026-07-28,2026-07-28
INSERT,2026-07-28T00:00:00,2026-07-28,PT0531632,LST0531632,AG00188,LOC0212,Single Family,3,2.5,1509,1880,1921,497400.0,2026-07-28,Active,,,0,0.0,0,No,No,2026-07-28,2026-07-28
INSERT,2026-07-28T00:00:00,2026-07-28,PT0531633,LST0531633,AG02273,LOC0246,Single Family,1,2.5,1837,2285,1930,271600.0,2026-07-28,Active,,,0,0.0,2,No,No,2026-07-28,2026-07-28
INSERT,2026-07-28T00:00:00,2026-07-28,PT0531634,LST0531634,AG02411,LOC0061,Single Family,3,4.5,1175,1333,1980,200900.0,2026-07-28,Active,,,0,0.0,0,Yes,No,2026-07-28,2026-07-28
INSERT,2026-07-28T00:00:00,2026-07-28,PT0531635,LST0531635,AG00539,LOC0011,Single Family,1,4.0,1617,9716,2015,688900.0,2026-07-28,Active,,,0,0.0,2,No,No,2026-07-28,2026-07-28
INSERT,2026-07-28T00:00:00,2026-07-28,PT0531636,LST0531636,AG00302,LOC0223,Condo,6,1.5,3248,4935,1935,2433300.0,2026-07-28,Active,,,0,208.91,3,No,No,2026-07-28,2026-07-28
INSERT,2026-07-28T00:00:00,2026-07-28,PT0531637,LST0531637,AG01688,LOC0056,Single Family,5,3.5,2039,1997,1961,679600.0,2026-07-28,Active,,,0,0.0,2,No,Yes,2026-07-28,2026-07-28
INSERT,2026-07-28T00:00:00,2026-07-28,PT0531638,LST0531638,AG00005,LOC0037,Single Family,5,2.0,1923,1056,2010,457600.0,2026-07-28,Active,,,0,0.0,0,No,Yes,2026-07-28,2026-07-28
INSERT,2026-07-28T00:00:00,2026-07-28,PT0531639,LST0531639,AG00068,LOC0166,Condo,6,1.5,1534,2167,1995,847600.0,2026-07-28,Active,,,0,798.29,1,No,No,2026-07-28,2026-07-28
INSERT,2026-07-28T00:00:00,2026-07-28,PT0531640,LST0531640,AG02844,LOC0063,Single Family,6,4.5,1190,7731,1971,111400.0,2026-07-28,Active,,,0,0.0,0,No,Yes,2026-07-28,2026-07-28
INSERT,2026-07-28T00:00:00,2026-07-28,PT0531641,LST0531641,AG00005,LOC0046,Single Family,5,1.0,1604,8117,1990,347500.0,2026-07-28,Active,,,0,0.0,1,Yes,Yes,2026-07-28,2026-07-28
INSERT,2026-07-28T00:00:00,2026-07-28,PT0531642,LST0531642,AG00396,LOC0025,Multi-Family,5,1.0,1275,2251,1945,349800.0,2026-07-28,Active,,,0,0.0,3,No,No,2026-07-28,2026-07-28
INSERT,2026-07-28T00:00:00,2026-07-28,PT0531643,LST0531643,AG01385,LOC0028,Single Family,1,3.0,1598,1317,2017,202900.0,2026-07-28,Active,,,0,0.0,3,No,No,2026-07-28,2026-07-28
INSERT,2026-07-28T00:00:00,2026-07-28,PT0531644,LST0531644,AG01456,LOC0039,Multi-Family,4,1.5,2949,2085,1952,472800.0,2026-07-28,Active,,,0,0.0,0,No,No,2026-07-28,2026-07-28
INSERT,2026-07-28T00:00:00,2026-07-28,PT0531645,LST0531645,AG00788,LOC0240,Condo,4,3.5,1919,3720,1925,690800.0,2026-07-28,Active,,,0,599.86,1,No,No,2026-07-28,2026-07-28
INSERT,2026-07-28T00:00:00,2026-07-28,PT0531646,LST0531646,AG00846,LOC0180,Single Family,5,1.5,911,6546,1985,149500.0,2026-07-28,Active,,,0,0.0,3,No,No,2026-07-28,2026-07-28
INSERT,2026-07-28T00:00:00,2026-07-28,PT0531647,LST0531647,AG01204,LOC0168,Single Family,4,2.0,1479,1190,1953,916000.0,2026-07-28,Active,,,0,0.0,3,No,No,2026-07-28,2026-07-28
INSERT,2026-07-28T00:00:00,2026-07-28,PT0531648,LST0531648,AG00715,LOC0240,Single Family,2,2.5,1234,3876,1935,324700.0,2026-07-28,Active,,,0,0.0,3,Yes,No,2026-07-28,2026-07-28
INSERT,2026-07-28T00:00:00,2026-07-28,PT0531649,LST0531649,AG02397,LOC0242,Apartment,4,3.0,770,0,1915,144700.0,2026-07-28,Active,,,0,662.77,0,No,No,2026-07-28,2026-07-28
INSERT,2026-07-28T00:00:00,2026-07-28,PT0531650,LST0531650,AG02786,LOC0109,Single Family,3,2.5,300,8341,1925,128300.0,2026-07-28,Active,,,0,0.0,1,No,No,2026-07-28,2026-07-28
INSERT,2026-07-28T00:00:00,2026-07-28,PT0531651,LST0531651,AG00294,LOC0190,Condo,4,3.0,1509,3438,1902,255100.0,2026-07-28,Active,,,0,336.26,2,Yes,No,2026-07-28,2026-07-28
INSERT,2026-07-28T00:00:00,2026-07-28,PT0531652,LST0531652,AG00463,LOC0047,Single Family,4,1.0,1286,1418,2021,644900.0,2026-07-28,Active,,,0,0.0,2,No,Yes,2026-07-28,2026-07-28
INSERT,2026-07-28T00:00:00,2026-07-28,PT0531653,LST0531653,AG01271,LOC0171,Townhouse,3,4.5,2449,7978,1997,1060200.0,2026-07-28,Active,,,0,324.87,3,Yes,No,2026-07-28,2026-07-28
INSERT,2026-07-28T00:00:00,2026-07-28,PT0531654,LST0531654,AG00954,LOC0036,Apartment,2,1.0,856,0,1935,184600.0,2026-07-28,Active,,,0,741.1,1,No,No,2026-07-28,2026-07-28
INSERT,2026-07-28T00:00:00,2026-07-28,PT0531655,LST0531655,AG00505,LOC0148,Single Family,1,1.0,1688,10240,1982,425200.0,2026-07-28,Active,,,0,0.0,3,No,No,2026-07-28,2026-07-28
INSERT,2026-07-28T00:00:00,2026-07-28,PT0531656,LST0531656,AG01860,LOC0212,Multi-Family,3,1.5,4443,4398,1988,2293700.0,2026-07-28,Active,,,0,0.0,2,No,No,2026-07-28,2026-07-28
INSERT,2026-07-28T00:00:00,2026-07-28,PT0531657,LST0531657,AG01705,LOC0007,Single Family,5,1.0,1871,1735,1942,544900.0,2026-07-28,Active,,,0,0.0,2,No,Yes,2026-07-28,2026-07-28
INSERT,2026-07-28T00:00:00,2026-07-28,PT0531658,LST0531658,AG01440,LOC0048,Multi-Family,2,3.0,3895,2844,1932,805800.0,2026-07-28,Active,,,0,0.0,2,No,No,2026-07-28,2026-07-28
INSERT,2026-07-28T00:00:00,2026-07-28,PT0531659,LST0531659,AG02367,LOC0002,Condo,2,2.0,2681,1148,2013,991200.0,2026-07-28,Active,,,0,140.67,0,No,No,2026-07-28,2026-07-28
INSERT,2026-07-28T00:00:00,2026-07-28,PT0531660,LST0531660,AG01374,LOC0133,Multi-Family,5,1.5,3602,1782,1931,778100.0,2026-07-28,Active,,,0,0.0,3,No,Yes,2026-07-28,2026-07-28
INSERT,2026-07-28T00:00:00,2026-07-28,PT0531661,LST0531661,AG01806,LOC0041,Single Family,5,1.5,300,9807,1931,47900.0,2026-07-28,Active,,,0,0.0,3,No,Yes,2026-07-28,2026-07-28
INSERT,2026-07-28T00:00:00,2026-07-28,PT0531662,LST0531662,AG00459,LOC0050,Condo,3,1.0,1200,2927,1999,311200.0,2026-07-28,Active,,,0,573.13,2,Yes,No,2026-07-28,2026-07-28
INSERT,2026-07-28T00:00:00,2026-07-28,PT0531663,LST0531663,AG02626,LOC0181,Single Family,2,1.5,1754,2749,2011,399200.0,2026-07-28,Active,,,0,0.0,3,No,No,2026-07-28,2026-07-28
INSERT,2026-07-28T00:00:00,2026-07-28,PT0531664,LST0531664,AG01432,LOC0077,Single Family,2,2.0,2496,5713,1996,433800.0,2026-07-28,Active,,,0,0.0,1,No,Yes,2026-07-28,2026-07-28
INSERT,2026-07-28T00:00:00,2026-07-28,PT0531665,LST0531665,AG02894,LOC0066,Condo,4,4.0,1589,6720,1934,287600.0,2026-07-28,Active,,,0,213.96,1,No,No,2026-07-28,2026-07-28
INSERT,2026-07-28T00:00:00,2026-07-28,PT0531666,LST0531666,AG02701,LOC0002,Apartment,6,1.0,1495,0,1905,273200.0,2026-07-28,Active,,,0,332.11,3,No,No,2026-07-28,2026-07-28
INSERT,2026-07-28T00:00:00,2026-07-28,PT0531667,LST0531667,AG02386,LOC0243,Townhouse,3,1.0,1021,4066,1983,509500.0,2026-07-28,Active,,,0,94.35,3,No,No,2026-07-28,2026-07-28
INSERT,2026-07-28T00:00:00,2026-07-28,PT0531668,LST0531668,AG01126,LOC0205,Single Family,1,4.0,1011,9280,2017,360900.0,2026-07-28,Active,,,0,0.0,3,No,Yes,2026-07-28,2026-07-28
INSERT,2026-07-28T00:00:00,2026-07-28,PT0531669,LST0531669,AG00813,LOC0127,Condo,4,4.0,410,9630,2012,156500.0,2026-07-28,Active,,,0,241.65,2,No,No,2026-07-28,2026-07-28
INSERT,2026-07-28T00:00:00,2026-07-28,PT0531670,LST0531670,AG02135,LOC0171,Single Family,3,4.5,1993,5970,1943,1022800.0,2026-07-28,Active,,,0,0.0,1,No,No,2026-07-28,2026-07-28
INSERT,2026-07-28T00:00:00,2026-07-28,PT0531671,LST0531671,AG00290,LOC0103,Single Family,5,2.5,1087,3589,1919,272300.0,2026-07-28,Active,,,0,0.0,1,No,Yes,2026-07-28,2026-07-28
INSERT,2026-07-28T00:00:00,2026-07-28,PT0531672,LST0531672,AG02488,LOC0134,Multi-Family,3,1.0,3028,8502,1990,1101700.0,2026-07-28,Active,,,0,0.0,0,No,No,2026-07-28,2026-07-28
INSERT,2026-07-28T00:00:00,2026-07-28,PT0531673,LST0531673,AG01829,LOC0227,Townhouse,6,4.5,1721,3479,1909,405600.0,2026-07-28,Active,,,0,207.62,3,No,No,2026-07-28,2026-07-28
INSERT,2026-07-28T00:00:00,2026-07-28,PT0531674,LST0531674,AG02715,LOC0161,Single Family,4,2.5,1606,3494,1987,664200.0,2026-07-28,Active,,,0,0.0,0,No,No,2026-07-28,2026-07-28
INSERT,2026-07-28T00:00:00,2026-07-28,PT0531675,LST0531675,AG00152,LOC0119,Single Family,1,4.5,1927,1074,1982,741400.0,2026-07-28,Active,,,0,0.0,0,No,Yes,2026-07-28,2026-07-28
INSERT,2026-07-28T00:00:00,2026-07-28,PT0531676,LST0531676,AG01093,LOC0104,Land,0,0.0,7525,1973,1924,2099100.0,2026-07-28,Active,,,0,0.0,0,No,No,2026-07-28,2026-07-28
INSERT,2026-07-28T00:00:00,2026-07-28,PT0531677,LST0531677,AG00632,LOC0050,Single Family,6,1.5,1627,1190,1921,309800.0,2026-07-28,Active,,,0,0.0,1,No,Yes,2026-07-28,2026-07-28
INSERT,2026-07-28T00:00:00,2026-07-28,PT0531678,LST0531678,AG02562,LOC0049,Single Family,5,3.0,2528,1220,1997,888000.0,2026-07-28,Active,,,0,0.0,2,No,No,2026-07-28,2026-07-28
INSERT,2026-07-28T00:00:00,2026-07-28,PT0531679,LST0531679,AG00620,LOC0071,Land,0,0.0,4917,7121,1931,1480800.0,2026-07-28,Active,,,0,0.0,0,No,No,2026-07-28,2026-07-28
INSERT,2026-07-28T00:00:00,2026-07-28,PT0531680,LST0531680,AG02740,LOC0010,Condo,5,4.5,1685,16561,1939,647400.0,2026-07-28,Active,,,0,645.11,0,No,No,2026-07-28,2026-07-28
INSERT,2026-07-28T00:00:00,2026-07-28,PT0531681,LST0531681,AG00921,LOC0066,Single Family,3,3.0,1775,6357,1977,442600.0,2026-07-28,Active,,,0,0.0,2,No,No,2026-07-28,2026-07-28
INSERT,2026-07-28T00:00:00,2026-07-28,PT0531682,LST0531682,AG02290,LOC0005,Townhouse,5,1.0,1891,4556,1950,749100.0,2026-07-28,Active,,,0,685.55,3,No,No,2026-07-28,2026-07-28
INSERT,2026-07-28T00:00:00,2026-07-28,PT0531683,LST0531683,AG00662,LOC0029,Townhouse,6,2.0,2639,4560,1918,674100.0,2026-07-28,Active,,,0,784.55,3,Yes,No,2026-07-28,2026-07-28
INSERT,2026-07-28T00:00:00,2026-07-28,PT0531684,LST0531684,AG02752,LOC0049,Single Family,5,2.0,1228,4541,2017,516700.0,2026-07-28,Active,,,0,0.0,1,No,No,2026-07-28,2026-07-28
INSERT,2026-07-28T00:00:00,2026-07-28,PT0531685,LST0531685,AG02021,LOC0070,Townhouse,2,2.0,2127,1490,1987,575100.0,2026-07-28,Active,,,0,265.64,0,No,No,2026-07-28,2026-07-28
INSERT,2026-07-28T00:00:00,2026-07-28,PT0531686,LST0531686,AG00516,LOC0163,Single Family,3,4.0,365,1812,1904,77200.0,2026-07-28,Active,,,0,0.0,3,No,No,2026-07-28,2026-07-28
INSERT,2026-07-28T00:00:00,2026-07-28,PT0531687,LST0531687,AG02822,LOC0184,Land,0,0.0,9230,6783,1979,4103600.0,2026-07-28,Active,,,0,0.0,0,No,No,2026-07-28,2026-07-28
INSERT,2026-07-28T00:00:00,2026-07-28,PT0531688,LST0531688,AG00297,LOC0060,Single Family,6,4.5,2730,5154,1978,658800.0,2026-07-28,Active,,,0,0.0,0,No,Yes,2026-07-28,2026-07-28
INSERT,2026-07-28T00:00:00,2026-07-28,PT0531689,LST0531689,AG00985,LOC0200,Single Family,3,4.0,1604,5211,1939,286400.0,2026-07-28,Active,,,0,0.0,3,No,Yes,2026-07-28,2026-07-28
INSERT,2026-07-28T00:00:00,2026-07-28,PT0531690,LST0531690,AG00508,LOC0085,Townhouse,5,4.5,2052,6229,1996,229600.0,2026-07-28,Active,,,0,348.45,2,Yes,No,2026-07-28,2026-07-28
INSERT,2026-07-28T00:00:00,2026-07-28,PT0531691,LST0531691,AG02013,LOC0047,Townhouse,5,4.5,1376,4484,1956,386100.0,2026-07-28,Active,,,0,206.12,2,No,No,2026-07-28,2026-07-28
INSERT,2026-07-28T00:00:00,2026-07-28,PT0531692,LST0531692,AG00726,LOC0099,Single Family,2,3.5,1172,1633,1945,487500.0,2026-07-28,Active,,,0,0.0,2,No,Yes,2026-07-28,2026-07-28
INSERT,2026-07-28T00:00:00,2026-07-28,PT0531693,LST0531693,AG00720,LOC0021,Single Family,1,2.5,1901,1012,1912,254400.0,2026-07-28,Active,,,0,0.0,0,No,Yes,2026-07-28,2026-07-28
INSERT,2026-07-28T00:00:00,2026-07-28,PT0531694,LST0531694,AG00793,LOC0207,Single Family,4,2.0,972,32138,2000,272500.0,2026-07-28,Active,,,0,0.0,3,No,Yes,2026-07-28,2026-07-28
INSERT,2026-07-28T00:00:00,2026-07-28,PT0531695,LST0531695,AG02584,LOC0064,Townhouse,3,1.5,1905,1957,1931,395600.0,2026-07-28,Active,,,0,189.17,2,No,No,2026-07-28,2026-07-28
INSERT,2026-07-28T00:00:00,2026-07-28,PT0531696,LST0531696,AG01667,LOC0245,Single Family,6,2.0,1187,9678,1945,388700.0,2026-07-28,Active,,,0,0.0,3,No,Yes,2026-07-28,2026-07-28
INSERT,2026-07-28T00:00:00,2026-07-28,PT0531697,LST0531697,AG01901,LOC0178,Condo,2,2.0,1581,3452,2022,208900.0,2026-07-28,Active,,,0,549.1,2,No,No,2026-07-28,2026-07-28
INSERT,2026-07-28T00:00:00,2026-07-28,PT0531698,LST0531698,AG02292,LOC0229,Condo,4,3.5,1366,2910,1920,132600.0,2026-07-28,Active,,,0,451.74,3,No,No,2026-07-28,2026-07-28
INSERT,2026-07-28T00:00:00,2026-07-28,PT0531699,LST0531699,AG01088,LOC0220,Single Family,5,3.5,3908,3220,2007,1794700.0,2026-07-28,Active,,,0,0.0,2,No,No,2026-07-28,2026-07-28
INSERT,2026-07-28T00:00:00,2026-07-28,PT0531700,LST0531700,AG00361,LOC0145,Single Family,1,4.0,2148,2451,1951,920200.0,2026-07-28,Active,,,0,0.0,1,No,Yes,2026-07-28,2026-07-28
INSERT,2026-07-28T00:00:00,2026-07-28,PT0531701,LST0531701,AG00092,LOC0170,Single Family,6,3.5,2278,15213,1931,756500.0,2026-07-28,Active,,,0,0.0,2,No,No,2026-07-28,2026-07-28
INSERT,2026-07-28T00:00:00,2026-07-28,PT0531702,LST0531702,AG00967,LOC0177,Single Family,4,3.5,1912,3544,1941,690700.0,2026-07-28,Active,,,0,0.0,3,No,No,2026-07-28,2026-07-28
INSERT,2026-07-28T00:00:00,2026-07-28,PT0531703,LST0531703,AG02014,LOC0113,Townhouse,4,1.5,1110,6766,1974,87900.0,2026-07-28,Active,,,0,352.68,0,No,No,2026-07-28,2026-07-28
INSERT,2026-07-28T00:00:00,2026-07-28,PT0531704,LST0531704,AG02271,LOC0019,Single Family,2,4.5,1703,10620,1937,388600.0,2026-07-28,Active,,,0,0.0,3,No,No,2026-07-28,2026-07-28
INSERT,2026-07-28T00:00:00,2026-07-28,PT0531705,LST0531705,AG01810,LOC0143,Single Family,5,2.0,2008,4623,1976,235900.0,2026-07-28,Active,,,0,0.0,0,No,No,2026-07-28,2026-07-28
INSERT,2026-07-28T00:00:00,2026-07-28,PT0531706,LST0531706,AG00901,LOC0163,Condo,2,1.0,1613,1963,1910,620800.0,2026-07-28,Active,,,0,52.26,1,No,No,2026-07-28,2026-07-28
INSERT,2026-07-28T00:00:00,2026-07-28,PT0531707,LST0531707,AG01952,LOC0071,Condo,4,4.5,1934,2275,1918,813200.0,2026-07-28,Active,,,0,703.87,3,Yes,No,2026-07-28,2026-07-28
INSERT,2026-07-28T00:00:00,2026-07-28,PT0531708,LST0531708,AG00918,LOC0146,Single Family,6,2.0,3081,1799,1906,401400.0,2026-07-28,Active,,,0,0.0,1,No,Yes,2026-07-28,2026-07-28
INSERT,2026-07-28T00:00:00,2026-07-28,PT0531709,LST0531709,AG01993,LOC0040,Condo,3,2.5,1009,2019,1919,297900.0,2026-07-28,Active,,,0,187.06,2,No,No,2026-07-28,2026-07-28
INSERT,2026-07-28T00:00:00,2026-07-28,PT0531710,LST0531710,AG00358,LOC0133,Land,0,0.0,3824,2693,1940,605600.0,2026-07-28,Active,,,0,0.0,0,No,No,2026-07-28,2026-07-28
INSERT,2026-07-28T00:00:00,2026-07-28,PT0531711,LST0531711,AG01739,LOC0113,Multi-Family,3,4.5,3984,1916,1990,1243300.0,2026-07-28,Active,,,0,0.0,2,No,Yes,2026-07-28,2026-07-28
INSERT,2026-07-28T00:00:00,2026-07-28,PT0531712,LST0531712,AG02540,LOC0147,Condo,5,4.5,1800,12707,2025,497700.0,2026-07-28,Active,,,0,378.75,3,No,No,2026-07-28,2026-07-28
INSERT,2026-07-28T00:00:00,2026-07-28,PT0531713,LST0531713,AG01957,LOC0019,Condo,1,2.0,1649,1553,1935,345900.0,2026-07-28,Active,,,0,770.69,1,No,No,2026-07-28,2026-07-28
INSERT,2026-07-28T00:00:00,2026-07-28,PT0531714,LST0531714,AG02174,LOC0127,Townhouse,3,2.5,1527,5369,1933,633600.0,2026-07-28,Active,,,0,583.08,0,Yes,No,2026-07-28,2026-07-28
INSERT,2026-07-28T00:00:00,2026-07-28,PT0531715,LST0531715,AG02409,LOC0126,Single Family,2,2.0,1287,4867,2000,374000.0,2026-07-28,Active,,,0,0.0,3,No,No,2026-07-28,2026-07-28
INSERT,2026-07-28T00:00:00,2026-07-28,PT0531716,LST0531716,AG00919,LOC0055,Condo,1,3.0,2133,1380,1958,491400.0,2026-07-28,Active,,,0,131.78,0,No,No,2026-07-28,2026-07-28
INSERT,2026-07-28T00:00:00,2026-07-28,PT0531717,LST0531717,AG01194,LOC0049,Condo,3,4.0,1714,4328,1989,823100.0,2026-07-28,Active,,,0,241.57,3,No,No,2026-07-28,2026-07-28
INSERT,2026-07-28T00:00:00,2026-07-28,PT0531718,LST0531718,AG02359,LOC0122,Condo,3,4.5,1442,17509,1925,313800.0,2026-07-28,Active,,,0,789.8,2,No,No,2026-07-28,2026-07-28
INSERT,2026-07-28T00:00:00,2026-07-28,PT0531719,LST0531719,AG00227,LOC0112,Single Family,2,1.5,2153,10332,1938,182700.0,2026-07-28,Active,,,0,0.0,2,No,No,2026-07-28,2026-07-28
INSERT,2026-07-28T00:00:00,2026-07-28,PT0531720,LST0531720,AG01256,LOC0020,Townhouse,6,1.5,1826,2486,1966,513600.0,2026-07-28,Active,,,0,471.75,3,No,No,2026-07-28,2026-07-28
INSERT,2026-07-28T00:00:00,2026-07-28,PT0531721,LST0531721,AG00447,LOC0198,Single Family,4,4.0,1679,4032,1964,66400.0,2026-07-28,Active,,,0,0.0,0,No,Yes,2026-07-28,2026-07-28
INSERT,2026-07-28T00:00:00,2026-07-28,PT0531722,LST0531722,AG00372,LOC0175,Condo,6,4.5,2563,2434,1922,805200.0,2026-07-28,Active,,,0,572.41,1,No,No,2026-07-28,2026-07-28
INSERT,2026-07-28T00:00:00,2026-07-28,PT0531723,LST0531723,AG00408,LOC0121,Condo,5,1.0,3008,3575,2009,605600.0,2026-07-28,Active,,,0,51.85,0,No,No,2026-07-28,2026-07-28
INSERT,2026-07-28T00:00:00,2026-07-28,PT0531724,LST0531724,AG00478,LOC0234,Single Family,2,2.0,2299,3765,1922,934700.0,2026-07-28,Active,,,0,0.0,2,Yes,Yes,2026-07-28,2026-07-28
INSERT,2026-07-28T00:00:00,2026-07-28,PT0531725,LST0531725,AG02653,LOC0241,Townhouse,5,2.0,3358,1446,1902,687300.0,2026-07-28,Active,,,0,172.77,0,Yes,No,2026-07-28,2026-07-28
INSERT,2026-07-28T00:00:00,2026-07-28,PT0531726,LST0531726,AG02552,LOC0015,Condo,6,2.5,1727,5732,1970,203400.0,2026-07-28,Active,,,0,83.3,2,No,No,2026-07-28,2026-07-28
INSERT,2026-07-28T00:00:00,2026-07-28,PT0531727,LST0531727,AG00272,LOC0171,Townhouse,5,4.0,2991,2094,1981,1319100.0,2026-07-28,Active,,,0,463.9,0,Yes,No,2026-07-28,2026-07-28
INSERT,2026-07-28T00:00:00,2026-07-28,PT0531728,LST0531728,AG01444,LOC0041,Single Family,1,2.5,2480,6450,2009,426900.0,2026-07-28,Active,,,0,0.0,2,No,No,2026-07-28,2026-07-28
INSERT,2026-07-28T00:00:00,2026-07-28,PT0531729,LST0531729,AG01284,LOC0040,Single Family,2,1.5,2150,3458,2010,312200.0,2026-07-28,Active,,,0,0.0,3,No,Yes,2026-07-28,2026-07-28
INSERT,2026-07-28T00:00:00,2026-07-28,PT0531730,LST0531730,AG00893,LOC0066,Townhouse,5,2.0,1602,2504,1997,418900.0,2026-07-28,Active,,,0,528.21,0,No,No,2026-07-28,2026-07-28
INSERT,2026-07-28T00:00:00,2026-07-28,PT0531731,LST0531731,AG00184,LOC0148,Single Family,5,3.5,1479,7756,1933,420700.0,2026-07-28,Active,,,0,0.0,3,No,Yes,2026-07-28,2026-07-28
INSERT,2026-07-28T00:00:00,2026-07-28,PT0531732,LST0531732,AG01646,LOC0202,Condo,2,3.5,948,10890,1920,197700.0,2026-07-28,Active,,,0,445.81,3,No,No,2026-07-28,2026-07-28
INSERT,2026-07-28T00:00:00,2026-07-28,PT0531733,LST0531733,AG00175,LOC0158,Multi-Family,6,2.5,4968,6976,1970,2449200.0,2026-07-28,Active,,,0,0.0,1,Yes,No,2026-07-28,2026-07-28
INSERT,2026-07-28T00:00:00,2026-07-28,PT0531734,LST0531734,AG02770,LOC0171,Single Family,3,4.5,1547,1078,1950,245600.0,2026-07-28,Active,,,0,0.0,1,No,No,2026-07-28,2026-07-28
INSERT,2026-07-28T00:00:00,2026-07-28,PT0531735,LST0531735,AG00393,LOC0002,Townhouse,3,1.5,1455,4106,2022,306600.0,2026-07-28,Active,,,0,754.23,3,No,No,2026-07-28,2026-07-28
INSERT,2026-07-28T00:00:00,2026-07-28,PT0531736,LST0531736,AG02401,LOC0195,Single Family,5,4.0,1159,1059,1946,104200.0,2026-07-28,Active,,,0,0.0,0,No,No,2026-07-28,2026-07-28
INSERT,2026-07-28T00:00:00,2026-07-28,PT0531737,LST0531737,AG01962,LOC0129,Condo,1,1.5,1505,15062,1971,359900.0,2026-07-28,Active,,,0,178.17,0,No,No,2026-07-28,2026-07-28
INSERT,2026-07-28T00:00:00,2026-07-28,PT0531738,LST0531738,AG00615,LOC0131,Condo,4,2.0,1663,15421,1942,130100.0,2026-07-28,Active,,,0,450.62,2,No,No,2026-07-28,2026-07-28
INSERT,2026-07-28T00:00:00,2026-07-28,PT0531739,LST0531739,AG00205,LOC0060,Single Family,4,2.0,1361,1190,2021,299000.0,2026-07-28,Active,,,0,0.0,2,No,No,2026-07-28,2026-07-28
INSERT,2026-07-28T00:00:00,2026-07-28,PT0531740,LST0531740,AG02641,LOC0227,Multi-Family,1,3.5,4856,8874,2023,1461900.0,2026-07-28,Active,,,0,0.0,3,No,No,2026-07-28,2026-07-28
INSERT,2026-07-28T00:00:00,2026-07-28,PT0531741,LST0531741,AG02800,LOC0055,Condo,3,4.0,1781,1678,1900,268100.0,2026-07-28,Active,,,0,92.56,1,No,No,2026-07-28,2026-07-28
INSERT,2026-07-28T00:00:00,2026-07-28,PT0531742,LST0531742,AG02241,LOC0177,Townhouse,5,3.0,2584,1459,2021,710100.0,2026-07-28,Active,,,0,498.59,1,No,No,2026-07-28,2026-07-28
INSERT,2026-07-28T00:00:00,2026-07-28,PT0531743,LST0531743,AG01804,LOC0044,Condo,4,1.0,1692,1511,1929,619900.0,2026-07-28,Active,,,0,496.91,3,Yes,No,2026-07-28,2026-07-28
INSERT,2026-07-28T00:00:00,2026-07-28,PT0531744,LST0531744,AG01441,LOC0233,Townhouse,1,4.0,2835,10725,1913,926600.0,2026-07-28,Active,,,0,738.38,2,No,No,2026-07-28,2026-07-28
INSERT,2026-07-28T00:00:00,2026-07-28,PT0531745,LST0531745,AG02557,LOC0169,Single Family,5,4.5,1638,2885,1980,661700.0,2026-07-28,Active,,,0,0.0,2,No,No,2026-07-28,2026-07-28
INSERT,2026-07-28T00:00:00,2026-07-28,PT0531746,LST0531746,AG02276,LOC0177,Single Family,3,3.0,1106,5066,1924,437700.0,2026-07-28,Active,,,0,0.0,2,No,No,2026-07-28,2026-07-28
INSERT,2026-07-28T00:00:00,2026-07-28,PT0531747,LST0531747,AG01102,LOC0108,Condo,4,3.5,2330,5815,2000,604900.0,2026-07-28,Active,,,0,456.65,2,No,No,2026-07-28,2026-07-28
INSERT,2026-07-28T00:00:00,2026-07-28,PT0531748,LST0531748,AG02752,LOC0100,Single Family,2,3.0,2364,6678,1918,93800.0,2026-07-28,Active,,,0,0.0,0,Yes,No,2026-07-28,2026-07-28
INSERT,2026-07-28T00:00:00,2026-07-28,PT0531749,LST0531749,AG01204,LOC0237,Single Family,6,3.0,2009,3170,2010,254600.0,2026-07-28,Active,,,0,0.0,3,No,Yes,2026-07-28,2026-07-28
INSERT,2026-07-28T00:00:00,2026-07-28,PT0531750,LST0531750,AG02687,LOC0225,Single Family,2,4.0,1554,13467,1906,915000.0,2026-07-28,Active,,,0,0.0,1,No,No,2026-07-28,2026-07-28
INSERT,2026-07-28T00:00:00,2026-07-28,PT0531751,LST0531751,AG00184,LOC0183,Multi-Family,5,1.5,4461,2849,1936,1666600.0,2026-07-28,Active,,,0,0.0,3,No,No,2026-07-28,2026-07-28
INSERT,2026-07-28T00:00:00,2026-07-28,PT0531752,LST0531752,AG02039,LOC0053,Multi-Family,3,3.5,4778,7896,1974,1761000.0,2026-07-28,Active,,,0,0.0,1,No,Yes,2026-07-28,2026-07-28
INSERT,2026-07-28T00:00:00,2026-07-28,PT0531753,LST0531753,AG02902,LOC0232,Apartment,2,1.5,758,0,1983,246100.0,2026-07-28,Active,,,0,488.52,1,No,No,2026-07-28,2026-07-28
INSERT,2026-07-28T00:00:00,2026-07-28,PT0531754,LST0531754,AG01179,LOC0047,Single Family,4,1.5,1332,14585,2024,209800.0,2026-07-28,Active,,,0,0.0,2,No,No,2026-07-28,2026-07-28
INSERT,2026-07-28T00:00:00,2026-07-28,PT0531755,LST0531755,AG00493,LOC0096,Condo,2,1.5,3391,1916,1936,1165500.0,2026-07-28,Active,,,0,248.9,1,No,No,2026-07-28,2026-07-28
INSERT,2026-07-28T00:00:00,2026-07-28,PT0531756,LST0531756,AG01064,LOC0223,Multi-Family,3,4.0,2945,4255,1958,1424800.0,2026-07-28,Active,,,0,0.0,0,No,Yes,2026-07-28,2026-07-28
INSERT,2026-07-28T00:00:00,2026-07-28,PT0531757,LST0531757,AG02252,LOC0212,Condo,2,1.5,1894,1250,1973,923400.0,2026-07-28,Active,,,0,514.34,2,No,No,2026-07-28,2026-07-28
INSERT,2026-07-28T00:00:00,2026-07-28,PT0531758,LST0531758,AG01624,LOC0056,Single Family,1,4.0,1031,4848,1958,394800.0,2026-07-28,Active,,,0,0.0,1,No,Yes,2026-07-28,2026-07-28
INSERT,2026-07-28T00:00:00,2026-07-28,PT0531759,LST0531759,AG00241,LOC0063,Single Family,4,4.0,888,4905,1960,413000.0,2026-07-28,Active,,,0,0.0,0,No,Yes,2026-07-28,2026-07-28
INSERT,2026-07-28T00:00:00,2026-07-28,PT0531760,LST0531760,AG00257,LOC0226,Single Family,3,3.5,2302,3292,1907,1126600.0,2026-07-28,Active,,,0,0.0,1,Yes,No,2026-07-28,2026-07-28
INSERT,2026-07-28T00:00:00,2026-07-28,PT0531761,LST0531761,AG02191,LOC0135,Townhouse,1,3.0,531,14099,1900,288100.0,2026-07-28,Active,,,0,454.15,3,Yes,No,2026-07-28,2026-07-28
INSERT,2026-07-28T00:00:00,2026-07-28,PT0531762,LST0531762,AG00162,LOC0228,Condo,3,4.5,2917,12381,1900,2102400.0,2026-07-28,Active,,,0,497.2,1,No,No,2026-07-28,2026-07-28
INSERT,2026-07-28T00:00:00,2026-07-28,PT0531763,LST0531763,AG01952,LOC0103,Apartment,1,4.5,1985,0,1988,536900.0,2026-07-28,Active,,,0,698.04,1,No,No,2026-07-28,2026-07-28
INSERT,2026-07-28T00:00:00,2026-07-28,PT0531764,LST0531764,AG01598,LOC0211,Multi-Family,2,2.0,3969,6844,1993,1396200.0,2026-07-28,Active,,,0,0.0,0,No,No,2026-07-28,2026-07-28
INSERT,2026-07-28T00:00:00,2026-07-28,PT0531765,LST0531765,AG02247,LOC0014,Single Family,6,2.0,2582,1372,2001,806100.0,2026-07-28,Active,,,0,0.0,0,No,Yes,2026-07-28,2026-07-28
INSERT,2026-07-28T00:00:00,2026-07-28,PT0531766,LST0531766,AG00091,LOC0108,Single Family,4,3.0,1180,2939,1904,297800.0,2026-07-28,Active,,,0,0.0,2,No,No,2026-07-28,2026-07-28
INSERT,2026-07-28T00:00:00,2026-07-28,PT0531767,LST0531767,AG00629,LOC0159,Condo,3,3.0,1749,4486,2025,429200.0,2026-07-28,Active,,,0,467.43,1,Yes,No,2026-07-28,2026-07-28
INSERT,2026-07-28T00:00:00,2026-07-28,PT0531768,LST0531768,AG02233,LOC0203,Single Family,1,3.0,2011,1128,1993,293600.0,2026-07-28,Active,,,0,0.0,0,No,No,2026-07-28,2026-07-28
INSERT,2026-07-28T00:00:00,2026-07-28,PT0531769,LST0531769,AG01559,LOC0092,Single Family,6,3.5,1721,1147,1968,324700.0,2026-07-28,Active,,,0,0.0,2,Yes,Yes,2026-07-28,2026-07-28
INSERT,2026-07-28T00:00:00,2026-07-28,PT0531770,LST0531770,AG00284,LOC0047,Apartment,2,1.5,1033,0,2003,278500.0,2026-07-28,Active,,,0,330.34,0,No,No,2026-07-28,2026-07-28
INSERT,2026-07-28T00:00:00,2026-07-28,PT0531771,LST0531771,AG01524,LOC0189,Single Family,6,1.0,2572,19680,1982,1386800.0,2026-07-28,Active,,,0,0.0,2,No,Yes,2026-07-28,2026-07-28
INSERT,2026-07-28T00:00:00,2026-07-28,PT0531772,LST0531772,AG00895,LOC0068,Condo,4,1.0,2588,2408,1965,302000.0,2026-07-28,Active,,,0,353.74,2,No,No,2026-07-28,2026-07-28
INSERT,2026-07-28T00:00:00,2026-07-28,PT0531773,LST0531773,AG00956,LOC0164,Townhouse,3,1.0,2331,4887,1934,381500.0,2026-07-28,Active,,,0,146.68,2,No,No,2026-07-28,2026-07-28
INSERT,2026-07-28T00:00:00,2026-07-28,PT0531774,LST0531774,AG01923,LOC0006,Condo,1,1.5,543,15344,1902,79100.0,2026-07-28,Active,,,0,379.62,0,No,No,2026-07-28,2026-07-28
INSERT,2026-07-28T00:00:00,2026-07-28,PT0531775,LST0531775,AG00611,LOC0041,Single Family,2,1.0,1514,1447,1966,234000.0,2026-07-28,Active,,,0,0.0,0,No,No,2026-07-28,2026-07-28
INSERT,2026-07-28T00:00:00,2026-07-28,PT0531776,LST0531776,AG02176,LOC0184,Single Family,3,1.0,868,13991,1954,695300.0,2026-07-28,Active,,,0,0.0,2,No,Yes,2026-07-28,2026-07-28
INSERT,2026-07-28T00:00:00,2026-07-28,PT0531777,LST0531777,AG00194,LOC0156,Land,0,0.0,6356,1079,1915,2841200.0,2026-07-28,Active,,,0,0.0,0,No,No,2026-07-28,2026-07-28
INSERT,2026-07-28T00:00:00,2026-07-28,PT0531778,LST0531778,AG02716,LOC0007,Single Family,6,4.0,1706,2382,1906,232300.0,2026-07-28,Active,,,0,0.0,2,No,Yes,2026-07-28,2026-07-28
INSERT,2026-07-28T00:00:00,2026-07-28,PT0531779,LST0531779,AG02491,LOC0096,Condo,5,3.5,2357,12065,1986,143300.0,2026-07-28,Active,,,0,608.0,3,No,No,2026-07-28,2026-07-28
INSERT,2026-07-28T00:00:00,2026-07-28,PT0531780,LST0531780,AG00228,LOC0228,Condo,1,3.5,2473,2447,2012,1145000.0,2026-07-28,Active,,,0,214.28,2,Yes,No,2026-07-28,2026-07-28
INSERT,2026-07-28T00:00:00,2026-07-28,PT0531781,LST0531781,AG00282,LOC0210,Multi-Family,6,3.0,3275,6265,1936,1228700.0,2026-07-28,Active,,,0,0.0,1,No,Yes,2026-07-28,2026-07-28
INSERT,2026-07-28T00:00:00,2026-07-28,PT0531782,LST0531782,AG00879,LOC0170,Single Family,1,2.5,2431,2889,1903,447200.0,2026-07-28,Active,,,0,0.0,3,No,Yes,2026-07-28,2026-07-28
INSERT,2026-07-28T00:00:00,2026-07-28,PT0531783,LST0531783,AG01671,LOC0247,Single Family,6,3.5,989,1585,1969,161200.0,2026-07-28,Active,,,0,0.0,1,Yes,Yes,2026-07-28,2026-07-28
INSERT,2026-07-28T00:00:00,2026-07-28,PT0531784,LST0531784,AG00358,LOC0011,Townhouse,3,1.0,1861,4835,1912,845500.0,2026-07-28,Active,,,0,216.04,1,No,No,2026-07-28,2026-07-28
INSERT,2026-07-28T00:00:00,2026-07-28,PT0531785,LST0531785,AG00710,LOC0194,Single Family,5,1.0,1774,3942,1998,1068800.0,2026-07-28,Active,,,0,0.0,1,Yes,No,2026-07-28,2026-07-28
INSERT,2026-07-28T00:00:00,2026-07-28,PT0531786,LST0531786,AG01983,LOC0102,Single Family,3,3.5,2042,1576,1948,226500.0,2026-07-28,Active,,,0,0.0,0,Yes,No,2026-07-28,2026-07-28
INSERT,2026-07-28T00:00:00,2026-07-28,PT0531787,LST0531787,AG02062,LOC0033,Single Family,6,2.5,3611,4941,2002,444900.0,2026-07-28,Active,,,0,0.0,2,No,Yes,2026-07-28,2026-07-28
INSERT,2026-07-28T00:00:00,2026-07-28,PT0531788,LST0531788,AG01672,LOC0056,Townhouse,1,3.5,1877,1807,2001,1050200.0,2026-07-28,Active,,,0,450.57,0,No,No,2026-07-28,2026-07-28
INSERT,2026-07-28T00:00:00,2026-07-28,PT0531789,LST0531789,AG01547,LOC0057,Single Family,5,3.5,1881,22744,1919,969200.0,2026-07-28,Active,,,0,0.0,3,No,No,2026-07-28,2026-07-28
INSERT,2026-07-28T00:00:00,2026-07-28,PT0531790,LST0531790,AG02665,LOC0092,Single Family,4,4.5,1812,1361,1974,386800.0,2026-07-28,Active,,,0,0.0,0,No,No,2026-07-28,2026-07-28
INSERT,2026-07-28T00:00:00,2026-07-28,PT0531791,LST0531791,AG02908,LOC0217,Single Family,2,1.0,2765,2024,2011,522200.0,2026-07-28,Active,,,0,0.0,2,No,No,2026-07-28,2026-07-28
INSERT,2026-07-28T00:00:00,2026-07-28,PT0531792,LST0531792,AG02873,LOC0152,Condo,2,3.5,1158,3167,1952,384400.0,2026-07-28,Active,,,0,614.7,1,No,No,2026-07-28,2026-07-28
INSERT,2026-07-28T00:00:00,2026-07-28,PT0531793,LST0531793,AG00683,LOC0129,Single Family,5,4.0,1843,2822,2003,606400.0,2026-07-28,Active,,,0,0.0,3,No,No,2026-07-28,2026-07-28
INSERT,2026-07-28T00:00:00,2026-07-28,PT0531794,LST0531794,AG01497,LOC0176,Multi-Family,3,4.0,3289,6840,1940,1484700.0,2026-07-28,Active,,,0,0.0,1,Yes,Yes,2026-07-28,2026-07-28
INSERT,2026-07-28T00:00:00,2026-07-28,PT0531795,LST0531795,AG02894,LOC0208,Condo,2,1.5,1945,1339,1975,740500.0,2026-07-28,Active,,,0,244.47,0,No,No,2026-07-28,2026-07-28
INSERT,2026-07-28T00:00:00,2026-07-28,PT0531796,LST0531796,AG01667,LOC0222,Apartment,3,4.0,804,0,2023,135500.0,2026-07-28,Active,,,0,487.85,2,No,No,2026-07-28,2026-07-28
INSERT,2026-07-28T00:00:00,2026-07-28,PT0531797,LST0531797,AG02896,LOC0155,Single Family,4,3.5,1408,6088,1935,170600.0,2026-07-28,Active,,,0,0.0,3,No,No,2026-07-28,2026-07-28
INSERT,2026-07-28T00:00:00,2026-07-28,PT0531798,LST0531798,AG02740,LOC0194,Single Family,3,2.5,2068,1199,1955,473000.0,2026-07-28,Active,,,0,0.0,1,No,No,2026-07-28,2026-07-28
INSERT,2026-07-28T00:00:00,2026-07-28,PT0531799,LST0531799,AG02389,LOC0157,Single Family,6,4.5,1211,7170,1990,334800.0,2026-07-28,Active,,,0,0.0,2,No,Yes,2026-07-28,2026-07-28
INSERT,2026-07-28T00:00:00,2026-07-28,PT0531800,LST0531800,AG01058,LOC0129,Single Family,6,1.5,2772,6405,1902,1475600.0,2026-07-28,Active,,,0,0.0,2,No,No,2026-07-28,2026-07-28
INSERT,2026-07-28T00:00:00,2026-07-28,PT0531801,LST0531801,AG01443,LOC0023,Single Family,5,3.0,1802,3111,2009,510300.0,2026-07-28,Active,,,0,0.0,1,No,No,2026-07-28,2026-07-28
INSERT,2026-07-28T00:00:00,2026-07-28,PT0531802,LST0531802,AG01151,LOC0021,Single Family,2,1.5,1141,8440,1952,173600.0,2026-07-28,Active,,,0,0.0,2,No,Yes,2026-07-28,2026-07-28
INSERT,2026-07-28T00:00:00,2026-07-28,PT0531803,LST0531803,AG02388,LOC0115,Condo,6,1.0,2510,4016,2018,728400.0,2026-07-28,Active,,,0,494.2,2,No,No,2026-07-28,2026-07-28
INSERT,2026-07-28T00:00:00,2026-07-28,PT0531804,LST0531804,AG00391,LOC0154,Single Family,3,2.0,1633,3372,2003,254300.0,2026-07-28,Active,,,0,0.0,2,No,No,2026-07-28,2026-07-28
INSERT,2026-07-28T00:00:00,2026-07-28,PT0531805,LST0531805,AG01833,LOC0155,Apartment,5,4.5,867,0,1972,71800.0,2026-07-28,Active,,,0,786.58,0,No,No,2026-07-28,2026-07-28
INSERT,2026-07-28T00:00:00,2026-07-28,PT0531806,LST0531806,AG00848,LOC0095,Single Family,2,4.0,2590,9305,1989,785600.0,2026-07-28,Active,,,0,0.0,1,No,Yes,2026-07-28,2026-07-28
INSERT,2026-07-28T00:00:00,2026-07-28,PT0531807,LST0531807,AG02386,LOC0043,Multi-Family,1,4.5,3341,2589,2015,584400.0,2026-07-28,Active,,,0,0.0,3,No,No,2026-07-28,2026-07-28
INSERT,2026-07-28T00:00:00,2026-07-28,PT0531808,LST0531808,AG01973,LOC0104,Multi-Family,4,1.5,2551,2437,2000,849600.0,2026-07-28,Active,,,0,0.0,3,No,No,2026-07-28,2026-07-28
INSERT,2026-07-28T00:00:00,2026-07-28,PT0531809,LST0531809,AG02195,LOC0072,Single Family,5,1.0,2725,1146,1969,409900.0,2026-07-28,Active,,,0,0.0,0,No,Yes,2026-07-28,2026-07-28
INSERT,2026-07-28T00:00:00,2026-07-28,PT0531810,LST0531810,AG01382,LOC0008,Townhouse,1,2.5,1508,3037,2024,143700.0,2026-07-28,Active,,,0,756.91,0,No,No,2026-07-28,2026-07-28
INSERT,2026-07-28T00:00:00,2026-07-28,PT0531811,LST0531811,AG02676,LOC0220,Apartment,6,3.5,1204,0,1961,176500.0,2026-07-28,Active,,,0,383.5,3,No,No,2026-07-28,2026-07-28
INSERT,2026-07-28T00:00:00,2026-07-28,PT0531812,LST0531812,AG02433,LOC0002,Condo,5,1.0,1482,2076,1937,273700.0,2026-07-28,Active,,,0,290.76,1,No,No,2026-07-28,2026-07-28
INSERT,2026-07-28T00:00:00,2026-07-28,PT0531813,LST0531813,AG00113,LOC0188,Multi-Family,5,4.5,3023,1577,1907,1164900.0,2026-07-28,Active,,,0,0.0,1,No,Yes,2026-07-28,2026-07-28
INSERT,2026-07-28T00:00:00,2026-07-28,PT0531814,LST0531814,AG01291,LOC0013,Townhouse,1,3.5,2888,3598,1971,667800.0,2026-07-28,Active,,,0,302.57,0,No,No,2026-07-28,2026-07-28
INSERT,2026-07-28T00:00:00,2026-07-28,PT0531815,LST0531815,AG01073,LOC0117,Single Family,2,3.5,3602,8598,2008,1351900.0,2026-07-28,Active,,,0,0.0,1,No,No,2026-07-28,2026-07-28
INSERT,2026-07-28T00:00:00,2026-07-28,PT0531816,LST0531816,AG00116,LOC0204,Condo,4,4.0,2479,4129,2010,673000.0,2026-07-28,Active,,,0,190.82,1,No,No,2026-07-28,2026-07-28
INSERT,2026-07-28T00:00:00,2026-07-28,PT0531817,LST0531817,AG02305,LOC0165,Single Family,4,1.5,1617,6443,1996,1129100.0,2026-07-28,Active,,,0,0.0,1,No,Yes,2026-07-28,2026-07-28
INSERT,2026-07-28T00:00:00,2026-07-28,PT0531818,LST0531818,AG02404,LOC0033,Townhouse,5,2.0,1774,3700,1987,770800.0,2026-07-28,Active,,,0,432.22,1,No,No,2026-07-28,2026-07-28
INSERT,2026-07-28T00:00:00,2026-07-28,PT0531819,LST0531819,AG01431,LOC0206,Single Family,1,1.0,3337,2916,1934,898300.0,2026-07-28,Active,,,0,0.0,0,Yes,Yes,2026-07-28,2026-07-28
INSERT,2026-07-28T00:00:00,2026-07-28,PT0531820,LST0531820,AG00547,LOC0243,Condo,1,3.5,2256,2783,1941,275700.0,2026-07-28,Active,,,0,642.25,0,No,No,2026-07-28,2026-07-28
INSERT,2026-07-28T00:00:00,2026-07-28,PT0531821,LST0531821,AG02408,LOC0079,Townhouse,6,4.5,1692,1355,1988,584400.0,2026-07-28,Active,,,0,63.34,2,No,No,2026-07-28,2026-07-28
INSERT,2026-07-28T00:00:00,2026-07-28,PT0531822,LST0531822,AG02077,LOC0162,Condo,1,2.0,2304,2959,1969,339100.0,2026-07-28,Active,,,0,634.4,3,No,No,2026-07-28,2026-07-28
INSERT,2026-07-28T00:00:00,2026-07-28,PT0531823,LST0531823,AG02334,LOC0149,Townhouse,3,1.5,1417,2586,1910,235500.0,2026-07-28,Active,,,0,480.45,2,No,No,2026-07-28,2026-07-28
INSERT,2026-07-28T00:00:00,2026-07-28,PT0531824,LST0531824,AG01182,LOC0031,Condo,1,4.0,2817,11198,1972,662100.0,2026-07-28,Active,,,0,284.02,1,No,No,2026-07-28,2026-07-28
INSERT,2026-07-28T00:00:00,2026-07-28,PT0531825,LST0531825,AG00377,LOC0054,Single Family,6,3.0,1036,8688,1949,186600.0,2026-07-28,Active,,,0,0.0,1,No,No,2026-07-28,2026-07-28
INSERT,2026-07-28T00:00:00,2026-07-28,PT0531826,LST0531826,AG01399,LOC0195,Townhouse,6,3.5,1606,1745,2016,308000.0,2026-07-28,Active,,,0,131.41,2,No,No,2026-07-28,2026-07-28
INSERT,2026-07-28T00:00:00,2026-07-28,PT0531827,LST0531827,AG01623,LOC0042,Single Family,3,4.5,2958,2149,1983,1169900.0,2026-07-28,Active,,,0,0.0,1,No,Yes,2026-07-28,2026-07-28
INSERT,2026-07-28T00:00:00,2026-07-28,PT0531828,LST0531828,AG00783,LOC0004,Townhouse,1,2.0,1176,1757,1960,177200.0,2026-07-28,Active,,,0,175.45,2,Yes,No,2026-07-28,2026-07-28
INSERT,2026-07-28T00:00:00,2026-07-28,PT0531829,LST0531829,AG00876,LOC0149,Single Family,1,2.0,2752,2758,1929,804600.0,2026-07-28,Active,,,0,0.0,1,No,Yes,2026-07-28,2026-07-28
INSERT,2026-07-28T00:00:00,2026-07-28,PT0531830,LST0531830,AG00943,LOC0248,Single Family,3,4.5,3183,1890,1916,346500.0,2026-07-28,Active,,,0,0.0,0,No,No,2026-07-28,2026-07-28
INSERT,2026-07-28T00:00:00,2026-07-28,PT0531831,LST0531831,AG01576,LOC0103,Townhouse,1,1.0,2713,10754,1905,573800.0,2026-07-28,Active,,,0,794.02,2,No,No,2026-07-28,2026-07-28
INSERT,2026-07-28T00:00:00,2026-07-28,PT0531832,LST0531832,AG02850,LOC0055,Townhouse,6,4.0,1556,4882,1968,95400.0,2026-07-28,Active,,,0,576.86,3,No,No,2026-07-28,2026-07-28
INSERT,2026-07-28T00:00:00,2026-07-28,PT0531833,LST0531833,AG01571,LOC0184,Single Family,5,3.5,1671,5884,2015,805400.0,2026-07-28,Active,,,0,0.0,0,No,Yes,2026-07-28,2026-07-28
INSERT,2026-07-28T00:00:00,2026-07-28,PT0531834,LST0531834,AG01022,LOC0204,Single Family,1,2.0,2310,5066,1958,1105100.0,2026-07-28,Active,,,0,0.0,0,No,Yes,2026-07-28,2026-07-28
INSERT,2026-07-28T00:00:00,2026-07-28,PT0531835,LST0531835,AG02498,LOC0176,Single Family,3,2.0,2331,5948,2015,1144100.0,2026-07-28,Active,,,0,0.0,0,No,Yes,2026-07-28,2026-07-28
INSERT,2026-07-28T00:00:00,2026-07-28,PT0531836,LST0531836,AG01040,LOC0132,Townhouse,1,1.5,1404,8395,1935,406800.0,2026-07-28,Active,,,0,577.58,1,No,No,2026-07-28,2026-07-28
INSERT,2026-07-28T00:00:00,2026-07-28,PT0531837,LST0531837,AG00016,LOC0141,Single Family,6,2.0,3253,2586,2020,575800.0,2026-07-28,Active,,,0,0.0,1,Yes,No,2026-07-28,2026-07-28
INSERT,2026-07-28T00:00:00,2026-07-28,PT0531838,LST0531838,AG01390,LOC0077,Apartment,4,3.0,961,0,1923,137600.0,2026-07-28,Active,,,0,182.1,3,No,No,2026-07-28,2026-07-28
INSERT,2026-07-28T00:00:00,2026-07-28,PT0531839,LST0531839,AG02463,LOC0199,Single Family,3,3.0,1862,3387,1972,836700.0,2026-07-28,Active,,,0,0.0,0,Yes,No,2026-07-28,2026-07-28
INSERT,2026-07-28T00:00:00,2026-07-28,PT0531840,LST0531840,AG00422,LOC0063,Condo,6,1.5,1999,4794,1978,775500.0,2026-07-28,Active,,,0,473.63,2,No,No,2026-07-28,2026-07-28
INSERT,2026-07-28T00:00:00,2026-07-28,PT0531841,LST0531841,AG00978,LOC0063,Townhouse,2,4.5,2305,6203,1920,1085300.0,2026-07-28,Active,,,0,445.35,2,No,No,2026-07-28,2026-07-28
INSERT,2026-07-28T00:00:00,2026-07-28,PT0531842,LST0531842,AG02944,LOC0003,Single Family,5,2.0,2091,2496,1988,235000.0,2026-07-28,Active,,,0,0.0,3,No,Yes,2026-07-28,2026-07-28
INSERT,2026-07-28T00:00:00,2026-07-28,PT0531843,LST0531843,AG01959,LOC0154,Multi-Family,1,2.5,2442,7894,1969,470700.0,2026-07-28,Active,,,0,0.0,1,No,Yes,2026-07-28,2026-07-28
INSERT,2026-07-28T00:00:00,2026-07-28,PT0531844,LST0531844,AG01440,LOC0147,Single Family,3,1.0,1701,2223,1998,180200.0,2026-07-28,Active,,,0,0.0,2,No,Yes,2026-07-28,2026-07-28
INSERT,2026-07-28T00:00:00,2026-07-28,PT0531845,LST0531845,AG01886,LOC0101,Single Family,1,4.0,1852,1339,1997,885700.0,2026-07-28,Active,,,0,0.0,2,No,Yes,2026-07-28,2026-07-28
INSERT,2026-07-28T00:00:00,2026-07-28,PT0531846,LST0531846,AG01280,LOC0092,Condo,4,4.5,1966,3734,1993,377900.0,2026-07-28,Active,,,0,665.09,2,No,No,2026-07-28,2026-07-28
INSERT,2026-07-28T00:00:00,2026-07-28,PT0531847,LST0531847,AG02486,LOC0213,Land,0,0.0,5287,3039,1950,832700.0,2026-07-28,Active,,,0,0.0,0,No,No,2026-07-28,2026-07-28
INSERT,2026-07-28T00:00:00,2026-07-28,PT0531848,LST0531848,AG01320,LOC0098,Single Family,5,4.0,2137,6709,1971,507300.0,2026-07-28,Active,,,0,0.0,1,No,No,2026-07-28,2026-07-28
INSERT,2026-07-28T00:00:00,2026-07-28,PT0531849,LST0531849,AG02667,LOC0243,Single Family,5,3.5,1349,3008,1935,617400.0,2026-07-28,Active,,,0,0.0,0,No,No,2026-07-28,2026-07-28
INSERT,2026-07-28T00:00:00,2026-07-28,PT0531850,LST0531850,AG00566,LOC0194,Single Family,3,4.0,2170,5359,1932,1182700.0,2026-07-28,Active,,,0,0.0,1,Yes,Yes,2026-07-28,2026-07-28
INSERT,2026-07-28T00:00:00,2026-07-28,PT0531851,LST0531851,AG01225,LOC0020,Single Family,6,4.0,2527,2044,2007,755200.0,2026-07-28,Active,,,0,0.0,2,No,No,2026-07-28,2026-07-28
INSERT,2026-07-28T00:00:00,2026-07-28,PT0531852,LST0531852,AG01919,LOC0136,Single Family,6,1.0,1544,2394,2003,459600.0,2026-07-28,Active,,,0,0.0,3,Yes,No,2026-07-28,2026-07-28
INSERT,2026-07-28T00:00:00,2026-07-28,PT0531853,LST0531853,AG02675,LOC0190,Single Family,5,3.0,680,4219,1900,49800.0,2026-07-28,Active,,,0,0.0,1,Yes,No,2026-07-28,2026-07-28
INSERT,2026-07-28T00:00:00,2026-07-28,PT0531854,LST0531854,AG00373,LOC0157,Single Family,4,4.5,1824,3459,1971,506500.0,2026-07-28,Active,,,0,0.0,2,No,Yes,2026-07-28,2026-07-28
INSERT,2026-07-28T00:00:00,2026-07-28,PT0531855,LST0531855,AG01815,LOC0095,Multi-Family,5,4.0,2717,6972,1999,1633300.0,2026-07-28,Active,,,0,0.0,3,Yes,No,2026-07-28,2026-07-28
INSERT,2026-07-28T00:00:00,2026-07-28,PT0531856,LST0531856,AG00074,LOC0199,Single Family,4,4.0,1094,1167,1905,475600.0,2026-07-28,Active,,,0,0.0,3,Yes,No,2026-07-28,2026-07-28
INSERT,2026-07-28T00:00:00,2026-07-28,PT0531857,LST0531857,AG01258,LOC0230,Land,0,0.0,4637,2531,1905,1476900.0,2026-07-28,Active,,,0,0.0,0,No,No,2026-07-28,2026-07-28
INSERT,2026-07-28T00:00:00,2026-07-28,PT0531858,LST0531858,AG02336,LOC0021,Townhouse,2,3.0,989,4739,2019,172000.0,2026-07-28,Active,,,0,672.16,0,No,No,2026-07-28,2026-07-28
INSERT,2026-07-28T00:00:00,2026-07-28,PT0531859,LST0531859,AG02917,LOC0033,Townhouse,3,3.5,2295,1725,1965,481300.0,2026-07-28,Active,,,0,379.37,2,No,No,2026-07-28,2026-07-28
INSERT,2026-07-28T00:00:00,2026-07-28,PT0531860,LST0531860,AG02391,LOC0040,Condo,6,3.5,707,13474,1936,274500.0,2026-07-28,Active,,,0,338.67,0,Yes,No,2026-07-28,2026-07-28
INSERT,2026-07-28T00:00:00,2026-07-28,PT0531861,LST0531861,AG00007,LOC0224,Townhouse,3,3.0,1338,4222,1905,253400.0,2026-07-28,Active,,,0,97.97,2,No,No,2026-07-28,2026-07-28
INSERT,2026-07-28T00:00:00,2026-07-28,PT0531862,LST0531862,AG01882,LOC0244,Apartment,3,2.5,1058,0,1970,139500.0,2026-07-28,Active,,,0,225.76,3,No,No,2026-07-28,2026-07-28
INSERT,2026-07-28T00:00:00,2026-07-28,PT0531863,LST0531863,AG01538,LOC0166,Single Family,5,4.5,3023,8205,1900,1092500.0,2026-07-28,Active,,,0,0.0,1,No,No,2026-07-28,2026-07-28
INSERT,2026-07-28T00:00:00,2026-07-28,PT0531864,LST0531864,AG02035,LOC0185,Single Family,3,4.5,1947,6155,1951,649000.0,2026-07-28,Active,,,0,0.0,3,No,No,2026-07-28,2026-07-28
INSERT,2026-07-28T00:00:00,2026-07-28,PT0531865,LST0531865,AG00753,LOC0130,Condo,3,2.5,2257,4817,1904,523400.0,2026-07-28,Active,,,0,413.67,2,No,No,2026-07-28,2026-07-28
INSERT,2026-07-28T00:00:00,2026-07-28,PT0531866,LST0531866,AG01293,LOC0222,Single Family,5,3.5,932,2525,2010,227400.0,2026-07-28,Active,,,0,0.0,1,No,No,2026-07-28,2026-07-28
INSERT,2026-07-28T00:00:00,2026-07-28,PT0531867,LST0531867,AG00686,LOC0020,Condo,4,2.0,2966,7288,2005,938500.0,2026-07-28,Active,,,0,596.78,3,No,No,2026-07-28,2026-07-28
INSERT,2026-07-28T00:00:00,2026-07-28,PT0531868,LST0531868,AG02458,LOC0169,Condo,4,4.5,1033,3789,1959,327300.0,2026-07-28,Active,,,0,525.31,2,No,No,2026-07-28,2026-07-28
INSERT,2026-07-28T00:00:00,2026-07-28,PT0531869,LST0531869,AG00478,LOC0059,Single Family,4,4.0,1348,10307,2005,255300.0,2026-07-28,Active,,,0,0.0,1,No,No,2026-07-28,2026-07-28
INSERT,2026-07-28T00:00:00,2026-07-28,PT0531870,LST0531870,AG02656,LOC0070,Condo,5,2.0,300,20638,1995,48700.0,2026-07-28,Active,,,0,343.12,0,No,No,2026-07-28,2026-07-28
INSERT,2026-07-28T00:00:00,2026-07-28,PT0531871,LST0531871,AG00189,LOC0088,Condo,6,1.0,1965,4359,1993,249400.0,2026-07-28,Active,,,0,530.24,1,No,No,2026-07-28,2026-07-28
INSERT,2026-07-28T00:00:00,2026-07-28,PT0531872,LST0531872,AG02597,LOC0051,Single Family,6,3.0,2928,6995,2008,331800.0,2026-07-28,Active,,,0,0.0,0,No,No,2026-07-28,2026-07-28
INSERT,2026-07-28T00:00:00,2026-07-28,PT0531873,LST0531873,AG00222,LOC0077,Single Family,1,3.0,1474,6548,1996,312800.0,2026-07-28,Active,,,0,0.0,3,Yes,No,2026-07-28,2026-07-28
INSERT,2026-07-28T00:00:00,2026-07-28,PT0531874,LST0531874,AG02778,LOC0245,Condo,3,4.5,2540,5657,1900,222100.0,2026-07-28,Active,,,0,459.93,2,No,No,2026-07-28,2026-07-28
INSERT,2026-07-28T00:00:00,2026-07-28,PT0531875,LST0531875,AG00406,LOC0080,Townhouse,2,4.0,1503,7012,2005,589700.0,2026-07-28,Active,,,0,734.13,0,Yes,No,2026-07-28,2026-07-28
INSERT,2026-07-28T00:00:00,2026-07-28,PT0531876,LST0531876,AG00545,LOC0230,Single Family,3,4.5,2467,14176,1989,1362100.0,2026-07-28,Active,,,0,0.0,2,Yes,No,2026-07-28,2026-07-28
INSERT,2026-07-28T00:00:00,2026-07-28,PT0531877,LST0531877,AG02563,LOC0090,Condo,1,3.0,2615,1305,1961,1329100.0,2026-07-28,Active,,,0,508.27,2,No,No,2026-07-28,2026-07-28
INSERT,2026-07-28T00:00:00,2026-07-28,PT0531878,LST0531878,AG01619,LOC0166,Single Family,1,3.5,946,1018,1947,438300.0,2026-07-28,Active,,,0,0.0,1,No,No,2026-07-28,2026-07-28
INSERT,2026-07-28T00:00:00,2026-07-28,PT0531879,LST0531879,AG01449,LOC0024,Townhouse,2,1.0,2257,3438,1927,1084100.0,2026-07-28,Active,,,0,114.41,3,No,No,2026-07-28,2026-07-28
INSERT,2026-07-28T00:00:00,2026-07-28,PT0531880,LST0531880,AG00158,LOC0219,Townhouse,3,4.0,2373,9603,2013,250000.0,2026-07-28,Active,,,0,602.65,0,No,No,2026-07-28,2026-07-28
INSERT,2026-07-28T00:00:00,2026-07-28,PT0531881,LST0531881,AG01905,LOC0055,Condo,6,2.0,1557,23472,2014,206500.0,2026-07-28,Active,,,0,94.3,2,No,No,2026-07-28,2026-07-28
INSERT,2026-07-28T00:00:00,2026-07-28,PT0531882,LST0531882,AG01687,LOC0013,Single Family,4,2.0,1036,1317,1974,140900.0,2026-07-28,Active,,,0,0.0,3,No,Yes,2026-07-28,2026-07-28
INSERT,2026-07-28T00:00:00,2026-07-28,PT0531883,LST0531883,AG02460,LOC0087,Condo,1,1.0,2255,6456,2017,669500.0,2026-07-28,Active,,,0,126.91,1,No,No,2026-07-28,2026-07-28
INSERT,2026-07-28T00:00:00,2026-07-28,PT0531884,LST0531884,AG02511,LOC0173,Townhouse,4,4.5,1195,2672,1927,445600.0,2026-07-28,Active,,,0,322.52,2,Yes,No,2026-07-28,2026-07-28
INSERT,2026-07-28T00:00:00,2026-07-28,PT0531885,LST0531885,AG01495,LOC0120,Condo,5,2.5,1775,1823,1932,457300.0,2026-07-28,Active,,,0,484.26,0,No,No,2026-07-28,2026-07-28
INSERT,2026-07-28T00:00:00,2026-07-28,PT0531886,LST0531886,AG01548,LOC0005,Single Family,5,1.0,582,17136,1961,158200.0,2026-07-28,Active,,,0,0.0,1,Yes,No,2026-07-28,2026-07-28
INSERT,2026-07-28T00:00:00,2026-07-28,PT0531887,LST0531887,AG00431,LOC0119,Condo,3,4.0,1348,1390,1933,515600.0,2026-07-28,Active,,,0,223.3,0,No,No,2026-07-28,2026-07-28
INSERT,2026-07-28T00:00:00,2026-07-28,PT0531888,LST0531888,AG01188,LOC0150,Apartment,1,4.5,1440,0,1960,673300.0,2026-07-28,Active,,,0,524.68,3,Yes,No,2026-07-28,2026-07-28
INSERT,2026-07-28T00:00:00,2026-07-28,PT0531889,LST0531889,AG00247,LOC0230,Single Family,5,3.5,1873,5428,1913,507700.0,2026-07-28,Active,,,0,0.0,2,No,Yes,2026-07-28,2026-07-28
INSERT,2026-07-28T00:00:00,2026-07-28,PT0531890,LST0531890,AG01209,LOC0187,Condo,5,3.0,1910,3118,1968,577600.0,2026-07-28,Active,,,0,541.71,3,No,No,2026-07-28,2026-07-28
INSERT,2026-07-28T00:00:00,2026-07-28,PT0531891,LST0531891,AG02855,LOC0249,Townhouse,2,2.0,1571,1936,1949,1030200.0,2026-07-28,Active,,,0,229.06,3,No,No,2026-07-28,2026-07-28
INSERT,2026-07-28T00:00:00,2026-07-28,PT0531892,LST0531892,AG00466,LOC0066,Single Family,1,3.5,1218,1876,1969,344200.0,2026-07-28,Active,,,0,0.0,1,No,Yes,2026-07-28,2026-07-28
INSERT,2026-07-28T00:00:00,2026-07-28,PT0531893,LST0531893,AG02126,LOC0110,Single Family,1,2.0,1816,2913,1933,230500.0,2026-07-28,Active,,,0,0.0,2,No,Yes,2026-07-28,2026-07-28
INSERT,2026-07-28T00:00:00,2026-07-28,PT0531894,LST0531894,AG01631,LOC0023,Single Family,2,2.5,2255,21539,1926,374500.0,2026-07-28,Active,,,0,0.0,0,No,Yes,2026-07-28,2026-07-28
INSERT,2026-07-28T00:00:00,2026-07-28,PT0531895,LST0531895,AG01425,LOC0071,Single Family,5,4.5,1389,8922,1957,733500.0,2026-07-28,Active,,,0,0.0,2,Yes,No,2026-07-28,2026-07-28
INSERT,2026-07-28T00:00:00,2026-07-28,PT0531896,LST0531896,AG01316,LOC0104,Multi-Family,2,1.5,4980,1581,1932,1239500.0,2026-07-28,Active,,,0,0.0,1,No,No,2026-07-28,2026-07-28
INSERT,2026-07-28T00:00:00,2026-07-28,PT0531897,LST0531897,AG02087,LOC0160,Single Family,6,1.0,1676,1762,1951,301700.0,2026-07-28,Active,,,0,0.0,3,No,Yes,2026-07-28,2026-07-28
INSERT,2026-07-28T00:00:00,2026-07-28,PT0531898,LST0531898,AG00299,LOC0157,Single Family,2,2.0,3811,2395,1983,1455300.0,2026-07-28,Active,,,0,0.0,0,Yes,Yes,2026-07-28,2026-07-28
INSERT,2026-07-28T00:00:00,2026-07-28,PT0531899,LST0531899,AG02892,LOC0020,Single Family,2,2.5,1239,2461,1959,146000.0,2026-07-28,Active,,,0,0.0,1,Yes,Yes,2026-07-28,2026-07-28
INSERT,2026-07-28T00:00:00,2026-07-28,PT0531900,LST0531900,AG00262,LOC0034,Single Family,2,2.5,2453,18118,1946,1699100.0,2026-07-28,Active,,,0,0.0,3,Yes,No,2026-07-28,2026-07-28
INSERT,2026-07-28T00:00:00,2026-07-28,PT0531901,LST0531901,AG01864,LOC0018,Land,0,0.0,2482,3711,1935,442900.0,2026-07-28,Active,,,0,0.0,0,No,No,2026-07-28,2026-07-28
INSERT,2026-07-28T00:00:00,2026-07-28,PT0531902,LST0531902,AG00409,LOC0011,Single Family,6,4.0,1088,2252,1921,478500.0,2026-07-28,Active,,,0,0.0,2,No,No,2026-07-28,2026-07-28
INSERT,2026-07-28T00:00:00,2026-07-28,PT0531903,LST0531903,AG01638,LOC0065,Condo,2,2.5,1523,4016,1904,268700.0,2026-07-28,Active,,,0,607.18,2,No,No,2026-07-28,2026-07-28
INSERT,2026-07-28T00:00:00,2026-07-28,PT0531904,LST0531904,AG02709,LOC0134,Single Family,1,1.0,1255,3030,1979,688700.0,2026-07-28,Active,,,0,0.0,2,No,No,2026-07-28,2026-07-28
INSERT,2026-07-28T00:00:00,2026-07-28,PT0531905,LST0531905,AG01145,LOC0061,Condo,1,2.0,3601,9616,1926,721200.0,2026-07-28,Active,,,0,683.3,2,No,No,2026-07-28,2026-07-28
INSERT,2026-07-28T00:00:00,2026-07-28,PT0531906,LST0531906,AG00819,LOC0232,Single Family,2,2.5,2729,1665,2021,473700.0,2026-07-28,Active,,,0,0.0,2,No,No,2026-07-28,2026-07-28
INSERT,2026-07-28T00:00:00,2026-07-28,PT0531907,LST0531907,AG02659,LOC0043,Townhouse,2,4.5,1378,1883,1904,214300.0,2026-07-28,Active,,,0,419.92,0,No,No,2026-07-28,2026-07-28
INSERT,2026-07-28T00:00:00,2026-07-28,PT0531908,LST0531908,AG02265,LOC0090,Single Family,2,4.5,2438,3478,2012,1358800.0,2026-07-28,Active,,,0,0.0,2,No,No,2026-07-28,2026-07-28
INSERT,2026-07-28T00:00:00,2026-07-28,PT0531909,LST0531909,AG01233,LOC0179,Condo,6,4.5,1283,11908,1908,95900.0,2026-07-28,Active,,,0,444.35,1,No,No,2026-07-28,2026-07-28
INSERT,2026-07-28T00:00:00,2026-07-28,PT0531910,LST0531910,AG01072,LOC0007,Condo,2,4.5,1518,4757,1923,459700.0,2026-07-28,Active,,,0,213.91,1,No,No,2026-07-28,2026-07-28
INSERT,2026-07-28T00:00:00,2026-07-28,PT0531911,LST0531911,AG00626,LOC0038,Single Family,3,2.5,2381,1704,1935,859000.0,2026-07-28,Active,,,0,0.0,2,No,No,2026-07-28,2026-07-28
INSERT,2026-07-28T00:00:00,2026-07-28,PT0531912,LST0531912,AG02908,LOC0153,Single Family,4,1.0,1774,1639,2006,467800.0,2026-07-28,Active,,,0,0.0,1,No,Yes,2026-07-28,2026-07-28
INSERT,2026-07-28T00:00:00,2026-07-28,PT0531913,LST0531913,AG01359,LOC0020,Condo,5,1.0,1030,9101,1911,315100.0,2026-07-28,Active,,,0,86.98,2,No,No,2026-07-28,2026-07-28
INSERT,2026-07-28T00:00:00,2026-07-28,PT0531914,LST0531914,AG00969,LOC0124,Single Family,3,1.5,886,3773,1903,352700.0,2026-07-28,Active,,,0,0.0,2,No,Yes,2026-07-28,2026-07-28
INSERT,2026-07-28T00:00:00,2026-07-28,PT0531915,LST0531915,AG00350,LOC0196,Single Family,5,3.0,1401,3102,1963,670100.0,2026-07-28,Active,,,0,0.0,3,No,No,2026-07-28,2026-07-28
INSERT,2026-07-28T00:00:00,2026-07-28,PT0531916,LST0531916,AG02395,LOC0049,Townhouse,4,2.5,2392,5460,1961,1233000.0,2026-07-28,Active,,,0,218.67,3,Yes,No,2026-07-28,2026-07-28
INSERT,2026-07-28T00:00:00,2026-07-28,PT0531917,LST0531917,AG02954,LOC0246,Single Family,3,2.5,1361,1996,1976,242000.0,2026-07-28,Active,,,0,0.0,1,No,Yes,2026-07-28,2026-07-28
INSERT,2026-07-28T00:00:00,2026-07-28,PT0531918,LST0531918,AG02171,LOC0016,Townhouse,5,1.5,1072,7364,1950,330900.0,2026-07-28,Active,,,0,413.31,2,Yes,No,2026-07-28,2026-07-28
INSERT,2026-07-28T00:00:00,2026-07-28,PT0531919,LST0531919,AG02553,LOC0033,Single Family,6,3.0,1832,3494,1980,347000.0,2026-07-28,Active,,,0,0.0,1,No,Yes,2026-07-28,2026-07-28
INSERT,2026-07-28T00:00:00,2026-07-28,PT0531920,LST0531920,AG02223,LOC0243,Multi-Family,2,1.5,1756,11169,1973,646400.0,2026-07-28,Active,,,0,0.0,0,No,Yes,2026-07-28,2026-07-28
INSERT,2026-07-28T00:00:00,2026-07-28,PT0531921,LST0531921,AG00855,LOC0218,Single Family,1,4.0,2295,12460,1989,557200.0,2026-07-28,Active,,,0,0.0,0,No,Yes,2026-07-28,2026-07-28
INSERT,2026-07-28T00:00:00,2026-07-28,PT0531922,LST0531922,AG02106,LOC0138,Multi-Family,1,1.5,1683,3078,1923,543700.0,2026-07-28,Active,,,0,0.0,1,No,No,2026-07-28,2026-07-28
INSERT,2026-07-28T00:00:00,2026-07-28,PT0531923,LST0531923,AG00382,LOC0078,Single Family,1,3.5,1451,3562,1937,619000.0,2026-07-28,Active,,,0,0.0,3,No,Yes,2026-07-28,2026-07-28
INSERT,2026-07-28T00:00:00,2026-07-28,PT0531924,LST0531924,AG01229,LOC0117,Single Family,6,3.5,1633,1015,2001,719900.0,2026-07-28,Active,,,0,0.0,3,No,Yes,2026-07-28,2026-07-28
INSERT,2026-07-28T00:00:00,2026-07-28,PT0531925,LST0531925,AG02236,LOC0122,Townhouse,6,1.0,746,7132,2016,277600.0,2026-07-28,Active,,,0,485.87,2,No,No,2026-07-28,2026-07-28
INSERT,2026-07-28T00:00:00,2026-07-28,PT0531926,LST0531926,AG01306,LOC0110,Condo,4,4.0,740,2021,1939,189900.0,2026-07-28,Active,,,0,258.63,1,No,No,2026-07-28,2026-07-28
INSERT,2026-07-28T00:00:00,2026-07-28,PT0531927,LST0531927,AG00439,LOC0073,Land,0,0.0,2733,4673,1904,1081200.0,2026-07-28,Active,,,0,0.0,0,No,No,2026-07-28,2026-07-28
INSERT,2026-07-28T00:00:00,2026-07-28,PT0531928,LST0531928,AG02032,LOC0116,Condo,2,2.5,1858,7855,1978,603700.0,2026-07-28,Active,,,0,624.82,1,No,No,2026-07-28,2026-07-28
INSERT,2026-07-28T00:00:00,2026-07-28,PT0531929,LST0531929,AG01496,LOC0211,Multi-Family,1,3.5,3603,3286,2021,551600.0,2026-07-28,Active,,,0,0.0,3,No,No,2026-07-28,2026-07-28
INSERT,2026-07-28T00:00:00,2026-07-28,PT0531930,LST0531930,AG01665,LOC0216,Condo,5,4.0,2430,5112,2025,260200.0,2026-07-28,Active,,,0,368.84,3,Yes,No,2026-07-28,2026-07-28
INSERT,2026-07-28T00:00:00,2026-07-28,PT0531931,LST0531931,AG02551,LOC0205,Single Family,5,4.5,731,12269,2016,220100.0,2026-07-28,Active,,,0,0.0,0,No,Yes,2026-07-28,2026-07-28
INSERT,2026-07-28T00:00:00,2026-07-28,PT0531932,LST0531932,AG02243,LOC0188,Townhouse,3,1.5,2651,1600,1919,351000.0,2026-07-28,Active,,,0,566.66,2,No,No,2026-07-28,2026-07-28
INSERT,2026-07-28T00:00:00,2026-07-28,PT0531933,LST0531933,AG00501,LOC0159,Single Family,3,2.0,356,1333,2024,67500.0,2026-07-28,Active,,,0,0.0,2,No,No,2026-07-28,2026-07-28
INSERT,2026-07-28T00:00:00,2026-07-28,PT0531934,LST0531934,AG01220,LOC0199,Single Family,3,2.5,1380,2014,1912,557300.0,2026-07-28,Active,,,0,0.0,0,No,No,2026-07-28,2026-07-28
INSERT,2026-07-28T00:00:00,2026-07-28,PT0531935,LST0531935,AG01837,LOC0065,Single Family,2,1.5,1344,1613,2003,397700.0,2026-07-28,Active,,,0,0.0,0,No,Yes,2026-07-28,2026-07-28
INSERT,2026-07-28T00:00:00,2026-07-28,PT0531936,LST0531936,AG00406,LOC0236,Multi-Family,2,1.5,4357,8341,1972,342100.0,2026-07-28,Active,,,0,0.0,3,Yes,No,2026-07-28,2026-07-28
INSERT,2026-07-28T00:00:00,2026-07-28,PT0531937,LST0531937,AG02916,LOC0183,Townhouse,5,4.5,1853,4292,1939,634400.0,2026-07-28,Active,,,0,454.91,0,No,No,2026-07-28,2026-07-28
INSERT,2026-07-28T00:00:00,2026-07-28,PT0531938,LST0531938,AG00834,LOC0194,Single Family,6,3.0,1758,4150,1975,762700.0,2026-07-28,Active,,,0,0.0,0,Yes,Yes,2026-07-28,2026-07-28
INSERT,2026-07-28T00:00:00,2026-07-28,PT0531939,LST0531939,AG02641,LOC0060,Single Family,3,2.0,1991,7588,1990,726200.0,2026-07-28,Active,,,0,0.0,3,No,No,2026-07-28,2026-07-28
INSERT,2026-07-28T00:00:00,2026-07-28,PT0531940,LST0531940,AG00590,LOC0027,Multi-Family,2,3.0,2509,2030,1959,914300.0,2026-07-28,Active,,,0,0.0,2,Yes,Yes,2026-07-28,2026-07-28
INSERT,2026-07-28T00:00:00,2026-07-28,PT0531941,LST0531941,AG02697,LOC0191,Single Family,6,4.0,1134,18690,1979,481000.0,2026-07-28,Active,,,0,0.0,3,No,No,2026-07-28,2026-07-28
INSERT,2026-07-28T00:00:00,2026-07-28,PT0531942,LST0531942,AG02727,LOC0129,Single Family,5,1.5,382,2051,2012,155500.0,2026-07-28,Active,,,0,0.0,2,No,Yes,2026-07-28,2026-07-28
INSERT,2026-07-28T00:00:00,2026-07-28,PT0531943,LST0531943,AG00766,LOC0238,Single Family,2,3.5,1445,2436,2002,431000.0,2026-07-28,Active,,,0,0.0,1,Yes,Yes,2026-07-28,2026-07-28
INSERT,2026-07-28T00:00:00,2026-07-28,PT0531944,LST0531944,AG01392,LOC0146,Condo,2,1.0,2779,8663,2016,421600.0,2026-07-28,Active,,,0,700.52,1,No,No,2026-07-28,2026-07-28
INSERT,2026-07-28T00:00:00,2026-07-28,PT0531945,LST0531945,AG01551,LOC0178,Single Family,2,1.5,2053,1118,1982,346500.0,2026-07-28,Active,,,0,0.0,2,No,Yes,2026-07-28,2026-07-28
INSERT,2026-07-28T00:00:00,2026-07-28,PT0531946,LST0531946,AG02156,LOC0247,Townhouse,2,2.5,1296,5634,1906,188200.0,2026-07-28,Active,,,0,755.4,0,No,No,2026-07-28,2026-07-28
INSERT,2026-07-28T00:00:00,2026-07-28,PT0531947,LST0531947,AG02530,LOC0081,Single Family,2,2.5,1331,1656,1908,101700.0,2026-07-28,Active,,,0,0.0,0,No,No,2026-07-28,2026-07-28
INSERT,2026-07-28T00:00:00,2026-07-28,PT0531948,LST0531948,AG00700,LOC0062,Condo,3,2.0,2354,6005,1910,1164400.0,2026-07-28,Active,,,0,539.57,0,No,No,2026-07-28,2026-07-28
INSERT,2026-07-28T00:00:00,2026-07-28,PT0531949,LST0531949,AG00269,LOC0030,Multi-Family,1,3.5,540,15918,1998,190700.0,2026-07-28,Active,,,0,0.0,1,No,No,2026-07-28,2026-07-28
INSERT,2026-07-28T00:00:00,2026-07-28,PT0531950,LST0531950,AG02157,LOC0227,Single Family,3,1.5,1483,1787,1931,86800.0,2026-07-28,Active,,,0,0.0,0,No,Yes,2026-07-28,2026-07-28
INSERT,2026-07-28T00:00:00,2026-07-28,PT0531951,LST0531951,AG01233,LOC0177,Townhouse,5,3.0,2704,24356,1969,874200.0,2026-07-28,Active,,,0,486.1,3,No,No,2026-07-28,2026-07-28
INSERT,2026-07-28T00:00:00,2026-07-28,PT0531952,LST0531952,AG02610,LOC0022,Multi-Family,5,3.0,4997,2716,1938,3402400.0,2026-07-28,Active,,,0,0.0,3,No,No,2026-07-28,2026-07-28
INSERT,2026-07-28T00:00:00,2026-07-28,PT0531953,LST0531953,AG02887,LOC0057,Condo,3,4.5,1865,4234,1946,1225400.0,2026-07-28,Active,,,0,508.24,3,Yes,No,2026-07-28,2026-07-28
INSERT,2026-07-28T00:00:00,2026-07-28,PT0531954,LST0531954,AG00250,LOC0138,Apartment,5,3.0,1336,0,1952,125600.0,2026-07-28,Active,,,0,535.16,3,No,No,2026-07-28,2026-07-28
INSERT,2026-07-28T00:00:00,2026-07-28,PT0531955,LST0531955,AG02566,LOC0026,Multi-Family,1,2.5,4964,3894,2012,774200.0,2026-07-28,Active,,,0,0.0,0,No,Yes,2026-07-28,2026-07-28
INSERT,2026-07-28T00:00:00,2026-07-28,PT0531956,LST0531956,AG00528,LOC0205,Single Family,6,2.5,1117,6593,1996,417300.0,2026-07-28,Active,,,0,0.0,1,Yes,No,2026-07-28,2026-07-28
INSERT,2026-07-28T00:00:00,2026-07-28,PT0531957,LST0531957,AG01031,LOC0229,Single Family,5,3.0,1213,3036,1919,227500.0,2026-07-28,Active,,,0,0.0,3,Yes,Yes,2026-07-28,2026-07-28
INSERT,2026-07-28T00:00:00,2026-07-28,PT0531958,LST0531958,AG00173,LOC0013,Single Family,2,4.0,2169,6294,1904,298700.0,2026-07-28,Active,,,0,0.0,0,No,No,2026-07-28,2026-07-28
INSERT,2026-07-28T00:00:00,2026-07-28,PT0531959,LST0531959,AG00002,LOC0206,Condo,4,4.5,1345,1248,1987,186400.0,2026-07-28,Active,,,0,495.86,2,No,No,2026-07-28,2026-07-28
INSERT,2026-07-28T00:00:00,2026-07-28,PT0531960,LST0531960,AG01817,LOC0213,Single Family,5,3.0,1355,4053,1990,335200.0,2026-07-28,Active,,,0,0.0,2,Yes,Yes,2026-07-28,2026-07-28
INSERT,2026-07-28T00:00:00,2026-07-28,PT0531961,LST0531961,AG00241,LOC0019,Townhouse,3,4.5,1362,4919,2025,173700.0,2026-07-28,Active,,,0,785.6,3,No,No,2026-07-28,2026-07-28
INSERT,2026-07-28T00:00:00,2026-07-28,PT0531962,LST0531962,AG01614,LOC0152,Condo,6,1.5,2603,1940,2003,655500.0,2026-07-28,Active,,,0,462.62,1,No,No,2026-07-28,2026-07-28
INSERT,2026-07-28T00:00:00,2026-07-28,PT0531963,LST0531963,AG02519,LOC0069,Townhouse,3,1.0,2550,12217,1937,729500.0,2026-07-28,Active,,,0,278.6,3,No,No,2026-07-28,2026-07-28
INSERT,2026-07-28T00:00:00,2026-07-28,PT0531964,LST0531964,AG01878,LOC0023,Single Family,4,2.0,1396,4934,2022,407000.0,2026-07-28,Active,,,0,0.0,0,No,Yes,2026-07-28,2026-07-28
INSERT,2026-07-28T00:00:00,2026-07-28,PT0531965,LST0531965,AG01516,LOC0147,Townhouse,2,2.5,1628,1146,2007,222400.0,2026-07-28,Active,,,0,264.4,0,No,No,2026-07-28,2026-07-28
INSERT,2026-07-28T00:00:00,2026-07-28,PT0531966,LST0531966,AG02037,LOC0039,Townhouse,3,1.0,987,2367,1997,237000.0,2026-07-28,Active,,,0,570.67,1,No,No,2026-07-28,2026-07-28
INSERT,2026-07-28T00:00:00,2026-07-28,PT0531967,LST0531967,AG02428,LOC0198,Single Family,2,4.5,1461,1230,1928,228400.0,2026-07-28,Active,,,0,0.0,2,No,Yes,2026-07-28,2026-07-28
INSERT,2026-07-28T00:00:00,2026-07-28,PT0531968,LST0531968,AG01912,LOC0122,Single Family,5,1.0,2140,3310,2013,584700.0,2026-07-28,Active,,,0,0.0,2,No,No,2026-07-28,2026-07-28
INSERT,2026-07-28T00:00:00,2026-07-28,PT0531969,LST0531969,AG01995,LOC0167,Single Family,6,1.5,2097,1497,1962,616400.0,2026-07-28,Active,,,0,0.0,3,No,No,2026-07-28,2026-07-28
INSERT,2026-07-28T00:00:00,2026-07-28,PT0531970,LST0531970,AG02476,LOC0143,Townhouse,2,2.5,1604,3210,2014,134700.0,2026-07-28,Active,,,0,317.61,3,No,No,2026-07-28,2026-07-28
INSERT,2026-07-28T00:00:00,2026-07-28,PT0531971,LST0531971,AG00239,LOC0163,Townhouse,4,3.5,1745,3122,1920,431700.0,2026-07-28,Active,,,0,565.21,1,No,No,2026-07-28,2026-07-28
INSERT,2026-07-28T00:00:00,2026-07-28,PT0531972,LST0531972,AG02370,LOC0167,Single Family,4,4.5,726,3032,1951,180100.0,2026-07-28,Active,,,0,0.0,3,No,Yes,2026-07-28,2026-07-28
INSERT,2026-07-28T00:00:00,2026-07-28,PT0531973,LST0531973,AG02328,LOC0226,Single Family,5,4.5,2849,2739,1959,978700.0,2026-07-28,Active,,,0,0.0,3,No,Yes,2026-07-28,2026-07-28
INSERT,2026-07-28T00:00:00,2026-07-28,PT0531974,LST0531974,AG01359,LOC0093,Land,0,0.0,5623,6983,1915,1249300.0,2026-07-28,Active,,,0,0.0,0,No,No,2026-07-28,2026-07-28
INSERT,2026-07-28T00:00:00,2026-07-28,PT0531975,LST0531975,AG01621,LOC0240,Single Family,3,3.0,2921,14228,1999,706500.0,2026-07-28,Active,,,0,0.0,2,No,Yes,2026-07-28,2026-07-28
INSERT,2026-07-28T00:00:00,2026-07-28,PT0531976,LST0531976,AG00837,LOC0205,Single Family,1,1.5,883,3832,1937,142600.0,2026-07-28,Active,,,0,0.0,3,No,No,2026-07-28,2026-07-28
INSERT,2026-07-28T00:00:00,2026-07-28,PT0531977,LST0531977,AG01843,LOC0069,Land,0,0.0,5139,1898,1949,1141300.0,2026-07-28,Active,,,0,0.0,0,No,No,2026-07-28,2026-07-28
INSERT,2026-07-28T00:00:00,2026-07-28,PT0531978,LST0531978,AG02878,LOC0148,Condo,6,3.0,2581,2471,1939,807600.0,2026-07-28,Active,,,0,120.52,2,Yes,No,2026-07-28,2026-07-28
INSERT,2026-07-28T00:00:00,2026-07-28,PT0531979,LST0531979,AG01726,LOC0012,Condo,1,4.5,959,8309,1955,530400.0,2026-07-28,Active,,,0,118.93,1,No,No,2026-07-28,2026-07-28
INSERT,2026-07-28T00:00:00,2026-07-28,PT0531980,LST0531980,AG01769,LOC0126,Single Family,5,3.5,1666,5305,2013,673500.0,2026-07-28,Active,,,0,0.0,0,No,Yes,2026-07-28,2026-07-28
INSERT,2026-07-28T00:00:00,2026-07-28,PT0531981,LST0531981,AG02149,LOC0181,Condo,2,4.0,1633,2186,1933,171200.0,2026-07-28,Active,,,0,74.35,3,No,No,2026-07-28,2026-07-28
INSERT,2026-07-28T00:00:00,2026-07-28,PT0531982,LST0531982,AG00191,LOC0127,Condo,2,2.0,2559,4863,1931,449100.0,2026-07-28,Active,,,0,407.31,1,No,No,2026-07-28,2026-07-28
INSERT,2026-07-28T00:00:00,2026-07-28,PT0531983,LST0531983,AG02996,LOC0058,Apartment,3,3.0,942,0,1912,122800.0,2026-07-28,Active,,,0,629.73,2,Yes,No,2026-07-28,2026-07-28
INSERT,2026-07-28T00:00:00,2026-07-28,PT0531984,LST0531984,AG00161,LOC0060,Single Family,4,4.0,1953,11054,1989,571000.0,2026-07-28,Active,,,0,0.0,2,Yes,No,2026-07-28,2026-07-28
INSERT,2026-07-28T00:00:00,2026-07-28,PT0531985,LST0531985,AG00796,LOC0056,Single Family,6,2.5,465,14443,1921,200600.0,2026-07-28,Active,,,0,0.0,3,Yes,Yes,2026-07-28,2026-07-28
INSERT,2026-07-28T00:00:00,2026-07-28,PT0531986,LST0531986,AG02422,LOC0057,Townhouse,5,4.5,1516,8264,1966,732100.0,2026-07-28,Active,,,0,460.69,2,No,No,2026-07-28,2026-07-28
INSERT,2026-07-28T00:00:00,2026-07-28,PT0531987,LST0531987,AG00921,LOC0119,Single Family,4,1.0,2093,3195,2011,476300.0,2026-07-28,Active,,,0,0.0,2,No,No,2026-07-28,2026-07-28
INSERT,2026-07-28T00:00:00,2026-07-28,PT0531988,LST0531988,AG02100,LOC0164,Apartment,5,2.5,506,0,1996,86800.0,2026-07-28,Active,,,0,416.97,3,No,No,2026-07-28,2026-07-28
INSERT,2026-07-28T00:00:00,2026-07-28,PT0531989,LST0531989,AG00008,LOC0228,Single Family,1,1.5,967,10147,1925,231400.0,2026-07-28,Active,,,0,0.0,2,No,No,2026-07-28,2026-07-28
INSERT,2026-07-28T00:00:00,2026-07-28,PT0531990,LST0531990,AG01378,LOC0240,Single Family,3,3.0,1013,1978,1924,130500.0,2026-07-28,Active,,,0,0.0,1,Yes,Yes,2026-07-28,2026-07-28
INSERT,2026-07-28T00:00:00,2026-07-28,PT0531991,LST0531991,AG01895,LOC0141,Single Family,4,3.5,1019,2342,1928,226800.0,2026-07-28,Active,,,0,0.0,0,No,No,2026-07-28,2026-07-28
INSERT,2026-07-28T00:00:00,2026-07-28,PT0531992,LST0531992,AG01068,LOC0017,Single Family,4,2.5,2323,7326,1911,721400.0,2026-07-28,Active,,,0,0.0,2,Yes,Yes,2026-07-28,2026-07-28
INSERT,2026-07-28T00:00:00,2026-07-28,PT0531993,LST0531993,AG02833,LOC0149,Single Family,2,3.0,1107,4956,1990,375000.0,2026-07-28,Active,,,0,0.0,3,No,No,2026-07-28,2026-07-28
INSERT,2026-07-28T00:00:00,2026-07-28,PT0531994,LST0531994,AG02264,LOC0230,Apartment,2,1.5,1203,0,1989,228900.0,2026-07-28,Active,,,0,308.37,2,No,No,2026-07-28,2026-07-28
INSERT,2026-07-28T00:00:00,2026-07-28,PT0531995,LST0531995,AG02693,LOC0027,Condo,3,4.0,2924,5763,1928,1216100.0,2026-07-28,Active,,,0,336.83,0,Yes,No,2026-07-28,2026-07-28
INSERT,2026-07-28T00:00:00,2026-07-28,PT0531996,LST0531996,AG02682,LOC0142,Townhouse,5,2.0,1319,8125,2001,633600.0,2026-07-28,Active,,,0,619.75,3,No,No,2026-07-28,2026-07-28
INSERT,2026-07-28T00:00:00,2026-07-28,PT0531997,LST0531997,AG00198,LOC0021,Condo,6,1.5,2185,2314,1976,188500.0,2026-07-28,Active,,,0,54.71,1,Yes,No,2026-07-28,2026-07-28
INSERT,2026-07-28T00:00:00,2026-07-28,PT0531998,LST0531998,AG00374,LOC0224,Townhouse,3,3.0,1676,1111,1977,370900.0,2026-07-28,Active,,,0,153.38,1,No,No,2026-07-28,2026-07-28
INSERT,2026-07-28T00:00:00,2026-07-28,PT0531999,LST0531999,AG00068,LOC0063,Single Family,6,3.5,2641,3767,1976,748600.0,2026-07-28,Active,,,0,0.0,2,Yes,No,2026-07-28,2026-07-28
INSERT,2026-07-28T00:00:00,2026-07-28,PT0532000,LST0532000,AG01830,LOC0202,Single Family,5,4.5,1833,1195,1963,101900.0,2026-07-28,Active,,,0,0.0,3,No,Yes,2026-07-28,2026-07-28
INSERT,2026-07-28T00:00:00,2026-07-28,PT0532001,LST0532001,AG00247,LOC0035,Single Family,2,3.0,3018,9920,1915,628900.0,2026-07-28,Active,,,0,0.0,0,No,Yes,2026-07-28,2026-07-28
INSERT,2026-07-28T00:00:00,2026-07-28,PT0532002,LST0532002,AG02704,LOC0230,Single Family,3,3.0,760,2341,1970,199200.0,2026-07-28,Active,,,0,0.0,3,No,No,2026-07-28,2026-07-28
INSERT,2026-07-28T00:00:00,2026-07-28,PT0532003,LST0532003,AG00523,LOC0226,Single Family,6,1.0,1871,3977,1911,689300.0,2026-07-28,Active,,,0,0.0,1,No,Yes,2026-07-28,2026-07-28
INSERT,2026-07-28T00:00:00,2026-07-28,PT0532004,LST0532004,AG02344,LOC0113,Multi-Family,4,4.0,5227,4484,1983,1297300.0,2026-07-28,Active,,,0,0.0,3,No,No,2026-07-28,2026-07-28
INSERT,2026-07-28T00:00:00,2026-07-28,PT0532005,LST0532005,AG02565,LOC0187,Single Family,5,3.0,1467,7653,1936,752700.0,2026-07-28,Active,,,0,0.0,2,No,Yes,2026-07-28,2026-07-28
INSERT,2026-07-28T00:00:00,2026-07-28,PT0532006,LST0532006,AG00034,LOC0121,Single Family,5,4.5,1902,3042,1948,706700.0,2026-07-28,Active,,,0,0.0,0,No,No,2026-07-28,2026-07-28
INSERT,2026-07-28T00:00:00,2026-07-28,PT0532007,LST0532007,AG01556,LOC0234,Single Family,1,1.5,1374,1276,1955,468300.0,2026-07-28,Active,,,0,0.0,2,Yes,Yes,2026-07-28,2026-07-28
INSERT,2026-07-28T00:00:00,2026-07-28,PT0532008,LST0532008,AG02158,LOC0090,Townhouse,4,1.5,841,1468,1931,221300.0,2026-07-28,Active,,,0,130.99,1,No,No,2026-07-28,2026-07-28
INSERT,2026-07-28T00:00:00,2026-07-28,PT0532009,LST0532009,AG01789,LOC0217,Single Family,3,2.0,1078,2336,2002,189100.0,2026-07-28,Active,,,0,0.0,0,No,Yes,2026-07-28,2026-07-28
INSERT,2026-07-28T00:00:00,2026-07-28,PT0532010,LST0532010,AG02872,LOC0182,Single Family,1,3.0,1968,3890,2005,810000.0,2026-07-28,Active,,,0,0.0,1,No,No,2026-07-28,2026-07-28
INSERT,2026-07-28T00:00:00,2026-07-28,PT0532011,LST0532011,AG00928,LOC0010,Single Family,5,3.0,3379,21351,1904,1389800.0,2026-07-28,Active,,,0,0.0,3,Yes,No,2026-07-28,2026-07-28
INSERT,2026-07-28T00:00:00,2026-07-28,PT0532012,LST0532012,AG00581,LOC0008,Single Family,3,1.5,1868,2563,2008,399200.0,2026-07-28,Active,,,0,0.0,1,Yes,Yes,2026-07-28,2026-07-28
INSERT,2026-07-28T00:00:00,2026-07-28,PT0532013,LST0532013,AG01474,LOC0136,Single Family,3,3.5,1145,9769,2017,347400.0,2026-07-28,Active,,,0,0.0,2,No,Yes,2026-07-28,2026-07-28
INSERT,2026-07-28T00:00:00,2026-07-28,PT0532014,LST0532014,AG00892,LOC0159,Condo,1,2.5,3231,12643,2018,925900.0,2026-07-28,Active,,,0,495.49,0,No,No,2026-07-28,2026-07-28
INSERT,2026-07-28T00:00:00,2026-07-28,PT0532015,LST0532015,AG02839,LOC0045,Single Family,2,2.0,300,7403,1955,102300.0,2026-07-28,Active,,,0,0.0,1,No,Yes,2026-07-28,2026-07-28
INSERT,2026-07-28T00:00:00,2026-07-28,PT0532016,LST0532016,AG01299,LOC0012,Single Family,6,2.5,1430,2273,1930,838600.0,2026-07-28,Active,,,0,0.0,2,No,No,2026-07-28,2026-07-28
INSERT,2026-07-28T00:00:00,2026-07-28,PT0532017,LST0532017,AG01419,LOC0015,Townhouse,1,1.0,1802,5782,1924,439900.0,2026-07-28,Active,,,0,630.32,2,Yes,No,2026-07-28,2026-07-28
INSERT,2026-07-28T00:00:00,2026-07-28,PT0532018,LST0532018,AG02556,LOC0023,Condo,3,1.0,2257,4645,1914,798800.0,2026-07-28,Active,,,0,99.07,3,No,No,2026-07-28,2026-07-28
INSERT,2026-07-28T00:00:00,2026-07-28,PT0532019,LST0532019,AG02085,LOC0174,Land,0,0.0,2788,1130,1908,990800.0,2026-07-28,Active,,,0,0.0,0,No,No,2026-07-28,2026-07-28
INSERT,2026-07-28T00:00:00,2026-07-28,PT0532020,LST0532020,AG00612,LOC0054,Apartment,1,2.0,1605,0,1987,379700.0,2026-07-28,Active,,,0,760.73,3,No,No,2026-07-28,2026-07-28
INSERT,2026-07-28T00:00:00,2026-07-28,PT0532021,LST0532021,AG00673,LOC0125,Single Family,3,1.5,1952,3365,1927,332300.0,2026-07-28,Active,,,0,0.0,0,No,No,2026-07-28,2026-07-28
INSERT,2026-07-28T00:00:00,2026-07-28,PT0532022,LST0532022,AG02413,LOC0064,Single Family,4,2.5,971,2410,2023,324900.0,2026-07-28,Active,,,0,0.0,0,Yes,No,2026-07-28,2026-07-28
INSERT,2026-07-28T00:00:00,2026-07-28,PT0532023,LST0532023,AG00117,LOC0208,Condo,3,4.0,1536,3010,2022,585200.0,2026-07-28,Active,,,0,786.87,1,No,No,2026-07-28,2026-07-28
INSERT,2026-07-28T00:00:00,2026-07-28,PT0532024,LST0532024,AG01917,LOC0193,Single Family,2,3.0,2812,3387,1907,509500.0,2026-07-28,Active,,,0,0.0,1,No,Yes,2026-07-28,2026-07-28
INSERT,2026-07-28T00:00:00,2026-07-28,PT0532025,LST0532025,AG01883,LOC0030,Condo,5,1.5,1612,3284,2002,406600.0,2026-07-28,Active,,,0,506.17,1,No,No,2026-07-28,2026-07-28
INSERT,2026-07-28T00:00:00,2026-07-28,PT0532026,LST0532026,AG00281,LOC0171,Condo,3,4.5,1970,2658,2003,471900.0,2026-07-28,Active,,,0,101.73,1,No,No,2026-07-28,2026-07-28
INSERT,2026-07-28T00:00:00,2026-07-28,PT0532027,LST0532027,AG00167,LOC0173,Condo,1,4.0,1057,6035,1963,420700.0,2026-07-28,Active,,,0,151.95,2,No,No,2026-07-28,2026-07-28
INSERT,2026-07-28T00:00:00,2026-07-28,PT0532028,LST0532028,AG00005,LOC0087,Condo,1,3.5,2228,6193,1995,754900.0,2026-07-28,Active,,,0,347.52,3,No,No,2026-07-28,2026-07-28
INSERT,2026-07-28T00:00:00,2026-07-28,PT0532029,LST0532029,AG01515,LOC0140,Condo,2,3.5,2800,3424,1948,1053600.0,2026-07-28,Active,,,0,620.79,2,No,No,2026-07-28,2026-07-28
INSERT,2026-07-28T00:00:00,2026-07-28,PT0532030,LST0532030,AG01245,LOC0222,Condo,2,4.5,1354,9374,1906,424800.0,2026-07-28,Active,,,0,293.95,2,Yes,No,2026-07-28,2026-07-28
INSERT,2026-07-28T00:00:00,2026-07-28,PT0532031,LST0532031,AG02298,LOC0125,Land,0,0.0,4590,9266,1989,1386800.0,2026-07-28,Active,,,0,0.0,0,No,No,2026-07-28,2026-07-28
INSERT,2026-07-28T00:00:00,2026-07-28,PT0532032,LST0532032,AG01960,LOC0078,Condo,2,1.5,1326,3614,2010,131500.0,2026-07-28,Active,,,0,463.94,2,No,No,2026-07-28,2026-07-28
INSERT,2026-07-28T00:00:00,2026-07-28,PT0532033,LST0532033,AG02862,LOC0029,Single Family,3,3.0,2713,3862,1959,908600.0,2026-07-28,Active,,,0,0.0,3,Yes,No,2026-07-28,2026-07-28
INSERT,2026-07-28T00:00:00,2026-07-28,PT0532034,LST0532034,AG02033,LOC0225,Single Family,5,3.5,447,2437,2020,234500.0,2026-07-28,Active,,,0,0.0,3,No,Yes,2026-07-28,2026-07-28
INSERT,2026-07-28T00:00:00,2026-07-28,PT0532035,LST0532035,AG02910,LOC0066,Single Family,6,3.5,1529,4241,1990,393700.0,2026-07-28,Active,,,0,0.0,3,No,No,2026-07-28,2026-07-28
INSERT,2026-07-28T00:00:00,2026-07-28,PT0532036,LST0532036,AG02211,LOC0244,Single Family,2,4.5,1428,2273,1991,235000.0,2026-07-28,Active,,,0,0.0,2,No,No,2026-07-28,2026-07-28
INSERT,2026-07-28T00:00:00,2026-07-28,PT0532037,LST0532037,AG00559,LOC0229,Single Family,6,3.5,2761,4333,2025,619500.0,2026-07-28,Active,,,0,0.0,3,Yes,No,2026-07-28,2026-07-28
INSERT,2026-07-28T00:00:00,2026-07-28,PT0532038,LST0532038,AG01034,LOC0193,Single Family,2,3.5,1365,1322,1952,376400.0,2026-07-28,Active,,,0,0.0,2,No,No,2026-07-28,2026-07-28
INSERT,2026-07-28T00:00:00,2026-07-28,PT0532039,LST0532039,AG01488,LOC0076,Single Family,5,1.0,1978,5592,1993,279800.0,2026-07-28,Active,,,0,0.0,0,No,Yes,2026-07-28,2026-07-28
INSERT,2026-07-28T00:00:00,2026-07-28,PT0532040,LST0532040,AG00568,LOC0037,Single Family,5,2.5,300,5402,1946,91600.0,2026-07-28,Active,,,0,0.0,2,No,No,2026-07-28,2026-07-28
INSERT,2026-07-28T00:00:00,2026-07-28,PT0532041,LST0532041,AG00964,LOC0239,Condo,6,2.5,1716,1952,1916,454000.0,2026-07-28,Active,,,0,241.05,3,No,No,2026-07-28,2026-07-28
INSERT,2026-07-28T00:00:00,2026-07-28,PT0532042,LST0532042,AG01599,LOC0150,Townhouse,6,4.0,1567,4098,1969,417500.0,2026-07-28,Active,,,0,97.3,3,No,No,2026-07-28,2026-07-28
INSERT,2026-07-28T00:00:00,2026-07-28,PT0532043,LST0532043,AG01460,LOC0087,Single Family,5,2.0,3519,1117,1991,1437200.0,2026-07-28,Active,,,0,0.0,0,No,Yes,2026-07-28,2026-07-28
INSERT,2026-07-28T00:00:00,2026-07-28,PT0532044,LST0532044,AG02445,LOC0091,Single Family,4,2.5,1471,1486,1943,268300.0,2026-07-28,Active,,,0,0.0,2,Yes,Yes,2026-07-28,2026-07-28
INSERT,2026-07-28T00:00:00,2026-07-28,PT0532045,LST0532045,AG00753,LOC0073,Townhouse,2,1.5,1120,2847,1919,381300.0,2026-07-28,Active,,,0,473.77,0,Yes,No,2026-07-28,2026-07-28
INSERT,2026-07-28T00:00:00,2026-07-28,PT0532046,LST0532046,AG02799,LOC0204,Condo,3,2.5,1498,1087,1980,926200.0,2026-07-28,Active,,,0,704.76,1,No,No,2026-07-28,2026-07-28
INSERT,2026-07-28T00:00:00,2026-07-28,PT0532047,LST0532047,AG01132,LOC0085,Multi-Family,4,1.0,4800,13626,1962,1436100.0,2026-07-28,Active,,,0,0.0,2,No,No,2026-07-28,2026-07-28
INSERT,2026-07-28T00:00:00,2026-07-28,PT0532048,LST0532048,AG01033,LOC0065,Apartment,6,3.0,835,0,1906,210700.0,2026-07-28,Active,,,0,749.95,1,No,No,2026-07-28,2026-07-28
INSERT,2026-07-28T00:00:00,2026-07-28,PT0532049,LST0532049,AG02322,LOC0209,Condo,4,3.5,2048,1183,1962,859700.0,2026-07-28,Active,,,0,128.9,1,Yes,No,2026-07-28,2026-07-28
INSERT,2026-07-28T00:00:00,2026-07-28,PT0532050,LST0532050,AG00606,LOC0103,Single Family,5,2.0,1394,1731,1937,218400.0,2026-07-28,Active,,,0,0.0,0,No,No,2026-07-28,2026-07-28
INSERT,2026-07-28T00:00:00,2026-07-28,PT0532051,LST0532051,AG01485,LOC0161,Multi-Family,2,4.5,3371,6120,1920,866500.0,2026-07-28,Active,,,0,0.0,1,No,No,2026-07-28,2026-07-28
INSERT,2026-07-28T00:00:00,2026-07-28,PT0532052,LST0532052,AG02492,LOC0114,Single Family,6,4.0,1873,5708,1937,373500.0,2026-07-28,Active,,,0,0.0,3,No,No,2026-07-28,2026-07-28
INSERT,2026-07-28T00:00:00,2026-07-28,PT0532053,LST0532053,AG01446,LOC0081,Townhouse,6,3.5,1615,9688,1927,509400.0,2026-07-28,Active,,,0,128.32,0,Yes,No,2026-07-28,2026-07-28
INSERT,2026-07-28T00:00:00,2026-07-28,PT0532054,LST0532054,AG00061,LOC0245,Single Family,4,1.5,1817,1953,1928,349400.0,2026-07-28,Active,,,0,0.0,1,No,No,2026-07-28,2026-07-28
INSERT,2026-07-28T00:00:00,2026-07-28,PT0532055,LST0532055,AG02863,LOC0184,Single Family,5,3.0,2101,10167,1934,634800.0,2026-07-28,Active,,,0,0.0,1,No,No,2026-07-28,2026-07-28
INSERT,2026-07-28T00:00:00,2026-07-28,PT0532056,LST0532056,AG01089,LOC0243,Single Family,1,1.0,1220,2292,1937,660800.0,2026-07-28,Active,,,0,0.0,3,Yes,No,2026-07-28,2026-07-28
INSERT,2026-07-28T00:00:00,2026-07-28,PT0532057,LST0532057,AG00084,LOC0035,Condo,6,3.5,2314,10617,1937,532600.0,2026-07-28,Active,,,0,791.31,2,No,No,2026-07-28,2026-07-28
INSERT,2026-07-28T00:00:00,2026-07-28,PT0532058,LST0532058,AG02293,LOC0231,Single Family,5,4.5,2507,6490,1900,377600.0,2026-07-28,Active,,,0,0.0,1,No,Yes,2026-07-28,2026-07-28
INSERT,2026-07-28T00:00:00,2026-07-28,PT0532059,LST0532059,AG02028,LOC0102,Single Family,3,3.5,1332,4730,1963,110700.0,2026-07-28,Active,,,0,0.0,0,No,Yes,2026-07-28,2026-07-28
INSERT,2026-07-28T00:00:00,2026-07-28,PT0532060,LST0532060,AG00442,LOC0125,Land,0,0.0,3084,2612,1982,317700.0,2026-07-28,Active,,,0,0.0,0,No,No,2026-07-28,2026-07-28
INSERT,2026-07-28T00:00:00,2026-07-28,PT0532061,LST0532061,AG00246,LOC0201,Single Family,5,4.0,1547,2162,1918,287200.0,2026-07-28,Active,,,0,0.0,3,No,No,2026-07-28,2026-07-28
INSERT,2026-07-28T00:00:00,2026-07-28,PT0532062,LST0532062,AG00303,LOC0120,Condo,2,3.0,2122,2894,1969,688200.0,2026-07-28,Active,,,0,382.89,0,No,No,2026-07-28,2026-07-28
INSERT,2026-07-28T00:00:00,2026-07-28,PT0532063,LST0532063,AG01073,LOC0036,Condo,4,2.5,2328,5285,1960,719000.0,2026-07-28,Active,,,0,67.06,1,No,No,2026-07-28,2026-07-28
INSERT,2026-07-28T00:00:00,2026-07-28,PT0532064,LST0532064,AG00145,LOC0178,Single Family,1,4.5,2720,1481,1991,207100.0,2026-07-28,Active,,,0,0.0,1,No,No,2026-07-28,2026-07-28
INSERT,2026-07-28T00:00:00,2026-07-28,PT0532065,LST0532065,AG02205,LOC0169,Single Family,1,4.0,2355,8108,1904,499000.0,2026-07-28,Active,,,0,0.0,3,No,No,2026-07-28,2026-07-28
INSERT,2026-07-28T00:00:00,2026-07-28,PT0532066,LST0532066,AG01352,LOC0097,Apartment,1,2.0,1192,0,1996,348900.0,2026-07-28,Active,,,0,181.67,1,No,No,2026-07-28,2026-07-28
INSERT,2026-07-28T00:00:00,2026-07-28,PT0532067,LST0532067,AG02258,LOC0143,Townhouse,6,1.5,2940,5545,1938,438000.0,2026-07-28,Active,,,0,149.1,3,Yes,No,2026-07-28,2026-07-28
INSERT,2026-07-28T00:00:00,2026-07-28,PT0532068,LST0532068,AG00064,LOC0128,Townhouse,4,2.0,2301,8517,1946,620000.0,2026-07-28,Active,,,0,687.41,3,No,No,2026-07-28,2026-07-28
INSERT,2026-07-28T00:00:00,2026-07-28,PT0532069,LST0532069,AG00670,LOC0111,Single Family,3,2.5,2135,3231,1973,495400.0,2026-07-28,Active,,,0,0.0,2,Yes,No,2026-07-28,2026-07-28
INSERT,2026-07-28T00:00:00,2026-07-28,PT0532070,LST0532070,AG01171,LOC0141,Single Family,2,2.5,1159,9993,2021,221100.0,2026-07-28,Active,,,0,0.0,1,No,No,2026-07-28,2026-07-28
INSERT,2026-07-28T00:00:00,2026-07-28,PT0532071,LST0532071,AG00659,LOC0121,Single Family,4,4.0,1820,8125,2016,335400.0,2026-07-28,Active,,,0,0.0,3,No,Yes,2026-07-28,2026-07-28
INSERT,2026-07-28T00:00:00,2026-07-28,PT0532072,LST0532072,AG02372,LOC0163,Multi-Family,2,1.0,3539,7582,1988,417600.0,2026-07-28,Active,,,0,0.0,1,No,Yes,2026-07-28,2026-07-28
INSERT,2026-07-28T00:00:00,2026-07-28,PT0532073,LST0532073,AG00061,LOC0059,Single Family,5,2.0,1874,7725,1936,272200.0,2026-07-28,Active,,,0,0.0,0,No,No,2026-07-28,2026-07-28
INSERT,2026-07-28T00:00:00,2026-07-28,PT0532074,LST0532074,AG02021,LOC0058,Single Family,4,3.5,2893,3771,1990,1036900.0,2026-07-28,Active,,,0,0.0,1,No,Yes,2026-07-28,2026-07-28
INSERT,2026-07-28T00:00:00,2026-07-28,PT0532075,LST0532075,AG00698,LOC0194,Single Family,1,4.0,1770,2589,1987,478100.0,2026-07-28,Active,,,0,0.0,2,No,No,2026-07-28,2026-07-28
INSERT,2026-07-28T00:00:00,2026-07-28,PT0532076,LST0532076,AG01443,LOC0076,Townhouse,1,1.5,1950,2203,1907,115300.0,2026-07-28,Active,,,0,269.57,2,No,No,2026-07-28,2026-07-28
INSERT,2026-07-28T00:00:00,2026-07-28,PT0532077,LST0532077,AG02504,LOC0080,Single Family,1,1.0,2292,3992,1971,578700.0,2026-07-28,Active,,,0,0.0,0,No,Yes,2026-07-28,2026-07-28
INSERT,2026-07-28T00:00:00,2026-07-28,PT0532078,LST0532078,AG02284,LOC0086,Single Family,3,2.5,1714,5758,2023,431400.0,2026-07-28,Active,,,0,0.0,3,No,No,2026-07-28,2026-07-28
INSERT,2026-07-28T00:00:00,2026-07-28,PT0532079,LST0532079,AG02447,LOC0083,Single Family,4,4.0,1126,10023,1904,225000.0,2026-07-28,Active,,,0,0.0,0,Yes,Yes,2026-07-28,2026-07-28
INSERT,2026-07-28T00:00:00,2026-07-28,PT0532080,LST0532080,AG01109,LOC0156,Single Family,6,2.0,1239,3179,1956,658400.0,2026-07-28,Active,,,0,0.0,0,No,Yes,2026-07-28,2026-07-28
INSERT,2026-07-28T00:00:00,2026-07-28,PT0532081,LST0532081,AG02969,LOC0212,Multi-Family,6,3.5,5117,2235,1932,1849500.0,2026-07-28,Active,,,0,0.0,0,No,Yes,2026-07-28,2026-07-28
INSERT,2026-07-28T00:00:00,2026-07-28,PT0532082,LST0532082,AG01104,LOC0110,Multi-Family,3,1.0,2976,8392,1941,676700.0,2026-07-28,Active,,,0,0.0,3,No,No,2026-07-28,2026-07-28
INSERT,2026-07-28T00:00:00,2026-07-28,PT0532083,LST0532083,AG00412,LOC0081,Condo,2,2.0,1160,5976,2009,536700.0,2026-07-28,Active,,,0,237.7,0,No,No,2026-07-28,2026-07-28
INSERT,2026-07-28T00:00:00,2026-07-28,PT0532084,LST0532084,AG00729,LOC0246,Land,0,0.0,1783,8841,1998,306900.0,2026-07-28,Active,,,0,0.0,0,No,No,2026-07-28,2026-07-28
INSERT,2026-07-28T00:00:00,2026-07-28,PT0532085,LST0532085,AG01489,LOC0140,Townhouse,6,3.0,1976,3474,1970,601000.0,2026-07-28,Active,,,0,310.1,0,No,No,2026-07-28,2026-07-28
INSERT,2026-07-28T00:00:00,2026-07-28,PT0532086,LST0532086,AG00786,LOC0229,Land,0,0.0,2594,2111,1925,458500.0,2026-07-28,Active,,,0,0.0,0,No,No,2026-07-28,2026-07-28
INSERT,2026-07-28T00:00:00,2026-07-28,PT0532087,LST0532087,AG01296,LOC0169,Single Family,1,4.0,867,8443,1978,320700.0,2026-07-28,Active,,,0,0.0,2,No,No,2026-07-28,2026-07-28
INSERT,2026-07-28T00:00:00,2026-07-28,PT0532088,LST0532088,AG02762,LOC0117,Single Family,5,3.5,1561,3869,1925,548500.0,2026-07-28,Active,,,0,0.0,3,Yes,No,2026-07-28,2026-07-28
INSERT,2026-07-28T00:00:00,2026-07-28,PT0532089,LST0532089,AG00681,LOC0182,Condo,5,3.0,2126,1499,2022,683600.0,2026-07-28,Active,,,0,637.03,3,No,No,2026-07-28,2026-07-28
INSERT,2026-07-28T00:00:00,2026-07-28,PT0532090,LST0532090,AG00456,LOC0021,Single Family,3,1.5,2339,7526,1920,207900.0,2026-07-28,Active,,,0,0.0,3,No,Yes,2026-07-28,2026-07-28
INSERT,2026-07-28T00:00:00,2026-07-28,PT0532091,LST0532091,AG00575,LOC0040,Single Family,5,4.5,1914,1804,1956,1029800.0,2026-07-28,Active,,,0,0.0,3,No,No,2026-07-28,2026-07-28
INSERT,2026-07-28T00:00:00,2026-07-28,PT0532092,LST0532092,AG00577,LOC0095,Single Family,5,1.0,1747,6082,1907,155200.0,2026-07-28,Active,,,0,0.0,2,No,No,2026-07-28,2026-07-28
INSERT,2026-07-28T00:00:00,2026-07-28,PT0532093,LST0532093,AG02298,LOC0079,Condo,6,3.5,2176,8255,1967,704000.0,2026-07-28,Active,,,0,112.46,3,No,No,2026-07-28,2026-07-28
INSERT,2026-07-28T00:00:00,2026-07-28,PT0532094,LST0532094,AG00507,LOC0116,Single Family,5,1.5,2283,1266,1980,705100.0,2026-07-28,Active,,,0,0.0,2,No,No,2026-07-28,2026-07-28
INSERT,2026-07-28T00:00:00,2026-07-28,PT0532095,LST0532095,AG01265,LOC0106,Single Family,2,4.0,2084,1437,1909,706700.0,2026-07-28,Active,,,0,0.0,2,No,No,2026-07-28,2026-07-28
INSERT,2026-07-28T00:00:00,2026-07-28,PT0532096,LST0532096,AG00756,LOC0117,Single Family,6,3.5,2715,2680,1934,1279000.0,2026-07-28,Active,,,0,0.0,2,No,Yes,2026-07-28,2026-07-28
INSERT,2026-07-28T00:00:00,2026-07-28,PT0532097,LST0532097,AG02962,LOC0042,Condo,4,4.5,1084,1225,1972,219500.0,2026-07-28,Active,,,0,639.17,0,Yes,No,2026-07-28,2026-07-28
INSERT,2026-07-28T00:00:00,2026-07-28,PT0532098,LST0532098,AG00314,LOC0055,Land,0,0.0,3294,7453,2022,520300.0,2026-07-28,Active,,,0,0.0,0,No,No,2026-07-28,2026-07-28
INSERT,2026-07-28T00:00:00,2026-07-28,PT0532099,LST0532099,AG01004,LOC0078,Single Family,1,3.5,1602,4229,1927,361300.0,2026-07-28,Active,,,0,0.0,2,No,Yes,2026-07-28,2026-07-28
INSERT,2026-07-28T00:00:00,2026-07-28,PT0532100,LST0532100,AG02008,LOC0070,Townhouse,3,4.0,1107,10887,1929,218600.0,2026-07-28,Active,,,0,728.57,0,No,No,2026-07-28,2026-07-28
INSERT,2026-07-28T00:00:00,2026-07-28,PT0532101,LST0532101,AG00412,LOC0054,Multi-Family,5,2.0,3476,4087,1990,982900.0,2026-07-28,Active,,,0,0.0,3,No,No,2026-07-28,2026-07-28
INSERT,2026-07-28T00:00:00,2026-07-28,PT0532102,LST0532102,AG02957,LOC0107,Townhouse,4,2.0,577,3169,2020,114800.0,2026-07-28,Active,,,0,239.92,2,No,No,2026-07-28,2026-07-28
INSERT,2026-07-28T00:00:00,2026-07-28,PT0532103,LST0532103,AG02307,LOC0216,Apartment,1,3.5,1098,0,2011,127800.0,2026-07-28,Active,,,0,74.02,3,No,No,2026-07-28,2026-07-28
INSERT,2026-07-28T00:00:00,2026-07-28,PT0532104,LST0532104,AG02442,LOC0180,Multi-Family,3,1.0,3635,4030,1909,942200.0,2026-07-28,Active,,,0,0.0,3,No,No,2026-07-28,2026-07-28
INSERT,2026-07-28T00:00:00,2026-07-28,PT0532105,LST0532105,AG00498,LOC0142,Single Family,6,2.0,1616,2914,2016,231500.0,2026-07-28,Active,,,0,0.0,1,No,No,2026-07-28,2026-07-28
INSERT,2026-07-28T00:00:00,2026-07-28,PT0532106,LST0532106,AG02921,LOC0026,Single Family,6,3.5,430,2895,2003,54300.0,2026-07-28,Active,,,0,0.0,3,Yes,No,2026-07-28,2026-07-28
INSERT,2026-07-28T00:00:00,2026-07-28,PT0532107,LST0532107,AG02237,LOC0218,Apartment,2,1.0,1230,0,1992,284300.0,2026-07-28,Active,,,0,372.3,2,No,No,2026-07-28,2026-07-28
INSERT,2026-07-28T00:00:00,2026-07-28,PT0532108,LST0532108,AG02413,LOC0069,Land,0,0.0,3127,6976,1929,475700.0,2026-07-28,Active,,,0,0.0,0,No,No,2026-07-28,2026-07-28
INSERT,2026-07-28T00:00:00,2026-07-28,PT0532109,LST0532109,AG02909,LOC0053,Land,0,0.0,6754,2702,2025,3083400.0,2026-07-28,Active,,,0,0.0,0,No,No,2026-07-28,2026-07-28
INSERT,2026-07-28T00:00:00,2026-07-28,PT0532110,LST0532110,AG01348,LOC0170,Single Family,3,2.5,1353,2686,1925,626100.0,2026-07-28,Active,,,0,0.0,1,No,No,2026-07-28,2026-07-28
INSERT,2026-07-28T00:00:00,2026-07-28,PT0532111,LST0532111,AG01074,LOC0151,Land,0,0.0,7580,2122,1904,1933600.0,2026-07-28,Active,,,0,0.0,0,No,No,2026-07-28,2026-07-28
INSERT,2026-07-28T00:00:00,2026-07-28,PT0532112,LST0532112,AG01168,LOC0203,Single Family,6,3.0,1943,1740,1990,345000.0,2026-07-28,Active,,,0,0.0,0,Yes,No,2026-07-28,2026-07-28
INSERT,2026-07-28T00:00:00,2026-07-28,PT0532113,LST0532113,AG00455,LOC0037,Single Family,4,3.5,1687,2696,2023,820400.0,2026-07-28,Active,,,0,0.0,0,Yes,Yes,2026-07-28,2026-07-28
INSERT,2026-07-28T00:00:00,2026-07-28,PT0532114,LST0532114,AG01837,LOC0016,Single Family,5,2.5,3239,1465,1956,524500.0,2026-07-28,Active,,,0,0.0,1,No,No,2026-07-28,2026-07-28
INSERT,2026-07-28T00:00:00,2026-07-28,PT0532115,LST0532115,AG01731,LOC0011,Single Family,5,4.5,2252,3438,1959,538300.0,2026-07-28,Active,,,0,0.0,1,No,Yes,2026-07-28,2026-07-28
INSERT,2026-07-28T00:00:00,2026-07-28,PT0532116,LST0532116,AG00077,LOC0173,Single Family,4,4.5,1674,1927,2019,1079400.0,2026-07-28,Active,,,0,0.0,1,No,No,2026-07-28,2026-07-28
INSERT,2026-07-28T00:00:00,2026-07-28,PT0532117,LST0532117,AG00233,LOC0092,Single Family,4,2.0,2180,4368,2000,397300.0,2026-07-28,Active,,,0,0.0,0,Yes,Yes,2026-07-28,2026-07-28
INSERT,2026-07-28T00:00:00,2026-07-28,PT0532118,LST0532118,AG01270,LOC0193,Condo,1,3.5,2411,2399,2008,1230600.0,2026-07-28,Active,,,0,783.85,3,No,No,2026-07-28,2026-07-28
INSERT,2026-07-28T00:00:00,2026-07-28,PT0532119,LST0532119,AG01871,LOC0086,Condo,6,2.0,2680,7803,1994,287300.0,2026-07-28,Active,,,0,318.51,3,No,No,2026-07-28,2026-07-28
INSERT,2026-07-28T00:00:00,2026-07-28,PT0532120,LST0532120,AG02565,LOC0175,Townhouse,6,2.5,1946,3848,1947,371800.0,2026-07-28,Active,,,0,668.7,0,No,No,2026-07-28,2026-07-28
INSERT,2026-07-28T00:00:00,2026-07-28,PT0532121,LST0532121,AG02481,LOC0051,Single Family,2,4.0,2412,8621,1924,280100.0,2026-07-28,Active,,,0,0.0,3,No,Yes,2026-07-28,2026-07-28
INSERT,2026-07-28T00:00:00,2026-07-28,PT0532122,LST0532122,AG02632,LOC0057,Apartment,2,2.0,1754,0,1971,603000.0,2026-07-28,Active,,,0,527.03,1,No,No,2026-07-28,2026-07-28
INSERT,2026-07-28T00:00:00,2026-07-28,PT0532123,LST0532123,AG02006,LOC0209,Single Family,4,4.0,1858,5906,2017,645100.0,2026-07-28,Active,,,0,0.0,3,Yes,Yes,2026-07-28,2026-07-28
INSERT,2026-07-28T00:00:00,2026-07-28,PT0532124,LST0532124,AG02005,LOC0071,Single Family,6,2.0,1685,5460,2016,599900.0,2026-07-28,Active,,,0,0.0,1,Yes,No,2026-07-28,2026-07-28
INSERT,2026-07-28T00:00:00,2026-07-28,PT0532125,LST0532125,AG02994,LOC0117,Townhouse,5,2.5,1901,1657,1942,949500.0,2026-07-28,Active,,,0,576.2,0,No,No,2026-07-28,2026-07-28
INSERT,2026-07-28T00:00:00,2026-07-28,PT0532126,LST0532126,AG01063,LOC0089,Single Family,2,1.0,2441,9592,1976,981300.0,2026-07-28,Active,,,0,0.0,1,No,No,2026-07-28,2026-07-28
INSERT,2026-07-28T00:00:00,2026-07-28,PT0532127,LST0532127,AG00970,LOC0182,Townhouse,4,2.0,2130,4629,1993,652600.0,2026-07-28,Active,,,0,344.76,1,No,No,2026-07-28,2026-07-28
INSERT,2026-07-28T00:00:00,2026-07-28,PT0532128,LST0532128,AG01725,LOC0239,Single Family,5,3.5,2861,3671,1918,811500.0,2026-07-28,Active,,,0,0.0,2,No,Yes,2026-07-28,2026-07-28
INSERT,2026-07-28T00:00:00,2026-07-28,PT0532129,LST0532129,AG03000,LOC0097,Single Family,2,3.0,1586,5128,1999,481000.0,2026-07-28,Active,,,0,0.0,0,No,Yes,2026-07-28,2026-07-28
INSERT,2026-07-28T00:00:00,2026-07-28,PT0532130,LST0532130,AG02840,LOC0094,Condo,3,3.0,1999,1184,1904,759100.0,2026-07-28,Active,,,0,55.95,0,No,No,2026-07-28,2026-07-28
INSERT,2026-07-28T00:00:00,2026-07-28,PT0532131,LST0532131,AG02446,LOC0032,Condo,4,2.5,3234,7928,1962,827300.0,2026-07-28,Active,,,0,575.19,0,No,No,2026-07-28,2026-07-28
INSERT,2026-07-28T00:00:00,2026-07-28,PT0532132,LST0532132,AG02968,LOC0029,Single Family,2,1.0,2396,6255,2004,747800.0,2026-07-28,Active,,,0,0.0,1,No,No,2026-07-28,2026-07-28
INSERT,2026-07-28T00:00:00,2026-07-28,PT0532133,LST0532133,AG00409,LOC0117,Land,0,0.0,5194,4924,1930,2149400.0,2026-07-28,Active,,,0,0.0,0,No,No,2026-07-28,2026-07-28
INSERT,2026-07-28T00:00:00,2026-07-28,PT0532134,LST0532134,AG00402,LOC0020,Single Family,4,4.5,2404,4657,1930,170400.0,2026-07-28,Active,,,0,0.0,0,No,Yes,2026-07-28,2026-07-28
INSERT,2026-07-28T00:00:00,2026-07-28,PT0532135,LST0532135,AG02494,LOC0210,Single Family,4,2.5,1253,1908,1999,557800.0,2026-07-28,Active,,,0,0.0,1,No,No,2026-07-28,2026-07-28
INSERT,2026-07-28T00:00:00,2026-07-28,PT0532136,LST0532136,AG02463,LOC0097,Single Family,4,2.0,2153,1095,1953,644600.0,2026-07-28,Active,,,0,0.0,0,No,Yes,2026-07-28,2026-07-28
INSERT,2026-07-28T00:00:00,2026-07-28,PT0532137,LST0532137,AG01194,LOC0151,Single Family,1,3.0,1794,8856,1958,645400.0,2026-07-28,Active,,,0,0.0,2,No,Yes,2026-07-28,2026-07-28
INSERT,2026-07-28T00:00:00,2026-07-28,PT0532138,LST0532138,AG02038,LOC0057,Townhouse,4,4.5,1650,5651,1941,835000.0,2026-07-28,Active,,,0,602.87,0,No,No,2026-07-28,2026-07-28
INSERT,2026-07-28T00:00:00,2026-07-28,PT0532139,LST0532139,AG02949,LOC0201,Single Family,6,1.0,1803,1758,1907,326800.0,2026-07-28,Active,,,0,0.0,1,Yes,Yes,2026-07-28,2026-07-28
INSERT,2026-07-28T00:00:00,2026-07-28,PT0532140,LST0532140,AG02839,LOC0176,Townhouse,3,1.5,2204,4006,1925,1068100.0,2026-07-28,Active,,,0,346.95,0,No,No,2026-07-28,2026-07-28
INSERT,2026-07-28T00:00:00,2026-07-28,PT0532141,LST0532141,AG02275,LOC0078,Townhouse,1,1.5,1276,2370,2000,465800.0,2026-07-28,Active,,,0,319.04,2,No,No,2026-07-28,2026-07-28
INSERT,2026-07-28T00:00:00,2026-07-28,PT0532142,LST0532142,AG01103,LOC0211,Condo,6,2.0,1743,10777,1914,731200.0,2026-07-28,Active,,,0,736.02,2,No,No,2026-07-28,2026-07-28
INSERT,2026-07-28T00:00:00,2026-07-28,PT0532143,LST0532143,AG01241,LOC0113,Condo,4,4.0,1665,7695,1949,919800.0,2026-07-28,Active,,,0,674.12,0,No,No,2026-07-28,2026-07-28
INSERT,2026-07-28T00:00:00,2026-07-28,PT0532144,LST0532144,AG00576,LOC0054,Single Family,3,3.0,2004,7137,2013,474300.0,2026-07-28,Active,,,0,0.0,0,No,No,2026-07-28,2026-07-28
INSERT,2026-07-28T00:00:00,2026-07-28,PT0532145,LST0532145,AG00970,LOC0003,Land,0,0.0,4254,15281,1929,362700.0,2026-07-28,Active,,,0,0.0,0,No,No,2026-07-28,2026-07-28
INSERT,2026-07-28T00:00:00,2026-07-28,PT0532146,LST0532146,AG02077,LOC0094,Multi-Family,5,3.5,3261,8424,1945,295900.0,2026-07-28,Active,,,0,0.0,0,No,Yes,2026-07-28,2026-07-28
INSERT,2026-07-28T00:00:00,2026-07-28,PT0532147,LST0532147,AG02886,LOC0121,Townhouse,4,3.0,1808,2860,1994,500200.0,2026-07-28,Active,,,0,110.84,1,No,No,2026-07-28,2026-07-28
INSERT,2026-07-28T00:00:00,2026-07-28,PT0532148,LST0532148,AG02684,LOC0165,Single Family,1,1.5,980,8563,1934,425900.0,2026-07-28,Active,,,0,0.0,3,No,Yes,2026-07-28,2026-07-28
INSERT,2026-07-28T00:00:00,2026-07-28,PT0532149,LST0532149,AG01795,LOC0127,Condo,6,4.5,3229,6737,1918,1854200.0,2026-07-28,Active,,,0,238.4,0,No,No,2026-07-28,2026-07-28
INSERT,2026-07-28T00:00:00,2026-07-28,PT0532150,LST0532150,AG00555,LOC0162,Single Family,4,1.5,1630,4605,1906,401200.0,2026-07-28,Active,,,0,0.0,3,Yes,Yes,2026-07-28,2026-07-28
INSERT,2026-07-28T00:00:00,2026-07-28,PT0532151,LST0532151,AG01528,LOC0057,Apartment,1,1.0,680,0,1916,228700.0,2026-07-28,Active,,,0,465.3,0,Yes,No,2026-07-28,2026-07-28
INSERT,2026-07-28T00:00:00,2026-07-28,PT0532152,LST0532152,AG01592,LOC0218,Condo,5,2.5,2400,10783,2012,739400.0,2026-07-28,Active,,,0,228.12,3,No,No,2026-07-28,2026-07-28
INSERT,2026-07-28T00:00:00,2026-07-28,PT0532153,LST0532153,AG01998,LOC0055,Townhouse,5,4.5,1667,7733,1923,194800.0,2026-07-28,Active,,,0,345.47,1,No,No,2026-07-28,2026-07-28
INSERT,2026-07-28T00:00:00,2026-07-28,PT0532154,LST0532154,AG00764,LOC0127,Condo,3,4.5,2038,8194,1967,801100.0,2026-07-28,Active,,,0,581.31,2,No,No,2026-07-28,2026-07-28
INSERT,2026-07-28T00:00:00,2026-07-28,PT0532155,LST0532155,AG01080,LOC0026,Townhouse,6,1.5,1663,7705,1992,516400.0,2026-07-28,Active,,,0,243.91,3,No,No,2026-07-28,2026-07-28
INSERT,2026-07-28T00:00:00,2026-07-28,PT0532156,LST0532156,AG00182,LOC0136,Townhouse,1,1.5,1437,4383,2004,360400.0,2026-07-28,Active,,,0,111.14,0,No,No,2026-07-28,2026-07-28
INSERT,2026-07-28T00:00:00,2026-07-28,PT0532157,LST0532157,AG02473,LOC0047,Townhouse,4,2.5,1810,2286,2018,601700.0,2026-07-28,Active,,,0,396.25,0,Yes,No,2026-07-28,2026-07-28
INSERT,2026-07-28T00:00:00,2026-07-28,PT0532158,LST0532158,AG02864,LOC0074,Land,0,0.0,8879,7004,1962,3464100.0,2026-07-28,Active,,,0,0.0,0,No,No,2026-07-28,2026-07-28
INSERT,2026-07-28T00:00:00,2026-07-28,PT0532159,LST0532159,AG00603,LOC0223,Single Family,5,1.5,2119,15167,1906,1046500.0,2026-07-28,Active,,,0,0.0,0,No,No,2026-07-28,2026-07-28
INSERT,2026-07-28T00:00:00,2026-07-28,PT0532160,LST0532160,AG02338,LOC0124,Condo,1,2.5,1318,4861,2004,261700.0,2026-07-28,Active,,,0,624.38,2,No,No,2026-07-28,2026-07-28
INSERT,2026-07-28T00:00:00,2026-07-28,PT0532161,LST0532161,AG00552,LOC0194,Single Family,6,1.0,829,1946,1924,574800.0,2026-07-28,Active,,,0,0.0,2,No,No,2026-07-28,2026-07-28
INSERT,2026-07-28T00:00:00,2026-07-28,PT0532162,LST0532162,AG01053,LOC0229,Single Family,5,2.5,3107,8575,1924,523000.0,2026-07-28,Active,,,0,0.0,2,No,Yes,2026-07-28,2026-07-28
INSERT,2026-07-28T00:00:00,2026-07-28,PT0532163,LST0532163,AG00481,LOC0004,Condo,2,1.0,1725,4950,1986,102500.0,2026-07-28,Active,,,0,400.53,1,No,No,2026-07-28,2026-07-28
INSERT,2026-07-28T00:00:00,2026-07-28,PT0532164,LST0532164,AG00273,LOC0035,Single Family,6,3.0,300,5580,1972,77700.0,2026-07-28,Active,,,0,0.0,2,Yes,Yes,2026-07-28,2026-07-28
INSERT,2026-07-28T00:00:00,2026-07-28,PT0532165,LST0532165,AG02693,LOC0026,Single Family,2,1.0,1348,2120,2014,465800.0,2026-07-28,Active,,,0,0.0,1,No,No,2026-07-28,2026-07-28
INSERT,2026-07-28T00:00:00,2026-07-28,PT0532166,LST0532166,AG01094,LOC0048,Single Family,4,4.5,3051,8694,1944,262400.0,2026-07-28,Active,,,0,0.0,2,No,Yes,2026-07-28,2026-07-28
INSERT,2026-07-28T00:00:00,2026-07-28,PT0532167,LST0532167,AG02708,LOC0191,Townhouse,1,4.0,1966,1138,1926,545500.0,2026-07-28,Active,,,0,118.84,0,No,No,2026-07-28,2026-07-28
INSERT,2026-07-28T00:00:00,2026-07-28,PT0532168,LST0532168,AG02484,LOC0218,Condo,1,1.5,2249,5995,2018,774800.0,2026-07-28,Active,,,0,668.58,2,No,No,2026-07-28,2026-07-28
INSERT,2026-07-28T00:00:00,2026-07-28,PT0532169,LST0532169,AG01682,LOC0038,Townhouse,4,4.0,1389,1976,2014,555900.0,2026-07-28,Active,,,0,756.44,3,No,No,2026-07-28,2026-07-28
INSERT,2026-07-28T00:00:00,2026-07-28,PT0532170,LST0532170,AG00466,LOC0112,Condo,2,1.5,2030,2868,1967,99000.0,2026-07-28,Active,,,0,521.94,3,No,No,2026-07-28,2026-07-28
INSERT,2026-07-28T00:00:00,2026-07-28,PT0532171,LST0532171,AG01842,LOC0118,Condo,2,2.0,1784,6412,1997,377100.0,2026-07-28,Active,,,0,476.89,1,No,No,2026-07-28,2026-07-28
INSERT,2026-07-28T00:00:00,2026-07-28,PT0532172,LST0532172,AG01509,LOC0101,Townhouse,6,4.0,2642,2058,2011,1010200.0,2026-07-28,Active,,,0,448.93,1,No,No,2026-07-28,2026-07-28
INSERT,2026-07-28T00:00:00,2026-07-28,PT0532173,LST0532173,AG00963,LOC0127,Single Family,2,4.0,2207,1907,2008,748800.0,2026-07-28,Active,,,0,0.0,0,No,No,2026-07-28,2026-07-28
INSERT,2026-07-28T00:00:00,2026-07-28,PT0532174,LST0532174,AG01441,LOC0063,Condo,5,1.0,1006,1893,1980,175600.0,2026-07-28,Active,,,0,153.78,0,No,No,2026-07-28,2026-07-28
INSERT,2026-07-28T00:00:00,2026-07-28,PT0532175,LST0532175,AG00412,LOC0011,Single Family,4,3.5,1372,2243,1916,789600.0,2026-07-28,Active,,,0,0.0,3,No,Yes,2026-07-28,2026-07-28
INSERT,2026-07-28T00:00:00,2026-07-28,PT0532176,LST0532176,AG00020,LOC0124,Single Family,2,2.5,2000,1186,1903,738100.0,2026-07-28,Active,,,0,0.0,0,Yes,No,2026-07-28,2026-07-28
INSERT,2026-07-28T00:00:00,2026-07-28,PT0532177,LST0532177,AG02489,LOC0167,Condo,4,1.0,1806,5132,2006,651900.0,2026-07-28,Active,,,0,757.86,0,No,No,2026-07-28,2026-07-28
INSERT,2026-07-28T00:00:00,2026-07-28,PT0532178,LST0532178,AG00813,LOC0221,Condo,3,3.0,2521,6180,1925,637100.0,2026-07-28,Active,,,0,519.07,0,No,No,2026-07-28,2026-07-28
INSERT,2026-07-28T00:00:00,2026-07-28,PT0532179,LST0532179,AG01301,LOC0226,Single Family,3,2.0,1836,2911,1945,611200.0,2026-07-28,Active,,,0,0.0,2,No,No,2026-07-28,2026-07-28
INSERT,2026-07-28T00:00:00,2026-07-28,PT0532180,LST0532180,AG00196,LOC0205,Single Family,2,2.5,1780,7797,1949,628700.0,2026-07-28,Active,,,0,0.0,2,No,Yes,2026-07-28,2026-07-28
INSERT,2026-07-28T00:00:00,2026-07-28,PT0532181,LST0532181,AG02742,LOC0216,Townhouse,4,3.0,793,4535,1961,182800.0,2026-07-28,Active,,,0,56.08,3,No,No,2026-07-28,2026-07-28
INSERT,2026-07-28T00:00:00,2026-07-28,PT0532182,LST0532182,AG00933,LOC0242,Single Family,6,3.0,2137,4985,1966,657100.0,2026-07-28,Active,,,0,0.0,0,Yes,No,2026-07-28,2026-07-28
INSERT,2026-07-28T00:00:00,2026-07-28,PT0532183,LST0532183,AG00544,LOC0032,Single Family,3,1.0,2231,12836,1900,263700.0,2026-07-28,Active,,,0,0.0,3,Yes,Yes,2026-07-28,2026-07-28
INSERT,2026-07-28T00:00:00,2026-07-28,PT0532184,LST0532184,AG01735,LOC0130,Townhouse,3,2.0,2229,1622,1933,575400.0,2026-07-28,Active,,,0,733.93,0,No,No,2026-07-28,2026-07-28
INSERT,2026-07-28T00:00:00,2026-07-28,PT0532185,LST0532185,AG00855,LOC0240,Townhouse,3,1.5,1766,3566,1924,609900.0,2026-07-28,Active,,,0,387.39,1,Yes,No,2026-07-28,2026-07-28
INSERT,2026-07-28T00:00:00,2026-07-28,PT0532186,LST0532186,AG00920,LOC0154,Single Family,1,2.0,1822,2296,1985,261800.0,2026-07-28,Active,,,0,0.0,0,No,Yes,2026-07-28,2026-07-28
INSERT,2026-07-28T00:00:00,2026-07-28,PT0532187,LST0532187,AG02357,LOC0059,Single Family,1,2.5,1880,2937,2005,242900.0,2026-07-28,Active,,,0,0.0,3,Yes,Yes,2026-07-28,2026-07-28
INSERT,2026-07-28T00:00:00,2026-07-28,PT0532188,LST0532188,AG02842,LOC0147,Single Family,1,1.0,2432,13868,1982,487700.0,2026-07-28,Active,,,0,0.0,3,No,No,2026-07-28,2026-07-28
INSERT,2026-07-28T00:00:00,2026-07-28,PT0532189,LST0532189,AG02473,LOC0124,Townhouse,4,4.5,1656,6722,1952,692300.0,2026-07-28,Active,,,0,561.21,3,Yes,No,2026-07-28,2026-07-28
INSERT,2026-07-28T00:00:00,2026-07-28,PT0532190,LST0532190,AG00586,LOC0191,Single Family,4,3.5,1308,4739,1948,426500.0,2026-07-28,Active,,,0,0.0,2,No,Yes,2026-07-28,2026-07-28
INSERT,2026-07-28T00:00:00,2026-07-28,PT0532191,LST0532191,AG01076,LOC0228,Land,0,0.0,4888,1334,2023,1888700.0,2026-07-28,Active,,,0,0.0,0,No,No,2026-07-28,2026-07-28
INSERT,2026-07-28T00:00:00,2026-07-28,PT0532192,LST0532192,AG01483,LOC0119,Single Family,6,2.0,2500,4371,1919,481000.0,2026-07-28,Active,,,0,0.0,1,No,Yes,2026-07-28,2026-07-28
INSERT,2026-07-28T00:00:00,2026-07-28,PT0532193,LST0532193,AG00635,LOC0150,Single Family,3,4.0,2128,5701,1980,702000.0,2026-07-28,Active,,,0,0.0,3,No,No,2026-07-28,2026-07-28
INSERT,2026-07-28T00:00:00,2026-07-28,PT0532194,LST0532194,AG02471,LOC0080,Apartment,2,4.0,1494,0,2024,596600.0,2026-07-28,Active,,,0,109.16,1,No,No,2026-07-28,2026-07-28
INSERT,2026-07-28T00:00:00,2026-07-28,PT0532195,LST0532195,AG00045,LOC0094,Single Family,3,4.0,2781,3140,1932,641400.0,2026-07-28,Active,,,0,0.0,2,No,Yes,2026-07-28,2026-07-28
INSERT,2026-07-28T00:00:00,2026-07-28,PT0532196,LST0532196,AG02189,LOC0013,Land,0,0.0,8423,1241,1940,2130800.0,2026-07-28,Active,,,0,0.0,0,No,No,2026-07-28,2026-07-28
INSERT,2026-07-28T00:00:00,2026-07-28,PT0532197,LST0532197,AG01435,LOC0116,Single Family,5,2.0,1204,10229,1944,582000.0,2026-07-28,Active,,,0,0.0,0,No,Yes,2026-07-28,2026-07-28
INSERT,2026-07-28T00:00:00,2026-07-28,PT0532198,LST0532198,AG01348,LOC0182,Single Family,2,2.0,2630,4610,2023,1094900.0,2026-07-28,Active,,,0,0.0,3,No,Yes,2026-07-28,2026-07-28
INSERT,2026-07-28T00:00:00,2026-07-28,PT0532199,LST0532199,AG02780,LOC0235,Condo,3,4.0,1298,9877,2004,496200.0,2026-07-28,Active,,,0,179.1,1,No,No,2026-07-28,2026-07-28
INSERT,2026-07-28T00:00:00,2026-07-28,PT0532200,LST0532200,AG02608,LOC0216,Townhouse,2,2.0,1018,4068,1965,152800.0,2026-07-28,Active,,,0,169.75,1,No,No,2026-07-28,2026-07-28
INSERT,2026-07-28T00:00:00,2026-07-28,PT0532201,LST0532201,AG01364,LOC0112,Single Family,2,4.0,2397,11269,2020,71900.0,2026-07-28,Active,,,0,0.0,1,No,No,2026-07-28,2026-07-28
INSERT,2026-07-28T00:00:00,2026-07-28,PT0532202,LST0532202,AG01842,LOC0023,Multi-Family,5,1.0,4235,2478,1904,1263400.0,2026-07-28,Active,,,0,0.0,0,No,No,2026-07-28,2026-07-28
INSERT,2026-07-28T00:00:00,2026-07-28,PT0532203,LST0532203,AG00592,LOC0038,Single Family,3,1.5,1650,1285,2019,390700.0,2026-07-28,Active,,,0,0.0,1,No,No,2026-07-28,2026-07-28
INSERT,2026-07-28T00:00:00,2026-07-28,PT0532204,LST0532204,AG02694,LOC0142,Condo,6,4.0,2889,4530,1970,807800.0,2026-07-28,Active,,,0,482.21,2,No,No,2026-07-28,2026-07-28
INSERT,2026-07-28T00:00:00,2026-07-28,PT0532205,LST0532205,AG02562,LOC0051,Multi-Family,4,4.0,2823,1422,1928,156700.0,2026-07-28,Active,,,0,0.0,0,No,No,2026-07-28,2026-07-28
INSERT,2026-07-28T00:00:00,2026-07-28,PT0532206,LST0532206,AG02211,LOC0160,Single Family,5,2.5,2281,5974,2012,741800.0,2026-07-28,Active,,,0,0.0,3,Yes,No,2026-07-28,2026-07-28
INSERT,2026-07-28T00:00:00,2026-07-28,PT0532207,LST0532207,AG01903,LOC0207,Single Family,5,4.5,300,7585,1936,43300.0,2026-07-28,Active,,,0,0.0,1,Yes,Yes,2026-07-28,2026-07-28
INSERT,2026-07-28T00:00:00,2026-07-28,PT0532208,LST0532208,AG01492,LOC0149,Townhouse,3,4.0,1538,2817,1965,254000.0,2026-07-28,Active,,,0,186.14,1,No,No,2026-07-28,2026-07-28
INSERT,2026-07-28T00:00:00,2026-07-28,PT0532209,LST0532209,AG01499,LOC0090,Townhouse,4,2.0,300,2666,1979,129300.0,2026-07-28,Active,,,0,261.98,1,No,No,2026-07-28,2026-07-28
INSERT,2026-07-28T00:00:00,2026-07-28,PT0532210,LST0532210,AG02579,LOC0114,Multi-Family,5,3.0,4465,9574,1929,430000.0,2026-07-28,Active,,,0,0.0,3,No,Yes,2026-07-28,2026-07-28
INSERT,2026-07-28T00:00:00,2026-07-28,PT0532211,LST0532211,AG01197,LOC0025,Townhouse,2,2.0,1539,5379,1947,293200.0,2026-07-28,Active,,,0,359.2,3,No,No,2026-07-28,2026-07-28
INSERT,2026-07-28T00:00:00,2026-07-28,PT0532212,LST0532212,AG01035,LOC0001,Single Family,2,4.5,598,10724,1968,37100.0,2026-07-28,Active,,,0,0.0,2,Yes,No,2026-07-28,2026-07-28
INSERT,2026-07-28T00:00:00,2026-07-28,PT0532213,LST0532213,AG02408,LOC0079,Condo,5,4.5,2069,14760,1979,771600.0,2026-07-28,Active,,,0,78.17,2,No,No,2026-07-28,2026-07-28
INSERT,2026-07-28T00:00:00,2026-07-28,PT0532214,LST0532214,AG02221,LOC0008,Townhouse,2,3.5,1306,3509,1999,227300.0,2026-07-28,Active,,,0,219.91,0,Yes,No,2026-07-28,2026-07-28
INSERT,2026-07-28T00:00:00,2026-07-28,PT0532215,LST0532215,AG01106,LOC0179,Single Family,6,2.0,1625,7165,1982,362800.0,2026-07-28,Active,,,0,0.0,3,No,No,2026-07-28,2026-07-28
INSERT,2026-07-28T00:00:00,2026-07-28,PT0532216,LST0532216,AG01620,LOC0180,Multi-Family,6,2.0,3884,1223,2020,1224900.0,2026-07-28,Active,,,0,0.0,3,Yes,No,2026-07-28,2026-07-28
INSERT,2026-07-28T00:00:00,2026-07-28,PT0532217,LST0532217,AG01249,LOC0121,Townhouse,4,2.0,1678,7545,1953,460500.0,2026-07-28,Active,,,0,181.98,3,No,No,2026-07-28,2026-07-28
INSERT,2026-07-28T00:00:00,2026-07-28,PT0532218,LST0532218,AG02823,LOC0119,Single Family,2,3.0,300,3229,1978,67400.0,2026-07-28,Active,,,0,0.0,2,Yes,Yes,2026-07-28,2026-07-28
INSERT,2026-07-28T00:00:00,2026-07-28,PT0532219,LST0532219,AG02043,LOC0096,Townhouse,2,4.5,1411,5343,1970,384900.0,2026-07-28,Active,,,0,287.61,1,No,No,2026-07-28,2026-07-28
INSERT,2026-07-28T00:00:00,2026-07-28,PT0532220,LST0532220,AG00914,LOC0173,Condo,4,2.0,2182,6079,1908,376600.0,2026-07-28,Active,,,0,746.6,0,No,No,2026-07-28,2026-07-28
INSERT,2026-07-28T00:00:00,2026-07-28,PT0532221,LST0532221,AG01243,LOC0146,Single Family,5,1.0,1457,3076,1983,181000.0,2026-07-28,Active,,,0,0.0,0,Yes,Yes,2026-07-28,2026-07-28
INSERT,2026-07-28T00:00:00,2026-07-28,PT0532222,LST0532222,AG01151,LOC0196,Single Family,3,4.0,2606,1047,1973,857900.0,2026-07-28,Active,,,0,0.0,0,No,Yes,2026-07-28,2026-07-28
INSERT,2026-07-28T00:00:00,2026-07-28,PT0532223,LST0532223,AG00061,LOC0161,Single Family,3,3.0,839,1071,1924,344400.0,2026-07-28,Active,,,0,0.0,1,No,No,2026-07-28,2026-07-28
INSERT,2026-07-28T00:00:00,2026-07-28,PT0532224,LST0532224,AG00381,LOC0204,Townhouse,6,4.5,1648,1062,1932,1052300.0,2026-07-28,Active,,,0,235.51,1,No,No,2026-07-28,2026-07-28
INSERT,2026-07-28T00:00:00,2026-07-28,PT0532225,LST0532225,AG01144,LOC0061,Multi-Family,4,3.0,3941,1381,1904,872400.0,2026-07-28,Active,,,0,0.0,3,Yes,No,2026-07-28,2026-07-28
INSERT,2026-07-28T00:00:00,2026-07-28,PT0532226,LST0532226,AG01382,LOC0138,Single Family,5,2.5,1424,1290,1910,441900.0,2026-07-28,Active,,,0,0.0,0,No,Yes,2026-07-28,2026-07-28
INSERT,2026-07-28T00:00:00,2026-07-28,PT0532227,LST0532227,AG02931,LOC0205,Condo,1,1.5,1453,13111,1924,561700.0,2026-07-28,Active,,,0,713.73,3,No,No,2026-07-28,2026-07-28
INSERT,2026-07-28T00:00:00,2026-07-28,PT0532228,LST0532228,AG02366,LOC0057,Single Family,6,4.5,1715,4470,1949,507000.0,2026-07-28,Active,,,0,0.0,0,No,Yes,2026-07-28,2026-07-28
INSERT,2026-07-28T00:00:00,2026-07-28,PT0532229,LST0532229,AG01698,LOC0150,Single Family,5,2.5,2830,8604,2021,562900.0,2026-07-28,Active,,,0,0.0,1,No,No,2026-07-28,2026-07-28
INSERT,2026-07-28T00:00:00,2026-07-28,PT0532230,LST0532230,AG02090,LOC0034,Condo,5,3.0,1525,1043,1933,1090800.0,2026-07-28,Active,,,0,259.37,0,No,No,2026-07-28,2026-07-28
INSERT,2026-07-28T00:00:00,2026-07-28,PT0532231,LST0532231,AG02421,LOC0140,Single Family,2,1.5,1334,6203,1953,726900.0,2026-07-28,Active,,,0,0.0,1,No,No,2026-07-28,2026-07-28
INSERT,2026-07-28T00:00:00,2026-07-28,PT0532232,LST0532232,AG00912,LOC0235,Land,0,0.0,3230,5063,1908,894300.0,2026-07-28,Active,,,0,0.0,0,No,No,2026-07-28,2026-07-28
INSERT,2026-07-28T00:00:00,2026-07-28,PT0532233,LST0532233,AG00884,LOC0016,Single Family,4,3.5,2643,2514,2007,447900.0,2026-07-28,Active,,,0,0.0,2,Yes,Yes,2026-07-28,2026-07-28
INSERT,2026-07-28T00:00:00,2026-07-28,PT0532234,LST0532234,AG02181,LOC0096,Single Family,3,1.5,1188,3033,2002,330100.0,2026-07-28,Active,,,0,0.0,2,No,Yes,2026-07-28,2026-07-28
INSERT,2026-07-28T00:00:00,2026-07-28,PT0532235,LST0532235,AG01526,LOC0025,Apartment,4,4.5,2292,0,2004,656100.0,2026-07-28,Active,,,0,405.23,3,Yes,No,2026-07-28,2026-07-28
INSERT,2026-07-28T00:00:00,2026-07-28,PT0532236,LST0532236,AG01775,LOC0241,Single Family,2,2.5,1283,2202,1980,210600.0,2026-07-28,Active,,,0,0.0,3,Yes,No,2026-07-28,2026-07-28
INSERT,2026-07-28T00:00:00,2026-07-28,PT0532237,LST0532237,AG00439,LOC0101,Multi-Family,2,2.5,1954,1792,1974,670300.0,2026-07-28,Active,,,0,0.0,3,No,No,2026-07-28,2026-07-28
INSERT,2026-07-28T00:00:00,2026-07-28,PT0532238,LST0532238,AG00647,LOC0090,Townhouse,3,4.5,2521,3729,1921,631200.0,2026-07-28,Active,,,0,535.35,0,No,No,2026-07-28,2026-07-28
INSERT,2026-07-28T00:00:00,2026-07-28,PT0532239,LST0532239,AG01668,LOC0078,Townhouse,2,4.5,1139,7176,1954,264500.0,2026-07-28,Active,,,0,740.38,0,Yes,No,2026-07-28,2026-07-28
INSERT,2026-07-28T00:00:00,2026-07-28,PT0532240,LST0532240,AG01089,LOC0166,Multi-Family,3,3.5,2814,5243,1998,852500.0,2026-07-28,Active,,,0,0.0,1,No,Yes,2026-07-28,2026-07-28
INSERT,2026-07-28T00:00:00,2026-07-28,PT0532241,LST0532241,AG00049,LOC0145,Single Family,1,3.5,493,8793,2025,117800.0,2026-07-28,Active,,,0,0.0,3,No,No,2026-07-28,2026-07-28
INSERT,2026-07-28T00:00:00,2026-07-28,PT0532242,LST0532242,AG02450,LOC0216,Single Family,1,3.0,2134,2009,1958,381200.0,2026-07-28,Active,,,0,0.0,1,No,No,2026-07-28,2026-07-28
INSERT,2026-07-28T00:00:00,2026-07-28,PT0532243,LST0532243,AG01402,LOC0216,Single Family,1,1.0,1747,4133,1989,270700.0,2026-07-28,Active,,,0,0.0,1,No,No,2026-07-28,2026-07-28
INSERT,2026-07-28T00:00:00,2026-07-28,PT0532244,LST0532244,AG00463,LOC0076,Condo,1,2.5,1361,3714,1901,414300.0,2026-07-28,Active,,,0,648.08,2,No,No,2026-07-28,2026-07-28
INSERT,2026-07-28T00:00:00,2026-07-28,PT0532245,LST0532245,AG00082,LOC0183,Townhouse,2,4.5,2914,8871,1965,390600.0,2026-07-28,Active,,,0,778.98,1,No,No,2026-07-28,2026-07-28
INSERT,2026-07-28T00:00:00,2026-07-28,PT0532246,LST0532246,AG02089,LOC0233,Condo,1,1.5,1247,1297,2014,116900.0,2026-07-28,Active,,,0,785.82,2,Yes,No,2026-07-28,2026-07-28
INSERT,2026-07-28T00:00:00,2026-07-28,PT0532247,LST0532247,AG01154,LOC0002,Single Family,2,1.0,1626,3893,1991,228200.0,2026-07-28,Active,,,0,0.0,0,Yes,Yes,2026-07-28,2026-07-28
INSERT,2026-07-28T00:00:00,2026-07-28,PT0532248,LST0532248,AG01557,LOC0228,Apartment,2,1.0,1306,0,1939,423900.0,2026-07-28,Active,,,0,243.39,2,Yes,No,2026-07-28,2026-07-28
INSERT,2026-07-28T00:00:00,2026-07-28,PT0532249,LST0532249,AG00445,LOC0140,Single Family,3,2.5,1952,1967,1976,1315100.0,2026-07-28,Active,,,0,0.0,1,No,No,2026-07-28,2026-07-28
INSERT,2026-07-28T00:00:00,2026-07-28,PT0532250,LST0532250,AG01279,LOC0106,Townhouse,6,2.5,2595,1443,1933,1139800.0,2026-07-28,Active,,,0,589.31,0,No,No,2026-07-28,2026-07-28
INSERT,2026-07-28T00:00:00,2026-07-28,PT0532251,LST0532251,AG02877,LOC0232,Single Family,5,1.0,865,2600,1956,160700.0,2026-07-28,Active,,,0,0.0,2,No,Yes,2026-07-28,2026-07-28
INSERT,2026-07-28T00:00:00,2026-07-28,PT0532252,LST0532252,AG02776,LOC0142,Single Family,3,2.5,1849,17061,2012,568900.0,2026-07-28,Active,,,0,0.0,2,No,Yes,2026-07-28,2026-07-28
INSERT,2026-07-28T00:00:00,2026-07-28,PT0532253,LST0532253,AG01591,LOC0019,Townhouse,1,1.5,1680,1935,1963,116400.0,2026-07-28,Active,,,0,709.19,1,No,No,2026-07-28,2026-07-28
INSERT,2026-07-28T00:00:00,2026-07-28,PT0532254,LST0532254,AG01210,LOC0006,Single Family,3,4.5,1899,3026,2000,257700.0,2026-07-28,Active,,,0,0.0,0,No,Yes,2026-07-28,2026-07-28
INSERT,2026-07-28T00:00:00,2026-07-28,PT0532255,LST0532255,AG02320,LOC0208,Condo,6,3.0,2006,1030,1975,486300.0,2026-07-28,Active,,,0,161.45,3,No,No,2026-07-28,2026-07-28
INSERT,2026-07-28T00:00:00,2026-07-28,PT0532256,LST0532256,AG01991,LOC0236,Single Family,3,4.5,2311,2210,1948,270100.0,2026-07-28,Active,,,0,0.0,0,No,Yes,2026-07-28,2026-07-28
INSERT,2026-07-28T00:00:00,2026-07-28,PT0532257,LST0532257,AG00428,LOC0146,Land,0,0.0,8208,9721,1913,1643600.0,2026-07-28,Active,,,0,0.0,0,No,No,2026-07-28,2026-07-28
INSERT,2026-07-28T00:00:00,2026-07-28,PT0532258,LST0532258,AG01317,LOC0132,Land,0,0.0,7763,4350,1979,2011400.0,2026-07-28,Active,,,0,0.0,0,No,No,2026-07-28,2026-07-28
INSERT,2026-07-28T00:00:00,2026-07-28,PT0532259,LST0532259,AG01429,LOC0024,Condo,5,3.5,2362,3796,1985,407100.0,2026-07-28,Active,,,0,601.82,1,No,No,2026-07-28,2026-07-28
INSERT,2026-07-28T00:00:00,2026-07-28,PT0532260,LST0532260,AG01571,LOC0100,Apartment,2,2.0,1332,0,1923,145400.0,2026-07-28,Active,,,0,565.13,0,No,No,2026-07-28,2026-07-28
INSERT,2026-07-28T00:00:00,2026-07-28,PT0532261,LST0532261,AG02027,LOC0003,Condo,4,1.0,2441,1389,1931,178700.0,2026-07-28,Active,,,0,257.61,1,No,No,2026-07-28,2026-07-28
INSERT,2026-07-28T00:00:00,2026-07-28,PT0532262,LST0532262,AG01888,LOC0157,Townhouse,4,4.0,1028,5453,1916,259800.0,2026-07-28,Active,,,0,421.21,3,No,No,2026-07-28,2026-07-28
INSERT,2026-07-28T00:00:00,2026-07-28,PT0532263,LST0532263,AG00217,LOC0227,Single Family,4,2.5,1371,3231,1973,497300.0,2026-07-28,Active,,,0,0.0,3,No,Yes,2026-07-28,2026-07-28
INSERT,2026-07-28T00:00:00,2026-07-28,PT0532264,LST0532264,AG00681,LOC0059,Single Family,3,4.0,1195,3758,1977,48300.0,2026-07-28,Active,,,0,0.0,2,No,No,2026-07-28,2026-07-28
INSERT,2026-07-28T00:00:00,2026-07-28,PT0532265,LST0532265,AG02581,LOC0059,Townhouse,2,2.5,1934,4341,2004,349700.0,2026-07-28,Active,,,0,204.82,2,No,No,2026-07-28,2026-07-28
INSERT,2026-07-28T00:00:00,2026-07-28,PT0532266,LST0532266,AG00018,LOC0241,Condo,1,3.0,2330,1665,2023,228200.0,2026-07-28,Active,,,0,206.92,3,Yes,No,2026-07-28,2026-07-28
INSERT,2026-07-28T00:00:00,2026-07-28,PT0532267,LST0532267,AG02479,LOC0134,Single Family,1,4.5,847,6918,1926,409600.0,2026-07-28,Active,,,0,0.0,1,No,No,2026-07-28,2026-07-28
INSERT,2026-07-28T00:00:00,2026-07-28,PT0532268,LST0532268,AG00810,LOC0152,Condo,4,1.0,1790,7375,1986,410100.0,2026-07-28,Active,,,0,554.94,2,Yes,No,2026-07-28,2026-07-28
INSERT,2026-07-28T00:00:00,2026-07-28,PT0532269,LST0532269,AG01259,LOC0201,Townhouse,6,4.0,1567,9638,1932,530000.0,2026-07-28,Active,,,0,643.77,0,No,No,2026-07-28,2026-07-28
INSERT,2026-07-28T00:00:00,2026-07-28,PT0532270,LST0532270,AG00959,LOC0052,Townhouse,2,1.5,1710,11112,2007,62900.0,2026-07-28,Active,,,0,120.99,2,No,No,2026-07-28,2026-07-28
INSERT,2026-07-28T00:00:00,2026-07-28,PT0532271,LST0532271,AG02810,LOC0005,Multi-Family,2,2.5,5436,3425,1951,865200.0,2026-07-28,Active,,,0,0.0,3,No,Yes,2026-07-28,2026-07-28
INSERT,2026-07-28T00:00:00,2026-07-28,PT0532272,LST0532272,AG00426,LOC0119,Single Family,4,1.0,2576,10842,1993,987500.0,2026-07-28,Active,,,0,0.0,2,Yes,No,2026-07-28,2026-07-28
INSERT,2026-07-28T00:00:00,2026-07-28,PT0532273,LST0532273,AG02788,LOC0239,Townhouse,5,3.5,1827,2045,1920,473500.0,2026-07-28,Active,,,0,230.45,1,Yes,No,2026-07-28,2026-07-28
INSERT,2026-07-28T00:00:00,2026-07-28,PT0532274,LST0532274,AG02257,LOC0015,Townhouse,3,1.5,699,6716,1992,240700.0,2026-07-28,Active,,,0,283.68,1,No,No,2026-07-28,2026-07-28
INSERT,2026-07-28T00:00:00,2026-07-28,PT0532275,LST0532275,AG02344,LOC0175,Single Family,5,2.5,1801,1227,1912,553600.0,2026-07-28,Active,,,0,0.0,0,No,No,2026-07-28,2026-07-28
INSERT,2026-07-28T00:00:00,2026-07-28,PT0532276,LST0532276,AG00748,LOC0174,Multi-Family,6,3.0,4874,1982,1939,1230100.0,2026-07-28,Active,,,0,0.0,3,Yes,Yes,2026-07-28,2026-07-28
INSERT,2026-07-28T00:00:00,2026-07-28,PT0532277,LST0532277,AG00492,LOC0052,Condo,6,1.0,2609,11485,1978,362600.0,2026-07-28,Active,,,0,367.72,2,No,No,2026-07-28,2026-07-28
INSERT,2026-07-28T00:00:00,2026-07-28,PT0532278,LST0532278,AG02152,LOC0026,Condo,6,1.0,3387,4707,2019,1213300.0,2026-07-28,Active,,,0,658.62,1,No,No,2026-07-28,2026-07-28
INSERT,2026-07-28T00:00:00,2026-07-28,PT0532279,LST0532279,AG02935,LOC0021,Townhouse,3,3.5,1637,2544,2025,228400.0,2026-07-28,Active,,,0,540.78,0,No,No,2026-07-28,2026-07-28
INSERT,2026-07-28T00:00:00,2026-07-28,PT0532280,LST0532280,AG02081,LOC0066,Multi-Family,5,3.5,5457,4768,1964,1192500.0,2026-07-28,Active,,,0,0.0,1,No,No,2026-07-28,2026-07-28
INSERT,2026-07-28T00:00:00,2026-07-28,PT0532281,LST0532281,AG00722,LOC0218,Townhouse,1,3.5,1060,1928,1982,153100.0,2026-07-28,Active,,,0,555.3,2,No,No,2026-07-28,2026-07-28
INSERT,2026-07-28T00:00:00,2026-07-28,PT0532282,LST0532282,AG01693,LOC0248,Apartment,2,2.5,1147,0,1981,338600.0,2026-07-28,Active,,,0,242.92,3,No,No,2026-07-28,2026-07-28
INSERT,2026-07-28T00:00:00,2026-07-28,PT0532283,LST0532283,AG01730,LOC0080,Single Family,2,4.0,687,2741,1916,250700.0,2026-07-28,Active,,,0,0.0,3,No,No,2026-07-28,2026-07-28
INSERT,2026-07-28T00:00:00,2026-07-28,PT0532284,LST0532284,AG01593,LOC0001,Condo,5,4.5,1516,19934,1969,155800.0,2026-07-28,Active,,,0,504.95,1,No,No,2026-07-28,2026-07-28
INSERT,2026-07-28T00:00:00,2026-07-28,PT0532285,LST0532285,AG02791,LOC0140,Single Family,6,3.5,928,4558,1925,233000.0,2026-07-28,Active,,,0,0.0,2,Yes,Yes,2026-07-28,2026-07-28
INSERT,2026-07-28T00:00:00,2026-07-28,PT0532286,LST0532286,AG01798,LOC0204,Condo,5,1.5,1322,1204,1979,464100.0,2026-07-28,Active,,,0,270.98,3,No,No,2026-07-28,2026-07-28
INSERT,2026-07-28T00:00:00,2026-07-28,PT0532287,LST0532287,AG02862,LOC0024,Townhouse,6,2.5,1847,4658,1926,615100.0,2026-07-28,Active,,,0,293.02,2,No,No,2026-07-28,2026-07-28
INSERT,2026-07-28T00:00:00,2026-07-28,PT0532288,LST0532288,AG01967,LOC0027,Single Family,1,3.0,1175,15089,1916,597900.0,2026-07-28,Active,,,0,0.0,0,Yes,No,2026-07-28,2026-07-28
INSERT,2026-07-28T00:00:00,2026-07-28,PT0532289,LST0532289,AG00456,LOC0152,Single Family,3,4.0,518,3506,1943,219600.0,2026-07-28,Active,,,0,0.0,1,No,No,2026-07-28,2026-07-28
INSERT,2026-07-28T00:00:00,2026-07-28,PT0532290,LST0532290,AG01623,LOC0133,Condo,2,1.5,1807,2543,2021,198400.0,2026-07-28,Active,,,0,285.06,0,No,No,2026-07-28,2026-07-28
INSERT,2026-07-28T00:00:00,2026-07-28,PT0532291,LST0532291,AG00403,LOC0159,Single Family,6,4.5,470,1517,1934,80200.0,2026-07-28,Active,,,0,0.0,2,No,No,2026-07-28,2026-07-28
INSERT,2026-07-28T00:00:00,2026-07-28,PT0532292,LST0532292,AG01776,LOC0187,Condo,4,1.0,2630,10606,1979,1402300.0,2026-07-28,Active,,,0,587.65,0,No,No,2026-07-28,2026-07-28
INSERT,2026-07-28T00:00:00,2026-07-28,PT0532293,LST0532293,AG02029,LOC0227,Townhouse,4,1.5,2190,4969,1955,613100.0,2026-07-28,Active,,,0,243.11,0,Yes,No,2026-07-28,2026-07-28
INSERT,2026-07-28T00:00:00,2026-07-28,PT0532294,LST0532294,AG00563,LOC0196,Single Family,5,3.5,3678,6201,2014,890900.0,2026-07-28,Active,,,0,0.0,2,No,No,2026-07-28,2026-07-28
INSERT,2026-07-28T00:00:00,2026-07-28,PT0532295,LST0532295,AG02032,LOC0244,Single Family,1,4.5,1296,1248,1982,118800.0,2026-07-28,Active,,,0,0.0,0,No,No,2026-07-28,2026-07-28
INSERT,2026-07-28T00:00:00,2026-07-28,PT0532296,LST0532296,AG00262,LOC0008,Condo,3,1.5,927,13908,1911,183700.0,2026-07-28,Active,,,0,347.66,1,No,No,2026-07-28,2026-07-28
INSERT,2026-07-28T00:00:00,2026-07-28,PT0532297,LST0532297,AG02511,LOC0218,Single Family,1,4.5,1703,1332,1953,380100.0,2026-07-28,Active,,,0,0.0,0,No,No,2026-07-28,2026-07-28
INSERT,2026-07-28T00:00:00,2026-07-28,PT0532298,LST0532298,AG00261,LOC0095,Multi-Family,3,2.0,3358,1460,1960,1315900.0,2026-07-28,Active,,,0,0.0,2,No,Yes,2026-07-28,2026-07-28
INSERT,2026-07-28T00:00:00,2026-07-28,PT0532299,LST0532299,AG00461,LOC0226,Multi-Family,1,1.5,5010,4074,1960,1977400.0,2026-07-28,Active,,,0,0.0,3,No,No,2026-07-28,2026-07-28
INSERT,2026-07-28T00:00:00,2026-07-28,PT0532300,LST0532300,AG02343,LOC0195,Condo,6,4.5,1063,6009,1916,241300.0,2026-07-28,Active,,,0,425.7,1,No,No,2026-07-28,2026-07-28
INSERT,2026-07-28T00:00:00,2026-07-28,PT0532301,LST0532301,AG02499,LOC0105,Single Family,4,1.0,1894,14415,1996,214400.0,2026-07-28,Active,,,0,0.0,3,Yes,Yes,2026-07-28,2026-07-28
INSERT,2026-07-28T00:00:00,2026-07-28,PT0532302,LST0532302,AG02498,LOC0069,Single Family,3,4.5,2932,1530,1947,797600.0,2026-07-28,Active,,,0,0.0,2,No,No,2026-07-28,2026-07-28
INSERT,2026-07-28T00:00:00,2026-07-28,PT0532303,LST0532303,AG02193,LOC0196,Townhouse,2,4.0,1448,7014,1976,684000.0,2026-07-28,Active,,,0,414.22,3,No,No,2026-07-28,2026-07-28
INSERT,2026-07-28T00:00:00,2026-07-28,PT0532304,LST0532304,AG00761,LOC0217,Single Family,2,2.5,1783,1573,1914,298500.0,2026-07-28,Active,,,0,0.0,1,No,No,2026-07-28,2026-07-28
INSERT,2026-07-28T00:00:00,2026-07-28,PT0532305,LST0532305,AG01884,LOC0204,Single Family,2,3.0,2042,2008,1953,1002500.0,2026-07-28,Active,,,0,0.0,3,No,No,2026-07-28,2026-07-28
INSERT,2026-07-28T00:00:00,2026-07-28,PT0532306,LST0532306,AG01355,LOC0214,Townhouse,3,1.0,2104,4565,1922,610600.0,2026-07-28,Active,,,0,461.95,0,No,No,2026-07-28,2026-07-28
INSERT,2026-07-28T00:00:00,2026-07-28,PT0532307,LST0532307,AG01873,LOC0172,Single Family,3,2.5,2851,2691,1962,622400.0,2026-07-28,Active,,,0,0.0,0,No,Yes,2026-07-28,2026-07-28
INSERT,2026-07-28T00:00:00,2026-07-28,PT0532308,LST0532308,AG02546,LOC0240,Condo,5,4.0,2053,3082,2004,790700.0,2026-07-28,Active,,,0,114.6,1,Yes,No,2026-07-28,2026-07-28
INSERT,2026-07-28T00:00:00,2026-07-28,PT0532309,LST0532309,AG00723,LOC0116,Multi-Family,2,4.5,1955,2018,1935,961200.0,2026-07-28,Active,,,0,0.0,2,No,No,2026-07-28,2026-07-28
INSERT,2026-07-28T00:00:00,2026-07-28,PT0532310,LST0532310,AG00470,LOC0057,Apartment,6,3.5,847,0,2014,341500.0,2026-07-28,Active,,,0,558.18,3,Yes,No,2026-07-28,2026-07-28
INSERT,2026-07-28T00:00:00,2026-07-28,PT0532311,LST0532311,AG02448,LOC0191,Townhouse,2,1.0,1123,10264,1995,306200.0,2026-07-28,Active,,,0,63.67,2,No,No,2026-07-28,2026-07-28
INSERT,2026-07-28T00:00:00,2026-07-28,PT0532312,LST0532312,AG02066,LOC0131,Townhouse,2,2.0,2012,1124,2009,780600.0,2026-07-28,Active,,,0,141.11,3,No,No,2026-07-28,2026-07-28
INSERT,2026-07-28T00:00:00,2026-07-28,PT0532313,LST0532313,AG02878,LOC0198,Single Family,3,4.5,1618,6097,2008,151000.0,2026-07-28,Active,,,0,0.0,2,Yes,Yes,2026-07-28,2026-07-28
INSERT,2026-07-28T00:00:00,2026-07-28,PT0532314,LST0532314,AG01126,LOC0032,Single Family,4,3.5,2406,2512,1915,397600.0,2026-07-28,Active,,,0,0.0,1,Yes,Yes,2026-07-28,2026-07-28
INSERT,2026-07-28T00:00:00,2026-07-28,PT0532315,LST0532315,AG00536,LOC0039,Single Family,3,3.0,909,9595,1928,338700.0,2026-07-28,Active,,,0,0.0,1,Yes,Yes,2026-07-28,2026-07-28
INSERT,2026-07-28T00:00:00,2026-07-28,PT0532316,LST0532316,AG02424,LOC0009,Apartment,6,4.5,753,0,1983,198900.0,2026-07-28,Active,,,0,681.47,3,No,No,2026-07-28,2026-07-28
INSERT,2026-07-28T00:00:00,2026-07-28,PT0532317,LST0532317,AG02634,LOC0232,Single Family,2,3.5,2254,3217,1955,473700.0,2026-07-28,Active,,,0,0.0,0,No,Yes,2026-07-28,2026-07-28
INSERT,2026-07-28T00:00:00,2026-07-28,PT0532318,LST0532318,AG00636,LOC0086,Single Family,4,1.0,1978,3252,1949,363000.0,2026-07-28,Active,,,0,0.0,2,Yes,Yes,2026-07-28,2026-07-28
INSERT,2026-07-28T00:00:00,2026-07-28,PT0532319,LST0532319,AG01927,LOC0099,Townhouse,1,1.0,672,2067,1932,162100.0,2026-07-28,Active,,,0,474.19,2,No,No,2026-07-28,2026-07-28
INSERT,2026-07-28T00:00:00,2026-07-28,PT0532320,LST0532320,AG00535,LOC0224,Condo,4,2.0,1974,6132,1990,505200.0,2026-07-28,Active,,,0,649.33,0,No,No,2026-07-28,2026-07-28
INSERT,2026-07-28T00:00:00,2026-07-28,PT0532321,LST0532321,AG02742,LOC0124,Single Family,3,3.0,2226,8723,1999,794000.0,2026-07-28,Active,,,0,0.0,2,No,No,2026-07-28,2026-07-28
INSERT,2026-07-28T00:00:00,2026-07-28,PT0532322,LST0532322,AG01317,LOC0200,Single Family,1,2.0,2643,5563,2019,589700.0,2026-07-28,Active,,,0,0.0,0,Yes,No,2026-07-28,2026-07-28
INSERT,2026-07-28T00:00:00,2026-07-28,PT0532323,LST0532323,AG00789,LOC0185,Apartment,3,1.0,795,0,1908,71200.0,2026-07-28,Active,,,0,679.08,1,Yes,No,2026-07-28,2026-07-28
INSERT,2026-07-28T00:00:00,2026-07-28,PT0532324,LST0532324,AG01654,LOC0212,Single Family,3,4.0,541,4749,1976,96100.0,2026-07-28,Active,,,0,0.0,2,No,Yes,2026-07-28,2026-07-28
INSERT,2026-07-28T00:00:00,2026-07-28,PT0532325,LST0532325,AG01218,LOC0031,Single Family,3,2.0,2903,4891,1931,760700.0,2026-07-28,Active,,,0,0.0,0,No,No,2026-07-28,2026-07-28
INSERT,2026-07-28T00:00:00,2026-07-28,PT0532326,LST0532326,AG00729,LOC0231,Single Family,3,1.0,2382,6625,2006,391100.0,2026-07-28,Active,,,0,0.0,2,No,Yes,2026-07-28,2026-07-28
INSERT,2026-07-28T00:00:00,2026-07-28,PT0532327,LST0532327,AG02350,LOC0151,Townhouse,1,2.0,1037,5871,2016,487100.0,2026-07-28,Active,,,0,464.0,1,Yes,No,2026-07-28,2026-07-28
INSERT,2026-07-28T00:00:00,2026-07-28,PT0532328,LST0532328,AG01440,LOC0198,Apartment,3,3.5,1441,0,1922,264600.0,2026-07-28,Active,,,0,534.81,3,No,No,2026-07-28,2026-07-28
INSERT,2026-07-28T00:00:00,2026-07-28,PT0532329,LST0532329,AG00870,LOC0229,Condo,6,4.5,1182,9451,2005,265600.0,2026-07-28,Active,,,0,597.55,0,No,No,2026-07-28,2026-07-28
INSERT,2026-07-28T00:00:00,2026-07-28,PT0532330,LST0532330,AG01074,LOC0151,Single Family,1,4.5,1367,1446,1978,582600.0,2026-07-28,Active,,,0,0.0,3,Yes,No,2026-07-28,2026-07-28
INSERT,2026-07-28T00:00:00,2026-07-28,PT0532331,LST0532331,AG00281,LOC0136,Townhouse,6,4.0,881,4027,1972,178500.0,2026-07-28,Active,,,0,193.98,0,No,No,2026-07-28,2026-07-28
INSERT,2026-07-28T00:00:00,2026-07-28,PT0532332,LST0532332,AG00746,LOC0226,Single Family,2,4.5,300,8904,1926,155000.0,2026-07-28,Active,,,0,0.0,0,No,No,2026-07-28,2026-07-28
INSERT,2026-07-28T00:00:00,2026-07-28,PT0532333,LST0532333,AG02303,LOC0247,Townhouse,4,4.0,1802,6393,1909,378300.0,2026-07-28,Active,,,0,118.89,1,No,No,2026-07-28,2026-07-28
INSERT,2026-07-28T00:00:00,2026-07-28,PT0532334,LST0532334,AG00680,LOC0105,Townhouse,5,1.5,2605,2639,1917,556200.0,2026-07-28,Active,,,0,600.1,1,No,No,2026-07-28,2026-07-28
INSERT,2026-07-28T00:00:00,2026-07-28,PT0532335,LST0532335,AG01196,LOC0113,Single Family,1,1.5,2655,4657,1937,914300.0,2026-07-28,Active,,,0,0.0,1,No,Yes,2026-07-28,2026-07-28
INSERT,2026-07-28T00:00:00,2026-07-28,PT0532336,LST0532336,AG00375,LOC0132,Single Family,2,3.5,1328,13308,2005,332800.0,2026-07-28,Active,,,0,0.0,3,No,No,2026-07-28,2026-07-28
INSERT,2026-07-28T00:00:00,2026-07-28,PT0532337,LST0532337,AG00105,LOC0020,Townhouse,1,3.0,2124,1586,1960,655600.0,2026-07-28,Active,,,0,706.89,3,No,No,2026-07-28,2026-07-28
INSERT,2026-07-28T00:00:00,2026-07-28,PT0532338,LST0532338,AG01158,LOC0184,Single Family,6,1.0,1539,2923,1953,599600.0,2026-07-28,Active,,,0,0.0,3,No,No,2026-07-28,2026-07-28
INSERT,2026-07-28T00:00:00,2026-07-28,PT0532339,LST0532339,AG00428,LOC0144,Multi-Family,2,2.0,3670,8167,1926,814000.0,2026-07-28,Active,,,0,0.0,2,No,No,2026-07-28,2026-07-28
INSERT,2026-07-28T00:00:00,2026-07-28,PT0532340,LST0532340,AG01908,LOC0053,Single Family,3,1.5,3057,10226,1927,1728000.0,2026-07-28,Active,,,0,0.0,2,No,Yes,2026-07-28,2026-07-28
INSERT,2026-07-28T00:00:00,2026-07-28,PT0532341,LST0532341,AG02434,LOC0039,Single Family,3,1.0,1802,4398,1953,446700.0,2026-07-28,Active,,,0,0.0,1,No,No,2026-07-28,2026-07-28
INSERT,2026-07-28T00:00:00,2026-07-28,PT0532342,LST0532342,AG01029,LOC0026,Single Family,2,3.0,1994,1039,2002,445900.0,2026-07-28,Active,,,0,0.0,2,No,Yes,2026-07-28,2026-07-28
INSERT,2026-07-28T00:00:00,2026-07-28,PT0532343,LST0532343,AG02399,LOC0001,Single Family,6,4.5,1947,8692,1939,368400.0,2026-07-28,Active,,,0,0.0,1,No,Yes,2026-07-28,2026-07-28
INSERT,2026-07-28T00:00:00,2026-07-28,PT0532344,LST0532344,AG00868,LOC0048,Single Family,6,1.0,1093,1949,1999,458800.0,2026-07-28,Active,,,0,0.0,2,No,No,2026-07-28,2026-07-28
INSERT,2026-07-28T00:00:00,2026-07-28,PT0532345,LST0532345,AG00793,LOC0114,Condo,3,1.5,2279,4430,1907,489200.0,2026-07-28,Active,,,0,754.21,1,No,No,2026-07-28,2026-07-28
INSERT,2026-07-28T00:00:00,2026-07-28,PT0532346,LST0532346,AG01087,LOC0172,Single Family,4,2.0,1195,8451,1985,287000.0,2026-07-28,Active,,,0,0.0,0,No,No,2026-07-28,2026-07-28
INSERT,2026-07-28T00:00:00,2026-07-28,PT0532347,LST0532347,AG01945,LOC0023,Condo,4,4.5,2280,2810,1987,338400.0,2026-07-28,Active,,,0,685.73,2,No,No,2026-07-28,2026-07-28
INSERT,2026-07-28T00:00:00,2026-07-28,PT0532348,LST0532348,AG02856,LOC0138,Single Family,5,4.0,912,1356,1946,236600.0,2026-07-28,Active,,,0,0.0,2,No,Yes,2026-07-28,2026-07-28
INSERT,2026-07-28T00:00:00,2026-07-28,PT0532349,LST0532349,AG00216,LOC0058,Townhouse,3,3.0,1524,7133,1973,586400.0,2026-07-28,Active,,,0,603.81,3,No,No,2026-07-28,2026-07-28
INSERT,2026-07-28T00:00:00,2026-07-28,PT0532350,LST0532350,AG02609,LOC0140,Land,0,0.0,6038,4198,1941,2008800.0,2026-07-28,Active,,,0,0.0,0,No,No,2026-07-28,2026-07-28
INSERT,2026-07-28T00:00:00,2026-07-28,PT0532351,LST0532351,AG00308,LOC0239,Townhouse,4,3.0,1889,10344,2000,338300.0,2026-07-28,Active,,,0,719.92,0,No,No,2026-07-28,2026-07-28
INSERT,2026-07-28T00:00:00,2026-07-28,PT0532352,LST0532352,AG02459,LOC0108,Townhouse,5,3.0,1916,2127,2019,193300.0,2026-07-28,Active,,,0,370.42,3,No,No,2026-07-28,2026-07-28
INSERT,2026-07-28T00:00:00,2026-07-28,PT0532353,LST0532353,AG00386,LOC0013,Townhouse,4,4.5,2565,5075,1917,309600.0,2026-07-28,Active,,,0,604.53,0,No,No,2026-07-28,2026-07-28
INSERT,2026-07-28T00:00:00,2026-07-28,PT0532354,LST0532354,AG02050,LOC0122,Townhouse,1,4.0,1426,5717,1918,384800.0,2026-07-28,Active,,,0,295.2,3,No,No,2026-07-28,2026-07-28
INSERT,2026-07-28T00:00:00,2026-07-28,PT0532355,LST0532355,AG02038,LOC0091,Land,0,0.0,7883,5322,1948,3141600.0,2026-07-28,Active,,,0,0.0,0,No,No,2026-07-28,2026-07-28
INSERT,2026-07-28T00:00:00,2026-07-28,PT0532356,LST0532356,AG00816,LOC0088,Single Family,2,3.5,2447,9515,1924,389500.0,2026-07-28,Active,,,0,0.0,0,No,No,2026-07-28,2026-07-28
INSERT,2026-07-28T00:00:00,2026-07-28,PT0532357,LST0532357,AG00296,LOC0222,Condo,1,2.5,1415,9567,1965,574500.0,2026-07-28,Active,,,0,244.78,0,Yes,No,2026-07-28,2026-07-28
INSERT,2026-07-28T00:00:00,2026-07-28,PT0532358,LST0532358,AG01755,LOC0055,Townhouse,2,3.5,2236,1684,1977,280900.0,2026-07-28,Active,,,0,436.65,3,No,No,2026-07-28,2026-07-28
INSERT,2026-07-28T00:00:00,2026-07-28,PT0532359,LST0532359,AG01181,LOC0246,Condo,3,3.0,1597,7213,1923,286700.0,2026-07-28,Active,,,0,670.09,2,No,No,2026-07-28,2026-07-28
INSERT,2026-07-28T00:00:00,2026-07-28,PT0532360,LST0532360,AG00476,LOC0169,Single Family,6,4.5,2695,4968,1908,495200.0,2026-07-28,Active,,,0,0.0,0,Yes,Yes,2026-07-28,2026-07-28
INSERT,2026-07-28T00:00:00,2026-07-28,PT0532361,LST0532361,AG00928,LOC0095,Multi-Family,5,2.5,1942,9699,1969,533900.0,2026-07-28,Active,,,0,0.0,0,No,No,2026-07-28,2026-07-28
INSERT,2026-07-28T00:00:00,2026-07-28,PT0532362,LST0532362,AG01795,LOC0207,Multi-Family,3,1.5,3439,12330,1937,591100.0,2026-07-28,Active,,,0,0.0,1,No,Yes,2026-07-28,2026-07-28
INSERT,2026-07-28T00:00:00,2026-07-28,PT0532363,LST0532363,AG01944,LOC0162,Single Family,4,2.5,1406,3622,1919,238900.0,2026-07-28,Active,,,0,0.0,2,Yes,No,2026-07-28,2026-07-28
INSERT,2026-07-28T00:00:00,2026-07-28,PT0532364,LST0532364,AG02959,LOC0191,Single Family,3,1.5,2428,5082,1914,657300.0,2026-07-28,Active,,,0,0.0,3,Yes,No,2026-07-28,2026-07-28
INSERT,2026-07-28T00:00:00,2026-07-28,PT0532365,LST0532365,AG01319,LOC0197,Single Family,2,3.0,1800,2029,1961,191100.0,2026-07-28,Active,,,0,0.0,2,No,Yes,2026-07-28,2026-07-28
INSERT,2026-07-28T00:00:00,2026-07-28,PT0532366,LST0532366,AG01640,LOC0038,Single Family,1,4.5,351,1101,1984,73300.0,2026-07-28,Active,,,0,0.0,0,No,No,2026-07-28,2026-07-28
INSERT,2026-07-28T00:00:00,2026-07-28,PT0532367,LST0532367,AG01775,LOC0039,Condo,3,4.0,2147,5948,1944,792900.0,2026-07-28,Active,,,0,254.77,1,No,No,2026-07-28,2026-07-28
INSERT,2026-07-28T00:00:00,2026-07-28,PT0532368,LST0532368,AG02660,LOC0155,Condo,4,4.0,1683,1921,1981,205600.0,2026-07-28,Active,,,0,187.92,0,No,No,2026-07-28,2026-07-28
INSERT,2026-07-28T00:00:00,2026-07-28,PT0532369,LST0532369,AG01045,LOC0214,Multi-Family,3,4.5,4263,2978,1995,1292700.0,2026-07-28,Active,,,0,0.0,2,No,Yes,2026-07-28,2026-07-28
INSERT,2026-07-28T00:00:00,2026-07-28,PT0532370,LST0532370,AG00400,LOC0189,Land,0,0.0,2971,4385,1962,1103500.0,2026-07-28,Active,,,0,0.0,0,No,No,2026-07-28,2026-07-28
INSERT,2026-07-28T00:00:00,2026-07-28,PT0532371,LST0532371,AG00983,LOC0193,Single Family,4,4.0,3036,7581,1934,1644800.0,2026-07-28,Active,,,0,0.0,3,No,No,2026-07-28,2026-07-28
INSERT,2026-07-28T00:00:00,2026-07-28,PT0532372,LST0532372,AG00294,LOC0181,Townhouse,2,3.5,1995,1493,2001,389700.0,2026-07-28,Active,,,0,438.32,0,No,No,2026-07-28,2026-07-28
INSERT,2026-07-28T00:00:00,2026-07-28,PT0532373,LST0532373,AG02903,LOC0241,Condo,5,4.5,344,7165,1984,44700.0,2026-07-28,Active,,,0,574.27,1,No,No,2026-07-28,2026-07-28
INSERT,2026-07-28T00:00:00,2026-07-28,PT0532374,LST0532374,AG01271,LOC0041,Single Family,2,3.5,3334,2075,1963,1318200.0,2026-07-28,Active,,,0,0.0,2,No,No,2026-07-28,2026-07-28
INSERT,2026-07-28T00:00:00,2026-07-28,PT0532375,LST0532375,AG00967,LOC0234,Single Family,6,1.0,2048,1763,1983,909700.0,2026-07-28,Active,,,0,0.0,1,No,No,2026-07-28,2026-07-28
INSERT,2026-07-28T00:00:00,2026-07-28,PT0532376,LST0532376,AG00663,LOC0236,Single Family,4,2.0,794,6666,1954,90900.0,2026-07-28,Active,,,0,0.0,3,No,Yes,2026-07-28,2026-07-28
INSERT,2026-07-28T00:00:00,2026-07-28,PT0532377,LST0532377,AG01511,LOC0073,Townhouse,2,3.5,1576,1448,2023,589400.0,2026-07-28,Active,,,0,393.48,3,No,No,2026-07-28,2026-07-28
INSERT,2026-07-28T00:00:00,2026-07-28,PT0532378,LST0532378,AG01028,LOC0098,Condo,6,4.5,1268,3134,2002,193200.0,2026-07-28,Active,,,0,376.81,3,Yes,No,2026-07-28,2026-07-28
INSERT,2026-07-28T00:00:00,2026-07-28,PT0532379,LST0532379,AG02354,LOC0069,Single Family,2,4.5,2974,1606,2005,825200.0,2026-07-28,Active,,,0,0.0,0,No,No,2026-07-28,2026-07-28
INSERT,2026-07-28T00:00:00,2026-07-28,PT0532380,LST0532380,AG02719,LOC0133,Multi-Family,2,2.5,2682,1698,2022,650500.0,2026-07-28,Active,,,0,0.0,0,No,Yes,2026-07-28,2026-07-28
INSERT,2026-07-28T00:00:00,2026-07-28,PT0532381,LST0532381,AG01204,LOC0202,Apartment,5,3.5,1744,0,2019,734300.0,2026-07-28,Active,,,0,416.86,2,No,No,2026-07-28,2026-07-28
INSERT,2026-07-28T00:00:00,2026-07-28,PT0532382,LST0532382,AG00966,LOC0008,Single Family,6,3.0,1335,4598,1956,233800.0,2026-07-28,Active,,,0,0.0,1,No,No,2026-07-28,2026-07-28
INSERT,2026-07-28T00:00:00,2026-07-28,PT0532383,LST0532383,AG00888,LOC0236,Townhouse,1,2.0,3847,8276,1996,511600.0,2026-07-28,Active,,,0,793.0,1,No,No,2026-07-28,2026-07-28
INSERT,2026-07-28T00:00:00,2026-07-28,PT0532384,LST0532384,AG02173,LOC0195,Condo,3,4.5,2848,5224,1935,790100.0,2026-07-28,Active,,,0,433.59,0,No,No,2026-07-28,2026-07-28
INSERT,2026-07-28T00:00:00,2026-07-28,PT0532385,LST0532385,AG00744,LOC0016,Single Family,3,4.5,2475,3010,1959,444600.0,2026-07-28,Active,,,0,0.0,1,No,Yes,2026-07-28,2026-07-28
INSERT,2026-07-28T00:00:00,2026-07-28,PT0532386,LST0532386,AG01068,LOC0178,Condo,6,2.5,2230,1093,1973,475300.0,2026-07-28,Active,,,0,666.66,1,No,No,2026-07-28,2026-07-28
INSERT,2026-07-28T00:00:00,2026-07-28,PT0532387,LST0532387,AG02349,LOC0197,Single Family,5,2.0,1917,2948,1938,578700.0,2026-07-28,Active,,,0,0.0,1,Yes,Yes,2026-07-28,2026-07-28
INSERT,2026-07-28T00:00:00,2026-07-28,PT0532388,LST0532388,AG00403,LOC0063,Single Family,4,1.0,2359,2069,1935,863500.0,2026-07-28,Active,,,0,0.0,2,No,No,2026-07-28,2026-07-28
INSERT,2026-07-28T00:00:00,2026-07-28,PT0532389,LST0532389,AG01837,LOC0113,Condo,1,4.0,2819,1038,1939,634300.0,2026-07-28,Active,,,0,159.98,0,No,No,2026-07-28,2026-07-28
INSERT,2026-07-28T00:00:00,2026-07-28,PT0532390,LST0532390,AG00071,LOC0017,Single Family,4,1.0,976,5946,1974,619100.0,2026-07-28,Active,,,0,0.0,3,No,Yes,2026-07-28,2026-07-28
INSERT,2026-07-28T00:00:00,2026-07-28,PT0532391,LST0532391,AG01395,LOC0119,Condo,1,1.5,1737,6654,1944,500300.0,2026-07-28,Active,,,0,222.6,0,Yes,No,2026-07-28,2026-07-28
INSERT,2026-07-28T00:00:00,2026-07-28,PT0532392,LST0532392,AG01378,LOC0210,Single Family,4,2.5,1248,2105,1969,513500.0,2026-07-28,Active,,,0,0.0,1,No,Yes,2026-07-28,2026-07-28
INSERT,2026-07-28T00:00:00,2026-07-28,PT0532393,LST0532393,AG02766,LOC0023,Condo,1,3.5,2939,1021,1998,545900.0,2026-07-28,Active,,,0,700.45,0,No,No,2026-07-28,2026-07-28
INSERT,2026-07-28T00:00:00,2026-07-28,PT0532394,LST0532394,AG02737,LOC0037,Single Family,2,2.5,2285,1211,2008,529000.0,2026-07-28,Active,,,0,0.0,2,No,No,2026-07-28,2026-07-28
INSERT,2026-07-28T00:00:00,2026-07-28,PT0532395,LST0532395,AG02041,LOC0169,Apartment,6,4.0,932,0,1933,128200.0,2026-07-28,Active,,,0,754.91,0,No,No,2026-07-28,2026-07-28
INSERT,2026-07-28T00:00:00,2026-07-28,PT0532396,LST0532396,AG00407,LOC0028,Townhouse,2,3.5,1431,11537,2021,136200.0,2026-07-28,Active,,,0,214.89,0,No,No,2026-07-28,2026-07-28
INSERT,2026-07-28T00:00:00,2026-07-28,PT0532397,LST0532397,AG00059,LOC0030,Apartment,3,1.0,749,0,1920,434700.0,2026-07-28,Active,,,0,539.4,0,No,No,2026-07-28,2026-07-28
INSERT,2026-07-28T00:00:00,2026-07-28,PT0532398,LST0532398,AG02533,LOC0126,Single Family,1,1.0,2050,12770,1925,779800.0,2026-07-28,Active,,,0,0.0,2,Yes,No,2026-07-28,2026-07-28
INSERT,2026-07-28T00:00:00,2026-07-28,PT0532399,LST0532399,AG00229,LOC0212,Condo,6,3.5,854,2347,1910,266700.0,2026-07-28,Active,,,0,129.58,2,No,No,2026-07-28,2026-07-28
INSERT,2026-07-28T00:00:00,2026-07-28,PT0532400,LST0532400,AG00853,LOC0116,Land,0,0.0,6502,2432,1963,1251200.0,2026-07-28,Active,,,0,0.0,0,No,No,2026-07-28,2026-07-28
INSERT,2026-07-28T00:00:00,2026-07-28,PT0532401,LST0532401,AG02580,LOC0012,Apartment,1,2.0,1145,0,2007,388900.0,2026-07-28,Active,,,0,83.99,3,No,No,2026-07-28,2026-07-28
INSERT,2026-07-28T00:00:00,2026-07-28,PT0532402,LST0532402,AG01648,LOC0114,Townhouse,6,2.5,1737,2645,1995,235400.0,2026-07-28,Active,,,0,283.56,0,No,No,2026-07-28,2026-07-28
INSERT,2026-07-28T00:00:00,2026-07-28,PT0532403,LST0532403,AG00816,LOC0121,Single Family,4,2.0,1220,4129,1923,304000.0,2026-07-28,Active,,,0,0.0,2,No,No,2026-07-28,2026-07-28
INSERT,2026-07-28T00:00:00,2026-07-28,PT0532404,LST0532404,AG00089,LOC0185,Land,0,0.0,6919,15149,1901,3332500.0,2026-07-28,Active,,,0,0.0,0,No,No,2026-07-28,2026-07-28
INSERT,2026-07-28T00:00:00,2026-07-28,PT0532405,LST0532405,AG00938,LOC0162,Multi-Family,4,4.0,3042,4054,2011,441600.0,2026-07-28,Active,,,0,0.0,0,No,No,2026-07-28,2026-07-28
INSERT,2026-07-28T00:00:00,2026-07-28,PT0532406,LST0532406,AG02033,LOC0027,Condo,1,4.5,2415,5164,1971,903800.0,2026-07-28,Active,,,0,415.25,1,No,No,2026-07-28,2026-07-28
INSERT,2026-07-28T00:00:00,2026-07-28,PT0532407,LST0532407,AG00812,LOC0114,Single Family,2,1.0,1776,19984,1917,403800.0,2026-07-28,Active,,,0,0.0,3,No,No,2026-07-28,2026-07-28
INSERT,2026-07-28T00:00:00,2026-07-28,PT0532408,LST0532408,AG01139,LOC0066,Condo,6,3.0,1401,10301,1949,663800.0,2026-07-28,Active,,,0,169.26,0,Yes,No,2026-07-28,2026-07-28
INSERT,2026-07-28T00:00:00,2026-07-28,PT0532409,LST0532409,AG00808,LOC0153,Condo,6,1.0,1853,9893,1913,587800.0,2026-07-28,Active,,,0,218.21,3,No,No,2026-07-28,2026-07-28
INSERT,2026-07-28T00:00:00,2026-07-28,PT0532410,LST0532410,AG01458,LOC0206,Condo,6,3.0,2017,4109,1939,397700.0,2026-07-28,Active,,,0,222.49,1,No,No,2026-07-28,2026-07-28
INSERT,2026-07-28T00:00:00,2026-07-28,PT0532411,LST0532411,AG00073,LOC0135,Single Family,5,3.0,1141,2721,1991,380100.0,2026-07-28,Active,,,0,0.0,1,No,Yes,2026-07-28,2026-07-28
INSERT,2026-07-28T00:00:00,2026-07-28,PT0532412,LST0532412,AG01459,LOC0089,Apartment,6,4.5,1181,0,1924,274600.0,2026-07-28,Active,,,0,282.91,3,No,No,2026-07-28,2026-07-28
INSERT,2026-07-28T00:00:00,2026-07-28,PT0532413,LST0532413,AG00149,LOC0204,Single Family,1,3.0,1483,3702,1936,585700.0,2026-07-28,Active,,,0,0.0,2,No,No,2026-07-28,2026-07-28
INSERT,2026-07-28T00:00:00,2026-07-28,PT0532414,LST0532414,AG01242,LOC0124,Condo,2,3.0,2236,1389,1913,694100.0,2026-07-28,Active,,,0,134.35,0,Yes,No,2026-07-28,2026-07-28
INSERT,2026-07-28T00:00:00,2026-07-28,PT0532415,LST0532415,AG00319,LOC0223,Single Family,5,1.0,1504,1173,1928,558100.0,2026-07-28,Active,,,0,0.0,3,No,Yes,2026-07-28,2026-07-28
INSERT,2026-07-28T00:00:00,2026-07-28,PT0532416,LST0532416,AG02768,LOC0170,Condo,4,1.0,1830,1273,1916,1146800.0,2026-07-28,Active,,,0,99.49,3,No,No,2026-07-28,2026-07-28
INSERT,2026-07-28T00:00:00,2026-07-28,PT0532417,LST0532417,AG00629,LOC0178,Single Family,1,4.5,2395,2256,1903,565100.0,2026-07-28,Active,,,0,0.0,0,No,No,2026-07-28,2026-07-28
INSERT,2026-07-28T00:00:00,2026-07-28,PT0532418,LST0532418,AG01706,LOC0236,Multi-Family,3,3.5,2884,1103,1986,434400.0,2026-07-28,Active,,,0,0.0,1,No,Yes,2026-07-28,2026-07-28
INSERT,2026-07-28T00:00:00,2026-07-28,PT0532419,LST0532419,AG02529,LOC0013,Townhouse,6,2.5,928,1370,1911,232400.0,2026-07-28,Active,,,0,189.47,3,No,No,2026-07-28,2026-07-28
INSERT,2026-07-28T00:00:00,2026-07-28,PT0532420,LST0532420,AG00878,LOC0140,Single Family,5,1.0,3551,8669,1970,2330200.0,2026-07-28,Active,,,0,0.0,0,No,Yes,2026-07-28,2026-07-28
INSERT,2026-07-28T00:00:00,2026-07-28,PT0532421,LST0532421,AG00851,LOC0101,Single Family,1,3.5,2097,1427,1995,621800.0,2026-07-28,Active,,,0,0.0,1,Yes,No,2026-07-28,2026-07-28
INSERT,2026-07-28T00:00:00,2026-07-28,PT0532422,LST0532422,AG02003,LOC0089,Single Family,4,1.0,2388,10000,2016,729200.0,2026-07-28,Active,,,0,0.0,3,No,No,2026-07-28,2026-07-28
INSERT,2026-07-28T00:00:00,2026-07-28,PT0532423,LST0532423,AG02478,LOC0082,Condo,2,2.0,3257,5429,1916,608600.0,2026-07-28,Active,,,0,305.33,2,No,No,2026-07-28,2026-07-28
INSERT,2026-07-28T00:00:00,2026-07-28,PT0532424,LST0532424,AG01288,LOC0048,Single Family,4,4.0,2363,2721,1940,1106900.0,2026-07-28,Active,,,0,0.0,1,No,Yes,2026-07-28,2026-07-28
INSERT,2026-07-28T00:00:00,2026-07-28,PT0532425,LST0532425,AG02042,LOC0053,Condo,6,2.0,1220,6128,2003,518400.0,2026-07-28,Active,,,0,445.65,0,No,No,2026-07-28,2026-07-28
INSERT,2026-07-28T00:00:00,2026-07-28,PT0532426,LST0532426,AG02557,LOC0165,Condo,5,4.5,1290,5905,1918,647700.0,2026-07-28,Active,,,0,292.11,2,No,No,2026-07-28,2026-07-28
INSERT,2026-07-28T00:00:00,2026-07-28,PT0532427,LST0532427,AG02266,LOC0236,Single Family,2,4.0,2208,3317,1957,198800.0,2026-07-28,Active,,,0,0.0,0,Yes,No,2026-07-28,2026-07-28
INSERT,2026-07-28T00:00:00,2026-07-28,PT0532428,LST0532428,AG01395,LOC0228,Condo,2,4.5,1573,14399,1947,544500.0,2026-07-28,Active,,,0,168.65,0,No,No,2026-07-28,2026-07-28
INSERT,2026-07-28T00:00:00,2026-07-28,PT0532429,LST0532429,AG00301,LOC0131,Multi-Family,2,3.0,7068,1869,1962,1712000.0,2026-07-28,Active,,,0,0.0,0,Yes,Yes,2026-07-28,2026-07-28
INSERT,2026-07-28T00:00:00,2026-07-28,PT0532430,LST0532430,AG02038,LOC0066,Condo,1,3.0,418,1640,1963,106600.0,2026-07-28,Active,,,0,581.67,2,No,No,2026-07-28,2026-07-28
INSERT,2026-07-28T00:00:00,2026-07-28,PT0532431,LST0532431,AG00264,LOC0101,Multi-Family,4,1.5,1650,1878,1986,529500.0,2026-07-28,Active,,,0,0.0,3,No,No,2026-07-28,2026-07-28
INSERT,2026-07-28T00:00:00,2026-07-28,PT0532432,LST0532432,AG02338,LOC0142,Single Family,4,3.5,1396,2281,1990,330300.0,2026-07-28,Active,,,0,0.0,3,No,No,2026-07-28,2026-07-28
INSERT,2026-07-28T00:00:00,2026-07-28,PT0532433,LST0532433,AG00352,LOC0022,Multi-Family,5,4.0,4059,2928,1951,923000.0,2026-07-28,Active,,,0,0.0,3,No,No,2026-07-28,2026-07-28
INSERT,2026-07-28T00:00:00,2026-07-28,PT0532434,LST0532434,AG02384,LOC0142,Single Family,3,2.0,2002,4778,1910,545700.0,2026-07-28,Active,,,0,0.0,1,No,Yes,2026-07-28,2026-07-28
INSERT,2026-07-28T00:00:00,2026-07-28,PT0532435,LST0532435,AG00512,LOC0076,Single Family,1,3.0,2607,2010,1947,431500.0,2026-07-28,Active,,,0,0.0,2,No,No,2026-07-28,2026-07-28
INSERT,2026-07-28T00:00:00,2026-07-28,PT0532436,LST0532436,AG00483,LOC0165,Single Family,2,1.0,1058,14462,1992,381200.0,2026-07-28,Active,,,0,0.0,0,No,Yes,2026-07-28,2026-07-28
INSERT,2026-07-28T00:00:00,2026-07-28,PT0532437,LST0532437,AG00804,LOC0121,Condo,2,4.0,1613,2876,1975,584700.0,2026-07-28,Active,,,0,515.05,3,No,No,2026-07-28,2026-07-28
INSERT,2026-07-28T00:00:00,2026-07-28,PT0532438,LST0532438,AG01807,LOC0028,Townhouse,5,2.0,2467,4261,2022,254600.0,2026-07-28,Active,,,0,508.89,1,Yes,No,2026-07-28,2026-07-28
INSERT,2026-07-28T00:00:00,2026-07-28,PT0532439,LST0532439,AG00101,LOC0051,Multi-Family,5,2.0,4721,1850,1945,737700.0,2026-07-28,Active,,,0,0.0,1,No,No,2026-07-28,2026-07-28
INSERT,2026-07-28T00:00:00,2026-07-28,PT0532440,LST0532440,AG01596,LOC0005,Single Family,2,3.0,2880,3651,1901,794500.0,2026-07-28,Active,,,0,0.0,3,Yes,Yes,2026-07-28,2026-07-28
INSERT,2026-07-28T00:00:00,2026-07-28,PT0532441,LST0532441,AG00754,LOC0018,Single Family,2,4.5,866,7052,1929,378900.0,2026-07-28,Active,,,0,0.0,2,No,Yes,2026-07-28,2026-07-28
INSERT,2026-07-28T00:00:00,2026-07-28,PT0532442,LST0532442,AG02250,LOC0153,Single Family,2,2.0,1918,9185,2022,885000.0,2026-07-28,Active,,,0,0.0,1,No,Yes,2026-07-28,2026-07-28
INSERT,2026-07-28T00:00:00,2026-07-28,PT0532443,LST0532443,AG01471,LOC0152,Single Family,6,3.5,1525,8297,1941,825500.0,2026-07-28,Active,,,0,0.0,0,No,Yes,2026-07-28,2026-07-28
INSERT,2026-07-28T00:00:00,2026-07-28,PT0532444,LST0532444,AG02896,LOC0072,Condo,3,4.0,1672,3676,1941,269800.0,2026-07-28,Active,,,0,768.34,0,No,No,2026-07-28,2026-07-28
INSERT,2026-07-28T00:00:00,2026-07-28,PT0532445,LST0532445,AG01564,LOC0110,Condo,4,1.0,3042,2498,2015,391400.0,2026-07-28,Active,,,0,739.22,1,No,No,2026-07-28,2026-07-28
INSERT,2026-07-28T00:00:00,2026-07-28,PT0532446,LST0532446,AG02726,LOC0206,Condo,4,4.5,2737,1125,2006,646400.0,2026-07-28,Active,,,0,539.85,0,No,No,2026-07-28,2026-07-28
INSERT,2026-07-28T00:00:00,2026-07-28,PT0532447,LST0532447,AG02160,LOC0035,Single Family,4,4.0,1893,2643,1920,266600.0,2026-07-28,Active,,,0,0.0,0,No,No,2026-07-28,2026-07-28
INSERT,2026-07-28T00:00:00,2026-07-28,PT0532448,LST0532448,AG02838,LOC0210,Townhouse,4,1.0,1194,2004,2016,501000.0,2026-07-28,Active,,,0,455.38,1,No,No,2026-07-28,2026-07-28
INSERT,2026-07-28T00:00:00,2026-07-28,PT0532449,LST0532449,AG01085,LOC0180,Condo,2,3.5,1795,7855,1931,584100.0,2026-07-28,Active,,,0,90.58,0,No,No,2026-07-28,2026-07-28
UPDATE,2026-07-28T00:00:00,2026-07-28,PT0366267,LST0366267,AG02632,LOC0036,Condo,3,1.0,300,1567,1985,114600.0,2025-05-20,Pending,,,84,511.0,1,No,No,2025-05-20,2026-07-28
UPDATE,2026-07-28T00:00:00,2026-07-28,PT0499537,LST0499537,AG01075,LOC0068,Townhouse,2,1.0,1596,11091,1997,760000.0,2024-10-01,Active,,,108,280.0,2,No,No,2024-10-01,2026-07-28
UPDATE,2026-07-28T00:00:00,2026-07-28,PT0081120,LST0081120,AG00549,LOC0031,Condo,6,2.0,918,6975,1944,231700.0,2025-05-05,Active,,,42,383.0,1,No,No,2025-05-05,2026-07-28
UPDATE,2026-07-28T00:00:00,2026-07-28,PT0386886,LST0386886,AG02773,LOC0006,Townhouse,3,3.0,1434,2844,1948,299800.0,2023-07-04,Pending,,,161,410.0,2,No,No,2023-07-04,2026-07-28
UPDATE,2026-07-28T00:00:00,2026-07-28,PT0271671,LST0271671,AG01028,LOC0044,Multi-Family,4,3.0,3922,7367,1967,1128600.0,2025-06-22,Pending,,,158,0.0,3,No,No,2025-06-22,2026-07-28
UPDATE,2026-07-28T00:00:00,2026-07-28,PT0479534,LST0479534,AG02841,LOC0180,Single Family,6,2.0,1428,7768,1990,364100.0,2023-01-22,Pending,,,15,0.0,2,No,No,2023-01-22,2026-07-28
UPDATE,2026-07-28T00:00:00,2026-07-28,PT0318595,LST0318595,AG00608,LOC0220,Single Family,1,2.5,1363,4070,2011,342600.0,2025-11-10,Active,,,135,0.0,3,No,No,2025-11-10,2026-07-28
UPDATE,2026-07-28T00:00:00,2026-07-28,PT0382142,LST0382142,AG00512,LOC0213,Single Family,1,2.5,2058,7823,1961,289400.0,2023-03-12,Active,,,36,0.0,0,Yes,Yes,2023-03-12,2026-07-28
UPDATE,2026-07-28T00:00:00,2026-07-28,PT0045665,LST0045665,AG02160,LOC0053,Condo,3,4.5,1582,1281,2006,620200.0,2024-02-07,Pending,,,174,86.0,3,Yes,No,2024-02-07,2026-07-28
UPDATE,2026-07-28T00:00:00,2026-07-28,PT0254379,LST0254379,AG01595,LOC0071,Single Family,4,4.5,3662,1164,1908,2082100.0,2023-07-20,Active,,,15,0.0,0,Yes,Yes,2023-07-20,2026-07-28
UPDATE,2026-07-28T00:00:00,2026-07-28,PT0459923,LST0459923,AG01004,LOC0199,Apartment,5,4.5,1660,0,1981,699700.0,2023-11-05,Active,,,71,111.0,0,No,No,2023-11-05,2026-07-28
UPDATE,2026-07-28T00:00:00,2026-07-28,PT0279338,LST0279338,AG01902,LOC0145,Single Family,4,4.0,3455,9172,2005,1064000.0,2024-06-21,Active,,,59,0.0,0,No,No,2024-06-21,2026-07-28
UPDATE,2026-07-28T00:00:00,2026-07-28,PT0032038,LST0032038,AG02010,LOC0090,Single Family,4,1.5,1633,2829,1963,262000.0,2025-03-22,Active,,,148,0.0,2,Yes,No,2025-03-22,2026-07-28
UPDATE,2026-07-28T00:00:00,2026-07-28,PT0518703,LST0518703,AG02031,LOC0168,Single Family,3,4.5,2589,7824,1903,1334400.0,2026-07-16,Active,,,0,0.0,3,No,Yes,2026-07-16,2026-07-28
UPDATE,2026-07-28T00:00:00,2026-07-28,PT0238928,LST0238928,AG00582,LOC0183,Multi-Family,6,1.0,3476,8455,1926,714800.0,2024-07-19,Active,,,58,0.0,1,No,Yes,2024-07-19,2026-07-28
UPDATE,2026-07-28T00:00:00,2026-07-28,PT0157241,LST0157241,AG02924,LOC0027,Single Family,6,4.5,1215,8874,2018,544100.0,2025-02-07,Sold,530192.93,2026-07-28,536,0.0,0,No,No,2025-02-07,2026-07-28
UPDATE,2026-07-28T00:00:00,2026-07-28,PT0340622,LST0340622,AG01001,LOC0080,Apartment,2,1.5,1318,0,1927,640100.0,2024-09-16,Pending,,,109,168.0,2,No,No,2024-09-16,2026-07-28
UPDATE,2026-07-28T00:00:00,2026-07-28,PT0016683,LST0016683,AG01092,LOC0231,Single Family,3,3.5,1643,4146,1911,242300.0,2024-05-15,Sold,246910.64,2026-07-28,804,0.0,0,No,No,2024-05-15,2026-07-28
UPDATE,2026-07-28T00:00:00,2026-07-28,PT0109558,LST0109558,AG00827,LOC0226,Single Family,5,2.0,1747,4223,2004,551900.0,2024-01-23,Active,,,95,0.0,2,Yes,No,2024-01-23,2026-07-28
UPDATE,2026-07-28T00:00:00,2026-07-28,PT0421769,LST0421769,AG00998,LOC0084,Townhouse,5,4.5,1169,3943,1997,471800.0,2024-08-14,Sold,488038.36,2026-07-28,713,632.0,1,No,No,2024-08-14,2026-07-28
UPDATE,2026-07-28T00:00:00,2026-07-28,PT0509416,LST0509416,AG00733,LOC0216,Townhouse,3,4.5,2711,4204,1947,292700.0,2026-07-08,Pending,,,0,428.69,2,No,No,2026-07-08,2026-07-28
UPDATE,2026-07-28T00:00:00,2026-07-28,PT0046197,LST0046197,AG01126,LOC0236,Single Family,1,1.0,2322,1832,1913,187000.0,2024-06-03,Active,,,176,0.0,1,Yes,Yes,2024-06-03,2026-07-28
UPDATE,2026-07-28T00:00:00,2026-07-28,PT0495305,LST0495305,AG01632,LOC0116,Multi-Family,5,2.0,882,10054,1980,376600.0,2023-08-15,Active,,,67,0.0,2,No,No,2023-08-15,2026-07-28
UPDATE,2026-07-28T00:00:00,2026-07-28,PT0098598,LST0098598,AG01760,LOC0009,Single Family,6,1.5,925,1489,1936,110500.0,2024-07-17,Active,,,35,0.0,0,No,Yes,2024-07-17,2026-07-28
UPDATE,2026-07-28T00:00:00,2026-07-28,PT0348900,LST0348900,AG01992,LOC0163,Condo,3,1.0,2272,8559,1901,932300.0,2025-01-11,Active,,,107,760.0,1,Yes,No,2025-01-11,2026-07-28
UPDATE,2026-07-28T00:00:00,2026-07-28,PT0199937,LST0199937,AG01546,LOC0070,Condo,3,4.5,1658,7883,1961,328200.0,2025-12-22,Pending,,,122,478.0,1,No,No,2025-12-22,2026-07-28
UPDATE,2026-07-28T00:00:00,2026-07-28,PT0465293,LST0465293,AG02263,LOC0175,Single Family,1,4.5,2249,2298,1960,114200.0,2025-05-29,Pending,,,79,0.0,0,Yes,Yes,2025-05-29,2026-07-28
UPDATE,2026-07-28T00:00:00,2026-07-28,PT0491189,LST0491189,AG02744,LOC0216,Townhouse,3,3.5,675,13708,1949,160700.0,2025-09-19,Active,,,43,768.0,0,Yes,No,2025-09-19,2026-07-28
UPDATE,2026-07-28T00:00:00,2026-07-28,PT0527954,LST0527954,AG01145,LOC0159,Single Family,2,4.0,835,12980,1949,133800.0,2026-07-25,Active,,,0,0.0,0,Yes,Yes,2026-07-25,2026-07-28
UPDATE,2026-07-28T00:00:00,2026-07-28,PT0032359,LST0032359,AG01667,LOC0107,Condo,6,1.5,4000,16619,1978,1024300.0,2026-03-30,Sold,996508.58,2026-07-28,120,165.0,2,No,No,2026-03-30,2026-07-28
UPDATE,2026-07-28T00:00:00,2026-07-28,PT0505566,LST0505566,AG02672,LOC0221,Condo,1,3.0,1744,2962,2012,159800.0,2026-07-05,Active,,,0,383.57,3,No,No,2026-07-05,2026-07-28
UPDATE,2026-07-28T00:00:00,2026-07-28,PT0152715,LST0152715,AG01664,LOC0110,Single Family,3,2.0,880,4912,2021,148000.0,2026-06-24,Sold,138986.49,2026-07-28,34,0.0,2,No,No,2026-06-24,2026-07-28
UPDATE,2026-07-28T00:00:00,2026-07-28,PT0024031,LST0024031,AG01233,LOC0193,Apartment,4,3.0,886,0,1969,169300.0,2024-03-25,Pending,,,103,412.0,3,No,No,2024-03-25,2026-07-28
UPDATE,2026-07-28T00:00:00,2026-07-28,PT0236823,LST0236823,AG00329,LOC0150,Condo,5,3.5,972,5869,1968,222300.0,2024-11-08,Pending,,,162,288.0,2,No,No,2024-11-08,2026-07-28
UPDATE,2026-07-28T00:00:00,2026-07-28,PT0011548,LST0011548,AG01123,LOC0214,Multi-Family,4,2.5,3172,1332,1905,554200.0,2025-04-04,Active,,,53,0.0,2,No,No,2025-04-04,2026-07-28
UPDATE,2026-07-28T00:00:00,2026-07-28,PT0210391,LST0210391,AG01036,LOC0110,Condo,4,3.5,2207,4086,2012,629900.0,2023-07-04,Active,,,148,578.0,2,No,No,2023-07-04,2026-07-28
UPDATE,2026-07-28T00:00:00,2026-07-28,PT0180377,LST0180377,AG01355,LOC0243,Condo,1,4.0,1532,10638,1926,721900.0,2025-02-06,Active,,,58,644.0,1,No,No,2025-02-06,2026-07-28
UPDATE,2026-07-28T00:00:00,2026-07-28,PT0277074,LST0277074,AG02081,LOC0247,Single Family,3,1.0,2457,5414,1978,590100.0,2023-05-07,Pending,,,163,0.0,1,No,No,2023-05-07,2026-07-28
UPDATE,2026-07-28T00:00:00,2026-07-28,PT0483525,LST0483525,AG01629,LOC0057,Land,0,0.0,6064,3977,2007,3320400.0,2023-03-19,Pending,,,44,0.0,0,No,No,2023-03-19,2026-07-28
UPDATE,2026-07-28T00:00:00,2026-07-28,PT0009908,LST0009908,AG02094,LOC0196,Apartment,5,1.0,774,0,1948,178400.0,2023-11-03,Sold,176945.28,2026-07-28,998,255.0,1,No,No,2023-11-03,2026-07-28
UPDATE,2026-07-28T00:00:00,2026-07-28,PT0366526,LST0366526,AG00032,LOC0166,Single Family,5,4.5,1412,4581,2023,399200.0,2026-03-31,Sold,369961.9,2026-07-28,119,0.0,1,No,No,2026-03-31,2026-07-28
UPDATE,2026-07-28T00:00:00,2026-07-28,PT0504105,LST0504105,AG00575,LOC0178,Land,0,0.0,4619,14689,1943,721000.0,2026-07-04,Sold,719549.61,2026-07-28,24,0.0,0,No,No,2026-07-04,2026-07-28
UPDATE,2026-07-28T00:00:00,2026-07-28,PT0150271,LST0150271,AG01455,LOC0207,Townhouse,6,1.5,1184,2029,1905,44000.0,2026-05-04,Pending,,,11,470.0,2,No,No,2026-05-04,2026-07-28
UPDATE,2026-07-28T00:00:00,2026-07-28,PT0347446,LST0347446,AG01313,LOC0109,Multi-Family,6,2.5,2710,3355,1914,1170200.0,2024-10-01,Sold,1082318.44,2026-07-28,665,0.0,2,No,Yes,2024-10-01,2026-07-28
UPDATE,2026-07-28T00:00:00,2026-07-28,PT0514545,LST0514545,AG02960,LOC0201,Townhouse,5,2.0,1941,3606,1900,541800.0,2026-07-12,Pending,,,0,381.5,0,No,No,2026-07-12,2026-07-28
UPDATE,2026-07-28T00:00:00,2026-07-28,PT0432726,LST0432726,AG00013,LOC0135,Condo,5,1.5,2117,6686,2004,296600.0,2025-09-09,Sold,274313.71,2026-07-28,322,514.0,2,Yes,No,2025-09-09,2026-07-28
UPDATE,2026-07-28T00:00:00,2026-07-28,PT0214451,LST0214451,AG00843,LOC0159,Condo,1,3.0,1806,1134,2008,581300.0,2023-08-05,Pending,,,13,506.0,2,No,No,2023-08-05,2026-07-28
UPDATE,2026-07-28T00:00:00,2026-07-28,PT0510479,LST0510479,AG01587,LOC0021,Single Family,5,1.0,841,4194,1947,69600.0,2026-07-09,Sold,61361.8,2026-07-28,19,0.0,0,No,No,2026-07-09,2026-07-28
UPDATE,2026-07-28T00:00:00,2026-07-28,PT0376827,LST0376827,AG02025,LOC0086,Single Family,3,1.5,1764,5135,1934,397400.0,2026-03-31,Sold,357844.35,2026-07-28,119,0.0,2,No,Yes,2026-03-31,2026-07-28
UPDATE,2026-07-28T00:00:00,2026-07-28,PT0425294,LST0425294,AG00045,LOC0039,Multi-Family,2,3.5,4069,7685,1943,1768100.0,2024-07-05,Active,,,85,0.0,3,No,No,2024-07-05,2026-07-28
UPDATE,2026-07-28T00:00:00,2026-07-28,PT0159653,LST0159653,AG02572,LOC0108,Condo,2,4.0,1754,3909,2006,535200.0,2024-11-01,Sold,561982.23,2026-07-28,634,750.0,2,No,No,2024-11-01,2026-07-28
UPDATE,2026-07-28T00:00:00,2026-07-28,PT0222126,LST0222126,AG00167,LOC0130,Single Family,2,1.5,2457,1824,2018,540200.0,2025-11-30,Pending,,,1,0.0,2,No,No,2025-11-30,2026-07-28
UPDATE,2026-07-28T00:00:00,2026-07-28,PT0201607,LST0201607,AG01246,LOC0061,Single Family,4,2.5,1483,4680,2010,262400.0,2026-05-13,Pending,,,15,0.0,1,No,No,2026-05-13,2026-07-28
UPDATE,2026-07-28T00:00:00,2026-07-28,PT0374469,LST0374469,AG00687,LOC0047,Townhouse,3,2.5,787,2245,1912,342500.0,2023-12-19,Sold,323225.64,2026-07-28,952,190.0,2,No,No,2023-12-19,2026-07-28
UPDATE,2026-07-28T00:00:00,2026-07-28,PT0217676,LST0217676,AG00692,LOC0185,Townhouse,6,1.5,1902,6096,1925,742200.0,2024-11-07,Active,,,21,205.0,3,No,No,2024-11-07,2026-07-28
UPDATE,2026-07-28T00:00:00,2026-07-28,PT0505005,LST0505005,AG00400,LOC0130,Single Family,2,3.5,1954,10364,1962,457400.0,2026-07-05,Pending,,,0,0.0,2,No,Yes,2026-07-05,2026-07-28
UPDATE,2026-07-28T00:00:00,2026-07-28,PT0429082,LST0429082,AG01189,LOC0146,Single Family,5,2.5,1443,8334,1976,217300.0,2025-11-21,Pending,,,143,0.0,3,No,No,2025-11-21,2026-07-28
UPDATE,2026-07-28T00:00:00,2026-07-28,PT0148377,LST0148377,AG01909,LOC0181,Condo,4,3.0,2341,3691,1981,603700.0,2024-06-16,Pending,,,68,786.0,0,No,No,2024-06-16,2026-07-28
UPDATE,2026-07-28T00:00:00,2026-07-28,PT0475158,LST0475158,AG00108,LOC0051,Condo,3,2.5,2869,4046,1911,380200.0,2024-11-30,Active,,,151,150.0,2,Yes,No,2024-11-30,2026-07-28
UPDATE,2026-07-28T00:00:00,2026-07-28,PT0497165,LST0497165,AG00285,LOC0030,Townhouse,4,3.0,1737,1385,1906,506200.0,2024-08-02,Sold,506811.53,2026-07-28,725,678.0,0,No,No,2024-08-02,2026-07-28
UPDATE,2026-07-28T00:00:00,2026-07-28,PT0049596,LST0049596,AG00259,LOC0072,Apartment,3,4.0,1166,0,1997,139700.0,2025-12-07,Active,,,125,646.0,2,No,No,2025-12-07,2026-07-28
UPDATE,2026-07-28T00:00:00,2026-07-28,PT0170094,LST0170094,AG02154,LOC0139,Multi-Family,1,4.0,2308,1430,2007,909500.0,2025-11-02,Pending,,,75,0.0,3,No,Yes,2025-11-02,2026-07-28
UPDATE,2026-07-28T00:00:00,2026-07-28,PT0054483,LST0054483,AG02856,LOC0124,Condo,6,1.0,2733,5421,1926,1142400.0,2025-10-18,Sold,1079103.57,2026-07-28,283,53.0,1,No,No,2025-10-18,2026-07-28
UPDATE,2026-07-28T00:00:00,2026-07-28,PT0005300,LST0005300,AG02720,LOC0228,Condo,1,2.0,1330,14077,2008,586600.0,2025-12-07,Sold,539650.12,2026-07-28,233,637.0,2,No,No,2025-12-07,2026-07-28
UPDATE,2026-07-28T00:00:00,2026-07-28,PT0403237,LST0403237,AG01398,LOC0096,Single Family,6,1.5,565,10968,2020,121700.0,2023-01-06,Active,,,157,0.0,3,No,No,2023-01-06,2026-07-28
UPDATE,2026-07-28T00:00:00,2026-07-28,PT0355404,LST0355404,AG02932,LOC0003,Apartment,2,2.0,1518,0,1989,246700.0,2025-03-31,Pending,,,85,255.0,2,No,No,2025-03-31,2026-07-28
UPDATE,2026-07-28T00:00:00,2026-07-28,PT0265086,LST0265086,AG02799,LOC0021,Multi-Family,1,1.5,1393,18043,1979,121100.0,2025-02-10,Active,,,1,0.0,2,No,No,2025-02-10,2026-07-28
UPDATE,2026-07-28T00:00:00,2026-07-28,PT0228344,LST0228344,AG01256,LOC0023,Land,0,0.0,5369,1666,1999,1614600.0,2026-01-29,Sold,1550783.27,2026-07-28,180,0.0,0,No,No,2026-01-29,2026-07-28
UPDATE,2026-07-28T00:00:00,2026-07-28,PT0028004,LST0028004,AG01426,LOC0179,Single Family,4,2.5,1686,3736,1946,346500.0,2024-09-16,Pending,,,121,0.0,2,No,No,2024-09-16,2026-07-28
UPDATE,2026-07-28T00:00:00,2026-07-28,PT0047390,LST0047390,AG02192,LOC0026,Condo,5,4.0,2448,1165,1950,586900.0,2023-07-21,Sold,462053.29,2026-07-28,1103,642.0,1,No,No,2023-07-21,2026-07-28
UPDATE,2026-07-28T00:00:00,2026-07-28,PT0500209,LST0500209,AG00835,LOC0136,Townhouse,3,4.5,2464,7814,1927,719600.0,2026-07-01,Pending,,,0,567.63,1,No,No,2026-07-01,2026-07-28
UPDATE,2026-07-28T00:00:00,2026-07-28,PT0491195,LST0491195,AG01323,LOC0074,Condo,1,3.5,1622,4213,1953,522900.0,2026-06-29,Active,,,41,676.0,1,No,No,2026-06-29,2026-07-28
UPDATE,2026-07-28T00:00:00,2026-07-28,PT0433790,LST0433790,AG02484,LOC0091,Townhouse,3,4.0,1656,3309,1912,401100.0,2025-07-14,Pending,,,69,693.0,1,Yes,No,2025-07-14,2026-07-28
UPDATE,2026-07-28T00:00:00,2026-07-28,PT0448167,LST0448167,AG02513,LOC0113,Single Family,2,3.0,1213,2852,2013,531900.0,2026-05-01,Sold,508157.67,2026-07-28,88,0.0,1,No,No,2026-05-01,2026-07-28
UPDATE,2026-07-28T00:00:00,2026-07-28,PT0206623,LST0206623,AG00218,LOC0158,Single Family,1,4.0,3276,3681,1983,1908600.0,2024-09-19,Active,,,67,0.0,3,Yes,Yes,2024-09-19,2026-07-28
UPDATE,2026-07-28T00:00:00,2026-07-28,PT0021404,LST0021404,AG02477,LOC0240,Single Family,5,4.5,2160,2665,1921,721300.0,2025-05-11,Pending,,,7,0.0,1,No,Yes,2025-05-11,2026-07-28
UPDATE,2026-07-28T00:00:00,2026-07-28,PT0529042,LST0529042,AG00400,LOC0197,Single Family,2,3.0,1418,15661,1997,598700.0,2026-07-25,Active,,,0,0.0,1,No,No,2026-07-25,2026-07-28
UPDATE,2026-07-28T00:00:00,2026-07-28,PT0303391,LST0303391,AG00084,LOC0244,Townhouse,6,3.5,2386,2575,1911,407400.0,2024-04-13,Sold,392967.69,2026-07-28,836,436.0,0,No,No,2024-04-13,2026-07-28
UPDATE,2026-07-28T00:00:00,2026-07-28,PT0040213,LST0040213,AG00093,LOC0109,Condo,1,1.5,3231,22661,1939,895700.0,2023-12-21,Pending,,,25,369.0,3,No,No,2023-12-21,2026-07-28
UPDATE,2026-07-28T00:00:00,2026-07-28,PT0276681,LST0276681,AG00132,LOC0015,Multi-Family,5,4.5,2698,2725,1905,456700.0,2024-06-19,Sold,466873.42,2026-07-28,769,0.0,0,No,No,2024-06-19,2026-07-28
UPDATE,2026-07-28T00:00:00,2026-07-28,PT0114841,LST0114841,AG01617,LOC0091,Condo,6,4.0,2396,1766,1911,767500.0,2023-09-13,Pending,,,50,432.0,1,Yes,No,2023-09-13,2026-07-28
UPDATE,2026-07-28T00:00:00,2026-07-28,PT0507786,LST0507786,AG02417,LOC0127,Townhouse,2,3.5,1755,3263,1905,205500.0,2026-07-07,Pending,,,0,91.56,1,No,No,2026-07-07,2026-07-28
UPDATE,2026-07-28T00:00:00,2026-07-28,PT0396721,LST0396721,AG00762,LOC0182,Multi-Family,4,3.5,3182,1054,1925,1384300.0,2025-07-21,Pending,,,37,0.0,3,No,Yes,2025-07-21,2026-07-28
UPDATE,2026-07-28T00:00:00,2026-07-28,PT0090823,LST0090823,AG02974,LOC0047,Single Family,4,3.5,1495,2950,1931,744800.0,2026-01-17,Sold,708143.2,2026-07-28,192,0.0,2,Yes,Yes,2026-01-17,2026-07-28
UPDATE,2026-07-28T00:00:00,2026-07-28,PT0274140,LST0274140,AG02806,LOC0208,Single Family,1,2.0,2702,4165,1931,668300.0,2024-04-18,Active,,,108,0.0,3,No,No,2024-04-18,2026-07-28
UPDATE,2026-07-28T00:00:00,2026-07-28,PT0414621,LST0414621,AG01865,LOC0188,Multi-Family,1,2.0,3671,7124,1935,1409200.0,2024-06-19,Active,,,7,0.0,1,No,Yes,2024-06-19,2026-07-28
UPDATE,2026-07-28T00:00:00,2026-07-28,PT0171448,LST0171448,AG01524,LOC0232,Townhouse,6,2.5,1517,7128,1964,327000.0,2026-06-10,Pending,,,79,374.0,2,No,No,2026-06-10,2026-07-28
UPDATE,2026-07-28T00:00:00,2026-07-28,PT0526376,LST0526376,AG02776,LOC0008,Condo,5,2.5,1544,2650,1937,198100.0,2026-07-23,Active,,,0,530.28,3,No,No,2026-07-23,2026-07-28
UPDATE,2026-07-28T00:00:00,2026-07-28,PT0002986,LST0002986,AG00467,LOC0163,Single Family,1,3.5,1342,10196,1996,260300.0,2023-01-23,Sold,247694.28,2026-07-28,1282,0.0,2,Yes,No,2023-01-23,2026-07-28
UPDATE,2026-07-28T00:00:00,2026-07-28,PT0161617,LST0161617,AG02932,LOC0094,Single Family,5,4.5,1855,2203,1976,410400.0,2025-01-24,Pending,,,34,0.0,0,Yes,No,2025-01-24,2026-07-28
UPDATE,2026-07-28T00:00:00,2026-07-28,PT0411927,LST0411927,AG01571,LOC0054,Single Family,1,3.0,2332,1702,2010,286700.0,2023-07-16,Active,,,51,0.0,1,No,No,2023-07-16,2026-07-28
UPDATE,2026-07-28T00:00:00,2026-07-28,PT0279699,LST0279699,AG01992,LOC0133,Multi-Family,5,2.0,2849,1734,1941,413400.0,2024-10-17,Active,,,33,0.0,2,No,Yes,2024-10-17,2026-07-28
UPDATE,2026-07-28T00:00:00,2026-07-28,PT0162132,LST0162132,AG01662,LOC0249,Multi-Family,3,4.5,1748,16995,2022,147900.0,2023-12-06,Active,,,116,0.0,0,No,Yes,2023-12-06,2026-07-28
UPDATE,2026-07-28T00:00:00,2026-07-28,PT0372660,LST0372660,AG01149,LOC0216,Condo,1,3.0,2779,6340,1968,749600.0,2025-04-29,Pending,,,22,691.0,0,No,No,2025-04-29,2026-07-28
UPDATE,2026-07-28T00:00:00,2026-07-28,PT0321519,LST0321519,AG02095,LOC0246,Single Family,6,1.5,2855,2414,1991,240800.0,2025-08-13,Pending,,,53,0.0,1,No,Yes,2025-08-13,2026-07-28
UPDATE,2026-07-28T00:00:00,2026-07-28,PT0267553,LST0267553,AG01765,LOC0101,Condo,4,4.5,1803,4319,1968,597200.0,2026-05-20,Pending,,,136,517.0,2,No,No,2026-05-20,2026-07-28
UPDATE,2026-07-28T00:00:00,2026-07-28,PT0428554,LST0428554,AG01799,LOC0183,Condo,5,2.5,2641,1700,1999,623800.0,2023-06-15,Pending,,,147,789.0,1,No,No,2023-06-15,2026-07-28
UPDATE,2026-07-28T00:00:00,2026-07-28,PT0513346,LST0513346,AG00264,LOC0004,Apartment,4,4.0,898,0,1931,123700.0,2026-07-12,Active,,,0,189.26,1,No,No,2026-07-12,2026-07-28
UPDATE,2026-07-28T00:00:00,2026-07-28,PT0335247,LST0335247,AG00199,LOC0247,Condo,4,4.5,1470,2266,1989,311500.0,2023-08-19,Active,,,9,117.0,0,No,No,2023-08-19,2026-07-28
UPDATE,2026-07-28T00:00:00,2026-07-28,PT0515326,LST0515326,AG01670,LOC0136,Single Family,5,3.5,1536,2999,1981,423300.0,2026-07-13,Active,,,0,0.0,1,Yes,Yes,2026-07-13,2026-07-28
UPDATE,2026-07-28T00:00:00,2026-07-28,PT0095591,LST0095591,AG01713,LOC0110,Condo,4,3.5,2689,1520,1933,426900.0,2026-04-25,Active,,,85,144.0,0,No,No,2026-04-25,2026-07-28
UPDATE,2026-07-28T00:00:00,2026-07-28,PT0450322,LST0450322,AG02224,LOC0122,Townhouse,1,1.5,1513,3251,1960,752400.0,2024-03-01,Pending,,,42,86.0,0,No,No,2024-03-01,2026-07-28
UPDATE,2026-07-28T00:00:00,2026-07-28,PT0344329,LST0344329,AG00879,LOC0238,Condo,3,2.0,2817,5994,1902,990700.0,2026-05-27,Active,,,61,245.0,3,No,No,2026-05-27,2026-07-28
UPDATE,2026-07-28T00:00:00,2026-07-28,PT0207034,LST0207034,AG01697,LOC0169,Single Family,3,2.0,2035,2173,2011,670600.0,2025-06-12,Pending,,,63,0.0,2,Yes,No,2025-06-12,2026-07-28
UPDATE,2026-07-28T00:00:00,2026-07-28,PT0238695,LST0238695,AG01236,LOC0117,Apartment,2,2.0,1095,0,2024,357100.0,2023-09-10,Pending,,,150,482.0,2,No,No,2023-09-10,2026-07-28
UPDATE,2026-07-28T00:00:00,2026-07-28,PT0050949,LST0050949,AG00943,LOC0115,Townhouse,1,3.5,2686,13626,1904,624700.0,2023-04-22,Active,,,69,520.0,1,No,No,2023-04-22,2026-07-28
UPDATE,2026-07-28T00:00:00,2026-07-28,PT0199698,LST0199698,AG01890,LOC0089,Townhouse,6,2.0,1233,6174,1933,540200.0,2023-03-22,Pending,,,7,308.0,2,No,No,2023-03-22,2026-07-28
UPDATE,2026-07-28T00:00:00,2026-07-28,PT0225599,LST0225599,AG02061,LOC0210,Condo,3,1.0,1449,4706,1968,743000.0,2026-05-19,Sold,726540.79,2026-07-28,70,152.0,1,No,No,2026-05-19,2026-07-28
UPDATE,2026-07-28T00:00:00,2026-07-28,PT0268164,LST0268164,AG00616,LOC0059,Multi-Family,1,3.5,4476,8187,1917,828600.0,2024-11-06,Active,,,93,0.0,1,No,No,2024-11-06,2026-07-28
UPDATE,2026-07-28T00:00:00,2026-07-28,PT0307202,LST0307202,AG00704,LOC0044,Multi-Family,1,3.5,5739,3149,1949,1974700.0,2023-07-02,Pending,,,39,0.0,1,No,No,2023-07-02,2026-07-28
UPDATE,2026-07-28T00:00:00,2026-07-28,PT0231656,LST0231656,AG00694,LOC0125,Single Family,2,2.5,1432,1435,1973,398800.0,2024-02-11,Pending,,,98,0.0,2,No,No,2024-02-11,2026-07-28
UPDATE,2026-07-28T00:00:00,2026-07-28,PT0498688,LST0498688,AG02995,LOC0226,Condo,1,1.0,2046,6811,1900,852300.0,2026-06-09,Active,,,96,726.0,0,No,No,2026-06-09,2026-07-28
UPDATE,2026-07-28T00:00:00,2026-07-28,PT0132052,LST0132052,AG02709,LOC0192,Townhouse,6,1.5,2375,4616,1955,598500.0,2025-11-27,Pending,,,43,135.0,0,No,No,2025-11-27,2026-07-28
UPDATE,2026-07-28T00:00:00,2026-07-28,PT0373327,LST0373327,AG02079,LOC0078,Single Family,5,2.0,2333,13985,1963,351200.0,2023-07-01,Active,,,162,0.0,1,Yes,Yes,2023-07-01,2026-07-28
UPDATE,2026-07-28T00:00:00,2026-07-28,PT0409513,LST0409513,AG00578,LOC0076,Single Family,6,3.0,1313,7454,2012,225400.0,2023-01-13,Active,,,85,0.0,0,No,No,2023-01-13,2026-07-28
UPDATE,2026-07-28T00:00:00,2026-07-28,PT0506462,LST0506462,AG01395,LOC0194,Single Family,2,4.5,2460,2569,1928,1340800.0,2026-07-06,Active,,,0,0.0,1,No,Yes,2026-07-06,2026-07-28
UPDATE,2026-07-28T00:00:00,2026-07-28,PT0147083,LST0147083,AG00948,LOC0212,Apartment,5,3.0,1735,0,1926,699900.0,2025-03-29,Pending,,,96,361.0,2,No,No,2025-03-29,2026-07-28
UPDATE,2026-07-28T00:00:00,2026-07-28,PT0075810,LST0075810,AG01175,LOC0084,Single Family,2,2.0,2309,1246,1937,573400.0,2024-07-24,Active,,,132,0.0,1,No,No,2024-07-24,2026-07-28
UPDATE,2026-07-28T00:00:00,2026-07-28,PT0246029,LST0246029,AG01700,LOC0230,Single Family,1,3.5,3655,2809,2012,1417200.0,2026-02-06,Sold,1476801.9,2026-07-28,172,0.0,1,No,Yes,2026-02-06,2026-07-28
UPDATE,2026-07-28T00:00:00,2026-07-28,PT0080237,LST0080237,AG00987,LOC0212,Single Family,4,2.0,1894,14905,2002,974700.0,2023-07-17,Active,,,54,0.0,2,No,Yes,2023-07-17,2026-07-28
UPDATE,2026-07-28T00:00:00,2026-07-28,PT0340394,LST0340394,AG00336,LOC0181,Multi-Family,5,2.0,3284,4990,2000,362300.0,2024-08-11,Active,,,19,0.0,0,No,No,2024-08-11,2026-07-28
UPDATE,2026-07-28T00:00:00,2026-07-28,PT0171756,LST0171756,AG01704,LOC0157,Single Family,5,4.5,1545,4065,1914,646900.0,2025-04-10,Sold,627929.14,2026-07-28,474,0.0,1,No,Yes,2025-04-10,2026-07-28
UPDATE,2026-07-28T00:00:00,2026-07-28,PT0471102,LST0471102,AG01235,LOC0115,Single Family,6,3.0,1260,2032,2011,202800.0,2025-01-12,Active,,,99,0.0,2,No,No,2025-01-12,2026-07-28
UPDATE,2026-07-28T00:00:00,2026-07-28,PT0476736,LST0476736,AG01361,LOC0075,Single Family,5,2.5,511,4368,1913,152200.0,2023-05-02,Active,,,35,0.0,0,No,Yes,2023-05-02,2026-07-28
UPDATE,2026-07-28T00:00:00,2026-07-28,PT0435218,LST0435218,AG02104,LOC0091,Single Family,3,3.5,1148,1747,1917,93100.0,2023-01-18,Sold,85252.93,2026-07-28,1287,0.0,2,No,No,2023-01-18,2026-07-28
UPDATE,2026-07-28T00:00:00,2026-07-28,PT0045868,LST0045868,AG01249,LOC0211,Land,0,0.0,7678,14039,1972,4274500.0,2025-06-14,Active,,,126,0.0,0,No,No,2025-06-14,2026-07-28
UPDATE,2026-07-28T00:00:00,2026-07-28,PT0083515,LST0083515,AG01630,LOC0221,Apartment,6,1.0,1635,0,1926,494300.0,2024-08-17,Active,,,20,601.0,2,Yes,No,2024-08-17,2026-07-28
UPDATE,2026-07-28T00:00:00,2026-07-28,PT0409497,LST0409497,AG00820,LOC0149,Townhouse,6,4.0,1654,3269,1910,434300.0,2023-08-25,Sold,441690.02,2026-07-28,1068,367.0,2,No,No,2023-08-25,2026-07-28
UPDATE,2026-07-28T00:00:00,2026-07-28,PT0253197,LST0253197,AG00186,LOC0211,Condo,5,1.0,1919,9801,2019,956700.0,2024-12-27,Active,,,56,178.0,2,No,No,2024-12-27,2026-07-28
UPDATE,2026-07-28T00:00:00,2026-07-28,PT0138492,LST0138492,AG02868,LOC0083,Land,0,0.0,4173,3290,2012,1232300.0,2023-03-28,Pending,,,132,0.0,0,No,No,2023-03-28,2026-07-28
UPDATE,2026-07-28T00:00:00,2026-07-28,PT0343145,LST0343145,AG00684,LOC0035,Single Family,6,2.0,908,7251,1925,159600.0,2023-03-08,Active,,,28,0.0,0,No,Yes,2023-03-08,2026-07-28
UPDATE,2026-07-28T00:00:00,2026-07-28,PT0423210,LST0423210,AG01631,LOC0153,Single Family,6,3.0,2195,8599,1968,1234100.0,2024-11-03,Pending,,,66,0.0,2,No,No,2024-11-03,2026-07-28
UPDATE,2026-07-28T00:00:00,2026-07-28,PT0066062,LST0066062,AG00985,LOC0202,Single Family,2,1.0,1828,2463,1945,489800.0,2026-06-22,Pending,,,42,0.0,2,No,No,2026-06-22,2026-07-28
UPDATE,2026-07-28T00:00:00,2026-07-28,PT0229951,LST0229951,AG02616,LOC0187,Condo,4,3.5,1191,1150,1942,545200.0,2023-03-12,Pending,,,19,270.0,2,No,No,2023-03-12,2026-07-28
UPDATE,2026-07-28T00:00:00,2026-07-28,PT0231583,LST0231583,AG01318,LOC0102,Single Family,1,2.0,1556,5034,1930,494500.0,2023-08-29,Pending,,,38,0.0,1,No,Yes,2023-08-29,2026-07-28
UPDATE,2026-07-28T00:00:00,2026-07-28,PT0171951,LST0171951,AG02848,LOC0001,Multi-Family,4,2.0,2585,1504,1947,538900.0,2023-02-10,Pending,,,103,0.0,1,No,Yes,2023-02-10,2026-07-28
UPDATE,2026-07-28T00:00:00,2026-07-28,PT0054714,LST0054714,AG00528,LOC0047,Condo,5,4.0,1333,2475,2011,647400.0,2025-03-12,Active,,,91,671.0,2,No,No,2025-03-12,2026-07-28
UPDATE,2026-07-28T00:00:00,2026-07-28,PT0051599,LST0051599,AG00985,LOC0055,Single Family,1,3.5,2062,3278,1958,649400.0,2025-06-11,Sold,653742.59,2026-07-28,412,0.0,2,Yes,No,2025-06-11,2026-07-28
UPDATE,2026-07-28T00:00:00,2026-07-28,PT0261162,LST0261162,AG02716,LOC0139,Condo,4,3.5,2405,8604,1955,1039600.0,2023-09-06,Sold,1028008.12,2026-07-28,1056,430.0,0,No,No,2023-09-06,2026-07-28
UPDATE,2026-07-28T00:00:00,2026-07-28,PT0004036,LST0004036,AG02940,LOC0037,Single Family,2,2.5,1553,5146,1918,301700.0,2026-05-23,Pending,,,169,0.0,2,No,No,2026-05-23,2026-07-28
UPDATE,2026-07-28T00:00:00,2026-07-28,PT0049664,LST0049664,AG01819,LOC0204,Single Family,3,2.5,2888,17770,1932,1629100.0,2026-01-25,Pending,,,141,0.0,2,No,Yes,2026-01-25,2026-07-28
UPDATE,2026-07-28T00:00:00,2026-07-28,PT0365850,LST0365850,AG01516,LOC0201,Multi-Family,5,2.5,4389,4442,1999,666600.0,2026-02-01,Active,,,13,0.0,1,No,Yes,2026-02-01,2026-07-28
UPDATE,2026-07-28T00:00:00,2026-07-28,PT0522684,LST0522684,AG02515,LOC0016,Townhouse,6,4.0,1945,3755,1906,406100.0,2026-07-20,Sold,421705.85,2026-07-28,8,712.52,0,Yes,No,2026-07-20,2026-07-28
UPDATE,2026-07-28T00:00:00,2026-07-28,PT0424000,LST0424000,AG02539,LOC0158,Condo,4,1.5,1720,10491,1992,180000.0,2026-01-20,Pending,,,152,707.0,3,No,No,2026-01-20,2026-07-28
UPDATE,2026-07-28T00:00:00,2026-07-28,PT0309734,LST0309734,AG02274,LOC0044,Single Family,1,3.5,1687,15909,1987,579300.0,2023-09-24,Pending,,,46,0.0,3,No,Yes,2023-09-24,2026-07-28
UPDATE,2026-07-28T00:00:00,2026-07-28,PT0162012,LST0162012,AG02408,LOC0062,Condo,3,2.0,2462,1881,1906,740700.0,2024-06-30,Pending,,,111,673.0,2,No,No,2024-06-30,2026-07-28
UPDATE,2026-07-28T00:00:00,2026-07-28,PT0349788,LST0349788,AG02565,LOC0018,Apartment,4,2.5,2059,0,1995,830000.0,2026-02-04,Pending,,,154,95.0,0,No,No,2026-02-04,2026-07-28
UPDATE,2026-07-28T00:00:00,2026-07-28,PT0474707,LST0474707,AG00237,LOC0101,Multi-Family,6,2.0,3214,3403,1904,1707100.0,2023-05-03,Sold,1696062.01,2026-07-28,1182,0.0,3,No,No,2023-05-03,2026-07-28
UPDATE,2026-07-28T00:00:00,2026-07-28,PT0480770,LST0480770,AG02434,LOC0075,Single Family,5,3.0,1420,5858,2007,282200.0,2024-07-04,Active,,,73,0.0,1,Yes,Yes,2024-07-04,2026-07-28
UPDATE,2026-07-28T00:00:00,2026-07-28,PT0249070,LST0249070,AG02364,LOC0036,Single Family,6,4.0,1760,2277,2009,400300.0,2023-04-13,Pending,,,129,0.0,1,No,Yes,2023-04-13,2026-07-28
UPDATE,2026-07-28T00:00:00,2026-07-28,PT0522369,LST0522369,AG00340,LOC0136,Condo,1,3.0,1522,4336,1901,424900.0,2026-07-20,Pending,,,0,549.08,2,No,No,2026-07-20,2026-07-28
UPDATE,2026-07-28T00:00:00,2026-07-28,PT0409776,LST0409776,AG01305,LOC0040,Single Family,6,1.5,1508,7630,1920,954100.0,2026-04-09,Active,,,88,0.0,1,No,Yes,2026-04-09,2026-07-28
UPDATE,2026-07-28T00:00:00,2026-07-28,PT0480136,LST0480136,AG01522,LOC0137,Single Family,3,3.5,1016,1877,1944,191400.0,2023-08-14,Pending,,,20,0.0,0,No,Yes,2023-08-14,2026-07-28
UPDATE,2026-07-28T00:00:00,2026-07-28,PT0032499,LST0032499,AG00499,LOC0027,Single Family,6,1.5,1391,7427,1954,817700.0,2025-12-16,Pending,,,144,0.0,2,No,Yes,2025-12-16,2026-07-28
UPDATE,2026-07-28T00:00:00,2026-07-28,PT0331381,LST0331381,AG01746,LOC0083,Townhouse,1,1.5,1715,5329,2019,548800.0,2023-09-14,Pending,,,5,97.0,3,No,No,2023-09-14,2026-07-28
UPDATE,2026-07-28T00:00:00,2026-07-28,PT0385633,LST0385633,AG01232,LOC0158,Single Family,1,4.0,673,3540,1952,262600.0,2024-08-22,Pending,,,135,0.0,3,No,Yes,2024-08-22,2026-07-28
UPDATE,2026-07-28T00:00:00,2026-07-28,PT0317552,LST0317552,AG02965,LOC0138,Condo,5,4.5,2120,6861,1983,485200.0,2023-01-23,Active,,,48,530.0,2,No,No,2023-01-23,2026-07-28
UPDATE,2026-07-28T00:00:00,2026-07-28,PT0198613,LST0198613,AG01863,LOC0157,Single Family,4,2.0,2971,8810,1920,1153700.0,2025-06-02,Sold,1126032.02,2026-07-28,421,0.0,1,Yes,Yes,2025-06-02,2026-07-28
UPDATE,2026-07-28T00:00:00,2026-07-28,PT0507372,LST0507372,AG00348,LOC0048,Apartment,4,1.0,910,0,1989,558900.0,2026-07-06,Active,,,0,345.9,2,No,No,2026-07-06,2026-07-28
UPDATE,2026-07-28T00:00:00,2026-07-28,PT0068090,LST0068090,AG01085,LOC0093,Townhouse,3,4.0,1708,6474,1990,210600.0,2023-12-25,Active,,,68,153.0,0,No,No,2023-12-25,2026-07-28
UPDATE,2026-07-28T00:00:00,2026-07-28,PT0388708,LST0388708,AG01224,LOC0202,Multi-Family,1,1.5,2738,15604,1935,1014700.0,2026-05-09,Pending,,,13,0.0,0,No,No,2026-05-09,2026-07-28
UPDATE,2026-07-28T00:00:00,2026-07-28,PT0071310,LST0071310,AG00522,LOC0194,Multi-Family,5,3.5,2072,6524,1957,933600.0,2023-12-16,Sold,867688.41,2026-07-28,955,0.0,1,No,Yes,2023-12-16,2026-07-28
UPDATE,2026-07-28T00:00:00,2026-07-28,PT0179597,LST0179597,AG01762,LOC0196,Single Family,5,1.5,2309,1252,1994,360700.0,2026-03-23,Active,,,35,0.0,3,Yes,No,2026-03-23,2026-07-28
UPDATE,2026-07-28T00:00:00,2026-07-28,PT0239585,LST0239585,AG02735,LOC0194,Single Family,1,2.5,1635,3054,1945,624200.0,2026-03-24,Sold,575719.36,2026-07-28,126,0.0,2,No,No,2026-03-24,2026-07-28
UPDATE,2026-07-28T00:00:00,2026-07-28,PT0364880,LST0364880,AG01871,LOC0082,Single Family,1,2.5,3038,4718,1996,207400.0,2023-05-23,Active,,,4,0.0,2,No,No,2023-05-23,2026-07-28
UPDATE,2026-07-28T00:00:00,2026-07-28,PT0069152,LST0069152,AG02093,LOC0006,Single Family,5,2.5,1125,2338,1984,169700.0,2026-03-21,Active,,,10,0.0,1,No,Yes,2026-03-21,2026-07-28
UPDATE,2026-07-28T00:00:00,2026-07-28,PT0138150,LST0138150,AG02653,LOC0192,Single Family,2,3.0,1306,15719,2003,222800.0,2023-04-25,Pending,,,145,0.0,2,No,No,2023-04-25,2026-07-28
UPDATE,2026-07-28T00:00:00,2026-07-28,PT0192574,LST0192574,AG01803,LOC0186,Condo,5,4.5,1511,3233,1943,374500.0,2024-05-06,Pending,,,106,711.0,3,No,No,2024-05-06,2026-07-28
UPDATE,2026-07-28T00:00:00,2026-07-28,PT0267270,LST0267270,AG00424,LOC0109,Single Family,6,1.5,2568,7979,1968,1502700.0,2026-03-27,Pending,,,12,0.0,1,No,No,2026-03-27,2026-07-28
UPDATE,2026-07-28T00:00:00,2026-07-28,PT0249512,LST0249512,AG01647,LOC0050,Apartment,3,4.0,1127,0,2021,126200.0,2025-08-20,Active,,,173,344.0,3,No,No,2025-08-20,2026-07-28
UPDATE,2026-07-28T00:00:00,2026-07-28,PT0524078,LST0524078,AG01549,LOC0082,Single Family,5,3.0,1478,5236,1937,183400.0,2026-07-21,Active,,,0,0.0,3,Yes,Yes,2026-07-21,2026-07-28
UPDATE,2026-07-28T00:00:00,2026-07-28,PT0520446,LST0520446,AG01084,LOC0218,Single Family,2,3.0,1306,1068,1980,384200.0,2026-07-18,Sold,378619.51,2026-07-28,10,0.0,3,No,No,2026-07-18,2026-07-28
UPDATE,2026-07-28T00:00:00,2026-07-28,PT0110976,LST0110976,AG02171,LOC0036,Townhouse,4,4.0,600,1635,1912,233000.0,2025-06-28,Pending,,,79,180.0,2,No,No,2025-06-28,2026-07-28
UPDATE,2026-07-28T00:00:00,2026-07-28,PT0500238,LST0500238,AG00062,LOC0140,Apartment,1,1.0,653,0,1936,336600.0,2026-07-01,Active,,,0,223.11,0,Yes,No,2026-07-01,2026-07-28
UPDATE,2026-07-28T00:00:00,2026-07-28,PT0468338,LST0468338,AG00529,LOC0040,Condo,1,4.0,2858,1284,1987,551100.0,2023-02-20,Pending,,,31,752.0,2,No,No,2023-02-20,2026-07-28
UPDATE,2026-07-28T00:00:00,2026-07-28,PT0411888,LST0411888,AG00387,LOC0197,Multi-Family,6,4.5,4429,2403,2010,1189900.0,2024-06-11,Active,,,25,0.0,3,No,No,2024-06-11,2026-07-28
UPDATE,2026-07-28T00:00:00,2026-07-28,PT0375053,LST0375053,AG00572,LOC0236,Single Family,3,2.5,1562,3139,1912,210600.0,2023-08-01,Active,,,21,0.0,3,No,Yes,2023-08-01,2026-07-28
UPDATE,2026-07-28T00:00:00,2026-07-28,PT0502746,LST0502746,AG02339,LOC0208,Townhouse,6,1.0,1313,2235,2015,554800.0,2026-07-03,Active,,,0,679.91,2,No,No,2026-07-03,2026-07-28
UPDATE,2026-07-28T00:00:00,2026-07-28,PT0521080,LST0521080,AG02824,LOC0159,Single Family,5,2.0,1558,15289,1931,506000.0,2026-07-19,Active,,,0,0.0,0,No,No,2026-07-19,2026-07-28
UPDATE,2026-07-28T00:00:00,2026-07-28,PT0467271,LST0467271,AG01370,LOC0174,Single Family,4,2.5,970,1342,1900,266500.0,2024-12-27,Sold,266040.29,2026-07-28,578,0.0,0,No,No,2024-12-27,2026-07-28
UPDATE,2026-07-28T00:00:00,2026-07-28,PT0049655,LST0049655,AG01622,LOC0066,Land,0,0.0,8586,1213,1922,1543600.0,2023-04-24,Active,,,94,0.0,0,No,No,2023-04-24,2026-07-28
UPDATE,2026-07-28T00:00:00,2026-07-28,PT0133355,LST0133355,AG00975,LOC0126,Land,0,0.0,3999,6833,2001,440200.0,2023-08-22,Pending,,,80,0.0,0,No,No,2023-08-22,2026-07-28
UPDATE,2026-07-28T00:00:00,2026-07-28,PT0223327,LST0223327,AG01380,LOC0249,Single Family,4,1.5,1832,1390,1968,635100.0,2024-08-27,Sold,623698.55,2026-07-28,700,0.0,1,No,Yes,2024-08-27,2026-07-28
UPDATE,2026-07-28T00:00:00,2026-07-28,PT0492602,LST0492602,AG00138,LOC0015,Single Family,5,2.0,1648,2911,2013,179600.0,2026-02-19,Active,,,162,0.0,2,No,Yes,2026-02-19,2026-07-28
UPDATE,2026-07-28T00:00:00,2026-07-28,PT0196216,LST0196216,AG00428,LOC0198,Townhouse,6,2.0,2940,5256,2001,249500.0,2023-02-26,Active,,,151,431.0,0,No,No,2023-02-26,2026-07-28
UPDATE,2026-07-28T00:00:00,2026-07-28,PT0053438,LST0053438,AG02944,LOC0077,Single Family,4,4.5,569,3814,1999,164200.0,2023-07-08,Sold,161082.41,2026-07-28,1116,0.0,1,No,Yes,2023-07-08,2026-07-28
UPDATE,2026-07-28T00:00:00,2026-07-28,PT0393653,LST0393653,AG02047,LOC0042,Land,0,0.0,6580,3709,2005,2529600.0,2025-08-08,Active,,,59,0.0,0,No,No,2025-08-08,2026-07-28
UPDATE,2026-07-28T00:00:00,2026-07-28,PT0142958,LST0142958,AG02275,LOC0125,Apartment,3,2.5,1688,0,1930,476000.0,2025-05-17,Pending,,,85,518.0,0,No,No,2025-05-17,2026-07-28
UPDATE,2026-07-28T00:00:00,2026-07-28,PT0427139,LST0427139,AG01765,LOC0053,Single Family,6,2.5,1268,3477,2017,439400.0,2024-11-07,Sold,445044.8,2026-07-28,628,0.0,2,Yes,Yes,2024-11-07,2026-07-28
UPDATE,2026-07-28T00:00:00,2026-07-28,PT0377451,LST0377451,AG02533,LOC0101,Single Family,1,1.5,1727,2540,1902,483300.0,2024-01-18,Sold,457135.65,2026-07-28,922,0.0,0,No,No,2024-01-18,2026-07-28
UPDATE,2026-07-28T00:00:00,2026-07-28,PT0494669,LST0494669,AG02374,LOC0190,Land,0,0.0,3995,1230,1973,1102700.0,2024-07-30,Pending,,,59,0.0,0,No,No,2024-07-30,2026-07-28
UPDATE,2026-07-28T00:00:00,2026-07-28,PT0528686,LST0528686,AG00134,LOC0212,Single Family,3,4.0,2192,4985,1998,561800.0,2026-07-25,Pending,,,0,0.0,0,No,Yes,2026-07-25,2026-07-28
UPDATE,2026-07-28T00:00:00,2026-07-28,PT0198131,LST0198131,AG01509,LOC0006,Single Family,2,2.5,2701,3976,1969,296700.0,2023-09-06,Active,,,170,0.0,3,No,Yes,2023-09-06,2026-07-28
UPDATE,2026-07-28T00:00:00,2026-07-28,PT0521348,LST0521348,AG00366,LOC0116,Townhouse,1,2.5,1571,6077,1931,533300.0,2026-07-19,Active,,,0,340.97,1,No,No,2026-07-19,2026-07-28
UPDATE,2026-07-28T00:00:00,2026-07-28,PT0509078,LST0509078,AG00715,LOC0025,Single Family,3,3.0,1772,7502,1905,418400.0,2026-07-08,Sold,404946.87,2026-07-28,20,0.0,3,Yes,Yes,2026-07-08,2026-07-28
UPDATE,2026-07-28T00:00:00,2026-07-28,PT0134558,LST0134558,AG02343,LOC0158,Townhouse,2,1.0,848,3414,1930,384300.0,2024-01-19,Active,,,164,779.0,3,No,No,2024-01-19,2026-07-28
UPDATE,2026-07-28T00:00:00,2026-07-28,PT0527019,LST0527019,AG00329,LOC0247,Multi-Family,6,2.5,1572,4935,1921,215700.0,2026-07-24,Pending,,,0,0.0,3,No,No,2026-07-24,2026-07-28
UPDATE,2026-07-28T00:00:00,2026-07-28,PT0313795,LST0313795,AG02809,LOC0103,Condo,3,1.5,2116,1143,2016,234000.0,2025-07-02,Active,,,58,507.0,3,No,No,2025-07-02,2026-07-28
UPDATE,2026-07-28T00:00:00,2026-07-28,PT0403594,LST0403594,AG00296,LOC0220,Single Family,1,3.0,2353,14602,2020,812100.0,2024-08-07,Pending,,,91,0.0,1,No,No,2024-08-07,2026-07-28
UPDATE,2026-07-28T00:00:00,2026-07-28,PT0044609,LST0044609,AG02428,LOC0010,Multi-Family,3,2.5,2148,4158,1948,727300.0,2025-09-04,Active,,,146,0.0,1,No,No,2025-09-04,2026-07-28
UPDATE,2026-07-28T00:00:00,2026-07-28,PT0289642,LST0289642,AG01348,LOC0206,Condo,3,4.0,2157,2017,1940,928000.0,2026-03-28,Pending,,,72,484.0,3,No,No,2026-03-28,2026-07-28
UPDATE,2026-07-28T00:00:00,2026-07-28,PT0327817,LST0327817,AG01584,LOC0166,Condo,3,2.0,1377,7516,1943,775100.0,2023-01-02,Sold,756053.63,2026-07-28,1303,114.0,2,No,No,2023-01-02,2026-07-28
UPDATE,2026-07-28T00:00:00,2026-07-28,PT0500479,LST0500479,AG01274,LOC0005,Condo,2,3.5,2584,1102,1965,659800.0,2026-07-01,Sold,645960.79,2026-07-28,27,302.07,0,No,No,2026-07-01,2026-07-28
UPDATE,2026-07-28T00:00:00,2026-07-28,PT0219739,LST0219739,AG01022,LOC0040,Townhouse,6,1.5,908,8378,1945,249700.0,2024-10-18,Sold,237956.82,2026-07-28,648,330.0,1,No,No,2024-10-18,2026-07-28
UPDATE,2026-07-28T00:00:00,2026-07-28,PT0390795,LST0390795,AG02906,LOC0106,Condo,3,3.0,2730,2988,2002,979000.0,2023-09-24,Sold,971032.71,2026-07-28,1038,208.0,2,No,No,2023-09-24,2026-07-28
UPDATE,2026-07-28T00:00:00,2026-07-28,PT0390852,LST0390852,AG00823,LOC0208,Apartment,6,1.0,749,0,1989,295400.0,2023-08-22,Pending,,,153,179.0,3,Yes,No,2023-08-22,2026-07-28
UPDATE,2026-07-28T00:00:00,2026-07-28,PT0288754,LST0288754,AG02920,LOC0113,Townhouse,4,1.0,1231,2969,1974,326100.0,2023-03-23,Active,,,84,383.0,2,No,No,2023-03-23,2026-07-28
UPDATE,2026-07-28T00:00:00,2026-07-28,PT0333662,LST0333662,AG00336,LOC0064,Townhouse,2,3.5,2276,2146,1978,449500.0,2024-10-12,Sold,456475.41,2026-07-28,654,665.0,1,No,No,2024-10-12,2026-07-28
UPDATE,2026-07-28T00:00:00,2026-07-28,PT0002883,LST0002883,AG01270,LOC0042,Single Family,1,1.5,1797,4993,1951,570000.0,2026-05-10,Pending,,,57,0.0,1,No,Yes,2026-05-10,2026-07-28
UPDATE,2026-07-28T00:00:00,2026-07-28,PT0514713,LST0514713,AG01915,LOC0013,Condo,3,4.5,1679,8855,1917,278200.0,2026-07-13,Sold,282288.26,2026-07-28,15,642.15,0,No,No,2026-07-13,2026-07-28
UPDATE,2026-07-28T00:00:00,2026-07-28,PT0105541,LST0105541,AG00868,LOC0065,Single Family,4,4.0,1536,1066,1939,368000.0,2023-03-23,Sold,336373.63,2026-07-28,1223,0.0,1,No,Yes,2023-03-23,2026-07-28
UPDATE,2026-07-28T00:00:00,2026-07-28,PT0492193,LST0492193,AG01910,LOC0072,Single Family,6,3.0,1721,2171,1907,163400.0,2026-05-03,Sold,158441.92,2026-07-28,86,0.0,1,No,Yes,2026-05-03,2026-07-28
UPDATE,2026-07-28T00:00:00,2026-07-28,PT0391606,LST0391606,AG02658,LOC0209,Single Family,1,4.0,2363,6886,1989,629500.0,2024-09-25,Pending,,,137,0.0,1,No,No,2024-09-25,2026-07-28
UPDATE,2026-07-28T00:00:00,2026-07-28,PT0508810,LST0508810,AG00534,LOC0205,Land,0,0.0,5637,1788,1959,352500.0,2026-07-08,Active,,,0,0.0,0,No,No,2026-07-08,2026-07-28
UPDATE,2026-07-28T00:00:00,2026-07-28,PT0006506,LST0006506,AG00133,LOC0022,Single Family,6,1.0,1208,3030,2021,553700.0,2023-11-19,Sold,539517.37,2026-07-28,982,0.0,3,No,Yes,2023-11-19,2026-07-28
UPDATE,2026-07-28T00:00:00,2026-07-28,PT0495446,LST0495446,AG02123,LOC0206,Land,0,0.0,900,5646,2009,301500.0,2026-04-04,Sold,301831.29,2026-07-28,115,0.0,0,No,No,2026-04-04,2026-07-28
UPDATE,2026-07-28T00:00:00,2026-07-28,PT0329599,LST0329599,AG02373,LOC0170,Condo,4,3.5,688,1040,1949,60100.0,2025-09-18,Active,,,64,701.0,2,Yes,No,2025-09-18,2026-07-28
UPDATE,2026-07-28T00:00:00,2026-07-28,PT0186325,LST0186325,AG00738,LOC0125,Multi-Family,3,4.5,4732,1004,1943,1564700.0,2024-09-30,Active,,,21,0.0,2,No,Yes,2024-09-30,2026-07-28
UPDATE,2026-07-28T00:00:00,2026-07-28,PT0531871,LST0531871,AG00189,LOC0088,Condo,6,1.0,1965,4359,1993,249400.0,2026-07-28,Pending,,,0,530.24,1,No,No,2026-07-28,2026-07-28
UPDATE,2026-07-28T00:00:00,2026-07-28,PT0510610,LST0510610,AG02186,LOC0021,Condo,1,2.0,2625,5443,2009,240600.0,2026-07-09,Active,,,0,667.13,1,No,No,2026-07-09,2026-07-28
UPDATE,2026-07-28T00:00:00,2026-07-28,PT0021734,LST0021734,AG02253,LOC0079,Single Family,3,4.0,1789,2513,1974,350400.0,2024-08-23,Pending,,,95,0.0,1,No,No,2024-08-23,2026-07-28
UPDATE,2026-07-28T00:00:00,2026-07-28,PT0509468,LST0509468,AG01432,LOC0202,Single Family,2,4.0,1073,2367,1907,290400.0,2026-07-08,Active,,,0,0.0,2,No,No,2026-07-08,2026-07-28
UPDATE,2026-07-28T00:00:00,2026-07-28,PT0040896,LST0040896,AG02978,LOC0087,Condo,5,3.0,2484,13181,1967,409100.0,2024-10-01,Pending,,,138,313.0,2,No,No,2024-10-01,2026-07-28
UPDATE,2026-07-28T00:00:00,2026-07-28,PT0096643,LST0096643,AG00719,LOC0033,Apartment,5,2.5,1293,0,1961,390500.0,2023-12-23,Active,,,124,650.0,2,No,No,2023-12-23,2026-07-28
UPDATE,2026-07-28T00:00:00,2026-07-28,PT0371614,LST0371614,AG01543,LOC0130,Single Family,5,4.0,1110,3039,1982,314800.0,2024-08-14,Pending,,,57,0.0,2,Yes,No,2024-08-14,2026-07-28
UPDATE,2026-07-28T00:00:00,2026-07-28,PT0494019,LST0494019,AG02708,LOC0169,Multi-Family,2,2.5,3821,3029,1996,1470300.0,2023-02-15,Pending,,,122,0.0,0,No,No,2023-02-15,2026-07-28
UPDATE,2026-07-28T00:00:00,2026-07-28,PT0311413,LST0311413,AG00682,LOC0016,Land,0,0.0,5637,7639,1991,1776200.0,2025-08-23,Sold,1729449.39,2026-07-28,339,0.0,0,No,No,2025-08-23,2026-07-28
UPDATE,2026-07-28T00:00:00,2026-07-28,PT0067945,LST0067945,AG01992,LOC0041,Single Family,4,3.5,3113,7275,1945,799300.0,2023-09-11,Active,,,169,0.0,2,Yes,No,2023-09-11,2026-07-28
UPDATE,2026-07-28T00:00:00,2026-07-28,PT0500146,LST0500146,AG01636,LOC0161,Single Family,1,2.0,2103,3505,1980,935600.0,2026-07-01,Sold,932688.87,2026-07-28,27,0.0,2,No,No,2026-07-01,2026-07-28
UPDATE,2026-07-28T00:00:00,2026-07-28,PT0314905,LST0314905,AG00477,LOC0220,Single Family,5,1.0,1170,5454,1966,603300.0,2026-05-20,Pending,,,142,0.0,0,No,No,2026-05-20,2026-07-28
UPDATE,2026-07-28T00:00:00,2026-07-28,PT0173832,LST0173832,AG01149,LOC0068,Apartment,1,3.0,1327,0,2003,367600.0,2024-07-03,Active,,,84,487.0,0,Yes,No,2024-07-03,2026-07-28
UPDATE,2026-07-28T00:00:00,2026-07-28,PT0033334,LST0033334,AG00561,LOC0006,Single Family,5,3.0,1010,1428,1984,194000.0,2026-02-12,Sold,183795.59,2026-07-28,166,0.0,3,No,No,2026-02-12,2026-07-28
UPDATE,2026-07-28T00:00:00,2026-07-28,PT0122428,LST0122428,AG02157,LOC0094,Land,0,0.0,12673,4382,1940,2836600.0,2024-08-28,Sold,2915316.09,2026-07-28,699,0.0,0,No,No,2024-08-28,2026-07-28
UPDATE,2026-07-28T00:00:00,2026-07-28,PT0225744,LST0225744,AG00604,LOC0016,Apartment,6,2.5,975,0,2010,169700.0,2025-06-13,Active,,,16,527.0,1,No,No,2025-06-13,2026-07-28
UPDATE,2026-07-28T00:00:00,2026-07-28,PT0238082,LST0238082,AG00901,LOC0013,Condo,6,2.0,2513,11227,1983,990200.0,2023-02-25,Active,,,123,324.0,3,No,No,2023-02-25,2026-07-28
UPDATE,2026-07-28T00:00:00,2026-07-28,PT0249387,LST0249387,AG02497,LOC0052,Condo,6,4.5,2854,5843,1951,380400.0,2025-03-23,Active,,,160,608.0,2,No,No,2025-03-23,2026-07-28
UPDATE,2026-07-28T00:00:00,2026-07-28,PT0334819,LST0334819,AG01477,LOC0103,Single Family,1,1.5,1034,2875,1945,125100.0,2024-04-21,Pending,,,1,0.0,2,No,No,2024-04-21,2026-07-28
UPDATE,2026-07-28T00:00:00,2026-07-28,PT0500303,LST0500303,AG02213,LOC0077,Land,0,0.0,5343,2630,2003,1248300.0,2026-07-01,Active,,,0,0.0,0,No,No,2026-07-01,2026-07-28
UPDATE,2026-07-28T00:00:00,2026-07-28,PT0455799,LST0455799,AG02929,LOC0069,Single Family,5,4.0,2897,3036,2005,687000.0,2023-01-08,Pending,,,98,0.0,2,No,Yes,2023-01-08,2026-07-28
UPDATE,2026-07-28T00:00:00,2026-07-28,PT0107441,LST0107441,AG02149,LOC0071,Townhouse,2,1.0,1983,3508,1965,776300.0,2023-10-26,Active,,,178,704.0,2,No,No,2023-10-26,2026-07-28
UPDATE,2026-07-28T00:00:00,2026-07-28,PT0143587,LST0143587,AG02095,LOC0031,Townhouse,3,2.5,1257,2675,1971,452700.0,2023-01-15,Active,,,4,261.0,1,Yes,No,2023-01-15,2026-07-28
UPDATE,2026-07-28T00:00:00,2026-07-28,PT0398057,LST0398057,AG02515,LOC0011,Single Family,4,1.0,1758,2705,1960,680300.0,2025-07-03,Pending,,,79,0.0,0,No,No,2025-07-03,2026-07-28
UPDATE,2026-07-28T00:00:00,2026-07-28,PT0066452,LST0066452,AG00281,LOC0079,Single Family,3,4.0,745,1267,2012,215300.0,2026-05-08,Active,,,9,0.0,1,No,No,2026-05-08,2026-07-28
UPDATE,2026-07-28T00:00:00,2026-07-28,PT0106919,LST0106919,AG02613,LOC0053,Multi-Family,4,4.5,2043,1779,2014,980100.0,2024-03-24,Active,,,73,0.0,0,No,No,2024-03-24,2026-07-28
UPDATE,2026-07-28T00:00:00,2026-07-28,PT0094494,LST0094494,AG02910,LOC0071,Condo,6,2.5,2063,8210,1963,798400.0,2025-03-24,Active,,,169,312.0,3,Yes,No,2025-03-24,2026-07-28
UPDATE,2026-07-28T00:00:00,2026-07-28,PT0467108,LST0467108,AG00254,LOC0089,Townhouse,3,2.5,1396,1998,1907,511100.0,2023-04-10,Pending,,,126,630.0,2,No,No,2023-04-10,2026-07-28
UPDATE,2026-07-28T00:00:00,2026-07-28,PT0462017,LST0462017,AG01154,LOC0125,Condo,4,3.0,2391,2741,1947,813100.0,2025-02-03,Sold,771500.6,2026-07-28,540,196.0,3,Yes,No,2025-02-03,2026-07-28
UPDATE,2026-07-28T00:00:00,2026-07-28,PT0321228,LST0321228,AG01077,LOC0153,Multi-Family,6,2.5,3257,1920,1965,1302700.0,2023-08-09,Pending,,,106,0.0,3,No,No,2023-08-09,2026-07-28
UPDATE,2026-07-28T00:00:00,2026-07-28,PT0309018,LST0309018,AG02619,LOC0120,Multi-Family,3,2.0,1105,4390,1973,411700.0,2023-07-11,Sold,402681.82,2026-07-28,1113,0.0,3,No,Yes,2023-07-11,2026-07-28
UPDATE,2026-07-28T00:00:00,2026-07-28,PT0361780,LST0361780,AG00169,LOC0212,Single Family,4,3.5,3048,1362,1969,1053300.0,2024-12-13,Sold,1126615.55,2026-07-28,592,0.0,3,No,No,2024-12-13,2026-07-28
UPDATE,2026-07-28T00:00:00,2026-07-28,PT0403582,LST0403582,AG00441,LOC0195,Apartment,2,2.0,1172,0,2007,490400.0,2024-03-07,Active,,,149,697.0,3,No,No,2024-03-07,2026-07-28
UPDATE,2026-07-28T00:00:00,2026-07-28,PT0406617,LST0406617,AG02476,LOC0168,Condo,2,1.0,2206,3523,1973,1288400.0,2025-05-26,Pending,,,127,363.0,3,No,No,2025-05-26,2026-07-28
UPDATE,2026-07-28T00:00:00,2026-07-28,PT0509053,LST0509053,AG02341,LOC0189,Multi-Family,3,4.5,3080,1605,2004,987300.0,2026-07-08,Active,,,0,0.0,3,No,No,2026-07-08,2026-07-28
UPDATE,2026-07-28T00:00:00,2026-07-28,PT0096966,LST0096966,AG02299,LOC0085,Land,0,0.0,8137,4541,1947,1793200.0,2025-06-09,Pending,,,147,0.0,0,No,No,2025-06-09,2026-07-28
UPDATE,2026-07-28T00:00:00,2026-07-28,PT0171234,LST0171234,AG01941,LOC0078,Condo,4,1.0,1546,1845,1937,764500.0,2025-11-28,Pending,,,8,330.0,0,No,No,2025-11-28,2026-07-28
UPDATE,2026-07-28T00:00:00,2026-07-28,PT0247885,LST0247885,AG01982,LOC0092,Single Family,4,2.0,2639,7551,1938,535200.0,2023-05-27,Pending,,,30,0.0,0,No,Yes,2023-05-27,2026-07-28
UPDATE,2026-07-28T00:00:00,2026-07-28,PT0061607,LST0061607,AG02113,LOC0088,Single Family,3,4.5,2195,1199,1911,185900.0,2026-05-24,Pending,,,86,0.0,2,No,No,2026-05-24,2026-07-28
UPDATE,2026-07-28T00:00:00,2026-07-28,PT0125257,LST0125257,AG00205,LOC0215,Apartment,6,4.0,1170,0,1943,599500.0,2026-04-05,Pending,,,103,795.0,0,No,No,2026-04-05,2026-07-28
UPDATE,2026-07-28T00:00:00,2026-07-28,PT0069161,LST0069161,AG01197,LOC0166,Single Family,2,1.0,715,1717,1947,231800.0,2025-11-30,Pending,,,75,0.0,1,No,No,2025-11-30,2026-07-28
UPDATE,2026-07-28T00:00:00,2026-07-28,PT0124847,LST0124847,AG02412,LOC0095,Single Family,2,2.5,686,4098,1902,244500.0,2024-11-22,Active,,,42,0.0,2,Yes,Yes,2024-11-22,2026-07-28
UPDATE,2026-07-28T00:00:00,2026-07-28,PT0246272,LST0246272,AG01490,LOC0047,Single Family,6,4.5,2219,2891,1924,1126300.0,2024-09-18,Pending,,,176,0.0,1,No,No,2024-09-18,2026-07-28
UPDATE,2026-07-28T00:00:00,2026-07-28,PT0398729,LST0398729,AG00101,LOC0091,Condo,3,3.0,1547,1809,1972,591700.0,2024-10-09,Pending,,,70,797.0,3,No,No,2024-10-09,2026-07-28
UPDATE,2026-07-28T00:00:00,2026-07-28,PT0429607,LST0429607,AG02025,LOC0078,Land,0,0.0,6946,2863,1938,2684300.0,2026-04-08,Pending,,,21,0.0,0,No,No,2026-04-08,2026-07-28
UPDATE,2026-07-28T00:00:00,2026-07-28,PT0435729,LST0435729,AG01212,LOC0206,Land,0,0.0,7817,3081,1978,2002900.0,2024-10-05,Active,,,9,0.0,0,No,No,2024-10-05,2026-07-28
UPDATE,2026-07-28T00:00:00,2026-07-28,PT0423896,LST0423896,AG00933,LOC0039,Condo,6,1.0,878,3574,1960,370600.0,2025-08-22,Pending,,,33,472.0,0,No,No,2025-08-22,2026-07-28
UPDATE,2026-07-28T00:00:00,2026-07-28,PT0115875,LST0115875,AG01561,LOC0175,Condo,6,3.0,300,1105,1986,96800.0,2023-05-14,Pending,,,87,676.0,1,Yes,No,2023-05-14,2026-07-28
UPDATE,2026-07-28T00:00:00,2026-07-28,PT0493306,LST0493306,AG00571,LOC0019,Single Family,4,1.0,477,1633,1990,72700.0,2024-01-15,Active,,,99,0.0,0,No,No,2024-01-15,2026-07-28
UPDATE,2026-07-28T00:00:00,2026-07-28,PT0500019,LST0500019,AG00594,LOC0245,Apartment,2,2.5,642,0,1975,150700.0,2026-07-01,Active,,,0,372.34,3,No,No,2026-07-01,2026-07-28
UPDATE,2026-07-28T00:00:00,2026-07-28,PT0356143,LST0356143,AG00036,LOC0165,Single Family,6,2.0,1293,4716,1943,292600.0,2024-07-19,Active,,,107,0.0,0,No,No,2024-07-19,2026-07-28
UPDATE,2026-07-28T00:00:00,2026-07-28,PT0089418,LST0089418,AG02389,LOC0128,Multi-Family,2,3.5,3733,9033,2015,1158500.0,2025-11-23,Active,,,85,0.0,0,No,Yes,2025-11-23,2026-07-28
UPDATE,2026-07-28T00:00:00,2026-07-28,PT0517468,LST0517468,AG01933,LOC0132,Townhouse,5,3.0,3002,1002,1935,450100.0,2026-07-15,Pending,,,0,587.38,1,No,No,2026-07-15,2026-07-28
UPDATE,2026-07-28T00:00:00,2026-07-28,PT0089877,LST0089877,AG01197,LOC0139,Townhouse,1,1.0,2317,1841,1949,816200.0,2023-12-21,Pending,,,95,395.0,2,Yes,No,2023-12-21,2026-07-28
UPDATE,2026-07-28T00:00:00,2026-07-28,PT0064192,LST0064192,AG02753,LOC0103,Single Family,5,3.5,1655,4224,1968,106900.0,2025-11-11,Sold,108922.44,2026-07-28,259,0.0,0,Yes,Yes,2025-11-11,2026-07-28
UPDATE,2026-07-28T00:00:00,2026-07-28,PT0353707,LST0353707,AG01207,LOC0021,Multi-Family,1,4.5,4561,1762,1960,586200.0,2025-11-07,Pending,,,20,0.0,1,No,No,2025-11-07,2026-07-28
UPDATE,2026-07-28T00:00:00,2026-07-28,PT0100369,LST0100369,AG00301,LOC0145,Single Family,4,1.5,2278,19491,1950,604000.0,2023-03-19,Sold,572307.03,2026-07-28,1227,0.0,3,No,No,2023-03-19,2026-07-28
UPDATE,2026-07-28T00:00:00,2026-07-28,PT0501016,LST0501016,AG01333,LOC0111,Townhouse,5,3.5,1316,1536,1969,191800.0,2026-07-01,Active,,,0,702.25,0,No,No,2026-07-01,2026-07-28
UPDATE,2026-07-28T00:00:00,2026-07-28,PT0357325,LST0357325,AG00351,LOC0073,Single Family,4,4.0,2224,6795,1936,721600.0,2023-11-13,Active,,,38,0.0,3,No,No,2023-11-13,2026-07-28
UPDATE,2026-07-28T00:00:00,2026-07-28,PT0196899,LST0196899,AG01919,LOC0225,Single Family,3,4.5,1258,9274,1991,550900.0,2024-12-30,Active,,,177,0.0,2,No,No,2024-12-30,2026-07-28
UPDATE,2026-07-28T00:00:00,2026-07-28,PT0268641,LST0268641,AG00148,LOC0103,Multi-Family,3,3.5,2092,4553,1902,359500.0,2023-05-20,Pending,,,108,0.0,0,Yes,No,2023-05-20,2026-07-28
UPDATE,2026-07-28T00:00:00,2026-07-28,PT0169867,LST0169867,AG01951,LOC0122,Single Family,2,4.0,2625,2310,1946,914000.0,2025-08-13,Sold,907231.94,2026-07-28,349,0.0,0,No,No,2025-08-13,2026-07-28
UPDATE,2026-07-28T00:00:00,2026-07-28,PT0393724,LST0393724,AG00497,LOC0181,Apartment,1,4.5,834,0,1951,188100.0,2026-01-31,Pending,,,64,768.0,1,Yes,No,2026-01-31,2026-07-28
UPDATE,2026-07-28T00:00:00,2026-07-28,PT0487533,LST0487533,AG02558,LOC0213,Multi-Family,2,1.0,2958,12456,1917,474600.0,2023-12-15,Active,,,53,0.0,1,No,No,2023-12-15,2026-07-28
UPDATE,2026-07-28T00:00:00,2026-07-28,PT0434434,LST0434434,AG02377,LOC0248,Townhouse,3,4.5,3372,1030,1976,767100.0,2025-01-01,Sold,767714.56,2026-07-28,573,409.0,1,No,No,2025-01-01,2026-07-28
UPDATE,2026-07-28T00:00:00,2026-07-28,PT0316464,LST0316464,AG01545,LOC0141,Single Family,3,4.0,611,3194,1932,82300.0,2025-03-25,Active,,,26,0.0,2,No,No,2025-03-25,2026-07-28
UPDATE,2026-07-28T00:00:00,2026-07-28,PT0357866,LST0357866,AG02504,LOC0173,Single Family,5,4.0,2266,5463,1998,1185100.0,2024-03-12,Active,,,117,0.0,1,No,No,2024-03-12,2026-07-28
UPDATE,2026-07-28T00:00:00,2026-07-28,PT0050788,LST0050788,AG00875,LOC0192,Single Family,5,3.0,1497,7463,1916,209600.0,2023-01-24,Active,,,80,0.0,2,No,Yes,2023-01-24,2026-07-28
UPDATE,2026-07-28T00:00:00,2026-07-28,PT0144538,LST0144538,AG00758,LOC0190,Condo,6,2.0,2257,4063,1909,405500.0,2023-10-26,Active,,,82,63.0,0,No,No,2023-10-26,2026-07-28
UPDATE,2026-07-28T00:00:00,2026-07-28,PT0526231,LST0526231,AG01040,LOC0199,Single Family,3,1.5,2549,5657,1960,832900.0,2026-07-23,Active,,,0,0.0,2,Yes,Yes,2026-07-23,2026-07-28
UPDATE,2026-07-28T00:00:00,2026-07-28,PT0503966,LST0503966,AG00975,LOC0053,Single Family,6,4.5,2188,1720,1982,807000.0,2026-07-04,Sold,686061.55,2026-07-28,24,0.0,0,No,Yes,2026-07-04,2026-07-28
UPDATE,2026-07-28T00:00:00,2026-07-28,PT0463811,LST0463811,AG01833,LOC0130,Land,0,0.0,5329,1671,1989,1413200.0,2023-04-20,Active,,,46,0.0,0,No,No,2023-04-20,2026-07-28
UPDATE,2026-07-28T00:00:00,2026-07-28,PT0458916,LST0458916,AG01325,LOC0017,Single Family,5,2.5,448,4669,1983,105500.0,2023-04-19,Active,,,94,0.0,0,Yes,Yes,2023-04-19,2026-07-28
UPDATE,2026-07-28T00:00:00,2026-07-28,PT0012111,LST0012111,AG00692,LOC0101,Multi-Family,1,3.5,4403,1828,1966,1340800.0,2024-12-20,Pending,,,153,0.0,1,No,No,2024-12-20,2026-07-28
UPDATE,2026-07-28T00:00:00,2026-07-28,PT0503411,LST0503411,AG00173,LOC0223,Multi-Family,1,1.0,1531,6316,1991,413600.0,2026-07-03,Active,,,0,0.0,3,No,Yes,2026-07-03,2026-07-28
UPDATE,2026-07-28T00:00:00,2026-07-28,PT0423335,LST0423335,AG00893,LOC0022,Townhouse,2,3.0,2623,1958,1956,700900.0,2025-05-06,Active,,,88,255.0,1,No,No,2025-05-06,2026-07-28
UPDATE,2026-07-28T00:00:00,2026-07-28,PT0447636,LST0447636,AG00627,LOC0082,Single Family,5,4.0,2299,1284,2021,386700.0,2025-08-16,Active,,,177,0.0,2,No,Yes,2025-08-16,2026-07-28
UPDATE,2026-07-28T00:00:00,2026-07-28,PT0276474,LST0276474,AG00872,LOC0012,Apartment,2,1.0,1131,0,1946,365200.0,2025-06-18,Pending,,,56,597.0,2,No,No,2025-06-18,2026-07-28
UPDATE,2026-07-28T00:00:00,2026-07-28,PT0006870,LST0006870,AG00067,LOC0077,Multi-Family,1,2.5,4455,4252,1965,1307600.0,2025-07-05,Pending,,,125,0.0,2,No,No,2025-07-05,2026-07-28
UPDATE,2026-07-28T00:00:00,2026-07-28,PT0049802,LST0049802,AG02188,LOC0231,Apartment,3,1.0,1750,0,1912,187300.0,2023-04-21,Active,,,90,527.0,1,Yes,No,2023-04-21,2026-07-28
UPDATE,2026-07-28T00:00:00,2026-07-28,PT0068089,LST0068089,AG02488,LOC0112,Land,0,0.0,7021,5260,1999,607000.0,2026-04-16,Sold,570505.7,2026-07-28,103,0.0,0,No,No,2026-04-16,2026-07-28
UPDATE,2026-07-28T00:00:00,2026-07-28,PT0441520,LST0441520,AG02147,LOC0202,Condo,6,1.0,1086,3943,1921,225100.0,2023-10-13,Pending,,,42,246.0,0,No,No,2023-10-13,2026-07-28
UPDATE,2026-07-28T00:00:00,2026-07-28,PT0190037,LST0190037,AG01888,LOC0083,Single Family,6,4.5,2170,3091,1970,544500.0,2023-12-22,Pending,,,156,0.0,1,No,No,2023-12-22,2026-07-28
UPDATE,2026-07-28T00:00:00,2026-07-28,PT0340566,LST0340566,AG02110,LOC0186,Single Family,6,1.0,2391,3150,2014,1107600.0,2023-06-05,Active,,,94,0.0,1,No,No,2023-06-05,2026-07-28
UPDATE,2026-07-28T00:00:00,2026-07-28,PT0025044,LST0025044,AG01364,LOC0186,Single Family,2,1.5,1466,3261,1995,280100.0,2025-04-25,Sold,285425.98,2026-07-28,459,0.0,1,No,No,2025-04-25,2026-07-28
UPDATE,2026-07-28T00:00:00,2026-07-28,PT0428515,LST0428515,AG01798,LOC0074,Land,0,0.0,1125,12039,1993,516900.0,2025-12-02,Active,,,150,0.0,0,No,No,2025-12-02,2026-07-28
UPDATE,2026-07-28T00:00:00,2026-07-28,PT0525575,LST0525575,AG02989,LOC0164,Condo,1,4.5,503,13282,1983,116900.0,2026-07-23,Pending,,,0,490.01,3,No,No,2026-07-23,2026-07-28
UPDATE,2026-07-28T00:00:00,2026-07-28,PT0150801,LST0150801,AG00994,LOC0017,Single Family,5,3.0,1387,1622,2005,460500.0,2024-04-04,Pending,,,103,0.0,3,Yes,No,2024-04-04,2026-07-28
UPDATE,2026-07-28T00:00:00,2026-07-28,PT0467568,LST0467568,AG01444,LOC0030,Townhouse,3,1.5,1910,8728,2005,688100.0,2026-06-19,Pending,,,71,654.0,2,Yes,No,2026-06-19,2026-07-28
UPDATE,2026-07-28T00:00:00,2026-07-28,PT0326126,LST0326126,AG01384,LOC0156,Apartment,3,4.0,1075,0,1995,291100.0,2025-05-19,Pending,,,154,105.0,2,No,No,2025-05-19,2026-07-28
UPDATE,2026-07-28T00:00:00,2026-07-28,PT0073263,LST0073263,AG00997,LOC0153,Townhouse,5,1.5,1330,2143,1919,380100.0,2025-06-15,Active,,,60,735.0,0,Yes,No,2025-06-15,2026-07-28
UPDATE,2026-07-28T00:00:00,2026-07-28,PT0439761,LST0439761,AG00656,LOC0121,Single Family,2,1.0,1967,1319,1928,419700.0,2023-11-26,Pending,,,159,0.0,1,Yes,No,2023-11-26,2026-07-28
UPDATE,2026-07-28T00:00:00,2026-07-28,PT0183195,LST0183195,AG01012,LOC0161,Single Family,6,3.0,2532,1210,1902,867800.0,2024-11-15,Active,,,72,0.0,3,No,Yes,2024-11-15,2026-07-28
UPDATE,2026-07-28T00:00:00,2026-07-28,PT0503584,LST0503584,AG02178,LOC0083,Single Family,6,2.0,2951,10421,1993,1317700.0,2026-07-03,Active,,,0,0.0,2,No,Yes,2026-07-03,2026-07-28
UPDATE,2026-07-28T00:00:00,2026-07-28,PT0178307,LST0178307,AG01998,LOC0210,Townhouse,5,1.5,1587,2722,2020,1198700.0,2024-03-10,Active,,,110,68.0,2,No,No,2024-03-10,2026-07-28
UPDATE,2026-07-28T00:00:00,2026-07-28,PT0247278,LST0247278,AG02636,LOC0030,Apartment,2,4.0,883,0,1948,298600.0,2023-07-23,Pending,,,103,263.0,2,No,No,2023-07-23,2026-07-28
UPDATE,2026-07-28T00:00:00,2026-07-28,PT0170437,LST0170437,AG02651,LOC0212,Single Family,6,3.0,1819,1627,2024,851700.0,2023-11-28,Pending,,,165,0.0,3,No,Yes,2023-11-28,2026-07-28
UPDATE,2026-07-28T00:00:00,2026-07-28,PT0357695,LST0357695,AG01614,LOC0165,Single Family,4,2.0,2956,1038,1908,1092100.0,2025-05-21,Sold,980249.23,2026-07-28,433,0.0,3,No,No,2025-05-21,2026-07-28
UPDATE,2026-07-28T00:00:00,2026-07-28,PT0221354,LST0221354,AG00444,LOC0082,Condo,6,1.5,627,2993,1985,61500.0,2023-11-15,Active,,,43,409.0,0,Yes,No,2023-11-15,2026-07-28
UPDATE,2026-07-28T00:00:00,2026-07-28,PT0502975,LST0502975,AG01168,LOC0124,Single Family,3,1.5,300,7912,1947,163100.0,2026-07-03,Active,,,0,0.0,3,Yes,No,2026-07-03,2026-07-28
UPDATE,2026-07-28T00:00:00,2026-07-28,PT0358601,LST0358601,AG02061,LOC0136,Single Family,3,2.0,2542,2419,1903,722600.0,2024-12-13,Pending,,,144,0.0,3,No,No,2024-12-13,2026-07-28
UPDATE,2026-07-28T00:00:00,2026-07-28,PT0055697,LST0055697,AG00342,LOC0048,Townhouse,4,2.5,1806,4307,2002,304500.0,2025-10-17,Sold,259277.58,2026-07-28,284,97.0,3,No,No,2025-10-17,2026-07-28
UPDATE,2026-07-28T00:00:00,2026-07-28,PT0302461,LST0302461,AG00343,LOC0028,Condo,6,1.0,2951,1486,1974,273700.0,2025-06-29,Pending,,,60,234.0,1,Yes,No,2025-06-29,2026-07-28
UPDATE,2026-07-28T00:00:00,2026-07-28,PT0202070,LST0202070,AG01449,LOC0118,Townhouse,2,2.5,2925,2493,1988,345600.0,2023-11-20,Active,,,9,758.0,1,No,No,2023-11-20,2026-07-28
UPDATE,2026-07-28T00:00:00,2026-07-28,PT0265709,LST0265709,AG00186,LOC0078,Single Family,3,2.5,2706,1922,1910,1277500.0,2024-07-13,Pending,,,124,0.0,3,No,No,2024-07-13,2026-07-28
UPDATE,2026-07-28T00:00:00,2026-07-28,PT0180611,LST0180611,AG02624,LOC0237,Land,0,0.0,7909,7661,2018,1675800.0,2025-01-12,Active,,,64,0.0,0,No,No,2025-01-12,2026-07-28
UPDATE,2026-07-28T00:00:00,2026-07-28,PT0202582,LST0202582,AG00329,LOC0250,Single Family,6,4.5,779,4183,1936,170200.0,2025-06-15,Active,,,168,0.0,0,No,Yes,2025-06-15,2026-07-28
UPDATE,2026-07-28T00:00:00,2026-07-28,PT0007797,LST0007797,AG00878,LOC0197,Townhouse,3,4.5,1024,1217,1993,278100.0,2024-05-16,Pending,,,42,120.0,1,No,No,2024-05-16,2026-07-28
UPDATE,2026-07-28T00:00:00,2026-07-28,PT0522165,LST0522165,AG02359,LOC0227,Single Family,5,3.5,2272,1332,1976,343800.0,2026-07-20,Active,,,0,0.0,1,No,Yes,2026-07-20,2026-07-28
UPDATE,2026-07-28T00:00:00,2026-07-28,PT0383381,LST0383381,AG00012,LOC0036,Single Family,5,1.5,3282,25567,1917,1121100.0,2025-02-06,Active,,,129,0.0,2,No,No,2025-02-06,2026-07-28
UPDATE,2026-07-28T00:00:00,2026-07-28,PT0021330,LST0021330,AG02478,LOC0035,Multi-Family,2,4.0,3335,3392,1915,592300.0,2023-02-07,Active,,,27,0.0,0,No,No,2023-02-07,2026-07-28
UPDATE,2026-07-28T00:00:00,2026-07-28,PT0183915,LST0183915,AG01804,LOC0038,Land,0,0.0,5723,5322,1916,2145400.0,2025-01-05,Sold,2004189.31,2026-07-28,569,0.0,0,No,No,2025-01-05,2026-07-28
UPDATE,2026-07-28T00:00:00,2026-07-28,PT0460335,LST0460335,AG01424,LOC0123,Single Family,1,1.0,1527,1769,1997,410900.0,2024-06-04,Pending,,,24,0.0,1,No,Yes,2024-06-04,2026-07-28
UPDATE,2026-07-28T00:00:00,2026-07-28,PT0317275,LST0317275,AG02276,LOC0207,Townhouse,1,2.0,802,3439,1909,29100.0,2025-08-19,Active,,,43,122.0,0,No,No,2025-08-19,2026-07-28
UPDATE,2026-07-28T00:00:00,2026-07-28,PT0007084,LST0007084,AG00588,LOC0012,Single Family,2,2.0,1544,8676,1978,690400.0,2023-02-15,Sold,668799.02,2026-07-28,1259,0.0,3,No,Yes,2023-02-15,2026-07-28
UPDATE,2026-07-28T00:00:00,2026-07-28,PT0291149,LST0291149,AG02259,LOC0116,Land,0,0.0,4273,1043,1930,1683200.0,2026-01-09,Pending,,,163,0.0,0,No,No,2026-01-09,2026-07-28
UPDATE,2026-07-28T00:00:00,2026-07-28,PT0311310,LST0311310,AG02780,LOC0088,Single Family,3,3.5,1354,1219,1920,264300.0,2025-10-30,Active,,,109,0.0,3,No,Yes,2025-10-30,2026-07-28
UPDATE,2026-07-28T00:00:00,2026-07-28,PT0532019,LST0532019,AG02085,LOC0174,Land,0,0.0,2788,1130,1908,926100.0,2026-07-28,Active,,,0,0.0,0,No,No,2026-07-28,2026-07-28
UPDATE,2026-07-28T00:00:00,2026-07-28,PT0527192,LST0527192,AG01184,LOC0078,Single Family,6,2.0,1611,3476,1998,148200.0,2026-07-24,Active,,,0,0.0,1,No,No,2026-07-24,2026-07-28
UPDATE,2026-07-28T00:00:00,2026-07-28,PT0100885,LST0100885,AG00177,LOC0202,Single Family,5,2.5,1206,4677,1926,195600.0,2023-11-26,Active,,,128,0.0,1,No,No,2023-11-26,2026-07-28
UPDATE,2026-07-28T00:00:00,2026-07-28,PT0107927,LST0107927,AG01807,LOC0123,Apartment,2,2.0,1198,0,1953,448800.0,2024-03-24,Active,,,40,107.0,1,No,No,2024-03-24,2026-07-28
UPDATE,2026-07-28T00:00:00,2026-07-28,PT0221585,LST0221585,AG01766,LOC0018,Single Family,5,2.5,561,10933,2007,231400.0,2023-01-19,Pending,,,58,0.0,0,No,No,2023-01-19,2026-07-28
UPDATE,2026-07-28T00:00:00,2026-07-28,PT0217894,LST0217894,AG02533,LOC0073,Single Family,4,2.5,1241,1393,1923,499100.0,2025-09-07,Active,,,100,0.0,0,No,Yes,2025-09-07,2026-07-28
UPDATE,2026-07-28T00:00:00,2026-07-28,PT0165326,LST0165326,AG02328,LOC0174,Condo,5,3.5,1382,1605,1944,267500.0,2024-04-05,Pending,,,48,736.0,2,No,No,2024-04-05,2026-07-28
UPDATE,2026-07-28T00:00:00,2026-07-28,PT0257422,LST0257422,AG01165,LOC0007,Condo,2,2.0,1431,3459,2014,474800.0,2025-09-26,Sold,442694.3,2026-07-28,305,638.0,3,No,No,2025-09-26,2026-07-28
UPDATE,2026-07-28T00:00:00,2026-07-28,PT0120010,LST0120010,AG01950,LOC0129,Single Family,1,4.0,2916,2346,1950,478100.0,2023-01-28,Sold,503174.61,2026-07-28,1277,0.0,3,No,No,2023-01-28,2026-07-28
UPDATE,2026-07-28T00:00:00,2026-07-28,PT0070414,LST0070414,AG01456,LOC0205,Townhouse,5,4.0,834,3160,1963,152100.0,2025-07-30,Active,,,157,348.0,3,No,No,2025-07-30,2026-07-28
UPDATE,2026-07-28T00:00:00,2026-07-28,PT0465461,LST0465461,AG02646,LOC0227,Condo,2,2.0,1657,7809,1992,597100.0,2025-07-09,Active,,,149,212.0,0,No,No,2025-07-09,2026-07-28
UPDATE,2026-07-28T00:00:00,2026-07-28,PT0483188,LST0483188,AG02585,LOC0097,Condo,6,1.5,2027,1156,1973,590100.0,2025-09-08,Active,,,9,290.0,0,No,No,2025-09-08,2026-07-28
UPDATE,2026-07-28T00:00:00,2026-07-28,PT0266369,LST0266369,AG02787,LOC0176,Single Family,5,4.0,940,17902,1987,269900.0,2025-01-20,Pending,,,48,0.0,1,No,Yes,2025-01-20,2026-07-28
UPDATE,2026-07-28T00:00:00,2026-07-28,PT0216921,LST0216921,AG01755,LOC0173,Single Family,6,1.5,1062,1824,1923,85100.0,2025-11-21,Pending,,,176,0.0,1,No,No,2025-11-21,2026-07-28
UPDATE,2026-07-28T00:00:00,2026-07-28,PT0532317,LST0532317,AG02634,LOC0232,Single Family,2,3.5,2254,3217,1955,433100.0,2026-07-28,Active,,,0,0.0,0,No,Yes,2026-07-28,2026-07-28
UPDATE,2026-07-28T00:00:00,2026-07-28,PT0282159,LST0282159,AG00121,LOC0100,Condo,5,1.0,2313,1806,1969,427700.0,2025-03-04,Pending,,,42,577.0,1,No,No,2025-03-04,2026-07-28
UPDATE,2026-07-28T00:00:00,2026-07-28,PT0068358,LST0068358,AG02305,LOC0167,Single Family,2,1.0,2196,5229,1943,912600.0,2026-03-06,Pending,,,173,0.0,0,Yes,Yes,2026-03-06,2026-07-28
UPDATE,2026-07-28T00:00:00,2026-07-28,PT0222243,LST0222243,AG02015,LOC0196,Condo,4,1.0,704,1629,1976,284000.0,2024-04-18,Pending,,,73,693.0,1,Yes,No,2024-04-18,2026-07-28
UPDATE,2026-07-28T00:00:00,2026-07-28,PT0442476,LST0442476,AG00520,LOC0182,Townhouse,6,3.0,1744,1791,1908,461200.0,2024-04-22,Active,,,80,367.0,3,No,No,2024-04-22,2026-07-28
UPDATE,2026-07-28T00:00:00,2026-07-28,PT0202766,LST0202766,AG01772,LOC0057,Apartment,5,2.5,1354,0,1982,419500.0,2024-06-04,Pending,,,38,339.0,0,Yes,No,2024-06-04,2026-07-28
UPDATE,2026-07-28T00:00:00,2026-07-28,PT0051353,LST0051353,AG00481,LOC0232,Single Family,4,4.5,1751,1315,1936,377700.0,2025-05-26,Pending,,,64,0.0,3,Yes,No,2025-05-26,2026-07-28
UPDATE,2026-07-28T00:00:00,2026-07-28,PT0100341,LST0100341,AG01416,LOC0195,Apartment,2,4.0,272,0,1946,78300.0,2023-04-15,Sold,74537.93,2026-07-28,1200,92.0,0,Yes,No,2023-04-15,2026-07-28
UPDATE,2026-07-28T00:00:00,2026-07-28,PT0279755,LST0279755,AG00101,LOC0160,Single Family,4,2.5,1471,3409,2012,301500.0,2023-05-09,Active,,,58,0.0,0,No,Yes,2023-05-09,2026-07-28
UPDATE,2026-07-28T00:00:00,2026-07-28,PT0039156,LST0039156,AG01311,LOC0164,Townhouse,1,2.0,2250,8272,1955,355000.0,2024-05-29,Pending,,,89,269.0,0,No,No,2024-05-29,2026-07-28
UPDATE,2026-07-28T00:00:00,2026-07-28,PT0112960,LST0112960,AG01098,LOC0007,Single Family,1,1.0,2193,1152,1983,725400.0,2024-02-12,Pending,,,23,0.0,0,Yes,No,2024-02-12,2026-07-28
UPDATE,2026-07-28T00:00:00,2026-07-28,PT0501185,LST0501185,AG00048,LOC0042,Single Family,6,2.5,1258,9364,2012,533300.0,2026-07-01,Pending,,,0,0.0,0,Yes,Yes,2026-07-01,2026-07-28
UPDATE,2026-07-28T00:00:00,2026-07-28,PT0477919,LST0477919,AG00502,LOC0193,Condo,4,1.5,1213,2626,2022,411900.0,2023-03-12,Active,,,169,387.0,1,No,No,2023-03-12,2026-07-28
UPDATE,2026-07-28T00:00:00,2026-07-28,PT0510143,LST0510143,AG02168,LOC0205,Single Family,4,4.5,2596,3577,2023,902200.0,2026-07-09,Sold,918674.78,2026-07-28,19,0.0,0,Yes,No,2026-07-09,2026-07-28
UPDATE,2026-07-28T00:00:00,2026-07-28,PT0077821,LST0077821,AG01922,LOC0110,Single Family,6,2.0,1362,3330,1906,336400.0,2024-09-01,Sold,343074.36,2026-07-28,695,0.0,1,No,No,2024-09-01,2026-07-28
UPDATE,2026-07-28T00:00:00,2026-07-28,PT0100303,LST0100303,AG00582,LOC0091,Single Family,3,2.0,1511,6131,1945,489600.0,2026-01-22,Sold,458826.48,2026-07-28,187,0.0,3,Yes,Yes,2026-01-22,2026-07-28
UPDATE,2026-07-28T00:00:00,2026-07-28,PT0307931,LST0307931,AG00754,LOC0068,Condo,4,4.5,1246,2954,1995,353600.0,2023-04-03,Pending,,,4,521.0,2,No,No,2023-04-03,2026-07-28
UPDATE,2026-07-28T00:00:00,2026-07-28,PT0198190,LST0198190,AG01018,LOC0095,Single Family,1,4.5,2971,1224,1964,675500.0,2025-10-09,Pending,,,178,0.0,0,No,Yes,2025-10-09,2026-07-28
UPDATE,2026-07-28T00:00:00,2026-07-28,PT0528120,LST0528120,AG00359,LOC0130,Condo,2,2.0,1463,1675,1972,423700.0,2026-07-25,Active,,,0,583.68,2,No,No,2026-07-25,2026-07-28
UPDATE,2026-07-28T00:00:00,2026-07-28,PT0444411,LST0444411,AG00121,LOC0170,Single Family,5,1.5,704,4614,1919,171600.0,2024-05-23,Pending,,,133,0.0,3,No,Yes,2024-05-23,2026-07-28
UPDATE,2026-07-28T00:00:00,2026-07-28,PT0520552,LST0520552,AG00368,LOC0109,Single Family,3,2.5,2311,2177,1967,1033500.0,2026-07-18,Pending,,,0,0.0,0,Yes,Yes,2026-07-18,2026-07-28
UPDATE,2026-07-28T00:00:00,2026-07-28,PT0087298,LST0087298,AG02425,LOC0173,Condo,3,4.5,1416,1203,1987,441600.0,2024-10-22,Pending,,,62,364.0,3,No,No,2024-10-22,2026-07-28
UPDATE,2026-07-28T00:00:00,2026-07-28,PT0244620,LST0244620,AG02950,LOC0154,Single Family,2,2.0,1367,1035,1927,306500.0,2026-04-21,Sold,297498.93,2026-07-28,98,0.0,2,Yes,Yes,2026-04-21,2026-07-28
UPDATE,2026-07-28T00:00:00,2026-07-28,PT0318923,LST0318923,AG00147,LOC0034,Condo,1,4.5,2536,2022,1902,1124300.0,2024-03-20,Pending,,,126,669.0,2,Yes,No,2024-03-20,2026-07-28
UPDATE,2026-07-28T00:00:00,2026-07-28,PT0373563,LST0373563,AG01410,LOC0193,Condo,2,2.0,1760,12068,1909,924800.0,2025-04-12,Sold,831113.53,2026-07-28,472,437.0,0,No,No,2025-04-12,2026-07-28
UPDATE,2026-07-28T00:00:00,2026-07-28,PT0260021,LST0260021,AG01743,LOC0018,Multi-Family,5,1.0,3632,12081,1916,1089000.0,2025-08-10,Pending,,,69,0.0,0,No,Yes,2025-08-10,2026-07-28
UPDATE,2026-07-28T00:00:00,2026-07-28,PT0051844,LST0051844,AG00558,LOC0113,Condo,1,2.5,798,3806,1936,335000.0,2024-05-16,Sold,322698.36,2026-07-28,803,753.0,0,No,No,2024-05-16,2026-07-28
UPDATE,2026-07-28T00:00:00,2026-07-28,PT0528728,LST0528728,AG00120,LOC0176,Condo,6,3.5,1597,8840,1961,367900.0,2026-07-25,Active,,,0,374.42,2,Yes,No,2026-07-25,2026-07-28
UPDATE,2026-07-28T00:00:00,2026-07-28,PT0351320,LST0351320,AG00448,LOC0217,Land,0,0.0,4000,13324,2012,670200.0,2024-07-14,Active,,,17,0.0,0,No,No,2024-07-14,2026-07-28
UPDATE,2026-07-28T00:00:00,2026-07-28,PT0373893,LST0373893,AG02992,LOC0008,Single Family,4,3.5,2271,1187,1943,243600.0,2023-01-30,Active,,,143,0.0,2,No,No,2023-01-30,2026-07-28
UPDATE,2026-07-28T00:00:00,2026-07-28,PT0366000,LST0366000,AG02969,LOC0005,Apartment,4,3.5,1540,0,1996,465500.0,2023-10-25,Pending,,,71,467.0,3,No,No,2023-10-25,2026-07-28
UPDATE,2026-07-28T00:00:00,2026-07-28,PT0179709,LST0179709,AG00834,LOC0150,Single Family,6,2.0,1192,22563,1962,343100.0,2024-10-26,Active,,,75,0.0,2,No,Yes,2024-10-26,2026-07-28
UPDATE,2026-07-28T00:00:00,2026-07-28,PT0134768,LST0134768,AG00098,LOC0004,Townhouse,1,2.5,1354,4990,1976,97000.0,2026-03-25,Pending,,,11,660.0,3,No,No,2026-03-25,2026-07-28
UPDATE,2026-07-28T00:00:00,2026-07-28,PT0132414,LST0132414,AG01954,LOC0200,Townhouse,3,4.0,1805,15138,1970,241100.0,2024-10-04,Pending,,,81,498.0,1,Yes,No,2024-10-04,2026-07-28
UPDATE,2026-07-28T00:00:00,2026-07-28,PT0366735,LST0366735,AG01293,LOC0104,Single Family,4,2.5,2118,7026,1902,642800.0,2023-02-26,Active,,,48,0.0,0,No,No,2023-02-26,2026-07-28
UPDATE,2026-07-28T00:00:00,2026-07-28,PT0104402,LST0104402,AG02951,LOC0091,Condo,6,1.0,1247,3482,1975,301700.0,2024-08-18,Pending,,,10,654.0,3,No,No,2024-08-18,2026-07-28
UPDATE,2026-07-28T00:00:00,2026-07-28,PT0337732,LST0337732,AG00301,LOC0237,Single Family,3,3.5,2735,3936,1929,529600.0,2025-07-08,Active,,,57,0.0,0,Yes,Yes,2025-07-08,2026-07-28
UPDATE,2026-07-28T00:00:00,2026-07-28,PT0345868,LST0345868,AG02478,LOC0185,Single Family,3,1.5,2184,7358,1946,311900.0,2026-03-25,Pending,,,8,0.0,1,No,Yes,2026-03-25,2026-07-28
UPDATE,2026-07-28T00:00:00,2026-07-28,PT0517211,LST0517211,AG01367,LOC0225,Single Family,4,1.5,2014,2988,1978,511600.0,2026-07-14,Active,,,0,0.0,0,Yes,No,2026-07-14,2026-07-28
UPDATE,2026-07-28T00:00:00,2026-07-28,PT0328849,LST0328849,AG00482,LOC0052,Condo,3,1.0,1502,2799,1995,324500.0,2026-01-08,Active,,,64,136.0,2,No,No,2026-01-08,2026-07-28
UPDATE,2026-07-28T00:00:00,2026-07-28,PT0370460,LST0370460,AG02191,LOC0005,Multi-Family,6,4.0,3226,7830,1955,851200.0,2024-05-27,Active,,,15,0.0,3,No,Yes,2024-05-27,2026-07-28
UPDATE,2026-07-28T00:00:00,2026-07-28,PT0176536,LST0176536,AG00363,LOC0001,Condo,3,2.0,1704,5504,1925,528100.0,2024-10-15,Pending,,,54,170.0,0,No,No,2024-10-15,2026-07-28
UPDATE,2026-07-28T00:00:00,2026-07-28,PT0382146,LST0382146,AG00509,LOC0233,Townhouse,1,4.5,2632,2253,2021,391100.0,2024-07-27,Active,,,92,782.0,1,No,No,2024-07-27,2026-07-28
UPDATE,2026-07-28T00:00:00,2026-07-28,PT0510226,LST0510226,AG02549,LOC0006,Townhouse,3,4.0,300,2555,1941,57600.0,2026-07-09,Sold,56347.18,2026-07-28,19,155.56,0,No,No,2026-07-09,2026-07-28
UPDATE,2026-07-28T00:00:00,2026-07-28,PT0151346,LST0151346,AG00225,LOC0012,Multi-Family,4,2.5,3029,5295,1934,1514300.0,2023-11-18,Pending,,,137,0.0,3,No,No,2023-11-18,2026-07-28
UPDATE,2026-07-28T00:00:00,2026-07-28,PT0427532,LST0427532,AG01076,LOC0045,Single Family,6,4.5,2252,3063,1962,790700.0,2023-09-29,Pending,,,44,0.0,3,Yes,No,2023-09-29,2026-07-28
UPDATE,2026-07-28T00:00:00,2026-07-28,PT0506712,LST0506712,AG02363,LOC0106,Single Family,2,2.0,838,9347,1940,345300.0,2026-07-06,Active,,,0,0.0,3,Yes,No,2026-07-06,2026-07-28
UPDATE,2026-07-28T00:00:00,2026-07-28,PT0060567,LST0060567,AG02682,LOC0221,Single Family,6,2.0,3192,1752,2016,959700.0,2025-01-08,Pending,,,31,0.0,0,No,Yes,2025-01-08,2026-07-28
UPDATE,2026-07-28T00:00:00,2026-07-28,PT0509977,LST0509977,AG00140,LOC0121,Single Family,5,4.0,1898,2360,1993,401300.0,2026-07-09,Sold,367449.81,2026-07-28,19,0.0,2,No,No,2026-07-09,2026-07-28
UPDATE,2026-07-28T00:00:00,2026-07-28,PT0054981,LST0054981,AG02135,LOC0048,Single Family,1,1.5,2819,1422,1916,1147100.0,2026-01-22,Active,,,88,0.0,3,No,Yes,2026-01-22,2026-07-28
UPDATE,2026-07-28T00:00:00,2026-07-28,PT0502156,LST0502156,AG02402,LOC0205,Single Family,5,2.0,1276,2178,2021,408800.0,2026-07-02,Sold,400065.76,2026-07-28,26,0.0,2,No,Yes,2026-07-02,2026-07-28
UPDATE,2026-07-28T00:00:00,2026-07-28,PT0106340,LST0106340,AG00159,LOC0053,Single Family,3,2.0,740,2841,1940,144600.0,2026-05-16,Pending,,,18,0.0,2,No,Yes,2026-05-16,2026-07-28
UPDATE,2026-07-28T00:00:00,2026-07-28,PT0339616,LST0339616,AG00274,LOC0250,Single Family,4,1.0,2264,6805,1998,707200.0,2023-09-06,Sold,706605.22,2026-07-28,1056,0.0,0,No,Yes,2023-09-06,2026-07-28
UPDATE,2026-07-28T00:00:00,2026-07-28,PT0201262,LST0201262,AG01325,LOC0235,Single Family,1,2.0,2584,2368,1992,787400.0,2026-05-12,Pending,,,71,0.0,0,No,No,2026-05-12,2026-07-28
UPDATE,2026-07-28T00:00:00,2026-07-28,PT0291575,LST0291575,AG01797,LOC0006,Single Family,2,1.0,902,1081,1977,46800.0,2025-08-30,Active,,,64,0.0,0,No,No,2025-08-30,2026-07-28
UPDATE,2026-07-28T00:00:00,2026-07-28,PT0062156,LST0062156,AG00633,LOC0104,Townhouse,6,2.0,1475,1800,2014,651300.0,2026-02-12,Pending,,,142,645.0,0,No,No,2026-02-12,2026-07-28
UPDATE,2026-07-28T00:00:00,2026-07-28,PT0125687,LST0125687,AG02274,LOC0235,Condo,5,3.0,1822,2702,2014,638100.0,2025-05-31,Pending,,,59,112.0,2,No,No,2025-05-31,2026-07-28
UPDATE,2026-07-28T00:00:00,2026-07-28,PT0473084,LST0473084,AG02504,LOC0238,Townhouse,5,1.0,1946,13519,2006,491800.0,2024-04-26,Sold,477110.5,2026-07-28,823,455.0,3,No,No,2024-04-26,2026-07-28
UPDATE,2026-07-28T00:00:00,2026-07-28,PT0359804,LST0359804,AG02468,LOC0048,Condo,1,2.5,450,26506,1903,196800.0,2025-02-25,Active,,,124,543.0,0,No,No,2025-02-25,2026-07-28
UPDATE,2026-07-28T00:00:00,2026-07-28,PT0410792,LST0410792,AG00835,LOC0112,Multi-Family,6,2.5,2003,6445,1936,401200.0,2023-06-23,Sold,390213.45,2026-07-28,1131,0.0,3,Yes,Yes,2023-06-23,2026-07-28
UPDATE,2026-07-28T00:00:00,2026-07-28,PT0035263,LST0035263,AG02282,LOC0056,Single Family,3,3.5,869,7295,1981,161800.0,2024-07-15,Active,,,33,0.0,1,No,No,2024-07-15,2026-07-28
UPDATE,2026-07-28T00:00:00,2026-07-28,PT0274486,LST0274486,AG02563,LOC0170,Single Family,1,3.0,1285,6455,1937,223000.0,2025-07-05,Active,,,137,0.0,0,No,Yes,2025-07-05,2026-07-28
UPDATE,2026-07-28T00:00:00,2026-07-28,PT0281271,LST0281271,AG00654,LOC0099,Single Family,3,1.0,1729,5567,1960,520800.0,2023-12-04,Active,,,11,0.0,0,No,No,2023-12-04,2026-07-28
UPDATE,2026-07-28T00:00:00,2026-07-28,PT0364796,LST0364796,AG02123,LOC0199,Condo,1,1.0,2319,1035,1912,826000.0,2026-03-06,Active,,,97,180.0,3,No,No,2026-03-06,2026-07-28
UPDATE,2026-07-28T00:00:00,2026-07-28,PT0187194,LST0187194,AG02996,LOC0093,Single Family,5,4.0,1770,2968,1974,527100.0,2025-01-29,Active,,,32,0.0,0,Yes,Yes,2025-01-29,2026-07-28
UPDATE,2026-07-28T00:00:00,2026-07-28,PT0261587,LST0261587,AG02378,LOC0086,Single Family,2,3.5,1328,3395,2008,157000.0,2026-05-12,Sold,150825.22,2026-07-28,77,0.0,1,No,No,2026-05-12,2026-07-28
UPDATE,2026-07-28T00:00:00,2026-07-28,PT0515720,LST0515720,AG00751,LOC0135,Single Family,6,3.5,1278,1937,2014,317400.0,2026-07-13,Sold,297688.34,2026-07-28,15,0.0,0,No,Yes,2026-07-13,2026-07-28
UPDATE,2026-07-28T00:00:00,2026-07-28,PT0512931,LST0512931,AG01619,LOC0062,Apartment,2,1.0,1344,0,1905,231200.0,2026-07-11,Active,,,0,575.25,0,No,No,2026-07-11,2026-07-28
UPDATE,2026-07-28T00:00:00,2026-07-28,PT0219683,LST0219683,AG00091,LOC0246,Single Family,5,3.0,2200,4633,1928,422000.0,2025-01-28,Active,,,22,0.0,1,No,Yes,2025-01-28,2026-07-28
UPDATE,2026-07-28T00:00:00,2026-07-28,PT0405315,LST0405315,AG00452,LOC0060,Single Family,2,3.5,1909,3664,1906,594100.0,2024-01-20,Active,,,7,0.0,2,No,Yes,2024-01-20,2026-07-28
UPDATE,2026-07-28T00:00:00,2026-07-28,PT0482570,LST0482570,AG02415,LOC0075,Condo,5,3.0,1518,4031,1987,433000.0,2026-03-05,Active,,,63,646.0,2,No,No,2026-03-05,2026-07-28
UPDATE,2026-07-28T00:00:00,2026-07-28,PT0423169,LST0423169,AG01053,LOC0054,Single Family,3,4.5,1332,6357,1939,326200.0,2024-08-09,Sold,314808.78,2026-07-28,718,0.0,3,No,No,2024-08-09,2026-07-28
UPDATE,2026-07-28T00:00:00,2026-07-28,PT0523810,LST0523810,AG02177,LOC0056,Townhouse,6,3.0,1774,4823,2008,730600.0,2026-07-21,Pending,,,0,423.62,3,No,No,2026-07-21,2026-07-28
UPDATE,2026-07-28T00:00:00,2026-07-28,PT0423591,LST0423591,AG01869,LOC0133,Townhouse,5,4.0,2192,2999,1976,500800.0,2023-05-25,Pending,,,16,464.0,3,Yes,No,2023-05-25,2026-07-28
UPDATE,2026-07-28T00:00:00,2026-07-28,PT0089952,LST0089952,AG01317,LOC0085,Single Family,4,4.5,1664,12946,1975,375900.0,2023-07-24,Pending,,,27,0.0,2,No,No,2023-07-24,2026-07-28
UPDATE,2026-07-28T00:00:00,2026-07-28,PT0290550,LST0290550,AG02910,LOC0129,Multi-Family,3,1.0,4436,3042,2009,1502000.0,2026-05-09,Pending,,,81,0.0,2,No,No,2026-05-09,2026-07-28
UPDATE,2026-07-28T00:00:00,2026-07-28,PT0174189,LST0174189,AG00075,LOC0001,Multi-Family,5,3.5,4349,7429,1966,772800.0,2025-03-28,Active,,,34,0.0,2,No,Yes,2025-03-28,2026-07-28
UPDATE,2026-07-28T00:00:00,2026-07-28,PT0460348,LST0460348,AG02312,LOC0186,Condo,4,1.0,1650,3075,2014,484000.0,2025-03-28,Sold,472765.31,2026-07-28,487,549.0,3,No,No,2025-03-28,2026-07-28
UPDATE,2026-07-28T00:00:00,2026-07-28,PT0419620,LST0419620,AG00955,LOC0212,Single Family,5,1.0,1626,15102,1954,580800.0,2025-05-23,Active,,,119,0.0,0,No,Yes,2025-05-23,2026-07-28
UPDATE,2026-07-28T00:00:00,2026-07-28,PT0402390,LST0402390,AG02861,LOC0006,Apartment,3,3.0,1235,0,2020,266100.0,2026-04-20,Active,,,59,277.0,3,Yes,No,2026-04-20,2026-07-28
UPDATE,2026-07-28T00:00:00,2026-07-28,PT0262843,LST0262843,AG00230,LOC0046,Apartment,5,3.0,1071,0,1927,328800.0,2023-05-14,Active,,,94,162.0,1,No,No,2023-05-14,2026-07-28
UPDATE,2026-07-28T00:00:00,2026-07-28,PT0175114,LST0175114,AG02372,LOC0065,Multi-Family,2,4.0,3117,3729,1919,763300.0,2023-01-22,Pending,,,175,0.0,1,No,Yes,2023-01-22,2026-07-28
UPDATE,2026-07-28T00:00:00,2026-07-28,PT0215137,LST0215137,AG00990,LOC0038,Multi-Family,2,1.5,3400,3277,1907,643400.0,2024-04-23,Active,,,88,0.0,3,No,No,2024-04-23,2026-07-28
UPDATE,2026-07-28T00:00:00,2026-07-28,PT0105779,LST0105779,AG00738,LOC0116,Single Family,1,2.5,1396,10650,1973,590300.0,2023-11-14,Active,,,113,0.0,1,No,Yes,2023-11-14,2026-07-28
UPDATE,2026-07-28T00:00:00,2026-07-28,PT0211601,LST0211601,AG00410,LOC0046,Single Family,2,4.5,1894,1585,1994,270900.0,2025-02-20,Active,,,2,0.0,1,No,Yes,2025-02-20,2026-07-28
UPDATE,2026-07-28T00:00:00,2026-07-28,PT0272203,LST0272203,AG02382,LOC0025,Single Family,2,2.0,1709,3948,1954,567200.0,2025-10-19,Active,,,85,0.0,3,No,Yes,2025-10-19,2026-07-28
UPDATE,2026-07-28T00:00:00,2026-07-28,PT0354845,LST0354845,AG02959,LOC0220,Townhouse,4,1.0,1224,1520,1992,531800.0,2025-11-07,Sold,518822.26,2026-07-28,263,618.0,2,No,No,2025-11-07,2026-07-28
UPDATE,2026-07-28T00:00:00,2026-07-28,PT0402333,LST0402333,AG00852,LOC0225,Single Family,4,4.5,2516,1224,1944,828100.0,2025-08-24,Sold,802454.98,2026-07-28,338,0.0,0,No,Yes,2025-08-24,2026-07-28
UPDATE,2026-07-28T00:00:00,2026-07-28,PT0503902,LST0503902,AG01911,LOC0115,Multi-Family,4,1.5,4151,9506,1989,1366800.0,2026-07-04,Active,,,0,0.0,0,No,No,2026-07-04,2026-07-28
UPDATE,2026-07-28T00:00:00,2026-07-28,PT0261630,LST0261630,AG00187,LOC0005,Single Family,2,1.0,1636,1067,1960,647900.0,2024-04-29,Pending,,,94,0.0,3,No,No,2024-04-29,2026-07-28
UPDATE,2026-07-28T00:00:00,2026-07-28,PT0270690,LST0270690,AG00587,LOC0053,Apartment,3,4.5,1114,0,1969,77700.0,2023-03-30,Pending,,,86,448.0,2,No,No,2023-03-30,2026-07-28
UPDATE,2026-07-28T00:00:00,2026-07-28,PT0222677,LST0222677,AG02157,LOC0157,Condo,5,4.0,2041,6274,1930,206900.0,2025-12-18,Active,,,65,790.0,0,No,No,2025-12-18,2026-07-28
UPDATE,2026-07-28T00:00:00,2026-07-28,PT0174876,LST0174876,AG01653,LOC0233,Single Family,1,1.5,2489,6643,2023,345500.0,2023-09-13,Pending,,,123,0.0,1,No,Yes,2023-09-13,2026-07-28
UPDATE,2026-07-28T00:00:00,2026-07-28,PT0189300,LST0189300,AG01247,LOC0119,Condo,4,3.0,2480,2778,1913,472800.0,2025-09-04,Active,,,175,230.0,0,No,No,2025-09-04,2026-07-28
UPDATE,2026-07-28T00:00:00,2026-07-28,PT0075745,LST0075745,AG00949,LOC0088,Single Family,4,3.5,795,19007,1943,115600.0,2024-10-22,Sold,113836.06,2026-07-28,644,0.0,3,No,No,2024-10-22,2026-07-28
UPDATE,2026-07-28T00:00:00,2026-07-28,PT0351899,LST0351899,AG00596,LOC0034,Apartment,4,1.0,1386,0,1994,820800.0,2023-03-16,Pending,,,134,421.0,3,No,No,2023-03-16,2026-07-28
UPDATE,2026-07-28T00:00:00,2026-07-28,PT0081269,LST0081269,AG01814,LOC0017,Multi-Family,3,3.5,3289,7830,1955,1745100.0,2024-02-29,Pending,,,55,0.0,0,No,No,2024-02-29,2026-07-28
UPDATE,2026-07-28T00:00:00,2026-07-28,PT0084460,LST0084460,AG02075,LOC0210,Single Family,5,4.0,2583,7650,1947,1169300.0,2024-10-11,Active,,,96,0.0,3,No,No,2024-10-11,2026-07-28
UPDATE,2026-07-28T00:00:00,2026-07-28,PT0197153,LST0197153,AG02318,LOC0201,Condo,6,4.0,549,4061,1995,142000.0,2026-04-18,Pending,,,132,356.0,3,No,No,2026-04-18,2026-07-28
UPDATE,2026-07-28T00:00:00,2026-07-28,PT0134665,LST0134665,AG01115,LOC0130,Single Family,2,1.5,1757,2150,1930,424600.0,2024-12-21,Sold,434907.85,2026-07-28,584,0.0,1,Yes,Yes,2024-12-21,2026-07-28
UPDATE,2026-07-28T00:00:00,2026-07-28,PT0392715,LST0392715,AG00382,LOC0072,Apartment,6,4.0,1060,0,1938,110000.0,2024-09-29,Pending,,,18,54.0,3,Yes,No,2024-09-29,2026-07-28
UPDATE,2026-07-28T00:00:00,2026-07-28,PT0492360,LST0492360,AG00806,LOC0110,Single Family,2,3.5,2719,3720,2009,505700.0,2024-02-25,Active,,,98,0.0,2,No,No,2024-02-25,2026-07-28
UPDATE,2026-07-28T00:00:00,2026-07-28,PT0195711,LST0195711,AG00119,LOC0118,Single Family,5,1.5,2455,16565,1938,497500.0,2024-11-13,Sold,494381.44,2026-07-28,622,0.0,0,Yes,Yes,2024-11-13,2026-07-28
UPDATE,2026-07-28T00:00:00,2026-07-28,PT0170397,LST0170397,AG01555,LOC0250,Apartment,2,2.5,588,0,1982,137000.0,2025-10-25,Active,,,43,321.0,2,No,No,2025-10-25,2026-07-28
UPDATE,2026-07-28T00:00:00,2026-07-28,PT0524684,LST0524684,AG00186,LOC0005,Townhouse,3,1.5,2098,1637,1995,742200.0,2026-07-22,Pending,,,0,723.88,2,No,No,2026-07-22,2026-07-28
UPDATE,2026-07-28T00:00:00,2026-07-28,PT0520187,LST0520187,AG02338,LOC0064,Single Family,1,3.0,1689,5196,1928,564800.0,2026-07-18,Pending,,,0,0.0,1,No,Yes,2026-07-18,2026-07-28
UPDATE,2026-07-28T00:00:00,2026-07-28,PT0162664,LST0162664,AG02077,LOC0023,Condo,1,1.0,3048,6892,1982,732400.0,2025-04-13,Pending,,,93,509.0,2,No,No,2025-04-13,2026-07-28
UPDATE,2026-07-28T00:00:00,2026-07-28,PT0254992,LST0254992,AG00246,LOC0024,Condo,2,4.0,496,6144,1986,137400.0,2026-01-17,Pending,,,43,412.0,1,No,No,2026-01-17,2026-07-28
UPDATE,2026-07-28T00:00:00,2026-07-28,PT0217167,LST0217167,AG02641,LOC0151,Land,0,0.0,1943,3023,1998,694400.0,2024-08-22,Active,,,127,0.0,0,No,No,2024-08-22,2026-07-28
UPDATE,2026-07-28T00:00:00,2026-07-28,PT0020450,LST0020450,AG00944,LOC0020,Single Family,1,1.5,1684,9490,1999,462300.0,2026-03-05,Active,,,72,0.0,1,No,Yes,2026-03-05,2026-07-28
UPDATE,2026-07-28T00:00:00,2026-07-28,PT0321323,LST0321323,AG02587,LOC0032,Townhouse,4,1.5,3026,1214,1987,549200.0,2023-08-01,Pending,,,48,94.0,0,No,No,2023-08-01,2026-07-28
UPDATE,2026-07-28T00:00:00,2026-07-28,PT0219279,LST0219279,AG01241,LOC0114,Multi-Family,5,2.0,540,3569,1902,105300.0,2023-07-21,Pending,,,165,0.0,0,Yes,Yes,2023-07-21,2026-07-28
UPDATE,2026-07-28T00:00:00,2026-07-28,PT0427458,LST0427458,AG01605,LOC0223,Multi-Family,5,1.5,2141,1809,1941,957600.0,2024-01-17,Pending,,,142,0.0,3,No,Yes,2024-01-17,2026-07-28
UPDATE,2026-07-28T00:00:00,2026-07-28,PT0231497,LST0231497,AG00208,LOC0091,Single Family,5,3.5,840,3870,1997,314200.0,2024-02-02,Pending,,,92,0.0,1,No,Yes,2024-02-02,2026-07-28
UPDATE,2026-07-28T00:00:00,2026-07-28,PT0325376,LST0325376,AG00563,LOC0155,Single Family,5,2.5,1704,4257,1974,395900.0,2023-04-17,Pending,,,165,0.0,2,No,Yes,2023-04-17,2026-07-28
UPDATE,2026-07-28T00:00:00,2026-07-28,PT0024753,LST0024753,AG00736,LOC0220,Single Family,3,2.5,1429,3642,1969,427600.0,2024-07-24,Pending,,,174,0.0,3,No,No,2024-07-24,2026-07-28
UPDATE,2026-07-28T00:00:00,2026-07-28,PT0354354,LST0354354,AG02381,LOC0016,Condo,1,2.5,1838,1189,1940,164000.0,2024-10-27,Sold,164919.43,2026-07-28,639,273.0,3,No,No,2024-10-27,2026-07-28
UPDATE,2026-07-28T00:00:00,2026-07-28,PT0345621,LST0345621,AG00112,LOC0038,Single Family,3,4.5,2157,5126,1919,961300.0,2026-01-20,Active,,,71,0.0,0,No,No,2026-01-20,2026-07-28
UPDATE,2026-07-28T00:00:00,2026-07-28,PT0294865,LST0294865,AG00802,LOC0229,Single Family,2,3.0,2125,10090,1947,385900.0,2025-07-07,Pending,,,63,0.0,2,No,Yes,2025-07-07,2026-07-28
UPDATE,2026-07-28T00:00:00,2026-07-28,PT0468134,LST0468134,AG01503,LOC0106,Single Family,5,3.5,2309,6112,1925,452400.0,2024-07-31,Pending,,,47,0.0,2,No,No,2024-07-31,2026-07-28
UPDATE,2026-07-28T00:00:00,2026-07-28,PT0047437,LST0047437,AG01108,LOC0178,Condo,4,1.0,1435,10137,1941,234100.0,2025-02-18,Active,,,112,264.0,1,No,No,2025-02-18,2026-07-28
UPDATE,2026-07-28T00:00:00,2026-07-28,PT0090359,LST0090359,AG01159,LOC0066,Multi-Family,6,3.0,2344,1010,1922,516200.0,2024-11-19,Active,,,135,0.0,1,Yes,No,2024-11-19,2026-07-28
UPDATE,2026-07-28T00:00:00,2026-07-28,PT0071413,LST0071413,AG02111,LOC0068,Condo,4,2.5,2682,7560,1963,814800.0,2026-01-19,Active,,,152,775.0,3,No,No,2026-01-19,2026-07-28
UPDATE,2026-07-28T00:00:00,2026-07-28,PT0522519,LST0522519,AG02143,LOC0042,Single Family,2,3.5,2463,3533,1947,982800.0,2026-07-20,Active,,,0,0.0,2,Yes,Yes,2026-07-20,2026-07-28
UPDATE,2026-07-28T00:00:00,2026-07-28,PT0306285,LST0306285,AG02577,LOC0090,Single Family,5,2.5,2322,4361,1930,709700.0,2023-02-23,Sold,677889.12,2026-07-28,1251,0.0,0,No,Yes,2023-02-23,2026-07-28
UPDATE,2026-07-28T00:00:00,2026-07-28,PT0238302,LST0238302,AG01233,LOC0161,Single Family,2,3.0,300,1701,1999,58000.0,2025-09-11,Active,,,112,0.0,2,No,No,2025-09-11,2026-07-28
UPDATE,2026-07-28T00:00:00,2026-07-28,PT0452440,LST0452440,AG00757,LOC0096,Townhouse,6,1.5,1913,4145,2014,714200.0,2023-08-10,Sold,669706.3,2026-07-28,1083,358.0,1,No,No,2023-08-10,2026-07-28
UPDATE,2026-07-28T00:00:00,2026-07-28,PT0424513,LST0424513,AG00844,LOC0208,Single Family,3,1.0,2211,1389,1981,821400.0,2023-01-05,Pending,,,40,0.0,2,No,No,2023-01-05,2026-07-28
UPDATE,2026-07-28T00:00:00,2026-07-28,PT0377327,LST0377327,AG02189,LOC0182,Condo,5,1.0,1404,1587,1958,329000.0,2024-11-07,Pending,,,174,151.0,3,No,No,2024-11-07,2026-07-28
UPDATE,2026-07-28T00:00:00,2026-07-28,PT0113028,LST0113028,AG02619,LOC0156,Single Family,1,2.5,2360,3531,2018,875200.0,2024-04-03,Pending,,,116,0.0,3,No,No,2024-04-03,2026-07-28
UPDATE,2026-07-28T00:00:00,2026-07-28,PT0405182,LST0405182,AG01481,LOC0079,Condo,1,3.0,1021,2756,1917,121200.0,2023-09-02,Active,,,59,381.0,2,Yes,No,2023-09-02,2026-07-28
UPDATE,2026-07-28T00:00:00,2026-07-28,PT0383409,LST0383409,AG02465,LOC0129,Multi-Family,2,3.0,1633,6764,2004,499400.0,2024-06-06,Pending,,,25,0.0,3,No,Yes,2024-06-06,2026-07-28
UPDATE,2026-07-28T00:00:00,2026-07-28,PT0237669,LST0237669,AG00016,LOC0003,Apartment,5,2.5,1468,0,1944,261100.0,2026-01-07,Pending,,,175,112.0,1,No,No,2026-01-07,2026-07-28
UPDATE,2026-07-28T00:00:00,2026-07-28,PT0319027,LST0319027,AG02452,LOC0236,Single Family,1,3.0,2127,5234,1924,191800.0,2024-02-19,Pending,,,14,0.0,1,No,Yes,2024-02-19,2026-07-28
UPDATE,2026-07-28T00:00:00,2026-07-28,PT0280309,LST0280309,AG01367,LOC0109,Single Family,2,1.5,1875,5780,1907,1066700.0,2026-01-24,Pending,,,69,0.0,3,No,No,2026-01-24,2026-07-28
UPDATE,2026-07-28T00:00:00,2026-07-28,PT0511379,LST0511379,AG01830,LOC0044,Single Family,6,4.5,2061,2220,1937,653800.0,2026-07-10,Active,,,0,0.0,3,No,Yes,2026-07-10,2026-07-28
UPDATE,2026-07-28T00:00:00,2026-07-28,PT0274187,LST0274187,AG02113,LOC0014,Single Family,2,4.0,2594,1496,1914,615700.0,2024-04-23,Pending,,,170,0.0,3,Yes,No,2024-04-23,2026-07-28
UPDATE,2026-07-28T00:00:00,2026-07-28,PT0322204,LST0322204,AG02304,LOC0036,Single Family,4,4.0,1546,10150,1991,380200.0,2025-11-30,Active,,,38,0.0,1,No,Yes,2025-11-30,2026-07-28
UPDATE,2026-07-28T00:00:00,2026-07-28,PT0209500,LST0209500,AG01169,LOC0044,Single Family,1,1.5,1658,6256,1943,348400.0,2024-05-24,Active,,,164,0.0,3,No,No,2024-05-24,2026-07-28
UPDATE,2026-07-28T00:00:00,2026-07-28,PT0335343,LST0335343,AG00867,LOC0046,Single Family,6,2.5,2726,7396,1931,629300.0,2023-03-04,Active,,,43,0.0,3,No,No,2023-03-04,2026-07-28
UPDATE,2026-07-28T00:00:00,2026-07-28,PT0066189,LST0066189,AG01848,LOC0128,Single Family,4,2.5,2515,1615,1990,805700.0,2023-08-08,Active,,,167,0.0,0,Yes,No,2023-08-08,2026-07-28
UPDATE,2026-07-28T00:00:00,2026-07-28,PT0075752,LST0075752,AG00913,LOC0146,Condo,6,4.5,2714,5763,1946,428500.0,2024-11-20,Sold,405633.27,2026-07-28,615,601.0,1,No,No,2024-11-20,2026-07-28
UPDATE,2026-07-28T00:00:00,2026-07-28,PT0416599,LST0416599,AG00071,LOC0025,Single Family,5,3.0,2054,2035,1964,604000.0,2025-08-27,Active,,,131,0.0,2,No,Yes,2025-08-27,2026-07-28
UPDATE,2026-07-28T00:00:00,2026-07-28,PT0306840,LST0306840,AG00697,LOC0122,Single Family,1,4.0,1629,9679,1902,471400.0,2024-07-01,Sold,430921.71,2026-07-28,757,0.0,0,No,No,2024-07-01,2026-07-28
UPDATE,2026-07-28T00:00:00,2026-07-28,PT0520607,LST0520607,AG01976,LOC0232,Condo,5,4.5,1521,1566,2025,467900.0,2026-07-18,Active,,,0,264.83,1,No,No,2026-07-18,2026-07-28
UPDATE,2026-07-28T00:00:00,2026-07-28,PT0210390,LST0210390,AG01869,LOC0186,Condo,2,2.0,1784,8233,1929,361000.0,2023-12-25,Active,,,29,295.0,3,Yes,No,2023-12-25,2026-07-28
UPDATE,2026-07-28T00:00:00,2026-07-28,PT0195534,LST0195534,AG00078,LOC0001,Multi-Family,3,3.0,3960,2523,1997,710000.0,2025-12-16,Sold,717732.79,2026-07-28,224,0.0,3,No,No,2025-12-16,2026-07-28
UPDATE,2026-07-28T00:00:00,2026-07-28,PT0176689,LST0176689,AG02536,LOC0184,Multi-Family,2,4.5,4635,3435,1959,2529900.0,2023-08-19,Active,,,167,0.0,2,No,No,2023-08-19,2026-07-28
UPDATE,2026-07-28T00:00:00,2026-07-28,PT0385435,LST0385435,AG02533,LOC0245,Single Family,1,2.0,2472,9063,1993,471100.0,2026-02-16,Pending,,,55,0.0,0,No,Yes,2026-02-16,2026-07-28
UPDATE,2026-07-28T00:00:00,2026-07-28,PT0202423,LST0202423,AG02477,LOC0034,Single Family,1,4.5,1845,2913,1979,931100.0,2025-01-02,Pending,,,169,0.0,3,No,No,2025-01-02,2026-07-28
UPDATE,2026-07-28T00:00:00,2026-07-28,PT0063569,LST0063569,AG02257,LOC0070,Single Family,3,4.0,1476,2307,1983,227300.0,2026-03-01,Pending,,,98,0.0,3,No,Yes,2026-03-01,2026-07-28
UPDATE,2026-07-28T00:00:00,2026-07-28,PT0077786,LST0077786,AG00709,LOC0236,Condo,6,1.0,2654,1302,2017,461200.0,2025-03-26,Sold,423199.26,2026-07-28,489,766.0,1,Yes,No,2025-03-26,2026-07-28
UPDATE,2026-07-28T00:00:00,2026-07-28,PT0193876,LST0193876,AG00911,LOC0027,Single Family,5,3.0,2326,5068,2018,773700.0,2025-03-17,Active,,,15,0.0,1,No,No,2025-03-17,2026-07-28
UPDATE,2026-07-28T00:00:00,2026-07-28,PT0115778,LST0115778,AG00201,LOC0068,Townhouse,5,4.0,1534,2442,2002,657000.0,2025-01-27,Sold,602604.72,2026-07-28,547,798.0,0,No,No,2025-01-27,2026-07-28
UPDATE,2026-07-28T00:00:00,2026-07-28,PT0483857,LST0483857,AG02785,LOC0141,Single Family,1,4.5,1907,5707,1965,260300.0,2024-07-15,Sold,271599.61,2026-07-28,743,0.0,1,Yes,No,2024-07-15,2026-07-28
UPDATE,2026-07-28T00:00:00,2026-07-28,PT0371756,LST0371756,AG00750,LOC0028,Apartment,5,4.5,1662,0,1967,171700.0,2023-03-20,Active,,,94,245.0,0,No,No,2023-03-20,2026-07-28
UPDATE,2026-07-28T00:00:00,2026-07-28,PT0471537,LST0471537,AG01350,LOC0143,Apartment,6,1.5,1559,0,1910,215400.0,2025-12-22,Active,,,25,230.0,2,No,No,2025-12-22,2026-07-28
UPDATE,2026-07-28T00:00:00,2026-07-28,PT0251438,LST0251438,AG01453,LOC0157,Condo,3,4.5,1125,2804,1936,244200.0,2023-06-13,Active,,,117,723.0,2,No,No,2023-06-13,2026-07-28
UPDATE,2026-07-28T00:00:00,2026-07-28,PT0192551,LST0192551,AG02562,LOC0028,Single Family,3,3.0,1045,4293,1917,166800.0,2025-04-21,Pending,,,135,0.0,1,No,Yes,2025-04-21,2026-07-28
UPDATE,2026-07-28T00:00:00,2026-07-28,PT0181804,LST0181804,AG00762,LOC0246,Condo,5,4.0,392,2941,1931,68500.0,2025-01-17,Active,,,23,390.0,3,No,No,2025-01-17,2026-07-28
UPDATE,2026-07-28T00:00:00,2026-07-28,PT0126204,LST0126204,AG01099,LOC0072,Multi-Family,1,1.0,4206,9434,1969,499900.0,2024-08-21,Pending,,,83,0.0,0,No,Yes,2024-08-21,2026-07-28
UPDATE,2026-07-28T00:00:00,2026-07-28,PT0022997,LST0022997,AG02938,LOC0113,Townhouse,5,3.0,795,6416,1983,243400.0,2026-03-24,Sold,228581.28,2026-07-28,126,142.0,2,No,No,2026-03-24,2026-07-28
UPDATE,2026-07-28T00:00:00,2026-07-28,PT0156049,LST0156049,AG02818,LOC0057,Multi-Family,2,3.5,6915,3460,2008,3533000.0,2026-04-22,Sold,3158466.98,2026-07-28,97,0.0,0,Yes,No,2026-04-22,2026-07-28
UPDATE,2026-07-28T00:00:00,2026-07-28,PT0258562,LST0258562,AG00480,LOC0029,Single Family,2,1.0,2077,3010,1996,900500.0,2024-02-27,Active,,,123,0.0,2,No,Yes,2024-02-27,2026-07-28
UPDATE,2026-07-28T00:00:00,2026-07-28,PT0008623,LST0008623,AG01419,LOC0215,Single Family,2,4.5,1413,10172,1954,437000.0,2024-12-11,Pending,,,147,0.0,1,No,No,2024-12-11,2026-07-28
UPDATE,2026-07-28T00:00:00,2026-07-28,PT0414991,LST0414991,AG01931,LOC0076,Condo,5,1.0,2558,7591,2024,269800.0,2025-11-02,Pending,,,152,338.0,2,No,No,2025-11-02,2026-07-28
UPDATE,2026-07-28T00:00:00,2026-07-28,PT0052113,LST0052113,AG01974,LOC0060,Single Family,2,4.0,1860,4177,1932,639400.0,2024-06-07,Pending,,,123,0.0,0,No,No,2024-06-07,2026-07-28
UPDATE,2026-07-28T00:00:00,2026-07-28,PT0531967,LST0531967,AG02428,LOC0198,Single Family,2,4.5,1461,1230,1928,228400.0,2026-07-28,Pending,,,0,0.0,2,No,Yes,2026-07-28,2026-07-28
UPDATE,2026-07-28T00:00:00,2026-07-28,PT0128056,LST0128056,AG02653,LOC0213,Apartment,3,4.0,1041,0,1977,203200.0,2025-05-16,Active,,,41,234.0,0,No,No,2025-05-16,2026-07-28
UPDATE,2026-07-28T00:00:00,2026-07-28,PT0313527,LST0313527,AG01969,LOC0044,Townhouse,4,4.0,1456,4609,1960,446000.0,2023-08-23,Sold,421278.98,2026-07-28,1070,137.0,3,No,No,2023-08-23,2026-07-28
UPDATE,2026-07-28T00:00:00,2026-07-28,PT0117649,LST0117649,AG01343,LOC0232,Condo,4,4.0,2209,1420,2022,417300.0,2025-04-17,Sold,385710.74,2026-07-28,467,149.0,1,Yes,No,2025-04-17,2026-07-28
UPDATE,2026-07-28T00:00:00,2026-07-28,PT0483876,LST0483876,AG00922,LOC0013,Single Family,5,2.5,1979,1259,1969,287600.0,2023-05-31,Active,,,93,0.0,2,No,No,2023-05-31,2026-07-28
UPDATE,2026-07-28T00:00:00,2026-07-28,PT0528566,LST0528566,AG01969,LOC0145,Apartment,2,4.0,535,0,1945,268700.0,2026-07-25,Pending,,,0,683.71,3,No,No,2026-07-25,2026-07-28
UPDATE,2026-07-28T00:00:00,2026-07-28,PT0475714,LST0475714,AG02491,LOC0163,Apartment,3,4.0,1395,0,1958,307800.0,2023-01-29,Active,,,159,219.0,3,No,No,2023-01-29,2026-07-28
UPDATE,2026-07-28T00:00:00,2026-07-28,PT0091592,LST0091592,AG02696,LOC0195,Condo,2,4.0,2268,2099,2005,457700.0,2025-07-16,Active,,,44,403.0,2,No,No,2025-07-16,2026-07-28
UPDATE,2026-07-28T00:00:00,2026-07-28,PT0213447,LST0213447,AG01532,LOC0059,Condo,6,1.0,2070,4766,2003,317000.0,2024-03-23,Sold,307107.71,2026-07-28,857,107.0,0,No,No,2024-03-23,2026-07-28
UPDATE,2026-07-28T00:00:00,2026-07-28,PT0147499,LST0147499,AG02832,LOC0180,Single Family,2,1.0,2239,2489,1986,584900.0,2024-07-27,Active,,,35,0.0,1,No,No,2024-07-27,2026-07-28
UPDATE,2026-07-28T00:00:00,2026-07-28,PT0527765,LST0527765,AG00432,LOC0154,Multi-Family,1,4.0,2870,2271,1973,588300.0,2026-07-24,Active,,,0,0.0,0,No,No,2026-07-24,2026-07-28
UPDATE,2026-07-28T00:00:00,2026-07-28,PT0070325,LST0070325,AG02503,LOC0066,Condo,6,1.0,2180,1879,1983,218900.0,2026-05-30,Pending,,,122,433.0,3,No,No,2026-05-30,2026-07-28
UPDATE,2026-07-28T00:00:00,2026-07-28,PT0479234,LST0479234,AG00807,LOC0087,Townhouse,4,3.5,1868,2026,2000,782800.0,2024-07-31,Pending,,,115,188.0,0,No,No,2024-07-31,2026-07-28
UPDATE,2026-07-28T00:00:00,2026-07-28,PT0498469,LST0498469,AG00662,LOC0154,Single Family,4,2.0,2638,1831,1914,284200.0,2023-04-22,Active,,,179,0.0,1,No,Yes,2023-04-22,2026-07-28
UPDATE,2026-07-28T00:00:00,2026-07-28,PT0350165,LST0350165,AG01621,LOC0122,Single Family,4,3.5,3555,2671,1957,1888300.0,2023-03-09,Active,,,105,0.0,3,No,Yes,2023-03-09,2026-07-28
UPDATE,2026-07-28T00:00:00,2026-07-28,PT0139209,LST0139209,AG00706,LOC0065,Single Family,2,1.0,1916,1613,1931,493100.0,2026-06-26,Active,,,162,0.0,0,No,No,2026-06-26,2026-07-28
UPDATE,2026-07-28T00:00:00,2026-07-28,PT0371535,LST0371535,AG02026,LOC0181,Single Family,2,3.0,1356,1267,1920,424600.0,2023-06-25,Pending,,,10,0.0,3,No,Yes,2023-06-25,2026-07-28
UPDATE,2026-07-28T00:00:00,2026-07-28,PT0161022,LST0161022,AG02646,LOC0140,Multi-Family,5,4.0,2567,2793,1916,875700.0,2026-04-04,Pending,,,167,0.0,0,No,Yes,2026-04-04,2026-07-28
UPDATE,2026-07-28T00:00:00,2026-07-28,PT0261510,LST0261510,AG02355,LOC0231,Single Family,3,2.5,2916,1490,1942,527000.0,2024-08-31,Active,,,89,0.0,3,No,No,2024-08-31,2026-07-28
UPDATE,2026-07-28T00:00:00,2026-07-28,PT0426816,LST0426816,AG01001,LOC0070,Single Family,5,3.5,1332,1076,1969,259000.0,2023-01-01,Active,,,168,0.0,1,No,No,2023-01-01,2026-07-28
UPDATE,2026-07-28T00:00:00,2026-07-28,PT0501856,LST0501856,AG00181,LOC0147,Single Family,6,2.0,1924,3242,1960,218700.0,2026-07-02,Sold,202093.17,2026-07-28,26,0.0,3,Yes,No,2026-07-02,2026-07-28
UPDATE,2026-07-28T00:00:00,2026-07-28,PT0222067,LST0222067,AG02713,LOC0016,Land,0,0.0,3024,3915,1974,690400.0,2023-08-12,Pending,,,0,0.0,0,No,No,2023-08-12,2026-07-28
UPDATE,2026-07-28T00:00:00,2026-07-28,PT0268287,LST0268287,AG01021,LOC0171,Single Family,2,2.0,1471,1559,1926,663300.0,2025-05-18,Active,,,137,0.0,1,No,No,2025-05-18,2026-07-28
UPDATE,2026-07-28T00:00:00,2026-07-28,PT0466830,LST0466830,AG02202,LOC0175,Townhouse,4,4.5,2745,1290,1930,599100.0,2025-10-23,Sold,570893.71,2026-07-28,278,298.0,2,No,No,2025-10-23,2026-07-28
UPDATE,2026-07-28T00:00:00,2026-07-28,PT0180181,LST0180181,AG00449,LOC0193,Condo,2,2.5,1476,5808,2010,817400.0,2025-11-12,Pending,,,18,450.0,0,No,No,2025-11-12,2026-07-28
UPDATE,2026-07-28T00:00:00,2026-07-28,PT0525291,LST0525291,AG01930,LOC0033,Single Family,5,4.0,1993,4565,1967,750900.0,2026-07-22,Active,,,0,0.0,2,No,No,2026-07-22,2026-07-28
UPDATE,2026-07-28T00:00:00,2026-07-28,PT0439515,LST0439515,AG02366,LOC0056,Single Family,2,3.0,1511,8455,2001,748700.0,2023-11-13,Pending,,,104,0.0,1,Yes,No,2023-11-13,2026-07-28
UPDATE,2026-07-28T00:00:00,2026-07-28,PT0147206,LST0147206,AG00024,LOC0009,Multi-Family,3,1.5,1994,2751,1968,483100.0,2026-03-24,Pending,,,2,0.0,3,No,No,2026-03-24,2026-07-28
UPDATE,2026-07-28T00:00:00,2026-07-28,PT0526481,LST0526481,AG01623,LOC0225,Land,0,0.0,5711,8000,2020,3660600.0,2026-07-24,Pending,,,0,0.0,0,No,No,2026-07-24,2026-07-28
UPDATE,2026-07-28T00:00:00,2026-07-28,PT0175979,LST0175979,AG00335,LOC0220,Single Family,6,4.5,1691,5070,1946,516000.0,2026-02-09,Active,,,114,0.0,0,No,Yes,2026-02-09,2026-07-28
UPDATE,2026-07-28T00:00:00,2026-07-28,PT0092870,LST0092870,AG00817,LOC0093,Condo,4,1.0,809,5590,1975,224600.0,2024-11-14,Pending,,,21,512.0,3,No,No,2024-11-14,2026-07-28
UPDATE,2026-07-28T00:00:00,2026-07-28,PT0519656,LST0519656,AG00616,LOC0035,Townhouse,1,1.5,1948,2656,1917,357400.0,2026-07-17,Pending,,,0,167.85,1,No,No,2026-07-17,2026-07-28
UPDATE,2026-07-28T00:00:00,2026-07-28,PT0006865,LST0006865,AG00837,LOC0240,Single Family,2,4.0,1860,1806,1987,300200.0,2026-02-16,Pending,,,103,0.0,3,No,No,2026-02-16,2026-07-28
UPDATE,2026-07-28T00:00:00,2026-07-28,PT0107816,LST0107816,AG01401,LOC0049,Condo,4,2.5,2591,4482,1930,484200.0,2023-10-19,Active,,,64,395.0,0,No,No,2023-10-19,2026-07-28
UPDATE,2026-07-28T00:00:00,2026-07-28,PT0034211,LST0034211,AG01015,LOC0111,Single Family,5,2.0,2484,4026,1932,371600.0,2023-07-20,Pending,,,122,0.0,3,No,Yes,2023-07-20,2026-07-28
UPDATE,2026-07-28T00:00:00,2026-07-28,PT0506269,LST0506269,AG00304,LOC0068,Condo,5,1.5,991,14743,1991,146200.0,2026-07-06,Sold,131059.48,2026-07-28,22,230.04,0,No,No,2026-07-06,2026-07-28
UPDATE,2026-07-28T00:00:00,2026-07-28,PT0461495,LST0461495,AG00612,LOC0228,Single Family,3,3.5,2649,7647,1957,638400.0,2024-12-24,Sold,604750.05,2026-07-28,581,0.0,2,No,Yes,2024-12-24,2026-07-28
UPDATE,2026-07-28T00:00:00,2026-07-28,PT0024148,LST0024148,AG00812,LOC0035,Single Family,2,4.0,1251,1171,1952,167500.0,2025-05-12,Active,,,142,0.0,3,No,Yes,2025-05-12,2026-07-28
UPDATE,2026-07-28T00:00:00,2026-07-28,PT0492883,LST0492883,AG02560,LOC0028,Multi-Family,5,1.0,1623,6979,1946,97100.0,2023-05-06,Active,,,172,0.0,2,No,No,2023-05-06,2026-07-28
UPDATE,2026-07-28T00:00:00,2026-07-28,PT0345393,LST0345393,AG02296,LOC0127,Single Family,6,2.0,1503,3592,2009,579200.0,2024-05-25,Active,,,23,0.0,2,No,Yes,2024-05-25,2026-07-28
UPDATE,2026-07-28T00:00:00,2026-07-28,PT0499499,LST0499499,AG00515,LOC0110,Multi-Family,4,3.5,2013,2660,2004,316100.0,2025-01-21,Sold,310612.04,2026-07-28,553,0.0,3,No,Yes,2025-01-21,2026-07-28
UPDATE,2026-07-28T00:00:00,2026-07-28,PT0429825,LST0429825,AG01124,LOC0205,Single Family,3,4.5,1394,13829,1917,560400.0,2023-01-31,Active,,,125,0.0,0,No,Yes,2023-01-31,2026-07-28
UPDATE,2026-07-28T00:00:00,2026-07-28,PT0029728,LST0029728,AG02805,LOC0235,Townhouse,1,3.5,1889,9489,2008,486000.0,2024-11-09,Pending,,,114,351.0,2,No,No,2024-11-09,2026-07-28
UPDATE,2026-07-28T00:00:00,2026-07-28,PT0396903,LST0396903,AG01181,LOC0100,Multi-Family,1,1.5,3218,2494,1921,659200.0,2024-03-26,Pending,,,41,0.0,0,No,No,2024-03-26,2026-07-28
UPDATE,2026-07-28T00:00:00,2026-07-28,PT0391332,LST0391332,AG00399,LOC0033,Single Family,2,2.5,2248,5985,1996,747400.0,2023-02-05,Active,,,174,0.0,1,No,Yes,2023-02-05,2026-07-28
UPDATE,2026-07-28T00:00:00,2026-07-28,PT0480269,LST0480269,AG00080,LOC0144,Townhouse,2,4.0,515,3395,1955,174400.0,2024-01-04,Pending,,,51,649.0,3,No,No,2024-01-04,2026-07-28
UPDATE,2026-07-28T00:00:00,2026-07-28,PT0254104,LST0254104,AG01326,LOC0145,Apartment,5,1.5,1924,0,1986,606400.0,2025-11-08,Pending,,,161,346.0,2,No,No,2025-11-08,2026-07-28
UPDATE,2026-07-28T00:00:00,2026-07-28,PT0284753,LST0284753,AG02036,LOC0227,Single Family,1,1.5,2184,1964,1962,514300.0,2023-11-16,Active,,,34,0.0,1,No,Yes,2023-11-16,2026-07-28
UPDATE,2026-07-28T00:00:00,2026-07-28,PT0360618,LST0360618,AG00251,LOC0083,Condo,6,2.5,2542,6696,1991,966200.0,2024-09-22,Sold,948698.87,2026-07-28,674,155.0,1,No,No,2024-09-22,2026-07-28
UPDATE,2026-07-28T00:00:00,2026-07-28,PT0298851,LST0298851,AG02484,LOC0065,Single Family,2,4.0,1393,12494,1981,237500.0,2025-08-01,Active,,,67,0.0,3,No,Yes,2025-08-01,2026-07-28
UPDATE,2026-07-28T00:00:00,2026-07-28,PT0481914,LST0481914,AG00662,LOC0078,Land,0,0.0,4441,7809,1986,1486200.0,2024-07-27,Active,,,71,0.0,0,No,No,2024-07-27,2026-07-28
UPDATE,2026-07-28T00:00:00,2026-07-28,PT0109957,LST0109957,AG02248,LOC0193,Single Family,2,1.0,1254,2643,1964,523400.0,2025-04-26,Active,,,130,0.0,1,Yes,No,2025-04-26,2026-07-28
UPDATE,2026-07-28T00:00:00,2026-07-28,PT0400435,LST0400435,AG01861,LOC0096,Condo,3,3.0,2693,5878,1980,161400.0,2023-04-18,Pending,,,93,624.0,2,No,No,2023-04-18,2026-07-28
UPDATE,2026-07-28T00:00:00,2026-07-28,PT0031742,LST0031742,AG01766,LOC0163,Apartment,2,4.0,718,0,1963,238400.0,2024-11-30,Sold,208208.84,2026-07-28,605,324.0,1,Yes,No,2024-11-30,2026-07-28
UPDATE,2026-07-28T00:00:00,2026-07-28,PT0269034,LST0269034,AG00290,LOC0185,Single Family,6,4.5,2238,1330,1907,1431800.0,2024-09-10,Active,,,136,0.0,1,No,Yes,2024-09-10,2026-07-28
UPDATE,2026-07-28T00:00:00,2026-07-28,PT0367694,LST0367694,AG01728,LOC0152,Single Family,2,1.5,2063,10031,2021,660600.0,2024-01-31,Active,,,45,0.0,1,No,No,2024-01-31,2026-07-28
UPDATE,2026-07-28T00:00:00,2026-07-28,PT0503052,LST0503052,AG00276,LOC0154,Condo,6,4.0,1496,4147,1978,202100.0,2026-07-03,Active,,,0,52.87,3,No,No,2026-07-03,2026-07-28
UPDATE,2026-07-28T00:00:00,2026-07-28,PT0504909,LST0504909,AG02974,LOC0011,Condo,5,1.0,1937,3263,1961,682700.0,2026-07-04,Active,,,0,380.94,0,No,No,2026-07-04,2026-07-28
UPDATE,2026-07-28T00:00:00,2026-07-28,PT0171856,LST0171856,AG02510,LOC0169,Single Family,1,3.5,2256,18366,1998,1043400.0,2023-09-17,Sold,1031498.98,2026-07-28,1045,0.0,1,No,Yes,2023-09-17,2026-07-28
UPDATE,2026-07-28T00:00:00,2026-07-28,PT0515322,LST0515322,AG01139,LOC0070,Apartment,1,4.5,1052,0,1931,251500.0,2026-07-13,Pending,,,0,370.12,0,No,No,2026-07-13,2026-07-28
UPDATE,2026-07-28T00:00:00,2026-07-28,PT0059746,LST0059746,AG00684,LOC0042,Single Family,3,4.5,2878,5830,2008,503700.0,2023-10-16,Active,,,74,0.0,0,Yes,Yes,2023-10-16,2026-07-28
UPDATE,2026-07-28T00:00:00,2026-07-28,PT0520304,LST0520304,AG01500,LOC0249,Townhouse,1,2.0,790,2142,2025,238000.0,2026-07-18,Active,,,0,566.62,1,No,No,2026-07-18,2026-07-28
UPDATE,2026-07-28T00:00:00,2026-07-28,PT0204366,LST0204366,AG02692,LOC0043,Single Family,4,4.5,3033,1169,1921,614100.0,2025-11-20,Active,,,160,0.0,3,No,Yes,2025-11-20,2026-07-28
UPDATE,2026-07-28T00:00:00,2026-07-28,PT0382007,LST0382007,AG00508,LOC0193,Condo,5,4.0,944,7746,1964,297300.0,2023-05-24,Active,,,32,547.0,2,No,No,2023-05-24,2026-07-28
UPDATE,2026-07-28T00:00:00,2026-07-28,PT0474871,LST0474871,AG00558,LOC0225,Condo,4,1.0,1952,2700,1964,1019700.0,2023-04-05,Active,,,74,613.0,0,No,No,2023-04-05,2026-07-28
UPDATE,2026-07-28T00:00:00,2026-07-28,PT0203151,LST0203151,AG01542,LOC0182,Condo,2,2.5,1736,1201,1979,419200.0,2026-02-22,Sold,429739.49,2026-07-28,156,362.0,3,No,No,2026-02-22,2026-07-28
UPDATE,2026-07-28T00:00:00,2026-07-28,PT0509737,LST0509737,AG00020,LOC0089,Single Family,1,2.0,2488,9828,1942,873800.0,2026-07-08,Active,,,0,0.0,3,No,Yes,2026-07-08,2026-07-28
UPDATE,2026-07-28T00:00:00,2026-07-28,PT0531591,LST0531591,AG00106,LOC0088,Condo,6,4.0,2135,12006,2000,118000.0,2026-07-28,Active,,,0,734.56,3,No,No,2026-07-28,2026-07-28
UPDATE,2026-07-28T00:00:00,2026-07-28,PT0069371,LST0069371,AG01180,LOC0183,Condo,1,3.5,1399,9965,1908,403600.0,2023-02-05,Active,,,135,297.0,2,No,No,2023-02-05,2026-07-28
UPDATE,2026-07-28T00:00:00,2026-07-28,PT0232440,LST0232440,AG01001,LOC0032,Condo,2,2.0,2710,3966,1921,198000.0,2026-05-03,Active,,,134,589.0,1,No,No,2026-05-03,2026-07-28
UPDATE,2026-07-28T00:00:00,2026-07-28,PT0275456,LST0275456,AG02174,LOC0248,Single Family,3,1.5,2571,3139,1944,741000.0,2023-03-31,Pending,,,11,0.0,2,No,No,2023-03-31,2026-07-28
UPDATE,2026-07-28T00:00:00,2026-07-28,PT0068046,LST0068046,AG02559,LOC0183,Land,0,0.0,4788,7312,2003,1509500.0,2026-05-13,Sold,1435592.53,2026-07-28,76,0.0,0,No,No,2026-05-13,2026-07-28
UPDATE,2026-07-28T00:00:00,2026-07-28,PT0154039,LST0154039,AG00289,LOC0011,Single Family,6,1.0,2623,3976,1989,1170400.0,2023-01-19,Pending,,,12,0.0,2,No,No,2023-01-19,2026-07-28
UPDATE,2026-07-28T00:00:00,2026-07-28,PT0495595,LST0495595,AG00910,LOC0021,Townhouse,6,2.5,2737,1829,1933,441200.0,2025-03-29,Pending,,,25,726.0,0,No,No,2025-03-29,2026-07-28
UPDATE,2026-07-28T00:00:00,2026-07-28,PT0271273,LST0271273,AG00563,LOC0027,Condo,2,2.5,2357,5490,2014,557300.0,2023-03-07,Active,,,53,333.0,2,No,No,2023-03-07,2026-07-28
UPDATE,2026-07-28T00:00:00,2026-07-28,PT0507864,LST0507864,AG01065,LOC0210,Multi-Family,6,3.0,2586,2365,1920,1177300.0,2026-07-07,Active,,,0,0.0,2,No,Yes,2026-07-07,2026-07-28
UPDATE,2026-07-28T00:00:00,2026-07-28,PT0527127,LST0527127,AG00821,LOC0025,Townhouse,3,3.0,1371,2050,1971,418400.0,2026-07-24,Active,,,0,749.03,0,No,No,2026-07-24,2026-07-28
UPDATE,2026-07-28T00:00:00,2026-07-28,PT0259273,LST0259273,AG00212,LOC0217,Townhouse,5,3.0,1423,4764,1963,121500.0,2024-06-18,Pending,,,46,302.0,0,No,No,2024-06-18,2026-07-28
UPDATE,2026-07-28T00:00:00,2026-07-28,PT0190928,LST0190928,AG02774,LOC0119,Single Family,3,2.0,1231,3452,1913,364300.0,2025-02-18,Active,,,151,0.0,1,No,No,2025-02-18,2026-07-28
UPDATE,2026-07-28T00:00:00,2026-07-28,PT0497751,LST0497751,AG00831,LOC0229,Condo,4,1.0,2126,5476,2007,383800.0,2023-03-12,Pending,,,83,175.0,2,Yes,No,2023-03-12,2026-07-28
UPDATE,2026-07-28T00:00:00,2026-07-28,PT0046660,LST0046660,AG02924,LOC0012,Condo,5,3.5,614,8814,1900,358600.0,2025-04-09,Active,,,155,782.0,0,No,No,2025-04-09,2026-07-28
UPDATE,2026-07-28T00:00:00,2026-07-28,PT0258237,LST0258237,AG01094,LOC0052,Apartment,4,3.0,909,0,1936,140500.0,2023-11-03,Active,,,45,572.0,0,No,No,2023-11-03,2026-07-28
UPDATE,2026-07-28T00:00:00,2026-07-28,PT0335867,LST0335867,AG00421,LOC0220,Townhouse,3,1.0,716,3665,1952,206500.0,2023-01-30,Pending,,,137,307.0,1,No,No,2023-01-30,2026-07-28
UPDATE,2026-07-28T00:00:00,2026-07-28,PT0307245,LST0307245,AG00196,LOC0122,Single Family,6,4.0,3017,4023,1933,557500.0,2023-12-11,Active,,,103,0.0,2,No,Yes,2023-12-11,2026-07-28
UPDATE,2026-07-28T00:00:00,2026-07-28,PT0113999,LST0113999,AG02538,LOC0105,Single Family,3,1.5,2037,2358,1933,545000.0,2023-10-23,Active,,,110,0.0,0,Yes,Yes,2023-10-23,2026-07-28
UPDATE,2026-07-28T00:00:00,2026-07-28,PT0293510,LST0293510,AG02814,LOC0188,Single Family,6,2.5,2823,9054,1963,607800.0,2023-07-24,Pending,,,9,0.0,3,Yes,No,2023-07-24,2026-07-28
UPDATE,2026-07-28T00:00:00,2026-07-28,PT0531769,LST0531769,AG01559,LOC0092,Single Family,6,3.5,1721,1147,1968,324700.0,2026-07-28,Pending,,,0,0.0,2,Yes,Yes,2026-07-28,2026-07-28
UPDATE,2026-07-28T00:00:00,2026-07-28,PT0486546,LST0486546,AG01504,LOC0236,Townhouse,1,2.0,1613,1308,1919,168800.0,2024-04-20,Pending,,,93,452.0,3,No,No,2024-04-20,2026-07-28
UPDATE,2026-07-28T00:00:00,2026-07-28,PT0259602,LST0259602,AG02529,LOC0100,Multi-Family,2,2.5,3046,5610,1990,418500.0,2025-08-13,Active,,,123,0.0,3,No,No,2025-08-13,2026-07-28
UPDATE,2026-07-28T00:00:00,2026-07-28,PT0115154,LST0115154,AG00397,LOC0002,Single Family,5,2.0,1697,2426,1930,385900.0,2025-12-26,Pending,,,63,0.0,3,No,No,2025-12-26,2026-07-28
UPDATE,2026-07-28T00:00:00,2026-07-28,PT0096751,LST0096751,AG00159,LOC0149,Apartment,5,4.5,865,0,1925,48100.0,2024-08-01,Sold,45164.41,2026-07-28,726,128.0,0,Yes,No,2024-08-01,2026-07-28
UPDATE,2026-07-28T00:00:00,2026-07-28,PT0034399,LST0034399,AG00189,LOC0207,Single Family,1,4.5,1783,6601,1915,348500.0,2024-10-14,Pending,,,23,0.0,1,No,No,2024-10-14,2026-07-28
UPDATE,2026-07-28T00:00:00,2026-07-28,PT0337397,LST0337397,AG01311,LOC0198,Townhouse,5,3.0,2449,4186,1972,574200.0,2024-08-10,Active,,,116,440.0,2,No,No,2024-08-10,2026-07-28
UPDATE,2026-07-28T00:00:00,2026-07-28,PT0358156,LST0358156,AG01762,LOC0145,Condo,6,3.5,1815,3450,1904,191600.0,2024-12-27,Sold,197382.29,2026-07-28,578,661.0,2,Yes,No,2024-12-27,2026-07-28
UPDATE,2026-07-28T00:00:00,2026-07-28,PT0087134,LST0087134,AG01787,LOC0127,Apartment,2,2.5,180,0,2013,91100.0,2025-01-24,Active,,,81,731.0,3,No,No,2025-01-24,2026-07-28
UPDATE,2026-07-28T00:00:00,2026-07-28,PT0101830,LST0101830,AG02176,LOC0138,Single Family,2,1.5,2244,1377,1949,740100.0,2026-06-22,Pending,,,132,0.0,1,Yes,No,2026-06-22,2026-07-28
UPDATE,2026-07-28T00:00:00,2026-07-28,PT0524718,LST0524718,AG02845,LOC0011,Multi-Family,3,4.0,3819,16729,1945,1124000.0,2026-07-22,Pending,,,0,0.0,3,No,No,2026-07-22,2026-07-28
UPDATE,2026-07-28T00:00:00,2026-07-28,PT0200822,LST0200822,AG00394,LOC0182,Condo,3,2.5,2437,2788,1952,754700.0,2023-05-20,Pending,,,97,460.0,0,No,No,2023-05-20,2026-07-28
UPDATE,2026-07-28T00:00:00,2026-07-28,PT0173005,LST0173005,AG00468,LOC0247,Multi-Family,4,1.5,1300,3219,1950,115500.0,2025-02-04,Active,,,173,0.0,0,No,No,2025-02-04,2026-07-28
UPDATE,2026-07-28T00:00:00,2026-07-28,PT0439247,LST0439247,AG00843,LOC0206,Condo,6,3.0,1612,5300,1977,559100.0,2024-07-20,Active,,,168,267.0,0,No,No,2024-07-20,2026-07-28
UPDATE,2026-07-28T00:00:00,2026-07-28,PT0058089,LST0058089,AG01430,LOC0024,Single Family,5,4.0,1450,6358,1952,504600.0,2024-08-17,Active,,,121,0.0,2,No,No,2024-08-17,2026-07-28
UPDATE,2026-07-28T00:00:00,2026-07-28,PT0315109,LST0315109,AG01058,LOC0219,Single Family,6,1.5,830,4557,2002,440600.0,2025-10-29,Pending,,,14,0.0,1,Yes,No,2025-10-29,2026-07-28
UPDATE,2026-07-28T00:00:00,2026-07-28,PT0036522,LST0036522,AG00793,LOC0162,Single Family,4,2.5,1331,3090,1939,272400.0,2024-09-16,Active,,,56,0.0,3,No,No,2024-09-16,2026-07-28
UPDATE,2026-07-28T00:00:00,2026-07-28,PT0301459,LST0301459,AG02718,LOC0014,Single Family,1,3.0,1762,5611,1950,398500.0,2023-12-02,Pending,,,140,0.0,2,Yes,Yes,2023-12-02,2026-07-28
UPDATE,2026-07-28T00:00:00,2026-07-28,PT0154016,LST0154016,AG00271,LOC0086,Condo,1,4.0,2250,13468,1908,434300.0,2024-08-21,Active,,,90,389.0,0,No,No,2024-08-21,2026-07-28
UPDATE,2026-07-28T00:00:00,2026-07-28,PT0313124,LST0313124,AG00531,LOC0132,Single Family,3,1.0,2183,4510,2001,467900.0,2023-08-25,Active,,,24,0.0,0,No,No,2023-08-25,2026-07-28
UPDATE,2026-07-28T00:00:00,2026-07-28,PT0106405,LST0106405,AG02700,LOC0156,Single Family,5,4.0,1863,2058,1960,964800.0,2023-09-12,Active,,,15,0.0,2,No,No,2023-09-12,2026-07-28
UPDATE,2026-07-28T00:00:00,2026-07-28,PT0321648,LST0321648,AG01304,LOC0189,Single Family,3,1.5,1935,2588,1908,660400.0,2024-06-14,Active,,,94,0.0,0,No,No,2024-06-14,2026-07-28
UPDATE,2026-07-28T00:00:00,2026-07-28,PT0519849,LST0519849,AG01931,LOC0053,Apartment,2,4.5,1722,0,1919,524500.0,2026-07-17,Sold,523565.31,2026-07-28,11,295.56,1,No,No,2026-07-17,2026-07-28
UPDATE,2026-07-28T00:00:00,2026-07-28,PT0418514,LST0418514,AG02908,LOC0032,Single Family,3,4.5,3101,6895,1918,253800.0,2025-11-03,Active,,,24,0.0,2,No,Yes,2025-11-03,2026-07-28
UPDATE,2026-07-28T00:00:00,2026-07-28,PT0260032,LST0260032,AG01724,LOC0238,Single Family,3,2.0,2312,5767,2009,380200.0,2024-03-20,Pending,,,68,0.0,3,No,No,2024-03-20,2026-07-28
UPDATE,2026-07-28T00:00:00,2026-07-28,PT0263570,LST0263570,AG02806,LOC0080,Single Family,1,2.5,480,11654,1982,238700.0,2023-08-28,Active,,,128,0.0,1,No,Yes,2023-08-28,2026-07-28
UPDATE,2026-07-28T00:00:00,2026-07-28,PT0106672,LST0106672,AG02021,LOC0081,Townhouse,5,4.0,1410,4804,1937,298800.0,2024-03-12,Active,,,24,79.0,2,No,No,2024-03-12,2026-07-28
UPDATE,2026-07-28T00:00:00,2026-07-28,PT0508995,LST0508995,AG01035,LOC0049,Single Family,4,1.5,2210,2796,1907,607300.0,2026-07-08,Sold,607637.25,2026-07-28,20,0.0,2,No,Yes,2026-07-08,2026-07-28
UPDATE,2026-07-28T00:00:00,2026-07-28,PT0217950,LST0217950,AG02687,LOC0232,Apartment,3,1.0,1815,0,1969,504900.0,2025-07-07,Pending,,,103,294.0,2,No,No,2025-07-07,2026-07-28
UPDATE,2026-07-28T00:00:00,2026-07-28,PT0378828,LST0378828,AG01012,LOC0179,Condo,5,4.0,1802,7492,2017,466800.0,2023-10-18,Sold,463511.56,2026-07-28,1014,644.0,3,No,No,2023-10-18,2026-07-28
UPDATE,2026-07-28T00:00:00,2026-07-28,PT0455968,LST0455968,AG01821,LOC0237,Single Family,6,2.0,953,4427,1900,118400.0,2024-06-26,Active,,,52,0.0,0,No,Yes,2024-06-26,2026-07-28
UPDATE,2026-07-28T00:00:00,2026-07-28,PT0462218,LST0462218,AG02404,LOC0105,Single Family,2,2.0,3982,1494,1961,835000.0,2025-01-21,Sold,869861.16,2026-07-28,553,0.0,0,No,No,2025-01-21,2026-07-28
UPDATE,2026-07-28T00:00:00,2026-07-28,PT0310182,LST0310182,AG01597,LOC0183,Single Family,6,3.0,1370,5140,2016,275500.0,2025-06-26,Active,,,30,0.0,0,No,No,2025-06-26,2026-07-28
UPDATE,2026-07-28T00:00:00,2026-07-28,PT0161609,LST0161609,AG00385,LOC0223,Condo,1,3.0,1457,4107,1943,693400.0,2024-08-31,Pending,,,135,374.0,3,No,No,2024-08-31,2026-07-28
UPDATE,2026-07-28T00:00:00,2026-07-28,PT0510858,LST0510858,AG00945,LOC0119,Single Family,4,2.0,854,3821,2017,272500.0,2026-07-09,Active,,,0,0.0,1,Yes,No,2026-07-09,2026-07-28
UPDATE,2026-07-28T00:00:00,2026-07-28,PT0322032,LST0322032,AG01967,LOC0188,Condo,3,1.0,1162,4240,1999,288900.0,2023-12-23,Sold,270763.41,2026-07-28,948,564.0,3,Yes,No,2023-12-23,2026-07-28
UPDATE,2026-07-28T00:00:00,2026-07-28,PT0490574,LST0490574,AG02738,LOC0138,Single Family,3,2.0,1371,8190,1965,759500.0,2023-01-20,Active,,,121,0.0,1,No,Yes,2023-01-20,2026-07-28
UPDATE,2026-07-28T00:00:00,2026-07-28,PT0121831,LST0121831,AG02614,LOC0051,Single Family,6,1.0,2686,3962,1907,313300.0,2026-03-16,Sold,305347.27,2026-07-28,134,0.0,0,No,No,2026-03-16,2026-07-28
UPDATE,2026-07-28T00:00:00,2026-07-28,PT0057510,LST0057510,AG00196,LOC0002,Condo,4,2.5,1735,3988,1911,564000.0,2024-02-22,Sold,544354.85,2026-07-28,887,799.0,2,No,No,2024-02-22,2026-07-28
UPDATE,2026-07-28T00:00:00,2026-07-28,PT0192790,LST0192790,AG00762,LOC0131,Townhouse,2,2.0,1392,19302,1967,480900.0,2024-03-13,Active,,,96,187.0,3,No,No,2024-03-13,2026-07-28
UPDATE,2026-07-28T00:00:00,2026-07-28,PT0497564,LST0497564,AG00527,LOC0049,Single Family,2,1.0,2504,13307,1951,651600.0,2026-03-21,Sold,635700.7,2026-07-28,129,0.0,1,No,No,2026-03-21,2026-07-28
UPDATE,2026-07-28T00:00:00,2026-07-28,PT0221194,LST0221194,AG01457,LOC0171,Single Family,3,3.0,1517,1570,1954,259900.0,2025-07-31,Active,,,47,0.0,0,No,No,2025-07-31,2026-07-28
UPDATE,2026-07-28T00:00:00,2026-07-28,PT0444668,LST0444668,AG01738,LOC0050,Single Family,5,1.0,1653,4412,2025,226700.0,2025-05-19,Pending,,,67,0.0,1,No,Yes,2025-05-19,2026-07-28
UPDATE,2026-07-28T00:00:00,2026-07-28,PT0121016,LST0121016,AG00153,LOC0223,Single Family,4,3.5,1036,3172,2007,528100.0,2025-06-20,Active,,,179,0.0,1,No,Yes,2025-06-20,2026-07-28
UPDATE,2026-07-28T00:00:00,2026-07-28,PT0514805,LST0514805,AG01182,LOC0069,Single Family,5,2.0,1127,1858,1910,454100.0,2026-07-13,Active,,,0,0.0,3,Yes,Yes,2026-07-13,2026-07-28
UPDATE,2026-07-28T00:00:00,2026-07-28,PT0509883,LST0509883,AG00552,LOC0083,Condo,2,3.5,1485,3031,1910,526100.0,2026-07-09,Active,,,0,377.29,3,No,No,2026-07-09,2026-07-28
UPDATE,2026-07-28T00:00:00,2026-07-28,PT0424997,LST0424997,AG01557,LOC0211,Apartment,1,2.5,1544,0,1959,638800.0,2026-03-03,Pending,,,160,345.0,3,Yes,No,2026-03-03,2026-07-28
UPDATE,2026-07-28T00:00:00,2026-07-28,PT0224649,LST0224649,AG00870,LOC0103,Condo,6,4.0,1894,4766,1961,227000.0,2025-12-11,Sold,217029.43,2026-07-28,229,423.0,3,No,No,2025-12-11,2026-07-28
UPDATE,2026-07-28T00:00:00,2026-07-28,PT0160489,LST0160489,AG01106,LOC0216,Single Family,5,2.5,2339,2795,1913,611900.0,2023-07-19,Sold,586521.34,2026-07-28,1105,0.0,0,Yes,Yes,2023-07-19,2026-07-28
UPDATE,2026-07-28T00:00:00,2026-07-28,PT0287539,LST0287539,AG01782,LOC0184,Single Family,1,4.0,2738,7897,1974,876600.0,2024-10-30,Active,,,90,0.0,2,No,Yes,2024-10-30,2026-07-28
UPDATE,2026-07-28T00:00:00,2026-07-28,PT0298991,LST0298991,AG02340,LOC0198,Townhouse,4,4.0,1682,1953,2024,175100.0,2025-03-15,Pending,,,82,799.0,2,No,No,2025-03-15,2026-07-28
UPDATE,2026-07-28T00:00:00,2026-07-28,PT0250137,LST0250137,AG01057,LOC0197,Single Family,1,1.0,1633,4471,1930,440100.0,2025-10-15,Pending,,,138,0.0,1,No,Yes,2025-10-15,2026-07-28
UPDATE,2026-07-28T00:00:00,2026-07-28,PT0232419,LST0232419,AG02742,LOC0223,Single Family,3,1.5,613,9810,1934,206500.0,2023-01-28,Pending,,,110,0.0,1,No,No,2023-01-28,2026-07-28
UPDATE,2026-07-28T00:00:00,2026-07-28,PT0033756,LST0033756,AG01901,LOC0075,Condo,2,3.5,2345,1801,1991,488100.0,2025-06-16,Pending,,,146,506.0,2,No,No,2025-06-16,2026-07-28
UPDATE,2026-07-28T00:00:00,2026-07-28,PT0263813,LST0263813,AG02330,LOC0156,Single Family,4,2.0,2930,1947,2023,1441400.0,2024-10-02,Active,,,102,0.0,0,No,Yes,2024-10-02,2026-07-28
UPDATE,2026-07-28T00:00:00,2026-07-28,PT0134677,LST0134677,AG02673,LOC0143,Single Family,3,1.0,707,8231,2019,94200.0,2025-08-31,Pending,,,32,0.0,0,No,Yes,2025-08-31,2026-07-28
UPDATE,2026-07-28T00:00:00,2026-07-28,PT0451020,LST0451020,AG02876,LOC0113,Condo,3,3.5,1864,4738,1901,689800.0,2025-05-17,Sold,676564.44,2026-07-28,437,676.0,0,No,No,2025-05-17,2026-07-28
UPDATE,2026-07-28T00:00:00,2026-07-28,PT0501996,LST0501996,AG02471,LOC0090,Single Family,5,4.0,407,2787,1959,85200.0,2026-07-02,Active,,,0,0.0,2,No,No,2026-07-02,2026-07-28
UPDATE,2026-07-28T00:00:00,2026-07-28,PT0171852,LST0171852,AG02177,LOC0165,Apartment,2,1.0,1215,0,1932,598500.0,2026-01-30,Active,,,167,128.0,3,No,No,2026-01-30,2026-07-28
UPDATE,2026-07-28T00:00:00,2026-07-28,PT0105227,LST0105227,AG01037,LOC0054,Condo,3,4.5,986,1318,1971,80500.0,2023-06-25,Sold,80896.96,2026-07-28,1129,185.0,3,No,No,2023-06-25,2026-07-28
UPDATE,2026-07-28T00:00:00,2026-07-28,PT0286032,LST0286032,AG01832,LOC0026,Single Family,1,3.0,2492,3171,1902,448200.0,2025-10-16,Pending,,,126,0.0,3,No,Yes,2025-10-16,2026-07-28
UPDATE,2026-07-28T00:00:00,2026-07-28,PT0521025,LST0521025,AG00227,LOC0088,Townhouse,6,4.0,1952,4544,1981,345000.0,2026-07-19,Active,,,0,405.95,3,No,No,2026-07-19,2026-07-28
UPDATE,2026-07-28T00:00:00,2026-07-28,PT0344934,LST0344934,AG01339,LOC0027,Single Family,5,1.5,836,1271,1975,308500.0,2025-12-06,Active,,,43,0.0,2,No,Yes,2025-12-06,2026-07-28
UPDATE,2026-07-28T00:00:00,2026-07-28,PT0195782,LST0195782,AG01609,LOC0133,Single Family,5,4.5,2073,4753,1994,304400.0,2023-02-03,Pending,,,131,0.0,3,Yes,Yes,2023-02-03,2026-07-28
UPDATE,2026-07-28T00:00:00,2026-07-28,PT0071421,LST0071421,AG00351,LOC0248,Townhouse,1,1.5,2783,3228,2011,612500.0,2025-11-24,Pending,,,136,341.0,3,No,No,2025-11-24,2026-07-28
UPDATE,2026-07-28T00:00:00,2026-07-28,PT0350111,LST0350111,AG01729,LOC0073,Land,0,0.0,3365,6563,1947,1303600.0,2024-05-03,Pending,,,5,0.0,0,No,No,2024-05-03,2026-07-28
UPDATE,2026-07-28T00:00:00,2026-07-28,PT0066104,LST0066104,AG02272,LOC0189,Condo,5,3.0,2068,4941,1969,282400.0,2024-02-20,Pending,,,42,296.0,0,No,No,2024-02-20,2026-07-28
UPDATE,2026-07-28T00:00:00,2026-07-28,PT0077484,LST0077484,AG01488,LOC0138,Multi-Family,1,4.0,3822,1319,1972,679100.0,2026-02-04,Sold,608584.81,2026-07-28,174,0.0,2,No,Yes,2026-02-04,2026-07-28
UPDATE,2026-07-28T00:00:00,2026-07-28,PT0060446,LST0060446,AG00308,LOC0163,Condo,2,3.0,2340,10872,1986,1039600.0,2025-10-03,Pending,,,53,181.0,2,No,No,2025-10-03,2026-07-28
UPDATE,2026-07-28T00:00:00,2026-07-28,PT0262692,LST0262692,AG01704,LOC0029,Condo,1,1.0,2691,2888,1975,669800.0,2025-03-25,Active,,,119,605.0,2,No,No,2025-03-25,2026-07-28
UPDATE,2026-07-28T00:00:00,2026-07-28,PT0170941,LST0170941,AG02774,LOC0121,Townhouse,2,3.0,1451,6893,1930,377200.0,2024-12-20,Active,,,38,384.0,3,Yes,No,2024-12-20,2026-07-28
UPDATE,2026-07-28T00:00:00,2026-07-28,PT0203953,LST0203953,AG02347,LOC0103,Multi-Family,1,4.5,1892,2806,1939,329300.0,2023-04-06,Active,,,50,0.0,3,No,No,2023-04-06,2026-07-28
UPDATE,2026-07-28T00:00:00,2026-07-28,PT0298305,LST0298305,AG01940,LOC0235,Land,0,0.0,6234,2511,1970,1958600.0,2023-06-28,Pending,,,118,0.0,0,No,No,2023-06-28,2026-07-28
UPDATE,2026-07-28T00:00:00,2026-07-28,PT0517955,LST0517955,AG01455,LOC0112,Townhouse,3,3.0,2715,3740,2010,491100.0,2026-07-15,Sold,448975.92,2026-07-28,13,428.32,0,No,No,2026-07-15,2026-07-28
UPDATE,2026-07-28T00:00:00,2026-07-28,PT0152807,LST0152807,AG02732,LOC0053,Condo,3,4.5,1840,2991,1981,966800.0,2026-01-08,Pending,,,109,221.0,1,No,No,2026-01-08,2026-07-28
UPDATE,2026-07-28T00:00:00,2026-07-28,PT0110162,LST0110162,AG02694,LOC0156,Apartment,1,2.0,1299,0,1908,386800.0,2024-11-12,Sold,386037.93,2026-07-28,623,389.0,0,No,No,2024-11-12,2026-07-28
UPDATE,2026-07-28T00:00:00,2026-07-28,PT0282254,LST0282254,AG01672,LOC0084,Single Family,1,4.5,962,3979,2025,464600.0,2026-04-27,Pending,,,166,0.0,1,No,No,2026-04-27,2026-07-28
UPDATE,2026-07-28T00:00:00,2026-07-28,PT0510611,LST0510611,AG01066,LOC0242,Single Family,3,4.5,1615,2824,1941,402000.0,2026-07-09,Sold,388967.82,2026-07-28,19,0.0,1,No,Yes,2026-07-09,2026-07-28
UPDATE,2026-07-28T00:00:00,2026-07-28,PT0473811,LST0473811,AG02271,LOC0027,Townhouse,3,4.5,2795,3789,1933,216000.0,2025-12-13,Sold,214838.19,2026-07-28,227,331.0,3,No,No,2025-12-13,2026-07-28
UPDATE,2026-07-28T00:00:00,2026-07-28,PT0020126,LST0020126,AG01974,LOC0029,Single Family,4,4.5,3065,2901,1968,827600.0,2025-12-09,Pending,,,64,0.0,1,No,Yes,2025-12-09,2026-07-28
UPDATE,2026-07-28T00:00:00,2026-07-28,PT0208618,LST0208618,AG01015,LOC0033,Land,0,0.0,3489,14280,1903,1543800.0,2024-05-23,Active,,,143,0.0,0,No,No,2024-05-23,2026-07-28
UPDATE,2026-07-28T00:00:00,2026-07-28,PT0257389,LST0257389,AG00999,LOC0136,Condo,6,4.0,2422,5187,1938,642900.0,2026-06-19,Sold,614077.68,2026-07-28,39,716.0,0,No,No,2026-06-19,2026-07-28
UPDATE,2026-07-28T00:00:00,2026-07-28,PT0326705,LST0326705,AG00407,LOC0171,Townhouse,1,1.0,1984,4448,1948,755000.0,2025-10-15,Pending,,,150,384.0,3,No,No,2025-10-15,2026-07-28
UPDATE,2026-07-28T00:00:00,2026-07-28,PT0389934,LST0389934,AG00346,LOC0021,Single Family,5,2.5,715,1204,2015,109100.0,2023-05-09,Active,,,60,0.0,0,No,No,2023-05-09,2026-07-28
UPDATE,2026-07-28T00:00:00,2026-07-28,PT0210173,LST0210173,AG01121,LOC0042,Apartment,6,3.0,1560,0,1974,587500.0,2023-08-03,Active,,,40,767.0,1,No,No,2023-08-03,2026-07-28
UPDATE,2026-07-28T00:00:00,2026-07-28,PT0507736,LST0507736,AG02334,LOC0184,Single Family,4,2.0,2108,3212,1990,839400.0,2026-07-07,Active,,,0,0.0,3,Yes,Yes,2026-07-07,2026-07-28
UPDATE,2026-07-28T00:00:00,2026-07-28,PT0184633,LST0184633,AG00333,LOC0047,Condo,1,4.0,2178,3083,2007,1106300.0,2025-12-08,Sold,1118735.95,2026-07-28,232,578.0,3,No,No,2025-12-08,2026-07-28
UPDATE,2026-07-28T00:00:00,2026-07-28,PT0327019,LST0327019,AG02631,LOC0045,Condo,5,2.0,1273,2098,1947,408600.0,2026-04-27,Sold,375085.45,2026-07-28,92,225.0,1,No,No,2026-04-27,2026-07-28
UPDATE,2026-07-28T00:00:00,2026-07-28,PT0361719,LST0361719,AG01540,LOC0213,Land,0,0.0,10070,3204,1908,1306000.0,2025-01-12,Pending,,,154,0.0,0,No,No,2025-01-12,2026-07-28
UPDATE,2026-07-28T00:00:00,2026-07-28,PT0518344,LST0518344,AG02356,LOC0097,Land,0,0.0,6710,6928,1959,1723200.0,2026-07-16,Active,,,0,0.0,0,No,No,2026-07-16,2026-07-28
UPDATE,2026-07-28T00:00:00,2026-07-28,PT0501005,LST0501005,AG02559,LOC0022,Condo,3,4.0,1048,3648,1988,404500.0,2026-07-01,Active,,,0,715.48,2,No,No,2026-07-01,2026-07-28
UPDATE,2026-07-28T00:00:00,2026-07-28,PT0507978,LST0507978,AG01926,LOC0205,Land,0,0.0,7085,3584,1909,2632200.0,2026-07-07,Active,,,0,0.0,0,No,No,2026-07-07,2026-07-28
UPDATE,2026-07-28T00:00:00,2026-07-28,PT0127584,LST0127584,AG02436,LOC0141,Apartment,6,2.5,289,0,1990,83500.0,2026-01-04,Active,,,154,121.0,3,No,No,2026-01-04,2026-07-28
UPDATE,2026-07-28T00:00:00,2026-07-28,PT0373497,LST0373497,AG01699,LOC0155,Single Family,6,2.0,2485,3935,1939,418000.0,2026-02-21,Pending,,,9,0.0,3,No,Yes,2026-02-21,2026-07-28
UPDATE,2026-07-28T00:00:00,2026-07-28,PT0202451,LST0202451,AG00177,LOC0106,Apartment,6,1.0,1010,0,1936,270300.0,2025-07-17,Sold,258034.5,2026-07-28,376,341.0,2,No,No,2025-07-17,2026-07-28
UPDATE,2026-07-28T00:00:00,2026-07-28,PT0368429,LST0368429,AG00891,LOC0053,Condo,4,1.0,2018,2116,1944,664200.0,2023-08-17,Pending,,,93,346.0,3,Yes,No,2023-08-17,2026-07-28
UPDATE,2026-07-28T00:00:00,2026-07-28,PT0523586,LST0523586,AG02096,LOC0072,Land,0,0.0,2028,3335,2003,204300.0,2026-07-21,Sold,189487.96,2026-07-28,7,0.0,0,No,No,2026-07-21,2026-07-28
UPDATE,2026-07-28T00:00:00,2026-07-28,PT0526173,LST0526173,AG00453,LOC0082,Multi-Family,5,4.0,1347,2018,1947,214800.0,2026-07-23,Active,,,0,0.0,1,No,No,2026-07-23,2026-07-28
UPDATE,2026-07-28T00:00:00,2026-07-28,PT0475424,LST0475424,AG01305,LOC0234,Condo,1,2.5,2553,3484,1972,1131600.0,2023-10-19,Pending,,,86,419.0,0,No,No,2023-10-19,2026-07-28
UPDATE,2026-07-28T00:00:00,2026-07-28,PT0028176,LST0028176,AG02863,LOC0069,Land,0,0.0,8937,10568,2021,1267700.0,2025-08-11,Active,,,63,0.0,0,No,No,2025-08-11,2026-07-28
UPDATE,2026-07-28T00:00:00,2026-07-28,PT0132940,LST0132940,AG02296,LOC0198,Multi-Family,6,4.5,5065,6333,1929,681600.0,2026-02-01,Active,,,170,0.0,1,No,Yes,2026-02-01,2026-07-28
UPDATE,2026-07-28T00:00:00,2026-07-28,PT0378709,LST0378709,AG02957,LOC0078,Single Family,5,4.5,1813,3847,1903,446000.0,2023-10-31,Active,,,67,0.0,3,Yes,Yes,2023-10-31,2026-07-28
UPDATE,2026-07-28T00:00:00,2026-07-28,PT0233353,LST0233353,AG00756,LOC0168,Single Family,2,1.0,1668,4497,1918,626700.0,2025-11-22,Active,,,3,0.0,0,No,Yes,2025-11-22,2026-07-28
UPDATE,2026-07-28T00:00:00,2026-07-28,PT0377177,LST0377177,AG01668,LOC0078,Townhouse,2,2.0,1237,2814,1971,262500.0,2025-12-03,Active,,,20,286.0,1,No,No,2025-12-03,2026-07-28
UPDATE,2026-07-28T00:00:00,2026-07-28,PT0037987,LST0037987,AG01121,LOC0224,Condo,1,1.0,651,14150,2009,224400.0,2023-03-02,Pending,,,76,785.0,3,No,No,2023-03-02,2026-07-28
UPDATE,2026-07-28T00:00:00,2026-07-28,PT0195071,LST0195071,AG00750,LOC0212,Land,0,0.0,5907,3714,2006,2077300.0,2024-10-19,Pending,,,38,0.0,0,No,No,2024-10-19,2026-07-28
UPDATE,2026-07-28T00:00:00,2026-07-28,PT0069612,LST0069612,AG02307,LOC0125,Single Family,6,3.0,446,9062,1998,94100.0,2024-03-09,Sold,93962.48,2026-07-28,871,0.0,0,No,No,2024-03-09,2026-07-28
UPDATE,2026-07-28T00:00:00,2026-07-28,PT0407504,LST0407504,AG00614,LOC0215,Condo,3,2.5,1202,1986,1916,449400.0,2025-03-29,Active,,,141,625.0,1,Yes,No,2025-03-29,2026-07-28
UPDATE,2026-07-28T00:00:00,2026-07-28,PT0100544,LST0100544,AG01141,LOC0170,Single Family,2,4.0,1292,2073,2016,183100.0,2025-09-04,Pending,,,146,0.0,3,No,Yes,2025-09-04,2026-07-28
UPDATE,2026-07-28T00:00:00,2026-07-28,PT0122230,LST0122230,AG00811,LOC0160,Single Family,6,1.0,2340,2760,2013,746200.0,2023-06-30,Pending,,,95,0.0,2,No,Yes,2023-06-30,2026-07-28
UPDATE,2026-07-28T00:00:00,2026-07-28,PT0268918,LST0268918,AG01071,LOC0125,Single Family,6,2.0,2379,5623,2007,943400.0,2024-08-12,Pending,,,44,0.0,1,No,Yes,2024-08-12,2026-07-28
UPDATE,2026-07-28T00:00:00,2026-07-28,PT0088172,LST0088172,AG02507,LOC0094,Townhouse,4,2.0,1550,3310,2020,318200.0,2023-12-25,Active,,,33,182.0,2,No,No,2023-12-25,2026-07-28
UPDATE,2026-07-28T00:00:00,2026-07-28,PT0403739,LST0403739,AG00621,LOC0141,Land,0,0.0,4260,8658,2020,247100.0,2023-06-18,Sold,234282.89,2026-07-28,1136,0.0,0,No,No,2023-06-18,2026-07-28
UPDATE,2026-07-28T00:00:00,2026-07-28,PT0177242,LST0177242,AG02702,LOC0095,Land,0,0.0,5113,4490,1901,921400.0,2023-03-23,Active,,,176,0.0,0,No,No,2023-03-23,2026-07-28
UPDATE,2026-07-28T00:00:00,2026-07-28,PT0372103,LST0372103,AG01302,LOC0037,Apartment,1,3.0,1534,0,1906,602900.0,2024-06-23,Active,,,176,337.0,2,Yes,No,2024-06-23,2026-07-28
UPDATE,2026-07-28T00:00:00,2026-07-28,PT0224571,LST0224571,AG02130,LOC0190,Single Family,6,2.0,2075,2711,1906,451600.0,2023-12-03,Sold,437421.78,2026-07-28,968,0.0,3,No,No,2023-12-03,2026-07-28
UPDATE,2026-07-28T00:00:00,2026-07-28,PT0239530,LST0239530,AG02491,LOC0009,Single Family,6,1.0,2022,1451,1986,456200.0,2023-01-02,Pending,,,52,0.0,2,No,Yes,2023-01-02,2026-07-28
UPDATE,2026-07-28T00:00:00,2026-07-28,PT0326594,LST0326594,AG00150,LOC0159,Single Family,6,1.0,2076,4236,1951,656200.0,2025-08-27,Sold,674064.47,2026-07-28,335,0.0,0,No,No,2025-08-27,2026-07-28
UPDATE,2026-07-28T00:00:00,2026-07-28,PT0000381,LST0000381,AG01264,LOC0077,Condo,4,4.0,2138,4374,1952,797200.0,2024-11-19,Active,,,37,332.0,1,No,No,2024-11-19,2026-07-28
UPDATE,2026-07-28T00:00:00,2026-07-28,PT0434065,LST0434065,AG01985,LOC0243,Townhouse,4,1.0,1678,6944,1982,427400.0,2025-09-09,Active,,,28,93.0,1,No,No,2025-09-09,2026-07-28
UPDATE,2026-07-28T00:00:00,2026-07-28,PT0107589,LST0107589,AG01741,LOC0250,Single Family,5,1.5,2649,4120,1913,635300.0,2024-10-09,Active,,,163,0.0,3,No,No,2024-10-09,2026-07-28
UPDATE,2026-07-28T00:00:00,2026-07-28,PT0463846,LST0463846,AG00638,LOC0167,Single Family,2,1.0,2485,7256,1968,1277200.0,2025-03-25,Pending,,,33,0.0,2,No,No,2025-03-25,2026-07-28
UPDATE,2026-07-28T00:00:00,2026-07-28,PT0476013,LST0476013,AG02981,LOC0020,Multi-Family,1,4.0,3446,1836,2010,412400.0,2026-06-24,Active,,,106,0.0,0,No,No,2026-06-24,2026-07-28
UPDATE,2026-07-28T00:00:00,2026-07-28,PT0420712,LST0420712,AG01034,LOC0242,Condo,1,1.5,1281,2919,1940,361700.0,2023-03-23,Pending,,,142,424.0,3,No,No,2023-03-23,2026-07-28
UPDATE,2026-07-28T00:00:00,2026-07-28,PT0204683,LST0204683,AG02277,LOC0005,Apartment,3,4.5,840,0,1991,286400.0,2023-10-12,Pending,,,128,771.0,1,No,No,2023-10-12,2026-07-28
UPDATE,2026-07-28T00:00:00,2026-07-28,PT0518629,LST0518629,AG01677,LOC0220,Single Family,3,4.0,796,4088,1951,270000.0,2026-07-16,Pending,,,0,0.0,2,No,Yes,2026-07-16,2026-07-28
UPDATE,2026-07-28T00:00:00,2026-07-28,PT0142362,LST0142362,AG00436,LOC0166,Condo,3,2.5,1845,1248,2006,887800.0,2023-05-12,Pending,,,90,152.0,3,Yes,No,2023-05-12,2026-07-28
UPDATE,2026-07-28T00:00:00,2026-07-28,PT0503504,LST0503504,AG02143,LOC0212,Condo,4,2.5,2150,1905,2014,1140500.0,2026-07-03,Active,,,0,356.04,0,No,No,2026-07-03,2026-07-28
UPDATE,2026-07-28T00:00:00,2026-07-28,PT0413071,LST0413071,AG01845,LOC0162,Single Family,3,2.5,3100,6629,1985,783700.0,2023-05-31,Pending,,,104,0.0,1,Yes,Yes,2023-05-31,2026-07-28
UPDATE,2026-07-28T00:00:00,2026-07-28,PT0456392,LST0456392,AG00689,LOC0151,Condo,6,1.0,3448,3504,1983,499100.0,2023-08-31,Active,,,154,172.0,3,No,No,2023-08-31,2026-07-28
UPDATE,2026-07-28T00:00:00,2026-07-28,PT0042401,LST0042401,AG02152,LOC0004,Townhouse,4,3.0,1565,1600,1954,172800.0,2024-03-03,Sold,179145.86,2026-07-28,877,651.0,0,No,No,2024-03-03,2026-07-28
UPDATE,2026-07-28T00:00:00,2026-07-28,PT0450845,LST0450845,AG00068,LOC0210,Single Family,2,1.5,2591,5099,1900,958800.0,2023-10-21,Pending,,,43,0.0,1,No,Yes,2023-10-21,2026-07-28
UPDATE,2026-07-28T00:00:00,2026-07-28,PT0248864,LST0248864,AG00615,LOC0190,Multi-Family,6,3.5,3450,7012,1971,239200.0,2023-04-04,Pending,,,108,0.0,1,No,Yes,2023-04-04,2026-07-28
UPDATE,2026-07-28T00:00:00,2026-07-28,PT0044722,LST0044722,AG00937,LOC0092,Single Family,3,2.5,3287,14891,1916,927500.0,2024-10-14,Active,,,164,0.0,3,Yes,Yes,2024-10-14,2026-07-28
UPDATE,2026-07-28T00:00:00,2026-07-28,PT0205004,LST0205004,AG00732,LOC0180,Condo,1,4.0,1001,3918,1986,283400.0,2026-05-31,Pending,,,154,719.0,1,No,No,2026-05-31,2026-07-28
UPDATE,2026-07-28T00:00:00,2026-07-28,PT0506698,LST0506698,AG01067,LOC0131,Apartment,2,1.0,965,0,1937,163100.0,2026-07-06,Sold,158824.71,2026-07-28,22,162.24,1,No,No,2026-07-06,2026-07-28
UPDATE,2026-07-28T00:00:00,2026-07-28,PT0439233,LST0439233,AG00675,LOC0102,Townhouse,3,1.5,2677,9021,1938,349600.0,2026-02-25,Active,,,106,594.0,0,No,No,2026-02-25,2026-07-28
UPDATE,2026-07-28T00:00:00,2026-07-28,PT0238746,LST0238746,AG02514,LOC0217,Condo,6,3.5,2258,4427,1938,338800.0,2023-04-13,Pending,,,0,266.0,2,No,No,2023-04-13,2026-07-28
UPDATE,2026-07-28T00:00:00,2026-07-28,PT0479647,LST0479647,AG01073,LOC0086,Single Family,3,4.0,1462,5504,2016,149500.0,2024-10-14,Sold,147899.68,2026-07-28,652,0.0,1,No,No,2024-10-14,2026-07-28
UPDATE,2026-07-28T00:00:00,2026-07-28,PT0121536,LST0121536,AG00814,LOC0047,Land,0,0.0,5987,1385,1984,2162300.0,2024-04-29,Pending,,,84,0.0,0,No,No,2024-04-29,2026-07-28
UPDATE,2026-07-28T00:00:00,2026-07-28,PT0051684,LST0051684,AG02369,LOC0105,Single Family,3,1.0,1149,2092,2006,211800.0,2023-02-08,Sold,191338.59,2026-07-28,1266,0.0,3,No,Yes,2023-02-08,2026-07-28
UPDATE,2026-07-28T00:00:00,2026-07-28,PT0527592,LST0527592,AG00352,LOC0073,Multi-Family,5,2.5,4448,5658,2022,832500.0,2026-07-24,Active,,,0,0.0,3,No,No,2026-07-24,2026-07-28
UPDATE,2026-07-28T00:00:00,2026-07-28,PT0265210,LST0265210,AG02299,LOC0028,Single Family,5,2.0,1931,6022,1921,195600.0,2023-02-15,Sold,207494.75,2026-07-28,1259,0.0,3,No,No,2023-02-15,2026-07-28
UPDATE,2026-07-28T00:00:00,2026-07-28,PT0135433,LST0135433,AG02930,LOC0159,Single Family,6,1.5,2274,7782,1985,389200.0,2025-10-15,Active,,,179,0.0,2,No,No,2025-10-15,2026-07-28
UPDATE,2026-07-28T00:00:00,2026-07-28,PT0393556,LST0393556,AG01232,LOC0115,Single Family,2,3.5,3638,3572,2006,681500.0,2024-03-27,Active,,,47,0.0,2,No,Yes,2024-03-27,2026-07-28
UPDATE,2026-07-28T00:00:00,2026-07-28,PT0330428,LST0330428,AG01550,LOC0220,Single Family,1,1.0,1242,6449,1911,462200.0,2023-03-26,Pending,,,88,0.0,2,No,Yes,2023-03-26,2026-07-28
UPDATE,2026-07-28T00:00:00,2026-07-28,PT0446479,LST0446479,AG01370,LOC0158,Single Family,1,3.0,1998,2807,1989,671800.0,2023-03-10,Active,,,28,0.0,2,No,Yes,2023-03-10,2026-07-28
UPDATE,2026-07-28T00:00:00,2026-07-28,PT0341442,LST0341442,AG00723,LOC0077,Land,0,0.0,5125,2769,1998,914000.0,2025-01-31,Sold,900651.5,2026-07-28,543,0.0,0,No,No,2025-01-31,2026-07-28
UPDATE,2026-07-28T00:00:00,2026-07-28,PT0517514,LST0517514,AG00279,LOC0023,Condo,5,2.5,560,10455,1979,162900.0,2026-07-15,Active,,,0,435.22,0,No,No,2026-07-15,2026-07-28
UPDATE,2026-07-28T00:00:00,2026-07-28,PT0156620,LST0156620,AG02057,LOC0213,Multi-Family,3,4.5,3935,9191,2015,665200.0,2024-08-14,Active,,,148,0.0,3,No,Yes,2024-08-14,2026-07-28
UPDATE,2026-07-28T00:00:00,2026-07-28,PT0094971,LST0094971,AG00411,LOC0239,Condo,3,1.5,1998,4561,2007,270800.0,2025-03-31,Pending,,,2,634.0,3,No,No,2025-03-31,2026-07-28
UPDATE,2026-07-28T00:00:00,2026-07-28,PT0093882,LST0093882,AG01565,LOC0202,Condo,6,1.5,2472,3034,1930,239400.0,2024-12-15,Active,,,97,115.0,0,Yes,No,2024-12-15,2026-07-28
UPDATE,2026-07-28T00:00:00,2026-07-28,PT0516649,LST0516649,AG00766,LOC0007,Single Family,6,4.5,1959,1099,2019,248300.0,2026-07-14,Active,,,0,0.0,3,Yes,No,2026-07-14,2026-07-28
UPDATE,2026-07-28T00:00:00,2026-07-28,PT0212129,LST0212129,AG02693,LOC0038,Condo,2,4.5,2062,1305,1992,418900.0,2026-05-10,Sold,397404.08,2026-07-28,79,163.0,1,No,No,2026-05-10,2026-07-28
UPDATE,2026-07-28T00:00:00,2026-07-28,PT0470004,LST0470004,AG01005,LOC0019,Single Family,4,1.0,2386,4063,1907,356600.0,2025-06-16,Pending,,,4,0.0,1,No,Yes,2025-06-16,2026-07-28
UPDATE,2026-07-28T00:00:00,2026-07-28,PT0039441,LST0039441,AG02621,LOC0081,Single Family,3,4.0,952,5975,2006,391500.0,2024-07-21,Sold,386946.91,2026-07-28,737,0.0,2,No,No,2024-07-21,2026-07-28
UPDATE,2026-07-28T00:00:00,2026-07-28,PT0413603,LST0413603,AG01489,LOC0066,Condo,3,3.5,1628,9263,1944,322300.0,2024-09-03,Sold,333973.14,2026-07-28,693,540.0,2,No,No,2024-09-03,2026-07-28
UPDATE,2026-07-28T00:00:00,2026-07-28,PT0480974,LST0480974,AG02539,LOC0153,Condo,4,4.5,2443,2346,2011,810300.0,2023-10-10,Active,,,170,611.0,2,No,No,2023-10-10,2026-07-28
UPDATE,2026-07-28T00:00:00,2026-07-28,PT0282365,LST0282365,AG01853,LOC0198,Single Family,4,1.5,1212,5151,1960,31900.0,2024-03-19,Active,,,95,0.0,3,No,No,2024-03-19,2026-07-28
UPDATE,2026-07-28T00:00:00,2026-07-28,PT0166511,LST0166511,AG01789,LOC0139,Townhouse,3,2.0,2769,8206,2023,987600.0,2023-06-05,Pending,,,33,633.0,2,No,No,2023-06-05,2026-07-28
UPDATE,2026-07-28T00:00:00,2026-07-28,PT0262821,LST0262821,AG02064,LOC0180,Condo,2,3.0,2022,3117,2010,601200.0,2024-08-29,Pending,,,87,199.0,0,No,No,2024-08-29,2026-07-28
UPDATE,2026-07-28T00:00:00,2026-07-28,PT0151823,LST0151823,AG01813,LOC0066,Condo,3,1.5,2473,2805,2025,422100.0,2023-04-19,Sold,401740.4,2026-07-28,1196,308.0,3,No,No,2023-04-19,2026-07-28
UPDATE,2026-07-28T00:00:00,2026-07-28,PT0497193,LST0497193,AG01343,LOC0064,Apartment,2,3.0,180,0,1977,60600.0,2023-04-05,Active,,,78,154.0,0,Yes,No,2023-04-05,2026-07-28
UPDATE,2026-07-28T00:00:00,2026-07-28,PT0200475,LST0200475,AG01911,LOC0176,Townhouse,4,3.0,1362,1227,1981,223400.0,2023-07-10,Pending,,,49,792.0,2,Yes,No,2023-07-10,2026-07-28
UPDATE,2026-07-28T00:00:00,2026-07-28,PT0368830,LST0368830,AG02887,LOC0246,Single Family,4,3.0,1524,2439,1972,285900.0,2025-10-21,Active,,,162,0.0,0,No,Yes,2025-10-21,2026-07-28
UPDATE,2026-07-28T00:00:00,2026-07-28,PT0456762,LST0456762,AG01727,LOC0228,Townhouse,6,2.0,2237,1462,1912,1050800.0,2025-05-16,Active,,,67,539.0,3,No,No,2025-05-16,2026-07-28
UPDATE,2026-07-28T00:00:00,2026-07-28,PT0311049,LST0311049,AG00777,LOC0061,Condo,1,2.0,1743,5215,1986,239800.0,2023-10-01,Pending,,,70,786.0,3,No,No,2023-10-01,2026-07-28
UPDATE,2026-07-28T00:00:00,2026-07-28,PT0354441,LST0354441,AG00675,LOC0096,Single Family,1,1.0,1718,2366,1939,653300.0,2023-11-22,Pending,,,22,0.0,2,No,Yes,2023-11-22,2026-07-28
UPDATE,2026-07-28T00:00:00,2026-07-28,PT0080532,LST0080532,AG01225,LOC0095,Condo,5,2.0,2222,3495,2008,483200.0,2025-06-11,Sold,477914.49,2026-07-28,412,788.0,3,No,No,2025-06-11,2026-07-28
UPDATE,2026-07-28T00:00:00,2026-07-28,PT0429042,LST0429042,AG01029,LOC0011,Single Family,1,1.5,1050,6989,1989,324800.0,2024-01-06,Pending,,,120,0.0,1,No,No,2024-01-06,2026-07-28
UPDATE,2026-07-28T00:00:00,2026-07-28,PT0326455,LST0326455,AG00473,LOC0040,Single Family,3,3.5,1968,1788,1953,631600.0,2024-08-25,Pending,,,142,0.0,3,No,No,2024-08-25,2026-07-28
UPDATE,2026-07-28T00:00:00,2026-07-28,PT0124605,LST0124605,AG01832,LOC0101,Townhouse,1,2.5,1507,2833,1966,702000.0,2024-05-08,Sold,691710.77,2026-07-28,811,134.0,0,No,No,2024-05-08,2026-07-28
UPDATE,2026-07-28T00:00:00,2026-07-28,PT0432450,LST0432450,AG02656,LOC0066,Single Family,5,3.5,2882,1907,1961,670100.0,2026-05-15,Pending,,,85,0.0,3,No,No,2026-05-15,2026-07-28
UPDATE,2026-07-28T00:00:00,2026-07-28,PT0040436,LST0040436,AG01383,LOC0033,Townhouse,4,2.0,2391,13258,1931,1210600.0,2025-04-04,Sold,1116169.06,2026-07-28,480,318.0,2,No,No,2025-04-04,2026-07-28
UPDATE,2026-07-28T00:00:00,2026-07-28,PT0344193,LST0344193,AG02334,LOC0103,Condo,1,2.5,2601,6600,1941,469600.0,2026-06-02,Sold,444571.95,2026-07-28,56,406.0,0,No,No,2026-06-02,2026-07-28
UPDATE,2026-07-28T00:00:00,2026-07-28,PT0125814,LST0125814,AG01008,LOC0076,Single Family,3,3.0,2359,8468,1974,399300.0,2023-01-21,Pending,,,94,0.0,0,No,No,2023-01-21,2026-07-28
UPDATE,2026-07-28T00:00:00,2026-07-28,PT0089165,LST0089165,AG00074,LOC0070,Single Family,6,1.0,1143,5419,1908,230300.0,2026-01-12,Sold,225289.15,2026-07-28,197,0.0,1,Yes,No,2026-01-12,2026-07-28
UPDATE,2026-07-28T00:00:00,2026-07-28,PT0525428,LST0525428,AG00117,LOC0082,Townhouse,1,2.0,1382,2099,1978,100000.0,2026-07-22,Active,,,0,190.05,0,No,No,2026-07-22,2026-07-28
UPDATE,2026-07-28T00:00:00,2026-07-28,PT0331630,LST0331630,AG00111,LOC0130,Single Family,6,2.0,2062,2189,1949,383200.0,2026-04-16,Pending,,,49,0.0,2,No,Yes,2026-04-16,2026-07-28
UPDATE,2026-07-28T00:00:00,2026-07-28,PT0502814,LST0502814,AG02767,LOC0065,Single Family,3,4.5,2893,2627,1909,710500.0,2026-07-03,Active,,,0,0.0,0,No,No,2026-07-03,2026-07-28
UPDATE,2026-07-28T00:00:00,2026-07-28,PT0519571,LST0519571,AG01509,LOC0063,Condo,1,2.5,1716,4260,2000,1088500.0,2026-07-17,Active,,,0,416.04,0,No,No,2026-07-17,2026-07-28
UPDATE,2026-07-28T00:00:00,2026-07-28,PT0263083,LST0263083,AG01175,LOC0063,Condo,4,3.5,2113,8654,1974,645500.0,2023-11-01,Active,,,176,75.0,3,No,No,2023-11-01,2026-07-28
UPDATE,2026-07-28T00:00:00,2026-07-28,PT0248359,LST0248359,AG01427,LOC0208,Single Family,2,1.0,1878,2136,1970,672900.0,2025-11-14,Active,,,147,0.0,2,No,Yes,2025-11-14,2026-07-28
UPDATE,2026-07-28T00:00:00,2026-07-28,PT0095259,LST0095259,AG01469,LOC0248,Single Family,5,3.5,1674,7655,1980,321200.0,2023-04-16,Sold,293861.21,2026-07-28,1199,0.0,2,No,Yes,2023-04-16,2026-07-28
UPDATE,2026-07-28T00:00:00,2026-07-28,PT0238881,LST0238881,AG02450,LOC0123,Single Family,2,3.5,1363,1988,1902,446200.0,2023-05-14,Pending,,,155,0.0,1,Yes,No,2023-05-14,2026-07-28
UPDATE,2026-07-28T00:00:00,2026-07-28,PT0437936,LST0437936,AG01738,LOC0078,Single Family,1,4.0,2473,5140,1908,796800.0,2023-10-21,Sold,792041.88,2026-07-28,1011,0.0,3,No,No,2023-10-21,2026-07-28
UPDATE,2026-07-28T00:00:00,2026-07-28,PT0207854,LST0207854,AG02311,LOC0038,Multi-Family,4,1.5,4569,2992,1994,1576500.0,2026-04-12,Pending,,,87,0.0,0,No,No,2026-04-12,2026-07-28
UPDATE,2026-07-28T00:00:00,2026-07-28,PT0486713,LST0486713,AG02414,LOC0156,Single Family,3,3.0,1504,10120,1940,728000.0,2025-07-22,Active,,,21,0.0,3,No,Yes,2025-07-22,2026-07-28
UPDATE,2026-07-28T00:00:00,2026-07-28,PT0267113,LST0267113,AG00195,LOC0244,Multi-Family,3,1.0,1917,1096,2000,348600.0,2024-07-12,Active,,,128,0.0,1,No,No,2024-07-12,2026-07-28
UPDATE,2026-07-28T00:00:00,2026-07-28,PT0123446,LST0123446,AG02962,LOC0215,Single Family,2,1.5,2265,4806,1937,793000.0,2024-07-25,Active,,,12,0.0,3,No,Yes,2024-07-25,2026-07-28
UPDATE,2026-07-28T00:00:00,2026-07-28,PT0522964,LST0522964,AG00879,LOC0250,Single Family,5,1.0,1845,2068,2016,176900.0,2026-07-20,Sold,177542.77,2026-07-28,8,0.0,1,No,Yes,2026-07-20,2026-07-28
UPDATE,2026-07-28T00:00:00,2026-07-28,PT0398931,LST0398931,AG02862,LOC0076,Condo,1,3.5,1779,5059,1950,175600.0,2025-08-18,Pending,,,81,415.0,2,No,No,2025-08-18,2026-07-28
UPDATE,2026-07-28T00:00:00,2026-07-28,PT0026834,LST0026834,AG02360,LOC0139,Condo,3,4.0,2394,4868,1951,317300.0,2026-04-05,Pending,,,113,164.0,1,No,No,2026-04-05,2026-07-28
UPDATE,2026-07-28T00:00:00,2026-07-28,PT0083776,LST0083776,AG00103,LOC0114,Single Family,2,1.0,2385,1344,1971,706000.0,2023-09-01,Active,,,106,0.0,3,No,Yes,2023-09-01,2026-07-28
UPDATE,2026-07-28T00:00:00,2026-07-28,PT0513876,LST0513876,AG02991,LOC0126,Apartment,5,3.5,180,0,1999,67700.0,2026-07-12,Pending,,,0,628.69,2,No,No,2026-07-12,2026-07-28
UPDATE,2026-07-28T00:00:00,2026-07-28,PT0301306,LST0301306,AG02876,LOC0064,Land,0,0.0,6909,5999,2004,2374300.0,2025-11-29,Pending,,,154,0.0,0,No,No,2025-11-29,2026-07-28
UPDATE,2026-07-28T00:00:00,2026-07-28,PT0201027,LST0201027,AG02904,LOC0078,Single Family,1,3.0,3031,8398,1947,576600.0,2024-08-16,Active,,,77,0.0,1,No,No,2024-08-16,2026-07-28
UPDATE,2026-07-28T00:00:00,2026-07-28,PT0115050,LST0115050,AG01447,LOC0183,Townhouse,2,3.0,2168,1494,1975,496200.0,2025-05-06,Active,,,85,112.0,2,No,No,2025-05-06,2026-07-28
UPDATE,2026-07-28T00:00:00,2026-07-28,PT0211494,LST0211494,AG02604,LOC0013,Single Family,4,4.0,1031,1261,2002,317600.0,2026-01-17,Pending,,,153,0.0,1,No,Yes,2026-01-17,2026-07-28
UPDATE,2026-07-28T00:00:00,2026-07-28,PT0456693,LST0456693,AG02869,LOC0044,Single Family,5,2.5,2026,4029,1970,900300.0,2025-03-12,Active,,,25,0.0,1,No,No,2025-03-12,2026-07-28
UPDATE,2026-07-28T00:00:00,2026-07-28,PT0168234,LST0168234,AG00768,LOC0210,Townhouse,1,1.5,1844,5587,1922,599800.0,2026-05-25,Active,,,178,122.0,1,No,No,2026-05-25,2026-07-28
UPDATE,2026-07-28T00:00:00,2026-07-28,PT0093736,LST0093736,AG01883,LOC0226,Single Family,5,3.5,1211,1538,1978,413900.0,2024-06-30,Sold,399749.09,2026-07-28,758,0.0,3,No,Yes,2024-06-30,2026-07-28
UPDATE,2026-07-28T00:00:00,2026-07-28,PT0050258,LST0050258,AG01937,LOC0220,Single Family,4,4.5,1758,16191,1949,562900.0,2024-06-02,Active,,,12,0.0,2,No,Yes,2024-06-02,2026-07-28
UPDATE,2026-07-28T00:00:00,2026-07-28,PT0246599,LST0246599,AG00425,LOC0018,Multi-Family,5,2.5,4841,13034,1977,2388800.0,2023-02-10,Sold,2265674.45,2026-07-28,1264,0.0,3,Yes,Yes,2023-02-10,2026-07-28
UPDATE,2026-07-28T00:00:00,2026-07-28,PT0473367,LST0473367,AG02688,LOC0029,Single Family,5,4.5,1536,6291,2004,370300.0,2025-10-25,Pending,,,33,0.0,2,Yes,Yes,2025-10-25,2026-07-28
UPDATE,2026-07-28T00:00:00,2026-07-28,PT0321018,LST0321018,AG02462,LOC0082,Apartment,1,1.0,1468,0,1981,130100.0,2023-08-17,Sold,108693.36,2026-07-28,1076,307.0,3,Yes,No,2023-08-17,2026-07-28
UPDATE,2026-07-28T00:00:00,2026-07-28,PT0171526,LST0171526,AG02081,LOC0032,Single Family,4,2.5,1745,12472,1966,292900.0,2026-02-06,Pending,,,174,0.0,2,No,No,2026-02-06,2026-07-28
UPDATE,2026-07-28T00:00:00,2026-07-28,PT0227422,LST0227422,AG02669,LOC0214,Single Family,6,4.0,2158,1903,2005,409900.0,2025-06-11,Pending,,,107,0.0,3,No,No,2025-06-11,2026-07-28
UPDATE,2026-07-28T00:00:00,2026-07-28,PT0528247,LST0528247,AG01076,LOC0009,Townhouse,6,4.0,3249,8553,1974,848900.0,2026-07-25,Pending,,,0,680.76,3,No,No,2026-07-25,2026-07-28
UPDATE,2026-07-28T00:00:00,2026-07-28,PT0087674,LST0087674,AG01791,LOC0046,Townhouse,3,2.0,1181,6248,2025,237300.0,2024-01-22,Pending,,,30,660.0,1,No,No,2024-01-22,2026-07-28
UPDATE,2026-07-28T00:00:00,2026-07-28,PT0119182,LST0119182,AG01941,LOC0030,Apartment,6,4.0,741,0,1931,241000.0,2025-03-26,Pending,,,173,451.0,3,No,No,2025-03-26,2026-07-28
UPDATE,2026-07-28T00:00:00,2026-07-28,PT0098303,LST0098303,AG02093,LOC0034,Single Family,5,3.5,1494,2190,1989,967400.0,2024-12-22,Pending,,,178,0.0,3,No,No,2024-12-22,2026-07-28
UPDATE,2026-07-28T00:00:00,2026-07-28,PT0320603,LST0320603,AG00601,LOC0044,Condo,1,3.0,1052,1856,1984,157200.0,2024-08-18,Sold,157682.42,2026-07-28,709,559.0,3,No,No,2024-08-18,2026-07-28
UPDATE,2026-07-28T00:00:00,2026-07-28,PT0089357,LST0089357,AG01711,LOC0067,Single Family,4,1.0,1153,5888,1923,217300.0,2025-09-23,Sold,207251.59,2026-07-28,308,0.0,0,No,No,2025-09-23,2026-07-28
UPDATE,2026-07-28T00:00:00,2026-07-28,PT0425744,LST0425744,AG02816,LOC0046,Townhouse,6,4.0,954,7358,1917,217700.0,2023-12-22,Active,,,37,671.0,0,No,No,2023-12-22,2026-07-28
UPDATE,2026-07-28T00:00:00,2026-07-28,PT0006339,LST0006339,AG01670,LOC0173,Apartment,5,3.5,255,0,2014,79800.0,2025-06-07,Pending,,,159,407.0,2,No,No,2025-06-07,2026-07-28
UPDATE,2026-07-28T00:00:00,2026-07-28,PT0489141,LST0489141,AG01693,LOC0149,Townhouse,6,1.5,1462,2200,1926,301400.0,2023-06-21,Pending,,,127,119.0,0,No,No,2023-06-21,2026-07-28
UPDATE,2026-07-28T00:00:00,2026-07-28,PT0051524,LST0051524,AG02832,LOC0064,Townhouse,1,1.5,2250,1459,1976,409000.0,2023-12-03,Pending,,,176,220.0,1,No,No,2023-12-03,2026-07-28
UPDATE,2026-07-28T00:00:00,2026-07-28,PT0529448,LST0529448,AG02190,LOC0119,Townhouse,5,3.0,2461,5742,1946,473400.0,2026-07-26,Pending,,,0,99.61,0,No,No,2026-07-26,2026-07-28
UPDATE,2026-07-28T00:00:00,2026-07-28,PT0257293,LST0257293,AG01486,LOC0050,Single Family,1,3.5,1954,4265,1939,256200.0,2025-07-11,Pending,,,106,0.0,3,Yes,Yes,2025-07-11,2026-07-28
UPDATE,2026-07-28T00:00:00,2026-07-28,PT0052003,LST0052003,AG00926,LOC0098,Condo,6,4.5,300,3100,1964,108900.0,2025-07-16,Active,,,41,218.0,0,No,No,2025-07-16,2026-07-28
UPDATE,2026-07-28T00:00:00,2026-07-28,PT0438005,LST0438005,AG01617,LOC0130,Townhouse,5,4.5,1721,8256,1938,141100.0,2025-09-16,Active,,,37,264.0,2,No,No,2025-09-16,2026-07-28
UPDATE,2026-07-28T00:00:00,2026-07-28,PT0073497,LST0073497,AG02532,LOC0007,Single Family,2,3.0,557,2747,1945,175500.0,2023-02-09,Active,,,165,0.0,0,No,No,2023-02-09,2026-07-28
UPDATE,2026-07-28T00:00:00,2026-07-28,PT0444616,LST0444616,AG02863,LOC0180,Single Family,6,4.5,1485,1402,1996,560200.0,2024-07-16,Pending,,,153,0.0,0,No,No,2024-07-16,2026-07-28
UPDATE,2026-07-28T00:00:00,2026-07-28,PT0457466,LST0457466,AG00292,LOC0059,Multi-Family,1,3.0,1719,3397,1903,335000.0,2026-03-16,Active,,,108,0.0,3,Yes,Yes,2026-03-16,2026-07-28
UPDATE,2026-07-28T00:00:00,2026-07-28,PT0032392,LST0032392,AG01129,LOC0120,Single Family,3,2.5,2991,10184,1918,1351700.0,2025-12-31,Active,,,111,0.0,2,Yes,No,2025-12-31,2026-07-28
UPDATE,2026-07-28T00:00:00,2026-07-28,PT0101157,LST0101157,AG00229,LOC0161,Condo,1,4.0,1521,10192,1976,457900.0,2025-05-28,Active,,,73,114.0,1,No,No,2025-05-28,2026-07-28
UPDATE,2026-07-28T00:00:00,2026-07-28,PT0309531,LST0309531,AG00360,LOC0131,Single Family,3,1.0,2053,5201,2019,520000.0,2023-01-19,Pending,,,14,0.0,3,Yes,Yes,2023-01-19,2026-07-28
UPDATE,2026-07-28T00:00:00,2026-07-28,PT0500401,LST0500401,AG01495,LOC0188,Condo,4,3.0,2263,2646,1942,551600.0,2026-07-01,Active,,,0,601.79,0,No,No,2026-07-01,2026-07-28
UPDATE,2026-07-28T00:00:00,2026-07-28,PT0442957,LST0442957,AG00420,LOC0007,Single Family,5,4.5,1644,6684,1948,886300.0,2023-11-08,Active,,,119,0.0,3,No,No,2023-11-08,2026-07-28
UPDATE,2026-07-28T00:00:00,2026-07-28,PT0151074,LST0151074,AG01235,LOC0029,Apartment,3,1.0,884,0,1943,194300.0,2024-10-20,Sold,192002.86,2026-07-28,646,289.0,2,No,No,2024-10-20,2026-07-28
UPDATE,2026-07-28T00:00:00,2026-07-28,PT0516270,LST0516270,AG00478,LOC0238,Apartment,5,4.5,912,0,1998,226600.0,2026-07-14,Pending,,,0,609.4,1,No,No,2026-07-14,2026-07-28
UPDATE,2026-07-28T00:00:00,2026-07-28,PT0053279,LST0053279,AG01341,LOC0169,Single Family,6,2.5,1274,8733,1931,511700.0,2025-08-17,Active,,,132,0.0,0,No,Yes,2025-08-17,2026-07-28
UPDATE,2026-07-28T00:00:00,2026-07-28,PT0428820,LST0428820,AG02541,LOC0178,Single Family,6,4.0,2354,4484,1981,440600.0,2023-03-19,Pending,,,165,0.0,2,No,No,2023-03-19,2026-07-28
UPDATE,2026-07-28T00:00:00,2026-07-28,PT0278915,LST0278915,AG02764,LOC0145,Single Family,6,1.5,1223,2990,1931,299700.0,2023-11-22,Active,,,76,0.0,3,No,Yes,2023-11-22,2026-07-28
UPDATE,2026-07-28T00:00:00,2026-07-28,PT0151128,LST0151128,AG01794,LOC0234,Single Family,4,1.5,2359,1895,1942,967400.0,2025-03-04,Active,,,118,0.0,1,Yes,No,2025-03-04,2026-07-28
UPDATE,2026-07-28T00:00:00,2026-07-28,PT0366273,LST0366273,AG01847,LOC0155,Condo,3,4.5,2606,2490,1985,476700.0,2025-02-25,Pending,,,113,110.0,1,No,No,2025-02-25,2026-07-28
UPDATE,2026-07-28T00:00:00,2026-07-28,PT0370844,LST0370844,AG01519,LOC0005,Townhouse,3,1.5,2960,3799,2006,781800.0,2025-02-18,Active,,,112,591.0,0,No,No,2025-02-18,2026-07-28
UPDATE,2026-07-28T00:00:00,2026-07-28,PT0179538,LST0179538,AG02396,LOC0055,Single Family,1,1.5,2075,11487,2009,539500.0,2025-12-07,Pending,,,76,0.0,0,No,Yes,2025-12-07,2026-07-28
UPDATE,2026-07-28T00:00:00,2026-07-28,PT0265570,LST0265570,AG00131,LOC0113,Townhouse,6,2.5,2129,11584,1960,1030600.0,2025-12-07,Active,,,132,377.0,2,Yes,No,2025-12-07,2026-07-28
UPDATE,2026-07-28T00:00:00,2026-07-28,PT0176584,LST0176584,AG02394,LOC0070,Multi-Family,6,4.5,3829,3687,1903,1154800.0,2026-02-25,Active,,,160,0.0,2,No,Yes,2026-02-25,2026-07-28
UPDATE,2026-07-28T00:00:00,2026-07-28,PT0283571,LST0283571,AG01044,LOC0248,Single Family,2,3.0,2118,14339,1994,625400.0,2024-12-04,Pending,,,59,0.0,3,Yes,Yes,2024-12-04,2026-07-28
UPDATE,2026-07-28T00:00:00,2026-07-28,PT0178651,LST0178651,AG00949,LOC0196,Single Family,1,4.5,1896,1298,1990,902900.0,2024-04-16,Active,,,59,0.0,3,No,Yes,2024-04-16,2026-07-28
UPDATE,2026-07-28T00:00:00,2026-07-28,PT0268034,LST0268034,AG01738,LOC0075,Single Family,2,2.5,905,1547,1942,238400.0,2025-01-20,Active,,,88,0.0,0,No,No,2025-01-20,2026-07-28
UPDATE,2026-07-28T00:00:00,2026-07-28,PT0191669,LST0191669,AG01521,LOC0038,Land,0,0.0,6354,2881,1954,1127500.0,2025-07-04,Active,,,101,0.0,0,No,No,2025-07-04,2026-07-28
UPDATE,2026-07-28T00:00:00,2026-07-28,PT0367129,LST0367129,AG01510,LOC0228,Townhouse,4,2.5,2166,17214,1958,538700.0,2025-03-25,Active,,,177,594.0,1,Yes,No,2025-03-25,2026-07-28
UPDATE,2026-07-28T00:00:00,2026-07-28,PT0038761,LST0038761,AG00964,LOC0230,Single Family,3,2.0,2424,2687,1955,860200.0,2024-07-08,Active,,,34,0.0,1,No,No,2024-07-08,2026-07-28
UPDATE,2026-07-28T00:00:00,2026-07-28,PT0326376,LST0326376,AG00546,LOC0011,Multi-Family,3,4.0,3237,9732,2024,1239700.0,2024-05-30,Pending,,,108,0.0,3,No,Yes,2024-05-30,2026-07-28
UPDATE,2026-07-28T00:00:00,2026-07-28,PT0352613,LST0352613,AG00361,LOC0005,Single Family,6,3.0,362,1154,1991,156500.0,2023-12-06,Sold,140160.15,2026-07-28,965,0.0,0,No,No,2023-12-06,2026-07-28
UPDATE,2026-07-28T00:00:00,2026-07-28,PT0239587,LST0239587,AG02774,LOC0127,Single Family,1,3.0,1869,5095,1977,872300.0,2026-06-10,Active,,,7,0.0,3,Yes,Yes,2026-06-10,2026-07-28
UPDATE,2026-07-28T00:00:00,2026-07-28,PT0375998,LST0375998,AG02558,LOC0216,Condo,6,1.0,2032,2711,1960,461600.0,2024-03-01,Active,,,46,635.0,0,No,No,2024-03-01,2026-07-28
UPDATE,2026-07-28T00:00:00,2026-07-28,PT0240275,LST0240275,AG01487,LOC0129,Townhouse,6,2.5,437,5840,2008,172300.0,2023-07-24,Active,,,118,89.0,0,No,No,2023-07-24,2026-07-28
UPDATE,2026-07-28T00:00:00,2026-07-28,PT0309826,LST0309826,AG00253,LOC0221,Condo,3,1.0,1828,2613,1912,423600.0,2026-01-09,Pending,,,44,327.0,2,No,No,2026-01-09,2026-07-28
UPDATE,2026-07-28T00:00:00,2026-07-28,PT0338587,LST0338587,AG02597,LOC0150,Condo,3,2.0,1401,1082,1970,298100.0,2026-06-21,Sold,293794.03,2026-07-28,37,164.0,3,No,No,2026-06-21,2026-07-28
UPDATE,2026-07-28T00:00:00,2026-07-28,PT0349535,LST0349535,AG01345,LOC0006,Condo,1,1.0,1222,3925,1922,186000.0,2026-04-05,Active,,,167,675.0,3,Yes,No,2026-04-05,2026-07-28
UPDATE,2026-07-28T00:00:00,2026-07-28,PT0398410,LST0398410,AG02128,LOC0008,Multi-Family,3,4.5,4479,4025,2014,1084000.0,2024-02-19,Pending,,,13,0.0,0,No,No,2024-02-19,2026-07-28
UPDATE,2026-07-28T00:00:00,2026-07-28,PT0197168,LST0197168,AG01669,LOC0175,Single Family,5,1.5,300,13002,1996,39500.0,2024-05-12,Sold,38603.86,2026-07-28,807,0.0,2,No,No,2024-05-12,2026-07-28
UPDATE,2026-07-28T00:00:00,2026-07-28,PT0249523,LST0249523,AG01258,LOC0132,Townhouse,1,2.0,1022,7456,1998,390500.0,2024-06-10,Active,,,38,310.0,2,No,No,2024-06-10,2026-07-28
UPDATE,2026-07-28T00:00:00,2026-07-28,PT0502494,LST0502494,AG02252,LOC0230,Multi-Family,1,2.0,1668,9112,1975,545500.0,2026-07-02,Active,,,0,0.0,1,No,Yes,2026-07-02,2026-07-28
UPDATE,2026-07-28T00:00:00,2026-07-28,PT0126641,LST0126641,AG00739,LOC0068,Condo,1,1.0,1768,2938,1942,554300.0,2026-01-17,Active,,,54,753.0,1,No,No,2026-01-17,2026-07-28
UPDATE,2026-07-28T00:00:00,2026-07-28,PT0166929,LST0166929,AG02075,LOC0091,Apartment,3,4.0,777,0,2019,235600.0,2024-08-28,Active,,,49,562.0,2,No,No,2024-08-28,2026-07-28
UPDATE,2026-07-28T00:00:00,2026-07-28,PT0521396,LST0521396,AG00133,LOC0226,Townhouse,1,2.5,1493,6226,1937,799000.0,2026-07-19,Active,,,0,555.69,0,No,No,2026-07-19,2026-07-28
UPDATE,2026-07-28T00:00:00,2026-07-28,PT0092415,LST0092415,AG00957,LOC0010,Single Family,1,2.0,1432,4281,1958,474900.0,2023-05-20,Active,,,141,0.0,0,No,No,2023-05-20,2026-07-28
UPDATE,2026-07-28T00:00:00,2026-07-28,PT0315276,LST0315276,AG02653,LOC0195,Single Family,1,2.5,510,1158,1931,186500.0,2026-06-23,Sold,184916.86,2026-07-28,35,0.0,3,Yes,Yes,2026-06-23,2026-07-28
UPDATE,2026-07-28T00:00:00,2026-07-28,PT0470090,LST0470090,AG02710,LOC0174,Single Family,5,4.5,1874,10610,2013,844700.0,2026-05-21,Active,,,99,0.0,0,No,No,2026-05-21,2026-07-28
UPDATE,2026-07-28T00:00:00,2026-07-28,PT0477990,LST0477990,AG02417,LOC0166,Condo,4,2.5,1580,2384,1984,499600.0,2026-05-05,Active,,,4,411.0,0,Yes,No,2026-05-05,2026-07-28
UPDATE,2026-07-28T00:00:00,2026-07-28,PT0521021,LST0521021,AG00633,LOC0185,Condo,4,2.5,1574,4556,1907,472200.0,2026-07-19,Sold,441441.86,2026-07-28,9,713.96,1,No,No,2026-07-19,2026-07-28
UPDATE,2026-07-28T00:00:00,2026-07-28,PT0293580,LST0293580,AG01521,LOC0203,Apartment,3,3.0,641,0,1917,111800.0,2025-08-02,Pending,,,95,732.0,0,Yes,No,2025-08-02,2026-07-28
UPDATE,2026-07-28T00:00:00,2026-07-28,PT0377181,LST0377181,AG01153,LOC0123,Single Family,4,1.0,3406,7549,1903,1047500.0,2025-04-29,Active,,,61,0.0,2,No,Yes,2025-04-29,2026-07-28
UPDATE,2026-07-28T00:00:00,2026-07-28,PT0334169,LST0334169,AG00370,LOC0177,Condo,2,3.0,3996,1979,1958,1310100.0,2026-06-26,Sold,1313906.48,2026-07-28,32,129.0,3,No,No,2026-06-26,2026-07-28
UPDATE,2026-07-28T00:00:00,2026-07-28,PT0242144,LST0242144,AG00473,LOC0132,Single Family,1,3.0,1577,4304,1961,535400.0,2026-05-04,Active,,,113,0.0,1,No,No,2026-05-04,2026-07-28
UPDATE,2026-07-28T00:00:00,2026-07-28,PT0114446,LST0114446,AG02244,LOC0183,Multi-Family,6,1.5,4957,13097,1925,1954400.0,2024-12-14,Pending,,,71,0.0,0,Yes,No,2024-12-14,2026-07-28
UPDATE,2026-07-28T00:00:00,2026-07-28,PT0164012,LST0164012,AG01010,LOC0013,Apartment,3,3.5,1418,0,2004,281300.0,2023-12-18,Pending,,,171,714.0,3,No,No,2023-12-18,2026-07-28
UPDATE,2026-07-28T00:00:00,2026-07-28,PT0379973,LST0379973,AG00486,LOC0175,Condo,3,3.0,1178,1555,1999,420200.0,2024-11-29,Sold,446517.96,2026-07-28,606,248.0,3,No,No,2024-11-29,2026-07-28
UPDATE,2026-07-28T00:00:00,2026-07-28,PT0473768,LST0473768,AG01829,LOC0111,Condo,4,2.5,2070,15684,1926,330400.0,2023-01-04,Active,,,111,672.0,1,Yes,No,2023-01-04,2026-07-28
UPDATE,2026-07-28T00:00:00,2026-07-28,PT0359895,LST0359895,AG02948,LOC0131,Single Family,5,2.0,2551,3386,2003,499600.0,2023-12-10,Pending,,,33,0.0,0,Yes,Yes,2023-12-10,2026-07-28
UPDATE,2026-07-28T00:00:00,2026-07-28,PT0418524,LST0418524,AG00073,LOC0114,Townhouse,2,3.0,2039,6120,1974,367700.0,2026-01-06,Sold,383305.04,2026-07-28,203,264.0,2,No,No,2026-01-06,2026-07-28
UPDATE,2026-07-28T00:00:00,2026-07-28,PT0221500,LST0221500,AG00368,LOC0101,Condo,6,1.0,1201,1785,1996,309900.0,2024-09-16,Sold,316841.46,2026-07-28,680,742.0,1,No,No,2024-09-16,2026-07-28
UPDATE,2026-07-28T00:00:00,2026-07-28,PT0462573,LST0462573,AG02583,LOC0052,Townhouse,5,3.5,1983,11523,1960,459300.0,2026-04-28,Active,,,77,762.0,2,Yes,No,2026-04-28,2026-07-28
UPDATE,2026-07-28T00:00:00,2026-07-28,PT0521439,LST0521439,AG02286,LOC0206,Single Family,5,2.0,2723,11791,1911,1201500.0,2026-07-19,Pending,,,0,0.0,2,Yes,Yes,2026-07-19,2026-07-28
UPDATE,2026-07-28T00:00:00,2026-07-28,PT0310675,LST0310675,AG02700,LOC0243,Condo,4,4.0,3118,1064,1991,1285500.0,2023-07-27,Active,,,16,191.0,3,No,No,2023-07-27,2026-07-28
UPDATE,2026-07-28T00:00:00,2026-07-28,PT0430618,LST0430618,AG00772,LOC0111,Single Family,1,2.0,1108,3383,2002,166100.0,2024-05-09,Pending,,,66,0.0,1,No,No,2024-05-09,2026-07-28
UPDATE,2026-07-28T00:00:00,2026-07-28,PT0287415,LST0287415,AG00798,LOC0236,Multi-Family,6,1.0,1011,1723,1936,104300.0,2025-06-03,Pending,,,0,0.0,3,No,No,2025-06-03,2026-07-28
UPDATE,2026-07-28T00:00:00,2026-07-28,PT0087701,LST0087701,AG01696,LOC0140,Condo,6,3.5,3422,2823,1944,1962400.0,2024-04-01,Active,,,92,677.0,2,No,No,2024-04-01,2026-07-28
UPDATE,2026-07-28T00:00:00,2026-07-28,PT0471392,LST0471392,AG01897,LOC0041,Townhouse,1,1.0,2451,3372,2012,555800.0,2024-11-05,Pending,,,105,228.0,0,No,No,2024-11-05,2026-07-28
UPDATE,2026-07-28T00:00:00,2026-07-28,PT0194749,LST0194749,AG00416,LOC0135,Townhouse,6,1.0,1029,1762,1928,482400.0,2024-05-06,Pending,,,177,341.0,2,No,No,2024-05-06,2026-07-28
UPDATE,2026-07-28T00:00:00,2026-07-28,PT0168997,LST0168997,AG02088,LOC0076,Land,0,0.0,5924,1911,2015,441500.0,2023-03-06,Active,,,46,0.0,0,No,No,2023-03-06,2026-07-28
UPDATE,2026-07-28T00:00:00,2026-07-28,PT0005258,LST0005258,AG01618,LOC0017,Single Family,6,2.0,955,1878,1912,522600.0,2024-05-14,Pending,,,130,0.0,3,No,Yes,2024-05-14,2026-07-28
UPDATE,2026-07-28T00:00:00,2026-07-28,PT0183757,LST0183757,AG01092,LOC0021,Townhouse,3,3.0,1405,16380,1961,267200.0,2023-01-28,Active,,,70,608.0,0,No,No,2023-01-28,2026-07-28
UPDATE,2026-07-28T00:00:00,2026-07-28,PT0252570,LST0252570,AG01437,LOC0224,Condo,1,2.5,2006,3110,1905,256700.0,2026-06-28,Pending,,,78,628.0,0,No,No,2026-06-28,2026-07-28
UPDATE,2026-07-28T00:00:00,2026-07-28,PT0507890,LST0507890,AG00824,LOC0106,Condo,4,2.0,1342,6229,1965,748700.0,2026-07-07,Active,,,0,403.15,0,No,No,2026-07-07,2026-07-28
UPDATE,2026-07-28T00:00:00,2026-07-28,PT0214692,LST0214692,AG00604,LOC0090,Single Family,3,1.5,992,5456,1916,331300.0,2023-03-17,Pending,,,130,0.0,0,No,Yes,2023-03-17,2026-07-28
UPDATE,2026-07-28T00:00:00,2026-07-28,PT0495713,LST0495713,AG00837,LOC0023,Single Family,2,2.0,2034,3506,1976,497300.0,2023-07-02,Pending,,,49,0.0,3,No,No,2023-07-02,2026-07-28
UPDATE,2026-07-28T00:00:00,2026-07-28,PT0008260,LST0008260,AG02311,LOC0115,Single Family,1,4.5,1680,3924,1939,413600.0,2025-07-31,Pending,,,170,0.0,2,No,Yes,2025-07-31,2026-07-28
UPDATE,2026-07-28T00:00:00,2026-07-28,PT0246093,LST0246093,AG00730,LOC0030,Single Family,5,3.5,452,2083,1999,173300.0,2024-05-15,Pending,,,6,0.0,1,No,Yes,2024-05-15,2026-07-28
UPDATE,2026-07-28T00:00:00,2026-07-28,PT0242555,LST0242555,AG00828,LOC0059,Single Family,2,2.5,2311,3280,2016,389000.0,2024-02-09,Pending,,,97,0.0,2,No,No,2024-02-09,2026-07-28
UPDATE,2026-07-28T00:00:00,2026-07-28,PT0042519,LST0042519,AG02907,LOC0229,Single Family,5,3.5,1519,2044,1900,255200.0,2024-10-25,Active,,,122,0.0,2,No,Yes,2024-10-25,2026-07-28
UPDATE,2026-07-28T00:00:00,2026-07-28,PT0369437,LST0369437,AG00261,LOC0073,Condo,4,2.0,3541,3867,2018,734500.0,2023-05-18,Active,,,77,357.0,2,No,No,2023-05-18,2026-07-28
UPDATE,2026-07-28T00:00:00,2026-07-28,PT0038154,LST0038154,AG01437,LOC0104,Single Family,1,1.5,623,1933,2002,187900.0,2024-10-17,Sold,187045.22,2026-07-28,649,0.0,0,No,No,2024-10-17,2026-07-28
UPDATE,2026-07-28T00:00:00,2026-07-28,PT0306209,LST0306209,AG02659,LOC0173,Townhouse,1,4.5,522,2210,2007,134900.0,2025-03-14,Pending,,,10,343.0,2,No,No,2025-03-14,2026-07-28
UPDATE,2026-07-28T00:00:00,2026-07-28,PT0457959,LST0457959,AG02348,LOC0210,Condo,5,1.0,2033,4700,2003,870700.0,2026-02-15,Active,,,22,188.0,2,No,No,2026-02-15,2026-07-28
UPDATE,2026-07-28T00:00:00,2026-07-28,PT0194391,LST0194391,AG01771,LOC0093,Condo,2,2.0,2311,3694,1953,788600.0,2024-04-28,Active,,,114,222.0,2,No,No,2024-04-28,2026-07-28
UPDATE,2026-07-28T00:00:00,2026-07-28,PT0512567,LST0512567,AG02437,LOC0161,Single Family,6,4.5,1556,14911,2011,935800.0,2026-07-11,Active,,,0,0.0,0,Yes,No,2026-07-11,2026-07-28
UPDATE,2026-07-28T00:00:00,2026-07-28,PT0049443,LST0049443,AG00084,LOC0039,Condo,2,4.0,2761,8581,1930,339700.0,2024-04-11,Sold,314754.51,2026-07-28,838,419.0,0,No,No,2024-04-11,2026-07-28
UPDATE,2026-07-28T00:00:00,2026-07-28,PT0371501,LST0371501,AG01510,LOC0012,Condo,1,4.5,2793,3708,2024,1040800.0,2026-02-04,Sold,1031473.21,2026-07-28,174,738.0,0,No,No,2026-02-04,2026-07-28
UPDATE,2026-07-28T00:00:00,2026-07-28,PT0301285,LST0301285,AG00925,LOC0041,Single Family,4,3.0,2491,4243,2011,464200.0,2023-04-26,Active,,,76,0.0,2,No,No,2023-04-26,2026-07-28
UPDATE,2026-07-28T00:00:00,2026-07-28,PT0491684,LST0491684,AG00003,LOC0172,Single Family,4,2.5,1068,3237,1915,326800.0,2024-08-24,Sold,346707.31,2026-07-28,703,0.0,2,No,Yes,2024-08-24,2026-07-28
UPDATE,2026-07-28T00:00:00,2026-07-28,PT0071523,LST0071523,AG01831,LOC0039,Townhouse,4,3.5,2304,2215,1974,368900.0,2025-12-31,Sold,334625.75,2026-07-28,209,712.0,1,Yes,No,2025-12-31,2026-07-28
UPDATE,2026-07-28T00:00:00,2026-07-28,PT0418443,LST0418443,AG01019,LOC0158,Land,0,0.0,5305,3171,1928,2201300.0,2026-03-04,Pending,,,12,0.0,0,No,No,2026-03-04,2026-07-28
UPDATE,2026-07-28T00:00:00,2026-07-28,PT0508142,LST0508142,AG02993,LOC0034,Apartment,1,2.5,544,0,1904,200800.0,2026-07-07,Active,,,0,607.31,2,No,No,2026-07-07,2026-07-28
UPDATE,2026-07-28T00:00:00,2026-07-28,PT0509199,LST0509199,AG01491,LOC0212,Townhouse,3,4.5,1338,20584,1952,284300.0,2026-07-08,Pending,,,0,417.53,3,No,No,2026-07-08,2026-07-28
UPDATE,2026-07-28T00:00:00,2026-07-28,PT0212266,LST0212266,AG00762,LOC0074,Single Family,1,4.0,846,2803,1964,380200.0,2023-06-05,Active,,,23,0.0,3,No,Yes,2023-06-05,2026-07-28
UPDATE,2026-07-28T00:00:00,2026-07-28,PT0517943,LST0517943,AG02409,LOC0130,Condo,3,4.5,2444,8196,1956,300300.0,2026-07-15,Active,,,0,618.32,2,Yes,No,2026-07-15,2026-07-28
UPDATE,2026-07-28T00:00:00,2026-07-28,PT0155663,LST0155663,AG01962,LOC0191,Townhouse,2,2.0,753,3225,1961,360600.0,2025-12-11,Active,,,86,225.0,3,No,No,2025-12-11,2026-07-28
UPDATE,2026-07-28T00:00:00,2026-07-28,PT0514616,LST0514616,AG00961,LOC0132,Multi-Family,5,2.5,4811,1549,2018,974700.0,2026-07-13,Active,,,0,0.0,3,No,Yes,2026-07-13,2026-07-28
UPDATE,2026-07-28T00:00:00,2026-07-28,PT0531973,LST0531973,AG02328,LOC0226,Single Family,5,4.5,2849,2739,1959,957400.0,2026-07-28,Active,,,0,0.0,3,No,Yes,2026-07-28,2026-07-28
UPDATE,2026-07-28T00:00:00,2026-07-28,PT0037976,LST0037976,AG02583,LOC0090,Multi-Family,4,4.5,5923,1081,2007,1181800.0,2026-03-10,Sold,1215065.31,2026-07-28,140,0.0,3,No,No,2026-03-10,2026-07-28
UPDATE,2026-07-28T00:00:00,2026-07-28,PT0168240,LST0168240,AG00525,LOC0079,Multi-Family,3,2.0,965,4433,1905,278000.0,2025-03-01,Pending,,,27,0.0,3,No,No,2025-03-01,2026-07-28
UPDATE,2026-07-28T00:00:00,2026-07-28,PT0097052,LST0097052,AG00898,LOC0236,Single Family,2,2.5,1276,6444,1951,165600.0,2026-05-29,Sold,163152.18,2026-07-28,60,0.0,2,No,No,2026-05-29,2026-07-28
UPDATE,2026-07-28T00:00:00,2026-07-28,PT0120572,LST0120572,AG01543,LOC0117,Single Family,5,4.5,2025,1488,2012,870000.0,2024-01-09,Active,,,89,0.0,1,No,Yes,2024-01-09,2026-07-28
UPDATE,2026-07-28T00:00:00,2026-07-28,PT0221192,LST0221192,AG02919,LOC0153,Townhouse,5,2.5,837,3744,1907,227800.0,2023-05-28,Pending,,,152,482.0,1,Yes,No,2023-05-28,2026-07-28
UPDATE,2026-07-28T00:00:00,2026-07-28,PT0410676,LST0410676,AG00531,LOC0180,Single Family,5,1.5,1331,6154,1982,192000.0,2025-12-30,Sold,173233.49,2026-07-28,210,0.0,2,No,Yes,2025-12-30,2026-07-28
UPDATE,2026-07-28T00:00:00,2026-07-28,PT0006281,LST0006281,AG01263,LOC0001,Apartment,4,1.5,1204,0,1967,146500.0,2025-04-01,Active,,,173,85.0,3,No,No,2025-04-01,2026-07-28
UPDATE,2026-07-28T00:00:00,2026-07-28,PT0290288,LST0290288,AG01452,LOC0109,Townhouse,6,2.5,1773,9908,2018,692100.0,2024-05-23,Active,,,25,81.0,0,No,No,2024-05-23,2026-07-28
UPDATE,2026-07-28T00:00:00,2026-07-28,PT0231003,LST0231003,AG01514,LOC0164,Single Family,4,2.5,2270,4062,1929,566000.0,2026-02-26,Active,,,155,0.0,2,Yes,Yes,2026-02-26,2026-07-28
UPDATE,2026-07-28T00:00:00,2026-07-28,PT0031598,LST0031598,AG00736,LOC0090,Single Family,1,1.5,1027,8756,2023,346200.0,2024-03-26,Pending,,,127,0.0,0,No,Yes,2024-03-26,2026-07-28
UPDATE,2026-07-28T00:00:00,2026-07-28,PT0172526,LST0172526,AG02190,LOC0198,Land,0,0.0,4697,3244,2013,692100.0,2026-01-05,Sold,648312.14,2026-07-28,204,0.0,0,No,No,2026-01-05,2026-07-28
UPDATE,2026-07-28T00:00:00,2026-07-28,PT0384941,LST0384941,AG00155,LOC0021,Multi-Family,6,2.5,2301,3533,1968,181100.0,2024-09-02,Pending,,,133,0.0,3,No,Yes,2024-09-02,2026-07-28
UPDATE,2026-07-28T00:00:00,2026-07-28,PT0500145,LST0500145,AG01451,LOC0053,Single Family,5,1.5,983,7254,1964,173400.0,2026-07-01,Pending,,,0,0.0,3,No,Yes,2026-07-01,2026-07-28
UPDATE,2026-07-28T00:00:00,2026-07-28,PT0181713,LST0181713,AG01987,LOC0015,Condo,6,2.0,2346,1344,1942,626700.0,2024-07-07,Pending,,,73,181.0,3,No,No,2024-07-07,2026-07-28
UPDATE,2026-07-28T00:00:00,2026-07-28,PT0527369,LST0527369,AG02020,LOC0088,Single Family,2,4.5,2409,1767,1990,454300.0,2026-07-24,Active,,,0,0.0,2,No,No,2026-07-24,2026-07-28
UPDATE,2026-07-28T00:00:00,2026-07-28,PT0389574,LST0389574,AG01411,LOC0081,Townhouse,3,2.5,1763,3556,1917,576400.0,2026-06-05,Pending,,,129,240.0,3,No,No,2026-06-05,2026-07-28
UPDATE,2026-07-28T00:00:00,2026-07-28,PT0194817,LST0194817,AG00755,LOC0153,Single Family,1,2.5,1888,1813,1924,520800.0,2025-08-01,Active,,,57,0.0,3,No,No,2025-08-01,2026-07-28
UPDATE,2026-07-28T00:00:00,2026-07-28,PT0207129,LST0207129,AG01353,LOC0129,Single Family,6,1.5,1147,3655,1931,452600.0,2024-01-03,Pending,,,0,0.0,3,No,No,2024-01-03,2026-07-28
UPDATE,2026-07-28T00:00:00,2026-07-28,PT0196077,LST0196077,AG01327,LOC0020,Single Family,6,2.5,300,3815,1976,111000.0,2024-09-17,Pending,,,126,0.0,0,No,Yes,2024-09-17,2026-07-28
UPDATE,2026-07-28T00:00:00,2026-07-28,PT0493225,LST0493225,AG02844,LOC0190,Single Family,6,3.0,930,3038,2018,92100.0,2025-09-24,Active,,,158,0.0,1,No,No,2025-09-24,2026-07-28
UPDATE,2026-07-28T00:00:00,2026-07-28,PT0341785,LST0341785,AG01230,LOC0039,Apartment,1,4.5,649,0,1966,163200.0,2025-05-04,Pending,,,141,560.0,3,No,No,2025-05-04,2026-07-28
UPDATE,2026-07-28T00:00:00,2026-07-28,PT0306525,LST0306525,AG00257,LOC0102,Single Family,4,1.5,2091,2209,1963,414100.0,2026-04-25,Pending,,,109,0.0,0,No,Yes,2026-04-25,2026-07-28
UPDATE,2026-07-28T00:00:00,2026-07-28,PT0520332,LST0520332,AG00525,LOC0207,Townhouse,6,2.0,2482,3416,2022,355500.0,2026-07-18,Active,,,0,568.2,1,No,No,2026-07-18,2026-07-28
UPDATE,2026-07-28T00:00:00,2026-07-28,PT0123942,LST0123942,AG01572,LOC0093,Multi-Family,1,1.5,2734,11591,1918,480500.0,2025-09-04,Active,,,172,0.0,2,No,No,2025-09-04,2026-07-28
UPDATE,2026-07-28T00:00:00,2026-07-28,PT0341314,LST0341314,AG01401,LOC0135,Condo,2,4.5,2171,4909,1937,717400.0,2025-07-31,Sold,703381.53,2026-07-28,362,317.0,0,No,No,2025-07-31,2026-07-28
UPDATE,2026-07-28T00:00:00,2026-07-28,PT0020399,LST0020399,AG02334,LOC0001,Multi-Family,2,3.5,2619,2155,2011,425600.0,2024-12-25,Active,,,122,0.0,2,No,No,2024-12-25,2026-07-28
UPDATE,2026-07-28T00:00:00,2026-07-28,PT0282281,LST0282281,AG00518,LOC0143,Single Family,6,4.5,1747,2132,1944,172500.0,2023-04-05,Pending,,,109,0.0,1,Yes,No,2023-04-05,2026-07-28
UPDATE,2026-07-28T00:00:00,2026-07-28,PT0519703,LST0519703,AG02269,LOC0187,Multi-Family,3,1.5,1211,1792,1986,398300.0,2026-07-17,Active,,,0,0.0,1,No,No,2026-07-17,2026-07-28
UPDATE,2026-07-28T00:00:00,2026-07-28,PT0375137,LST0375137,AG02470,LOC0246,Condo,6,3.5,2366,5909,1985,204300.0,2026-05-29,Active,,,20,766.0,3,No,No,2026-05-29,2026-07-28
UPDATE,2026-07-28T00:00:00,2026-07-28,PT0492915,LST0492915,AG00814,LOC0248,Single Family,6,2.5,2366,5150,2017,527800.0,2024-12-28,Pending,,,27,0.0,0,No,Yes,2024-12-28,2026-07-28
UPDATE,2026-07-28T00:00:00,2026-07-28,PT0207176,LST0207176,AG02375,LOC0189,Single Family,6,4.0,1760,7158,1973,485500.0,2026-03-30,Pending,,,17,0.0,1,No,Yes,2026-03-30,2026-07-28
UPDATE,2026-07-28T00:00:00,2026-07-28,PT0324184,LST0324184,AG00308,LOC0060,Townhouse,3,2.0,1994,2695,1972,223500.0,2025-04-06,Active,,,169,100.0,3,Yes,No,2025-04-06,2026-07-28
UPDATE,2026-07-28T00:00:00,2026-07-28,PT0520480,LST0520480,AG01835,LOC0009,Single Family,5,4.5,1965,1076,2015,559400.0,2026-07-18,Sold,552488.36,2026-07-28,10,0.0,2,No,Yes,2026-07-18,2026-07-28
UPDATE,2026-07-28T00:00:00,2026-07-28,PT0155105,LST0155105,AG02604,LOC0087,Single Family,3,3.5,2639,5373,1973,1376300.0,2023-12-07,Sold,1208985.6,2026-07-28,964,0.0,2,No,Yes,2023-12-07,2026-07-28
UPDATE,2026-07-28T00:00:00,2026-07-28,PT0529531,LST0529531,AG00986,LOC0022,Condo,3,4.5,1661,3330,1921,837300.0,2026-07-26,Sold,863332.33,2026-07-28,2,677.14,0,No,No,2026-07-26,2026-07-28
UPDATE,2026-07-28T00:00:00,2026-07-28,PT0338316,LST0338316,AG00463,LOC0162,Single Family,3,1.5,1977,5130,1942,452300.0,2024-06-07,Sold,421695.27,2026-07-28,781,0.0,3,No,Yes,2024-06-07,2026-07-28
UPDATE,2026-07-28T00:00:00,2026-07-28,PT0378766,LST0378766,AG00650,LOC0067,Single Family,5,1.5,1491,6045,1944,179200.0,2023-07-17,Sold,182988.35,2026-07-28,1107,0.0,2,No,Yes,2023-07-17,2026-07-28
UPDATE,2026-07-28T00:00:00,2026-07-28,PT0166624,LST0166624,AG01876,LOC0249,Townhouse,1,4.0,2052,2459,2021,209900.0,2024-10-11,Active,,,86,668.0,1,Yes,No,2024-10-11,2026-07-28
UPDATE,2026-07-28T00:00:00,2026-07-28,PT0236821,LST0236821,AG01878,LOC0053,Multi-Family,2,2.5,3893,1085,2007,1168000.0,2023-06-19,Pending,,,79,0.0,3,No,Yes,2023-06-19,2026-07-28
UPDATE,2026-07-28T00:00:00,2026-07-28,PT0344104,LST0344104,AG00466,LOC0102,Condo,6,1.5,736,10606,1919,189700.0,2025-07-19,Active,,,117,204.0,2,No,No,2025-07-19,2026-07-28
UPDATE,2026-07-28T00:00:00,2026-07-28,PT0302780,LST0302780,AG02150,LOC0054,Condo,1,2.0,2210,2886,1929,335600.0,2025-05-08,Sold,336031.13,2026-07-28,446,796.0,2,No,No,2025-05-08,2026-07-28
UPDATE,2026-07-28T00:00:00,2026-07-28,PT0265213,LST0265213,AG02204,LOC0092,Single Family,5,3.5,1401,3193,1934,101400.0,2023-07-09,Active,,,132,0.0,1,No,No,2023-07-09,2026-07-28
UPDATE,2026-07-28T00:00:00,2026-07-28,PT0514174,LST0514174,AG01063,LOC0017,Apartment,1,4.5,470,0,2019,217000.0,2026-07-12,Sold,212790.72,2026-07-28,16,562.59,1,No,No,2026-07-12,2026-07-28
UPDATE,2026-07-28T00:00:00,2026-07-28,PT0084837,LST0084837,AG02942,LOC0092,Multi-Family,2,3.0,2456,2473,1932,423600.0,2026-02-14,Pending,,,144,0.0,1,Yes,Yes,2026-02-14,2026-07-28
UPDATE,2026-07-28T00:00:00,2026-07-28,PT0012348,LST0012348,AG01107,LOC0049,Single Family,4,2.0,393,5756,2001,109400.0,2023-02-17,Pending,,,15,0.0,0,No,No,2023-02-17,2026-07-28
UPDATE,2026-07-28T00:00:00,2026-07-28,PT0246322,LST0246322,AG01233,LOC0053,Land,0,0.0,4639,3515,1988,1305000.0,2023-05-28,Pending,,,80,0.0,0,No,No,2023-05-28,2026-07-28
UPDATE,2026-07-28T00:00:00,2026-07-28,PT0001236,LST0001236,AG01000,LOC0221,Apartment,4,3.5,695,0,1900,225900.0,2025-02-17,Sold,203690.52,2026-07-28,526,210.0,2,No,No,2025-02-17,2026-07-28
UPDATE,2026-07-28T00:00:00,2026-07-28,PT0346980,LST0346980,AG01460,LOC0159,Condo,6,3.0,1684,15598,2010,372800.0,2023-09-06,Pending,,,169,65.0,3,No,No,2023-09-06,2026-07-28
UPDATE,2026-07-28T00:00:00,2026-07-28,PT0272626,LST0272626,AG01193,LOC0176,Condo,5,4.5,3566,1207,1977,1127900.0,2023-09-09,Active,,,98,537.0,0,No,No,2023-09-09,2026-07-28
UPDATE,2026-07-28T00:00:00,2026-07-28,PT0437336,LST0437336,AG01916,LOC0035,Single Family,4,3.0,2747,6685,2022,870000.0,2025-05-11,Active,,,132,0.0,3,Yes,Yes,2025-05-11,2026-07-28
UPDATE,2026-07-28T00:00:00,2026-07-28,PT0352125,LST0352125,AG02112,LOC0165,Townhouse,2,4.5,2118,4097,1935,452100.0,2024-07-07,Active,,,138,607.0,0,No,No,2024-07-07,2026-07-28
UPDATE,2026-07-28T00:00:00,2026-07-28,PT0475074,LST0475074,AG01701,LOC0244,Single Family,2,1.5,1327,1078,1949,148900.0,2023-10-26,Sold,141834.31,2026-07-28,1006,0.0,2,No,Yes,2023-10-26,2026-07-28
UPDATE,2026-07-28T00:00:00,2026-07-28,PT0343933,LST0343933,AG00879,LOC0072,Single Family,3,4.0,2137,3064,1907,418100.0,2023-10-03,Pending,,,65,0.0,1,No,Yes,2023-10-03,2026-07-28
UPDATE,2026-07-28T00:00:00,2026-07-28,PT0324283,LST0324283,AG00089,LOC0014,Condo,2,1.0,1200,4366,1938,317600.0,2025-06-18,Sold,301790.61,2026-07-28,405,681.0,3,No,No,2025-06-18,2026-07-28
UPDATE,2026-07-28T00:00:00,2026-07-28,PT0515404,LST0515404,AG02455,LOC0057,Single Family,2,4.0,1307,2580,2005,533000.0,2026-07-13,Pending,,,0,0.0,1,Yes,Yes,2026-07-13,2026-07-28
UPDATE,2026-07-28T00:00:00,2026-07-28,PT0464857,LST0464857,AG02327,LOC0065,Apartment,2,4.5,867,0,1914,272800.0,2023-07-28,Sold,265594.57,2026-07-28,1096,268.0,1,No,No,2023-07-28,2026-07-28
UPDATE,2026-07-28T00:00:00,2026-07-28,PT0501256,LST0501256,AG01479,LOC0129,Townhouse,1,1.0,3426,2740,1966,1510000.0,2026-07-01,Pending,,,0,666.49,0,Yes,No,2026-07-01,2026-07-28
UPDATE,2026-07-28T00:00:00,2026-07-28,PT0112374,LST0112374,AG00156,LOC0216,Single Family,4,3.0,2564,2139,1973,427600.0,2025-04-03,Pending,,,164,0.0,3,No,No,2025-04-03,2026-07-28
UPDATE,2026-07-28T00:00:00,2026-07-28,PT0332175,LST0332175,AG00094,LOC0014,Single Family,5,4.0,449,6132,1998,110600.0,2025-09-20,Active,,,162,0.0,2,No,Yes,2025-09-20,2026-07-28
UPDATE,2026-07-28T00:00:00,2026-07-28,PT0153039,LST0153039,AG01224,LOC0219,Single Family,3,4.5,1711,1428,1995,690100.0,2025-01-22,Active,,,151,0.0,3,No,No,2025-01-22,2026-07-28
UPDATE,2026-07-28T00:00:00,2026-07-28,PT0525690,LST0525690,AG01722,LOC0114,Apartment,4,1.5,269,0,2016,10000.0,2026-07-23,Active,,,0,378.01,3,No,No,2026-07-23,2026-07-28
UPDATE,2026-07-28T00:00:00,2026-07-28,PT0529438,LST0529438,AG00095,LOC0053,Townhouse,6,3.5,1407,2202,1940,185400.0,2026-07-26,Active,,,0,653.7,1,No,No,2026-07-26,2026-07-28
UPDATE,2026-07-28T00:00:00,2026-07-28,PT0176581,LST0176581,AG00875,LOC0179,Single Family,1,3.0,1778,2110,1901,417200.0,2024-12-13,Pending,,,62,0.0,3,No,No,2024-12-13,2026-07-28
UPDATE,2026-07-28T00:00:00,2026-07-28,PT0077702,LST0077702,AG01220,LOC0138,Apartment,2,1.0,1723,0,2015,1029200.0,2024-11-18,Sold,1041269.19,2026-07-28,617,733.0,3,No,No,2024-11-18,2026-07-28
UPDATE,2026-07-28T00:00:00,2026-07-28,PT0265441,LST0265441,AG02281,LOC0126,Single Family,4,4.5,2369,11783,1923,941500.0,2024-02-28,Pending,,,12,0.0,2,No,No,2024-02-28,2026-07-28
UPDATE,2026-07-28T00:00:00,2026-07-28,PT0240375,LST0240375,AG01631,LOC0042,Multi-Family,5,2.0,5266,8767,1972,621300.0,2023-07-30,Pending,,,97,0.0,3,No,Yes,2023-07-30,2026-07-28
UPDATE,2026-07-28T00:00:00,2026-07-28,PT0092988,LST0092988,AG01733,LOC0001,Single Family,1,4.5,3132,1372,1979,369200.0,2025-04-29,Active,,,50,0.0,3,No,No,2025-04-29,2026-07-28
UPDATE,2026-07-28T00:00:00,2026-07-28,PT0402280,LST0402280,AG02712,LOC0019,Apartment,4,1.5,1364,0,1981,206200.0,2023-07-23,Pending,,,4,658.0,3,No,No,2023-07-23,2026-07-28
UPDATE,2026-07-28T00:00:00,2026-07-28,PT0093374,LST0093374,AG01743,LOC0055,Townhouse,5,2.0,1685,2116,1955,71400.0,2026-01-16,Sold,65425.19,2026-07-28,193,163.0,3,No,No,2026-01-16,2026-07-28
UPDATE,2026-07-28T00:00:00,2026-07-28,PT0503585,LST0503585,AG01590,LOC0134,Single Family,3,2.5,1664,1867,2001,419900.0,2026-07-03,Active,,,0,0.0,0,No,No,2026-07-03,2026-07-28
UPDATE,2026-07-28T00:00:00,2026-07-28,PT0235350,LST0235350,AG01884,LOC0116,Single Family,3,2.5,1423,2344,2012,320800.0,2025-09-30,Active,,,49,0.0,1,No,No,2025-09-30,2026-07-28
UPDATE,2026-07-28T00:00:00,2026-07-28,PT0524714,LST0524714,AG01184,LOC0175,Single Family,6,4.5,427,2065,2009,98000.0,2026-07-22,Active,,,0,0.0,3,No,Yes,2026-07-22,2026-07-28
UPDATE,2026-07-28T00:00:00,2026-07-28,PT0277822,LST0277822,AG00517,LOC0175,Single Family,3,1.0,2576,2773,1977,834700.0,2024-05-30,Active,,,94,0.0,3,No,Yes,2024-05-30,2026-07-28
UPDATE,2026-07-28T00:00:00,2026-07-28,PT0520286,LST0520286,AG02801,LOC0216,Land,0,0.0,1807,4627,1916,367600.0,2026-07-18,Active,,,0,0.0,0,No,No,2026-07-18,2026-07-28
UPDATE,2026-07-28T00:00:00,2026-07-28,PT0086938,LST0086938,AG00918,LOC0182,Multi-Family,4,4.5,2924,3172,1987,1056500.0,2023-05-12,Active,,,126,0.0,0,No,Yes,2023-05-12,2026-07-28
UPDATE,2026-07-28T00:00:00,2026-07-28,PT0053826,LST0053826,AG00099,LOC0242,Single Family,1,1.0,2170,3130,1934,493000.0,2026-06-01,Pending,,,31,0.0,2,Yes,Yes,2026-06-01,2026-07-28
UPDATE,2026-07-28T00:00:00,2026-07-28,PT0396696,LST0396696,AG02229,LOC0055,Single Family,3,3.5,420,10513,2003,72400.0,2026-02-18,Active,,,67,0.0,1,No,No,2026-02-18,2026-07-28
UPDATE,2026-07-28T00:00:00,2026-07-28,PT0531644,LST0531644,AG01456,LOC0039,Multi-Family,4,1.5,2949,2085,1952,472800.0,2026-07-28,Sold,503838.18,2026-07-28,0,0.0,0,No,No,2026-07-28,2026-07-28
UPDATE,2026-07-28T00:00:00,2026-07-28,PT0422277,LST0422277,AG00393,LOC0222,Townhouse,5,1.0,2299,2847,1908,625200.0,2024-05-18,Active,,,164,681.0,1,No,No,2024-05-18,2026-07-28
UPDATE,2026-07-28T00:00:00,2026-07-28,PT0477043,LST0477043,AG02429,LOC0103,Multi-Family,4,1.5,3112,3596,1962,739700.0,2026-03-29,Active,,,69,0.0,1,No,Yes,2026-03-29,2026-07-28
UPDATE,2026-07-28T00:00:00,2026-07-28,PT0480925,LST0480925,AG00828,LOC0250,Townhouse,4,2.0,1511,3540,1924,205700.0,2025-10-30,Pending,,,88,633.0,1,Yes,No,2025-10-30,2026-07-28
UPDATE,2026-07-28T00:00:00,2026-07-28,PT0469115,LST0469115,AG01729,LOC0089,Condo,3,2.5,1169,1504,1943,397000.0,2024-01-13,Active,,,63,418.0,1,No,No,2024-01-13,2026-07-28
UPDATE,2026-07-28T00:00:00,2026-07-28,PT0380785,LST0380785,AG00535,LOC0034,Single Family,2,4.0,1741,2543,1928,803100.0,2023-05-22,Active,,,171,0.0,0,No,Yes,2023-05-22,2026-07-28
UPDATE,2026-07-28T00:00:00,2026-07-28,PT0371117,LST0371117,AG02559,LOC0129,Townhouse,5,4.5,1531,1697,1974,393900.0,2023-02-16,Pending,,,143,126.0,2,No,No,2023-02-16,2026-07-28
UPDATE,2026-07-28T00:00:00,2026-07-28,PT0283234,LST0283234,AG00134,LOC0134,Single Family,6,3.5,2253,9802,1901,556100.0,2024-12-06,Pending,,,44,0.0,0,No,No,2024-12-06,2026-07-28
UPDATE,2026-07-28T00:00:00,2026-07-28,PT0335218,LST0335218,AG00015,LOC0157,Condo,6,2.0,819,2167,1901,113600.0,2025-02-27,Sold,117676.89,2026-07-28,516,719.0,1,No,No,2025-02-27,2026-07-28
UPDATE,2026-07-28T00:00:00,2026-07-28,PT0323572,LST0323572,AG00551,LOC0093,Condo,5,3.0,1702,1262,1949,268200.0,2023-08-13,Sold,273226.0,2026-07-28,1080,765.0,2,No,No,2023-08-13,2026-07-28
UPDATE,2026-07-28T00:00:00,2026-07-28,PT0300888,LST0300888,AG02932,LOC0151,Single Family,6,3.5,2171,4564,1922,532400.0,2023-05-25,Pending,,,162,0.0,1,No,No,2023-05-25,2026-07-28
UPDATE,2026-07-28T00:00:00,2026-07-28,PT0061171,LST0061171,AG01427,LOC0151,Land,0,0.0,2552,11624,1939,411600.0,2024-11-01,Pending,,,178,0.0,0,No,No,2024-11-01,2026-07-28
UPDATE,2026-07-28T00:00:00,2026-07-28,PT0335389,LST0335389,AG02399,LOC0237,Apartment,3,2.5,1077,0,1987,255700.0,2023-10-05,Sold,242542.13,2026-07-28,1027,523.0,1,No,No,2023-10-05,2026-07-28
UPDATE,2026-07-28T00:00:00,2026-07-28,PT0187354,LST0187354,AG00542,LOC0198,Single Family,5,3.5,2186,7102,1971,312800.0,2024-10-15,Sold,308379.42,2026-07-28,651,0.0,1,No,Yes,2024-10-15,2026-07-28
UPDATE,2026-07-28T00:00:00,2026-07-28,PT0205371,LST0205371,AG02279,LOC0188,Condo,1,3.0,1122,6715,2009,493300.0,2024-02-14,Active,,,123,208.0,2,No,No,2024-02-14,2026-07-28
UPDATE,2026-07-28T00:00:00,2026-07-28,PT0513335,LST0513335,AG01830,LOC0156,Condo,6,1.0,1454,3663,1956,566400.0,2026-07-12,Active,,,0,610.32,2,No,No,2026-07-12,2026-07-28
UPDATE,2026-07-28T00:00:00,2026-07-28,PT0520321,LST0520321,AG00162,LOC0015,Condo,4,4.5,1814,4129,1904,337800.0,2026-07-18,Pending,,,0,202.47,3,No,No,2026-07-18,2026-07-28
UPDATE,2026-07-28T00:00:00,2026-07-28,PT0467317,LST0467317,AG00835,LOC0013,Multi-Family,5,3.0,2413,5160,1992,317800.0,2026-02-18,Active,,,67,0.0,1,No,Yes,2026-02-18,2026-07-28
UPDATE,2026-07-28T00:00:00,2026-07-28,PT0490314,LST0490314,AG01205,LOC0205,Single Family,5,3.5,3035,5633,1936,751600.0,2026-04-07,Sold,765535.79,2026-07-28,112,0.0,0,No,Yes,2026-04-07,2026-07-28
UPDATE,2026-07-28T00:00:00,2026-07-28,PT0238210,LST0238210,AG00080,LOC0013,Single Family,5,3.5,2008,21707,1920,404000.0,2024-06-29,Pending,,,85,0.0,2,No,No,2024-06-29,2026-07-28
UPDATE,2026-07-28T00:00:00,2026-07-28,PT0490899,LST0490899,AG02755,LOC0081,Townhouse,1,1.0,3170,1341,1993,1567200.0,2025-04-12,Pending,,,98,270.0,1,No,No,2025-04-12,2026-07-28
UPDATE,2026-07-28T00:00:00,2026-07-28,PT0529255,LST0529255,AG01061,LOC0134,Single Family,5,2.5,2297,7242,1928,980700.0,2026-07-26,Active,,,0,0.0,2,No,No,2026-07-26,2026-07-28
UPDATE,2026-07-28T00:00:00,2026-07-28,PT0350647,LST0350647,AG02342,LOC0086,Single Family,5,4.0,2131,5496,1958,252900.0,2024-03-18,Active,,,75,0.0,1,Yes,Yes,2024-03-18,2026-07-28
UPDATE,2026-07-28T00:00:00,2026-07-28,PT0455990,LST0455990,AG01350,LOC0175,Townhouse,5,3.5,1849,7313,1927,409400.0,2026-05-20,Pending,,,1,638.0,0,No,No,2026-05-20,2026-07-28
UPDATE,2026-07-28T00:00:00,2026-07-28,PT0375751,LST0375751,AG01840,LOC0162,Single Family,1,1.0,1482,12067,1926,300000.0,2026-03-18,Pending,,,60,0.0,3,Yes,No,2026-03-18,2026-07-28
UPDATE,2026-07-28T00:00:00,2026-07-28,PT0524425,LST0524425,AG01388,LOC0131,Single Family,2,1.0,1254,6647,1952,328600.0,2026-07-22,Sold,318302.8,2026-07-28,6,0.0,2,No,Yes,2026-07-22,2026-07-28
UPDATE,2026-07-28T00:00:00,2026-07-28,PT0512122,LST0512122,AG00751,LOC0002,Single Family,3,4.0,2076,4929,1951,572300.0,2026-07-10,Pending,,,0,0.0,3,No,No,2026-07-10,2026-07-28
UPDATE,2026-07-28T00:00:00,2026-07-28,PT0454060,LST0454060,AG01814,LOC0073,Multi-Family,2,2.0,5437,6556,1923,1352400.0,2025-01-27,Sold,1297649.67,2026-07-28,547,0.0,3,No,Yes,2025-01-27,2026-07-28
UPDATE,2026-07-28T00:00:00,2026-07-28,PT0293722,LST0293722,AG00834,LOC0025,Condo,1,4.5,2528,3133,1933,700500.0,2025-10-14,Pending,,,76,665.0,3,No,No,2025-10-14,2026-07-28
UPDATE,2026-07-28T00:00:00,2026-07-28,PT0265950,LST0265950,AG00222,LOC0179,Single Family,2,4.0,1245,4344,1909,180100.0,2024-07-23,Pending,,,114,0.0,2,No,No,2024-07-23,2026-07-28
UPDATE,2026-07-28T00:00:00,2026-07-28,PT0381770,LST0381770,AG01365,LOC0173,Single Family,6,4.5,2021,19224,1961,1431800.0,2023-03-01,Pending,,,71,0.0,0,No,No,2023-03-01,2026-07-28
UPDATE,2026-07-28T00:00:00,2026-07-28,PT0014527,LST0014527,AG00572,LOC0099,Condo,2,2.5,1469,5977,1993,579300.0,2024-09-22,Pending,,,161,134.0,0,No,No,2024-09-22,2026-07-28
UPDATE,2026-07-28T00:00:00,2026-07-28,PT0016856,LST0016856,AG02025,LOC0040,Apartment,2,3.0,180,0,1958,154000.0,2024-09-17,Active,,,7,654.0,3,No,No,2024-09-17,2026-07-28
UPDATE,2026-07-28T00:00:00,2026-07-28,PT0374629,LST0374629,AG00787,LOC0106,Single Family,1,4.5,2074,5963,2011,1060400.0,2024-10-31,Pending,,,11,0.0,1,No,Yes,2024-10-31,2026-07-28
UPDATE,2026-07-28T00:00:00,2026-07-28,PT0134950,LST0134950,AG02798,LOC0028,Single Family,4,1.0,2197,5779,1956,299300.0,2024-12-05,Sold,279818.46,2026-07-28,600,0.0,1,No,Yes,2024-12-05,2026-07-28
UPDATE,2026-07-28T00:00:00,2026-07-28,PT0526607,LST0526607,AG01530,LOC0054,Townhouse,3,3.0,1916,7050,1913,273900.0,2026-07-24,Active,,,0,512.78,1,No,No,2026-07-24,2026-07-28
UPDATE,2026-07-28T00:00:00,2026-07-28,PT0461970,LST0461970,AG02589,LOC0206,Single Family,1,3.5,2165,3000,1972,644000.0,2026-01-02,Pending,,,171,0.0,3,Yes,Yes,2026-01-02,2026-07-28
UPDATE,2026-07-28T00:00:00,2026-07-28,PT0235960,LST0235960,AG00185,LOC0246,Townhouse,6,3.5,2020,6491,1962,459100.0,2023-02-08,Pending,,,38,234.0,3,No,No,2023-02-08,2026-07-28
UPDATE,2026-07-28T00:00:00,2026-07-28,PT0296826,LST0296826,AG00540,LOC0140,Single Family,2,1.5,2722,2730,2004,1251700.0,2026-05-09,Pending,,,55,0.0,2,No,No,2026-05-09,2026-07-28
UPDATE,2026-07-28T00:00:00,2026-07-28,PT0366741,LST0366741,AG02937,LOC0123,Condo,6,2.5,2717,6326,2019,1218800.0,2023-08-25,Pending,,,52,768.0,1,No,No,2023-08-25,2026-07-28
UPDATE,2026-07-28T00:00:00,2026-07-28,PT0282311,LST0282311,AG01687,LOC0062,Land,0,0.0,4213,1259,1982,1216400.0,2025-04-04,Active,,,36,0.0,0,No,No,2025-04-04,2026-07-28
UPDATE,2026-07-28T00:00:00,2026-07-28,PT0287337,LST0287337,AG00565,LOC0225,Single Family,5,2.0,3255,23067,1911,1624500.0,2023-04-29,Active,,,28,0.0,3,Yes,Yes,2023-04-29,2026-07-28
UPDATE,2026-07-28T00:00:00,2026-07-28,PT0056942,LST0056942,AG02069,LOC0109,Single Family,2,3.5,1723,3478,1981,727800.0,2025-03-11,Pending,,,96,0.0,2,No,No,2025-03-11,2026-07-28
UPDATE,2026-07-28T00:00:00,2026-07-28,PT0106794,LST0106794,AG02633,LOC0085,Townhouse,5,2.0,1884,1483,2025,255800.0,2025-11-05,Pending,,,137,757.0,3,No,No,2025-11-05,2026-07-28
UPDATE,2026-07-28T00:00:00,2026-07-28,PT0468611,LST0468611,AG02989,LOC0230,Single Family,1,3.5,1772,6497,1958,727300.0,2025-07-17,Active,,,10,0.0,1,No,No,2025-07-17,2026-07-28
UPDATE,2026-07-28T00:00:00,2026-07-28,PT0514593,LST0514593,AG01441,LOC0164,Single Family,2,4.0,1349,4385,1913,471800.0,2026-07-13,Pending,,,0,0.0,2,No,No,2026-07-13,2026-07-28
UPDATE,2026-07-28T00:00:00,2026-07-28,PT0183217,LST0183217,AG00205,LOC0046,Land,0,0.0,5690,19054,1924,2175000.0,2024-11-29,Pending,,,26,0.0,0,No,No,2024-11-29,2026-07-28
UPDATE,2026-07-28T00:00:00,2026-07-28,PT0329987,LST0329987,AG02206,LOC0088,Single Family,3,3.0,2240,2800,1938,447700.0,2024-02-26,Sold,453493.99,2026-07-28,883,0.0,3,No,No,2024-02-26,2026-07-28
UPDATE,2026-07-28T00:00:00,2026-07-28,PT0458226,LST0458226,AG01223,LOC0116,Single Family,4,3.5,2867,6819,1972,502400.0,2023-03-17,Sold,507131.81,2026-07-28,1229,0.0,0,No,No,2023-03-17,2026-07-28
UPDATE,2026-07-28T00:00:00,2026-07-28,PT0010391,LST0010391,AG01827,LOC0101,Single Family,3,2.0,940,1999,1962,306000.0,2023-01-25,Pending,,,104,0.0,1,No,No,2023-01-25,2026-07-28
UPDATE,2026-07-28T00:00:00,2026-07-28,PT0277207,LST0277207,AG00050,LOC0240,Townhouse,5,4.0,1392,1251,1950,307100.0,2025-09-25,Pending,,,5,767.0,2,No,No,2025-09-25,2026-07-28
UPDATE,2026-07-28T00:00:00,2026-07-28,PT0143538,LST0143538,AG00568,LOC0210,Condo,2,4.5,3046,5783,1941,645300.0,2026-03-02,Active,,,52,579.0,2,No,No,2026-03-02,2026-07-28
UPDATE,2026-07-28T00:00:00,2026-07-28,PT0409702,LST0409702,AG02327,LOC0156,Condo,5,1.0,1620,1378,1921,191600.0,2024-10-31,Active,,,79,319.0,3,No,No,2024-10-31,2026-07-28
UPDATE,2026-07-28T00:00:00,2026-07-28,PT0439449,LST0439449,AG02136,LOC0194,Single Family,3,1.0,2419,1004,1986,603700.0,2024-07-05,Sold,604717.31,2026-07-28,753,0.0,2,No,No,2024-07-05,2026-07-28
UPDATE,2026-07-28T00:00:00,2026-07-28,PT0069337,LST0069337,AG00444,LOC0169,Single Family,1,2.0,2656,4868,1905,809000.0,2023-10-29,Sold,832188.24,2026-07-28,1003,0.0,3,No,No,2023-10-29,2026-07-28
UPDATE,2026-07-28T00:00:00,2026-07-28,PT0368220,LST0368220,AG01755,LOC0065,Condo,4,2.0,817,3333,1971,124000.0,2024-05-28,Sold,118963.29,2026-07-28,791,585.0,0,No,No,2024-05-28,2026-07-28
UPDATE,2026-07-28T00:00:00,2026-07-28,PT0271301,LST0271301,AG01547,LOC0085,Single Family,3,4.0,1681,6209,1929,457300.0,2024-05-04,Sold,451018.13,2026-07-28,815,0.0,2,No,No,2024-05-04,2026-07-28
UPDATE,2026-07-28T00:00:00,2026-07-28,PT0022529,LST0022529,AG01148,LOC0210,Apartment,6,4.5,1075,0,1938,376700.0,2025-06-26,Pending,,,155,453.0,2,No,No,2025-06-26,2026-07-28
UPDATE,2026-07-28T00:00:00,2026-07-28,PT0323436,LST0323436,AG01944,LOC0077,Condo,4,1.0,1265,3327,1923,493000.0,2025-12-25,Pending,,,51,308.0,2,No,No,2025-12-25,2026-07-28
UPDATE,2026-07-28T00:00:00,2026-07-28,PT0502284,LST0502284,AG01231,LOC0121,Single Family,2,3.0,2556,1241,1931,1093900.0,2026-07-02,Pending,,,0,0.0,1,No,No,2026-07-02,2026-07-28
UPDATE,2026-07-28T00:00:00,2026-07-28,PT0168725,LST0168725,AG02221,LOC0220,Single Family,3,4.0,1442,2984,1930,120600.0,2025-03-30,Sold,118024.09,2026-07-28,485,0.0,2,No,No,2025-03-30,2026-07-28
UPDATE,2026-07-28T00:00:00,2026-07-28,PT0148084,LST0148084,AG01536,LOC0126,Multi-Family,2,4.5,3493,9061,2002,833600.0,2025-12-30,Active,,,18,0.0,1,No,Yes,2025-12-30,2026-07-28
UPDATE,2026-07-28T00:00:00,2026-07-28,PT0360872,LST0360872,AG02380,LOC0022,Single Family,6,4.5,2730,8112,1910,795100.0,2023-07-06,Sold,738254.38,2026-07-28,1118,0.0,2,No,Yes,2023-07-06,2026-07-28
UPDATE,2026-07-28T00:00:00,2026-07-28,PT0049337,LST0049337,AG02448,LOC0018,Land,0,0.0,4775,15737,2025,1665300.0,2025-04-01,Pending,,,25,0.0,0,No,No,2025-04-01,2026-07-28
UPDATE,2026-07-28T00:00:00,2026-07-28,PT0080072,LST0080072,AG01105,LOC0197,Condo,2,1.0,567,7492,1937,202900.0,2023-02-19,Pending,,,14,262.0,1,No,No,2023-02-19,2026-07-28
UPDATE,2026-07-28T00:00:00,2026-07-28,PT0514363,LST0514363,AG01911,LOC0222,Apartment,6,1.0,1162,0,2006,362500.0,2026-07-12,Pending,,,0,417.88,1,No,No,2026-07-12,2026-07-28
UPDATE,2026-07-28T00:00:00,2026-07-28,PT0203423,LST0203423,AG00017,LOC0244,Single Family,1,2.0,1952,1890,1971,285800.0,2025-09-30,Active,,,22,0.0,3,No,No,2025-09-30,2026-07-28
UPDATE,2026-07-28T00:00:00,2026-07-28,PT0080129,LST0080129,AG01641,LOC0084,Condo,1,1.5,2064,1675,2022,682900.0,2024-01-01,Active,,,174,513.0,2,Yes,No,2024-01-01,2026-07-28
UPDATE,2026-07-28T00:00:00,2026-07-28,PT0516349,LST0516349,AG01148,LOC0055,Multi-Family,3,4.5,1518,7384,2025,343400.0,2026-07-14,Active,,,0,0.0,1,Yes,No,2026-07-14,2026-07-28
UPDATE,2026-07-28T00:00:00,2026-07-28,PT0211920,LST0211920,AG02999,LOC0114,Condo,4,3.0,1500,2187,1975,101900.0,2025-07-09,Sold,100371.89,2026-07-28,384,483.0,2,No,No,2025-07-09,2026-07-28
UPDATE,2026-07-28T00:00:00,2026-07-28,PT0352592,LST0352592,AG01402,LOC0035,Single Family,6,4.0,1776,5895,2025,333500.0,2026-02-10,Active,,,70,0.0,3,No,Yes,2026-02-10,2026-07-28
UPDATE,2026-07-28T00:00:00,2026-07-28,PT0279238,LST0279238,AG02277,LOC0191,Condo,6,4.0,1957,1240,2023,1066200.0,2023-11-05,Pending,,,132,189.0,2,No,No,2023-11-05,2026-07-28
UPDATE,2026-07-28T00:00:00,2026-07-28,PT0072126,LST0072126,AG00590,LOC0041,Condo,2,1.5,899,17523,1998,153200.0,2023-11-18,Pending,,,155,798.0,0,No,No,2023-11-18,2026-07-28
UPDATE,2026-07-28T00:00:00,2026-07-28,PT0500721,LST0500721,AG00090,LOC0138,Single Family,1,1.5,2408,5489,1905,796200.0,2026-07-01,Active,,,0,0.0,1,No,No,2026-07-01,2026-07-28
UPDATE,2026-07-28T00:00:00,2026-07-28,PT0193360,LST0193360,AG01714,LOC0141,Single Family,5,4.0,896,1389,1990,268000.0,2023-04-11,Active,,,79,0.0,3,No,No,2023-04-11,2026-07-28
UPDATE,2026-07-28T00:00:00,2026-07-28,PT0527402,LST0527402,AG01213,LOC0196,Single Family,5,4.0,2175,12317,1959,1205300.0,2026-07-24,Active,,,0,0.0,1,No,No,2026-07-24,2026-07-28
UPDATE,2026-07-28T00:00:00,2026-07-28,PT0503205,LST0503205,AG02328,LOC0226,Single Family,1,3.5,1855,4835,2022,742200.0,2026-07-03,Active,,,0,0.0,0,No,No,2026-07-03,2026-07-28
UPDATE,2026-07-28T00:00:00,2026-07-28,PT0180016,LST0180016,AG02678,LOC0221,Single Family,1,1.0,2062,2514,2003,686500.0,2025-11-13,Active,,,89,0.0,0,No,No,2025-11-13,2026-07-28
UPDATE,2026-07-28T00:00:00,2026-07-28,PT0419034,LST0419034,AG00253,LOC0001,Condo,2,3.5,1191,5499,1948,356900.0,2025-04-08,Pending,,,30,209.0,0,No,No,2025-04-08,2026-07-28
UPDATE,2026-07-28T00:00:00,2026-07-28,PT0144678,LST0144678,AG00048,LOC0079,Single Family,2,3.0,2032,2383,1905,448900.0,2023-05-19,Sold,456228.33,2026-07-28,1166,0.0,2,No,Yes,2023-05-19,2026-07-28
UPDATE,2026-07-28T00:00:00,2026-07-28,PT0092869,LST0092869,AG02280,LOC0232,Condo,1,1.0,2092,1733,1958,366200.0,2023-06-15,Active,,,7,606.0,3,No,No,2023-06-15,2026-07-28
UPDATE,2026-07-28T00:00:00,2026-07-28,PT0203216,LST0203216,AG00807,LOC0038,Single Family,4,2.5,2523,1337,1940,734100.0,2024-01-18,Sold,690377.39,2026-07-28,922,0.0,0,Yes,Yes,2024-01-18,2026-07-28
UPDATE,2026-07-28T00:00:00,2026-07-28,PT0524753,LST0524753,AG01924,LOC0170,Multi-Family,3,1.0,3634,1656,2020,349300.0,2026-07-22,Sold,351723.43,2026-07-28,6,0.0,2,No,Yes,2026-07-22,2026-07-28
UPDATE,2026-07-28T00:00:00,2026-07-28,PT0500024,LST0500024,AG02766,LOC0169,Single Family,6,2.0,1486,8349,1935,539100.0,2026-07-01,Sold,558120.77,2026-07-28,27,0.0,2,No,No,2026-07-01,2026-07-28
UPDATE,2026-07-28T00:00:00,2026-07-28,PT0240785,LST0240785,AG00689,LOC0240,Condo,4,2.5,1323,1514,1931,485300.0,2025-10-09,Sold,456226.82,2026-07-28,292,412.0,0,Yes,No,2025-10-09,2026-07-28
UPDATE,2026-07-28T00:00:00,2026-07-28,PT0084356,LST0084356,AG00824,LOC0151,Single Family,5,1.0,1744,5054,1917,332200.0,2023-03-05,Active,,,23,0.0,0,Yes,No,2023-03-05,2026-07-28
UPDATE,2026-07-28T00:00:00,2026-07-28,PT0312303,LST0312303,AG02941,LOC0242,Condo,5,1.5,937,5136,1990,274800.0,2024-09-19,Sold,249649.15,2026-07-28,677,232.0,3,No,No,2024-09-19,2026-07-28
UPDATE,2026-07-28T00:00:00,2026-07-28,PT0237041,LST0237041,AG01237,LOC0090,Multi-Family,5,3.0,2065,2291,1938,691200.0,2024-01-14,Active,,,92,0.0,2,No,Yes,2024-01-14,2026-07-28
UPDATE,2026-07-28T00:00:00,2026-07-28,PT0489056,LST0489056,AG02253,LOC0190,Townhouse,1,3.0,2715,1646,1929,309800.0,2025-03-03,Active,,,62,461.0,0,No,No,2025-03-03,2026-07-28
UPDATE,2026-07-28T00:00:00,2026-07-28,PT0348683,LST0348683,AG02278,LOC0118,Townhouse,2,2.5,1101,4452,1968,305200.0,2025-06-29,Pending,,,13,687.0,1,No,No,2025-06-29,2026-07-28
UPDATE,2026-07-28T00:00:00,2026-07-28,PT0449159,LST0449159,AG00440,LOC0079,Apartment,6,4.5,1089,0,1994,350300.0,2024-08-16,Active,,,2,88.0,0,No,No,2024-08-16,2026-07-28
UPDATE,2026-07-28T00:00:00,2026-07-28,PT0221080,LST0221080,AG00163,LOC0164,Condo,1,4.0,2718,2577,1989,852300.0,2025-06-16,Active,,,59,140.0,0,No,No,2025-06-16,2026-07-28
UPDATE,2026-07-28T00:00:00,2026-07-28,PT0509719,LST0509719,AG00504,LOC0099,Townhouse,6,4.5,926,7395,1919,404700.0,2026-07-08,Active,,,0,582.72,2,No,No,2026-07-08,2026-07-28
UPDATE,2026-07-28T00:00:00,2026-07-28,PT0136288,LST0136288,AG02918,LOC0038,Single Family,1,4.0,2406,18804,1946,646900.0,2025-10-06,Pending,,,53,0.0,1,No,No,2025-10-06,2026-07-28
UPDATE,2026-07-28T00:00:00,2026-07-28,PT0121474,LST0121474,AG00112,LOC0022,Single Family,6,3.5,2275,1250,2005,1027300.0,2026-03-04,Pending,,,153,0.0,0,No,Yes,2026-03-04,2026-07-28
UPDATE,2026-07-28T00:00:00,2026-07-28,PT0108318,LST0108318,AG00205,LOC0132,Land,0,0.0,3417,7898,1990,930600.0,2025-03-02,Active,,,162,0.0,0,No,No,2025-03-02,2026-07-28
UPDATE,2026-07-28T00:00:00,2026-07-28,PT0520719,LST0520719,AG01863,LOC0142,Single Family,4,4.0,1297,16580,2025,521100.0,2026-07-18,Active,,,0,0.0,3,No,No,2026-07-18,2026-07-28
UPDATE,2026-07-28T00:00:00,2026-07-28,PT0503443,LST0503443,AG02657,LOC0108,Single Family,6,4.5,2460,2621,1983,215100.0,2026-07-03,Pending,,,0,0.0,1,No,No,2026-07-03,2026-07-28
UPDATE,2026-07-28T00:00:00,2026-07-28,PT0325933,LST0325933,AG00084,LOC0036,Single Family,2,2.0,2671,4536,1917,859400.0,2023-12-14,Pending,,,45,0.0,0,No,No,2023-12-14,2026-07-28
UPDATE,2026-07-28T00:00:00,2026-07-28,PT0380525,LST0380525,AG00153,LOC0144,Townhouse,2,4.5,2413,2504,2002,532900.0,2026-05-19,Active,,,48,186.0,3,No,No,2026-05-19,2026-07-28
UPDATE,2026-07-28T00:00:00,2026-07-28,PT0222094,LST0222094,AG00312,LOC0116,Single Family,3,4.5,3024,1215,1969,972700.0,2023-09-07,Pending,,,60,0.0,2,Yes,No,2023-09-07,2026-07-28
UPDATE,2026-07-28T00:00:00,2026-07-28,PT0407608,LST0407608,AG02845,LOC0156,Condo,1,3.0,1886,5206,1909,701300.0,2023-05-15,Active,,,168,656.0,1,No,No,2023-05-15,2026-07-28
UPDATE,2026-07-28T00:00:00,2026-07-28,PT0420069,LST0420069,AG02633,LOC0144,Single Family,3,3.0,1595,8017,1938,558000.0,2025-02-23,Active,,,122,0.0,3,No,Yes,2025-02-23,2026-07-28
UPDATE,2026-07-28T00:00:00,2026-07-28,PT0358074,LST0358074,AG01740,LOC0169,Condo,5,2.5,2233,3548,1964,347900.0,2025-02-23,Active,,,22,669.0,0,Yes,No,2025-02-23,2026-07-28
UPDATE,2026-07-28T00:00:00,2026-07-28,PT0091578,LST0091578,AG00451,LOC0133,Townhouse,5,4.5,1568,2901,1932,252200.0,2023-10-23,Active,,,123,451.0,1,No,No,2023-10-23,2026-07-28
UPDATE,2026-07-28T00:00:00,2026-07-28,PT0509296,LST0509296,AG00823,LOC0120,Apartment,1,1.0,752,0,1963,362800.0,2026-07-08,Pending,,,0,126.82,3,No,No,2026-07-08,2026-07-28
UPDATE,2026-07-28T00:00:00,2026-07-28,PT0155693,LST0155693,AG00175,LOC0235,Condo,6,4.5,2746,16129,2019,966700.0,2025-08-11,Sold,1066789.56,2026-07-28,351,566.0,0,No,No,2025-08-11,2026-07-28
UPDATE,2026-07-28T00:00:00,2026-07-28,PT0095243,LST0095243,AG01033,LOC0168,Condo,4,3.5,1941,1711,2001,392600.0,2024-11-19,Active,,,163,179.0,2,No,No,2024-11-19,2026-07-28
UPDATE,2026-07-28T00:00:00,2026-07-28,PT0149876,LST0149876,AG00618,LOC0018,Townhouse,3,3.0,1616,2367,1907,375100.0,2023-12-05,Pending,,,150,239.0,2,No,No,2023-12-05,2026-07-28
UPDATE,2026-07-28T00:00:00,2026-07-28,PT0379897,LST0379897,AG00090,LOC0121,Townhouse,1,4.5,1669,1041,1956,244000.0,2024-09-01,Active,,,127,100.0,2,No,No,2024-09-01,2026-07-28
UPDATE,2026-07-28T00:00:00,2026-07-28,PT0346052,LST0346052,AG00567,LOC0029,Single Family,4,3.0,1791,1383,1992,328800.0,2025-12-27,Pending,,,123,0.0,0,No,Yes,2025-12-27,2026-07-28
UPDATE,2026-07-28T00:00:00,2026-07-28,PT0095384,LST0095384,AG02347,LOC0084,Condo,1,4.5,1792,4290,1946,619400.0,2024-05-30,Pending,,,163,499.0,3,No,No,2024-05-30,2026-07-28
UPDATE,2026-07-28T00:00:00,2026-07-28,PT0516232,LST0516232,AG00184,LOC0003,Condo,2,1.0,1344,2874,1921,156600.0,2026-07-14,Sold,145734.5,2026-07-28,14,555.41,2,No,No,2026-07-14,2026-07-28
UPDATE,2026-07-28T00:00:00,2026-07-28,PT0321796,LST0321796,AG02648,LOC0176,Condo,6,1.5,1737,2884,1973,464100.0,2025-11-07,Pending,,,160,459.0,3,No,No,2025-11-07,2026-07-28
UPDATE,2026-07-28T00:00:00,2026-07-28,PT0013115,LST0013115,AG02220,LOC0180,Single Family,1,3.5,1982,3457,1985,195900.0,2024-07-20,Active,,,109,0.0,3,No,No,2024-07-20,2026-07-28
UPDATE,2026-07-28T00:00:00,2026-07-28,PT0009159,LST0009159,AG02825,LOC0026,Condo,2,2.0,3205,6379,1931,1551600.0,2024-10-14,Pending,,,59,225.0,3,No,No,2024-10-14,2026-07-28
UPDATE,2026-07-28T00:00:00,2026-07-28,PT0145306,LST0145306,AG01047,LOC0014,Condo,6,2.0,2392,11812,2019,418500.0,2024-12-01,Pending,,,157,317.0,1,No,No,2024-12-01,2026-07-28
UPDATE,2026-07-28T00:00:00,2026-07-28,PT0384322,LST0384322,AG02187,LOC0155,Single Family,5,3.0,1764,4089,2012,376200.0,2023-05-02,Pending,,,128,0.0,0,No,Yes,2023-05-02,2026-07-28
UPDATE,2026-07-28T00:00:00,2026-07-28,PT0011013,LST0011013,AG00433,LOC0106,Single Family,5,2.5,1253,5027,1900,508500.0,2024-04-08,Pending,,,151,0.0,0,No,No,2024-04-08,2026-07-28
UPDATE,2026-07-28T00:00:00,2026-07-28,PT0000481,LST0000481,AG00328,LOC0127,Condo,6,3.0,300,3090,1922,95800.0,2023-01-14,Active,,,122,382.0,3,No,No,2023-01-14,2026-07-28
UPDATE,2026-07-28T00:00:00,2026-07-28,PT0474827,LST0474827,AG00181,LOC0157,Single Family,4,4.5,1280,8943,1937,443300.0,2026-04-10,Active,,,152,0.0,3,No,Yes,2026-04-10,2026-07-28
UPDATE,2026-07-28T00:00:00,2026-07-28,PT0278149,LST0278149,AG00218,LOC0106,Townhouse,1,3.5,2701,2295,2018,1568500.0,2025-07-18,Active,,,170,626.0,0,No,No,2025-07-18,2026-07-28
UPDATE,2026-07-28T00:00:00,2026-07-28,PT0504345,LST0504345,AG01043,LOC0098,Single Family,5,1.5,2282,1272,2012,907300.0,2026-07-04,Pending,,,0,0.0,1,No,No,2026-07-04,2026-07-28
UPDATE,2026-07-28T00:00:00,2026-07-28,PT0065127,LST0065127,AG02579,LOC0003,Condo,4,3.0,1477,4010,1990,244000.0,2023-06-24,Pending,,,39,247.0,3,No,No,2023-06-24,2026-07-28
UPDATE,2026-07-28T00:00:00,2026-07-28,PT0306715,LST0306715,AG00298,LOC0044,Condo,4,1.0,1186,4948,1976,450900.0,2024-10-23,Pending,,,29,513.0,0,No,No,2024-10-23,2026-07-28
UPDATE,2026-07-28T00:00:00,2026-07-28,PT0335366,LST0335366,AG00011,LOC0096,Apartment,3,4.5,1649,0,1995,413200.0,2023-02-03,Active,,,49,348.0,1,No,No,2023-02-03,2026-07-28
UPDATE,2026-07-28T00:00:00,2026-07-28,PT0528258,LST0528258,AG00289,LOC0188,Single Family,6,4.5,817,1377,1963,120600.0,2026-07-25,Sold,125239.25,2026-07-28,3,0.0,1,No,No,2026-07-25,2026-07-28
UPDATE,2026-07-28T00:00:00,2026-07-28,PT0127815,LST0127815,AG02880,LOC0241,Single Family,4,2.0,1445,7268,1901,254100.0,2024-07-23,Pending,,,178,0.0,2,No,Yes,2024-07-23,2026-07-28
UPDATE,2026-07-28T00:00:00,2026-07-28,PT0383285,LST0383285,AG02173,LOC0132,Single Family,4,1.0,2933,4684,1982,499100.0,2025-06-15,Pending,,,134,0.0,0,No,No,2025-06-15,2026-07-28
UPDATE,2026-07-28T00:00:00,2026-07-28,PT0311963,LST0311963,AG02352,LOC0127,Multi-Family,1,3.0,3521,1915,1906,1031800.0,2025-01-03,Pending,,,177,0.0,2,No,No,2025-01-03,2026-07-28
UPDATE,2026-07-28T00:00:00,2026-07-28,PT0528562,LST0528562,AG00911,LOC0183,Single Family,5,3.0,1218,5277,2013,212200.0,2026-07-25,Active,,,0,0.0,2,No,Yes,2026-07-25,2026-07-28
UPDATE,2026-07-28T00:00:00,2026-07-28,PT0473710,LST0473710,AG02206,LOC0058,Multi-Family,6,1.5,3838,2262,1951,1273400.0,2024-05-07,Active,,,61,0.0,1,No,No,2024-05-07,2026-07-28
UPDATE,2026-07-28T00:00:00,2026-07-28,PT0229661,LST0229661,AG01661,LOC0050,Single Family,1,3.5,1974,5939,1970,279800.0,2023-09-16,Active,,,95,0.0,3,No,No,2023-09-16,2026-07-28
UPDATE,2026-07-28T00:00:00,2026-07-28,PT0408942,LST0408942,AG01732,LOC0094,Townhouse,1,3.5,2500,9986,2023,650100.0,2024-08-05,Active,,,127,772.0,2,No,No,2024-08-05,2026-07-28
UPDATE,2026-07-28T00:00:00,2026-07-28,PT0197579,LST0197579,AG02144,LOC0199,Single Family,3,2.0,733,7254,1945,272600.0,2025-08-17,Pending,,,95,0.0,0,No,Yes,2025-08-17,2026-07-28
UPDATE,2026-07-28T00:00:00,2026-07-28,PT0017375,LST0017375,AG02128,LOC0124,Condo,2,3.0,1328,4386,1947,408000.0,2026-01-04,Pending,,,67,429.0,2,No,No,2026-01-04,2026-07-28
UPDATE,2026-07-28T00:00:00,2026-07-28,PT0472096,LST0472096,AG00308,LOC0111,Condo,5,3.5,2475,1665,1947,415900.0,2025-09-01,Pending,,,161,140.0,1,Yes,No,2025-09-01,2026-07-28
UPDATE,2026-07-28T00:00:00,2026-07-28,PT0280916,LST0280916,AG02370,LOC0195,Apartment,2,3.0,877,0,1919,208800.0,2024-07-30,Pending,,,120,609.0,0,No,No,2024-07-30,2026-07-28
UPDATE,2026-07-28T00:00:00,2026-07-28,PT0031657,LST0031657,AG01020,LOC0021,Condo,2,2.5,2640,1441,1991,336800.0,2023-08-26,Active,,,140,343.0,1,No,No,2023-08-26,2026-07-28
UPDATE,2026-07-28T00:00:00,2026-07-28,PT0224139,LST0224139,AG01450,LOC0161,Single Family,4,2.5,523,1020,2022,189400.0,2023-10-23,Active,,,49,0.0,2,Yes,No,2023-10-23,2026-07-28
UPDATE,2026-07-28T00:00:00,2026-07-28,PT0364900,LST0364900,AG01530,LOC0077,Townhouse,2,2.0,1857,4446,1940,348500.0,2023-08-09,Active,,,66,306.0,0,No,No,2023-08-09,2026-07-28
UPDATE,2026-07-28T00:00:00,2026-07-28,PT0531231,LST0531231,AG01167,LOC0082,Land,0,0.0,4096,2090,1975,322400.0,2026-07-28,Active,,,0,0.0,0,No,No,2026-07-28,2026-07-28
UPDATE,2026-07-28T00:00:00,2026-07-28,PT0252372,LST0252372,AG01051,LOC0040,Townhouse,5,4.0,1955,1703,1979,856500.0,2023-09-04,Active,,,36,703.0,0,No,No,2023-09-04,2026-07-28
UPDATE,2026-07-28T00:00:00,2026-07-28,PT0088087,LST0088087,AG00603,LOC0092,Townhouse,5,2.5,3110,1061,2023,377800.0,2026-01-03,Pending,,,122,588.0,3,No,No,2026-01-03,2026-07-28
UPDATE,2026-07-28T00:00:00,2026-07-28,PT0523061,LST0523061,AG00784,LOC0203,Single Family,2,2.5,1885,7693,1991,286200.0,2026-07-21,Active,,,0,0.0,2,No,Yes,2026-07-21,2026-07-28
UPDATE,2026-07-28T00:00:00,2026-07-28,PT0021337,LST0021337,AG01673,LOC0243,Single Family,1,2.0,1851,5493,2003,963600.0,2024-08-10,Pending,,,34,0.0,2,Yes,No,2024-08-10,2026-07-28
UPDATE,2026-07-28T00:00:00,2026-07-28,PT0497177,LST0497177,AG00953,LOC0067,Multi-Family,6,2.5,3379,5616,1950,900200.0,2023-11-20,Pending,,,114,0.0,3,No,Yes,2023-11-20,2026-07-28
UPDATE,2026-07-28T00:00:00,2026-07-28,PT0512864,LST0512864,AG02800,LOC0068,Single Family,2,4.5,1526,2782,1958,428600.0,2026-07-11,Sold,411633.48,2026-07-28,17,0.0,3,No,No,2026-07-11,2026-07-28
UPDATE,2026-07-28T00:00:00,2026-07-28,PT0122678,LST0122678,AG01157,LOC0104,Condo,1,3.0,1511,6673,1924,333000.0,2023-03-07,Sold,329620.49,2026-07-28,1239,519.0,1,No,No,2023-03-07,2026-07-28
UPDATE,2026-07-28T00:00:00,2026-07-28,PT0188339,LST0188339,AG02515,LOC0049,Multi-Family,2,2.5,1748,2212,1970,162200.0,2024-03-11,Sold,160535.03,2026-07-28,869,0.0,3,Yes,No,2024-03-11,2026-07-28
UPDATE,2026-07-28T00:00:00,2026-07-28,PT0071277,LST0071277,AG01074,LOC0175,Single Family,4,4.0,2500,2808,1916,204700.0,2024-10-06,Active,,,115,0.0,2,No,No,2024-10-06,2026-07-28
UPDATE,2026-07-28T00:00:00,2026-07-28,PT0287225,LST0287225,AG02458,LOC0010,Single Family,6,4.5,1574,8844,2011,688300.0,2026-02-21,Sold,749991.77,2026-07-28,157,0.0,2,Yes,No,2026-02-21,2026-07-28
UPDATE,2026-07-28T00:00:00,2026-07-28,PT0306474,LST0306474,AG01204,LOC0027,Multi-Family,1,1.0,2782,2823,1933,1153200.0,2023-11-17,Pending,,,175,0.0,1,No,No,2023-11-17,2026-07-28
UPDATE,2026-07-28T00:00:00,2026-07-28,PT0172160,LST0172160,AG02695,LOC0089,Apartment,5,1.5,1320,0,2015,401400.0,2024-06-17,Active,,,83,267.0,0,No,No,2024-06-17,2026-07-28
UPDATE,2026-07-28T00:00:00,2026-07-28,PT0235877,LST0235877,AG01563,LOC0001,Townhouse,3,2.0,1318,2498,1925,167000.0,2026-03-28,Pending,,,42,628.0,3,Yes,No,2026-03-28,2026-07-28
UPDATE,2026-07-28T00:00:00,2026-07-28,PT0461753,LST0461753,AG00167,LOC0117,Single Family,6,3.0,2083,8743,1990,815500.0,2023-11-08,Pending,,,162,0.0,0,No,Yes,2023-11-08,2026-07-28
UPDATE,2026-07-28T00:00:00,2026-07-28,PT0383403,LST0383403,AG02637,LOC0215,Single Family,4,1.0,1692,1482,2024,727500.0,2026-06-12,Sold,673888.12,2026-07-28,46,0.0,3,No,No,2026-06-12,2026-07-28
UPDATE,2026-07-28T00:00:00,2026-07-28,PT0513316,LST0513316,AG02305,LOC0105,Condo,1,3.5,1777,2655,1906,451200.0,2026-07-12,Active,,,0,361.04,3,No,No,2026-07-12,2026-07-28
UPDATE,2026-07-28T00:00:00,2026-07-28,PT0236531,LST0236531,AG02211,LOC0195,Townhouse,5,4.0,1729,1686,1936,422200.0,2024-05-05,Pending,,,141,274.0,1,No,No,2024-05-05,2026-07-28
UPDATE,2026-07-28T00:00:00,2026-07-28,PT0514436,LST0514436,AG01493,LOC0081,Single Family,4,4.5,1095,3103,1901,261300.0,2026-07-12,Sold,251318.62,2026-07-28,16,0.0,1,No,No,2026-07-12,2026-07-28
UPDATE,2026-07-28T00:00:00,2026-07-28,PT0142016,LST0142016,AG00563,LOC0125,Single Family,3,2.5,1373,2664,1939,250500.0,2025-06-08,Active,,,114,0.0,3,Yes,Yes,2025-06-08,2026-07-28
UPDATE,2026-07-28T00:00:00,2026-07-28,PT0260226,LST0260226,AG03000,LOC0152,Single Family,6,4.5,2503,3593,1996,1007000.0,2026-03-18,Active,,,125,0.0,3,Yes,Yes,2026-03-18,2026-07-28
UPDATE,2026-07-28T00:00:00,2026-07-28,PT0155345,LST0155345,AG01946,LOC0137,Condo,2,2.0,1577,6774,1933,428000.0,2025-06-14,Pending,,,174,693.0,1,No,No,2025-06-14,2026-07-28
UPDATE,2026-07-28T00:00:00,2026-07-28,PT0397103,LST0397103,AG01493,LOC0168,Single Family,5,2.0,1022,1555,1919,428100.0,2023-10-03,Sold,444081.45,2026-07-28,1029,0.0,0,No,No,2023-10-03,2026-07-28
UPDATE,2026-07-28T00:00:00,2026-07-28,PT0172034,LST0172034,AG00659,LOC0179,Single Family,3,4.0,611,11904,1930,127000.0,2025-01-22,Pending,,,129,0.0,2,Yes,No,2025-01-22,2026-07-28
UPDATE,2026-07-28T00:00:00,2026-07-28,PT0494731,LST0494731,AG02165,LOC0120,Townhouse,2,3.0,2889,3947,1943,221400.0,2024-01-28,Active,,,124,660.0,3,No,No,2024-01-28,2026-07-28
UPDATE,2026-07-28T00:00:00,2026-07-28,PT0126047,LST0126047,AG02093,LOC0017,Townhouse,6,4.0,1529,2323,1916,375700.0,2025-08-09,Pending,,,45,61.0,2,Yes,No,2025-08-09,2026-07-28
UPDATE,2026-07-28T00:00:00,2026-07-28,PT0215784,LST0215784,AG01580,LOC0221,Condo,4,3.5,2216,4716,2019,703300.0,2025-04-02,Sold,717417.04,2026-07-28,482,227.0,1,No,No,2025-04-02,2026-07-28
UPDATE,2026-07-28T00:00:00,2026-07-28,PT0378160,LST0378160,AG02785,LOC0201,Townhouse,6,4.0,493,10370,1966,113400.0,2024-10-28,Pending,,,5,313.0,3,No,No,2024-10-28,2026-07-28
UPDATE,2026-07-28T00:00:00,2026-07-28,PT0511218,LST0511218,AG00098,LOC0033,Single Family,5,3.0,300,4811,1952,88000.0,2026-07-10,Sold,87681.38,2026-07-28,18,0.0,3,No,Yes,2026-07-10,2026-07-28
UPDATE,2026-07-28T00:00:00,2026-07-28,PT0528400,LST0528400,AG00638,LOC0102,Condo,1,4.5,1089,7379,1913,299200.0,2026-07-25,Active,,,0,114.52,1,No,No,2026-07-25,2026-07-28
UPDATE,2026-07-28T00:00:00,2026-07-28,PT0265156,LST0265156,AG02421,LOC0006,Townhouse,5,1.0,1373,4531,2003,251600.0,2024-09-11,Pending,,,165,764.0,2,Yes,No,2024-09-11,2026-07-28
UPDATE,2026-07-28T00:00:00,2026-07-28,PT0442420,LST0442420,AG02948,LOC0244,Single Family,3,4.0,2461,2899,2011,443200.0,2025-12-05,Pending,,,153,0.0,0,No,No,2025-12-05,2026-07-28
UPDATE,2026-07-28T00:00:00,2026-07-28,PT0271358,LST0271358,AG02586,LOC0195,Single Family,1,1.5,1990,15066,1996,753200.0,2026-01-17,Sold,713082.51,2026-07-28,192,0.0,2,Yes,Yes,2026-01-17,2026-07-28
UPDATE,2026-07-28T00:00:00,2026-07-28,PT0459169,LST0459169,AG01112,LOC0031,Townhouse,5,2.5,2081,3059,1908,535200.0,2025-06-12,Pending,,,42,790.0,2,No,No,2025-06-12,2026-07-28
UPDATE,2026-07-28T00:00:00,2026-07-28,PT0126110,LST0126110,AG00184,LOC0174,Townhouse,2,2.5,2370,4277,2016,819100.0,2024-04-06,Active,,,170,560.0,0,No,No,2024-04-06,2026-07-28
UPDATE,2026-07-28T00:00:00,2026-07-28,PT0428967,LST0428967,AG02759,LOC0086,Single Family,2,2.0,2814,3515,1949,425200.0,2024-08-09,Active,,,74,0.0,1,No,Yes,2024-08-09,2026-07-28
UPDATE,2026-07-28T00:00:00,2026-07-28,PT0262590,LST0262590,AG01142,LOC0219,Townhouse,5,1.0,2406,2104,1994,1113100.0,2024-05-23,Active,,,171,544.0,1,No,No,2024-05-23,2026-07-28
UPDATE,2026-07-28T00:00:00,2026-07-28,PT0295920,LST0295920,AG00505,LOC0174,Single Family,3,3.5,1708,10617,2003,397200.0,2023-05-09,Sold,357967.99,2026-07-28,1176,0.0,0,No,Yes,2023-05-09,2026-07-28
UPDATE,2026-07-28T00:00:00,2026-07-28,PT0520916,LST0520916,AG02353,LOC0220,Condo,3,4.0,2234,4945,1921,429400.0,2026-07-19,Sold,400912.11,2026-07-28,9,399.19,3,No,No,2026-07-19,2026-07-28
UPDATE,2026-07-28T00:00:00,2026-07-28,PT0039121,LST0039121,AG00003,LOC0064,Single Family,4,2.0,1003,5149,2004,317600.0,2023-03-06,Active,,,60,0.0,2,No,Yes,2023-03-06,2026-07-28
UPDATE,2026-07-28T00:00:00,2026-07-28,PT0022370,LST0022370,AG01643,LOC0101,Condo,3,2.0,1099,6789,1976,470300.0,2024-05-22,Sold,450399.72,2026-07-28,797,327.0,3,No,No,2024-05-22,2026-07-28
UPDATE,2026-07-28T00:00:00,2026-07-28,PT0469814,LST0469814,AG01649,LOC0168,Townhouse,1,2.5,2052,5918,2012,823700.0,2024-02-21,Pending,,,134,748.0,3,No,No,2024-02-21,2026-07-28
UPDATE,2026-07-28T00:00:00,2026-07-28,PT0252405,LST0252405,AG02621,LOC0137,Multi-Family,2,2.5,2920,3604,1998,382800.0,2024-04-02,Active,,,110,0.0,0,No,Yes,2024-04-02,2026-07-28
UPDATE,2026-07-28T00:00:00,2026-07-28,PT0348402,LST0348402,AG02794,LOC0229,Condo,5,3.0,2110,2706,2024,229500.0,2023-10-02,Active,,,44,580.0,1,No,No,2023-10-02,2026-07-28
UPDATE,2026-07-28T00:00:00,2026-07-28,PT0111724,LST0111724,AG01369,LOC0088,Single Family,4,1.5,1776,6421,1960,424200.0,2023-02-03,Pending,,,154,0.0,0,No,Yes,2023-02-03,2026-07-28
UPDATE,2026-07-28T00:00:00,2026-07-28,PT0529202,LST0529202,AG02576,LOC0151,Single Family,1,4.5,1436,1767,1941,420400.0,2026-07-26,Active,,,0,0.0,1,No,Yes,2026-07-26,2026-07-28
UPDATE,2026-07-28T00:00:00,2026-07-28,PT0330961,LST0330961,AG00210,LOC0113,Single Family,1,3.5,1819,2490,1925,710800.0,2026-01-22,Active,,,12,0.0,1,No,No,2026-01-22,2026-07-28
UPDATE,2026-07-28T00:00:00,2026-07-28,PT0219585,LST0219585,AG00286,LOC0164,Apartment,4,1.5,746,0,1910,212900.0,2025-10-15,Active,,,45,420.0,0,No,No,2025-10-15,2026-07-28
UPDATE,2026-07-28T00:00:00,2026-07-28,PT0045532,LST0045532,AG01199,LOC0068,Single Family,6,2.5,2072,4707,2011,766800.0,2026-06-25,Active,,,166,0.0,1,No,Yes,2026-06-25,2026-07-28
UPDATE,2026-07-28T00:00:00,2026-07-28,PT0527870,LST0527870,AG01295,LOC0116,Condo,6,4.0,1125,1203,1995,485200.0,2026-07-25,Pending,,,0,598.74,2,Yes,No,2026-07-25,2026-07-28
UPDATE,2026-07-28T00:00:00,2026-07-28,PT0279558,LST0279558,AG01161,LOC0039,Single Family,1,2.0,1919,1982,1957,558700.0,2026-01-13,Pending,,,175,0.0,2,No,Yes,2026-01-13,2026-07-28
UPDATE,2026-07-28T00:00:00,2026-07-28,PT0122686,LST0122686,AG01536,LOC0204,Single Family,2,3.0,1009,4207,1902,735600.0,2025-02-11,Active,,,3,0.0,2,No,Yes,2025-02-11,2026-07-28
UPDATE,2026-07-28T00:00:00,2026-07-28,PT0003978,LST0003978,AG00064,LOC0168,Land,0,0.0,3160,1393,1937,1114900.0,2025-03-06,Pending,,,67,0.0,0,No,No,2025-03-06,2026-07-28
UPDATE,2026-07-28T00:00:00,2026-07-28,PT0112299,LST0112299,AG01854,LOC0104,Single Family,5,3.0,1378,10324,1934,256200.0,2023-01-09,Active,,,78,0.0,3,No,Yes,2023-01-09,2026-07-28
UPDATE,2026-07-28T00:00:00,2026-07-28,PT0070215,LST0070215,AG02052,LOC0248,Single Family,5,3.0,1836,3843,2025,459000.0,2023-11-17,Pending,,,115,0.0,1,Yes,Yes,2023-11-17,2026-07-28
UPDATE,2026-07-28T00:00:00,2026-07-28,PT0307965,LST0307965,AG02399,LOC0119,Condo,4,1.5,1259,2588,1992,560600.0,2024-12-20,Active,,,45,613.0,0,No,No,2024-12-20,2026-07-28
UPDATE,2026-07-28T00:00:00,2026-07-28,PT0091700,LST0091700,AG01353,LOC0222,Apartment,2,3.0,683,0,1998,154900.0,2025-01-17,Pending,,,144,574.0,2,No,No,2025-01-17,2026-07-28
UPDATE,2026-07-28T00:00:00,2026-07-28,PT0227378,LST0227378,AG01997,LOC0147,Single Family,5,4.0,1502,13726,1995,190000.0,2024-03-12,Active,,,161,0.0,2,No,Yes,2024-03-12,2026-07-28
UPDATE,2026-07-28T00:00:00,2026-07-28,PT0240402,LST0240402,AG02807,LOC0083,Single Family,1,4.0,1716,3829,1912,280200.0,2025-01-13,Pending,,,1,0.0,3,No,Yes,2025-01-13,2026-07-28
UPDATE,2026-07-28T00:00:00,2026-07-28,PT0477439,LST0477439,AG02945,LOC0236,Single Family,4,2.5,1686,1002,2003,247200.0,2023-01-20,Sold,257479.59,2026-07-28,1285,0.0,2,No,Yes,2023-01-20,2026-07-28
UPDATE,2026-07-28T00:00:00,2026-07-28,PT0229880,LST0229880,AG00449,LOC0068,Condo,3,3.0,2141,5924,1964,661700.0,2024-07-23,Sold,571008.49,2026-07-28,735,576.0,3,No,No,2024-07-23,2026-07-28
UPDATE,2026-07-28T00:00:00,2026-07-28,PT0274334,LST0274334,AG01645,LOC0040,Single Family,6,1.0,1444,1744,2021,673700.0,2023-11-27,Active,,,19,0.0,2,No,Yes,2023-11-27,2026-07-28
UPDATE,2026-07-28T00:00:00,2026-07-28,PT0424087,LST0424087,AG01895,LOC0079,Condo,6,2.0,2779,2296,2008,253900.0,2024-10-21,Sold,257476.65,2026-07-28,645,633.0,3,No,No,2024-10-21,2026-07-28
UPDATE,2026-07-28T00:00:00,2026-07-28,PT0340901,LST0340901,AG00174,LOC0053,Condo,1,1.5,2120,7765,1979,1097200.0,2025-10-22,Pending,,,56,664.0,3,No,No,2025-10-22,2026-07-28
UPDATE,2026-07-28T00:00:00,2026-07-28,PT0127636,LST0127636,AG00933,LOC0017,Condo,5,4.5,2057,13059,2005,576600.0,2025-11-27,Active,,,100,246.0,3,Yes,No,2025-11-27,2026-07-28
UPDATE,2026-07-28T00:00:00,2026-07-28,PT0522940,LST0522940,AG02557,LOC0076,Townhouse,3,2.5,1514,9663,1994,206600.0,2026-07-20,Pending,,,0,236.92,3,Yes,No,2026-07-20,2026-07-28
UPDATE,2026-07-28T00:00:00,2026-07-28,PT0160591,LST0160591,AG01236,LOC0025,Land,0,0.0,6581,2531,2005,1921900.0,2024-05-14,Sold,1906488.99,2026-07-28,805,0.0,0,No,No,2024-05-14,2026-07-28
UPDATE,2026-07-28T00:00:00,2026-07-28,PT0158154,LST0158154,AG00699,LOC0142,Land,0,0.0,3688,3011,2004,725800.0,2024-09-03,Active,,,164,0.0,0,No,No,2024-09-03,2026-07-28
UPDATE,2026-07-28T00:00:00,2026-07-28,PT0327116,LST0327116,AG01967,LOC0247,Multi-Family,2,4.0,3837,4075,2000,1032100.0,2023-11-06,Pending,,,28,0.0,0,No,No,2023-11-06,2026-07-28
UPDATE,2026-07-28T00:00:00,2026-07-28,PT0261559,LST0261559,AG02552,LOC0246,Single Family,4,3.0,1442,2090,1939,250500.0,2025-02-04,Pending,,,64,0.0,0,No,Yes,2025-02-04,2026-07-28
UPDATE,2026-07-28T00:00:00,2026-07-28,PT0433319,LST0433319,AG01570,LOC0162,Condo,5,1.5,2113,10778,2004,455400.0,2024-02-09,Active,,,173,426.0,2,No,No,2024-02-09,2026-07-28
UPDATE,2026-07-28T00:00:00,2026-07-28,PT0510860,LST0510860,AG02510,LOC0139,Land,0,0.0,5687,8073,1908,1527100.0,2026-07-09,Sold,1354361.79,2026-07-28,19,0.0,0,No,No,2026-07-09,2026-07-28
UPDATE,2026-07-28T00:00:00,2026-07-28,PT0375588,LST0375588,AG01606,LOC0064,Single Family,3,2.5,1728,6466,2023,191200.0,2025-11-21,Sold,189146.3,2026-07-28,249,0.0,0,No,Yes,2025-11-21,2026-07-28
UPDATE,2026-07-28T00:00:00,2026-07-28,PT0528005,LST0528005,AG02370,LOC0217,Townhouse,1,4.5,2169,6585,2010,368900.0,2026-07-25,Active,,,0,773.25,1,No,No,2026-07-25,2026-07-28
UPDATE,2026-07-28T00:00:00,2026-07-28,PT0527924,LST0527924,AG01140,LOC0032,Land,0,0.0,7153,4040,1921,457600.0,2026-07-25,Pending,,,0,0.0,0,No,No,2026-07-25,2026-07-28
UPDATE,2026-07-28T00:00:00,2026-07-28,PT0126024,LST0126024,AG01301,LOC0237,Land,0,0.0,7389,4759,2015,1143400.0,2024-07-10,Sold,1150177.1,2026-07-28,748,0.0,0,No,No,2024-07-10,2026-07-28
UPDATE,2026-07-28T00:00:00,2026-07-28,PT0255781,LST0255781,AG02402,LOC0181,Multi-Family,6,2.5,4405,3699,1973,978300.0,2023-05-05,Active,,,57,0.0,0,No,Yes,2023-05-05,2026-07-28
UPDATE,2026-07-28T00:00:00,2026-07-28,PT0109588,LST0109588,AG02550,LOC0051,Single Family,1,3.0,2559,11877,1904,516500.0,2024-12-23,Active,,,79,0.0,0,No,Yes,2024-12-23,2026-07-28
UPDATE,2026-07-28T00:00:00,2026-07-28,PT0523685,LST0523685,AG01100,LOC0110,Single Family,3,2.5,1374,1731,1941,349100.0,2026-07-21,Active,,,0,0.0,0,No,Yes,2026-07-21,2026-07-28
UPDATE,2026-07-28T00:00:00,2026-07-28,PT0528490,LST0528490,AG01830,LOC0087,Condo,6,3.5,1731,2653,1969,166700.0,2026-07-25,Sold,169894.46,2026-07-28,3,705.13,2,No,No,2026-07-25,2026-07-28
UPDATE,2026-07-28T00:00:00,2026-07-28,PT0001819,LST0001819,AG01249,LOC0165,Single Family,6,2.0,1423,2058,1992,606500.0,2023-07-27,Active,,,35,0.0,1,No,Yes,2023-07-27,2026-07-28
UPDATE,2026-07-28T00:00:00,2026-07-28,PT0512626,LST0512626,AG01964,LOC0223,Single Family,2,2.5,1502,6757,1995,669100.0,2026-07-11,Sold,655933.45,2026-07-28,17,0.0,1,No,No,2026-07-11,2026-07-28
UPDATE,2026-07-28T00:00:00,2026-07-28,PT0518846,LST0518846,AG01209,LOC0090,Single Family,6,4.5,1641,4102,1920,116800.0,2026-07-16,Pending,,,0,0.0,2,No,No,2026-07-16,2026-07-28
UPDATE,2026-07-28T00:00:00,2026-07-28,PT0435426,LST0435426,AG02184,LOC0031,Townhouse,3,3.0,2264,1683,1986,689700.0,2025-06-29,Sold,670264.4,2026-07-28,394,176.0,1,No,No,2025-06-29,2026-07-28
UPDATE,2026-07-28T00:00:00,2026-07-28,PT0529943,LST0529943,AG00131,LOC0187,Townhouse,5,4.0,986,1058,1981,548200.0,2026-07-26,Active,,,0,353.66,1,Yes,No,2026-07-26,2026-07-28
UPDATE,2026-07-28T00:00:00,2026-07-28,PT0360769,LST0360769,AG01754,LOC0039,Apartment,2,2.5,1045,0,1956,220900.0,2025-11-17,Active,,,75,488.0,0,No,No,2025-11-17,2026-07-28
UPDATE,2026-07-28T00:00:00,2026-07-28,PT0135468,LST0135468,AG02790,LOC0107,Townhouse,3,3.0,1435,1242,1967,376000.0,2025-11-06,Active,,,129,297.0,3,No,No,2025-11-06,2026-07-28
UPDATE,2026-07-28T00:00:00,2026-07-28,PT0222758,LST0222758,AG00608,LOC0228,Apartment,2,3.0,1484,0,1902,818500.0,2024-01-03,Pending,,,109,143.0,0,No,No,2024-01-03,2026-07-28
UPDATE,2026-07-28T00:00:00,2026-07-28,PT0450267,LST0450267,AG00799,LOC0080,Townhouse,2,1.0,1941,12991,1966,405500.0,2024-12-22,Pending,,,27,261.0,0,No,No,2024-12-22,2026-07-28
UPDATE,2026-07-28T00:00:00,2026-07-28,PT0505696,LST0505696,AG00027,LOC0199,Multi-Family,6,3.5,3817,1776,1962,1348700.0,2026-07-05,Active,,,0,0.0,3,No,No,2026-07-05,2026-07-28
UPDATE,2026-07-28T00:00:00,2026-07-28,PT0531656,LST0531656,AG01860,LOC0212,Multi-Family,3,1.5,4443,4398,1988,2146500.0,2026-07-28,Active,,,0,0.0,2,No,No,2026-07-28,2026-07-28
UPDATE,2026-07-28T00:00:00,2026-07-28,PT0401929,LST0401929,AG02948,LOC0173,Single Family,1,3.0,1773,12598,1931,841700.0,2023-10-18,Sold,860591.94,2026-07-28,1014,0.0,1,No,No,2023-10-18,2026-07-28
UPDATE,2026-07-28T00:00:00,2026-07-28,PT0106084,LST0106084,AG00659,LOC0242,Single Family,4,3.5,1207,1674,1966,226800.0,2025-01-12,Active,,,34,0.0,2,No,Yes,2025-01-12,2026-07-28
UPDATE,2026-07-28T00:00:00,2026-07-28,PT0208609,LST0208609,AG02810,LOC0094,Single Family,1,4.0,1823,1403,1956,494800.0,2025-03-06,Pending,,,127,0.0,0,Yes,No,2025-03-06,2026-07-28
UPDATE,2026-07-28T00:00:00,2026-07-28,PT0064645,LST0064645,AG01011,LOC0037,Single Family,3,3.5,300,1162,1927,145700.0,2026-05-06,Pending,,,48,0.0,2,Yes,Yes,2026-05-06,2026-07-28
UPDATE,2026-07-28T00:00:00,2026-07-28,PT0405424,LST0405424,AG02273,LOC0197,Single Family,4,1.0,1825,5576,1985,606400.0,2025-05-17,Sold,572942.29,2026-07-28,437,0.0,3,No,Yes,2025-05-17,2026-07-28
UPDATE,2026-07-28T00:00:00,2026-07-28,PT0365515,LST0365515,AG01115,LOC0121,Townhouse,5,4.5,871,1178,2004,248100.0,2023-12-09,Pending,,,164,745.0,1,No,No,2023-12-09,2026-07-28
UPDATE,2026-07-28T00:00:00,2026-07-28,PT0001020,LST0001020,AG02029,LOC0204,Condo,1,4.5,1566,4949,1925,768000.0,2025-05-22,Active,,,136,390.0,0,No,No,2025-05-22,2026-07-28
UPDATE,2026-07-28T00:00:00,2026-07-28,PT0235501,LST0235501,AG02835,LOC0072,Single Family,3,1.0,659,6988,1918,112500.0,2023-07-31,Pending,,,147,0.0,2,Yes,Yes,2023-07-31,2026-07-28
UPDATE,2026-07-28T00:00:00,2026-07-28,PT0432464,LST0432464,AG01490,LOC0139,Single Family,2,4.0,2429,5670,2010,1336400.0,2025-01-09,Pending,,,11,0.0,0,Yes,No,2025-01-09,2026-07-28
UPDATE,2026-07-28T00:00:00,2026-07-28,PT0094367,LST0094367,AG00898,LOC0229,Townhouse,3,1.0,1101,1143,1932,178900.0,2024-06-19,Active,,,130,217.0,1,No,No,2024-06-19,2026-07-28
UPDATE,2026-07-28T00:00:00,2026-07-28,PT0385914,LST0385914,AG01560,LOC0174,Single Family,2,1.5,1438,1348,1974,464400.0,2023-04-04,Pending,,,123,0.0,2,No,No,2023-04-04,2026-07-28
UPDATE,2026-07-28T00:00:00,2026-07-28,PT0184059,LST0184059,AG02320,LOC0069,Single Family,5,4.5,1854,6057,1906,471400.0,2025-07-06,Active,,,115,0.0,3,Yes,No,2025-07-06,2026-07-28
UPDATE,2026-07-28T00:00:00,2026-07-28,PT0324911,LST0324911,AG02526,LOC0242,Single Family,4,4.0,1354,4241,1921,224300.0,2023-12-08,Sold,225093.51,2026-07-28,963,0.0,1,No,No,2023-12-08,2026-07-28
UPDATE,2026-07-28T00:00:00,2026-07-28,PT0504387,LST0504387,AG01363,LOC0048,Condo,2,4.0,765,11469,2006,285500.0,2026-07-04,Active,,,0,623.93,0,No,No,2026-07-04,2026-07-28
UPDATE,2026-07-28T00:00:00,2026-07-28,PT0044600,LST0044600,AG00876,LOC0146,Townhouse,5,1.0,1555,1955,1970,120200.0,2024-07-14,Pending,,,47,724.0,1,No,No,2024-07-14,2026-07-28
UPDATE,2026-07-28T00:00:00,2026-07-28,PT0435107,LST0435107,AG00363,LOC0101,Condo,1,1.0,2588,5691,1910,1153300.0,2023-05-10,Active,,,2,453.0,3,No,No,2023-05-10,2026-07-28
UPDATE,2026-07-28T00:00:00,2026-07-28,PT0167803,LST0167803,AG02956,LOC0220,Apartment,3,2.5,1198,0,1978,671700.0,2023-04-30,Sold,644616.39,2026-07-28,1185,654.0,0,No,No,2023-04-30,2026-07-28
UPDATE,2026-07-28T00:00:00,2026-07-28,PT0029706,LST0029706,AG00584,LOC0114,Apartment,3,4.0,734,0,1990,93300.0,2026-06-13,Active,,,96,242.0,1,No,No,2026-06-13,2026-07-28
UPDATE,2026-07-28T00:00:00,2026-07-28,PT0500895,LST0500895,AG01405,LOC0111,Multi-Family,6,1.0,2503,1260,1909,300400.0,2026-07-01,Active,,,0,0.0,0,No,Yes,2026-07-01,2026-07-28
UPDATE,2026-07-28T00:00:00,2026-07-28,PT0022350,LST0022350,AG01666,LOC0144,Apartment,1,3.5,1805,0,1960,471600.0,2023-09-21,Pending,,,106,97.0,1,No,No,2023-09-21,2026-07-28
UPDATE,2026-07-28T00:00:00,2026-07-28,PT0410159,LST0410159,AG02552,LOC0134,Multi-Family,5,4.5,2689,2750,1921,1353700.0,2023-04-12,Pending,,,137,0.0,3,No,No,2023-04-12,2026-07-28
UPDATE,2026-07-28T00:00:00,2026-07-28,PT0409216,LST0409216,AG01156,LOC0212,Single Family,3,1.0,671,2633,1915,421100.0,2026-02-21,Active,,,73,0.0,0,No,No,2026-02-21,2026-07-28
UPDATE,2026-07-28T00:00:00,2026-07-28,PT0307081,LST0307081,AG01521,LOC0110,Townhouse,2,3.5,1558,4346,1934,241400.0,2024-07-05,Sold,237186.42,2026-07-28,753,492.0,2,No,No,2024-07-05,2026-07-28
UPDATE,2026-07-28T00:00:00,2026-07-28,PT0314598,LST0314598,AG00664,LOC0225,Land,0,0.0,2542,2226,1923,821400.0,2025-12-29,Active,,,162,0.0,0,No,No,2025-12-29,2026-07-28
UPDATE,2026-07-28T00:00:00,2026-07-28,PT0303879,LST0303879,AG01730,LOC0201,Townhouse,5,3.5,1970,3869,1996,448700.0,2023-03-27,Active,,,42,508.0,2,No,No,2023-03-27,2026-07-28
UPDATE,2026-07-28T00:00:00,2026-07-28,PT0529699,LST0529699,AG01250,LOC0235,Condo,5,4.0,2417,6196,2023,652000.0,2026-07-26,Pending,,,0,435.35,3,No,No,2026-07-26,2026-07-28
UPDATE,2026-07-28T00:00:00,2026-07-28,PT0235603,LST0235603,AG02722,LOC0013,Multi-Family,3,4.5,4805,24429,1915,1223200.0,2023-11-13,Active,,,34,0.0,1,No,Yes,2023-11-13,2026-07-28
UPDATE,2026-07-28T00:00:00,2026-07-28,PT0385286,LST0385286,AG00327,LOC0114,Single Family,2,3.0,845,6062,1933,247400.0,2024-03-19,Active,,,162,0.0,0,No,Yes,2024-03-19,2026-07-28
UPDATE,2026-07-28T00:00:00,2026-07-28,PT0190421,LST0190421,AG02897,LOC0206,Single Family,5,3.0,2440,2323,1921,656400.0,2023-10-22,Pending,,,69,0.0,2,Yes,Yes,2023-10-22,2026-07-28
UPDATE,2026-07-28T00:00:00,2026-07-28,PT0105033,LST0105033,AG01326,LOC0075,Multi-Family,3,4.0,4365,3010,2004,1310100.0,2024-11-13,Active,,,78,0.0,2,No,No,2024-11-13,2026-07-28
UPDATE,2026-07-28T00:00:00,2026-07-28,PT0434776,LST0434776,AG01015,LOC0240,Townhouse,5,2.0,1694,16412,1990,243800.0,2024-07-17,Active,,,27,428.0,3,No,No,2024-07-17,2026-07-28
UPDATE,2026-07-28T00:00:00,2026-07-28,PT0442147,LST0442147,AG02679,LOC0076,Condo,4,2.0,1395,2612,1994,245900.0,2025-03-28,Pending,,,86,575.0,3,No,No,2025-03-28,2026-07-28
UPDATE,2026-07-28T00:00:00,2026-07-28,PT0148035,LST0148035,AG02049,LOC0176,Single Family,1,1.0,2773,11286,1986,483200.0,2025-10-15,Pending,,,108,0.0,2,Yes,Yes,2025-10-15,2026-07-28
UPDATE,2026-07-28T00:00:00,2026-07-28,PT0082903,LST0082903,AG01557,LOC0143,Condo,1,4.5,2355,2975,1903,188700.0,2023-12-26,Active,,,48,558.0,2,No,No,2023-12-26,2026-07-28
UPDATE,2026-07-28T00:00:00,2026-07-28,PT0261328,LST0261328,AG00938,LOC0223,Apartment,2,1.0,944,0,1992,357700.0,2026-03-14,Active,,,35,191.0,3,No,No,2026-03-14,2026-07-28
UPDATE,2026-07-28T00:00:00,2026-07-28,PT0420357,LST0420357,AG01237,LOC0204,Townhouse,3,3.5,1784,4392,1942,556700.0,2025-09-10,Sold,523527.9,2026-07-28,321,626.0,1,No,No,2025-09-10,2026-07-28
UPDATE,2026-07-28T00:00:00,2026-07-28,PT0317776,LST0317776,AG01180,LOC0090,Townhouse,4,3.0,969,1583,1944,105000.0,2025-11-04,Active,,,19,175.0,3,No,No,2025-11-04,2026-07-28
UPDATE,2026-07-28T00:00:00,2026-07-28,PT0370333,LST0370333,AG01322,LOC0169,Condo,2,3.0,795,3311,1982,235000.0,2026-05-03,Active,,,49,477.0,3,No,No,2026-05-03,2026-07-28
UPDATE,2026-07-28T00:00:00,2026-07-28,PT0242717,LST0242717,AG02198,LOC0123,Condo,3,4.5,1402,13506,1938,358500.0,2024-03-04,Pending,,,22,662.0,1,No,No,2024-03-04,2026-07-28
UPDATE,2026-07-28T00:00:00,2026-07-28,PT0327510,LST0327510,AG02116,LOC0087,Single Family,6,4.5,1547,3935,1939,508500.0,2026-06-21,Sold,540404.34,2026-07-28,37,0.0,2,No,Yes,2026-06-21,2026-07-28
UPDATE,2026-07-28T00:00:00,2026-07-28,PT0241928,LST0241928,AG02824,LOC0157,Land,0,0.0,8285,2409,1977,1623500.0,2023-07-05,Active,,,29,0.0,0,No,No,2023-07-05,2026-07-28
UPDATE,2026-07-28T00:00:00,2026-07-28,PT0070659,LST0070659,AG00868,LOC0174,Single Family,5,4.0,2057,9766,1958,913900.0,2023-02-09,Pending,,,42,0.0,3,No,Yes,2023-02-09,2026-07-28
UPDATE,2026-07-28T00:00:00,2026-07-28,PT0508824,LST0508824,AG02601,LOC0214,Land,0,0.0,1713,7954,1917,242800.0,2026-07-08,Sold,228545.74,2026-07-28,20,0.0,0,No,No,2026-07-08,2026-07-28
UPDATE,2026-07-28T00:00:00,2026-07-28,PT0459974,LST0459974,AG00908,LOC0177,Townhouse,5,1.0,1067,2777,1993,382900.0,2025-05-06,Active,,,36,269.0,0,Yes,No,2025-05-06,2026-07-28
UPDATE,2026-07-28T00:00:00,2026-07-28,PT0097915,LST0097915,AG01347,LOC0014,Single Family,6,2.5,1748,1356,1973,504400.0,2023-09-09,Pending,,,69,0.0,0,No,No,2023-09-09,2026-07-28
UPDATE,2026-07-28T00:00:00,2026-07-28,PT0334916,LST0334916,AG00308,LOC0148,Condo,3,3.0,861,1716,1902,286400.0,2025-01-14,Pending,,,119,703.0,1,No,No,2025-01-14,2026-07-28
UPDATE,2026-07-28T00:00:00,2026-07-28,PT0501641,LST0501641,AG01226,LOC0208,Single Family,1,4.0,973,3756,1918,161200.0,2026-07-02,Sold,160566.55,2026-07-28,26,0.0,1,No,No,2026-07-02,2026-07-28
UPDATE,2026-07-28T00:00:00,2026-07-28,PT0476208,LST0476208,AG01026,LOC0212,Single Family,5,3.5,1409,1749,1973,779200.0,2025-07-07,Pending,,,93,0.0,2,No,Yes,2025-07-07,2026-07-28
UPDATE,2026-07-28T00:00:00,2026-07-28,PT0522480,LST0522480,AG02139,LOC0189,Single Family,6,1.5,1758,1869,2018,490400.0,2026-07-20,Active,,,0,0.0,3,No,No,2026-07-20,2026-07-28
UPDATE,2026-07-28T00:00:00,2026-07-28,PT0279522,LST0279522,AG01107,LOC0193,Single Family,5,3.5,1346,1375,2015,800500.0,2026-06-04,Active,,,45,0.0,1,No,No,2026-06-04,2026-07-28
UPDATE,2026-07-28T00:00:00,2026-07-28,PT0515745,LST0515745,AG00604,LOC0069,Land,0,0.0,8073,3118,1906,2134600.0,2026-07-13,Active,,,0,0.0,0,No,No,2026-07-13,2026-07-28
UPDATE,2026-07-28T00:00:00,2026-07-28,PT0168178,LST0168178,AG01393,LOC0244,Single Family,4,1.0,1447,1692,1952,268700.0,2023-05-06,Pending,,,146,0.0,3,Yes,No,2023-05-06,2026-07-28
UPDATE,2026-07-28T00:00:00,2026-07-28,PT0470445,LST0470445,AG02828,LOC0133,Condo,4,4.0,1233,4660,1942,271200.0,2023-01-11,Sold,230858.8,2026-07-28,1294,564.0,0,Yes,No,2023-01-11,2026-07-28
UPDATE,2026-07-28T00:00:00,2026-07-28,PT0121957,LST0121957,AG02807,LOC0222,Condo,1,4.5,1978,3423,1959,570100.0,2023-07-07,Pending,,,88,202.0,2,No,No,2023-07-07,2026-07-28
UPDATE,2026-07-28T00:00:00,2026-07-28,PT0460639,LST0460639,AG02271,LOC0075,Condo,6,2.0,1525,1414,1965,209900.0,2024-10-04,Pending,,,88,536.0,3,No,No,2024-10-04,2026-07-28
UPDATE,2026-07-28T00:00:00,2026-07-28,PT0361333,LST0361333,AG02405,LOC0110,Townhouse,3,3.5,1828,1785,1972,627700.0,2023-10-14,Pending,,,120,704.0,2,No,No,2023-10-14,2026-07-28
UPDATE,2026-07-28T00:00:00,2026-07-28,PT0501274,LST0501274,AG02139,LOC0207,Condo,2,3.5,1012,7030,2014,289100.0,2026-07-01,Active,,,0,471.21,3,No,No,2026-07-01,2026-07-28
UPDATE,2026-07-28T00:00:00,2026-07-28,PT0370712,LST0370712,AG02859,LOC0175,Townhouse,2,2.5,1843,5361,2001,354500.0,2025-06-19,Active,,,114,312.0,2,Yes,No,2025-06-19,2026-07-28
UPDATE,2026-07-28T00:00:00,2026-07-28,PT0371166,LST0371166,AG01999,LOC0049,Apartment,2,1.0,889,0,1980,314600.0,2024-05-28,Pending,,,46,208.0,1,No,No,2024-05-28,2026-07-28
UPDATE,2026-07-28T00:00:00,2026-07-28,PT0308189,LST0308189,AG00744,LOC0243,Single Family,5,2.0,2091,12604,1972,1042400.0,2023-12-14,Pending,,,69,0.0,3,Yes,No,2023-12-14,2026-07-28
UPDATE,2026-07-28T00:00:00,2026-07-28,PT0521337,LST0521337,AG02934,LOC0059,Single Family,5,2.5,938,1489,1901,92500.0,2026-07-19,Active,,,0,0.0,0,Yes,No,2026-07-19,2026-07-28
UPDATE,2026-07-28T00:00:00,2026-07-28,PT0500537,LST0500537,AG01579,LOC0090,Townhouse,2,2.0,1841,7022,1900,532200.0,2026-07-01,Pending,,,0,357.86,3,No,No,2026-07-01,2026-07-28
UPDATE,2026-07-28T00:00:00,2026-07-28,PT0342434,LST0342434,AG00515,LOC0165,Single Family,3,3.5,1990,5107,1935,1180800.0,2025-09-28,Sold,1194362.76,2026-07-28,303,0.0,0,No,Yes,2025-09-28,2026-07-28
UPDATE,2026-07-28T00:00:00,2026-07-28,PT0244712,LST0244712,AG00527,LOC0021,Single Family,5,3.0,1704,12132,1929,201500.0,2025-07-16,Pending,,,49,0.0,1,No,Yes,2025-07-16,2026-07-28
UPDATE,2026-07-28T00:00:00,2026-07-28,PT0421339,LST0421339,AG01018,LOC0084,Single Family,1,3.5,1247,1577,2001,408800.0,2025-03-11,Active,,,61,0.0,0,No,Yes,2025-03-11,2026-07-28
UPDATE,2026-07-28T00:00:00,2026-07-28,PT0251289,LST0251289,AG02905,LOC0054,Single Family,6,4.5,2568,1003,1918,554100.0,2024-05-08,Active,,,56,0.0,3,Yes,Yes,2024-05-08,2026-07-28
UPDATE,2026-07-28T00:00:00,2026-07-28,PT0477712,LST0477712,AG02060,LOC0141,Single Family,2,2.0,1707,7834,2025,331400.0,2023-06-24,Pending,,,62,0.0,3,No,No,2023-06-24,2026-07-28
UPDATE,2026-07-28T00:00:00,2026-07-28,PT0389299,LST0389299,AG00094,LOC0179,Townhouse,5,1.5,476,11680,1925,50000.0,2025-09-03,Active,,,174,441.0,1,Yes,No,2025-09-03,2026-07-28
UPDATE,2026-07-28T00:00:00,2026-07-28,PT0197455,LST0197455,AG00024,LOC0001,Single Family,6,3.5,1083,8193,1935,295300.0,2024-11-22,Active,,,126,0.0,3,No,No,2024-11-22,2026-07-28
UPDATE,2026-07-28T00:00:00,2026-07-28,PT0361183,LST0361183,AG01661,LOC0246,Townhouse,4,3.5,2337,1075,1957,344300.0,2024-12-02,Active,,,48,413.0,2,No,No,2024-12-02,2026-07-28
UPDATE,2026-07-28T00:00:00,2026-07-28,PT0223570,LST0223570,AG02948,LOC0246,Single Family,5,4.5,1854,1767,1935,423700.0,2024-09-01,Active,,,0,0.0,0,Yes,No,2024-09-01,2026-07-28
UPDATE,2026-07-28T00:00:00,2026-07-28,PT0194532,LST0194532,AG00306,LOC0045,Single Family,5,3.0,2238,2860,1913,1111500.0,2023-06-17,Pending,,,167,0.0,3,No,No,2023-06-17,2026-07-28
UPDATE,2026-07-28T00:00:00,2026-07-28,PT0230548,LST0230548,AG01404,LOC0103,Single Family,3,1.5,749,11472,1948,132800.0,2025-09-15,Active,,,156,0.0,0,No,No,2025-09-15,2026-07-28
UPDATE,2026-07-28T00:00:00,2026-07-28,PT0129146,LST0129146,AG00506,LOC0219,Townhouse,1,3.5,1752,8810,1942,1056800.0,2024-01-23,Sold,1016080.48,2026-07-28,917,109.0,3,No,No,2024-01-23,2026-07-28
UPDATE,2026-07-28T00:00:00,2026-07-28,PT0228598,LST0228598,AG00692,LOC0065,Single Family,5,3.5,1306,5043,1928,181800.0,2024-04-13,Active,,,64,0.0,2,No,Yes,2024-04-13,2026-07-28
UPDATE,2026-07-28T00:00:00,2026-07-28,PT0315141,LST0315141,AG01255,LOC0248,Multi-Family,1,3.0,5893,10153,1902,1060200.0,2025-11-06,Pending,,,70,0.0,1,No,No,2025-11-06,2026-07-28
UPDATE,2026-07-28T00:00:00,2026-07-28,PT0520780,LST0520780,AG01694,LOC0110,Townhouse,5,4.5,1164,17052,1907,254800.0,2026-07-19,Active,,,0,305.64,2,No,No,2026-07-19,2026-07-28
UPDATE,2026-07-28T00:00:00,2026-07-28,PT0136939,LST0136939,AG00449,LOC0011,Condo,5,4.5,2704,1270,2012,1020600.0,2025-10-21,Active,,,65,253.0,0,No,No,2025-10-21,2026-07-28
UPDATE,2026-07-28T00:00:00,2026-07-28,PT0385406,LST0385406,AG01356,LOC0107,Single Family,5,2.0,1944,3054,1911,513900.0,2023-04-20,Active,,,12,0.0,1,No,No,2023-04-20,2026-07-28
UPDATE,2026-07-28T00:00:00,2026-07-28,PT0394635,LST0394635,AG02102,LOC0176,Single Family,6,2.5,2396,4018,1983,499200.0,2025-11-07,Active,,,15,0.0,0,No,No,2025-11-07,2026-07-28
UPDATE,2026-07-28T00:00:00,2026-07-28,PT0516852,LST0516852,AG00886,LOC0158,Single Family,6,3.5,461,1755,1958,95000.0,2026-07-14,Pending,,,0,0.0,0,No,Yes,2026-07-14,2026-07-28
UPDATE,2026-07-28T00:00:00,2026-07-28,PT0340128,LST0340128,AG02838,LOC0111,Townhouse,2,3.0,1854,2802,1924,194700.0,2024-02-22,Active,,,120,61.0,1,No,No,2024-02-22,2026-07-28
UPDATE,2026-07-28T00:00:00,2026-07-28,PT0513134,LST0513134,AG02290,LOC0164,Townhouse,1,4.5,1572,9644,1954,207600.0,2026-07-12,Active,,,0,242.4,3,No,No,2026-07-12,2026-07-28
UPDATE,2026-07-28T00:00:00,2026-07-28,PT0144861,LST0144861,AG00902,LOC0035,Multi-Family,4,2.0,1368,4942,1983,222900.0,2025-10-19,Active,,,171,0.0,0,No,No,2025-10-19,2026-07-28
UPDATE,2026-07-28T00:00:00,2026-07-28,PT0153705,LST0153705,AG00788,LOC0092,Multi-Family,1,2.5,2810,1360,1910,663500.0,2025-07-24,Active,,,104,0.0,2,No,Yes,2025-07-24,2026-07-28
UPDATE,2026-07-28T00:00:00,2026-07-28,PT0516064,LST0516064,AG01574,LOC0203,Condo,5,2.5,1221,2403,1962,133000.0,2026-07-14,Active,,,0,172.28,1,Yes,No,2026-07-14,2026-07-28
UPDATE,2026-07-28T00:00:00,2026-07-28,PT0056968,LST0056968,AG02148,LOC0041,Multi-Family,1,1.5,2655,4309,1987,726500.0,2024-04-19,Pending,,,91,0.0,3,No,No,2024-04-19,2026-07-28
UPDATE,2026-07-28T00:00:00,2026-07-28,PT0329983,LST0329983,AG02810,LOC0008,Single Family,1,4.5,2381,4967,1921,245300.0,2024-02-23,Sold,229384.69,2026-07-28,886,0.0,2,No,No,2024-02-23,2026-07-28
UPDATE,2026-07-28T00:00:00,2026-07-28,PT0161744,LST0161744,AG01165,LOC0131,Single Family,1,1.5,1170,1133,1983,74100.0,2024-09-17,Pending,,,22,0.0,0,No,No,2024-09-17,2026-07-28
UPDATE,2026-07-28T00:00:00,2026-07-28,PT0186504,LST0186504,AG01386,LOC0139,Multi-Family,2,2.5,3743,3415,2016,1061200.0,2023-09-22,Active,,,97,0.0,1,No,Yes,2023-09-22,2026-07-28
UPDATE,2026-07-28T00:00:00,2026-07-28,PT0053587,LST0053587,AG00475,LOC0207,Townhouse,5,3.0,1645,5852,1926,422200.0,2024-11-23,Sold,434116.35,2026-07-28,612,64.0,2,No,No,2024-11-23,2026-07-28
UPDATE,2026-07-28T00:00:00,2026-07-28,PT0474286,LST0474286,AG00382,LOC0217,Single Family,3,1.5,1370,3328,1982,246000.0,2024-11-27,Pending,,,161,0.0,2,No,Yes,2024-11-27,2026-07-28
UPDATE,2026-07-28T00:00:00,2026-07-28,PT0186718,LST0186718,AG01121,LOC0139,Single Family,5,1.0,3375,12064,2003,414300.0,2024-02-20,Active,,,13,0.0,0,No,No,2024-02-20,2026-07-28
UPDATE,2026-07-28T00:00:00,2026-07-28,PT0522221,LST0522221,AG00378,LOC0102,Single Family,6,3.5,300,2421,1978,50000.0,2026-07-20,Pending,,,0,0.0,2,No,No,2026-07-20,2026-07-28
UPDATE,2026-07-28T00:00:00,2026-07-28,PT0107331,LST0107331,AG01230,LOC0099,Single Family,6,1.0,1501,7385,1920,630000.0,2024-10-30,Active,,,108,0.0,2,Yes,Yes,2024-10-30,2026-07-28
UPDATE,2026-07-28T00:00:00,2026-07-28,PT0287878,LST0287878,AG01974,LOC0075,Single Family,6,2.5,2200,17642,1999,389000.0,2023-12-15,Pending,,,25,0.0,0,No,Yes,2023-12-15,2026-07-28
UPDATE,2026-07-28T00:00:00,2026-07-28,PT0018887,LST0018887,AG01743,LOC0117,Land,0,0.0,4329,2221,1949,1329900.0,2024-03-01,Sold,1308596.01,2026-07-28,879,0.0,0,No,No,2024-03-01,2026-07-28
UPDATE,2026-07-28T00:00:00,2026-07-28,PT0101892,LST0101892,AG01695,LOC0152,Townhouse,2,3.0,1946,3894,1997,859400.0,2025-11-04,Active,,,67,441.0,0,No,No,2025-11-04,2026-07-28
UPDATE,2026-07-28T00:00:00,2026-07-28,PT0518417,LST0518417,AG02301,LOC0047,Townhouse,2,3.5,1319,3914,1982,477600.0,2026-07-16,Active,,,0,523.8,2,No,No,2026-07-16,2026-07-28
UPDATE,2026-07-28T00:00:00,2026-07-28,PT0297615,LST0297615,AG01242,LOC0048,Condo,5,3.5,1265,15530,1955,683500.0,2024-05-26,Sold,604447.34,2026-07-28,793,564.0,2,Yes,No,2024-05-26,2026-07-28
UPDATE,2026-07-28T00:00:00,2026-07-28,PT0049867,LST0049867,AG02258,LOC0172,Single Family,6,4.0,2312,4176,1943,685100.0,2024-01-03,Active,,,132,0.0,3,Yes,No,2024-01-03,2026-07-28
UPDATE,2026-07-28T00:00:00,2026-07-28,PT0481720,LST0481720,AG02746,LOC0193,Apartment,6,4.0,624,0,2015,156300.0,2023-12-18,Pending,,,137,750.0,0,No,No,2023-12-18,2026-07-28
UPDATE,2026-07-28T00:00:00,2026-07-28,PT0114129,LST0114129,AG01866,LOC0239,Single Family,6,2.5,2148,2368,1928,109100.0,2026-01-25,Sold,110196.56,2026-07-28,184,0.0,1,No,No,2026-01-25,2026-07-28
UPDATE,2026-07-28T00:00:00,2026-07-28,PT0532318,LST0532318,AG00636,LOC0086,Single Family,4,1.0,1978,3252,1949,336400.0,2026-07-28,Active,,,0,0.0,2,Yes,Yes,2026-07-28,2026-07-28
UPDATE,2026-07-28T00:00:00,2026-07-28,PT0517315,LST0517315,AG02694,LOC0092,Single Family,5,4.0,1826,1625,1973,311600.0,2026-07-15,Pending,,,0,0.0,3,No,No,2026-07-15,2026-07-28
UPDATE,2026-07-28T00:00:00,2026-07-28,PT0181596,LST0181596,AG01062,LOC0152,Single Family,6,2.0,1485,2631,1999,403800.0,2023-09-28,Active,,,81,0.0,2,No,Yes,2023-09-28,2026-07-28
UPDATE,2026-07-28T00:00:00,2026-07-28,PT0067011,LST0067011,AG00052,LOC0202,Single Family,5,2.5,1930,9455,1950,385500.0,2024-04-09,Active,,,57,0.0,1,No,No,2024-04-09,2026-07-28
UPDATE,2026-07-28T00:00:00,2026-07-28,PT0400407,LST0400407,AG00407,LOC0031,Condo,6,1.5,1512,2713,1991,359800.0,2026-06-07,Active,,,21,449.0,1,No,No,2026-06-07,2026-07-28
UPDATE,2026-07-28T00:00:00,2026-07-28,PT0121099,LST0121099,AG01821,LOC0054,Single Family,5,1.5,759,1440,1995,223700.0,2024-09-15,Active,,,124,0.0,2,No,Yes,2024-09-15,2026-07-28
UPDATE,2026-07-28T00:00:00,2026-07-28,PT0498357,LST0498357,AG02117,LOC0128,Single Family,1,3.0,2272,1267,2008,113600.0,2026-04-27,Sold,108099.14,2026-07-28,92,0.0,1,No,Yes,2026-04-27,2026-07-28
UPDATE,2026-07-28T00:00:00,2026-07-28,PT0432295,LST0432295,AG02537,LOC0170,Single Family,1,1.5,2008,2245,1974,1070000.0,2024-02-19,Pending,,,135,0.0,0,No,Yes,2024-02-19,2026-07-28
UPDATE,2026-07-28T00:00:00,2026-07-28,PT0161289,LST0161289,AG00688,LOC0172,Single Family,6,3.5,1065,14652,1937,276200.0,2023-11-26,Sold,248778.44,2026-07-28,975,0.0,0,No,Yes,2023-11-26,2026-07-28
UPDATE,2026-07-28T00:00:00,2026-07-28,PT0362503,LST0362503,AG00217,LOC0105,Single Family,2,3.5,2788,5303,2012,867800.0,2023-12-23,Sold,886068.02,2026-07-28,948,0.0,2,Yes,Yes,2023-12-23,2026-07-28
UPDATE,2026-07-28T00:00:00,2026-07-28,PT0068307,LST0068307,AG00721,LOC0116,Multi-Family,1,3.0,1447,1071,2025,609600.0,2024-04-08,Sold,565042.6,2026-07-28,841,0.0,1,No,Yes,2024-04-08,2026-07-28
UPDATE,2026-07-28T00:00:00,2026-07-28,PT0269398,LST0269398,AG00115,LOC0214,Apartment,6,3.0,1061,0,1996,394800.0,2023-08-05,Active,,,47,158.0,2,No,No,2023-08-05,2026-07-28
UPDATE,2026-07-28T00:00:00,2026-07-28,PT0403411,LST0403411,AG01847,LOC0016,Condo,6,4.5,1955,11191,1929,180400.0,2026-04-27,Pending,,,109,118.0,0,Yes,No,2026-04-27,2026-07-28
UPDATE,2026-07-28T00:00:00,2026-07-28,PT0247340,LST0247340,AG00737,LOC0103,Townhouse,5,1.5,884,10091,1964,132300.0,2024-10-05,Pending,,,55,123.0,1,Yes,No,2024-10-05,2026-07-28
UPDATE,2026-07-28T00:00:00,2026-07-28,PT0352593,LST0352593,AG02115,LOC0058,Multi-Family,1,1.0,1185,3424,1907,198600.0,2024-09-24,Active,,,161,0.0,3,No,No,2024-09-24,2026-07-28
UPDATE,2026-07-28T00:00:00,2026-07-28,PT0500659,LST0500659,AG00611,LOC0133,Single Family,5,1.0,1840,5447,2001,296600.0,2026-07-01,Pending,,,0,0.0,3,No,No,2026-07-01,2026-07-28
UPDATE,2026-07-28T00:00:00,2026-07-28,PT0069289,LST0069289,AG01885,LOC0203,Townhouse,5,2.5,1034,4193,1942,210200.0,2025-04-07,Sold,203366.89,2026-07-28,477,212.0,0,Yes,No,2025-04-07,2026-07-28
UPDATE,2026-07-28T00:00:00,2026-07-28,PT0506887,LST0506887,AG02206,LOC0100,Multi-Family,5,4.0,2009,6587,1982,245200.0,2026-07-06,Sold,246030.74,2026-07-28,22,0.0,2,Yes,No,2026-07-06,2026-07-28
UPDATE,2026-07-28T00:00:00,2026-07-28,PT0524483,LST0524483,AG00389,LOC0140,Townhouse,4,4.5,2752,1109,1941,1319500.0,2026-07-22,Active,,,0,786.95,3,Yes,No,2026-07-22,2026-07-28
UPDATE,2026-07-28T00:00:00,2026-07-28,PT0155612,LST0155612,AG00664,LOC0121,Townhouse,6,1.0,1548,2181,1994,383800.0,2025-08-27,Active,,,170,77.0,1,Yes,No,2025-08-27,2026-07-28
UPDATE,2026-07-28T00:00:00,2026-07-28,PT0334173,LST0334173,AG01895,LOC0230,Single Family,5,3.5,1723,5070,1982,417100.0,2025-04-01,Sold,415086.57,2026-07-28,483,0.0,1,Yes,No,2025-04-01,2026-07-28
UPDATE,2026-07-28T00:00:00,2026-07-28,PT0146735,LST0146735,AG00586,LOC0003,Townhouse,1,4.5,2343,4157,1990,105300.0,2023-07-21,Active,,,3,451.0,3,No,No,2023-07-21,2026-07-28
UPDATE,2026-07-28T00:00:00,2026-07-28,PT0477107,LST0477107,AG01087,LOC0182,Townhouse,4,1.0,2441,2474,1941,828100.0,2025-09-08,Active,,,87,168.0,0,Yes,No,2025-09-08,2026-07-28
UPDATE,2026-07-28T00:00:00,2026-07-28,PT0096389,LST0096389,AG00906,LOC0215,Single Family,3,1.5,2060,3865,1991,396500.0,2025-02-22,Pending,,,134,0.0,2,No,No,2025-02-22,2026-07-28
UPDATE,2026-07-28T00:00:00,2026-07-28,PT0147004,LST0147004,AG01287,LOC0114,Condo,1,2.5,990,9390,1947,208600.0,2024-08-31,Active,,,115,600.0,3,No,No,2024-08-31,2026-07-28
UPDATE,2026-07-28T00:00:00,2026-07-28,PT0413745,LST0413745,AG01074,LOC0062,Single Family,5,4.5,2033,2022,1993,348200.0,2025-10-23,Pending,,,158,0.0,2,No,No,2025-10-23,2026-07-28
UPDATE,2026-07-28T00:00:00,2026-07-28,PT0405247,LST0405247,AG02753,LOC0071,Single Family,4,3.5,2037,1115,1910,724000.0,2023-11-16,Active,,,166,0.0,2,No,No,2023-11-16,2026-07-28
UPDATE,2026-07-28T00:00:00,2026-07-28,PT0280629,LST0280629,AG02450,LOC0188,Single Family,6,3.0,1199,5580,1958,334000.0,2026-01-05,Active,,,175,0.0,0,Yes,Yes,2026-01-05,2026-07-28
UPDATE,2026-07-28T00:00:00,2026-07-28,PT0052150,LST0052150,AG00464,LOC0086,Condo,2,1.0,2921,2739,2019,406100.0,2025-08-02,Pending,,,58,402.0,0,No,No,2025-08-02,2026-07-28
UPDATE,2026-07-28T00:00:00,2026-07-28,PT0378377,LST0378377,AG00015,LOC0239,Apartment,3,4.0,588,0,1937,199200.0,2025-08-31,Sold,197213.75,2026-07-28,331,488.0,0,No,No,2025-08-31,2026-07-28
UPDATE,2026-07-28T00:00:00,2026-07-28,PT0084953,LST0084953,AG00140,LOC0218,Single Family,3,1.0,2683,3147,2021,741900.0,2023-06-05,Active,,,68,0.0,0,Yes,No,2023-06-05,2026-07-28
UPDATE,2026-07-28T00:00:00,2026-07-28,PT0424813,LST0424813,AG01555,LOC0105,Single Family,6,4.5,1829,1970,1985,321000.0,2025-11-21,Sold,315300.09,2026-07-28,249,0.0,3,No,No,2025-11-21,2026-07-28
UPDATE,2026-07-28T00:00:00,2026-07-28,PT0091708,LST0091708,AG00284,LOC0126,Single Family,6,3.0,2827,8603,1967,640300.0,2026-06-11,Active,,,69,0.0,3,No,Yes,2026-06-11,2026-07-28
UPDATE,2026-07-28T00:00:00,2026-07-28,PT0526723,LST0526723,AG00223,LOC0015,Land,0,0.0,7072,5025,2004,2597100.0,2026-07-24,Sold,2508357.44,2026-07-28,4,0.0,0,No,No,2026-07-24,2026-07-28
UPDATE,2026-07-28T00:00:00,2026-07-28,PT0526616,LST0526616,AG02752,LOC0232,Single Family,4,1.5,1819,4230,2025,201700.0,2026-07-24,Active,,,0,0.0,3,Yes,No,2026-07-24,2026-07-28
UPDATE,2026-07-28T00:00:00,2026-07-28,PT0029390,LST0029390,AG01742,LOC0103,Single Family,1,2.0,2205,19166,2003,202900.0,2025-02-27,Active,,,33,0.0,1,No,No,2025-02-27,2026-07-28
UPDATE,2026-07-28T00:00:00,2026-07-28,PT0519623,LST0519623,AG00104,LOC0092,Single Family,5,3.0,2258,4481,1981,394300.0,2026-07-17,Active,,,0,0.0,3,No,Yes,2026-07-17,2026-07-28
UPDATE,2026-07-28T00:00:00,2026-07-28,PT0524398,LST0524398,AG01179,LOC0037,Apartment,5,2.0,415,0,1959,221600.0,2026-07-22,Pending,,,0,602.73,2,No,No,2026-07-22,2026-07-28
UPDATE,2026-07-28T00:00:00,2026-07-28,PT0492811,LST0492811,AG00784,LOC0018,Single Family,1,1.0,1911,1776,1901,740300.0,2024-01-12,Sold,764327.77,2026-07-28,928,0.0,2,No,No,2024-01-12,2026-07-28
UPDATE,2026-07-28T00:00:00,2026-07-28,PT0198181,LST0198181,AG00249,LOC0018,Townhouse,2,2.0,1774,8298,1969,598600.0,2023-06-19,Pending,,,179,205.0,1,No,No,2023-06-19,2026-07-28
UPDATE,2026-07-28T00:00:00,2026-07-28,PT0118619,LST0118619,AG01824,LOC0161,Condo,6,2.0,1872,1373,1954,947200.0,2024-10-11,Active,,,46,643.0,1,No,No,2024-10-11,2026-07-28
UPDATE,2026-07-28T00:00:00,2026-07-28,PT0116415,LST0116415,AG01770,LOC0237,Multi-Family,5,1.0,4503,4334,1921,1041800.0,2024-07-09,Sold,1001557.23,2026-07-28,749,0.0,1,No,Yes,2024-07-09,2026-07-28
UPDATE,2026-07-28T00:00:00,2026-07-28,PT0345776,LST0345776,AG01397,LOC0237,Townhouse,1,3.0,1739,4933,2009,598800.0,2023-08-22,Pending,,,149,750.0,1,Yes,No,2023-08-22,2026-07-28
UPDATE,2026-07-28T00:00:00,2026-07-28,PT0012438,LST0012438,AG00554,LOC0158,Multi-Family,3,3.0,3946,2585,1938,1202100.0,2023-06-19,Active,,,152,0.0,0,No,No,2023-06-19,2026-07-28
UPDATE,2026-07-28T00:00:00,2026-07-28,PT0371144,LST0371144,AG01299,LOC0071,Single Family,1,3.0,406,3131,1973,132500.0,2025-12-27,Pending,,,70,0.0,0,No,Yes,2025-12-27,2026-07-28
UPDATE,2026-07-28T00:00:00,2026-07-28,PT0022870,LST0022870,AG01005,LOC0217,Single Family,3,4.0,1206,2648,1957,292600.0,2025-11-17,Active,,,61,0.0,2,No,No,2025-11-17,2026-07-28
UPDATE,2026-07-28T00:00:00,2026-07-28,PT0225069,LST0225069,AG00531,LOC0073,Apartment,3,4.5,1804,0,1911,539400.0,2025-10-15,Pending,,,123,277.0,1,No,No,2025-10-15,2026-07-28
UPDATE,2026-07-28T00:00:00,2026-07-28,PT0061036,LST0061036,AG02625,LOC0247,Condo,2,2.0,1667,8898,1991,472700.0,2026-05-17,Active,,,70,68.0,2,No,No,2026-05-17,2026-07-28
UPDATE,2026-07-28T00:00:00,2026-07-28,PT0299419,LST0299419,AG01344,LOC0240,Single Family,5,3.5,1431,6339,1965,515900.0,2024-02-29,Active,,,169,0.0,3,No,Yes,2024-02-29,2026-07-28
UPDATE,2026-07-28T00:00:00,2026-07-28,PT0398967,LST0398967,AG02826,LOC0003,Single Family,3,3.0,1545,1164,1900,310300.0,2025-02-09,Active,,,170,0.0,2,Yes,No,2025-02-09,2026-07-28
UPDATE,2026-07-28T00:00:00,2026-07-28,PT0528800,LST0528800,AG02565,LOC0052,Apartment,2,4.5,581,0,1963,69400.0,2026-07-25,Active,,,0,317.38,2,No,No,2026-07-25,2026-07-28
UPDATE,2026-07-28T00:00:00,2026-07-28,PT0079699,LST0079699,AG00977,LOC0183,Single Family,1,2.0,1066,3820,1937,228600.0,2025-11-11,Pending,,,61,0.0,1,No,Yes,2025-11-11,2026-07-28
UPDATE,2026-07-28T00:00:00,2026-07-28,PT0042051,LST0042051,AG01780,LOC0010,Townhouse,6,2.0,571,8942,1969,226900.0,2024-04-30,Active,,,37,667.0,0,No,No,2024-04-30,2026-07-28
UPDATE,2026-07-28T00:00:00,2026-07-28,PT0523068,LST0523068,AG02226,LOC0030,Condo,4,2.5,2149,2148,2018,877800.0,2026-07-21,Active,,,0,159.92,2,No,No,2026-07-21,2026-07-28
UPDATE,2026-07-28T00:00:00,2026-07-28,PT0524651,LST0524651,AG01378,LOC0239,Single Family,1,3.5,1325,9315,1952,440200.0,2026-07-22,Active,,,0,0.0,0,Yes,Yes,2026-07-22,2026-07-28
UPDATE,2026-07-28T00:00:00,2026-07-28,PT0247574,LST0247574,AG00747,LOC0174,Single Family,4,3.5,1524,13640,1954,303600.0,2025-05-15,Pending,,,114,0.0,3,No,Yes,2025-05-15,2026-07-28
UPDATE,2026-07-28T00:00:00,2026-07-28,PT0247790,LST0247790,AG01450,LOC0029,Condo,2,1.5,1704,3333,1969,428500.0,2024-08-24,Pending,,,5,509.0,3,No,No,2024-08-24,2026-07-28
UPDATE,2026-07-28T00:00:00,2026-07-28,PT0188231,LST0188231,AG01541,LOC0079,Single Family,1,2.5,2002,6861,1965,347000.0,2024-07-03,Sold,327015.76,2026-07-28,755,0.0,0,No,Yes,2024-07-03,2026-07-28
UPDATE,2026-07-28T00:00:00,2026-07-28,PT0531894,LST0531894,AG01631,LOC0023,Single Family,2,2.5,2255,21539,1926,337700.0,2026-07-28,Active,,,0,0.0,0,No,Yes,2026-07-28,2026-07-28
UPDATE,2026-07-28T00:00:00,2026-07-28,PT0415542,LST0415542,AG00401,LOC0095,Single Family,3,2.5,2515,4077,1917,538300.0,2023-10-18,Sold,533944.79,2026-07-28,1014,0.0,1,No,Yes,2023-10-18,2026-07-28
UPDATE,2026-07-28T00:00:00,2026-07-28,PT0317838,LST0317838,AG01463,LOC0152,Single Family,5,3.5,2475,17881,1955,819900.0,2025-01-16,Sold,690287.98,2026-07-28,558,0.0,0,No,No,2025-01-16,2026-07-28
UPDATE,2026-07-28T00:00:00,2026-07-28,PT0439400,LST0439400,AG02911,LOC0045,Multi-Family,5,3.0,2446,2718,1975,768300.0,2024-09-02,Pending,,,179,0.0,0,No,Yes,2024-09-02,2026-07-28
UPDATE,2026-07-28T00:00:00,2026-07-28,PT0213761,LST0213761,AG00599,LOC0131,Condo,6,4.5,3031,5335,1909,873800.0,2023-01-22,Pending,,,32,150.0,1,Yes,No,2023-01-22,2026-07-28
UPDATE,2026-07-28T00:00:00,2026-07-28,PT0296457,LST0296457,AG00058,LOC0028,Single Family,1,3.5,1872,7237,1944,257700.0,2023-11-14,Pending,,,7,0.0,2,No,No,2023-11-14,2026-07-28
UPDATE,2026-07-28T00:00:00,2026-07-28,PT0374326,LST0374326,AG00051,LOC0008,Single Family,3,1.0,1050,1841,1972,95300.0,2024-02-08,Sold,96351.19,2026-07-28,901,0.0,1,Yes,Yes,2024-02-08,2026-07-28
UPDATE,2026-07-28T00:00:00,2026-07-28,PT0072250,LST0072250,AG01769,LOC0230,Multi-Family,5,2.5,697,1862,1973,245000.0,2024-05-17,Sold,239431.41,2026-07-28,802,0.0,0,Yes,Yes,2024-05-17,2026-07-28
UPDATE,2026-07-28T00:00:00,2026-07-28,PT0231492,LST0231492,AG02983,LOC0140,Single Family,4,1.5,2108,1607,2021,341600.0,2023-12-17,Active,,,94,0.0,0,No,No,2023-12-17,2026-07-28
UPDATE,2026-07-28T00:00:00,2026-07-28,PT0358437,LST0358437,AG01020,LOC0006,Single Family,6,2.5,1844,13981,1913,408200.0,2023-03-04,Pending,,,170,0.0,0,Yes,No,2023-03-04,2026-07-28
UPDATE,2026-07-28T00:00:00,2026-07-28,PT0243914,LST0243914,AG02769,LOC0058,Land,0,0.0,5303,1807,1908,2415000.0,2025-01-29,Sold,2302968.63,2026-07-28,545,0.0,0,No,No,2025-01-29,2026-07-28
UPDATE,2026-07-28T00:00:00,2026-07-28,PT0360646,LST0360646,AG02792,LOC0218,Single Family,6,2.5,1328,9149,1924,428600.0,2023-07-25,Pending,,,175,0.0,1,Yes,No,2023-07-25,2026-07-28
UPDATE,2026-07-28T00:00:00,2026-07-28,PT0163637,LST0163637,AG00904,LOC0032,Condo,4,4.5,1483,1286,1950,271000.0,2026-03-10,Active,,,35,175.0,0,No,No,2026-03-10,2026-07-28
UPDATE,2026-07-28T00:00:00,2026-07-28,PT0499785,LST0499785,AG01183,LOC0011,Condo,2,3.5,1244,5386,1911,701800.0,2024-07-18,Pending,,,135,247.0,3,No,No,2024-07-18,2026-07-28
UPDATE,2026-07-28T00:00:00,2026-07-28,PT0429555,LST0429555,AG01148,LOC0210,Single Family,5,4.5,1855,8535,1933,502300.0,2026-06-14,Active,,,37,0.0,2,No,No,2026-06-14,2026-07-28
UPDATE,2026-07-28T00:00:00,2026-07-28,PT0530349,LST0530349,AG00730,LOC0167,Apartment,5,3.0,875,0,2003,334900.0,2026-07-27,Sold,335605.13,2026-07-28,1,734.73,0,No,No,2026-07-27,2026-07-28
UPDATE,2026-07-28T00:00:00,2026-07-28,PT0492142,LST0492142,AG01110,LOC0066,Apartment,2,2.5,755,0,1957,238800.0,2023-01-03,Active,,,17,249.0,1,No,No,2023-01-03,2026-07-28
UPDATE,2026-07-28T00:00:00,2026-07-28,PT0307060,LST0307060,AG02869,LOC0224,Apartment,1,4.5,1956,0,1900,422800.0,2025-04-10,Active,,,6,654.0,1,No,No,2025-04-10,2026-07-28
UPDATE,2026-07-28T00:00:00,2026-07-28,PT0031179,LST0031179,AG02573,LOC0238,Single Family,4,2.0,3612,4454,1990,1247600.0,2023-01-09,Active,,,85,0.0,2,No,Yes,2023-01-09,2026-07-28
UPDATE,2026-07-28T00:00:00,2026-07-28,PT0281009,LST0281009,AG02763,LOC0054,Single Family,6,1.5,2444,10549,1911,492900.0,2025-04-27,Active,,,108,0.0,2,No,No,2025-04-27,2026-07-28
UPDATE,2026-07-28T00:00:00,2026-07-28,PT0039512,LST0039512,AG02392,LOC0153,Single Family,4,4.5,2006,2540,2007,669000.0,2023-05-03,Pending,,,115,0.0,1,Yes,No,2023-05-03,2026-07-28
UPDATE,2026-07-28T00:00:00,2026-07-28,PT0515744,LST0515744,AG02754,LOC0072,Condo,3,1.5,1878,2986,1981,275300.0,2026-07-13,Pending,,,0,264.82,2,No,No,2026-07-13,2026-07-28
UPDATE,2026-07-28T00:00:00,2026-07-28,PT0525656,LST0525656,AG00585,LOC0210,Single Family,6,1.0,1216,14248,1995,467900.0,2026-07-23,Pending,,,0,0.0,1,No,No,2026-07-23,2026-07-28
UPDATE,2026-07-28T00:00:00,2026-07-28,PT0070514,LST0070514,AG01765,LOC0109,Townhouse,6,1.5,2896,3683,2021,1256600.0,2025-03-26,Sold,1313831.6,2026-07-28,489,636.0,3,No,No,2025-03-26,2026-07-28
UPDATE,2026-07-28T00:00:00,2026-07-28,PT0393845,LST0393845,AG02896,LOC0043,Single Family,2,3.5,1862,3866,1960,590200.0,2023-12-30,Sold,605395.04,2026-07-28,941,0.0,1,No,No,2023-12-30,2026-07-28
UPDATE,2026-07-28T00:00:00,2026-07-28,PT0208525,LST0208525,AG00110,LOC0150,Apartment,3,3.0,1784,0,1989,414900.0,2023-06-10,Active,,,161,705.0,1,No,No,2023-06-10,2026-07-28
UPDATE,2026-07-28T00:00:00,2026-07-28,PT0193099,LST0193099,AG02329,LOC0133,Condo,2,2.5,1504,1370,2018,236900.0,2024-03-18,Active,,,70,80.0,3,No,No,2024-03-18,2026-07-28
UPDATE,2026-07-28T00:00:00,2026-07-28,PT0073672,LST0073672,AG01901,LOC0204,Condo,6,1.0,1314,2101,2025,218800.0,2023-02-08,Pending,,,8,271.0,0,No,No,2023-02-08,2026-07-28
UPDATE,2026-07-28T00:00:00,2026-07-28,PT0397264,LST0397264,AG01932,LOC0169,Single Family,2,3.5,1637,2563,1971,394300.0,2023-11-13,Sold,369434.69,2026-07-28,988,0.0,2,No,Yes,2023-11-13,2026-07-28
UPDATE,2026-07-28T00:00:00,2026-07-28,PT0116615,LST0116615,AG01893,LOC0081,Single Family,4,3.0,1472,7833,1931,103600.0,2025-09-23,Sold,101561.35,2026-07-28,308,0.0,3,No,Yes,2025-09-23,2026-07-28
UPDATE,2026-07-28T00:00:00,2026-07-28,PT0265083,LST0265083,AG02284,LOC0241,Single Family,4,4.5,1533,1483,2007,159900.0,2026-05-06,Pending,,,171,0.0,2,No,Yes,2026-05-06,2026-07-28
UPDATE,2026-07-28T00:00:00,2026-07-28,PT0458599,LST0458599,AG02651,LOC0177,Condo,4,1.0,2396,2276,1979,918500.0,2024-04-01,Pending,,,50,567.0,2,No,No,2024-04-01,2026-07-28
UPDATE,2026-07-28T00:00:00,2026-07-28,PT0024507,LST0024507,AG01691,LOC0228,Townhouse,4,4.0,1882,1426,1941,707800.0,2026-03-24,Active,,,179,514.0,3,No,No,2026-03-24,2026-07-28
UPDATE,2026-07-28T00:00:00,2026-07-28,PT0295490,LST0295490,AG02512,LOC0163,Single Family,1,1.0,1375,8992,1947,438600.0,2024-12-27,Pending,,,54,0.0,3,No,No,2024-12-27,2026-07-28
UPDATE,2026-07-28T00:00:00,2026-07-28,PT0097500,LST0097500,AG00415,LOC0116,Apartment,3,1.5,1191,0,1950,361600.0,2024-01-01,Sold,367102.1,2026-07-28,939,65.0,3,No,No,2024-01-01,2026-07-28
UPDATE,2026-07-28T00:00:00,2026-07-28,PT0312352,LST0312352,AG00359,LOC0050,Condo,3,3.0,2821,22246,1921,610400.0,2025-08-16,Sold,571381.31,2026-07-28,346,581.0,2,No,No,2025-08-16,2026-07-28
UPDATE,2026-07-28T00:00:00,2026-07-28,PT0494707,LST0494707,AG02268,LOC0178,Single Family,2,4.5,732,5047,1992,116700.0,2025-04-02,Pending,,,109,0.0,0,No,No,2025-04-02,2026-07-28
UPDATE,2026-07-28T00:00:00,2026-07-28,PT0195237,LST0195237,AG01894,LOC0100,Single Family,2,1.5,1221,1502,1944,155600.0,2024-06-21,Sold,158869.51,2026-07-28,767,0.0,1,Yes,No,2024-06-21,2026-07-28
UPDATE,2026-07-28T00:00:00,2026-07-28,PT0523998,LST0523998,AG01494,LOC0017,Single Family,5,1.0,1149,8776,2008,363900.0,2026-07-21,Active,,,0,0.0,2,No,No,2026-07-21,2026-07-28
UPDATE,2026-07-28T00:00:00,2026-07-28,PT0082060,LST0082060,AG00265,LOC0002,Land,0,0.0,1766,3244,2018,553100.0,2023-05-19,Pending,,,103,0.0,0,No,No,2023-05-19,2026-07-28
UPDATE,2026-07-28T00:00:00,2026-07-28,PT0304818,LST0304818,AG01573,LOC0238,Townhouse,5,2.5,1926,4161,1989,845100.0,2023-05-18,Pending,,,2,104.0,3,No,No,2023-05-18,2026-07-28
UPDATE,2026-07-28T00:00:00,2026-07-28,PT0265830,LST0265830,AG00803,LOC0127,Single Family,5,4.5,1791,1205,1990,931600.0,2023-09-01,Pending,,,68,0.0,1,No,No,2023-09-01,2026-07-28
UPDATE,2026-07-28T00:00:00,2026-07-28,PT0146890,LST0146890,AG00163,LOC0065,Condo,3,4.0,1586,1422,1999,391100.0,2026-01-15,Sold,369753.53,2026-07-28,194,534.0,3,No,No,2026-01-15,2026-07-28
UPDATE,2026-07-28T00:00:00,2026-07-28,PT0459750,LST0459750,AG01896,LOC0082,Single Family,4,3.0,1570,3318,1985,148800.0,2024-08-17,Active,,,32,0.0,3,No,No,2024-08-17,2026-07-28
UPDATE,2026-07-28T00:00:00,2026-07-28,PT0523979,LST0523979,AG01956,LOC0158,Single Family,2,3.5,1711,14365,1987,674800.0,2026-07-21,Active,,,0,0.0,1,No,Yes,2026-07-21,2026-07-28
UPDATE,2026-07-28T00:00:00,2026-07-28,PT0498793,LST0498793,AG02454,LOC0045,Townhouse,1,2.0,3131,3330,1940,1607800.0,2024-09-19,Active,,,93,331.0,2,No,No,2024-09-19,2026-07-28
UPDATE,2026-07-28T00:00:00,2026-07-28,PT0407351,LST0407351,AG00750,LOC0084,Townhouse,3,1.0,1964,4757,1927,619100.0,2026-05-13,Pending,,,63,333.0,0,No,No,2026-05-13,2026-07-28
UPDATE,2026-07-28T00:00:00,2026-07-28,PT0454730,LST0454730,AG01601,LOC0024,Multi-Family,3,2.5,2280,14290,1946,1119400.0,2023-07-11,Pending,,,94,0.0,1,No,Yes,2023-07-11,2026-07-28
UPDATE,2026-07-28T00:00:00,2026-07-28,PT0211250,LST0211250,AG02290,LOC0210,Multi-Family,5,3.0,2403,1119,1943,1308300.0,2025-10-20,Pending,,,42,0.0,1,No,No,2025-10-20,2026-07-28
UPDATE,2026-07-28T00:00:00,2026-07-28,PT0135069,LST0135069,AG02225,LOC0246,Single Family,3,3.5,1963,2627,2004,251400.0,2025-12-21,Pending,,,120,0.0,2,No,Yes,2025-12-21,2026-07-28
UPDATE,2026-07-28T00:00:00,2026-07-28,PT0490115,LST0490115,AG02660,LOC0109,Single Family,2,2.5,1597,8143,1903,964100.0,2024-01-24,Pending,,,80,0.0,2,Yes,No,2024-01-24,2026-07-28
UPDATE,2026-07-28T00:00:00,2026-07-28,PT0347264,LST0347264,AG02429,LOC0082,Single Family,5,2.5,2650,4505,1915,310200.0,2025-05-29,Sold,330537.6,2026-07-28,425,0.0,0,No,Yes,2025-05-29,2026-07-28
UPDATE,2026-07-28T00:00:00,2026-07-28,PT0530424,LST0530424,AG01538,LOC0027,Apartment,2,3.0,998,0,1964,363900.0,2026-07-27,Active,,,0,656.31,3,No,No,2026-07-27,2026-07-28
UPDATE,2026-07-28T00:00:00,2026-07-28,PT0176558,LST0176558,AG00569,LOC0206,Condo,2,3.0,1718,7358,1948,603300.0,2023-10-01,Sold,583665.3,2026-07-28,1031,535.0,0,No,No,2023-10-01,2026-07-28
UPDATE,2026-07-28T00:00:00,2026-07-28,PT0313680,LST0313680,AG01101,LOC0038,Townhouse,3,2.5,1759,7378,1946,306100.0,2023-05-11,Pending,,,128,113.0,2,Yes,No,2023-05-11,2026-07-28
UPDATE,2026-07-28T00:00:00,2026-07-28,PT0231917,LST0231917,AG00616,LOC0250,Single Family,3,2.0,1886,4893,2015,660800.0,2024-10-11,Active,,,93,0.0,1,No,No,2024-10-11,2026-07-28
UPDATE,2026-07-28T00:00:00,2026-07-28,PT0473510,LST0473510,AG02337,LOC0062,Land,0,0.0,4940,1901,1985,1908500.0,2025-05-03,Pending,,,146,0.0,0,No,No,2025-05-03,2026-07-28
UPDATE,2026-07-28T00:00:00,2026-07-28,PT0106011,LST0106011,AG02493,LOC0127,Single Family,2,1.5,1979,25268,1923,1434000.0,2024-11-25,Pending,,,169,0.0,3,Yes,No,2024-11-25,2026-07-28
UPDATE,2026-07-28T00:00:00,2026-07-28,PT0294135,LST0294135,AG00649,LOC0139,Multi-Family,6,2.5,4725,2002,1928,2494700.0,2026-05-21,Pending,,,163,0.0,2,No,Yes,2026-05-21,2026-07-28
UPDATE,2026-07-28T00:00:00,2026-07-28,PT0234901,LST0234901,AG01350,LOC0209,Single Family,3,1.0,2255,2276,1968,907000.0,2025-05-19,Active,,,19,0.0,1,No,No,2025-05-19,2026-07-28
UPDATE,2026-07-28T00:00:00,2026-07-28,PT0527892,LST0527892,AG01597,LOC0118,Apartment,6,4.5,1116,0,1951,87500.0,2026-07-25,Pending,,,0,417.6,2,No,No,2026-07-25,2026-07-28
UPDATE,2026-07-28T00:00:00,2026-07-28,PT0203116,LST0203116,AG01166,LOC0173,Condo,2,1.0,649,3576,1983,426200.0,2026-02-11,Active,,,154,165.0,0,No,No,2026-02-11,2026-07-28
UPDATE,2026-07-28T00:00:00,2026-07-28,PT0531675,LST0531675,AG00152,LOC0119,Single Family,1,4.5,1927,1074,1982,752200.0,2026-07-28,Active,,,0,0.0,0,No,Yes,2026-07-28,2026-07-28
UPDATE,2026-07-28T00:00:00,2026-07-28,PT0149520,LST0149520,AG02543,LOC0006,Condo,6,4.0,2304,6034,1922,363400.0,2023-07-07,Sold,378033.42,2026-07-28,1117,677.0,3,No,No,2023-07-07,2026-07-28
UPDATE,2026-07-28T00:00:00,2026-07-28,PT0369468,LST0369468,AG00262,LOC0018,Townhouse,6,4.0,1305,6594,2001,385400.0,2025-07-16,Active,,,109,121.0,0,No,No,2025-07-16,2026-07-28
UPDATE,2026-07-28T00:00:00,2026-07-28,PT0262814,LST0262814,AG00157,LOC0093,Single Family,5,4.5,2650,2642,2008,486800.0,2025-11-20,Active,,,109,0.0,3,No,Yes,2025-11-20,2026-07-28
UPDATE,2026-07-28T00:00:00,2026-07-28,PT0039166,LST0039166,AG00171,LOC0157,Multi-Family,5,1.0,1833,4096,1901,544700.0,2025-12-24,Active,,,132,0.0,2,No,No,2025-12-24,2026-07-28
UPDATE,2026-07-28T00:00:00,2026-07-28,PT0258640,LST0258640,AG00477,LOC0030,Single Family,1,2.5,2112,2341,1989,174800.0,2023-05-03,Sold,181029.34,2026-07-28,1182,0.0,3,No,No,2023-05-03,2026-07-28
UPDATE,2026-07-28T00:00:00,2026-07-28,PT0249674,LST0249674,AG00463,LOC0141,Condo,3,2.0,2225,1571,2009,622500.0,2026-03-26,Active,,,130,396.0,3,No,No,2026-03-26,2026-07-28
UPDATE,2026-07-28T00:00:00,2026-07-28,PT0482860,LST0482860,AG02973,LOC0211,Single Family,3,3.0,2790,9416,1909,1152500.0,2023-06-01,Active,,,93,0.0,0,No,Yes,2023-06-01,2026-07-28
UPDATE,2026-07-28T00:00:00,2026-07-28,PT0524514,LST0524514,AG01845,LOC0133,Land,0,0.0,2686,2993,1905,338900.0,2026-07-22,Active,,,0,0.0,0,No,No,2026-07-22,2026-07-28
UPDATE,2026-07-28T00:00:00,2026-07-28,PT0391003,LST0391003,AG02302,LOC0223,Single Family,6,4.0,1181,3576,2017,746500.0,2024-07-10,Sold,755250.96,2026-07-28,748,0.0,3,No,Yes,2024-07-10,2026-07-28
UPDATE,2026-07-28T00:00:00,2026-07-28,PT0002467,LST0002467,AG01142,LOC0148,Apartment,2,2.0,1403,0,1931,452000.0,2024-12-28,Pending,,,73,530.0,1,No,No,2024-12-28,2026-07-28
UPDATE,2026-07-28T00:00:00,2026-07-28,PT0029521,LST0029521,AG00405,LOC0018,Condo,6,1.0,1871,2194,1904,889000.0,2026-06-15,Active,,,178,490.0,0,No,No,2026-06-15,2026-07-28
UPDATE,2026-07-28T00:00:00,2026-07-28,PT0524478,LST0524478,AG00102,LOC0222,Land,0,0.0,6226,1428,1979,2262200.0,2026-07-22,Pending,,,0,0.0,0,No,No,2026-07-22,2026-07-28
UPDATE,2026-07-28T00:00:00,2026-07-28,PT0161994,LST0161994,AG02123,LOC0146,Apartment,5,4.0,1538,0,1944,225400.0,2023-05-31,Sold,208110.49,2026-07-28,1154,538.0,2,Yes,No,2023-05-31,2026-07-28
UPDATE,2026-07-28T00:00:00,2026-07-28,PT0447177,LST0447177,AG00169,LOC0100,Condo,1,1.5,1809,1623,1930,187000.0,2023-01-23,Pending,,,54,397.0,1,No,No,2023-01-23,2026-07-28
UPDATE,2026-07-28T00:00:00,2026-07-28,PT0479975,LST0479975,AG02040,LOC0221,Single Family,3,1.5,300,5988,1997,145900.0,2026-04-23,Sold,152008.54,2026-07-28,96,0.0,0,No,Yes,2026-04-23,2026-07-28
UPDATE,2026-07-28T00:00:00,2026-07-28,PT0286151,LST0286151,AG00891,LOC0228,Single Family,6,2.5,789,1474,1989,458100.0,2025-08-16,Active,,,37,0.0,3,No,Yes,2025-08-16,2026-07-28
UPDATE,2026-07-28T00:00:00,2026-07-28,PT0340590,LST0340590,AG02712,LOC0031,Townhouse,4,2.5,1042,4619,1967,286700.0,2023-05-27,Active,,,61,185.0,2,No,No,2023-05-27,2026-07-28
UPDATE,2026-07-28T00:00:00,2026-07-28,PT0089733,LST0089733,AG00493,LOC0022,Single Family,2,4.5,1254,6193,1961,455700.0,2026-05-24,Pending,,,53,0.0,2,No,Yes,2026-05-24,2026-07-28
UPDATE,2026-07-28T00:00:00,2026-07-28,PT0306334,LST0306334,AG02484,LOC0018,Condo,6,3.0,2485,1511,1975,939800.0,2023-05-14,Pending,,,175,70.0,1,No,No,2023-05-14,2026-07-28
UPDATE,2026-07-28T00:00:00,2026-07-28,PT0521422,LST0521422,AG01823,LOC0237,Single Family,6,4.5,1620,9991,1995,347100.0,2026-07-19,Active,,,0,0.0,3,No,No,2026-07-19,2026-07-28
UPDATE,2026-07-28T00:00:00,2026-07-28,PT0337995,LST0337995,AG01705,LOC0192,Single Family,3,3.0,2225,16506,1902,321900.0,2024-10-27,Pending,,,139,0.0,1,No,No,2024-10-27,2026-07-28
UPDATE,2026-07-28T00:00:00,2026-07-28,PT0276318,LST0276318,AG02141,LOC0118,Condo,3,4.5,886,6436,2013,95800.0,2025-10-15,Pending,,,36,332.0,0,No,No,2025-10-15,2026-07-28
UPDATE,2026-07-28T00:00:00,2026-07-28,PT0432437,LST0432437,AG01787,LOC0183,Townhouse,1,4.0,1699,3699,1901,607400.0,2023-03-28,Active,,,82,427.0,1,No,No,2023-03-28,2026-07-28
UPDATE,2026-07-28T00:00:00,2026-07-28,PT0152643,LST0152643,AG01729,LOC0023,Single Family,4,3.0,1334,5678,1917,124600.0,2024-07-14,Pending,,,84,0.0,1,No,Yes,2024-07-14,2026-07-28
UPDATE,2026-07-28T00:00:00,2026-07-28,PT0166989,LST0166989,AG00458,LOC0021,Single Family,6,4.5,1976,3141,1915,233600.0,2025-12-09,Sold,233199.79,2026-07-28,231,0.0,0,No,No,2025-12-09,2026-07-28
UPDATE,2026-07-28T00:00:00,2026-07-28,PT0332421,LST0332421,AG00093,LOC0247,Townhouse,2,2.5,2123,5834,1915,308600.0,2024-06-29,Pending,,,163,290.0,0,No,No,2024-06-29,2026-07-28
UPDATE,2026-07-28T00:00:00,2026-07-28,PT0415322,LST0415322,AG01102,LOC0133,Single Family,5,2.0,1253,6107,1942,72500.0,2023-03-18,Pending,,,31,0.0,2,No,No,2023-03-18,2026-07-28
UPDATE,2026-07-28T00:00:00,2026-07-28,PT0526444,LST0526444,AG02920,LOC0102,Apartment,5,3.0,1535,0,1986,505600.0,2026-07-23,Active,,,0,743.65,3,No,No,2026-07-23,2026-07-28
UPDATE,2026-07-28T00:00:00,2026-07-28,PT0306943,LST0306943,AG00392,LOC0154,Single Family,1,1.5,1183,4891,1973,190900.0,2023-01-20,Sold,175756.62,2026-07-28,1285,0.0,3,No,No,2023-01-20,2026-07-28
UPDATE,2026-07-28T00:00:00,2026-07-28,PT0530328,LST0530328,AG02829,LOC0055,Single Family,1,4.5,1760,5124,1946,283300.0,2026-07-27,Active,,,0,0.0,3,No,Yes,2026-07-27,2026-07-28
UPDATE,2026-07-28T00:00:00,2026-07-28,PT0122281,LST0122281,AG02870,LOC0139,Single Family,5,4.5,1914,1424,1921,627800.0,2023-07-12,Pending,,,125,0.0,1,No,Yes,2023-07-12,2026-07-28
UPDATE,2026-07-28T00:00:00,2026-07-28,PT0382026,LST0382026,AG01816,LOC0037,Multi-Family,5,1.0,2336,2432,1986,896800.0,2026-06-26,Active,,,179,0.0,3,Yes,Yes,2026-06-26,2026-07-28
UPDATE,2026-07-28T00:00:00,2026-07-28,PT0193086,LST0193086,AG00293,LOC0218,Single Family,1,1.0,1175,3784,1981,325500.0,2025-05-13,Pending,,,40,0.0,1,No,No,2025-05-13,2026-07-28
UPDATE,2026-07-28T00:00:00,2026-07-28,PT0172308,LST0172308,AG01486,LOC0050,Condo,4,1.5,1077,10847,1984,258600.0,2023-11-08,Sold,262069.86,2026-07-28,993,645.0,1,No,No,2023-11-08,2026-07-28
UPDATE,2026-07-28T00:00:00,2026-07-28,PT0193809,LST0193809,AG00595,LOC0237,Condo,2,2.0,1749,1283,1984,403300.0,2026-05-24,Pending,,,159,116.0,2,No,No,2026-05-24,2026-07-28
UPDATE,2026-07-28T00:00:00,2026-07-28,PT0503920,LST0503920,AG00879,LOC0157,Single Family,3,4.5,1483,3227,1972,515400.0,2026-07-04,Active,,,0,0.0,1,Yes,Yes,2026-07-04,2026-07-28
UPDATE,2026-07-28T00:00:00,2026-07-28,PT0171914,LST0171914,AG00210,LOC0026,Condo,4,2.5,1877,15748,1921,616400.0,2023-06-05,Pending,,,113,662.0,3,No,No,2023-06-05,2026-07-28
UPDATE,2026-07-28T00:00:00,2026-07-28,PT0217105,LST0217105,AG01177,LOC0181,Multi-Family,5,4.5,540,2923,1978,174200.0,2026-03-21,Active,,,1,0.0,1,No,No,2026-03-21,2026-07-28
UPDATE,2026-07-28T00:00:00,2026-07-28,PT0297381,LST0297381,AG01737,LOC0177,Apartment,3,1.5,1234,0,2000,578000.0,2023-12-17,Active,,,34,517.0,3,No,No,2023-12-17,2026-07-28
UPDATE,2026-07-28T00:00:00,2026-07-28,PT0509935,LST0509935,AG01747,LOC0219,Single Family,5,2.5,1441,3290,1919,639400.0,2026-07-09,Pending,,,0,0.0,2,No,No,2026-07-09,2026-07-28
UPDATE,2026-07-28T00:00:00,2026-07-28,PT0092510,LST0092510,AG02261,LOC0112,Single Family,6,3.0,2145,1131,1990,317100.0,2025-04-30,Active,,,135,0.0,1,No,Yes,2025-04-30,2026-07-28
UPDATE,2026-07-28T00:00:00,2026-07-28,PT0039580,LST0039580,AG01617,LOC0185,Single Family,3,4.0,2470,10135,1957,946800.0,2025-12-18,Active,,,50,0.0,2,No,Yes,2025-12-18,2026-07-28
UPDATE,2026-07-28T00:00:00,2026-07-28,PT0001905,LST0001905,AG00991,LOC0092,Single Family,5,1.5,1224,7881,1928,174700.0,2025-02-10,Active,,,89,0.0,0,No,Yes,2025-02-10,2026-07-28
UPDATE,2026-07-28T00:00:00,2026-07-28,PT0398203,LST0398203,AG01630,LOC0080,Single Family,2,4.0,1985,10554,1978,358000.0,2023-02-06,Active,,,104,0.0,2,Yes,Yes,2023-02-06,2026-07-28
UPDATE,2026-07-28T00:00:00,2026-07-28,PT0008244,LST0008244,AG01151,LOC0107,Condo,5,3.5,1598,1829,1990,533200.0,2023-11-14,Pending,,,1,232.0,0,No,No,2023-11-14,2026-07-28
UPDATE,2026-07-28T00:00:00,2026-07-28,PT0117217,LST0117217,AG00414,LOC0029,Single Family,1,4.5,1942,6522,1996,268700.0,2024-04-30,Pending,,,57,0.0,0,Yes,No,2024-04-30,2026-07-28
UPDATE,2026-07-28T00:00:00,2026-07-28,PT0123763,LST0123763,AG02711,LOC0011,Condo,6,1.5,2287,3768,1966,967800.0,2025-04-07,Pending,,,119,351.0,2,Yes,No,2025-04-07,2026-07-28
UPDATE,2026-07-28T00:00:00,2026-07-28,PT0431378,LST0431378,AG00685,LOC0123,Condo,5,2.0,2143,5685,1970,472800.0,2023-11-06,Pending,,,114,393.0,2,No,No,2023-11-06,2026-07-28
UPDATE,2026-07-28T00:00:00,2026-07-28,PT0323476,LST0323476,AG02975,LOC0153,Townhouse,5,4.0,1948,5568,1951,776200.0,2025-08-27,Pending,,,172,714.0,1,No,No,2025-08-27,2026-07-28
UPDATE,2026-07-28T00:00:00,2026-07-28,PT0270139,LST0270139,AG02811,LOC0097,Single Family,6,2.0,2005,4937,2010,514500.0,2024-06-02,Pending,,,104,0.0,2,No,No,2024-06-02,2026-07-28
UPDATE,2026-07-28T00:00:00,2026-07-28,PT0188760,LST0188760,AG00065,LOC0101,Single Family,5,1.5,2500,2476,2017,1195400.0,2023-09-18,Sold,1210398.19,2026-07-28,1044,0.0,3,No,No,2023-09-18,2026-07-28
UPDATE,2026-07-28T00:00:00,2026-07-28,PT0255810,LST0255810,AG01397,LOC0217,Single Family,5,3.5,2156,1974,1995,258100.0,2025-09-26,Sold,266984.82,2026-07-28,305,0.0,3,No,No,2025-09-26,2026-07-28
UPDATE,2026-07-28T00:00:00,2026-07-28,PT0430954,LST0430954,AG02485,LOC0111,Single Family,6,2.0,311,9754,1955,56400.0,2026-01-11,Active,,,159,0.0,3,No,No,2026-01-11,2026-07-28
UPDATE,2026-07-28T00:00:00,2026-07-28,PT0165146,LST0165146,AG02974,LOC0030,Condo,5,1.5,1728,1236,1921,989200.0,2024-03-29,Sold,976026.14,2026-07-28,851,274.0,2,No,No,2024-03-29,2026-07-28
UPDATE,2026-07-28T00:00:00,2026-07-28,PT0513592,LST0513592,AG00553,LOC0126,Condo,2,1.0,2187,2102,2010,756300.0,2026-07-12,Active,,,0,633.28,1,No,No,2026-07-12,2026-07-28
UPDATE,2026-07-28T00:00:00,2026-07-28,PT0406170,LST0406170,AG01805,LOC0069,Multi-Family,4,2.0,2685,7425,1991,580300.0,2026-01-19,Pending,,,160,0.0,0,No,Yes,2026-01-19,2026-07-28
UPDATE,2026-07-28T00:00:00,2026-07-28,PT0333139,LST0333139,AG01920,LOC0045,Single Family,6,1.5,2357,3279,2011,631500.0,2025-11-19,Active,,,110,0.0,2,No,No,2025-11-19,2026-07-28
UPDATE,2026-07-28T00:00:00,2026-07-28,PT0501157,LST0501157,AG00032,LOC0054,Single Family,1,4.5,2761,6423,1979,753400.0,2026-07-01,Pending,,,0,0.0,1,Yes,No,2026-07-01,2026-07-28
UPDATE,2026-07-28T00:00:00,2026-07-28,PT0464015,LST0464015,AG02244,LOC0027,Multi-Family,6,2.5,1669,1946,1943,496400.0,2025-02-22,Active,,,39,0.0,3,No,No,2025-02-22,2026-07-28
UPDATE,2026-07-28T00:00:00,2026-07-28,PT0289990,LST0289990,AG01238,LOC0228,Single Family,1,3.0,1194,7246,2010,376800.0,2024-11-08,Sold,342520.42,2026-07-28,627,0.0,0,No,No,2024-11-08,2026-07-28
UPDATE,2026-07-28T00:00:00,2026-07-28,PT0272379,LST0272379,AG02320,LOC0202,Condo,2,2.5,669,10572,1995,107500.0,2023-11-16,Active,,,77,662.0,0,No,No,2023-11-16,2026-07-28
UPDATE,2026-07-28T00:00:00,2026-07-28,PT0454654,LST0454654,AG01908,LOC0100,Condo,5,3.5,1530,8666,2005,202800.0,2024-02-20,Active,,,166,436.0,2,No,No,2024-02-20,2026-07-28
UPDATE,2026-07-28T00:00:00,2026-07-28,PT0312589,LST0312589,AG01014,LOC0149,Condo,4,2.0,2047,2944,1939,549000.0,2023-12-06,Sold,551875.27,2026-07-28,965,742.0,1,No,No,2023-12-06,2026-07-28
UPDATE,2026-07-28T00:00:00,2026-07-28,PT0341118,LST0341118,AG02501,LOC0045,Condo,2,4.0,1021,6883,1996,442400.0,2024-03-20,Pending,,,91,230.0,2,Yes,No,2024-03-20,2026-07-28
UPDATE,2026-07-28T00:00:00,2026-07-28,PT0518255,LST0518255,AG02693,LOC0230,Single Family,4,1.0,2026,2685,1948,312500.0,2026-07-16,Pending,,,0,0.0,2,No,No,2026-07-16,2026-07-28
UPDATE,2026-07-28T00:00:00,2026-07-28,PT0430953,LST0430953,AG00616,LOC0170,Townhouse,3,1.5,2966,3465,1986,662200.0,2024-08-31,Pending,,,85,560.0,1,No,No,2024-08-31,2026-07-28
UPDATE,2026-07-28T00:00:00,2026-07-28,PT0146713,LST0146713,AG00303,LOC0018,Multi-Family,4,2.5,6172,2722,2021,3139500.0,2023-07-18,Pending,,,50,0.0,1,No,Yes,2023-07-18,2026-07-28
UPDATE,2026-07-28T00:00:00,2026-07-28,PT0199955,LST0199955,AG02772,LOC0081,Single Family,5,4.5,3137,9831,1913,846100.0,2025-01-26,Sold,824869.0,2026-07-28,548,0.0,0,No,No,2025-01-26,2026-07-28
UPDATE,2026-07-28T00:00:00,2026-07-28,PT0269952,LST0269952,AG02892,LOC0029,Condo,6,4.5,2277,2334,1939,702600.0,2024-04-17,Pending,,,148,722.0,1,No,No,2024-04-17,2026-07-28
UPDATE,2026-07-28T00:00:00,2026-07-28,PT0117747,LST0117747,AG02087,LOC0181,Single Family,2,4.5,1718,3152,2024,534600.0,2023-07-26,Active,,,130,0.0,1,No,Yes,2023-07-26,2026-07-28
UPDATE,2026-07-28T00:00:00,2026-07-28,PT0509611,LST0509611,AG00554,LOC0108,Multi-Family,1,3.0,4055,1220,1968,868600.0,2026-07-08,Active,,,0,0.0,3,Yes,No,2026-07-08,2026-07-28
UPDATE,2026-07-28T00:00:00,2026-07-28,PT0131792,LST0131792,AG02039,LOC0176,Single Family,4,3.0,1354,2460,1975,314000.0,2025-03-28,Pending,,,128,0.0,2,No,No,2025-03-28,2026-07-28
UPDATE,2026-07-28T00:00:00,2026-07-28,PT0133664,LST0133664,AG02130,LOC0134,Townhouse,6,3.5,1952,18407,1956,700500.0,2025-08-30,Sold,683563.77,2026-07-28,332,638.0,1,Yes,No,2025-08-30,2026-07-28
UPDATE,2026-07-28T00:00:00,2026-07-28,PT0116662,LST0116662,AG00154,LOC0161,Single Family,6,4.0,3039,3660,1980,1055500.0,2024-01-24,Pending,,,65,0.0,1,No,Yes,2024-01-24,2026-07-28
UPDATE,2026-07-28T00:00:00,2026-07-28,PT0197002,LST0197002,AG02956,LOC0173,Apartment,4,1.0,809,0,1900,171300.0,2024-05-09,Active,,,144,778.0,1,No,No,2024-05-09,2026-07-28
UPDATE,2026-07-28T00:00:00,2026-07-28,PT0030885,LST0030885,AG02497,LOC0151,Single Family,3,3.0,2015,2232,1967,322900.0,2025-03-06,Active,,,78,0.0,1,No,No,2025-03-06,2026-07-28
UPDATE,2026-07-28T00:00:00,2026-07-28,PT0319460,LST0319460,AG00331,LOC0072,Townhouse,3,2.5,1790,8247,1930,266200.0,2023-02-14,Sold,277879.41,2026-07-28,1260,631.0,3,Yes,No,2023-02-14,2026-07-28
UPDATE,2026-07-28T00:00:00,2026-07-28,PT0009540,LST0009540,AG00843,LOC0128,Condo,2,3.5,1308,2803,2013,408400.0,2024-03-05,Pending,,,79,333.0,0,No,No,2024-03-05,2026-07-28
UPDATE,2026-07-28T00:00:00,2026-07-28,PT0048639,LST0048639,AG01823,LOC0203,Single Family,2,2.0,1749,5686,1970,117000.0,2023-05-20,Pending,,,65,0.0,1,Yes,No,2023-05-20,2026-07-28
UPDATE,2026-07-28T00:00:00,2026-07-28,PT0143581,LST0143581,AG00923,LOC0008,Condo,2,4.0,2846,5425,1954,362400.0,2023-04-11,Active,,,21,323.0,1,No,No,2023-04-11,2026-07-28
UPDATE,2026-07-28T00:00:00,2026-07-28,PT0494362,LST0494362,AG00930,LOC0128,Land,0,0.0,6311,1994,1935,940800.0,2026-04-06,Pending,,,136,0.0,0,No,No,2026-04-06,2026-07-28
UPDATE,2026-07-28T00:00:00,2026-07-28,PT0415049,LST0415049,AG00915,LOC0196,Single Family,3,3.0,1395,3487,1900,673800.0,2026-05-16,Pending,,,54,0.0,0,Yes,Yes,2026-05-16,2026-07-28
UPDATE,2026-07-28T00:00:00,2026-07-28,PT0421730,LST0421730,AG01258,LOC0154,Townhouse,2,4.5,1858,5083,1998,371800.0,2026-03-07,Active,,,66,89.0,1,No,No,2026-03-07,2026-07-28
UPDATE,2026-07-28T00:00:00,2026-07-28,PT0165577,LST0165577,AG01579,LOC0195,Single Family,3,3.0,1381,2066,1919,441500.0,2024-12-03,Active,,,20,0.0,0,No,Yes,2024-12-03,2026-07-28
UPDATE,2026-07-28T00:00:00,2026-07-28,PT0502902,LST0502902,AG00297,LOC0236,Single Family,5,1.0,2693,7178,2010,318300.0,2026-07-03,Pending,,,0,0.0,0,No,Yes,2026-07-03,2026-07-28
UPDATE,2026-07-28T00:00:00,2026-07-28,PT0459759,LST0459759,AG02119,LOC0117,Apartment,2,4.0,492,0,1994,279300.0,2023-11-14,Active,,,86,746.0,2,No,No,2023-11-14,2026-07-28
UPDATE,2026-07-28T00:00:00,2026-07-28,PT0032498,LST0032498,AG02275,LOC0105,Land,0,0.0,2830,4301,1910,175500.0,2026-04-06,Active,,,59,0.0,0,No,No,2026-04-06,2026-07-28
UPDATE,2026-07-28T00:00:00,2026-07-28,PT0312396,LST0312396,AG00395,LOC0142,Condo,4,4.5,2787,10475,1925,1075700.0,2025-07-13,Active,,,37,354.0,2,No,No,2025-07-13,2026-07-28
UPDATE,2026-07-28T00:00:00,2026-07-28,PT0103372,LST0103372,AG00873,LOC0087,Single Family,2,4.0,2842,13202,1994,581500.0,2026-05-24,Pending,,,121,0.0,3,No,No,2026-05-24,2026-07-28
UPDATE,2026-07-28T00:00:00,2026-07-28,PT0501779,LST0501779,AG02877,LOC0086,Single Family,1,2.0,1679,1340,2009,196200.0,2026-07-02,Sold,177609.18,2026-07-28,26,0.0,3,No,Yes,2026-07-02,2026-07-28
UPDATE,2026-07-28T00:00:00,2026-07-28,PT0391356,LST0391356,AG01487,LOC0011,Single Family,6,2.5,956,1458,1912,377100.0,2025-02-10,Active,,,6,0.0,3,No,No,2025-02-10,2026-07-28
UPDATE,2026-07-28T00:00:00,2026-07-28,PT0109779,LST0109779,AG00303,LOC0159,Townhouse,4,2.0,529,9667,1913,184600.0,2024-07-12,Pending,,,0,614.0,0,No,No,2024-07-12,2026-07-28
UPDATE,2026-07-28T00:00:00,2026-07-28,PT0530420,LST0530420,AG02777,LOC0088,Single Family,1,2.5,2452,8350,1921,322500.0,2026-07-27,Active,,,0,0.0,3,No,No,2026-07-27,2026-07-28
UPDATE,2026-07-28T00:00:00,2026-07-28,PT0092939,LST0092939,AG02483,LOC0038,Townhouse,1,1.5,2398,5751,1997,894800.0,2023-09-07,Sold,907030.73,2026-07-28,1055,113.0,1,No,No,2023-09-07,2026-07-28
UPDATE,2026-07-28T00:00:00,2026-07-28,PT0531655,LST0531655,AG00505,LOC0148,Single Family,1,1.0,1688,10240,1982,397700.0,2026-07-28,Active,,,0,0.0,3,No,No,2026-07-28,2026-07-28
UPDATE,2026-07-28T00:00:00,2026-07-28,PT0175901,LST0175901,AG00575,LOC0170,Single Family,4,3.5,1777,3559,1942,851000.0,2023-10-14,Pending,,,154,0.0,2,Yes,Yes,2023-10-14,2026-07-28
UPDATE,2026-07-28T00:00:00,2026-07-28,PT0236280,LST0236280,AG02296,LOC0056,Apartment,1,3.0,1185,0,1923,299100.0,2026-05-01,Pending,,,78,757.0,2,No,No,2026-05-01,2026-07-28
UPDATE,2026-07-28T00:00:00,2026-07-28,PT0350243,LST0350243,AG01235,LOC0142,Single Family,6,4.5,1790,7307,1928,369900.0,2026-01-19,Active,,,43,0.0,1,No,No,2026-01-19,2026-07-28
UPDATE,2026-07-28T00:00:00,2026-07-28,PT0087488,LST0087488,AG01020,LOC0188,Townhouse,2,2.5,1976,7209,1982,450700.0,2023-09-04,Pending,,,66,219.0,3,No,No,2023-09-04,2026-07-28
UPDATE,2026-07-28T00:00:00,2026-07-28,PT0090538,LST0090538,AG02030,LOC0060,Single Family,2,2.5,559,1417,1964,188100.0,2023-09-30,Sold,193109.05,2026-07-28,1032,0.0,3,No,Yes,2023-09-30,2026-07-28
UPDATE,2026-07-28T00:00:00,2026-07-28,PT0255803,LST0255803,AG01938,LOC0226,Multi-Family,1,2.0,2654,3490,1918,704800.0,2023-04-29,Sold,654304.27,2026-07-28,1186,0.0,3,Yes,Yes,2023-04-29,2026-07-28
UPDATE,2026-07-28T00:00:00,2026-07-28,PT0510351,LST0510351,AG02560,LOC0047,Single Family,6,3.5,2081,4669,1981,423300.0,2026-07-09,Sold,427289.8,2026-07-28,19,0.0,2,No,No,2026-07-09,2026-07-28
UPDATE,2026-07-28T00:00:00,2026-07-28,PT0077174,LST0077174,AG01817,LOC0045,Single Family,6,2.5,1591,4471,2010,828400.0,2026-02-13,Active,,,47,0.0,1,No,No,2026-02-13,2026-07-28
UPDATE,2026-07-28T00:00:00,2026-07-28,PT0400753,LST0400753,AG01280,LOC0063,Single Family,3,1.5,1409,2315,1921,434900.0,2026-05-20,Pending,,,165,0.0,0,No,No,2026-05-20,2026-07-28
UPDATE,2026-07-28T00:00:00,2026-07-28,PT0473343,LST0473343,AG01142,LOC0042,Single Family,2,1.5,1645,3489,1997,460600.0,2024-10-16,Active,,,145,0.0,3,No,No,2024-10-16,2026-07-28
UPDATE,2026-07-28T00:00:00,2026-07-28,PT0124041,LST0124041,AG01523,LOC0142,Condo,2,3.0,826,14404,1917,386900.0,2023-08-13,Pending,,,118,123.0,3,Yes,No,2023-08-13,2026-07-28
UPDATE,2026-07-28T00:00:00,2026-07-28,PT0502267,LST0502267,AG01172,LOC0179,Condo,2,4.0,1974,3540,1975,374200.0,2026-07-02,Pending,,,0,569.47,1,No,No,2026-07-02,2026-07-28
UPDATE,2026-07-28T00:00:00,2026-07-28,PT0026488,LST0026488,AG02633,LOC0035,Single Family,5,1.5,2541,6784,1967,503300.0,2024-01-06,Pending,,,140,0.0,1,Yes,No,2024-01-06,2026-07-28
UPDATE,2026-07-28T00:00:00,2026-07-28,PT0171067,LST0171067,AG02818,LOC0155,Multi-Family,5,2.0,3679,17954,2002,394000.0,2023-03-02,Active,,,146,0.0,0,No,No,2023-03-02,2026-07-28
UPDATE,2026-07-28T00:00:00,2026-07-28,PT0264228,LST0264228,AG00946,LOC0009,Townhouse,1,2.5,593,2281,1958,111200.0,2026-06-25,Pending,,,49,740.0,1,No,No,2026-06-25,2026-07-28
UPDATE,2026-07-28T00:00:00,2026-07-28,PT0489085,LST0489085,AG02846,LOC0092,Condo,6,1.0,1588,4632,1981,63900.0,2023-05-16,Active,,,153,531.0,3,No,No,2023-05-16,2026-07-28
UPDATE,2026-07-28T00:00:00,2026-07-28,PT0486278,LST0486278,AG01610,LOC0045,Single Family,3,3.0,2244,32069,1912,1236200.0,2024-02-22,Sold,1233225.23,2026-07-28,887,0.0,1,No,No,2024-02-22,2026-07-28
UPDATE,2026-07-28T00:00:00,2026-07-28,PT0192325,LST0192325,AG02765,LOC0024,Single Family,5,4.0,2370,3983,1938,252700.0,2023-10-06,Active,,,30,0.0,2,No,Yes,2023-10-06,2026-07-28
UPDATE,2026-07-28T00:00:00,2026-07-28,PT0290571,LST0290571,AG01687,LOC0124,Apartment,6,2.0,1660,0,2009,782300.0,2026-02-06,Sold,769388.82,2026-07-28,172,363.0,2,No,No,2026-02-06,2026-07-28
UPDATE,2026-07-28T00:00:00,2026-07-28,PT0427516,LST0427516,AG02549,LOC0122,Multi-Family,2,3.5,3174,8678,1931,879600.0,2025-02-06,Pending,,,113,0.0,2,Yes,Yes,2025-02-06,2026-07-28
UPDATE,2026-07-28T00:00:00,2026-07-28,PT0328444,LST0328444,AG02779,LOC0166,Multi-Family,6,1.5,4338,3903,1977,1648200.0,2025-08-31,Pending,,,151,0.0,2,Yes,Yes,2025-08-31,2026-07-28
UPDATE,2026-07-28T00:00:00,2026-07-28,PT0178540,LST0178540,AG00819,LOC0076,Single Family,3,2.0,839,3353,1957,103600.0,2025-12-07,Active,,,156,0.0,0,No,Yes,2025-12-07,2026-07-28
UPDATE,2026-07-28T00:00:00,2026-07-28,PT0426544,LST0426544,AG02058,LOC0053,Condo,2,2.5,1726,4940,1934,872500.0,2023-11-08,Sold,803664.88,2026-07-28,993,63.0,0,No,No,2023-11-08,2026-07-28
UPDATE,2026-07-28T00:00:00,2026-07-28,PT0504089,LST0504089,AG02528,LOC0136,Single Family,3,2.5,3075,2993,1986,588700.0,2026-07-04,Sold,618501.76,2026-07-28,24,0.0,0,No,No,2026-07-04,2026-07-28
UPDATE,2026-07-28T00:00:00,2026-07-28,PT0129314,LST0129314,AG01087,LOC0034,Multi-Family,1,3.5,3374,3647,1953,2444900.0,2025-01-31,Active,,,128,0.0,0,No,No,2025-01-31,2026-07-28
UPDATE,2026-07-28T00:00:00,2026-07-28,PT0516079,LST0516079,AG00451,LOC0081,Single Family,3,4.5,1908,4507,2012,821500.0,2026-07-14,Active,,,0,0.0,1,No,No,2026-07-14,2026-07-28
UPDATE,2026-07-28T00:00:00,2026-07-28,PT0106893,LST0106893,AG02059,LOC0035,Townhouse,6,3.0,2365,1096,2006,478600.0,2025-04-08,Pending,,,119,199.0,2,No,No,2025-04-08,2026-07-28
UPDATE,2026-07-28T00:00:00,2026-07-28,PT0215465,LST0215465,AG00329,LOC0186,Condo,2,3.0,2438,2808,2010,1106400.0,2025-07-07,Pending,,,36,168.0,1,Yes,No,2025-07-07,2026-07-28
UPDATE,2026-07-28T00:00:00,2026-07-28,PT0526195,LST0526195,AG00981,LOC0063,Multi-Family,3,4.5,3057,8952,1991,1054300.0,2026-07-23,Active,,,0,0.0,1,No,Yes,2026-07-23,2026-07-28
UPDATE,2026-07-28T00:00:00,2026-07-28,PT0454668,LST0454668,AG00047,LOC0118,Single Family,6,1.0,2025,1342,1998,207000.0,2024-09-28,Pending,,,77,0.0,2,Yes,Yes,2024-09-28,2026-07-28
UPDATE,2026-07-28T00:00:00,2026-07-28,PT0508049,LST0508049,AG00972,LOC0242,Single Family,2,3.5,1840,1966,1924,337900.0,2026-07-07,Active,,,0,0.0,1,No,Yes,2026-07-07,2026-07-28
UPDATE,2026-07-28T00:00:00,2026-07-28,PT0057884,LST0057884,AG00095,LOC0108,Single Family,5,2.0,2023,4680,2008,433300.0,2024-06-25,Pending,,,135,0.0,2,No,No,2024-06-25,2026-07-28
UPDATE,2026-07-28T00:00:00,2026-07-28,PT0158734,LST0158734,AG01187,LOC0023,Townhouse,1,1.0,1908,8735,1928,510000.0,2023-10-06,Pending,,,38,91.0,1,No,No,2023-10-06,2026-07-28
UPDATE,2026-07-28T00:00:00,2026-07-28,PT0245055,LST0245055,AG01114,LOC0029,Apartment,4,2.0,1437,0,1993,450600.0,2023-06-05,Active,,,58,252.0,2,No,No,2023-06-05,2026-07-28
UPDATE,2026-07-28T00:00:00,2026-07-28,PT0289662,LST0289662,AG01296,LOC0084,Condo,4,4.5,1786,2181,1998,518000.0,2025-07-10,Pending,,,77,180.0,1,No,No,2025-07-10,2026-07-28
UPDATE,2026-07-28T00:00:00,2026-07-28,PT0449710,LST0449710,AG01857,LOC0180,Townhouse,2,3.5,652,1028,1982,174700.0,2024-03-17,Sold,183293.13,2026-07-28,863,479.0,2,No,No,2024-03-17,2026-07-28
UPDATE,2026-07-28T00:00:00,2026-07-28,PT0036547,LST0036547,AG00733,LOC0160,Townhouse,4,4.0,1917,3571,1921,277000.0,2026-05-27,Pending,,,144,87.0,0,Yes,No,2026-05-27,2026-07-28
UPDATE,2026-07-28T00:00:00,2026-07-28,PT0009618,LST0009618,AG01228,LOC0153,Condo,6,4.0,1899,4074,1927,1040800.0,2024-01-01,Pending,,,48,277.0,1,No,No,2024-01-01,2026-07-28
UPDATE,2026-07-28T00:00:00,2026-07-28,PT0027778,LST0027778,AG02027,LOC0056,Apartment,2,1.5,880,0,1941,280100.0,2023-02-13,Pending,,,70,631.0,3,No,No,2023-02-13,2026-07-28
UPDATE,2026-07-28T00:00:00,2026-07-28,PT0511972,LST0511972,AG00815,LOC0228,Townhouse,2,2.0,2037,3917,2008,1108800.0,2026-07-10,Active,,,0,715.12,3,No,No,2026-07-10,2026-07-28
UPDATE,2026-07-28T00:00:00,2026-07-28,PT0059879,LST0059879,AG01039,LOC0064,Single Family,2,2.0,1209,5975,1981,195300.0,2024-05-03,Sold,195077.15,2026-07-28,816,0.0,3,No,No,2024-05-03,2026-07-28
UPDATE,2026-07-28T00:00:00,2026-07-28,PT0482106,LST0482106,AG01157,LOC0021,Single Family,5,1.5,1292,2800,1995,178900.0,2024-06-08,Active,,,140,0.0,3,No,Yes,2024-06-08,2026-07-28
UPDATE,2026-07-28T00:00:00,2026-07-28,PT0510206,LST0510206,AG00397,LOC0234,Townhouse,6,2.5,1106,3808,1950,404800.0,2026-07-09,Active,,,0,432.63,3,Yes,No,2026-07-09,2026-07-28
UPDATE,2026-07-28T00:00:00,2026-07-28,PT0303640,LST0303640,AG01753,LOC0039,Land,0,0.0,6576,5666,1946,2307400.0,2026-04-03,Pending,,,132,0.0,0,No,No,2026-04-03,2026-07-28
UPDATE,2026-07-28T00:00:00,2026-07-28,PT0418194,LST0418194,AG01425,LOC0151,Single Family,5,1.0,1389,3392,1945,581000.0,2025-11-12,Active,,,66,0.0,2,No,No,2025-11-12,2026-07-28
UPDATE,2026-07-28T00:00:00,2026-07-28,PT0063741,LST0063741,AG01619,LOC0057,Single Family,1,3.5,2590,2434,1989,256500.0,2024-04-19,Active,,,48,0.0,2,No,No,2024-04-19,2026-07-28
UPDATE,2026-07-28T00:00:00,2026-07-28,PT0126318,LST0126318,AG02427,LOC0123,Condo,4,3.5,2768,6112,1978,1250800.0,2024-09-09,Pending,,,128,568.0,2,No,No,2024-09-09,2026-07-28
UPDATE,2026-07-28T00:00:00,2026-07-28,PT0043124,LST0043124,AG00506,LOC0064,Condo,3,3.5,2671,6014,1929,558300.0,2024-12-14,Active,,,161,70.0,0,No,No,2024-12-14,2026-07-28
UPDATE,2026-07-28T00:00:00,2026-07-28,PT0516874,LST0516874,AG01101,LOC0070,Single Family,6,2.5,2147,2416,1918,533600.0,2026-07-14,Active,,,0,0.0,3,Yes,Yes,2026-07-14,2026-07-28
UPDATE,2026-07-28T00:00:00,2026-07-28,PT0328401,LST0328401,AG01229,LOC0030,Single Family,3,4.0,3066,7567,1966,1521900.0,2024-05-29,Pending,,,156,0.0,0,No,Yes,2024-05-29,2026-07-28
UPDATE,2026-07-28T00:00:00,2026-07-28,PT0419199,LST0419199,AG02870,LOC0061,Multi-Family,4,2.0,1013,21606,1925,58900.0,2025-04-24,Active,,,31,0.0,2,No,No,2025-04-24,2026-07-28
UPDATE,2026-07-28T00:00:00,2026-07-28,PT0503158,LST0503158,AG01330,LOC0211,Townhouse,1,4.5,1199,3415,1952,805300.0,2026-07-03,Sold,725851.73,2026-07-28,25,425.97,2,No,No,2026-07-03,2026-07-28
UPDATE,2026-07-28T00:00:00,2026-07-28,PT0161725,LST0161725,AG01135,LOC0153,Townhouse,1,3.0,2060,1694,1904,779600.0,2024-10-08,Active,,,0,708.0,1,No,No,2024-10-08,2026-07-28
UPDATE,2026-07-28T00:00:00,2026-07-28,PT0472611,LST0472611,AG02498,LOC0003,Single Family,2,2.5,1589,5127,1914,278900.0,2026-02-03,Pending,,,88,0.0,1,No,No,2026-02-03,2026-07-28
UPDATE,2026-07-28T00:00:00,2026-07-28,PT0398918,LST0398918,AG02434,LOC0073,Single Family,6,1.5,2468,2746,1955,755700.0,2024-11-01,Active,,,102,0.0,0,No,Yes,2024-11-01,2026-07-28
UPDATE,2026-07-28T00:00:00,2026-07-28,PT0015312,LST0015312,AG01125,LOC0131,Townhouse,4,4.0,1224,8050,1921,308700.0,2024-01-25,Active,,,49,269.0,0,No,No,2024-01-25,2026-07-28
UPDATE,2026-07-28T00:00:00,2026-07-28,PT0163732,LST0163732,AG00348,LOC0031,Condo,5,3.5,1381,1414,1964,453800.0,2023-10-07,Pending,,,179,187.0,3,No,No,2023-10-07,2026-07-28
UPDATE,2026-07-28T00:00:00,2026-07-28,PT0485151,LST0485151,AG02521,LOC0073,Single Family,6,1.0,1608,4297,2005,637800.0,2024-02-19,Active,,,18,0.0,0,No,No,2024-02-19,2026-07-28
UPDATE,2026-07-28T00:00:00,2026-07-28,PT0298868,LST0298868,AG02620,LOC0067,Condo,3,2.0,1558,1416,1928,253600.0,2024-01-18,Sold,242594.69,2026-07-28,922,511.0,1,Yes,No,2024-01-18,2026-07-28
UPDATE,2026-07-28T00:00:00,2026-07-28,PT0456728,LST0456728,AG02080,LOC0183,Single Family,1,3.0,2562,1772,1936,1111200.0,2025-03-04,Pending,,,47,0.0,0,No,Yes,2025-03-04,2026-07-28
UPDATE,2026-07-28T00:00:00,2026-07-28,PT0026888,LST0026888,AG02853,LOC0172,Single Family,5,2.0,1066,1850,1977,248800.0,2023-09-04,Active,,,141,0.0,2,No,No,2023-09-04,2026-07-28
UPDATE,2026-07-28T00:00:00,2026-07-28,PT0266670,LST0266670,AG01078,LOC0036,Land,0,0.0,1223,6518,1959,433700.0,2025-08-28,Sold,375076.28,2026-07-28,334,0.0,0,No,No,2025-08-28,2026-07-28
UPDATE,2026-07-28T00:00:00,2026-07-28,PT0204191,LST0204191,AG02742,LOC0159,Single Family,3,3.5,2330,1826,1902,305500.0,2025-06-13,Pending,,,15,0.0,0,No,No,2025-06-13,2026-07-28
UPDATE,2026-07-28T00:00:00,2026-07-28,PT0311713,LST0311713,AG02720,LOC0224,Single Family,4,3.5,1775,4781,1977,748600.0,2026-04-15,Pending,,,16,0.0,1,No,No,2026-04-15,2026-07-28
UPDATE,2026-07-28T00:00:00,2026-07-28,PT0341587,LST0341587,AG02087,LOC0200,Single Family,5,4.5,1429,5458,1900,370100.0,2023-12-11,Active,,,51,0.0,3,Yes,Yes,2023-12-11,2026-07-28
UPDATE,2026-07-28T00:00:00,2026-07-28,PT0182961,LST0182961,AG00469,LOC0093,Townhouse,6,2.5,1634,1040,1965,437700.0,2025-08-27,Active,,,161,462.0,2,No,No,2025-08-27,2026-07-28
UPDATE,2026-07-28T00:00:00,2026-07-28,PT0301607,LST0301607,AG02887,LOC0236,Townhouse,4,2.5,1376,3548,1936,187900.0,2023-10-26,Pending,,,117,234.0,1,No,No,2023-10-26,2026-07-28
UPDATE,2026-07-28T00:00:00,2026-07-28,PT0164427,LST0164427,AG01959,LOC0235,Single Family,3,1.0,2036,10043,1977,592600.0,2025-09-05,Active,,,32,0.0,1,No,No,2025-09-05,2026-07-28
UPDATE,2026-07-28T00:00:00,2026-07-28,PT0521965,LST0521965,AG00014,LOC0224,Multi-Family,2,1.0,3333,3482,2015,1314100.0,2026-07-19,Pending,,,0,0.0,1,No,No,2026-07-19,2026-07-28
UPDATE,2026-07-28T00:00:00,2026-07-28,PT0513426,LST0513426,AG00997,LOC0249,Multi-Family,5,1.5,3028,1239,1999,1431700.0,2026-07-12,Sold,1371756.24,2026-07-28,16,0.0,2,No,Yes,2026-07-12,2026-07-28
UPDATE,2026-07-28T00:00:00,2026-07-28,PT0147381,LST0147381,AG01271,LOC0213,Condo,1,1.0,2635,16008,1991,618100.0,2023-09-16,Active,,,58,675.0,0,Yes,No,2023-09-16,2026-07-28
UPDATE,2026-07-28T00:00:00,2026-07-28,PT0171282,LST0171282,AG02006,LOC0098,Single Family,5,4.5,1886,1466,1905,516600.0,2024-03-21,Pending,,,5,0.0,0,No,No,2024-03-21,2026-07-28
UPDATE,2026-07-28T00:00:00,2026-07-28,PT0518761,LST0518761,AG00417,LOC0231,Single Family,6,1.0,2149,2604,1982,240400.0,2026-07-16,Active,,,0,0.0,0,No,Yes,2026-07-16,2026-07-28
UPDATE,2026-07-28T00:00:00,2026-07-28,PT0174334,LST0174334,AG01910,LOC0216,Multi-Family,1,2.0,2655,13440,2018,502900.0,2024-05-13,Pending,,,0,0.0,0,Yes,No,2024-05-13,2026-07-28
UPDATE,2026-07-28T00:00:00,2026-07-28,PT0005398,LST0005398,AG01514,LOC0238,Condo,1,4.5,2050,3458,1954,788400.0,2026-04-11,Sold,782286.35,2026-07-28,108,614.0,0,No,No,2026-04-11,2026-07-28
UPDATE,2026-07-28T00:00:00,2026-07-28,PT0138585,LST0138585,AG02426,LOC0114,Condo,2,2.5,774,5485,2008,77800.0,2025-01-02,Active,,,72,524.0,1,Yes,No,2025-01-02,2026-07-28
UPDATE,2026-07-28T00:00:00,2026-07-28,PT0146052,LST0146052,AG00279,LOC0058,Single Family,3,1.0,2167,1717,1951,613100.0,2024-12-08,Sold,602184.79,2026-07-28,597,0.0,3,No,Yes,2024-12-08,2026-07-28
UPDATE,2026-07-28T00:00:00,2026-07-28,PT0053217,LST0053217,AG02161,LOC0043,Single Family,3,1.0,2834,4922,1989,304100.0,2024-03-31,Active,,,120,0.0,0,No,Yes,2024-03-31,2026-07-28
UPDATE,2026-07-28T00:00:00,2026-07-28,PT0253909,LST0253909,AG01697,LOC0205,Single Family,1,4.5,2032,2010,1959,156500.0,2025-11-10,Pending,,,50,0.0,0,Yes,No,2025-11-10,2026-07-28
UPDATE,2026-07-28T00:00:00,2026-07-28,PT0147996,LST0147996,AG01181,LOC0197,Townhouse,4,4.0,3024,2081,2001,1914300.0,2025-08-08,Pending,,,175,532.0,3,No,No,2025-08-08,2026-07-28
UPDATE,2026-07-28T00:00:00,2026-07-28,PT0516445,LST0516445,AG01532,LOC0114,Multi-Family,6,4.0,4948,1038,2021,949000.0,2026-07-14,Active,,,0,0.0,0,Yes,Yes,2026-07-14,2026-07-28
UPDATE,2026-07-28T00:00:00,2026-07-28,PT0249609,LST0249609,AG00083,LOC0218,Single Family,6,1.0,300,3153,1944,64900.0,2024-08-10,Pending,,,67,0.0,3,No,No,2024-08-10,2026-07-28
UPDATE,2026-07-28T00:00:00,2026-07-28,PT0259485,LST0259485,AG00188,LOC0039,Single Family,5,1.5,1601,5231,2012,331000.0,2024-05-29,Active,,,107,0.0,0,No,Yes,2024-05-29,2026-07-28
UPDATE,2026-07-28T00:00:00,2026-07-28,PT0301102,LST0301102,AG00501,LOC0173,Townhouse,5,2.5,725,17422,1955,285600.0,2023-08-18,Active,,,63,80.0,0,Yes,No,2023-08-18,2026-07-28
UPDATE,2026-07-28T00:00:00,2026-07-28,PT0499487,LST0499487,AG01822,LOC0237,Condo,2,1.5,1730,8523,1975,344800.0,2024-04-24,Sold,336155.79,2026-07-28,825,476.0,3,No,No,2024-04-24,2026-07-28
UPDATE,2026-07-28T00:00:00,2026-07-28,PT0061280,LST0061280,AG00382,LOC0015,Single Family,1,3.0,807,9888,1968,180800.0,2024-06-21,Sold,174128.3,2026-07-28,767,0.0,0,No,Yes,2024-06-21,2026-07-28
UPDATE,2026-07-28T00:00:00,2026-07-28,PT0530264,LST0530264,AG01394,LOC0066,Single Family,4,4.5,1257,6672,1932,413800.0,2026-07-27,Active,,,0,0.0,1,Yes,No,2026-07-27,2026-07-28
UPDATE,2026-07-28T00:00:00,2026-07-28,PT0350515,LST0350515,AG00852,LOC0083,Land,0,0.0,10846,2610,1903,1797600.0,2023-06-17,Active,,,67,0.0,0,No,No,2023-06-17,2026-07-28
UPDATE,2026-07-28T00:00:00,2026-07-28,PT0232427,LST0232427,AG01601,LOC0041,Townhouse,4,2.5,2145,1477,1973,726700.0,2024-02-07,Sold,762640.43,2026-07-28,902,317.0,0,Yes,No,2024-02-07,2026-07-28
UPDATE,2026-07-28T00:00:00,2026-07-28,PT0026134,LST0026134,AG00658,LOC0112,Single Family,4,2.0,2619,4574,1955,572100.0,2026-04-12,Pending,,,139,0.0,1,No,No,2026-04-12,2026-07-28
UPDATE,2026-07-28T00:00:00,2026-07-28,PT0527918,LST0527918,AG01377,LOC0043,Single Family,6,2.5,2275,2122,1961,647300.0,2026-07-25,Sold,599714.56,2026-07-28,3,0.0,3,No,No,2026-07-25,2026-07-28
UPDATE,2026-07-28T00:00:00,2026-07-28,PT0157490,LST0157490,AG00113,LOC0077,Single Family,2,4.0,2000,3251,1985,306100.0,2024-09-11,Active,,,55,0.0,1,No,No,2024-09-11,2026-07-28
UPDATE,2026-07-28T00:00:00,2026-07-28,PT0527659,LST0527659,AG02996,LOC0091,Single Family,1,1.0,984,8787,1970,344600.0,2026-07-24,Active,,,0,0.0,0,No,Yes,2026-07-24,2026-07-28
UPDATE,2026-07-28T00:00:00,2026-07-28,PT0370018,LST0370018,AG00120,LOC0136,Single Family,5,2.5,1845,4573,1958,677400.0,2025-06-01,Active,,,31,0.0,1,Yes,No,2025-06-01,2026-07-28
UPDATE,2026-07-28T00:00:00,2026-07-28,PT0083907,LST0083907,AG02392,LOC0146,Condo,3,1.0,2516,1242,1942,436400.0,2023-03-23,Pending,,,93,573.0,2,No,No,2023-03-23,2026-07-28
UPDATE,2026-07-28T00:00:00,2026-07-28,PT0522026,LST0522026,AG01116,LOC0173,Single Family,4,3.0,2305,6980,1902,818200.0,2026-07-19,Pending,,,0,0.0,1,Yes,No,2026-07-19,2026-07-28
UPDATE,2026-07-28T00:00:00,2026-07-28,PT0287987,LST0287987,AG01258,LOC0161,Townhouse,3,2.5,1571,1509,2025,337700.0,2025-06-19,Pending,,,111,110.0,1,No,No,2025-06-19,2026-07-28
UPDATE,2026-07-28T00:00:00,2026-07-28,PT0487056,LST0487056,AG02453,LOC0184,Single Family,3,4.5,514,1109,1935,276700.0,2023-04-05,Pending,,,179,0.0,3,No,Yes,2023-04-05,2026-07-28
UPDATE,2026-07-28T00:00:00,2026-07-28,PT0209041,LST0209041,AG00937,LOC0051,Single Family,3,2.5,1509,2600,1995,222600.0,2023-12-04,Active,,,73,0.0,3,Yes,Yes,2023-12-04,2026-07-28
UPDATE,2026-07-28T00:00:00,2026-07-28,PT0022526,LST0022526,AG00895,LOC0080,Single Family,2,1.5,2964,4011,2019,836100.0,2026-03-18,Pending,,,66,0.0,0,No,No,2026-03-18,2026-07-28
UPDATE,2026-07-28T00:00:00,2026-07-28,PT0495732,LST0495732,AG02459,LOC0009,Multi-Family,2,2.0,4262,12503,2004,1056800.0,2023-04-05,Sold,920818.29,2026-07-28,1210,0.0,2,No,No,2023-04-05,2026-07-28
UPDATE,2026-07-28T00:00:00,2026-07-28,PT0325345,LST0325345,AG01164,LOC0166,Condo,4,1.5,1922,5100,1933,936200.0,2023-09-27,Pending,,,175,87.0,0,Yes,No,2023-09-27,2026-07-28
UPDATE,2026-07-28T00:00:00,2026-07-28,PT0498012,LST0498012,AG02727,LOC0138,Single Family,1,2.5,467,4375,1907,286700.0,2024-12-24,Pending,,,55,0.0,1,No,No,2024-12-24,2026-07-28
UPDATE,2026-07-28T00:00:00,2026-07-28,PT0293306,LST0293306,AG01844,LOC0098,Condo,5,1.5,1488,10805,1969,554600.0,2024-05-12,Active,,,157,482.0,1,Yes,No,2024-05-12,2026-07-28
UPDATE,2026-07-28T00:00:00,2026-07-28,PT0334221,LST0334221,AG00759,LOC0115,Single Family,3,3.0,605,1616,1945,50700.0,2025-06-09,Active,,,103,0.0,2,No,No,2025-06-09,2026-07-28
UPDATE,2026-07-28T00:00:00,2026-07-28,PT0514120,LST0514120,AG01093,LOC0038,Multi-Family,2,3.0,4875,4945,1999,934900.0,2026-07-12,Sold,891034.21,2026-07-28,16,0.0,2,No,No,2026-07-12,2026-07-28
UPDATE,2026-07-28T00:00:00,2026-07-28,PT0363494,LST0363494,AG01775,LOC0179,Single Family,3,4.5,1135,4112,1931,245600.0,2023-12-31,Sold,237232.68,2026-07-28,940,0.0,0,No,No,2023-12-31,2026-07-28
UPDATE,2026-07-28T00:00:00,2026-07-28,PT0512316,LST0512316,AG02815,LOC0206,Single Family,6,4.5,1838,2125,2001,614100.0,2026-07-11,Pending,,,0,0.0,0,No,No,2026-07-11,2026-07-28
UPDATE,2026-07-28T00:00:00,2026-07-28,PT0146856,LST0146856,AG00612,LOC0130,Land,0,0.0,7004,13085,1940,662700.0,2025-07-25,Sold,631324.36,2026-07-28,368,0.0,0,No,No,2025-07-25,2026-07-28
UPDATE,2026-07-28T00:00:00,2026-07-28,PT0406350,LST0406350,AG00871,LOC0005,Condo,1,4.0,1618,7496,1940,595800.0,2024-03-07,Pending,,,103,208.0,3,No,No,2024-03-07,2026-07-28
UPDATE,2026-07-28T00:00:00,2026-07-28,PT0292508,LST0292508,AG00085,LOC0105,Condo,5,4.5,1727,6258,1949,345500.0,2023-02-18,Sold,309959.92,2026-07-28,1256,658.0,2,No,No,2023-02-18,2026-07-28
UPDATE,2026-07-28T00:00:00,2026-07-28,PT0302406,LST0302406,AG01458,LOC0073,Condo,3,4.0,1577,4237,1919,518900.0,2024-04-16,Pending,,,177,686.0,1,No,No,2024-04-16,2026-07-28
UPDATE,2026-07-28T00:00:00,2026-07-28,PT0200361,LST0200361,AG02940,LOC0067,Single Family,3,2.0,2397,2761,1917,359500.0,2026-02-05,Pending,,,56,0.0,3,No,Yes,2026-02-05,2026-07-28
UPDATE,2026-07-28T00:00:00,2026-07-28,PT0231334,LST0231334,AG01037,LOC0202,Single Family,5,1.5,1539,1720,1980,507600.0,2025-05-29,Pending,,,8,0.0,2,Yes,No,2025-05-29,2026-07-28
UPDATE,2026-07-28T00:00:00,2026-07-28,PT0176912,LST0176912,AG02750,LOC0045,Condo,1,3.5,2691,25561,1926,891700.0,2024-09-17,Sold,916431.36,2026-07-28,679,285.0,0,No,No,2024-09-17,2026-07-28
UPDATE,2026-07-28T00:00:00,2026-07-28,PT0479680,LST0479680,AG00169,LOC0057,Condo,2,2.0,1560,6333,2018,611800.0,2023-04-06,Pending,,,58,394.0,1,Yes,No,2023-04-06,2026-07-28
UPDATE,2026-07-28T00:00:00,2026-07-28,PT0471718,LST0471718,AG01767,LOC0234,Single Family,3,2.0,1366,7433,1925,634400.0,2024-06-09,Active,,,110,0.0,2,No,Yes,2024-06-09,2026-07-28
UPDATE,2026-07-28T00:00:00,2026-07-28,PT0021221,LST0021221,AG00123,LOC0137,Single Family,4,1.5,1417,4254,1972,550700.0,2025-08-17,Pending,,,31,0.0,3,No,Yes,2025-08-17,2026-07-28
UPDATE,2026-07-28T00:00:00,2026-07-28,PT0015706,LST0015706,AG02323,LOC0008,Condo,6,4.5,1680,16709,1952,345400.0,2025-05-17,Pending,,,64,324.0,2,No,No,2025-05-17,2026-07-28
UPDATE,2026-07-28T00:00:00,2026-07-28,PT0142519,LST0142519,AG00680,LOC0220,Townhouse,1,2.0,2092,5707,1967,365900.0,2024-06-24,Pending,,,1,247.0,0,No,No,2024-06-24,2026-07-28
UPDATE,2026-07-28T00:00:00,2026-07-28,PT0495522,LST0495522,AG00590,LOC0070,Single Family,3,3.5,1765,4685,1994,503500.0,2023-07-17,Sold,477155.44,2026-07-28,1107,0.0,0,No,No,2023-07-17,2026-07-28
UPDATE,2026-07-28T00:00:00,2026-07-28,PT0019204,LST0019204,AG02324,LOC0009,Condo,1,4.5,2175,7902,1906,486400.0,2026-05-19,Pending,,,162,645.0,2,No,No,2026-05-19,2026-07-28
UPDATE,2026-07-28T00:00:00,2026-07-28,PT0453779,LST0453779,AG02984,LOC0048,Land,0,0.0,8371,12294,1932,4340600.0,2024-11-25,Pending,,,119,0.0,0,No,No,2024-11-25,2026-07-28
UPDATE,2026-07-28T00:00:00,2026-07-28,PT0028429,LST0028429,AG01005,LOC0083,Single Family,4,2.5,2469,8979,1978,1129400.0,2023-06-11,Pending,,,148,0.0,0,No,No,2023-06-11,2026-07-28
UPDATE,2026-07-28T00:00:00,2026-07-28,PT0227027,LST0227027,AG01146,LOC0197,Land,0,0.0,4775,1835,1985,1517300.0,2024-08-05,Active,,,27,0.0,0,No,No,2024-08-05,2026-07-28
UPDATE,2026-07-28T00:00:00,2026-07-28,PT0369404,LST0369404,AG02632,LOC0170,Single Family,5,3.5,3124,5948,1949,1347000.0,2026-02-19,Pending,,,131,0.0,3,No,Yes,2026-02-19,2026-07-28
UPDATE,2026-07-28T00:00:00,2026-07-28,PT0450457,LST0450457,AG02029,LOC0011,Condo,2,4.5,2195,7531,1973,1095700.0,2024-06-21,Pending,,,35,295.0,2,No,No,2024-06-21,2026-07-28
UPDATE,2026-07-28T00:00:00,2026-07-28,PT0424404,LST0424404,AG01607,LOC0068,Condo,2,3.5,2464,27711,1909,684700.0,2024-09-25,Active,,,168,406.0,1,No,No,2024-09-25,2026-07-28
UPDATE,2026-07-28T00:00:00,2026-07-28,PT0329126,LST0329126,AG00887,LOC0185,Single Family,1,4.0,1098,5634,1989,468400.0,2023-07-16,Active,,,175,0.0,1,No,Yes,2023-07-16,2026-07-28
UPDATE,2026-07-28T00:00:00,2026-07-28,PT0110448,LST0110448,AG02266,LOC0128,Multi-Family,3,3.0,1083,2126,1944,196200.0,2023-03-09,Pending,,,174,0.0,0,No,No,2023-03-09,2026-07-28
UPDATE,2026-07-28T00:00:00,2026-07-28,PT0108014,LST0108014,AG02518,LOC0140,Single Family,3,2.5,2411,1405,1928,954000.0,2025-07-15,Pending,,,89,0.0,1,No,Yes,2025-07-15,2026-07-28
UPDATE,2026-07-28T00:00:00,2026-07-28,PT0024373,LST0024373,AG01232,LOC0123,Single Family,1,2.5,1931,8342,1902,671300.0,2024-03-20,Pending,,,64,0.0,3,No,Yes,2024-03-20,2026-07-28
UPDATE,2026-07-28T00:00:00,2026-07-28,PT0010315,LST0010315,AG02192,LOC0117,Townhouse,6,2.5,938,1181,1946,180000.0,2023-03-12,Sold,185515.16,2026-07-28,1234,377.0,3,No,No,2023-03-12,2026-07-28
UPDATE,2026-07-28T00:00:00,2026-07-28,PT0089951,LST0089951,AG02513,LOC0183,Townhouse,3,4.0,1735,2630,2015,545500.0,2024-10-25,Sold,530754.33,2026-07-28,641,118.0,1,No,No,2024-10-25,2026-07-28
UPDATE,2026-07-28T00:00:00,2026-07-28,PT0419833,LST0419833,AG00703,LOC0203,Condo,2,1.0,2177,10440,2001,398400.0,2025-10-24,Pending,,,89,680.0,1,Yes,No,2025-10-24,2026-07-28
UPDATE,2026-07-28T00:00:00,2026-07-28,PT0504736,LST0504736,AG01655,LOC0239,Single Family,5,1.5,2800,5614,2020,280000.0,2026-07-04,Pending,,,0,0.0,3,No,Yes,2026-07-04,2026-07-28
UPDATE,2026-07-28T00:00:00,2026-07-28,PT0271852,LST0271852,AG00003,LOC0029,Land,0,0.0,6198,1530,1953,2079000.0,2026-03-03,Pending,,,39,0.0,0,No,No,2026-03-03,2026-07-28
UPDATE,2026-07-28T00:00:00,2026-07-28,PT0529198,LST0529198,AG00448,LOC0224,Multi-Family,3,1.5,3424,3255,2007,1058000.0,2026-07-26,Pending,,,0,0.0,1,No,No,2026-07-26,2026-07-28
UPDATE,2026-07-28T00:00:00,2026-07-28,PT0379016,LST0379016,AG01306,LOC0147,Land,0,0.0,4881,6373,2018,839200.0,2023-01-11,Pending,,,44,0.0,0,No,No,2023-01-11,2026-07-28
UPDATE,2026-07-28T00:00:00,2026-07-28,PT0243222,LST0243222,AG00868,LOC0094,Single Family,3,1.0,1643,1287,1953,385700.0,2025-11-06,Active,,,10,0.0,2,No,No,2025-11-06,2026-07-28
UPDATE,2026-07-28T00:00:00,2026-07-28,PT0459521,LST0459521,AG01410,LOC0032,Townhouse,4,1.0,596,2659,2011,52800.0,2026-04-29,Pending,,,95,400.0,2,No,No,2026-04-29,2026-07-28
UPDATE,2026-07-28T00:00:00,2026-07-28,PT0239206,LST0239206,AG01481,LOC0010,Townhouse,1,4.0,2530,1978,1924,667100.0,2025-02-06,Pending,,,102,546.0,1,No,No,2025-02-06,2026-07-28
UPDATE,2026-07-28T00:00:00,2026-07-28,PT0125098,LST0125098,AG02135,LOC0109,Condo,3,4.5,2729,2829,2024,1444900.0,2023-11-21,Sold,1363590.59,2026-07-28,980,257.0,1,No,No,2023-11-21,2026-07-28
UPDATE,2026-07-28T00:00:00,2026-07-28,PT0158014,LST0158014,AG02035,LOC0229,Condo,2,2.0,2500,4409,1903,479200.0,2023-07-21,Sold,492215.71,2026-07-28,1103,131.0,3,No,No,2023-07-21,2026-07-28
UPDATE,2026-07-28T00:00:00,2026-07-28,PT0318315,LST0318315,AG00990,LOC0241,Townhouse,1,4.0,2325,3229,1929,391300.0,2025-02-08,Sold,363959.33,2026-07-28,535,788.0,3,Yes,No,2025-02-08,2026-07-28
UPDATE,2026-07-28T00:00:00,2026-07-28,PT0013319,LST0013319,AG01523,LOC0044,Townhouse,1,2.5,2528,5161,1937,930300.0,2024-12-27,Active,,,70,591.0,2,Yes,No,2024-12-27,2026-07-28
UPDATE,2026-07-28T00:00:00,2026-07-28,PT0307473,LST0307473,AG02584,LOC0166,Single Family,2,4.5,1635,5460,1993,492000.0,2025-08-17,Active,,,5,0.0,1,No,Yes,2025-08-17,2026-07-28
UPDATE,2026-07-28T00:00:00,2026-07-28,PT0086302,LST0086302,AG00028,LOC0209,Land,0,0.0,4441,1809,1951,757100.0,2025-12-11,Pending,,,138,0.0,0,No,No,2025-12-11,2026-07-28
UPDATE,2026-07-28T00:00:00,2026-07-28,PT0123136,LST0123136,AG01527,LOC0052,Condo,1,4.0,1079,8483,1927,172800.0,2024-11-13,Pending,,,34,707.0,1,No,No,2024-11-13,2026-07-28
UPDATE,2026-07-28T00:00:00,2026-07-28,PT0140591,LST0140591,AG00806,LOC0088,Single Family,5,4.0,2889,8523,1982,405200.0,2023-08-06,Sold,416346.51,2026-07-28,1087,0.0,1,No,Yes,2023-08-06,2026-07-28
UPDATE,2026-07-28T00:00:00,2026-07-28,PT0517423,LST0517423,AG00990,LOC0074,Multi-Family,1,4.0,3508,3129,2023,2250900.0,2026-07-15,Sold,2287821.48,2026-07-28,13,0.0,3,Yes,No,2026-07-15,2026-07-28
UPDATE,2026-07-28T00:00:00,2026-07-28,PT0160265,LST0160265,AG01529,LOC0207,Condo,2,1.0,1560,3147,1911,360700.0,2023-02-14,Pending,,,65,332.0,1,No,No,2023-02-14,2026-07-28
UPDATE,2026-07-28T00:00:00,2026-07-28,PT0360343,LST0360343,AG02701,LOC0010,Condo,6,3.5,1861,5250,2018,381300.0,2024-10-29,Sold,379863.17,2026-07-28,637,604.0,3,Yes,No,2024-10-29,2026-07-28
UPDATE,2026-07-28T00:00:00,2026-07-28,PT0512871,LST0512871,AG02839,LOC0142,Single Family,3,3.0,1486,3605,1982,561000.0,2026-07-11,Pending,,,0,0.0,0,Yes,No,2026-07-11,2026-07-28
UPDATE,2026-07-28T00:00:00,2026-07-28,PT0119455,LST0119455,AG02185,LOC0209,Single Family,2,4.5,2349,3918,1923,643100.0,2023-03-27,Active,,,64,0.0,1,No,No,2023-03-27,2026-07-28
UPDATE,2026-07-28T00:00:00,2026-07-28,PT0498216,LST0498216,AG01144,LOC0026,Single Family,6,3.0,1577,2562,2002,599900.0,2025-03-24,Sold,586539.9,2026-07-28,491,0.0,2,Yes,Yes,2025-03-24,2026-07-28
UPDATE,2026-07-28T00:00:00,2026-07-28,PT0143972,LST0143972,AG02204,LOC0054,Single Family,3,1.0,2690,4523,1987,515800.0,2025-09-24,Active,,,94,0.0,2,No,Yes,2025-09-24,2026-07-28
UPDATE,2026-07-28T00:00:00,2026-07-28,PT0497335,LST0497335,AG02544,LOC0098,Single Family,1,4.0,2500,16874,1968,413200.0,2026-04-20,Active,,,86,0.0,0,No,Yes,2026-04-20,2026-07-28
UPDATE,2026-07-28T00:00:00,2026-07-28,PT0006395,LST0006395,AG02855,LOC0004,Single Family,6,3.5,1182,7994,1997,250400.0,2025-12-07,Sold,228006.48,2026-07-28,233,0.0,1,No,No,2025-12-07,2026-07-28
UPDATE,2026-07-28T00:00:00,2026-07-28,PT0426505,LST0426505,AG00711,LOC0180,Condo,6,2.5,1694,2242,1991,239800.0,2023-04-02,Pending,,,88,423.0,0,Yes,No,2023-04-02,2026-07-28
UPDATE,2026-07-28T00:00:00,2026-07-28,PT0201461,LST0201461,AG00443,LOC0228,Townhouse,3,2.5,2153,6290,1996,1002700.0,2026-02-05,Active,,,112,63.0,1,No,No,2026-02-05,2026-07-28
UPDATE,2026-07-28T00:00:00,2026-07-28,PT0323490,LST0323490,AG02622,LOC0165,Single Family,1,2.0,1556,7409,1996,669700.0,2024-03-14,Active,,,163,0.0,1,No,Yes,2024-03-14,2026-07-28
UPDATE,2026-07-28T00:00:00,2026-07-28,PT0386315,LST0386315,AG00638,LOC0002,Single Family,2,1.0,992,2388,1979,120700.0,2023-01-24,Pending,,,110,0.0,0,Yes,Yes,2023-01-24,2026-07-28
UPDATE,2026-07-28T00:00:00,2026-07-28,PT0378487,LST0378487,AG00287,LOC0193,Single Family,5,3.5,1391,1770,2020,821900.0,2025-07-13,Pending,,,6,0.0,3,No,No,2025-07-13,2026-07-28
UPDATE,2026-07-28T00:00:00,2026-07-28,PT0072090,LST0072090,AG00672,LOC0205,Condo,4,2.5,1933,4292,1995,528100.0,2023-06-17,Pending,,,51,571.0,1,No,No,2023-06-17,2026-07-28
UPDATE,2026-07-28T00:00:00,2026-07-28,PT0095645,LST0095645,AG00128,LOC0220,Townhouse,1,3.5,1824,6863,2006,777000.0,2023-12-14,Pending,,,30,659.0,1,No,No,2023-12-14,2026-07-28
UPDATE,2026-07-28T00:00:00,2026-07-28,PT0078873,LST0078873,AG02251,LOC0163,Townhouse,4,4.0,2019,2358,1921,620800.0,2025-08-09,Active,,,3,685.0,3,No,No,2025-08-09,2026-07-28
UPDATE,2026-07-28T00:00:00,2026-07-28,PT0274018,LST0274018,AG01532,LOC0175,Condo,3,4.5,1567,2643,1977,495900.0,2026-04-11,Pending,,,42,105.0,0,No,No,2026-04-11,2026-07-28
UPDATE,2026-07-28T00:00:00,2026-07-28,PT0207746,LST0207746,AG01391,LOC0038,Single Family,5,3.0,1516,2895,1998,685500.0,2026-06-27,Active,,,174,0.0,0,No,No,2026-06-27,2026-07-28
UPDATE,2026-07-28T00:00:00,2026-07-28,PT0085548,LST0085548,AG01960,LOC0146,Townhouse,4,4.5,1136,1966,2008,138000.0,2025-08-01,Active,,,12,504.0,2,No,No,2025-08-01,2026-07-28
UPDATE,2026-07-28T00:00:00,2026-07-28,PT0388545,LST0388545,AG02320,LOC0070,Condo,5,4.5,2526,2422,1962,184300.0,2023-01-08,Active,,,109,707.0,1,No,No,2023-01-08,2026-07-28
UPDATE,2026-07-28T00:00:00,2026-07-28,PT0443519,LST0443519,AG01235,LOC0097,Single Family,2,1.5,1613,1970,1994,334400.0,2024-06-27,Sold,317442.22,2026-07-28,761,0.0,0,No,Yes,2024-06-27,2026-07-28
UPDATE,2026-07-28T00:00:00,2026-07-28,PT0490786,LST0490786,AG01467,LOC0001,Single Family,6,4.0,1965,4988,1906,184400.0,2024-09-27,Active,,,156,0.0,2,No,No,2024-09-27,2026-07-28
UPDATE,2026-07-28T00:00:00,2026-07-28,PT0129030,LST0129030,AG01939,LOC0176,Single Family,3,1.5,1950,2388,1904,436900.0,2023-05-10,Pending,,,171,0.0,1,Yes,Yes,2023-05-10,2026-07-28
UPDATE,2026-07-28T00:00:00,2026-07-28,PT0033560,LST0033560,AG01172,LOC0128,Condo,4,4.0,2779,2012,1960,589800.0,2023-10-19,Active,,,31,275.0,2,No,No,2023-10-19,2026-07-28
UPDATE,2026-07-28T00:00:00,2026-07-28,PT0232576,LST0232576,AG01569,LOC0172,Single Family,5,3.5,2070,2745,2010,610200.0,2023-06-03,Active,,,163,0.0,3,No,No,2023-06-03,2026-07-28
UPDATE,2026-07-28T00:00:00,2026-07-28,PT0503601,LST0503601,AG01066,LOC0117,Single Family,3,2.5,1409,4432,1913,633400.0,2026-07-03,Active,,,0,0.0,2,No,No,2026-07-03,2026-07-28
UPDATE,2026-07-28T00:00:00,2026-07-28,PT0160156,LST0160156,AG01451,LOC0226,Multi-Family,5,4.5,1405,4729,2024,384800.0,2026-06-08,Pending,,,89,0.0,1,No,No,2026-06-08,2026-07-28
UPDATE,2026-07-28T00:00:00,2026-07-28,PT0071783,LST0071783,AG02348,LOC0186,Single Family,6,2.0,2543,3971,1974,931100.0,2023-03-15,Active,,,138,0.0,1,No,Yes,2023-03-15,2026-07-28
UPDATE,2026-07-28T00:00:00,2026-07-28,PT0333944,LST0333944,AG01918,LOC0024,Condo,5,2.5,1213,11567,1988,277700.0,2023-06-17,Active,,,32,701.0,1,No,No,2023-06-17,2026-07-28
UPDATE,2026-07-28T00:00:00,2026-07-28,PT0406737,LST0406737,AG01230,LOC0229,Single Family,2,2.5,1184,7955,1974,164900.0,2023-11-04,Sold,152760.24,2026-07-28,997,0.0,1,No,Yes,2023-11-04,2026-07-28
UPDATE,2026-07-28T00:00:00,2026-07-28,PT0131351,LST0131351,AG01986,LOC0196,Apartment,1,4.0,1115,0,1939,284800.0,2025-12-31,Sold,240407.79,2026-07-28,209,756.0,3,No,No,2025-12-31,2026-07-28
UPDATE,2026-07-28T00:00:00,2026-07-28,PT0338004,LST0338004,AG01678,LOC0179,Single Family,1,3.0,1685,2706,2005,302000.0,2024-03-17,Active,,,171,0.0,3,Yes,Yes,2024-03-17,2026-07-28
UPDATE,2026-07-28T00:00:00,2026-07-28,PT0485990,LST0485990,AG01177,LOC0215,Single Family,3,4.5,2767,1486,1927,1310400.0,2023-10-17,Pending,,,44,0.0,0,Yes,No,2023-10-17,2026-07-28
UPDATE,2026-07-28T00:00:00,2026-07-28,PT0109246,LST0109246,AG00155,LOC0136,Multi-Family,1,2.5,2003,12885,1946,491800.0,2023-06-12,Pending,,,160,0.0,3,No,No,2023-06-12,2026-07-28
UPDATE,2026-07-28T00:00:00,2026-07-28,PT0386947,LST0386947,AG00090,LOC0081,Single Family,3,1.0,1189,3716,2021,432200.0,2023-05-16,Pending,,,157,0.0,3,No,Yes,2023-05-16,2026-07-28
UPDATE,2026-07-28T00:00:00,2026-07-28,PT0460981,LST0460981,AG02130,LOC0216,Single Family,1,4.5,2319,2890,1958,376100.0,2024-01-01,Active,,,18,0.0,3,No,Yes,2024-01-01,2026-07-28
UPDATE,2026-07-28T00:00:00,2026-07-28,PT0487695,LST0487695,AG00219,LOC0212,Condo,1,2.0,1991,1007,2008,1055500.0,2026-06-28,Active,,,145,362.0,3,No,No,2026-06-28,2026-07-28
UPDATE,2026-07-28T00:00:00,2026-07-28,PT0510389,LST0510389,AG01966,LOC0015,Townhouse,1,4.0,2324,3032,2015,398200.0,2026-07-09,Active,,,0,728.47,2,No,No,2026-07-09,2026-07-28
UPDATE,2026-07-28T00:00:00,2026-07-28,PT0214351,LST0214351,AG00369,LOC0208,Single Family,2,1.5,1183,3326,1925,373400.0,2026-05-20,Pending,,,96,0.0,1,No,No,2026-05-20,2026-07-28
UPDATE,2026-07-28T00:00:00,2026-07-28,PT0061097,LST0061097,AG00423,LOC0229,Townhouse,2,3.5,2642,3075,1932,563200.0,2025-11-19,Pending,,,97,686.0,1,No,No,2025-11-19,2026-07-28
UPDATE,2026-07-28T00:00:00,2026-07-28,PT0517353,LST0517353,AG00110,LOC0102,Single Family,6,3.5,1629,5622,1914,450300.0,2026-07-15,Active,,,0,0.0,0,No,No,2026-07-15,2026-07-28
UPDATE,2026-07-28T00:00:00,2026-07-28,PT0162122,LST0162122,AG00370,LOC0151,Single Family,2,1.5,2339,7000,1947,600700.0,2025-03-09,Active,,,89,0.0,3,No,No,2025-03-09,2026-07-28
UPDATE,2026-07-28T00:00:00,2026-07-28,PT0332636,LST0332636,AG00443,LOC0051,Single Family,2,3.0,1387,1395,1991,175300.0,2024-05-24,Active,,,140,0.0,3,No,No,2024-05-24,2026-07-28
UPDATE,2026-07-28T00:00:00,2026-07-28,PT0033160,LST0033160,AG00577,LOC0133,Condo,1,3.0,1847,15116,2002,396300.0,2023-08-30,Pending,,,1,178.0,2,No,No,2023-08-30,2026-07-28
UPDATE,2026-07-28T00:00:00,2026-07-28,PT0202106,LST0202106,AG00921,LOC0074,Land,0,0.0,4554,8112,1989,1800200.0,2024-04-09,Sold,1787056.51,2026-07-28,840,0.0,0,No,No,2024-04-09,2026-07-28
UPDATE,2026-07-28T00:00:00,2026-07-28,PT0149320,LST0149320,AG00721,LOC0158,Land,0,0.0,4839,7560,1943,1981500.0,2023-07-02,Pending,,,125,0.0,0,No,No,2023-07-02,2026-07-28
UPDATE,2026-07-28T00:00:00,2026-07-28,PT0182224,LST0182224,AG00034,LOC0160,Single Family,5,4.5,2486,6033,1906,406600.0,2024-03-14,Sold,374165.53,2026-07-28,866,0.0,2,No,No,2024-03-14,2026-07-28
UPDATE,2026-07-28T00:00:00,2026-07-28,PT0289727,LST0289727,AG00154,LOC0147,Townhouse,4,4.0,2206,2495,1998,491400.0,2023-12-11,Pending,,,161,531.0,0,No,No,2023-12-11,2026-07-28
UPDATE,2026-07-28T00:00:00,2026-07-28,PT0093665,LST0093665,AG02425,LOC0230,Townhouse,4,4.0,2852,12026,2015,1021300.0,2025-04-02,Active,,,124,241.0,2,No,No,2025-04-02,2026-07-28
UPDATE,2026-07-28T00:00:00,2026-07-28,PT0217436,LST0217436,AG02519,LOC0078,Single Family,6,4.5,635,9959,2014,260400.0,2026-04-10,Sold,262124.6,2026-07-28,109,0.0,0,No,Yes,2026-04-10,2026-07-28
UPDATE,2026-07-28T00:00:00,2026-07-28,PT0355744,LST0355744,AG01247,LOC0216,Condo,6,3.0,2678,4874,2021,812500.0,2023-08-04,Active,,,164,482.0,3,No,No,2023-08-04,2026-07-28
UPDATE,2026-07-28T00:00:00,2026-07-28,PT0389785,LST0389785,AG02917,LOC0111,Single Family,1,3.0,2493,6081,1917,258100.0,2023-07-06,Sold,280323.53,2026-07-28,1118,0.0,1,No,Yes,2023-07-06,2026-07-28
UPDATE,2026-07-28T00:00:00,2026-07-28,PT0389971,LST0389971,AG01535,LOC0124,Single Family,5,1.0,700,1975,1934,245400.0,2025-08-05,Pending,,,86,0.0,1,No,No,2025-08-05,2026-07-28
UPDATE,2026-07-28T00:00:00,2026-07-28,PT0008583,LST0008583,AG02277,LOC0089,Townhouse,2,2.0,2446,7176,1913,1072400.0,2023-11-02,Pending,,,78,655.0,0,No,No,2023-11-02,2026-07-28
UPDATE,2026-07-28T00:00:00,2026-07-28,PT0112377,LST0112377,AG00461,LOC0010,Single Family,3,2.0,805,1968,1994,259800.0,2026-02-03,Pending,,,87,0.0,3,No,No,2026-02-03,2026-07-28
UPDATE,2026-07-28T00:00:00,2026-07-28,PT0461051,LST0461051,AG01773,LOC0212,Townhouse,2,2.0,1449,5395,2013,143700.0,2025-07-07,Sold,135763.38,2026-07-28,386,185.0,1,No,No,2025-07-07,2026-07-28
UPDATE,2026-07-28T00:00:00,2026-07-28,PT0307026,LST0307026,AG02639,LOC0176,Apartment,6,1.5,445,0,1972,90300.0,2023-05-07,Active,,,20,296.0,1,Yes,No,2023-05-07,2026-07-28
UPDATE,2026-07-28T00:00:00,2026-07-28,PT0524624,LST0524624,AG02331,LOC0234,Single Family,6,1.0,3101,3718,1993,785700.0,2026-07-22,Active,,,0,0.0,3,No,Yes,2026-07-22,2026-07-28
UPDATE,2026-07-28T00:00:00,2026-07-28,PT0112182,LST0112182,AG02950,LOC0088,Multi-Family,3,2.0,1838,2814,1985,144200.0,2024-06-20,Sold,134871.24,2026-07-28,768,0.0,0,Yes,Yes,2024-06-20,2026-07-28
UPDATE,2026-07-28T00:00:00,2026-07-28,PT0055917,LST0055917,AG01341,LOC0102,Multi-Family,3,2.0,1936,1386,1996,533400.0,2023-08-25,Sold,502648.26,2026-07-28,1068,0.0,3,No,No,2023-08-25,2026-07-28
UPDATE,2026-07-28T00:00:00,2026-07-28,PT0238550,LST0238550,AG02143,LOC0130,Single Family,2,1.0,523,1742,1963,126400.0,2024-05-30,Sold,120973.44,2026-07-28,789,0.0,3,No,No,2024-05-30,2026-07-28
UPDATE,2026-07-28T00:00:00,2026-07-28,PT0523005,LST0523005,AG02856,LOC0219,Single Family,3,3.5,2051,6169,1965,1156500.0,2026-07-20,Active,,,0,0.0,3,No,Yes,2026-07-20,2026-07-28
UPDATE,2026-07-28T00:00:00,2026-07-28,PT0020863,LST0020863,AG00306,LOC0009,Single Family,6,4.0,2246,13027,1980,853900.0,2026-03-29,Active,,,32,0.0,2,No,Yes,2026-03-29,2026-07-28
UPDATE,2026-07-28T00:00:00,2026-07-28,PT0505962,LST0505962,AG02507,LOC0199,Single Family,3,4.5,3032,6456,1902,1012300.0,2026-07-05,Pending,,,0,0.0,3,No,No,2026-07-05,2026-07-28
UPDATE,2026-07-28T00:00:00,2026-07-28,PT0137321,LST0137321,AG02685,LOC0162,Condo,6,3.5,2347,3224,1926,310800.0,2025-10-09,Pending,,,42,799.0,3,Yes,No,2025-10-09,2026-07-28
UPDATE,2026-07-28T00:00:00,2026-07-28,PT0009948,LST0009948,AG02970,LOC0211,Apartment,5,4.5,1358,0,1971,262500.0,2025-09-05,Pending,,,67,289.0,1,No,No,2025-09-05,2026-07-28
UPDATE,2026-07-28T00:00:00,2026-07-28,PT0422890,LST0422890,AG01180,LOC0132,Condo,5,1.5,2285,4961,1985,370300.0,2025-06-26,Active,,,63,55.0,1,No,No,2025-06-26,2026-07-28
UPDATE,2026-07-28T00:00:00,2026-07-28,PT0086664,LST0086664,AG00012,LOC0009,Townhouse,6,2.0,1560,4480,2001,458800.0,2025-12-18,Active,,,41,346.0,2,Yes,No,2025-12-18,2026-07-28
UPDATE,2026-07-28T00:00:00,2026-07-28,PT0304484,LST0304484,AG01514,LOC0017,Single Family,2,1.5,1851,3854,1941,958300.0,2025-12-30,Active,,,85,0.0,1,Yes,Yes,2025-12-30,2026-07-28
UPDATE,2026-07-28T00:00:00,2026-07-28,PT0457743,LST0457743,AG01366,LOC0070,Single Family,4,3.5,2608,8916,1930,642300.0,2024-12-27,Sold,650375.48,2026-07-28,578,0.0,1,No,No,2024-12-27,2026-07-28
UPDATE,2026-07-28T00:00:00,2026-07-28,PT0417701,LST0417701,AG01469,LOC0247,Townhouse,3,3.0,627,1198,2021,175500.0,2025-02-19,Sold,178726.83,2026-07-28,524,585.0,3,No,No,2025-02-19,2026-07-28
UPDATE,2026-07-28T00:00:00,2026-07-28,PT0530976,LST0530976,AG02221,LOC0206,Land,0,0.0,6091,4689,1984,1772000.0,2026-07-27,Active,,,0,0.0,0,No,No,2026-07-27,2026-07-28
UPDATE,2026-07-28T00:00:00,2026-07-28,PT0416349,LST0416349,AG01167,LOC0088,Single Family,5,3.5,1699,2224,1924,292400.0,2023-11-29,Sold,295807.78,2026-07-28,972,0.0,3,No,No,2023-11-29,2026-07-28
UPDATE,2026-07-28T00:00:00,2026-07-28,PT0244427,LST0244427,AG00313,LOC0236,Condo,6,1.5,2673,4193,1982,203400.0,2025-02-01,Pending,,,5,370.0,2,Yes,No,2025-02-01,2026-07-28
UPDATE,2026-07-28T00:00:00,2026-07-28,PT0521559,LST0521559,AG01962,LOC0175,Single Family,3,4.5,1530,7433,2008,276400.0,2026-07-19,Active,,,0,0.0,3,No,Yes,2026-07-19,2026-07-28
UPDATE,2026-07-28T00:00:00,2026-07-28,PT0507165,LST0507165,AG02352,LOC0250,Condo,5,3.0,3144,3124,2016,1131400.0,2026-07-06,Active,,,0,329.86,0,No,No,2026-07-06,2026-07-28
UPDATE,2026-07-28T00:00:00,2026-07-28,PT0306554,LST0306554,AG01337,LOC0072,Single Family,4,4.5,997,3092,1970,121100.0,2025-04-07,Sold,119568.37,2026-07-28,477,0.0,1,No,Yes,2025-04-07,2026-07-28
UPDATE,2026-07-28T00:00:00,2026-07-28,PT0211063,LST0211063,AG00200,LOC0044,Townhouse,3,2.5,2874,3551,1975,793800.0,2024-03-15,Pending,,,64,745.0,2,No,No,2024-03-15,2026-07-28
UPDATE,2026-07-28T00:00:00,2026-07-28,PT0523884,LST0523884,AG00730,LOC0087,Single Family,6,1.0,1114,8890,2014,598900.0,2026-07-21,Sold,561641.33,2026-07-28,7,0.0,2,No,No,2026-07-21,2026-07-28
UPDATE,2026-07-28T00:00:00,2026-07-28,PT0115036,LST0115036,AG02574,LOC0119,Multi-Family,1,1.0,2960,3410,1998,616900.0,2026-05-26,Sold,607463.34,2026-07-28,63,0.0,1,Yes,No,2026-05-26,2026-07-28
UPDATE,2026-07-28T00:00:00,2026-07-28,PT0499600,LST0499600,AG00615,LOC0162,Condo,4,1.0,2970,4762,1951,660100.0,2024-09-28,Pending,,,69,528.0,1,No,No,2024-09-28,2026-07-28
UPDATE,2026-07-28T00:00:00,2026-07-28,PT0259701,LST0259701,AG00199,LOC0207,Townhouse,4,3.0,2467,3673,2022,279200.0,2024-08-02,Active,,,167,731.0,2,No,No,2024-08-02,2026-07-28
UPDATE,2026-07-28T00:00:00,2026-07-28,PT0106503,LST0106503,AG01596,LOC0240,Condo,6,4.5,1437,3299,1996,114600.0,2024-02-07,Active,,,22,208.0,3,No,No,2024-02-07,2026-07-28
UPDATE,2026-07-28T00:00:00,2026-07-28,PT0365638,LST0365638,AG00235,LOC0043,Condo,4,3.0,3943,2376,2005,1020700.0,2023-03-09,Active,,,75,623.0,3,Yes,No,2023-03-09,2026-07-28
UPDATE,2026-07-28T00:00:00,2026-07-28,PT0007602,LST0007602,AG00947,LOC0024,Condo,5,3.0,1246,6448,1949,397100.0,2024-02-14,Pending,,,176,412.0,3,No,No,2024-02-14,2026-07-28
UPDATE,2026-07-28T00:00:00,2026-07-28,PT0385189,LST0385189,AG01813,LOC0191,Condo,1,2.0,2782,3651,2025,1747800.0,2025-08-11,Active,,,156,724.0,2,No,No,2025-08-11,2026-07-28
UPDATE,2026-07-28T00:00:00,2026-07-28,PT0512318,LST0512318,AG00872,LOC0044,Townhouse,4,1.0,2253,5426,1924,679900.0,2026-07-11,Active,,,0,117.13,0,No,No,2026-07-11,2026-07-28
UPDATE,2026-07-28T00:00:00,2026-07-28,PT0524706,LST0524706,AG01847,LOC0012,Apartment,4,3.5,867,0,1997,405000.0,2026-07-22,Active,,,0,694.45,1,No,No,2026-07-22,2026-07-28
UPDATE,2026-07-28T00:00:00,2026-07-28,PT0051618,LST0051618,AG02476,LOC0005,Townhouse,6,4.0,1908,7926,1906,687500.0,2023-10-23,Sold,649348.41,2026-07-28,1009,365.0,1,No,No,2023-10-23,2026-07-28
UPDATE,2026-07-28T00:00:00,2026-07-28,PT0525571,LST0525571,AG01691,LOC0116,Single Family,5,4.5,1662,1859,1930,1074600.0,2026-07-23,Sold,991361.77,2026-07-28,5,0.0,0,No,No,2026-07-23,2026-07-28
UPDATE,2026-07-28T00:00:00,2026-07-28,PT0508393,LST0508393,AG02304,LOC0050,Condo,2,2.5,2143,2255,1982,759400.0,2026-07-07,Sold,767472.32,2026-07-28,21,462.89,1,No,No,2026-07-07,2026-07-28
UPDATE,2026-07-28T00:00:00,2026-07-28,PT0395485,LST0395485,AG01696,LOC0206,Land,0,0.0,6096,9301,2014,1746800.0,2024-10-04,Active,,,141,0.0,0,No,No,2024-10-04,2026-07-28
UPDATE,2026-07-28T00:00:00,2026-07-28,PT0523227,LST0523227,AG02801,LOC0236,Single Family,1,4.0,3111,1198,2012,309200.0,2026-07-21,Active,,,0,0.0,1,Yes,No,2026-07-21,2026-07-28
UPDATE,2026-07-28T00:00:00,2026-07-28,PT0367285,LST0367285,AG02676,LOC0208,Single Family,1,4.5,1454,2943,1911,386700.0,2026-01-26,Pending,,,45,0.0,0,No,No,2026-01-26,2026-07-28
UPDATE,2026-07-28T00:00:00,2026-07-28,PT0222326,LST0222326,AG02376,LOC0033,Single Family,1,3.5,1569,1688,1965,670000.0,2025-05-01,Active,,,22,0.0,0,Yes,No,2025-05-01,2026-07-28
UPDATE,2026-07-28T00:00:00,2026-07-28,PT0363158,LST0363158,AG00931,LOC0232,Single Family,5,4.0,2032,1529,1944,630000.0,2025-07-01,Sold,575087.74,2026-07-28,392,0.0,3,No,No,2025-07-01,2026-07-28
UPDATE,2026-07-28T00:00:00,2026-07-28,PT0098924,LST0098924,AG00747,LOC0004,Townhouse,2,4.5,1419,1141,2025,144900.0,2026-04-10,Active,,,98,615.0,0,No,No,2026-04-10,2026-07-28
UPDATE,2026-07-28T00:00:00,2026-07-28,PT0144091,LST0144091,AG02680,LOC0147,Single Family,1,3.5,300,1932,2024,20000.0,2023-05-03,Sold,20380.78,2026-07-28,1182,0.0,1,Yes,No,2023-05-03,2026-07-28
UPDATE,2026-07-28T00:00:00,2026-07-28,PT0431084,LST0431084,AG02255,LOC0235,Single Family,3,2.0,2178,7455,1928,1131800.0,2023-11-22,Active,,,67,0.0,1,No,No,2023-11-22,2026-07-28
UPDATE,2026-07-28T00:00:00,2026-07-28,PT0429469,LST0429469,AG01729,LOC0250,Condo,2,3.0,1244,3064,2015,452600.0,2023-01-16,Pending,,,152,442.0,0,No,No,2023-01-16,2026-07-28
UPDATE,2026-07-28T00:00:00,2026-07-28,PT0307124,LST0307124,AG01166,LOC0082,Multi-Family,1,3.0,2367,5682,1919,501200.0,2024-05-05,Pending,,,87,0.0,0,No,No,2024-05-05,2026-07-28
UPDATE,2026-07-28T00:00:00,2026-07-28,PT0248319,LST0248319,AG02889,LOC0163,Land,0,0.0,8548,2553,1958,4009200.0,2025-01-17,Pending,,,134,0.0,0,No,No,2025-01-17,2026-07-28
UPDATE,2026-07-28T00:00:00,2026-07-28,PT0499750,LST0499750,AG02023,LOC0033,Single Family,1,4.5,1452,4602,1942,394600.0,2024-12-15,Pending,,,5,0.0,1,No,Yes,2024-12-15,2026-07-28
UPDATE,2026-07-28T00:00:00,2026-07-28,PT0168073,LST0168073,AG01827,LOC0038,Single Family,4,3.0,1618,1768,1959,222800.0,2023-09-16,Sold,218101.75,2026-07-28,1046,0.0,1,Yes,No,2023-09-16,2026-07-28
UPDATE,2026-07-28T00:00:00,2026-07-28,PT0114919,LST0114919,AG02547,LOC0092,Single Family,5,1.0,1021,10188,1989,187300.0,2023-06-01,Active,,,138,0.0,2,No,No,2023-06-01,2026-07-28
UPDATE,2026-07-28T00:00:00,2026-07-28,PT0449216,LST0449216,AG02782,LOC0030,Single Family,6,4.0,1889,9814,1951,556800.0,2024-05-22,Active,,,60,0.0,3,No,Yes,2024-05-22,2026-07-28
UPDATE,2026-07-28T00:00:00,2026-07-28,PT0324072,LST0324072,AG01705,LOC0015,Single Family,3,4.0,1173,8195,1939,180900.0,2025-07-22,Pending,,,69,0.0,1,Yes,No,2025-07-22,2026-07-28
UPDATE,2026-07-28T00:00:00,2026-07-28,PT0249641,LST0249641,AG02002,LOC0201,Single Family,5,4.0,1926,5512,1952,232100.0,2024-09-02,Active,,,135,0.0,1,No,No,2024-09-02,2026-07-28
UPDATE,2026-07-28T00:00:00,2026-07-28,PT0526128,LST0526128,AG02121,LOC0052,Land,0,0.0,3832,5106,1911,364500.0,2026-07-23,Sold,370694.8,2026-07-28,5,0.0,0,No,No,2026-07-23,2026-07-28
UPDATE,2026-07-28T00:00:00,2026-07-28,PT0127203,LST0127203,AG02869,LOC0170,Condo,2,1.5,1151,1604,1900,353200.0,2024-08-01,Active,,,123,297.0,3,No,No,2024-08-01,2026-07-28
UPDATE,2026-07-28T00:00:00,2026-07-28,PT0449889,LST0449889,AG00371,LOC0051,Townhouse,1,4.0,2429,7240,2022,359800.0,2023-10-08,Pending,,,85,502.0,0,No,No,2023-10-08,2026-07-28
UPDATE,2026-07-28T00:00:00,2026-07-28,PT0298764,LST0298764,AG02977,LOC0133,Condo,1,4.0,1296,2509,1986,206800.0,2023-08-01,Active,,,75,140.0,0,No,No,2023-08-01,2026-07-28
UPDATE,2026-07-28T00:00:00,2026-07-28,PT0207387,LST0207387,AG02874,LOC0129,Single Family,6,2.5,2627,3737,2021,1050800.0,2024-11-23,Pending,,,106,0.0,3,No,No,2024-11-23,2026-07-28
UPDATE,2026-07-28T00:00:00,2026-07-28,PT0251414,LST0251414,AG00218,LOC0022,Multi-Family,2,1.5,2127,6081,2009,412200.0,2024-05-22,Pending,,,49,0.0,3,Yes,No,2024-05-22,2026-07-28
UPDATE,2026-07-28T00:00:00,2026-07-28,PT0362191,LST0362191,AG02140,LOC0120,Single Family,6,4.0,1962,1030,1997,840700.0,2025-11-30,Sold,779610.82,2026-07-28,240,0.0,2,Yes,No,2025-11-30,2026-07-28
UPDATE,2026-07-28T00:00:00,2026-07-28,PT0221330,LST0221330,AG01971,LOC0215,Condo,3,3.0,3363,7164,1998,741000.0,2024-07-21,Pending,,,179,130.0,2,No,No,2024-07-21,2026-07-28
UPDATE,2026-07-28T00:00:00,2026-07-28,PT0429635,LST0429635,AG01346,LOC0226,Multi-Family,2,1.5,2710,4395,1900,743600.0,2024-12-17,Sold,813949.82,2026-07-28,588,0.0,3,No,Yes,2024-12-17,2026-07-28
UPDATE,2026-07-28T00:00:00,2026-07-28,PT0210036,LST0210036,AG02825,LOC0140,Townhouse,6,3.0,1350,12791,1976,474100.0,2023-07-04,Active,,,38,337.0,0,No,No,2023-07-04,2026-07-28
UPDATE,2026-07-28T00:00:00,2026-07-28,PT0039644,LST0039644,AG00097,LOC0071,Townhouse,3,1.0,1693,14882,2000,517400.0,2025-06-03,Pending,,,51,559.0,3,No,No,2025-06-03,2026-07-28
UPDATE,2026-07-28T00:00:00,2026-07-28,PT0218900,LST0218900,AG01904,LOC0057,Condo,6,1.0,1785,6233,1932,997100.0,2026-06-16,Pending,,,131,526.0,2,Yes,No,2026-06-16,2026-07-28
UPDATE,2026-07-28T00:00:00,2026-07-28,PT0293300,LST0293300,AG00127,LOC0170,Single Family,4,1.0,1719,7039,1971,1077600.0,2023-05-30,Pending,,,164,0.0,1,No,Yes,2023-05-30,2026-07-28
UPDATE,2026-07-28T00:00:00,2026-07-28,PT0387112,LST0387112,AG02742,LOC0187,Condo,4,2.5,1895,5174,1918,168000.0,2023-07-03,Sold,170204.15,2026-07-28,1121,173.0,1,No,No,2023-07-03,2026-07-28
UPDATE,2026-07-28T00:00:00,2026-07-28,PT0283441,LST0283441,AG00479,LOC0225,Condo,5,3.0,1616,5626,1984,729000.0,2023-04-06,Pending,,,75,577.0,3,No,No,2023-04-06,2026-07-28
UPDATE,2026-07-28T00:00:00,2026-07-28,PT0186342,LST0186342,AG01304,LOC0023,Single Family,3,1.5,1647,16998,2005,290100.0,2025-05-20,Sold,292787.09,2026-07-28,434,0.0,1,No,No,2025-05-20,2026-07-28
UPDATE,2026-07-28T00:00:00,2026-07-28,PT0511504,LST0511504,AG00512,LOC0168,Single Family,5,3.5,330,2283,2000,145800.0,2026-07-10,Pending,,,0,0.0,2,No,No,2026-07-10,2026-07-28
UPDATE,2026-07-28T00:00:00,2026-07-28,PT0028334,LST0028334,AG01400,LOC0220,Townhouse,2,2.0,881,2510,1928,320000.0,2025-11-25,Pending,,,155,244.0,1,No,No,2025-11-25,2026-07-28
UPDATE,2026-07-28T00:00:00,2026-07-28,PT0282778,LST0282778,AG02011,LOC0239,Single Family,2,4.5,2141,3719,1908,299900.0,2026-01-30,Pending,,,19,0.0,0,No,Yes,2026-01-30,2026-07-28
UPDATE,2026-07-28T00:00:00,2026-07-28,PT0157626,LST0157626,AG01261,LOC0246,Single Family,3,1.5,2216,2372,1992,322200.0,2026-06-24,Pending,,,59,0.0,0,Yes,Yes,2026-06-24,2026-07-28
UPDATE,2026-07-28T00:00:00,2026-07-28,PT0504104,LST0504104,AG01568,LOC0069,Land,0,0.0,10099,8523,1964,3162500.0,2026-07-04,Pending,,,0,0.0,0,No,No,2026-07-04,2026-07-28
UPDATE,2026-07-28T00:00:00,2026-07-28,PT0279371,LST0279371,AG01478,LOC0137,Single Family,2,1.5,2427,4921,1942,584700.0,2024-03-13,Pending,,,178,0.0,0,No,Yes,2024-03-13,2026-07-28
UPDATE,2026-07-28T00:00:00,2026-07-28,PT0206510,LST0206510,AG00695,LOC0149,Single Family,2,4.5,1129,14799,1984,319600.0,2025-04-24,Active,,,76,0.0,3,No,Yes,2025-04-24,2026-07-28
UPDATE,2026-07-28T00:00:00,2026-07-28,PT0456488,LST0456488,AG01269,LOC0142,Land,0,0.0,5474,5189,2018,1748600.0,2023-06-14,Active,,,50,0.0,0,No,No,2023-06-14,2026-07-28
UPDATE,2026-07-28T00:00:00,2026-07-28,PT0354586,LST0354586,AG00894,LOC0195,Condo,3,4.5,2100,20924,1910,228900.0,2024-11-10,Active,,,64,448.0,2,No,No,2024-11-10,2026-07-28
UPDATE,2026-07-28T00:00:00,2026-07-28,PT0015766,LST0015766,AG01754,LOC0126,Townhouse,5,3.5,2229,7266,2014,708700.0,2023-01-23,Sold,706933.96,2026-07-28,1282,70.0,1,No,No,2023-01-23,2026-07-28
UPDATE,2026-07-28T00:00:00,2026-07-28,PT0237477,LST0237477,AG00189,LOC0089,Single Family,2,2.5,2735,11649,1937,981600.0,2024-08-18,Active,,,55,0.0,1,No,Yes,2024-08-18,2026-07-28
UPDATE,2026-07-28T00:00:00,2026-07-28,PT0523303,LST0523303,AG01956,LOC0118,Single Family,3,4.0,1564,5506,2025,213500.0,2026-07-21,Active,,,0,0.0,2,No,No,2026-07-21,2026-07-28
UPDATE,2026-07-28T00:00:00,2026-07-28,PT0407269,LST0407269,AG01559,LOC0219,Single Family,1,4.0,1620,2002,1992,960300.0,2025-05-04,Pending,,,166,0.0,1,Yes,Yes,2025-05-04,2026-07-28
UPDATE,2026-07-28T00:00:00,2026-07-28,PT0210802,LST0210802,AG01975,LOC0017,Single Family,2,2.0,1449,12256,1935,545900.0,2023-01-14,Active,,,120,0.0,3,No,Yes,2023-01-14,2026-07-28
UPDATE,2026-07-28T00:00:00,2026-07-28,PT0330416,LST0330416,AG01755,LOC0242,Multi-Family,3,2.5,2629,4470,1996,729700.0,2024-01-12,Pending,,,141,0.0,0,Yes,Yes,2024-01-12,2026-07-28
UPDATE,2026-07-28T00:00:00,2026-07-28,PT0473712,LST0473712,AG00058,LOC0212,Condo,3,3.0,3213,3267,1990,1588900.0,2025-05-14,Active,,,32,139.0,3,Yes,No,2025-05-14,2026-07-28
UPDATE,2026-07-28T00:00:00,2026-07-28,PT0280661,LST0280661,AG02248,LOC0214,Single Family,4,3.0,2737,10925,2001,730500.0,2026-03-08,Pending,,,17,0.0,3,No,Yes,2026-03-08,2026-07-28
UPDATE,2026-07-28T00:00:00,2026-07-28,PT0438503,LST0438503,AG00979,LOC0235,Single Family,4,1.0,1552,8546,1975,681500.0,2024-08-08,Sold,709665.65,2026-07-28,719,0.0,3,No,Yes,2024-08-08,2026-07-28
UPDATE,2026-07-28T00:00:00,2026-07-28,PT0503960,LST0503960,AG02867,LOC0098,Multi-Family,2,3.0,1099,4948,1955,257700.0,2026-07-04,Active,,,0,0.0,0,No,Yes,2026-07-04,2026-07-28
UPDATE,2026-07-28T00:00:00,2026-07-28,PT0469338,LST0469338,AG01881,LOC0121,Single Family,1,3.0,1480,5692,2019,412800.0,2026-06-05,Pending,,,141,0.0,0,No,No,2026-06-05,2026-07-28
UPDATE,2026-07-28T00:00:00,2026-07-28,PT0431092,LST0431092,AG00776,LOC0248,Single Family,1,2.0,1172,8898,1928,209400.0,2025-02-26,Pending,,,28,0.0,2,No,Yes,2025-02-26,2026-07-28
UPDATE,2026-07-28T00:00:00,2026-07-28,PT0086376,LST0086376,AG02834,LOC0060,Single Family,3,3.5,1839,1480,1993,509700.0,2025-08-23,Sold,453710.64,2026-07-28,339,0.0,1,No,No,2025-08-23,2026-07-28
UPDATE,2026-07-28T00:00:00,2026-07-28,PT0172939,LST0172939,AG00570,LOC0045,Land,0,0.0,5639,7750,1920,2089900.0,2023-10-02,Sold,2000138.72,2026-07-28,1030,0.0,0,No,No,2023-10-02,2026-07-28
UPDATE,2026-07-28T00:00:00,2026-07-28,PT0378314,LST0378314,AG02700,LOC0125,Townhouse,6,3.0,954,6440,1900,385300.0,2026-06-28,Pending,,,49,233.0,1,No,No,2026-06-28,2026-07-28
UPDATE,2026-07-28T00:00:00,2026-07-28,PT0520183,LST0520183,AG01730,LOC0111,Single Family,1,3.0,2037,6871,1932,272500.0,2026-07-18,Pending,,,0,0.0,3,No,No,2026-07-18,2026-07-28
UPDATE,2026-07-28T00:00:00,2026-07-28,PT0273016,LST0273016,AG02656,LOC0149,Condo,3,4.0,3069,1030,1952,859100.0,2024-09-08,Pending,,,6,453.0,3,No,No,2024-09-08,2026-07-28
UPDATE,2026-07-28T00:00:00,2026-07-28,PT0514947,LST0514947,AG02314,LOC0177,Condo,1,2.0,2405,3933,1981,920900.0,2026-07-13,Active,,,0,115.61,1,Yes,No,2026-07-13,2026-07-28
UPDATE,2026-07-28T00:00:00,2026-07-28,PT0522865,LST0522865,AG01610,LOC0046,Single Family,5,1.0,919,2639,2007,210200.0,2026-07-20,Sold,199543.85,2026-07-28,8,0.0,0,No,Yes,2026-07-20,2026-07-28
UPDATE,2026-07-28T00:00:00,2026-07-28,PT0225139,LST0225139,AG00191,LOC0067,Single Family,3,3.5,1733,3406,1960,157000.0,2025-11-23,Pending,,,146,0.0,3,No,No,2025-11-23,2026-07-28
UPDATE,2026-07-28T00:00:00,2026-07-28,PT0421975,LST0421975,AG01353,LOC0037,Land,0,0.0,5057,9770,1994,2695500.0,2024-12-30,Active,,,177,0.0,0,No,No,2024-12-30,2026-07-28
UPDATE,2026-07-28T00:00:00,2026-07-28,PT0081047,LST0081047,AG00594,LOC0021,Apartment,1,1.0,1014,0,1906,189600.0,2024-10-26,Pending,,,118,606.0,0,Yes,No,2024-10-26,2026-07-28
UPDATE,2026-07-28T00:00:00,2026-07-28,PT0525793,LST0525793,AG02713,LOC0099,Single Family,6,4.0,2341,4472,1960,864300.0,2026-07-23,Sold,805411.6,2026-07-28,5,0.0,0,No,No,2026-07-23,2026-07-28
UPDATE,2026-07-28T00:00:00,2026-07-28,PT0421425,LST0421425,AG00290,LOC0007,Condo,6,2.0,1100,3510,1909,351100.0,2023-04-21,Pending,,,167,344.0,3,No,No,2023-04-21,2026-07-28
UPDATE,2026-07-28T00:00:00,2026-07-28,PT0064323,LST0064323,AG02124,LOC0146,Condo,4,2.5,1383,9022,2000,105300.0,2026-05-29,Sold,102854.25,2026-07-28,60,349.0,1,No,No,2026-05-29,2026-07-28
UPDATE,2026-07-28T00:00:00,2026-07-28,PT0485728,LST0485728,AG01041,LOC0089,Condo,2,1.5,2007,1009,1956,601200.0,2023-03-21,Active,,,14,182.0,0,No,No,2023-03-21,2026-07-28
UPDATE,2026-07-28T00:00:00,2026-07-28,PT0313165,LST0313165,AG02947,LOC0014,Apartment,5,4.0,749,0,1932,213300.0,2025-07-26,Active,,,147,336.0,0,Yes,No,2025-07-26,2026-07-28
UPDATE,2026-07-28T00:00:00,2026-07-28,PT0275427,LST0275427,AG00428,LOC0194,Single Family,6,3.5,2957,4428,1975,999800.0,2024-02-02,Sold,988119.08,2026-07-28,907,0.0,3,No,Yes,2024-02-02,2026-07-28
UPDATE,2026-07-28T00:00:00,2026-07-28,PT0098407,LST0098407,AG02135,LOC0210,Townhouse,2,4.0,1814,2391,2011,1305100.0,2024-04-21,Sold,1339950.44,2026-07-28,828,605.0,0,No,No,2024-04-21,2026-07-28
UPDATE,2026-07-28T00:00:00,2026-07-28,PT0097417,LST0097417,AG01814,LOC0058,Townhouse,5,1.5,1479,2612,1956,229400.0,2025-03-18,Sold,225891.77,2026-07-28,497,395.0,1,No,No,2025-03-18,2026-07-28
UPDATE,2026-07-28T00:00:00,2026-07-28,PT0047175,LST0047175,AG02896,LOC0060,Single Family,4,2.0,723,3878,1937,245800.0,2023-09-05,Active,,,157,0.0,1,No,Yes,2023-09-05,2026-07-28
UPDATE,2026-07-28T00:00:00,2026-07-28,PT0507286,LST0507286,AG01107,LOC0093,Condo,5,3.0,3276,10670,2022,705500.0,2026-07-06,Pending,,,0,314.31,1,No,No,2026-07-06,2026-07-28
UPDATE,2026-07-28T00:00:00,2026-07-28,PT0080897,LST0080897,AG01625,LOC0167,Multi-Family,2,3.0,5625,11653,1999,1604900.0,2024-05-15,Pending,,,57,0.0,2,No,No,2024-05-15,2026-07-28
UPDATE,2026-07-28T00:00:00,2026-07-28,PT0492975,LST0492975,AG00639,LOC0127,Single Family,6,4.5,424,6191,1987,143300.0,2023-04-07,Active,,,38,0.0,3,No,Yes,2023-04-07,2026-07-28
UPDATE,2026-07-28T00:00:00,2026-07-28,PT0166430,LST0166430,AG02939,LOC0152,Condo,6,2.0,2314,1151,1987,686500.0,2025-01-30,Pending,,,15,277.0,3,No,No,2025-01-30,2026-07-28
UPDATE,2026-07-28T00:00:00,2026-07-28,PT0492242,LST0492242,AG00052,LOC0063,Single Family,4,4.5,891,9923,1916,389400.0,2023-11-07,Pending,,,24,0.0,2,No,No,2023-11-07,2026-07-28
UPDATE,2026-07-28T00:00:00,2026-07-28,PT0158198,LST0158198,AG00613,LOC0119,Single Family,6,1.5,2040,1530,1973,703200.0,2026-01-15,Sold,731343.4,2026-07-28,194,0.0,1,Yes,No,2026-01-15,2026-07-28
UPDATE,2026-07-28T00:00:00,2026-07-28,PT0443949,LST0443949,AG01771,LOC0153,Land,0,0.0,7073,1435,2009,1967000.0,2024-06-13,Active,,,129,0.0,0,No,No,2024-06-13,2026-07-28
UPDATE,2026-07-28T00:00:00,2026-07-28,PT0517656,LST0517656,AG00184,LOC0014,Single Family,1,3.0,1139,2272,1971,419300.0,2026-07-15,Sold,409696.09,2026-07-28,13,0.0,2,No,No,2026-07-15,2026-07-28
UPDATE,2026-07-28T00:00:00,2026-07-28,PT0150910,LST0150910,AG01068,LOC0140,Multi-Family,1,2.0,4490,3051,1940,1696600.0,2025-01-21,Sold,1533536.78,2026-07-28,553,0.0,3,Yes,Yes,2025-01-21,2026-07-28
UPDATE,2026-07-28T00:00:00,2026-07-28,PT0003180,LST0003180,AG02307,LOC0121,Multi-Family,4,2.5,2529,8067,1912,601800.0,2024-01-04,Active,,,85,0.0,0,No,No,2024-01-04,2026-07-28
UPDATE,2026-07-28T00:00:00,2026-07-28,PT0522082,LST0522082,AG01487,LOC0137,Townhouse,5,1.0,1814,10339,1989,907300.0,2026-07-19,Active,,,0,106.23,0,Yes,No,2026-07-19,2026-07-28
UPDATE,2026-07-28T00:00:00,2026-07-28,PT0193130,LST0193130,AG01324,LOC0121,Condo,6,1.0,1785,4097,1952,426700.0,2024-03-25,Active,,,25,563.0,1,No,No,2024-03-25,2026-07-28
UPDATE,2026-07-28T00:00:00,2026-07-28,PT0302023,LST0302023,AG00492,LOC0095,Multi-Family,4,2.0,2360,2828,1915,849500.0,2024-12-30,Sold,850639.27,2026-07-28,575,0.0,1,No,Yes,2024-12-30,2026-07-28
UPDATE,2026-07-28T00:00:00,2026-07-28,PT0197591,LST0197591,AG00395,LOC0121,Multi-Family,2,4.5,3383,2773,1972,865900.0,2024-12-14,Pending,,,150,0.0,0,No,Yes,2024-12-14,2026-07-28
UPDATE,2026-07-28T00:00:00,2026-07-28,PT0064790,LST0064790,AG00739,LOC0035,Single Family,3,3.0,1894,10584,1960,550400.0,2025-01-18,Sold,549468.49,2026-07-28,556,0.0,1,No,No,2025-01-18,2026-07-28
UPDATE,2026-07-28T00:00:00,2026-07-28,PT0214728,LST0214728,AG00022,LOC0048,Condo,6,3.5,920,2306,1973,354200.0,2024-11-14,Active,,,70,213.0,2,No,No,2024-11-14,2026-07-28
UPDATE,2026-07-28T00:00:00,2026-07-28,PT0225280,LST0225280,AG00455,LOC0246,Single Family,1,4.5,2630,5463,1906,366000.0,2025-06-01,Active,,,85,0.0,0,No,No,2025-06-01,2026-07-28
UPDATE,2026-07-28T00:00:00,2026-07-28,PT0330175,LST0330175,AG01326,LOC0068,Single Family,2,4.5,1858,1375,1957,595500.0,2024-11-25,Active,,,120,0.0,0,No,No,2024-11-25,2026-07-28
UPDATE,2026-07-28T00:00:00,2026-07-28,PT0254574,LST0254574,AG00470,LOC0145,Condo,4,4.5,1957,1649,1943,569500.0,2024-04-22,Pending,,,110,362.0,1,Yes,No,2024-04-22,2026-07-28
UPDATE,2026-07-28T00:00:00,2026-07-28,PT0386892,LST0386892,AG02116,LOC0154,Single Family,4,1.0,2066,5219,1966,295900.0,2026-06-24,Active,,,41,0.0,0,No,No,2026-06-24,2026-07-28
UPDATE,2026-07-28T00:00:00,2026-07-28,PT0361528,LST0361528,AG02738,LOC0134,Apartment,2,4.0,1230,0,1915,467200.0,2026-03-08,Active,,,153,584.0,3,Yes,No,2026-03-08,2026-07-28
UPDATE,2026-07-28T00:00:00,2026-07-28,PT0491751,LST0491751,AG02249,LOC0197,Single Family,3,3.5,3353,1304,1974,1858300.0,2023-12-12,Sold,1714191.31,2026-07-28,959,0.0,3,Yes,No,2023-12-12,2026-07-28
UPDATE,2026-07-28T00:00:00,2026-07-28,PT0505054,LST0505054,AG01973,LOC0150,Townhouse,6,4.0,1907,3595,2005,822800.0,2026-07-05,Pending,,,0,280.2,1,Yes,No,2026-07-05,2026-07-28
UPDATE,2026-07-28T00:00:00,2026-07-28,PT0135266,LST0135266,AG01251,LOC0104,Apartment,1,1.5,1206,0,1964,624600.0,2026-01-07,Pending,,,112,178.0,1,Yes,No,2026-01-07,2026-07-28
UPDATE,2026-07-28T00:00:00,2026-07-28,PT0528141,LST0528141,AG01154,LOC0148,Single Family,3,1.0,1849,1357,1941,307700.0,2026-07-25,Active,,,0,0.0,1,No,No,2026-07-25,2026-07-28
UPDATE,2026-07-28T00:00:00,2026-07-28,PT0102542,LST0102542,AG01302,LOC0001,Apartment,3,3.5,777,0,1960,178000.0,2023-08-26,Sold,189991.78,2026-07-28,1067,190.0,3,Yes,No,2023-08-26,2026-07-28
UPDATE,2026-07-28T00:00:00,2026-07-28,PT0069257,LST0069257,AG02770,LOC0158,Townhouse,6,1.0,2249,13170,1972,797300.0,2024-06-07,Active,,,16,354.0,1,Yes,No,2024-06-07,2026-07-28
UPDATE,2026-07-28T00:00:00,2026-07-28,PT0224894,LST0224894,AG01945,LOC0184,Apartment,4,3.0,857,0,1970,351800.0,2025-03-13,Active,,,101,98.0,1,No,No,2025-03-13,2026-07-28
UPDATE,2026-07-28T00:00:00,2026-07-28,PT0125070,LST0125070,AG00540,LOC0024,Single Family,2,4.5,1908,3441,1974,224900.0,2026-02-15,Pending,,,88,0.0,3,No,No,2026-02-15,2026-07-28
UPDATE,2026-07-28T00:00:00,2026-07-28,PT0490081,LST0490081,AG01855,LOC0144,Single Family,4,1.0,1437,1537,1987,408100.0,2025-08-19,Active,,,81,0.0,1,No,No,2025-08-19,2026-07-28
UPDATE,2026-07-28T00:00:00,2026-07-28,PT0448424,LST0448424,AG02582,LOC0133,Single Family,1,4.0,1356,9548,1999,147800.0,2023-10-04,Pending,,,124,0.0,3,No,Yes,2023-10-04,2026-07-28
UPDATE,2026-07-28T00:00:00,2026-07-28,PT0264023,LST0264023,AG01553,LOC0111,Multi-Family,5,4.5,3475,5377,1970,537700.0,2024-01-08,Pending,,,56,0.0,2,No,Yes,2024-01-08,2026-07-28
UPDATE,2026-07-28T00:00:00,2026-07-28,PT0507635,LST0507635,AG02020,LOC0090,Townhouse,1,3.5,431,6528,1938,275900.0,2026-07-07,Pending,,,0,796.6,1,No,No,2026-07-07,2026-07-28
UPDATE,2026-07-28T00:00:00,2026-07-28,PT0238922,LST0238922,AG02519,LOC0234,Land,0,0.0,5195,3392,1957,1678700.0,2023-10-03,Pending,,,117,0.0,0,No,No,2023-10-03,2026-07-28
UPDATE,2026-07-28T00:00:00,2026-07-28,PT0314329,LST0314329,AG01551,LOC0015,Single Family,3,2.0,1945,1697,1942,297700.0,2024-11-01,Pending,,,45,0.0,1,No,Yes,2024-11-01,2026-07-28
UPDATE,2026-07-28T00:00:00,2026-07-28,PT0225057,LST0225057,AG01963,LOC0090,Apartment,2,1.0,1374,0,1996,323800.0,2023-11-08,Active,,,139,486.0,1,No,No,2023-11-08,2026-07-28
UPDATE,2026-07-28T00:00:00,2026-07-28,PT0330327,LST0330327,AG02036,LOC0036,Condo,2,3.0,1724,2407,2007,589000.0,2025-01-20,Pending,,,17,720.0,3,No,No,2025-01-20,2026-07-28
UPDATE,2026-07-28T00:00:00,2026-07-28,PT0504408,LST0504408,AG00871,LOC0139,Condo,5,4.0,699,3443,1952,198400.0,2026-07-04,Pending,,,0,769.06,0,No,No,2026-07-04,2026-07-28
UPDATE,2026-07-28T00:00:00,2026-07-28,PT0011638,LST0011638,AG01146,LOC0079,Condo,3,2.5,1514,6135,1915,258200.0,2023-09-02,Sold,247529.45,2026-07-28,1060,552.0,1,No,No,2023-09-02,2026-07-28
UPDATE,2026-07-28T00:00:00,2026-07-28,PT0036677,LST0036677,AG02892,LOC0213,Single Family,2,1.0,2440,5641,1981,306800.0,2025-04-24,Sold,320721.09,2026-07-28,460,0.0,3,No,No,2025-04-24,2026-07-28
UPDATE,2026-07-28T00:00:00,2026-07-28,PT0433002,LST0433002,AG02494,LOC0095,Single Family,3,1.0,1973,8899,2012,237300.0,2025-10-30,Active,,,114,0.0,0,Yes,No,2025-10-30,2026-07-28
UPDATE,2026-07-28T00:00:00,2026-07-28,PT0081667,LST0081667,AG00015,LOC0079,Townhouse,2,2.5,1760,2499,1993,189700.0,2026-06-29,Active,,,42,616.0,0,No,No,2026-06-29,2026-07-28
UPDATE,2026-07-28T00:00:00,2026-07-28,PT0152574,LST0152574,AG00524,LOC0079,Multi-Family,6,3.0,5570,1113,1942,1957900.0,2024-03-29,Active,,,156,0.0,3,No,Yes,2024-03-29,2026-07-28
UPDATE,2026-07-28T00:00:00,2026-07-28,PT0522146,LST0522146,AG01655,LOC0001,Condo,1,4.5,801,4134,1939,56600.0,2026-07-19,Active,,,0,210.93,1,No,No,2026-07-19,2026-07-28
UPDATE,2026-07-28T00:00:00,2026-07-28,PT0485641,LST0485641,AG00113,LOC0074,Single Family,2,1.5,1666,7643,2009,729300.0,2025-09-11,Sold,663175.38,2026-07-28,320,0.0,2,No,Yes,2025-09-11,2026-07-28
UPDATE,2026-07-28T00:00:00,2026-07-28,PT0097186,LST0097186,AG00615,LOC0090,Multi-Family,4,1.5,4504,5193,1957,778000.0,2023-03-18,Pending,,,19,0.0,2,No,Yes,2023-03-18,2026-07-28
UPDATE,2026-07-28T00:00:00,2026-07-28,PT0149916,LST0149916,AG01091,LOC0005,Single Family,4,1.0,1738,6308,1932,654300.0,2024-10-24,Active,,,173,0.0,3,No,No,2024-10-24,2026-07-28
UPDATE,2026-07-28T00:00:00,2026-07-28,PT0025712,LST0025712,AG02511,LOC0078,Townhouse,1,3.5,777,3861,1993,430900.0,2023-10-01,Sold,402847.16,2026-07-28,1031,431.0,2,No,No,2023-10-01,2026-07-28
UPDATE,2026-07-28T00:00:00,2026-07-28,PT0319576,LST0319576,AG02950,LOC0080,Condo,5,2.0,1007,2041,1998,278100.0,2023-02-26,Active,,,25,432.0,3,No,No,2023-02-26,2026-07-28
UPDATE,2026-07-28T00:00:00,2026-07-28,PT0182207,LST0182207,AG01320,LOC0044,Condo,6,2.5,924,7814,1980,309900.0,2024-02-10,Sold,297813.09,2026-07-28,899,238.0,0,Yes,No,2024-02-10,2026-07-28
UPDATE,2026-07-28T00:00:00,2026-07-28,PT0529509,LST0529509,AG02004,LOC0167,Condo,1,1.0,2511,11026,1963,1039300.0,2026-07-26,Active,,,0,299.35,0,Yes,No,2026-07-26,2026-07-28
UPDATE,2026-07-28T00:00:00,2026-07-28,PT0231746,LST0231746,AG00330,LOC0143,Condo,2,2.0,2140,7440,1956,262100.0,2023-12-25,Pending,,,140,180.0,0,No,No,2023-12-25,2026-07-28
UPDATE,2026-07-28T00:00:00,2026-07-28,PT0013588,LST0013588,AG01268,LOC0028,Condo,3,4.5,2691,2082,1927,339100.0,2026-04-24,Active,,,85,723.0,1,No,No,2026-04-24,2026-07-28
UPDATE,2026-07-28T00:00:00,2026-07-28,PT0516785,LST0516785,AG01026,LOC0070,Multi-Family,2,2.5,3640,6729,1979,580000.0,2026-07-14,Active,,,0,0.0,2,No,No,2026-07-14,2026-07-28
UPDATE,2026-07-28T00:00:00,2026-07-28,PT0407174,LST0407174,AG02460,LOC0223,Condo,4,2.5,2022,3315,1936,807200.0,2024-09-29,Pending,,,52,318.0,2,No,No,2024-09-29,2026-07-28
UPDATE,2026-07-28T00:00:00,2026-07-28,PT0424809,LST0424809,AG00429,LOC0042,Single Family,5,4.0,1355,1009,1967,497400.0,2024-09-19,Active,,,28,0.0,2,No,No,2024-09-19,2026-07-28
UPDATE,2026-07-28T00:00:00,2026-07-28,PT0500322,LST0500322,AG01622,LOC0169,Single Family,1,2.5,1497,3983,1947,705100.0,2026-07-01,Sold,711224.68,2026-07-28,27,0.0,0,No,No,2026-07-01,2026-07-28
UPDATE,2026-07-28T00:00:00,2026-07-28,PT0091399,LST0091399,AG00849,LOC0204,Single Family,4,4.0,2354,1036,1927,1569900.0,2025-01-27,Active,,,44,0.0,0,Yes,No,2025-01-27,2026-07-28
UPDATE,2026-07-28T00:00:00,2026-07-28,PT0439868,LST0439868,AG00442,LOC0167,Single Family,2,3.0,2437,8695,1959,827000.0,2024-08-21,Active,,,79,0.0,3,No,Yes,2024-08-21,2026-07-28
UPDATE,2026-07-28T00:00:00,2026-07-28,PT0478667,LST0478667,AG01251,LOC0198,Townhouse,5,4.5,1715,12208,1937,139800.0,2023-03-04,Sold,132908.38,2026-07-28,1242,409.0,0,No,No,2023-03-04,2026-07-28
UPDATE,2026-07-28T00:00:00,2026-07-28,PT0485241,LST0485241,AG02303,LOC0047,Condo,4,3.5,2088,6488,1972,892600.0,2024-10-08,Pending,,,49,380.0,1,No,No,2024-10-08,2026-07-28
UPDATE,2026-07-28T00:00:00,2026-07-28,PT0518746,LST0518746,AG02887,LOC0089,Single Family,2,2.0,1901,7572,1912,786000.0,2026-07-16,Active,,,0,0.0,1,No,Yes,2026-07-16,2026-07-28
UPDATE,2026-07-28T00:00:00,2026-07-28,PT0274804,LST0274804,AG00903,LOC0199,Land,0,0.0,4080,1983,2015,1965800.0,2024-12-20,Active,,,53,0.0,0,No,No,2024-12-20,2026-07-28
UPDATE,2026-07-28T00:00:00,2026-07-28,PT0031232,LST0031232,AG00236,LOC0128,Single Family,3,3.0,1212,7032,2012,263200.0,2023-08-03,Sold,274649.15,2026-07-28,1090,0.0,3,No,Yes,2023-08-03,2026-07-28
UPDATE,2026-07-28T00:00:00,2026-07-28,PT0047232,LST0047232,AG01640,LOC0008,Condo,3,4.0,2204,7114,2020,362300.0,2024-04-14,Sold,351262.03,2026-07-28,835,474.0,2,No,No,2024-04-14,2026-07-28
UPDATE,2026-07-28T00:00:00,2026-07-28,PT0329571,LST0329571,AG00637,LOC0247,Single Family,5,4.5,2106,4383,2013,326200.0,2024-01-12,Pending,,,135,0.0,0,No,No,2024-01-12,2026-07-28
UPDATE,2026-07-28T00:00:00,2026-07-28,PT0518470,LST0518470,AG00132,LOC0208,Single Family,4,3.0,1589,14285,1941,489300.0,2026-07-16,Active,,,0,0.0,1,No,No,2026-07-16,2026-07-28
UPDATE,2026-07-28T00:00:00,2026-07-28,PT0388993,LST0388993,AG01020,LOC0182,Single Family,5,4.0,2176,1122,1938,486600.0,2024-06-16,Active,,,6,0.0,0,No,Yes,2024-06-16,2026-07-28
UPDATE,2026-07-28T00:00:00,2026-07-28,PT0304078,LST0304078,AG00664,LOC0153,Single Family,5,3.5,2503,8756,1945,823000.0,2024-03-15,Pending,,,64,0.0,0,No,Yes,2024-03-15,2026-07-28
UPDATE,2026-07-28T00:00:00,2026-07-28,PT0046016,LST0046016,AG00229,LOC0124,Single Family,2,2.0,1031,12495,1910,528800.0,2025-06-25,Pending,,,158,0.0,0,No,Yes,2025-06-25,2026-07-28
UPDATE,2026-07-28T00:00:00,2026-07-28,PT0056706,LST0056706,AG02110,LOC0059,Multi-Family,4,3.0,3618,3725,1939,743200.0,2024-07-19,Pending,,,49,0.0,2,No,No,2024-07-19,2026-07-28
UPDATE,2026-07-28T00:00:00,2026-07-28,PT0457179,LST0457179,AG01921,LOC0092,Townhouse,6,3.5,1016,7820,1910,149100.0,2023-06-24,Sold,149852.05,2026-07-28,1130,523.0,3,No,No,2023-06-24,2026-07-28
UPDATE,2026-07-28T00:00:00,2026-07-28,PT0137280,LST0137280,AG02387,LOC0093,Condo,3,2.5,1035,4404,2005,289400.0,2025-11-10,Sold,297927.26,2026-07-28,260,693.0,3,Yes,No,2025-11-10,2026-07-28
UPDATE,2026-07-28T00:00:00,2026-07-28,PT0098117,LST0098117,AG00931,LOC0088,Multi-Family,1,4.0,3572,4410,1959,724100.0,2025-01-26,Pending,,,111,0.0,1,No,No,2025-01-26,2026-07-28
UPDATE,2026-07-28T00:00:00,2026-07-28,PT0402798,LST0402798,AG02680,LOC0036,Single Family,2,2.0,1714,9860,1902,531400.0,2024-06-23,Active,,,76,0.0,3,No,Yes,2024-06-23,2026-07-28
UPDATE,2026-07-28T00:00:00,2026-07-28,PT0196592,LST0196592,AG01636,LOC0170,Condo,6,2.0,2015,2319,1981,1375700.0,2024-01-02,Pending,,,65,220.0,1,No,No,2024-01-02,2026-07-28
UPDATE,2026-07-28T00:00:00,2026-07-28,PT0271338,LST0271338,AG01006,LOC0024,Condo,3,1.5,1164,6540,1967,637600.0,2024-01-20,Sold,605707.9,2026-07-28,920,744.0,0,No,No,2024-01-20,2026-07-28
UPDATE,2026-07-28T00:00:00,2026-07-28,PT0114138,LST0114138,AG00790,LOC0081,Townhouse,5,3.5,2349,1153,1977,1017500.0,2023-01-20,Active,,,168,538.0,3,No,No,2023-01-20,2026-07-28
UPDATE,2026-07-28T00:00:00,2026-07-28,PT0182303,LST0182303,AG01263,LOC0155,Townhouse,6,1.5,1374,2095,1998,289300.0,2024-07-11,Sold,267855.37,2026-07-28,747,335.0,0,No,No,2024-07-11,2026-07-28
UPDATE,2026-07-28T00:00:00,2026-07-28,PT0237237,LST0237237,AG02685,LOC0035,Apartment,3,3.0,935,0,2005,305000.0,2023-03-05,Active,,,129,193.0,0,No,No,2023-03-05,2026-07-28
UPDATE,2026-07-28T00:00:00,2026-07-28,PT0466345,LST0466345,AG02616,LOC0161,Multi-Family,4,2.0,813,7038,1968,325100.0,2025-06-02,Sold,333876.5,2026-07-28,421,0.0,1,Yes,No,2025-06-02,2026-07-28
UPDATE,2026-07-28T00:00:00,2026-07-28,PT0395772,LST0395772,AG02380,LOC0096,Multi-Family,2,4.5,3363,4169,1941,873500.0,2026-01-26,Sold,870413.58,2026-07-28,183,0.0,3,Yes,No,2026-01-26,2026-07-28
UPDATE,2026-07-28T00:00:00,2026-07-28,PT0273262,LST0273262,AG01676,LOC0230,Single Family,5,4.0,562,7599,1907,172000.0,2023-02-24,Pending,,,23,0.0,1,No,Yes,2023-02-24,2026-07-28
UPDATE,2026-07-28T00:00:00,2026-07-28,PT0530421,LST0530421,AG01710,LOC0134,Multi-Family,6,1.5,1791,4472,1924,569200.0,2026-07-27,Sold,559207.14,2026-07-28,1,0.0,1,No,No,2026-07-27,2026-07-28
UPDATE,2026-07-28T00:00:00,2026-07-28,PT0458455,LST0458455,AG01795,LOC0088,Single Family,5,3.0,876,4198,1949,104900.0,2024-06-01,Active,,,33,0.0,1,No,No,2024-06-01,2026-07-28
UPDATE,2026-07-28T00:00:00,2026-07-28,PT0250873,LST0250873,AG01639,LOC0144,Single Family,5,2.0,1969,10845,1956,690300.0,2023-06-06,Active,,,41,0.0,2,No,Yes,2023-06-06,2026-07-28
UPDATE,2026-07-28T00:00:00,2026-07-28,PT0199728,LST0199728,AG01413,LOC0247,Single Family,1,3.5,2486,1244,1973,742800.0,2026-04-26,Pending,,,125,0.0,1,Yes,No,2026-04-26,2026-07-28
UPDATE,2026-07-28T00:00:00,2026-07-28,PT0300223,LST0300223,AG02810,LOC0008,Single Family,5,3.0,300,2244,2005,23300.0,2024-02-17,Active,,,176,0.0,0,No,Yes,2024-02-17,2026-07-28
UPDATE,2026-07-28T00:00:00,2026-07-28,PT0351438,LST0351438,AG02114,LOC0053,Single Family,5,1.5,1881,2172,1909,765700.0,2025-11-30,Active,,,20,0.0,1,No,Yes,2025-11-30,2026-07-28
UPDATE,2026-07-28T00:00:00,2026-07-28,PT0482089,LST0482089,AG01958,LOC0004,Apartment,1,3.5,1323,0,1954,219200.0,2024-03-06,Active,,,109,467.0,0,Yes,No,2024-03-06,2026-07-28
UPDATE,2026-07-28T00:00:00,2026-07-28,PT0123600,LST0123600,AG01759,LOC0015,Townhouse,2,4.5,1128,17691,1928,176700.0,2023-03-01,Active,,,14,599.0,0,No,No,2023-03-01,2026-07-28
UPDATE,2026-07-28T00:00:00,2026-07-28,PT0329681,LST0329681,AG01041,LOC0022,Townhouse,1,1.0,2454,2186,2007,922200.0,2024-06-30,Sold,868212.93,2026-07-28,758,645.0,2,Yes,No,2024-06-30,2026-07-28
UPDATE,2026-07-28T00:00:00,2026-07-28,PT0010087,LST0010087,AG00368,LOC0027,Condo,3,3.0,2187,2516,1900,607200.0,2023-11-22,Pending,,,19,185.0,3,No,No,2023-11-22,2026-07-28
UPDATE,2026-07-28T00:00:00,2026-07-28,PT0512264,LST0512264,AG01526,LOC0065,Townhouse,1,3.5,2680,6945,1992,375400.0,2026-07-11,Active,,,0,51.88,3,No,No,2026-07-11,2026-07-28
UPDATE,2026-07-28T00:00:00,2026-07-28,PT0521253,LST0521253,AG00979,LOC0183,Condo,5,4.0,1775,2161,2011,302800.0,2026-07-19,Pending,,,0,557.47,1,No,No,2026-07-19,2026-07-28
UPDATE,2026-07-28T00:00:00,2026-07-28,PT0430093,LST0430093,AG00947,LOC0070,Single Family,3,3.0,2327,1989,1902,263600.0,2025-09-21,Active,,,69,0.0,0,No,No,2025-09-21,2026-07-28
UPDATE,2026-07-28T00:00:00,2026-07-28,PT0311097,LST0311097,AG00066,LOC0105,Single Family,2,3.0,2098,1716,1905,263200.0,2025-04-16,Pending,,,48,0.0,1,No,No,2025-04-16,2026-07-28
UPDATE,2026-07-28T00:00:00,2026-07-28,PT0476862,LST0476862,AG00404,LOC0244,Apartment,3,3.5,1020,0,1916,143100.0,2025-07-14,Active,,,179,234.0,1,No,No,2025-07-14,2026-07-28
UPDATE,2026-07-28T00:00:00,2026-07-28,PT0118903,LST0118903,AG02333,LOC0215,Single Family,5,4.0,729,11180,1991,210300.0,2024-11-19,Active,,,166,0.0,2,No,Yes,2024-11-19,2026-07-28
UPDATE,2026-07-28T00:00:00,2026-07-28,PT0161945,LST0161945,AG00285,LOC0223,Multi-Family,6,1.0,3774,1937,2009,1205300.0,2024-05-29,Sold,1232503.42,2026-07-28,790,0.0,2,Yes,Yes,2024-05-29,2026-07-28
UPDATE,2026-07-28T00:00:00,2026-07-28,PT0079841,LST0079841,AG02758,LOC0172,Single Family,1,1.5,2916,2058,1981,629000.0,2025-12-14,Pending,,,153,0.0,1,No,Yes,2025-12-14,2026-07-28
UPDATE,2026-07-28T00:00:00,2026-07-28,PT0419914,LST0419914,AG01794,LOC0042,Single Family,1,1.0,2978,6529,1934,1163800.0,2023-09-19,Pending,,,30,0.0,0,No,Yes,2023-09-19,2026-07-28
UPDATE,2026-07-28T00:00:00,2026-07-28,PT0229187,LST0229187,AG01316,LOC0127,Condo,5,1.0,1553,2058,2020,598200.0,2026-03-27,Active,,,168,176.0,0,No,No,2026-03-27,2026-07-28
UPDATE,2026-07-28T00:00:00,2026-07-28,PT0161647,LST0161647,AG02788,LOC0133,Multi-Family,6,1.0,2770,2587,1969,363100.0,2024-01-01,Pending,,,34,0.0,0,No,Yes,2024-01-01,2026-07-28
UPDATE,2026-07-28T00:00:00,2026-07-28,PT0415860,LST0415860,AG01056,LOC0003,Land,0,0.0,5761,3243,1988,807400.0,2023-12-25,Active,,,84,0.0,0,No,No,2023-12-25,2026-07-28
UPDATE,2026-07-28T00:00:00,2026-07-28,PT0244296,LST0244296,AG01326,LOC0024,Townhouse,4,1.0,1386,1916,2020,497200.0,2026-03-21,Sold,475452.42,2026-07-28,129,180.0,2,No,No,2026-03-21,2026-07-28
UPDATE,2026-07-28T00:00:00,2026-07-28,PT0219143,LST0219143,AG02784,LOC0234,Single Family,2,4.5,2474,1517,1978,947000.0,2023-09-17,Pending,,,147,0.0,2,No,No,2023-09-17,2026-07-28
UPDATE,2026-07-28T00:00:00,2026-07-28,PT0405340,LST0405340,AG01919,LOC0010,Townhouse,1,2.0,1811,16204,1992,794100.0,2024-05-08,Pending,,,107,317.0,2,No,No,2024-05-08,2026-07-28
UPDATE,2026-07-28T00:00:00,2026-07-28,PT0074803,LST0074803,AG01414,LOC0152,Single Family,3,2.5,2598,1424,1930,761700.0,2025-12-06,Pending,,,158,0.0,3,No,No,2025-12-06,2026-07-28
UPDATE,2026-07-28T00:00:00,2026-07-28,PT0380818,LST0380818,AG01108,LOC0248,Single Family,1,3.5,2273,19694,1968,884700.0,2025-04-07,Pending,,,93,0.0,2,No,Yes,2025-04-07,2026-07-28
UPDATE,2026-07-28T00:00:00,2026-07-28,PT0368795,LST0368795,AG02727,LOC0181,Multi-Family,3,2.5,5145,5158,1935,1245500.0,2025-04-21,Active,,,10,0.0,0,No,No,2025-04-21,2026-07-28
UPDATE,2026-07-28T00:00:00,2026-07-28,PT0458922,LST0458922,AG01637,LOC0007,Single Family,1,1.5,300,2786,1920,108200.0,2025-06-16,Pending,,,59,0.0,0,No,Yes,2025-06-16,2026-07-28
UPDATE,2026-07-28T00:00:00,2026-07-28,PT0343847,LST0343847,AG01099,LOC0247,Single Family,1,1.0,3640,5991,1960,1207700.0,2025-12-12,Active,,,101,0.0,3,No,No,2025-12-12,2026-07-28
UPDATE,2026-07-28T00:00:00,2026-07-28,PT0526287,LST0526287,AG02295,LOC0057,Townhouse,1,3.0,1130,4794,2009,537400.0,2026-07-23,Sold,565099.77,2026-07-28,5,686.16,0,Yes,No,2026-07-23,2026-07-28
UPDATE,2026-07-28T00:00:00,2026-07-28,PT0486757,LST0486757,AG00619,LOC0232,Single Family,3,2.0,621,2167,2004,155700.0,2025-05-24,Pending,,,136,0.0,3,No,Yes,2025-05-24,2026-07-28
UPDATE,2026-07-28T00:00:00,2026-07-28,PT0215593,LST0215593,AG00299,LOC0096,Single Family,4,2.5,1425,5567,1928,461300.0,2023-10-06,Active,,,14,0.0,2,Yes,Yes,2023-10-06,2026-07-28
UPDATE,2026-07-28T00:00:00,2026-07-28,PT0528014,LST0528014,AG01279,LOC0142,Condo,6,3.5,1332,1759,2004,677300.0,2026-07-25,Active,,,0,72.44,2,No,No,2026-07-25,2026-07-28
UPDATE,2026-07-28T00:00:00,2026-07-28,PT0063498,LST0063498,AG00376,LOC0091,Single Family,6,1.5,1369,3491,1939,401500.0,2025-04-30,Sold,391243.69,2026-07-28,454,0.0,1,No,No,2025-04-30,2026-07-28
UPDATE,2026-07-28T00:00:00,2026-07-28,PT0226695,LST0226695,AG02547,LOC0017,Single Family,3,3.5,2083,6530,2018,577400.0,2025-02-09,Pending,,,26,0.0,0,No,No,2025-02-09,2026-07-28
UPDATE,2026-07-28T00:00:00,2026-07-28,PT0260509,LST0260509,AG00954,LOC0155,Single Family,6,3.5,2816,4499,1907,748000.0,2024-07-16,Active,,,134,0.0,0,No,No,2024-07-16,2026-07-28
UPDATE,2026-07-28T00:00:00,2026-07-28,PT0227699,LST0227699,AG01902,LOC0215,Apartment,5,3.0,180,0,1906,66700.0,2025-10-26,Sold,61993.84,2026-07-28,275,690.0,1,No,No,2025-10-26,2026-07-28
UPDATE,2026-07-28T00:00:00,2026-07-28,PT0467443,LST0467443,AG00438,LOC0175,Apartment,5,1.0,1271,0,1909,530900.0,2025-12-13,Pending,,,21,677.0,1,No,No,2025-12-13,2026-07-28
UPDATE,2026-07-28T00:00:00,2026-07-28,PT0308393,LST0308393,AG00598,LOC0178,Condo,1,2.5,1285,3176,1959,167100.0,2025-04-15,Sold,158674.4,2026-07-28,469,213.0,1,No,No,2025-04-15,2026-07-28
UPDATE,2026-07-28T00:00:00,2026-07-28,PT0463884,LST0463884,AG00023,LOC0134,Multi-Family,2,1.0,2724,2336,1966,1314400.0,2024-07-15,Active,,,155,0.0,1,No,Yes,2024-07-15,2026-07-28
UPDATE,2026-07-28T00:00:00,2026-07-28,PT0364902,LST0364902,AG00696,LOC0011,Townhouse,3,4.5,1129,3886,1937,412600.0,2025-07-02,Pending,,,158,383.0,1,No,No,2025-07-02,2026-07-28
UPDATE,2026-07-28T00:00:00,2026-07-28,PT0028449,LST0028449,AG01688,LOC0019,Apartment,5,1.5,719,0,2013,135500.0,2025-07-10,Pending,,,19,388.0,3,No,No,2025-07-10,2026-07-28
UPDATE,2026-07-28T00:00:00,2026-07-28,PT0040371,LST0040371,AG01268,LOC0244,Single Family,2,3.5,1487,3597,1994,188800.0,2024-03-01,Pending,,,46,0.0,2,No,No,2024-03-01,2026-07-28
UPDATE,2026-07-28T00:00:00,2026-07-28,PT0232864,LST0232864,AG00288,LOC0164,Single Family,6,1.5,2891,1841,1942,965000.0,2026-06-11,Sold,922568.84,2026-07-28,47,0.0,3,No,No,2026-06-11,2026-07-28
UPDATE,2026-07-28T00:00:00,2026-07-28,PT0115533,LST0115533,AG01443,LOC0020,Condo,3,2.5,1839,3251,1954,463100.0,2025-11-22,Pending,,,101,99.0,0,No,No,2025-11-22,2026-07-28
UPDATE,2026-07-28T00:00:00,2026-07-28,PT0159493,LST0159493,AG02461,LOC0055,Townhouse,6,3.0,1292,2311,1998,130000.0,2024-02-01,Sold,128248.25,2026-07-28,908,670.0,1,No,No,2024-02-01,2026-07-28
UPDATE,2026-07-28T00:00:00,2026-07-28,PT0161734,LST0161734,AG00560,LOC0249,Apartment,5,1.0,1432,0,1901,571600.0,2025-03-27,Pending,,,26,684.0,3,No,No,2025-03-27,2026-07-28
UPDATE,2026-07-28T00:00:00,2026-07-28,PT0242700,LST0242700,AG00109,LOC0080,Single Family,3,1.5,3120,1991,1984,1074900.0,2023-04-29,Active,,,102,0.0,3,No,Yes,2023-04-29,2026-07-28
UPDATE,2026-07-28T00:00:00,2026-07-28,PT0402629,LST0402629,AG00785,LOC0032,Condo,3,3.5,2534,15678,2004,447000.0,2025-06-08,Pending,,,94,430.0,0,No,No,2025-06-08,2026-07-28
UPDATE,2026-07-28T00:00:00,2026-07-28,PT0172861,LST0172861,AG01288,LOC0227,Condo,5,1.5,1919,9309,1982,383700.0,2023-04-05,Pending,,,158,567.0,3,No,No,2023-04-05,2026-07-28
UPDATE,2026-07-28T00:00:00,2026-07-28,PT0280634,LST0280634,AG02915,LOC0095,Condo,2,2.0,1875,7143,1927,702400.0,2025-03-12,Pending,,,20,505.0,0,No,No,2025-03-12,2026-07-28
UPDATE,2026-07-28T00:00:00,2026-07-28,PT0084988,LST0084988,AG00870,LOC0015,Townhouse,4,4.0,1297,10375,1912,220900.0,2023-11-14,Sold,210416.96,2026-07-28,987,671.0,0,No,No,2023-11-14,2026-07-28
UPDATE,2026-07-28T00:00:00,2026-07-28,PT0081382,LST0081382,AG02263,LOC0166,Single Family,5,1.0,2304,1887,1969,949300.0,2026-01-16,Active,,,117,0.0,3,No,No,2026-01-16,2026-07-28
UPDATE,2026-07-28T00:00:00,2026-07-28,PT0249943,LST0249943,AG00878,LOC0161,Apartment,5,2.0,939,0,1917,305000.0,2025-03-18,Active,,,129,153.0,2,No,No,2025-03-18,2026-07-28
UPDATE,2026-07-28T00:00:00,2026-07-28,PT0373347,LST0373347,AG02008,LOC0102,Townhouse,1,3.0,1426,4645,1969,347800.0,2024-07-15,Pending,,,81,687.0,1,Yes,No,2024-07-15,2026-07-28
UPDATE,2026-07-28T00:00:00,2026-07-28,PT0288103,LST0288103,AG02687,LOC0189,Single Family,3,3.5,1455,14611,2016,467400.0,2024-12-17,Sold,469547.24,2026-07-28,588,0.0,0,No,No,2024-12-17,2026-07-28
UPDATE,2026-07-28T00:00:00,2026-07-28,PT0480689,LST0480689,AG00715,LOC0222,Apartment,1,1.0,667,0,2018,160500.0,2026-05-26,Pending,,,19,424.0,1,No,No,2026-05-26,2026-07-28
UPDATE,2026-07-28T00:00:00,2026-07-28,PT0310607,LST0310607,AG02177,LOC0209,Single Family,5,4.5,1224,13720,2020,465000.0,2024-09-12,Sold,486339.1,2026-07-28,684,0.0,0,No,Yes,2024-09-12,2026-07-28
UPDATE,2026-07-28T00:00:00,2026-07-28,PT0171359,LST0171359,AG00571,LOC0249,Condo,1,4.0,1015,2170,1993,113700.0,2024-03-21,Sold,104150.71,2026-07-28,859,442.0,3,No,No,2024-03-21,2026-07-28
UPDATE,2026-07-28T00:00:00,2026-07-28,PT0336352,LST0336352,AG01531,LOC0168,Condo,5,2.0,1384,1708,1959,633300.0,2025-01-30,Pending,,,78,178.0,2,No,No,2025-01-30,2026-07-28
UPDATE,2026-07-28T00:00:00,2026-07-28,PT0492555,LST0492555,AG02664,LOC0099,Townhouse,3,2.0,2237,4540,2009,524100.0,2023-04-17,Pending,,,120,235.0,0,No,No,2023-04-17,2026-07-28
UPDATE,2026-07-28T00:00:00,2026-07-28,PT0531059,LST0531059,AG00863,LOC0136,Single Family,6,2.0,2223,5434,1977,534000.0,2026-07-27,Pending,,,0,0.0,2,No,Yes,2026-07-27,2026-07-28
UPDATE,2026-07-28T00:00:00,2026-07-28,PT0305057,LST0305057,AG01283,LOC0048,Multi-Family,4,1.0,3209,2098,1975,1585700.0,2025-02-21,Pending,,,14,0.0,0,No,Yes,2025-02-21,2026-07-28
UPDATE,2026-07-28T00:00:00,2026-07-28,PT0098732,LST0098732,AG02551,LOC0034,Single Family,5,1.0,2258,1189,1999,875600.0,2024-11-27,Pending,,,175,0.0,1,No,Yes,2024-11-27,2026-07-28
UPDATE,2026-07-28T00:00:00,2026-07-28,PT0317228,LST0317228,AG00912,LOC0025,Condo,1,4.5,1233,1709,1932,337500.0,2023-05-07,Pending,,,59,123.0,0,No,No,2023-05-07,2026-07-28
UPDATE,2026-07-28T00:00:00,2026-07-28,PT0175582,LST0175582,AG00726,LOC0234,Single Family,6,2.0,1378,6360,1927,341200.0,2023-05-19,Active,,,178,0.0,3,No,No,2023-05-19,2026-07-28
UPDATE,2026-07-28T00:00:00,2026-07-28,PT0008228,LST0008228,AG00776,LOC0142,Single Family,3,1.0,2301,13592,1991,640200.0,2025-11-13,Active,,,2,0.0,3,No,Yes,2025-11-13,2026-07-28
UPDATE,2026-07-28T00:00:00,2026-07-28,PT0364718,LST0364718,AG02348,LOC0106,Single Family,6,2.5,1461,1973,1914,301600.0,2023-07-18,Sold,299236.17,2026-07-28,1106,0.0,1,No,Yes,2023-07-18,2026-07-28
UPDATE,2026-07-28T00:00:00,2026-07-28,PT0365529,LST0365529,AG00122,LOC0216,Single Family,4,3.0,2994,5859,1975,457200.0,2024-11-21,Pending,,,169,0.0,2,No,Yes,2024-11-21,2026-07-28
UPDATE,2026-07-28T00:00:00,2026-07-28,PT0187821,LST0187821,AG01160,LOC0155,Single Family,5,2.0,300,9545,1918,36400.0,2024-08-25,Sold,37136.43,2026-07-28,702,0.0,0,No,Yes,2024-08-25,2026-07-28
UPDATE,2026-07-28T00:00:00,2026-07-28,PT0482165,LST0482165,AG02308,LOC0106,Single Family,5,4.5,2783,3719,2019,1152800.0,2026-03-23,Pending,,,73,0.0,1,Yes,Yes,2026-03-23,2026-07-28
UPDATE,2026-07-28T00:00:00,2026-07-28,PT0223077,LST0223077,AG01004,LOC0216,Single Family,3,1.5,1867,1118,1909,392300.0,2026-04-21,Sold,358521.4,2026-07-28,98,0.0,1,No,No,2026-04-21,2026-07-28
UPDATE,2026-07-28T00:00:00,2026-07-28,PT0360245,LST0360245,AG00785,LOC0227,Apartment,2,2.0,692,0,1973,91100.0,2025-11-30,Sold,92188.12,2026-07-28,240,208.0,3,Yes,No,2025-11-30,2026-07-28
UPDATE,2026-07-28T00:00:00,2026-07-28,PT0156098,LST0156098,AG02713,LOC0049,Single Family,1,4.5,1731,4220,1987,452300.0,2025-07-22,Pending,,,137,0.0,0,No,No,2025-07-22,2026-07-28
UPDATE,2026-07-28T00:00:00,2026-07-28,PT0496789,LST0496789,AG02407,LOC0199,Single Family,4,3.5,1912,1846,1963,650300.0,2024-01-16,Pending,,,143,0.0,1,No,Yes,2024-01-16,2026-07-28
UPDATE,2026-07-28T00:00:00,2026-07-28,PT0216447,LST0216447,AG01313,LOC0113,Apartment,2,4.5,1129,0,1911,252900.0,2023-05-05,Sold,257507.96,2026-07-28,1180,72.0,3,No,No,2023-05-05,2026-07-28
UPDATE,2026-07-28T00:00:00,2026-07-28,PT0004834,LST0004834,AG00307,LOC0201,Single Family,4,3.5,677,1755,1943,113400.0,2025-02-05,Active,,,30,0.0,2,No,No,2025-02-05,2026-07-28
UPDATE,2026-07-28T00:00:00,2026-07-28,PT0075959,LST0075959,AG01957,LOC0080,Townhouse,1,3.5,978,7582,1982,165700.0,2025-02-11,Sold,154468.97,2026-07-28,532,503.0,0,No,No,2025-02-11,2026-07-28
UPDATE,2026-07-28T00:00:00,2026-07-28,PT0251565,LST0251565,AG00245,LOC0041,Single Family,2,1.5,2084,1546,2001,503900.0,2025-10-01,Active,,,172,0.0,2,No,No,2025-10-01,2026-07-28
UPDATE,2026-07-28T00:00:00,2026-07-28,PT0327115,LST0327115,AG01353,LOC0183,Condo,3,1.5,1605,4099,1996,300200.0,2025-05-22,Active,,,136,456.0,0,No,No,2025-05-22,2026-07-28
UPDATE,2026-07-28T00:00:00,2026-07-28,PT0396837,LST0396837,AG00449,LOC0076,Single Family,1,3.5,1674,4737,1998,303200.0,2026-01-04,Pending,,,25,0.0,1,No,Yes,2026-01-04,2026-07-28
UPDATE,2026-07-28T00:00:00,2026-07-28,PT0112773,LST0112773,AG01194,LOC0136,Single Family,6,2.0,2483,2669,1917,237500.0,2026-03-09,Pending,,,33,0.0,1,Yes,No,2026-03-09,2026-07-28
UPDATE,2026-07-28T00:00:00,2026-07-28,PT0526578,LST0526578,AG01998,LOC0126,Condo,1,2.0,2588,1494,2024,707500.0,2026-07-24,Active,,,0,711.62,3,No,No,2026-07-24,2026-07-28
UPDATE,2026-07-28T00:00:00,2026-07-28,PT0499288,LST0499288,AG02478,LOC0096,Single Family,3,2.0,2545,7189,1916,843700.0,2024-01-15,Active,,,165,0.0,2,Yes,No,2024-01-15,2026-07-28
UPDATE,2026-07-28T00:00:00,2026-07-28,PT0477529,LST0477529,AG00931,LOC0237,Single Family,3,4.0,1134,4373,1900,306400.0,2025-02-12,Active,,,133,0.0,0,Yes,No,2025-02-12,2026-07-28
UPDATE,2026-07-28T00:00:00,2026-07-28,PT0111911,LST0111911,AG02105,LOC0044,Single Family,5,2.5,1820,9317,1988,919500.0,2025-03-17,Pending,,,24,0.0,3,No,Yes,2025-03-17,2026-07-28
UPDATE,2026-07-28T00:00:00,2026-07-28,PT0353420,LST0353420,AG00041,LOC0068,Condo,6,3.5,2497,6885,1912,1092900.0,2024-11-03,Active,,,47,640.0,1,No,No,2024-11-03,2026-07-28
UPDATE,2026-07-28T00:00:00,2026-07-28,PT0360616,LST0360616,AG00886,LOC0134,Single Family,1,1.5,3067,1889,1946,938100.0,2025-11-13,Active,,,155,0.0,1,No,Yes,2025-11-13,2026-07-28
UPDATE,2026-07-28T00:00:00,2026-07-28,PT0349410,LST0349410,AG00476,LOC0179,Apartment,1,1.0,1490,0,2013,327600.0,2025-04-18,Pending,,,10,412.0,0,No,No,2025-04-18,2026-07-28
UPDATE,2026-07-28T00:00:00,2026-07-28,PT0046713,LST0046713,AG01398,LOC0014,Apartment,1,2.0,1458,0,1953,274100.0,2025-10-29,Sold,251017.18,2026-07-28,272,641.0,3,No,No,2025-10-29,2026-07-28
UPDATE,2026-07-28T00:00:00,2026-07-28,PT0069816,LST0069816,AG02886,LOC0120,Single Family,5,2.0,2588,3065,1981,1613900.0,2025-12-16,Pending,,,24,0.0,1,No,Yes,2025-12-16,2026-07-28
UPDATE,2026-07-28T00:00:00,2026-07-28,PT0323042,LST0323042,AG00692,LOC0077,Single Family,2,3.0,2022,4744,1961,333500.0,2023-11-08,Sold,314875.99,2026-07-28,993,0.0,2,No,No,2023-11-08,2026-07-28
UPDATE,2026-07-28T00:00:00,2026-07-28,PT0057878,LST0057878,AG00807,LOC0040,Townhouse,1,1.0,1523,7895,1904,618700.0,2026-02-06,Sold,559530.9,2026-07-28,172,96.0,3,No,No,2026-02-06,2026-07-28
UPDATE,2026-07-28T00:00:00,2026-07-28,PT0339867,LST0339867,AG02398,LOC0213,Townhouse,5,3.0,936,3773,1983,222800.0,2023-09-20,Sold,204519.73,2026-07-28,1042,236.0,3,No,No,2023-09-20,2026-07-28
UPDATE,2026-07-28T00:00:00,2026-07-28,PT0140687,LST0140687,AG00745,LOC0250,Condo,6,4.0,1602,10116,2012,676100.0,2024-03-08,Pending,,,76,375.0,0,No,No,2024-03-08,2026-07-28
UPDATE,2026-07-28T00:00:00,2026-07-28,PT0402881,LST0402881,AG00476,LOC0219,Townhouse,4,4.0,2234,2062,1973,1094600.0,2024-10-27,Active,,,115,676.0,2,Yes,No,2024-10-27,2026-07-28
UPDATE,2026-07-28T00:00:00,2026-07-28,PT0406259,LST0406259,AG00284,LOC0019,Condo,3,2.5,2076,3213,1973,302800.0,2026-06-26,Active,,,95,700.0,0,No,No,2026-06-26,2026-07-28
UPDATE,2026-07-28T00:00:00,2026-07-28,PT0341185,LST0341185,AG02852,LOC0105,Multi-Family,2,2.0,2546,6269,2020,409600.0,2026-05-01,Active,,,157,0.0,2,No,No,2026-05-01,2026-07-28
UPDATE,2026-07-28T00:00:00,2026-07-28,PT0448068,LST0448068,AG01534,LOC0240,Single Family,4,2.0,2367,2269,1926,579000.0,2024-07-14,Pending,,,41,0.0,1,No,Yes,2024-07-14,2026-07-28
UPDATE,2026-07-28T00:00:00,2026-07-28,PT0315187,LST0315187,AG01048,LOC0177,Single Family,4,2.0,2856,11125,1911,1268700.0,2026-05-21,Pending,,,121,0.0,2,No,Yes,2026-05-21,2026-07-28
UPDATE,2026-07-28T00:00:00,2026-07-28,PT0133041,LST0133041,AG02674,LOC0106,Single Family,6,3.0,2602,4479,1997,673400.0,2026-04-16,Sold,665689.34,2026-07-28,103,0.0,2,Yes,Yes,2026-04-16,2026-07-28
UPDATE,2026-07-28T00:00:00,2026-07-28,PT0148938,LST0148938,AG01271,LOC0158,Single Family,1,1.5,2714,2487,2022,687000.0,2025-12-21,Active,,,55,0.0,1,No,Yes,2025-12-21,2026-07-28
UPDATE,2026-07-28T00:00:00,2026-07-28,PT0529649,LST0529649,AG01610,LOC0112,Single Family,5,3.5,460,3953,1940,46600.0,2026-07-26,Active,,,0,0.0,0,No,Yes,2026-07-26,2026-07-28
UPDATE,2026-07-28T00:00:00,2026-07-28,PT0321458,LST0321458,AG02528,LOC0159,Townhouse,5,3.5,2363,5176,2008,373300.0,2025-01-01,Active,,,0,145.0,1,No,No,2025-01-01,2026-07-28
UPDATE,2026-07-28T00:00:00,2026-07-28,PT0274630,LST0274630,AG00613,LOC0184,Multi-Family,3,2.0,2648,4532,2023,1470700.0,2025-04-03,Sold,1396995.94,2026-07-28,481,0.0,0,No,Yes,2025-04-03,2026-07-28
UPDATE,2026-07-28T00:00:00,2026-07-28,PT0383870,LST0383870,AG01280,LOC0055,Single Family,6,3.0,695,3234,1941,116500.0,2026-03-26,Active,,,74,0.0,0,No,Yes,2026-03-26,2026-07-28
UPDATE,2026-07-28T00:00:00,2026-07-28,PT0251833,LST0251833,AG01550,LOC0174,Townhouse,6,3.5,793,10646,1952,153100.0,2024-11-17,Sold,157086.51,2026-07-28,618,370.0,1,No,No,2024-11-17,2026-07-28
UPDATE,2026-07-28T00:00:00,2026-07-28,PT0494864,LST0494864,AG02287,LOC0152,Condo,3,4.5,1563,8343,1929,762200.0,2023-08-09,Pending,,,156,57.0,0,Yes,No,2023-08-09,2026-07-28
UPDATE,2026-07-28T00:00:00,2026-07-28,PT0200199,LST0200199,AG02772,LOC0007,Single Family,1,2.5,516,3596,1914,189100.0,2026-02-25,Pending,,,110,0.0,3,No,No,2026-02-25,2026-07-28
UPDATE,2026-07-28T00:00:00,2026-07-28,PT0425474,LST0425474,AG00357,LOC0244,Apartment,3,4.5,1583,0,1982,411400.0,2024-06-08,Sold,403597.24,2026-07-28,780,158.0,0,No,No,2024-06-08,2026-07-28
UPDATE,2026-07-28T00:00:00,2026-07-28,PT0015833,LST0015833,AG01293,LOC0219,Single Family,3,1.0,1418,3199,2020,881400.0,2023-05-01,Pending,,,34,0.0,3,No,Yes,2023-05-01,2026-07-28
UPDATE,2026-07-28T00:00:00,2026-07-28,PT0482269,LST0482269,AG01335,LOC0075,Condo,2,4.5,508,1608,1983,108800.0,2023-09-10,Pending,,,72,108.0,1,No,No,2023-09-10,2026-07-28
UPDATE,2026-07-28T00:00:00,2026-07-28,PT0503299,LST0503299,AG00788,LOC0013,Condo,6,3.0,1513,6380,1937,506600.0,2026-07-03,Active,,,0,297.81,0,No,No,2026-07-03,2026-07-28
UPDATE,2026-07-28T00:00:00,2026-07-28,PT0502071,LST0502071,AG00710,LOC0212,Apartment,5,3.5,1472,0,1965,740300.0,2026-07-02,Pending,,,0,683.54,0,No,No,2026-07-02,2026-07-28
UPDATE,2026-07-28T00:00:00,2026-07-28,PT0531060,LST0531060,AG02417,LOC0138,Townhouse,1,1.5,1825,4219,2003,403300.0,2026-07-27,Sold,373967.32,2026-07-28,1,410.26,1,No,No,2026-07-27,2026-07-28
UPDATE,2026-07-28T00:00:00,2026-07-28,PT0490837,LST0490837,AG00600,LOC0229,Apartment,4,2.5,838,0,2003,62000.0,2025-07-15,Pending,,,171,555.0,0,No,No,2025-07-15,2026-07-28
UPDATE,2026-07-28T00:00:00,2026-07-28,PT0477950,LST0477950,AG01592,LOC0188,Land,0,0.0,6335,3478,1900,375200.0,2023-08-01,Active,,,168,0.0,0,No,No,2023-08-01,2026-07-28
UPDATE,2026-07-28T00:00:00,2026-07-28,PT0418959,LST0418959,AG02726,LOC0063,Single Family,3,4.5,3115,6209,1904,1713900.0,2025-01-25,Active,,,149,0.0,2,No,Yes,2025-01-25,2026-07-28
UPDATE,2026-07-28T00:00:00,2026-07-28,PT0257510,LST0257510,AG00974,LOC0117,Single Family,3,1.0,1436,6057,1969,666100.0,2024-05-22,Active,,,88,0.0,2,No,No,2024-05-22,2026-07-28
UPDATE,2026-07-28T00:00:00,2026-07-28,PT0204619,LST0204619,AG02942,LOC0054,Townhouse,3,1.5,2155,4975,1985,257500.0,2024-03-13,Active,,,78,762.0,1,No,No,2024-03-13,2026-07-28
UPDATE,2026-07-28T00:00:00,2026-07-28,PT0314192,LST0314192,AG01450,LOC0013,Multi-Family,6,2.0,3409,1661,1932,1052600.0,2023-09-03,Pending,,,50,0.0,1,No,No,2023-09-03,2026-07-28
UPDATE,2026-07-28T00:00:00,2026-07-28,PT0461197,LST0461197,AG01031,LOC0069,Condo,6,4.0,910,4005,2010,274300.0,2024-12-10,Pending,,,21,412.0,1,No,No,2024-12-10,2026-07-28
UPDATE,2026-07-28T00:00:00,2026-07-28,PT0512071,LST0512071,AG01643,LOC0212,Single Family,2,2.0,1599,6795,1929,544100.0,2026-07-10,Active,,,0,0.0,2,No,No,2026-07-10,2026-07-28
UPDATE,2026-07-28T00:00:00,2026-07-28,PT0522619,LST0522619,AG01025,LOC0157,Single Family,4,2.5,1407,10733,1907,766900.0,2026-07-20,Active,,,0,0.0,1,No,No,2026-07-20,2026-07-28
UPDATE,2026-07-28T00:00:00,2026-07-28,PT0013286,LST0013286,AG02019,LOC0151,Single Family,6,1.0,2309,10986,1974,531200.0,2026-04-07,Pending,,,120,0.0,0,No,Yes,2026-04-07,2026-07-28
UPDATE,2026-07-28T00:00:00,2026-07-28,PT0386186,LST0386186,AG02024,LOC0009,Apartment,3,2.0,1070,0,1954,248800.0,2023-02-03,Active,,,74,531.0,3,No,No,2023-02-03,2026-07-28
UPDATE,2026-07-28T00:00:00,2026-07-28,PT0386246,LST0386246,AG02925,LOC0135,Single Family,3,4.0,1759,2140,1908,887600.0,2023-07-16,Sold,890341.77,2026-07-28,1108,0.0,3,No,No,2023-07-16,2026-07-28
UPDATE,2026-07-28T00:00:00,2026-07-28,PT0518413,LST0518413,AG01193,LOC0128,Townhouse,5,4.5,1457,1291,2010,403000.0,2026-07-16,Active,,,0,619.89,1,No,No,2026-07-16,2026-07-28
UPDATE,2026-07-28T00:00:00,2026-07-28,PT0326992,LST0326992,AG01936,LOC0184,Single Family,4,4.5,2369,2431,2010,806400.0,2026-04-27,Pending,,,4,0.0,1,No,No,2026-04-27,2026-07-28
UPDATE,2026-07-28T00:00:00,2026-07-28,PT0437880,LST0437880,AG00807,LOC0057,Condo,6,1.0,1151,1981,1972,493800.0,2026-03-19,Pending,,,105,69.0,1,No,No,2026-03-19,2026-07-28
UPDATE,2026-07-28T00:00:00,2026-07-28,PT0079917,LST0079917,AG02391,LOC0117,Multi-Family,5,1.5,4271,4563,2021,2236700.0,2025-01-24,Pending,,,120,0.0,1,No,Yes,2025-01-24,2026-07-28
UPDATE,2026-07-28T00:00:00,2026-07-28,PT0004875,LST0004875,AG02152,LOC0044,Single Family,5,4.0,2918,9391,1978,894900.0,2025-01-18,Pending,,,50,0.0,3,No,Yes,2025-01-18,2026-07-28
UPDATE,2026-07-28T00:00:00,2026-07-28,PT0473952,LST0473952,AG02788,LOC0030,Single Family,6,1.5,1850,1977,1994,800000.0,2025-07-06,Pending,,,138,0.0,2,No,No,2025-07-06,2026-07-28
UPDATE,2026-07-28T00:00:00,2026-07-28,PT0170188,LST0170188,AG02646,LOC0009,Townhouse,5,2.0,1272,2485,1977,256700.0,2023-03-25,Active,,,140,72.0,0,No,No,2023-03-25,2026-07-28
UPDATE,2026-07-28T00:00:00,2026-07-28,PT0065068,LST0065068,AG02763,LOC0201,Single Family,3,1.0,1136,3504,1964,195200.0,2024-05-23,Sold,186893.43,2026-07-28,796,0.0,2,No,No,2024-05-23,2026-07-28
UPDATE,2026-07-28T00:00:00,2026-07-28,PT0086870,LST0086870,AG00342,LOC0172,Townhouse,3,3.5,2284,12748,1983,220900.0,2023-12-05,Pending,,,111,258.0,0,No,No,2023-12-05,2026-07-28
UPDATE,2026-07-28T00:00:00,2026-07-28,PT0068233,LST0068233,AG01768,LOC0245,Apartment,6,2.5,1545,0,1901,459300.0,2024-04-17,Sold,436770.79,2026-07-28,832,308.0,3,No,No,2024-04-17,2026-07-28
UPDATE,2026-07-28T00:00:00,2026-07-28,PT0089727,LST0089727,AG02852,LOC0126,Condo,4,4.0,1985,6224,1983,561000.0,2025-09-19,Sold,576013.1,2026-07-28,312,522.0,3,Yes,No,2025-09-19,2026-07-28
UPDATE,2026-07-28T00:00:00,2026-07-28,PT0044871,LST0044871,AG01481,LOC0177,Townhouse,5,4.5,2656,3734,1992,1125000.0,2023-04-25,Active,,,71,531.0,1,No,No,2023-04-25,2026-07-28
UPDATE,2026-07-28T00:00:00,2026-07-28,PT0120917,LST0120917,AG02386,LOC0166,Single Family,6,2.0,1781,4481,1976,508700.0,2023-05-18,Active,,,95,0.0,1,No,Yes,2023-05-18,2026-07-28
UPDATE,2026-07-28T00:00:00,2026-07-28,PT0218548,LST0218548,AG01536,LOC0082,Single Family,4,3.0,2371,1391,1931,254500.0,2024-08-05,Active,,,148,0.0,0,No,Yes,2024-08-05,2026-07-28
UPDATE,2026-07-28T00:00:00,2026-07-28,PT0445941,LST0445941,AG02349,LOC0175,Townhouse,5,3.5,2348,10500,1930,527400.0,2023-02-14,Active,,,23,543.0,0,Yes,No,2023-02-14,2026-07-28
UPDATE,2026-07-28T00:00:00,2026-07-28,PT0026502,LST0026502,AG02512,LOC0150,Single Family,6,2.5,618,5375,1905,216300.0,2023-09-23,Pending,,,24,0.0,2,No,No,2023-09-23,2026-07-28
UPDATE,2026-07-28T00:00:00,2026-07-28,PT0176941,LST0176941,AG01482,LOC0169,Single Family,1,1.0,1105,3770,1935,629200.0,2026-04-01,Pending,,,54,0.0,3,No,No,2026-04-01,2026-07-28
UPDATE,2026-07-28T00:00:00,2026-07-28,PT0133501,LST0133501,AG01876,LOC0222,Townhouse,1,4.5,875,6963,1992,135300.0,2023-07-05,Active,,,120,246.0,2,No,No,2023-07-05,2026-07-28
UPDATE,2026-07-28T00:00:00,2026-07-28,PT0129082,LST0129082,AG02611,LOC0168,Multi-Family,1,3.0,4983,1812,1964,2183800.0,2025-11-10,Pending,,,118,0.0,3,Yes,No,2025-11-10,2026-07-28
UPDATE,2026-07-28T00:00:00,2026-07-28,PT0099953,LST0099953,AG01633,LOC0113,Single Family,1,3.0,2181,7328,2016,898400.0,2024-03-23,Pending,,,89,0.0,3,Yes,Yes,2024-03-23,2026-07-28
UPDATE,2026-07-28T00:00:00,2026-07-28,PT0398860,LST0398860,AG01408,LOC0168,Single Family,1,1.0,1754,3279,1968,679300.0,2026-01-20,Sold,561721.71,2026-07-28,189,0.0,0,Yes,No,2026-01-20,2026-07-28
UPDATE,2026-07-28T00:00:00,2026-07-28,PT0196340,LST0196340,AG00374,LOC0127,Condo,4,3.5,1349,1405,1954,383600.0,2023-07-29,Active,,,60,607.0,2,Yes,No,2023-07-29,2026-07-28
UPDATE,2026-07-28T00:00:00,2026-07-28,PT0027991,LST0027991,AG02517,LOC0177,Land,0,0.0,5721,1607,1913,3436100.0,2023-04-03,Active,,,176,0.0,0,No,No,2023-04-03,2026-07-28
UPDATE,2026-07-28T00:00:00,2026-07-28,PT0297047,LST0297047,AG00111,LOC0088,Land,0,0.0,3908,5179,1995,487400.0,2024-06-16,Sold,505084.71,2026-07-28,772,0.0,0,No,No,2024-06-16,2026-07-28
UPDATE,2026-07-28T00:00:00,2026-07-28,PT0520495,LST0520495,AG00197,LOC0102,Apartment,2,1.5,1382,0,1956,437900.0,2026-07-18,Sold,420579.27,2026-07-28,10,518.63,0,Yes,No,2026-07-18,2026-07-28
UPDATE,2026-07-28T00:00:00,2026-07-28,PT0500103,LST0500103,AG01642,LOC0106,Condo,4,2.0,1236,15190,1995,268400.0,2026-07-01,Pending,,,0,197.02,3,No,No,2026-07-01,2026-07-28
UPDATE,2026-07-28T00:00:00,2026-07-28,PT0072411,LST0072411,AG02178,LOC0212,Apartment,4,2.5,262,0,1943,109700.0,2023-06-19,Active,,,176,85.0,3,No,No,2023-06-19,2026-07-28
UPDATE,2026-07-28T00:00:00,2026-07-28,PT0510217,LST0510217,AG01320,LOC0180,Single Family,5,2.0,2037,5179,1907,522400.0,2026-07-09,Sold,488269.08,2026-07-28,19,0.0,2,No,No,2026-07-09,2026-07-28
UPDATE,2026-07-28T00:00:00,2026-07-28,PT0105989,LST0105989,AG02633,LOC0078,Single Family,1,1.0,1877,2638,1919,785800.0,2026-03-03,Pending,,,83,0.0,1,No,Yes,2026-03-03,2026-07-28
UPDATE,2026-07-28T00:00:00,2026-07-28,PT0201043,LST0201043,AG02285,LOC0212,Apartment,6,1.0,1322,0,1944,540200.0,2024-07-02,Pending,,,97,547.0,2,Yes,No,2024-07-02,2026-07-28
UPDATE,2026-07-28T00:00:00,2026-07-28,PT0315474,LST0315474,AG01070,LOC0112,Condo,3,2.5,1182,7423,1900,149000.0,2024-05-20,Active,,,159,102.0,0,Yes,No,2024-05-20,2026-07-28
UPDATE,2026-07-28T00:00:00,2026-07-28,PT0507060,LST0507060,AG00221,LOC0079,Townhouse,2,1.5,1451,1279,1937,306600.0,2026-07-06,Active,,,0,298.08,1,No,No,2026-07-06,2026-07-28
UPDATE,2026-07-28T00:00:00,2026-07-28,PT0521764,LST0521764,AG01954,LOC0169,Single Family,5,4.5,895,1587,1968,254500.0,2026-07-19,Sold,268529.46,2026-07-28,9,0.0,0,No,No,2026-07-19,2026-07-28
UPDATE,2026-07-28T00:00:00,2026-07-28,PT0442805,LST0442805,AG02010,LOC0124,Condo,5,2.5,2385,3438,1991,1227300.0,2025-09-12,Active,,,16,119.0,3,No,No,2025-09-12,2026-07-28
UPDATE,2026-07-28T00:00:00,2026-07-28,PT0404798,LST0404798,AG02116,LOC0200,Condo,1,3.0,1259,1887,1966,216300.0,2023-08-19,Sold,232242.0,2026-07-28,1074,767.0,2,No,No,2023-08-19,2026-07-28
UPDATE,2026-07-28T00:00:00,2026-07-28,PT0467314,LST0467314,AG00573,LOC0087,Single Family,3,1.0,1831,2762,2024,789600.0,2026-05-24,Pending,,,106,0.0,3,No,No,2026-05-24,2026-07-28
UPDATE,2026-07-28T00:00:00,2026-07-28,PT0091558,LST0091558,AG00396,LOC0204,Single Family,5,2.5,1650,2651,1966,725000.0,2024-08-24,Pending,,,135,0.0,1,No,Yes,2024-08-24,2026-07-28
UPDATE,2026-07-28T00:00:00,2026-07-28,PT0353736,LST0353736,AG01383,LOC0146,Condo,3,4.5,2048,12432,2009,264700.0,2024-12-07,Pending,,,160,694.0,3,No,No,2024-12-07,2026-07-28
UPDATE,2026-07-28T00:00:00,2026-07-28,PT0391656,LST0391656,AG02282,LOC0200,Single Family,2,4.0,537,21287,1925,105700.0,2025-11-23,Pending,,,154,0.0,3,No,No,2025-11-23,2026-07-28
UPDATE,2026-07-28T00:00:00,2026-07-28,PT0035482,LST0035482,AG02096,LOC0084,Single Family,4,1.0,1539,2852,1925,377200.0,2025-04-08,Active,,,40,0.0,2,Yes,No,2025-04-08,2026-07-28
UPDATE,2026-07-28T00:00:00,2026-07-28,PT0444197,LST0444197,AG00204,LOC0037,Multi-Family,2,1.0,2835,8077,1940,468900.0,2025-12-26,Sold,440986.57,2026-07-28,214,0.0,2,No,Yes,2025-12-26,2026-07-28
UPDATE,2026-07-28T00:00:00,2026-07-28,PT0287258,LST0287258,AG02651,LOC0128,Single Family,2,1.0,2281,8316,2009,525000.0,2023-11-20,Active,,,94,0.0,0,No,Yes,2023-11-20,2026-07-28
UPDATE,2026-07-28T00:00:00,2026-07-28,PT0147925,LST0147925,AG01903,LOC0139,Townhouse,6,3.0,1039,8937,2017,517500.0,2023-01-05,Pending,,,137,434.0,1,No,No,2023-01-05,2026-07-28
UPDATE,2026-07-28T00:00:00,2026-07-28,PT0288906,LST0288906,AG01559,LOC0237,Single Family,3,4.5,643,3773,2024,129300.0,2026-02-26,Pending,,,92,0.0,3,No,No,2026-02-26,2026-07-28
UPDATE,2026-07-28T00:00:00,2026-07-28,PT0441206,LST0441206,AG01893,LOC0222,Townhouse,5,2.0,2454,9062,1901,803100.0,2024-04-06,Active,,,58,482.0,2,No,No,2024-04-06,2026-07-28
UPDATE,2026-07-28T00:00:00,2026-07-28,PT0476067,LST0476067,AG00112,LOC0029,Single Family,2,2.0,2659,7410,1992,977600.0,2023-07-16,Pending,,,50,0.0,0,No,No,2023-07-16,2026-07-28
UPDATE,2026-07-28T00:00:00,2026-07-28,PT0379525,LST0379525,AG02113,LOC0181,Single Family,6,2.5,2427,6926,1949,783600.0,2025-08-26,Pending,,,123,0.0,3,No,No,2025-08-26,2026-07-28
UPDATE,2026-07-28T00:00:00,2026-07-28,PT0017122,LST0017122,AG02744,LOC0166,Single Family,1,1.5,1289,5364,2007,759600.0,2024-11-17,Pending,,,10,0.0,3,No,Yes,2024-11-17,2026-07-28
UPDATE,2026-07-28T00:00:00,2026-07-28,PT0433307,LST0433307,AG02961,LOC0097,Single Family,3,4.0,2098,2179,2024,531100.0,2023-02-13,Active,,,37,0.0,0,No,No,2023-02-13,2026-07-28
UPDATE,2026-07-28T00:00:00,2026-07-28,PT0249088,LST0249088,AG01105,LOC0207,Townhouse,4,3.5,2391,1843,2004,654100.0,2025-12-19,Active,,,97,422.0,2,No,No,2025-12-19,2026-07-28
UPDATE,2026-07-28T00:00:00,2026-07-28,PT0206741,LST0206741,AG02499,LOC0219,Single Family,1,1.0,2296,4847,1970,599300.0,2025-06-19,Active,,,20,0.0,3,No,No,2025-06-19,2026-07-28
UPDATE,2026-07-28T00:00:00,2026-07-28,PT0459890,LST0459890,AG02159,LOC0144,Single Family,5,2.5,1466,12264,2009,171700.0,2025-07-13,Pending,,,170,0.0,3,No,No,2025-07-13,2026-07-28
UPDATE,2026-07-28T00:00:00,2026-07-28,PT0119583,LST0119583,AG00407,LOC0004,Townhouse,6,2.5,2309,6652,2018,210900.0,2024-01-14,Pending,,,25,243.0,1,Yes,No,2024-01-14,2026-07-28
UPDATE,2026-07-28T00:00:00,2026-07-28,PT0487938,LST0487938,AG00496,LOC0203,Townhouse,5,3.0,1763,6264,1907,263900.0,2023-08-10,Pending,,,16,503.0,1,No,No,2023-08-10,2026-07-28
UPDATE,2026-07-28T00:00:00,2026-07-28,PT0388972,LST0388972,AG00425,LOC0217,Single Family,6,3.5,1836,2750,1930,322600.0,2023-01-03,Pending,,,108,0.0,1,No,Yes,2023-01-03,2026-07-28
UPDATE,2026-07-28T00:00:00,2026-07-28,PT0077336,LST0077336,AG00628,LOC0243,Land,0,0.0,10440,6350,1914,2998000.0,2024-03-30,Active,,,32,0.0,0,No,No,2024-03-30,2026-07-28
UPDATE,2026-07-28T00:00:00,2026-07-28,PT0179918,LST0179918,AG01639,LOC0034,Townhouse,4,2.5,1145,3474,1936,522600.0,2023-07-12,Active,,,71,209.0,0,No,No,2023-07-12,2026-07-28
UPDATE,2026-07-28T00:00:00,2026-07-28,PT0034351,LST0034351,AG02642,LOC0035,Condo,4,1.5,2491,1249,2021,275100.0,2024-06-29,Pending,,,116,373.0,2,No,No,2024-06-29,2026-07-28
UPDATE,2026-07-28T00:00:00,2026-07-28,PT0396820,LST0396820,AG01621,LOC0105,Condo,1,2.5,2356,5349,1989,208800.0,2024-03-13,Sold,193442.78,2026-07-28,867,732.0,3,No,No,2024-03-13,2026-07-28
UPDATE,2026-07-28T00:00:00,2026-07-28,PT0089794,LST0089794,AG02007,LOC0084,Single Family,5,1.0,822,5920,1996,219500.0,2025-09-05,Active,,,34,0.0,1,Yes,Yes,2025-09-05,2026-07-28
UPDATE,2026-07-28T00:00:00,2026-07-28,PT0528465,LST0528465,AG01454,LOC0140,Condo,4,1.5,1337,1019,2017,516200.0,2026-07-25,Sold,517474.56,2026-07-28,3,766.38,3,No,No,2026-07-25,2026-07-28
UPDATE,2026-07-28T00:00:00,2026-07-28,PT0504556,LST0504556,AG02687,LOC0150,Apartment,1,3.0,742,0,1977,304000.0,2026-07-04,Active,,,0,91.61,2,Yes,No,2026-07-04,2026-07-28
UPDATE,2026-07-28T00:00:00,2026-07-28,PT0440792,LST0440792,AG02382,LOC0219,Single Family,4,1.0,995,9152,1908,540600.0,2024-12-28,Pending,,,151,0.0,3,No,No,2024-12-28,2026-07-28
UPDATE,2026-07-28T00:00:00,2026-07-28,PT0522354,LST0522354,AG01898,LOC0029,Townhouse,1,1.5,1282,2467,1981,353400.0,2026-07-20,Sold,325936.32,2026-07-28,8,110.96,0,No,No,2026-07-20,2026-07-28
UPDATE,2026-07-28T00:00:00,2026-07-28,PT0149803,LST0149803,AG01484,LOC0057,Single Family,5,1.0,1263,4735,1908,413500.0,2023-11-16,Pending,,,58,0.0,3,No,Yes,2023-11-16,2026-07-28
UPDATE,2026-07-28T00:00:00,2026-07-28,PT0015055,LST0015055,AG00303,LOC0247,Single Family,3,1.5,789,4246,1909,150800.0,2026-01-19,Active,,,74,0.0,1,No,Yes,2026-01-19,2026-07-28
UPDATE,2026-07-28T00:00:00,2026-07-28,PT0431088,LST0431088,AG02901,LOC0211,Multi-Family,3,2.0,6141,2202,1983,1239400.0,2024-03-23,Sold,1064294.83,2026-07-28,857,0.0,2,No,Yes,2024-03-23,2026-07-28
UPDATE,2026-07-28T00:00:00,2026-07-28,PT0092107,LST0092107,AG02005,LOC0047,Condo,6,3.0,2869,3011,2002,1033600.0,2025-04-29,Active,,,103,770.0,1,No,No,2025-04-29,2026-07-28
UPDATE,2026-07-28T00:00:00,2026-07-28,PT0415505,LST0415505,AG02566,LOC0051,Multi-Family,4,3.5,1031,5430,1915,179000.0,2025-11-12,Active,,,46,0.0,1,No,Yes,2025-11-12,2026-07-28
UPDATE,2026-07-28T00:00:00,2026-07-28,PT0368531,LST0368531,AG01412,LOC0085,Single Family,2,1.0,2890,1206,1932,798300.0,2025-07-10,Pending,,,48,0.0,2,No,No,2025-07-10,2026-07-28
UPDATE,2026-07-28T00:00:00,2026-07-28,PT0382361,LST0382361,AG02246,LOC0014,Multi-Family,2,3.5,3768,1076,1924,721600.0,2023-05-13,Pending,,,130,0.0,0,No,Yes,2023-05-13,2026-07-28
UPDATE,2026-07-28T00:00:00,2026-07-28,PT0005367,LST0005367,AG00208,LOC0059,Apartment,6,1.5,647,0,2011,138100.0,2025-06-19,Active,,,32,149.0,2,No,No,2025-06-19,2026-07-28
UPDATE,2026-07-28T00:00:00,2026-07-28,PT0281325,LST0281325,AG02017,LOC0108,Apartment,3,4.0,945,0,1923,194800.0,2023-08-05,Active,,,32,282.0,0,Yes,No,2023-08-05,2026-07-28
UPDATE,2026-07-28T00:00:00,2026-07-28,PT0240730,LST0240730,AG01677,LOC0019,Apartment,4,1.0,1198,0,2017,233500.0,2026-01-06,Active,,,63,702.0,3,No,No,2026-01-06,2026-07-28
UPDATE,2026-07-28T00:00:00,2026-07-28,PT0313869,LST0313869,AG01836,LOC0118,Townhouse,5,2.0,2651,2436,1949,554200.0,2025-12-02,Pending,,,123,454.0,1,No,No,2025-12-02,2026-07-28
UPDATE,2026-07-28T00:00:00,2026-07-28,PT0059205,LST0059205,AG00972,LOC0165,Single Family,3,4.5,1194,9393,1945,445200.0,2023-02-15,Sold,416110.11,2026-07-28,1259,0.0,1,No,Yes,2023-02-15,2026-07-28
UPDATE,2026-07-28T00:00:00,2026-07-28,PT0309497,LST0309497,AG00580,LOC0002,Townhouse,6,3.0,1668,3179,1995,532000.0,2024-10-08,Pending,,,64,427.0,1,Yes,No,2024-10-08,2026-07-28
UPDATE,2026-07-28T00:00:00,2026-07-28,PT0081772,LST0081772,AG02309,LOC0150,Condo,1,3.0,2000,2240,1952,224200.0,2023-05-18,Sold,229395.57,2026-07-28,1167,124.0,3,Yes,No,2023-05-18,2026-07-28
UPDATE,2026-07-28T00:00:00,2026-07-28,PT0211815,LST0211815,AG01171,LOC0247,Multi-Family,1,2.5,3875,1629,1900,436400.0,2024-03-08,Pending,,,102,0.0,3,Yes,Yes,2024-03-08,2026-07-28
UPDATE,2026-07-28T00:00:00,2026-07-28,PT0073823,LST0073823,AG02582,LOC0224,Single Family,1,4.5,1597,1018,1904,520800.0,2024-11-09,Pending,,,59,0.0,2,No,No,2024-11-09,2026-07-28
UPDATE,2026-07-28T00:00:00,2026-07-28,PT0069484,LST0069484,AG02862,LOC0130,Multi-Family,6,4.0,1231,2890,2015,124400.0,2025-08-01,Active,,,153,0.0,0,No,No,2025-08-01,2026-07-28
UPDATE,2026-07-28T00:00:00,2026-07-28,PT0073437,LST0073437,AG02753,LOC0064,Land,0,0.0,6735,9951,1961,1620100.0,2025-10-28,Active,,,153,0.0,0,No,No,2025-10-28,2026-07-28
UPDATE,2026-07-28T00:00:00,2026-07-28,PT0076276,LST0076276,AG01689,LOC0188,Multi-Family,6,3.0,540,11529,2022,127900.0,2025-12-25,Pending,,,41,0.0,2,No,Yes,2025-12-25,2026-07-28
UPDATE,2026-07-28T00:00:00,2026-07-28,PT0238300,LST0238300,AG02870,LOC0223,Single Family,5,4.0,2343,5052,1996,973200.0,2024-10-14,Pending,,,15,0.0,1,No,Yes,2024-10-14,2026-07-28
UPDATE,2026-07-28T00:00:00,2026-07-28,PT0023010,LST0023010,AG01554,LOC0055,Condo,6,4.5,1971,5771,1919,592200.0,2025-02-05,Active,,,4,671.0,3,No,No,2025-02-05,2026-07-28
UPDATE,2026-07-28T00:00:00,2026-07-28,PT0381832,LST0381832,AG00375,LOC0001,Single Family,3,4.5,1313,1103,1913,205000.0,2024-09-15,Active,,,150,0.0,2,No,No,2024-09-15,2026-07-28
UPDATE,2026-07-28T00:00:00,2026-07-28,PT0513576,LST0513576,AG00983,LOC0225,Single Family,3,4.5,1990,3461,1909,833900.0,2026-07-12,Active,,,0,0.0,3,No,Yes,2026-07-12,2026-07-28
UPDATE,2026-07-28T00:00:00,2026-07-28,PT0525577,LST0525577,AG00078,LOC0145,Condo,3,2.5,1848,4413,1931,482400.0,2026-07-23,Sold,485594.59,2026-07-28,5,126.25,2,No,No,2026-07-23,2026-07-28
UPDATE,2026-07-28T00:00:00,2026-07-28,PT0332639,LST0332639,AG01678,LOC0046,Townhouse,5,1.0,1382,7115,1931,547700.0,2023-09-27,Sold,517046.29,2026-07-28,1035,666.0,1,No,No,2023-09-27,2026-07-28
UPDATE,2026-07-28T00:00:00,2026-07-28,PT0085466,LST0085466,AG02441,LOC0157,Townhouse,5,4.5,2511,7247,2006,1310600.0,2026-05-17,Sold,1164603.35,2026-07-28,72,615.0,0,Yes,No,2026-05-17,2026-07-28
UPDATE,2026-07-28T00:00:00,2026-07-28,PT0033082,LST0033082,AG00991,LOC0155,Single Family,2,3.0,1629,7792,1932,158500.0,2025-07-21,Pending,,,68,0.0,3,No,No,2025-07-21,2026-07-28
UPDATE,2026-07-28T00:00:00,2026-07-28,PT0245780,LST0245780,AG02922,LOC0025,Single Family,2,1.0,1271,2104,1989,354800.0,2024-11-09,Active,,,11,0.0,0,No,No,2024-11-09,2026-07-28
UPDATE,2026-07-28T00:00:00,2026-07-28,PT0184642,LST0184642,AG01005,LOC0085,Single Family,1,1.5,1762,19936,2011,306800.0,2025-10-01,Pending,,,21,0.0,2,No,No,2025-10-01,2026-07-28
UPDATE,2026-07-28T00:00:00,2026-07-28,PT0123462,LST0123462,AG02764,LOC0142,Single Family,6,1.5,1257,4556,1998,405800.0,2024-08-25,Active,,,106,0.0,1,No,No,2024-08-25,2026-07-28
UPDATE,2026-07-28T00:00:00,2026-07-28,PT0531411,LST0531411,AG01706,LOC0077,Townhouse,4,4.0,1020,1206,1914,239300.0,2026-07-28,Active,,,0,779.7,3,No,No,2026-07-28,2026-07-28
UPDATE,2026-07-28T00:00:00,2026-07-28,PT0218529,LST0218529,AG02733,LOC0132,Condo,6,2.0,686,10219,1935,177400.0,2023-09-19,Pending,,,144,79.0,1,No,No,2023-09-19,2026-07-28
UPDATE,2026-07-28T00:00:00,2026-07-28,PT0486683,LST0486683,AG01487,LOC0240,Townhouse,4,3.0,2509,1630,1944,903000.0,2026-03-24,Pending,,,3,466.0,1,No,No,2026-03-24,2026-07-28
UPDATE,2026-07-28T00:00:00,2026-07-28,PT0264943,LST0264943,AG02809,LOC0166,Single Family,6,1.0,2653,17837,1921,1113800.0,2024-02-03,Sold,1206238.42,2026-07-28,906,0.0,3,No,No,2024-02-03,2026-07-28
UPDATE,2026-07-28T00:00:00,2026-07-28,PT0083073,LST0083073,AG00059,LOC0049,Single Family,6,3.5,2495,5907,1902,529700.0,2026-03-31,Active,,,172,0.0,3,No,Yes,2026-03-31,2026-07-28
UPDATE,2026-07-28T00:00:00,2026-07-28,PT0477558,LST0477558,AG00284,LOC0096,Multi-Family,5,3.5,2652,7169,1962,408300.0,2023-07-16,Active,,,103,0.0,0,No,Yes,2023-07-16,2026-07-28
UPDATE,2026-07-28T00:00:00,2026-07-28,PT0128528,LST0128528,AG00651,LOC0166,Land,0,0.0,4423,1384,1904,1378000.0,2026-01-31,Pending,,,116,0.0,0,No,No,2026-01-31,2026-07-28
UPDATE,2026-07-28T00:00:00,2026-07-28,PT0435708,LST0435708,AG02514,LOC0049,Townhouse,6,4.0,1144,2149,1907,312500.0,2023-12-03,Sold,297655.64,2026-07-28,968,635.0,1,No,No,2023-12-03,2026-07-28
UPDATE,2026-07-28T00:00:00,2026-07-28,PT0510940,LST0510940,AG02428,LOC0142,Single Family,5,1.5,1237,1615,1916,467400.0,2026-07-09,Active,,,0,0.0,0,No,Yes,2026-07-09,2026-07-28
UPDATE,2026-07-28T00:00:00,2026-07-28,PT0152022,LST0152022,AG02609,LOC0161,Townhouse,2,2.5,1716,2210,1913,512600.0,2024-08-21,Active,,,123,631.0,2,No,No,2024-08-21,2026-07-28
UPDATE,2026-07-28T00:00:00,2026-07-28,PT0132173,LST0132173,AG02472,LOC0209,Apartment,2,3.5,1449,0,2011,348900.0,2024-07-13,Active,,,134,719.0,1,Yes,No,2024-07-13,2026-07-28
UPDATE,2026-07-28T00:00:00,2026-07-28,PT0501483,LST0501483,AG01464,LOC0082,Condo,1,4.5,1201,2822,1982,246500.0,2026-07-02,Pending,,,0,678.45,3,No,No,2026-07-02,2026-07-28
UPDATE,2026-07-28T00:00:00,2026-07-28,PT0147215,LST0147215,AG02808,LOC0001,Condo,4,2.5,2202,2504,1985,450700.0,2025-06-15,Pending,,,162,419.0,1,No,No,2025-06-15,2026-07-28
UPDATE,2026-07-28T00:00:00,2026-07-28,PT0222155,LST0222155,AG00192,LOC0112,Single Family,6,4.0,2172,1673,1973,306200.0,2025-09-06,Pending,,,102,0.0,1,No,No,2025-09-06,2026-07-28
UPDATE,2026-07-28T00:00:00,2026-07-28,PT0334831,LST0334831,AG01472,LOC0011,Single Family,4,1.0,2296,12475,2010,2068200.0,2023-08-15,Active,,,30,0.0,1,No,No,2023-08-15,2026-07-28
UPDATE,2026-07-28T00:00:00,2026-07-28,PT0386939,LST0386939,AG01780,LOC0033,Townhouse,4,4.0,2017,3176,1932,848200.0,2026-01-23,Active,,,155,381.0,2,Yes,No,2026-01-23,2026-07-28
UPDATE,2026-07-28T00:00:00,2026-07-28,PT0479519,LST0479519,AG00673,LOC0191,Apartment,4,1.0,1024,0,1913,319200.0,2026-02-06,Active,,,23,274.0,2,Yes,No,2026-02-06,2026-07-28
UPDATE,2026-07-28T00:00:00,2026-07-28,PT0026837,LST0026837,AG00387,LOC0097,Townhouse,5,4.5,1759,6592,1972,265900.0,2026-01-14,Pending,,,38,75.0,2,Yes,No,2026-01-14,2026-07-28
UPDATE,2026-07-28T00:00:00,2026-07-28,PT0435386,LST0435386,AG01062,LOC0241,Townhouse,5,2.0,1535,5757,2012,220100.0,2024-01-04,Sold,210785.79,2026-07-28,936,498.0,2,No,No,2024-01-04,2026-07-28
UPDATE,2026-07-28T00:00:00,2026-07-28,PT0504425,LST0504425,AG02825,LOC0039,Condo,4,3.0,1568,2980,2018,701800.0,2026-07-04,Active,,,0,211.24,1,No,No,2026-07-04,2026-07-28
UPDATE,2026-07-28T00:00:00,2026-07-28,PT0086394,LST0086394,AG01045,LOC0234,Single Family,3,3.0,350,8925,1995,172100.0,2023-07-12,Active,,,15,0.0,3,No,No,2023-07-12,2026-07-28
UPDATE,2026-07-28T00:00:00,2026-07-28,PT0418931,LST0418931,AG02337,LOC0024,Multi-Family,3,4.5,930,1886,2010,241400.0,2024-06-30,Sold,220514.96,2026-07-28,758,0.0,2,No,Yes,2024-06-30,2026-07-28
UPDATE,2026-07-28T00:00:00,2026-07-28,PT0513700,LST0513700,AG02980,LOC0122,Multi-Family,5,2.5,4846,2423,1926,2300300.0,2026-07-12,Pending,,,0,0.0,3,No,No,2026-07-12,2026-07-28
UPDATE,2026-07-28T00:00:00,2026-07-28,PT0468934,LST0468934,AG02137,LOC0106,Land,0,0.0,9245,3516,1980,3205500.0,2026-02-26,Active,,,64,0.0,0,No,No,2026-02-26,2026-07-28
UPDATE,2026-07-28T00:00:00,2026-07-28,PT0221781,LST0221781,AG00170,LOC0230,Single Family,4,4.5,1422,2202,2013,597700.0,2025-02-18,Sold,602752.14,2026-07-28,525,0.0,1,No,No,2025-02-18,2026-07-28
UPDATE,2026-07-28T00:00:00,2026-07-28,PT0366065,LST0366065,AG01672,LOC0116,Single Family,4,1.0,554,6453,1904,223400.0,2025-10-01,Pending,,,46,0.0,1,No,No,2025-10-01,2026-07-28
UPDATE,2026-07-28T00:00:00,2026-07-28,PT0224593,LST0224593,AG01118,LOC0028,Condo,1,2.0,1796,3064,1947,121000.0,2025-09-13,Pending,,,107,104.0,1,Yes,No,2025-09-13,2026-07-28
UPDATE,2026-07-28T00:00:00,2026-07-28,PT0300188,LST0300188,AG01592,LOC0216,Land,0,0.0,5233,3685,1955,1070500.0,2023-07-11,Active,,,127,0.0,0,No,No,2023-07-11,2026-07-28
UPDATE,2026-07-28T00:00:00,2026-07-28,PT0392484,LST0392484,AG01215,LOC0109,Single Family,1,1.5,1276,1964,1942,431800.0,2023-02-02,Active,,,170,0.0,2,No,Yes,2023-02-02,2026-07-28
UPDATE,2026-07-28T00:00:00,2026-07-28,PT0523110,LST0523110,AG02203,LOC0160,Single Family,4,2.5,2679,1985,1973,444400.0,2026-07-21,Active,,,0,0.0,3,No,No,2026-07-21,2026-07-28
UPDATE,2026-07-28T00:00:00,2026-07-28,PT0149828,LST0149828,AG01340,LOC0038,Land,0,0.0,5617,11325,1939,1414500.0,2025-07-02,Pending,,,97,0.0,0,No,No,2025-07-02,2026-07-28
UPDATE,2026-07-28T00:00:00,2026-07-28,PT0114823,LST0114823,AG01900,LOC0057,Multi-Family,4,4.5,4591,5284,1965,1779900.0,2025-07-28,Active,,,123,0.0,2,No,Yes,2025-07-28,2026-07-28
UPDATE,2026-07-28T00:00:00,2026-07-28,PT0405612,LST0405612,AG01283,LOC0022,Land,0,0.0,4690,3046,1990,2857600.0,2023-07-31,Pending,,,129,0.0,0,No,No,2023-07-31,2026-07-28
UPDATE,2026-07-28T00:00:00,2026-07-28,PT0097743,LST0097743,AG01342,LOC0218,Single Family,3,3.0,1408,1762,1962,147100.0,2025-08-29,Active,,,158,0.0,3,No,No,2025-08-29,2026-07-28
UPDATE,2026-07-28T00:00:00,2026-07-28,PT0266597,LST0266597,AG00049,LOC0217,Townhouse,5,4.0,1939,8140,1997,271500.0,2023-10-05,Active,,,95,401.0,2,No,No,2023-10-05,2026-07-28
UPDATE,2026-07-28T00:00:00,2026-07-28,PT0068373,LST0068373,AG01985,LOC0245,Single Family,2,1.5,3631,9278,1901,957300.0,2025-11-28,Pending,,,170,0.0,2,No,Yes,2025-11-28,2026-07-28
UPDATE,2026-07-28T00:00:00,2026-07-28,PT0478270,LST0478270,AG00702,LOC0240,Single Family,5,1.0,1672,2937,2023,131900.0,2023-10-18,Pending,,,111,0.0,1,No,Yes,2023-10-18,2026-07-28
UPDATE,2026-07-28T00:00:00,2026-07-28,PT0368995,LST0368995,AG01902,LOC0070,Single Family,1,1.5,1867,2154,2022,429300.0,2023-05-24,Pending,,,76,0.0,2,No,No,2023-05-24,2026-07-28
UPDATE,2026-07-28T00:00:00,2026-07-28,PT0505091,LST0505091,AG00635,LOC0143,Apartment,2,4.5,909,0,1900,65500.0,2026-07-05,Pending,,,0,729.68,2,No,No,2026-07-05,2026-07-28
UPDATE,2026-07-28T00:00:00,2026-07-28,PT0193370,LST0193370,AG01848,LOC0210,Single Family,3,3.5,1894,6700,1996,643300.0,2023-03-09,Sold,602262.48,2026-07-28,1237,0.0,0,No,Yes,2023-03-09,2026-07-28
UPDATE,2026-07-28T00:00:00,2026-07-28,PT0429516,LST0429516,AG01753,LOC0158,Condo,1,3.0,1615,1282,1912,331700.0,2025-10-27,Active,,,79,541.0,0,No,No,2025-10-27,2026-07-28
UPDATE,2026-07-28T00:00:00,2026-07-28,PT0452055,LST0452055,AG02257,LOC0101,Single Family,2,4.5,1816,3664,1948,786200.0,2024-05-03,Pending,,,12,0.0,0,No,No,2024-05-03,2026-07-28
UPDATE,2026-07-28T00:00:00,2026-07-28,PT0521326,LST0521326,AG00314,LOC0078,Townhouse,4,4.5,2324,4173,2012,915000.0,2026-07-19,Pending,,,0,767.78,1,Yes,No,2026-07-19,2026-07-28
UPDATE,2026-07-28T00:00:00,2026-07-28,PT0066312,LST0066312,AG00426,LOC0002,Townhouse,1,1.0,992,7071,2000,209000.0,2026-05-23,Pending,,,97,753.0,3,No,No,2026-05-23,2026-07-28
UPDATE,2026-07-28T00:00:00,2026-07-28,PT0509493,LST0509493,AG02985,LOC0148,Townhouse,6,2.0,1010,4291,1930,227700.0,2026-07-08,Active,,,0,394.36,3,Yes,No,2026-07-08,2026-07-28
UPDATE,2026-07-28T00:00:00,2026-07-28,PT0107102,LST0107102,AG00377,LOC0014,Condo,1,3.5,2837,4093,1992,715300.0,2023-05-10,Active,,,169,715.0,2,Yes,No,2023-05-10,2026-07-28
UPDATE,2026-07-28T00:00:00,2026-07-28,PT0302814,LST0302814,AG00357,LOC0242,Single Family,3,2.0,954,2709,2000,142100.0,2023-02-05,Sold,136596.2,2026-07-28,1269,0.0,0,Yes,No,2023-02-05,2026-07-28
UPDATE,2026-07-28T00:00:00,2026-07-28,PT0118022,LST0118022,AG01590,LOC0001,Multi-Family,1,2.5,5508,5188,2010,1137900.0,2025-03-30,Active,,,76,0.0,2,No,Yes,2025-03-30,2026-07-28
UPDATE,2026-07-28T00:00:00,2026-07-28,PT0186714,LST0186714,AG01426,LOC0072,Townhouse,3,3.0,1869,2126,1956,249800.0,2025-11-05,Active,,,148,659.0,3,No,No,2025-11-05,2026-07-28
UPDATE,2026-07-28T00:00:00,2026-07-28,PT0170082,LST0170082,AG00886,LOC0160,Apartment,4,3.0,831,0,1983,127300.0,2025-10-18,Pending,,,175,642.0,1,No,No,2025-10-18,2026-07-28
UPDATE,2026-07-28T00:00:00,2026-07-28,PT0462632,LST0462632,AG02694,LOC0027,Single Family,2,2.5,300,4810,2004,119800.0,2023-09-11,Sold,106976.33,2026-07-28,1051,0.0,1,No,Yes,2023-09-11,2026-07-28
UPDATE,2026-07-28T00:00:00,2026-07-28,PT0279836,LST0279836,AG02847,LOC0125,Condo,2,4.0,2176,2094,1990,613900.0,2026-01-25,Active,,,124,774.0,2,No,No,2026-01-25,2026-07-28
UPDATE,2026-07-28T00:00:00,2026-07-28,PT0435388,LST0435388,AG01175,LOC0214,Single Family,2,4.5,1574,5988,1973,251700.0,2023-01-12,Sold,250081.81,2026-07-28,1293,0.0,3,No,No,2023-01-12,2026-07-28
UPDATE,2026-07-28T00:00:00,2026-07-28,PT0295630,LST0295630,AG02694,LOC0074,Condo,1,4.0,1720,22016,1985,622100.0,2026-03-12,Pending,,,23,80.0,3,No,No,2026-03-12,2026-07-28
UPDATE,2026-07-28T00:00:00,2026-07-28,PT0521691,LST0521691,AG01611,LOC0193,Single Family,1,1.5,2284,1714,2009,825100.0,2026-07-19,Sold,809942.54,2026-07-28,9,0.0,0,Yes,No,2026-07-19,2026-07-28
UPDATE,2026-07-28T00:00:00,2026-07-28,PT0457048,LST0457048,AG00850,LOC0131,Single Family,5,3.5,2029,9813,1974,607200.0,2025-05-25,Sold,593583.12,2026-07-28,429,0.0,0,Yes,No,2025-05-25,2026-07-28
UPDATE,2026-07-28T00:00:00,2026-07-28,PT0238666,LST0238666,AG00637,LOC0098,Single Family,2,3.0,1331,4178,1970,521300.0,2024-10-23,Active,,,32,0.0,3,No,Yes,2024-10-23,2026-07-28
UPDATE,2026-07-28T00:00:00,2026-07-28,PT0349918,LST0349918,AG00770,LOC0151,Single Family,2,3.5,1172,4604,1906,206500.0,2026-05-10,Pending,,,44,0.0,0,No,No,2026-05-10,2026-07-28
UPDATE,2026-07-28T00:00:00,2026-07-28,PT0468221,LST0468221,AG00251,LOC0181,Condo,1,4.0,2827,8113,1995,387100.0,2023-11-11,Active,,,38,177.0,3,No,No,2023-11-11,2026-07-28
UPDATE,2026-07-28T00:00:00,2026-07-28,PT0150666,LST0150666,AG02600,LOC0132,Townhouse,6,4.0,1614,4031,1978,194500.0,2024-01-31,Sold,200776.62,2026-07-28,909,80.0,0,Yes,No,2024-01-31,2026-07-28
UPDATE,2026-07-28T00:00:00,2026-07-28,PT0063394,LST0063394,AG01833,LOC0014,Single Family,6,3.5,2537,4742,1999,577400.0,2026-05-30,Pending,,,138,0.0,0,No,Yes,2026-05-30,2026-07-28
UPDATE,2026-07-28T00:00:00,2026-07-28,PT0311695,LST0311695,AG02461,LOC0016,Multi-Family,4,3.0,3862,3422,1904,836800.0,2026-04-10,Active,,,43,0.0,1,No,Yes,2026-04-10,2026-07-28
UPDATE,2026-07-28T00:00:00,2026-07-28,PT0019408,LST0019408,AG01870,LOC0238,Single Family,1,4.5,842,4872,1988,327900.0,2026-01-20,Active,,,32,0.0,0,No,No,2026-01-20,2026-07-28
UPDATE,2026-07-28T00:00:00,2026-07-28,PT0252986,LST0252986,AG00612,LOC0008,Condo,2,4.0,1021,2796,2013,111600.0,2024-04-02,Pending,,,118,163.0,3,No,No,2024-04-02,2026-07-28
UPDATE,2026-07-28T00:00:00,2026-07-28,PT0177828,LST0177828,AG02980,LOC0228,Townhouse,6,1.0,605,8863,1980,242100.0,2023-04-06,Active,,,102,233.0,0,No,No,2023-04-06,2026-07-28
UPDATE,2026-07-28T00:00:00,2026-07-28,PT0015421,LST0015421,AG00019,LOC0054,Single Family,3,3.5,2664,14398,1937,491400.0,2023-05-30,Sold,448885.17,2026-07-28,1155,0.0,0,No,No,2023-05-30,2026-07-28
UPDATE,2026-07-28T00:00:00,2026-07-28,PT0482287,LST0482287,AG02150,LOC0247,Single Family,1,1.0,1511,1959,1984,383400.0,2026-04-20,Sold,344292.76,2026-07-28,99,0.0,0,No,No,2026-04-20,2026-07-28
UPDATE,2026-07-28T00:00:00,2026-07-28,PT0231057,LST0231057,AG02539,LOC0197,Single Family,4,4.5,1954,1592,1985,628300.0,2025-05-16,Sold,631353.76,2026-07-28,438,0.0,2,No,Yes,2025-05-16,2026-07-28
UPDATE,2026-07-28T00:00:00,2026-07-28,PT0472553,LST0472553,AG00583,LOC0064,Single Family,3,1.5,2145,15601,1933,729300.0,2025-11-12,Pending,,,88,0.0,1,No,No,2025-11-12,2026-07-28
UPDATE,2026-07-28T00:00:00,2026-07-28,PT0448236,LST0448236,AG01590,LOC0019,Condo,4,2.5,442,1343,1946,51000.0,2023-12-30,Pending,,,130,799.0,1,No,No,2023-12-30,2026-07-28
UPDATE,2026-07-28T00:00:00,2026-07-28,PT0312021,LST0312021,AG02653,LOC0161,Apartment,5,2.5,1140,0,1901,462100.0,2023-01-17,Sold,451371.79,2026-07-28,1288,670.0,0,Yes,No,2023-01-17,2026-07-28
UPDATE,2026-07-28T00:00:00,2026-07-28,PT0135399,LST0135399,AG02894,LOC0128,Single Family,5,4.0,1742,3852,1981,212800.0,2023-06-17,Pending,,,148,0.0,3,No,Yes,2023-06-17,2026-07-28
UPDATE,2026-07-28T00:00:00,2026-07-28,PT0007618,LST0007618,AG02262,LOC0194,Single Family,1,3.0,541,21242,1935,54700.0,2024-03-21,Pending,,,138,0.0,0,No,No,2024-03-21,2026-07-28
UPDATE,2026-07-28T00:00:00,2026-07-28,PT0300388,LST0300388,AG00641,LOC0062,Single Family,5,1.0,2259,2000,1968,742000.0,2024-05-25,Sold,746878.82,2026-07-28,794,0.0,1,No,Yes,2024-05-25,2026-07-28
UPDATE,2026-07-28T00:00:00,2026-07-28,PT0261480,LST0261480,AG01601,LOC0166,Condo,3,3.5,2403,4648,1927,951400.0,2023-08-25,Active,,,45,495.0,3,No,No,2023-08-25,2026-07-28
UPDATE,2026-07-28T00:00:00,2026-07-28,PT0370184,LST0370184,AG02926,LOC0018,Single Family,6,1.0,1958,3863,2003,365700.0,2026-05-25,Pending,,,25,0.0,1,Yes,Yes,2026-05-25,2026-07-28
UPDATE,2026-07-28T00:00:00,2026-07-28,PT0446995,LST0446995,AG02863,LOC0211,Townhouse,1,2.0,1344,12299,1952,387800.0,2025-01-10,Active,,,122,693.0,3,No,No,2025-01-10,2026-07-28
UPDATE,2026-07-28T00:00:00,2026-07-28,PT0228909,LST0228909,AG01519,LOC0025,Single Family,1,4.5,2276,8319,2014,490100.0,2024-10-06,Pending,,,83,0.0,3,No,Yes,2024-10-06,2026-07-28
UPDATE,2026-07-28T00:00:00,2026-07-28,PT0362892,LST0362892,AG01464,LOC0192,Condo,5,1.5,1853,2426,1943,502700.0,2023-01-15,Active,,,32,234.0,3,No,No,2023-01-15,2026-07-28
UPDATE,2026-07-28T00:00:00,2026-07-28,PT0301270,LST0301270,AG01771,LOC0189,Condo,3,1.0,2756,1246,1932,1114100.0,2023-07-16,Pending,,,84,392.0,3,No,No,2023-07-16,2026-07-28
UPDATE,2026-07-28T00:00:00,2026-07-28,PT0326339,LST0326339,AG02752,LOC0029,Apartment,3,1.5,1051,0,1953,233900.0,2023-01-23,Pending,,,150,409.0,1,Yes,No,2023-01-23,2026-07-28
UPDATE,2026-07-28T00:00:00,2026-07-28,PT0204234,LST0204234,AG01150,LOC0050,Single Family,3,2.0,2606,1146,1903,574700.0,2023-05-01,Active,,,151,0.0,3,No,No,2023-05-01,2026-07-28
UPDATE,2026-07-28T00:00:00,2026-07-28,PT0137197,LST0137197,AG00276,LOC0130,Land,0,0.0,2492,3477,1928,562500.0,2024-06-17,Pending,,,88,0.0,0,No,No,2024-06-17,2026-07-28
UPDATE,2026-07-28T00:00:00,2026-07-28,PT0051465,LST0051465,AG00714,LOC0092,Multi-Family,1,1.5,2095,6486,1984,566400.0,2024-03-23,Active,,,108,0.0,3,No,No,2024-03-23,2026-07-28
UPDATE,2026-07-28T00:00:00,2026-07-28,PT0377626,LST0377626,AG01643,LOC0192,Townhouse,5,3.0,2396,5092,1971,741400.0,2025-01-24,Pending,,,56,392.0,0,No,No,2025-01-24,2026-07-28
UPDATE,2026-07-28T00:00:00,2026-07-28,PT0380398,LST0380398,AG02523,LOC0124,Single Family,5,1.0,2547,14299,1970,1251800.0,2023-10-01,Sold,1125952.77,2026-07-28,1031,0.0,1,No,No,2023-10-01,2026-07-28
UPDATE,2026-07-28T00:00:00,2026-07-28,PT0515396,LST0515396,AG00166,LOC0172,Single Family,5,2.5,2472,1348,1985,320600.0,2026-07-13,Active,,,0,0.0,0,Yes,Yes,2026-07-13,2026-07-28
UPDATE,2026-07-28T00:00:00,2026-07-28,PT0285178,LST0285178,AG01367,LOC0057,Single Family,2,3.5,766,8729,1926,409500.0,2024-04-19,Pending,,,158,0.0,3,No,No,2024-04-19,2026-07-28
UPDATE,2026-07-28T00:00:00,2026-07-28,PT0063684,LST0063684,AG00112,LOC0160,Single Family,6,2.5,943,1207,1976,171300.0,2026-03-05,Pending,,,138,0.0,0,Yes,Yes,2026-03-05,2026-07-28
UPDATE,2026-07-28T00:00:00,2026-07-28,PT0362823,LST0362823,AG02154,LOC0148,Townhouse,5,2.0,3029,5752,1991,765100.0,2023-11-02,Active,,,52,313.0,0,No,No,2023-11-02,2026-07-28
UPDATE,2026-07-28T00:00:00,2026-07-28,PT0019286,LST0019286,AG00765,LOC0077,Townhouse,6,1.5,1058,5127,1925,419700.0,2023-07-25,Sold,383266.11,2026-07-28,1099,266.0,1,No,No,2023-07-25,2026-07-28
UPDATE,2026-07-28T00:00:00,2026-07-28,PT0484977,LST0484977,AG02924,LOC0159,Multi-Family,5,4.5,3929,3286,1950,802700.0,2023-06-30,Pending,,,86,0.0,3,No,No,2023-06-30,2026-07-28
UPDATE,2026-07-28T00:00:00,2026-07-28,PT0380813,LST0380813,AG02889,LOC0249,Condo,6,1.5,1666,1536,2000,772600.0,2026-06-05,Pending,,,169,363.0,0,Yes,No,2026-06-05,2026-07-28
UPDATE,2026-07-28T00:00:00,2026-07-28,PT0010506,LST0010506,AG02206,LOC0181,Condo,4,1.0,2574,3246,2000,485200.0,2024-03-25,Pending,,,53,153.0,3,No,No,2024-03-25,2026-07-28
UPDATE,2026-07-28T00:00:00,2026-07-28,PT0021441,LST0021441,AG01473,LOC0058,Single Family,2,2.5,976,2016,1922,292900.0,2024-03-20,Pending,,,96,0.0,3,No,Yes,2024-03-20,2026-07-28
UPDATE,2026-07-28T00:00:00,2026-07-28,PT0019592,LST0019592,AG00891,LOC0191,Apartment,1,3.5,1107,0,1969,442300.0,2025-01-01,Active,,,136,324.0,0,No,No,2025-01-01,2026-07-28
UPDATE,2026-07-28T00:00:00,2026-07-28,PT0525635,LST0525635,AG00860,LOC0126,Single Family,2,2.0,1813,3245,1989,319400.0,2026-07-23,Sold,335892.46,2026-07-28,5,0.0,3,No,Yes,2026-07-23,2026-07-28
UPDATE,2026-07-28T00:00:00,2026-07-28,PT0042192,LST0042192,AG02204,LOC0201,Single Family,2,2.0,1685,1805,2010,245300.0,2023-06-21,Pending,,,5,0.0,3,Yes,No,2023-06-21,2026-07-28
UPDATE,2026-07-28T00:00:00,2026-07-28,PT0197137,LST0197137,AG00576,LOC0162,Apartment,3,4.0,1470,0,1933,310300.0,2023-01-23,Active,,,164,493.0,2,No,No,2023-01-23,2026-07-28
UPDATE,2026-07-28T00:00:00,2026-07-28,PT0154064,LST0154064,AG02370,LOC0114,Single Family,4,2.5,1469,3679,1922,352800.0,2026-03-12,Active,,,136,0.0,3,No,Yes,2026-03-12,2026-07-28
UPDATE,2026-07-28T00:00:00,2026-07-28,PT0165189,LST0165189,AG00701,LOC0187,Condo,1,1.5,1500,10469,1935,450300.0,2024-01-14,Pending,,,13,717.0,3,No,No,2024-01-14,2026-07-28
UPDATE,2026-07-28T00:00:00,2026-07-28,PT0044445,LST0044445,AG00394,LOC0211,Single Family,1,3.0,3072,3489,1953,1661200.0,2024-03-31,Active,,,112,0.0,1,No,No,2024-03-31,2026-07-28
UPDATE,2026-07-28T00:00:00,2026-07-28,PT0411625,LST0411625,AG01507,LOC0059,Single Family,2,1.0,1611,8601,1960,442200.0,2025-03-03,Sold,430432.19,2026-07-28,512,0.0,2,No,No,2025-03-03,2026-07-28
UPDATE,2026-07-28T00:00:00,2026-07-28,PT0468231,LST0468231,AG01584,LOC0086,Townhouse,4,4.0,1324,3802,1929,186800.0,2024-01-24,Pending,,,19,394.0,2,Yes,No,2024-01-24,2026-07-28
UPDATE,2026-07-28T00:00:00,2026-07-28,PT0199581,LST0199581,AG01671,LOC0066,Single Family,5,1.5,1878,2147,1941,432700.0,2023-02-07,Active,,,166,0.0,0,No,Yes,2023-02-07,2026-07-28
UPDATE,2026-07-28T00:00:00,2026-07-28,PT0242385,LST0242385,AG02698,LOC0203,Condo,2,4.0,1437,21119,2023,248800.0,2025-06-11,Pending,,,119,119.0,1,No,No,2025-06-11,2026-07-28
UPDATE,2026-07-28T00:00:00,2026-07-28,PT0374345,LST0374345,AG00607,LOC0204,Single Family,1,4.0,1802,1548,1966,757800.0,2026-06-11,Pending,,,99,0.0,1,No,Yes,2026-06-11,2026-07-28
UPDATE,2026-07-28T00:00:00,2026-07-28,PT0517844,LST0517844,AG00923,LOC0061,Single Family,2,4.5,3236,1203,1999,593500.0,2026-07-15,Active,,,0,0.0,0,Yes,Yes,2026-07-15,2026-07-28
UPDATE,2026-07-28T00:00:00,2026-07-28,PT0530467,LST0530467,AG02858,LOC0162,Single Family,3,3.5,1041,1480,1968,124500.0,2026-07-27,Active,,,0,0.0,1,Yes,No,2026-07-27,2026-07-28
UPDATE,2026-07-28T00:00:00,2026-07-28,PT0204699,LST0204699,AG00254,LOC0028,Apartment,2,3.0,709,0,1923,124600.0,2024-09-09,Pending,,,114,260.0,3,No,No,2024-09-09,2026-07-28
UPDATE,2026-07-28T00:00:00,2026-07-28,PT0241246,LST0241246,AG02025,LOC0076,Single Family,3,2.0,2728,2177,1915,390700.0,2024-02-01,Active,,,46,0.0,1,Yes,No,2024-02-01,2026-07-28
UPDATE,2026-07-28T00:00:00,2026-07-28,PT0521946,LST0521946,AG02164,LOC0017,Apartment,4,1.0,1017,0,1999,335300.0,2026-07-19,Pending,,,0,252.35,2,Yes,No,2026-07-19,2026-07-28
UPDATE,2026-07-28T00:00:00,2026-07-28,PT0532376,LST0532376,AG00663,LOC0236,Single Family,4,2.0,794,6666,1954,96200.0,2026-07-28,Active,,,0,0.0,3,No,Yes,2026-07-28,2026-07-28
UPDATE,2026-07-28T00:00:00,2026-07-28,PT0505362,LST0505362,AG00617,LOC0073,Single Family,5,2.5,2367,1765,1911,1343000.0,2026-07-05,Active,,,0,0.0,2,No,Yes,2026-07-05,2026-07-28
UPDATE,2026-07-28T00:00:00,2026-07-28,PT0455186,LST0455186,AG01905,LOC0011,Single Family,5,3.5,2931,2215,1984,1802200.0,2026-06-22,Pending,,,167,0.0,1,Yes,Yes,2026-06-22,2026-07-28
UPDATE,2026-07-28T00:00:00,2026-07-28,PT0158852,LST0158852,AG01219,LOC0107,Single Family,3,2.0,2055,1805,2018,668600.0,2024-01-08,Pending,,,87,0.0,0,No,Yes,2024-01-08,2026-07-28
UPDATE,2026-07-28T00:00:00,2026-07-28,PT0236017,LST0236017,AG01660,LOC0023,Condo,1,4.5,300,4239,1932,86600.0,2024-12-23,Pending,,,42,618.0,2,Yes,No,2024-12-23,2026-07-28
UPDATE,2026-07-28T00:00:00,2026-07-28,PT0346761,LST0346761,AG02818,LOC0145,Townhouse,2,4.0,935,3725,2017,186900.0,2024-05-09,Sold,171715.68,2026-07-28,810,457.0,0,No,No,2024-05-09,2026-07-28
UPDATE,2026-07-28T00:00:00,2026-07-28,PT0441286,LST0441286,AG01243,LOC0115,Single Family,2,1.5,1110,2107,1989,234600.0,2024-02-29,Sold,235915.62,2026-07-28,880,0.0,1,No,No,2024-02-29,2026-07-28
UPDATE,2026-07-28T00:00:00,2026-07-28,PT0459489,LST0459489,AG00809,LOC0090,Single Family,3,3.5,2059,3214,1927,770900.0,2026-04-24,Active,,,145,0.0,3,No,Yes,2026-04-24,2026-07-28
UPDATE,2026-07-28T00:00:00,2026-07-28,PT0229226,LST0229226,AG02021,LOC0209,Single Family,4,4.5,1504,1131,1996,632200.0,2023-02-12,Active,,,51,0.0,1,No,Yes,2023-02-12,2026-07-28
UPDATE,2026-07-28T00:00:00,2026-07-28,PT0481058,LST0481058,AG00076,LOC0036,Single Family,3,3.0,1238,2139,1989,97600.0,2025-01-05,Pending,,,52,0.0,3,No,Yes,2025-01-05,2026-07-28
UPDATE,2026-07-28T00:00:00,2026-07-28,PT0045967,LST0045967,AG00312,LOC0217,Single Family,6,2.0,2115,4755,1926,284900.0,2026-03-20,Active,,,57,0.0,2,No,No,2026-03-20,2026-07-28
UPDATE,2026-07-28T00:00:00,2026-07-28,PT0149488,LST0149488,AG00104,LOC0234,Condo,5,1.0,2641,9727,2010,971600.0,2024-05-21,Active,,,47,177.0,3,No,No,2024-05-21,2026-07-28
UPDATE,2026-07-28T00:00:00,2026-07-28,PT0128992,LST0128992,AG02291,LOC0021,Condo,5,4.0,2469,10442,1943,140800.0,2024-10-18,Pending,,,93,119.0,1,No,No,2024-10-18,2026-07-28
UPDATE,2026-07-28T00:00:00,2026-07-28,PT0451752,LST0451752,AG02493,LOC0231,Townhouse,3,2.0,1887,8969,1984,248800.0,2025-03-23,Sold,228069.76,2026-07-28,492,308.0,3,No,No,2025-03-23,2026-07-28
UPDATE,2026-07-28T00:00:00,2026-07-28,PT0443149,LST0443149,AG00139,LOC0204,Single Family,2,1.5,1892,6970,1967,1067400.0,2023-10-29,Sold,1067294.05,2026-07-28,1003,0.0,3,No,No,2023-10-29,2026-07-28
UPDATE,2026-07-28T00:00:00,2026-07-28,PT0529098,LST0529098,AG02925,LOC0140,Condo,4,4.5,1445,4176,1944,401100.0,2026-07-26,Active,,,0,512.79,2,No,No,2026-07-26,2026-07-28
UPDATE,2026-07-28T00:00:00,2026-07-28,PT0405362,LST0405362,AG01397,LOC0158,Condo,6,3.0,2709,6768,1920,1434700.0,2026-03-05,Pending,,,143,613.0,2,No,No,2026-03-05,2026-07-28
UPDATE,2026-07-28T00:00:00,2026-07-28,PT0042170,LST0042170,AG01258,LOC0158,Condo,4,4.5,2597,2124,1934,659400.0,2023-10-06,Sold,636987.68,2026-07-28,1026,528.0,1,No,No,2023-10-06,2026-07-28
UPDATE,2026-07-28T00:00:00,2026-07-28,PT0205408,LST0205408,AG01434,LOC0093,Townhouse,3,3.5,2418,2052,2003,598600.0,2026-06-03,Active,,,85,318.0,0,No,No,2026-06-03,2026-07-28
UPDATE,2026-07-28T00:00:00,2026-07-28,PT0503637,LST0503637,AG01172,LOC0062,Townhouse,6,1.0,2185,7553,1991,481300.0,2026-07-03,Pending,,,0,467.77,2,No,No,2026-07-03,2026-07-28
UPDATE,2026-07-28T00:00:00,2026-07-28,PT0077440,LST0077440,AG02383,LOC0167,Single Family,5,4.0,3335,1643,1965,1053800.0,2024-12-07,Pending,,,45,0.0,3,Yes,No,2024-12-07,2026-07-28
UPDATE,2026-07-28T00:00:00,2026-07-28,PT0061119,LST0061119,AG00101,LOC0145,Single Family,6,2.5,3336,3555,1943,609600.0,2026-01-22,Active,,,135,0.0,2,No,Yes,2026-01-22,2026-07-28
UPDATE,2026-07-28T00:00:00,2026-07-28,PT0088195,LST0088195,AG02877,LOC0036,Condo,5,2.0,838,2088,1951,257300.0,2023-08-16,Active,,,31,421.0,0,No,No,2023-08-16,2026-07-28
UPDATE,2026-07-28T00:00:00,2026-07-28,PT0468621,LST0468621,AG02434,LOC0246,Condo,2,2.0,2210,1308,1950,523800.0,2026-05-16,Active,,,89,380.0,0,No,No,2026-05-16,2026-07-28
UPDATE,2026-07-28T00:00:00,2026-07-28,PT0479623,LST0479623,AG02997,LOC0249,Condo,4,1.5,445,1752,1982,118500.0,2025-04-06,Pending,,,62,707.0,1,No,No,2025-04-06,2026-07-28
UPDATE,2026-07-28T00:00:00,2026-07-28,PT0198513,LST0198513,AG02735,LOC0196,Multi-Family,2,1.0,2602,4156,1921,492900.0,2026-02-03,Sold,497342.55,2026-07-28,175,0.0,2,No,Yes,2026-02-03,2026-07-28
UPDATE,2026-07-28T00:00:00,2026-07-28,PT0116945,LST0116945,AG02562,LOC0223,Condo,2,2.5,1728,2084,1955,538100.0,2026-04-04,Pending,,,148,65.0,2,No,No,2026-04-04,2026-07-28
UPDATE,2026-07-28T00:00:00,2026-07-28,PT0467437,LST0467437,AG00453,LOC0235,Townhouse,2,1.0,2106,5606,1908,1426100.0,2023-01-02,Active,,,131,246.0,3,Yes,No,2023-01-02,2026-07-28
UPDATE,2026-07-28T00:00:00,2026-07-28,PT0412272,LST0412272,AG02772,LOC0071,Land,0,0.0,2723,4118,1909,494000.0,2025-05-05,Sold,471140.38,2026-07-28,449,0.0,0,No,No,2025-05-05,2026-07-28
UPDATE,2026-07-28T00:00:00,2026-07-28,PT0529606,LST0529606,AG01110,LOC0247,Multi-Family,2,1.0,4311,5959,1997,930900.0,2026-07-26,Active,,,0,0.0,2,No,Yes,2026-07-26,2026-07-28
UPDATE,2026-07-28T00:00:00,2026-07-28,PT0443044,LST0443044,AG00292,LOC0105,Condo,6,1.5,1026,2111,1928,170200.0,2025-12-24,Pending,,,145,549.0,2,No,No,2025-12-24,2026-07-28
UPDATE,2026-07-28T00:00:00,2026-07-28,PT0048036,LST0048036,AG01496,LOC0114,Condo,6,4.5,1335,2301,1942,340800.0,2024-02-17,Pending,,,121,267.0,1,No,No,2024-02-17,2026-07-28
UPDATE,2026-07-28T00:00:00,2026-07-28,PT0114099,LST0114099,AG02253,LOC0114,Single Family,6,2.0,1324,7767,2001,357900.0,2023-03-23,Pending,,,128,0.0,3,No,No,2023-03-23,2026-07-28
UPDATE,2026-07-28T00:00:00,2026-07-28,PT0221029,LST0221029,AG01534,LOC0062,Condo,5,4.5,1412,1084,1929,484500.0,2026-04-14,Sold,519690.12,2026-07-28,105,295.0,3,No,No,2026-04-14,2026-07-28
UPDATE,2026-07-28T00:00:00,2026-07-28,PT0210077,LST0210077,AG02023,LOC0021,Townhouse,6,2.5,1123,1583,1985,202100.0,2026-02-22,Pending,,,0,525.0,1,No,No,2026-02-22,2026-07-28
UPDATE,2026-07-28T00:00:00,2026-07-28,PT0358713,LST0358713,AG01555,LOC0058,Single Family,5,4.0,3183,4649,1962,969900.0,2024-12-26,Pending,,,71,0.0,1,No,Yes,2024-12-26,2026-07-28
UPDATE,2026-07-28T00:00:00,2026-07-28,PT0343113,LST0343113,AG01889,LOC0103,Single Family,4,4.5,2555,10370,2005,911300.0,2024-05-06,Sold,834411.46,2026-07-28,813,0.0,3,Yes,Yes,2024-05-06,2026-07-28
UPDATE,2026-07-28T00:00:00,2026-07-28,PT0503510,LST0503510,AG02483,LOC0028,Single Family,2,2.0,3628,5509,1905,298700.0,2026-07-03,Active,,,0,0.0,0,No,Yes,2026-07-03,2026-07-28
UPDATE,2026-07-28T00:00:00,2026-07-28,PT0504266,LST0504266,AG00511,LOC0051,Townhouse,6,1.5,1866,1216,1960,229900.0,2026-07-04,Active,,,0,179.6,0,No,No,2026-07-04,2026-07-28
UPDATE,2026-07-28T00:00:00,2026-07-28,PT0091210,LST0091210,AG02953,LOC0051,Single Family,3,4.0,2295,7677,2000,217700.0,2023-02-20,Pending,,,107,0.0,2,No,Yes,2023-02-20,2026-07-28
UPDATE,2026-07-28T00:00:00,2026-07-28,PT0161819,LST0161819,AG00097,LOC0035,Condo,4,1.5,839,1690,1927,106700.0,2026-03-14,Sold,112335.51,2026-07-28,136,107.0,0,No,No,2026-03-14,2026-07-28
UPDATE,2026-07-28T00:00:00,2026-07-28,PT0226793,LST0226793,AG02123,LOC0109,Townhouse,2,4.5,2430,2629,1999,1457100.0,2024-05-10,Active,,,52,105.0,3,No,No,2024-05-10,2026-07-28
UPDATE,2026-07-28T00:00:00,2026-07-28,PT0027779,LST0027779,AG01506,LOC0149,Land,0,0.0,6980,1034,1908,1291400.0,2023-06-29,Pending,,,47,0.0,0,No,No,2023-06-29,2026-07-28
UPDATE,2026-07-28T00:00:00,2026-07-28,PT0244127,LST0244127,AG00909,LOC0162,Townhouse,6,1.5,1092,3583,1969,263200.0,2025-09-13,Sold,246300.83,2026-07-28,318,54.0,3,No,No,2025-09-13,2026-07-28
UPDATE,2026-07-28T00:00:00,2026-07-28,PT0472513,LST0472513,AG01530,LOC0132,Single Family,4,2.0,2399,1323,1966,652100.0,2024-02-14,Sold,644065.19,2026-07-28,895,0.0,3,No,Yes,2024-02-14,2026-07-28
UPDATE,2026-07-28T00:00:00,2026-07-28,PT0156861,LST0156861,AG00899,LOC0122,Townhouse,6,1.0,2514,5110,1992,524700.0,2023-11-09,Pending,,,45,147.0,2,No,No,2023-11-09,2026-07-28
UPDATE,2026-07-28T00:00:00,2026-07-28,PT0523386,LST0523386,AG02875,LOC0247,Townhouse,3,4.5,1658,5043,1971,444800.0,2026-07-21,Active,,,0,755.36,3,No,No,2026-07-21,2026-07-28
UPDATE,2026-07-28T00:00:00,2026-07-28,PT0269861,LST0269861,AG01208,LOC0239,Single Family,1,1.0,1914,4205,1993,534900.0,2023-01-05,Active,,,63,0.0,1,Yes,No,2023-01-05,2026-07-28
UPDATE,2026-07-28T00:00:00,2026-07-28,PT0253482,LST0253482,AG01090,LOC0118,Single Family,5,2.5,1163,8889,1998,147400.0,2023-09-29,Sold,147295.96,2026-07-28,1033,0.0,2,No,Yes,2023-09-29,2026-07-28
UPDATE,2026-07-28T00:00:00,2026-07-28,PT0467358,LST0467358,AG02333,LOC0050,Single Family,4,4.5,2050,1074,1975,472100.0,2023-01-28,Pending,,,125,0.0,3,Yes,No,2023-01-28,2026-07-28
UPDATE,2026-07-28T00:00:00,2026-07-28,PT0094246,LST0094246,AG01754,LOC0101,Single Family,1,3.5,2357,3995,1926,697900.0,2023-05-13,Sold,661804.73,2026-07-28,1172,0.0,1,No,No,2023-05-13,2026-07-28
UPDATE,2026-07-28T00:00:00,2026-07-28,PT0119682,LST0119682,AG02574,LOC0196,Multi-Family,6,3.5,1695,6729,1904,310600.0,2025-02-28,Active,,,34,0.0,3,Yes,No,2025-02-28,2026-07-28
UPDATE,2026-07-28T00:00:00,2026-07-28,PT0166427,LST0166427,AG00979,LOC0226,Single Family,5,4.0,2525,2104,1912,917000.0,2024-07-19,Active,,,65,0.0,2,No,Yes,2024-07-19,2026-07-28
UPDATE,2026-07-28T00:00:00,2026-07-28,PT0324586,LST0324586,AG00909,LOC0198,Condo,1,2.5,1501,16355,1957,244200.0,2023-10-14,Pending,,,30,241.0,0,No,No,2023-10-14,2026-07-28
UPDATE,2026-07-28T00:00:00,2026-07-28,PT0310804,LST0310804,AG00452,LOC0155,Multi-Family,4,2.5,4206,7127,1989,968100.0,2025-11-12,Active,,,59,0.0,3,No,Yes,2025-11-12,2026-07-28
UPDATE,2026-07-28T00:00:00,2026-07-28,PT0142409,LST0142409,AG02033,LOC0060,Condo,2,4.5,1710,6608,1986,387100.0,2024-01-28,Pending,,,29,304.0,0,No,No,2024-01-28,2026-07-28
UPDATE,2026-07-28T00:00:00,2026-07-28,PT0104786,LST0104786,AG00142,LOC0205,Single Family,4,3.0,2459,4568,1912,412300.0,2023-12-28,Active,,,46,0.0,1,No,Yes,2023-12-28,2026-07-28
UPDATE,2026-07-28T00:00:00,2026-07-28,PT0069978,LST0069978,AG00930,LOC0127,Single Family,2,3.0,2854,4386,1927,1125600.0,2025-08-10,Pending,,,9,0.0,1,No,Yes,2025-08-10,2026-07-28
UPDATE,2026-07-28T00:00:00,2026-07-28,PT0490772,LST0490772,AG01254,LOC0119,Single Family,3,3.5,1978,6964,1968,974200.0,2025-07-18,Active,,,81,0.0,2,No,Yes,2025-07-18,2026-07-28
UPDATE,2026-07-28T00:00:00,2026-07-28,PT0165318,LST0165318,AG01513,LOC0169,Single Family,5,1.0,2440,5654,2010,507600.0,2026-03-11,Active,,,98,0.0,2,No,Yes,2026-03-11,2026-07-28
UPDATE,2026-07-28T00:00:00,2026-07-28,PT0295698,LST0295698,AG02773,LOC0032,Townhouse,6,2.0,3031,3097,1957,596800.0,2023-06-26,Pending,,,72,363.0,1,Yes,No,2023-06-26,2026-07-28
UPDATE,2026-07-28T00:00:00,2026-07-28,PT0505378,LST0505378,AG02711,LOC0039,Single Family,6,4.5,2572,4502,2013,670200.0,2026-07-05,Pending,,,0,0.0,2,No,No,2026-07-05,2026-07-28
UPDATE,2026-07-28T00:00:00,2026-07-28,PT0195681,LST0195681,AG01042,LOC0223,Condo,5,3.5,2604,1088,1982,1281200.0,2023-07-12,Pending,,,131,128.0,1,No,No,2023-07-12,2026-07-28
UPDATE,2026-07-28T00:00:00,2026-07-28,PT0254968,LST0254968,AG01410,LOC0009,Single Family,6,4.0,2150,4707,1943,701400.0,2026-02-10,Active,,,53,0.0,2,No,No,2026-02-10,2026-07-28
UPDATE,2026-07-28T00:00:00,2026-07-28,PT0256243,LST0256243,AG00895,LOC0070,Single Family,6,4.0,3161,1863,1990,505100.0,2024-11-01,Pending,,,102,0.0,1,No,No,2024-11-01,2026-07-28
UPDATE,2026-07-28T00:00:00,2026-07-28,PT0505977,LST0505977,AG01619,LOC0207,Condo,2,4.5,2527,4214,1983,342800.0,2026-07-05,Active,,,0,636.82,2,No,No,2026-07-05,2026-07-28
UPDATE,2026-07-28T00:00:00,2026-07-28,PT0085294,LST0085294,AG01102,LOC0080,Condo,3,1.0,2940,2304,1932,910000.0,2024-10-13,Active,,,129,649.0,2,No,No,2024-10-13,2026-07-28
UPDATE,2026-07-28T00:00:00,2026-07-28,PT0222097,LST0222097,AG01475,LOC0235,Townhouse,5,4.0,2267,5302,2010,1349400.0,2023-03-21,Pending,,,129,670.0,1,No,No,2023-03-21,2026-07-28
UPDATE,2026-07-28T00:00:00,2026-07-28,PT0403690,LST0403690,AG01660,LOC0008,Multi-Family,1,2.0,1827,1221,1953,283700.0,2025-07-21,Active,,,12,0.0,3,Yes,Yes,2025-07-21,2026-07-28
UPDATE,2026-07-28T00:00:00,2026-07-28,PT0452959,LST0452959,AG01186,LOC0057,Single Family,1,3.5,1118,2878,2009,594400.0,2023-08-05,Sold,576538.54,2026-07-28,1088,0.0,0,No,No,2023-08-05,2026-07-28
UPDATE,2026-07-28T00:00:00,2026-07-28,PT0000008,LST0000008,AG01103,LOC0166,Single Family,4,1.5,2014,5437,1984,951700.0,2025-11-26,Active,,,64,0.0,3,No,Yes,2025-11-26,2026-07-28
UPDATE,2026-07-28T00:00:00,2026-07-28,PT0234638,LST0234638,AG00884,LOC0037,Condo,5,4.5,1467,1245,1905,761800.0,2023-10-31,Sold,751316.29,2026-07-28,1001,619.0,2,No,No,2023-10-31,2026-07-28
UPDATE,2026-07-28T00:00:00,2026-07-28,PT0003140,LST0003140,AG00797,LOC0241,Single Family,3,2.5,1667,3816,1951,319200.0,2025-11-30,Pending,,,31,0.0,1,No,Yes,2025-11-30,2026-07-28
UPDATE,2026-07-28T00:00:00,2026-07-28,PT0251770,LST0251770,AG01981,LOC0241,Multi-Family,5,2.5,2164,3155,1971,419300.0,2023-05-05,Active,,,25,0.0,3,No,No,2023-05-05,2026-07-28
UPDATE,2026-07-28T00:00:00,2026-07-28,PT0189594,LST0189594,AG01362,LOC0168,Single Family,4,2.5,2644,3238,1961,1772800.0,2023-05-17,Sold,1862614.15,2026-07-28,1168,0.0,1,No,Yes,2023-05-17,2026-07-28
UPDATE,2026-07-28T00:00:00,2026-07-28,PT0513062,LST0513062,AG00466,LOC0079,Townhouse,6,3.0,982,14405,1905,156700.0,2026-07-11,Active,,,0,409.9,0,Yes,No,2026-07-11,2026-07-28
UPDATE,2026-07-28T00:00:00,2026-07-28,PT0525260,LST0525260,AG00722,LOC0163,Single Family,2,4.5,2400,6778,1953,1116700.0,2026-07-22,Sold,1094940.91,2026-07-28,6,0.0,2,No,No,2026-07-22,2026-07-28
UPDATE,2026-07-28T00:00:00,2026-07-28,PT0214724,LST0214724,AG02407,LOC0137,Townhouse,2,2.5,1194,13535,1934,395900.0,2025-10-18,Pending,,,29,670.0,0,No,No,2025-10-18,2026-07-28
UPDATE,2026-07-28T00:00:00,2026-07-28,PT0460776,LST0460776,AG02181,LOC0249,Single Family,6,4.5,2258,2533,2010,1174800.0,2025-07-06,Sold,1174665.72,2026-07-28,387,0.0,0,No,Yes,2025-07-06,2026-07-28
UPDATE,2026-07-28T00:00:00,2026-07-28,PT0108042,LST0108042,AG02883,LOC0123,Apartment,3,1.0,963,0,1928,337600.0,2026-01-02,Sold,324903.1,2026-07-28,207,247.0,2,No,No,2026-01-02,2026-07-28
UPDATE,2026-07-28T00:00:00,2026-07-28,PT0017300,LST0017300,AG01107,LOC0079,Single Family,4,2.0,2699,3014,1986,545100.0,2024-08-31,Pending,,,18,0.0,2,No,No,2024-08-31,2026-07-28
UPDATE,2026-07-28T00:00:00,2026-07-28,PT0453198,LST0453198,AG02110,LOC0022,Single Family,2,3.5,597,4906,1929,135400.0,2024-05-04,Pending,,,97,0.0,0,Yes,No,2024-05-04,2026-07-28
UPDATE,2026-07-28T00:00:00,2026-07-28,PT0054837,LST0054837,AG02681,LOC0016,Single Family,5,3.5,880,7105,1969,142500.0,2024-08-30,Pending,,,69,0.0,1,No,No,2024-08-30,2026-07-28
UPDATE,2026-07-28T00:00:00,2026-07-28,PT0219679,LST0219679,AG00389,LOC0161,Single Family,4,4.5,991,4421,1906,300400.0,2025-05-24,Active,,,146,0.0,2,Yes,No,2025-05-24,2026-07-28
UPDATE,2026-07-28T00:00:00,2026-07-28,PT0455323,LST0455323,AG01620,LOC0146,Townhouse,1,2.5,555,2781,2004,61200.0,2025-08-16,Active,,,74,75.0,2,No,No,2025-08-16,2026-07-28
UPDATE,2026-07-28T00:00:00,2026-07-28,PT0237490,LST0237490,AG02616,LOC0100,Single Family,3,3.0,1591,10977,1965,91900.0,2023-12-26,Pending,,,60,0.0,2,Yes,No,2023-12-26,2026-07-28
UPDATE,2026-07-28T00:00:00,2026-07-28,PT0421455,LST0421455,AG00805,LOC0148,Condo,1,4.5,2944,2916,2020,1167400.0,2024-07-22,Active,,,4,552.0,3,No,No,2024-07-22,2026-07-28
UPDATE,2026-07-28T00:00:00,2026-07-28,PT0370924,LST0370924,AG00572,LOC0070,Land,0,0.0,7799,2395,1993,1952200.0,2024-09-01,Active,,,136,0.0,0,No,No,2024-09-01,2026-07-28
UPDATE,2026-07-28T00:00:00,2026-07-28,PT0290236,LST0290236,AG00038,LOC0012,Single Family,4,2.5,1990,6183,2008,724700.0,2025-01-08,Active,,,153,0.0,0,No,No,2025-01-08,2026-07-28
UPDATE,2026-07-28T00:00:00,2026-07-28,PT0471100,LST0471100,AG00518,LOC0195,Single Family,5,3.5,2091,1446,1901,574600.0,2025-08-04,Active,,,148,0.0,2,No,Yes,2025-08-04,2026-07-28
UPDATE,2026-07-28T00:00:00,2026-07-28,PT0526751,LST0526751,AG02817,LOC0061,Single Family,6,4.0,2185,7371,1904,453900.0,2026-07-24,Pending,,,0,0.0,3,No,Yes,2026-07-24,2026-07-28
UPDATE,2026-07-28T00:00:00,2026-07-28,PT0512274,LST0512274,AG01266,LOC0130,Apartment,5,1.0,691,0,1929,193500.0,2026-07-11,Active,,,0,454.75,2,No,No,2026-07-11,2026-07-28
UPDATE,2026-07-28T00:00:00,2026-07-28,PT0171177,LST0171177,AG01518,LOC0180,Condo,2,4.0,1919,3510,1981,473400.0,2025-02-18,Pending,,,35,574.0,1,No,No,2025-02-18,2026-07-28
UPDATE,2026-07-28T00:00:00,2026-07-28,PT0132265,LST0132265,AG00555,LOC0079,Townhouse,5,3.5,1255,1823,1996,208900.0,2023-03-06,Pending,,,119,637.0,2,No,No,2023-03-06,2026-07-28
UPDATE,2026-07-28T00:00:00,2026-07-28,PT0095059,LST0095059,AG02898,LOC0023,Single Family,1,1.0,2327,6222,1986,367100.0,2026-04-24,Active,,,104,0.0,1,No,No,2026-04-24,2026-07-28
UPDATE,2026-07-28T00:00:00,2026-07-28,PT0202589,LST0202589,AG00798,LOC0072,Condo,6,3.0,2347,4710,2016,347500.0,2025-06-30,Pending,,,179,239.0,0,No,No,2025-06-30,2026-07-28
UPDATE,2026-07-28T00:00:00,2026-07-28,PT0153867,LST0153867,AG00177,LOC0078,Single Family,4,1.0,861,2458,1958,421700.0,2023-03-01,Pending,,,165,0.0,1,Yes,No,2023-03-01,2026-07-28
UPDATE,2026-07-28T00:00:00,2026-07-28,PT0515206,LST0515206,AG01557,LOC0001,Single Family,5,2.5,1364,1368,2005,249300.0,2026-07-13,Pending,,,0,0.0,2,No,No,2026-07-13,2026-07-28
UPDATE,2026-07-28T00:00:00,2026-07-28,PT0187994,LST0187994,AG00518,LOC0138,Single Family,2,2.5,1205,2353,1961,310800.0,2026-03-09,Pending,,,34,0.0,2,No,No,2026-03-09,2026-07-28
UPDATE,2026-07-28T00:00:00,2026-07-28,PT0378990,LST0378990,AG00372,LOC0225,Single Family,6,2.5,1623,3963,1946,733200.0,2024-10-25,Active,,,98,0.0,0,No,Yes,2024-10-25,2026-07-28
UPDATE,2026-07-28T00:00:00,2026-07-28,PT0153962,LST0153962,AG01051,LOC0076,Multi-Family,3,2.5,3944,10092,1909,588600.0,2023-08-17,Active,,,3,0.0,1,No,No,2023-08-17,2026-07-28
UPDATE,2026-07-28T00:00:00,2026-07-28,PT0417197,LST0417197,AG01192,LOC0128,Condo,2,2.5,2699,4733,1998,414300.0,2024-05-28,Sold,426314.83,2026-07-28,791,546.0,0,Yes,No,2024-05-28,2026-07-28
UPDATE,2026-07-28T00:00:00,2026-07-28,PT0153278,LST0153278,AG00547,LOC0009,Condo,5,2.0,1546,4194,1924,183600.0,2026-01-08,Pending,,,155,300.0,2,No,No,2026-01-08,2026-07-28
UPDATE,2026-07-28T00:00:00,2026-07-28,PT0524778,LST0524778,AG02836,LOC0156,Single Family,5,2.0,1630,1448,1999,425500.0,2026-07-22,Active,,,0,0.0,1,No,No,2026-07-22,2026-07-28
UPDATE,2026-07-28T00:00:00,2026-07-28,PT0532288,LST0532288,AG01967,LOC0027,Single Family,1,3.0,1175,15089,1916,597900.0,2026-07-28,Pending,,,0,0.0,0,Yes,No,2026-07-28,2026-07-28
UPDATE,2026-07-28T00:00:00,2026-07-28,PT0221331,LST0221331,AG02644,LOC0070,Single Family,4,3.5,1763,5002,1912,401000.0,2026-03-17,Sold,360664.68,2026-07-28,133,0.0,3,Yes,Yes,2026-03-17,2026-07-28
UPDATE,2026-07-28T00:00:00,2026-07-28,PT0112427,LST0112427,AG01482,LOC0013,Single Family,1,4.0,2104,3023,1923,341900.0,2026-02-03,Pending,,,11,0.0,3,No,Yes,2026-02-03,2026-07-28
UPDATE,2026-07-28T00:00:00,2026-07-28,PT0529387,LST0529387,AG02830,LOC0004,Condo,5,4.0,985,1331,1919,153900.0,2026-07-26,Pending,,,0,177.56,0,Yes,No,2026-07-26,2026-07-28
UPDATE,2026-07-28T00:00:00,2026-07-28,PT0528775,LST0528775,AG01089,LOC0016,Single Family,2,4.0,2532,2842,1998,571600.0,2026-07-25,Sold,540935.36,2026-07-28,3,0.0,0,Yes,No,2026-07-25,2026-07-28
UPDATE,2026-07-28T00:00:00,2026-07-28,PT0158591,LST0158591,AG02132,LOC0102,Townhouse,2,3.5,386,5423,1914,66500.0,2025-12-25,Pending,,,78,523.0,1,No,No,2025-12-25,2026-07-28
UPDATE,2026-07-28T00:00:00,2026-07-28,PT0066454,LST0066454,AG01547,LOC0195,Single Family,1,1.5,1994,2124,2015,803700.0,2023-10-29,Pending,,,134,0.0,1,No,No,2023-10-29,2026-07-28
UPDATE,2026-07-28T00:00:00,2026-07-28,PT0483514,LST0483514,AG01757,LOC0072,Single Family,1,2.0,2022,7374,1917,320500.0,2024-07-14,Active,,,31,0.0,2,No,Yes,2024-07-14,2026-07-28
UPDATE,2026-07-28T00:00:00,2026-07-28,PT0485284,LST0485284,AG00958,LOC0139,Townhouse,4,4.0,1392,1993,2007,275400.0,2026-03-23,Pending,,,112,487.0,0,Yes,No,2026-03-23,2026-07-28
UPDATE,2026-07-28T00:00:00,2026-07-28,PT0430792,LST0430792,AG01366,LOC0248,Multi-Family,3,1.0,4279,1472,1959,1298900.0,2024-03-06,Active,,,18,0.0,0,No,Yes,2024-03-06,2026-07-28
UPDATE,2026-07-28T00:00:00,2026-07-28,PT0355898,LST0355898,AG00228,LOC0036,Single Family,6,1.5,1967,4464,1918,325300.0,2023-02-09,Sold,301038.03,2026-07-28,1265,0.0,2,No,No,2023-02-09,2026-07-28
UPDATE,2026-07-28T00:00:00,2026-07-28,PT0146258,LST0146258,AG00916,LOC0211,Multi-Family,2,4.5,3546,3327,1907,519800.0,2025-07-13,Pending,,,165,0.0,3,No,No,2025-07-13,2026-07-28
UPDATE,2026-07-28T00:00:00,2026-07-28,PT0178088,LST0178088,AG01031,LOC0125,Townhouse,6,2.0,1915,2090,2023,423500.0,2026-04-15,Pending,,,25,591.0,1,No,No,2026-04-15,2026-07-28
UPDATE,2026-07-28T00:00:00,2026-07-28,PT0509608,LST0509608,AG01166,LOC0196,Apartment,4,1.5,1022,0,1948,383200.0,2026-07-08,Pending,,,0,63.77,0,No,No,2026-07-08,2026-07-28
UPDATE,2026-07-28T00:00:00,2026-07-28,PT0040684,LST0040684,AG01643,LOC0132,Single Family,6,1.5,2061,1176,1943,599400.0,2023-06-12,Pending,,,0,0.0,2,Yes,Yes,2023-06-12,2026-07-28
UPDATE,2026-07-28T00:00:00,2026-07-28,PT0003275,LST0003275,AG01020,LOC0210,Single Family,3,1.5,2145,3197,1984,946900.0,2024-11-11,Sold,854227.27,2026-07-28,624,0.0,1,No,No,2024-11-11,2026-07-28
UPDATE,2026-07-28T00:00:00,2026-07-28,PT0439094,LST0439094,AG01889,LOC0250,Single Family,4,4.0,1612,1074,1914,568300.0,2024-09-06,Active,,,138,0.0,3,No,Yes,2024-09-06,2026-07-28
UPDATE,2026-07-28T00:00:00,2026-07-28,PT0122921,LST0122921,AG00213,LOC0128,Single Family,5,2.0,1811,7690,1918,425800.0,2025-06-03,Active,,,116,0.0,3,No,Yes,2025-06-03,2026-07-28
UPDATE,2026-07-28T00:00:00,2026-07-28,PT0345573,LST0345573,AG01818,LOC0148,Multi-Family,5,4.0,710,4549,1944,231000.0,2024-05-26,Pending,,,117,0.0,2,No,Yes,2024-05-26,2026-07-28
UPDATE,2026-07-28T00:00:00,2026-07-28,PT0505434,LST0505434,AG01390,LOC0154,Multi-Family,1,2.0,2553,3657,1966,498400.0,2026-07-05,Active,,,0,0.0,0,No,No,2026-07-05,2026-07-28
UPDATE,2026-07-28T00:00:00,2026-07-28,PT0474714,LST0474714,AG01844,LOC0183,Single Family,6,4.0,1961,1321,1930,513000.0,2024-09-14,Sold,530966.82,2026-07-28,682,0.0,0,No,No,2024-09-14,2026-07-28
UPDATE,2026-07-28T00:00:00,2026-07-28,PT0430682,LST0430682,AG00420,LOC0240,Townhouse,5,3.0,1915,2061,2001,481800.0,2024-08-24,Pending,,,17,484.0,0,No,No,2024-08-24,2026-07-28
UPDATE,2026-07-28T00:00:00,2026-07-28,PT0040009,LST0040009,AG02389,LOC0109,Single Family,1,4.5,1697,6055,1919,1029000.0,2024-11-08,Sold,1022293.79,2026-07-28,627,0.0,0,Yes,No,2024-11-08,2026-07-28
UPDATE,2026-07-28T00:00:00,2026-07-28,PT0373650,LST0373650,AG00450,LOC0090,Townhouse,2,1.0,902,5761,1984,206100.0,2023-12-08,Active,,,170,640.0,3,No,No,2023-12-08,2026-07-28
UPDATE,2026-07-28T00:00:00,2026-07-28,PT0353133,LST0353133,AG00568,LOC0087,Townhouse,2,3.0,2319,1085,2002,532100.0,2024-05-30,Pending,,,141,236.0,3,Yes,No,2024-05-30,2026-07-28
UPDATE,2026-07-28T00:00:00,2026-07-28,PT0191433,LST0191433,AG01216,LOC0063,Multi-Family,6,2.5,2340,2114,1925,1093400.0,2024-06-05,Pending,,,125,0.0,3,Yes,No,2024-06-05,2026-07-28
UPDATE,2026-07-28T00:00:00,2026-07-28,PT0041965,LST0041965,AG00195,LOC0030,Single Family,1,2.5,1806,3621,1953,473900.0,2023-03-10,Pending,,,14,0.0,1,Yes,Yes,2023-03-10,2026-07-28
UPDATE,2026-07-28T00:00:00,2026-07-28,PT0327000,LST0327000,AG00326,LOC0149,Condo,5,1.5,2675,2647,1979,342600.0,2025-01-27,Active,,,47,389.0,0,Yes,No,2025-01-27,2026-07-28
UPDATE,2026-07-28T00:00:00,2026-07-28,PT0525941,LST0525941,AG02810,LOC0136,Condo,2,2.0,2657,1535,1974,1001600.0,2026-07-23,Pending,,,0,698.09,2,No,No,2026-07-23,2026-07-28
UPDATE,2026-07-28T00:00:00,2026-07-28,PT0076482,LST0076482,AG01915,LOC0061,Single Family,6,2.0,2477,1885,1901,499700.0,2026-04-01,Pending,,,136,0.0,1,No,Yes,2026-04-01,2026-07-28
UPDATE,2026-07-28T00:00:00,2026-07-28,PT0177293,LST0177293,AG02995,LOC0117,Single Family,3,1.0,2566,1922,1985,1109700.0,2025-12-17,Active,,,8,0.0,0,No,No,2025-12-17,2026-07-28
UPDATE,2026-07-28T00:00:00,2026-07-28,PT0268590,LST0268590,AG01171,LOC0219,Townhouse,6,4.5,3153,14176,1968,1038300.0,2024-08-08,Active,,,54,288.0,0,No,No,2024-08-08,2026-07-28
UPDATE,2026-07-28T00:00:00,2026-07-28,PT0306679,LST0306679,AG02912,LOC0224,Single Family,1,4.0,1789,4483,1976,489800.0,2025-01-28,Pending,,,98,0.0,3,No,No,2025-01-28,2026-07-28
UPDATE,2026-07-28T00:00:00,2026-07-28,PT0323862,LST0323862,AG02098,LOC0002,Multi-Family,4,4.0,4696,5355,2003,1660200.0,2023-05-09,Active,,,45,0.0,0,No,No,2023-05-09,2026-07-28
UPDATE,2026-07-28T00:00:00,2026-07-28,PT0340805,LST0340805,AG01856,LOC0145,Condo,4,3.5,1762,3161,1919,510400.0,2025-03-05,Pending,,,67,195.0,3,No,No,2025-03-05,2026-07-28
UPDATE,2026-07-28T00:00:00,2026-07-28,PT0338227,LST0338227,AG02261,LOC0017,Single Family,1,3.5,2200,15588,1936,663800.0,2023-04-19,Active,,,128,0.0,2,No,No,2023-04-19,2026-07-28
UPDATE,2026-07-28T00:00:00,2026-07-28,PT0127061,LST0127061,AG02986,LOC0175,Apartment,5,1.0,862,0,1977,180700.0,2024-03-15,Pending,,,121,793.0,3,No,No,2024-03-15,2026-07-28
UPDATE,2026-07-28T00:00:00,2026-07-28,PT0311404,LST0311404,AG01873,LOC0203,Condo,3,4.0,1421,6121,1918,239700.0,2024-12-30,Active,,,33,449.0,2,No,No,2024-12-30,2026-07-28
UPDATE,2026-07-28T00:00:00,2026-07-28,PT0525751,LST0525751,AG01862,LOC0030,Single Family,5,2.5,1417,5884,1922,572700.0,2026-07-23,Active,,,0,0.0,0,No,No,2026-07-23,2026-07-28
UPDATE,2026-07-28T00:00:00,2026-07-28,PT0325270,LST0325270,AG00530,LOC0196,Single Family,2,2.5,1999,10932,1980,524000.0,2023-07-28,Active,,,105,0.0,1,No,No,2023-07-28,2026-07-28
UPDATE,2026-07-28T00:00:00,2026-07-28,PT0191596,LST0191596,AG01502,LOC0084,Single Family,3,1.0,2205,2531,1960,792900.0,2023-11-21,Pending,,,147,0.0,3,No,Yes,2023-11-21,2026-07-28
UPDATE,2026-07-28T00:00:00,2026-07-28,PT0148161,LST0148161,AG02321,LOC0232,Apartment,5,4.0,778,0,2002,106900.0,2024-01-05,Active,,,46,434.0,2,No,No,2024-01-05,2026-07-28
UPDATE,2026-07-28T00:00:00,2026-07-28,PT0007759,LST0007759,AG01542,LOC0163,Single Family,3,4.5,945,10963,1961,394200.0,2024-02-26,Active,,,61,0.0,1,No,Yes,2024-02-26,2026-07-28
UPDATE,2026-07-28T00:00:00,2026-07-28,PT0394721,LST0394721,AG01098,LOC0006,Single Family,3,4.0,919,7804,2015,103400.0,2023-06-12,Sold,107152.16,2026-07-28,1142,0.0,0,No,Yes,2023-06-12,2026-07-28
UPDATE,2026-07-28T00:00:00,2026-07-28,PT0228297,LST0228297,AG00263,LOC0224,Condo,5,1.0,1921,4776,1913,505400.0,2023-05-14,Active,,,94,653.0,2,No,No,2023-05-14,2026-07-28
UPDATE,2026-07-28T00:00:00,2026-07-28,PT0306255,LST0306255,AG00219,LOC0138,Single Family,3,2.0,1476,1663,1981,701900.0,2024-08-04,Pending,,,12,0.0,2,No,Yes,2024-08-04,2026-07-28
UPDATE,2026-07-28T00:00:00,2026-07-28,PT0058856,LST0058856,AG01485,LOC0002,Single Family,5,3.0,2572,3560,1979,692000.0,2024-05-23,Pending,,,73,0.0,0,No,No,2024-05-23,2026-07-28
UPDATE,2026-07-28T00:00:00,2026-07-28,PT0455388,LST0455388,AG02944,LOC0082,Single Family,5,4.5,810,2782,2001,81400.0,2024-05-26,Active,,,97,0.0,1,No,No,2024-05-26,2026-07-28
UPDATE,2026-07-28T00:00:00,2026-07-28,PT0034277,LST0034277,AG01268,LOC0090,Condo,6,3.0,3879,4324,1988,1278800.0,2024-05-03,Active,,,8,782.0,1,Yes,No,2024-05-03,2026-07-28
UPDATE,2026-07-28T00:00:00,2026-07-28,PT0143456,LST0143456,AG02543,LOC0228,Single Family,1,1.0,2041,2117,1921,1155600.0,2025-03-27,Pending,,,59,0.0,2,No,No,2025-03-27,2026-07-28
UPDATE,2026-07-28T00:00:00,2026-07-28,PT0315682,LST0315682,AG01342,LOC0148,Apartment,5,3.5,801,0,2020,212700.0,2023-01-26,Sold,201591.75,2026-07-28,1279,378.0,3,No,No,2023-01-26,2026-07-28
UPDATE,2026-07-28T00:00:00,2026-07-28,PT0473506,LST0473506,AG00691,LOC0214,Condo,3,1.5,1348,5464,1947,286800.0,2025-03-16,Active,,,122,166.0,3,No,No,2025-03-16,2026-07-28
UPDATE,2026-07-28T00:00:00,2026-07-28,PT0281698,LST0281698,AG01395,LOC0197,Land,0,0.0,5828,1765,1902,2273700.0,2025-04-29,Sold,2262190.68,2026-07-28,455,0.0,0,No,No,2025-04-29,2026-07-28
UPDATE,2026-07-28T00:00:00,2026-07-28,PT0502801,LST0502801,AG01309,LOC0052,Condo,3,1.0,2677,10920,1992,272600.0,2026-07-03,Pending,,,0,293.88,1,No,No,2026-07-03,2026-07-28
UPDATE,2026-07-28T00:00:00,2026-07-28,PT0419848,LST0419848,AG00813,LOC0180,Condo,1,3.5,2723,8453,1942,547500.0,2025-03-21,Pending,,,127,665.0,1,No,No,2025-03-21,2026-07-28
UPDATE,2026-07-28T00:00:00,2026-07-28,PT0311647,LST0311647,AG01435,LOC0182,Single Family,1,2.5,975,2422,1979,335900.0,2026-01-22,Active,,,13,0.0,0,No,Yes,2026-01-22,2026-07-28
UPDATE,2026-07-28T00:00:00,2026-07-28,PT0253184,LST0253184,AG01041,LOC0080,Condo,6,1.5,2071,1646,2004,737600.0,2025-01-21,Pending,,,60,410.0,2,No,No,2025-01-21,2026-07-28
UPDATE,2026-07-28T00:00:00,2026-07-28,PT0119155,LST0119155,AG02706,LOC0131,Multi-Family,4,1.5,3754,5507,1938,689500.0,2025-10-18,Active,,,114,0.0,1,No,No,2025-10-18,2026-07-28
UPDATE,2026-07-28T00:00:00,2026-07-28,PT0216689,LST0216689,AG01955,LOC0160,Single Family,5,1.0,1592,5139,1957,532700.0,2025-08-28,Active,,,109,0.0,0,No,Yes,2025-08-28,2026-07-28
UPDATE,2026-07-28T00:00:00,2026-07-28,PT0340291,LST0340291,AG00530,LOC0182,Condo,4,3.0,3305,4671,1958,1246000.0,2024-06-02,Active,,,86,192.0,0,Yes,No,2024-06-02,2026-07-28
UPDATE,2026-07-28T00:00:00,2026-07-28,PT0032894,LST0032894,AG01523,LOC0021,Single Family,3,4.0,1162,3432,2012,164100.0,2023-10-15,Pending,,,56,0.0,2,Yes,No,2023-10-15,2026-07-28
UPDATE,2026-07-28T00:00:00,2026-07-28,PT0097148,LST0097148,AG02832,LOC0177,Land,0,0.0,5458,4921,1912,2569500.0,2023-04-23,Active,,,94,0.0,0,No,No,2023-04-23,2026-07-28
UPDATE,2026-07-28T00:00:00,2026-07-28,PT0304709,LST0304709,AG01683,LOC0196,Single Family,5,3.5,1673,7598,2015,674400.0,2024-05-02,Active,,,26,0.0,2,No,Yes,2024-05-02,2026-07-28
UPDATE,2026-07-28T00:00:00,2026-07-28,PT0155176,LST0155176,AG00900,LOC0054,Single Family,5,2.5,2141,2156,1958,464200.0,2023-04-05,Active,,,170,0.0,1,No,Yes,2023-04-05,2026-07-28
UPDATE,2026-07-28T00:00:00,2026-07-28,PT0376933,LST0376933,AG01364,LOC0035,Land,0,0.0,6197,3224,1989,850900.0,2023-10-12,Active,,,54,0.0,0,No,No,2023-10-12,2026-07-28
UPDATE,2026-07-28T00:00:00,2026-07-28,PT0362283,LST0362283,AG00679,LOC0140,Single Family,6,4.0,989,12126,1932,491700.0,2024-11-13,Active,,,158,0.0,2,Yes,Yes,2024-11-13,2026-07-28
UPDATE,2026-07-28T00:00:00,2026-07-28,PT0133387,LST0133387,AG00994,LOC0087,Condo,4,2.5,1204,3827,1920,692000.0,2023-01-28,Sold,641136.09,2026-07-28,1277,386.0,0,No,No,2023-01-28,2026-07-28
UPDATE,2026-07-28T00:00:00,2026-07-28,PT0068836,LST0068836,AG01841,LOC0210,Multi-Family,6,2.5,4130,2096,1901,1640000.0,2025-08-30,Active,,,129,0.0,1,No,No,2025-08-30,2026-07-28
UPDATE,2026-07-28T00:00:00,2026-07-28,PT0232889,LST0232889,AG02148,LOC0246,Townhouse,2,2.5,1882,2014,1930,421400.0,2024-11-08,Active,,,101,629.0,3,Yes,No,2024-11-08,2026-07-28
UPDATE,2026-07-28T00:00:00,2026-07-28,PT0009830,LST0009830,AG00201,LOC0032,Single Family,2,2.0,840,1101,2024,134300.0,2024-12-27,Pending,,,93,0.0,2,No,No,2024-12-27,2026-07-28
UPDATE,2026-07-28T00:00:00,2026-07-28,PT0456484,LST0456484,AG01334,LOC0081,Single Family,5,3.5,2199,1763,1976,583300.0,2025-09-05,Pending,,,175,0.0,2,No,Yes,2025-09-05,2026-07-28
UPDATE,2026-07-28T00:00:00,2026-07-28,PT0307083,LST0307083,AG01571,LOC0043,Single Family,2,2.0,3061,6348,1922,632100.0,2024-07-29,Active,,,75,0.0,2,No,Yes,2024-07-29,2026-07-28
UPDATE,2026-07-28T00:00:00,2026-07-28,PT0318681,LST0318681,AG01234,LOC0162,Single Family,3,3.5,1843,1040,1903,459300.0,2025-04-07,Active,,,84,0.0,1,No,Yes,2025-04-07,2026-07-28
UPDATE,2026-07-28T00:00:00,2026-07-28,PT0096068,LST0096068,AG00152,LOC0006,Single Family,5,2.0,2076,1726,1985,290100.0,2024-08-20,Active,,,99,0.0,3,No,No,2024-08-20,2026-07-28
UPDATE,2026-07-28T00:00:00,2026-07-28,PT0349820,LST0349820,AG01995,LOC0235,Townhouse,3,3.5,1788,3326,1999,161000.0,2025-03-03,Active,,,86,79.0,2,No,No,2025-03-03,2026-07-28
UPDATE,2026-07-28T00:00:00,2026-07-28,PT0118060,LST0118060,AG00940,LOC0171,Condo,4,2.0,1107,1343,2014,253800.0,2024-12-20,Active,,,166,447.0,3,No,No,2024-12-20,2026-07-28
UPDATE,2026-07-28T00:00:00,2026-07-28,PT0140763,LST0140763,AG02907,LOC0218,Single Family,1,1.0,711,3475,1917,184000.0,2026-02-17,Pending,,,116,0.0,1,No,Yes,2026-02-17,2026-07-28
UPDATE,2026-07-28T00:00:00,2026-07-28,PT0471296,LST0471296,AG00900,LOC0078,Townhouse,4,3.5,1651,2428,2005,642100.0,2025-11-27,Pending,,,57,624.0,1,No,No,2025-11-27,2026-07-28
UPDATE,2026-07-28T00:00:00,2026-07-28,PT0105595,LST0105595,AG01757,LOC0017,Apartment,5,4.5,1165,0,1975,465700.0,2026-03-18,Active,,,29,61.0,3,No,No,2026-03-18,2026-07-28
UPDATE,2026-07-28T00:00:00,2026-07-28,PT0228828,LST0228828,AG02556,LOC0066,Townhouse,3,3.0,2929,12774,1939,463000.0,2026-03-26,Sold,432248.07,2026-07-28,124,580.0,1,Yes,No,2026-03-26,2026-07-28
UPDATE,2026-07-28T00:00:00,2026-07-28,PT0447610,LST0447610,AG00505,LOC0055,Single Family,6,4.0,3366,12970,1909,659200.0,2026-03-17,Sold,646244.67,2026-07-28,133,0.0,0,No,No,2026-03-17,2026-07-28
UPDATE,2026-07-28T00:00:00,2026-07-28,PT0436225,LST0436225,AG01447,LOC0242,Single Family,1,1.5,1702,1905,1932,521700.0,2024-07-21,Active,,,24,0.0,1,Yes,Yes,2024-07-21,2026-07-28
UPDATE,2026-07-28T00:00:00,2026-07-28,PT0473262,LST0473262,AG01707,LOC0168,Single Family,2,2.0,2987,11815,1927,1018200.0,2026-01-07,Pending,,,68,0.0,3,No,No,2026-01-07,2026-07-28
UPDATE,2026-07-28T00:00:00,2026-07-28,PT0234588,LST0234588,AG01997,LOC0241,Single Family,3,2.5,2209,13080,1974,232000.0,2024-11-13,Active,,,41,0.0,1,No,Yes,2024-11-13,2026-07-28
UPDATE,2026-07-28T00:00:00,2026-07-28,PT0342704,LST0342704,AG02264,LOC0099,Apartment,1,2.5,696,0,1993,392900.0,2025-06-30,Active,,,42,426.0,2,No,No,2025-06-30,2026-07-28
UPDATE,2026-07-28T00:00:00,2026-07-28,PT0262149,LST0262149,AG01154,LOC0100,Single Family,2,4.5,1731,7287,1968,158800.0,2023-06-13,Active,,,177,0.0,3,Yes,No,2023-06-13,2026-07-28
UPDATE,2026-07-28T00:00:00,2026-07-28,PT0519210,LST0519210,AG02884,LOC0031,Apartment,6,3.5,1744,0,1914,736300.0,2026-07-17,Pending,,,0,755.83,0,No,No,2026-07-17,2026-07-28
UPDATE,2026-07-28T00:00:00,2026-07-28,PT0179335,LST0179335,AG00965,LOC0227,Single Family,3,2.0,1953,1843,2022,468100.0,2023-07-06,Sold,457761.74,2026-07-28,1118,0.0,3,Yes,No,2023-07-06,2026-07-28
UPDATE,2026-07-28T00:00:00,2026-07-28,PT0411315,LST0411315,AG01514,LOC0082,Condo,1,4.0,2363,3731,1991,148800.0,2025-11-24,Pending,,,88,488.0,1,No,No,2025-11-24,2026-07-28
UPDATE,2026-07-28T00:00:00,2026-07-28,PT0044798,LST0044798,AG00889,LOC0111,Single Family,1,1.0,865,2792,1914,109600.0,2026-01-22,Active,,,102,0.0,2,No,No,2026-01-22,2026-07-28
UPDATE,2026-07-28T00:00:00,2026-07-28,PT0143634,LST0143634,AG01425,LOC0087,Condo,6,2.0,1650,12156,2015,318200.0,2026-01-07,Sold,304500.65,2026-07-28,202,728.0,2,No,No,2026-01-07,2026-07-28
UPDATE,2026-07-28T00:00:00,2026-07-28,PT0338522,LST0338522,AG01767,LOC0202,Townhouse,4,4.5,1049,5552,1973,177200.0,2024-03-27,Pending,,,129,732.0,2,No,No,2024-03-27,2026-07-28
UPDATE,2026-07-28T00:00:00,2026-07-28,PT0121657,LST0121657,AG01346,LOC0137,Condo,6,2.0,1730,6354,1983,426800.0,2025-04-03,Active,,,171,291.0,1,No,No,2025-04-03,2026-07-28
UPDATE,2026-07-28T00:00:00,2026-07-28,PT0081748,LST0081748,AG01617,LOC0163,Single Family,5,2.5,2435,4703,2000,325800.0,2024-06-15,Active,,,161,0.0,0,No,Yes,2024-06-15,2026-07-28
UPDATE,2026-07-28T00:00:00,2026-07-28,PT0322614,LST0322614,AG00632,LOC0062,Single Family,4,4.0,2408,5529,1980,515300.0,2025-10-11,Active,,,105,0.0,1,Yes,No,2025-10-11,2026-07-28
UPDATE,2026-07-28T00:00:00,2026-07-28,PT0259755,LST0259755,AG01721,LOC0070,Condo,3,3.5,300,8489,1969,26800.0,2025-05-05,Active,,,156,152.0,3,No,No,2025-05-05,2026-07-28
UPDATE,2026-07-28T00:00:00,2026-07-28,PT0410397,LST0410397,AG01262,LOC0021,Townhouse,6,3.5,1723,5725,1967,247100.0,2025-11-27,Active,,,55,437.0,0,No,No,2025-11-27,2026-07-28
UPDATE,2026-07-28T00:00:00,2026-07-28,PT0516893,LST0516893,AG00187,LOC0175,Single Family,1,3.5,1007,4327,1981,197400.0,2026-07-14,Active,,,0,0.0,2,No,No,2026-07-14,2026-07-28
UPDATE,2026-07-28T00:00:00,2026-07-28,PT0431895,LST0431895,AG01421,LOC0214,Land,0,0.0,7397,2294,1902,842300.0,2024-02-28,Active,,,75,0.0,0,No,No,2024-02-28,2026-07-28
UPDATE,2026-07-28T00:00:00,2026-07-28,PT0407887,LST0407887,AG01418,LOC0113,Single Family,4,3.5,1977,3504,1926,797900.0,2025-09-26,Pending,,,140,0.0,0,Yes,No,2025-09-26,2026-07-28
UPDATE,2026-07-28T00:00:00,2026-07-28,PT0329454,LST0329454,AG00020,LOC0031,Multi-Family,3,3.0,4395,4775,2019,1212800.0,2025-01-03,Pending,,,136,0.0,1,Yes,No,2025-01-03,2026-07-28
UPDATE,2026-07-28T00:00:00,2026-07-28,PT0030666,LST0030666,AG01203,LOC0106,Townhouse,5,2.5,2063,4467,1995,486500.0,2025-02-03,Pending,,,34,481.0,3,No,No,2025-02-03,2026-07-28
UPDATE,2026-07-28T00:00:00,2026-07-28,PT0152136,LST0152136,AG01352,LOC0223,Single Family,3,2.5,2440,7955,1937,975600.0,2025-10-08,Sold,925889.73,2026-07-28,293,0.0,1,No,No,2025-10-08,2026-07-28
UPDATE,2026-07-28T00:00:00,2026-07-28,PT0116420,LST0116420,AG02465,LOC0044,Single Family,5,2.5,2855,5526,1967,775600.0,2024-06-15,Sold,693583.94,2026-07-28,773,0.0,1,No,No,2024-06-15,2026-07-28
UPDATE,2026-07-28T00:00:00,2026-07-28,PT0457954,LST0457954,AG01808,LOC0098,Apartment,2,3.5,1749,0,1985,329200.0,2023-06-11,Sold,316892.61,2026-07-28,1143,664.0,0,No,No,2023-06-11,2026-07-28
UPDATE,2026-07-28T00:00:00,2026-07-28,PT0408260,LST0408260,AG02350,LOC0246,Townhouse,6,4.0,2153,5825,1900,342400.0,2024-08-22,Pending,,,55,200.0,0,No,No,2024-08-22,2026-07-28
UPDATE,2026-07-28T00:00:00,2026-07-28,PT0214310,LST0214310,AG02237,LOC0100,Townhouse,1,3.0,1737,1952,1937,99300.0,2023-03-24,Pending,,,98,174.0,3,No,No,2023-03-24,2026-07-28
UPDATE,2026-07-28T00:00:00,2026-07-28,PT0115006,LST0115006,AG01021,LOC0091,Condo,2,4.0,1743,1764,1998,500200.0,2024-05-31,Pending,,,48,511.0,2,No,No,2024-05-31,2026-07-28
UPDATE,2026-07-28T00:00:00,2026-07-28,PT0064789,LST0064789,AG02483,LOC0139,Single Family,6,1.0,2293,4195,1947,561800.0,2024-08-10,Sold,539630.55,2026-07-28,717,0.0,3,No,Yes,2024-08-10,2026-07-28
UPDATE,2026-07-28T00:00:00,2026-07-28,PT0249301,LST0249301,AG01323,LOC0052,Single Family,4,1.5,703,3871,1981,92200.0,2025-08-16,Active,,,2,0.0,3,No,No,2025-08-16,2026-07-28
UPDATE,2026-07-28T00:00:00,2026-07-28,PT0234840,LST0234840,AG01760,LOC0137,Condo,2,1.0,1889,16939,2019,1221400.0,2023-07-14,Sold,1104016.69,2026-07-28,1110,140.0,3,Yes,No,2023-07-14,2026-07-28
UPDATE,2026-07-28T00:00:00,2026-07-28,PT0397481,LST0397481,AG02976,LOC0073,Multi-Family,2,4.0,3507,6621,1996,1602100.0,2026-02-16,Sold,1545950.04,2026-07-28,162,0.0,1,Yes,No,2026-02-16,2026-07-28
UPDATE,2026-07-28T00:00:00,2026-07-28,PT0152310,LST0152310,AG01168,LOC0068,Apartment,4,2.5,1932,0,1969,735800.0,2024-04-08,Pending,,,44,692.0,1,No,No,2024-04-08,2026-07-28
UPDATE,2026-07-28T00:00:00,2026-07-28,PT0394712,LST0394712,AG00814,LOC0130,Townhouse,6,3.0,1550,3833,1966,149100.0,2023-02-09,Active,,,35,738.0,3,No,No,2023-02-09,2026-07-28
UPDATE,2026-07-28T00:00:00,2026-07-28,PT0453551,LST0453551,AG00598,LOC0199,Multi-Family,2,1.5,3989,14141,2013,1637700.0,2026-06-26,Active,,,22,0.0,1,Yes,No,2026-06-26,2026-07-28
UPDATE,2026-07-28T00:00:00,2026-07-28,PT0229950,LST0229950,AG01335,LOC0099,Townhouse,3,1.5,2457,2571,1969,1041600.0,2023-03-28,Pending,,,127,341.0,2,Yes,No,2023-03-28,2026-07-28
UPDATE,2026-07-28T00:00:00,2026-07-28,PT0510887,LST0510887,AG00344,LOC0153,Single Family,4,1.5,2353,7648,1991,781600.0,2026-07-09,Active,,,0,0.0,3,No,No,2026-07-09,2026-07-28
UPDATE,2026-07-28T00:00:00,2026-07-28,PT0311838,LST0311838,AG00017,LOC0228,Single Family,6,2.5,2114,1015,1938,1135300.0,2025-01-13,Pending,,,173,0.0,3,No,No,2025-01-13,2026-07-28
UPDATE,2026-07-28T00:00:00,2026-07-28,PT0055386,LST0055386,AG01066,LOC0073,Single Family,5,3.5,685,1998,1997,135500.0,2023-03-15,Pending,,,146,0.0,1,Yes,No,2023-03-15,2026-07-28
UPDATE,2026-07-28T00:00:00,2026-07-28,PT0262672,LST0262672,AG00332,LOC0248,Townhouse,3,4.0,1859,15835,1989,406100.0,2026-03-09,Pending,,,143,420.0,2,No,No,2026-03-09,2026-07-28
UPDATE,2026-07-28T00:00:00,2026-07-28,PT0152363,LST0152363,AG00847,LOC0030,Single Family,4,2.5,774,1250,1917,306900.0,2023-08-09,Sold,327014.4,2026-07-28,1084,0.0,1,No,Yes,2023-08-09,2026-07-28
UPDATE,2026-07-28T00:00:00,2026-07-28,PT0471343,LST0471343,AG01586,LOC0056,Single Family,4,4.0,1700,8393,1908,262900.0,2026-05-16,Sold,253617.78,2026-07-28,73,0.0,1,No,No,2026-05-16,2026-07-28
UPDATE,2026-07-28T00:00:00,2026-07-28,PT0377152,LST0377152,AG01932,LOC0124,Condo,2,2.0,1487,14009,2017,529500.0,2025-04-18,Active,,,126,162.0,2,Yes,No,2025-04-18,2026-07-28
UPDATE,2026-07-28T00:00:00,2026-07-28,PT0223663,LST0223663,AG00112,LOC0149,Land,0,0.0,6039,1689,2014,1126200.0,2025-12-31,Pending,,,22,0.0,0,No,No,2025-12-31,2026-07-28
UPDATE,2026-07-28T00:00:00,2026-07-28,PT0511129,LST0511129,AG02397,LOC0233,Single Family,1,3.0,1681,3178,1972,378700.0,2026-07-10,Sold,346775.03,2026-07-28,18,0.0,3,No,Yes,2026-07-10,2026-07-28
UPDATE,2026-07-28T00:00:00,2026-07-28,PT0515155,LST0515155,AG02866,LOC0175,Condo,5,1.0,2572,6973,1988,643800.0,2026-07-13,Active,,,0,563.38,0,No,No,2026-07-13,2026-07-28
UPDATE,2026-07-28T00:00:00,2026-07-28,PT0520693,LST0520693,AG02848,LOC0152,Land,0,0.0,4030,3075,1946,290200.0,2026-07-18,Sold,282954.22,2026-07-28,10,0.0,0,No,No,2026-07-18,2026-07-28
UPDATE,2026-07-28T00:00:00,2026-07-28,PT0049018,LST0049018,AG02412,LOC0088,Condo,5,4.5,2080,1484,1907,381100.0,2024-08-18,Sold,376051.79,2026-07-28,709,168.0,2,No,No,2024-08-18,2026-07-28
UPDATE,2026-07-28T00:00:00,2026-07-28,PT0181481,LST0181481,AG02387,LOC0053,Multi-Family,6,1.5,4751,5231,2008,1625700.0,2024-02-02,Pending,,,93,0.0,2,No,No,2024-02-02,2026-07-28
UPDATE,2026-07-28T00:00:00,2026-07-28,PT0212120,LST0212120,AG00718,LOC0086,Single Family,6,2.5,2070,2234,1944,235900.0,2023-10-04,Active,,,166,0.0,0,No,No,2023-10-04,2026-07-28
UPDATE,2026-07-28T00:00:00,2026-07-28,PT0213915,LST0213915,AG02506,LOC0153,Condo,3,2.5,1100,9839,1993,538800.0,2026-06-15,Active,,,67,235.0,1,No,No,2026-06-15,2026-07-28
UPDATE,2026-07-28T00:00:00,2026-07-28,PT0419377,LST0419377,AG02075,LOC0228,Multi-Family,4,1.0,2522,1981,2004,1432600.0,2026-05-06,Sold,1386012.54,2026-07-28,83,0.0,3,No,No,2026-05-06,2026-07-28
UPDATE,2026-07-28T00:00:00,2026-07-28,PT0021403,LST0021403,AG02619,LOC0093,Multi-Family,6,4.5,2377,3019,2002,907100.0,2025-08-01,Active,,,163,0.0,0,No,No,2025-08-01,2026-07-28
UPDATE,2026-07-28T00:00:00,2026-07-28,PT0179147,LST0179147,AG02808,LOC0009,Apartment,1,4.5,180,0,1914,44300.0,2025-10-16,Pending,,,79,519.0,3,No,No,2025-10-16,2026-07-28
UPDATE,2026-07-28T00:00:00,2026-07-28,PT0511827,LST0511827,AG00459,LOC0178,Townhouse,3,1.5,2194,15026,1991,393000.0,2026-07-10,Pending,,,0,476.11,1,No,No,2026-07-10,2026-07-28
UPDATE,2026-07-28T00:00:00,2026-07-28,PT0322297,LST0322297,AG01463,LOC0231,Townhouse,6,4.5,2190,4216,2016,363900.0,2025-04-24,Pending,,,152,444.0,3,No,No,2025-04-24,2026-07-28
UPDATE,2026-07-28T00:00:00,2026-07-28,PT0212358,LST0212358,AG00564,LOC0220,Condo,5,1.0,1323,1290,1940,401400.0,2024-12-04,Active,,,178,623.0,2,No,No,2024-12-04,2026-07-28
UPDATE,2026-07-28T00:00:00,2026-07-28,PT0085932,LST0085932,AG02471,LOC0236,Condo,4,3.0,1543,6143,1908,153100.0,2024-07-17,Pending,,,44,499.0,0,Yes,No,2024-07-17,2026-07-28
UPDATE,2026-07-28T00:00:00,2026-07-28,PT0530026,LST0530026,AG02718,LOC0084,Townhouse,5,1.5,3153,3613,1986,1170000.0,2026-07-26,Pending,,,0,681.76,3,No,No,2026-07-26,2026-07-28
UPDATE,2026-07-28T00:00:00,2026-07-28,PT0107166,LST0107166,AG02718,LOC0180,Single Family,2,2.5,2020,9418,1953,658500.0,2025-10-23,Active,,,131,0.0,1,No,Yes,2025-10-23,2026-07-28
UPDATE,2026-07-28T00:00:00,2026-07-28,PT0024198,LST0024198,AG01927,LOC0123,Single Family,6,1.5,2396,4577,1979,199600.0,2024-04-15,Active,,,38,0.0,0,No,Yes,2024-04-15,2026-07-28
UPDATE,2026-07-28T00:00:00,2026-07-28,PT0430465,LST0430465,AG02810,LOC0032,Single Family,4,4.5,2532,10192,2019,493600.0,2023-09-20,Active,,,115,0.0,1,No,No,2023-09-20,2026-07-28
UPDATE,2026-07-28T00:00:00,2026-07-28,PT0388288,LST0388288,AG02295,LOC0228,Multi-Family,5,2.0,2301,2022,1970,863600.0,2024-02-09,Active,,,79,0.0,3,No,Yes,2024-02-09,2026-07-28
UPDATE,2026-07-28T00:00:00,2026-07-28,PT0371181,LST0371181,AG02953,LOC0012,Condo,5,2.5,817,3293,1926,238500.0,2023-10-19,Pending,,,60,178.0,1,Yes,No,2023-10-19,2026-07-28
UPDATE,2026-07-28T00:00:00,2026-07-28,PT0089264,LST0089264,AG02208,LOC0225,Apartment,2,2.5,838,0,1961,377000.0,2026-01-25,Pending,,,142,795.0,0,No,No,2026-01-25,2026-07-28
UPDATE,2026-07-28T00:00:00,2026-07-28,PT0358040,LST0358040,AG00169,LOC0128,Apartment,3,3.5,893,0,2012,247700.0,2025-07-10,Sold,227381.01,2026-07-28,383,696.0,1,No,No,2025-07-10,2026-07-28
UPDATE,2026-07-28T00:00:00,2026-07-28,PT0101868,LST0101868,AG00526,LOC0119,Single Family,4,4.0,426,6582,1970,55100.0,2026-01-22,Active,,,80,0.0,2,No,Yes,2026-01-22,2026-07-28
UPDATE,2026-07-28T00:00:00,2026-07-28,PT0012327,LST0012327,AG00526,LOC0183,Multi-Family,4,2.5,4126,6164,1906,1285000.0,2024-05-08,Active,,,103,0.0,3,No,No,2024-05-08,2026-07-28
UPDATE,2026-07-28T00:00:00,2026-07-28,PT0531217,LST0531217,AG01777,LOC0220,Single Family,4,2.5,2781,3140,1940,1216400.0,2026-07-28,Active,,,0,0.0,3,No,No,2026-07-28,2026-07-28
UPDATE,2026-07-28T00:00:00,2026-07-28,PT0044174,LST0044174,AG01290,LOC0040,Single Family,5,4.5,929,5787,2007,510900.0,2023-06-20,Active,,,38,0.0,1,No,No,2023-06-20,2026-07-28
UPDATE,2026-07-28T00:00:00,2026-07-28,PT0014519,LST0014519,AG01550,LOC0202,Single Family,1,2.5,2059,1384,1902,453800.0,2024-03-06,Active,,,6,0.0,1,No,No,2024-03-06,2026-07-28
UPDATE,2026-07-28T00:00:00,2026-07-28,PT0512854,LST0512854,AG00806,LOC0076,Condo,3,3.0,1517,7267,1957,289000.0,2026-07-11,Sold,263792.55,2026-07-28,17,133.76,3,No,No,2026-07-11,2026-07-28
UPDATE,2026-07-28T00:00:00,2026-07-28,PT0309667,LST0309667,AG02743,LOC0223,Single Family,1,4.5,979,3924,1953,323100.0,2023-10-26,Active,,,109,0.0,0,No,No,2023-10-26,2026-07-28
UPDATE,2026-07-28T00:00:00,2026-07-28,PT0410496,LST0410496,AG02956,LOC0106,Townhouse,1,4.5,3124,4148,1952,1537400.0,2023-08-21,Active,,,106,709.0,1,No,No,2023-08-21,2026-07-28
UPDATE,2026-07-28T00:00:00,2026-07-28,PT0328302,LST0328302,AG02877,LOC0239,Single Family,4,1.0,1047,2282,1954,226800.0,2023-03-01,Sold,216869.95,2026-07-28,1245,0.0,1,No,No,2023-03-01,2026-07-28
UPDATE,2026-07-28T00:00:00,2026-07-28,PT0494194,LST0494194,AG00818,LOC0186,Single Family,4,1.0,2470,2649,1937,1373300.0,2026-01-12,Pending,,,86,0.0,0,No,No,2026-01-12,2026-07-28
UPDATE,2026-07-28T00:00:00,2026-07-28,PT0263451,LST0263451,AG01302,LOC0002,Single Family,1,1.5,1098,3361,1952,240600.0,2023-07-26,Pending,,,101,0.0,1,No,Yes,2023-07-26,2026-07-28
UPDATE,2026-07-28T00:00:00,2026-07-28,PT0378997,LST0378997,AG02194,LOC0180,Single Family,1,3.0,2014,5029,1992,504100.0,2025-03-28,Active,,,115,0.0,2,Yes,No,2025-03-28,2026-07-28
UPDATE,2026-07-28T00:00:00,2026-07-28,PT0506135,LST0506135,AG02781,LOC0142,Single Family,6,1.0,3047,6720,1934,213300.0,2026-07-06,Pending,,,0,0.0,2,No,Yes,2026-07-06,2026-07-28
UPDATE,2026-07-28T00:00:00,2026-07-28,PT0223225,LST0223225,AG01224,LOC0058,Single Family,4,3.0,2089,10443,2012,455900.0,2024-11-25,Pending,,,9,0.0,2,Yes,Yes,2024-11-25,2026-07-28
UPDATE,2026-07-28T00:00:00,2026-07-28,PT0479378,LST0479378,AG01421,LOC0101,Condo,2,3.0,2776,11961,1963,762900.0,2023-07-24,Pending,,,43,396.0,3,No,No,2023-07-24,2026-07-28
UPDATE,2026-07-28T00:00:00,2026-07-28,PT0462131,LST0462131,AG01187,LOC0070,Land,0,0.0,3971,2081,1911,1012000.0,2026-03-11,Active,,,21,0.0,0,No,No,2026-03-11,2026-07-28
UPDATE,2026-07-28T00:00:00,2026-07-28,PT0147379,LST0147379,AG01361,LOC0215,Single Family,6,2.0,2521,1922,1963,810300.0,2026-02-26,Active,,,61,0.0,1,No,Yes,2026-02-26,2026-07-28
UPDATE,2026-07-28T00:00:00,2026-07-28,PT0502972,LST0502972,AG02169,LOC0164,Single Family,2,4.5,1543,3753,1904,456300.0,2026-07-03,Active,,,0,0.0,2,No,No,2026-07-03,2026-07-28
UPDATE,2026-07-28T00:00:00,2026-07-28,PT0317500,LST0317500,AG00875,LOC0028,Single Family,4,1.5,1730,5711,1938,219600.0,2023-07-05,Active,,,24,0.0,0,Yes,No,2023-07-05,2026-07-28
UPDATE,2026-07-28T00:00:00,2026-07-28,PT0236825,LST0236825,AG02976,LOC0151,Townhouse,1,3.0,1429,4793,2013,336200.0,2024-09-20,Pending,,,15,53.0,0,No,No,2024-09-20,2026-07-28
UPDATE,2026-07-28T00:00:00,2026-07-28,PT0501910,LST0501910,AG02300,LOC0209,Apartment,1,4.0,982,0,1915,238400.0,2026-07-02,Active,,,0,101.11,1,No,No,2026-07-02,2026-07-28
UPDATE,2026-07-28T00:00:00,2026-07-28,PT0444544,LST0444544,AG01341,LOC0035,Single Family,1,3.5,2313,2390,2017,442100.0,2023-06-22,Active,,,113,0.0,0,No,No,2023-06-22,2026-07-28
UPDATE,2026-07-28T00:00:00,2026-07-28,PT0517694,LST0517694,AG00953,LOC0148,Single Family,3,4.5,772,6918,1903,313300.0,2026-07-15,Active,,,0,0.0,1,No,Yes,2026-07-15,2026-07-28
UPDATE,2026-07-28T00:00:00,2026-07-28,PT0245611,LST0245611,AG01662,LOC0019,Apartment,2,2.0,1374,0,1921,280400.0,2023-06-22,Sold,275866.74,2026-07-28,1132,74.0,1,Yes,No,2023-06-22,2026-07-28
UPDATE,2026-07-28T00:00:00,2026-07-28,PT0376077,LST0376077,AG02663,LOC0082,Single Family,3,1.5,1936,3203,1947,265900.0,2025-06-15,Active,,,159,0.0,1,No,No,2025-06-15,2026-07-28
UPDATE,2026-07-28T00:00:00,2026-07-28,PT0000267,LST0000267,AG01385,LOC0192,Townhouse,6,3.0,1946,10665,1966,587700.0,2023-06-04,Active,,,45,772.0,1,No,No,2023-06-04,2026-07-28
UPDATE,2026-07-28T00:00:00,2026-07-28,PT0494694,LST0494694,AG00364,LOC0225,Land,0,0.0,8158,2583,1901,4067100.0,2023-05-09,Active,,,135,0.0,0,No,No,2023-05-09,2026-07-28
UPDATE,2026-07-28T00:00:00,2026-07-28,PT0523059,LST0523059,AG01516,LOC0025,Single Family,5,2.5,2077,1541,1982,647900.0,2026-07-21,Sold,667683.97,2026-07-28,7,0.0,0,No,No,2026-07-21,2026-07-28
UPDATE,2026-07-28T00:00:00,2026-07-28,PT0269686,LST0269686,AG00098,LOC0215,Single Family,5,1.0,1837,2118,1988,921200.0,2025-10-20,Active,,,8,0.0,3,Yes,Yes,2025-10-20,2026-07-28
UPDATE,2026-07-28T00:00:00,2026-07-28,PT0193552,LST0193552,AG01972,LOC0012,Single Family,3,4.0,2152,3458,1957,790800.0,2023-08-04,Sold,726907.95,2026-07-28,1089,0.0,0,No,Yes,2023-08-04,2026-07-28
UPDATE,2026-07-28T00:00:00,2026-07-28,PT0520296,LST0520296,AG00412,LOC0217,Townhouse,5,3.5,1232,2393,2015,183100.0,2026-07-18,Active,,,0,798.48,3,No,No,2026-07-18,2026-07-28
UPDATE,2026-07-28T00:00:00,2026-07-28,PT0246826,LST0246826,AG02332,LOC0037,Single Family,5,1.0,1119,4173,2025,523000.0,2025-06-14,Sold,474827.13,2026-07-28,409,0.0,3,No,No,2025-06-14,2026-07-28
UPDATE,2026-07-28T00:00:00,2026-07-28,PT0078127,LST0078127,AG00459,LOC0220,Single Family,3,4.5,2170,1502,2023,885100.0,2023-07-27,Pending,,,61,0.0,1,No,Yes,2023-07-27,2026-07-28
UPDATE,2026-07-28T00:00:00,2026-07-28,PT0100417,LST0100417,AG00932,LOC0149,Apartment,4,3.5,1046,0,1944,283100.0,2024-01-18,Active,,,160,264.0,2,Yes,No,2024-01-18,2026-07-28
UPDATE,2026-07-28T00:00:00,2026-07-28,PT0269002,LST0269002,AG00627,LOC0234,Condo,3,4.5,1487,1258,1932,546600.0,2025-12-22,Sold,523797.84,2026-07-28,218,753.0,3,No,No,2025-12-22,2026-07-28
UPDATE,2026-07-28T00:00:00,2026-07-28,PT0279807,LST0279807,AG02282,LOC0086,Townhouse,6,1.0,1517,6690,1989,63500.0,2023-12-12,Active,,,106,378.0,3,No,No,2023-12-12,2026-07-28
UPDATE,2026-07-28T00:00:00,2026-07-28,PT0055750,LST0055750,AG02158,LOC0200,Townhouse,4,4.0,1457,3166,1978,473100.0,2025-08-12,Active,,,35,354.0,3,Yes,No,2025-08-12,2026-07-28
UPDATE,2026-07-28T00:00:00,2026-07-28,PT0376541,LST0376541,AG01042,LOC0022,Condo,4,1.0,1452,2605,1927,461800.0,2025-01-14,Sold,448781.02,2026-07-28,560,292.0,0,No,No,2025-01-14,2026-07-28
UPDATE,2026-07-28T00:00:00,2026-07-28,PT0269299,LST0269299,AG01060,LOC0084,Single Family,3,3.0,2215,2433,1912,780100.0,2023-10-07,Pending,,,10,0.0,1,No,No,2023-10-07,2026-07-28
UPDATE,2026-07-28T00:00:00,2026-07-28,PT0346092,LST0346092,AG02980,LOC0175,Apartment,4,2.0,1224,0,1958,429600.0,2024-01-24,Active,,,0,422.0,1,No,No,2024-01-24,2026-07-28
UPDATE,2026-07-28T00:00:00,2026-07-28,PT0510413,LST0510413,AG02003,LOC0024,Condo,6,4.5,1688,1737,2002,450400.0,2026-07-09,Sold,436435.85,2026-07-28,19,582.2,0,Yes,No,2026-07-09,2026-07-28
UPDATE,2026-07-28T00:00:00,2026-07-28,PT0459178,LST0459178,AG01514,LOC0128,Single Family,5,3.5,2818,2364,1936,536800.0,2025-12-10,Pending,,,130,0.0,1,No,No,2025-12-10,2026-07-28
UPDATE,2026-07-28T00:00:00,2026-07-28,PT0411272,LST0411272,AG01709,LOC0131,Single Family,6,2.0,836,10710,1904,285700.0,2025-05-19,Sold,282584.5,2026-07-28,435,0.0,0,No,Yes,2025-05-19,2026-07-28
UPDATE,2026-07-28T00:00:00,2026-07-28,PT0156819,LST0156819,AG02146,LOC0160,Townhouse,3,2.0,3075,2793,1971,620000.0,2026-03-22,Sold,577105.43,2026-07-28,128,197.0,2,No,No,2026-03-22,2026-07-28
UPDATE,2026-07-28T00:00:00,2026-07-28,PT0510557,LST0510557,AG00021,LOC0086,Single Family,1,4.5,1369,10011,2018,188500.0,2026-07-09,Active,,,0,0.0,2,No,No,2026-07-09,2026-07-28
UPDATE,2026-07-28T00:00:00,2026-07-28,PT0515450,LST0515450,AG01738,LOC0101,Land,0,0.0,4334,1054,1984,1437300.0,2026-07-13,Pending,,,0,0.0,0,No,No,2026-07-13,2026-07-28
UPDATE,2026-07-28T00:00:00,2026-07-28,PT0317654,LST0317654,AG01450,LOC0060,Townhouse,1,1.0,1096,12176,1910,106000.0,2023-11-22,Active,,,143,688.0,0,No,No,2023-11-22,2026-07-28
UPDATE,2026-07-28T00:00:00,2026-07-28,PT0445161,LST0445161,AG01611,LOC0158,Single Family,1,1.5,2438,14370,1943,1095100.0,2023-06-08,Active,,,170,0.0,0,No,No,2023-06-08,2026-07-28
UPDATE,2026-07-28T00:00:00,2026-07-28,PT0002194,LST0002194,AG00141,LOC0080,Land,0,0.0,3430,1019,1901,1538700.0,2023-12-18,Active,,,142,0.0,0,No,No,2023-12-18,2026-07-28
UPDATE,2026-07-28T00:00:00,2026-07-28,PT0232557,LST0232557,AG02717,LOC0039,Multi-Family,2,1.5,3290,6238,1920,405900.0,2023-03-30,Active,,,105,0.0,3,Yes,Yes,2023-03-30,2026-07-28
UPDATE,2026-07-28T00:00:00,2026-07-28,PT0042922,LST0042922,AG00784,LOC0067,Single Family,1,2.0,2381,2992,1914,407000.0,2025-03-24,Pending,,,16,0.0,1,Yes,Yes,2025-03-24,2026-07-28
UPDATE,2026-07-28T00:00:00,2026-07-28,PT0517238,LST0517238,AG01863,LOC0219,Townhouse,3,2.5,1669,3951,1988,777600.0,2026-07-14,Pending,,,0,770.58,1,Yes,No,2026-07-14,2026-07-28
UPDATE,2026-07-28T00:00:00,2026-07-28,PT0482696,LST0482696,AG01175,LOC0143,Apartment,3,2.0,1109,0,1907,144800.0,2025-08-06,Active,,,152,583.0,1,No,No,2025-08-06,2026-07-28
UPDATE,2026-07-28T00:00:00,2026-07-28,PT0079866,LST0079866,AG02737,LOC0027,Single Family,1,2.0,1593,5153,1953,633400.0,2025-07-06,Pending,,,141,0.0,2,No,Yes,2025-07-06,2026-07-28
UPDATE,2026-07-28T00:00:00,2026-07-28,PT0515461,LST0515461,AG01358,LOC0141,Townhouse,5,3.0,1684,5368,2013,321100.0,2026-07-13,Active,,,0,767.83,0,No,No,2026-07-13,2026-07-28
UPDATE,2026-07-28T00:00:00,2026-07-28,PT0099983,LST0099983,AG00932,LOC0239,Single Family,4,2.5,2273,3449,1902,544000.0,2025-06-04,Pending,,,135,0.0,3,No,No,2025-06-04,2026-07-28
UPDATE,2026-07-28T00:00:00,2026-07-28,PT0365921,LST0365921,AG02941,LOC0198,Single Family,5,2.0,1033,1415,1941,148600.0,2025-10-13,Pending,,,153,0.0,1,Yes,Yes,2025-10-13,2026-07-28
UPDATE,2026-07-28T00:00:00,2026-07-28,PT0283738,LST0283738,AG01899,LOC0215,Single Family,2,2.0,1106,11615,1999,465700.0,2024-10-01,Pending,,,2,0.0,3,No,Yes,2024-10-01,2026-07-28
UPDATE,2026-07-28T00:00:00,2026-07-28,PT0464934,LST0464934,AG02516,LOC0192,Single Family,6,1.5,1484,2274,1919,501600.0,2023-08-21,Active,,,165,0.0,0,Yes,Yes,2023-08-21,2026-07-28
UPDATE,2026-07-28T00:00:00,2026-07-28,PT0360575,LST0360575,AG01546,LOC0086,Apartment,6,2.5,832,0,1973,101800.0,2026-01-13,Sold,99989.01,2026-07-28,196,340.0,3,No,No,2026-01-13,2026-07-28
UPDATE,2026-07-28T00:00:00,2026-07-28,PT0527319,LST0527319,AG02822,LOC0180,Apartment,2,3.5,1538,0,1997,354800.0,2026-07-24,Active,,,0,77.56,2,No,No,2026-07-24,2026-07-28
UPDATE,2026-07-28T00:00:00,2026-07-28,PT0352521,LST0352521,AG01936,LOC0178,Condo,2,4.5,2000,11145,1991,263900.0,2023-10-04,Pending,,,79,195.0,2,Yes,No,2023-10-04,2026-07-28
UPDATE,2026-07-28T00:00:00,2026-07-28,PT0320225,LST0320225,AG02649,LOC0161,Townhouse,2,4.0,1959,1800,2024,812200.0,2023-02-06,Pending,,,169,584.0,2,Yes,No,2023-02-06,2026-07-28
UPDATE,2026-07-28T00:00:00,2026-07-28,PT0364635,LST0364635,AG01910,LOC0203,Multi-Family,4,2.0,3606,2062,1965,329000.0,2024-08-22,Sold,328057.2,2026-07-28,705,0.0,3,No,No,2024-08-22,2026-07-28
UPDATE,2026-07-28T00:00:00,2026-07-28,PT0089473,LST0089473,AG01610,LOC0074,Townhouse,4,4.5,1600,1706,1975,528900.0,2025-11-29,Sold,506862.96,2026-07-28,241,489.0,2,Yes,No,2025-11-29,2026-07-28
UPDATE,2026-07-28T00:00:00,2026-07-28,PT0048162,LST0048162,AG02797,LOC0060,Condo,3,4.0,1607,3382,1988,676000.0,2026-06-07,Pending,,,7,555.0,1,Yes,No,2026-06-07,2026-07-28
UPDATE,2026-07-28T00:00:00,2026-07-28,PT0301494,LST0301494,AG02675,LOC0226,Land,0,0.0,6515,2108,1942,2220900.0,2026-03-05,Active,,,14,0.0,0,No,No,2026-03-05,2026-07-28
UPDATE,2026-07-28T00:00:00,2026-07-28,PT0188828,LST0188828,AG01402,LOC0138,Single Family,6,4.5,1698,2423,1983,314000.0,2025-12-30,Pending,,,126,0.0,2,No,No,2025-12-30,2026-07-28
UPDATE,2026-07-28T00:00:00,2026-07-28,PT0288447,LST0288447,AG02099,LOC0089,Condo,4,4.5,1203,1157,1954,443400.0,2025-05-23,Sold,411652.66,2026-07-28,431,308.0,3,No,No,2025-05-23,2026-07-28
UPDATE,2026-07-28T00:00:00,2026-07-28,PT0511771,LST0511771,AG02561,LOC0213,Single Family,5,1.0,1321,5054,2007,211000.0,2026-07-10,Pending,,,0,0.0,0,Yes,No,2026-07-10,2026-07-28
UPDATE,2026-07-28T00:00:00,2026-07-28,PT0052871,LST0052871,AG01599,LOC0034,Apartment,6,3.5,1213,0,1906,610900.0,2023-12-12,Pending,,,39,54.0,0,No,No,2023-12-12,2026-07-28
UPDATE,2026-07-28T00:00:00,2026-07-28,PT0451450,LST0451450,AG00196,LOC0212,Townhouse,6,3.0,2223,4248,1963,697000.0,2023-02-23,Pending,,,121,670.0,0,No,No,2023-02-23,2026-07-28
UPDATE,2026-07-28T00:00:00,2026-07-28,PT0391348,LST0391348,AG00819,LOC0205,Apartment,3,2.5,1305,0,2016,447100.0,2023-02-08,Active,,,77,302.0,2,No,No,2023-02-08,2026-07-28
UPDATE,2026-07-28T00:00:00,2026-07-28,PT0087269,LST0087269,AG00192,LOC0232,Multi-Family,3,1.0,5449,14921,1984,1016100.0,2023-07-14,Active,,,89,0.0,0,No,Yes,2023-07-14,2026-07-28
UPDATE,2026-07-28T00:00:00,2026-07-28,PT0309127,LST0309127,AG02508,LOC0075,Apartment,3,3.5,1791,0,1962,362900.0,2023-06-10,Pending,,,7,222.0,2,No,No,2023-06-10,2026-07-28
UPDATE,2026-07-28T00:00:00,2026-07-28,PT0499955,LST0499955,AG00250,LOC0073,Single Family,1,4.0,2652,7361,1931,641400.0,2024-10-18,Sold,612345.86,2026-07-28,648,0.0,1,No,No,2024-10-18,2026-07-28
UPDATE,2026-07-28T00:00:00,2026-07-28,PT0149408,LST0149408,AG02419,LOC0155,Townhouse,5,3.5,2177,2601,1909,269900.0,2024-08-01,Pending,,,74,252.0,2,No,No,2024-08-01,2026-07-28
UPDATE,2026-07-28T00:00:00,2026-07-28,PT0166748,LST0166748,AG00325,LOC0153,Single Family,5,2.0,2137,2903,1945,389200.0,2023-07-08,Active,,,48,0.0,3,No,No,2023-07-08,2026-07-28
UPDATE,2026-07-28T00:00:00,2026-07-28,PT0160046,LST0160046,AG00072,LOC0053,Single Family,2,3.5,1283,4141,2015,493600.0,2024-08-24,Active,,,34,0.0,2,No,No,2024-08-24,2026-07-28
UPDATE,2026-07-28T00:00:00,2026-07-28,PT0517047,LST0517047,AG02963,LOC0001,Townhouse,1,4.0,2122,6512,1909,190000.0,2026-07-14,Active,,,0,595.25,3,No,No,2026-07-14,2026-07-28
UPDATE,2026-07-28T00:00:00,2026-07-28,PT0360991,LST0360991,AG01426,LOC0142,Single Family,2,4.0,1802,5666,1989,345600.0,2024-11-12,Active,,,124,0.0,0,No,Yes,2024-11-12,2026-07-28
UPDATE,2026-07-28T00:00:00,2026-07-28,PT0326358,LST0326358,AG00413,LOC0173,Single Family,2,2.0,1727,1220,1941,749300.0,2025-05-10,Active,,,145,0.0,0,No,No,2025-05-10,2026-07-28
UPDATE,2026-07-28T00:00:00,2026-07-28,PT0480100,LST0480100,AG01414,LOC0160,Single Family,2,4.0,300,12702,1947,42400.0,2023-10-17,Active,,,153,0.0,2,No,Yes,2023-10-17,2026-07-28
UPDATE,2026-07-28T00:00:00,2026-07-28,PT0528068,LST0528068,AG00176,LOC0229,Single Family,3,1.0,2548,7582,1935,463000.0,2026-07-25,Active,,,0,0.0,2,No,No,2026-07-25,2026-07-28
UPDATE,2026-07-28T00:00:00,2026-07-28,PT0177458,LST0177458,AG02282,LOC0205,Condo,6,4.0,1804,16660,2024,328300.0,2026-02-18,Pending,,,14,54.0,0,Yes,No,2026-02-18,2026-07-28
UPDATE,2026-07-28T00:00:00,2026-07-28,PT0102200,LST0102200,AG02516,LOC0197,Single Family,5,4.0,1976,17596,1998,858100.0,2025-08-31,Active,,,92,0.0,3,No,No,2025-08-31,2026-07-28
UPDATE,2026-07-28T00:00:00,2026-07-28,PT0399155,LST0399155,AG01828,LOC0125,Condo,6,3.5,769,2072,1966,206100.0,2025-02-01,Pending,,,67,689.0,2,No,No,2025-02-01,2026-07-28
UPDATE,2026-07-28T00:00:00,2026-07-28,PT0131400,LST0131400,AG01457,LOC0013,Condo,5,1.0,2648,9023,1978,510800.0,2023-02-19,Pending,,,130,624.0,3,No,No,2023-02-19,2026-07-28
UPDATE,2026-07-28T00:00:00,2026-07-28,PT0332506,LST0332506,AG00349,LOC0107,Single Family,5,1.0,2334,5046,1977,718500.0,2026-03-28,Pending,,,33,0.0,3,Yes,No,2026-03-28,2026-07-28
UPDATE,2026-07-28T00:00:00,2026-07-28,PT0011298,LST0011298,AG02032,LOC0083,Condo,1,1.0,849,1987,2005,256100.0,2024-02-11,Pending,,,22,668.0,3,No,No,2024-02-11,2026-07-28
UPDATE,2026-07-28T00:00:00,2026-07-28,PT0136005,LST0136005,AG02251,LOC0057,Multi-Family,2,3.5,4246,1298,1931,1222900.0,2025-10-08,Active,,,23,0.0,2,No,Yes,2025-10-08,2026-07-28
UPDATE,2026-07-28T00:00:00,2026-07-28,PT0130361,LST0130361,AG01190,LOC0019,Multi-Family,6,3.5,2597,20213,1903,468100.0,2026-01-24,Pending,,,127,0.0,0,No,No,2026-01-24,2026-07-28
UPDATE,2026-07-28T00:00:00,2026-07-28,PT0321429,LST0321429,AG00467,LOC0100,Condo,5,3.0,1394,17984,1999,50300.0,2023-01-09,Active,,,100,201.0,0,No,No,2023-01-09,2026-07-28
UPDATE,2026-07-28T00:00:00,2026-07-28,PT0142278,LST0142278,AG00786,LOC0089,Multi-Family,5,1.5,2809,1679,2008,509100.0,2023-04-20,Active,,,18,0.0,2,Yes,No,2023-04-20,2026-07-28
UPDATE,2026-07-28T00:00:00,2026-07-28,PT0512646,LST0512646,AG00653,LOC0224,Single Family,6,4.5,300,11655,2013,104900.0,2026-07-11,Pending,,,0,0.0,0,No,Yes,2026-07-11,2026-07-28
UPDATE,2026-07-28T00:00:00,2026-07-28,PT0237723,LST0237723,AG00682,LOC0052,Single Family,5,4.5,1391,2778,1983,243300.0,2025-07-24,Active,,,1,0.0,0,No,No,2025-07-24,2026-07-28
UPDATE,2026-07-28T00:00:00,2026-07-28,PT0390931,LST0390931,AG02328,LOC0127,Apartment,4,1.0,832,0,2014,204300.0,2023-06-19,Pending,,,153,653.0,2,No,No,2023-06-19,2026-07-28
UPDATE,2026-07-28T00:00:00,2026-07-28,PT0391692,LST0391692,AG02691,LOC0127,Single Family,6,2.0,2203,4148,1955,635800.0,2023-10-12,Active,,,106,0.0,2,Yes,Yes,2023-10-12,2026-07-28
UPDATE,2026-07-28T00:00:00,2026-07-28,PT0504460,LST0504460,AG01506,LOC0009,Single Family,3,2.0,1949,4671,2017,612100.0,2026-07-04,Pending,,,0,0.0,1,No,Yes,2026-07-04,2026-07-28
UPDATE,2026-07-28T00:00:00,2026-07-28,PT0252035,LST0252035,AG01863,LOC0234,Multi-Family,4,3.0,4191,2313,1972,887200.0,2025-12-31,Sold,912125.51,2026-07-28,209,0.0,3,No,Yes,2025-12-31,2026-07-28
UPDATE,2026-07-28T00:00:00,2026-07-28,PT0077400,LST0077400,AG00001,LOC0184,Single Family,4,3.5,859,8815,1967,217300.0,2023-12-26,Active,,,66,0.0,3,No,Yes,2023-12-26,2026-07-28
UPDATE,2026-07-28T00:00:00,2026-07-28,PT0221282,LST0221282,AG01202,LOC0021,Condo,2,3.5,2202,10339,1986,376400.0,2024-02-24,Active,,,11,555.0,3,Yes,No,2024-02-24,2026-07-28
UPDATE,2026-07-28T00:00:00,2026-07-28,PT0520803,LST0520803,AG00849,LOC0076,Condo,2,4.5,2227,13207,1989,317000.0,2026-07-19,Pending,,,0,55.44,0,Yes,No,2026-07-19,2026-07-28
UPDATE,2026-07-28T00:00:00,2026-07-28,PT0457534,LST0457534,AG00185,LOC0111,Condo,4,3.5,2279,3001,2017,460300.0,2023-12-03,Active,,,39,178.0,0,No,No,2023-12-03,2026-07-28
UPDATE,2026-07-28T00:00:00,2026-07-28,PT0518490,LST0518490,AG01688,LOC0094,Apartment,4,4.0,1486,0,1975,344100.0,2026-07-16,Sold,314369.93,2026-07-28,12,328.22,1,No,No,2026-07-16,2026-07-28
UPDATE,2026-07-28T00:00:00,2026-07-28,PT0463892,LST0463892,AG01538,LOC0006,Single Family,6,3.5,753,8986,1988,123900.0,2026-01-18,Active,,,108,0.0,0,No,Yes,2026-01-18,2026-07-28
UPDATE,2026-07-28T00:00:00,2026-07-28,PT0079325,LST0079325,AG00712,LOC0192,Apartment,4,4.0,1136,0,2008,555500.0,2025-07-04,Pending,,,171,754.0,3,No,No,2025-07-04,2026-07-28
UPDATE,2026-07-28T00:00:00,2026-07-28,PT0150444,LST0150444,AG00668,LOC0037,Single Family,6,4.5,2557,6577,1967,289000.0,2025-09-25,Pending,,,70,0.0,1,No,Yes,2025-09-25,2026-07-28
UPDATE,2026-07-28T00:00:00,2026-07-28,PT0357687,LST0357687,AG00508,LOC0006,Single Family,4,3.0,4049,5550,1996,1018000.0,2023-05-03,Pending,,,4,0.0,2,No,Yes,2023-05-03,2026-07-28
UPDATE,2026-07-28T00:00:00,2026-07-28,PT0452485,LST0452485,AG02678,LOC0204,Single Family,2,4.0,3016,6732,1957,1996700.0,2026-06-24,Pending,,,42,0.0,2,Yes,No,2026-06-24,2026-07-28
UPDATE,2026-07-28T00:00:00,2026-07-28,PT0134854,LST0134854,AG00043,LOC0217,Single Family,4,3.5,2156,3284,1902,255700.0,2023-01-14,Active,,,73,0.0,0,No,No,2023-01-14,2026-07-28
UPDATE,2026-07-28T00:00:00,2026-07-28,PT0369848,LST0369848,AG02115,LOC0141,Single Family,2,3.0,2715,1579,1987,893100.0,2024-09-14,Pending,,,6,0.0,1,No,Yes,2024-09-14,2026-07-28
UPDATE,2026-07-28T00:00:00,2026-07-28,PT0134252,LST0134252,AG02268,LOC0234,Single Family,4,1.0,1748,6694,2008,782000.0,2023-07-23,Pending,,,74,0.0,2,No,Yes,2023-07-23,2026-07-28
UPDATE,2026-07-28T00:00:00,2026-07-28,PT0153065,LST0153065,AG00563,LOC0052,Single Family,3,2.5,1878,3245,1914,339000.0,2025-10-19,Active,,,16,0.0,0,No,Yes,2025-10-19,2026-07-28
UPDATE,2026-07-28T00:00:00,2026-07-28,PT0470828,LST0470828,AG00553,LOC0094,Condo,4,3.0,1382,2352,1949,516100.0,2026-03-07,Active,,,117,664.0,3,Yes,No,2026-03-07,2026-07-28
UPDATE,2026-07-28T00:00:00,2026-07-28,PT0525167,LST0525167,AG01395,LOC0061,Condo,3,1.5,2524,1540,1963,249800.0,2026-07-22,Active,,,0,90.62,2,No,No,2026-07-22,2026-07-28
UPDATE,2026-07-28T00:00:00,2026-07-28,PT0315918,LST0315918,AG00708,LOC0228,Condo,6,1.0,1811,2287,1986,893700.0,2023-10-26,Sold,849119.85,2026-07-28,1006,432.0,3,No,No,2023-10-26,2026-07-28
UPDATE,2026-07-28T00:00:00,2026-07-28,PT0024207,LST0024207,AG02943,LOC0091,Single Family,3,2.5,2505,3730,2009,417800.0,2024-01-07,Pending,,,95,0.0,0,No,No,2024-01-07,2026-07-28
UPDATE,2026-07-28T00:00:00,2026-07-28,PT0121217,LST0121217,AG01712,LOC0060,Condo,5,4.5,2698,3075,1938,917900.0,2025-03-23,Pending,,,163,105.0,3,Yes,No,2025-03-23,2026-07-28
UPDATE,2026-07-28T00:00:00,2026-07-28,PT0243461,LST0243461,AG00522,LOC0180,Townhouse,3,4.0,2288,1713,2004,931300.0,2025-02-27,Pending,,,84,182.0,1,No,No,2025-02-27,2026-07-28
UPDATE,2026-07-28T00:00:00,2026-07-28,PT0483426,LST0483426,AG01781,LOC0160,Single Family,4,4.0,1812,3632,1991,311200.0,2026-03-13,Sold,292565.45,2026-07-28,137,0.0,2,No,No,2026-03-13,2026-07-28
UPDATE,2026-07-28T00:00:00,2026-07-28,PT0313418,LST0313418,AG00356,LOC0035,Condo,4,1.5,300,2001,2000,37400.0,2024-06-28,Active,,,58,649.0,1,No,No,2024-06-28,2026-07-28
UPDATE,2026-07-28T00:00:00,2026-07-28,PT0514536,LST0514536,AG01990,LOC0189,Single Family,4,3.5,990,2404,1913,308900.0,2026-07-12,Pending,,,0,0.0,2,No,Yes,2026-07-12,2026-07-28
UPDATE,2026-07-28T00:00:00,2026-07-28,PT0309211,LST0309211,AG01805,LOC0015,Apartment,3,4.5,481,0,2021,66800.0,2025-01-21,Active,,,142,719.0,1,No,No,2025-01-21,2026-07-28
UPDATE,2026-07-28T00:00:00,2026-07-28,PT0466398,LST0466398,AG02600,LOC0142,Townhouse,6,2.0,1385,16380,1953,364500.0,2025-01-08,Sold,355128.66,2026-07-28,566,501.0,2,No,No,2025-01-08,2026-07-28
UPDATE,2026-07-28T00:00:00,2026-07-28,PT0232420,LST0232420,AG02464,LOC0193,Single Family,3,2.0,635,3394,1985,205800.0,2026-02-17,Active,,,108,0.0,1,No,No,2026-02-17,2026-07-28
UPDATE,2026-07-28T00:00:00,2026-07-28,PT0532190,LST0532190,AG00586,LOC0191,Single Family,4,3.5,1308,4739,1948,412200.0,2026-07-28,Active,,,0,0.0,2,No,Yes,2026-07-28,2026-07-28
UPDATE,2026-07-28T00:00:00,2026-07-28,PT0480400,LST0480400,AG01385,LOC0213,Condo,5,2.5,1690,2700,1904,505600.0,2024-09-02,Active,,,129,646.0,0,No,No,2024-09-02,2026-07-28
UPDATE,2026-07-28T00:00:00,2026-07-28,PT0510786,LST0510786,AG00413,LOC0080,Townhouse,6,1.0,1949,10938,1932,794400.0,2026-07-09,Sold,750289.9,2026-07-28,19,139.65,1,No,No,2026-07-09,2026-07-28
UPDATE,2026-07-28T00:00:00,2026-07-28,PT0104191,LST0104191,AG00553,LOC0218,Single Family,5,2.5,2412,5106,2010,548000.0,2025-11-23,Pending,,,175,0.0,3,Yes,No,2025-11-23,2026-07-28
UPDATE,2026-07-28T00:00:00,2026-07-28,PT0113437,LST0113437,AG01539,LOC0088,Single Family,2,3.0,2257,7183,1924,335800.0,2023-01-23,Active,,,151,0.0,0,No,No,2023-01-23,2026-07-28
UPDATE,2026-07-28T00:00:00,2026-07-28,PT0522437,LST0522437,AG00666,LOC0242,Condo,6,4.5,2328,1215,1976,777600.0,2026-07-20,Active,,,0,104.66,1,Yes,No,2026-07-20,2026-07-28
UPDATE,2026-07-28T00:00:00,2026-07-28,PT0163631,LST0163631,AG01044,LOC0010,Single Family,3,2.0,1784,5815,1957,618200.0,2024-10-03,Pending,,,49,0.0,3,No,Yes,2024-10-03,2026-07-28
UPDATE,2026-07-28T00:00:00,2026-07-28,PT0169259,LST0169259,AG01764,LOC0038,Single Family,6,2.5,2160,3565,1918,752000.0,2024-08-14,Pending,,,15,0.0,0,No,No,2024-08-14,2026-07-28
UPDATE,2026-07-28T00:00:00,2026-07-28,PT0070298,LST0070298,AG00940,LOC0115,Townhouse,1,2.0,1821,1654,1968,486700.0,2023-01-09,Pending,,,114,767.0,3,No,No,2023-01-09,2026-07-28
UPDATE,2026-07-28T00:00:00,2026-07-28,PT0523865,LST0523865,AG01078,LOC0170,Multi-Family,5,1.0,2426,1019,1902,978500.0,2026-07-21,Sold,951513.78,2026-07-28,7,0.0,3,No,No,2026-07-21,2026-07-28
UPDATE,2026-07-28T00:00:00,2026-07-28,PT0384898,LST0384898,AG02760,LOC0244,Townhouse,6,1.5,1532,3189,1937,383700.0,2024-05-23,Active,,,99,475.0,2,No,No,2024-05-23,2026-07-28
UPDATE,2026-07-28T00:00:00,2026-07-28,PT0526306,LST0526306,AG01530,LOC0127,Apartment,1,3.0,1506,0,1965,1042400.0,2026-07-23,Active,,,0,755.92,3,No,No,2026-07-23,2026-07-28
UPDATE,2026-07-28T00:00:00,2026-07-28,PT0033219,LST0033219,AG02575,LOC0054,Single Family,6,1.0,1035,2330,2007,158000.0,2024-02-09,Pending,,,122,0.0,1,No,No,2024-02-09,2026-07-28
UPDATE,2026-07-28T00:00:00,2026-07-28,PT0220221,LST0220221,AG00867,LOC0160,Condo,1,4.5,300,2961,1976,94700.0,2023-05-16,Pending,,,95,149.0,1,No,No,2023-05-16,2026-07-28
UPDATE,2026-07-28T00:00:00,2026-07-28,PT0056950,LST0056950,AG00417,LOC0063,Single Family,1,3.0,2845,4053,1918,1061900.0,2024-12-05,Active,,,34,0.0,3,No,Yes,2024-12-05,2026-07-28
UPDATE,2026-07-28T00:00:00,2026-07-28,PT0471477,LST0471477,AG01196,LOC0052,Condo,3,1.5,1175,4443,1988,109800.0,2025-04-16,Pending,,,77,261.0,3,No,No,2025-04-16,2026-07-28
UPDATE,2026-07-28T00:00:00,2026-07-28,PT0521837,LST0521837,AG01026,LOC0110,Single Family,3,1.5,2014,2053,1986,361000.0,2026-07-19,Active,,,0,0.0,3,No,Yes,2026-07-19,2026-07-28
UPDATE,2026-07-28T00:00:00,2026-07-28,PT0207278,LST0207278,AG02291,LOC0180,Townhouse,5,3.0,619,2922,1916,258200.0,2023-12-06,Active,,,89,66.0,3,Yes,No,2023-12-06,2026-07-28
UPDATE,2026-07-28T00:00:00,2026-07-28,PT0296161,LST0296161,AG00175,LOC0210,Single Family,4,4.0,1747,2323,1912,312000.0,2026-05-27,Pending,,,140,0.0,3,Yes,No,2026-05-27,2026-07-28
UPDATE,2026-07-28T00:00:00,2026-07-28,PT0437761,LST0437761,AG01105,LOC0099,Single Family,3,2.5,2660,6566,1915,994300.0,2024-04-08,Pending,,,59,0.0,1,No,No,2024-04-08,2026-07-28
UPDATE,2026-07-28T00:00:00,2026-07-28,PT0480141,LST0480141,AG02681,LOC0246,Townhouse,1,2.5,1051,5511,1940,222500.0,2026-03-10,Pending,,,33,545.0,0,No,No,2026-03-10,2026-07-28
UPDATE,2026-07-28T00:00:00,2026-07-28,PT0114322,LST0114322,AG00135,LOC0208,Condo,3,4.0,2776,4954,1962,322100.0,2026-04-28,Active,,,163,634.0,1,No,No,2026-04-28,2026-07-28
UPDATE,2026-07-28T00:00:00,2026-07-28,PT0397485,LST0397485,AG02127,LOC0089,Condo,1,1.5,300,4454,1933,106700.0,2024-10-22,Active,,,18,457.0,0,No,No,2024-10-22,2026-07-28
UPDATE,2026-07-28T00:00:00,2026-07-28,PT0064418,LST0064418,AG01927,LOC0076,Single Family,2,2.0,1424,4688,1966,226600.0,2025-01-28,Active,,,115,0.0,3,No,Yes,2025-01-28,2026-07-28
UPDATE,2026-07-28T00:00:00,2026-07-28,PT0231922,LST0231922,AG01289,LOC0220,Townhouse,1,3.5,2522,3890,1921,515300.0,2024-08-16,Active,,,90,451.0,1,No,No,2024-08-16,2026-07-28
UPDATE,2026-07-28T00:00:00,2026-07-28,PT0517685,LST0517685,AG01283,LOC0230,Townhouse,5,4.0,1921,6639,1989,607900.0,2026-07-15,Pending,,,0,366.12,0,No,No,2026-07-15,2026-07-28
UPDATE,2026-07-28T00:00:00,2026-07-28,PT0348083,LST0348083,AG01546,LOC0018,Single Family,5,1.5,1953,7341,2009,829000.0,2026-03-26,Pending,,,89,0.0,2,No,Yes,2026-03-26,2026-07-28
UPDATE,2026-07-28T00:00:00,2026-07-28,PT0069537,LST0069537,AG02084,LOC0195,Single Family,4,2.0,546,4581,1951,161600.0,2023-10-08,Active,,,78,0.0,1,No,No,2023-10-08,2026-07-28
UPDATE,2026-07-28T00:00:00,2026-07-28,PT0402258,LST0402258,AG02020,LOC0041,Single Family,1,4.5,1951,7341,2024,502000.0,2023-08-20,Pending,,,71,0.0,0,No,No,2023-08-20,2026-07-28
UPDATE,2026-07-28T00:00:00,2026-07-28,PT0146015,LST0146015,AG01683,LOC0084,Townhouse,1,4.5,2315,1933,2003,839100.0,2024-05-06,Pending,,,28,274.0,1,No,No,2024-05-06,2026-07-28
UPDATE,2026-07-28T00:00:00,2026-07-28,PT0021655,LST0021655,AG01350,LOC0055,Single Family,5,3.0,1259,3891,1931,257200.0,2024-01-17,Pending,,,89,0.0,3,No,No,2024-01-17,2026-07-28
UPDATE,2026-07-28T00:00:00,2026-07-28,PT0212770,LST0212770,AG02898,LOC0153,Townhouse,5,4.5,2223,3373,1966,438700.0,2024-06-30,Active,,,55,755.0,1,No,No,2024-06-30,2026-07-28
UPDATE,2026-07-28T00:00:00,2026-07-28,PT0072669,LST0072669,AG02348,LOC0038,Condo,2,4.0,2696,7243,1969,372200.0,2025-02-03,Pending,,,106,427.0,1,No,No,2025-02-03,2026-07-28
UPDATE,2026-07-28T00:00:00,2026-07-28,PT0225232,LST0225232,AG02551,LOC0250,Multi-Family,1,2.0,2754,1540,1987,422000.0,2023-06-13,Pending,,,0,0.0,1,No,Yes,2023-06-13,2026-07-28
UPDATE,2026-07-28T00:00:00,2026-07-28,PT0245658,LST0245658,AG00449,LOC0133,Townhouse,2,2.0,839,4921,1963,143400.0,2023-09-28,Pending,,,42,299.0,2,No,No,2023-09-28,2026-07-28
UPDATE,2026-07-28T00:00:00,2026-07-28,PT0021660,LST0021660,AG02951,LOC0021,Multi-Family,6,2.5,2036,10267,2009,151200.0,2024-03-31,Sold,146595.84,2026-07-28,849,0.0,0,Yes,Yes,2024-03-31,2026-07-28
UPDATE,2026-07-28T00:00:00,2026-07-28,PT0502456,LST0502456,AG02798,LOC0109,Single Family,3,4.0,1467,1059,1958,685700.0,2026-07-02,Active,,,0,0.0,2,No,No,2026-07-02,2026-07-28
UPDATE,2026-07-28T00:00:00,2026-07-28,PT0004180,LST0004180,AG00935,LOC0042,Condo,2,3.5,2210,7729,2017,666800.0,2026-06-15,Sold,621117.74,2026-07-28,43,106.0,2,Yes,No,2026-06-15,2026-07-28
UPDATE,2026-07-28T00:00:00,2026-07-28,PT0126967,LST0126967,AG00314,LOC0214,Single Family,6,1.0,1021,5074,2025,90400.0,2024-05-19,Active,,,82,0.0,1,No,No,2024-05-19,2026-07-28
UPDATE,2026-07-28T00:00:00,2026-07-28,PT0187058,LST0187058,AG00047,LOC0092,Apartment,6,2.0,1662,0,1922,270600.0,2024-07-14,Active,,,57,651.0,0,No,No,2024-07-14,2026-07-28
UPDATE,2026-07-28T00:00:00,2026-07-28,PT0112013,LST0112013,AG00021,LOC0075,Townhouse,1,1.0,2389,13098,1967,561800.0,2023-01-20,Active,,,160,183.0,3,Yes,No,2023-01-20,2026-07-28
UPDATE,2026-07-28T00:00:00,2026-07-28,PT0123379,LST0123379,AG00340,LOC0250,Single Family,3,3.5,2593,5367,1909,1120300.0,2024-11-17,Active,,,119,0.0,2,Yes,No,2024-11-17,2026-07-28
UPDATE,2026-07-28T00:00:00,2026-07-28,PT0520503,LST0520503,AG00084,LOC0170,Multi-Family,5,2.5,540,9453,1914,230300.0,2026-07-18,Pending,,,0,0.0,2,No,No,2026-07-18,2026-07-28
UPDATE,2026-07-28T00:00:00,2026-07-28,PT0481324,LST0481324,AG00543,LOC0216,Single Family,6,3.5,2846,11140,1911,633200.0,2025-09-11,Pending,,,146,0.0,3,No,No,2025-09-11,2026-07-28
UPDATE,2026-07-28T00:00:00,2026-07-28,PT0351495,LST0351495,AG02723,LOC0102,Townhouse,3,4.0,2809,9435,1904,515400.0,2024-09-11,Active,,,117,262.0,0,No,No,2024-09-11,2026-07-28
UPDATE,2026-07-28T00:00:00,2026-07-28,PT0509014,LST0509014,AG01431,LOC0038,Single Family,6,1.5,1720,1196,1987,663600.0,2026-07-08,Active,,,0,0.0,0,No,No,2026-07-08,2026-07-28
UPDATE,2026-07-28T00:00:00,2026-07-28,PT0161540,LST0161540,AG02452,LOC0109,Single Family,4,4.5,1880,6958,1932,659200.0,2024-07-30,Pending,,,165,0.0,0,No,No,2024-07-30,2026-07-28
UPDATE,2026-07-28T00:00:00,2026-07-28,PT0039983,LST0039983,AG02817,LOC0056,Multi-Family,4,4.0,3977,2713,1900,2350700.0,2024-12-28,Sold,2353082.92,2026-07-28,577,0.0,1,No,Yes,2024-12-28,2026-07-28
UPDATE,2026-07-28T00:00:00,2026-07-28,PT0494600,LST0494600,AG01008,LOC0015,Multi-Family,4,4.0,3572,7258,2014,1376900.0,2023-03-26,Sold,1344517.48,2026-07-28,1220,0.0,1,No,No,2023-03-26,2026-07-28
UPDATE,2026-07-28T00:00:00,2026-07-28,PT0425494,LST0425494,AG01899,LOC0209,Condo,4,1.0,1408,4479,1971,341300.0,2023-01-12,Sold,302341.52,2026-07-28,1293,351.0,3,No,No,2023-01-12,2026-07-28
UPDATE,2026-07-28T00:00:00,2026-07-28,PT0055350,LST0055350,AG00925,LOC0139,Townhouse,3,2.5,1000,10748,1928,439000.0,2025-01-23,Pending,,,21,392.0,2,No,No,2025-01-23,2026-07-28
UPDATE,2026-07-28T00:00:00,2026-07-28,PT0295470,LST0295470,AG02838,LOC0233,Apartment,1,2.0,1108,0,1983,274300.0,2024-11-08,Active,,,76,520.0,0,No,No,2024-11-08,2026-07-28
UPDATE,2026-07-28T00:00:00,2026-07-28,PT0268411,LST0268411,AG02334,LOC0175,Single Family,5,4.0,2619,6946,1982,691600.0,2025-06-17,Active,,,168,0.0,2,No,No,2025-06-17,2026-07-28
UPDATE,2026-07-28T00:00:00,2026-07-28,PT0149148,LST0149148,AG00040,LOC0165,Single Family,6,3.0,2293,3225,1991,737300.0,2024-08-13,Active,,,122,0.0,0,No,Yes,2024-08-13,2026-07-28
UPDATE,2026-07-28T00:00:00,2026-07-28,PT0419764,LST0419764,AG00603,LOC0142,Apartment,6,2.0,850,0,1935,149900.0,2026-04-05,Sold,155018.95,2026-07-28,114,226.0,3,Yes,No,2026-04-05,2026-07-28
UPDATE,2026-07-28T00:00:00,2026-07-28,PT0060267,LST0060267,AG02548,LOC0176,Townhouse,5,1.5,1869,3722,1973,998600.0,2023-06-24,Sold,1006017.77,2026-07-28,1130,795.0,0,No,No,2023-06-24,2026-07-28
UPDATE,2026-07-28T00:00:00,2026-07-28,PT0259034,LST0259034,AG02203,LOC0167,Single Family,5,2.0,1719,2748,1984,386000.0,2024-02-24,Active,,,72,0.0,3,No,Yes,2024-02-24,2026-07-28
UPDATE,2026-07-28T00:00:00,2026-07-28,PT0505197,LST0505197,AG01650,LOC0172,Townhouse,4,4.0,1713,2654,1953,237200.0,2026-07-05,Active,,,0,427.13,2,Yes,No,2026-07-05,2026-07-28
UPDATE,2026-07-28T00:00:00,2026-07-28,PT0119148,LST0119148,AG02692,LOC0220,Single Family,6,4.0,2130,1348,2019,853400.0,2023-04-11,Active,,,10,0.0,3,No,Yes,2023-04-11,2026-07-28
UPDATE,2026-07-28T00:00:00,2026-07-28,PT0273138,LST0273138,AG01861,LOC0072,Condo,5,3.5,1829,7449,1905,215000.0,2024-03-18,Sold,215740.57,2026-07-28,862,741.0,3,No,No,2024-03-18,2026-07-28
UPDATE,2026-07-28T00:00:00,2026-07-28,PT0046338,LST0046338,AG00335,LOC0040,Single Family,5,2.5,1249,5375,2015,421000.0,2025-04-05,Pending,,,67,0.0,2,Yes,Yes,2025-04-05,2026-07-28
UPDATE,2026-07-28T00:00:00,2026-07-28,PT0363570,LST0363570,AG01291,LOC0230,Condo,6,1.5,1680,13595,1923,528200.0,2025-07-10,Active,,,87,473.0,3,Yes,No,2025-07-10,2026-07-28
UPDATE,2026-07-28T00:00:00,2026-07-28,PT0356657,LST0356657,AG02493,LOC0219,Single Family,6,1.5,1840,16249,1923,182500.0,2026-05-08,Sold,178402.73,2026-07-28,81,0.0,1,No,Yes,2026-05-08,2026-07-28
UPDATE,2026-07-28T00:00:00,2026-07-28,PT0429140,LST0429140,AG02784,LOC0043,Townhouse,6,3.0,1616,3534,1961,442300.0,2023-02-15,Pending,,,158,627.0,1,Yes,No,2023-02-15,2026-07-28
UPDATE,2026-07-28T00:00:00,2026-07-28,PT0332304,LST0332304,AG02029,LOC0104,Single Family,4,4.0,1740,2183,1941,396800.0,2024-05-03,Pending,,,172,0.0,0,No,No,2024-05-03,2026-07-28
UPDATE,2026-07-28T00:00:00,2026-07-28,PT0495920,LST0495920,AG01935,LOC0020,Condo,6,2.5,2143,8568,2009,436200.0,2023-09-17,Sold,397906.89,2026-07-28,1045,759.0,3,Yes,No,2023-09-17,2026-07-28
UPDATE,2026-07-28T00:00:00,2026-07-28,PT0442349,LST0442349,AG02813,LOC0085,Apartment,2,2.5,599,0,1940,75100.0,2024-12-25,Active,,,71,200.0,2,No,No,2024-12-25,2026-07-28
UPDATE,2026-07-28T00:00:00,2026-07-28,PT0324394,LST0324394,AG02813,LOC0234,Single Family,1,4.0,2185,2290,1931,1029300.0,2026-01-01,Active,,,177,0.0,0,Yes,No,2026-01-01,2026-07-28
UPDATE,2026-07-28T00:00:00,2026-07-28,PT0375001,LST0375001,AG02571,LOC0052,Single Family,5,2.0,1390,2533,1977,126100.0,2025-07-31,Pending,,,71,0.0,2,No,No,2025-07-31,2026-07-28
UPDATE,2026-07-28T00:00:00,2026-07-28,PT0492023,LST0492023,AG00078,LOC0029,Condo,3,2.0,1743,6205,1900,382900.0,2025-01-09,Pending,,,129,209.0,0,No,No,2025-01-09,2026-07-28
UPDATE,2026-07-28T00:00:00,2026-07-28,PT0142487,LST0142487,AG00428,LOC0091,Condo,3,4.0,2584,2016,1913,810300.0,2023-08-20,Pending,,,167,431.0,3,No,No,2023-08-20,2026-07-28
UPDATE,2026-07-28T00:00:00,2026-07-28,PT0262613,LST0262613,AG00300,LOC0095,Condo,1,3.0,300,7347,2021,95500.0,2024-11-12,Sold,96996.19,2026-07-28,623,248.0,2,No,No,2024-11-12,2026-07-28
UPDATE,2026-07-28T00:00:00,2026-07-28,PT0409554,LST0409554,AG00520,LOC0055,Condo,1,1.5,2131,2166,1931,346500.0,2023-03-11,Active,,,173,331.0,3,Yes,No,2023-03-11,2026-07-28
UPDATE,2026-07-28T00:00:00,2026-07-28,PT0046506,LST0046506,AG00546,LOC0238,Single Family,4,1.5,2095,1126,1936,557100.0,2023-09-24,Sold,545022.16,2026-07-28,1038,0.0,1,No,Yes,2023-09-24,2026-07-28
UPDATE,2026-07-28T00:00:00,2026-07-28,PT0326655,LST0326655,AG01414,LOC0028,Single Family,5,1.5,910,1295,2025,153600.0,2024-08-12,Sold,154033.41,2026-07-28,715,0.0,0,Yes,Yes,2024-08-12,2026-07-28
UPDATE,2026-07-28T00:00:00,2026-07-28,PT0366717,LST0366717,AG00653,LOC0073,Single Family,4,2.5,2568,5443,2013,853800.0,2025-08-08,Pending,,,43,0.0,3,No,No,2025-08-08,2026-07-28
UPDATE,2026-07-28T00:00:00,2026-07-28,PT0491611,LST0491611,AG02222,LOC0021,Single Family,4,2.0,2104,6270,1955,343700.0,2025-01-23,Sold,352398.72,2026-07-28,551,0.0,0,No,Yes,2025-01-23,2026-07-28
UPDATE,2026-07-28T00:00:00,2026-07-28,PT0019884,LST0019884,AG02475,LOC0211,Condo,6,4.5,1194,1043,1986,739600.0,2025-09-06,Active,,,149,533.0,3,No,No,2025-09-06,2026-07-28
UPDATE,2026-07-28T00:00:00,2026-07-28,PT0519386,LST0519386,AG01044,LOC0101,Single Family,5,1.5,1741,2013,1977,612900.0,2026-07-17,Pending,,,0,0.0,3,No,Yes,2026-07-17,2026-07-28
UPDATE,2026-07-28T00:00:00,2026-07-28,PT0150595,LST0150595,AG02852,LOC0244,Townhouse,4,4.0,1323,12237,2005,145800.0,2024-06-10,Sold,140299.93,2026-07-28,778,582.0,2,No,No,2024-06-10,2026-07-28
UPDATE,2026-07-28T00:00:00,2026-07-28,PT0019185,LST0019185,AG01539,LOC0179,Land,0,0.0,6915,1406,1999,1598300.0,2023-02-25,Pending,,,55,0.0,0,No,No,2023-02-25,2026-07-28
UPDATE,2026-07-28T00:00:00,2026-07-28,PT0281465,LST0281465,AG01636,LOC0156,Single Family,3,4.0,2453,1686,1916,1311100.0,2024-04-26,Sold,1276512.17,2026-07-28,823,0.0,0,No,No,2024-04-26,2026-07-28
UPDATE,2026-07-28T00:00:00,2026-07-28,PT0514106,LST0514106,AG00800,LOC0156,Single Family,1,2.5,1190,3907,1938,327200.0,2026-07-12,Sold,329419.34,2026-07-28,16,0.0,3,No,Yes,2026-07-12,2026-07-28
UPDATE,2026-07-28T00:00:00,2026-07-28,PT0424165,LST0424165,AG00105,LOC0081,Townhouse,3,4.0,972,9666,2017,216800.0,2025-11-14,Sold,202705.43,2026-07-28,256,266.0,1,No,No,2025-11-14,2026-07-28
UPDATE,2026-07-28T00:00:00,2026-07-28,PT0038531,LST0038531,AG02380,LOC0246,Multi-Family,2,1.0,5177,1705,2014,843700.0,2024-05-07,Sold,785211.83,2026-07-28,812,0.0,2,No,Yes,2024-05-07,2026-07-28
UPDATE,2026-07-28T00:00:00,2026-07-28,PT0530228,LST0530228,AG02700,LOC0205,Apartment,2,2.5,729,0,1943,216900.0,2026-07-27,Active,,,0,343.38,1,No,No,2026-07-27,2026-07-28
UPDATE,2026-07-28T00:00:00,2026-07-28,PT0522128,LST0522128,AG00474,LOC0013,Single Family,2,2.5,1667,1319,1930,284200.0,2026-07-19,Pending,,,0,0.0,3,No,No,2026-07-19,2026-07-28
UPDATE,2026-07-28T00:00:00,2026-07-28,PT0319625,LST0319625,AG01528,LOC0111,Condo,6,4.0,1232,8378,1962,143700.0,2026-05-20,Pending,,,75,767.0,3,No,No,2026-05-20,2026-07-28
UPDATE,2026-07-28T00:00:00,2026-07-28,PT0307832,LST0307832,AG02771,LOC0144,Single Family,5,1.5,1218,13481,1945,363000.0,2023-03-24,Sold,332353.67,2026-07-28,1222,0.0,1,No,No,2023-03-24,2026-07-28
UPDATE,2026-07-28T00:00:00,2026-07-28,PT0110408,LST0110408,AG02455,LOC0111,Single Family,1,2.0,2897,3285,1951,478900.0,2024-07-25,Pending,,,140,0.0,0,Yes,No,2024-07-25,2026-07-28
UPDATE,2026-07-28T00:00:00,2026-07-28,PT0252744,LST0252744,AG00178,LOC0199,Single Family,5,2.0,1747,9023,1913,270000.0,2023-07-17,Pending,,,93,0.0,0,No,No,2023-07-17,2026-07-28
UPDATE,2026-07-28T00:00:00,2026-07-28,PT0108046,LST0108046,AG01830,LOC0083,Single Family,5,1.0,2713,2254,1911,756900.0,2025-09-06,Active,,,131,0.0,0,No,No,2025-09-06,2026-07-28
UPDATE,2026-07-28T00:00:00,2026-07-28,PT0259531,LST0259531,AG00029,LOC0209,Townhouse,4,2.5,1322,1099,2010,390800.0,2023-11-17,Active,,,61,790.0,1,No,No,2023-11-17,2026-07-28
UPDATE,2026-07-28T00:00:00,2026-07-28,PT0108973,LST0108973,AG01147,LOC0033,Single Family,4,2.0,2452,5002,2024,954200.0,2026-06-10,Active,,,168,0.0,3,Yes,Yes,2026-06-10,2026-07-28
UPDATE,2026-07-28T00:00:00,2026-07-28,PT0166014,LST0166014,AG02549,LOC0179,Single Family,6,3.0,2476,2527,2006,544500.0,2026-06-22,Pending,,,156,0.0,1,No,No,2026-06-22,2026-07-28
UPDATE,2026-07-28T00:00:00,2026-07-28,PT0512488,LST0512488,AG02023,LOC0096,Townhouse,2,1.5,1395,5568,1994,495300.0,2026-07-11,Active,,,0,757.36,1,No,No,2026-07-11,2026-07-28
UPDATE,2026-07-28T00:00:00,2026-07-28,PT0238930,LST0238930,AG02054,LOC0094,Condo,4,2.0,1172,4512,1981,242800.0,2025-07-21,Sold,246526.16,2026-07-28,372,793.0,3,Yes,No,2025-07-21,2026-07-28
UPDATE,2026-07-28T00:00:00,2026-07-28,PT0071785,LST0071785,AG00110,LOC0011,Condo,6,3.5,1882,13020,1940,900200.0,2023-09-25,Sold,852044.14,2026-07-28,1037,107.0,0,Yes,No,2023-09-25,2026-07-28
UPDATE,2026-07-28T00:00:00,2026-07-28,PT0529360,LST0529360,AG02121,LOC0076,Townhouse,2,2.0,1639,9893,2001,378100.0,2026-07-26,Pending,,,0,622.1,2,Yes,No,2026-07-26,2026-07-28
UPDATE,2026-07-28T00:00:00,2026-07-28,PT0230926,LST0230926,AG02680,LOC0086,Multi-Family,4,2.0,3141,2050,2012,391200.0,2024-08-24,Sold,361551.56,2026-07-28,703,0.0,0,No,No,2024-08-24,2026-07-28
UPDATE,2026-07-28T00:00:00,2026-07-28,PT0233964,LST0233964,AG00612,LOC0080,Land,0,0.0,6951,2018,1921,512300.0,2024-07-30,Active,,,108,0.0,0,No,No,2024-07-30,2026-07-28
UPDATE,2026-07-28T00:00:00,2026-07-28,PT0462052,LST0462052,AG00345,LOC0075,Condo,5,2.0,1560,6958,1969,324900.0,2025-11-09,Active,,,74,401.0,2,No,No,2025-11-09,2026-07-28
UPDATE,2026-07-28T00:00:00,2026-07-28,PT0048404,LST0048404,AG02748,LOC0007,Condo,2,1.5,3456,6258,1952,786800.0,2023-11-20,Active,,,166,636.0,3,No,No,2023-11-20,2026-07-28
UPDATE,2026-07-28T00:00:00,2026-07-28,PT0001776,LST0001776,AG00213,LOC0215,Single Family,2,3.5,2915,9927,1972,911100.0,2024-02-22,Active,,,41,0.0,1,No,No,2024-02-22,2026-07-28
UPDATE,2026-07-28T00:00:00,2026-07-28,PT0152343,LST0152343,AG02636,LOC0050,Single Family,4,2.0,3414,2517,2021,375800.0,2025-10-30,Pending,,,97,0.0,3,No,Yes,2025-10-30,2026-07-28
UPDATE,2026-07-28T00:00:00,2026-07-28,PT0032228,LST0032228,AG02752,LOC0137,Townhouse,4,4.5,2154,6908,1983,1049000.0,2025-12-20,Active,,,109,101.0,0,No,No,2025-12-20,2026-07-28
UPDATE,2026-07-28T00:00:00,2026-07-28,PT0189621,LST0189621,AG02519,LOC0015,Single Family,1,2.0,2353,10385,1998,453000.0,2026-05-22,Pending,,,43,0.0,2,No,No,2026-05-22,2026-07-28
UPDATE,2026-07-28T00:00:00,2026-07-28,PT0040089,LST0040089,AG02863,LOC0019,Condo,2,1.0,3201,2682,1997,340300.0,2023-01-10,Active,,,126,200.0,0,No,No,2023-01-10,2026-07-28
UPDATE,2026-07-28T00:00:00,2026-07-28,PT0391175,LST0391175,AG02021,LOC0048,Single Family,4,3.5,1433,13742,1949,554800.0,2024-08-25,Pending,,,19,0.0,1,No,No,2024-08-25,2026-07-28
UPDATE,2026-07-28T00:00:00,2026-07-28,PT0420048,LST0420048,AG00233,LOC0056,Single Family,1,3.5,2096,3612,1934,1153000.0,2024-08-21,Sold,1076393.25,2026-07-28,706,0.0,3,No,Yes,2024-08-21,2026-07-28
UPDATE,2026-07-28T00:00:00,2026-07-28,PT0348764,LST0348764,AG02170,LOC0107,Multi-Family,2,2.0,4715,2318,1936,1145100.0,2024-07-01,Pending,,,59,0.0,3,Yes,Yes,2024-07-01,2026-07-28
UPDATE,2026-07-28T00:00:00,2026-07-28,PT0164546,LST0164546,AG02343,LOC0121,Single Family,1,2.5,2442,4014,1965,236200.0,2025-10-04,Active,,,86,0.0,1,No,No,2025-10-04,2026-07-28
UPDATE,2026-07-28T00:00:00,2026-07-28,PT0218955,LST0218955,AG02294,LOC0142,Single Family,2,3.0,1712,6195,1959,578100.0,2023-08-20,Active,,,99,0.0,0,No,No,2023-08-20,2026-07-28
UPDATE,2026-07-28T00:00:00,2026-07-28,PT0024274,LST0024274,AG01289,LOC0059,Single Family,4,1.0,1553,5495,1956,308800.0,2025-05-21,Active,,,49,0.0,1,No,No,2025-05-21,2026-07-28
UPDATE,2026-07-28T00:00:00,2026-07-28,PT0228095,LST0228095,AG00536,LOC0138,Single Family,6,1.5,2851,3392,1983,1199000.0,2023-02-12,Active,,,41,0.0,1,No,No,2023-02-12,2026-07-28
UPDATE,2026-07-28T00:00:00,2026-07-28,PT0378206,LST0378206,AG02677,LOC0238,Land,0,0.0,6539,1575,1966,3010900.0,2026-04-06,Active,,,160,0.0,0,No,No,2026-04-06,2026-07-28
UPDATE,2026-07-28T00:00:00,2026-07-28,PT0249071,LST0249071,AG02886,LOC0092,Townhouse,1,1.5,1723,9279,1967,397200.0,2024-05-03,Pending,,,116,709.0,0,No,No,2024-05-03,2026-07-28
UPDATE,2026-07-28T00:00:00,2026-07-28,PT0112434,LST0112434,AG00890,LOC0094,Multi-Family,4,1.0,3522,4903,1946,546400.0,2024-10-22,Active,,,152,0.0,0,No,Yes,2024-10-22,2026-07-28
UPDATE,2026-07-28T00:00:00,2026-07-28,PT0072386,LST0072386,AG00024,LOC0138,Multi-Family,6,1.0,4572,3586,1991,1703900.0,2024-06-02,Active,,,42,0.0,2,Yes,Yes,2024-06-02,2026-07-28
UPDATE,2026-07-28T00:00:00,2026-07-28,PT0403145,LST0403145,AG00393,LOC0061,Single Family,2,1.5,2963,6768,1938,310000.0,2024-01-08,Sold,298965.99,2026-07-28,932,0.0,3,Yes,No,2024-01-08,2026-07-28
UPDATE,2026-07-28T00:00:00,2026-07-28,PT0246571,LST0246571,AG01236,LOC0080,Townhouse,3,3.0,2753,3125,1992,833700.0,2023-12-13,Pending,,,141,587.0,1,No,No,2023-12-13,2026-07-28
UPDATE,2026-07-28T00:00:00,2026-07-28,PT0506451,LST0506451,AG02051,LOC0137,Single Family,1,1.5,1269,3344,1980,208200.0,2026-07-06,Sold,210278.28,2026-07-28,22,0.0,3,Yes,No,2026-07-06,2026-07-28
UPDATE,2026-07-28T00:00:00,2026-07-28,PT0044187,LST0044187,AG01736,LOC0075,Single Family,1,2.0,3055,7426,2012,726300.0,2025-04-10,Sold,715963.16,2026-07-28,474,0.0,3,No,No,2025-04-10,2026-07-28
UPDATE,2026-07-28T00:00:00,2026-07-28,PT0451578,LST0451578,AG02604,LOC0219,Townhouse,5,4.5,2099,1240,1924,883100.0,2025-08-20,Pending,,,73,458.0,0,No,No,2025-08-20,2026-07-28
UPDATE,2026-07-28T00:00:00,2026-07-28,PT0296936,LST0296936,AG00781,LOC0158,Condo,2,2.0,590,3573,1933,185200.0,2024-10-13,Pending,,,75,373.0,3,Yes,No,2024-10-13,2026-07-28
UPDATE,2026-07-28T00:00:00,2026-07-28,PT0507785,LST0507785,AG02600,LOC0090,Single Family,4,1.5,1432,3847,1984,545000.0,2026-07-07,Pending,,,0,0.0,1,No,No,2026-07-07,2026-07-28
UPDATE,2026-07-28T00:00:00,2026-07-28,PT0521016,LST0521016,AG01462,LOC0088,Single Family,3,2.5,2367,2179,1920,289400.0,2026-07-19,Active,,,0,0.0,0,No,No,2026-07-19,2026-07-28
UPDATE,2026-07-28T00:00:00,2026-07-28,PT0434420,LST0434420,AG02482,LOC0129,Single Family,3,4.5,1341,1014,2013,601100.0,2023-07-06,Pending,,,28,0.0,2,No,No,2023-07-06,2026-07-28
UPDATE,2026-07-28T00:00:00,2026-07-28,PT0035922,LST0035922,AG02704,LOC0036,Apartment,2,3.0,432,0,1917,158800.0,2023-06-13,Pending,,,12,195.0,3,No,No,2023-06-13,2026-07-28
UPDATE,2026-07-28T00:00:00,2026-07-28,PT0332316,LST0332316,AG01052,LOC0215,Single Family,2,1.0,2451,4476,1913,776300.0,2026-05-15,Pending,,,146,0.0,2,No,No,2026-05-15,2026-07-28
UPDATE,2026-07-28T00:00:00,2026-07-28,PT0346043,LST0346043,AG01815,LOC0197,Townhouse,6,2.5,1514,4309,1997,473000.0,2026-02-19,Pending,,,166,508.0,1,Yes,No,2026-02-19,2026-07-28
UPDATE,2026-07-28T00:00:00,2026-07-28,PT0229642,LST0229642,AG02278,LOC0012,Townhouse,5,2.0,679,2533,1923,273800.0,2025-10-29,Pending,,,67,200.0,2,No,No,2025-10-29,2026-07-28
UPDATE,2026-07-28T00:00:00,2026-07-28,PT0394603,LST0394603,AG00072,LOC0214,Townhouse,6,3.0,1557,8907,1915,435500.0,2024-03-30,Pending,,,100,198.0,2,No,No,2024-03-30,2026-07-28
UPDATE,2026-07-28T00:00:00,2026-07-28,PT0509190,LST0509190,AG00289,LOC0192,Condo,2,3.0,1279,7161,2003,219300.0,2026-07-08,Sold,212129.66,2026-07-28,20,776.33,3,Yes,No,2026-07-08,2026-07-28
UPDATE,2026-07-28T00:00:00,2026-07-28,PT0352906,LST0352906,AG00814,LOC0224,Single Family,1,1.5,1576,7850,1927,612900.0,2023-10-15,Sold,564586.07,2026-07-28,1017,0.0,0,Yes,No,2023-10-15,2026-07-28
UPDATE,2026-07-28T00:00:00,2026-07-28,PT0440081,LST0440081,AG01607,LOC0124,Single Family,3,4.5,1281,1038,2009,524500.0,2025-03-16,Pending,,,53,0.0,2,No,Yes,2025-03-16,2026-07-28
UPDATE,2026-07-28T00:00:00,2026-07-28,PT0166243,LST0166243,AG00183,LOC0139,Single Family,3,3.0,2115,5439,1973,893500.0,2026-05-08,Pending,,,20,0.0,1,No,No,2026-05-08,2026-07-28
UPDATE,2026-07-28T00:00:00,2026-07-28,PT0023051,LST0023051,AG01195,LOC0141,Single Family,1,4.5,2704,5646,1945,993200.0,2026-06-06,Active,,,34,0.0,3,No,Yes,2026-06-06,2026-07-28
UPDATE,2026-07-28T00:00:00,2026-07-28,PT0106552,LST0106552,AG02232,LOC0237,Single Family,4,2.5,2735,12963,1937,520500.0,2024-02-22,Pending,,,145,0.0,2,No,Yes,2024-02-22,2026-07-28
UPDATE,2026-07-28T00:00:00,2026-07-28,PT0511615,LST0511615,AG01992,LOC0044,Condo,6,3.0,1397,10030,1931,555900.0,2026-07-10,Pending,,,0,491.47,1,Yes,No,2026-07-10,2026-07-28
UPDATE,2026-07-28T00:00:00,2026-07-28,PT0247956,LST0247956,AG00040,LOC0075,Condo,5,1.5,1719,2757,1907,253400.0,2023-04-13,Active,,,47,709.0,3,No,No,2023-04-13,2026-07-28
UPDATE,2026-07-28T00:00:00,2026-07-28,PT0526138,LST0526138,AG00630,LOC0012,Single Family,1,2.5,1570,5022,1941,958800.0,2026-07-23,Active,,,0,0.0,0,No,Yes,2026-07-23,2026-07-28
UPDATE,2026-07-28T00:00:00,2026-07-28,PT0229928,LST0229928,AG02805,LOC0201,Condo,6,1.0,1532,11004,1987,401100.0,2024-03-24,Pending,,,65,178.0,2,No,No,2024-03-24,2026-07-28
UPDATE,2026-07-28T00:00:00,2026-07-28,PT0258964,LST0258964,AG01175,LOC0145,Single Family,6,1.5,767,2400,2006,136400.0,2026-05-07,Active,,,83,0.0,1,Yes,Yes,2026-05-07,2026-07-28
UPDATE,2026-07-28T00:00:00,2026-07-28,PT0455700,LST0455700,AG01683,LOC0026,Single Family,5,4.5,1493,12514,1994,412700.0,2026-03-15,Active,,,74,0.0,1,No,No,2026-03-15,2026-07-28
UPDATE,2026-07-28T00:00:00,2026-07-28,PT0522835,LST0522835,AG02009,LOC0053,Townhouse,2,1.0,1075,3265,1947,420100.0,2026-07-20,Sold,391066.0,2026-07-28,8,786.35,1,Yes,No,2026-07-20,2026-07-28
UPDATE,2026-07-28T00:00:00,2026-07-28,PT0521846,LST0521846,AG02721,LOC0189,Multi-Family,4,2.0,5608,1577,1927,1407600.0,2026-07-19,Active,,,0,0.0,2,No,No,2026-07-19,2026-07-28
UPDATE,2026-07-28T00:00:00,2026-07-28,PT0209449,LST0209449,AG01613,LOC0224,Single Family,1,1.0,1963,1346,1942,278800.0,2026-05-30,Sold,256074.38,2026-07-28,59,0.0,0,No,Yes,2026-05-30,2026-07-28
UPDATE,2026-07-28T00:00:00,2026-07-28,PT0206212,LST0206212,AG00535,LOC0028,Single Family,6,3.5,689,2600,2009,88400.0,2023-04-24,Pending,,,122,0.0,1,No,No,2023-04-24,2026-07-28
UPDATE,2026-07-28T00:00:00,2026-07-28,PT0343183,LST0343183,AG02395,LOC0224,Single Family,3,4.5,2712,3458,1914,502700.0,2024-02-18,Active,,,98,0.0,0,No,Yes,2024-02-18,2026-07-28
UPDATE,2026-07-28T00:00:00,2026-07-28,PT0254984,LST0254984,AG01040,LOC0122,Multi-Family,1,1.5,1964,2780,1901,725400.0,2024-05-03,Sold,678902.48,2026-07-28,816,0.0,1,Yes,Yes,2024-05-03,2026-07-28
UPDATE,2026-07-28T00:00:00,2026-07-28,PT0407846,LST0407846,AG02896,LOC0169,Single Family,2,4.0,2642,1840,2012,258900.0,2025-05-31,Pending,,,104,0.0,1,No,No,2025-05-31,2026-07-28
UPDATE,2026-07-28T00:00:00,2026-07-28,PT0216893,LST0216893,AG02968,LOC0072,Apartment,2,1.0,1258,0,1952,162700.0,2026-05-19,Pending,,,26,137.0,2,Yes,No,2026-05-19,2026-07-28
UPDATE,2026-07-28T00:00:00,2026-07-28,PT0232467,LST0232467,AG01824,LOC0120,Condo,5,2.0,2254,1485,1900,790700.0,2024-05-09,Sold,761826.04,2026-07-28,810,305.0,3,Yes,No,2024-05-09,2026-07-28
UPDATE,2026-07-28T00:00:00,2026-07-28,PT0472803,LST0472803,AG01829,LOC0023,Condo,2,3.0,1252,3333,1906,270500.0,2024-06-02,Active,,,172,553.0,3,No,No,2024-06-02,2026-07-28
UPDATE,2026-07-28T00:00:00,2026-07-28,PT0058213,LST0058213,AG01187,LOC0199,Condo,6,3.5,2910,3435,1928,781200.0,2024-04-10,Pending,,,128,405.0,1,No,No,2024-04-10,2026-07-28
UPDATE,2026-07-28T00:00:00,2026-07-28,PT0407801,LST0407801,AG01043,LOC0203,Condo,5,1.0,2604,3219,1922,333400.0,2024-12-26,Active,,,129,595.0,2,No,No,2024-12-26,2026-07-28
UPDATE,2026-07-28T00:00:00,2026-07-28,PT0033368,LST0033368,AG00140,LOC0040,Condo,3,3.0,821,6208,1951,131400.0,2024-06-23,Sold,126012.54,2026-07-28,765,376.0,0,No,No,2024-06-23,2026-07-28
UPDATE,2026-07-28T00:00:00,2026-07-28,PT0486711,LST0486711,AG01580,LOC0236,Townhouse,5,2.0,1611,2658,2021,207000.0,2026-02-09,Active,,,151,794.0,1,No,No,2026-02-09,2026-07-28
UPDATE,2026-07-28T00:00:00,2026-07-28,PT0111330,LST0111330,AG02312,LOC0069,Townhouse,5,2.5,1932,1723,1941,268600.0,2024-03-27,Pending,,,14,366.0,2,No,No,2024-03-27,2026-07-28
UPDATE,2026-07-28T00:00:00,2026-07-28,PT0513627,LST0513627,AG01513,LOC0028,Single Family,2,2.5,2064,3684,1953,98200.0,2026-07-12,Pending,,,0,0.0,2,No,No,2026-07-12,2026-07-28
UPDATE,2026-07-28T00:00:00,2026-07-28,PT0157045,LST0157045,AG01997,LOC0173,Single Family,3,2.5,1181,47006,1921,434800.0,2026-06-03,Active,,,41,0.0,1,No,No,2026-06-03,2026-07-28
UPDATE,2026-07-28T00:00:00,2026-07-28,PT0163568,LST0163568,AG02462,LOC0224,Single Family,2,2.5,2117,8822,1928,1042400.0,2023-12-01,Pending,,,158,0.0,1,Yes,Yes,2023-12-01,2026-07-28
UPDATE,2026-07-28T00:00:00,2026-07-28,PT0269053,LST0269053,AG01291,LOC0021,Single Family,6,3.5,2542,7987,1905,288700.0,2024-10-18,Active,,,142,0.0,1,Yes,No,2024-10-18,2026-07-28
UPDATE,2026-07-28T00:00:00,2026-07-28,PT0301057,LST0301057,AG02043,LOC0116,Land,0,0.0,2717,6369,1994,972200.0,2023-03-27,Pending,,,89,0.0,0,No,No,2023-03-27,2026-07-28
UPDATE,2026-07-28T00:00:00,2026-07-28,PT0039228,LST0039228,AG01739,LOC0058,Single Family,1,4.0,3267,9177,1971,1064600.0,2025-06-30,Sold,977323.86,2026-07-28,393,0.0,1,No,Yes,2025-06-30,2026-07-28
UPDATE,2026-07-28T00:00:00,2026-07-28,PT0498207,LST0498207,AG02524,LOC0164,Land,0,0.0,7678,5880,1981,2240300.0,2025-02-27,Active,,,138,0.0,0,No,No,2025-02-27,2026-07-28
UPDATE,2026-07-28T00:00:00,2026-07-28,PT0209063,LST0209063,AG00333,LOC0047,Single Family,5,2.0,2081,5945,1921,1600400.0,2023-02-06,Pending,,,101,0.0,3,No,Yes,2023-02-06,2026-07-28
UPDATE,2026-07-28T00:00:00,2026-07-28,PT0140332,LST0140332,AG01956,LOC0144,Condo,4,3.5,2805,2857,1980,730200.0,2026-03-26,Sold,789304.0,2026-07-28,124,689.0,1,No,No,2026-03-26,2026-07-28
UPDATE,2026-07-28T00:00:00,2026-07-28,PT0063583,LST0063583,AG01437,LOC0081,Single Family,1,4.5,2669,3166,2007,793400.0,2023-01-05,Active,,,113,0.0,3,Yes,No,2023-01-05,2026-07-28
UPDATE,2026-07-28T00:00:00,2026-07-28,PT0290324,LST0290324,AG02865,LOC0050,Single Family,5,2.0,1888,8054,2018,366100.0,2025-05-19,Sold,355231.87,2026-07-28,435,0.0,0,No,No,2025-05-19,2026-07-28
UPDATE,2026-07-28T00:00:00,2026-07-28,PT0505463,LST0505463,AG02713,LOC0149,Apartment,6,1.5,1160,0,1988,134400.0,2026-07-05,Sold,124982.79,2026-07-28,23,62.06,1,No,No,2026-07-05,2026-07-28
UPDATE,2026-07-28T00:00:00,2026-07-28,PT0347436,LST0347436,AG01372,LOC0045,Condo,5,4.5,1422,2197,1944,875800.0,2023-11-17,Active,,,83,570.0,0,No,No,2023-11-17,2026-07-28
UPDATE,2026-07-28T00:00:00,2026-07-28,PT0379279,LST0379279,AG01213,LOC0010,Apartment,3,4.0,1197,0,1936,303500.0,2023-07-03,Pending,,,98,277.0,3,No,No,2023-07-03,2026-07-28
UPDATE,2026-07-28T00:00:00,2026-07-28,PT0247870,LST0247870,AG00353,LOC0158,Single Family,4,1.0,300,4411,1921,138100.0,2023-10-23,Pending,,,97,0.0,1,No,Yes,2023-10-23,2026-07-28
UPDATE,2026-07-28T00:00:00,2026-07-28,PT0370795,LST0370795,AG01455,LOC0242,Multi-Family,2,1.5,5721,1397,1977,1322700.0,2024-01-04,Active,,,40,0.0,2,No,Yes,2024-01-04,2026-07-28
UPDATE,2026-07-28T00:00:00,2026-07-28,PT0414255,LST0414255,AG02497,LOC0146,Apartment,2,3.5,1020,0,1929,151900.0,2024-03-31,Pending,,,12,503.0,1,No,No,2024-03-31,2026-07-28
UPDATE,2026-07-28T00:00:00,2026-07-28,PT0527869,LST0527869,AG00487,LOC0014,Multi-Family,4,4.5,3703,10780,2011,877600.0,2026-07-25,Pending,,,0,0.0,3,No,No,2026-07-25,2026-07-28
UPDATE,2026-07-28T00:00:00,2026-07-28,PT0141612,LST0141612,AG02777,LOC0245,Condo,1,2.5,1052,3504,1924,145000.0,2026-04-26,Sold,140592.18,2026-07-28,93,447.0,2,No,No,2026-04-26,2026-07-28
UPDATE,2026-07-28T00:00:00,2026-07-28,PT0154896,LST0154896,AG02471,LOC0011,Townhouse,6,3.0,2037,2608,1942,900600.0,2025-10-20,Active,,,142,704.0,2,No,No,2025-10-20,2026-07-28
UPDATE,2026-07-28T00:00:00,2026-07-28,PT0156727,LST0156727,AG00943,LOC0211,Single Family,1,4.0,2013,2742,1977,620500.0,2025-02-08,Active,,,50,0.0,1,No,Yes,2025-02-08,2026-07-28
UPDATE,2026-07-28T00:00:00,2026-07-28,PT0100684,LST0100684,AG02918,LOC0012,Townhouse,4,4.5,370,5338,1927,109000.0,2026-02-10,Active,,,89,53.0,2,Yes,No,2026-02-10,2026-07-28
UPDATE,2026-07-28T00:00:00,2026-07-28,PT0331319,LST0331319,AG00961,LOC0124,Single Family,6,1.5,1531,4443,1921,431300.0,2025-01-17,Active,,,54,0.0,3,Yes,Yes,2025-01-17,2026-07-28
UPDATE,2026-07-28T00:00:00,2026-07-28,PT0124080,LST0124080,AG00908,LOC0050,Single Family,3,1.5,2884,1552,1945,315400.0,2025-09-05,Active,,,11,0.0,0,No,No,2025-09-05,2026-07-28
UPDATE,2026-07-28T00:00:00,2026-07-28,PT0495563,LST0495563,AG00714,LOC0121,Single Family,3,2.0,1816,5947,2016,745400.0,2024-10-20,Active,,,39,0.0,3,No,Yes,2024-10-20,2026-07-28
UPDATE,2026-07-28T00:00:00,2026-07-28,PT0512817,LST0512817,AG01939,LOC0140,Condo,4,4.5,929,3604,1974,280700.0,2026-07-11,Sold,255360.95,2026-07-28,17,97.74,2,Yes,No,2026-07-11,2026-07-28
UPDATE,2026-07-28T00:00:00,2026-07-28,PT0456791,LST0456791,AG00096,LOC0094,Single Family,3,1.0,1819,4057,1977,403400.0,2026-05-17,Active,,,24,0.0,2,Yes,Yes,2026-05-17,2026-07-28
UPDATE,2026-07-28T00:00:00,2026-07-28,PT0359111,LST0359111,AG02930,LOC0072,Apartment,1,3.5,1509,0,1936,343800.0,2025-06-19,Sold,330026.84,2026-07-28,404,229.0,0,No,No,2025-06-19,2026-07-28
UPDATE,2026-07-28T00:00:00,2026-07-28,PT0145884,LST0145884,AG00997,LOC0069,Condo,3,1.5,2726,9297,1927,327800.0,2025-02-06,Active,,,89,664.0,2,Yes,No,2025-02-06,2026-07-28
UPDATE,2026-07-28T00:00:00,2026-07-28,PT0449694,LST0449694,AG00412,LOC0027,Single Family,1,1.5,1280,1188,2010,619200.0,2023-07-19,Sold,598243.35,2026-07-28,1105,0.0,2,No,No,2023-07-19,2026-07-28
UPDATE,2026-07-28T00:00:00,2026-07-28,PT0466448,LST0466448,AG00678,LOC0054,Townhouse,1,3.5,1596,3892,2025,483500.0,2024-04-07,Pending,,,129,747.0,3,No,No,2024-04-07,2026-07-28
UPDATE,2026-07-28T00:00:00,2026-07-28,PT0519512,LST0519512,AG00974,LOC0194,Single Family,2,1.0,924,3880,1997,359100.0,2026-07-17,Pending,,,0,0.0,3,No,No,2026-07-17,2026-07-28
UPDATE,2026-07-28T00:00:00,2026-07-28,PT0152663,LST0152663,AG01055,LOC0169,Single Family,6,1.0,1509,2525,1989,673000.0,2024-11-01,Pending,,,45,0.0,2,No,Yes,2024-11-01,2026-07-28
UPDATE,2026-07-28T00:00:00,2026-07-28,PT0053624,LST0053624,AG02473,LOC0114,Single Family,3,1.0,2493,1432,1970,581000.0,2025-10-21,Active,,,124,0.0,0,No,Yes,2025-10-21,2026-07-28
UPDATE,2026-07-28T00:00:00,2026-07-28,PT0513712,LST0513712,AG01516,LOC0055,Condo,2,3.0,2025,2255,2020,394300.0,2026-07-12,Pending,,,0,390.61,1,No,No,2026-07-12,2026-07-28
UPDATE,2026-07-28T00:00:00,2026-07-28,PT0178409,LST0178409,AG00757,LOC0094,Apartment,6,1.5,1201,0,1901,470600.0,2024-03-16,Pending,,,33,145.0,0,No,No,2024-03-16,2026-07-28
UPDATE,2026-07-28T00:00:00,2026-07-28,PT0418891,LST0418891,AG00203,LOC0244,Land,0,0.0,5179,1969,1988,1598200.0,2024-06-12,Sold,1444017.13,2026-07-28,776,0.0,0,No,No,2024-06-12,2026-07-28
UPDATE,2026-07-28T00:00:00,2026-07-28,PT0427977,LST0427977,AG01930,LOC0137,Single Family,4,3.0,2003,1023,2008,1006600.0,2023-06-01,Active,,,151,0.0,3,No,No,2023-06-01,2026-07-28
UPDATE,2026-07-28T00:00:00,2026-07-28,PT0402073,LST0402073,AG02446,LOC0145,Single Family,6,3.0,3166,1381,1914,689900.0,2023-04-16,Pending,,,7,0.0,2,No,Yes,2023-04-16,2026-07-28
UPDATE,2026-07-28T00:00:00,2026-07-28,PT0361146,LST0361146,AG02778,LOC0107,Multi-Family,1,4.5,839,4417,1958,243800.0,2025-05-08,Active,,,87,0.0,3,No,Yes,2025-05-08,2026-07-28
UPDATE,2026-07-28T00:00:00,2026-07-28,PT0251025,LST0251025,AG01643,LOC0096,Townhouse,1,3.5,2156,1342,2025,615400.0,2025-12-22,Sold,554421.07,2026-07-28,218,765.0,3,No,No,2025-12-22,2026-07-28
UPDATE,2026-07-28T00:00:00,2026-07-28,PT0238245,LST0238245,AG02559,LOC0006,Apartment,2,2.0,329,0,1977,36100.0,2025-11-22,Pending,,,63,749.0,2,No,No,2025-11-22,2026-07-28
UPDATE,2026-07-28T00:00:00,2026-07-28,PT0200557,LST0200557,AG00887,LOC0157,Single Family,4,3.5,1836,2346,1902,496600.0,2026-01-20,Pending,,,170,0.0,3,No,No,2026-01-20,2026-07-28
UPDATE,2026-07-28T00:00:00,2026-07-28,PT0180674,LST0180674,AG00830,LOC0075,Land,0,0.0,2823,2420,1999,638000.0,2023-03-11,Sold,587989.41,2026-07-28,1235,0.0,0,No,No,2023-03-11,2026-07-28
UPDATE,2026-07-28T00:00:00,2026-07-28,PT0384763,LST0384763,AG00254,LOC0167,Apartment,5,3.0,1250,0,1996,687600.0,2024-11-05,Active,,,170,321.0,0,No,No,2024-11-05,2026-07-28
UPDATE,2026-07-28T00:00:00,2026-07-28,PT0019033,LST0019033,AG00326,LOC0119,Condo,3,3.0,2825,2540,2007,626300.0,2023-10-12,Pending,,,81,173.0,1,No,No,2023-10-12,2026-07-28
UPDATE,2026-07-28T00:00:00,2026-07-28,PT0023012,LST0023012,AG00978,LOC0154,Townhouse,2,1.5,2350,2739,1983,384800.0,2026-06-01,Active,,,173,747.0,3,No,No,2026-06-01,2026-07-28
UPDATE,2026-07-28T00:00:00,2026-07-28,PT0149822,LST0149822,AG01002,LOC0216,Multi-Family,3,4.5,3847,7812,1901,832000.0,2026-02-16,Active,,,111,0.0,0,No,Yes,2026-02-16,2026-07-28
UPDATE,2026-07-28T00:00:00,2026-07-28,PT0357552,LST0357552,AG02618,LOC0107,Single Family,5,2.5,1707,3664,1996,340500.0,2025-05-21,Sold,324161.22,2026-07-28,433,0.0,1,No,Yes,2025-05-21,2026-07-28
UPDATE,2026-07-28T00:00:00,2026-07-28,PT0244468,LST0244468,AG02521,LOC0202,Single Family,6,2.5,2523,2223,2005,816500.0,2025-06-26,Active,,,112,0.0,2,No,No,2025-06-26,2026-07-28
UPDATE,2026-07-28T00:00:00,2026-07-28,PT0415233,LST0415233,AG02459,LOC0232,Multi-Family,2,2.5,3308,1778,1904,429700.0,2023-07-13,Active,,,96,0.0,0,No,No,2023-07-13,2026-07-28
UPDATE,2026-07-28T00:00:00,2026-07-28,PT0099312,LST0099312,AG00261,LOC0105,Single Family,6,4.0,717,4059,2020,87800.0,2024-07-04,Active,,,144,0.0,1,No,No,2024-07-04,2026-07-28
UPDATE,2026-07-28T00:00:00,2026-07-28,PT0347437,LST0347437,AG00161,LOC0023,Single Family,5,2.5,2036,3403,1987,611100.0,2025-09-26,Active,,,128,0.0,1,No,No,2025-09-26,2026-07-28
UPDATE,2026-07-28T00:00:00,2026-07-28,PT0348892,LST0348892,AG01525,LOC0231,Townhouse,5,4.0,1509,5519,1959,249400.0,2025-05-11,Pending,,,84,313.0,3,No,No,2025-05-11,2026-07-28
UPDATE,2026-07-28T00:00:00,2026-07-28,PT0077047,LST0077047,AG00047,LOC0245,Land,0,0.0,3680,1664,1950,514400.0,2023-11-21,Active,,,166,0.0,0,No,No,2023-11-21,2026-07-28
UPDATE,2026-07-28T00:00:00,2026-07-28,PT0177894,LST0177894,AG00238,LOC0029,Single Family,2,4.0,2662,6561,1912,944500.0,2024-08-13,Active,,,38,0.0,2,No,Yes,2024-08-13,2026-07-28
UPDATE,2026-07-28T00:00:00,2026-07-28,PT0339401,LST0339401,AG02766,LOC0214,Single Family,2,2.5,1622,9419,1902,466100.0,2023-03-14,Active,,,100,0.0,1,No,No,2023-03-14,2026-07-28
UPDATE,2026-07-28T00:00:00,2026-07-28,PT0489167,LST0489167,AG02325,LOC0102,Apartment,2,3.0,1576,0,1908,457500.0,2025-08-24,Active,,,145,520.0,2,No,No,2025-08-24,2026-07-28
UPDATE,2026-07-28T00:00:00,2026-07-28,PT0350595,LST0350595,AG00805,LOC0240,Condo,3,2.0,1228,2134,1987,402500.0,2024-06-24,Pending,,,50,620.0,0,No,No,2024-06-24,2026-07-28
UPDATE,2026-07-28T00:00:00,2026-07-28,PT0345680,LST0345680,AG00320,LOC0067,Single Family,1,2.0,2702,3002,2004,310300.0,2024-04-08,Active,,,133,0.0,0,No,Yes,2024-04-08,2026-07-28
UPDATE,2026-07-28T00:00:00,2026-07-28,PT0253735,LST0253735,AG00318,LOC0162,Single Family,6,2.5,2088,4937,1905,283300.0,2023-02-19,Sold,275838.11,2026-07-28,1255,0.0,2,No,Yes,2023-02-19,2026-07-28
UPDATE,2026-07-28T00:00:00,2026-07-28,PT0355812,LST0355812,AG00374,LOC0170,Single Family,2,3.5,2291,3747,1984,774600.0,2023-10-31,Sold,743213.1,2026-07-28,1001,0.0,3,No,No,2023-10-31,2026-07-28
UPDATE,2026-07-28T00:00:00,2026-07-28,PT0234096,LST0234096,AG01265,LOC0124,Land,0,0.0,6290,1940,1928,2385700.0,2023-05-19,Pending,,,130,0.0,0,No,No,2023-05-19,2026-07-28
UPDATE,2026-07-28T00:00:00,2026-07-28,PT0040516,LST0040516,AG00497,LOC0207,Single Family,3,4.0,1015,2964,1929,181500.0,2025-10-10,Pending,,,83,0.0,3,No,No,2025-10-10,2026-07-28
UPDATE,2026-07-28T00:00:00,2026-07-28,PT0370573,LST0370573,AG00795,LOC0051,Single Family,2,1.5,1166,3119,2009,200800.0,2023-10-16,Pending,,,47,0.0,0,No,No,2023-10-16,2026-07-28
UPDATE,2026-07-28T00:00:00,2026-07-28,PT0462981,LST0462981,AG02443,LOC0170,Condo,6,1.0,1378,2320,1914,587400.0,2025-03-14,Pending,,,177,524.0,1,No,No,2025-03-14,2026-07-28
UPDATE,2026-07-28T00:00:00,2026-07-28,PT0107454,LST0107454,AG00628,LOC0069,Condo,3,3.0,2010,5401,1923,414200.0,2024-07-20,Sold,432758.15,2026-07-28,738,496.0,2,No,No,2024-07-20,2026-07-28
UPDATE,2026-07-28T00:00:00,2026-07-28,PT0443439,LST0443439,AG00763,LOC0224,Single Family,2,3.5,2521,6700,1952,824600.0,2023-12-14,Sold,731568.42,2026-07-28,957,0.0,0,No,No,2023-12-14,2026-07-28
UPDATE,2026-07-28T00:00:00,2026-07-28,PT0112360,LST0112360,AG01216,LOC0088,Townhouse,6,2.0,739,3710,1953,92900.0,2025-03-24,Pending,,,89,181.0,0,No,No,2025-03-24,2026-07-28
UPDATE,2026-07-28T00:00:00,2026-07-28,PT0400784,LST0400784,AG01966,LOC0147,Condo,3,1.5,1748,8728,1972,251500.0,2023-01-10,Active,,,28,757.0,1,No,No,2023-01-10,2026-07-28
UPDATE,2026-07-28T00:00:00,2026-07-28,PT0477864,LST0477864,AG01395,LOC0027,Apartment,5,1.0,1368,0,2007,642900.0,2025-12-02,Pending,,,19,336.0,0,No,No,2025-12-02,2026-07-28
UPDATE,2026-07-28T00:00:00,2026-07-28,PT0400018,LST0400018,AG00015,LOC0068,Condo,4,4.0,2602,2314,2004,778800.0,2025-09-03,Active,,,158,146.0,0,No,No,2025-09-03,2026-07-28
UPDATE,2026-07-28T00:00:00,2026-07-28,PT0286588,LST0286588,AG00367,LOC0195,Single Family,3,4.5,1894,7458,1920,328100.0,2025-11-19,Active,,,17,0.0,1,No,No,2025-11-19,2026-07-28
UPDATE,2026-07-28T00:00:00,2026-07-28,PT0163432,LST0163432,AG02337,LOC0216,Condo,2,4.5,2901,14210,1919,613200.0,2023-01-29,Active,,,92,656.0,1,No,No,2023-01-29,2026-07-28
UPDATE,2026-07-28T00:00:00,2026-07-28,PT0157188,LST0157188,AG01955,LOC0203,Townhouse,6,4.5,536,10937,1915,59400.0,2025-10-16,Pending,,,45,338.0,3,Yes,No,2025-10-16,2026-07-28
UPDATE,2026-07-28T00:00:00,2026-07-28,PT0366450,LST0366450,AG00050,LOC0107,Condo,1,1.0,1501,1918,2024,339700.0,2024-01-24,Active,,,24,214.0,0,No,No,2024-01-24,2026-07-28
UPDATE,2026-07-28T00:00:00,2026-07-28,PT0335257,LST0335257,AG02999,LOC0102,Multi-Family,3,2.5,4053,5128,1928,991800.0,2023-11-04,Active,,,102,0.0,3,No,Yes,2023-11-04,2026-07-28
UPDATE,2026-07-28T00:00:00,2026-07-28,PT0279451,LST0279451,AG01150,LOC0165,Townhouse,6,1.5,2056,5183,1921,791700.0,2026-01-08,Sold,867929.04,2026-07-28,201,793.0,1,No,No,2026-01-08,2026-07-28
UPDATE,2026-07-28T00:00:00,2026-07-28,PT0515407,LST0515407,AG02673,LOC0044,Townhouse,1,1.5,2173,5029,1925,810300.0,2026-07-13,Sold,857223.84,2026-07-28,15,334.89,0,No,No,2026-07-13,2026-07-28
UPDATE,2026-07-28T00:00:00,2026-07-28,PT0288123,LST0288123,AG01294,LOC0162,Townhouse,4,1.0,1166,3155,1912,117400.0,2025-01-02,Pending,,,64,621.0,0,Yes,No,2025-01-02,2026-07-28
UPDATE,2026-07-28T00:00:00,2026-07-28,PT0485999,LST0485999,AG00167,LOC0206,Land,0,0.0,7881,4344,1956,1723000.0,2024-12-15,Sold,1840782.32,2026-07-28,590,0.0,0,No,No,2024-12-15,2026-07-28
UPDATE,2026-07-28T00:00:00,2026-07-28,PT0383965,LST0383965,AG01777,LOC0163,Single Family,1,3.5,300,4394,2018,127400.0,2025-07-13,Sold,132987.33,2026-07-28,380,0.0,3,No,Yes,2025-07-13,2026-07-28
UPDATE,2026-07-28T00:00:00,2026-07-28,PT0195097,LST0195097,AG02219,LOC0238,Condo,5,2.5,1921,1312,2011,561200.0,2026-04-11,Pending,,,73,337.0,2,Yes,No,2026-04-11,2026-07-28
UPDATE,2026-07-28T00:00:00,2026-07-28,PT0230091,LST0230091,AG00651,LOC0105,Single Family,3,3.5,1917,1774,1977,264800.0,2025-01-24,Pending,,,161,0.0,3,No,Yes,2025-01-24,2026-07-28
UPDATE,2026-07-28T00:00:00,2026-07-28,PT0460565,LST0460565,AG02381,LOC0154,Condo,5,1.0,1877,1050,1966,413700.0,2024-01-08,Sold,394472.26,2026-07-28,932,549.0,2,Yes,No,2024-01-08,2026-07-28
UPDATE,2026-07-28T00:00:00,2026-07-28,PT0413871,LST0413871,AG02958,LOC0094,Condo,4,1.0,3079,2062,2009,477300.0,2024-03-06,Active,,,62,680.0,1,No,No,2024-03-06,2026-07-28
UPDATE,2026-07-28T00:00:00,2026-07-28,PT0091654,LST0091654,AG01513,LOC0210,Single Family,4,1.0,1999,19953,1971,899000.0,2023-02-13,Pending,,,148,0.0,1,No,Yes,2023-02-13,2026-07-28
UPDATE,2026-07-28T00:00:00,2026-07-28,PT0293899,LST0293899,AG02804,LOC0026,Single Family,6,4.0,2308,3506,1926,425300.0,2023-03-04,Active,,,145,0.0,0,No,No,2023-03-04,2026-07-28
UPDATE,2026-07-28T00:00:00,2026-07-28,PT0226808,LST0226808,AG02594,LOC0054,Single Family,1,1.0,2183,14362,1973,645400.0,2024-09-10,Active,,,166,0.0,2,No,No,2024-09-10,2026-07-28
UPDATE,2026-07-28T00:00:00,2026-07-28,PT0492903,LST0492903,AG01081,LOC0112,Condo,3,1.0,1084,5614,1989,69500.0,2023-05-12,Active,,,170,621.0,2,No,No,2023-05-12,2026-07-28
UPDATE,2026-07-28T00:00:00,2026-07-28,PT0014910,LST0014910,AG01913,LOC0018,Townhouse,1,1.0,1314,4205,1965,507200.0,2025-03-28,Pending,,,133,763.0,0,No,No,2025-03-28,2026-07-28
UPDATE,2026-07-28T00:00:00,2026-07-28,PT0240894,LST0240894,AG02126,LOC0065,Single Family,4,1.5,2797,5391,1912,469100.0,2024-02-01,Pending,,,116,0.0,1,No,No,2024-02-01,2026-07-28
UPDATE,2026-07-28T00:00:00,2026-07-28,PT0078442,LST0078442,AG00963,LOC0069,Condo,3,4.0,539,1739,1953,148500.0,2024-12-31,Active,,,23,642.0,1,No,No,2024-12-31,2026-07-28
UPDATE,2026-07-28T00:00:00,2026-07-28,PT0386837,LST0386837,AG02547,LOC0218,Single Family,5,1.5,1200,6015,1936,381300.0,2024-07-31,Pending,,,134,0.0,0,No,Yes,2024-07-31,2026-07-28
UPDATE,2026-07-28T00:00:00,2026-07-28,PT0452242,LST0452242,AG00916,LOC0219,Single Family,1,2.0,1488,4702,1936,999300.0,2023-07-28,Active,,,146,0.0,1,No,Yes,2023-07-28,2026-07-28
UPDATE,2026-07-28T00:00:00,2026-07-28,PT0523312,LST0523312,AG00341,LOC0016,Condo,5,1.5,2103,4988,1921,599500.0,2026-07-21,Active,,,0,753.85,2,No,No,2026-07-21,2026-07-28
UPDATE,2026-07-28T00:00:00,2026-07-28,PT0307227,LST0307227,AG00356,LOC0108,Apartment,2,3.0,1048,0,1918,104800.0,2025-03-24,Active,,,16,168.0,1,No,No,2025-03-24,2026-07-28
UPDATE,2026-07-28T00:00:00,2026-07-28,PT0302068,LST0302068,AG00177,LOC0247,Single Family,5,4.0,1286,8050,1965,348900.0,2024-03-06,Active,,,96,0.0,0,No,Yes,2024-03-06,2026-07-28
UPDATE,2026-07-28T00:00:00,2026-07-28,PT0115021,LST0115021,AG02059,LOC0247,Single Family,5,2.5,1809,2455,2013,631400.0,2023-06-04,Pending,,,59,0.0,1,No,No,2023-06-04,2026-07-28
UPDATE,2026-07-28T00:00:00,2026-07-28,PT0104313,LST0104313,AG00936,LOC0028,Single Family,4,3.5,2562,1401,1991,362500.0,2023-03-30,Pending,,,84,0.0,2,No,No,2023-03-30,2026-07-28
UPDATE,2026-07-28T00:00:00,2026-07-28,PT0462027,LST0462027,AG02560,LOC0027,Multi-Family,3,1.5,3681,24741,2025,1791000.0,2025-07-05,Pending,,,45,0.0,1,Yes,Yes,2025-07-05,2026-07-28
UPDATE,2026-07-28T00:00:00,2026-07-28,PT0167857,LST0167857,AG00885,LOC0037,Single Family,4,1.5,1706,1434,1963,676600.0,2023-03-12,Pending,,,31,0.0,2,No,Yes,2023-03-12,2026-07-28
UPDATE,2026-07-28T00:00:00,2026-07-28,PT0145998,LST0145998,AG02646,LOC0055,Single Family,5,2.5,2496,3827,1966,384200.0,2024-09-25,Sold,366584.63,2026-07-28,671,0.0,3,No,No,2024-09-25,2026-07-28
UPDATE,2026-07-28T00:00:00,2026-07-28,PT0272277,LST0272277,AG02952,LOC0223,Condo,1,4.5,1960,4204,1988,1654000.0,2024-03-10,Active,,,94,704.0,3,No,No,2024-03-10,2026-07-28
UPDATE,2026-07-28T00:00:00,2026-07-28,PT0359341,LST0359341,AG01274,LOC0148,Single Family,6,4.5,2615,6486,1936,735500.0,2026-05-06,Active,,,81,0.0,2,No,No,2026-05-06,2026-07-28
UPDATE,2026-07-28T00:00:00,2026-07-28,PT0422986,LST0422986,AG00334,LOC0009,Condo,3,2.5,2302,1202,2009,227700.0,2026-03-23,Active,,,142,672.0,2,No,No,2026-03-23,2026-07-28
UPDATE,2026-07-28T00:00:00,2026-07-28,PT0235554,LST0235554,AG00592,LOC0190,Apartment,3,3.5,548,0,1965,150200.0,2023-04-04,Pending,,,110,775.0,0,No,No,2023-04-04,2026-07-28
UPDATE,2026-07-28T00:00:00,2026-07-28,PT0009432,LST0009432,AG01292,LOC0146,Condo,6,2.5,1508,4070,1990,162500.0,2024-07-30,Pending,,,53,127.0,2,Yes,No,2024-07-30,2026-07-28
UPDATE,2026-07-28T00:00:00,2026-07-28,PT0196804,LST0196804,AG00768,LOC0209,Single Family,4,1.5,716,2575,1980,225000.0,2024-12-03,Pending,,,38,0.0,1,No,No,2024-12-03,2026-07-28
UPDATE,2026-07-28T00:00:00,2026-07-28,PT0279209,LST0279209,AG01514,LOC0026,Single Family,4,2.0,1497,2386,1961,394900.0,2024-08-04,Active,,,18,0.0,1,No,Yes,2024-08-04,2026-07-28
UPDATE,2026-07-28T00:00:00,2026-07-28,PT0421032,LST0421032,AG01280,LOC0203,Condo,3,3.5,2097,11425,1967,64600.0,2025-12-14,Active,,,27,117.0,0,Yes,No,2025-12-14,2026-07-28
UPDATE,2026-07-28T00:00:00,2026-07-28,PT0522075,LST0522075,AG02934,LOC0055,Condo,6,4.5,2138,4196,1929,408300.0,2026-07-19,Active,,,0,221.88,3,No,No,2026-07-19,2026-07-28
UPDATE,2026-07-28T00:00:00,2026-07-28,PT0288512,LST0288512,AG00262,LOC0041,Single Family,4,4.0,1582,3760,1985,433000.0,2025-01-07,Active,,,112,0.0,0,Yes,Yes,2025-01-07,2026-07-28
UPDATE,2026-07-28T00:00:00,2026-07-28,PT0316077,LST0316077,AG02617,LOC0022,Single Family,1,1.0,2755,2107,1989,828000.0,2023-01-17,Sold,778448.36,2026-07-28,1288,0.0,2,No,Yes,2023-01-17,2026-07-28
UPDATE,2026-07-28T00:00:00,2026-07-28,PT0345101,LST0345101,AG00102,LOC0138,Townhouse,6,1.0,1428,9666,1902,481300.0,2025-11-29,Pending,,,35,434.0,2,No,No,2025-11-29,2026-07-28
UPDATE,2026-07-28T00:00:00,2026-07-28,PT0188104,LST0188104,AG01695,LOC0162,Single Family,3,4.0,1031,7124,1906,221700.0,2024-02-29,Active,,,130,0.0,2,Yes,Yes,2024-02-29,2026-07-28
UPDATE,2026-07-28T00:00:00,2026-07-28,PT0161727,LST0161727,AG02845,LOC0032,Single Family,5,4.0,2628,1773,2020,226400.0,2025-10-23,Pending,,,150,0.0,1,No,No,2025-10-23,2026-07-28
UPDATE,2026-07-28T00:00:00,2026-07-28,PT0200732,LST0200732,AG02952,LOC0063,Single Family,1,2.5,1596,6230,1906,818600.0,2025-07-22,Pending,,,121,0.0,3,No,No,2025-07-22,2026-07-28
UPDATE,2026-07-28T00:00:00,2026-07-28,PT0307292,LST0307292,AG01668,LOC0059,Condo,1,3.0,1464,4997,1947,176400.0,2024-04-28,Active,,,87,126.0,2,No,No,2024-04-28,2026-07-28
UPDATE,2026-07-28T00:00:00,2026-07-28,PT0449288,LST0449288,AG02627,LOC0090,Townhouse,2,4.0,1540,4343,2020,479500.0,2025-08-20,Pending,,,105,779.0,3,No,No,2025-08-20,2026-07-28
UPDATE,2026-07-28T00:00:00,2026-07-28,PT0218105,LST0218105,AG01439,LOC0106,Single Family,4,1.5,857,4546,2023,294600.0,2026-06-23,Active,,,139,0.0,2,No,No,2026-06-23,2026-07-28
UPDATE,2026-07-28T00:00:00,2026-07-28,PT0132053,LST0132053,AG02346,LOC0225,Condo,4,4.0,2193,3271,1923,820600.0,2023-04-02,Pending,,,99,80.0,1,No,No,2023-04-02,2026-07-28
UPDATE,2026-07-28T00:00:00,2026-07-28,PT0018871,LST0018871,AG02791,LOC0154,Condo,4,3.0,1692,1991,1940,465700.0,2023-02-09,Sold,441331.73,2026-07-28,1265,571.0,3,No,No,2023-02-09,2026-07-28
UPDATE,2026-07-28T00:00:00,2026-07-28,PT0196379,LST0196379,AG02957,LOC0160,Townhouse,3,1.5,300,4497,2015,83500.0,2024-11-03,Active,,,127,763.0,2,No,No,2024-11-03,2026-07-28
UPDATE,2026-07-28T00:00:00,2026-07-28,PT0149620,LST0149620,AG00172,LOC0072,Multi-Family,3,2.5,3601,1825,1918,351200.0,2023-11-18,Sold,348731.59,2026-07-28,983,0.0,0,No,Yes,2023-11-18,2026-07-28
UPDATE,2026-07-28T00:00:00,2026-07-28,PT0331628,LST0331628,AG02552,LOC0093,Condo,2,3.5,2265,2992,1940,448000.0,2025-12-04,Active,,,40,602.0,2,No,No,2025-12-04,2026-07-28
UPDATE,2026-07-28T00:00:00,2026-07-28,PT0002845,LST0002845,AG01842,LOC0059,Single Family,2,3.0,1788,3269,1923,346600.0,2023-06-25,Pending,,,104,0.0,3,No,Yes,2023-06-25,2026-07-28
UPDATE,2026-07-28T00:00:00,2026-07-28,PT0113039,LST0113039,AG01724,LOC0227,Single Family,3,1.5,2246,24642,1939,504100.0,2023-06-27,Pending,,,139,0.0,3,No,No,2023-06-27,2026-07-28
UPDATE,2026-07-28T00:00:00,2026-07-28,PT0342004,LST0342004,AG01057,LOC0050,Multi-Family,2,2.5,3499,1466,2014,739100.0,2025-09-28,Pending,,,150,0.0,2,No,No,2025-09-28,2026-07-28
UPDATE,2026-07-28T00:00:00,2026-07-28,PT0300994,LST0300994,AG00059,LOC0075,Single Family,2,3.5,2735,8775,1994,476300.0,2026-01-14,Active,,,139,0.0,0,No,No,2026-01-14,2026-07-28
UPDATE,2026-07-28T00:00:00,2026-07-28,PT0417891,LST0417891,AG00384,LOC0241,Single Family,4,4.5,1625,2170,1954,365800.0,2026-05-24,Active,,,91,0.0,3,No,Yes,2026-05-24,2026-07-28
UPDATE,2026-07-28T00:00:00,2026-07-28,PT0139359,LST0139359,AG01314,LOC0100,Condo,4,4.5,1921,2552,1914,274100.0,2023-02-02,Pending,,,116,439.0,2,No,No,2023-02-02,2026-07-28
UPDATE,2026-07-28T00:00:00,2026-07-28,PT0491859,LST0491859,AG00728,LOC0164,Single Family,5,2.0,815,17821,1902,238000.0,2023-05-02,Pending,,,142,0.0,0,Yes,No,2023-05-02,2026-07-28
UPDATE,2026-07-28T00:00:00,2026-07-28,PT0456937,LST0456937,AG00742,LOC0177,Condo,1,3.0,1074,4956,1916,226500.0,2024-10-24,Sold,212953.11,2026-07-28,642,688.0,3,No,No,2024-10-24,2026-07-28
UPDATE,2026-07-28T00:00:00,2026-07-28,PT0065248,LST0065248,AG02859,LOC0152,Single Family,3,3.5,1271,3798,1998,675600.0,2023-07-02,Pending,,,40,0.0,1,No,No,2023-07-02,2026-07-28
UPDATE,2026-07-28T00:00:00,2026-07-28,PT0436236,LST0436236,AG00104,LOC0164,Condo,2,2.5,1715,3748,2003,480100.0,2025-06-28,Active,,,28,224.0,0,No,No,2025-06-28,2026-07-28
UPDATE,2026-07-28T00:00:00,2026-07-28,PT0518547,LST0518547,AG02953,LOC0138,Condo,1,2.0,1940,3219,2025,482900.0,2026-07-16,Active,,,0,106.29,1,Yes,No,2026-07-16,2026-07-28
UPDATE,2026-07-28T00:00:00,2026-07-28,PT0339128,LST0339128,AG01543,LOC0097,Land,0,0.0,7553,1831,1938,2441800.0,2023-06-20,Pending,,,63,0.0,0,No,No,2023-06-20,2026-07-28
UPDATE,2026-07-28T00:00:00,2026-07-28,PT0243685,LST0243685,AG00433,LOC0227,Single Family,5,3.0,816,2564,1917,225800.0,2025-09-17,Pending,,,118,0.0,1,Yes,Yes,2025-09-17,2026-07-28
UPDATE,2026-07-28T00:00:00,2026-07-28,PT0460378,LST0460378,AG00387,LOC0153,Condo,1,1.5,1937,1584,2017,813100.0,2023-08-05,Active,,,76,238.0,1,No,No,2023-08-05,2026-07-28
UPDATE,2026-07-28T00:00:00,2026-07-28,PT0109316,LST0109316,AG00094,LOC0235,Condo,1,4.5,2631,2977,2010,732500.0,2024-07-09,Active,,,20,718.0,1,No,No,2024-07-09,2026-07-28
UPDATE,2026-07-28T00:00:00,2026-07-28,PT0192494,LST0192494,AG02831,LOC0113,Townhouse,1,4.5,1348,1153,1969,590800.0,2025-08-15,Sold,590243.0,2026-07-28,347,467.0,3,No,No,2025-08-15,2026-07-28
UPDATE,2026-07-28T00:00:00,2026-07-28,PT0218407,LST0218407,AG00823,LOC0132,Single Family,2,3.5,1727,13862,1995,350400.0,2023-01-05,Sold,347452.79,2026-07-28,1300,0.0,1,No,No,2023-01-05,2026-07-28
UPDATE,2026-07-28T00:00:00,2026-07-28,PT0054218,LST0054218,AG01649,LOC0002,Single Family,4,3.5,843,1118,1990,166300.0,2024-12-02,Active,,,70,0.0,0,No,No,2024-12-02,2026-07-28
UPDATE,2026-07-28T00:00:00,2026-07-28,PT0434914,LST0434914,AG01014,LOC0054,Townhouse,6,3.0,2393,3545,1991,634800.0,2025-10-29,Sold,663583.22,2026-07-28,272,597.0,2,Yes,No,2025-10-29,2026-07-28
UPDATE,2026-07-28T00:00:00,2026-07-28,PT0527902,LST0527902,AG00758,LOC0034,Single Family,2,3.5,1728,7540,1948,590200.0,2026-07-25,Active,,,0,0.0,1,No,No,2026-07-25,2026-07-28
UPDATE,2026-07-28T00:00:00,2026-07-28,PT0474948,LST0474948,AG01645,LOC0117,Townhouse,5,1.5,2410,2249,1999,317100.0,2024-10-28,Sold,319124.02,2026-07-28,638,350.0,1,No,No,2024-10-28,2026-07-28
UPDATE,2026-07-28T00:00:00,2026-07-28,PT0327235,LST0327235,AG01937,LOC0103,Single Family,6,4.0,2665,2622,1962,833000.0,2024-10-30,Active,,,98,0.0,3,No,Yes,2024-10-30,2026-07-28
UPDATE,2026-07-28T00:00:00,2026-07-28,PT0167388,LST0167388,AG01730,LOC0019,Condo,4,1.0,2353,2910,2021,216800.0,2026-02-20,Active,,,23,197.0,2,Yes,No,2026-02-20,2026-07-28
UPDATE,2026-07-28T00:00:00,2026-07-28,PT0518844,LST0518844,AG01647,LOC0069,Condo,1,2.5,545,1959,1974,43300.0,2026-07-16,Sold,44670.98,2026-07-28,12,243.6,0,Yes,No,2026-07-16,2026-07-28
UPDATE,2026-07-28T00:00:00,2026-07-28,PT0432572,LST0432572,AG01212,LOC0169,Apartment,1,3.0,785,0,1911,314400.0,2026-05-06,Active,,,115,542.0,2,No,No,2026-05-06,2026-07-28
UPDATE,2026-07-28T00:00:00,2026-07-28,PT0210487,LST0210487,AG02493,LOC0052,Single Family,3,2.5,2240,1521,1919,478100.0,2025-11-20,Active,,,78,0.0,2,No,No,2025-11-20,2026-07-28
UPDATE,2026-07-28T00:00:00,2026-07-28,PT0529889,LST0529889,AG01847,LOC0132,Single Family,1,2.0,833,1293,1962,180600.0,2026-07-26,Pending,,,0,0.0,1,Yes,No,2026-07-26,2026-07-28
UPDATE,2026-07-28T00:00:00,2026-07-28,PT0023773,LST0023773,AG01309,LOC0199,Single Family,3,3.0,300,2686,1949,96400.0,2024-12-06,Active,,,100,0.0,0,No,No,2024-12-06,2026-07-28
UPDATE,2026-07-28T00:00:00,2026-07-28,PT0208995,LST0208995,AG02981,LOC0031,Single Family,2,3.0,2313,8488,1903,376800.0,2026-05-03,Pending,,,178,0.0,0,No,Yes,2026-05-03,2026-07-28
UPDATE,2026-07-28T00:00:00,2026-07-28,PT0062712,LST0062712,AG02346,LOC0122,Single Family,5,1.0,1275,5401,2014,544600.0,2026-05-28,Sold,533865.52,2026-07-28,61,0.0,1,Yes,No,2026-05-28,2026-07-28
UPDATE,2026-07-28T00:00:00,2026-07-28,PT0033087,LST0033087,AG02441,LOC0177,Apartment,6,1.5,1420,0,1973,598900.0,2023-01-24,Active,,,118,308.0,0,No,No,2023-01-24,2026-07-28
DELETE,2026-07-28T00:00:00,2026-07-28,PT0222281,LST0222281,AG01834,LOC0193,Townhouse,5,3.0,1233,4244,1991,339500.0,2025-07-15,Withdrawn,,,138,92.0,2,No,No,2025-07-15,2026-07-28
DELETE,2026-07-28T00:00:00,2026-07-28,PT0529871,LST0529871,AG02317,LOC0012,Land,0,0.0,3833,6607,1906,762600.0,2026-07-26,Withdrawn,,,0,0.0,0,No,No,2026-07-26,2026-07-28
DELETE,2026-07-28T00:00:00,2026-07-28,PT0497850,LST0497850,AG01318,LOC0240,Land,0,0.0,3245,1379,1973,1174500.0,2025-10-16,Withdrawn,,,10,0.0,0,No,No,2025-10-16,2026-07-28
DELETE,2026-07-28T00:00:00,2026-07-28,PT0231388,LST0231388,AG00257,LOC0203,Apartment,4,4.5,683,0,1959,121700.0,2024-01-04,Withdrawn,,,31,215.0,2,Yes,No,2024-01-04,2026-07-28
DELETE,2026-07-28T00:00:00,2026-07-28,PT0516718,LST0516718,AG01188,LOC0173,Condo,1,1.0,2282,3233,2005,838500.0,2026-07-14,Withdrawn,,,0,661.96,0,No,No,2026-07-14,2026-07-28
DELETE,2026-07-28T00:00:00,2026-07-28,PT0213590,LST0213590,AG01857,LOC0154,Single Family,3,3.0,2615,7468,1988,755000.0,2024-06-04,Withdrawn,,,68,0.0,3,Yes,No,2024-06-04,2026-07-28
DELETE,2026-07-28T00:00:00,2026-07-28,PT0064261,LST0064261,AG01207,LOC0205,Multi-Family,4,2.5,2627,4664,1963,784800.0,2023-08-19,Withdrawn,,,141,0.0,2,No,No,2023-08-19,2026-07-28
DELETE,2026-07-28T00:00:00,2026-07-28,PT0497464,LST0497464,AG02624,LOC0063,Single Family,1,3.5,1849,7131,2022,458900.0,2026-01-02,Withdrawn,,,29,0.0,3,No,No,2026-01-02,2026-07-28
DELETE,2026-07-28T00:00:00,2026-07-28,PT0102370,LST0102370,AG02022,LOC0212,Single Family,5,2.0,2887,6607,1994,1555900.0,2025-08-19,Withdrawn,,,62,0.0,0,No,Yes,2025-08-19,2026-07-28
DELETE,2026-07-28T00:00:00,2026-07-28,PT0074711,LST0074711,AG01831,LOC0208,Condo,2,4.5,2444,2706,2018,599300.0,2024-05-04,Withdrawn,,,132,639.0,1,No,No,2024-05-04,2026-07-28
DELETE,2026-07-28T00:00:00,2026-07-28,PT0047134,LST0047134,AG00985,LOC0116,Single Family,5,1.0,1761,10035,1996,753900.0,2025-08-10,Withdrawn,,,139,0.0,0,No,Yes,2025-08-10,2026-07-28
DELETE,2026-07-28T00:00:00,2026-07-28,PT0348930,LST0348930,AG01005,LOC0119,Single Family,4,1.0,1757,3908,2023,476900.0,2025-08-11,Withdrawn,,,145,0.0,3,No,No,2025-08-11,2026-07-28
DELETE,2026-07-28T00:00:00,2026-07-28,PT0351937,LST0351937,AG02944,LOC0045,Single Family,6,4.0,3003,11955,2017,566200.0,2023-03-26,Withdrawn,,,60,0.0,1,No,No,2023-03-26,2026-07-28
DELETE,2026-07-28T00:00:00,2026-07-28,PT0261497,LST0261497,AG02783,LOC0155,Apartment,6,4.5,700,0,1912,163600.0,2024-01-17,Withdrawn,,,116,795.0,2,No,No,2024-01-17,2026-07-28
DELETE,2026-07-28T00:00:00,2026-07-28,PT0146152,LST0146152,AG01441,LOC0047,Condo,6,3.0,1423,2490,1997,769400.0,2024-08-25,Withdrawn,,,128,572.0,3,No,No,2024-08-25,2026-07-28
DELETE,2026-07-28T00:00:00,2026-07-28,PT0477690,LST0477690,AG02140,LOC0139,Condo,6,2.5,1129,2291,1943,324400.0,2024-11-02,Withdrawn,,,127,95.0,0,No,No,2024-11-02,2026-07-28
DELETE,2026-07-28T00:00:00,2026-07-28,PT0499047,LST0499047,AG01455,LOC0130,Single Family,5,2.5,1007,1463,2010,241600.0,2025-05-24,Withdrawn,,,17,0.0,1,No,No,2025-05-24,2026-07-28
DELETE,2026-07-28T00:00:00,2026-07-28,PT0139604,LST0139604,AG01605,LOC0245,Land,0,0.0,7268,3012,2013,979200.0,2023-10-23,Withdrawn,,,92,0.0,0,No,No,2023-10-23,2026-07-28
DELETE,2026-07-28T00:00:00,2026-07-28,PT0396890,LST0396890,AG02712,LOC0196,Single Family,2,4.5,2502,10625,1926,988200.0,2025-12-29,Withdrawn,,,25,0.0,0,No,Yes,2025-12-29,2026-07-28
DELETE,2026-07-28T00:00:00,2026-07-28,PT0211928,LST0211928,AG01986,LOC0176,Condo,3,4.5,1605,9064,1960,505900.0,2025-12-26,Withdrawn,,,96,408.0,2,No,No,2025-12-26,2026-07-28
DELETE,2026-07-28T00:00:00,2026-07-28,PT0500998,LST0500998,AG02552,LOC0077,Single Family,6,3.5,1395,9629,1902,328500.0,2026-07-01,Withdrawn,,,0,0.0,3,No,No,2026-07-01,2026-07-28
DELETE,2026-07-28T00:00:00,2026-07-28,PT0024853,LST0024853,AG00973,LOC0115,Townhouse,6,3.5,3396,6250,1995,549800.0,2025-02-27,Withdrawn,,,155,777.0,3,No,No,2025-02-27,2026-07-28
DELETE,2026-07-28T00:00:00,2026-07-28,PT0189327,LST0189327,AG02179,LOC0064,Multi-Family,2,2.0,2495,3455,1926,688200.0,2023-10-02,Withdrawn,,,114,0.0,3,No,No,2023-10-02,2026-07-28
DELETE,2026-07-28T00:00:00,2026-07-28,PT0528047,LST0528047,AG01674,LOC0140,Single Family,2,4.0,1420,2839,1979,633000.0,2026-07-25,Withdrawn,,,0,0.0,0,Yes,No,2026-07-25,2026-07-28
DELETE,2026-07-28T00:00:00,2026-07-28,PT0434934,LST0434934,AG01499,LOC0239,Single Family,6,3.5,2447,3387,1958,655000.0,2025-05-26,Withdrawn,,,108,0.0,0,No,No,2025-05-26,2026-07-28
DELETE,2026-07-28T00:00:00,2026-07-28,PT0117224,LST0117224,AG02507,LOC0179,Single Family,6,4.0,2114,2405,1964,474400.0,2026-04-14,Withdrawn,,,63,0.0,1,No,Yes,2026-04-14,2026-07-28
DELETE,2026-07-28T00:00:00,2026-07-28,PT0397804,LST0397804,AG00128,LOC0138,Single Family,1,3.5,2843,15633,1963,519200.0,2023-05-15,Withdrawn,,,144,0.0,3,No,No,2023-05-15,2026-07-28
DELETE,2026-07-28T00:00:00,2026-07-28,PT0049793,LST0049793,AG02933,LOC0153,Apartment,6,2.5,808,0,1929,64700.0,2025-06-06,Withdrawn,,,70,114.0,2,No,No,2025-06-06,2026-07-28
DELETE,2026-07-28T00:00:00,2026-07-28,PT0525557,LST0525557,AG02111,LOC0205,Land,0,0.0,5512,8200,1922,1641700.0,2026-07-23,Withdrawn,,,0,0.0,0,No,No,2026-07-23,2026-07-28
DELETE,2026-07-28T00:00:00,2026-07-28,PT0225053,LST0225053,AG01466,LOC0218,Land,0,0.0,4881,4491,1945,1346200.0,2024-02-23,Withdrawn,,,64,0.0,0,No,No,2024-02-23,2026-07-28
DELETE,2026-07-28T00:00:00,2026-07-28,PT0526066,LST0526066,AG01051,LOC0197,Single Family,3,4.5,300,7558,1968,148400.0,2026-07-23,Withdrawn,,,0,0.0,2,Yes,Yes,2026-07-23,2026-07-28
DELETE,2026-07-28T00:00:00,2026-07-28,PT0054901,LST0054901,AG00361,LOC0157,Single Family,6,3.0,1539,1954,1949,650400.0,2024-09-19,Withdrawn,,,129,0.0,2,No,Yes,2024-09-19,2026-07-28
DELETE,2026-07-28T00:00:00,2026-07-28,PT0148244,LST0148244,AG00088,LOC0241,Single Family,3,2.5,1697,14088,1986,252900.0,2024-10-07,Withdrawn,,,75,0.0,2,No,Yes,2024-10-07,2026-07-28
DELETE,2026-07-28T00:00:00,2026-07-28,PT0202593,LST0202593,AG01394,LOC0222,Condo,5,3.0,1957,3806,1948,783600.0,2024-04-10,Withdrawn,,,51,164.0,2,No,No,2024-04-10,2026-07-28
DELETE,2026-07-28T00:00:00,2026-07-28,PT0201132,LST0201132,AG01731,LOC0126,Single Family,5,4.5,2584,8783,2002,1219100.0,2023-10-11,Withdrawn,,,90,0.0,3,No,Yes,2023-10-11,2026-07-28
DELETE,2026-07-28T00:00:00,2026-07-28,PT0064172,LST0064172,AG01627,LOC0173,Condo,6,3.0,2758,1455,1976,1095900.0,2024-02-06,Withdrawn,,,1,595.0,3,No,No,2024-02-06,2026-07-28
DELETE,2026-07-28T00:00:00,2026-07-28,PT0077422,LST0077422,AG02478,LOC0138,Condo,2,1.5,2337,6298,1963,350400.0,2023-11-28,Withdrawn,,,79,645.0,1,No,No,2023-11-28,2026-07-28
DELETE,2026-07-28T00:00:00,2026-07-28,PT0135059,LST0135059,AG02588,LOC0115,Single Family,6,2.5,300,1828,2022,99600.0,2026-06-26,Withdrawn,,,111,0.0,2,No,Yes,2026-06-26,2026-07-28
DELETE,2026-07-28T00:00:00,2026-07-28,PT0316548,LST0316548,AG01836,LOC0181,Single Family,1,2.0,1835,5655,1932,740200.0,2024-08-22,Withdrawn,,,85,0.0,2,No,No,2024-08-22,2026-07-28
DELETE,2026-07-28T00:00:00,2026-07-28,PT0144092,LST0144092,AG00282,LOC0232,Multi-Family,1,4.0,3815,7116,1985,871300.0,2024-03-03,Withdrawn,,,28,0.0,1,No,No,2024-03-03,2026-07-28
DELETE,2026-07-28T00:00:00,2026-07-28,PT0125073,LST0125073,AG00206,LOC0069,Single Family,5,4.0,1495,1183,1983,497800.0,2025-08-16,Withdrawn,,,39,0.0,1,Yes,Yes,2025-08-16,2026-07-28
DELETE,2026-07-28T00:00:00,2026-07-28,PT0373522,LST0373522,AG01233,LOC0004,Single Family,2,1.0,1164,2348,1960,165700.0,2024-05-23,Withdrawn,,,17,0.0,3,Yes,Yes,2024-05-23,2026-07-28
DELETE,2026-07-28T00:00:00,2026-07-28,PT0191559,LST0191559,AG02210,LOC0232,Single Family,1,3.0,687,12388,2011,54800.0,2024-12-03,Withdrawn,,,148,0.0,3,Yes,No,2024-12-03,2026-07-28
DELETE,2026-07-28T00:00:00,2026-07-28,PT0455216,LST0455216,AG02399,LOC0159,Townhouse,1,1.5,2819,5898,1978,466400.0,2026-04-04,Withdrawn,,,106,90.0,0,Yes,No,2026-04-04,2026-07-28
DELETE,2026-07-28T00:00:00,2026-07-28,PT0418641,LST0418641,AG00705,LOC0074,Single Family,3,4.0,968,6323,1902,327000.0,2024-11-02,Withdrawn,,,1,0.0,2,No,Yes,2024-11-02,2026-07-28
DELETE,2026-07-28T00:00:00,2026-07-28,PT0145888,LST0145888,AG00426,LOC0021,Apartment,2,1.5,497,0,2019,86000.0,2024-11-17,Withdrawn,,,85,684.0,0,No,No,2024-11-17,2026-07-28
DELETE,2026-07-28T00:00:00,2026-07-28,PT0501387,LST0501387,AG02689,LOC0157,Single Family,4,4.5,1110,6504,1945,251500.0,2026-07-01,Withdrawn,,,0,0.0,1,No,Yes,2026-07-01,2026-07-28
DELETE,2026-07-28T00:00:00,2026-07-28,PT0516598,LST0516598,AG00676,LOC0240,Single Family,4,2.5,1147,2175,1958,405200.0,2026-07-14,Withdrawn,,,0,0.0,2,No,No,2026-07-14,2026-07-28
DELETE,2026-07-28T00:00:00,2026-07-28,PT0137395,LST0137395,AG01521,LOC0043,Condo,4,2.0,1256,29726,1962,126900.0,2026-02-11,Withdrawn,,,53,586.0,0,No,No,2026-02-11,2026-07-28
DELETE,2026-07-28T00:00:00,2026-07-28,PT0319311,LST0319311,AG02769,LOC0157,Land,0,0.0,8277,1225,1972,2979000.0,2025-11-12,Withdrawn,,,62,0.0,0,No,No,2025-11-12,2026-07-28
DELETE,2026-07-28T00:00:00,2026-07-28,PT0508426,LST0508426,AG02934,LOC0096,Land,0,0.0,4135,6404,1917,993300.0,2026-07-07,Withdrawn,,,0,0.0,0,No,No,2026-07-07,2026-07-28
DELETE,2026-07-28T00:00:00,2026-07-28,PT0525530,LST0525530,AG01642,LOC0121,Land,0,0.0,2630,5957,1915,858300.0,2026-07-23,Withdrawn,,,0,0.0,0,No,No,2026-07-23,2026-07-28
DELETE,2026-07-28T00:00:00,2026-07-28,PT0366166,LST0366166,AG02787,LOC0085,Apartment,5,4.5,1378,0,1998,399800.0,2024-05-31,Withdrawn,,,134,603.0,3,No,No,2024-05-31,2026-07-28
DELETE,2026-07-28T00:00:00,2026-07-28,PT0199305,LST0199305,AG01021,LOC0157,Single Family,3,2.5,2674,1181,1993,1086900.0,2024-12-09,Withdrawn,,,57,0.0,3,No,No,2024-12-09,2026-07-28
DELETE,2026-07-28T00:00:00,2026-07-28,PT0446528,LST0446528,AG02020,LOC0092,Condo,2,3.5,1562,12325,1989,198300.0,2025-11-23,Withdrawn,,,141,588.0,1,No,No,2025-11-23,2026-07-28
DELETE,2026-07-28T00:00:00,2026-07-28,PT0373983,LST0373983,AG02289,LOC0085,Single Family,5,1.0,1903,10291,1936,565700.0,2023-09-09,Withdrawn,,,71,0.0,2,No,Yes,2023-09-09,2026-07-28
DELETE,2026-07-28T00:00:00,2026-07-28,PT0177384,LST0177384,AG02982,LOC0214,Townhouse,5,4.5,1750,4482,1946,746600.0,2024-04-03,Withdrawn,,,29,515.0,0,No,No,2024-04-03,2026-07-28
DELETE,2026-07-28T00:00:00,2026-07-28,PT0070252,LST0070252,AG00166,LOC0003,Single Family,2,2.5,1771,4956,1989,292000.0,2024-11-12,Withdrawn,,,75,0.0,0,No,Yes,2024-11-12,2026-07-28
DELETE,2026-07-28T00:00:00,2026-07-28,PT0512976,LST0512976,AG02802,LOC0247,Apartment,5,4.5,1718,0,1948,265600.0,2026-07-11,Withdrawn,,,0,409.14,3,No,No,2026-07-11,2026-07-28
DELETE,2026-07-28T00:00:00,2026-07-28,PT0362026,LST0362026,AG02305,LOC0023,Townhouse,3,3.0,1295,3745,2011,309000.0,2024-11-26,Withdrawn,,,40,623.0,0,No,No,2024-11-26,2026-07-28
DELETE,2026-07-28T00:00:00,2026-07-28,PT0061481,LST0061481,AG01780,LOC0028,Single Family,3,3.0,3435,5537,1976,381100.0,2024-07-20,Withdrawn,,,117,0.0,3,No,No,2024-07-20,2026-07-28
DELETE,2026-07-28T00:00:00,2026-07-28,PT0359166,LST0359166,AG01977,LOC0139,Land,0,0.0,7242,1949,1937,2300500.0,2024-10-20,Withdrawn,,,146,0.0,0,No,No,2024-10-20,2026-07-28
DELETE,2026-07-28T00:00:00,2026-07-28,PT0121845,LST0121845,AG02556,LOC0098,Single Family,2,3.5,1881,1047,2016,742700.0,2025-03-27,Withdrawn,,,47,0.0,2,No,No,2025-03-27,2026-07-28
DELETE,2026-07-28T00:00:00,2026-07-28,PT0483855,LST0483855,AG01411,LOC0085,Multi-Family,1,3.0,2980,1034,2019,614800.0,2023-09-25,Withdrawn,,,56,0.0,0,No,Yes,2023-09-25,2026-07-28
DELETE,2026-07-28T00:00:00,2026-07-28,PT0378346,LST0378346,AG00617,LOC0235,Condo,6,4.5,732,4642,2013,422200.0,2024-10-31,Withdrawn,,,99,121.0,3,No,No,2024-10-31,2026-07-28
DELETE,2026-07-28T00:00:00,2026-07-28,PT0297911,LST0297911,AG00517,LOC0071,Single Family,3,3.5,2838,12254,1927,1190900.0,2024-03-17,Withdrawn,,,78,0.0,0,No,No,2024-03-17,2026-07-28
DELETE,2026-07-28T00:00:00,2026-07-28,PT0071510,LST0071510,AG02849,LOC0156,Condo,1,3.5,1387,2286,1942,715600.0,2025-01-18,Withdrawn,,,40,570.0,0,No,No,2025-01-18,2026-07-28
DELETE,2026-07-28T00:00:00,2026-07-28,PT0080097,LST0080097,AG00800,LOC0107,Single Family,3,4.0,1948,10231,1995,654900.0,2024-09-05,Withdrawn,,,13,0.0,0,No,No,2024-09-05,2026-07-28
DELETE,2026-07-28T00:00:00,2026-07-28,PT0055291,LST0055291,AG01319,LOC0224,Apartment,4,1.0,1006,0,1937,412600.0,2026-05-18,Withdrawn,,,164,791.0,0,No,No,2026-05-18,2026-07-28
DELETE,2026-07-28T00:00:00,2026-07-28,PT0334613,LST0334613,AG02584,LOC0087,Single Family,2,1.0,1698,2135,1977,415400.0,2024-09-03,Withdrawn,,,140,0.0,0,Yes,No,2024-09-03,2026-07-28
DELETE,2026-07-28T00:00:00,2026-07-28,PT0243436,LST0243436,AG01003,LOC0021,Townhouse,5,3.0,867,6048,1968,96600.0,2023-08-29,Withdrawn,,,158,789.0,2,No,No,2023-08-29,2026-07-28
DELETE,2026-07-28T00:00:00,2026-07-28,PT0357306,LST0357306,AG02064,LOC0065,Single Family,2,2.5,651,9945,1975,186300.0,2023-05-08,Withdrawn,,,109,0.0,0,No,Yes,2023-05-08,2026-07-28
DELETE,2026-07-28T00:00:00,2026-07-28,PT0449067,LST0449067,AG00173,LOC0042,Single Family,2,1.0,663,5734,2007,167200.0,2024-01-13,Withdrawn,,,150,0.0,2,No,No,2024-01-13,2026-07-28
DELETE,2026-07-28T00:00:00,2026-07-28,PT0320356,LST0320356,AG01311,LOC0184,Single Family,2,3.0,2265,5981,1974,1228100.0,2023-10-30,Withdrawn,,,179,0.0,3,No,No,2023-10-30,2026-07-28
DELETE,2026-07-28T00:00:00,2026-07-28,PT0311600,LST0311600,AG01599,LOC0102,Single Family,2,1.5,2040,3153,2016,386300.0,2025-09-06,Withdrawn,,,46,0.0,3,Yes,No,2025-09-06,2026-07-28
DELETE,2026-07-28T00:00:00,2026-07-28,PT0129661,LST0129661,AG02403,LOC0036,Multi-Family,4,1.0,3282,8852,1929,978400.0,2026-02-22,Withdrawn,,,110,0.0,0,No,Yes,2026-02-22,2026-07-28
DELETE,2026-07-28T00:00:00,2026-07-28,PT0326561,LST0326561,AG01166,LOC0201,Townhouse,6,2.5,1727,2118,1909,446000.0,2024-04-17,Withdrawn,,,86,191.0,3,No,No,2024-04-17,2026-07-28
DELETE,2026-07-28T00:00:00,2026-07-28,PT0512053,LST0512053,AG02711,LOC0045,Single Family,4,4.0,1554,4845,1978,651700.0,2026-07-10,Withdrawn,,,0,0.0,1,No,No,2026-07-10,2026-07-28
DELETE,2026-07-28T00:00:00,2026-07-28,PT0163983,LST0163983,AG00694,LOC0221,Single Family,1,1.0,949,1064,1900,321200.0,2025-09-08,Withdrawn,,,114,0.0,1,No,No,2025-09-08,2026-07-28
DELETE,2026-07-28T00:00:00,2026-07-28,PT0458443,LST0458443,AG02383,LOC0123,Multi-Family,3,3.0,3033,3120,1928,625500.0,2023-01-16,Withdrawn,,,82,0.0,2,No,Yes,2023-01-16,2026-07-28
DELETE,2026-07-28T00:00:00,2026-07-28,PT0432557,LST0432557,AG01996,LOC0037,Single Family,3,4.5,3075,4485,2023,1563800.0,2026-04-23,Withdrawn,,,171,0.0,0,No,No,2026-04-23,2026-07-28
DELETE,2026-07-28T00:00:00,2026-07-28,PT0150085,LST0150085,AG01246,LOC0161,Single Family,3,3.5,3212,5787,2009,1113000.0,2026-06-07,Withdrawn,,,140,0.0,0,No,No,2026-06-07,2026-07-28
DELETE,2026-07-28T00:00:00,2026-07-28,PT0131674,LST0131674,AG01085,LOC0174,Townhouse,3,3.5,3056,1112,1958,1502900.0,2024-03-20,Withdrawn,,,61,353.0,2,No,No,2024-03-20,2026-07-28
DELETE,2026-07-28T00:00:00,2026-07-28,PT0258629,LST0258629,AG01117,LOC0179,Apartment,2,4.5,1754,0,1945,320200.0,2026-02-27,Withdrawn,,,169,759.0,0,Yes,No,2026-02-27,2026-07-28
DELETE,2026-07-28T00:00:00,2026-07-28,PT0081005,LST0081005,AG01631,LOC0124,Townhouse,5,3.0,1769,1549,1942,497400.0,2023-06-23,Withdrawn,,,147,67.0,1,Yes,No,2023-06-23,2026-07-28
DELETE,2026-07-28T00:00:00,2026-07-28,PT0274387,LST0274387,AG01005,LOC0236,Multi-Family,2,1.5,3000,8604,2009,355200.0,2024-11-22,Withdrawn,,,74,0.0,3,No,No,2024-11-22,2026-07-28
DELETE,2026-07-28T00:00:00,2026-07-28,PT0223441,LST0223441,AG02637,LOC0246,Single Family,6,4.5,2382,4321,1937,284800.0,2026-03-27,Withdrawn,,,91,0.0,1,Yes,Yes,2026-03-27,2026-07-28
DELETE,2026-07-28T00:00:00,2026-07-28,PT0287292,LST0287292,AG00558,LOC0241,Single Family,2,4.5,2088,4718,1983,340700.0,2026-04-09,Withdrawn,,,102,0.0,1,Yes,Yes,2026-04-09,2026-07-28
DELETE,2026-07-28T00:00:00,2026-07-28,PT0126643,LST0126643,AG00908,LOC0131,Condo,2,2.5,2041,6348,1984,435000.0,2024-08-25,Withdrawn,,,25,480.0,3,Yes,No,2024-08-25,2026-07-28
DELETE,2026-07-28T00:00:00,2026-07-28,PT0065816,LST0065816,AG01840,LOC0083,Condo,2,4.0,2044,7550,1917,588700.0,2026-06-25,Withdrawn,,,159,136.0,2,No,No,2026-06-25,2026-07-28
DELETE,2026-07-28T00:00:00,2026-07-28,PT0020301,LST0020301,AG02746,LOC0173,Single Family,1,1.5,1266,1265,1979,316700.0,2023-03-21,Withdrawn,,,38,0.0,1,No,No,2023-03-21,2026-07-28
DELETE,2026-07-28T00:00:00,2026-07-28,PT0473417,LST0473417,AG02056,LOC0156,Condo,2,3.5,1974,1639,1989,632900.0,2023-04-23,Withdrawn,,,93,745.0,0,No,No,2023-04-23,2026-07-28
DELETE,2026-07-28T00:00:00,2026-07-28,PT0509087,LST0509087,AG01092,LOC0122,Single Family,5,1.5,1819,11702,1908,401000.0,2026-07-08,Withdrawn,,,0,0.0,1,No,Yes,2026-07-08,2026-07-28
DELETE,2026-07-28T00:00:00,2026-07-28,PT0200375,LST0200375,AG01125,LOC0156,Single Family,4,2.5,2461,1113,1991,842100.0,2023-02-02,Withdrawn,,,92,0.0,3,Yes,Yes,2023-02-02,2026-07-28
DELETE,2026-07-28T00:00:00,2026-07-28,PT0167323,LST0167323,AG01254,LOC0044,Single Family,5,2.0,1448,11464,1953,582600.0,2025-12-16,Withdrawn,,,37,0.0,2,No,Yes,2025-12-16,2026-07-28
DELETE,2026-07-28T00:00:00,2026-07-28,PT0265794,LST0265794,AG01481,LOC0220,Single Family,6,1.5,1635,16087,2020,519600.0,2025-10-14,Withdrawn,,,37,0.0,3,No,Yes,2025-10-14,2026-07-28
DELETE,2026-07-28T00:00:00,2026-07-28,PT0444540,LST0444540,AG00546,LOC0116,Townhouse,2,3.5,1672,5443,1943,572200.0,2026-05-29,Withdrawn,,,118,372.0,1,No,No,2026-05-29,2026-07-28
DELETE,2026-07-28T00:00:00,2026-07-28,PT0526998,LST0526998,AG01316,LOC0082,Condo,4,1.0,1325,1489,1919,185700.0,2026-07-24,Withdrawn,,,0,294.41,1,Yes,No,2026-07-24,2026-07-28
DELETE,2026-07-28T00:00:00,2026-07-28,PT0364978,LST0364978,AG01169,LOC0006,Townhouse,5,4.5,1181,1584,1948,122300.0,2024-06-14,Withdrawn,,,120,518.0,3,No,No,2024-06-14,2026-07-28
DELETE,2026-07-28T00:00:00,2026-07-28,PT0364757,LST0364757,AG01364,LOC0178,Single Family,5,3.0,2212,2608,1970,450200.0,2024-10-07,Withdrawn,,,88,0.0,3,Yes,No,2024-10-07,2026-07-28
DELETE,2026-07-28T00:00:00,2026-07-28,PT0272213,LST0272213,AG02575,LOC0078,Single Family,4,3.0,2818,5309,1936,1600300.0,2025-04-08,Withdrawn,,,22,0.0,1,No,No,2025-04-08,2026-07-28
DELETE,2026-07-28T00:00:00,2026-07-28,PT0518262,LST0518262,AG00479,LOC0233,Townhouse,1,1.0,1987,2455,1932,775500.0,2026-07-16,Withdrawn,,,0,363.6,3,No,No,2026-07-16,2026-07-28
DELETE,2026-07-28T00:00:00,2026-07-28,PT0513350,LST0513350,AG01065,LOC0029,Condo,3,4.5,1872,1547,2002,821900.0,2026-07-12,Withdrawn,,,0,158.72,0,No,No,2026-07-12,2026-07-28
DELETE,2026-07-28T00:00:00,2026-07-28,PT0393261,LST0393261,AG02417,LOC0248,Condo,3,1.5,1342,4667,1940,304800.0,2024-03-08,Withdrawn,,,127,229.0,2,No,No,2024-03-08,2026-07-28
DELETE,2026-07-28T00:00:00,2026-07-28,PT0508517,LST0508517,AG01965,LOC0244,Townhouse,1,3.0,2285,6470,1965,580800.0,2026-07-07,Withdrawn,,,0,362.1,0,No,No,2026-07-07,2026-07-28
DELETE,2026-07-28T00:00:00,2026-07-28,PT0039801,LST0039801,AG00125,LOC0040,Single Family,6,3.5,2377,1747,1941,669200.0,2024-05-25,Withdrawn,,,79,0.0,0,Yes,No,2024-05-25,2026-07-28
DELETE,2026-07-28T00:00:00,2026-07-28,PT0394532,LST0394532,AG02170,LOC0081,Single Family,1,2.0,3821,2117,1950,1737300.0,2025-02-27,Withdrawn,,,107,0.0,2,No,No,2025-02-27,2026-07-28
DELETE,2026-07-28T00:00:00,2026-07-28,PT0514966,LST0514966,AG02372,LOC0229,Single Family,2,2.0,832,3277,1944,140200.0,2026-07-13,Withdrawn,,,0,0.0,2,No,Yes,2026-07-13,2026-07-28
DELETE,2026-07-28T00:00:00,2026-07-28,PT0003605,LST0003605,AG02401,LOC0103,Land,0,0.0,5516,1140,1923,507800.0,2026-01-23,Withdrawn,,,150,0.0,0,No,No,2026-01-23,2026-07-28
DELETE,2026-07-28T00:00:00,2026-07-28,PT0513298,LST0513298,AG00662,LOC0063,Single Family,4,2.5,1013,1367,1916,512500.0,2026-07-12,Withdrawn,,,0,0.0,2,No,Yes,2026-07-12,2026-07-28
DELETE,2026-07-28T00:00:00,2026-07-28,PT0281266,LST0281266,AG00846,LOC0001,Townhouse,6,1.0,1412,1236,2015,138100.0,2025-10-17,Withdrawn,,,41,676.0,3,No,No,2025-10-17,2026-07-28
DELETE,2026-07-28T00:00:00,2026-07-28,PT0444381,LST0444381,AG02453,LOC0081,Condo,6,3.0,1839,3469,1983,337600.0,2025-07-16,Withdrawn,,,75,399.0,0,No,No,2025-07-16,2026-07-28
DELETE,2026-07-28T00:00:00,2026-07-28,PT0051560,LST0051560,AG01287,LOC0026,Multi-Family,4,4.0,4059,3953,1977,1316800.0,2023-12-11,Withdrawn,,,109,0.0,2,No,Yes,2023-12-11,2026-07-28
DELETE,2026-07-28T00:00:00,2026-07-28,PT0415172,LST0415172,AG02531,LOC0123,Apartment,1,2.5,1342,0,1955,529200.0,2024-05-14,Withdrawn,,,90,637.0,2,No,No,2024-05-14,2026-07-28
DELETE,2026-07-28T00:00:00,2026-07-28,PT0174594,LST0174594,AG02652,LOC0094,Condo,3,1.0,300,4108,1999,104300.0,2024-10-12,Withdrawn,,,50,749.0,0,No,No,2024-10-12,2026-07-28
DELETE,2026-07-28T00:00:00,2026-07-28,PT0509803,LST0509803,AG02073,LOC0178,Apartment,2,3.0,1583,0,1930,203400.0,2026-07-08,Withdrawn,,,0,319.73,2,No,No,2026-07-08,2026-07-28
DELETE,2026-07-28T00:00:00,2026-07-28,PT0450874,LST0450874,AG02916,LOC0050,Multi-Family,3,1.0,4056,7091,1906,1167300.0,2023-12-25,Withdrawn,,,95,0.0,2,No,Yes,2023-12-25,2026-07-28
DELETE,2026-07-28T00:00:00,2026-07-28,PT0106667,LST0106667,AG01961,LOC0111,Single Family,6,1.5,2536,1398,1961,408300.0,2023-06-08,Withdrawn,,,6,0.0,3,Yes,No,2023-06-08,2026-07-28
DELETE,2026-07-28T00:00:00,2026-07-28,PT0338006,LST0338006,AG00307,LOC0172,Single Family,4,3.0,944,3627,1982,146100.0,2025-01-10,Withdrawn,,,45,0.0,0,No,No,2025-01-10,2026-07-28
DELETE,2026-07-28T00:00:00,2026-07-28,PT0073680,LST0073680,AG01851,LOC0177,Single Family,1,2.0,1977,7426,1991,1237400.0,2024-06-28,Withdrawn,,,68,0.0,0,No,No,2024-06-28,2026-07-28
DELETE,2026-07-28T00:00:00,2026-07-28,PT0163830,LST0163830,AG00176,LOC0136,Single Family,6,1.0,2237,1726,1924,568400.0,2023-04-01,Withdrawn,,,36,0.0,1,No,No,2023-04-01,2026-07-28
DELETE,2026-07-28T00:00:00,2026-07-28,PT0304263,LST0304263,AG01863,LOC0223,Single Family,2,3.5,2132,3597,1911,929700.0,2026-02-16,Withdrawn,,,107,0.0,3,No,Yes,2026-02-16,2026-07-28
DELETE,2026-07-28T00:00:00,2026-07-28,PT0274845,LST0274845,AG01599,LOC0202,Single Family,4,3.5,1537,8006,2000,324000.0,2025-04-18,Withdrawn,,,39,0.0,1,No,Yes,2025-04-18,2026-07-28
DELETE,2026-07-28T00:00:00,2026-07-28,PT0226859,LST0226859,AG00491,LOC0108,Townhouse,3,1.0,2273,2812,1907,426900.0,2025-11-25,Withdrawn,,,65,80.0,0,Yes,No,2025-11-25,2026-07-28
DELETE,2026-07-28T00:00:00,2026-07-28,PT0502774,LST0502774,AG00917,LOC0188,Apartment,2,3.0,1438,0,2023,228800.0,2026-07-03,Withdrawn,,,0,564.92,1,Yes,No,2026-07-03,2026-07-28
DELETE,2026-07-28T00:00:00,2026-07-28,PT0196959,LST0196959,AG01636,LOC0074,Single Family,4,2.0,1049,1597,1945,296700.0,2025-03-31,Withdrawn,,,78,0.0,1,No,No,2025-03-31,2026-07-28
DELETE,2026-07-28T00:00:00,2026-07-28,PT0139076,LST0139076,AG00746,LOC0230,Single Family,2,1.5,495,1227,2015,132100.0,2026-04-29,Withdrawn,,,172,0.0,0,No,Yes,2026-04-29,2026-07-28
DELETE,2026-07-28T00:00:00,2026-07-28,PT0493794,LST0493794,AG00274,LOC0150,Single Family,4,3.0,2219,3671,1934,455700.0,2023-03-31,Withdrawn,,,143,0.0,3,Yes,Yes,2023-03-31,2026-07-28
DELETE,2026-07-28T00:00:00,2026-07-28,PT0495237,LST0495237,AG01222,LOC0153,Land,0,0.0,4214,9998,2020,2056000.0,2026-03-14,Withdrawn,,,91,0.0,0,No,No,2026-03-14,2026-07-28
DELETE,2026-07-28T00:00:00,2026-07-28,PT0408357,LST0408357,AG01588,LOC0117,Single Family,1,1.0,679,1297,1928,462400.0,2025-11-24,Withdrawn,,,157,0.0,3,Yes,No,2025-11-24,2026-07-28
DELETE,2026-07-28T00:00:00,2026-07-28,PT0450801,LST0450801,AG02303,LOC0005,Apartment,2,1.0,1203,0,1987,221800.0,2024-06-17,Withdrawn,,,0,402.0,0,No,No,2024-06-17,2026-07-28
DELETE,2026-07-28T00:00:00,2026-07-28,PT0163852,LST0163852,AG00395,LOC0151,Condo,2,1.5,921,3064,1902,231800.0,2024-04-17,Withdrawn,,,155,134.0,2,Yes,No,2024-04-17,2026-07-28
DELETE,2026-07-28T00:00:00,2026-07-28,PT0144787,LST0144787,AG02836,LOC0215,Single Family,1,1.5,2601,24955,1966,1538100.0,2026-05-08,Withdrawn,,,11,0.0,0,No,No,2026-05-08,2026-07-28
DELETE,2026-07-28T00:00:00,2026-07-28,PT0114740,LST0114740,AG00010,LOC0025,Single Family,6,3.5,2122,2296,1941,729500.0,2025-08-29,Withdrawn,,,45,0.0,1,No,No,2025-08-29,2026-07-28
DELETE,2026-07-28T00:00:00,2026-07-28,PT0357248,LST0357248,AG02667,LOC0140,Condo,4,2.0,1671,15861,1945,253600.0,2025-09-09,Withdrawn,,,112,600.0,0,No,No,2025-09-09,2026-07-28
DELETE,2026-07-28T00:00:00,2026-07-28,PT0309499,LST0309499,AG02903,LOC0149,Single Family,1,1.5,2382,1401,1976,648800.0,2025-04-26,Withdrawn,,,68,0.0,1,No,No,2025-04-26,2026-07-28
DELETE,2026-07-28T00:00:00,2026-07-28,PT0466721,LST0466721,AG02277,LOC0117,Townhouse,6,1.0,2975,3897,1938,718600.0,2024-03-27,Withdrawn,,,84,676.0,0,Yes,No,2024-03-27,2026-07-28
DELETE,2026-07-28T00:00:00,2026-07-28,PT0334065,LST0334065,AG02335,LOC0025,Single Family,1,3.0,2039,1061,2020,693400.0,2025-02-20,Withdrawn,,,38,0.0,2,Yes,No,2025-02-20,2026-07-28
DELETE,2026-07-28T00:00:00,2026-07-28,PT0098052,LST0098052,AG01510,LOC0207,Condo,1,1.0,1440,2266,1933,298300.0,2023-01-23,Withdrawn,,,18,150.0,3,No,No,2023-01-23,2026-07-28
DELETE,2026-07-28T00:00:00,2026-07-28,PT0507771,LST0507771,AG00179,LOC0220,Apartment,1,3.0,1276,0,1979,504000.0,2026-07-07,Withdrawn,,,0,151.19,0,No,No,2026-07-07,2026-07-28
DELETE,2026-07-28T00:00:00,2026-07-28,PT0531443,LST0531443,AG02385,LOC0214,Townhouse,1,2.0,1657,6430,2015,572400.0,2026-07-28,Withdrawn,,,0,75.23,2,No,No,2026-07-28,2026-07-28
DELETE,2026-07-28T00:00:00,2026-07-28,PT0522004,LST0522004,AG00855,LOC0245,Single Family,1,1.0,1707,5606,1994,380500.0,2026-07-19,Withdrawn,,,0,0.0,0,No,No,2026-07-19,2026-07-28
DELETE,2026-07-28T00:00:00,2026-07-28,PT0304599,LST0304599,AG00457,LOC0032,Townhouse,3,2.5,1712,1379,1936,270800.0,2025-02-27,Withdrawn,,,100,391.0,2,Yes,No,2025-02-27,2026-07-28
DELETE,2026-07-28T00:00:00,2026-07-28,PT0006554,LST0006554,AG01923,LOC0018,Multi-Family,6,2.5,3129,2330,1949,757400.0,2023-06-30,Withdrawn,,,100,0.0,1,No,No,2023-06-30,2026-07-28
DELETE,2026-07-28T00:00:00,2026-07-28,PT0370878,LST0370878,AG02914,LOC0088,Single Family,5,2.0,2223,3775,2005,370100.0,2024-01-16,Withdrawn,,,45,0.0,1,No,Yes,2024-01-16,2026-07-28
DELETE,2026-07-28T00:00:00,2026-07-28,PT0359135,LST0359135,AG00262,LOC0169,Condo,5,2.5,2301,4808,1920,767300.0,2025-05-02,Withdrawn,,,178,550.0,1,No,No,2025-05-02,2026-07-28
DELETE,2026-07-28T00:00:00,2026-07-28,PT0513832,LST0513832,AG02593,LOC0003,Single Family,5,2.5,1730,3677,1986,338500.0,2026-07-12,Withdrawn,,,0,0.0,3,No,Yes,2026-07-12,2026-07-28
DELETE,2026-07-28T00:00:00,2026-07-28,PT0042220,LST0042220,AG01606,LOC0211,Condo,1,4.0,2568,4383,1969,1367800.0,2025-04-10,Withdrawn,,,35,75.0,3,No,No,2025-04-10,2026-07-28
DELETE,2026-07-28T00:00:00,2026-07-28,PT0042227,LST0042227,AG01112,LOC0120,Single Family,1,2.5,1839,3706,1929,241700.0,2024-01-04,Withdrawn,,,105,0.0,3,Yes,Yes,2024-01-04,2026-07-28
DELETE,2026-07-28T00:00:00,2026-07-28,PT0101390,LST0101390,AG00771,LOC0007,Multi-Family,6,4.5,2196,2422,1967,812300.0,2023-03-01,Withdrawn,,,68,0.0,1,No,Yes,2023-03-01,2026-07-28
DELETE,2026-07-28T00:00:00,2026-07-28,PT0474236,LST0474236,AG01405,LOC0249,Multi-Family,5,4.5,2018,16222,1923,793200.0,2024-09-30,Withdrawn,,,28,0.0,2,No,No,2024-09-30,2026-07-28
DELETE,2026-07-28T00:00:00,2026-07-28,PT0404949,LST0404949,AG01296,LOC0192,Single Family,1,4.5,1351,6509,2019,384300.0,2026-04-19,Withdrawn,,,53,0.0,3,No,No,2026-04-19,2026-07-28
DELETE,2026-07-28T00:00:00,2026-07-28,PT0529839,LST0529839,AG00015,LOC0168,Single Family,3,1.0,1819,16294,2023,626800.0,2026-07-26,Withdrawn,,,0,0.0,1,No,No,2026-07-26,2026-07-28
DELETE,2026-07-28T00:00:00,2026-07-28,PT0079163,LST0079163,AG00511,LOC0171,Apartment,2,2.5,1069,0,1920,88800.0,2023-12-14,Withdrawn,,,111,781.0,3,Yes,No,2023-12-14,2026-07-28
DELETE,2026-07-28T00:00:00,2026-07-28,PT0519860,LST0519860,AG00657,LOC0013,Single Family,5,1.0,1297,2154,1926,373100.0,2026-07-17,Withdrawn,,,0,0.0,3,Yes,Yes,2026-07-17,2026-07-28
DELETE,2026-07-28T00:00:00,2026-07-28,PT0062814,LST0062814,AG00751,LOC0077,Single Family,5,4.5,2082,1537,1909,976200.0,2026-03-21,Withdrawn,,,42,0.0,0,No,No,2026-03-21,2026-07-28
DELETE,2026-07-28T00:00:00,2026-07-28,PT0455476,LST0455476,AG01774,LOC0203,Condo,6,3.0,1699,9162,1920,142700.0,2023-03-12,Withdrawn,,,5,214.0,3,No,No,2023-03-12,2026-07-28
DELETE,2026-07-28T00:00:00,2026-07-28,PT0521869,LST0521869,AG01799,LOC0156,Condo,6,1.0,1784,14344,2022,519000.0,2026-07-19,Withdrawn,,,0,663.52,0,No,No,2026-07-19,2026-07-28
DELETE,2026-07-28T00:00:00,2026-07-28,PT0522210,LST0522210,AG00874,LOC0166,Condo,5,4.5,1682,2662,1988,944800.0,2026-07-20,Withdrawn,,,0,415.67,1,No,No,2026-07-20,2026-07-28
DELETE,2026-07-28T00:00:00,2026-07-28,PT0176008,LST0176008,AG00121,LOC0105,Multi-Family,2,3.5,2547,11089,1963,319000.0,2025-12-12,Withdrawn,,,159,0.0,2,No,No,2025-12-12,2026-07-28
DELETE,2026-07-28T00:00:00,2026-07-28,PT0358251,LST0358251,AG01470,LOC0083,Condo,4,2.5,2272,9731,1912,855500.0,2025-09-25,Withdrawn,,,4,382.0,3,Yes,No,2025-09-25,2026-07-28
DELETE,2026-07-28T00:00:00,2026-07-28,PT0123407,LST0123407,AG01532,LOC0239,Single Family,5,4.0,1359,3324,2015,225000.0,2025-03-17,Withdrawn,,,60,0.0,0,No,No,2025-03-17,2026-07-28
DELETE,2026-07-28T00:00:00,2026-07-28,PT0349601,LST0349601,AG00404,LOC0165,Single Family,1,3.5,2077,5146,1900,1265200.0,2026-03-27,Withdrawn,,,82,0.0,0,Yes,No,2026-03-27,2026-07-28
DELETE,2026-07-28T00:00:00,2026-07-28,PT0374589,LST0374589,AG00138,LOC0099,Land,0,0.0,3801,4339,1951,801300.0,2024-04-25,Withdrawn,,,172,0.0,0,No,No,2024-04-25,2026-07-28
DELETE,2026-07-28T00:00:00,2026-07-28,PT0253906,LST0253906,AG02519,LOC0162,Single Family,6,2.0,1053,1076,1993,278000.0,2024-11-05,Withdrawn,,,72,0.0,2,Yes,Yes,2024-11-05,2026-07-28
DELETE,2026-07-28T00:00:00,2026-07-28,PT0492460,LST0492460,AG01204,LOC0152,Condo,1,3.5,2228,6227,1980,503300.0,2023-09-13,Withdrawn,,,7,114.0,2,No,No,2023-09-13,2026-07-28
DELETE,2026-07-28T00:00:00,2026-07-28,PT0356795,LST0356795,AG02587,LOC0010,Single Family,6,2.0,1552,3080,1911,182800.0,2024-11-28,Withdrawn,,,122,0.0,0,Yes,Yes,2024-11-28,2026-07-28
DELETE,2026-07-28T00:00:00,2026-07-28,PT0329306,LST0329306,AG01375,LOC0231,Single Family,5,1.0,1158,2667,2003,214700.0,2023-06-23,Withdrawn,,,76,0.0,2,Yes,No,2023-06-23,2026-07-28
DELETE,2026-07-28T00:00:00,2026-07-28,PT0505300,LST0505300,AG01991,LOC0043,Townhouse,2,1.5,2141,12127,1920,466900.0,2026-07-05,Withdrawn,,,0,756.68,1,No,No,2026-07-05,2026-07-28
DELETE,2026-07-28T00:00:00,2026-07-28,PT0338953,LST0338953,AG02472,LOC0070,Single Family,6,2.5,2653,6404,1981,611300.0,2024-04-24,Withdrawn,,,14,0.0,3,No,No,2024-04-24,2026-07-28
DELETE,2026-07-28T00:00:00,2026-07-28,PT0107801,LST0107801,AG02971,LOC0051,Single Family,4,3.0,1758,1989,1964,203500.0,2026-04-09,Withdrawn,,,76,0.0,0,No,No,2026-04-09,2026-07-28
DELETE,2026-07-28T00:00:00,2026-07-28,PT0472707,LST0472707,AG00151,LOC0005,Single Family,6,4.5,1762,1284,1973,753400.0,2026-05-30,Withdrawn,,,161,0.0,2,No,Yes,2026-05-30,2026-07-28
DELETE,2026-07-28T00:00:00,2026-07-28,PT0298642,LST0298642,AG00475,LOC0101,Single Family,4,3.0,1536,1763,1917,635200.0,2024-03-13,Withdrawn,,,53,0.0,1,No,No,2024-03-13,2026-07-28
DELETE,2026-07-28T00:00:00,2026-07-28,PT0446444,LST0446444,AG02514,LOC0072,Single Family,1,4.5,934,2278,2019,161500.0,2023-03-05,Withdrawn,,,34,0.0,0,Yes,Yes,2023-03-05,2026-07-28
DELETE,2026-07-28T00:00:00,2026-07-28,PT0251886,LST0251886,AG01163,LOC0006,Townhouse,6,1.0,1169,2659,1991,262500.0,2025-08-21,Withdrawn,,,26,155.0,0,No,No,2025-08-21,2026-07-28
DELETE,2026-07-28T00:00:00,2026-07-28,PT0122060,LST0122060,AG01020,LOC0051,Single Family,2,2.5,1696,1072,2021,210300.0,2025-01-16,Withdrawn,,,162,0.0,1,No,No,2025-01-16,2026-07-28
DELETE,2026-07-28T00:00:00,2026-07-28,PT0424410,LST0424410,AG01263,LOC0210,Single Family,2,1.0,1023,1865,1955,437500.0,2025-03-29,Withdrawn,,,13,0.0,0,No,Yes,2025-03-29,2026-07-28
DELETE,2026-07-28T00:00:00,2026-07-28,PT0234104,LST0234104,AG01090,LOC0111,Land,0,0.0,4688,7384,1911,544800.0,2024-12-17,Withdrawn,,,8,0.0,0,No,No,2024-12-17,2026-07-28
DELETE,2026-07-28T00:00:00,2026-07-28,PT0502561,LST0502561,AG01680,LOC0070,Condo,4,3.0,1944,1113,1901,279200.0,2026-07-02,Withdrawn,,,0,658.3,3,Yes,No,2026-07-02,2026-07-28
DELETE,2026-07-28T00:00:00,2026-07-28,PT0015384,LST0015384,AG02642,LOC0183,Single Family,5,2.0,1266,2737,1910,270900.0,2025-06-14,Withdrawn,,,113,0.0,3,No,No,2025-06-14,2026-07-28
DELETE,2026-07-28T00:00:00,2026-07-28,PT0340606,LST0340606,AG02233,LOC0147,Land,0,0.0,2980,9537,2015,432700.0,2025-10-08,Withdrawn,,,148,0.0,0,No,No,2025-10-08,2026-07-28
DELETE,2026-07-28T00:00:00,2026-07-28,PT0506978,LST0506978,AG00591,LOC0001,Single Family,3,2.0,1032,3633,1901,216000.0,2026-07-06,Withdrawn,,,0,0.0,3,Yes,No,2026-07-06,2026-07-28
DELETE,2026-07-28T00:00:00,2026-07-28,PT0297643,LST0297643,AG00058,LOC0156,Multi-Family,1,1.0,1800,1535,1944,234300.0,2024-10-02,Withdrawn,,,52,0.0,2,No,No,2024-10-02,2026-07-28
DELETE,2026-07-28T00:00:00,2026-07-28,PT0147956,LST0147956,AG01827,LOC0021,Condo,6,4.5,2563,1522,1985,313000.0,2025-10-21,Withdrawn,,,127,71.0,1,Yes,No,2025-10-21,2026-07-28
DELETE,2026-07-28T00:00:00,2026-07-28,PT0196365,LST0196365,AG02020,LOC0239,Townhouse,4,1.5,1891,2702,1952,267900.0,2023-04-22,Withdrawn,,,110,668.0,3,No,No,2023-04-22,2026-07-28
DELETE,2026-07-28T00:00:00,2026-07-28,PT0070541,LST0070541,AG02564,LOC0137,Condo,3,1.0,2588,3497,1948,581600.0,2024-02-28,Withdrawn,,,84,207.0,0,No,No,2024-02-28,2026-07-28
DELETE,2026-07-28T00:00:00,2026-07-28,PT0502975,LST0502975,AG01168,LOC0124,Single Family,3,1.5,300,7912,1947,163100.0,2026-07-03,Withdrawn,,,0,0.0,3,Yes,No,2026-07-03,2026-07-28
DELETE,2026-07-28T00:00:00,2026-07-28,PT0074133,LST0074133,AG00935,LOC0160,Townhouse,6,3.5,2343,6044,2025,743300.0,2024-09-07,Withdrawn,,,28,542.0,1,No,No,2024-09-07,2026-07-28
DELETE,2026-07-28T00:00:00,2026-07-28,PT0187543,LST0187543,AG01465,LOC0219,Townhouse,6,4.5,1746,2461,1905,290200.0,2023-10-08,Withdrawn,,,149,351.0,2,No,No,2023-10-08,2026-07-28
DELETE,2026-07-28T00:00:00,2026-07-28,PT0200180,LST0200180,AG00733,LOC0133,Single Family,3,4.5,2109,3703,2003,206800.0,2026-03-21,Withdrawn,,,161,0.0,1,No,Yes,2026-03-21,2026-07-28
DELETE,2026-07-28T00:00:00,2026-07-28,PT0487218,LST0487218,AG01481,LOC0020,Single Family,1,1.5,1804,3412,2001,738600.0,2025-04-03,Withdrawn,,,72,0.0,2,Yes,Yes,2025-04-03,2026-07-28
