operation_type,cdc_timestamp,batch_date,transaction_id,property_id,listing_id,seller_agent_id,buyer_agent_id,buyer_name,sale_price,sale_date,closing_date,financing_type,down_payment_pct,commission_rate_pct,commission_amount,title_company,transaction_status
INSERT,2026-08-11T00:00:00,2026-08-11,TXN0250074,PT0106269,LST0106269,AG02004,AG02974,Joseph Nguyen,104823.82,2026-08-11,2026-09-18,FHA Loan,24.5,6.26,6561.97,Chicago Title,Completed
INSERT,2026-08-11T00:00:00,2026-08-11,TXN0250075,PT0214741,LST0214741,AG01668,AG01649,Kimberly Lopez,395607.24,2026-08-11,2026-09-23,FHA Loan,16.2,5.92,23419.95,WFG National Title,Completed
INSERT,2026-08-11T00:00:00,2026-08-11,TXN0250076,PT0504122,LST0504122,AG01217,AG01715,Stephanie Miller,25949.89,2026-08-11,2026-09-20,Conventional Mortgage,9.8,4.72,1224.83,Old Republic Title,Completed
INSERT,2026-08-11T00:00:00,2026-08-11,TXN0250077,PT0176939,LST0176939,AG02024,AG00451,Amy Williams,84715.84,2026-08-11,2026-09-17,Cash,100.0,5.24,4439.11,First American Title,Completed
INSERT,2026-08-11T00:00:00,2026-08-11,TXN0250078,PT0217472,LST0217472,AG00932,AG00122,Ann Porter,899117.66,2026-08-11,2026-09-01,VA Loan,20.0,5.51,49541.38,Old Republic Title,Completed
INSERT,2026-08-11T00:00:00,2026-08-11,TXN0250079,PT0368010,LST0368010,AG02269,AG01128,David James,944341.85,2026-08-11,2026-09-30,Jumbo Loan,16.9,4.52,42684.25,Stewart Title,Completed
INSERT,2026-08-11T00:00:00,2026-08-11,TXN0250080,PT0456864,LST0456864,AG02106,AG02088,Abigail Atkins,593970.19,2026-08-11,2026-08-27,Cash,100.0,4.5,26728.66,Chicago Title,Completed
INSERT,2026-08-11T00:00:00,2026-08-11,TXN0250081,PT0039775,LST0039775,AG02303,AG01805,Charles Holmes,552582.9,2026-08-11,2026-09-25,Conventional Mortgage,14.6,6.43,35531.08,Chicago Title,Completed
INSERT,2026-08-11T00:00:00,2026-08-11,TXN0250082,PT0364730,LST0364730,AG01517,AG00891,Mario Thomas,427472.12,2026-08-11,2026-09-21,Cash,100.0,5.25,22442.29,Chicago Title,Completed
INSERT,2026-08-11T00:00:00,2026-08-11,TXN0250083,PT0098705,LST0098705,AG01674,AG02394,Bryan Lee,538224.06,2026-08-11,2026-09-27,VA Loan,16.0,5.18,27880.01,First American Title,Completed
INSERT,2026-08-11T00:00:00,2026-08-11,TXN0250084,PT0249013,LST0249013,AG02599,AG02125,Matthew Jackson,612750.09,2026-08-11,2026-09-09,Jumbo Loan,17.6,6.44,39461.11,Fidelity National Title,Completed
INSERT,2026-08-11T00:00:00,2026-08-11,TXN0250085,PT0123706,LST0123706,AG00497,AG02804,Cory Herrera,458327.77,2026-08-11,2026-08-28,Cash,100.0,5.44,24933.03,Old Republic Title,Completed
INSERT,2026-08-11T00:00:00,2026-08-11,TXN0250086,PT0116906,LST0116906,AG01607,AG01801,Jeremy Mercado,560904.47,2026-08-11,2026-09-01,Cash,100.0,5.99,33598.18,Stewart Title,Completed
INSERT,2026-08-11T00:00:00,2026-08-11,TXN0250087,PT0231007,LST0231007,AG00748,AG01061,Christine Kelly,470575.59,2026-08-11,2026-09-26,Conventional Mortgage,12.9,5.09,23952.3,Chicago Title,Completed
INSERT,2026-08-11T00:00:00,2026-08-11,TXN0250088,PT0268597,LST0268597,AG00876,AG02232,Alejandro Newton,605842.4,2026-08-11,2026-09-27,Conventional Mortgage,8.0,5.71,34593.6,First American Title,Completed
INSERT,2026-08-11T00:00:00,2026-08-11,TXN0250089,PT0103782,LST0103782,AG01523,AG00618,Melanie Thompson,1070182.84,2026-08-11,2026-09-25,Conventional Mortgage,12.6,5.2,55649.51,WFG National Title,Completed
INSERT,2026-08-11T00:00:00,2026-08-11,TXN0250090,PT0196765,LST0196765,AG00267,AG00675,Ronald Carter,1051191.18,2026-08-11,2026-09-04,FHA Loan,21.3,5.49,57710.4,Stewart Title,Completed
INSERT,2026-08-11T00:00:00,2026-08-11,TXN0250091,PT0481289,LST0481289,AG01496,AG01183,Donna Coleman,865012.16,2026-08-11,2026-09-27,Jumbo Loan,12.8,5.35,46278.15,Old Republic Title,Completed
INSERT,2026-08-11T00:00:00,2026-08-11,TXN0250092,PT0066155,LST0066155,AG00982,AG02990,Keith Jackson,1154610.41,2026-08-11,2026-09-18,Conventional Mortgage,13.4,4.9,56575.91,Old Republic Title,Completed
INSERT,2026-08-11T00:00:00,2026-08-11,TXN0250093,PT0299929,LST0299929,AG02225,AG00817,Rebecca Black,420481.22,2026-08-11,2026-10-03,Cash,100.0,6.15,25859.6,Stewart Title,Completed
INSERT,2026-08-11T00:00:00,2026-08-11,TXN0250094,PT0499790,LST0499790,AG02247,AG02477,Deborah Johnson,573347.42,2026-08-11,2026-09-11,Cash,100.0,5.03,28839.38,First American Title,Completed
INSERT,2026-08-11T00:00:00,2026-08-11,TXN0250095,PT0096197,LST0096197,AG00888,AG01019,Sarah Alexander,463637.85,2026-08-11,2026-09-16,FHA Loan,20.6,5.19,24062.8,Old Republic Title,Completed
INSERT,2026-08-11T00:00:00,2026-08-11,TXN0250096,PT0096117,LST0096117,AG01920,AG00057,Vanessa Larson,552976.93,2026-08-11,2026-09-07,Cash,100.0,6.39,35335.23,WFG National Title,Completed
INSERT,2026-08-11T00:00:00,2026-08-11,TXN0250097,PT0213263,LST0213263,AG02595,AG02681,Julie Lambert,820729.14,2026-08-11,2026-10-01,FHA Loan,7.4,5.86,48094.73,Old Republic Title,Completed
INSERT,2026-08-11T00:00:00,2026-08-11,TXN0250098,PT0540902,LST0540902,AG01893,AG02162,Alisha Munoz,756356.09,2026-08-11,2026-09-23,Conventional Mortgage,7.1,6.34,47952.98,Stewart Title,Completed
INSERT,2026-08-11T00:00:00,2026-08-11,TXN0250099,PT0470019,LST0470019,AG02878,AG02746,Deborah Robinson,614061.3,2026-08-11,2026-10-04,Cash,100.0,5.82,35738.37,Old Republic Title,Completed
INSERT,2026-08-11T00:00:00,2026-08-11,TXN0250100,PT0258626,LST0258626,AG01476,AG00736,Christopher Charles,261441.4,2026-08-11,2026-10-07,FHA Loan,18.8,5.84,15268.18,Stewart Title,Completed
INSERT,2026-08-11T00:00:00,2026-08-11,TXN0250101,PT0111822,LST0111822,AG00282,AG01546,Andrew Sanders,939666.16,2026-08-11,2026-09-12,Jumbo Loan,15.0,5.57,52339.41,First American Title,Completed
INSERT,2026-08-11T00:00:00,2026-08-11,TXN0250102,PT0153790,LST0153790,AG01254,AG01171,Gregory Jones,278945.28,2026-08-11,2026-09-01,Conventional Mortgage,9.5,6.02,16792.51,Fidelity National Title,Completed
INSERT,2026-08-11T00:00:00,2026-08-11,TXN0250103,PT0419621,LST0419621,AG00601,AG02842,Jonathan Mendez,1713340.26,2026-08-11,2026-10-02,Cash,100.0,5.8,99373.74,First American Title,Completed
INSERT,2026-08-11T00:00:00,2026-08-11,TXN0250104,PT0180528,LST0180528,AG00926,AG01749,Betty Hill,689574.6,2026-08-11,2026-09-19,Conventional Mortgage,11.7,4.65,32065.22,First American Title,Completed
INSERT,2026-08-11T00:00:00,2026-08-11,TXN0250105,PT0481000,LST0481000,AG01611,AG02510,Gerald Lewis,294934.88,2026-08-11,2026-08-28,VA Loan,21.4,6.47,19082.29,Stewart Title,Completed
INSERT,2026-08-11T00:00:00,2026-08-11,TXN0250106,PT0113247,LST0113247,AG02750,AG01852,Jacob Meyer,286416.98,2026-08-11,2026-09-09,VA Loan,23.3,5.88,16841.32,Old Republic Title,Completed
INSERT,2026-08-11T00:00:00,2026-08-11,TXN0250107,PT0367924,LST0367924,AG01689,AG02691,Kenneth Reed,601394.28,2026-08-11,2026-09-05,Conventional Mortgage,18.6,6.03,36264.08,WFG National Title,Completed
INSERT,2026-08-11T00:00:00,2026-08-11,TXN0250108,PT0004235,LST0004235,AG01630,AG02518,Michael Jones,123591.12,2026-08-11,2026-09-23,Conventional Mortgage,23.0,6.05,7477.26,Old Republic Title,Completed
INSERT,2026-08-11T00:00:00,2026-08-11,TXN0250109,PT0546402,LST0546402,AG02785,AG00833,Robert Michael,65169.88,2026-08-11,2026-10-03,Conventional Mortgage,18.7,6.01,3916.71,WFG National Title,Completed
INSERT,2026-08-11T00:00:00,2026-08-11,TXN0250110,PT0131115,LST0131115,AG00854,AG00928,Daniel Thompson,367356.47,2026-08-11,2026-09-15,FHA Loan,10.1,4.92,18073.94,Fidelity National Title,Completed
INSERT,2026-08-11T00:00:00,2026-08-11,TXN0250111,PT0281741,LST0281741,AG02558,AG02218,Robert Francis,297979.06,2026-08-11,2026-09-04,Conventional Mortgage,18.0,5.02,14958.55,Chicago Title,Completed
INSERT,2026-08-11T00:00:00,2026-08-11,TXN0250112,PT0054859,LST0054859,AG00616,AG01027,Jessica Lambert,453742.62,2026-08-11,2026-09-17,Conventional Mortgage,8.7,6.06,27496.8,Fidelity National Title,Completed
INSERT,2026-08-11T00:00:00,2026-08-11,TXN0250113,PT0277522,LST0277522,AG01926,AG02834,Scott Quinn,289140.82,2026-08-11,2026-09-28,Conventional Mortgage,23.3,5.2,15035.32,Stewart Title,Completed
INSERT,2026-08-11T00:00:00,2026-08-11,TXN0250114,PT0136787,LST0136787,AG02394,AG02683,Jamie Craig,391211.68,2026-08-11,2026-08-29,VA Loan,20.5,5.74,22455.55,Fidelity National Title,Completed
INSERT,2026-08-11T00:00:00,2026-08-11,TXN0250115,PT0436569,LST0436569,AG00430,AG01043,Stephen Page,580544.8,2026-08-11,2026-09-26,Conventional Mortgage,23.6,5.87,34077.98,Old Republic Title,Completed
INSERT,2026-08-11T00:00:00,2026-08-11,TXN0250116,PT0508469,LST0508469,AG02766,AG02414,Alyssa Wilson,257014.76,2026-08-11,2026-09-19,Jumbo Loan,7.6,6.49,16680.26,First American Title,Completed
INSERT,2026-08-11T00:00:00,2026-08-11,TXN0250117,PT0538698,LST0538698,AG00680,AG01461,Bobby Calderon,217132.88,2026-08-11,2026-09-30,Conventional Mortgage,5.7,4.97,10791.5,Chicago Title,Completed
INSERT,2026-08-11T00:00:00,2026-08-11,TXN0250118,PT0232890,LST0232890,AG00745,AG02288,Gabriel Smith,416483.11,2026-08-11,2026-09-01,Conventional Mortgage,13.1,5.88,24489.21,First American Title,Completed
INSERT,2026-08-11T00:00:00,2026-08-11,TXN0250119,PT0048508,LST0048508,AG01490,AG01931,Keith Sharp,967764.75,2026-08-11,2026-09-14,FHA Loan,19.1,5.17,50033.44,Chicago Title,Completed
INSERT,2026-08-11T00:00:00,2026-08-11,TXN0250120,PT0177422,LST0177422,AG01966,AG02125,Brittany Shea,436784.43,2026-08-11,2026-09-03,Jumbo Loan,5.2,5.54,24197.86,Stewart Title,Completed
INSERT,2026-08-11T00:00:00,2026-08-11,TXN0250121,PT0449517,LST0449517,AG02517,AG02665,Joshua Griffith,225207.34,2026-08-11,2026-10-01,Jumbo Loan,9.1,5.4,12161.2,Old Republic Title,Completed
INSERT,2026-08-11T00:00:00,2026-08-11,TXN0250122,PT0540693,LST0540693,AG00458,AG02820,Ashlee Clark,296767.64,2026-08-11,2026-09-04,Conventional Mortgage,9.5,4.53,13443.57,Chicago Title,Completed
INSERT,2026-08-11T00:00:00,2026-08-11,TXN0250123,PT0525955,LST0525955,AG01491,AG01656,Ann Burke,503402.85,2026-08-11,2026-08-26,VA Loan,4.9,5.77,29046.34,Old Republic Title,Completed
INSERT,2026-08-11T00:00:00,2026-08-11,TXN0250124,PT0231520,LST0231520,AG00433,AG00290,Benjamin James,480631.77,2026-08-11,2026-09-12,Conventional Mortgage,16.7,5.06,24319.97,First American Title,Completed
INSERT,2026-08-11T00:00:00,2026-08-11,TXN0250125,PT0045516,LST0045516,AG02518,AG01712,Glenn Vazquez,237378.16,2026-08-11,2026-09-22,FHA Loan,8.6,4.55,10800.71,Fidelity National Title,Completed
INSERT,2026-08-11T00:00:00,2026-08-11,TXN0250126,PT0033555,LST0033555,AG01699,AG01593,Sara Hernandez,627245.95,2026-08-11,2026-09-09,Jumbo Loan,6.8,6.29,39453.77,Stewart Title,Completed
INSERT,2026-08-11T00:00:00,2026-08-11,TXN0250127,PT0513587,LST0513587,AG02437,AG01598,Zachary Elliott,1218265.54,2026-08-11,2026-09-27,Cash,100.0,5.16,62862.5,First American Title,Completed
INSERT,2026-08-11T00:00:00,2026-08-11,TXN0250128,PT0241352,LST0241352,AG01437,AG01285,Megan Smith,515402.95,2026-08-11,2026-09-12,FHA Loan,12.4,5.21,26852.49,First American Title,Completed
INSERT,2026-08-11T00:00:00,2026-08-11,TXN0250129,PT0202324,LST0202324,AG01332,AG01932,Ariel Matthews,338090.72,2026-08-11,2026-09-28,FHA Loan,10.3,5.42,18324.52,Old Republic Title,Completed
INSERT,2026-08-11T00:00:00,2026-08-11,TXN0250130,PT0049097,LST0049097,AG01528,AG02942,Michelle Clark,95431.41,2026-08-11,2026-09-14,Conventional Mortgage,19.6,5.0,4771.57,Chicago Title,Completed
INSERT,2026-08-11T00:00:00,2026-08-11,TXN0250131,PT0085930,LST0085930,AG01877,AG00190,Samantha Smith,476181.52,2026-08-11,2026-08-31,Cash,100.0,5.55,26428.07,First American Title,Completed
INSERT,2026-08-11T00:00:00,2026-08-11,TXN0250132,PT0512526,LST0512526,AG02919,AG00120,Mark Herring,291008.02,2026-08-11,2026-09-08,Conventional Mortgage,16.2,5.58,16238.25,Fidelity National Title,Completed
INSERT,2026-08-11T00:00:00,2026-08-11,TXN0250133,PT0511416,LST0511416,AG02686,AG02665,Elizabeth Duffy,760765.66,2026-08-11,2026-09-22,VA Loan,9.1,5.23,39788.04,Stewart Title,Completed
INSERT,2026-08-11T00:00:00,2026-08-11,TXN0250134,PT0519554,LST0519554,AG02227,AG02127,David Lopez,398354.16,2026-08-11,2026-09-19,Conventional Mortgage,21.0,5.73,22825.69,Chicago Title,Completed
INSERT,2026-08-11T00:00:00,2026-08-11,TXN0250135,PT0054401,LST0054401,AG02475,AG02725,Emily Mckinney,553474.63,2026-08-11,2026-09-27,Cash,100.0,6.44,35643.77,WFG National Title,Completed
INSERT,2026-08-11T00:00:00,2026-08-11,TXN0250136,PT0444833,LST0444833,AG02809,AG01390,Angela Perez,401051.95,2026-08-11,2026-09-03,Conventional Mortgage,11.9,4.89,19611.44,WFG National Title,Completed
INSERT,2026-08-11T00:00:00,2026-08-11,TXN0250137,PT0032922,LST0032922,AG01978,AG01057,Christine Watkins,520764.99,2026-08-11,2026-09-28,Conventional Mortgage,22.6,6.04,31454.21,Fidelity National Title,Completed
INSERT,2026-08-11T00:00:00,2026-08-11,TXN0250138,PT0052531,LST0052531,AG02441,AG00169,Nicholas Robinson,290239.89,2026-08-11,2026-09-28,Conventional Mortgage,20.8,5.39,15643.93,Fidelity National Title,Completed
INSERT,2026-08-11T00:00:00,2026-08-11,TXN0250139,PT0107048,LST0107048,AG01269,AG00891,Benjamin Reynolds,584994.72,2026-08-11,2026-09-06,Conventional Mortgage,12.6,5.83,34105.19,First American Title,Completed
INSERT,2026-08-11T00:00:00,2026-08-11,TXN0250140,PT0124985,LST0124985,AG02081,AG00172,Nancy Jones,215164.23,2026-08-11,2026-09-02,Cash,100.0,6.21,13361.7,Fidelity National Title,Completed
INSERT,2026-08-11T00:00:00,2026-08-11,TXN0250141,PT0476760,LST0476760,AG02293,AG01305,Tracy White,306587.93,2026-08-11,2026-09-06,FHA Loan,11.6,5.5,16862.34,First American Title,Completed
INSERT,2026-08-11T00:00:00,2026-08-11,TXN0250142,PT0515796,LST0515796,AG01788,AG00530,Patricia Santana,852153.32,2026-08-11,2026-09-06,VA Loan,10.8,5.07,43204.17,Chicago Title,Completed
INSERT,2026-08-11T00:00:00,2026-08-11,TXN0250143,PT0505282,LST0505282,AG00110,AG01186,Robert Adams,494419.52,2026-08-11,2026-09-08,Conventional Mortgage,6.8,4.66,23039.95,Fidelity National Title,Completed
INSERT,2026-08-11T00:00:00,2026-08-11,TXN0250144,PT0528999,LST0528999,AG00567,AG02836,Marilyn Perkins,607406.47,2026-08-11,2026-10-03,Cash,100.0,5.28,32071.06,WFG National Title,Completed
INSERT,2026-08-11T00:00:00,2026-08-11,TXN0250145,PT0165454,LST0165454,AG00611,AG00777,Vincent Martin,1235938.71,2026-08-11,2026-09-18,FHA Loan,11.8,6.35,78482.11,Fidelity National Title,Completed
INSERT,2026-08-11T00:00:00,2026-08-11,TXN0250146,PT0420426,LST0420426,AG00283,AG02461,Lisa Nunez,1189787.62,2026-08-11,2026-10-09,Conventional Mortgage,12.0,6.44,76622.32,Chicago Title,Completed
INSERT,2026-08-11T00:00:00,2026-08-11,TXN0250147,PT0170358,LST0170358,AG02049,AG01877,James Davis,633022.39,2026-08-11,2026-09-29,Conventional Mortgage,7.0,5.57,35259.35,First American Title,Completed
INSERT,2026-08-11T00:00:00,2026-08-11,TXN0250148,PT0272224,LST0272224,AG02771,AG01447,Desiree Wood,471163.4,2026-08-11,2026-09-11,VA Loan,15.1,4.69,22097.56,First American Title,Completed
INSERT,2026-08-11T00:00:00,2026-08-11,TXN0250149,PT0293861,LST0293861,AG01766,AG01920,Kristin Martinez,441822.42,2026-08-11,2026-08-28,Conventional Mortgage,24.1,4.86,21472.57,Stewart Title,Completed
INSERT,2026-08-11T00:00:00,2026-08-11,TXN0250150,PT0304179,LST0304179,AG02344,AG00971,Shawn Estes,228084.08,2026-08-11,2026-08-30,Conventional Mortgage,12.2,5.61,12795.52,Old Republic Title,Completed
INSERT,2026-08-11T00:00:00,2026-08-11,TXN0250151,PT0009283,LST0009283,AG00661,AG01810,Sheila Perez,382265.57,2026-08-11,2026-09-24,Conventional Mortgage,22.6,5.6,21406.87,Fidelity National Title,Completed
INSERT,2026-08-11T00:00:00,2026-08-11,TXN0250152,PT0345873,LST0345873,AG02782,AG00858,Kevin Herrera,808850.85,2026-08-11,2026-08-27,Conventional Mortgage,18.7,6.46,52251.76,Chicago Title,Completed
INSERT,2026-08-11T00:00:00,2026-08-11,TXN0250153,PT0327028,LST0327028,AG01182,AG02758,Michael Brown MD,518371.88,2026-08-11,2026-09-23,VA Loan,23.8,6.14,31828.03,Chicago Title,Completed
INSERT,2026-08-11T00:00:00,2026-08-11,TXN0250154,PT0481891,LST0481891,AG01668,AG02668,Brent Davis,128222.4,2026-08-11,2026-09-25,FHA Loan,18.3,5.7,7308.68,Stewart Title,Completed
INSERT,2026-08-11T00:00:00,2026-08-11,TXN0250155,PT0197429,LST0197429,AG00634,AG00373,Rita Stone,755656.01,2026-08-11,2026-10-01,Conventional Mortgage,23.3,5.73,43299.09,Old Republic Title,Completed
INSERT,2026-08-11T00:00:00,2026-08-11,TXN0250156,PT0231110,LST0231110,AG00258,AG00408,Bryan Harris,585244.74,2026-08-11,2026-09-13,Cash,100.0,5.42,31720.26,Fidelity National Title,Completed
INSERT,2026-08-11T00:00:00,2026-08-11,TXN0250157,PT0047835,LST0047835,AG02902,AG02021,Michael Dunn,610221.61,2026-08-11,2026-08-29,Conventional Mortgage,17.9,6.38,38932.14,Old Republic Title,Completed
INSERT,2026-08-11T00:00:00,2026-08-11,TXN0250158,PT0204060,LST0204060,AG00888,AG00405,Frances Gomez,567451.13,2026-08-11,2026-10-05,Conventional Mortgage,4.3,4.72,26783.69,Stewart Title,Completed
INSERT,2026-08-11T00:00:00,2026-08-11,TXN0250159,PT0480029,LST0480029,AG00274,AG00311,Brandon Santos,1050304.46,2026-08-11,2026-09-07,Conventional Mortgage,10.8,5.43,57031.53,Old Republic Title,Completed
INSERT,2026-08-11T00:00:00,2026-08-11,TXN0250160,PT0119698,LST0119698,AG02097,AG01227,Elizabeth Perez,1398828.45,2026-08-11,2026-09-28,Conventional Mortgage,10.0,4.99,69801.54,Chicago Title,Completed
INSERT,2026-08-11T00:00:00,2026-08-11,TXN0250161,PT0536902,LST0536902,AG00300,AG01468,Michael Hammond,589152.5,2026-08-11,2026-09-12,Conventional Mortgage,6.6,5.09,29987.86,First American Title,Completed
INSERT,2026-08-11T00:00:00,2026-08-11,TXN0250162,PT0519236,LST0519236,AG00166,AG02518,Dr. Ashley White,347731.68,2026-08-11,2026-09-29,Conventional Mortgage,6.4,4.96,17247.49,Fidelity National Title,Completed
INSERT,2026-08-11T00:00:00,2026-08-11,TXN0250163,PT0215212,LST0215212,AG02124,AG02370,Taylor Williams,429267.29,2026-08-11,2026-09-14,Conventional Mortgage,5.0,5.1,21892.63,WFG National Title,Completed
INSERT,2026-08-11T00:00:00,2026-08-11,TXN0250164,PT0058348,LST0058348,AG01125,AG00907,Jennifer Mercado,588340.67,2026-08-11,2026-09-26,Conventional Mortgage,16.9,5.7,33535.42,Fidelity National Title,Completed
INSERT,2026-08-11T00:00:00,2026-08-11,TXN0250165,PT0345108,LST0345108,AG01804,AG01150,Phillip Wilson,793602.18,2026-08-11,2026-09-18,Conventional Mortgage,21.8,5.29,41981.56,Old Republic Title,Completed
INSERT,2026-08-11T00:00:00,2026-08-11,TXN0250166,PT0073500,LST0073500,AG00037,AG01802,Joseph Wu,363334.58,2026-08-11,2026-08-31,Conventional Mortgage,13.9,5.67,20601.07,WFG National Title,Completed
INSERT,2026-08-11T00:00:00,2026-08-11,TXN0250167,PT0203298,LST0203298,AG02713,AG01905,Yvonne Ashley,476266.26,2026-08-11,2026-08-27,FHA Loan,14.6,5.14,24480.09,Stewart Title,Completed
INSERT,2026-08-11T00:00:00,2026-08-11,TXN0250168,PT0230522,LST0230522,AG01342,AG00326,Todd Casey,317097.57,2026-08-11,2026-10-05,Jumbo Loan,11.7,4.96,15728.04,Stewart Title,Completed
INSERT,2026-08-11T00:00:00,2026-08-11,TXN0250169,PT0410553,LST0410553,AG02950,AG00983,Jennifer Sanders,189441.87,2026-08-11,2026-09-14,FHA Loan,23.0,5.8,10987.63,First American Title,Completed
INSERT,2026-08-11T00:00:00,2026-08-11,TXN0250170,PT0473956,LST0473956,AG02974,AG00844,Leah Thomas,542155.26,2026-08-11,2026-10-03,Jumbo Loan,24.1,4.82,26131.88,Old Republic Title,Completed
INSERT,2026-08-11T00:00:00,2026-08-11,TXN0250171,PT0372058,LST0372058,AG00365,AG01054,Melissa Hamilton,984953.52,2026-08-11,2026-09-22,VA Loan,4.1,5.25,51710.06,WFG National Title,Completed
INSERT,2026-08-11T00:00:00,2026-08-11,TXN0250172,PT0133129,LST0133129,AG01003,AG01420,Ms. Angel Taylor MD,409258.54,2026-08-11,2026-10-07,Jumbo Loan,15.0,5.21,21322.37,First American Title,Completed
INSERT,2026-08-11T00:00:00,2026-08-11,TXN0250173,PT0352379,LST0352379,AG00415,AG00095,Mary Edwards,500880.78,2026-08-11,2026-09-02,Conventional Mortgage,13.9,5.67,28399.94,Old Republic Title,Completed
INSERT,2026-08-11T00:00:00,2026-08-11,TXN0250174,PT0039673,LST0039673,AG00442,AG00277,Amy Bolton,497155.06,2026-08-11,2026-09-01,FHA Loan,7.4,5.59,27790.97,WFG National Title,Completed
INSERT,2026-08-11T00:00:00,2026-08-11,TXN0250175,PT0192241,LST0192241,AG01415,AG00488,Alicia Newman,902061.24,2026-08-11,2026-09-19,FHA Loan,9.9,5.05,45554.09,Old Republic Title,Completed
INSERT,2026-08-11T00:00:00,2026-08-11,TXN0250176,PT0530342,LST0530342,AG00784,AG01795,Crystal Davis,963678.45,2026-08-11,2026-10-04,Conventional Mortgage,4.8,5.9,56857.03,Fidelity National Title,Completed
INSERT,2026-08-11T00:00:00,2026-08-11,TXN0250177,PT0341812,LST0341812,AG00188,AG00622,Hannah White,372510.49,2026-08-11,2026-09-09,FHA Loan,11.2,5.89,21940.87,First American Title,Completed
INSERT,2026-08-11T00:00:00,2026-08-11,TXN0250178,PT0348775,LST0348775,AG01534,AG00321,Russell Alvarado,299607.89,2026-08-11,2026-09-24,Conventional Mortgage,14.5,5.09,15250.04,Chicago Title,Completed
INSERT,2026-08-11T00:00:00,2026-08-11,TXN0250179,PT0307181,LST0307181,AG02154,AG00314,David Davis,305994.9,2026-08-11,2026-10-09,FHA Loan,24.0,6.32,19338.88,Old Republic Title,Completed
INSERT,2026-08-11T00:00:00,2026-08-11,TXN0250180,PT0493993,LST0493993,AG02614,AG02127,Paul Harris,502486.0,2026-08-11,2026-10-05,Jumbo Loan,17.7,5.56,27938.22,Fidelity National Title,Completed
INSERT,2026-08-11T00:00:00,2026-08-11,TXN0250181,PT0526196,LST0526196,AG01404,AG00064,Chad Jordan,212907.37,2026-08-11,2026-09-20,FHA Loan,18.8,5.46,11624.74,Fidelity National Title,Completed
INSERT,2026-08-11T00:00:00,2026-08-11,TXN0250182,PT0190716,LST0190716,AG01182,AG00972,Steven Garrett,719373.01,2026-08-11,2026-09-22,Conventional Mortgage,10.5,5.86,42155.26,First American Title,Completed
INSERT,2026-08-11T00:00:00,2026-08-11,TXN0250183,PT0487938,LST0487938,AG00496,AG01202,Michael Wilson,231976.35,2026-08-11,2026-09-17,FHA Loan,18.8,5.08,11784.4,Chicago Title,Completed
INSERT,2026-08-11T00:00:00,2026-08-11,TXN0250184,PT0140781,LST0140781,AG01678,AG00274,Timothy Garcia,276950.84,2026-08-11,2026-09-07,FHA Loan,12.4,6.1,16894.0,Fidelity National Title,Completed
INSERT,2026-08-11T00:00:00,2026-08-11,TXN0250185,PT0471622,LST0471622,AG01616,AG02936,Ebony Smith,422273.06,2026-08-11,2026-09-12,FHA Loan,8.2,4.66,19677.92,Fidelity National Title,Completed
INSERT,2026-08-11T00:00:00,2026-08-11,TXN0250186,PT0097339,LST0097339,AG00941,AG00967,Richard Allen,600686.76,2026-08-11,2026-10-09,Conventional Mortgage,7.5,5.91,35500.59,Stewart Title,Completed
INSERT,2026-08-11T00:00:00,2026-08-11,TXN0250187,PT0097211,LST0097211,AG01967,AG02951,Sarah Hernandez,470767.82,2026-08-11,2026-08-28,Conventional Mortgage,24.3,6.26,29470.07,Old Republic Title,Completed
INSERT,2026-08-11T00:00:00,2026-08-11,TXN0250188,PT0537293,LST0537293,AG01761,AG01105,Rachel Bennett,220505.54,2026-08-11,2026-09-09,Jumbo Loan,17.2,6.4,14112.35,First American Title,Completed
INSERT,2026-08-11T00:00:00,2026-08-11,TXN0250189,PT0332873,LST0332873,AG02615,AG01808,James Acosta,684896.94,2026-08-11,2026-09-13,Jumbo Loan,12.5,4.64,31779.22,Chicago Title,Completed
INSERT,2026-08-11T00:00:00,2026-08-11,TXN0250190,PT0252826,LST0252826,AG02064,AG01011,Sue Bridges,341563.01,2026-08-11,2026-08-29,VA Loan,3.2,4.76,16258.4,WFG National Title,Completed
INSERT,2026-08-11T00:00:00,2026-08-11,TXN0250191,PT0254303,LST0254303,AG00052,AG00498,Christopher Hickman,169234.28,2026-08-11,2026-09-01,Jumbo Loan,14.7,6.0,10154.06,Stewart Title,Completed
INSERT,2026-08-11T00:00:00,2026-08-11,TXN0250192,PT0490456,LST0490456,AG00838,AG00429,Matthew Ibarra,511986.41,2026-08-11,2026-10-01,Conventional Mortgage,22.0,5.57,28517.64,Fidelity National Title,Completed
INSERT,2026-08-11T00:00:00,2026-08-11,TXN0250193,PT0325953,LST0325953,AG02311,AG02751,Nicole Taylor,1710159.96,2026-08-11,2026-09-05,Conventional Mortgage,11.6,5.67,96966.07,First American Title,Completed
INSERT,2026-08-11T00:00:00,2026-08-11,TXN0250194,PT0428879,LST0428879,AG00003,AG01553,David Hoffman,639754.04,2026-08-11,2026-09-04,Cash,100.0,5.78,36977.78,Stewart Title,Completed
INSERT,2026-08-11T00:00:00,2026-08-11,TXN0250195,PT0400747,LST0400747,AG02860,AG02046,Zoe Kelly,299818.39,2026-08-11,2026-09-05,FHA Loan,8.6,5.9,17689.29,WFG National Title,Completed
INSERT,2026-08-11T00:00:00,2026-08-11,TXN0250196,PT0282841,LST0282841,AG02118,AG01227,Joseph Leblanc,673034.48,2026-08-11,2026-09-08,FHA Loan,15.1,5.84,39305.21,Chicago Title,Completed
INSERT,2026-08-11T00:00:00,2026-08-11,TXN0250197,PT0540180,LST0540180,AG01033,AG02341,Ray Ramos,290341.38,2026-08-11,2026-09-26,VA Loan,15.4,6.02,17478.55,Fidelity National Title,Completed
INSERT,2026-08-11T00:00:00,2026-08-11,TXN0250198,PT0325307,LST0325307,AG00914,AG00999,Michele Church,1084209.51,2026-08-11,2026-08-31,FHA Loan,8.0,6.08,65919.94,First American Title,Completed
INSERT,2026-08-11T00:00:00,2026-08-11,TXN0250199,PT0474925,LST0474925,AG02953,AG00864,Alicia Gray,376117.07,2026-08-11,2026-09-03,FHA Loan,7.6,4.62,17376.61,Stewart Title,Completed
INSERT,2026-08-11T00:00:00,2026-08-11,TXN0250200,PT0504006,LST0504006,AG02433,AG01446,Laura Marquez,806302.84,2026-08-11,2026-08-28,Conventional Mortgage,17.0,5.65,45556.11,Old Republic Title,Completed
INSERT,2026-08-11T00:00:00,2026-08-11,TXN0250201,PT0211985,LST0211985,AG02702,AG00017,Sophia Brown,372124.66,2026-08-11,2026-09-11,FHA Loan,21.7,6.05,22513.54,WFG National Title,Completed
INSERT,2026-08-11T00:00:00,2026-08-11,TXN0250202,PT0390956,LST0390956,AG02127,AG02162,Dr. Emily Adams,434112.45,2026-08-11,2026-09-15,Conventional Mortgage,12.4,5.15,22356.79,Fidelity National Title,Completed
INSERT,2026-08-11T00:00:00,2026-08-11,TXN0250203,PT0194245,LST0194245,AG02709,AG02169,Sherry Collins,327528.91,2026-08-11,2026-10-09,Jumbo Loan,10.5,4.84,15852.4,WFG National Title,Completed
INSERT,2026-08-11T00:00:00,2026-08-11,TXN0250204,PT0166785,LST0166785,AG02188,AG01675,Jeffrey Pena,247346.1,2026-08-11,2026-08-28,Cash,100.0,5.14,12713.59,Stewart Title,Completed
INSERT,2026-08-11T00:00:00,2026-08-11,TXN0250205,PT0486329,LST0486329,AG02892,AG02642,Shelley Cooley,392001.78,2026-08-11,2026-09-16,Conventional Mortgage,9.2,6.45,25284.11,Fidelity National Title,Completed
INSERT,2026-08-11T00:00:00,2026-08-11,TXN0250206,PT0316806,LST0316806,AG00214,AG00789,Drew Lowe,794723.74,2026-08-11,2026-10-01,Conventional Mortgage,23.7,4.78,37987.79,Old Republic Title,Completed
INSERT,2026-08-11T00:00:00,2026-08-11,TXN0250207,PT0475217,LST0475217,AG00904,AG02564,Donna Cooley,140613.35,2026-08-11,2026-09-16,Conventional Mortgage,16.7,5.48,7705.61,Fidelity National Title,Completed
INSERT,2026-08-11T00:00:00,2026-08-11,TXN0250208,PT0468049,LST0468049,AG02999,AG00903,Andrew King,837679.85,2026-08-11,2026-09-03,Conventional Mortgage,9.2,5.23,43810.66,Fidelity National Title,Completed
INSERT,2026-08-11T00:00:00,2026-08-11,TXN0250209,PT0050572,LST0050572,AG02176,AG02517,Jerry Glenn,545760.42,2026-08-11,2026-09-30,Conventional Mortgage,16.2,6.37,34764.94,First American Title,Completed
INSERT,2026-08-11T00:00:00,2026-08-11,TXN0250210,PT0423926,LST0423926,AG01739,AG01760,Malik Meza,119087.49,2026-08-11,2026-09-06,Jumbo Loan,8.5,4.84,5763.83,Chicago Title,Completed
INSERT,2026-08-11T00:00:00,2026-08-11,TXN0250211,PT0207603,LST0207603,AG02170,AG02496,Jacob Walker,291391.02,2026-08-11,2026-09-04,Conventional Mortgage,24.9,6.18,18007.97,Fidelity National Title,Completed
INSERT,2026-08-11T00:00:00,2026-08-11,TXN0250212,PT0156251,LST0156251,AG01105,AG01856,Mr. Christopher Morales,628415.28,2026-08-11,2026-09-18,Conventional Mortgage,13.4,6.44,40469.94,Fidelity National Title,Completed
INSERT,2026-08-11T00:00:00,2026-08-11,TXN0250213,PT0137602,LST0137602,AG01982,AG01866,Michael Curtis,223251.81,2026-08-11,2026-09-16,Conventional Mortgage,19.9,6.31,14087.19,Chicago Title,Completed
INSERT,2026-08-11T00:00:00,2026-08-11,TXN0250214,PT0354441,LST0354441,AG00675,AG01959,Mike Mays,676628.74,2026-08-11,2026-09-26,Conventional Mortgage,13.4,6.13,41477.34,First American Title,Completed
INSERT,2026-08-11T00:00:00,2026-08-11,TXN0250215,PT0011415,LST0011415,AG02589,AG00298,Brian Stephens,996924.08,2026-08-11,2026-09-11,FHA Loan,5.4,6.15,61310.83,Old Republic Title,Completed
INSERT,2026-08-11T00:00:00,2026-08-11,TXN0250216,PT0313678,LST0313678,AG02845,AG02237,Nicole Sandoval,572220.89,2026-08-11,2026-10-08,Conventional Mortgage,11.8,5.86,33532.14,WFG National Title,Completed
INSERT,2026-08-11T00:00:00,2026-08-11,TXN0250217,PT0452198,LST0452198,AG02102,AG02891,Maureen Hansen,196417.74,2026-08-11,2026-10-03,Jumbo Loan,12.3,4.91,9644.11,Stewart Title,Completed
INSERT,2026-08-11T00:00:00,2026-08-11,TXN0250218,PT0353535,LST0353535,AG00813,AG01225,Stacy Vasquez,512725.4,2026-08-11,2026-09-25,Conventional Mortgage,11.7,4.95,25379.91,First American Title,Completed
INSERT,2026-08-11T00:00:00,2026-08-11,TXN0250219,PT0459689,LST0459689,AG02908,AG01476,Jesse Gordon,598079.75,2026-08-11,2026-09-10,Jumbo Loan,18.1,4.84,28947.06,Old Republic Title,Completed
INSERT,2026-08-11T00:00:00,2026-08-11,TXN0250220,PT0515914,LST0515914,AG00282,AG00638,Dwayne Jenkins,441940.15,2026-08-11,2026-10-08,Jumbo Loan,4.4,6.31,27886.42,First American Title,Completed
INSERT,2026-08-11T00:00:00,2026-08-11,TXN0250221,PT0282702,LST0282702,AG02906,AG01043,Jeanne Cooper,362109.13,2026-08-11,2026-09-15,Jumbo Loan,24.4,6.04,21871.39,Fidelity National Title,Completed
INSERT,2026-08-11T00:00:00,2026-08-11,TXN0250222,PT0089090,LST0089090,AG02364,AG02357,Allison Gray,283381.46,2026-08-11,2026-10-07,Conventional Mortgage,11.5,5.42,15359.28,Stewart Title,Completed
INSERT,2026-08-11T00:00:00,2026-08-11,TXN0250223,PT0011230,LST0011230,AG01685,AG00354,Emily Garrett,459961.27,2026-08-11,2026-09-28,Conventional Mortgage,18.6,5.06,23274.04,Old Republic Title,Completed
INSERT,2026-08-11T00:00:00,2026-08-11,TXN0250224,PT0501051,LST0501051,AG02652,AG00184,Regina Hayes,251365.46,2026-08-11,2026-09-19,Conventional Mortgage,7.0,6.13,15408.7,Fidelity National Title,Completed
INSERT,2026-08-11T00:00:00,2026-08-11,TXN0250225,PT0158674,LST0158674,AG00624,AG01737,Catherine Coleman,404582.01,2026-08-11,2026-08-31,Cash,100.0,5.15,20835.97,Chicago Title,Completed
INSERT,2026-08-11T00:00:00,2026-08-11,TXN0250226,PT0016415,LST0016415,AG01405,AG02414,Wanda Downs,356448.19,2026-08-11,2026-09-29,Conventional Mortgage,17.3,6.34,22598.82,Chicago Title,Completed
INSERT,2026-08-11T00:00:00,2026-08-11,TXN0250227,PT0185694,LST0185694,AG02420,AG02439,Lauren Roth,982603.27,2026-08-11,2026-09-04,Jumbo Loan,14.8,6.36,62493.57,Fidelity National Title,Completed
INSERT,2026-08-11T00:00:00,2026-08-11,TXN0250228,PT0457416,LST0457416,AG02402,AG01075,Susan Johnson,564045.23,2026-08-11,2026-09-09,VA Loan,24.0,5.17,29161.14,First American Title,Completed
INSERT,2026-08-11T00:00:00,2026-08-11,TXN0250229,PT0331807,LST0331807,AG01228,AG00376,Jessica Colon,856350.34,2026-08-11,2026-09-11,Jumbo Loan,7.6,5.52,47270.54,Chicago Title,Completed
INSERT,2026-08-11T00:00:00,2026-08-11,TXN0250230,PT0339252,LST0339252,AG02794,AG01943,Michelle Nichols,53392.99,2026-08-11,2026-09-26,FHA Loan,22.5,6.12,3267.65,Stewart Title,Completed
INSERT,2026-08-11T00:00:00,2026-08-11,TXN0250231,PT0507467,LST0507467,AG02124,AG01062,Luke Marshall,1977606.3,2026-08-11,2026-10-09,Conventional Mortgage,19.1,5.74,113514.6,First American Title,Completed
INSERT,2026-08-11T00:00:00,2026-08-11,TXN0250232,PT0467034,LST0467034,AG02128,AG00990,Alan Kim,1114922.29,2026-08-11,2026-10-04,VA Loan,11.7,6.1,68010.26,Chicago Title,Completed
INSERT,2026-08-11T00:00:00,2026-08-11,TXN0250233,PT0288664,LST0288664,AG01440,AG02016,Sierra Jackson,1181280.01,2026-08-11,2026-10-06,Conventional Mortgage,9.4,5.15,60835.92,Old Republic Title,Completed
INSERT,2026-08-11T00:00:00,2026-08-11,TXN0250234,PT0511867,LST0511867,AG01921,AG00754,Maureen Lee,321991.2,2026-08-11,2026-09-06,Conventional Mortgage,13.5,5.27,16968.94,Chicago Title,Completed
INSERT,2026-08-11T00:00:00,2026-08-11,TXN0250235,PT0296905,LST0296905,AG00628,AG02131,Robert Barrett,307166.51,2026-08-11,2026-09-24,Conventional Mortgage,6.9,5.31,16310.54,WFG National Title,Completed
INSERT,2026-08-11T00:00:00,2026-08-11,TXN0250236,PT0054834,LST0054834,AG00949,AG01166,Jeremy Smith,2151905.77,2026-08-11,2026-09-30,Conventional Mortgage,21.9,5.36,115342.15,Old Republic Title,Completed
INSERT,2026-08-11T00:00:00,2026-08-11,TXN0250237,PT0241789,LST0241789,AG01223,AG02814,Alicia Barnes,613560.53,2026-08-11,2026-09-08,Cash,100.0,6.43,39451.94,Fidelity National Title,Completed
INSERT,2026-08-11T00:00:00,2026-08-11,TXN0250238,PT0249671,LST0249671,AG02819,AG01521,Joseph May,354798.18,2026-08-11,2026-09-08,Conventional Mortgage,3.0,4.92,17456.07,Old Republic Title,Completed
INSERT,2026-08-11T00:00:00,2026-08-11,TXN0250239,PT0363311,LST0363311,AG01448,AG02202,John Ramirez,355495.73,2026-08-11,2026-09-07,VA Loan,6.9,4.76,16921.6,Chicago Title,Completed
INSERT,2026-08-11T00:00:00,2026-08-11,TXN0250240,PT0007005,LST0007005,AG01679,AG00348,Tami Herman,143891.15,2026-08-11,2026-09-21,FHA Loan,10.6,4.8,6906.78,Fidelity National Title,Completed
INSERT,2026-08-11T00:00:00,2026-08-11,TXN0250241,PT0132147,LST0132147,AG00814,AG01118,Ann Townsend,139491.3,2026-08-11,2026-08-27,Jumbo Loan,5.7,5.62,7839.41,Fidelity National Title,Completed
INSERT,2026-08-11T00:00:00,2026-08-11,TXN0250242,PT0051064,LST0051064,AG01779,AG02276,Matthew Williams,693300.57,2026-08-11,2026-09-19,Conventional Mortgage,3.3,4.6,31891.83,WFG National Title,Completed
INSERT,2026-08-11T00:00:00,2026-08-11,TXN0250243,PT0036814,LST0036814,AG01417,AG02516,Thomas Mullins,699586.74,2026-08-11,2026-10-09,Jumbo Loan,9.1,4.84,33860.0,First American Title,Completed
INSERT,2026-08-11T00:00:00,2026-08-11,TXN0250244,PT0134963,LST0134963,AG00261,AG02348,John Evans,264915.12,2026-08-11,2026-09-20,Conventional Mortgage,6.0,5.85,15497.53,Stewart Title,Completed
INSERT,2026-08-11T00:00:00,2026-08-11,TXN0250245,PT0130566,LST0130566,AG00057,AG00230,William Mathis,436128.55,2026-08-11,2026-09-22,Conventional Mortgage,21.5,4.89,21326.69,WFG National Title,Completed
INSERT,2026-08-11T00:00:00,2026-08-11,TXN0250246,PT0285760,LST0285760,AG01929,AG00157,Pamela Keith,787642.98,2026-08-11,2026-09-26,FHA Loan,8.3,5.86,46155.88,Fidelity National Title,Completed
INSERT,2026-08-11T00:00:00,2026-08-11,TXN0250247,PT0025227,LST0025227,AG00519,AG02500,Renee Reid,136889.52,2026-08-11,2026-09-23,Conventional Mortgage,24.0,6.13,8391.33,First American Title,Completed
INSERT,2026-08-11T00:00:00,2026-08-11,TXN0250248,PT0276409,LST0276409,AG02061,AG02830,Lisa Walker,547853.41,2026-08-11,2026-09-10,FHA Loan,9.2,6.16,33747.77,Old Republic Title,Completed
INSERT,2026-08-11T00:00:00,2026-08-11,TXN0250249,PT0401284,LST0401284,AG02940,AG02645,Jesus Evans,132774.01,2026-08-11,2026-09-12,Conventional Mortgage,7.8,5.45,7236.18,Fidelity National Title,Completed
INSERT,2026-08-11T00:00:00,2026-08-11,TXN0250250,PT0508919,LST0508919,AG00485,AG02492,Jacob Nelson,300835.03,2026-08-11,2026-09-02,FHA Loan,18.6,4.76,14319.75,Fidelity National Title,Completed
INSERT,2026-08-11T00:00:00,2026-08-11,TXN0250251,PT0108608,LST0108608,AG02375,AG02199,Christopher Morales,115487.98,2026-08-11,2026-10-07,Conventional Mortgage,9.1,6.18,7137.16,Stewart Title,Completed
INSERT,2026-08-11T00:00:00,2026-08-11,TXN0250252,PT0441228,LST0441228,AG00122,AG02885,Devin Pierce,232175.57,2026-08-11,2026-09-12,Conventional Mortgage,10.4,5.57,12932.18,Stewart Title,Completed
INSERT,2026-08-11T00:00:00,2026-08-11,TXN0250253,PT0523520,LST0523520,AG01544,AG01587,Alexis Burke,726052.37,2026-08-11,2026-09-29,Jumbo Loan,19.1,4.91,35649.17,First American Title,Completed
INSERT,2026-08-11T00:00:00,2026-08-11,TXN0250254,PT0116980,LST0116980,AG00877,AG02485,Thomas Burton,380894.85,2026-08-11,2026-09-08,Jumbo Loan,17.9,6.1,23234.59,First American Title,Completed
INSERT,2026-08-11T00:00:00,2026-08-11,TXN0250255,PT0199064,LST0199064,AG00964,AG00626,Justin White,751024.14,2026-08-11,2026-09-28,Cash,100.0,5.38,40405.1,Stewart Title,Completed
INSERT,2026-08-11T00:00:00,2026-08-11,TXN0250256,PT0128512,LST0128512,AG01470,AG02321,Henry Mckinney,430601.52,2026-08-11,2026-09-02,Cash,100.0,5.38,23166.36,WFG National Title,Completed
INSERT,2026-08-11T00:00:00,2026-08-11,TXN0250257,PT0196478,LST0196478,AG02396,AG00840,Brandi Acosta,575409.68,2026-08-11,2026-08-30,Conventional Mortgage,11.2,5.89,33891.63,WFG National Title,Completed
INSERT,2026-08-11T00:00:00,2026-08-11,TXN0250258,PT0525043,LST0525043,AG02056,AG02230,Lauren Christian,268960.61,2026-08-11,2026-10-06,Conventional Mortgage,17.2,6.37,17132.79,Stewart Title,Completed
INSERT,2026-08-11T00:00:00,2026-08-11,TXN0250259,PT0534582,LST0534582,AG02598,AG02929,Laurie Miller,160630.76,2026-08-11,2026-08-29,Conventional Mortgage,20.5,6.19,9943.04,Fidelity National Title,Completed
INSERT,2026-08-11T00:00:00,2026-08-11,TXN0250260,PT0321599,LST0321599,AG00627,AG02137,William West,611825.66,2026-08-11,2026-09-19,Cash,100.0,6.2,37933.19,WFG National Title,Completed
INSERT,2026-08-11T00:00:00,2026-08-11,TXN0250261,PT0546355,LST0546355,AG01614,AG00753,Michael Gilbert,290366.51,2026-08-11,2026-08-30,FHA Loan,8.9,4.81,13966.63,WFG National Title,Completed
INSERT,2026-08-11T00:00:00,2026-08-11,TXN0250262,PT0091966,LST0091966,AG00764,AG00346,William Melton,358075.26,2026-08-11,2026-10-07,Jumbo Loan,18.3,6.42,22988.43,Fidelity National Title,Completed
INSERT,2026-08-11T00:00:00,2026-08-11,TXN0250263,PT0346832,LST0346832,AG01713,AG02387,Jerry Pugh,225565.57,2026-08-11,2026-10-04,Conventional Mortgage,10.7,4.99,11255.72,Old Republic Title,Completed
INSERT,2026-08-11T00:00:00,2026-08-11,TXN0250264,PT0138750,LST0138750,AG01364,AG01017,Joseph Jones,287987.07,2026-08-11,2026-09-01,Conventional Mortgage,16.4,5.77,16616.85,First American Title,Completed
INSERT,2026-08-11T00:00:00,2026-08-11,TXN0250265,PT0439451,LST0439451,AG01341,AG00434,Carla Gilmore,3818588.71,2026-08-11,2026-10-09,VA Loan,19.0,4.91,187492.71,First American Title,Completed
INSERT,2026-08-11T00:00:00,2026-08-11,TXN0250266,PT0146420,LST0146420,AG00564,AG00988,Adam Shaffer,228677.0,2026-08-11,2026-09-09,Cash,100.0,6.47,14795.4,Old Republic Title,Completed
INSERT,2026-08-11T00:00:00,2026-08-11,TXN0250267,PT0450079,LST0450079,AG01574,AG00646,Katherine Collins,427533.41,2026-08-11,2026-09-03,Conventional Mortgage,23.3,5.58,23856.36,First American Title,Completed
INSERT,2026-08-11T00:00:00,2026-08-11,TXN0250268,PT0539058,LST0539058,AG02722,AG02033,Brian Wagner,597873.93,2026-08-11,2026-10-01,Conventional Mortgage,12.8,5.85,34975.62,Fidelity National Title,Completed
INSERT,2026-08-11T00:00:00,2026-08-11,TXN0250269,PT0049711,LST0049711,AG00477,AG01459,Marc Mendez,177916.17,2026-08-11,2026-09-07,FHA Loan,8.3,4.89,8700.1,First American Title,Completed
INSERT,2026-08-11T00:00:00,2026-08-11,TXN0250270,PT0016989,LST0016989,AG01543,AG02929,Madeline Fritz,791667.01,2026-08-11,2026-09-15,Conventional Mortgage,24.2,4.96,39266.68,Old Republic Title,Completed
INSERT,2026-08-11T00:00:00,2026-08-11,TXN0250271,PT0199160,LST0199160,AG01536,AG01779,Craig Caldwell,281187.5,2026-08-11,2026-10-04,Conventional Mortgage,10.6,5.54,15577.79,Old Republic Title,Completed
INSERT,2026-08-11T00:00:00,2026-08-11,TXN0250272,PT0068108,LST0068108,AG02931,AG00628,Erin Andrews,442918.0,2026-08-11,2026-09-26,Jumbo Loan,22.7,5.77,25556.37,Fidelity National Title,Completed
INSERT,2026-08-11T00:00:00,2026-08-11,TXN0250273,PT0496329,LST0496329,AG02067,AG01229,Alexis Hoffman,138753.31,2026-08-11,2026-09-19,Cash,100.0,6.3,8741.46,WFG National Title,Completed
INSERT,2026-08-11T00:00:00,2026-08-11,TXN0250274,PT0197399,LST0197399,AG02906,AG02124,Amanda Banks,1695164.4,2026-08-11,2026-09-25,Cash,100.0,5.02,85097.25,Old Republic Title,Completed
INSERT,2026-08-11T00:00:00,2026-08-11,TXN0250275,PT0527259,LST0527259,AG02897,AG00845,Christopher Fernandez,163718.21,2026-08-11,2026-08-30,Conventional Mortgage,12.9,4.96,8120.42,Chicago Title,Completed
INSERT,2026-08-11T00:00:00,2026-08-11,TXN0250276,PT0516436,LST0516436,AG00038,AG01511,Jose Hinton,332861.59,2026-08-11,2026-09-27,Jumbo Loan,6.0,5.47,18207.53,First American Title,Completed
INSERT,2026-08-11T00:00:00,2026-08-11,TXN0250277,PT0091316,LST0091316,AG00485,AG02460,Nicole Ramirez,183419.0,2026-08-11,2026-09-12,FHA Loan,19.4,6.1,11188.56,WFG National Title,Completed
INSERT,2026-08-11T00:00:00,2026-08-11,TXN0250278,PT0123252,LST0123252,AG01524,AG00635,Sarah Morton,153782.41,2026-08-11,2026-09-04,Conventional Mortgage,5.8,5.41,8319.63,Chicago Title,Completed
INSERT,2026-08-11T00:00:00,2026-08-11,TXN0250279,PT0333806,LST0333806,AG00901,AG00121,Amy Wade,1337113.21,2026-08-11,2026-08-28,Jumbo Loan,18.9,5.62,75145.76,WFG National Title,Completed
INSERT,2026-08-11T00:00:00,2026-08-11,TXN0250280,PT0332677,LST0332677,AG01429,AG00836,Victoria Alexander,289772.19,2026-08-11,2026-09-06,Cash,100.0,5.09,14749.4,First American Title,Completed
INSERT,2026-08-11T00:00:00,2026-08-11,TXN0250281,PT0450962,LST0450962,AG00352,AG02781,Christine Baker,393995.95,2026-08-11,2026-10-01,FHA Loan,19.5,4.55,17926.82,Old Republic Title,Completed
INSERT,2026-08-11T00:00:00,2026-08-11,TXN0250282,PT0228676,LST0228676,AG00562,AG00106,Mckenzie Dyer,550811.1,2026-08-11,2026-09-07,Conventional Mortgage,23.3,5.5,30294.61,Stewart Title,Completed
INSERT,2026-08-11T00:00:00,2026-08-11,TXN0250283,PT0201774,LST0201774,AG00698,AG00411,Brandon Pham,121585.04,2026-08-11,2026-09-10,Cash,100.0,5.4,6565.59,First American Title,Completed
INSERT,2026-08-11T00:00:00,2026-08-11,TXN0250284,PT0040166,LST0040166,AG01694,AG02519,Mr. Corey Potter,94185.71,2026-08-11,2026-09-14,Conventional Mortgage,24.9,4.66,4389.05,WFG National Title,Completed
INSERT,2026-08-11T00:00:00,2026-08-11,TXN0250285,PT0158437,LST0158437,AG02700,AG02298,Loretta Rivers,1509304.41,2026-08-11,2026-09-03,Conventional Mortgage,4.6,4.72,71239.17,First American Title,Completed
INSERT,2026-08-11T00:00:00,2026-08-11,TXN0250286,PT0098835,LST0098835,AG01574,AG00913,Willie Turner,518496.56,2026-08-11,2026-08-30,FHA Loan,13.1,5.95,30850.55,Fidelity National Title,Completed
INSERT,2026-08-11T00:00:00,2026-08-11,TXN0250287,PT0261858,LST0261858,AG00576,AG01948,Ryan Scott,923727.19,2026-08-11,2026-09-14,Conventional Mortgage,8.8,5.06,46740.6,Fidelity National Title,Completed
INSERT,2026-08-11T00:00:00,2026-08-11,TXN0250288,PT0350354,LST0350354,AG01910,AG01237,Traci Chapman,281706.12,2026-08-11,2026-09-17,Jumbo Loan,11.6,4.91,13831.77,Fidelity National Title,Completed
INSERT,2026-08-11T00:00:00,2026-08-11,TXN0250289,PT0248160,LST0248160,AG02691,AG00711,Christine Haynes,271983.65,2026-08-11,2026-09-21,Conventional Mortgage,10.2,5.04,13707.98,Chicago Title,Completed
INSERT,2026-08-11T00:00:00,2026-08-11,TXN0250290,PT0389759,LST0389759,AG01268,AG02307,Anthony Myers,408020.54,2026-08-11,2026-09-30,VA Loan,15.3,4.84,19748.19,Stewart Title,Completed
INSERT,2026-08-11T00:00:00,2026-08-11,TXN0250291,PT0528698,LST0528698,AG02481,AG00588,James Webb,468941.18,2026-08-11,2026-09-17,FHA Loan,11.6,6.24,29261.93,First American Title,Completed
INSERT,2026-08-11T00:00:00,2026-08-11,TXN0250292,PT0045991,LST0045991,AG01434,AG01644,Sara Hughes,795848.74,2026-08-11,2026-09-21,Conventional Mortgage,7.7,4.69,37325.31,Old Republic Title,Completed
INSERT,2026-08-11T00:00:00,2026-08-11,TXN0250293,PT0269909,LST0269909,AG00735,AG02149,Alan Costa,372143.01,2026-08-11,2026-09-02,Cash,100.0,5.7,21212.15,Chicago Title,Completed
INSERT,2026-08-11T00:00:00,2026-08-11,TXN0250294,PT0341816,LST0341816,AG00459,AG00903,Annette Mcclain,844953.65,2026-08-11,2026-09-13,Jumbo Loan,11.4,4.57,38614.38,Stewart Title,Completed
INSERT,2026-08-11T00:00:00,2026-08-11,TXN0250295,PT0497740,LST0497740,AG02853,AG01207,Patrick Carroll,638365.89,2026-08-11,2026-09-07,Cash,100.0,5.46,34854.78,WFG National Title,Completed
INSERT,2026-08-11T00:00:00,2026-08-11,TXN0250296,PT0189868,LST0189868,AG01739,AG02335,Sara Adams,925490.6,2026-08-11,2026-10-04,Conventional Mortgage,8.8,6.47,59879.24,Fidelity National Title,Completed
INSERT,2026-08-11T00:00:00,2026-08-11,TXN0250297,PT0313067,LST0313067,AG00152,AG02283,Edward Macias,197630.29,2026-08-11,2026-09-20,Conventional Mortgage,16.8,5.88,11620.66,Stewart Title,Completed
INSERT,2026-08-11T00:00:00,2026-08-11,TXN0250298,PT0281407,LST0281407,AG00422,AG02343,Miranda Walker,106724.01,2026-08-11,2026-10-05,Conventional Mortgage,19.7,6.2,6616.89,Fidelity National Title,Completed
INSERT,2026-08-11T00:00:00,2026-08-11,TXN0250299,PT0090211,LST0090211,AG02575,AG00795,Mike Bell,1588731.74,2026-08-11,2026-09-03,VA Loan,20.7,5.85,92940.81,Stewart Title,Completed
INSERT,2026-08-11T00:00:00,2026-08-11,TXN0250300,PT0441326,LST0441326,AG01132,AG02831,Tammy Hodge,335772.77,2026-08-11,2026-08-28,VA Loan,18.9,5.25,17628.07,WFG National Title,Completed
INSERT,2026-08-11T00:00:00,2026-08-11,TXN0250301,PT0502635,LST0502635,AG02556,AG01518,Jennifer Duncan,207473.38,2026-08-11,2026-09-28,Cash,100.0,6.26,12987.83,Old Republic Title,Completed
INSERT,2026-08-11T00:00:00,2026-08-11,TXN0250302,PT0518126,LST0518126,AG02265,AG02418,Christopher Johnson,119735.85,2026-08-11,2026-09-28,Conventional Mortgage,5.0,4.56,5459.95,Chicago Title,Completed
INSERT,2026-08-11T00:00:00,2026-08-11,TXN0250303,PT0457851,LST0457851,AG02757,AG01610,Tina Pugh,224991.2,2026-08-11,2026-09-02,Jumbo Loan,15.3,6.28,14129.45,WFG National Title,Completed
INSERT,2026-08-11T00:00:00,2026-08-11,TXN0250304,PT0182375,LST0182375,AG01468,AG01702,William Espinoza,101864.37,2026-08-11,2026-08-26,Conventional Mortgage,8.9,6.15,6264.66,Stewart Title,Completed
INSERT,2026-08-11T00:00:00,2026-08-11,TXN0250305,PT0330465,LST0330465,AG02604,AG01953,John Jackson,2912331.74,2026-08-11,2026-10-06,FHA Loan,13.5,6.18,179982.1,WFG National Title,Completed
INSERT,2026-08-11T00:00:00,2026-08-11,TXN0250306,PT0452905,LST0452905,AG00874,AG01893,Matthew Smith,581437.42,2026-08-11,2026-09-22,FHA Loan,10.4,5.99,34828.1,Fidelity National Title,Completed
INSERT,2026-08-11T00:00:00,2026-08-11,TXN0250307,PT0004617,LST0004617,AG00949,AG01464,Brandy Welch,576911.67,2026-08-11,2026-09-07,Conventional Mortgage,19.8,5.37,30980.16,First American Title,Completed
INSERT,2026-08-11T00:00:00,2026-08-11,TXN0250308,PT0052662,LST0052662,AG00071,AG01762,Susan Hampton,129572.07,2026-08-11,2026-08-30,Conventional Mortgage,8.6,5.63,7294.91,Chicago Title,Completed
INSERT,2026-08-11T00:00:00,2026-08-11,TXN0250309,PT0106879,LST0106879,AG02879,AG00224,Juan Mendoza,197230.3,2026-08-11,2026-08-28,FHA Loan,12.3,5.22,10295.42,Old Republic Title,Completed
INSERT,2026-08-11T00:00:00,2026-08-11,TXN0250310,PT0300735,LST0300735,AG01799,AG01119,John Ross,211315.35,2026-08-11,2026-09-07,Jumbo Loan,14.3,5.17,10925.0,Stewart Title,Completed
INSERT,2026-08-11T00:00:00,2026-08-11,TXN0250311,PT0487542,LST0487542,AG00052,AG00187,Benjamin Griffith,439093.12,2026-08-11,2026-09-29,Cash,100.0,5.62,24677.03,First American Title,Completed
INSERT,2026-08-11T00:00:00,2026-08-11,TXN0250312,PT0297802,LST0297802,AG01430,AG00340,Austin Sanchez,948851.48,2026-08-11,2026-09-06,FHA Loan,24.5,5.55,52661.26,Fidelity National Title,Completed
INSERT,2026-08-11T00:00:00,2026-08-11,TXN0250313,PT0517592,LST0517592,AG02977,AG01906,Destiny Charles,1228715.02,2026-08-11,2026-09-17,Conventional Mortgage,11.5,5.64,69299.53,Stewart Title,Completed
INSERT,2026-08-11T00:00:00,2026-08-11,TXN0250314,PT0196362,LST0196362,AG02606,AG00327,Lori Adams,249309.03,2026-08-11,2026-09-29,FHA Loan,19.3,5.48,13662.13,Fidelity National Title,Completed
INSERT,2026-08-11T00:00:00,2026-08-11,TXN0250315,PT0432157,LST0432157,AG02113,AG02520,Joshua Hansen,112160.22,2026-08-11,2026-10-04,Cash,100.0,5.55,6224.89,Old Republic Title,Completed
INSERT,2026-08-11T00:00:00,2026-08-11,TXN0250316,PT0296485,LST0296485,AG01541,AG00736,Jerry Goodman,423888.12,2026-08-11,2026-08-29,Conventional Mortgage,10.0,4.9,20770.52,Fidelity National Title,Completed
INSERT,2026-08-11T00:00:00,2026-08-11,TXN0250317,PT0507629,LST0507629,AG00211,AG01372,Richard Michael,283605.9,2026-08-11,2026-09-10,Conventional Mortgage,17.1,6.16,17470.12,First American Title,Completed
INSERT,2026-08-11T00:00:00,2026-08-11,TXN0250318,PT0357945,LST0357945,AG01040,AG00564,Curtis Robinson,2014995.32,2026-08-11,2026-10-09,FHA Loan,13.4,6.29,126743.21,Stewart Title,Completed
INSERT,2026-08-11T00:00:00,2026-08-11,TXN0250319,PT0350701,LST0350701,AG00318,AG01262,Marcus Hernandez,283978.6,2026-08-11,2026-09-27,FHA Loan,3.2,4.75,13488.98,First American Title,Completed
INSERT,2026-08-11T00:00:00,2026-08-11,TXN0250320,PT0063149,LST0063149,AG00143,AG01795,Christopher Bruce,576977.08,2026-08-11,2026-09-06,Conventional Mortgage,21.9,6.46,37272.72,Fidelity National Title,Completed
INSERT,2026-08-11T00:00:00,2026-08-11,TXN0250321,PT0157330,LST0157330,AG00564,AG00944,Jacob Wilkinson,467405.22,2026-08-11,2026-09-26,VA Loan,19.6,5.15,24071.37,Stewart Title,Completed
INSERT,2026-08-11T00:00:00,2026-08-11,TXN0250322,PT0078377,LST0078377,AG00328,AG00349,Kevin Castro,246613.09,2026-08-11,2026-09-29,VA Loan,13.1,5.51,13588.38,Fidelity National Title,Completed
INSERT,2026-08-11T00:00:00,2026-08-11,TXN0250323,PT0172931,LST0172931,AG00590,AG02270,Sheri Burton,707195.16,2026-08-11,2026-10-09,Conventional Mortgage,5.1,6.23,44058.26,Fidelity National Title,Completed
INSERT,2026-08-11T00:00:00,2026-08-11,TXN0250324,PT0098670,LST0098670,AG01188,AG00671,Daniel Nelson,1286235.11,2026-08-11,2026-10-03,Conventional Mortgage,13.8,5.3,68170.46,Stewart Title,Completed
INSERT,2026-08-11T00:00:00,2026-08-11,TXN0250325,PT0336009,LST0336009,AG02829,AG02099,Robert Rojas,485751.47,2026-08-11,2026-09-05,Jumbo Loan,5.4,6.44,31282.39,Stewart Title,Completed
INSERT,2026-08-11T00:00:00,2026-08-11,TXN0250326,PT0003691,LST0003691,AG02885,AG02773,Toni Strickland,539928.08,2026-08-11,2026-10-04,Conventional Mortgage,17.4,5.88,31747.77,Chicago Title,Completed
INSERT,2026-08-11T00:00:00,2026-08-11,TXN0250327,PT0205819,LST0205819,AG00831,AG02917,Matthew Smith,756044.99,2026-08-11,2026-10-01,Conventional Mortgage,13.9,5.98,45211.49,WFG National Title,Completed
INSERT,2026-08-11T00:00:00,2026-08-11,TXN0250328,PT0427191,LST0427191,AG01813,AG01680,Ryan Miller,173692.55,2026-08-11,2026-08-30,Conventional Mortgage,15.6,6.19,10751.57,WFG National Title,Completed
INSERT,2026-08-11T00:00:00,2026-08-11,TXN0250329,PT0066483,LST0066483,AG00267,AG01362,Lisa Anderson,327141.57,2026-08-11,2026-09-26,FHA Loan,23.7,6.26,20479.06,Chicago Title,Completed
INSERT,2026-08-11T00:00:00,2026-08-11,TXN0250330,PT0178381,LST0178381,AG00854,AG00877,Jacqueline Moore,392628.53,2026-08-11,2026-09-11,Conventional Mortgage,19.4,5.2,20416.68,WFG National Title,Completed
INSERT,2026-08-11T00:00:00,2026-08-11,TXN0250331,PT0373073,LST0373073,AG01376,AG00770,Victoria Griffith,175050.25,2026-08-11,2026-09-11,VA Loan,11.7,5.77,10100.4,Chicago Title,Completed
INSERT,2026-08-11T00:00:00,2026-08-11,TXN0250332,PT0487549,LST0487549,AG00841,AG00873,Nicole Johnston,534268.53,2026-08-11,2026-09-29,Conventional Mortgage,5.9,5.91,31575.27,Chicago Title,Completed
INSERT,2026-08-11T00:00:00,2026-08-11,TXN0250333,PT0066792,LST0066792,AG02569,AG00908,Michelle Hays,334637.19,2026-08-11,2026-09-11,Conventional Mortgage,20.2,4.74,15861.8,Fidelity National Title,Completed
INSERT,2026-08-11T00:00:00,2026-08-11,TXN0250334,PT0508839,LST0508839,AG01504,AG00791,Rebecca Jenkins,586220.66,2026-08-11,2026-09-07,Conventional Mortgage,22.4,5.93,34762.89,Fidelity National Title,Completed
INSERT,2026-08-11T00:00:00,2026-08-11,TXN0250335,PT0325852,LST0325852,AG01455,AG02758,Jennifer Jackson,126599.11,2026-08-11,2026-09-03,Cash,100.0,5.23,6621.13,First American Title,Completed
INSERT,2026-08-11T00:00:00,2026-08-11,TXN0250336,PT0261481,LST0261481,AG00241,AG01605,Brittany Osborn,701808.13,2026-08-11,2026-09-24,Conventional Mortgage,10.6,4.88,34248.24,Fidelity National Title,Completed
INSERT,2026-08-11T00:00:00,2026-08-11,TXN0250337,PT0346831,LST0346831,AG00264,AG02909,Jesse Hill,250525.08,2026-08-11,2026-09-10,Conventional Mortgage,7.6,6.47,16208.97,Fidelity National Title,Completed
INSERT,2026-08-11T00:00:00,2026-08-11,TXN0250338,PT0151608,LST0151608,AG00494,AG00234,Christina Woods,550740.62,2026-08-11,2026-09-27,Cash,100.0,5.02,27647.18,First American Title,Completed
INSERT,2026-08-11T00:00:00,2026-08-11,TXN0250339,PT0456192,LST0456192,AG01477,AG02019,Michael Brown,367025.68,2026-08-11,2026-10-06,Cash,100.0,6.39,23452.94,First American Title,Completed
INSERT,2026-08-11T00:00:00,2026-08-11,TXN0250340,PT0154595,LST0154595,AG00106,AG01837,Amy Thompson,1323154.94,2026-08-11,2026-09-10,FHA Loan,3.1,6.39,84549.6,WFG National Title,Completed
INSERT,2026-08-11T00:00:00,2026-08-11,TXN0250341,PT0008072,LST0008072,AG00830,AG02667,Kristin Williams,361531.44,2026-08-11,2026-10-04,Conventional Mortgage,13.7,6.22,22487.26,Old Republic Title,Completed
INSERT,2026-08-11T00:00:00,2026-08-11,TXN0250342,PT0065402,LST0065402,AG01078,AG01663,Heather Logan,463575.78,2026-08-11,2026-09-25,FHA Loan,13.6,5.18,24013.23,Stewart Title,Completed
INSERT,2026-08-11T00:00:00,2026-08-11,TXN0250343,PT0138496,LST0138496,AG02440,AG02660,Lisa Estrada,291017.53,2026-08-11,2026-09-22,Conventional Mortgage,16.1,4.75,13823.33,Chicago Title,Completed
INSERT,2026-08-11T00:00:00,2026-08-11,TXN0250344,PT0546363,LST0546363,AG01817,AG01866,Joshua Pineda,397865.12,2026-08-11,2026-09-20,Jumbo Loan,23.9,5.75,22877.24,WFG National Title,Completed
INSERT,2026-08-11T00:00:00,2026-08-11,TXN0250345,PT0311207,LST0311207,AG00913,AG02637,Marcus Kelly,164384.73,2026-08-11,2026-09-29,Conventional Mortgage,20.6,5.65,9287.74,Chicago Title,Completed
INSERT,2026-08-11T00:00:00,2026-08-11,TXN0250346,PT0346463,LST0346463,AG02597,AG00102,Jacqueline Vang,597321.77,2026-08-11,2026-09-23,Cash,100.0,6.01,35899.04,Old Republic Title,Completed
INSERT,2026-08-11T00:00:00,2026-08-11,TXN0250347,PT0095800,LST0095800,AG02730,AG02302,John Ramsey,44058.86,2026-08-11,2026-09-09,FHA Loan,23.5,5.78,2546.6,Chicago Title,Completed
INSERT,2026-08-11T00:00:00,2026-08-11,TXN0250348,PT0545286,LST0545286,AG01082,AG00614,Christopher Rodriguez,186178.31,2026-08-11,2026-08-26,Cash,100.0,5.88,10947.28,Stewart Title,Completed
INSERT,2026-08-11T00:00:00,2026-08-11,TXN0250349,PT0405452,LST0405452,AG00901,AG02781,Shannon Ibarra,293333.92,2026-08-11,2026-10-06,Conventional Mortgage,10.6,6.24,18304.04,Chicago Title,Completed
INSERT,2026-08-11T00:00:00,2026-08-11,TXN0250350,PT0364593,LST0364593,AG01691,AG00095,Arthur Chang,351767.71,2026-08-11,2026-10-06,Jumbo Loan,10.3,5.6,19698.99,WFG National Title,Completed
INSERT,2026-08-11T00:00:00,2026-08-11,TXN0250351,PT0011550,LST0011550,AG01997,AG01085,Kayla Hanson,346545.22,2026-08-11,2026-09-04,Conventional Mortgage,17.5,5.68,19683.77,Old Republic Title,Completed
INSERT,2026-08-11T00:00:00,2026-08-11,TXN0250352,PT0432456,LST0432456,AG02408,AG01865,Allen Massey,993632.22,2026-08-11,2026-08-26,VA Loan,20.6,5.17,51370.79,Fidelity National Title,Completed
INSERT,2026-08-11T00:00:00,2026-08-11,TXN0250353,PT0209777,LST0209777,AG00957,AG00538,Sydney Brown,380522.49,2026-08-11,2026-09-26,FHA Loan,3.1,4.82,18341.18,Stewart Title,Completed
INSERT,2026-08-11T00:00:00,2026-08-11,TXN0250354,PT0541714,LST0541714,AG00795,AG00417,Nicholas Bennett,775614.16,2026-08-11,2026-09-30,Conventional Mortgage,16.3,6.06,47002.22,WFG National Title,Completed
INSERT,2026-08-11T00:00:00,2026-08-11,TXN0250355,PT0362538,LST0362538,AG00042,AG01509,Mark Webster,684539.75,2026-08-11,2026-09-22,Cash,100.0,5.48,37512.78,Old Republic Title,Completed
INSERT,2026-08-11T00:00:00,2026-08-11,TXN0250356,PT0496408,LST0496408,AG01920,AG02607,Joseph Baird,794616.5,2026-08-11,2026-09-26,Conventional Mortgage,17.1,5.48,43544.98,WFG National Title,Completed
INSERT,2026-08-11T00:00:00,2026-08-11,TXN0250357,PT0278312,LST0278312,AG02259,AG01013,Vincent Green,208094.2,2026-08-11,2026-09-19,Conventional Mortgage,13.3,4.77,9926.09,Stewart Title,Completed
INSERT,2026-08-11T00:00:00,2026-08-11,TXN0250358,PT0336308,LST0336308,AG01760,AG02185,Brian Wilson,395922.4,2026-08-11,2026-10-04,FHA Loan,18.8,6.13,24270.04,WFG National Title,Completed
INSERT,2026-08-11T00:00:00,2026-08-11,TXN0250359,PT0461147,LST0461147,AG01060,AG00180,Jonathan Roach,776308.61,2026-08-11,2026-09-21,FHA Loan,13.4,5.76,44715.38,WFG National Title,Completed
INSERT,2026-08-11T00:00:00,2026-08-11,TXN0250360,PT0236149,LST0236149,AG01094,AG00014,Carla Rocha,182699.36,2026-08-11,2026-09-05,FHA Loan,13.1,4.71,8605.14,First American Title,Completed
INSERT,2026-08-11T00:00:00,2026-08-11,TXN0250361,PT0394461,LST0394461,AG02600,AG01711,Tracy King,481819.9,2026-08-11,2026-09-21,Conventional Mortgage,20.9,6.06,29198.29,Stewart Title,Completed
INSERT,2026-08-11T00:00:00,2026-08-11,TXN0250362,PT0111184,LST0111184,AG01587,AG00785,Shirley Rose,235404.93,2026-08-11,2026-08-27,Conventional Mortgage,7.3,4.87,11464.22,Fidelity National Title,Completed
INSERT,2026-08-11T00:00:00,2026-08-11,TXN0250363,PT0176618,LST0176618,AG01013,AG00216,Carl Sharp,401475.28,2026-08-11,2026-09-29,Conventional Mortgage,13.4,5.7,22884.09,Old Republic Title,Completed
INSERT,2026-08-11T00:00:00,2026-08-11,TXN0250364,PT0306526,LST0306526,AG02739,AG02333,James Sawyer,1558555.45,2026-08-11,2026-09-15,FHA Loan,3.5,5.54,86343.97,WFG National Title,Completed
INSERT,2026-08-11T00:00:00,2026-08-11,TXN0250365,PT0214902,LST0214902,AG02389,AG02052,Thomas Hanson,106768.0,2026-08-11,2026-09-07,Conventional Mortgage,14.9,5.47,5840.21,First American Title,Completed
INSERT,2026-08-11T00:00:00,2026-08-11,TXN0250366,PT0003861,LST0003861,AG02712,AG02580,Mrs. Ellen Jackson,99392.56,2026-08-11,2026-09-19,Conventional Mortgage,17.0,5.92,5884.04,Chicago Title,Completed
INSERT,2026-08-11T00:00:00,2026-08-11,TXN0250367,PT0329319,LST0329319,AG00447,AG02188,James Parker,170349.09,2026-08-11,2026-09-24,Conventional Mortgage,9.0,5.96,10152.81,Old Republic Title,Completed
INSERT,2026-08-11T00:00:00,2026-08-11,TXN0250368,PT0078237,LST0078237,AG02671,AG01663,Jill Ross,330698.18,2026-08-11,2026-09-22,Conventional Mortgage,3.2,6.49,21462.31,First American Title,Completed
INSERT,2026-08-11T00:00:00,2026-08-11,TXN0250369,PT0529578,LST0529578,AG01395,AG01128,Martha Caldwell,56499.45,2026-08-11,2026-10-05,Cash,100.0,6.25,3531.22,First American Title,Completed
INSERT,2026-08-11T00:00:00,2026-08-11,TXN0250370,PT0541410,LST0541410,AG01311,AG02135,Donna Alvarado,361188.93,2026-08-11,2026-09-30,Conventional Mortgage,5.7,6.32,22827.14,Fidelity National Title,Completed
INSERT,2026-08-11T00:00:00,2026-08-11,TXN0250371,PT0532273,LST0532273,AG02788,AG02779,Joel Lang,449205.89,2026-08-11,2026-10-05,Cash,100.0,5.43,24391.88,Stewart Title,Completed
INSERT,2026-08-11T00:00:00,2026-08-11,TXN0250372,PT0020719,LST0020719,AG01446,AG00978,Nathaniel Klein,166112.52,2026-08-11,2026-09-30,Conventional Mortgage,17.3,5.4,8970.08,Chicago Title,Completed
INSERT,2026-08-11T00:00:00,2026-08-11,TXN0250373,PT0455337,LST0455337,AG00845,AG01449,Andrea Allen,208037.17,2026-08-11,2026-08-26,Jumbo Loan,21.2,5.13,10672.31,Chicago Title,Completed
INSERT,2026-08-11T00:00:00,2026-08-11,TXN0250374,PT0219990,LST0219990,AG01065,AG00075,Terri Alexander,230558.31,2026-08-11,2026-09-13,Conventional Mortgage,20.8,5.06,11666.25,First American Title,Completed
INSERT,2026-08-11T00:00:00,2026-08-11,TXN0250375,PT0432181,LST0432181,AG01903,AG00546,Jennifer Rivera,551622.93,2026-08-11,2026-09-19,Conventional Mortgage,14.7,4.95,27305.34,Stewart Title,Completed
INSERT,2026-08-11T00:00:00,2026-08-11,TXN0250376,PT0272755,LST0272755,AG02252,AG02119,David Shelton,995192.48,2026-08-11,2026-09-24,VA Loan,21.8,5.83,58019.72,WFG National Title,Completed
INSERT,2026-08-11T00:00:00,2026-08-11,TXN0250377,PT0182867,LST0182867,AG00215,AG01997,Erik Mcintyre,503405.99,2026-08-11,2026-10-02,FHA Loan,18.3,4.96,24968.94,Fidelity National Title,Completed
INSERT,2026-08-11T00:00:00,2026-08-11,TXN0250378,PT0105911,LST0105911,AG01808,AG02377,Madison Clark,150627.92,2026-08-11,2026-09-26,FHA Loan,10.7,5.46,8224.28,Chicago Title,Completed
INSERT,2026-08-11T00:00:00,2026-08-11,TXN0250379,PT0209770,LST0209770,AG00309,AG00939,Danielle Gibson,239612.56,2026-08-11,2026-09-16,Conventional Mortgage,16.5,5.67,13586.03,WFG National Title,Completed
INSERT,2026-08-11T00:00:00,2026-08-11,TXN0250380,PT0093882,LST0093882,AG01565,AG01034,Brianna Downs,226336.0,2026-08-11,2026-09-16,VA Loan,22.3,5.53,12516.38,Fidelity National Title,Completed
INSERT,2026-08-11T00:00:00,2026-08-11,TXN0250381,PT0477157,LST0477157,AG01705,AG01746,Caleb Herring,85986.78,2026-08-11,2026-10-01,Conventional Mortgage,6.1,4.8,4127.37,WFG National Title,Completed
INSERT,2026-08-11T00:00:00,2026-08-11,TXN0250382,PT0453684,LST0453684,AG00503,AG02733,Alexis King,398377.45,2026-08-11,2026-09-30,Conventional Mortgage,10.1,5.31,21153.84,Old Republic Title,Completed
INSERT,2026-08-11T00:00:00,2026-08-11,TXN0250383,PT0543229,LST0543229,AG02335,AG02357,Joshua Dominguez,110654.77,2026-08-11,2026-09-17,VA Loan,19.2,5.46,6041.75,First American Title,Completed
INSERT,2026-08-11T00:00:00,2026-08-11,TXN0250384,PT0514274,LST0514274,AG00009,AG00808,Meredith Garcia,2121941.38,2026-08-11,2026-09-09,FHA Loan,23.7,5.69,120738.46,Fidelity National Title,Completed
INSERT,2026-08-11T00:00:00,2026-08-11,TXN0250385,PT0530014,LST0530014,AG01826,AG00549,Ashley White,624196.41,2026-08-11,2026-09-13,Conventional Mortgage,11.9,4.71,29399.65,WFG National Title,Completed
INSERT,2026-08-11T00:00:00,2026-08-11,TXN0250386,PT0219350,LST0219350,AG00075,AG00222,Kristin Watson,1178007.11,2026-08-11,2026-10-06,Conventional Mortgage,6.8,5.97,70327.02,Stewart Title,Completed
INSERT,2026-08-11T00:00:00,2026-08-11,TXN0250387,PT0194235,LST0194235,AG01952,AG00420,Catherine Davis,464132.47,2026-08-11,2026-09-30,FHA Loan,20.1,5.57,25852.18,Chicago Title,Completed
INSERT,2026-08-11T00:00:00,2026-08-11,TXN0250388,PT0394794,LST0394794,AG00897,AG00030,Glen Graves,543624.05,2026-08-11,2026-10-09,Conventional Mortgage,8.9,6.39,34737.58,Chicago Title,Completed
INSERT,2026-08-11T00:00:00,2026-08-11,TXN0250389,PT0452723,LST0452723,AG00427,AG00127,Christian Barber,579556.3,2026-08-11,2026-09-01,Jumbo Loan,14.6,4.75,27528.92,Chicago Title,Completed
INSERT,2026-08-11T00:00:00,2026-08-11,TXN0250390,PT0305136,LST0305136,AG00840,AG01584,Valerie Rodriguez,1368110.02,2026-08-11,2026-09-13,Conventional Mortgage,8.8,5.23,71552.15,First American Title,Completed
INSERT,2026-08-11T00:00:00,2026-08-11,TXN0250391,PT0019564,LST0019564,AG02836,AG00776,Susan Marshall,530900.52,2026-08-11,2026-09-26,FHA Loan,13.6,5.84,31004.59,Old Republic Title,Completed
INSERT,2026-08-11T00:00:00,2026-08-11,TXN0250392,PT0209831,LST0209831,AG01311,AG02931,Thomas Baker,388467.87,2026-08-11,2026-10-08,Cash,100.0,4.83,18763.0,Chicago Title,Completed
INSERT,2026-08-11T00:00:00,2026-08-11,TXN0250393,PT0098876,LST0098876,AG02516,AG00272,Travis Cruz,177828.32,2026-08-11,2026-09-07,FHA Loan,5.3,5.86,10420.74,Fidelity National Title,Completed
INSERT,2026-08-11T00:00:00,2026-08-11,TXN0250394,PT0200942,LST0200942,AG01290,AG02645,Amanda Cunningham,756165.2,2026-08-11,2026-10-07,Conventional Mortgage,25.0,4.86,36749.63,Fidelity National Title,Completed
INSERT,2026-08-11T00:00:00,2026-08-11,TXN0250395,PT0427100,LST0427100,AG00464,AG02447,William Rivera,764717.92,2026-08-11,2026-09-26,Conventional Mortgage,5.8,4.82,36859.4,First American Title,Completed
INSERT,2026-08-11T00:00:00,2026-08-11,TXN0250396,PT0336097,LST0336097,AG00958,AG00588,Anthony Walker,226100.29,2026-08-11,2026-09-16,FHA Loan,24.9,5.15,11644.16,Stewart Title,Completed
INSERT,2026-08-11T00:00:00,2026-08-11,TXN0250397,PT0286382,LST0286382,AG00050,AG00093,Elizabeth Brown,393740.05,2026-08-11,2026-09-18,Cash,100.0,6.47,25474.98,Old Republic Title,Completed
INSERT,2026-08-11T00:00:00,2026-08-11,TXN0250398,PT0181072,LST0181072,AG01318,AG00698,Angela Hammond,27206.07,2026-08-11,2026-09-26,Conventional Mortgage,18.3,5.32,1447.36,Stewart Title,Completed
INSERT,2026-08-11T00:00:00,2026-08-11,TXN0250399,PT0479274,LST0479274,AG00106,AG00587,Cameron Gomez,320408.61,2026-08-11,2026-08-31,Jumbo Loan,18.0,4.72,15123.29,First American Title,Completed
INSERT,2026-08-11T00:00:00,2026-08-11,TXN0250400,PT0283668,LST0283668,AG02948,AG00755,Mitchell Gomez,549295.86,2026-08-11,2026-08-28,FHA Loan,24.1,4.9,26915.5,Chicago Title,Completed
INSERT,2026-08-11T00:00:00,2026-08-11,TXN0250401,PT0376480,LST0376480,AG01765,AG01671,Charles Wilson,481215.06,2026-08-11,2026-09-19,Jumbo Loan,3.7,6.43,30942.13,Stewart Title,Completed
INSERT,2026-08-11T00:00:00,2026-08-11,TXN0250402,PT0109505,LST0109505,AG01487,AG00596,Morgan Chavez,207587.44,2026-08-11,2026-09-03,Jumbo Loan,12.5,5.08,10545.44,First American Title,Completed
INSERT,2026-08-11T00:00:00,2026-08-11,TXN0250403,PT0169304,LST0169304,AG01723,AG02681,Michael Beck,394068.09,2026-08-11,2026-08-29,FHA Loan,5.7,6.33,24944.51,Stewart Title,Completed
INSERT,2026-08-11T00:00:00,2026-08-11,TXN0250404,PT0127795,LST0127795,AG01373,AG00044,Tammy Williamson,1355332.08,2026-08-11,2026-09-09,FHA Loan,14.4,5.89,79829.06,WFG National Title,Completed
INSERT,2026-08-11T00:00:00,2026-08-11,TXN0250405,PT0220525,LST0220525,AG00716,AG01334,Samuel Miller,311534.52,2026-08-11,2026-09-25,Cash,100.0,5.8,18069.0,Fidelity National Title,Completed
INSERT,2026-08-11T00:00:00,2026-08-11,TXN0250406,PT0369622,LST0369622,AG00121,AG01076,Sara Buckley,389640.07,2026-08-11,2026-09-27,VA Loan,4.0,6.18,24079.76,Fidelity National Title,Completed
INSERT,2026-08-11T00:00:00,2026-08-11,TXN0250407,PT0010746,LST0010746,AG02081,AG02817,Mr. Arthur Pearson DDS,1212004.08,2026-08-11,2026-09-06,Cash,100.0,5.98,72477.84,Chicago Title,Completed
INSERT,2026-08-11T00:00:00,2026-08-11,TXN0250408,PT0527595,LST0527595,AG01133,AG02972,Trevor Spence,1106670.52,2026-08-11,2026-10-08,Cash,100.0,6.08,67285.57,Stewart Title,Completed
INSERT,2026-08-11T00:00:00,2026-08-11,TXN0250409,PT0483485,LST0483485,AG00928,AG01306,Jason Willis,587934.36,2026-08-11,2026-09-14,Conventional Mortgage,25.0,5.36,31513.28,Chicago Title,Completed
INSERT,2026-08-11T00:00:00,2026-08-11,TXN0250410,PT0307922,LST0307922,AG02656,AG02194,Kelly Hays,518488.94,2026-08-11,2026-09-17,Cash,100.0,5.74,29761.27,WFG National Title,Completed
INSERT,2026-08-11T00:00:00,2026-08-11,TXN0250411,PT0290406,LST0290406,AG01137,AG02151,Kelli Sherman,1473641.96,2026-08-11,2026-08-29,FHA Loan,12.4,6.33,93281.54,First American Title,Completed
INSERT,2026-08-11T00:00:00,2026-08-11,TXN0250412,PT0466491,LST0466491,AG02333,AG00115,Matthew Moore,76718.62,2026-08-11,2026-09-05,Cash,100.0,6.09,4672.16,Stewart Title,Completed
INSERT,2026-08-11T00:00:00,2026-08-11,TXN0250413,PT0525028,LST0525028,AG01199,AG00859,Crystal Luna,103113.13,2026-08-11,2026-09-15,Conventional Mortgage,17.6,5.54,5712.47,First American Title,Completed
INSERT,2026-08-11T00:00:00,2026-08-11,TXN0250414,PT0167897,LST0167897,AG01432,AG01728,Michael Casey,193999.19,2026-08-11,2026-09-10,Cash,100.0,5.22,10126.76,Chicago Title,Completed
INSERT,2026-08-11T00:00:00,2026-08-11,TXN0250415,PT0334108,LST0334108,AG02921,AG00894,James Rios,631905.96,2026-08-11,2026-10-07,Conventional Mortgage,12.9,4.64,29320.44,Stewart Title,Completed
INSERT,2026-08-11T00:00:00,2026-08-11,TXN0250416,PT0338060,LST0338060,AG00476,AG01816,Tracy White,410682.4,2026-08-11,2026-09-06,VA Loan,5.7,4.97,20410.92,WFG National Title,Completed
INSERT,2026-08-11T00:00:00,2026-08-11,TXN0250417,PT0546987,LST0546987,AG02723,AG02293,Christopher Edwards,824952.71,2026-08-11,2026-10-02,Cash,100.0,5.84,48177.24,Old Republic Title,Completed
INSERT,2026-08-11T00:00:00,2026-08-11,TXN0250418,PT0512475,LST0512475,AG00016,AG01766,Mark Barnes,415140.34,2026-08-11,2026-09-06,Conventional Mortgage,21.6,6.45,26776.55,First American Title,Completed
INSERT,2026-08-11T00:00:00,2026-08-11,TXN0250419,PT0481329,LST0481329,AG01419,AG01898,Andrew Holt,703044.97,2026-08-11,2026-10-09,FHA Loan,4.4,4.73,33254.03,Fidelity National Title,Completed
INSERT,2026-08-11T00:00:00,2026-08-11,TXN0250420,PT0119478,LST0119478,AG02808,AG02348,Sandra Brown,366171.52,2026-08-11,2026-09-15,VA Loan,21.9,6.33,23178.66,Stewart Title,Completed
INSERT,2026-08-11T00:00:00,2026-08-11,TXN0250421,PT0170146,LST0170146,AG00213,AG00605,Jasmine Lambert,865317.3,2026-08-11,2026-09-01,Conventional Mortgage,11.1,6.23,53909.27,WFG National Title,Completed
INSERT,2026-08-11T00:00:00,2026-08-11,TXN0250422,PT0005448,LST0005448,AG00454,AG02150,Laura Harper,734817.44,2026-08-11,2026-09-17,Cash,100.0,6.26,45999.57,Chicago Title,Completed
INSERT,2026-08-11T00:00:00,2026-08-11,TXN0250423,PT0041012,LST0041012,AG01628,AG01175,Jennifer Murillo,281225.24,2026-08-11,2026-09-09,Conventional Mortgage,14.8,6.49,18251.52,Chicago Title,Completed
INSERT,2026-08-11T00:00:00,2026-08-11,TXN0250424,PT0474869,LST0474869,AG00386,AG00111,Brett Duncan,683255.28,2026-08-11,2026-09-24,Jumbo Loan,20.1,4.62,31566.39,Fidelity National Title,Completed
INSERT,2026-08-11T00:00:00,2026-08-11,TXN0250425,PT0060777,LST0060777,AG00850,AG00743,Ashley Ward,396026.02,2026-08-11,2026-09-14,Jumbo Loan,11.5,5.99,23721.96,WFG National Title,Completed
INSERT,2026-08-11T00:00:00,2026-08-11,TXN0250426,PT0191031,LST0191031,AG01676,AG01595,Joseph Edwards,201149.74,2026-08-11,2026-09-04,FHA Loan,9.9,5.65,11364.96,Chicago Title,Completed
INSERT,2026-08-11T00:00:00,2026-08-11,TXN0250427,PT0526988,LST0526988,AG00373,AG02859,Matthew Anthony,1600927.16,2026-08-11,2026-09-09,VA Loan,5.4,5.36,85809.7,Chicago Title,Completed
INSERT,2026-08-11T00:00:00,2026-08-11,TXN0250428,PT0456013,LST0456013,AG01815,AG02121,Travis Foster,511361.87,2026-08-11,2026-09-25,FHA Loan,17.5,5.59,28585.13,Stewart Title,Completed
INSERT,2026-08-11T00:00:00,2026-08-11,TXN0250429,PT0400154,LST0400154,AG01715,AG02776,Joshua Wallace,88989.82,2026-08-11,2026-10-09,Conventional Mortgage,7.7,6.2,5517.37,First American Title,Completed
INSERT,2026-08-11T00:00:00,2026-08-11,TXN0250430,PT0477148,LST0477148,AG00974,AG01448,Brendan Williams,409317.84,2026-08-11,2026-10-08,Jumbo Loan,19.4,5.24,21448.25,Stewart Title,Completed
INSERT,2026-08-11T00:00:00,2026-08-11,TXN0250431,PT0143414,LST0143414,AG01170,AG00019,Brianna West,412835.11,2026-08-11,2026-10-02,Conventional Mortgage,21.7,6.33,26132.46,Old Republic Title,Completed
INSERT,2026-08-11T00:00:00,2026-08-11,TXN0250432,PT0284575,LST0284575,AG00160,AG01307,Courtney King,444718.02,2026-08-11,2026-09-25,Conventional Mortgage,24.5,5.0,22235.9,Fidelity National Title,Completed
INSERT,2026-08-11T00:00:00,2026-08-11,TXN0250433,PT0260258,LST0260258,AG01738,AG02984,Tommy Pruitt,451545.58,2026-08-11,2026-09-28,FHA Loan,14.4,6.17,27860.36,Old Republic Title,Completed
INSERT,2026-08-11T00:00:00,2026-08-11,TXN0250434,PT0254572,LST0254572,AG02287,AG00643,Brenda Barnes,1041071.17,2026-08-11,2026-09-16,Cash,100.0,5.46,56842.49,Chicago Title,Completed
INSERT,2026-08-11T00:00:00,2026-08-11,TXN0250435,PT0211721,LST0211721,AG00364,AG02551,Richard Whitehead,640935.17,2026-08-11,2026-09-07,Conventional Mortgage,20.0,4.51,28906.18,WFG National Title,Completed
INSERT,2026-08-11T00:00:00,2026-08-11,TXN0250436,PT0089650,LST0089650,AG00407,AG01951,Gabriella Franklin,117450.05,2026-08-11,2026-10-02,Conventional Mortgage,23.6,5.83,6847.34,Old Republic Title,Completed
INSERT,2026-08-11T00:00:00,2026-08-11,TXN0250437,PT0346433,LST0346433,AG00691,AG00071,Victor Webb,177101.81,2026-08-11,2026-09-15,Cash,100.0,5.41,9581.21,Old Republic Title,Completed
INSERT,2026-08-11T00:00:00,2026-08-11,TXN0250438,PT0389464,LST0389464,AG00190,AG02058,Angel Thomas,398286.84,2026-08-11,2026-10-01,Jumbo Loan,14.8,6.2,24693.78,Stewart Title,Completed
INSERT,2026-08-11T00:00:00,2026-08-11,TXN0250439,PT0442037,LST0442037,AG00650,AG00719,Matthew Rivers,224563.57,2026-08-11,2026-09-21,Jumbo Loan,14.2,5.02,11273.09,WFG National Title,Completed
INSERT,2026-08-11T00:00:00,2026-08-11,TXN0250440,PT0522342,LST0522342,AG00244,AG00324,Seth Ferguson,584319.25,2026-08-11,2026-09-06,Conventional Mortgage,16.9,5.15,30092.44,Chicago Title,Completed
INSERT,2026-08-11T00:00:00,2026-08-11,TXN0250441,PT0068373,LST0068373,AG01985,AG02834,Matthew Rodriguez,1041689.5,2026-08-11,2026-09-17,FHA Loan,11.4,5.01,52188.64,First American Title,Completed
INSERT,2026-08-11T00:00:00,2026-08-11,TXN0250442,PT0323728,LST0323728,AG01988,AG00570,Mark Sanchez,235752.67,2026-08-11,2026-09-17,FHA Loan,20.4,5.69,13414.33,Old Republic Title,Completed
INSERT,2026-08-11T00:00:00,2026-08-11,TXN0250443,PT0221663,LST0221663,AG01402,AG00991,Tracy Escobar,1181895.28,2026-08-11,2026-10-01,FHA Loan,21.4,5.09,60158.47,Old Republic Title,Completed
INSERT,2026-08-11T00:00:00,2026-08-11,TXN0250444,PT0167180,LST0167180,AG01748,AG02863,Logan Roberts,183913.88,2026-08-11,2026-09-22,FHA Loan,3.2,6.24,11476.23,Fidelity National Title,Completed
INSERT,2026-08-11T00:00:00,2026-08-11,TXN0250445,PT0367590,LST0367590,AG00863,AG00232,Sean Lewis,161057.88,2026-08-11,2026-09-08,Jumbo Loan,13.4,6.33,10194.96,Fidelity National Title,Completed
INSERT,2026-08-11T00:00:00,2026-08-11,TXN0250446,PT0533007,LST0533007,AG00846,AG00175,Thomas Parker,463841.32,2026-08-11,2026-09-05,Conventional Mortgage,17.0,4.66,21615.01,WFG National Title,Completed
INSERT,2026-08-11T00:00:00,2026-08-11,TXN0250447,PT0396502,LST0396502,AG00499,AG00789,Eric Farmer,332266.6,2026-08-11,2026-09-19,Cash,100.0,5.95,19769.86,Fidelity National Title,Completed
INSERT,2026-08-11T00:00:00,2026-08-11,TXN0250448,PT0290502,LST0290502,AG00174,AG02381,Margaret Schmidt,139649.42,2026-08-11,2026-08-31,Cash,100.0,6.28,8769.98,Chicago Title,Completed
INSERT,2026-08-11T00:00:00,2026-08-11,TXN0250449,PT0144441,LST0144441,AG00188,AG01374,Matthew Becker,162615.03,2026-08-11,2026-10-08,VA Loan,19.3,4.87,7919.35,Stewart Title,Completed
INSERT,2026-08-11T00:00:00,2026-08-11,TXN0250450,PT0352256,LST0352256,AG02499,AG00324,Karen Peterson,451414.55,2026-08-11,2026-09-13,Conventional Mortgage,24.1,5.09,22977.0,Fidelity National Title,Completed
INSERT,2026-08-11T00:00:00,2026-08-11,TXN0250451,PT0276739,LST0276739,AG02477,AG01543,Amanda Smith,785145.29,2026-08-11,2026-09-09,Conventional Mortgage,17.6,5.34,41926.76,WFG National Title,Completed
INSERT,2026-08-11T00:00:00,2026-08-11,TXN0250452,PT0327946,LST0327946,AG00704,AG02038,Brittany Porter,463773.01,2026-08-11,2026-10-09,Conventional Mortgage,9.7,4.94,22910.39,Old Republic Title,Completed
INSERT,2026-08-11T00:00:00,2026-08-11,TXN0250453,PT0547762,LST0547762,AG01265,AG02792,Shelby Thomas,188143.67,2026-08-11,2026-08-28,Conventional Mortgage,9.2,5.27,9915.17,WFG National Title,Completed
INSERT,2026-08-11T00:00:00,2026-08-11,TXN0250454,PT0502106,LST0502106,AG02769,AG01051,Brian Jackson,275592.72,2026-08-11,2026-09-15,Conventional Mortgage,7.9,6.15,16948.95,WFG National Title,Completed
INSERT,2026-08-11T00:00:00,2026-08-11,TXN0250455,PT0095129,LST0095129,AG00458,AG02032,Adam Santiago,454216.25,2026-08-11,2026-09-20,Cash,100.0,6.34,28797.31,Chicago Title,Completed
INSERT,2026-08-11T00:00:00,2026-08-11,TXN0250456,PT0509410,LST0509410,AG01287,AG02825,Heather Benitez,1962485.87,2026-08-11,2026-09-19,FHA Loan,21.8,4.76,93414.33,WFG National Title,Completed
INSERT,2026-08-11T00:00:00,2026-08-11,TXN0250457,PT0099307,LST0099307,AG00236,AG02367,Jon Williamson,248430.53,2026-08-11,2026-09-12,Conventional Mortgage,18.6,5.69,14135.7,Fidelity National Title,Completed
INSERT,2026-08-11T00:00:00,2026-08-11,TXN0250458,PT0400969,LST0400969,AG00683,AG02250,Michael Navarro,186702.49,2026-08-11,2026-09-02,Jumbo Loan,18.9,5.22,9745.87,WFG National Title,Completed
INSERT,2026-08-11T00:00:00,2026-08-11,TXN0250459,PT0513488,LST0513488,AG02821,AG00779,Wesley Le,634188.13,2026-08-11,2026-09-17,Conventional Mortgage,12.8,4.88,30948.38,First American Title,Completed
INSERT,2026-08-11T00:00:00,2026-08-11,TXN0250460,PT0166680,LST0166680,AG02634,AG00909,Suzanne Moore,361372.46,2026-08-11,2026-09-03,Conventional Mortgage,11.2,4.96,17924.07,Old Republic Title,Completed
INSERT,2026-08-11T00:00:00,2026-08-11,TXN0250461,PT0501671,LST0501671,AG01513,AG00452,Kim Anderson,1010913.63,2026-08-11,2026-09-27,Cash,100.0,5.66,57217.71,Fidelity National Title,Completed
INSERT,2026-08-11T00:00:00,2026-08-11,TXN0250462,PT0097672,LST0097672,AG01465,AG02869,Douglas White,116698.99,2026-08-11,2026-09-27,Conventional Mortgage,12.1,4.57,5333.14,Old Republic Title,Completed
INSERT,2026-08-11T00:00:00,2026-08-11,TXN0250463,PT0501155,LST0501155,AG01559,AG01981,Angelica Holmes,358343.91,2026-08-11,2026-08-27,Conventional Mortgage,13.8,5.29,18956.39,Old Republic Title,Completed
INSERT,2026-08-11T00:00:00,2026-08-11,TXN0250464,PT0079842,LST0079842,AG02680,AG02219,Gregory Simpson,349815.16,2026-08-11,2026-09-16,FHA Loan,10.3,5.6,19589.65,Chicago Title,Completed
INSERT,2026-08-11T00:00:00,2026-08-11,TXN0250465,PT0415943,LST0415943,AG00855,AG02148,Brent Baker,366864.21,2026-08-11,2026-09-10,Jumbo Loan,6.7,5.66,20764.51,Stewart Title,Completed
INSERT,2026-08-11T00:00:00,2026-08-11,TXN0250466,PT0533773,LST0533773,AG01488,AG02107,Kevin Wright,264185.43,2026-08-11,2026-10-01,Conventional Mortgage,11.8,5.58,14741.55,Chicago Title,Completed
INSERT,2026-08-11T00:00:00,2026-08-11,TXN0250467,PT0496636,LST0496636,AG00123,AG01965,Tiffany Coleman,356051.07,2026-08-11,2026-09-30,VA Loan,23.1,5.38,19155.55,Fidelity National Title,Completed
INSERT,2026-08-11T00:00:00,2026-08-11,TXN0250468,PT0233725,LST0233725,AG00819,AG00364,Lucas Smith,804235.76,2026-08-11,2026-08-27,Conventional Mortgage,12.4,5.39,43348.31,Old Republic Title,Completed
INSERT,2026-08-11T00:00:00,2026-08-11,TXN0250469,PT0281586,LST0281586,AG00601,AG02546,Daniel Wong,125675.22,2026-08-11,2026-09-29,Cash,100.0,5.07,6371.73,Old Republic Title,Completed
INSERT,2026-08-11T00:00:00,2026-08-11,TXN0250470,PT0155307,LST0155307,AG01907,AG01221,Brittney Johnson,1336474.2,2026-08-11,2026-09-20,Cash,100.0,4.59,61344.17,WFG National Title,Completed
INSERT,2026-08-11T00:00:00,2026-08-11,TXN0250471,PT0397701,LST0397701,AG01793,AG02412,Nicole Smith,391490.81,2026-08-11,2026-10-09,Conventional Mortgage,13.1,4.51,17656.24,Chicago Title,Completed
INSERT,2026-08-11T00:00:00,2026-08-11,TXN0250472,PT0534252,LST0534252,AG00311,AG02196,Katherine Lynch,712208.74,2026-08-11,2026-08-27,VA Loan,21.1,5.14,36607.53,Fidelity National Title,Completed
INSERT,2026-08-11T00:00:00,2026-08-11,TXN0250473,PT0488601,LST0488601,AG02895,AG00421,Daniel Mcdonald DDS,110090.9,2026-08-11,2026-09-11,Conventional Mortgage,21.0,6.32,6957.74,First American Title,Completed
INSERT,2026-08-11T00:00:00,2026-08-11,TXN0250474,PT0311322,LST0311322,AG01603,AG00893,Maurice Cox,168978.72,2026-08-11,2026-10-03,Conventional Mortgage,24.6,4.52,7637.84,WFG National Title,Completed
INSERT,2026-08-11T00:00:00,2026-08-11,TXN0250475,PT0547277,LST0547277,AG00961,AG01419,Sarah Jackson,1300875.61,2026-08-11,2026-09-07,FHA Loan,12.1,5.61,72979.12,WFG National Title,Completed
INSERT,2026-08-11T00:00:00,2026-08-11,TXN0250476,PT0303138,LST0303138,AG01921,AG00269,Sara Sweeney,254742.63,2026-08-11,2026-09-13,Conventional Mortgage,11.8,5.37,13679.68,Chicago Title,Completed
INSERT,2026-08-11T00:00:00,2026-08-11,TXN0250477,PT0304216,LST0304216,AG00943,AG02428,Misty Wright,98819.03,2026-08-11,2026-10-02,Cash,100.0,6.17,6097.13,Fidelity National Title,Completed
INSERT,2026-08-11T00:00:00,2026-08-11,TXN0250478,PT0520314,LST0520314,AG00188,AG00531,Dr. Matthew Wright,939887.61,2026-08-11,2026-09-06,Conventional Mortgage,9.9,5.44,51129.89,Old Republic Title,Completed
INSERT,2026-08-11T00:00:00,2026-08-11,TXN0250479,PT0066132,LST0066132,AG01840,AG01744,Lori Salinas,120648.81,2026-08-11,2026-09-30,FHA Loan,22.2,6.22,7504.36,Chicago Title,Completed
INSERT,2026-08-11T00:00:00,2026-08-11,TXN0250480,PT0212853,LST0212853,AG01779,AG00120,Cesar Williams,539239.98,2026-08-11,2026-09-02,Conventional Mortgage,3.7,6.39,34457.43,Fidelity National Title,Completed
INSERT,2026-08-11T00:00:00,2026-08-11,TXN0250481,PT0056006,LST0056006,AG01460,AG01963,Ryan Clayton,1097971.94,2026-08-11,2026-09-18,Conventional Mortgage,24.0,5.24,57533.73,Stewart Title,Completed
INSERT,2026-08-11T00:00:00,2026-08-11,TXN0250482,PT0337448,LST0337448,AG00720,AG02337,Cassandra Hall,273543.41,2026-08-11,2026-09-27,Conventional Mortgage,14.1,6.19,16932.34,First American Title,Completed
INSERT,2026-08-11T00:00:00,2026-08-11,TXN0250483,PT0542574,LST0542574,AG02350,AG01300,Joe Gonzales,1490962.61,2026-08-11,2026-09-09,FHA Loan,6.6,4.65,69329.76,WFG National Title,Completed
INSERT,2026-08-11T00:00:00,2026-08-11,TXN0250484,PT0457873,LST0457873,AG01931,AG01967,Julia Jones,401189.6,2026-08-11,2026-08-31,Conventional Mortgage,21.1,5.38,21584.0,Old Republic Title,Completed
INSERT,2026-08-11T00:00:00,2026-08-11,TXN0250485,PT0026356,LST0026356,AG00551,AG02957,Gary Adams,680833.52,2026-08-11,2026-09-01,Cash,100.0,6.43,43777.6,Fidelity National Title,Completed
INSERT,2026-08-11T00:00:00,2026-08-11,TXN0250486,PT0122002,LST0122002,AG01542,AG01756,Christine Clark MD,581326.06,2026-08-11,2026-09-04,FHA Loan,24.8,5.37,31217.21,First American Title,Completed
INSERT,2026-08-11T00:00:00,2026-08-11,TXN0250487,PT0011404,LST0011404,AG02103,AG00462,Derrick Neal,94627.0,2026-08-11,2026-09-27,Conventional Mortgage,21.3,4.52,4277.14,Stewart Title,Completed
INSERT,2026-08-11T00:00:00,2026-08-11,TXN0250488,PT0193369,LST0193369,AG00369,AG01062,Rachel Sullivan,3823868.21,2026-08-11,2026-09-27,FHA Loan,5.6,5.7,217960.49,Fidelity National Title,Completed
INSERT,2026-08-11T00:00:00,2026-08-11,TXN0250489,PT0243618,LST0243618,AG00248,AG01511,Anne Miller,508720.54,2026-08-11,2026-09-23,Conventional Mortgage,3.2,6.08,30930.21,First American Title,Completed
INSERT,2026-08-11T00:00:00,2026-08-11,TXN0250490,PT0073976,LST0073976,AG01166,AG00489,Amy Lowery,1295413.76,2026-08-11,2026-09-17,Conventional Mortgage,17.3,4.63,59977.66,First American Title,Completed
INSERT,2026-08-11T00:00:00,2026-08-11,TXN0250491,PT0220351,LST0220351,AG02985,AG02670,Scott Brennan,352516.41,2026-08-11,2026-09-09,Conventional Mortgage,9.4,6.49,22878.32,Stewart Title,Completed
INSERT,2026-08-11T00:00:00,2026-08-11,TXN0250492,PT0188581,LST0188581,AG00382,AG00708,Aaron Bishop,424764.55,2026-08-11,2026-09-09,Jumbo Loan,18.5,6.35,26972.55,Stewart Title,Completed
INSERT,2026-08-11T00:00:00,2026-08-11,TXN0250493,PT0062176,LST0062176,AG00767,AG00729,Melissa Patrick,144871.29,2026-08-11,2026-08-30,Conventional Mortgage,6.7,6.4,9271.76,Chicago Title,Completed
INSERT,2026-08-11T00:00:00,2026-08-11,TXN0250494,PT0541194,LST0541194,AG00074,AG01039,Angel Hanna,423432.54,2026-08-11,2026-10-07,VA Loan,19.2,4.62,19562.58,Stewart Title,Completed
INSERT,2026-08-11T00:00:00,2026-08-11,TXN0250495,PT0056902,LST0056902,AG02159,AG01984,Derek Walker Jr.,168516.14,2026-08-11,2026-09-11,Conventional Mortgage,21.2,6.22,10481.7,WFG National Title,Completed
INSERT,2026-08-11T00:00:00,2026-08-11,TXN0250496,PT0480287,LST0480287,AG02340,AG02305,Mark Hill,517991.96,2026-08-11,2026-09-20,Cash,100.0,6.03,31234.92,Stewart Title,Completed
INSERT,2026-08-11T00:00:00,2026-08-11,TXN0250497,PT0401903,LST0401903,AG00466,AG01825,Michael Morris,684755.26,2026-08-11,2026-10-03,Conventional Mortgage,20.8,4.9,33553.01,WFG National Title,Completed
INSERT,2026-08-11T00:00:00,2026-08-11,TXN0250498,PT0227209,LST0227209,AG02919,AG00176,Kimberly Hall,391687.21,2026-08-11,2026-09-24,FHA Loan,11.6,4.97,19466.85,Fidelity National Title,Completed
INSERT,2026-08-11T00:00:00,2026-08-11,TXN0250499,PT0502952,LST0502952,AG00549,AG02001,Wesley Harrison,431353.88,2026-08-11,2026-09-19,VA Loan,12.7,4.95,21352.02,WFG National Title,Completed
INSERT,2026-08-11T00:00:00,2026-08-11,TXN0250500,PT0355588,LST0355588,AG01448,AG00108,Linda Smith,424225.75,2026-08-11,2026-10-02,Conventional Mortgage,24.6,5.31,22526.39,Fidelity National Title,Completed
INSERT,2026-08-11T00:00:00,2026-08-11,TXN0250501,PT0536109,LST0536109,AG02018,AG01356,Jamie Cunningham MD,716791.53,2026-08-11,2026-09-25,Conventional Mortgage,21.0,5.52,39566.89,Fidelity National Title,Completed
INSERT,2026-08-11T00:00:00,2026-08-11,TXN0250502,PT0229172,LST0229172,AG00964,AG01381,Sophia Schultz,420908.39,2026-08-11,2026-10-03,VA Loan,14.2,6.1,25675.41,Fidelity National Title,Completed
INSERT,2026-08-11T00:00:00,2026-08-11,TXN0250503,PT0166107,LST0166107,AG00109,AG02813,Margaret Tucker,459657.13,2026-08-11,2026-10-02,Conventional Mortgage,10.6,5.71,26246.42,First American Title,Completed
INSERT,2026-08-11T00:00:00,2026-08-11,TXN0250504,PT0213048,LST0213048,AG00907,AG00925,Jason Shelton,331767.6,2026-08-11,2026-09-12,Conventional Mortgage,3.3,5.78,19176.17,Old Republic Title,Completed
INSERT,2026-08-11T00:00:00,2026-08-11,TXN0250505,PT0513948,LST0513948,AG02750,AG01036,Amber Harrison,385416.28,2026-08-11,2026-09-04,Conventional Mortgage,18.0,6.09,23471.85,Old Republic Title,Completed
INSERT,2026-08-11T00:00:00,2026-08-11,TXN0250506,PT0029986,LST0029986,AG01151,AG00281,Caitlin Stevens,709765.74,2026-08-11,2026-09-03,Conventional Mortgage,20.0,5.86,41592.27,Stewart Title,Completed
INSERT,2026-08-11T00:00:00,2026-08-11,TXN0250507,PT0141398,LST0141398,AG02922,AG02826,Benjamin Anthony,2221872.12,2026-08-11,2026-09-12,Cash,100.0,5.12,113759.85,Chicago Title,Completed
INSERT,2026-08-11T00:00:00,2026-08-11,TXN0250508,PT0073740,LST0073740,AG00523,AG00803,Jamie Holmes,217891.24,2026-08-11,2026-09-10,Jumbo Loan,10.4,5.92,12899.16,WFG National Title,Completed
INSERT,2026-08-11T00:00:00,2026-08-11,TXN0250509,PT0348575,LST0348575,AG01563,AG01844,Maria Tran,341069.56,2026-08-11,2026-08-27,Cash,100.0,6.2,21146.31,Stewart Title,Completed
INSERT,2026-08-11T00:00:00,2026-08-11,TXN0250510,PT0091948,LST0091948,AG02240,AG02236,David Richards,700390.58,2026-08-11,2026-09-23,FHA Loan,6.2,5.59,39151.83,Old Republic Title,Completed
INSERT,2026-08-11T00:00:00,2026-08-11,TXN0250511,PT0277125,LST0277125,AG00993,AG01356,Lacey Cochran,703027.76,2026-08-11,2026-09-04,VA Loan,14.6,5.94,41759.85,Fidelity National Title,Completed
INSERT,2026-08-11T00:00:00,2026-08-11,TXN0250512,PT0124987,LST0124987,AG00050,AG01780,Lynn Wang,898803.43,2026-08-11,2026-08-31,Conventional Mortgage,22.5,5.15,46288.38,First American Title,Completed
INSERT,2026-08-11T00:00:00,2026-08-11,TXN0250513,PT0084413,LST0084413,AG01706,AG00642,Shelby Arellano,358115.27,2026-08-11,2026-09-29,Conventional Mortgage,8.3,5.27,18872.67,Chicago Title,Completed
INSERT,2026-08-11T00:00:00,2026-08-11,TXN0250514,PT0330339,LST0330339,AG00872,AG02826,Robert Allen,249051.91,2026-08-11,2026-09-14,Jumbo Loan,16.1,5.39,13423.9,Old Republic Title,Completed
INSERT,2026-08-11T00:00:00,2026-08-11,TXN0250515,PT0093567,LST0093567,AG01566,AG02545,Larry Coffey,426348.73,2026-08-11,2026-09-07,Conventional Mortgage,11.6,6.14,26177.81,Stewart Title,Completed
INSERT,2026-08-11T00:00:00,2026-08-11,TXN0250516,PT0504939,LST0504939,AG02673,AG01824,Donna Ramirez,489318.13,2026-08-11,2026-09-13,Conventional Mortgage,10.4,5.25,25689.2,First American Title,Completed
INSERT,2026-08-11T00:00:00,2026-08-11,TXN0250517,PT0249778,LST0249778,AG00102,AG01596,Isabella Shaw,146605.56,2026-08-11,2026-10-01,FHA Loan,19.4,5.02,7359.6,WFG National Title,Completed
INSERT,2026-08-11T00:00:00,2026-08-11,TXN0250518,PT0240879,LST0240879,AG01028,AG01316,Adrian Kent,255028.27,2026-08-11,2026-09-17,FHA Loan,3.6,5.04,12853.42,Old Republic Title,Completed
INSERT,2026-08-11T00:00:00,2026-08-11,TXN0250519,PT0255199,LST0255199,AG02700,AG00682,Emily Mosley,139331.74,2026-08-11,2026-10-05,Jumbo Loan,21.1,5.12,7133.79,Old Republic Title,Completed
INSERT,2026-08-11T00:00:00,2026-08-11,TXN0250520,PT0151730,LST0151730,AG01741,AG00168,Christy King,184775.33,2026-08-11,2026-09-21,Conventional Mortgage,18.1,5.27,9737.66,Chicago Title,Completed
INSERT,2026-08-11T00:00:00,2026-08-11,TXN0250521,PT0076699,LST0076699,AG02264,AG01636,Jose Wilcox,366233.37,2026-08-11,2026-10-04,Cash,100.0,4.88,17872.19,First American Title,Completed
INSERT,2026-08-11T00:00:00,2026-08-11,TXN0250522,PT0228457,LST0228457,AG01924,AG02758,Justin Moran,400524.28,2026-08-11,2026-09-09,FHA Loan,22.7,6.19,24792.45,Stewart Title,Completed
INSERT,2026-08-11T00:00:00,2026-08-11,TXN0250523,PT0263100,LST0263100,AG00146,AG00966,Greg Cortez,284365.66,2026-08-11,2026-09-30,Cash,100.0,5.31,15099.82,Old Republic Title,Completed
INSERT,2026-08-11T00:00:00,2026-08-11,TXN0250524,PT0243182,LST0243182,AG02730,AG01153,Lisa Stephenson,1058984.72,2026-08-11,2026-09-16,Conventional Mortgage,24.9,5.59,59197.25,WFG National Title,Completed
INSERT,2026-08-11T00:00:00,2026-08-11,TXN0250525,PT0194175,LST0194175,AG00618,AG01045,Jessica Stewart,244551.61,2026-08-11,2026-10-02,Conventional Mortgage,22.3,5.38,13156.88,WFG National Title,Completed
INSERT,2026-08-11T00:00:00,2026-08-11,TXN0250526,PT0175267,LST0175267,AG00553,AG02793,Samuel Bishop,640476.82,2026-08-11,2026-09-26,FHA Loan,11.4,6.0,38428.61,Old Republic Title,Completed
INSERT,2026-08-11T00:00:00,2026-08-11,TXN0250527,PT0418461,LST0418461,AG00408,AG01311,Philip Smith,223411.56,2026-08-11,2026-09-18,Jumbo Loan,9.0,5.07,11326.97,Fidelity National Title,Completed
INSERT,2026-08-11T00:00:00,2026-08-11,TXN0250528,PT0521872,LST0521872,AG00207,AG02569,Mrs. Yolanda Thompson,570710.3,2026-08-11,2026-08-26,Jumbo Loan,18.1,5.46,31160.78,First American Title,Completed
INSERT,2026-08-11T00:00:00,2026-08-11,TXN0250529,PT0253493,LST0253493,AG01736,AG01877,Catherine Hall,631043.82,2026-08-11,2026-09-01,Conventional Mortgage,18.9,5.72,36095.71,Old Republic Title,Completed
INSERT,2026-08-11T00:00:00,2026-08-11,TXN0250530,PT0518627,LST0518627,AG01775,AG01428,Steven Williams,611672.56,2026-08-11,2026-10-07,Cash,100.0,6.04,36945.02,Chicago Title,Completed
INSERT,2026-08-11T00:00:00,2026-08-11,TXN0250531,PT0275411,LST0275411,AG01977,AG00494,Mackenzie Nelson,662017.05,2026-08-11,2026-09-10,Cash,100.0,6.36,42104.28,Fidelity National Title,Completed
INSERT,2026-08-11T00:00:00,2026-08-11,TXN0250532,PT0235096,LST0235096,AG00821,AG02655,Thomas Allen,143412.18,2026-08-11,2026-10-01,Conventional Mortgage,7.4,5.05,7242.32,Fidelity National Title,Completed
INSERT,2026-08-11T00:00:00,2026-08-11,TXN0250533,PT0195536,LST0195536,AG00263,AG00644,Aaron Jones,146355.78,2026-08-11,2026-09-28,Conventional Mortgage,8.1,5.73,8386.19,WFG National Title,Completed
INSERT,2026-08-11T00:00:00,2026-08-11,TXN0250534,PT0486839,LST0486839,AG02158,AG00568,Roy Cabrera,43423.27,2026-08-11,2026-09-13,Cash,100.0,6.16,2674.87,Old Republic Title,Completed
INSERT,2026-08-11T00:00:00,2026-08-11,TXN0250535,PT0313682,LST0313682,AG01476,AG02324,Kimberly Peterson MD,608324.18,2026-08-11,2026-09-24,Cash,100.0,5.75,34978.64,Chicago Title,Completed
INSERT,2026-08-11T00:00:00,2026-08-11,TXN0250536,PT0531567,LST0531567,AG02453,AG00698,Patricia Chandler,1325984.17,2026-08-11,2026-10-09,Jumbo Loan,19.7,4.67,61923.46,Chicago Title,Completed
INSERT,2026-08-11T00:00:00,2026-08-11,TXN0250537,PT0317015,LST0317015,AG02210,AG01788,Lauren Armstrong,151789.18,2026-08-11,2026-10-04,Conventional Mortgage,16.6,5.43,8242.15,WFG National Title,Completed
INSERT,2026-08-11T00:00:00,2026-08-11,TXN0250538,PT0467061,LST0467061,AG01952,AG00999,Stephanie Hurst,1166745.59,2026-08-11,2026-09-04,VA Loan,11.5,5.72,66737.85,Fidelity National Title,Completed
INSERT,2026-08-11T00:00:00,2026-08-11,TXN0250539,PT0094467,LST0094467,AG02116,AG01632,Michael Watson,551122.78,2026-08-11,2026-10-05,Conventional Mortgage,24.5,5.6,30862.88,Fidelity National Title,Completed
INSERT,2026-08-11T00:00:00,2026-08-11,TXN0250540,PT0383898,LST0383898,AG01946,AG01901,Anthony Powell,1688396.21,2026-08-11,2026-09-01,Conventional Mortgage,21.8,6.04,101979.13,First American Title,Completed
INSERT,2026-08-11T00:00:00,2026-08-11,TXN0250541,PT0136144,LST0136144,AG02275,AG00377,Karen Cabrera,326857.27,2026-08-11,2026-09-23,FHA Loan,3.4,5.76,18826.98,Old Republic Title,Completed
INSERT,2026-08-11T00:00:00,2026-08-11,TXN0250542,PT0224858,LST0224858,AG00538,AG01518,Ryan Reynolds,390731.7,2026-08-11,2026-09-19,Conventional Mortgage,5.9,4.85,18950.49,Fidelity National Title,Completed
INSERT,2026-08-11T00:00:00,2026-08-11,TXN0250543,PT0351909,LST0351909,AG02204,AG02593,Stacey Ramos,437148.22,2026-08-11,2026-10-08,FHA Loan,4.5,5.21,22775.42,Old Republic Title,Completed
INSERT,2026-08-11T00:00:00,2026-08-11,TXN0250544,PT0421317,LST0421317,AG01957,AG02194,Cynthia Anderson,1512108.19,2026-08-11,2026-09-28,Conventional Mortgage,22.4,4.62,69859.4,Chicago Title,Completed
INSERT,2026-08-11T00:00:00,2026-08-11,TXN0250545,PT0414496,LST0414496,AG01609,AG02050,Mary Carrillo,851870.35,2026-08-11,2026-09-25,Conventional Mortgage,15.8,4.96,42252.77,WFG National Title,Completed
INSERT,2026-08-11T00:00:00,2026-08-11,TXN0250546,PT0436815,LST0436815,AG00975,AG00992,Stefanie Herman,578523.6,2026-08-11,2026-10-08,Conventional Mortgage,19.2,5.72,33091.55,First American Title,Completed
INSERT,2026-08-11T00:00:00,2026-08-11,TXN0250547,PT0138199,LST0138199,AG02885,AG01823,Rebecca Johnson,695630.82,2026-08-11,2026-10-02,Conventional Mortgage,9.8,6.46,44937.75,First American Title,Completed
INSERT,2026-08-11T00:00:00,2026-08-11,TXN0250548,PT0088741,LST0088741,AG01001,AG01987,Cheryl Gomez,85599.78,2026-08-11,2026-08-28,Conventional Mortgage,18.8,5.57,4767.91,Stewart Title,Completed
INSERT,2026-08-11T00:00:00,2026-08-11,TXN0250549,PT0546205,LST0546205,AG02999,AG00969,Gerald Jackson,332482.31,2026-08-11,2026-10-09,FHA Loan,22.8,5.93,19716.2,First American Title,Completed
INSERT,2026-08-11T00:00:00,2026-08-11,TXN0250550,PT0522271,LST0522271,AG01585,AG00484,Jason Rogers,525313.56,2026-08-11,2026-10-01,Cash,100.0,4.86,25530.24,Stewart Title,Completed
INSERT,2026-08-11T00:00:00,2026-08-11,TXN0250551,PT0453075,LST0453075,AG00270,AG00957,Ronnie Mack,219988.68,2026-08-11,2026-10-01,Cash,100.0,4.99,10977.44,Old Republic Title,Completed
INSERT,2026-08-11T00:00:00,2026-08-11,TXN0250552,PT0209584,LST0209584,AG02812,AG02393,Andrea Little,457110.19,2026-08-11,2026-09-15,VA Loan,22.6,6.48,29620.74,Chicago Title,Completed
INSERT,2026-08-11T00:00:00,2026-08-11,TXN0250553,PT0459182,LST0459182,AG00637,AG01572,Ebony Davis,429447.55,2026-08-11,2026-09-10,Conventional Mortgage,23.9,6.02,25852.74,Chicago Title,Completed
INSERT,2026-08-11T00:00:00,2026-08-11,TXN0250554,PT0404369,LST0404369,AG01122,AG01576,Justin Woods,495294.49,2026-08-11,2026-10-03,Cash,100.0,4.71,23328.37,Stewart Title,Completed
INSERT,2026-08-11T00:00:00,2026-08-11,TXN0250555,PT0341791,LST0341791,AG00117,AG00831,Christine Baldwin,782004.36,2026-08-11,2026-09-25,FHA Loan,9.5,6.05,47311.26,First American Title,Completed
INSERT,2026-08-11T00:00:00,2026-08-11,TXN0250556,PT0383729,LST0383729,AG00811,AG00118,Emily Reid,152784.54,2026-08-11,2026-08-29,Jumbo Loan,13.4,4.81,7348.94,Chicago Title,Completed
INSERT,2026-08-11T00:00:00,2026-08-11,TXN0250557,PT0424763,LST0424763,AG00012,AG02680,Tracey Mercado,334402.88,2026-08-11,2026-08-30,Jumbo Loan,11.0,5.84,19529.13,Old Republic Title,Completed
INSERT,2026-08-11T00:00:00,2026-08-11,TXN0250558,PT0243056,LST0243056,AG01908,AG00728,Jennifer White,213234.04,2026-08-11,2026-09-22,FHA Loan,12.4,4.57,9744.8,Fidelity National Title,Completed
INSERT,2026-08-11T00:00:00,2026-08-11,TXN0250559,PT0294666,LST0294666,AG00592,AG02628,Hannah Mcdowell,818662.34,2026-08-11,2026-09-13,Conventional Mortgage,19.7,5.69,46581.89,WFG National Title,Completed
INSERT,2026-08-11T00:00:00,2026-08-11,TXN0250560,PT0512454,LST0512454,AG01530,AG02186,James Taylor,469405.64,2026-08-11,2026-08-27,Conventional Mortgage,8.6,4.85,22766.17,Chicago Title,Completed
INSERT,2026-08-11T00:00:00,2026-08-11,TXN0250561,PT0228673,LST0228673,AG00661,AG01054,Julia Wells,279486.52,2026-08-11,2026-09-20,Conventional Mortgage,24.6,5.11,14281.76,Stewart Title,Completed
INSERT,2026-08-11T00:00:00,2026-08-11,TXN0250562,PT0066821,LST0066821,AG00686,AG01923,Michael Harris,630358.93,2026-08-11,2026-09-05,Conventional Mortgage,14.9,5.02,31644.02,Old Republic Title,Completed
INSERT,2026-08-11T00:00:00,2026-08-11,TXN0250563,PT0029362,LST0029362,AG01419,AG00024,Eric Mills,2171960.37,2026-08-11,2026-09-01,FHA Loan,11.8,5.69,123584.55,First American Title,Completed
INSERT,2026-08-11T00:00:00,2026-08-11,TXN0250564,PT0508550,LST0508550,AG00285,AG01278,Lauren Curry,996110.1,2026-08-11,2026-09-19,VA Loan,23.2,4.78,47614.06,Fidelity National Title,Completed
INSERT,2026-08-11T00:00:00,2026-08-11,TXN0250565,PT0500808,LST0500808,AG02891,AG00379,Daniel Martinez,229852.25,2026-08-11,2026-08-29,FHA Loan,16.8,5.26,12090.23,Stewart Title,Completed
INSERT,2026-08-11T00:00:00,2026-08-11,TXN0250566,PT0303043,LST0303043,AG02458,AG02713,David Blair,475288.59,2026-08-11,2026-10-07,Cash,100.0,6.29,29895.65,Fidelity National Title,Completed
INSERT,2026-08-11T00:00:00,2026-08-11,TXN0250567,PT0114247,LST0114247,AG02678,AG02523,Emily Baker,644152.43,2026-08-11,2026-09-20,Cash,100.0,4.72,30403.99,Fidelity National Title,Completed
INSERT,2026-08-11T00:00:00,2026-08-11,TXN0250568,PT0506873,LST0506873,AG00314,AG00525,Kimberly Burns,679374.21,2026-08-11,2026-08-27,Jumbo Loan,13.1,6.22,42257.08,Chicago Title,Completed
INSERT,2026-08-11T00:00:00,2026-08-11,TXN0250569,PT0541864,LST0541864,AG01427,AG01015,Jasmine Byrd,271620.66,2026-08-11,2026-10-04,Jumbo Loan,17.4,5.92,16079.94,First American Title,Completed
INSERT,2026-08-11T00:00:00,2026-08-11,TXN0250570,PT0065201,LST0065201,AG02345,AG00517,Anthony Wilson,943355.71,2026-08-11,2026-09-26,Conventional Mortgage,24.7,5.56,52450.58,WFG National Title,Completed
INSERT,2026-08-11T00:00:00,2026-08-11,TXN0250571,PT0427546,LST0427546,AG02653,AG02532,Holly Smith,252260.42,2026-08-11,2026-09-27,Conventional Mortgage,22.9,4.97,12537.34,Chicago Title,Completed
INSERT,2026-08-11T00:00:00,2026-08-11,TXN0250572,PT0442360,LST0442360,AG00723,AG02721,Danielle Hall,334818.17,2026-08-11,2026-09-04,Jumbo Loan,13.6,5.44,18214.11,Old Republic Title,Completed
INSERT,2026-08-11T00:00:00,2026-08-11,TXN0250573,PT0142138,LST0142138,AG00996,AG01683,Kathleen Greene,411318.73,2026-08-11,2026-08-30,Cash,100.0,5.02,20648.2,Fidelity National Title,Completed
INSERT,2026-08-11T00:00:00,2026-08-11,TXN0250574,PT0320902,LST0320902,AG02056,AG01717,David Miller,2067142.86,2026-08-11,2026-10-01,FHA Loan,15.0,6.3,130230.0,Chicago Title,Completed
INSERT,2026-08-11T00:00:00,2026-08-11,TXN0250575,PT0492748,LST0492748,AG02789,AG02945,Sandra Castillo,264310.2,2026-08-11,2026-09-20,FHA Loan,16.4,4.92,13004.06,First American Title,Completed
INSERT,2026-08-11T00:00:00,2026-08-11,TXN0250576,PT0008619,LST0008619,AG01532,AG02284,Marvin Poole,115140.16,2026-08-11,2026-10-08,Conventional Mortgage,12.1,4.63,5330.99,Stewart Title,Completed
INSERT,2026-08-11T00:00:00,2026-08-11,TXN0250577,PT0367079,LST0367079,AG01335,AG01110,Jamie Kidd,904510.83,2026-08-11,2026-10-08,FHA Loan,12.9,6.41,57979.14,Old Republic Title,Completed
INSERT,2026-08-11T00:00:00,2026-08-11,TXN0250578,PT0533155,LST0533155,AG01418,AG02933,Mr. Gerald Williams,529128.08,2026-08-11,2026-09-27,Cash,100.0,5.75,30424.86,Old Republic Title,Completed
INSERT,2026-08-11T00:00:00,2026-08-11,TXN0250579,PT0135648,LST0135648,AG02178,AG02706,David Schneider MD,1073428.99,2026-08-11,2026-09-23,Conventional Mortgage,14.5,4.87,52275.99,Chicago Title,Completed
INSERT,2026-08-11T00:00:00,2026-08-11,TXN0250580,PT0214760,LST0214760,AG01121,AG01615,Frank Evans,226437.63,2026-08-11,2026-09-29,Conventional Mortgage,5.7,5.03,11389.81,Chicago Title,Completed
INSERT,2026-08-11T00:00:00,2026-08-11,TXN0250581,PT0169167,LST0169167,AG00827,AG00390,Daniel Martin,37197.99,2026-08-11,2026-09-09,VA Loan,4.9,4.68,1740.87,Fidelity National Title,Completed
INSERT,2026-08-11T00:00:00,2026-08-11,TXN0250582,PT0417062,LST0417062,AG00049,AG01472,Brian Jones,228401.62,2026-08-11,2026-09-29,Conventional Mortgage,3.9,5.05,11534.28,Chicago Title,Completed
INSERT,2026-08-11T00:00:00,2026-08-11,TXN0250583,PT0324676,LST0324676,AG01016,AG02036,Elizabeth Reyes,765805.09,2026-08-11,2026-10-02,Conventional Mortgage,4.2,5.02,38443.42,Old Republic Title,Completed
INSERT,2026-08-11T00:00:00,2026-08-11,TXN0250584,PT0462533,LST0462533,AG02549,AG01235,Zachary Winters,1079128.64,2026-08-11,2026-09-18,FHA Loan,23.9,6.32,68200.93,WFG National Title,Completed
INSERT,2026-08-11T00:00:00,2026-08-11,TXN0250585,PT0163978,LST0163978,AG00658,AG00694,Mr. Michael Diaz DDS,814380.75,2026-08-11,2026-09-28,Conventional Mortgage,21.2,6.38,51957.49,WFG National Title,Completed
INSERT,2026-08-11T00:00:00,2026-08-11,TXN0250586,PT0380339,LST0380339,AG00860,AG02291,Kimberly Banks,153369.4,2026-08-11,2026-09-25,FHA Loan,25.0,5.14,7883.19,Old Republic Title,Completed
INSERT,2026-08-11T00:00:00,2026-08-11,TXN0250587,PT0400716,LST0400716,AG01041,AG02812,William Haney,831188.86,2026-08-11,2026-10-07,FHA Loan,12.8,5.3,44053.01,Fidelity National Title,Completed
INSERT,2026-08-11T00:00:00,2026-08-11,TXN0250588,PT0246345,LST0246345,AG01807,AG01716,Kathleen Williams,399532.94,2026-08-11,2026-10-06,Conventional Mortgage,17.5,4.92,19657.02,Stewart Title,Completed
INSERT,2026-08-11T00:00:00,2026-08-11,TXN0250589,PT0517506,LST0517506,AG00066,AG01310,Andrew Bennett,48466.61,2026-08-11,2026-10-02,FHA Loan,21.7,6.39,3097.02,WFG National Title,Completed
INSERT,2026-08-11T00:00:00,2026-08-11,TXN0250590,PT0082863,LST0082863,AG00891,AG01949,Justin Shelton,268127.15,2026-08-11,2026-10-04,Jumbo Loan,3.2,4.66,12494.73,Fidelity National Title,Completed
INSERT,2026-08-11T00:00:00,2026-08-11,TXN0250591,PT0219323,LST0219323,AG01324,AG01510,Mr. Ryan Gilbert,311988.08,2026-08-11,2026-10-01,Conventional Mortgage,6.3,5.65,17627.33,First American Title,Completed
INSERT,2026-08-11T00:00:00,2026-08-11,TXN0250592,PT0476790,LST0476790,AG02157,AG01967,Maria Hernandez,219651.76,2026-08-11,2026-09-29,Conventional Mortgage,23.0,5.61,12322.46,Fidelity National Title,Completed
INSERT,2026-08-11T00:00:00,2026-08-11,TXN0250593,PT0018139,LST0018139,AG02311,AG02023,Kayla Thompson,293692.31,2026-08-11,2026-09-13,Conventional Mortgage,12.7,5.66,16622.98,Chicago Title,Completed
INSERT,2026-08-11T00:00:00,2026-08-11,TXN0250594,PT0052183,LST0052183,AG02681,AG02988,Robert Barber,354783.12,2026-08-11,2026-08-31,Conventional Mortgage,14.5,5.17,18342.29,First American Title,Completed
INSERT,2026-08-11T00:00:00,2026-08-11,TXN0250595,PT0374376,LST0374376,AG00200,AG01895,Taylor Williams,272699.31,2026-08-11,2026-09-24,Conventional Mortgage,14.2,5.04,13744.05,Chicago Title,Completed
INSERT,2026-08-11T00:00:00,2026-08-11,TXN0250596,PT0348261,LST0348261,AG00046,AG01408,Sarah Galvan,301841.86,2026-08-11,2026-08-26,Conventional Mortgage,14.4,5.73,17295.54,Stewart Title,Completed
INSERT,2026-08-11T00:00:00,2026-08-11,TXN0250597,PT0232082,LST0232082,AG02868,AG01219,William Stevenson,773037.23,2026-08-11,2026-09-24,Conventional Mortgage,11.2,5.93,45841.11,Fidelity National Title,Completed
INSERT,2026-08-11T00:00:00,2026-08-11,TXN0250598,PT0537594,LST0537594,AG02916,AG02802,Richard Petersen,215421.95,2026-08-11,2026-09-02,Cash,100.0,5.16,11115.77,Chicago Title,Completed
INSERT,2026-08-11T00:00:00,2026-08-11,TXN0250599,PT0075932,LST0075932,AG01533,AG02884,Jorge Wood,315585.43,2026-08-11,2026-10-02,Cash,100.0,4.91,15495.24,Stewart Title,Completed
INSERT,2026-08-11T00:00:00,2026-08-11,TXN0250600,PT0452365,LST0452365,AG00015,AG01132,Linda Ballard,579696.39,2026-08-11,2026-09-07,Conventional Mortgage,11.8,5.39,31245.64,Chicago Title,Completed
INSERT,2026-08-11T00:00:00,2026-08-11,TXN0250601,PT0125468,LST0125468,AG00462,AG01939,Kari Morgan,909661.24,2026-08-11,2026-09-06,Cash,100.0,6.27,57035.76,WFG National Title,Completed
INSERT,2026-08-11T00:00:00,2026-08-11,TXN0250602,PT0534613,LST0534613,AG02248,AG02176,John Carroll,1035126.76,2026-08-11,2026-09-19,Conventional Mortgage,20.7,4.58,47408.81,Stewart Title,Completed
INSERT,2026-08-11T00:00:00,2026-08-11,TXN0250603,PT0297260,LST0297260,AG00996,AG02412,James Baird MD,237308.02,2026-08-11,2026-09-24,FHA Loan,13.4,5.69,13502.83,Fidelity National Title,Completed
INSERT,2026-08-11T00:00:00,2026-08-11,TXN0250604,PT0269880,LST0269880,AG01402,AG02813,Mary Johnson,1191316.49,2026-08-11,2026-09-20,Conventional Mortgage,15.0,5.87,69930.28,WFG National Title,Completed
INSERT,2026-08-11T00:00:00,2026-08-11,TXN0250605,PT0082615,LST0082615,AG00363,AG02521,Katherine Barber,1395909.11,2026-08-11,2026-09-18,Cash,100.0,4.97,69376.68,Chicago Title,Completed
INSERT,2026-08-11T00:00:00,2026-08-11,TXN0250606,PT0525052,LST0525052,AG01754,AG01642,Jodi Ochoa,1267835.56,2026-08-11,2026-09-03,Conventional Mortgage,21.3,6.19,78479.02,WFG National Title,Completed
INSERT,2026-08-11T00:00:00,2026-08-11,TXN0250607,PT0379446,LST0379446,AG02061,AG00054,Tina Chavez,792020.38,2026-08-11,2026-10-08,VA Loan,9.5,5.11,40472.24,First American Title,Completed
INSERT,2026-08-11T00:00:00,2026-08-11,TXN0250608,PT0496891,LST0496891,AG02366,AG00943,Sheryl Silva,812672.22,2026-08-11,2026-09-23,VA Loan,9.0,5.62,45672.18,Chicago Title,Completed
INSERT,2026-08-11T00:00:00,2026-08-11,TXN0250609,PT0541859,LST0541859,AG01798,AG00582,Joshua Matthews,127811.89,2026-08-11,2026-09-30,VA Loan,20.5,5.16,6595.09,First American Title,Completed
INSERT,2026-08-11T00:00:00,2026-08-11,TXN0250610,PT0349739,LST0349739,AG02094,AG02012,Patricia Santos,531941.84,2026-08-11,2026-09-15,Conventional Mortgage,4.6,5.38,28618.47,Stewart Title,Completed
INSERT,2026-08-11T00:00:00,2026-08-11,TXN0250611,PT0149963,LST0149963,AG01121,AG01426,Lisa Wilcox,237163.51,2026-08-11,2026-09-24,FHA Loan,17.1,5.66,13423.45,Stewart Title,Completed
INSERT,2026-08-11T00:00:00,2026-08-11,TXN0250612,PT0146385,LST0146385,AG02767,AG00563,Heidi Green,1037717.51,2026-08-11,2026-09-06,Conventional Mortgage,13.1,5.09,52819.82,First American Title,Completed
INSERT,2026-08-11T00:00:00,2026-08-11,TXN0250613,PT0375323,LST0375323,AG00741,AG01905,Kathy Hudson,646178.35,2026-08-11,2026-10-04,Conventional Mortgage,17.3,6.29,40644.62,WFG National Title,Completed
INSERT,2026-08-11T00:00:00,2026-08-11,TXN0250614,PT0024842,LST0024842,AG01492,AG02934,Stephen Berg,1000466.41,2026-08-11,2026-09-09,Conventional Mortgage,5.9,4.67,46721.78,Old Republic Title,Completed
INSERT,2026-08-11T00:00:00,2026-08-11,TXN0250615,PT0523883,LST0523883,AG00279,AG00737,Emma Miller,424473.78,2026-08-11,2026-09-13,Cash,100.0,6.38,27081.43,Stewart Title,Completed
INSERT,2026-08-11T00:00:00,2026-08-11,TXN0250616,PT0080882,LST0080882,AG00013,AG02510,Robert Rodriguez,169563.72,2026-08-11,2026-09-26,Conventional Mortgage,15.3,4.55,7715.15,WFG National Title,Completed
INSERT,2026-08-11T00:00:00,2026-08-11,TXN0250617,PT0313122,LST0313122,AG01946,AG00329,Christopher Sanchez,2465217.64,2026-08-11,2026-10-05,Conventional Mortgage,3.0,5.46,134600.88,Old Republic Title,Completed
INSERT,2026-08-11T00:00:00,2026-08-11,TXN0250618,PT0323638,LST0323638,AG00482,AG01143,Monica Henry,1098827.8,2026-08-11,2026-10-06,Conventional Mortgage,15.6,6.28,69006.39,Old Republic Title,Completed
INSERT,2026-08-11T00:00:00,2026-08-11,TXN0250619,PT0085171,LST0085171,AG00129,AG00022,Linda Berry,639060.57,2026-08-11,2026-09-15,Conventional Mortgage,22.2,4.65,29716.32,Old Republic Title,Completed
INSERT,2026-08-11T00:00:00,2026-08-11,TXN0250620,PT0371009,LST0371009,AG02562,AG02373,Deborah Blackburn,1112916.18,2026-08-11,2026-09-13,Conventional Mortgage,16.8,5.85,65105.6,Old Republic Title,Completed
INSERT,2026-08-11T00:00:00,2026-08-11,TXN0250621,PT0094601,LST0094601,AG01685,AG02505,Christopher Stout,176999.79,2026-08-11,2026-09-08,VA Loan,12.3,5.07,8973.89,WFG National Title,Completed
INSERT,2026-08-11T00:00:00,2026-08-11,TXN0250622,PT0423255,LST0423255,AG00505,AG01163,Joseph Castro,103908.07,2026-08-11,2026-09-15,Cash,100.0,6.01,6244.88,Old Republic Title,Completed
INSERT,2026-08-11T00:00:00,2026-08-11,TXN0250623,PT0100243,LST0100243,AG01773,AG02682,Julia Herring,329318.52,2026-08-11,2026-09-09,VA Loan,9.4,5.43,17882.0,Chicago Title,Completed
INSERT,2026-08-11T00:00:00,2026-08-11,TXN0250624,PT0151322,LST0151322,AG02135,AG01441,Julie Esparza,231128.39,2026-08-11,2026-08-29,Cash,100.0,4.53,10470.12,Old Republic Title,Completed
INSERT,2026-08-11T00:00:00,2026-08-11,TXN0250625,PT0034555,LST0034555,AG02119,AG00344,Christina Olson,670216.57,2026-08-11,2026-09-29,Conventional Mortgage,4.9,5.35,35856.59,Old Republic Title,Completed
INSERT,2026-08-11T00:00:00,2026-08-11,TXN0250626,PT0489210,LST0489210,AG02354,AG00501,James Thomas,954996.99,2026-08-11,2026-09-04,FHA Loan,10.7,5.03,48036.35,First American Title,Completed
INSERT,2026-08-11T00:00:00,2026-08-11,TXN0250627,PT0543719,LST0543719,AG00438,AG01234,William Dorsey,815089.55,2026-08-11,2026-09-13,Conventional Mortgage,19.2,4.63,37738.65,Old Republic Title,Completed
INSERT,2026-08-11T00:00:00,2026-08-11,TXN0250628,PT0035199,LST0035199,AG02241,AG02725,Timothy Morrow,683885.15,2026-08-11,2026-09-03,FHA Loan,3.5,6.42,43905.43,WFG National Title,Completed
INSERT,2026-08-11T00:00:00,2026-08-11,TXN0250629,PT0016377,LST0016377,AG02980,AG01106,Joshua Grimes,297117.1,2026-08-11,2026-10-05,Conventional Mortgage,20.7,4.58,13607.96,Chicago Title,Completed
INSERT,2026-08-11T00:00:00,2026-08-11,TXN0250630,PT0361637,LST0361637,AG00171,AG01714,Sarah Mercado,675705.64,2026-08-11,2026-09-13,Conventional Mortgage,3.6,4.68,31623.02,Old Republic Title,Completed
INSERT,2026-08-11T00:00:00,2026-08-11,TXN0250631,PT0474351,LST0474351,AG02379,AG01299,Raymond Mclean,3054638.13,2026-08-11,2026-09-07,FHA Loan,11.2,5.47,167088.71,Chicago Title,Completed
INSERT,2026-08-11T00:00:00,2026-08-11,TXN0250632,PT0395222,LST0395222,AG01484,AG02246,Michelle Mayer,937444.57,2026-08-11,2026-10-09,Conventional Mortgage,23.6,6.43,60277.69,Chicago Title,Completed
INSERT,2026-08-11T00:00:00,2026-08-11,TXN0250633,PT0311216,LST0311216,AG02052,AG01069,Lynn Turner,164332.51,2026-08-11,2026-10-07,VA Loan,22.5,6.48,10648.75,Stewart Title,Completed
INSERT,2026-08-11T00:00:00,2026-08-11,TXN0250634,PT0292818,LST0292818,AG00894,AG01552,Nicole Hernandez,558839.12,2026-08-11,2026-10-07,Conventional Mortgage,17.6,6.18,34536.26,First American Title,Completed
INSERT,2026-08-11T00:00:00,2026-08-11,TXN0250635,PT0046400,LST0046400,AG01136,AG01790,Jennifer Brown,161407.11,2026-08-11,2026-10-06,Cash,100.0,4.58,7392.45,Stewart Title,Completed
INSERT,2026-08-11T00:00:00,2026-08-11,TXN0250636,PT0015936,LST0015936,AG02571,AG01380,Dr. Andrew Chandler,493645.39,2026-08-11,2026-09-28,Conventional Mortgage,21.7,4.83,23843.07,First American Title,Completed
INSERT,2026-08-11T00:00:00,2026-08-11,TXN0250637,PT0543486,LST0543486,AG02586,AG00210,Robert Garcia,327439.9,2026-08-11,2026-09-01,Cash,100.0,5.39,17649.01,Fidelity National Title,Completed
INSERT,2026-08-11T00:00:00,2026-08-11,TXN0250638,PT0186468,LST0186468,AG02212,AG01237,Amber Weber,269708.45,2026-08-11,2026-10-02,Conventional Mortgage,22.3,5.39,14537.29,Fidelity National Title,Completed
INSERT,2026-08-11T00:00:00,2026-08-11,TXN0250639,PT0403571,LST0403571,AG02080,AG00378,Tanya Elliott,1546036.95,2026-08-11,2026-08-28,FHA Loan,12.9,4.58,70808.49,Old Republic Title,Completed
INSERT,2026-08-11T00:00:00,2026-08-11,TXN0250640,PT0412400,LST0412400,AG02107,AG01543,Cheyenne Duncan,818754.59,2026-08-11,2026-09-11,Conventional Mortgage,6.9,4.91,40200.85,WFG National Title,Completed
INSERT,2026-08-11T00:00:00,2026-08-11,TXN0250641,PT0187875,LST0187875,AG02170,AG00592,Tyler Burton,1088958.96,2026-08-11,2026-09-16,Cash,100.0,4.6,50092.11,Stewart Title,Completed
INSERT,2026-08-11T00:00:00,2026-08-11,TXN0250642,PT0494354,LST0494354,AG01352,AG02726,Felicia Brown,231737.35,2026-08-11,2026-10-08,FHA Loan,21.6,5.08,11772.26,Chicago Title,Completed
INSERT,2026-08-11T00:00:00,2026-08-11,TXN0250643,PT0516377,LST0516377,AG01854,AG01978,Derrick Reed,489261.68,2026-08-11,2026-09-29,Conventional Mortgage,6.8,6.45,31557.38,Stewart Title,Completed
INSERT,2026-08-11T00:00:00,2026-08-11,TXN0250644,PT0507754,LST0507754,AG00646,AG00581,Alicia Ayala,576094.31,2026-08-11,2026-10-07,Jumbo Loan,24.7,5.98,34450.44,Chicago Title,Completed
INSERT,2026-08-11T00:00:00,2026-08-11,TXN0250645,PT0539535,LST0539535,AG00640,AG00141,Mary Kramer,895385.97,2026-08-11,2026-09-13,Jumbo Loan,20.1,5.19,46470.53,Chicago Title,Completed
INSERT,2026-08-11T00:00:00,2026-08-11,TXN0250646,PT0341411,LST0341411,AG00591,AG01956,Sue Parks,1399415.42,2026-08-11,2026-08-28,Cash,100.0,5.7,79766.68,First American Title,Completed
INSERT,2026-08-11T00:00:00,2026-08-11,TXN0250647,PT0182578,LST0182578,AG00277,AG02572,Laura Jacobs,248001.75,2026-08-11,2026-09-11,Conventional Mortgage,7.0,5.34,13243.29,Fidelity National Title,Completed
INSERT,2026-08-11T00:00:00,2026-08-11,TXN0250648,PT0406607,LST0406607,AG02671,AG00402,Heather Pierce,511303.23,2026-08-11,2026-08-30,Conventional Mortgage,12.8,5.19,26536.64,Fidelity National Title,Completed
INSERT,2026-08-11T00:00:00,2026-08-11,TXN0250649,PT0509905,LST0509905,AG00700,AG00024,Michael Lynch MD,298121.41,2026-08-11,2026-10-04,VA Loan,5.7,5.26,15681.19,Chicago Title,Completed
INSERT,2026-08-11T00:00:00,2026-08-11,TXN0250650,PT0048579,LST0048579,AG02454,AG01721,Lisa Richardson,101313.6,2026-08-11,2026-09-23,Conventional Mortgage,14.6,6.46,6544.86,First American Title,Completed
INSERT,2026-08-11T00:00:00,2026-08-11,TXN0250651,PT0070281,LST0070281,AG01027,AG02252,Robert White,1410082.58,2026-08-11,2026-09-02,Conventional Mortgage,3.4,4.94,69658.08,First American Title,Completed
INSERT,2026-08-11T00:00:00,2026-08-11,TXN0250652,PT0004965,LST0004965,AG02609,AG00589,Michael Snyder,356765.97,2026-08-11,2026-09-28,Conventional Mortgage,18.8,5.38,19194.01,Fidelity National Title,Completed
INSERT,2026-08-11T00:00:00,2026-08-11,TXN0250653,PT0497168,LST0497168,AG02907,AG02076,Tamara Shepard,581366.65,2026-08-11,2026-10-06,FHA Loan,11.3,5.6,32556.53,WFG National Title,Completed
INSERT,2026-08-11T00:00:00,2026-08-11,TXN0250654,PT0546046,LST0546046,AG02292,AG00126,Michael Collier,757767.61,2026-08-11,2026-09-02,Jumbo Loan,19.6,4.63,35084.64,WFG National Title,Completed
INSERT,2026-08-11T00:00:00,2026-08-11,TXN0250655,PT0477432,LST0477432,AG02567,AG00339,Timothy Lee,583796.3,2026-08-11,2026-09-13,Conventional Mortgage,4.6,6.22,36312.13,WFG National Title,Completed
INSERT,2026-08-11T00:00:00,2026-08-11,TXN0250656,PT0392484,LST0392484,AG01215,AG01533,Bianca Hensley,465695.32,2026-08-11,2026-09-24,Conventional Mortgage,9.4,5.2,24216.16,Stewart Title,Completed
INSERT,2026-08-11T00:00:00,2026-08-11,TXN0250657,PT0262842,LST0262842,AG01228,AG00636,James Jones,677574.74,2026-08-11,2026-09-25,Conventional Mortgage,7.9,5.94,40247.94,Stewart Title,Completed
INSERT,2026-08-11T00:00:00,2026-08-11,TXN0250658,PT0086742,LST0086742,AG02790,AG02132,Carl Stokes,814726.56,2026-08-11,2026-09-28,Conventional Mortgage,4.2,4.76,38780.98,Stewart Title,Completed
INSERT,2026-08-11T00:00:00,2026-08-11,TXN0250659,PT0333668,LST0333668,AG02225,AG01226,Reginald Floyd,929249.48,2026-08-11,2026-09-26,VA Loan,17.8,6.18,57427.62,First American Title,Completed
INSERT,2026-08-11T00:00:00,2026-08-11,TXN0250660,PT0318534,LST0318534,AG02633,AG02845,Donna Wong,1571177.68,2026-08-11,2026-10-06,Conventional Mortgage,22.1,5.16,81072.77,Fidelity National Title,Completed
INSERT,2026-08-11T00:00:00,2026-08-11,TXN0250661,PT0192960,LST0192960,AG02463,AG01640,Charlotte Bruce,1274250.21,2026-08-11,2026-08-31,Jumbo Loan,8.2,5.66,72122.56,First American Title,Completed
INSERT,2026-08-11T00:00:00,2026-08-11,TXN0250662,PT0293277,LST0293277,AG01790,AG00702,Deborah Neal,1096410.36,2026-08-11,2026-09-10,Cash,100.0,6.36,69731.7,First American Title,Completed
INSERT,2026-08-11T00:00:00,2026-08-11,TXN0250663,PT0454898,LST0454898,AG02809,AG01239,Annette Bennett,263168.04,2026-08-11,2026-08-31,Jumbo Loan,19.4,6.02,15842.72,Chicago Title,Completed
INSERT,2026-08-11T00:00:00,2026-08-11,TXN0250664,PT0530980,LST0530980,AG02599,AG01428,Amy Klein,1533385.41,2026-08-11,2026-09-07,FHA Loan,19.2,6.17,94609.88,Stewart Title,Completed
INSERT,2026-08-11T00:00:00,2026-08-11,TXN0250665,PT0420568,LST0420568,AG01429,AG01424,Joseph Frank,314861.53,2026-08-11,2026-09-18,Conventional Mortgage,20.9,5.93,18671.29,First American Title,Completed
INSERT,2026-08-11T00:00:00,2026-08-11,TXN0250666,PT0010085,LST0010085,AG02640,AG00208,Allen Smith,536438.48,2026-08-11,2026-09-24,Conventional Mortgage,10.2,6.39,34278.42,Old Republic Title,Completed
INSERT,2026-08-11T00:00:00,2026-08-11,TXN0250667,PT0140752,LST0140752,AG02068,AG00036,Barbara Armstrong,1002256.89,2026-08-11,2026-09-13,Conventional Mortgage,19.1,5.86,58732.25,Stewart Title,Completed
INSERT,2026-08-11T00:00:00,2026-08-11,TXN0250668,PT0395832,LST0395832,AG00868,AG00542,Marc Long,344119.36,2026-08-11,2026-09-17,Jumbo Loan,11.2,5.85,20130.98,Chicago Title,Completed
INSERT,2026-08-11T00:00:00,2026-08-11,TXN0250669,PT0267566,LST0267566,AG01784,AG02036,Sandra Moore,147899.2,2026-08-11,2026-09-09,Cash,100.0,6.02,8903.53,Chicago Title,Completed
INSERT,2026-08-11T00:00:00,2026-08-11,TXN0250670,PT0492073,LST0492073,AG01252,AG01649,Christian Garcia,628787.75,2026-08-11,2026-09-28,FHA Loan,3.8,6.17,38796.2,Stewart Title,Completed
INSERT,2026-08-11T00:00:00,2026-08-11,TXN0250671,PT0067039,LST0067039,AG00432,AG00569,Jesse Short,592563.79,2026-08-11,2026-09-19,Conventional Mortgage,17.0,5.03,29805.96,Old Republic Title,Completed
INSERT,2026-08-11T00:00:00,2026-08-11,TXN0250672,PT0050258,LST0050258,AG01937,AG00186,Corey Bell,575766.95,2026-08-11,2026-10-07,FHA Loan,13.4,6.47,37252.12,Stewart Title,Completed
INSERT,2026-08-11T00:00:00,2026-08-11,TXN0250673,PT0402171,LST0402171,AG02265,AG02256,Sarah Mccoy,160520.27,2026-08-11,2026-09-22,Conventional Mortgage,15.6,4.85,7785.23,Fidelity National Title,Completed
INSERT,2026-08-11T00:00:00,2026-08-11,TXN0250674,PT0142768,LST0142768,AG00541,AG01778,Brianna Jackson,2637075.2,2026-08-11,2026-09-03,FHA Loan,3.3,6.45,170091.35,First American Title,Completed
INSERT,2026-08-11T00:00:00,2026-08-11,TXN0250675,PT0522373,LST0522373,AG01522,AG01262,Vanessa Baker,262627.19,2026-08-11,2026-08-28,Cash,100.0,5.23,13735.4,WFG National Title,Completed
INSERT,2026-08-11T00:00:00,2026-08-11,TXN0250676,PT0454526,LST0454526,AG02460,AG01108,Paul Juarez,83700.14,2026-08-11,2026-09-29,Cash,100.0,5.11,4277.08,Fidelity National Title,Completed
INSERT,2026-08-11T00:00:00,2026-08-11,TXN0250677,PT0007979,LST0007979,AG00898,AG02117,Thomas Stevenson,675367.42,2026-08-11,2026-09-03,Conventional Mortgage,12.7,6.34,42818.29,Stewart Title,Completed
INSERT,2026-08-11T00:00:00,2026-08-11,TXN0250678,PT0518035,LST0518035,AG02691,AG02500,Dr. Chelsea Kennedy,615506.45,2026-08-11,2026-09-10,Conventional Mortgage,3.8,5.22,32129.44,Fidelity National Title,Completed
INSERT,2026-08-11T00:00:00,2026-08-11,TXN0250679,PT0151157,LST0151157,AG00192,AG01998,Shawn Clark,1186154.65,2026-08-11,2026-08-28,Conventional Mortgage,18.7,5.73,67966.66,First American Title,Completed
INSERT,2026-08-11T00:00:00,2026-08-11,TXN0250680,PT0179150,LST0179150,AG00511,AG01547,Brian Nixon,111189.12,2026-08-11,2026-09-12,Conventional Mortgage,9.3,6.44,7160.58,Stewart Title,Completed
INSERT,2026-08-11T00:00:00,2026-08-11,TXN0250681,PT0187856,LST0187856,AG02344,AG00490,Susan Wu,657421.61,2026-08-11,2026-10-02,Cash,100.0,5.23,34383.15,Stewart Title,Completed
INSERT,2026-08-11T00:00:00,2026-08-11,TXN0250682,PT0393696,LST0393696,AG02753,AG01116,Deborah Turner,517022.17,2026-08-11,2026-09-16,Cash,100.0,6.32,32675.8,Old Republic Title,Completed
INSERT,2026-08-11T00:00:00,2026-08-11,TXN0250683,PT0380253,LST0380253,AG01700,AG02890,Stephanie Fields,1145756.57,2026-08-11,2026-09-28,Cash,100.0,5.39,61756.28,WFG National Title,Completed
INSERT,2026-08-11T00:00:00,2026-08-11,TXN0250684,PT0359968,LST0359968,AG00906,AG01296,Brett Martinez,668046.67,2026-08-11,2026-09-11,Conventional Mortgage,7.5,4.55,30396.12,Old Republic Title,Completed
INSERT,2026-08-11T00:00:00,2026-08-11,TXN0250685,PT0096699,LST0096699,AG00316,AG01190,Dr. Kristen Roberts,103602.36,2026-08-11,2026-09-04,FHA Loan,7.0,5.99,6205.78,Fidelity National Title,Completed
INSERT,2026-08-11T00:00:00,2026-08-11,TXN0250686,PT0360544,LST0360544,AG02374,AG01529,Kristen Hall,638408.95,2026-08-11,2026-09-19,Cash,100.0,4.89,31218.2,Stewart Title,Completed
INSERT,2026-08-11T00:00:00,2026-08-11,TXN0250687,PT0471323,LST0471323,AG00266,AG02102,Christopher Macdonald,587233.62,2026-08-11,2026-09-21,Jumbo Loan,10.1,4.52,26542.96,WFG National Title,Completed
INSERT,2026-08-11T00:00:00,2026-08-11,TXN0250688,PT0102386,LST0102386,AG02555,AG02259,Benjamin Miller,277228.07,2026-08-11,2026-08-27,FHA Loan,7.6,5.46,15136.65,Fidelity National Title,Completed
INSERT,2026-08-11T00:00:00,2026-08-11,TXN0250689,PT0532289,LST0532289,AG00456,AG01983,John Hamilton,212512.49,2026-08-11,2026-10-03,Conventional Mortgage,18.6,5.01,10646.88,WFG National Title,Completed
INSERT,2026-08-11T00:00:00,2026-08-11,TXN0250690,PT0383203,LST0383203,AG02656,AG00787,Bruce Carlson,480185.65,2026-08-11,2026-09-05,Jumbo Loan,22.8,6.18,29675.47,Old Republic Title,Completed
INSERT,2026-08-11T00:00:00,2026-08-11,TXN0250691,PT0121335,LST0121335,AG01574,AG00649,Edward Thompson,407740.65,2026-08-11,2026-09-22,Jumbo Loan,4.7,5.47,22303.41,WFG National Title,Completed
INSERT,2026-08-11T00:00:00,2026-08-11,TXN0250692,PT0194237,LST0194237,AG02201,AG02222,Edward Morgan,329645.71,2026-08-11,2026-09-05,Conventional Mortgage,16.0,6.32,20833.61,Old Republic Title,Completed
INSERT,2026-08-11T00:00:00,2026-08-11,TXN0250693,PT0452784,LST0452784,AG01040,AG02558,Tara Walker,523612.59,2026-08-11,2026-09-01,Conventional Mortgage,3.7,5.21,27280.22,WFG National Title,Completed
INSERT,2026-08-11T00:00:00,2026-08-11,TXN0250694,PT0398316,LST0398316,AG02418,AG00905,Paul Cross,392637.96,2026-08-11,2026-09-10,Jumbo Loan,19.4,5.16,20260.12,First American Title,Completed
INSERT,2026-08-11T00:00:00,2026-08-11,TXN0250695,PT0274488,LST0274488,AG00820,AG01871,Chelsea George,878058.56,2026-08-11,2026-09-15,FHA Loan,19.5,4.84,42498.03,Chicago Title,Completed
INSERT,2026-08-11T00:00:00,2026-08-11,TXN0250696,PT0451212,LST0451212,AG00199,AG01242,Zachary Johnson,953392.45,2026-08-11,2026-09-22,Conventional Mortgage,5.8,4.55,43379.36,Old Republic Title,Completed
INSERT,2026-08-11T00:00:00,2026-08-11,TXN0250697,PT0308963,LST0308963,AG00763,AG02497,Matthew Coleman,117959.3,2026-08-11,2026-09-12,Conventional Mortgage,10.1,5.41,6381.6,First American Title,Completed
INSERT,2026-08-11T00:00:00,2026-08-11,TXN0250698,PT0506734,LST0506734,AG01534,AG02111,Lisa Washington,609631.09,2026-08-11,2026-10-01,Conventional Mortgage,21.9,5.82,35480.53,Fidelity National Title,Completed
INSERT,2026-08-11T00:00:00,2026-08-11,TXN0250699,PT0493096,LST0493096,AG01119,AG02869,Rebecca Goodwin,711053.84,2026-08-11,2026-09-06,Conventional Mortgage,22.7,5.4,38396.91,WFG National Title,Completed
INSERT,2026-08-11T00:00:00,2026-08-11,TXN0250700,PT0377385,LST0377385,AG01531,AG00505,Katrina Kim,151702.22,2026-08-11,2026-09-18,Conventional Mortgage,12.4,5.82,8829.07,Old Republic Title,Completed
INSERT,2026-08-11T00:00:00,2026-08-11,TXN0250701,PT0451172,LST0451172,AG02571,AG02347,Gary Wilson,934023.75,2026-08-11,2026-10-07,Conventional Mortgage,13.4,6.25,58376.48,Fidelity National Title,Completed
INSERT,2026-08-11T00:00:00,2026-08-11,TXN0250702,PT0248141,LST0248141,AG00583,AG00939,Alan Gibson,2326310.21,2026-08-11,2026-08-29,FHA Loan,21.7,6.05,140741.77,Chicago Title,Completed
INSERT,2026-08-11T00:00:00,2026-08-11,TXN0250703,PT0464334,LST0464334,AG02560,AG00622,Amy Brown,350190.48,2026-08-11,2026-09-07,Conventional Mortgage,19.8,6.28,21991.96,First American Title,Completed
INSERT,2026-08-11T00:00:00,2026-08-11,TXN0250704,PT0513060,LST0513060,AG01153,AG02518,Renee Nicholson,117465.46,2026-08-11,2026-09-17,FHA Loan,11.1,4.99,5861.53,First American Title,Completed
INSERT,2026-08-11T00:00:00,2026-08-11,TXN0250705,PT0411305,LST0411305,AG02112,AG01798,Michael Bond,1867016.26,2026-08-11,2026-09-23,Conventional Mortgage,11.8,5.39,100632.18,First American Title,Completed
