operation_type,cdc_timestamp,batch_date,transaction_id,property_id,listing_id,seller_agent_id,buyer_agent_id,buyer_name,sale_price,sale_date,closing_date,financing_type,down_payment_pct,commission_rate_pct,commission_amount,title_company,transaction_status
INSERT,2026-08-26T00:00:00,2026-08-26,TXN0258235,PT0181238,LST0181238,AG01525,AG02508,Rebecca Gutierrez,618805.55,2026-08-26,2026-09-16,Conventional Mortgage,17.8,4.89,30259.59,Stewart Title,Completed
INSERT,2026-08-26T00:00:00,2026-08-26,TXN0258236,PT0525471,LST0525471,AG01300,AG01996,Courtney Morales,203058.32,2026-08-26,2026-10-12,Conventional Mortgage,4.6,5.41,10985.46,WFG National Title,Completed
INSERT,2026-08-26T00:00:00,2026-08-26,TXN0258237,PT0039199,LST0039199,AG00169,AG02457,Todd Nguyen,223173.14,2026-08-26,2026-09-13,Conventional Mortgage,20.7,5.78,12899.41,Chicago Title,Completed
INSERT,2026-08-26T00:00:00,2026-08-26,TXN0258238,PT0453843,LST0453843,AG01895,AG01644,Monique Johnson,496356.16,2026-08-26,2026-10-21,Conventional Mortgage,12.4,4.8,23825.1,Stewart Title,Completed
INSERT,2026-08-26T00:00:00,2026-08-26,TXN0258239,PT0544097,LST0544097,AG01990,AG01643,Michael Gonzalez,477500.86,2026-08-26,2026-09-28,VA Loan,12.4,6.47,30894.31,First American Title,Completed
INSERT,2026-08-26T00:00:00,2026-08-26,TXN0258240,PT0461850,LST0461850,AG00536,AG02067,Mrs. Maria Miller DDS,716007.31,2026-08-26,2026-10-05,Cash,100.0,5.65,40454.41,WFG National Title,Completed
INSERT,2026-08-26T00:00:00,2026-08-26,TXN0258241,PT0090132,LST0090132,AG00179,AG00393,Lori Roberts,144315.86,2026-08-26,2026-10-24,Conventional Mortgage,3.4,4.99,7201.36,Stewart Title,Completed
INSERT,2026-08-26T00:00:00,2026-08-26,TXN0258242,PT0492557,LST0492557,AG01243,AG01150,Tara Morgan,551914.11,2026-08-26,2026-09-25,Conventional Mortgage,6.4,5.11,28202.81,WFG National Title,Completed
INSERT,2026-08-26T00:00:00,2026-08-26,TXN0258243,PT0121759,LST0121759,AG02943,AG01256,Benjamin Smith,401077.85,2026-08-26,2026-10-03,VA Loan,22.1,4.62,18529.8,Old Republic Title,Completed
INSERT,2026-08-26T00:00:00,2026-08-26,TXN0258244,PT0238328,LST0238328,AG01837,AG00654,Adam Avila,489596.65,2026-08-26,2026-09-12,FHA Loan,14.3,4.97,24332.95,Stewart Title,Completed
INSERT,2026-08-26T00:00:00,2026-08-26,TXN0258245,PT0036319,LST0036319,AG02766,AG00339,Paige Day,306716.6,2026-08-26,2026-10-15,Jumbo Loan,20.8,4.66,14292.99,First American Title,Completed
INSERT,2026-08-26T00:00:00,2026-08-26,TXN0258246,PT0445326,LST0445326,AG02772,AG02423,Brittany Becker,887114.21,2026-08-26,2026-09-28,Conventional Mortgage,17.4,5.74,50920.36,Fidelity National Title,Completed
INSERT,2026-08-26T00:00:00,2026-08-26,TXN0258247,PT0022443,LST0022443,AG02729,AG00433,Kevin Macdonald,113454.83,2026-08-26,2026-09-11,Conventional Mortgage,23.1,5.97,6773.25,First American Title,Completed
INSERT,2026-08-26T00:00:00,2026-08-26,TXN0258248,PT0322005,LST0322005,AG00043,AG01491,John Mack,992268.77,2026-08-26,2026-09-22,Conventional Mortgage,8.9,4.91,48720.4,First American Title,Completed
INSERT,2026-08-26T00:00:00,2026-08-26,TXN0258249,PT0235163,LST0235163,AG02846,AG02214,Heather Harris,486367.34,2026-08-26,2026-10-02,FHA Loan,19.7,5.57,27090.66,Fidelity National Title,Completed
INSERT,2026-08-26T00:00:00,2026-08-26,TXN0258250,PT0192179,LST0192179,AG01309,AG01332,Frances Boyd,660941.08,2026-08-26,2026-10-24,Conventional Mortgage,23.1,5.8,38334.58,Old Republic Title,Completed
INSERT,2026-08-26T00:00:00,2026-08-26,TXN0258251,PT0270482,LST0270482,AG01778,AG00414,Charles White,247330.61,2026-08-26,2026-09-28,Conventional Mortgage,10.8,4.57,11303.01,WFG National Title,Completed
INSERT,2026-08-26T00:00:00,2026-08-26,TXN0258252,PT0444467,LST0444467,AG00184,AG00766,Rachel Dixon,195241.99,2026-08-26,2026-09-29,Cash,100.0,5.48,10699.26,Chicago Title,Completed
INSERT,2026-08-26T00:00:00,2026-08-26,TXN0258253,PT0298585,LST0298585,AG01084,AG01411,James Johnson,679722.62,2026-08-26,2026-10-01,Conventional Mortgage,17.2,5.99,40715.38,Stewart Title,Completed
INSERT,2026-08-26T00:00:00,2026-08-26,TXN0258254,PT0299793,LST0299793,AG01755,AG00589,Barbara Lester,697455.46,2026-08-26,2026-09-27,Conventional Mortgage,16.0,6.27,43730.46,WFG National Title,Completed
INSERT,2026-08-26T00:00:00,2026-08-26,TXN0258255,PT0556112,LST0556112,AG02850,AG01554,Stephen Rocha,397813.13,2026-08-26,2026-10-23,Conventional Mortgage,20.4,5.09,20248.69,WFG National Title,Completed
INSERT,2026-08-26T00:00:00,2026-08-26,TXN0258256,PT0219060,LST0219060,AG02749,AG01762,Cassandra Quinn,290844.72,2026-08-26,2026-10-18,VA Loan,4.3,6.38,18555.89,First American Title,Completed
INSERT,2026-08-26T00:00:00,2026-08-26,TXN0258257,PT0539280,LST0539280,AG01503,AG00682,Katelyn Daugherty,158580.96,2026-08-26,2026-09-25,Conventional Mortgage,24.0,4.94,7833.9,Stewart Title,Completed
INSERT,2026-08-26T00:00:00,2026-08-26,TXN0258258,PT0286866,LST0286866,AG00658,AG02900,Jennifer Wiggins,248396.9,2026-08-26,2026-10-10,Conventional Mortgage,8.2,5.81,14431.86,WFG National Title,Completed
INSERT,2026-08-26T00:00:00,2026-08-26,TXN0258259,PT0135178,LST0135178,AG01491,AG01153,Gabriel Larson,489067.59,2026-08-26,2026-10-15,Conventional Mortgage,9.4,4.85,23719.78,Old Republic Title,Completed
INSERT,2026-08-26T00:00:00,2026-08-26,TXN0258260,PT0198473,LST0198473,AG02535,AG02840,Brandon Olsen,505844.87,2026-08-26,2026-10-18,Cash,100.0,4.96,25089.91,Stewart Title,Completed
INSERT,2026-08-26T00:00:00,2026-08-26,TXN0258261,PT0268893,LST0268893,AG02290,AG01889,Steven Ramirez,870257.13,2026-08-26,2026-10-19,FHA Loan,12.5,5.36,46645.78,First American Title,Completed
INSERT,2026-08-26T00:00:00,2026-08-26,TXN0258262,PT0473027,LST0473027,AG00981,AG01072,Christopher Wallace,714453.48,2026-08-26,2026-10-06,Conventional Mortgage,4.3,4.59,32793.41,First American Title,Completed
INSERT,2026-08-26T00:00:00,2026-08-26,TXN0258263,PT0218807,LST0218807,AG01733,AG02088,Corey Rose,508314.56,2026-08-26,2026-10-08,Conventional Mortgage,20.2,5.82,29583.91,WFG National Title,Completed
INSERT,2026-08-26T00:00:00,2026-08-26,TXN0258264,PT0326464,LST0326464,AG02287,AG00565,Dr. Allison Ritter,428949.13,2026-08-26,2026-10-12,Conventional Mortgage,16.8,5.82,24964.84,First American Title,Completed
INSERT,2026-08-26T00:00:00,2026-08-26,TXN0258265,PT0119187,LST0119187,AG00784,AG01782,Yvette Moses,343487.21,2026-08-26,2026-10-20,Conventional Mortgage,17.1,5.59,19200.94,Fidelity National Title,Completed
INSERT,2026-08-26T00:00:00,2026-08-26,TXN0258266,PT0003404,LST0003404,AG01847,AG00977,Jordan Santiago,758373.14,2026-08-26,2026-09-15,Conventional Mortgage,22.4,4.71,35719.37,First American Title,Completed
INSERT,2026-08-26T00:00:00,2026-08-26,TXN0258267,PT0157351,LST0157351,AG00202,AG02860,John Fisher,1024120.72,2026-08-26,2026-09-18,Cash,100.0,6.18,63290.66,Fidelity National Title,Completed
INSERT,2026-08-26T00:00:00,2026-08-26,TXN0258268,PT0043161,LST0043161,AG02892,AG02046,Laura Dudley,708330.76,2026-08-26,2026-09-19,FHA Loan,22.3,5.17,36620.7,WFG National Title,Completed
INSERT,2026-08-26T00:00:00,2026-08-26,TXN0258269,PT0204752,LST0204752,AG02185,AG01652,Cynthia West,360154.6,2026-08-26,2026-09-11,Conventional Mortgage,10.8,4.65,16747.19,Chicago Title,Completed
INSERT,2026-08-26T00:00:00,2026-08-26,TXN0258270,PT0277394,LST0277394,AG01685,AG00178,Nancy Richard,451708.93,2026-08-26,2026-09-30,Conventional Mortgage,17.3,4.9,22133.74,Stewart Title,Completed
INSERT,2026-08-26T00:00:00,2026-08-26,TXN0258271,PT0416790,LST0416790,AG01453,AG02565,Steve Stone,161866.24,2026-08-26,2026-09-11,Conventional Mortgage,11.7,5.91,9566.29,Fidelity National Title,Completed
INSERT,2026-08-26T00:00:00,2026-08-26,TXN0258272,PT0177440,LST0177440,AG00537,AG01781,Kylie Summers,1194278.19,2026-08-26,2026-10-10,Conventional Mortgage,7.2,5.26,62819.03,Chicago Title,Completed
INSERT,2026-08-26T00:00:00,2026-08-26,TXN0258273,PT0123342,LST0123342,AG02802,AG00240,Amber Lucas,629681.32,2026-08-26,2026-10-24,Conventional Mortgage,11.7,6.35,39984.76,WFG National Title,Completed
INSERT,2026-08-26T00:00:00,2026-08-26,TXN0258274,PT0165258,LST0165258,AG01798,AG00709,Lauren Lewis,898169.91,2026-08-26,2026-10-06,Jumbo Loan,20.0,5.22,46884.47,WFG National Title,Completed
INSERT,2026-08-26T00:00:00,2026-08-26,TXN0258275,PT0279378,LST0279378,AG02237,AG01995,Amy Compton,154220.74,2026-08-26,2026-10-09,FHA Loan,9.7,5.29,8158.28,Fidelity National Title,Completed
INSERT,2026-08-26T00:00:00,2026-08-26,TXN0258276,PT0042459,LST0042459,AG02514,AG01947,Jason Anderson,355032.33,2026-08-26,2026-10-04,Cash,100.0,4.63,16438.0,Old Republic Title,Completed
INSERT,2026-08-26T00:00:00,2026-08-26,TXN0258277,PT0540398,LST0540398,AG00240,AG02125,Nancy Massey,1486074.01,2026-08-26,2026-09-12,Conventional Mortgage,22.3,6.36,94514.31,Chicago Title,Completed
INSERT,2026-08-26T00:00:00,2026-08-26,TXN0258278,PT0253392,LST0253392,AG01047,AG01598,Teresa Kidd,613891.28,2026-08-26,2026-10-10,VA Loan,20.8,4.69,28791.5,Stewart Title,Completed
INSERT,2026-08-26T00:00:00,2026-08-26,TXN0258279,PT0373676,LST0373676,AG02220,AG01185,Mackenzie Herrera,771194.43,2026-08-26,2026-10-18,FHA Loan,19.5,4.6,35474.94,Old Republic Title,Completed
INSERT,2026-08-26T00:00:00,2026-08-26,TXN0258280,PT0518242,LST0518242,AG01398,AG02540,Derek Foster,191786.1,2026-08-26,2026-10-03,Conventional Mortgage,20.2,5.96,11430.45,Old Republic Title,Completed
INSERT,2026-08-26T00:00:00,2026-08-26,TXN0258281,PT0509233,LST0509233,AG00171,AG02557,Andrea Scott,358330.34,2026-08-26,2026-09-28,Conventional Mortgage,13.6,5.69,20389.0,First American Title,Completed
INSERT,2026-08-26T00:00:00,2026-08-26,TXN0258282,PT0266911,LST0266911,AG02826,AG01101,Brandi Robinson,120367.43,2026-08-26,2026-09-16,Conventional Mortgage,8.7,5.19,6247.07,First American Title,Completed
INSERT,2026-08-26T00:00:00,2026-08-26,TXN0258283,PT0561171,LST0561171,AG01427,AG00011,John Lopez,407690.74,2026-08-26,2026-10-03,FHA Loan,6.6,4.75,19365.31,Chicago Title,Completed
INSERT,2026-08-26T00:00:00,2026-08-26,TXN0258284,PT0052478,LST0052478,AG02424,AG02114,Caleb Henry,470143.9,2026-08-26,2026-09-14,Jumbo Loan,17.1,5.04,23695.25,Old Republic Title,Completed
INSERT,2026-08-26T00:00:00,2026-08-26,TXN0258285,PT0156596,LST0156596,AG01357,AG01534,Michael Smith,88762.24,2026-08-26,2026-09-10,Jumbo Loan,23.6,5.31,4713.27,Old Republic Title,Completed
INSERT,2026-08-26T00:00:00,2026-08-26,TXN0258286,PT0087467,LST0087467,AG02193,AG02786,Tyrone Myers,587408.92,2026-08-26,2026-10-03,VA Loan,24.7,4.9,28783.04,Chicago Title,Completed
INSERT,2026-08-26T00:00:00,2026-08-26,TXN0258287,PT0077075,LST0077075,AG01181,AG00310,Andre Woods,741906.52,2026-08-26,2026-10-08,Conventional Mortgage,20.6,6.19,45924.01,First American Title,Completed
INSERT,2026-08-26T00:00:00,2026-08-26,TXN0258288,PT0179235,LST0179235,AG02579,AG02947,Frederick Walker,218847.38,2026-08-26,2026-10-21,FHA Loan,18.1,4.92,10767.29,Old Republic Title,Completed
INSERT,2026-08-26T00:00:00,2026-08-26,TXN0258289,PT0516024,LST0516024,AG00388,AG00725,Arthur Graham,414611.18,2026-08-26,2026-09-14,FHA Loan,9.0,4.75,19694.03,First American Title,Completed
INSERT,2026-08-26T00:00:00,2026-08-26,TXN0258290,PT0040026,LST0040026,AG02999,AG02399,Michael Dean,229431.01,2026-08-26,2026-09-21,Conventional Mortgage,15.7,5.89,13513.49,Chicago Title,Completed
INSERT,2026-08-26T00:00:00,2026-08-26,TXN0258291,PT0041064,LST0041064,AG00383,AG02730,Cameron Villanueva,113466.65,2026-08-26,2026-09-29,Jumbo Loan,21.5,6.13,6955.51,Old Republic Title,Completed
INSERT,2026-08-26T00:00:00,2026-08-26,TXN0258292,PT0509146,LST0509146,AG00920,AG02557,Amy Coffey,246761.01,2026-08-26,2026-10-05,Conventional Mortgage,11.4,6.14,15151.13,Stewart Title,Completed
INSERT,2026-08-26T00:00:00,2026-08-26,TXN0258293,PT0404828,LST0404828,AG01099,AG02276,Kathy Jones,809108.41,2026-08-26,2026-10-11,Cash,100.0,6.5,52592.05,Stewart Title,Completed
INSERT,2026-08-26T00:00:00,2026-08-26,TXN0258294,PT0212006,LST0212006,AG00543,AG01067,Erica Mccann,1068714.01,2026-08-26,2026-10-23,Conventional Mortgage,9.4,5.87,62733.51,Old Republic Title,Completed
INSERT,2026-08-26T00:00:00,2026-08-26,TXN0258295,PT0211605,LST0211605,AG01460,AG02730,Ashley Murray,693950.55,2026-08-26,2026-09-27,FHA Loan,9.0,5.21,36154.82,First American Title,Completed
INSERT,2026-08-26T00:00:00,2026-08-26,TXN0258296,PT0380320,LST0380320,AG00992,AG02648,Erica Harris,187512.45,2026-08-26,2026-10-18,VA Loan,24.0,6.46,12113.3,Chicago Title,Completed
INSERT,2026-08-26T00:00:00,2026-08-26,TXN0258297,PT0548990,LST0548990,AG02227,AG00853,Gregory Blake,769779.07,2026-08-26,2026-10-18,Cash,100.0,4.99,38411.98,WFG National Title,Completed
INSERT,2026-08-26T00:00:00,2026-08-26,TXN0258298,PT0127746,LST0127746,AG00119,AG00221,Tammy Hudson,372071.98,2026-08-26,2026-10-12,Cash,100.0,5.79,21542.97,First American Title,Completed
INSERT,2026-08-26T00:00:00,2026-08-26,TXN0258299,PT0513580,LST0513580,AG01273,AG02540,Denise Smith,174946.04,2026-08-26,2026-09-25,Jumbo Loan,8.2,5.73,10024.41,Chicago Title,Completed
INSERT,2026-08-26T00:00:00,2026-08-26,TXN0258300,PT0352090,LST0352090,AG02457,AG00598,Desiree Burke,752762.6,2026-08-26,2026-10-18,Conventional Mortgage,21.1,5.38,40498.63,Stewart Title,Completed
INSERT,2026-08-26T00:00:00,2026-08-26,TXN0258301,PT0369286,LST0369286,AG02657,AG01969,Richard Smith,644515.57,2026-08-26,2026-09-22,VA Loan,20.5,4.92,31710.17,Fidelity National Title,Completed
INSERT,2026-08-26T00:00:00,2026-08-26,TXN0258302,PT0120772,LST0120772,AG02114,AG00862,Rebecca Martin,214293.48,2026-08-26,2026-09-19,Conventional Mortgage,3.9,6.0,12857.61,Old Republic Title,Completed
INSERT,2026-08-26T00:00:00,2026-08-26,TXN0258303,PT0513272,LST0513272,AG00124,AG00224,Diamond Collins,522307.25,2026-08-26,2026-10-02,Conventional Mortgage,20.6,5.53,28883.59,First American Title,Completed
INSERT,2026-08-26T00:00:00,2026-08-26,TXN0258304,PT0458947,LST0458947,AG00049,AG02762,Heather Lamb,248291.2,2026-08-26,2026-09-19,VA Loan,19.2,5.46,13556.7,WFG National Title,Completed
INSERT,2026-08-26T00:00:00,2026-08-26,TXN0258305,PT0253120,LST0253120,AG00275,AG00463,Gerald Scott,705429.7,2026-08-26,2026-10-14,VA Loan,23.4,4.93,34777.68,Chicago Title,Completed
INSERT,2026-08-26T00:00:00,2026-08-26,TXN0258306,PT0319972,LST0319972,AG01325,AG00644,Dr. Maria Price,1070061.09,2026-08-26,2026-10-19,Conventional Mortgage,11.4,5.61,60030.43,Old Republic Title,Completed
INSERT,2026-08-26T00:00:00,2026-08-26,TXN0258307,PT0261030,LST0261030,AG01314,AG00586,Amanda Gutierrez,325001.58,2026-08-26,2026-09-22,Jumbo Loan,9.0,6.48,21060.1,WFG National Title,Completed
INSERT,2026-08-26T00:00:00,2026-08-26,TXN0258308,PT0086514,LST0086514,AG01988,AG00863,Michael Johnson,171113.09,2026-08-26,2026-10-08,Conventional Mortgage,20.8,5.72,9787.67,Stewart Title,Completed
INSERT,2026-08-26T00:00:00,2026-08-26,TXN0258309,PT0560125,LST0560125,AG02327,AG00473,Regina Wright,603886.94,2026-08-26,2026-09-30,Jumbo Loan,5.9,4.93,29771.63,First American Title,Completed
INSERT,2026-08-26T00:00:00,2026-08-26,TXN0258310,PT0180837,LST0180837,AG02461,AG02947,Justin Miller,462846.24,2026-08-26,2026-09-11,Conventional Mortgage,14.9,5.02,23234.88,Stewart Title,Completed
INSERT,2026-08-26T00:00:00,2026-08-26,TXN0258311,PT0516152,LST0516152,AG00695,AG01495,Michael Sloan,848334.35,2026-08-26,2026-10-13,Conventional Mortgage,20.3,5.91,50136.56,First American Title,Completed
INSERT,2026-08-26T00:00:00,2026-08-26,TXN0258312,PT0532462,LST0532462,AG02892,AG02643,Stacey Jackson,114856.36,2026-08-26,2026-09-30,FHA Loan,21.3,4.68,5375.28,Chicago Title,Completed
INSERT,2026-08-26T00:00:00,2026-08-26,TXN0258313,PT0004908,LST0004908,AG01074,AG01959,Joseph Hernandez,1355333.96,2026-08-26,2026-10-06,Conventional Mortgage,21.1,5.02,68037.76,Stewart Title,Completed
INSERT,2026-08-26T00:00:00,2026-08-26,TXN0258314,PT0373665,LST0373665,AG02553,AG00984,Shannon Terry,240548.16,2026-08-26,2026-09-23,Conventional Mortgage,18.2,5.94,14288.56,WFG National Title,Completed
INSERT,2026-08-26T00:00:00,2026-08-26,TXN0258315,PT0312484,LST0312484,AG02193,AG01901,Amber Lopez,728352.84,2026-08-26,2026-09-27,Conventional Mortgage,5.2,4.6,33504.23,Chicago Title,Completed
INSERT,2026-08-26T00:00:00,2026-08-26,TXN0258316,PT0022521,LST0022521,AG02160,AG02686,Tina Bautista,640773.33,2026-08-26,2026-10-16,FHA Loan,12.0,5.85,37485.24,First American Title,Completed
INSERT,2026-08-26T00:00:00,2026-08-26,TXN0258317,PT0267885,LST0267885,AG01182,AG00024,Susan Carlson,136970.76,2026-08-26,2026-10-18,Cash,100.0,6.2,8492.19,Chicago Title,Completed
INSERT,2026-08-26T00:00:00,2026-08-26,TXN0258318,PT0167819,LST0167819,AG01148,AG02353,Kimberly Deleon,1005551.68,2026-08-26,2026-10-11,Cash,100.0,5.39,54199.24,Old Republic Title,Completed
INSERT,2026-08-26T00:00:00,2026-08-26,TXN0258319,PT0075605,LST0075605,AG01817,AG01449,Amy Davis,345276.86,2026-08-26,2026-09-29,Cash,100.0,5.63,19439.09,Chicago Title,Completed
INSERT,2026-08-26T00:00:00,2026-08-26,TXN0258320,PT0410099,LST0410099,AG00086,AG02030,Bryan Green,392281.76,2026-08-26,2026-09-14,VA Loan,10.2,6.48,25419.86,First American Title,Completed
INSERT,2026-08-26T00:00:00,2026-08-26,TXN0258321,PT0377518,LST0377518,AG01642,AG02983,Andre Burnett,480921.6,2026-08-26,2026-10-20,Jumbo Loan,10.2,6.25,30057.6,Stewart Title,Completed
INSERT,2026-08-26T00:00:00,2026-08-26,TXN0258322,PT0397713,LST0397713,AG01147,AG00106,Stephanie Marshall,812813.13,2026-08-26,2026-10-24,Conventional Mortgage,19.8,5.68,46167.79,WFG National Title,Completed
INSERT,2026-08-26T00:00:00,2026-08-26,TXN0258323,PT0213530,LST0213530,AG02853,AG02214,Timothy Brown,647557.22,2026-08-26,2026-09-13,Conventional Mortgage,8.0,6.37,41249.39,First American Title,Completed
INSERT,2026-08-26T00:00:00,2026-08-26,TXN0258324,PT0435480,LST0435480,AG00269,AG00224,Jeffery Howell,429814.17,2026-08-26,2026-10-24,Jumbo Loan,11.8,6.37,27379.16,WFG National Title,Completed
INSERT,2026-08-26T00:00:00,2026-08-26,TXN0258325,PT0350422,LST0350422,AG01701,AG02427,Brandon Davis,330368.42,2026-08-26,2026-09-23,Conventional Mortgage,12.6,6.33,20912.32,WFG National Title,Completed
INSERT,2026-08-26T00:00:00,2026-08-26,TXN0258326,PT0207081,LST0207081,AG02501,AG01798,Colin Graves,731695.93,2026-08-26,2026-10-16,Jumbo Loan,9.7,5.79,42365.19,Old Republic Title,Completed
INSERT,2026-08-26T00:00:00,2026-08-26,TXN0258327,PT0072575,LST0072575,AG01490,AG00733,Jacob Ramsey,52100.45,2026-08-26,2026-10-18,Cash,100.0,4.94,2573.76,Fidelity National Title,Completed
INSERT,2026-08-26T00:00:00,2026-08-26,TXN0258328,PT0529858,LST0529858,AG02311,AG00989,Ricky Vargas,1434460.24,2026-08-26,2026-10-17,Conventional Mortgage,18.3,6.37,91375.12,First American Title,Completed
INSERT,2026-08-26T00:00:00,2026-08-26,TXN0258329,PT0284875,LST0284875,AG00513,AG00331,Alicia Leach,533781.18,2026-08-26,2026-10-10,FHA Loan,13.1,6.06,32347.14,Chicago Title,Completed
INSERT,2026-08-26T00:00:00,2026-08-26,TXN0258330,PT0104433,LST0104433,AG02310,AG00221,Jason Mathews,613238.94,2026-08-26,2026-10-06,Conventional Mortgage,11.1,6.3,38634.05,Stewart Title,Completed
INSERT,2026-08-26T00:00:00,2026-08-26,TXN0258331,PT0246791,LST0246791,AG02729,AG02421,Brooke Rodriguez,358848.28,2026-08-26,2026-10-04,Cash,100.0,6.5,23325.14,Fidelity National Title,Completed
INSERT,2026-08-26T00:00:00,2026-08-26,TXN0258332,PT0506043,LST0506043,AG02623,AG02148,Tony Cox,113097.15,2026-08-26,2026-09-19,Jumbo Loan,20.8,6.11,6910.24,First American Title,Completed
INSERT,2026-08-26T00:00:00,2026-08-26,TXN0258333,PT0515562,LST0515562,AG01772,AG02118,Toni Rowe,170986.19,2026-08-26,2026-10-22,Cash,100.0,5.37,9181.96,Old Republic Title,Completed
INSERT,2026-08-26T00:00:00,2026-08-26,TXN0258334,PT0153605,LST0153605,AG01768,AG01738,Tara Cox,602372.6,2026-08-26,2026-09-13,VA Loan,14.4,6.03,36323.07,First American Title,Completed
INSERT,2026-08-26T00:00:00,2026-08-26,TXN0258335,PT0113556,LST0113556,AG01963,AG00240,Lisa Gutierrez,842314.22,2026-08-26,2026-09-22,Conventional Mortgage,20.8,4.84,40768.01,WFG National Title,Completed
INSERT,2026-08-26T00:00:00,2026-08-26,TXN0258336,PT0556700,LST0556700,AG02553,AG02886,Daisy Mcconnell,293659.9,2026-08-26,2026-09-28,Conventional Mortgage,4.8,4.73,13890.11,Chicago Title,Completed
INSERT,2026-08-26T00:00:00,2026-08-26,TXN0258337,PT0043462,LST0043462,AG01648,AG00525,Virginia Blake,577838.4,2026-08-26,2026-09-26,Conventional Mortgage,20.0,5.94,34323.6,WFG National Title,Completed
INSERT,2026-08-26T00:00:00,2026-08-26,TXN0258338,PT0258672,LST0258672,AG02231,AG01451,Nancy Johnston,165802.37,2026-08-26,2026-10-19,FHA Loan,13.4,5.27,8737.78,WFG National Title,Completed
INSERT,2026-08-26T00:00:00,2026-08-26,TXN0258339,PT0098345,LST0098345,AG01452,AG01630,Amber Padilla,687739.73,2026-08-26,2026-09-19,FHA Loan,7.1,6.47,44496.76,WFG National Title,Completed
INSERT,2026-08-26T00:00:00,2026-08-26,TXN0258340,PT0090028,LST0090028,AG00324,AG01572,Brian Terry,241029.4,2026-08-26,2026-09-27,Conventional Mortgage,8.0,6.3,15184.85,Fidelity National Title,Completed
INSERT,2026-08-26T00:00:00,2026-08-26,TXN0258341,PT0117878,LST0117878,AG02830,AG02428,Frank Nunez,363945.23,2026-08-26,2026-10-11,Cash,100.0,5.22,18997.94,Old Republic Title,Completed
INSERT,2026-08-26T00:00:00,2026-08-26,TXN0258342,PT0445261,LST0445261,AG01930,AG02745,Lisa Howard,285338.38,2026-08-26,2026-09-12,Cash,100.0,4.85,13838.91,Fidelity National Title,Completed
INSERT,2026-08-26T00:00:00,2026-08-26,TXN0258343,PT0074235,LST0074235,AG02890,AG02675,Daniel Decker,534608.1,2026-08-26,2026-09-23,Conventional Mortgage,20.2,5.3,28334.23,Old Republic Title,Completed
INSERT,2026-08-26T00:00:00,2026-08-26,TXN0258344,PT0139323,LST0139323,AG00484,AG02737,John Caldwell DVM,741320.7,2026-08-26,2026-09-20,VA Loan,17.2,6.08,45072.3,Chicago Title,Completed
INSERT,2026-08-26T00:00:00,2026-08-26,TXN0258345,PT0020720,LST0020720,AG01725,AG02030,Charles May,278317.7,2026-08-26,2026-09-15,FHA Loan,21.0,6.01,16726.89,First American Title,Completed
INSERT,2026-08-26T00:00:00,2026-08-26,TXN0258346,PT0542473,LST0542473,AG01743,AG00231,Judith Hamilton,420544.65,2026-08-26,2026-10-03,Conventional Mortgage,15.4,6.05,25442.95,Chicago Title,Completed
INSERT,2026-08-26T00:00:00,2026-08-26,TXN0258347,PT0329615,LST0329615,AG02824,AG01954,Jay Olson,1584780.68,2026-08-26,2026-10-19,Conventional Mortgage,24.0,4.55,72107.52,Fidelity National Title,Completed
INSERT,2026-08-26T00:00:00,2026-08-26,TXN0258348,PT0372803,LST0372803,AG02677,AG01471,Joseph Spears,353286.59,2026-08-26,2026-09-19,Conventional Mortgage,12.5,6.33,22363.04,Chicago Title,Completed
INSERT,2026-08-26T00:00:00,2026-08-26,TXN0258349,PT0099162,LST0099162,AG00643,AG02448,Eddie Chang,102927.65,2026-08-26,2026-09-28,FHA Loan,18.8,6.37,6556.49,Chicago Title,Completed
INSERT,2026-08-26T00:00:00,2026-08-26,TXN0258350,PT0307677,LST0307677,AG01022,AG02870,Allison Dixon,1699033.35,2026-08-26,2026-10-09,Conventional Mortgage,12.7,5.65,95995.38,First American Title,Completed
INSERT,2026-08-26T00:00:00,2026-08-26,TXN0258351,PT0018719,LST0018719,AG01886,AG01732,Joshua Walker,884584.75,2026-08-26,2026-10-02,Conventional Mortgage,21.2,5.53,48917.54,Stewart Title,Completed
INSERT,2026-08-26T00:00:00,2026-08-26,TXN0258352,PT0124417,LST0124417,AG00834,AG00600,Heather Kelly,306841.41,2026-08-26,2026-10-06,Jumbo Loan,22.1,5.69,17459.28,Stewart Title,Completed
INSERT,2026-08-26T00:00:00,2026-08-26,TXN0258353,PT0138344,LST0138344,AG01081,AG01533,Kevin Gallegos,999884.93,2026-08-26,2026-10-19,Conventional Mortgage,17.5,6.11,61092.97,Old Republic Title,Completed
INSERT,2026-08-26T00:00:00,2026-08-26,TXN0258354,PT0065195,LST0065195,AG01803,AG00772,Brandon Caldwell,600969.71,2026-08-26,2026-10-08,Conventional Mortgage,4.0,5.5,33053.33,First American Title,Completed
INSERT,2026-08-26T00:00:00,2026-08-26,TXN0258355,PT0546525,LST0546525,AG00894,AG01731,Tom Holland,601594.23,2026-08-26,2026-10-04,VA Loan,7.7,5.55,33388.48,WFG National Title,Completed
INSERT,2026-08-26T00:00:00,2026-08-26,TXN0258356,PT0188808,LST0188808,AG01639,AG00494,Scott Kim,107188.89,2026-08-26,2026-09-25,Cash,100.0,5.41,5798.92,Chicago Title,Completed
INSERT,2026-08-26T00:00:00,2026-08-26,TXN0258357,PT0046146,LST0046146,AG02904,AG02628,Donna Johnson,153307.33,2026-08-26,2026-10-23,Conventional Mortgage,19.8,6.11,9367.08,WFG National Title,Completed
INSERT,2026-08-26T00:00:00,2026-08-26,TXN0258358,PT0006586,LST0006586,AG01164,AG00561,Charlene Hunter,850485.66,2026-08-26,2026-10-09,Cash,100.0,5.54,47116.91,Old Republic Title,Completed
INSERT,2026-08-26T00:00:00,2026-08-26,TXN0258359,PT0110815,LST0110815,AG02905,AG02820,Ralph Decker,1185243.32,2026-08-26,2026-09-20,Conventional Mortgage,17.7,4.68,55469.39,Chicago Title,Completed
INSERT,2026-08-26T00:00:00,2026-08-26,TXN0258360,PT0545870,LST0545870,AG02535,AG00477,Gregory Allen,443442.69,2026-08-26,2026-09-18,Cash,100.0,5.47,24256.32,First American Title,Completed
INSERT,2026-08-26T00:00:00,2026-08-26,TXN0258361,PT0172548,LST0172548,AG02925,AG02592,Lawrence Holt,1392508.16,2026-08-26,2026-10-10,FHA Loan,18.8,6.3,87728.01,Fidelity National Title,Completed
INSERT,2026-08-26T00:00:00,2026-08-26,TXN0258362,PT0173867,LST0173867,AG01910,AG00576,Daniel Henry,75443.48,2026-08-26,2026-09-19,FHA Loan,19.7,6.0,4526.61,WFG National Title,Completed
INSERT,2026-08-26T00:00:00,2026-08-26,TXN0258363,PT0523745,LST0523745,AG00842,AG00435,Bradley Rogers,143993.9,2026-08-26,2026-10-15,Jumbo Loan,12.6,5.49,7905.27,Fidelity National Title,Completed
INSERT,2026-08-26T00:00:00,2026-08-26,TXN0258364,PT0262123,LST0262123,AG01881,AG01344,Michele Hoover,573478.75,2026-08-26,2026-10-03,Cash,100.0,5.37,30795.81,First American Title,Completed
INSERT,2026-08-26T00:00:00,2026-08-26,TXN0258365,PT0321879,LST0321879,AG02237,AG01653,Joanne Alvarez,577964.88,2026-08-26,2026-09-13,Conventional Mortgage,16.2,5.33,30805.53,Old Republic Title,Completed
INSERT,2026-08-26T00:00:00,2026-08-26,TXN0258366,PT0343310,LST0343310,AG00704,AG00791,Michael Hunter,498672.84,2026-08-26,2026-09-24,Conventional Mortgage,14.2,4.66,23238.15,Old Republic Title,Completed
INSERT,2026-08-26T00:00:00,2026-08-26,TXN0258367,PT0227270,LST0227270,AG02694,AG00141,Matthew Rodriguez,958231.4,2026-08-26,2026-10-04,FHA Loan,3.7,5.47,52415.26,Fidelity National Title,Completed
INSERT,2026-08-26T00:00:00,2026-08-26,TXN0258368,PT0194469,LST0194469,AG01238,AG02006,Elizabeth Reyes MD,229875.53,2026-08-26,2026-10-17,Conventional Mortgage,16.0,5.09,11700.66,Stewart Title,Completed
INSERT,2026-08-26T00:00:00,2026-08-26,TXN0258369,PT0258895,LST0258895,AG02035,AG02469,Joshua Campbell,282727.68,2026-08-26,2026-10-14,VA Loan,19.5,6.27,17727.03,Stewart Title,Completed
INSERT,2026-08-26T00:00:00,2026-08-26,TXN0258370,PT0114095,LST0114095,AG01145,AG00390,John Ray,422478.95,2026-08-26,2026-09-28,Conventional Mortgage,17.9,5.75,24292.54,Stewart Title,Completed
INSERT,2026-08-26T00:00:00,2026-08-26,TXN0258371,PT0505011,LST0505011,AG00873,AG01606,Courtney Harding,333338.39,2026-08-26,2026-10-17,Cash,100.0,5.42,18066.94,First American Title,Completed
INSERT,2026-08-26T00:00:00,2026-08-26,TXN0258372,PT0470474,LST0470474,AG02233,AG02663,Mary Thomas,102871.34,2026-08-26,2026-09-15,FHA Loan,8.9,5.93,6100.27,Chicago Title,Completed
INSERT,2026-08-26T00:00:00,2026-08-26,TXN0258373,PT0351659,LST0351659,AG00036,AG02700,Robert Marsh,382343.46,2026-08-26,2026-10-07,Cash,100.0,4.7,17970.14,Chicago Title,Completed
INSERT,2026-08-26T00:00:00,2026-08-26,TXN0258374,PT0106454,LST0106454,AG01315,AG02051,Dana Martinez,178187.43,2026-08-26,2026-09-23,Conventional Mortgage,21.0,5.2,9265.75,Fidelity National Title,Completed
INSERT,2026-08-26T00:00:00,2026-08-26,TXN0258375,PT0422103,LST0422103,AG01161,AG01923,Sheila Higgins,1193377.3,2026-08-26,2026-10-10,FHA Loan,4.4,4.82,57520.79,Stewart Title,Completed
INSERT,2026-08-26T00:00:00,2026-08-26,TXN0258376,PT0148318,LST0148318,AG00102,AG01476,Timothy Garcia,319703.79,2026-08-26,2026-10-19,Cash,100.0,5.23,16720.51,Fidelity National Title,Completed
INSERT,2026-08-26T00:00:00,2026-08-26,TXN0258377,PT0204841,LST0204841,AG00373,AG00810,Darryl Williams,84631.75,2026-08-26,2026-10-20,Jumbo Loan,5.9,4.86,4113.1,Old Republic Title,Completed
INSERT,2026-08-26T00:00:00,2026-08-26,TXN0258378,PT0324313,LST0324313,AG02674,AG02563,Gerald Dougherty,222341.67,2026-08-26,2026-09-29,VA Loan,13.7,5.33,11850.81,First American Title,Completed
INSERT,2026-08-26T00:00:00,2026-08-26,TXN0258379,PT0356739,LST0356739,AG00583,AG01051,Michael Perkins,644529.74,2026-08-26,2026-09-12,Conventional Mortgage,16.2,5.58,35964.76,WFG National Title,Completed
INSERT,2026-08-26T00:00:00,2026-08-26,TXN0258380,PT0220250,LST0220250,AG00551,AG02976,Lisa Lopez,371442.61,2026-08-26,2026-09-24,VA Loan,8.1,5.55,20615.06,Fidelity National Title,Completed
INSERT,2026-08-26T00:00:00,2026-08-26,TXN0258381,PT0213236,LST0213236,AG01681,AG01965,Jennifer Wells,340122.78,2026-08-26,2026-10-08,Cash,100.0,4.64,15781.7,Chicago Title,Completed
INSERT,2026-08-26T00:00:00,2026-08-26,TXN0258382,PT0501506,LST0501506,AG00020,AG01998,Rodney Cooper,538149.74,2026-08-26,2026-09-13,Conventional Mortgage,4.0,6.41,34495.4,First American Title,Completed
INSERT,2026-08-26T00:00:00,2026-08-26,TXN0258383,PT0243720,LST0243720,AG01800,AG00517,Mary Sloan,260439.79,2026-08-26,2026-10-02,Cash,100.0,5.88,15313.86,Chicago Title,Completed
INSERT,2026-08-26T00:00:00,2026-08-26,TXN0258384,PT0250126,LST0250126,AG00050,AG02025,Shaun Kennedy,342556.11,2026-08-26,2026-09-26,Conventional Mortgage,10.7,6.22,21306.99,First American Title,Completed
INSERT,2026-08-26T00:00:00,2026-08-26,TXN0258385,PT0496843,LST0496843,AG00537,AG00810,Justin Jones,615431.64,2026-08-26,2026-10-15,FHA Loan,14.4,4.93,30340.78,First American Title,Completed
INSERT,2026-08-26T00:00:00,2026-08-26,TXN0258386,PT0544457,LST0544457,AG02728,AG02270,Leah Johnston,191089.56,2026-08-26,2026-09-21,FHA Loan,17.6,4.82,9210.52,Stewart Title,Completed
INSERT,2026-08-26T00:00:00,2026-08-26,TXN0258387,PT0478993,LST0478993,AG01997,AG01902,David Lewis,991339.98,2026-08-26,2026-10-23,FHA Loan,10.1,5.08,50360.07,WFG National Title,Completed
INSERT,2026-08-26T00:00:00,2026-08-26,TXN0258388,PT0508044,LST0508044,AG00752,AG01718,Elizabeth Weber,300334.52,2026-08-26,2026-09-17,Conventional Mortgage,6.7,5.09,15287.03,First American Title,Completed
INSERT,2026-08-26T00:00:00,2026-08-26,TXN0258389,PT0516420,LST0516420,AG01580,AG02930,Tyler Mitchell,471146.41,2026-08-26,2026-09-15,Cash,100.0,6.43,30294.71,Fidelity National Title,Completed
INSERT,2026-08-26T00:00:00,2026-08-26,TXN0258390,PT0134797,LST0134797,AG00474,AG00548,Bryan Cole,777210.21,2026-08-26,2026-09-10,Conventional Mortgage,17.4,6.23,48420.2,Fidelity National Title,Completed
INSERT,2026-08-26T00:00:00,2026-08-26,TXN0258391,PT0145518,LST0145518,AG02074,AG02952,Kathleen Jordan,73195.8,2026-08-26,2026-09-25,Jumbo Loan,18.6,5.14,3762.26,WFG National Title,Completed
INSERT,2026-08-26T00:00:00,2026-08-26,TXN0258392,PT0508495,LST0508495,AG01800,AG02410,Benjamin Johnson,434678.97,2026-08-26,2026-10-08,Conventional Mortgage,17.7,5.8,25211.38,Stewart Title,Completed
INSERT,2026-08-26T00:00:00,2026-08-26,TXN0258393,PT0173320,LST0173320,AG02639,AG02004,David Moore,387135.7,2026-08-26,2026-10-11,Jumbo Loan,11.0,4.99,19318.07,Stewart Title,Completed
INSERT,2026-08-26T00:00:00,2026-08-26,TXN0258394,PT0428820,LST0428820,AG02541,AG02586,Jennifer Walls,464445.01,2026-08-26,2026-09-17,Conventional Mortgage,5.7,4.89,22711.36,WFG National Title,Completed
INSERT,2026-08-26T00:00:00,2026-08-26,TXN0258395,PT0500891,LST0500891,AG00453,AG00357,Kelsey Scott,74377.44,2026-08-26,2026-09-14,Conventional Mortgage,12.2,5.27,3919.69,First American Title,Completed
INSERT,2026-08-26T00:00:00,2026-08-26,TXN0258396,PT0495868,LST0495868,AG01263,AG02135,Lori Silva,175051.49,2026-08-26,2026-10-08,VA Loan,9.1,4.57,7999.85,Fidelity National Title,Completed
INSERT,2026-08-26T00:00:00,2026-08-26,TXN0258397,PT0086066,LST0086066,AG02191,AG02730,Joseph Hanson,687648.72,2026-08-26,2026-09-15,FHA Loan,5.9,6.4,44009.52,WFG National Title,Completed
INSERT,2026-08-26T00:00:00,2026-08-26,TXN0258398,PT0078713,LST0078713,AG02265,AG01373,Pamela Brewer,431650.78,2026-08-26,2026-10-08,FHA Loan,6.7,6.32,27280.33,Old Republic Title,Completed
INSERT,2026-08-26T00:00:00,2026-08-26,TXN0258399,PT0464639,LST0464639,AG00307,AG01503,Jessica Turner,298876.67,2026-08-26,2026-09-11,VA Loan,6.4,6.46,19307.43,First American Title,Completed
INSERT,2026-08-26T00:00:00,2026-08-26,TXN0258400,PT0001017,LST0001017,AG02964,AG01678,Jeremy Gomez,414240.12,2026-08-26,2026-09-26,Conventional Mortgage,6.4,5.86,24274.47,Stewart Title,Completed
INSERT,2026-08-26T00:00:00,2026-08-26,TXN0258401,PT0394070,LST0394070,AG01572,AG02759,Brandi Brown,319001.65,2026-08-26,2026-10-07,FHA Loan,21.3,5.2,16588.09,First American Title,Completed
INSERT,2026-08-26T00:00:00,2026-08-26,TXN0258402,PT0240230,LST0240230,AG00101,AG00286,Donna Parker,346718.98,2026-08-26,2026-10-04,Jumbo Loan,23.4,5.23,18133.4,WFG National Title,Completed
INSERT,2026-08-26T00:00:00,2026-08-26,TXN0258403,PT0442021,LST0442021,AG01530,AG00607,Amy Manning,127911.25,2026-08-26,2026-09-12,Cash,100.0,5.42,6932.79,Fidelity National Title,Completed
INSERT,2026-08-26T00:00:00,2026-08-26,TXN0258404,PT0435252,LST0435252,AG01103,AG01139,Gary Taylor,650304.55,2026-08-26,2026-10-19,FHA Loan,22.4,5.01,32580.26,Stewart Title,Completed
INSERT,2026-08-26T00:00:00,2026-08-26,TXN0258405,PT0005721,LST0005721,AG02005,AG00596,Juan James,1008456.51,2026-08-26,2026-09-19,Conventional Mortgage,7.3,4.84,48809.3,Chicago Title,Completed
INSERT,2026-08-26T00:00:00,2026-08-26,TXN0258406,PT0137808,LST0137808,AG02558,AG01162,Brandy Rodriguez,331813.18,2026-08-26,2026-10-14,Cash,100.0,5.09,16889.29,Chicago Title,Completed
INSERT,2026-08-26T00:00:00,2026-08-26,TXN0258407,PT0373141,LST0373141,AG01106,AG02394,Jennifer Steele,380229.36,2026-08-26,2026-09-29,FHA Loan,20.2,5.21,19809.95,Fidelity National Title,Completed
INSERT,2026-08-26T00:00:00,2026-08-26,TXN0258408,PT0330594,LST0330594,AG02464,AG01234,Jared Wagner,2125001.22,2026-08-26,2026-09-19,Conventional Mortgage,16.6,6.03,128137.57,Fidelity National Title,Completed
INSERT,2026-08-26T00:00:00,2026-08-26,TXN0258409,PT0502200,LST0502200,AG01071,AG00993,Todd Wong,135237.64,2026-08-26,2026-09-25,Cash,100.0,4.81,6504.93,Fidelity National Title,Completed
INSERT,2026-08-26T00:00:00,2026-08-26,TXN0258410,PT0226183,LST0226183,AG02585,AG02095,Carol Bates MD,224626.03,2026-08-26,2026-10-06,Conventional Mortgage,15.3,5.92,13297.86,Old Republic Title,Completed
INSERT,2026-08-26T00:00:00,2026-08-26,TXN0258411,PT0564846,LST0564846,AG02402,AG01978,Mary Crawford,365992.43,2026-08-26,2026-10-03,Conventional Mortgage,13.1,6.01,21996.15,First American Title,Completed
INSERT,2026-08-26T00:00:00,2026-08-26,TXN0258412,PT0544790,LST0544790,AG01540,AG00288,Connie Sawyer,1263636.47,2026-08-26,2026-10-10,Conventional Mortgage,9.4,4.57,57748.19,Chicago Title,Completed
INSERT,2026-08-26T00:00:00,2026-08-26,TXN0258413,PT0510754,LST0510754,AG02565,AG01183,Mary Harrington,267677.9,2026-08-26,2026-10-09,Conventional Mortgage,12.5,5.19,13892.48,Chicago Title,Completed
INSERT,2026-08-26T00:00:00,2026-08-26,TXN0258414,PT0125414,LST0125414,AG02226,AG00941,Patrick Hernandez,213336.39,2026-08-26,2026-09-16,FHA Loan,16.9,5.33,11370.83,Fidelity National Title,Completed
INSERT,2026-08-26T00:00:00,2026-08-26,TXN0258415,PT0552850,LST0552850,AG02566,AG01548,Christopher Riley,828703.02,2026-08-26,2026-09-24,FHA Loan,22.8,4.98,41269.41,First American Title,Completed
INSERT,2026-08-26T00:00:00,2026-08-26,TXN0258416,PT0167705,LST0167705,AG01126,AG02964,Joseph Rivas,257029.46,2026-08-26,2026-10-20,Conventional Mortgage,5.3,4.91,12620.15,Fidelity National Title,Completed
INSERT,2026-08-26T00:00:00,2026-08-26,TXN0258417,PT0562288,LST0562288,AG00252,AG02286,Brad Carter,1028832.58,2026-08-26,2026-09-19,Jumbo Loan,4.8,4.88,50207.03,Old Republic Title,Completed
INSERT,2026-08-26T00:00:00,2026-08-26,TXN0258418,PT0310573,LST0310573,AG02267,AG01015,Joshua Whitney,876759.83,2026-08-26,2026-09-26,FHA Loan,9.7,5.01,43925.67,WFG National Title,Completed
INSERT,2026-08-26T00:00:00,2026-08-26,TXN0258419,PT0124214,LST0124214,AG02518,AG02121,Andrew Wilkerson,1481808.62,2026-08-26,2026-10-23,Conventional Mortgage,14.7,4.68,69348.64,First American Title,Completed
INSERT,2026-08-26T00:00:00,2026-08-26,TXN0258420,PT0179476,LST0179476,AG02339,AG01576,Gabriel Harris,240817.14,2026-08-26,2026-10-11,FHA Loan,22.3,5.48,13196.78,Fidelity National Title,Completed
INSERT,2026-08-26T00:00:00,2026-08-26,TXN0258421,PT0333032,LST0333032,AG00492,AG02749,Matthew Gill,1191665.1,2026-08-26,2026-10-23,Conventional Mortgage,22.0,5.29,63039.08,First American Title,Completed
INSERT,2026-08-26T00:00:00,2026-08-26,TXN0258422,PT0125942,LST0125942,AG01510,AG01379,Joshua Wiggins,431845.88,2026-08-26,2026-09-17,Cash,100.0,5.14,22196.88,Fidelity National Title,Completed
INSERT,2026-08-26T00:00:00,2026-08-26,TXN0258423,PT0531197,LST0531197,AG02795,AG02597,Dr. Matthew Hansen,422670.25,2026-08-26,2026-10-12,VA Loan,12.1,6.0,25360.22,WFG National Title,Completed
INSERT,2026-08-26T00:00:00,2026-08-26,TXN0258424,PT0252053,LST0252053,AG00968,AG00963,Bill Thompson,789053.16,2026-08-26,2026-09-14,Conventional Mortgage,19.2,4.88,38505.79,Chicago Title,Completed
INSERT,2026-08-26T00:00:00,2026-08-26,TXN0258425,PT0206080,LST0206080,AG00969,AG00309,Mr. Francisco Stone,21259.2,2026-08-26,2026-09-22,Conventional Mortgage,9.0,5.64,1199.02,Old Republic Title,Completed
INSERT,2026-08-26T00:00:00,2026-08-26,TXN0258426,PT0180234,LST0180234,AG00051,AG00646,Anna Stevenson,341773.35,2026-08-26,2026-09-14,Conventional Mortgage,8.9,5.13,17532.97,Old Republic Title,Completed
INSERT,2026-08-26T00:00:00,2026-08-26,TXN0258427,PT0099814,LST0099814,AG00961,AG02740,Gary Clark,312246.69,2026-08-26,2026-10-22,Conventional Mortgage,3.0,6.35,19827.66,Fidelity National Title,Completed
INSERT,2026-08-26T00:00:00,2026-08-26,TXN0258428,PT0156551,LST0156551,AG00950,AG01703,Nathan Lowery,177267.88,2026-08-26,2026-09-23,Conventional Mortgage,7.1,4.95,8774.76,WFG National Title,Completed
INSERT,2026-08-26T00:00:00,2026-08-26,TXN0258429,PT0002696,LST0002696,AG02108,AG01617,Ashley James,832505.77,2026-08-26,2026-10-13,Jumbo Loan,3.9,6.29,52364.61,Chicago Title,Completed
INSERT,2026-08-26T00:00:00,2026-08-26,TXN0258430,PT0225172,LST0225172,AG01649,AG01230,Pamela Rich,1235347.31,2026-08-26,2026-10-18,Conventional Mortgage,20.8,6.01,74244.37,Stewart Title,Completed
INSERT,2026-08-26T00:00:00,2026-08-26,TXN0258431,PT0538385,LST0538385,AG01815,AG00166,Kara Watson,142468.54,2026-08-26,2026-09-27,FHA Loan,19.6,4.97,7080.69,Stewart Title,Completed
INSERT,2026-08-26T00:00:00,2026-08-26,TXN0258432,PT0284292,LST0284292,AG02185,AG02955,Melissa Gonzalez,671426.88,2026-08-26,2026-10-18,Conventional Mortgage,5.5,4.82,32362.78,Chicago Title,Completed
INSERT,2026-08-26T00:00:00,2026-08-26,TXN0258433,PT0511700,LST0511700,AG00505,AG01275,Alexander Warner,443690.29,2026-08-26,2026-09-19,FHA Loan,5.5,5.42,24048.01,Fidelity National Title,Completed
INSERT,2026-08-26T00:00:00,2026-08-26,TXN0258434,PT0066827,LST0066827,AG02560,AG01635,Mary Carter DDS,946277.69,2026-08-26,2026-09-19,FHA Loan,3.3,4.75,44948.19,Stewart Title,Completed
INSERT,2026-08-26T00:00:00,2026-08-26,TXN0258435,PT0548759,LST0548759,AG01796,AG00267,Michelle Cole,668638.53,2026-08-26,2026-10-08,VA Loan,21.2,5.19,34702.34,Fidelity National Title,Completed
INSERT,2026-08-26T00:00:00,2026-08-26,TXN0258436,PT0365270,LST0365270,AG00395,AG02324,Latoya Baker,504582.49,2026-08-26,2026-09-20,Conventional Mortgage,23.7,6.11,30829.99,First American Title,Completed
INSERT,2026-08-26T00:00:00,2026-08-26,TXN0258437,PT0558283,LST0558283,AG00376,AG02478,Michael Mccoy,239853.01,2026-08-26,2026-09-27,Conventional Mortgage,23.5,5.03,12064.61,Stewart Title,Completed
INSERT,2026-08-26T00:00:00,2026-08-26,TXN0258438,PT0254720,LST0254720,AG02087,AG00926,Christopher Ruiz,1009607.6,2026-08-26,2026-10-19,Conventional Mortgage,5.2,4.94,49874.62,Chicago Title,Completed
INSERT,2026-08-26T00:00:00,2026-08-26,TXN0258439,PT0503528,LST0503528,AG01853,AG01137,Jennifer Dunn,400508.4,2026-08-26,2026-10-15,Conventional Mortgage,16.6,6.36,25472.33,Fidelity National Title,Completed
INSERT,2026-08-26T00:00:00,2026-08-26,TXN0258440,PT0511288,LST0511288,AG00409,AG01418,Jill Gray,651363.4,2026-08-26,2026-10-22,Cash,100.0,6.3,41035.89,Chicago Title,Completed
INSERT,2026-08-26T00:00:00,2026-08-26,TXN0258441,PT0267565,LST0267565,AG02534,AG02064,Teresa Lee,447110.96,2026-08-26,2026-09-29,Conventional Mortgage,13.6,5.97,26692.52,Old Republic Title,Completed
INSERT,2026-08-26T00:00:00,2026-08-26,TXN0258442,PT0210776,LST0210776,AG00304,AG02123,Hannah Curry,146668.8,2026-08-26,2026-10-14,VA Loan,23.3,5.74,8418.79,Old Republic Title,Completed
INSERT,2026-08-26T00:00:00,2026-08-26,TXN0258443,PT0553270,LST0553270,AG01951,AG01104,Angela Blake,628508.72,2026-08-26,2026-10-15,VA Loan,9.5,6.36,39973.15,Fidelity National Title,Completed
INSERT,2026-08-26T00:00:00,2026-08-26,TXN0258444,PT0168419,LST0168419,AG01441,AG02938,Amy Young,151947.49,2026-08-26,2026-09-12,Jumbo Loan,19.8,5.71,8676.2,First American Title,Completed
INSERT,2026-08-26T00:00:00,2026-08-26,TXN0258445,PT0114866,LST0114866,AG02594,AG01034,Jason Zavala,208576.3,2026-08-26,2026-09-24,Cash,100.0,4.52,9427.65,Chicago Title,Completed
INSERT,2026-08-26T00:00:00,2026-08-26,TXN0258446,PT0564223,LST0564223,AG00197,AG02770,Brian Cannon,118816.7,2026-08-26,2026-10-05,Conventional Mortgage,22.8,4.62,5489.33,Chicago Title,Completed
INSERT,2026-08-26T00:00:00,2026-08-26,TXN0258447,PT0528551,LST0528551,AG00992,AG00894,Rhonda Fuentes,114399.78,2026-08-26,2026-09-11,Cash,100.0,6.37,7287.27,Old Republic Title,Completed
INSERT,2026-08-26T00:00:00,2026-08-26,TXN0258448,PT0485105,LST0485105,AG00201,AG00739,Terry Soto,514903.15,2026-08-26,2026-09-26,VA Loan,23.7,5.62,28937.56,First American Title,Completed
INSERT,2026-08-26T00:00:00,2026-08-26,TXN0258449,PT0561478,LST0561478,AG00428,AG02896,Natalie Robinson,567870.83,2026-08-26,2026-09-24,Conventional Mortgage,24.1,5.54,31460.04,Old Republic Title,Completed
INSERT,2026-08-26T00:00:00,2026-08-26,TXN0258450,PT0552552,LST0552552,AG01109,AG02897,Kenneth Preston,865569.47,2026-08-26,2026-09-26,Cash,100.0,6.24,54011.53,Old Republic Title,Completed
INSERT,2026-08-26T00:00:00,2026-08-26,TXN0258451,PT0243085,LST0243085,AG00478,AG02962,Ashley Jackson,527781.19,2026-08-26,2026-09-22,Conventional Mortgage,15.6,6.13,32352.99,First American Title,Completed
INSERT,2026-08-26T00:00:00,2026-08-26,TXN0258452,PT0264968,LST0264968,AG02832,AG00078,Sandra Lewis,184517.45,2026-08-26,2026-09-23,Cash,100.0,5.87,10831.17,Old Republic Title,Completed
INSERT,2026-08-26T00:00:00,2026-08-26,TXN0258453,PT0553394,LST0553394,AG00403,AG01283,Dylan Arnold,345728.95,2026-08-26,2026-10-13,Cash,100.0,6.46,22334.09,First American Title,Completed
INSERT,2026-08-26T00:00:00,2026-08-26,TXN0258454,PT0251324,LST0251324,AG01669,AG01414,Blake Neal,1401049.73,2026-08-26,2026-10-12,Conventional Mortgage,14.9,5.92,82942.14,WFG National Title,Completed
INSERT,2026-08-26T00:00:00,2026-08-26,TXN0258455,PT0410214,LST0410214,AG01549,AG02075,James Kane,559492.81,2026-08-26,2026-09-19,Conventional Mortgage,15.4,6.15,34408.81,Old Republic Title,Completed
INSERT,2026-08-26T00:00:00,2026-08-26,TXN0258456,PT0428236,LST0428236,AG02185,AG00543,Raymond Sanchez,227111.85,2026-08-26,2026-10-14,Conventional Mortgage,5.6,5.38,12218.62,Old Republic Title,Completed
INSERT,2026-08-26T00:00:00,2026-08-26,TXN0258457,PT0271758,LST0271758,AG00970,AG00282,Casey Blair,2355154.85,2026-08-26,2026-10-19,FHA Loan,3.4,6.0,141309.29,Old Republic Title,Completed
INSERT,2026-08-26T00:00:00,2026-08-26,TXN0258458,PT0190207,LST0190207,AG01409,AG02905,Darrell Singleton,1218467.85,2026-08-26,2026-10-10,Conventional Mortgage,13.1,6.16,75057.62,Stewart Title,Completed
INSERT,2026-08-26T00:00:00,2026-08-26,TXN0258459,PT0517337,LST0517337,AG02156,AG01486,Natasha Porter,718474.02,2026-08-26,2026-10-08,VA Loan,12.1,5.09,36570.33,Stewart Title,Completed
INSERT,2026-08-26T00:00:00,2026-08-26,TXN0258460,PT0465002,LST0465002,AG01783,AG01215,Dawn Fox,793346.89,2026-08-26,2026-10-22,Conventional Mortgage,3.4,5.51,43713.41,First American Title,Completed
INSERT,2026-08-26T00:00:00,2026-08-26,TXN0258461,PT0038696,LST0038696,AG01166,AG02846,Christopher Gonzalez,618988.68,2026-08-26,2026-10-11,FHA Loan,20.7,6.37,39429.58,Fidelity National Title,Completed
INSERT,2026-08-26T00:00:00,2026-08-26,TXN0258462,PT0064630,LST0064630,AG02813,AG01733,Angelica Calderon,116161.36,2026-08-26,2026-10-06,Conventional Mortgage,7.2,5.55,6446.96,Fidelity National Title,Completed
INSERT,2026-08-26T00:00:00,2026-08-26,TXN0258463,PT0108454,LST0108454,AG00532,AG01855,Steven Valenzuela,981708.46,2026-08-26,2026-10-14,FHA Loan,8.0,4.97,48790.91,WFG National Title,Completed
INSERT,2026-08-26T00:00:00,2026-08-26,TXN0258464,PT0532267,LST0532267,AG02479,AG01175,Katie Ramirez,389639.85,2026-08-26,2026-09-19,Conventional Mortgage,8.9,4.87,18975.46,First American Title,Completed
INSERT,2026-08-26T00:00:00,2026-08-26,TXN0258465,PT0480733,LST0480733,AG01258,AG01579,Joseph Stephens,555514.03,2026-08-26,2026-09-20,Conventional Mortgage,8.5,5.03,27942.36,Stewart Title,Completed
INSERT,2026-08-26T00:00:00,2026-08-26,TXN0258466,PT0069974,LST0069974,AG01405,AG00922,Ashley Nixon,268491.41,2026-08-26,2026-10-18,FHA Loan,17.3,5.54,14874.42,WFG National Title,Completed
INSERT,2026-08-26T00:00:00,2026-08-26,TXN0258467,PT0236891,LST0236891,AG02134,AG01050,Zachary Fox,76869.99,2026-08-26,2026-10-02,Conventional Mortgage,7.0,4.98,3828.13,WFG National Title,Completed
INSERT,2026-08-26T00:00:00,2026-08-26,TXN0258468,PT0053444,LST0053444,AG00895,AG01712,Jacob Castillo,816448.18,2026-08-26,2026-10-10,Conventional Mortgage,5.3,4.74,38699.64,Fidelity National Title,Completed
INSERT,2026-08-26T00:00:00,2026-08-26,TXN0258469,PT0503712,LST0503712,AG00636,AG00925,James Mosley,368723.85,2026-08-26,2026-09-30,Cash,100.0,6.45,23782.69,Fidelity National Title,Completed
INSERT,2026-08-26T00:00:00,2026-08-26,TXN0258470,PT0533972,LST0533972,AG02142,AG02129,Anna Vazquez,359871.55,2026-08-26,2026-10-03,FHA Loan,22.2,4.95,17813.64,WFG National Title,Completed
INSERT,2026-08-26T00:00:00,2026-08-26,TXN0258471,PT0500480,LST0500480,AG01562,AG02055,Erica Weaver,199231.37,2026-08-26,2026-10-20,VA Loan,4.2,5.98,11914.04,Fidelity National Title,Completed
INSERT,2026-08-26T00:00:00,2026-08-26,TXN0258472,PT0508209,LST0508209,AG02950,AG01334,Brooke Wolf,493898.6,2026-08-26,2026-10-12,Cash,100.0,5.02,24793.71,Chicago Title,Completed
INSERT,2026-08-26T00:00:00,2026-08-26,TXN0258473,PT0343307,LST0343307,AG02598,AG00572,Melissa Wilcox,689267.32,2026-08-26,2026-09-18,Conventional Mortgage,16.5,4.7,32395.56,Fidelity National Title,Completed
INSERT,2026-08-26T00:00:00,2026-08-26,TXN0258474,PT0004903,LST0004903,AG00048,AG02145,Savannah Garrett,1005331.22,2026-08-26,2026-09-13,Cash,100.0,5.57,55996.95,Chicago Title,Completed
INSERT,2026-08-26T00:00:00,2026-08-26,TXN0258475,PT0554460,LST0554460,AG01135,AG00803,Kyle Hill,1007027.03,2026-08-26,2026-10-24,Conventional Mortgage,4.4,5.95,59918.11,Stewart Title,Completed
INSERT,2026-08-26T00:00:00,2026-08-26,TXN0258476,PT0040978,LST0040978,AG00225,AG01083,Christopher Martin,573445.37,2026-08-26,2026-10-09,Cash,100.0,5.39,30908.71,Chicago Title,Completed
INSERT,2026-08-26T00:00:00,2026-08-26,TXN0258477,PT0301328,LST0301328,AG01632,AG02411,Glenn Dalton,524769.61,2026-08-26,2026-10-03,Cash,100.0,6.05,31748.56,Fidelity National Title,Completed
INSERT,2026-08-26T00:00:00,2026-08-26,TXN0258478,PT0509916,LST0509916,AG02513,AG00371,Robert Jacobs,258113.33,2026-08-26,2026-09-18,Cash,100.0,5.43,14015.55,Stewart Title,Completed
INSERT,2026-08-26T00:00:00,2026-08-26,TXN0258479,PT0127980,LST0127980,AG00067,AG02350,Cynthia Kennedy,301796.86,2026-08-26,2026-09-28,VA Loan,10.4,5.31,16025.41,First American Title,Completed
INSERT,2026-08-26T00:00:00,2026-08-26,TXN0258480,PT0388267,LST0388267,AG00181,AG02064,Mark Phillips,1215039.43,2026-08-26,2026-09-14,Jumbo Loan,8.8,5.13,62331.52,Fidelity National Title,Completed
INSERT,2026-08-26T00:00:00,2026-08-26,TXN0258481,PT0080892,LST0080892,AG02294,AG00154,Crystal Moore,335257.34,2026-08-26,2026-10-21,Cash,100.0,6.45,21624.1,First American Title,Completed
INSERT,2026-08-26T00:00:00,2026-08-26,TXN0258482,PT0516412,LST0516412,AG02081,AG00770,Corey Rhodes,459034.99,2026-08-26,2026-09-16,Conventional Mortgage,3.9,5.3,24328.85,Stewart Title,Completed
INSERT,2026-08-26T00:00:00,2026-08-26,TXN0258483,PT0323903,LST0323903,AG00381,AG01478,Wendy Smith,291675.54,2026-08-26,2026-09-25,Conventional Mortgage,5.6,5.87,17121.35,Old Republic Title,Completed
INSERT,2026-08-26T00:00:00,2026-08-26,TXN0258484,PT0297838,LST0297838,AG02148,AG02238,Mary Mclean,620169.25,2026-08-26,2026-10-23,Conventional Mortgage,11.7,5.82,36093.85,Stewart Title,Completed
INSERT,2026-08-26T00:00:00,2026-08-26,TXN0258485,PT0280811,LST0280811,AG00262,AG01090,Lucas Collins,907681.72,2026-08-26,2026-10-11,Conventional Mortgage,4.2,6.18,56094.73,Chicago Title,Completed
INSERT,2026-08-26T00:00:00,2026-08-26,TXN0258486,PT0125184,LST0125184,AG02583,AG02947,Teresa Wright,908398.81,2026-08-26,2026-10-05,Conventional Mortgage,9.2,6.44,58500.88,First American Title,Completed
INSERT,2026-08-26T00:00:00,2026-08-26,TXN0258487,PT0329959,LST0329959,AG02240,AG02786,Maria Clark,683052.27,2026-08-26,2026-09-16,Cash,100.0,5.63,38455.84,Fidelity National Title,Completed
INSERT,2026-08-26T00:00:00,2026-08-26,TXN0258488,PT0514170,LST0514170,AG00346,AG01907,Valerie Hayden,269552.8,2026-08-26,2026-09-15,FHA Loan,13.0,6.37,17170.51,WFG National Title,Completed
INSERT,2026-08-26T00:00:00,2026-08-26,TXN0258489,PT0384042,LST0384042,AG01727,AG00514,Michelle Freeman,548988.94,2026-08-26,2026-09-23,Conventional Mortgage,14.4,5.41,29700.3,Stewart Title,Completed
INSERT,2026-08-26T00:00:00,2026-08-26,TXN0258490,PT0508473,LST0508473,AG00901,AG02493,Melissa Cervantes,399525.08,2026-08-26,2026-09-30,Cash,100.0,6.2,24770.55,Stewart Title,Completed
INSERT,2026-08-26T00:00:00,2026-08-26,TXN0258491,PT0268300,LST0268300,AG01584,AG01016,Matthew Hill,282074.4,2026-08-26,2026-09-23,FHA Loan,18.8,4.95,13962.68,Fidelity National Title,Completed
INSERT,2026-08-26T00:00:00,2026-08-26,TXN0258492,PT0105540,LST0105540,AG02719,AG00781,Vanessa Caldwell,850353.13,2026-08-26,2026-09-16,Cash,100.0,5.65,48044.95,Stewart Title,Completed
INSERT,2026-08-26T00:00:00,2026-08-26,TXN0258493,PT0517731,LST0517731,AG01280,AG00032,Karen Berry,544308.59,2026-08-26,2026-10-02,VA Loan,23.5,6.44,35053.47,WFG National Title,Completed
INSERT,2026-08-26T00:00:00,2026-08-26,TXN0258494,PT0549278,LST0549278,AG01819,AG01122,Stephanie Bryant,83705.19,2026-08-26,2026-09-28,Cash,100.0,4.59,3842.07,Old Republic Title,Completed
INSERT,2026-08-26T00:00:00,2026-08-26,TXN0258495,PT0458682,LST0458682,AG00523,AG02004,Nicole Erickson,1505669.41,2026-08-26,2026-09-20,Conventional Mortgage,15.1,4.67,70314.76,Stewart Title,Completed
INSERT,2026-08-26T00:00:00,2026-08-26,TXN0258496,PT0537160,LST0537160,AG02917,AG00461,John Monroe,530938.25,2026-08-26,2026-10-19,Conventional Mortgage,7.1,4.85,25750.51,Old Republic Title,Completed
INSERT,2026-08-26T00:00:00,2026-08-26,TXN0258497,PT0540681,LST0540681,AG00341,AG00858,Andrea Kennedy,356038.2,2026-08-26,2026-10-03,Conventional Mortgage,5.9,5.95,21184.27,First American Title,Completed
INSERT,2026-08-26T00:00:00,2026-08-26,TXN0258498,PT0461086,LST0461086,AG02768,AG00021,Douglas Whitehead,992879.97,2026-08-26,2026-10-22,Jumbo Loan,21.3,6.46,64140.05,Old Republic Title,Completed
INSERT,2026-08-26T00:00:00,2026-08-26,TXN0258499,PT0285663,LST0285663,AG01423,AG02620,Suzanne Oneill,679176.15,2026-08-26,2026-09-24,Jumbo Loan,4.9,6.07,41225.99,Stewart Title,Completed
INSERT,2026-08-26T00:00:00,2026-08-26,TXN0258500,PT0493486,LST0493486,AG02050,AG00148,Anthony Walters,261056.12,2026-08-26,2026-10-23,Conventional Mortgage,20.6,6.06,15820.0,Stewart Title,Completed
INSERT,2026-08-26T00:00:00,2026-08-26,TXN0258501,PT0418596,LST0418596,AG02125,AG00616,Christopher Jones,306163.24,2026-08-26,2026-09-29,Conventional Mortgage,17.8,5.53,16930.83,WFG National Title,Completed
INSERT,2026-08-26T00:00:00,2026-08-26,TXN0258502,PT0546570,LST0546570,AG00825,AG00329,Jeffrey Goodman,168269.69,2026-08-26,2026-09-10,Conventional Mortgage,3.8,6.4,10769.26,Fidelity National Title,Completed
INSERT,2026-08-26T00:00:00,2026-08-26,TXN0258503,PT0111027,LST0111027,AG00615,AG00308,Charles Conrad,450176.31,2026-08-26,2026-10-10,Conventional Mortgage,4.8,5.89,26515.38,WFG National Title,Completed
INSERT,2026-08-26T00:00:00,2026-08-26,TXN0258504,PT0501570,LST0501570,AG02901,AG02472,Frank Burton,799556.25,2026-08-26,2026-10-24,Conventional Mortgage,17.8,5.39,43096.08,Chicago Title,Completed
INSERT,2026-08-26T00:00:00,2026-08-26,TXN0258505,PT0021866,LST0021866,AG01740,AG00411,Nathan Ellis,481296.23,2026-08-26,2026-10-15,Jumbo Loan,17.6,6.4,30802.96,Chicago Title,Completed
INSERT,2026-08-26T00:00:00,2026-08-26,TXN0258506,PT0564875,LST0564875,AG02619,AG00160,Christina Boyd,264071.98,2026-08-26,2026-09-30,Cash,100.0,5.41,14286.29,Fidelity National Title,Completed
INSERT,2026-08-26T00:00:00,2026-08-26,TXN0258507,PT0231716,LST0231716,AG02997,AG01175,Eddie House,491933.65,2026-08-26,2026-10-16,FHA Loan,18.0,5.86,28827.31,Stewart Title,Completed
INSERT,2026-08-26T00:00:00,2026-08-26,TXN0258508,PT0406966,LST0406966,AG01983,AG01923,Diane Williams,317222.82,2026-08-26,2026-09-26,FHA Loan,19.1,4.92,15607.36,Stewart Title,Completed
INSERT,2026-08-26T00:00:00,2026-08-26,TXN0258509,PT0395475,LST0395475,AG02015,AG01941,Dorothy Wheeler,902992.65,2026-08-26,2026-10-04,Conventional Mortgage,23.6,6.49,58604.22,Fidelity National Title,Completed
INSERT,2026-08-26T00:00:00,2026-08-26,TXN0258510,PT0094742,LST0094742,AG00807,AG02878,Max Jenkins,220836.62,2026-08-26,2026-10-04,Conventional Mortgage,4.4,5.8,12808.52,Chicago Title,Completed
INSERT,2026-08-26T00:00:00,2026-08-26,TXN0258511,PT0448015,LST0448015,AG02220,AG00888,Dr. Mary Escobar,465502.59,2026-08-26,2026-10-17,Conventional Mortgage,5.4,5.17,24066.48,WFG National Title,Completed
INSERT,2026-08-26T00:00:00,2026-08-26,TXN0258512,PT0006998,LST0006998,AG01121,AG01024,Jacob Brown,198347.82,2026-08-26,2026-09-25,Conventional Mortgage,15.6,5.1,10115.74,Stewart Title,Completed
INSERT,2026-08-26T00:00:00,2026-08-26,TXN0258513,PT0463967,LST0463967,AG01685,AG02320,Thomas Sheppard,620342.05,2026-08-26,2026-10-19,Cash,100.0,5.5,34118.81,First American Title,Completed
INSERT,2026-08-26T00:00:00,2026-08-26,TXN0258514,PT0526517,LST0526517,AG00029,AG01388,Emily Maynard,152392.28,2026-08-26,2026-10-15,Conventional Mortgage,6.4,6.2,9448.32,Stewart Title,Completed
INSERT,2026-08-26T00:00:00,2026-08-26,TXN0258515,PT0337653,LST0337653,AG00905,AG01061,Casey Mann,780836.42,2026-08-26,2026-10-20,Cash,100.0,5.44,42477.5,First American Title,Completed
INSERT,2026-08-26T00:00:00,2026-08-26,TXN0258516,PT0493034,LST0493034,AG00516,AG02666,Mary Martin,160015.83,2026-08-26,2026-10-24,Conventional Mortgage,16.9,5.38,8608.85,First American Title,Completed
INSERT,2026-08-26T00:00:00,2026-08-26,TXN0258517,PT0046901,LST0046901,AG01176,AG00021,Philip Bautista,298211.23,2026-08-26,2026-09-25,FHA Loan,9.5,4.78,14254.5,Chicago Title,Completed
INSERT,2026-08-26T00:00:00,2026-08-26,TXN0258518,PT0008029,LST0008029,AG01679,AG01009,Linda Chen,132914.18,2026-08-26,2026-10-18,Conventional Mortgage,15.9,4.7,6246.97,Fidelity National Title,Completed
INSERT,2026-08-26T00:00:00,2026-08-26,TXN0258519,PT0029650,LST0029650,AG00093,AG01736,Brandon West,699728.38,2026-08-26,2026-09-12,Cash,100.0,5.3,37085.6,Fidelity National Title,Completed
INSERT,2026-08-26T00:00:00,2026-08-26,TXN0258520,PT0520026,LST0520026,AG00678,AG01055,Robert Hanson,9989.97,2026-08-26,2026-09-15,Conventional Mortgage,17.2,6.14,613.38,Fidelity National Title,Completed
INSERT,2026-08-26T00:00:00,2026-08-26,TXN0258521,PT0473275,LST0473275,AG00572,AG02292,Timothy Davidson,152254.52,2026-08-26,2026-10-24,VA Loan,23.9,6.2,9439.78,WFG National Title,Completed
INSERT,2026-08-26T00:00:00,2026-08-26,TXN0258522,PT0467471,LST0467471,AG00618,AG02565,Anthony Smith,124864.52,2026-08-26,2026-09-12,FHA Loan,21.0,4.99,6230.74,Old Republic Title,Completed
INSERT,2026-08-26T00:00:00,2026-08-26,TXN0258523,PT0256341,LST0256341,AG00659,AG02746,Adam Nguyen,786133.79,2026-08-26,2026-10-09,Conventional Mortgage,11.4,5.22,41036.18,Fidelity National Title,Completed
INSERT,2026-08-26T00:00:00,2026-08-26,TXN0258524,PT0507621,LST0507621,AG01099,AG00772,Christopher Rodriguez,310209.27,2026-08-26,2026-10-12,Conventional Mortgage,22.7,5.09,15789.65,WFG National Title,Completed
INSERT,2026-08-26T00:00:00,2026-08-26,TXN0258525,PT0148164,LST0148164,AG01158,AG01112,Jessica Wilson,177291.53,2026-08-26,2026-10-02,Conventional Mortgage,18.0,6.37,11293.47,Old Republic Title,Completed
INSERT,2026-08-26T00:00:00,2026-08-26,TXN0258526,PT0146416,LST0146416,AG01779,AG01878,James Foley,666884.48,2026-08-26,2026-09-19,FHA Loan,12.0,6.42,42813.98,Fidelity National Title,Completed
INSERT,2026-08-26T00:00:00,2026-08-26,TXN0258527,PT0002272,LST0002272,AG00120,AG00298,Emily Perez,220441.97,2026-08-26,2026-09-25,FHA Loan,23.7,6.29,13865.8,Fidelity National Title,Completed
INSERT,2026-08-26T00:00:00,2026-08-26,TXN0258528,PT0106222,LST0106222,AG01935,AG02219,Jordan Robinson,478784.19,2026-08-26,2026-09-22,Conventional Mortgage,24.3,5.68,27194.94,Old Republic Title,Completed
INSERT,2026-08-26T00:00:00,2026-08-26,TXN0258529,PT0501264,LST0501264,AG01340,AG02984,Glenn Clarke Jr.,84483.63,2026-08-26,2026-09-15,Cash,100.0,4.86,4105.9,First American Title,Completed
INSERT,2026-08-26T00:00:00,2026-08-26,TXN0258530,PT0548454,LST0548454,AG00955,AG02661,Rachel Brown,1111495.34,2026-08-26,2026-09-19,FHA Loan,8.1,5.11,56797.41,Fidelity National Title,Completed
INSERT,2026-08-26T00:00:00,2026-08-26,TXN0258531,PT0561260,LST0561260,AG01411,AG00220,George Kaiser,497713.36,2026-08-26,2026-10-19,VA Loan,4.8,4.91,24437.73,Fidelity National Title,Completed
INSERT,2026-08-26T00:00:00,2026-08-26,TXN0258532,PT0262226,LST0262226,AG00638,AG01581,Crystal Gilbert,145580.74,2026-08-26,2026-10-01,Conventional Mortgage,3.3,4.8,6987.88,Old Republic Title,Completed
INSERT,2026-08-26T00:00:00,2026-08-26,TXN0258533,PT0549609,LST0549609,AG00045,AG00990,John Howard,80632.64,2026-08-26,2026-10-19,FHA Loan,17.9,5.86,4725.07,Stewart Title,Completed
INSERT,2026-08-26T00:00:00,2026-08-26,TXN0258534,PT0107354,LST0107354,AG01584,AG01747,Ashley Norris,387222.48,2026-08-26,2026-10-07,Conventional Mortgage,11.3,5.09,19709.62,Stewart Title,Completed
INSERT,2026-08-26T00:00:00,2026-08-26,TXN0258535,PT0475029,LST0475029,AG01620,AG01487,Donna Thomas,200227.38,2026-08-26,2026-10-19,VA Loan,10.5,5.24,10491.91,WFG National Title,Completed
INSERT,2026-08-26T00:00:00,2026-08-26,TXN0258536,PT0370179,LST0370179,AG02376,AG02485,Sean Scott,185388.5,2026-08-26,2026-10-09,FHA Loan,17.0,5.08,9417.74,First American Title,Completed
INSERT,2026-08-26T00:00:00,2026-08-26,TXN0258537,PT0551397,LST0551397,AG02940,AG01995,Alyssa Church,789884.95,2026-08-26,2026-10-10,Conventional Mortgage,5.0,5.84,46129.28,Stewart Title,Completed
INSERT,2026-08-26T00:00:00,2026-08-26,TXN0258538,PT0495021,LST0495021,AG02599,AG01063,Thomas Washington,508866.9,2026-08-26,2026-09-11,Conventional Mortgage,15.2,5.46,27784.13,WFG National Title,Completed
INSERT,2026-08-26T00:00:00,2026-08-26,TXN0258539,PT0343748,LST0343748,AG00395,AG00156,Jessica Howell,935992.74,2026-08-26,2026-10-06,Conventional Mortgage,11.9,4.75,44459.66,Stewart Title,Completed
INSERT,2026-08-26T00:00:00,2026-08-26,TXN0258540,PT0433711,LST0433711,AG01000,AG00757,Tracy Davis,542093.81,2026-08-26,2026-09-29,Conventional Mortgage,24.8,5.9,31983.53,Fidelity National Title,Completed
INSERT,2026-08-26T00:00:00,2026-08-26,TXN0258541,PT0528683,LST0528683,AG00559,AG01753,Dylan Perry,222015.59,2026-08-26,2026-09-29,FHA Loan,15.2,6.41,14231.2,Stewart Title,Completed
INSERT,2026-08-26T00:00:00,2026-08-26,TXN0258542,PT0348432,LST0348432,AG02377,AG00183,Nicholas Collins,445452.46,2026-08-26,2026-09-30,VA Loan,6.7,4.62,20579.9,Stewart Title,Completed
INSERT,2026-08-26T00:00:00,2026-08-26,TXN0258543,PT0270187,LST0270187,AG02486,AG02324,Kelly Nichols,771262.13,2026-08-26,2026-10-20,Conventional Mortgage,14.3,5.99,46198.6,Stewart Title,Completed
INSERT,2026-08-26T00:00:00,2026-08-26,TXN0258544,PT0329528,LST0329528,AG01153,AG02926,Randall Oliver,666484.01,2026-08-26,2026-09-29,Conventional Mortgage,22.5,5.07,33790.74,First American Title,Completed
INSERT,2026-08-26T00:00:00,2026-08-26,TXN0258545,PT0466778,LST0466778,AG00170,AG00278,Gene Steele,2007704.28,2026-08-26,2026-10-01,Cash,100.0,5.77,115844.54,Old Republic Title,Completed
INSERT,2026-08-26T00:00:00,2026-08-26,TXN0258546,PT0386611,LST0386611,AG00178,AG02866,David Taylor,511611.99,2026-08-26,2026-10-24,Conventional Mortgage,14.1,4.72,24148.09,WFG National Title,Completed
INSERT,2026-08-26T00:00:00,2026-08-26,TXN0258547,PT0518927,LST0518927,AG00908,AG00036,Tanya Shaw,682127.41,2026-08-26,2026-09-29,Cash,100.0,5.37,36630.24,Stewart Title,Completed
INSERT,2026-08-26T00:00:00,2026-08-26,TXN0258548,PT0111824,LST0111824,AG02947,AG00759,Jeffrey Young,639255.5,2026-08-26,2026-10-23,FHA Loan,19.2,5.24,33496.99,Stewart Title,Completed
INSERT,2026-08-26T00:00:00,2026-08-26,TXN0258549,PT0542207,LST0542207,AG02880,AG00755,Casey Gill,573897.56,2026-08-26,2026-10-05,Jumbo Loan,5.1,6.46,37073.78,Stewart Title,Completed
INSERT,2026-08-26T00:00:00,2026-08-26,TXN0258550,PT0260696,LST0260696,AG01202,AG00925,Christopher Torres,1463024.65,2026-08-26,2026-10-17,FHA Loan,23.2,4.74,69347.37,First American Title,Completed
INSERT,2026-08-26T00:00:00,2026-08-26,TXN0258551,PT0060874,LST0060874,AG01497,AG01766,Dr. Anna Atkins,1556447.05,2026-08-26,2026-10-16,Conventional Mortgage,9.8,5.54,86227.17,Chicago Title,Completed
INSERT,2026-08-26T00:00:00,2026-08-26,TXN0258552,PT0115193,LST0115193,AG02910,AG01447,Rebecca Jackson,163475.86,2026-08-26,2026-10-07,Conventional Mortgage,12.3,4.82,7879.54,Stewart Title,Completed
INSERT,2026-08-26T00:00:00,2026-08-26,TXN0258553,PT0061473,LST0061473,AG02408,AG02787,Gary Mason,87890.72,2026-08-26,2026-10-15,FHA Loan,23.6,5.1,4482.43,Old Republic Title,Completed
INSERT,2026-08-26T00:00:00,2026-08-26,TXN0258554,PT0442620,LST0442620,AG00319,AG00211,Andrew Walters,199820.66,2026-08-26,2026-09-12,Conventional Mortgage,22.4,6.32,12628.67,WFG National Title,Completed
INSERT,2026-08-26T00:00:00,2026-08-26,TXN0258555,PT0401808,LST0401808,AG00550,AG00006,Karen Reynolds,238935.23,2026-08-26,2026-09-20,Cash,100.0,6.3,15052.92,First American Title,Completed
INSERT,2026-08-26T00:00:00,2026-08-26,TXN0258556,PT0506632,LST0506632,AG01332,AG02620,Patrick Harrison,511100.21,2026-08-26,2026-10-23,Jumbo Loan,16.5,6.24,31892.65,Old Republic Title,Completed
INSERT,2026-08-26T00:00:00,2026-08-26,TXN0258557,PT0246337,LST0246337,AG02385,AG00836,Karen Young,316587.69,2026-08-26,2026-10-11,Cash,100.0,6.12,19375.17,WFG National Title,Completed
INSERT,2026-08-26T00:00:00,2026-08-26,TXN0258558,PT0449210,LST0449210,AG01341,AG00132,Donna Gordon,238630.61,2026-08-26,2026-10-08,Conventional Mortgage,24.0,4.62,11024.73,Fidelity National Title,Completed
INSERT,2026-08-26T00:00:00,2026-08-26,TXN0258559,PT0543250,LST0543250,AG02625,AG01471,Andrew Ramos,341860.43,2026-08-26,2026-09-27,Cash,100.0,5.4,18460.46,Stewart Title,Completed
INSERT,2026-08-26T00:00:00,2026-08-26,TXN0258560,PT0176990,LST0176990,AG01808,AG01003,Michelle Mathews,845408.16,2026-08-26,2026-09-22,FHA Loan,5.9,4.79,40495.05,Stewart Title,Completed
INSERT,2026-08-26T00:00:00,2026-08-26,TXN0258561,PT0507095,LST0507095,AG00250,AG01635,Gabrielle Gentry,222057.66,2026-08-26,2026-10-10,Conventional Mortgage,18.3,6.07,13478.9,First American Title,Completed
INSERT,2026-08-26T00:00:00,2026-08-26,TXN0258562,PT0561829,LST0561829,AG01722,AG00538,Margaret Terry,1398726.05,2026-08-26,2026-10-18,Cash,100.0,5.66,79167.89,WFG National Title,Completed
INSERT,2026-08-26T00:00:00,2026-08-26,TXN0258563,PT0218104,LST0218104,AG00543,AG02568,Kimberly Brown,401816.36,2026-08-26,2026-09-16,Conventional Mortgage,11.3,6.19,24872.43,Old Republic Title,Completed
INSERT,2026-08-26T00:00:00,2026-08-26,TXN0258564,PT0149342,LST0149342,AG01272,AG00533,Catherine Mcdonald,643848.41,2026-08-26,2026-09-16,Cash,100.0,6.01,38695.29,WFG National Title,Completed
INSERT,2026-08-26T00:00:00,2026-08-26,TXN0258565,PT0395116,LST0395116,AG01755,AG02785,Nicole Rodriguez,652927.71,2026-08-26,2026-09-27,Conventional Mortgage,17.0,5.63,36759.83,Fidelity National Title,Completed
INSERT,2026-08-26T00:00:00,2026-08-26,TXN0258566,PT0526720,LST0526720,AG00424,AG02951,Erica Jackson,546222.17,2026-08-26,2026-09-30,Conventional Mortgage,6.6,5.96,32554.84,First American Title,Completed
INSERT,2026-08-26T00:00:00,2026-08-26,TXN0258567,PT0367058,LST0367058,AG01196,AG01671,Amy Patterson,356101.71,2026-08-26,2026-10-20,Conventional Mortgage,20.8,6.0,21366.1,Old Republic Title,Completed
INSERT,2026-08-26T00:00:00,2026-08-26,TXN0258568,PT0348181,LST0348181,AG01489,AG01572,Jessica Phillips,401559.37,2026-08-26,2026-09-10,FHA Loan,20.6,6.31,25338.4,Fidelity National Title,Completed
INSERT,2026-08-26T00:00:00,2026-08-26,TXN0258569,PT0518961,LST0518961,AG02572,AG01422,Nicholas Miller,316587.9,2026-08-26,2026-09-30,Conventional Mortgage,8.2,5.99,18963.62,Fidelity National Title,Completed
INSERT,2026-08-26T00:00:00,2026-08-26,TXN0258570,PT0438620,LST0438620,AG00106,AG01948,Timothy Miller,85380.39,2026-08-26,2026-09-30,Conventional Mortgage,17.3,5.13,4380.01,Stewart Title,Completed
INSERT,2026-08-26T00:00:00,2026-08-26,TXN0258571,PT0416604,LST0416604,AG02296,AG02424,Gabriel Kaufman,647794.5,2026-08-26,2026-10-05,Conventional Mortgage,19.1,6.23,40357.6,Chicago Title,Completed
INSERT,2026-08-26T00:00:00,2026-08-26,TXN0258572,PT0487749,LST0487749,AG00104,AG01680,James Baker,624893.36,2026-08-26,2026-10-19,Conventional Mortgage,4.9,5.44,33994.2,Stewart Title,Completed
INSERT,2026-08-26T00:00:00,2026-08-26,TXN0258573,PT0545758,LST0545758,AG01821,AG02122,Henry Thomas,166912.64,2026-08-26,2026-10-03,Jumbo Loan,21.2,5.06,8445.78,Stewart Title,Completed
INSERT,2026-08-26T00:00:00,2026-08-26,TXN0258574,PT0072574,LST0072574,AG00319,AG01451,Kendra Hall,28377.25,2026-08-26,2026-09-25,Conventional Mortgage,5.0,6.26,1776.42,Stewart Title,Completed
INSERT,2026-08-26T00:00:00,2026-08-26,TXN0258575,PT0093851,LST0093851,AG01857,AG01416,Elizabeth Hardy,405370.21,2026-08-26,2026-10-21,Conventional Mortgage,7.1,5.32,21565.7,Old Republic Title,Completed
INSERT,2026-08-26T00:00:00,2026-08-26,TXN0258576,PT0041018,LST0041018,AG00203,AG02608,Ariel Adams,340250.98,2026-08-26,2026-09-18,FHA Loan,15.8,5.3,18033.3,Old Republic Title,Completed
INSERT,2026-08-26T00:00:00,2026-08-26,TXN0258577,PT0494026,LST0494026,AG00128,AG02158,Tina Martin,496563.73,2026-08-26,2026-10-07,Conventional Mortgage,8.6,5.16,25622.69,Fidelity National Title,Completed
INSERT,2026-08-26T00:00:00,2026-08-26,TXN0258578,PT0452257,LST0452257,AG02472,AG02354,Kathryn Clark,229888.2,2026-08-26,2026-10-12,Jumbo Loan,9.0,6.14,14115.14,Fidelity National Title,Completed
INSERT,2026-08-26T00:00:00,2026-08-26,TXN0258579,PT0554954,LST0554954,AG00404,AG01957,Marcus Obrien,810242.3,2026-08-26,2026-10-19,Jumbo Loan,14.6,5.97,48371.47,First American Title,Completed
INSERT,2026-08-26T00:00:00,2026-08-26,TXN0258580,PT0281804,LST0281804,AG01223,AG01677,Heidi Martinez,290674.75,2026-08-26,2026-09-13,Conventional Mortgage,12.8,4.57,13283.84,Chicago Title,Completed
INSERT,2026-08-26T00:00:00,2026-08-26,TXN0258581,PT0550935,LST0550935,AG02126,AG02882,Charles Garcia,146295.24,2026-08-26,2026-09-25,Conventional Mortgage,5.6,4.53,6627.17,Fidelity National Title,Completed
INSERT,2026-08-26T00:00:00,2026-08-26,TXN0258582,PT0060832,LST0060832,AG02742,AG02503,Molly Tran,1459066.72,2026-08-26,2026-10-07,Conventional Mortgage,3.9,5.8,84625.87,Stewart Title,Completed
INSERT,2026-08-26T00:00:00,2026-08-26,TXN0258583,PT0062372,LST0062372,AG00159,AG02460,Jeffrey Padilla,195533.96,2026-08-26,2026-10-16,Cash,100.0,5.27,10304.64,Old Republic Title,Completed
INSERT,2026-08-26T00:00:00,2026-08-26,TXN0258584,PT0158368,LST0158368,AG02352,AG02533,Monica Davis,603074.87,2026-08-26,2026-09-11,Cash,100.0,5.75,34676.81,WFG National Title,Completed
INSERT,2026-08-26T00:00:00,2026-08-26,TXN0258585,PT0503652,LST0503652,AG01909,AG00137,Kristi Kennedy,743239.04,2026-08-26,2026-10-21,Cash,100.0,5.54,41175.44,Old Republic Title,Completed
INSERT,2026-08-26T00:00:00,2026-08-26,TXN0258586,PT0109966,LST0109966,AG01075,AG01246,Sarah Montgomery,400277.25,2026-08-26,2026-10-18,Cash,100.0,5.74,22975.91,Fidelity National Title,Completed
INSERT,2026-08-26T00:00:00,2026-08-26,TXN0258587,PT0191959,LST0191959,AG01780,AG01913,Vanessa West,164875.59,2026-08-26,2026-10-23,Conventional Mortgage,19.1,5.62,9266.01,Fidelity National Title,Completed
INSERT,2026-08-26T00:00:00,2026-08-26,TXN0258588,PT0401886,LST0401886,AG02543,AG02648,Christopher Wood,443700.47,2026-08-26,2026-10-01,Conventional Mortgage,5.3,6.29,27908.76,Stewart Title,Completed
INSERT,2026-08-26T00:00:00,2026-08-26,TXN0258589,PT0429825,LST0429825,AG01124,AG01754,Tyrone Small,521685.42,2026-08-26,2026-10-18,Cash,100.0,4.85,25301.74,First American Title,Completed
INSERT,2026-08-26T00:00:00,2026-08-26,TXN0258590,PT0482480,LST0482480,AG02241,AG00742,Brent Peterson,500685.35,2026-08-26,2026-10-12,FHA Loan,3.5,5.14,25735.23,First American Title,Completed
INSERT,2026-08-26T00:00:00,2026-08-26,TXN0258591,PT0513311,LST0513311,AG01964,AG01284,Anne Williams,277782.53,2026-08-26,2026-10-22,VA Loan,23.7,6.44,17889.19,Fidelity National Title,Completed
INSERT,2026-08-26T00:00:00,2026-08-26,TXN0258592,PT0139342,LST0139342,AG02940,AG00391,Terry Hood,725548.16,2026-08-26,2026-10-08,Cash,100.0,5.93,43025.01,Fidelity National Title,Completed
INSERT,2026-08-26T00:00:00,2026-08-26,TXN0258593,PT0478750,LST0478750,AG00732,AG01656,Cody Cox,1230601.07,2026-08-26,2026-10-01,VA Loan,22.3,6.38,78512.35,Old Republic Title,Completed
INSERT,2026-08-26T00:00:00,2026-08-26,TXN0258594,PT0493219,LST0493219,AG02188,AG00694,Kimberly Reid,878291.73,2026-08-26,2026-10-16,VA Loan,15.6,5.63,49447.82,Fidelity National Title,Completed
INSERT,2026-08-26T00:00:00,2026-08-26,TXN0258595,PT0060561,LST0060561,AG02693,AG01183,Scott Fernandez,326874.89,2026-08-26,2026-10-10,FHA Loan,6.0,5.87,19187.56,Old Republic Title,Completed
INSERT,2026-08-26T00:00:00,2026-08-26,TXN0258596,PT0541779,LST0541779,AG00204,AG02669,Justin Lozano,473004.69,2026-08-26,2026-09-15,Conventional Mortgage,17.2,5.24,24785.45,Stewart Title,Completed
INSERT,2026-08-26T00:00:00,2026-08-26,TXN0258597,PT0549039,LST0549039,AG02280,AG00447,Adrian Clark,747026.9,2026-08-26,2026-09-11,Conventional Mortgage,3.0,5.29,39517.72,Chicago Title,Completed
INSERT,2026-08-26T00:00:00,2026-08-26,TXN0258598,PT0532672,LST0532672,AG02437,AG00883,Benjamin Hickman,145524.2,2026-08-26,2026-10-01,Conventional Mortgage,3.4,5.85,8513.17,First American Title,Completed
INSERT,2026-08-26T00:00:00,2026-08-26,TXN0258599,PT0226105,LST0226105,AG00161,AG02510,Penny Gillespie,578133.69,2026-08-26,2026-09-24,Jumbo Loan,8.1,5.26,30409.83,First American Title,Completed
INSERT,2026-08-26T00:00:00,2026-08-26,TXN0258600,PT0538464,LST0538464,AG01810,AG01666,Brianna Flores,802065.05,2026-08-26,2026-10-07,Jumbo Loan,19.7,5.84,46840.6,WFG National Title,Completed
INSERT,2026-08-26T00:00:00,2026-08-26,TXN0258601,PT0138075,LST0138075,AG00080,AG00643,Julia Elliott,200528.47,2026-08-26,2026-10-11,Conventional Mortgage,21.5,4.69,9404.79,Stewart Title,Completed
INSERT,2026-08-26T00:00:00,2026-08-26,TXN0258602,PT0101444,LST0101444,AG00600,AG00857,Kelsey Rasmussen,487685.2,2026-08-26,2026-10-08,VA Loan,8.6,4.95,24140.42,First American Title,Completed
INSERT,2026-08-26T00:00:00,2026-08-26,TXN0258603,PT0535667,LST0535667,AG01761,AG01470,Michael Sanders,976698.76,2026-08-26,2026-10-16,Conventional Mortgage,21.8,5.8,56648.53,First American Title,Completed
INSERT,2026-08-26T00:00:00,2026-08-26,TXN0258604,PT0526543,LST0526543,AG00426,AG02476,Nicholas Martinez,1041744.86,2026-08-26,2026-09-10,FHA Loan,21.0,5.65,58858.58,Stewart Title,Completed
INSERT,2026-08-26T00:00:00,2026-08-26,TXN0258605,PT0421867,LST0421867,AG01125,AG00287,Megan Moore,635886.47,2026-08-26,2026-10-17,Conventional Mortgage,12.7,4.98,31667.15,Chicago Title,Completed
INSERT,2026-08-26T00:00:00,2026-08-26,TXN0258606,PT0172846,LST0172846,AG01392,AG02228,Karen Harmon,1717485.61,2026-08-26,2026-10-18,VA Loan,4.0,5.18,88965.75,WFG National Title,Completed
INSERT,2026-08-26T00:00:00,2026-08-26,TXN0258607,PT0482109,LST0482109,AG01676,AG00950,Paul Garcia,380008.76,2026-08-26,2026-10-09,FHA Loan,5.5,4.99,18962.44,Stewart Title,Completed
INSERT,2026-08-26T00:00:00,2026-08-26,TXN0258608,PT0412289,LST0412289,AG01787,AG02449,Lisa Berry,99005.5,2026-08-26,2026-10-03,FHA Loan,9.6,4.63,4583.95,First American Title,Completed
INSERT,2026-08-26T00:00:00,2026-08-26,TXN0258609,PT0223522,LST0223522,AG00223,AG01772,Jennifer Jones,464953.47,2026-08-26,2026-10-18,Conventional Mortgage,21.5,5.07,23573.14,Stewart Title,Completed
INSERT,2026-08-26T00:00:00,2026-08-26,TXN0258610,PT0383502,LST0383502,AG01504,AG01089,Nancy Oneill,311608.06,2026-08-26,2026-09-16,Jumbo Loan,15.7,5.23,16297.1,WFG National Title,Completed
INSERT,2026-08-26T00:00:00,2026-08-26,TXN0258611,PT0371052,LST0371052,AG01526,AG01447,Andrew Campbell,336724.67,2026-08-26,2026-10-12,FHA Loan,10.4,5.9,19866.76,Chicago Title,Completed
INSERT,2026-08-26T00:00:00,2026-08-26,TXN0258612,PT0135195,LST0135195,AG00635,AG02740,Renee Rose,930181.92,2026-08-26,2026-10-10,Conventional Mortgage,15.8,4.61,42881.39,Old Republic Title,Completed
INSERT,2026-08-26T00:00:00,2026-08-26,TXN0258613,PT0391361,LST0391361,AG00804,AG01572,Autumn Norton,2561902.92,2026-08-26,2026-10-07,Jumbo Loan,20.3,5.72,146540.85,First American Title,Completed
INSERT,2026-08-26T00:00:00,2026-08-26,TXN0258614,PT0219895,LST0219895,AG02194,AG00172,Mary Bean,133777.98,2026-08-26,2026-09-25,Conventional Mortgage,14.2,5.02,6715.65,Old Republic Title,Completed
INSERT,2026-08-26T00:00:00,2026-08-26,TXN0258615,PT0528526,LST0528526,AG00023,AG00128,Bryan Palmer DDS,1341063.26,2026-08-26,2026-10-10,Conventional Mortgage,11.1,5.58,74831.33,Stewart Title,Completed
INSERT,2026-08-26T00:00:00,2026-08-26,TXN0258616,PT0473036,LST0473036,AG01735,AG01287,Dr. Amber Williams,881219.65,2026-08-26,2026-09-12,FHA Loan,18.7,5.9,51991.96,Chicago Title,Completed
INSERT,2026-08-26T00:00:00,2026-08-26,TXN0258617,PT0137053,LST0137053,AG01968,AG01585,Mr. James English MD,325774.32,2026-08-26,2026-10-24,Conventional Mortgage,5.4,4.61,15018.2,Stewart Title,Completed
INSERT,2026-08-26T00:00:00,2026-08-26,TXN0258618,PT0254026,LST0254026,AG00037,AG00887,Valerie Smith PhD,272639.59,2026-08-26,2026-10-18,Conventional Mortgage,12.7,5.83,15894.89,Old Republic Title,Completed
INSERT,2026-08-26T00:00:00,2026-08-26,TXN0258619,PT0114808,LST0114808,AG01281,AG02089,Allen Scott,1941409.11,2026-08-26,2026-09-19,Conventional Mortgage,24.7,4.64,90081.38,Stewart Title,Completed
INSERT,2026-08-26T00:00:00,2026-08-26,TXN0258620,PT0183492,LST0183492,AG02121,AG01880,Dr. Maria Brown,379449.81,2026-08-26,2026-10-14,Cash,100.0,5.07,19238.11,WFG National Title,Completed
INSERT,2026-08-26T00:00:00,2026-08-26,TXN0258621,PT0301918,LST0301918,AG02458,AG01702,David Caldwell,365039.99,2026-08-26,2026-09-10,Conventional Mortgage,17.8,4.6,16791.84,First American Title,Completed
INSERT,2026-08-26T00:00:00,2026-08-26,TXN0258622,PT0157850,LST0157850,AG01781,AG02207,Timothy Jones,1464842.65,2026-08-26,2026-09-25,Conventional Mortgage,22.6,6.05,88622.98,Fidelity National Title,Completed
INSERT,2026-08-26T00:00:00,2026-08-26,TXN0258623,PT0371606,LST0371606,AG02075,AG00320,Taylor Benson,1205586.0,2026-08-26,2026-09-13,Conventional Mortgage,15.0,4.63,55818.63,Fidelity National Title,Completed
INSERT,2026-08-26T00:00:00,2026-08-26,TXN0258624,PT0151089,LST0151089,AG02093,AG02154,Brenda Garcia,434878.55,2026-08-26,2026-10-19,FHA Loan,24.9,5.48,23831.34,Stewart Title,Completed
INSERT,2026-08-26T00:00:00,2026-08-26,TXN0258625,PT0547005,LST0547005,AG02887,AG00847,Jason Chavez,970599.56,2026-08-26,2026-09-30,Conventional Mortgage,18.2,6.29,61050.71,Fidelity National Title,Completed
INSERT,2026-08-26T00:00:00,2026-08-26,TXN0258626,PT0467336,LST0467336,AG02507,AG02163,Deborah Graham,602033.57,2026-08-26,2026-10-13,Cash,100.0,5.8,34917.95,Stewart Title,Completed
INSERT,2026-08-26T00:00:00,2026-08-26,TXN0258627,PT0100318,LST0100318,AG01884,AG00883,Miss Crystal Mejia,159910.53,2026-08-26,2026-10-05,VA Loan,16.5,4.82,7707.69,First American Title,Completed
INSERT,2026-08-26T00:00:00,2026-08-26,TXN0258628,PT0562664,LST0562664,AG00122,AG01403,Christopher Cooley,164032.05,2026-08-26,2026-09-29,Jumbo Loan,24.5,5.91,9694.29,Fidelity National Title,Completed
INSERT,2026-08-26T00:00:00,2026-08-26,TXN0258629,PT0205477,LST0205477,AG00039,AG00647,Alex Bender,303418.46,2026-08-26,2026-09-20,Conventional Mortgage,23.4,4.73,14351.69,First American Title,Completed
INSERT,2026-08-26T00:00:00,2026-08-26,TXN0258630,PT0100892,LST0100892,AG00423,AG00317,Julie Adams,337845.55,2026-08-26,2026-09-15,Conventional Mortgage,19.2,5.85,19763.96,WFG National Title,Completed
INSERT,2026-08-26T00:00:00,2026-08-26,TXN0258631,PT0026395,LST0026395,AG01988,AG02121,Michelle Thomas,565465.08,2026-08-26,2026-10-18,Cash,100.0,4.73,26746.5,Old Republic Title,Completed
INSERT,2026-08-26T00:00:00,2026-08-26,TXN0258632,PT0276145,LST0276145,AG01288,AG02969,Christine Howard,230968.65,2026-08-26,2026-10-22,Conventional Mortgage,19.6,6.33,14620.32,Fidelity National Title,Completed
INSERT,2026-08-26T00:00:00,2026-08-26,TXN0258633,PT0264966,LST0264966,AG01930,AG00053,Robert Foster,1137838.84,2026-08-26,2026-10-22,Conventional Mortgage,6.2,5.25,59736.54,WFG National Title,Completed
INSERT,2026-08-26T00:00:00,2026-08-26,TXN0258634,PT0134225,LST0134225,AG01569,AG01231,Austin Kelly,360032.26,2026-08-26,2026-10-02,Cash,100.0,4.87,17533.57,First American Title,Completed
INSERT,2026-08-26T00:00:00,2026-08-26,TXN0258635,PT0270819,LST0270819,AG02782,AG01145,Robert Castro,437572.23,2026-08-26,2026-10-10,Jumbo Loan,17.7,5.27,23060.06,Old Republic Title,Completed
INSERT,2026-08-26T00:00:00,2026-08-26,TXN0258636,PT0490295,LST0490295,AG01843,AG00418,Shari Swanson,619703.95,2026-08-26,2026-09-17,VA Loan,23.2,6.47,40094.85,First American Title,Completed
INSERT,2026-08-26T00:00:00,2026-08-26,TXN0258637,PT0514910,LST0514910,AG01972,AG01836,Charles Holmes,413854.37,2026-08-26,2026-10-17,Conventional Mortgage,4.9,5.15,21313.5,First American Title,Completed
INSERT,2026-08-26T00:00:00,2026-08-26,TXN0258638,PT0547010,LST0547010,AG00870,AG01814,Lauren Blair,833627.51,2026-08-26,2026-09-11,Jumbo Loan,6.9,5.55,46266.33,First American Title,Completed
INSERT,2026-08-26T00:00:00,2026-08-26,TXN0258639,PT0336848,LST0336848,AG01707,AG00499,Michele Mccarthy,500368.24,2026-08-26,2026-10-13,Conventional Mortgage,9.6,4.74,23717.45,First American Title,Completed
INSERT,2026-08-26T00:00:00,2026-08-26,TXN0258640,PT0208481,LST0208481,AG02486,AG00821,Michaela Harris,286228.91,2026-08-26,2026-10-03,Conventional Mortgage,20.0,4.61,13195.15,Old Republic Title,Completed
INSERT,2026-08-26T00:00:00,2026-08-26,TXN0258641,PT0025265,LST0025265,AG02763,AG02533,Donna Webb,469251.0,2026-08-26,2026-10-02,FHA Loan,12.5,5.51,25855.73,Chicago Title,Completed
INSERT,2026-08-26T00:00:00,2026-08-26,TXN0258642,PT0176206,LST0176206,AG00351,AG02891,Spencer Thompson,348818.72,2026-08-26,2026-10-11,FHA Loan,6.1,4.7,16394.48,Old Republic Title,Completed
INSERT,2026-08-26T00:00:00,2026-08-26,TXN0258643,PT0260074,LST0260074,AG00702,AG01456,Alejandro Smith,474920.66,2026-08-26,2026-10-14,Conventional Mortgage,4.7,5.83,27687.87,WFG National Title,Completed
INSERT,2026-08-26T00:00:00,2026-08-26,TXN0258644,PT0020316,LST0020316,AG02144,AG01923,Jason Contreras,367891.52,2026-08-26,2026-10-10,Jumbo Loan,16.9,6.12,22514.96,Old Republic Title,Completed
INSERT,2026-08-26T00:00:00,2026-08-26,TXN0258645,PT0561774,LST0561774,AG00855,AG02536,Patricia Gonzalez,801754.95,2026-08-26,2026-09-23,Conventional Mortgage,7.6,5.9,47303.54,Stewart Title,Completed
INSERT,2026-08-26T00:00:00,2026-08-26,TXN0258646,PT0331316,LST0331316,AG02822,AG02584,Patricia Huff,254016.55,2026-08-26,2026-09-28,Conventional Mortgage,8.8,5.22,13259.66,WFG National Title,Completed
INSERT,2026-08-26T00:00:00,2026-08-26,TXN0258647,PT0277156,LST0277156,AG01664,AG01509,Sarah Mckenzie,566748.18,2026-08-26,2026-10-02,Conventional Mortgage,20.8,5.12,29017.51,Old Republic Title,Completed
INSERT,2026-08-26T00:00:00,2026-08-26,TXN0258648,PT0516897,LST0516897,AG02781,AG00608,Madison Hines,908307.39,2026-08-26,2026-10-22,Jumbo Loan,11.1,5.91,53680.97,First American Title,Completed
INSERT,2026-08-26T00:00:00,2026-08-26,TXN0258649,PT0535929,LST0535929,AG00167,AG02716,Thomas Parker,757519.06,2026-08-26,2026-09-13,Jumbo Loan,4.7,4.6,34845.88,Old Republic Title,Completed
INSERT,2026-08-26T00:00:00,2026-08-26,TXN0258650,PT0462039,LST0462039,AG02004,AG01543,Lisa Duncan,483209.24,2026-08-26,2026-09-15,Conventional Mortgage,8.0,5.63,27204.68,Stewart Title,Completed
INSERT,2026-08-26T00:00:00,2026-08-26,TXN0258651,PT0514961,LST0514961,AG02699,AG00619,Jaclyn Chang,324754.24,2026-08-26,2026-10-14,Jumbo Loan,6.8,5.18,16822.27,WFG National Title,Completed
INSERT,2026-08-26T00:00:00,2026-08-26,TXN0258652,PT0478837,LST0478837,AG01463,AG00428,Stuart Berry,946160.24,2026-08-26,2026-09-19,Conventional Mortgage,21.0,5.44,51471.12,Fidelity National Title,Completed
INSERT,2026-08-26T00:00:00,2026-08-26,TXN0258653,PT0114425,LST0114425,AG01179,AG02599,Benjamin Brady,612905.06,2026-08-26,2026-10-11,FHA Loan,12.4,4.98,30522.67,Old Republic Title,Completed
INSERT,2026-08-26T00:00:00,2026-08-26,TXN0258654,PT0210262,LST0210262,AG01295,AG02030,Mary Flynn,681596.4,2026-08-26,2026-10-10,Jumbo Loan,7.6,5.99,40827.62,Chicago Title,Completed
INSERT,2026-08-26T00:00:00,2026-08-26,TXN0258655,PT0420058,LST0420058,AG01138,AG01317,Meagan Williams,653148.94,2026-08-26,2026-10-07,Cash,100.0,6.38,41670.9,Fidelity National Title,Completed
INSERT,2026-08-26T00:00:00,2026-08-26,TXN0258656,PT0540507,LST0540507,AG02843,AG00063,Patrick Williamson,298423.02,2026-08-26,2026-10-04,VA Loan,16.2,5.52,16472.95,Old Republic Title,Completed
INSERT,2026-08-26T00:00:00,2026-08-26,TXN0258657,PT0390548,LST0390548,AG00220,AG02074,Aaron Anthony,231274.61,2026-08-26,2026-09-16,VA Loan,9.5,4.68,10823.65,Fidelity National Title,Completed
INSERT,2026-08-26T00:00:00,2026-08-26,TXN0258658,PT0093246,LST0093246,AG00833,AG01561,Stephen Gordon,383652.06,2026-08-26,2026-10-14,Conventional Mortgage,8.0,4.65,17839.82,WFG National Title,Completed
INSERT,2026-08-26T00:00:00,2026-08-26,TXN0258659,PT0510298,LST0510298,AG01784,AG00383,Douglas Riley,124589.45,2026-08-26,2026-10-02,Conventional Mortgage,8.8,5.64,7026.84,Old Republic Title,Completed
INSERT,2026-08-26T00:00:00,2026-08-26,TXN0258660,PT0032582,LST0032582,AG01515,AG00159,Jacob Perez,1294861.51,2026-08-26,2026-10-02,Conventional Mortgage,11.1,4.52,58527.74,Old Republic Title,Completed
INSERT,2026-08-26T00:00:00,2026-08-26,TXN0258661,PT0289739,LST0289739,AG01363,AG02160,Julie Thomas,1379972.6,2026-08-26,2026-10-02,FHA Loan,24.4,4.52,62374.76,Old Republic Title,Completed
INSERT,2026-08-26T00:00:00,2026-08-26,TXN0258662,PT0286463,LST0286463,AG01086,AG01576,Holly Ray,238367.28,2026-08-26,2026-09-11,Cash,100.0,5.35,12752.65,Chicago Title,Completed
INSERT,2026-08-26T00:00:00,2026-08-26,TXN0258663,PT0559447,LST0559447,AG02405,AG00243,Adrian Sanchez,463419.6,2026-08-26,2026-10-06,VA Loan,6.7,6.3,29195.43,First American Title,Completed
INSERT,2026-08-26T00:00:00,2026-08-26,TXN0258664,PT0469622,LST0469622,AG02199,AG01500,John Lutz,2296978.61,2026-08-26,2026-09-18,VA Loan,24.4,5.87,134832.64,Old Republic Title,Completed
INSERT,2026-08-26T00:00:00,2026-08-26,TXN0258665,PT0539803,LST0539803,AG00310,AG02926,Larry Hernandez,937052.4,2026-08-26,2026-09-29,VA Loan,18.9,5.45,51069.36,Stewart Title,Completed
INSERT,2026-08-26T00:00:00,2026-08-26,TXN0258666,PT0024465,LST0024465,AG01975,AG01461,James Huber,201729.21,2026-08-26,2026-09-12,Cash,100.0,4.65,9380.41,Fidelity National Title,Completed
INSERT,2026-08-26T00:00:00,2026-08-26,TXN0258667,PT0564447,LST0564447,AG01845,AG00005,Jose Schwartz,1359054.77,2026-08-26,2026-09-12,Conventional Mortgage,13.2,6.38,86707.69,Chicago Title,Completed
INSERT,2026-08-26T00:00:00,2026-08-26,TXN0258668,PT0000195,LST0000195,AG00533,AG00945,John Lee,430815.75,2026-08-26,2026-10-15,Conventional Mortgage,11.9,5.9,25418.13,Chicago Title,Completed
INSERT,2026-08-26T00:00:00,2026-08-26,TXN0258669,PT0212374,LST0212374,AG01992,AG02414,Ryan Cook,854654.94,2026-08-26,2026-09-27,Conventional Mortgage,16.5,4.82,41194.37,WFG National Title,Completed
INSERT,2026-08-26T00:00:00,2026-08-26,TXN0258670,PT0540215,LST0540215,AG00357,AG01536,Marissa Taylor,80992.79,2026-08-26,2026-10-07,Conventional Mortgage,8.4,5.8,4697.58,Stewart Title,Completed
INSERT,2026-08-26T00:00:00,2026-08-26,TXN0258671,PT0526995,LST0526995,AG01072,AG00199,Molly Hernandez,162314.88,2026-08-26,2026-10-24,FHA Loan,16.9,4.63,7515.18,Chicago Title,Completed
INSERT,2026-08-26T00:00:00,2026-08-26,TXN0258672,PT0562626,LST0562626,AG00307,AG01006,Daniel Hernandez,815746.81,2026-08-26,2026-10-08,Conventional Mortgage,14.5,4.86,39645.29,Fidelity National Title,Completed
INSERT,2026-08-26T00:00:00,2026-08-26,TXN0258673,PT0047407,LST0047407,AG00962,AG02432,Charles Hinton,764806.17,2026-08-26,2026-09-20,Jumbo Loan,12.8,6.27,47953.35,Old Republic Title,Completed
INSERT,2026-08-26T00:00:00,2026-08-26,TXN0258674,PT0240777,LST0240777,AG01724,AG01273,Michael Stewart,580725.51,2026-08-26,2026-10-04,Conventional Mortgage,4.4,4.82,27990.97,Old Republic Title,Completed
INSERT,2026-08-26T00:00:00,2026-08-26,TXN0258675,PT0507592,LST0507592,AG00580,AG02448,Tina Lang,350490.27,2026-08-26,2026-09-14,Conventional Mortgage,12.7,5.16,18085.3,Chicago Title,Completed
INSERT,2026-08-26T00:00:00,2026-08-26,TXN0258676,PT0258533,LST0258533,AG00060,AG01847,Sara Williamson,636549.56,2026-08-26,2026-09-13,Conventional Mortgage,11.5,5.0,31827.48,Stewart Title,Completed
INSERT,2026-08-26T00:00:00,2026-08-26,TXN0258677,PT0554702,LST0554702,AG00378,AG01520,Nicole Murphy,204565.53,2026-08-26,2026-10-12,Conventional Mortgage,15.4,4.66,9532.75,Chicago Title,Completed
INSERT,2026-08-26T00:00:00,2026-08-26,TXN0258678,PT0501443,LST0501443,AG02491,AG01214,Amber Contreras,698335.03,2026-08-26,2026-10-13,Conventional Mortgage,4.2,5.36,37430.76,Old Republic Title,Completed
INSERT,2026-08-26T00:00:00,2026-08-26,TXN0258679,PT0515240,LST0515240,AG02639,AG02966,Ashley Gonzalez,738599.1,2026-08-26,2026-10-24,Conventional Mortgage,3.6,4.84,35748.2,Chicago Title,Completed
INSERT,2026-08-26T00:00:00,2026-08-26,TXN0258680,PT0033583,LST0033583,AG01460,AG00299,Michael Gordon,313549.42,2026-08-26,2026-10-10,Conventional Mortgage,3.7,5.85,18342.64,WFG National Title,Completed
INSERT,2026-08-26T00:00:00,2026-08-26,TXN0258681,PT0168747,LST0168747,AG02815,AG00796,Tammy Cabrera,255970.85,2026-08-26,2026-09-30,Conventional Mortgage,11.5,5.17,13233.69,WFG National Title,Completed
INSERT,2026-08-26T00:00:00,2026-08-26,TXN0258682,PT0552698,LST0552698,AG02501,AG02695,Jennifer Moore,584214.96,2026-08-26,2026-09-30,Cash,100.0,5.88,34351.84,WFG National Title,Completed
INSERT,2026-08-26T00:00:00,2026-08-26,TXN0258683,PT0322504,LST0322504,AG01427,AG02513,Felicia Oneill,265750.53,2026-08-26,2026-09-14,Conventional Mortgage,15.3,5.97,15865.31,Stewart Title,Completed
INSERT,2026-08-26T00:00:00,2026-08-26,TXN0258684,PT0546024,LST0546024,AG02852,AG01589,Miss Christina Harrison,38520.4,2026-08-26,2026-09-26,Conventional Mortgage,4.9,5.24,2018.47,Chicago Title,Completed
INSERT,2026-08-26T00:00:00,2026-08-26,TXN0258685,PT0504554,LST0504554,AG02967,AG02295,Jennifer Williams,541006.66,2026-08-26,2026-10-19,Jumbo Loan,14.9,4.83,26130.62,Fidelity National Title,Completed
INSERT,2026-08-26T00:00:00,2026-08-26,TXN0258686,PT0479285,LST0479285,AG01790,AG01010,Jose Marks,271817.52,2026-08-26,2026-10-19,VA Loan,23.8,4.59,12476.42,First American Title,Completed
INSERT,2026-08-26T00:00:00,2026-08-26,TXN0258687,PT0559648,LST0559648,AG02398,AG00684,John Gutierrez,821477.77,2026-08-26,2026-09-30,VA Loan,23.2,4.8,39430.93,WFG National Title,Completed
INSERT,2026-08-26T00:00:00,2026-08-26,TXN0258688,PT0318176,LST0318176,AG02886,AG02539,Nancy Velez,288236.85,2026-08-26,2026-10-05,VA Loan,15.7,6.02,17351.86,Fidelity National Title,Completed
INSERT,2026-08-26T00:00:00,2026-08-26,TXN0258689,PT0207442,LST0207442,AG00853,AG00678,Gary Ray,58712.83,2026-08-26,2026-09-29,Conventional Mortgage,22.5,5.25,3082.42,Fidelity National Title,Completed
INSERT,2026-08-26T00:00:00,2026-08-26,TXN0258690,PT0417747,LST0417747,AG02471,AG00092,Rebecca Cummings,364606.15,2026-08-26,2026-09-23,VA Loan,15.4,6.27,22860.81,Stewart Title,Completed
INSERT,2026-08-26T00:00:00,2026-08-26,TXN0258691,PT0249385,LST0249385,AG00182,AG00578,Timothy Merritt,537758.58,2026-08-26,2026-09-28,Conventional Mortgage,8.4,6.46,34739.2,First American Title,Completed
INSERT,2026-08-26T00:00:00,2026-08-26,TXN0258692,PT0502767,LST0502767,AG01474,AG01030,Laura Wilson,315829.47,2026-08-26,2026-09-25,Jumbo Loan,13.6,5.71,18033.86,Fidelity National Title,Completed
INSERT,2026-08-26T00:00:00,2026-08-26,TXN0258693,PT0354398,LST0354398,AG00285,AG00584,Tina Roberts DVM,1047133.64,2026-08-26,2026-09-13,Cash,100.0,5.58,58430.06,Chicago Title,Completed
INSERT,2026-08-26T00:00:00,2026-08-26,TXN0258694,PT0488065,LST0488065,AG01085,AG00657,Colleen Luna,265951.13,2026-08-26,2026-10-08,Cash,100.0,5.88,15637.93,Fidelity National Title,Completed
INSERT,2026-08-26T00:00:00,2026-08-26,TXN0258695,PT0349644,LST0349644,AG02654,AG00987,Michelle Parks,373041.74,2026-08-26,2026-09-20,FHA Loan,8.8,5.99,22345.2,Old Republic Title,Completed
INSERT,2026-08-26T00:00:00,2026-08-26,TXN0258696,PT0480818,LST0480818,AG02248,AG01290,Veronica Wallace,418141.61,2026-08-26,2026-09-12,FHA Loan,15.2,4.57,19109.07,Old Republic Title,Completed
INSERT,2026-08-26T00:00:00,2026-08-26,TXN0258697,PT0380029,LST0380029,AG00793,AG01247,Gregory Sheppard,401686.53,2026-08-26,2026-09-15,Conventional Mortgage,20.4,5.52,22173.1,First American Title,Completed
INSERT,2026-08-26T00:00:00,2026-08-26,TXN0258698,PT0442297,LST0442297,AG02455,AG00665,Terry Meza,189128.64,2026-08-26,2026-09-16,Conventional Mortgage,19.0,5.03,9513.17,Chicago Title,Completed
INSERT,2026-08-26T00:00:00,2026-08-26,TXN0258699,PT0542736,LST0542736,AG02223,AG00269,Donna Terrell,225911.31,2026-08-26,2026-09-26,Conventional Mortgage,24.5,4.78,10798.56,Fidelity National Title,Completed
INSERT,2026-08-26T00:00:00,2026-08-26,TXN0258700,PT0206403,LST0206403,AG01327,AG02610,Michael Vasquez,2096403.22,2026-08-26,2026-10-14,Conventional Mortgage,5.4,5.07,106287.64,First American Title,Completed
INSERT,2026-08-26T00:00:00,2026-08-26,TXN0258701,PT0262096,LST0262096,AG02794,AG01305,Allison Morgan,384491.45,2026-08-26,2026-09-20,Conventional Mortgage,13.3,6.13,23569.33,Old Republic Title,Completed
INSERT,2026-08-26T00:00:00,2026-08-26,TXN0258702,PT0249878,LST0249878,AG01895,AG01249,Susan Keller,560476.03,2026-08-26,2026-09-13,Conventional Mortgage,22.4,5.23,29312.9,Chicago Title,Completed
INSERT,2026-08-26T00:00:00,2026-08-26,TXN0258703,PT0129257,LST0129257,AG02717,AG02401,Jane Miranda,575122.72,2026-08-26,2026-09-22,Conventional Mortgage,4.1,5.35,30769.07,Chicago Title,Completed
INSERT,2026-08-26T00:00:00,2026-08-26,TXN0258704,PT0115486,LST0115486,AG00189,AG02785,James Preston,241974.22,2026-08-26,2026-09-25,Jumbo Loan,7.6,6.46,15631.53,First American Title,Completed
INSERT,2026-08-26T00:00:00,2026-08-26,TXN0258705,PT0079317,LST0079317,AG01256,AG01534,William Williams,735525.24,2026-08-26,2026-10-18,FHA Loan,11.6,5.36,39424.15,First American Title,Completed
INSERT,2026-08-26T00:00:00,2026-08-26,TXN0258706,PT0206775,LST0206775,AG01837,AG02548,William Navarro,1029987.5,2026-08-26,2026-10-22,Conventional Mortgage,5.1,4.57,47070.43,Stewart Title,Completed
INSERT,2026-08-26T00:00:00,2026-08-26,TXN0258707,PT0228053,LST0228053,AG02800,AG02037,Robert Fernandez,559465.72,2026-08-26,2026-10-14,Conventional Mortgage,13.7,6.39,35749.86,Fidelity National Title,Completed
INSERT,2026-08-26T00:00:00,2026-08-26,TXN0258708,PT0537588,LST0537588,AG02165,AG02506,Jeffery Silva,342618.05,2026-08-26,2026-09-14,VA Loan,15.9,5.74,19666.28,Stewart Title,Completed
INSERT,2026-08-26T00:00:00,2026-08-26,TXN0258709,PT0127065,LST0127065,AG01847,AG01746,Donna Johnson,187242.65,2026-08-26,2026-10-20,Jumbo Loan,15.6,4.56,8538.26,WFG National Title,Completed
INSERT,2026-08-26T00:00:00,2026-08-26,TXN0258710,PT0063743,LST0063743,AG02569,AG01646,Alyssa Hernandez,594820.53,2026-08-26,2026-09-13,Jumbo Loan,22.8,4.73,28135.01,First American Title,Completed
INSERT,2026-08-26T00:00:00,2026-08-26,TXN0258711,PT0013582,LST0013582,AG01644,AG01232,Jessica Mullins,1227578.68,2026-08-26,2026-10-17,Conventional Mortgage,19.7,4.68,57450.68,Chicago Title,Completed
INSERT,2026-08-26T00:00:00,2026-08-26,TXN0258712,PT0047071,LST0047071,AG01419,AG01066,Robert Smith,634025.49,2026-08-26,2026-09-23,Conventional Mortgage,14.5,4.73,29989.41,Chicago Title,Completed
INSERT,2026-08-26T00:00:00,2026-08-26,TXN0258713,PT0215117,LST0215117,AG02286,AG02813,Chris May,36057.59,2026-08-26,2026-10-15,Cash,100.0,6.05,2181.48,WFG National Title,Completed
INSERT,2026-08-26T00:00:00,2026-08-26,TXN0258714,PT0107449,LST0107449,AG00032,AG00758,Edward Steele,263467.83,2026-08-26,2026-09-21,Cash,100.0,6.32,16651.17,Stewart Title,Completed
INSERT,2026-08-26T00:00:00,2026-08-26,TXN0258715,PT0482554,LST0482554,AG02351,AG01224,Marcus Cooper,1205008.03,2026-08-26,2026-09-23,Cash,100.0,5.6,67480.45,Stewart Title,Completed
INSERT,2026-08-26T00:00:00,2026-08-26,TXN0258716,PT0541112,LST0541112,AG02126,AG02977,Kevin Meyers,172637.73,2026-08-26,2026-09-10,Conventional Mortgage,19.3,4.58,7906.81,Fidelity National Title,Completed
INSERT,2026-08-26T00:00:00,2026-08-26,TXN0258717,PT0119052,LST0119052,AG00672,AG00914,Michelle Alexander,788289.48,2026-08-26,2026-10-24,Conventional Mortgage,15.4,6.16,48558.63,First American Title,Completed
INSERT,2026-08-26T00:00:00,2026-08-26,TXN0258718,PT0478644,LST0478644,AG01566,AG02022,Raymond Benitez,191339.05,2026-08-26,2026-10-09,FHA Loan,12.5,6.39,12226.57,Chicago Title,Completed
INSERT,2026-08-26T00:00:00,2026-08-26,TXN0258719,PT0522500,LST0522500,AG02761,AG01382,Gregory Lopez,417350.52,2026-08-26,2026-10-12,Conventional Mortgage,9.5,4.68,19532.0,Fidelity National Title,Completed
INSERT,2026-08-26T00:00:00,2026-08-26,TXN0258720,PT0373795,LST0373795,AG00668,AG01837,Michael Calhoun,320612.71,2026-08-26,2026-09-21,FHA Loan,21.9,5.89,18884.09,First American Title,Completed
INSERT,2026-08-26T00:00:00,2026-08-26,TXN0258721,PT0510678,LST0510678,AG01861,AG01680,Michael Garcia,1471666.55,2026-08-26,2026-09-27,Conventional Mortgage,17.5,5.72,84179.33,First American Title,Completed
INSERT,2026-08-26T00:00:00,2026-08-26,TXN0258722,PT0534713,LST0534713,AG00690,AG00244,Jacob Vaughan,205934.72,2026-08-26,2026-09-30,Conventional Mortgage,6.6,5.54,11408.78,Fidelity National Title,Completed
INSERT,2026-08-26T00:00:00,2026-08-26,TXN0258723,PT0182866,LST0182866,AG02066,AG00555,Sarah Morrison,452339.48,2026-08-26,2026-09-19,Cash,100.0,4.77,21576.59,Chicago Title,Completed
INSERT,2026-08-26T00:00:00,2026-08-26,TXN0258724,PT0548131,LST0548131,AG00750,AG01584,Amy Rivera,233500.35,2026-08-26,2026-10-11,Conventional Mortgage,17.7,4.55,10624.27,Chicago Title,Completed
INSERT,2026-08-26T00:00:00,2026-08-26,TXN0258725,PT0533270,LST0533270,AG02500,AG02678,Kim Nichols,130668.07,2026-08-26,2026-10-14,VA Loan,13.7,5.91,7722.48,Old Republic Title,Completed
INSERT,2026-08-26T00:00:00,2026-08-26,TXN0258726,PT0012544,LST0012544,AG02894,AG00301,Kim Bowers,250700.09,2026-08-26,2026-10-22,VA Loan,6.0,6.16,15443.13,First American Title,Completed
INSERT,2026-08-26T00:00:00,2026-08-26,TXN0258727,PT0546476,LST0546476,AG01674,AG02963,Taylor Davis,499026.47,2026-08-26,2026-10-05,Cash,100.0,5.5,27446.46,WFG National Title,Completed
INSERT,2026-08-26T00:00:00,2026-08-26,TXN0258728,PT0562911,LST0562911,AG00536,AG00606,Kent Woodward,180442.17,2026-08-26,2026-10-16,Conventional Mortgage,18.1,5.25,9473.21,WFG National Title,Completed
INSERT,2026-08-26T00:00:00,2026-08-26,TXN0258729,PT0559101,LST0559101,AG01117,AG00326,Ashley Taylor,287161.52,2026-08-26,2026-09-23,Jumbo Loan,18.3,6.49,18636.78,Chicago Title,Completed
INSERT,2026-08-26T00:00:00,2026-08-26,TXN0258730,PT0462691,LST0462691,AG01703,AG00011,Michelle Johnson,1784906.35,2026-08-26,2026-10-24,VA Loan,5.0,5.38,96027.96,Stewart Title,Completed
INSERT,2026-08-26T00:00:00,2026-08-26,TXN0258731,PT0531863,LST0531863,AG01538,AG02108,John Williams,1011302.98,2026-08-26,2026-10-10,Conventional Mortgage,17.4,5.7,57644.27,Fidelity National Title,Completed
INSERT,2026-08-26T00:00:00,2026-08-26,TXN0258732,PT0513753,LST0513753,AG00431,AG01484,Lauren Walter,237502.37,2026-08-26,2026-10-23,Jumbo Loan,5.9,5.87,13941.39,First American Title,Completed
INSERT,2026-08-26T00:00:00,2026-08-26,TXN0258733,PT0503541,LST0503541,AG01938,AG02723,Elizabeth James,114374.68,2026-08-26,2026-10-04,Conventional Mortgage,22.6,5.33,6096.17,Chicago Title,Completed
INSERT,2026-08-26T00:00:00,2026-08-26,TXN0258734,PT0186551,LST0186551,AG01098,AG01953,Jonathan Anderson,810381.23,2026-08-26,2026-09-11,FHA Loan,3.6,6.0,48622.87,Chicago Title,Completed
INSERT,2026-08-26T00:00:00,2026-08-26,TXN0258735,PT0142646,LST0142646,AG02886,AG02322,Nicholas Stephens,1379022.3,2026-08-26,2026-09-12,FHA Loan,3.6,6.09,83982.46,First American Title,Completed
INSERT,2026-08-26T00:00:00,2026-08-26,TXN0258736,PT0054680,LST0054680,AG02404,AG00122,Nicole Kennedy,554287.79,2026-08-26,2026-09-19,FHA Loan,17.5,6.31,34975.56,Fidelity National Title,Completed
INSERT,2026-08-26T00:00:00,2026-08-26,TXN0258737,PT0524186,LST0524186,AG01085,AG01332,Brady Thomas,390922.83,2026-08-26,2026-10-05,FHA Loan,21.5,4.77,18647.02,First American Title,Completed
INSERT,2026-08-26T00:00:00,2026-08-26,TXN0258738,PT0139947,LST0139947,AG00870,AG02932,Andrea Martin,507031.07,2026-08-26,2026-09-30,FHA Loan,6.5,5.93,30066.94,Stewart Title,Completed
INSERT,2026-08-26T00:00:00,2026-08-26,TXN0258739,PT0484585,LST0484585,AG02572,AG01197,Haley Davidson,282486.85,2026-08-26,2026-09-24,Conventional Mortgage,14.0,5.91,16694.97,WFG National Title,Completed
INSERT,2026-08-26T00:00:00,2026-08-26,TXN0258740,PT0067612,LST0067612,AG02985,AG00582,Paula Martin,718108.04,2026-08-26,2026-10-11,Cash,100.0,5.25,37700.67,Fidelity National Title,Completed
INSERT,2026-08-26T00:00:00,2026-08-26,TXN0258741,PT0535069,LST0535069,AG01980,AG01431,Samantha Young,319332.64,2026-08-26,2026-09-10,Conventional Mortgage,11.4,6.38,20373.42,Old Republic Title,Completed
INSERT,2026-08-26T00:00:00,2026-08-26,TXN0258742,PT0535203,LST0535203,AG00192,AG02797,Lisa Juarez,779668.47,2026-08-26,2026-10-14,Conventional Mortgage,15.1,6.16,48027.58,First American Title,Completed
INSERT,2026-08-26T00:00:00,2026-08-26,TXN0258743,PT0050949,LST0050949,AG00943,AG00668,Tammy Silva,577066.63,2026-08-26,2026-10-13,Jumbo Loan,14.3,4.74,27352.96,Stewart Title,Completed
INSERT,2026-08-26T00:00:00,2026-08-26,TXN0258744,PT0359123,LST0359123,AG02004,AG02791,Jacqueline Hughes,558272.45,2026-08-26,2026-10-15,Cash,100.0,5.14,28695.2,Chicago Title,Completed
INSERT,2026-08-26T00:00:00,2026-08-26,TXN0258745,PT0061968,LST0061968,AG02795,AG02216,Ronald Mcmahon,210255.23,2026-08-26,2026-10-06,Conventional Mortgage,22.5,4.52,9503.54,Chicago Title,Completed
INSERT,2026-08-26T00:00:00,2026-08-26,TXN0258746,PT0334161,LST0334161,AG02030,AG02121,Julie Owens,605189.05,2026-08-26,2026-10-24,Conventional Mortgage,12.7,5.11,30925.16,WFG National Title,Completed
INSERT,2026-08-26T00:00:00,2026-08-26,TXN0258747,PT0400984,LST0400984,AG02942,AG00754,Gary Lopez,418944.17,2026-08-26,2026-10-19,Conventional Mortgage,8.6,5.15,21575.62,Old Republic Title,Completed
INSERT,2026-08-26T00:00:00,2026-08-26,TXN0258748,PT0483615,LST0483615,AG02593,AG01737,Kerry Clark,156280.4,2026-08-26,2026-10-15,FHA Loan,8.5,4.58,7157.64,Chicago Title,Completed
INSERT,2026-08-26T00:00:00,2026-08-26,TXN0258749,PT0562081,LST0562081,AG01617,AG00418,Mr. Anthony Byrd DDS,236562.18,2026-08-26,2026-09-28,Conventional Mortgage,23.0,4.93,11662.52,First American Title,Completed
INSERT,2026-08-26T00:00:00,2026-08-26,TXN0258750,PT0286974,LST0286974,AG01931,AG00238,Brian Parker,385933.28,2026-08-26,2026-10-12,Conventional Mortgage,20.7,5.06,19528.22,Fidelity National Title,Completed
INSERT,2026-08-26T00:00:00,2026-08-26,TXN0258751,PT0548048,LST0548048,AG00966,AG01016,Robert Edwards,580478.64,2026-08-26,2026-09-21,VA Loan,6.9,4.75,27572.74,WFG National Title,Completed
INSERT,2026-08-26T00:00:00,2026-08-26,TXN0258752,PT0550864,LST0550864,AG00900,AG02133,Emily Harmon,781488.18,2026-08-26,2026-09-27,Conventional Mortgage,15.7,4.54,35479.56,Old Republic Title,Completed
INSERT,2026-08-26T00:00:00,2026-08-26,TXN0258753,PT0551632,LST0551632,AG02022,AG02886,Christopher Holt,599218.46,2026-08-26,2026-10-15,Conventional Mortgage,5.3,4.95,29661.31,WFG National Title,Completed
INSERT,2026-08-26T00:00:00,2026-08-26,TXN0258754,PT0260569,LST0260569,AG00438,AG01867,Erica Rodriguez,884886.21,2026-08-26,2026-10-11,Conventional Mortgage,4.4,6.05,53535.62,WFG National Title,Completed
INSERT,2026-08-26T00:00:00,2026-08-26,TXN0258755,PT0545032,LST0545032,AG00449,AG02138,Steven Long,445790.13,2026-08-26,2026-10-08,Cash,100.0,5.43,24206.4,WFG National Title,Completed
INSERT,2026-08-26T00:00:00,2026-08-26,TXN0258756,PT0554633,LST0554633,AG02581,AG02549,Holly Brown,288532.15,2026-08-26,2026-10-15,Conventional Mortgage,7.1,5.31,15321.06,Stewart Title,Completed
INSERT,2026-08-26T00:00:00,2026-08-26,TXN0258757,PT0447555,LST0447555,AG02030,AG02924,Steven Wright,176273.94,2026-08-26,2026-10-08,Conventional Mortgage,7.7,6.32,11140.51,Stewart Title,Completed
INSERT,2026-08-26T00:00:00,2026-08-26,TXN0258758,PT0049726,LST0049726,AG00825,AG00314,George Dougherty,815666.56,2026-08-26,2026-10-17,Conventional Mortgage,24.3,4.59,37439.1,Stewart Title,Completed
