operation_type,cdc_timestamp,batch_date,transaction_id,property_id,listing_id,seller_agent_id,buyer_agent_id,buyer_name,sale_price,sale_date,closing_date,financing_type,down_payment_pct,commission_rate_pct,commission_amount,title_company,transaction_status
INSERT,2026-07-18T00:00:00,2026-07-18,TXN0234621,PT0131914,LST0131914,AG02806,AG01295,Benjamin Molina,216600.7,2026-07-18,2026-08-25,VA Loan,6.9,6.18,13385.92,First American Title,Completed
INSERT,2026-07-18T00:00:00,2026-07-18,TXN0234622,PT0339377,LST0339377,AG01982,AG02195,Michele Curtis,506994.45,2026-07-18,2026-08-10,Conventional Mortgage,5.7,5.01,25400.42,Chicago Title,Completed
INSERT,2026-07-18T00:00:00,2026-07-18,TXN0234623,PT0188618,LST0188618,AG02200,AG00037,Kathryn Powell,456230.54,2026-07-18,2026-08-30,Cash,100.0,5.18,23632.74,WFG National Title,Completed
INSERT,2026-07-18T00:00:00,2026-07-18,TXN0234624,PT0189783,LST0189783,AG01759,AG00951,Nicole Harris,1823583.8,2026-07-18,2026-09-08,Conventional Mortgage,7.8,5.92,107956.16,WFG National Title,Completed
INSERT,2026-07-18T00:00:00,2026-07-18,TXN0234625,PT0203396,LST0203396,AG02246,AG00766,Gina Adkins,258399.66,2026-07-18,2026-08-03,Conventional Mortgage,3.9,5.49,14186.14,Chicago Title,Completed
INSERT,2026-07-18T00:00:00,2026-07-18,TXN0234626,PT0225570,LST0225570,AG02117,AG02810,Paul Montes,168255.11,2026-07-18,2026-09-07,Jumbo Loan,19.0,6.35,10684.2,WFG National Title,Completed
INSERT,2026-07-18T00:00:00,2026-07-18,TXN0234627,PT0239255,LST0239255,AG01069,AG02711,Mrs. April Austin,169108.16,2026-07-18,2026-09-05,Conventional Mortgage,12.7,6.2,10484.71,Fidelity National Title,Completed
INSERT,2026-07-18T00:00:00,2026-07-18,TXN0234628,PT0131098,LST0131098,AG00927,AG02596,John Owens,538138.03,2026-07-18,2026-09-04,Conventional Mortgage,18.7,5.44,29274.71,Old Republic Title,Completed
INSERT,2026-07-18T00:00:00,2026-07-18,TXN0234629,PT0121045,LST0121045,AG01169,AG00807,Brett Schmitt,329108.99,2026-07-18,2026-09-10,Jumbo Loan,17.4,6.22,20470.58,Old Republic Title,Completed
INSERT,2026-07-18T00:00:00,2026-07-18,TXN0234630,PT0084346,LST0084346,AG02725,AG02026,Stacy Farmer,710038.11,2026-07-18,2026-08-22,Conventional Mortgage,16.8,5.8,41182.21,WFG National Title,Completed
INSERT,2026-07-18T00:00:00,2026-07-18,TXN0234631,PT0236551,LST0236551,AG00242,AG02479,Robert Snow,760970.84,2026-07-18,2026-08-24,Conventional Mortgage,6.2,4.87,37059.28,Chicago Title,Completed
INSERT,2026-07-18T00:00:00,2026-07-18,TXN0234632,PT0317895,LST0317895,AG02570,AG00427,Seth Anderson,679448.79,2026-07-18,2026-08-13,Conventional Mortgage,6.4,5.43,36894.07,WFG National Title,Completed
INSERT,2026-07-18T00:00:00,2026-07-18,TXN0234633,PT0056954,LST0056954,AG00953,AG01557,Rita Hall,177327.56,2026-07-18,2026-09-09,Jumbo Loan,4.1,5.45,9664.35,Old Republic Title,Completed
INSERT,2026-07-18T00:00:00,2026-07-18,TXN0234634,PT0019887,LST0019887,AG01048,AG01661,Lisa Guerrero,653481.75,2026-07-18,2026-09-13,Cash,100.0,5.19,33915.7,First American Title,Completed
INSERT,2026-07-18T00:00:00,2026-07-18,TXN0234635,PT0370453,LST0370453,AG01212,AG02651,Emily Harper,546155.37,2026-07-18,2026-09-14,Conventional Mortgage,14.4,6.17,33697.79,WFG National Title,Completed
INSERT,2026-07-18T00:00:00,2026-07-18,TXN0234636,PT0110434,LST0110434,AG00605,AG02099,Lisa Meyer,163342.72,2026-07-18,2026-08-15,Conventional Mortgage,6.1,6.27,10241.59,Stewart Title,Completed
INSERT,2026-07-18T00:00:00,2026-07-18,TXN0234637,PT0009212,LST0009212,AG02863,AG00714,Dr. Michelle Smith,121702.98,2026-07-18,2026-08-23,Conventional Mortgage,7.3,6.25,7606.44,Chicago Title,Completed
INSERT,2026-07-18T00:00:00,2026-07-18,TXN0234638,PT0312499,LST0312499,AG00290,AG01932,Michelle Cummings,348592.8,2026-07-18,2026-08-18,VA Loan,18.2,5.36,18684.57,Old Republic Title,Completed
INSERT,2026-07-18T00:00:00,2026-07-18,TXN0234639,PT0169391,LST0169391,AG02173,AG02080,Ashley Lynn,1632087.27,2026-07-18,2026-08-26,Conventional Mortgage,12.5,5.41,88295.92,Stewart Title,Completed
INSERT,2026-07-18T00:00:00,2026-07-18,TXN0234640,PT0441347,LST0441347,AG02148,AG01741,Patricia Harris,2451852.09,2026-07-18,2026-08-30,Conventional Mortgage,5.3,6.15,150788.9,Stewart Title,Completed
INSERT,2026-07-18T00:00:00,2026-07-18,TXN0234641,PT0045073,LST0045073,AG00986,AG02833,Christina Murray,724955.38,2026-07-18,2026-09-12,Cash,100.0,6.0,43497.32,Stewart Title,Completed
INSERT,2026-07-18T00:00:00,2026-07-18,TXN0234642,PT0242730,LST0242730,AG00136,AG00602,Eric Velez,264139.1,2026-07-18,2026-08-13,Conventional Mortgage,10.3,5.12,13523.92,Stewart Title,Completed
INSERT,2026-07-18T00:00:00,2026-07-18,TXN0234643,PT0359329,LST0359329,AG01210,AG00057,Elizabeth Sims,709258.25,2026-07-18,2026-09-08,Jumbo Loan,12.5,4.83,34257.17,Chicago Title,Completed
INSERT,2026-07-18T00:00:00,2026-07-18,TXN0234644,PT0500885,LST0500885,AG01445,AG01740,Ronald Mccall,237590.12,2026-07-18,2026-09-12,Jumbo Loan,5.5,6.24,14825.62,Old Republic Title,Completed
INSERT,2026-07-18T00:00:00,2026-07-18,TXN0234645,PT0071294,LST0071294,AG01180,AG00295,Ralph Hodge,916593.83,2026-07-18,2026-08-31,Conventional Mortgage,12.5,6.08,55728.9,WFG National Title,Completed
INSERT,2026-07-18T00:00:00,2026-07-18,TXN0234646,PT0001282,LST0001282,AG02818,AG02438,Abigail Coleman,391949.86,2026-07-18,2026-08-16,Conventional Mortgage,14.2,5.04,19754.27,WFG National Title,Completed
INSERT,2026-07-18T00:00:00,2026-07-18,TXN0234647,PT0366992,LST0366992,AG00279,AG01218,Thomas Robbins,181043.03,2026-07-18,2026-08-30,Conventional Mortgage,16.8,5.8,10500.5,WFG National Title,Completed
INSERT,2026-07-18T00:00:00,2026-07-18,TXN0234648,PT0306418,LST0306418,AG01325,AG00884,Belinda Sims,183551.21,2026-07-18,2026-09-01,Cash,100.0,6.38,11710.57,WFG National Title,Completed
INSERT,2026-07-18T00:00:00,2026-07-18,TXN0234649,PT0469508,LST0469508,AG01521,AG00866,James Miller,229435.86,2026-07-18,2026-08-16,Conventional Mortgage,24.6,5.8,13307.28,Chicago Title,Completed
INSERT,2026-07-18T00:00:00,2026-07-18,TXN0234650,PT0096182,LST0096182,AG01938,AG02035,Matthew Johnson,876396.87,2026-07-18,2026-09-11,Conventional Mortgage,7.9,5.73,50217.54,Old Republic Title,Completed
INSERT,2026-07-18T00:00:00,2026-07-18,TXN0234651,PT0427641,LST0427641,AG02991,AG00824,Bailey Smith,656408.73,2026-07-18,2026-08-17,FHA Loan,16.6,5.94,38990.68,Fidelity National Title,Completed
INSERT,2026-07-18T00:00:00,2026-07-18,TXN0234652,PT0355043,LST0355043,AG01581,AG02418,Erika Wolf,690124.9,2026-07-18,2026-09-07,Conventional Mortgage,21.6,5.88,40579.34,Fidelity National Title,Completed
INSERT,2026-07-18T00:00:00,2026-07-18,TXN0234653,PT0146077,LST0146077,AG01404,AG00922,Erin Adams,184711.4,2026-07-18,2026-09-11,Jumbo Loan,14.9,4.56,8422.84,Fidelity National Title,Completed
INSERT,2026-07-18T00:00:00,2026-07-18,TXN0234654,PT0404842,LST0404842,AG00903,AG00404,Jonathan Thompson,244501.2,2026-07-18,2026-08-12,Cash,100.0,6.22,15207.97,Fidelity National Title,Completed
INSERT,2026-07-18T00:00:00,2026-07-18,TXN0234655,PT0475294,LST0475294,AG01773,AG02128,Kelly Mcgee,54947.15,2026-07-18,2026-08-10,Conventional Mortgage,17.1,4.78,2626.47,First American Title,Completed
INSERT,2026-07-18T00:00:00,2026-07-18,TXN0234656,PT0018198,LST0018198,AG01340,AG02235,Anthony Perry,986377.67,2026-07-18,2026-08-23,FHA Loan,17.8,6.48,63917.27,Chicago Title,Completed
INSERT,2026-07-18T00:00:00,2026-07-18,TXN0234657,PT0280546,LST0280546,AG00317,AG02821,Kristen Atkins,296240.31,2026-07-18,2026-09-05,Conventional Mortgage,20.0,4.52,13390.06,Stewart Title,Completed
INSERT,2026-07-18T00:00:00,2026-07-18,TXN0234658,PT0190175,LST0190175,AG01960,AG01752,Renee Silva,166614.67,2026-07-18,2026-08-06,VA Loan,13.9,5.4,8997.19,WFG National Title,Completed
INSERT,2026-07-18T00:00:00,2026-07-18,TXN0234659,PT0505380,LST0505380,AG01166,AG02818,Tonya Dean,2767350.91,2026-07-18,2026-09-01,Cash,100.0,5.77,159676.15,Stewart Title,Completed
INSERT,2026-07-18T00:00:00,2026-07-18,TXN0234660,PT0340728,LST0340728,AG01681,AG01840,Robert Stark,1376520.76,2026-07-18,2026-09-02,FHA Loan,20.6,5.49,75570.99,WFG National Title,Completed
INSERT,2026-07-18T00:00:00,2026-07-18,TXN0234661,PT0275196,LST0275196,AG02532,AG00175,Todd Davis,889428.36,2026-07-18,2026-08-15,VA Loan,11.4,5.89,52387.33,Stewart Title,Completed
INSERT,2026-07-18T00:00:00,2026-07-18,TXN0234662,PT0181637,LST0181637,AG01440,AG01771,Savannah Ray,1012852.0,2026-07-18,2026-08-14,Cash,100.0,5.89,59656.98,Old Republic Title,Completed
INSERT,2026-07-18T00:00:00,2026-07-18,TXN0234663,PT0082152,LST0082152,AG00450,AG01582,Whitney Miller,191468.4,2026-07-18,2026-09-12,Conventional Mortgage,20.7,5.5,10530.76,Fidelity National Title,Completed
INSERT,2026-07-18T00:00:00,2026-07-18,TXN0234664,PT0366831,LST0366831,AG00735,AG01823,April Villa,142712.7,2026-07-18,2026-08-20,FHA Loan,12.1,6.35,9062.26,Fidelity National Title,Completed
INSERT,2026-07-18T00:00:00,2026-07-18,TXN0234665,PT0153842,LST0153842,AG01771,AG00034,Alexander Torres,1817588.19,2026-07-18,2026-08-10,FHA Loan,10.5,5.81,105601.87,Chicago Title,Completed
INSERT,2026-07-18T00:00:00,2026-07-18,TXN0234666,PT0128740,LST0128740,AG00784,AG00639,Brandon Williams,464696.02,2026-07-18,2026-09-08,FHA Loan,9.2,5.76,26766.49,Stewart Title,Completed
INSERT,2026-07-18T00:00:00,2026-07-18,TXN0234667,PT0409019,LST0409019,AG01786,AG02595,Julie Davis,186166.61,2026-07-18,2026-09-07,Conventional Mortgage,4.0,5.63,10481.18,WFG National Title,Completed
INSERT,2026-07-18T00:00:00,2026-07-18,TXN0234668,PT0118376,LST0118376,AG02642,AG02799,Jason Kim,180416.25,2026-07-18,2026-08-29,FHA Loan,20.6,5.8,10464.14,Old Republic Title,Completed
INSERT,2026-07-18T00:00:00,2026-07-18,TXN0234669,PT0055295,LST0055295,AG02064,AG00502,Judith Griffin,989067.66,2026-07-18,2026-09-01,Conventional Mortgage,24.4,5.06,50046.82,Chicago Title,Completed
INSERT,2026-07-18T00:00:00,2026-07-18,TXN0234670,PT0432317,LST0432317,AG02353,AG00086,Donald Li,714146.18,2026-07-18,2026-08-14,Jumbo Loan,7.8,4.65,33207.8,Old Republic Title,Completed
INSERT,2026-07-18T00:00:00,2026-07-18,TXN0234671,PT0140135,LST0140135,AG01738,AG00773,Joseph Davis,413771.28,2026-07-18,2026-09-06,Conventional Mortgage,16.4,6.06,25074.54,First American Title,Completed
INSERT,2026-07-18T00:00:00,2026-07-18,TXN0234672,PT0292502,LST0292502,AG02716,AG01176,Susan Ross,334876.33,2026-07-18,2026-09-07,Conventional Mortgage,19.8,5.72,19154.93,First American Title,Completed
INSERT,2026-07-18T00:00:00,2026-07-18,TXN0234673,PT0509765,LST0509765,AG00686,AG02380,Elizabeth Potts,398284.59,2026-07-18,2026-09-03,Jumbo Loan,20.2,5.2,20710.8,WFG National Title,Completed
INSERT,2026-07-18T00:00:00,2026-07-18,TXN0234674,PT0127286,LST0127286,AG02462,AG01649,Angela Pearson,1082239.01,2026-07-18,2026-09-15,FHA Loan,4.9,5.97,64609.67,Stewart Title,Completed
INSERT,2026-07-18T00:00:00,2026-07-18,TXN0234675,PT0381407,LST0381407,AG01006,AG02088,Sergio Herrera,860365.31,2026-07-18,2026-09-13,Conventional Mortgage,6.0,6.3,54203.01,Old Republic Title,Completed
INSERT,2026-07-18T00:00:00,2026-07-18,TXN0234676,PT0280119,LST0280119,AG01196,AG00892,Philip Kim,590974.34,2026-07-18,2026-08-22,VA Loan,12.0,4.85,28662.26,Chicago Title,Completed
INSERT,2026-07-18T00:00:00,2026-07-18,TXN0234677,PT0364579,LST0364579,AG02623,AG00560,Barry Alexander,167387.43,2026-07-18,2026-08-26,Conventional Mortgage,11.0,5.38,9005.44,First American Title,Completed
INSERT,2026-07-18T00:00:00,2026-07-18,TXN0234678,PT0467046,LST0467046,AG02645,AG01629,Brenda Stewart,970723.43,2026-07-18,2026-09-14,FHA Loan,17.5,5.91,57369.75,Chicago Title,Completed
INSERT,2026-07-18T00:00:00,2026-07-18,TXN0234679,PT0169453,LST0169453,AG01921,AG02635,Whitney Smith,272005.93,2026-07-18,2026-08-20,Conventional Mortgage,10.7,6.21,16891.57,First American Title,Completed
INSERT,2026-07-18T00:00:00,2026-07-18,TXN0234680,PT0468054,LST0468054,AG00698,AG02013,Tom Wilkinson,238199.63,2026-07-18,2026-09-14,Jumbo Loan,6.8,4.95,11790.88,WFG National Title,Completed
INSERT,2026-07-18T00:00:00,2026-07-18,TXN0234681,PT0379820,LST0379820,AG01005,AG01767,Joseph Melendez,335712.63,2026-07-18,2026-09-05,Conventional Mortgage,21.8,6.29,21116.32,Chicago Title,Completed
INSERT,2026-07-18T00:00:00,2026-07-18,TXN0234682,PT0055565,LST0055565,AG01206,AG01346,Christopher Myers,2141154.69,2026-07-18,2026-09-03,Conventional Mortgage,5.1,5.93,126970.47,Old Republic Title,Completed
INSERT,2026-07-18T00:00:00,2026-07-18,TXN0234683,PT0208533,LST0208533,AG00116,AG00437,Adrian Jones,98518.72,2026-07-18,2026-08-16,Jumbo Loan,22.3,4.86,4788.01,WFG National Title,Completed
INSERT,2026-07-18T00:00:00,2026-07-18,TXN0234684,PT0355118,LST0355118,AG02573,AG00942,Cindy Reed,170387.7,2026-07-18,2026-09-08,Conventional Mortgage,22.4,5.24,8928.32,First American Title,Completed
INSERT,2026-07-18T00:00:00,2026-07-18,TXN0234685,PT0258131,LST0258131,AG02653,AG01780,Nathaniel Phelps,750393.55,2026-07-18,2026-09-11,Conventional Mortgage,11.3,5.78,43372.75,Fidelity National Title,Completed
INSERT,2026-07-18T00:00:00,2026-07-18,TXN0234686,PT0057875,LST0057875,AG00389,AG00410,Bonnie Gutierrez,738940.48,2026-07-18,2026-08-25,Conventional Mortgage,9.6,6.34,46848.83,Fidelity National Title,Completed
INSERT,2026-07-18T00:00:00,2026-07-18,TXN0234687,PT0026682,LST0026682,AG00458,AG01856,Edward Jones,245653.11,2026-07-18,2026-08-23,Cash,100.0,6.21,15255.06,Stewart Title,Completed
INSERT,2026-07-18T00:00:00,2026-07-18,TXN0234688,PT0050970,LST0050970,AG02158,AG01215,Adam Singh,470039.08,2026-07-18,2026-09-05,Conventional Mortgage,13.4,5.33,25053.08,Chicago Title,Completed
INSERT,2026-07-18T00:00:00,2026-07-18,TXN0234689,PT0055733,LST0055733,AG02489,AG02285,Melissa Larson,853967.1,2026-07-18,2026-08-25,Conventional Mortgage,19.2,4.66,39794.87,WFG National Title,Completed
INSERT,2026-07-18T00:00:00,2026-07-18,TXN0234690,PT0509690,LST0509690,AG01193,AG02362,Joseph Sullivan,1319797.96,2026-07-18,2026-08-26,FHA Loan,18.0,5.13,67705.64,Chicago Title,Completed
INSERT,2026-07-18T00:00:00,2026-07-18,TXN0234691,PT0079255,LST0079255,AG01552,AG02521,Timothy Brown,307028.13,2026-07-18,2026-08-17,Conventional Mortgage,8.0,4.88,14982.97,First American Title,Completed
INSERT,2026-07-18T00:00:00,2026-07-18,TXN0234692,PT0317989,LST0317989,AG01335,AG00498,Scott Russo,135330.2,2026-07-18,2026-08-08,FHA Loan,18.8,6.32,8552.87,Chicago Title,Completed
INSERT,2026-07-18T00:00:00,2026-07-18,TXN0234693,PT0156369,LST0156369,AG00783,AG00706,Mary Velasquez,1628334.95,2026-07-18,2026-08-15,Conventional Mortgage,9.6,5.67,92326.59,Stewart Title,Completed
INSERT,2026-07-18T00:00:00,2026-07-18,TXN0234694,PT0212975,LST0212975,AG02284,AG00134,Jamie Shaffer,1068234.1,2026-07-18,2026-08-23,Conventional Mortgage,12.0,5.54,59180.17,First American Title,Completed
INSERT,2026-07-18T00:00:00,2026-07-18,TXN0234695,PT0008338,LST0008338,AG02227,AG01404,Andrew Benitez,760128.1,2026-07-18,2026-08-03,Conventional Mortgage,22.6,4.9,37246.28,First American Title,Completed
INSERT,2026-07-18T00:00:00,2026-07-18,TXN0234696,PT0428821,LST0428821,AG00177,AG01983,Terri Brooks,960839.51,2026-07-18,2026-08-28,Jumbo Loan,7.9,4.76,45735.96,Stewart Title,Completed
INSERT,2026-07-18T00:00:00,2026-07-18,TXN0234697,PT0103668,LST0103668,AG02590,AG00145,Dylan Murphy,823638.76,2026-07-18,2026-09-13,Conventional Mortgage,6.9,5.57,45876.68,Chicago Title,Completed
INSERT,2026-07-18T00:00:00,2026-07-18,TXN0234698,PT0465374,LST0465374,AG00919,AG00584,Jennifer Lewis,228998.5,2026-07-18,2026-09-13,Jumbo Loan,21.3,4.81,11014.83,First American Title,Completed
INSERT,2026-07-18T00:00:00,2026-07-18,TXN0234699,PT0440732,LST0440732,AG02440,AG01761,Brian Palmer,117321.78,2026-07-18,2026-08-06,Conventional Mortgage,14.9,6.12,7180.09,Fidelity National Title,Completed
INSERT,2026-07-18T00:00:00,2026-07-18,TXN0234700,PT0313375,LST0313375,AG01537,AG00174,Justin Walker MD,173757.08,2026-07-18,2026-08-18,Conventional Mortgage,7.2,4.73,8218.71,Old Republic Title,Completed
INSERT,2026-07-18T00:00:00,2026-07-18,TXN0234701,PT0085733,LST0085733,AG02986,AG02128,Elizabeth Powell,646688.1,2026-07-18,2026-08-26,Conventional Mortgage,5.8,5.02,32463.74,Stewart Title,Completed
INSERT,2026-07-18T00:00:00,2026-07-18,TXN0234702,PT0211734,LST0211734,AG00847,AG02088,Kyle Morrow,649722.26,2026-07-18,2026-08-12,Conventional Mortgage,3.7,5.99,38918.36,Old Republic Title,Completed
INSERT,2026-07-18T00:00:00,2026-07-18,TXN0234703,PT0514387,LST0514387,AG01647,AG01150,Mary Cooley,450930.7,2026-07-18,2026-09-05,VA Loan,8.5,5.46,24620.82,Fidelity National Title,Completed
INSERT,2026-07-18T00:00:00,2026-07-18,TXN0234704,PT0385367,LST0385367,AG00190,AG01787,Hunter Johnson,632651.1,2026-07-18,2026-08-19,Jumbo Loan,20.0,6.01,38022.33,WFG National Title,Completed
INSERT,2026-07-18T00:00:00,2026-07-18,TXN0234705,PT0050350,LST0050350,AG01137,AG01635,Geoffrey Lambert,463022.62,2026-07-18,2026-08-21,Jumbo Loan,11.7,4.92,22780.71,Chicago Title,Completed
INSERT,2026-07-18T00:00:00,2026-07-18,TXN0234706,PT0117683,LST0117683,AG00428,AG01397,Kathy Houston,302164.01,2026-07-18,2026-08-09,VA Loan,7.0,4.51,13627.6,WFG National Title,Completed
INSERT,2026-07-18T00:00:00,2026-07-18,TXN0234707,PT0245485,LST0245485,AG02516,AG02374,Michael Gonzalez,255946.18,2026-07-18,2026-09-11,FHA Loan,22.3,4.52,11568.77,Fidelity National Title,Completed
INSERT,2026-07-18T00:00:00,2026-07-18,TXN0234708,PT0077436,LST0077436,AG02265,AG01044,Kyle Wilson,381991.06,2026-07-18,2026-08-21,FHA Loan,22.4,5.49,20971.31,Fidelity National Title,Completed
INSERT,2026-07-18T00:00:00,2026-07-18,TXN0234709,PT0107987,LST0107987,AG01507,AG02758,Kristopher Banks,1501931.6,2026-07-18,2026-08-20,Conventional Mortgage,20.8,6.47,97174.97,Chicago Title,Completed
INSERT,2026-07-18T00:00:00,2026-07-18,TXN0234710,PT0138604,LST0138604,AG02544,AG01757,Kenneth Turner,623226.42,2026-07-18,2026-09-09,Conventional Mortgage,5.9,5.41,33716.55,WFG National Title,Completed
INSERT,2026-07-18T00:00:00,2026-07-18,TXN0234711,PT0196945,LST0196945,AG00496,AG01248,Yolanda Campbell,541192.09,2026-07-18,2026-09-13,Conventional Mortgage,15.6,5.56,30090.28,Old Republic Title,Completed
INSERT,2026-07-18T00:00:00,2026-07-18,TXN0234712,PT0386784,LST0386784,AG01245,AG00998,Audrey Marsh,438263.13,2026-07-18,2026-08-31,FHA Loan,24.5,5.39,23622.38,Stewart Title,Completed
INSERT,2026-07-18T00:00:00,2026-07-18,TXN0234713,PT0427320,LST0427320,AG01734,AG02044,Brenda Snow,33538.57,2026-07-18,2026-09-10,Conventional Mortgage,12.8,5.84,1958.65,Fidelity National Title,Completed
INSERT,2026-07-18T00:00:00,2026-07-18,TXN0234714,PT0172349,LST0172349,AG00197,AG01825,Alexander Lloyd,493809.84,2026-07-18,2026-08-23,Conventional Mortgage,4.2,5.93,29282.92,Stewart Title,Completed
INSERT,2026-07-18T00:00:00,2026-07-18,TXN0234715,PT0094047,LST0094047,AG01264,AG02232,Jennifer Haynes,1078800.64,2026-07-18,2026-08-24,Conventional Mortgage,4.8,4.52,48761.79,Fidelity National Title,Completed
INSERT,2026-07-18T00:00:00,2026-07-18,TXN0234716,PT0271161,LST0271161,AG00835,AG02543,Mark Diaz,720775.86,2026-07-18,2026-09-07,Conventional Mortgage,8.2,4.76,34308.93,Old Republic Title,Completed
INSERT,2026-07-18T00:00:00,2026-07-18,TXN0234717,PT0122847,LST0122847,AG00527,AG00163,David Hess,536594.44,2026-07-18,2026-09-13,Conventional Mortgage,9.2,5.5,29512.69,Fidelity National Title,Completed
INSERT,2026-07-18T00:00:00,2026-07-18,TXN0234718,PT0445561,LST0445561,AG01871,AG01389,David Anderson,440677.39,2026-07-18,2026-09-03,Cash,100.0,5.54,24413.53,First American Title,Completed
INSERT,2026-07-18T00:00:00,2026-07-18,TXN0234719,PT0010795,LST0010795,AG02143,AG02100,Rachael Alexander,557890.4,2026-07-18,2026-08-04,Conventional Mortgage,24.4,6.17,34421.84,Stewart Title,Completed
INSERT,2026-07-18T00:00:00,2026-07-18,TXN0234720,PT0240783,LST0240783,AG01020,AG01839,Courtney Moore,366169.66,2026-07-18,2026-08-13,Conventional Mortgage,7.4,5.76,21091.37,First American Title,Completed
INSERT,2026-07-18T00:00:00,2026-07-18,TXN0234721,PT0338473,LST0338473,AG01229,AG00789,Lori Johnson,630966.31,2026-07-18,2026-08-08,Conventional Mortgage,3.1,5.96,37605.59,Stewart Title,Completed
INSERT,2026-07-18T00:00:00,2026-07-18,TXN0234722,PT0486090,LST0486090,AG01546,AG02698,Joanna Davis,217986.42,2026-07-18,2026-08-28,FHA Loan,21.4,6.25,13624.15,Old Republic Title,Completed
INSERT,2026-07-18T00:00:00,2026-07-18,TXN0234723,PT0322508,LST0322508,AG00458,AG01034,Nicole Newton,283388.71,2026-07-18,2026-08-26,Conventional Mortgage,11.4,6.15,17428.41,WFG National Title,Completed
INSERT,2026-07-18T00:00:00,2026-07-18,TXN0234724,PT0033189,LST0033189,AG01550,AG00384,Terry Ferguson,146593.22,2026-07-18,2026-09-10,FHA Loan,3.0,6.17,9044.8,First American Title,Completed
INSERT,2026-07-18T00:00:00,2026-07-18,TXN0234725,PT0081671,LST0081671,AG00250,AG02645,John Brown,224447.58,2026-07-18,2026-09-10,Jumbo Loan,20.6,4.76,10683.7,Chicago Title,Completed
INSERT,2026-07-18T00:00:00,2026-07-18,TXN0234726,PT0196087,LST0196087,AG00347,AG00878,Tyler Black,224126.73,2026-07-18,2026-08-18,Conventional Mortgage,24.8,5.05,11318.4,Old Republic Title,Completed
INSERT,2026-07-18T00:00:00,2026-07-18,TXN0234727,PT0492560,LST0492560,AG02838,AG00296,Mike Lopez,435775.33,2026-07-18,2026-08-22,FHA Loan,18.9,6.17,26887.34,Fidelity National Title,Completed
INSERT,2026-07-18T00:00:00,2026-07-18,TXN0234728,PT0166838,LST0166838,AG01706,AG01732,Joshua Bender,334213.0,2026-07-18,2026-08-25,Conventional Mortgage,17.5,4.89,16343.02,Old Republic Title,Completed
INSERT,2026-07-18T00:00:00,2026-07-18,TXN0234729,PT0270032,LST0270032,AG00070,AG01411,Kelly Christensen,59728.9,2026-07-18,2026-09-10,Conventional Mortgage,7.3,5.01,2992.42,Fidelity National Title,Completed
INSERT,2026-07-18T00:00:00,2026-07-18,TXN0234730,PT0078020,LST0078020,AG00395,AG00599,James Carroll,456058.63,2026-07-18,2026-08-08,FHA Loan,25.0,5.68,25904.13,WFG National Title,Completed
INSERT,2026-07-18T00:00:00,2026-07-18,TXN0234731,PT0503322,LST0503322,AG02948,AG00376,Lindsay Kelley,744078.83,2026-07-18,2026-08-14,Conventional Mortgage,18.8,6.28,46728.15,Chicago Title,Completed
INSERT,2026-07-18T00:00:00,2026-07-18,TXN0234732,PT0327589,LST0327589,AG01553,AG00330,Christopher White,199805.83,2026-07-18,2026-08-18,FHA Loan,23.6,4.7,9390.87,Fidelity National Title,Completed
INSERT,2026-07-18T00:00:00,2026-07-18,TXN0234733,PT0173364,LST0173364,AG02670,AG02822,Terri Leblanc,643796.6,2026-07-18,2026-08-28,Conventional Mortgage,14.4,5.58,35923.85,WFG National Title,Completed
INSERT,2026-07-18T00:00:00,2026-07-18,TXN0234734,PT0374317,LST0374317,AG02156,AG01239,Shawn Berger,397202.52,2026-07-18,2026-08-29,Cash,100.0,6.03,23951.31,Old Republic Title,Completed
INSERT,2026-07-18T00:00:00,2026-07-18,TXN0234735,PT0144275,LST0144275,AG00651,AG01648,Jeffery Leonard,973381.25,2026-07-18,2026-08-27,Conventional Mortgage,16.3,5.66,55093.38,Old Republic Title,Completed
INSERT,2026-07-18T00:00:00,2026-07-18,TXN0234736,PT0256542,LST0256542,AG02207,AG01019,Andrew Gaines,222196.59,2026-07-18,2026-08-26,Conventional Mortgage,7.2,4.96,11020.95,WFG National Title,Completed
INSERT,2026-07-18T00:00:00,2026-07-18,TXN0234737,PT0154804,LST0154804,AG00636,AG01205,Amber Williams,316111.69,2026-07-18,2026-08-19,FHA Loan,10.3,4.64,14667.58,Old Republic Title,Completed
INSERT,2026-07-18T00:00:00,2026-07-18,TXN0234738,PT0028305,LST0028305,AG02636,AG00389,Taylor Roberts MD,291678.46,2026-07-18,2026-08-17,VA Loan,4.5,5.93,17296.53,Old Republic Title,Completed
INSERT,2026-07-18T00:00:00,2026-07-18,TXN0234739,PT0133793,LST0133793,AG01686,AG00726,Stacy Weaver,5177438.22,2026-07-18,2026-09-15,Cash,100.0,5.63,291489.77,Chicago Title,Completed
INSERT,2026-07-18T00:00:00,2026-07-18,TXN0234740,PT0107601,LST0107601,AG01473,AG01204,Dr. Kathleen Hernandez,860840.1,2026-07-18,2026-09-14,Jumbo Loan,23.3,4.82,41492.49,Chicago Title,Completed
INSERT,2026-07-18T00:00:00,2026-07-18,TXN0234741,PT0167221,LST0167221,AG00623,AG02142,Roberto Dunn,234096.03,2026-07-18,2026-09-01,VA Loan,17.6,4.59,10745.01,Stewart Title,Completed
INSERT,2026-07-18T00:00:00,2026-07-18,TXN0234742,PT0215935,LST0215935,AG00714,AG00819,Nicholas Tanner,119333.54,2026-07-18,2026-08-17,Jumbo Loan,6.3,5.72,6825.88,Chicago Title,Completed
INSERT,2026-07-18T00:00:00,2026-07-18,TXN0234743,PT0404907,LST0404907,AG02171,AG02933,Heather Garcia,558716.69,2026-07-18,2026-08-22,Jumbo Loan,18.4,6.42,35869.61,WFG National Title,Completed
INSERT,2026-07-18T00:00:00,2026-07-18,TXN0234744,PT0236276,LST0236276,AG02963,AG00361,Peter Hurley,681890.02,2026-07-18,2026-09-06,Conventional Mortgage,11.1,4.66,31776.07,Chicago Title,Completed
INSERT,2026-07-18T00:00:00,2026-07-18,TXN0234745,PT0494388,LST0494388,AG02523,AG00894,Kaitlyn Nixon,165980.32,2026-07-18,2026-09-05,Conventional Mortgage,14.9,5.3,8796.96,Stewart Title,Completed
INSERT,2026-07-18T00:00:00,2026-07-18,TXN0234746,PT0507396,LST0507396,AG00225,AG00188,Maria Lee,311975.58,2026-07-18,2026-08-29,Conventional Mortgage,4.0,5.1,15910.75,First American Title,Completed
INSERT,2026-07-18T00:00:00,2026-07-18,TXN0234747,PT0271329,LST0271329,AG02204,AG02964,Gary Fisher,181744.01,2026-07-18,2026-09-09,Conventional Mortgage,14.3,6.37,11577.09,Chicago Title,Completed
INSERT,2026-07-18T00:00:00,2026-07-18,TXN0234748,PT0107396,LST0107396,AG00722,AG00349,Denise Reed,194930.99,2026-07-18,2026-08-04,Conventional Mortgage,8.9,5.17,10077.93,Old Republic Title,Completed
INSERT,2026-07-18T00:00:00,2026-07-18,TXN0234749,PT0495059,LST0495059,AG00815,AG02575,Stephen Freeman,2352850.51,2026-07-18,2026-08-25,Cash,100.0,4.91,115524.96,WFG National Title,Completed
INSERT,2026-07-18T00:00:00,2026-07-18,TXN0234750,PT0340145,LST0340145,AG00104,AG01505,Monique Garcia,476381.9,2026-07-18,2026-09-08,Cash,100.0,4.96,23628.54,Fidelity National Title,Completed
INSERT,2026-07-18T00:00:00,2026-07-18,TXN0234751,PT0338013,LST0338013,AG00652,AG02037,Briana Bryant,180069.61,2026-07-18,2026-09-14,Conventional Mortgage,8.1,5.18,9327.61,Chicago Title,Completed
INSERT,2026-07-18T00:00:00,2026-07-18,TXN0234752,PT0322066,LST0322066,AG01300,AG02394,Joseph Johnson,506240.83,2026-07-18,2026-08-30,Jumbo Loan,15.1,5.82,29463.22,Old Republic Title,Completed
INSERT,2026-07-18T00:00:00,2026-07-18,TXN0234753,PT0220915,LST0220915,AG01318,AG02773,Linda Taylor,156087.82,2026-07-18,2026-08-17,Conventional Mortgage,14.1,5.71,8912.61,Old Republic Title,Completed
INSERT,2026-07-18T00:00:00,2026-07-18,TXN0234754,PT0406311,LST0406311,AG00293,AG00237,Roger Thompson,110228.5,2026-07-18,2026-09-01,FHA Loan,10.3,6.19,6823.14,Old Republic Title,Completed
INSERT,2026-07-18T00:00:00,2026-07-18,TXN0234755,PT0373461,LST0373461,AG00744,AG02061,Taylor Mills,193810.65,2026-07-18,2026-09-12,Conventional Mortgage,15.8,5.1,9884.34,Fidelity National Title,Completed
INSERT,2026-07-18T00:00:00,2026-07-18,TXN0234756,PT0099465,LST0099465,AG01846,AG01924,James Edwards,651800.45,2026-07-18,2026-08-02,Conventional Mortgage,13.8,6.06,39499.11,First American Title,Completed
INSERT,2026-07-18T00:00:00,2026-07-18,TXN0234757,PT0237104,LST0237104,AG00630,AG02652,Cindy Morales,787589.33,2026-07-18,2026-08-29,Conventional Mortgage,7.2,4.95,38985.67,Chicago Title,Completed
INSERT,2026-07-18T00:00:00,2026-07-18,TXN0234758,PT0465323,LST0465323,AG00673,AG01290,Jeremy Lee,796227.85,2026-07-18,2026-08-07,Conventional Mortgage,17.1,5.53,44031.4,Chicago Title,Completed
INSERT,2026-07-18T00:00:00,2026-07-18,TXN0234759,PT0359857,LST0359857,AG02233,AG02718,Samantha Anthony,378856.66,2026-07-18,2026-09-10,Conventional Mortgage,12.3,5.07,19208.03,Fidelity National Title,Completed
INSERT,2026-07-18T00:00:00,2026-07-18,TXN0234760,PT0388600,LST0388600,AG02414,AG02251,Samantha Matthews,819116.38,2026-07-18,2026-08-19,FHA Loan,12.3,5.19,42512.14,Stewart Title,Completed
INSERT,2026-07-18T00:00:00,2026-07-18,TXN0234761,PT0059839,LST0059839,AG00583,AG01240,Christopher Thompson,926353.82,2026-07-18,2026-08-07,Conventional Mortgage,18.4,5.85,54191.7,Old Republic Title,Completed
INSERT,2026-07-18T00:00:00,2026-07-18,TXN0234762,PT0433863,LST0433863,AG00319,AG00513,Wendy Thomas,610314.84,2026-07-18,2026-08-25,Conventional Mortgage,8.5,5.22,31858.43,WFG National Title,Completed
INSERT,2026-07-18T00:00:00,2026-07-18,TXN0234763,PT0342960,LST0342960,AG00676,AG02836,Joel Walter,73659.52,2026-07-18,2026-08-23,FHA Loan,20.8,5.92,4360.64,First American Title,Completed
INSERT,2026-07-18T00:00:00,2026-07-18,TXN0234764,PT0442917,LST0442917,AG01029,AG01516,Elizabeth Buchanan,411648.75,2026-07-18,2026-09-07,Conventional Mortgage,4.3,5.23,21529.23,Old Republic Title,Completed
INSERT,2026-07-18T00:00:00,2026-07-18,TXN0234765,PT0036278,LST0036278,AG00630,AG00681,Gail Perez,1105748.34,2026-07-18,2026-08-07,FHA Loan,23.6,5.94,65681.45,Stewart Title,Completed
INSERT,2026-07-18T00:00:00,2026-07-18,TXN0234766,PT0442351,LST0442351,AG00770,AG02224,David Matthews,553370.17,2026-07-18,2026-09-02,Conventional Mortgage,20.1,5.68,31431.43,Fidelity National Title,Completed
INSERT,2026-07-18T00:00:00,2026-07-18,TXN0234767,PT0168103,LST0168103,AG00382,AG02455,Brandon Williams,893985.05,2026-07-18,2026-08-22,Conventional Mortgage,24.0,6.4,57215.04,WFG National Title,Completed
INSERT,2026-07-18T00:00:00,2026-07-18,TXN0234768,PT0401214,LST0401214,AG00710,AG00838,Andrea Vasquez,311587.74,2026-07-18,2026-09-01,FHA Loan,11.5,5.16,16077.93,Chicago Title,Completed
INSERT,2026-07-18T00:00:00,2026-07-18,TXN0234769,PT0347580,LST0347580,AG02457,AG00079,Kayla Cox,384846.49,2026-07-18,2026-08-05,Conventional Mortgage,17.5,5.94,22859.88,Fidelity National Title,Completed
INSERT,2026-07-18T00:00:00,2026-07-18,TXN0234770,PT0280518,LST0280518,AG01762,AG00303,Christian Pena,765790.78,2026-07-18,2026-08-22,Jumbo Loan,11.4,5.35,40969.81,WFG National Title,Completed
INSERT,2026-07-18T00:00:00,2026-07-18,TXN0234771,PT0219865,LST0219865,AG02283,AG01072,Beth Benson,992587.32,2026-07-18,2026-08-02,VA Loan,20.0,6.17,61242.64,Stewart Title,Completed
INSERT,2026-07-18T00:00:00,2026-07-18,TXN0234772,PT0082466,LST0082466,AG00118,AG02913,Kenneth Horton,1588960.11,2026-07-18,2026-09-03,Conventional Mortgage,24.4,6.18,98197.73,WFG National Title,Completed
INSERT,2026-07-18T00:00:00,2026-07-18,TXN0234773,PT0515079,LST0515079,AG02024,AG00115,Sean Cain,1669684.49,2026-07-18,2026-08-04,Conventional Mortgage,11.3,4.66,77807.3,Old Republic Title,Completed
INSERT,2026-07-18T00:00:00,2026-07-18,TXN0234774,PT0414345,LST0414345,AG00383,AG01681,Jason Guerrero,1051201.52,2026-07-18,2026-08-28,Conventional Mortgage,21.4,5.45,57290.48,First American Title,Completed
INSERT,2026-07-18T00:00:00,2026-07-18,TXN0234775,PT0221759,LST0221759,AG01303,AG00139,Gina Patel,360340.35,2026-07-18,2026-08-17,VA Loan,16.9,4.85,17476.51,WFG National Title,Completed
INSERT,2026-07-18T00:00:00,2026-07-18,TXN0234776,PT0509397,LST0509397,AG00270,AG02794,Jacob Harmon,784808.68,2026-07-18,2026-08-20,Conventional Mortgage,22.4,4.51,35394.87,WFG National Title,Completed
INSERT,2026-07-18T00:00:00,2026-07-18,TXN0234777,PT0486573,LST0486573,AG00167,AG00348,Danielle Sims,452192.31,2026-07-18,2026-08-02,Conventional Mortgage,4.9,5.99,27086.32,Fidelity National Title,Completed
INSERT,2026-07-18T00:00:00,2026-07-18,TXN0234778,PT0024719,LST0024719,AG02867,AG01054,Rachel Cox,131564.84,2026-07-18,2026-08-19,VA Loan,16.8,5.87,7722.86,WFG National Title,Completed
INSERT,2026-07-18T00:00:00,2026-07-18,TXN0234779,PT0046383,LST0046383,AG02574,AG00669,Keith Barnett,649244.45,2026-07-18,2026-09-06,Conventional Mortgage,13.2,5.9,38305.42,Chicago Title,Completed
INSERT,2026-07-18T00:00:00,2026-07-18,TXN0234780,PT0047938,LST0047938,AG02963,AG00155,Robert Jensen,124199.21,2026-07-18,2026-09-10,Conventional Mortgage,3.1,5.85,7265.65,Old Republic Title,Completed
INSERT,2026-07-18T00:00:00,2026-07-18,TXN0234781,PT0329108,LST0329108,AG01555,AG00567,Leah Smith,1206268.57,2026-07-18,2026-08-06,VA Loan,6.0,6.21,74909.28,Chicago Title,Completed
INSERT,2026-07-18T00:00:00,2026-07-18,TXN0234782,PT0426798,LST0426798,AG00372,AG02517,Susan Robinson,1019213.26,2026-07-18,2026-08-12,FHA Loan,18.4,5.76,58706.68,Stewart Title,Completed
INSERT,2026-07-18T00:00:00,2026-07-18,TXN0234783,PT0149518,LST0149518,AG01042,AG01794,Ariana Gill,706034.63,2026-07-18,2026-08-25,Conventional Mortgage,6.5,4.63,32689.4,Stewart Title,Completed
INSERT,2026-07-18T00:00:00,2026-07-18,TXN0234784,PT0411274,LST0411274,AG00811,AG02664,Chelsey Rojas,592761.59,2026-07-18,2026-09-14,Conventional Mortgage,16.3,4.87,28867.49,WFG National Title,Completed
INSERT,2026-07-18T00:00:00,2026-07-18,TXN0234785,PT0252478,LST0252478,AG01367,AG01821,Jessica Cook,1319727.87,2026-07-18,2026-09-10,Conventional Mortgage,22.9,6.31,83274.83,Stewart Title,Completed
INSERT,2026-07-18T00:00:00,2026-07-18,TXN0234786,PT0517825,LST0517825,AG01036,AG01284,Andrew Garcia,628420.13,2026-07-18,2026-08-17,Conventional Mortgage,12.8,4.67,29347.22,Fidelity National Title,Completed
INSERT,2026-07-18T00:00:00,2026-07-18,TXN0234787,PT0057890,LST0057890,AG01399,AG01294,Daniel Simmons,365973.67,2026-07-18,2026-08-19,Jumbo Loan,8.2,5.65,20677.51,WFG National Title,Completed
INSERT,2026-07-18T00:00:00,2026-07-18,TXN0234788,PT0291594,LST0291594,AG00666,AG00847,Denise Webb MD,293225.55,2026-07-18,2026-09-02,Cash,100.0,5.77,16919.11,Chicago Title,Completed
INSERT,2026-07-18T00:00:00,2026-07-18,TXN0234789,PT0236079,LST0236079,AG02589,AG00678,Tamara Foley MD,263002.99,2026-07-18,2026-08-15,FHA Loan,16.4,4.63,12177.04,Fidelity National Title,Completed
INSERT,2026-07-18T00:00:00,2026-07-18,TXN0234790,PT0483475,LST0483475,AG00138,AG01499,Connie Gallagher MD,206763.02,2026-07-18,2026-08-30,FHA Loan,20.9,4.79,9903.95,First American Title,Completed
INSERT,2026-07-18T00:00:00,2026-07-18,TXN0234791,PT0385102,LST0385102,AG00779,AG00811,April Moran,61833.78,2026-07-18,2026-08-25,Conventional Mortgage,15.1,5.54,3425.59,WFG National Title,Completed
INSERT,2026-07-18T00:00:00,2026-07-18,TXN0234792,PT0507568,LST0507568,AG01212,AG02089,Heather Mosley,400690.97,2026-07-18,2026-08-31,FHA Loan,3.5,4.83,19353.37,First American Title,Completed
INSERT,2026-07-18T00:00:00,2026-07-18,TXN0234793,PT0145930,LST0145930,AG02974,AG02989,Anthony Sweeney,695012.79,2026-07-18,2026-08-29,FHA Loan,8.0,6.38,44341.82,Fidelity National Title,Completed
INSERT,2026-07-18T00:00:00,2026-07-18,TXN0234794,PT0208899,LST0208899,AG01228,AG00767,Tamara Moore,1069815.81,2026-07-18,2026-09-12,Cash,100.0,5.02,53704.75,First American Title,Completed
INSERT,2026-07-18T00:00:00,2026-07-18,TXN0234795,PT0389671,LST0389671,AG00106,AG02186,Alice Gonzalez,394760.44,2026-07-18,2026-08-15,Conventional Mortgage,22.1,5.79,22856.63,Fidelity National Title,Completed
INSERT,2026-07-18T00:00:00,2026-07-18,TXN0234796,PT0100794,LST0100794,AG02423,AG02610,Hannah Cook,3023040.81,2026-07-18,2026-09-12,VA Loan,7.9,6.05,182893.97,Fidelity National Title,Completed
INSERT,2026-07-18T00:00:00,2026-07-18,TXN0234797,PT0399346,LST0399346,AG02101,AG01846,Michelle Johnson DVM,849749.43,2026-07-18,2026-08-20,Conventional Mortgage,15.9,4.87,41382.8,Chicago Title,Completed
INSERT,2026-07-18T00:00:00,2026-07-18,TXN0234798,PT0514753,LST0514753,AG01381,AG00093,Rick Adams,132382.23,2026-07-18,2026-09-02,Jumbo Loan,7.1,4.65,6155.77,WFG National Title,Completed
INSERT,2026-07-18T00:00:00,2026-07-18,TXN0234799,PT0170723,LST0170723,AG02707,AG00647,Cassandra Gonzalez,408173.08,2026-07-18,2026-09-11,FHA Loan,13.5,5.06,20653.56,WFG National Title,Completed
INSERT,2026-07-18T00:00:00,2026-07-18,TXN0234800,PT0391524,LST0391524,AG02464,AG01583,Robert Parker,458505.72,2026-07-18,2026-09-02,Conventional Mortgage,7.6,6.41,29390.22,WFG National Title,Completed
INSERT,2026-07-18T00:00:00,2026-07-18,TXN0234801,PT0268576,LST0268576,AG00281,AG01490,Anna Anthony,274975.71,2026-07-18,2026-09-02,Jumbo Loan,8.2,4.82,13253.83,First American Title,Completed
INSERT,2026-07-18T00:00:00,2026-07-18,TXN0234802,PT0477217,LST0477217,AG01668,AG00457,Jason Nelson,777488.41,2026-07-18,2026-08-08,VA Loan,17.4,5.19,40351.65,Old Republic Title,Completed
INSERT,2026-07-18T00:00:00,2026-07-18,TXN0234803,PT0204219,LST0204219,AG00755,AG01842,Theresa Anderson,536978.16,2026-07-18,2026-08-03,Conventional Mortgage,24.2,6.39,34312.9,Stewart Title,Completed
INSERT,2026-07-18T00:00:00,2026-07-18,TXN0234804,PT0243566,LST0243566,AG02542,AG02792,Kristina Chen,540638.16,2026-07-18,2026-09-10,Cash,100.0,5.38,29086.33,Stewart Title,Completed
INSERT,2026-07-18T00:00:00,2026-07-18,TXN0234805,PT0373397,LST0373397,AG02074,AG02339,Teresa Miller,240157.88,2026-07-18,2026-09-01,Conventional Mortgage,19.1,4.85,11647.66,Fidelity National Title,Completed
INSERT,2026-07-18T00:00:00,2026-07-18,TXN0234806,PT0227524,LST0227524,AG00594,AG02156,Caitlin Mckee,861133.97,2026-07-18,2026-08-19,FHA Loan,19.4,5.1,43917.83,Stewart Title,Completed
INSERT,2026-07-18T00:00:00,2026-07-18,TXN0234807,PT0164463,LST0164463,AG02575,AG01288,Chad Hughes,1366752.09,2026-07-18,2026-08-11,Conventional Mortgage,6.5,4.63,63280.62,First American Title,Completed
INSERT,2026-07-18T00:00:00,2026-07-18,TXN0234808,PT0054640,LST0054640,AG00582,AG00023,Eric Aguilar,337662.86,2026-07-18,2026-08-11,Conventional Mortgage,25.0,5.58,18841.59,Fidelity National Title,Completed
INSERT,2026-07-18T00:00:00,2026-07-18,TXN0234809,PT0275992,LST0275992,AG00553,AG00681,Jennifer Harvey,394314.43,2026-07-18,2026-08-15,Cash,100.0,5.53,21805.59,Old Republic Title,Completed
INSERT,2026-07-18T00:00:00,2026-07-18,TXN0234810,PT0209407,LST0209407,AG01803,AG02037,Scott Johnson,354781.12,2026-07-18,2026-08-20,Cash,100.0,5.07,17987.4,Stewart Title,Completed
INSERT,2026-07-18T00:00:00,2026-07-18,TXN0234811,PT0130048,LST0130048,AG00507,AG00019,Brianna Myers,305188.96,2026-07-18,2026-08-02,Conventional Mortgage,16.0,6.0,18311.34,First American Title,Completed
INSERT,2026-07-18T00:00:00,2026-07-18,TXN0234812,PT0445718,LST0445718,AG01115,AG01781,Amber Ford,423279.14,2026-07-18,2026-09-02,Conventional Mortgage,17.1,5.9,24973.47,First American Title,Completed
INSERT,2026-07-18T00:00:00,2026-07-18,TXN0234813,PT0166356,LST0166356,AG01341,AG00493,Craig Myers,417581.49,2026-07-18,2026-09-04,Conventional Mortgage,8.2,4.83,20169.19,Chicago Title,Completed
INSERT,2026-07-18T00:00:00,2026-07-18,TXN0234814,PT0311020,LST0311020,AG02885,AG02547,Christina Freeman,127201.82,2026-07-18,2026-09-12,FHA Loan,6.7,5.67,7212.34,WFG National Title,Completed
INSERT,2026-07-18T00:00:00,2026-07-18,TXN0234815,PT0479993,LST0479993,AG01091,AG02325,Michael Ross,245000.24,2026-07-18,2026-09-15,FHA Loan,11.2,6.03,14773.51,WFG National Title,Completed
INSERT,2026-07-18T00:00:00,2026-07-18,TXN0234816,PT0071766,LST0071766,AG00756,AG02203,Michael Hess,605345.54,2026-07-18,2026-08-21,Cash,100.0,6.12,37047.15,Fidelity National Title,Completed
INSERT,2026-07-18T00:00:00,2026-07-18,TXN0234817,PT0269957,LST0269957,AG02483,AG01868,Michelle Fowler,1078141.33,2026-07-18,2026-08-12,Jumbo Loan,8.6,6.13,66090.06,Fidelity National Title,Completed
INSERT,2026-07-18T00:00:00,2026-07-18,TXN0234818,PT0458981,LST0458981,AG02051,AG00935,Zachary Weeks,574313.75,2026-07-18,2026-08-29,Cash,100.0,6.14,35262.86,Stewart Title,Completed
INSERT,2026-07-18T00:00:00,2026-07-18,TXN0234819,PT0395868,LST0395868,AG02999,AG00576,James Conner,161536.93,2026-07-18,2026-08-14,Conventional Mortgage,22.0,4.99,8060.69,Fidelity National Title,Completed
INSERT,2026-07-18T00:00:00,2026-07-18,TXN0234820,PT0132164,LST0132164,AG01560,AG00740,Katie Davis,306041.3,2026-07-18,2026-08-30,FHA Loan,23.5,6.21,19005.16,Stewart Title,Completed
INSERT,2026-07-18T00:00:00,2026-07-18,TXN0234821,PT0034316,LST0034316,AG01526,AG00709,Chad Wheeler,522692.14,2026-07-18,2026-09-09,Jumbo Loan,6.2,4.98,26030.07,Old Republic Title,Completed
INSERT,2026-07-18T00:00:00,2026-07-18,TXN0234822,PT0306574,LST0306574,AG01714,AG00778,Olivia Johnson,537449.1,2026-07-18,2026-09-08,FHA Loan,19.9,4.52,24292.7,Chicago Title,Completed
INSERT,2026-07-18T00:00:00,2026-07-18,TXN0234823,PT0162227,LST0162227,AG02915,AG00090,Katherine Day,205478.74,2026-07-18,2026-09-11,FHA Loan,21.3,4.97,10212.29,Stewart Title,Completed
INSERT,2026-07-18T00:00:00,2026-07-18,TXN0234824,PT0214321,LST0214321,AG02903,AG01933,Mitchell Smith,510129.98,2026-07-18,2026-08-24,VA Loan,13.7,4.99,25455.49,Fidelity National Title,Completed
INSERT,2026-07-18T00:00:00,2026-07-18,TXN0234825,PT0431178,LST0431178,AG00911,AG02333,Melissa Gonzalez,631865.51,2026-07-18,2026-09-06,FHA Loan,17.9,4.69,29634.49,Stewart Title,Completed
INSERT,2026-07-18T00:00:00,2026-07-18,TXN0234826,PT0009854,LST0009854,AG01228,AG02843,Julie Anderson,828720.4,2026-07-18,2026-08-29,Conventional Mortgage,21.2,5.97,49474.61,Stewart Title,Completed
INSERT,2026-07-18T00:00:00,2026-07-18,TXN0234827,PT0326354,LST0326354,AG02875,AG02025,Ronald White,1080709.4,2026-07-18,2026-08-09,Conventional Mortgage,23.2,5.21,56304.96,Old Republic Title,Completed
INSERT,2026-07-18T00:00:00,2026-07-18,TXN0234828,PT0211855,LST0211855,AG01543,AG02313,Michael Santiago,327396.39,2026-07-18,2026-08-03,Conventional Mortgage,22.1,6.02,19709.26,Old Republic Title,Completed
INSERT,2026-07-18T00:00:00,2026-07-18,TXN0234829,PT0309482,LST0309482,AG01129,AG00741,Robert Mahoney,406097.29,2026-07-18,2026-08-12,Conventional Mortgage,6.0,5.32,21604.38,WFG National Title,Completed
INSERT,2026-07-18T00:00:00,2026-07-18,TXN0234830,PT0327526,LST0327526,AG01369,AG01961,Robert Medina,565395.87,2026-07-18,2026-08-06,Conventional Mortgage,7.0,5.74,32453.72,Old Republic Title,Completed
INSERT,2026-07-18T00:00:00,2026-07-18,TXN0234831,PT0170913,LST0170913,AG01729,AG01790,Kyle Ruiz,901737.3,2026-07-18,2026-08-17,Conventional Mortgage,5.0,5.55,50046.42,First American Title,Completed
INSERT,2026-07-18T00:00:00,2026-07-18,TXN0234832,PT0351255,LST0351255,AG01910,AG00837,Elizabeth Alexander,571300.56,2026-07-18,2026-08-18,Jumbo Loan,12.2,6.46,36906.02,Old Republic Title,Completed
INSERT,2026-07-18T00:00:00,2026-07-18,TXN0234833,PT0177102,LST0177102,AG00230,AG00002,Erica Anderson,323063.31,2026-07-18,2026-08-20,Conventional Mortgage,17.5,5.77,18640.75,WFG National Title,Completed
INSERT,2026-07-18T00:00:00,2026-07-18,TXN0234834,PT0008812,LST0008812,AG00561,AG01710,Pamela Hernandez,329840.99,2026-07-18,2026-09-14,Cash,100.0,6.19,20417.16,WFG National Title,Completed
INSERT,2026-07-18T00:00:00,2026-07-18,TXN0234835,PT0057954,LST0057954,AG00793,AG00201,Nancy Townsend,241827.1,2026-07-18,2026-08-03,Conventional Mortgage,5.6,5.99,14485.44,First American Title,Completed
INSERT,2026-07-18T00:00:00,2026-07-18,TXN0234836,PT0160392,LST0160392,AG01239,AG02967,Lisa Dominguez,568354.66,2026-07-18,2026-09-15,Conventional Mortgage,4.4,5.95,33817.1,Chicago Title,Completed
INSERT,2026-07-18T00:00:00,2026-07-18,TXN0234837,PT0114506,LST0114506,AG01284,AG00838,Sharon Baker,159739.52,2026-07-18,2026-08-12,VA Loan,23.5,6.25,9983.72,Old Republic Title,Completed
INSERT,2026-07-18T00:00:00,2026-07-18,TXN0234838,PT0123017,LST0123017,AG01981,AG00881,Julie Richardson,1315785.33,2026-07-18,2026-08-30,Conventional Mortgage,18.3,5.59,73552.4,First American Title,Completed
INSERT,2026-07-18T00:00:00,2026-07-18,TXN0234839,PT0506670,LST0506670,AG01919,AG00516,Austin Petersen,500330.43,2026-07-18,2026-09-12,Conventional Mortgage,19.0,4.65,23265.36,Chicago Title,Completed
INSERT,2026-07-18T00:00:00,2026-07-18,TXN0234840,PT0314047,LST0314047,AG00227,AG02038,Gary Obrien,594385.86,2026-07-18,2026-08-14,VA Loan,11.5,4.75,28233.33,WFG National Title,Completed
INSERT,2026-07-18T00:00:00,2026-07-18,TXN0234841,PT0172079,LST0172079,AG01625,AG00558,Andrea Thompson,1353833.57,2026-07-18,2026-08-21,VA Loan,10.0,4.87,65931.69,Fidelity National Title,Completed
INSERT,2026-07-18T00:00:00,2026-07-18,TXN0234842,PT0258705,LST0258705,AG02483,AG02203,Justin Moore,411494.13,2026-07-18,2026-09-11,Conventional Mortgage,19.5,6.14,25265.74,Fidelity National Title,Completed
INSERT,2026-07-18T00:00:00,2026-07-18,TXN0234843,PT0481025,LST0481025,AG00156,AG02122,Amy Garza,472323.86,2026-07-18,2026-08-11,Conventional Mortgage,5.4,5.13,24230.21,Old Republic Title,Completed
INSERT,2026-07-18T00:00:00,2026-07-18,TXN0234844,PT0355653,LST0355653,AG02975,AG02707,Gregory Jones,716021.43,2026-07-18,2026-09-11,Conventional Mortgage,24.5,6.44,46111.78,Fidelity National Title,Completed
INSERT,2026-07-18T00:00:00,2026-07-18,TXN0234845,PT0247951,LST0247951,AG02051,AG01466,Jennifer Brennan,465188.26,2026-07-18,2026-08-20,Cash,100.0,4.83,22468.59,Old Republic Title,Completed
INSERT,2026-07-18T00:00:00,2026-07-18,TXN0234846,PT0390104,LST0390104,AG02006,AG00824,John Bennett,279264.51,2026-07-18,2026-08-20,Conventional Mortgage,11.1,5.12,14298.34,Fidelity National Title,Completed
INSERT,2026-07-18T00:00:00,2026-07-18,TXN0234847,PT0340674,LST0340674,AG03000,AG01233,Angela Davis,592631.57,2026-07-18,2026-09-14,Conventional Mortgage,6.4,6.08,36032.0,First American Title,Completed
INSERT,2026-07-18T00:00:00,2026-07-18,TXN0234848,PT0091551,LST0091551,AG00957,AG01541,Chad Williams,526248.76,2026-07-18,2026-08-30,Conventional Mortgage,14.4,5.62,29575.18,Chicago Title,Completed
INSERT,2026-07-18T00:00:00,2026-07-18,TXN0234849,PT0345679,LST0345679,AG00092,AG01707,Charles Mcgrath,332026.23,2026-07-18,2026-08-06,FHA Loan,14.8,6.25,20751.64,Fidelity National Title,Completed
INSERT,2026-07-18T00:00:00,2026-07-18,TXN0234850,PT0147052,LST0147052,AG00726,AG00064,Michael Norris,580239.58,2026-07-18,2026-08-28,Conventional Mortgage,7.2,5.03,29186.05,WFG National Title,Completed
INSERT,2026-07-18T00:00:00,2026-07-18,TXN0234851,PT0496795,LST0496795,AG02443,AG01036,Adam Long,278577.06,2026-07-18,2026-08-27,Conventional Mortgage,21.8,5.99,16686.77,Chicago Title,Completed
INSERT,2026-07-18T00:00:00,2026-07-18,TXN0234852,PT0313117,LST0313117,AG02065,AG02129,Natalie George,164390.22,2026-07-18,2026-08-11,Conventional Mortgage,16.5,5.09,8367.46,WFG National Title,Completed
INSERT,2026-07-18T00:00:00,2026-07-18,TXN0234853,PT0162622,LST0162622,AG01696,AG01489,Jacob Stuart,808389.01,2026-07-18,2026-08-06,Jumbo Loan,21.5,5.95,48099.15,Chicago Title,Completed
INSERT,2026-07-18T00:00:00,2026-07-18,TXN0234854,PT0296652,LST0296652,AG01131,AG00177,Isaiah Lee,606674.4,2026-07-18,2026-08-09,Conventional Mortgage,6.7,5.62,34095.1,First American Title,Completed
INSERT,2026-07-18T00:00:00,2026-07-18,TXN0234855,PT0276530,LST0276530,AG02975,AG00195,Jacob Marshall,286910.75,2026-07-18,2026-09-12,FHA Loan,13.9,4.74,13599.57,First American Title,Completed
INSERT,2026-07-18T00:00:00,2026-07-18,TXN0234856,PT0121719,LST0121719,AG02757,AG02717,Michelle Palmer,1224778.09,2026-07-18,2026-08-23,Conventional Mortgage,12.0,4.81,58911.83,WFG National Title,Completed
INSERT,2026-07-18T00:00:00,2026-07-18,TXN0234857,PT0148214,LST0148214,AG02485,AG00180,Ashley Mason,143530.07,2026-07-18,2026-08-28,Conventional Mortgage,6.2,6.05,8683.57,Old Republic Title,Completed
INSERT,2026-07-18T00:00:00,2026-07-18,TXN0234858,PT0277862,LST0277862,AG02546,AG02182,Arthur Franco,484794.27,2026-07-18,2026-08-10,Conventional Mortgage,21.4,5.36,25984.97,First American Title,Completed
INSERT,2026-07-18T00:00:00,2026-07-18,TXN0234859,PT0042846,LST0042846,AG00404,AG02898,John Odonnell,981904.83,2026-07-18,2026-08-18,Conventional Mortgage,3.2,4.79,47033.24,Chicago Title,Completed
INSERT,2026-07-18T00:00:00,2026-07-18,TXN0234860,PT0270196,LST0270196,AG01267,AG00190,Amber Pena,2104163.91,2026-07-18,2026-08-16,Conventional Mortgage,5.3,4.78,100579.03,WFG National Title,Completed
INSERT,2026-07-18T00:00:00,2026-07-18,TXN0234861,PT0098060,LST0098060,AG02877,AG00916,Gregory Green,465856.7,2026-07-18,2026-08-29,Cash,100.0,6.12,28510.43,Old Republic Title,Completed
INSERT,2026-07-18T00:00:00,2026-07-18,TXN0234862,PT0445580,LST0445580,AG00499,AG01486,Luke Carter,245447.96,2026-07-18,2026-08-04,Conventional Mortgage,9.1,6.04,14825.06,Old Republic Title,Completed
INSERT,2026-07-18T00:00:00,2026-07-18,TXN0234863,PT0324237,LST0324237,AG02070,AG02649,Antonio Quinn,142937.7,2026-07-18,2026-08-16,Conventional Mortgage,18.5,6.31,9019.37,Old Republic Title,Completed
INSERT,2026-07-18T00:00:00,2026-07-18,TXN0234864,PT0316601,LST0316601,AG02556,AG00930,Nicholas Perkins,142395.88,2026-07-18,2026-09-13,Jumbo Loan,9.7,5.9,8401.36,First American Title,Completed
INSERT,2026-07-18T00:00:00,2026-07-18,TXN0234865,PT0335085,LST0335085,AG01141,AG02502,Patricia Fuller,54517.46,2026-07-18,2026-08-11,Conventional Mortgage,16.7,6.08,3314.66,WFG National Title,Completed
INSERT,2026-07-18T00:00:00,2026-07-18,TXN0234866,PT0164202,LST0164202,AG00921,AG02806,Justin Mcclure,455708.14,2026-07-18,2026-08-27,Conventional Mortgage,4.5,5.36,24425.96,Old Republic Title,Completed
INSERT,2026-07-18T00:00:00,2026-07-18,TXN0234867,PT0337450,LST0337450,AG01444,AG00714,Devin Smith,370090.99,2026-07-18,2026-08-04,FHA Loan,15.1,4.68,17320.26,Old Republic Title,Completed
INSERT,2026-07-18T00:00:00,2026-07-18,TXN0234868,PT0259389,LST0259389,AG00958,AG01550,James Mercado,1522504.89,2026-07-18,2026-09-03,FHA Loan,4.8,5.21,79322.5,Chicago Title,Completed
INSERT,2026-07-18T00:00:00,2026-07-18,TXN0234869,PT0037442,LST0037442,AG00214,AG01372,Tyler Reed,394380.76,2026-07-18,2026-08-13,Jumbo Loan,12.0,5.01,19758.48,Fidelity National Title,Completed
INSERT,2026-07-18T00:00:00,2026-07-18,TXN0234870,PT0442624,LST0442624,AG02704,AG02419,Christopher Martinez,535911.54,2026-07-18,2026-09-09,Cash,100.0,5.14,27545.85,First American Title,Completed
INSERT,2026-07-18T00:00:00,2026-07-18,TXN0234871,PT0497905,LST0497905,AG00710,AG00256,Lacey Watson,296248.41,2026-07-18,2026-08-23,FHA Loan,22.3,5.86,17360.16,First American Title,Completed
INSERT,2026-07-18T00:00:00,2026-07-18,TXN0234872,PT0512120,LST0512120,AG00713,AG00897,Peter Taylor,161922.05,2026-07-18,2026-08-17,Conventional Mortgage,9.8,4.6,7448.41,WFG National Title,Completed
INSERT,2026-07-18T00:00:00,2026-07-18,TXN0234873,PT0055030,LST0055030,AG01717,AG02989,Kevin Bernard,450747.93,2026-07-18,2026-08-17,Conventional Mortgage,3.0,6.5,29298.62,Stewart Title,Completed
INSERT,2026-07-18T00:00:00,2026-07-18,TXN0234874,PT0017962,LST0017962,AG01205,AG02293,Kelly Zhang,335217.75,2026-07-18,2026-09-02,FHA Loan,9.4,6.25,20951.11,WFG National Title,Completed
INSERT,2026-07-18T00:00:00,2026-07-18,TXN0234875,PT0456677,LST0456677,AG01267,AG02721,Tammy Rios,922044.37,2026-07-18,2026-09-10,VA Loan,6.1,6.21,57258.96,WFG National Title,Completed
INSERT,2026-07-18T00:00:00,2026-07-18,TXN0234876,PT0339835,LST0339835,AG02946,AG01753,Casey Smith,147922.0,2026-07-18,2026-08-07,Conventional Mortgage,18.5,5.91,8742.19,Stewart Title,Completed
INSERT,2026-07-18T00:00:00,2026-07-18,TXN0234877,PT0340910,LST0340910,AG01898,AG02444,Shane Ritter,329654.28,2026-07-18,2026-09-05,Conventional Mortgage,5.3,4.97,16383.82,Old Republic Title,Completed
INSERT,2026-07-18T00:00:00,2026-07-18,TXN0234878,PT0399775,LST0399775,AG01887,AG01125,James Kirk,362995.1,2026-07-18,2026-09-13,Conventional Mortgage,24.6,4.73,17169.67,Stewart Title,Completed
INSERT,2026-07-18T00:00:00,2026-07-18,TXN0234879,PT0390234,LST0390234,AG02394,AG01256,Derrick Miller,1208804.44,2026-07-18,2026-08-19,FHA Loan,17.6,6.18,74704.11,Stewart Title,Completed
INSERT,2026-07-18T00:00:00,2026-07-18,TXN0234880,PT0081983,LST0081983,AG01216,AG01093,Frank Rodriguez,1489725.41,2026-07-18,2026-09-01,Conventional Mortgage,11.6,5.75,85659.21,Fidelity National Title,Completed
INSERT,2026-07-18T00:00:00,2026-07-18,TXN0234881,PT0087872,LST0087872,AG02131,AG02977,Courtney Woods,520377.97,2026-07-18,2026-08-13,FHA Loan,18.0,4.83,25134.26,Chicago Title,Completed
INSERT,2026-07-18T00:00:00,2026-07-18,TXN0234882,PT0396751,LST0396751,AG00406,AG02532,Elizabeth Hardy,442717.2,2026-07-18,2026-08-12,Conventional Mortgage,9.2,4.97,22003.04,Fidelity National Title,Completed
INSERT,2026-07-18T00:00:00,2026-07-18,TXN0234883,PT0041972,LST0041972,AG00203,AG02120,Raymond Spencer,101535.88,2026-07-18,2026-09-03,Cash,100.0,6.28,6376.45,Fidelity National Title,Completed
INSERT,2026-07-18T00:00:00,2026-07-18,TXN0234884,PT0047509,LST0047509,AG02646,AG00813,Cody Harvey,396478.07,2026-07-18,2026-08-09,FHA Loan,9.6,5.49,21766.65,First American Title,Completed
INSERT,2026-07-18T00:00:00,2026-07-18,TXN0234885,PT0345548,LST0345548,AG00194,AG00102,Richard Paul,59123.75,2026-07-18,2026-09-04,FHA Loan,19.7,4.92,2908.89,Old Republic Title,Completed
INSERT,2026-07-18T00:00:00,2026-07-18,TXN0234886,PT0445419,LST0445419,AG01369,AG02160,Kristi Prince,63883.46,2026-07-18,2026-08-03,FHA Loan,20.8,6.38,4075.76,Stewart Title,Completed
INSERT,2026-07-18T00:00:00,2026-07-18,TXN0234887,PT0476670,LST0476670,AG02631,AG00015,Theresa Ward,379017.36,2026-07-18,2026-09-01,Cash,100.0,5.6,21224.97,Stewart Title,Completed
INSERT,2026-07-18T00:00:00,2026-07-18,TXN0234888,PT0507022,LST0507022,AG01462,AG00916,Wesley Kaiser,152535.76,2026-07-18,2026-09-01,Conventional Mortgage,9.3,5.35,8160.66,Fidelity National Title,Completed
INSERT,2026-07-18T00:00:00,2026-07-18,TXN0234889,PT0362881,LST0362881,AG00512,AG01499,Sean Taylor,227536.23,2026-07-18,2026-08-05,Conventional Mortgage,9.1,4.89,11126.52,First American Title,Completed
INSERT,2026-07-18T00:00:00,2026-07-18,TXN0234890,PT0053616,LST0053616,AG01040,AG01357,Michael Garcia,232403.0,2026-07-18,2026-08-06,Conventional Mortgage,11.8,4.91,11410.99,First American Title,Completed
INSERT,2026-07-18T00:00:00,2026-07-18,TXN0234891,PT0273566,LST0273566,AG02683,AG02437,Jason Walker,677167.21,2026-07-18,2026-09-15,Conventional Mortgage,4.4,5.31,35957.58,WFG National Title,Completed
INSERT,2026-07-18T00:00:00,2026-07-18,TXN0234892,PT0403410,LST0403410,AG01035,AG01581,Gregory Boyer,535288.51,2026-07-18,2026-09-01,Conventional Mortgage,13.3,6.32,33830.23,First American Title,Completed
INSERT,2026-07-18T00:00:00,2026-07-18,TXN0234893,PT0300577,LST0300577,AG02688,AG01070,Dr. Blake Carey Jr.,1483563.85,2026-07-18,2026-08-07,Conventional Mortgage,22.3,4.56,67650.51,Old Republic Title,Completed
INSERT,2026-07-18T00:00:00,2026-07-18,TXN0234894,PT0126717,LST0126717,AG02671,AG02212,Charles Velazquez,269296.22,2026-07-18,2026-09-12,Conventional Mortgage,5.6,5.19,13976.47,WFG National Title,Completed
INSERT,2026-07-18T00:00:00,2026-07-18,TXN0234895,PT0039198,LST0039198,AG01299,AG01188,Jane Williams,274741.68,2026-07-18,2026-09-10,FHA Loan,9.9,5.1,14011.83,Old Republic Title,Completed
INSERT,2026-07-18T00:00:00,2026-07-18,TXN0234896,PT0212411,LST0212411,AG00401,AG00219,Jessica Mcbride,494279.32,2026-07-18,2026-08-23,Conventional Mortgage,6.4,4.61,22786.28,Stewart Title,Completed
INSERT,2026-07-18T00:00:00,2026-07-18,TXN0234897,PT0044759,LST0044759,AG00665,AG00557,Rebecca Price,791087.76,2026-07-18,2026-09-12,Jumbo Loan,19.9,4.76,37655.78,Old Republic Title,Completed
INSERT,2026-07-18T00:00:00,2026-07-18,TXN0234898,PT0504760,LST0504760,AG01297,AG01973,Matthew Hernandez,398872.08,2026-07-18,2026-09-01,Conventional Mortgage,15.2,6.25,24929.5,First American Title,Completed
INSERT,2026-07-18T00:00:00,2026-07-18,TXN0234899,PT0517382,LST0517382,AG01764,AG02213,Andrew Powell,118565.51,2026-07-18,2026-08-21,Conventional Mortgage,20.2,5.96,7066.5,Chicago Title,Completed
INSERT,2026-07-18T00:00:00,2026-07-18,TXN0234900,PT0416926,LST0416926,AG00895,AG00520,Melissa Zimmerman,511595.63,2026-07-18,2026-09-04,FHA Loan,19.6,4.89,25017.03,First American Title,Completed
INSERT,2026-07-18T00:00:00,2026-07-18,TXN0234901,PT0519366,LST0519366,AG02931,AG02266,Laura Walters,50446.76,2026-07-18,2026-09-02,FHA Loan,6.6,5.79,2920.87,Stewart Title,Completed
INSERT,2026-07-18T00:00:00,2026-07-18,TXN0234902,PT0511065,LST0511065,AG00757,AG00950,Donald Miranda,367025.44,2026-07-18,2026-09-10,FHA Loan,15.5,4.9,17984.25,Chicago Title,Completed
INSERT,2026-07-18T00:00:00,2026-07-18,TXN0234903,PT0240371,LST0240371,AG00250,AG01607,Susan Lewis,873360.04,2026-07-18,2026-08-13,Conventional Mortgage,7.7,4.95,43231.32,Chicago Title,Completed
INSERT,2026-07-18T00:00:00,2026-07-18,TXN0234904,PT0401400,LST0401400,AG02867,AG00841,Lauren Walker,1064945.15,2026-07-18,2026-08-13,Conventional Mortgage,24.3,6.27,66772.06,Fidelity National Title,Completed
INSERT,2026-07-18T00:00:00,2026-07-18,TXN0234905,PT0108473,LST0108473,AG02981,AG01194,Jocelyn Thompson,94933.95,2026-07-18,2026-09-04,Conventional Mortgage,14.5,4.59,4357.47,Fidelity National Title,Completed
INSERT,2026-07-18T00:00:00,2026-07-18,TXN0234906,PT0393620,LST0393620,AG00025,AG02652,Kelly Garcia,521163.21,2026-07-18,2026-09-12,FHA Loan,23.1,6.43,33510.79,Stewart Title,Completed
INSERT,2026-07-18T00:00:00,2026-07-18,TXN0234907,PT0330295,LST0330295,AG01072,AG02243,Brandon Maddox,954331.37,2026-07-18,2026-09-06,Jumbo Loan,13.1,5.3,50579.56,Old Republic Title,Completed
INSERT,2026-07-18T00:00:00,2026-07-18,TXN0234908,PT0179822,LST0179822,AG02844,AG00735,Mr. Derrick Willis Jr.,794309.75,2026-07-18,2026-09-04,Cash,100.0,5.74,45593.38,First American Title,Completed
INSERT,2026-07-18T00:00:00,2026-07-18,TXN0234909,PT0504947,LST0504947,AG02576,AG00800,Samuel Lang,1287599.38,2026-07-18,2026-09-14,VA Loan,3.9,5.31,68371.53,Chicago Title,Completed
INSERT,2026-07-18T00:00:00,2026-07-18,TXN0234910,PT0498665,LST0498665,AG00892,AG01927,Nicholas Todd,527939.1,2026-07-18,2026-09-06,Conventional Mortgage,16.2,5.71,30145.32,WFG National Title,Completed
INSERT,2026-07-18T00:00:00,2026-07-18,TXN0234911,PT0331906,LST0331906,AG02649,AG01556,Blake Swanson,516669.97,2026-07-18,2026-08-02,Cash,100.0,5.86,30276.86,Fidelity National Title,Completed
INSERT,2026-07-18T00:00:00,2026-07-18,TXN0234912,PT0367279,LST0367279,AG02960,AG02967,Kyle Monroe,823675.96,2026-07-18,2026-09-15,Jumbo Loan,23.8,5.69,46867.16,Old Republic Title,Completed
INSERT,2026-07-18T00:00:00,2026-07-18,TXN0234913,PT0081033,LST0081033,AG02321,AG00709,Grace Santos,291338.63,2026-07-18,2026-08-04,Cash,100.0,4.52,13168.51,Old Republic Title,Completed
INSERT,2026-07-18T00:00:00,2026-07-18,TXN0234914,PT0492440,LST0492440,AG02762,AG02404,Caroline Powell,440478.6,2026-07-18,2026-08-15,Conventional Mortgage,3.2,4.9,21583.45,Stewart Title,Completed
INSERT,2026-07-18T00:00:00,2026-07-18,TXN0234915,PT0083822,LST0083822,AG02008,AG01918,Kimberly Haynes,669537.53,2026-07-18,2026-08-25,FHA Loan,6.5,5.49,36757.61,First American Title,Completed
INSERT,2026-07-18T00:00:00,2026-07-18,TXN0234916,PT0296526,LST0296526,AG00069,AG00394,Crystal Joseph,341042.93,2026-07-18,2026-08-09,Cash,100.0,5.33,18177.59,Stewart Title,Completed
INSERT,2026-07-18T00:00:00,2026-07-18,TXN0234917,PT0356359,LST0356359,AG00897,AG01236,Erin Lewis,292440.63,2026-07-18,2026-09-06,Conventional Mortgage,4.6,5.61,16405.92,WFG National Title,Completed
INSERT,2026-07-18T00:00:00,2026-07-18,TXN0234918,PT0019079,LST0019079,AG01636,AG02780,Laura Forbes,785901.07,2026-07-18,2026-09-05,Conventional Mortgage,3.3,5.5,43224.56,Stewart Title,Completed
INSERT,2026-07-18T00:00:00,2026-07-18,TXN0234919,PT0415260,LST0415260,AG00536,AG01867,Beth Ashley,829319.59,2026-07-18,2026-08-14,Cash,100.0,4.54,37651.11,WFG National Title,Completed
INSERT,2026-07-18T00:00:00,2026-07-18,TXN0234920,PT0442436,LST0442436,AG00182,AG00446,Elizabeth Fowler,906790.79,2026-07-18,2026-08-12,Conventional Mortgage,10.2,4.59,41621.7,Stewart Title,Completed
INSERT,2026-07-18T00:00:00,2026-07-18,TXN0234921,PT0458195,LST0458195,AG01950,AG01078,Beverly Hernandez,185663.38,2026-07-18,2026-09-02,FHA Loan,12.0,4.51,8373.42,Chicago Title,Completed
INSERT,2026-07-18T00:00:00,2026-07-18,TXN0234922,PT0348807,LST0348807,AG00465,AG02685,Erica Morrow,331560.43,2026-07-18,2026-08-27,Conventional Mortgage,5.2,5.36,17771.64,Fidelity National Title,Completed
INSERT,2026-07-18T00:00:00,2026-07-18,TXN0234923,PT0173003,LST0173003,AG01288,AG01222,Steven Ruiz,632952.79,2026-07-18,2026-09-04,Cash,100.0,5.76,36458.08,Stewart Title,Completed
INSERT,2026-07-18T00:00:00,2026-07-18,TXN0234924,PT0445851,LST0445851,AG01148,AG02991,Richard Davis,41977.2,2026-07-18,2026-08-22,Cash,100.0,5.24,2199.61,Fidelity National Title,Completed
INSERT,2026-07-18T00:00:00,2026-07-18,TXN0234925,PT0465354,LST0465354,AG01496,AG00087,Paul Thornton PhD,388371.87,2026-07-18,2026-08-22,Conventional Mortgage,21.6,4.94,19185.57,First American Title,Completed
INSERT,2026-07-18T00:00:00,2026-07-18,TXN0234926,PT0235420,LST0235420,AG00545,AG02172,Richard Hunter,982253.71,2026-07-18,2026-08-18,Conventional Mortgage,6.6,5.64,55399.11,Old Republic Title,Completed
INSERT,2026-07-18T00:00:00,2026-07-18,TXN0234927,PT0509784,LST0509784,AG01089,AG00319,Angela Johnson,747045.68,2026-07-18,2026-09-12,Jumbo Loan,11.8,6.34,47362.7,WFG National Title,Completed
INSERT,2026-07-18T00:00:00,2026-07-18,TXN0234928,PT0330755,LST0330755,AG02581,AG00328,William Williams,383121.28,2026-07-18,2026-08-10,Conventional Mortgage,10.5,5.31,20343.74,Fidelity National Title,Completed
INSERT,2026-07-18T00:00:00,2026-07-18,TXN0234929,PT0278716,LST0278716,AG01885,AG00695,Alicia Fields,489140.73,2026-07-18,2026-08-23,Conventional Mortgage,6.8,5.32,26022.29,First American Title,Completed
INSERT,2026-07-18T00:00:00,2026-07-18,TXN0234930,PT0390513,LST0390513,AG01432,AG02995,Michael Howard,491134.14,2026-07-18,2026-08-28,Conventional Mortgage,16.8,5.13,25195.18,WFG National Title,Completed
INSERT,2026-07-18T00:00:00,2026-07-18,TXN0234931,PT0419821,LST0419821,AG00010,AG02355,Ryan Cunningham,479041.73,2026-07-18,2026-08-07,VA Loan,14.1,5.4,25868.25,Chicago Title,Completed
INSERT,2026-07-18T00:00:00,2026-07-18,TXN0234932,PT0356888,LST0356888,AG01340,AG00934,Kimberly Rivera,233118.54,2026-07-18,2026-09-01,Conventional Mortgage,8.3,6.03,14057.05,Old Republic Title,Completed
INSERT,2026-07-18T00:00:00,2026-07-18,TXN0234933,PT0331160,LST0331160,AG01392,AG00198,Jessica Booker,230350.8,2026-07-18,2026-08-13,Cash,100.0,4.96,11425.4,Chicago Title,Completed
INSERT,2026-07-18T00:00:00,2026-07-18,TXN0234934,PT0384150,LST0384150,AG02099,AG00198,Dr. Tamara Alvarez,382553.71,2026-07-18,2026-09-08,VA Loan,10.7,6.01,22991.48,Old Republic Title,Completed
INSERT,2026-07-18T00:00:00,2026-07-18,TXN0234935,PT0016195,LST0016195,AG02341,AG02019,Timothy Wilson,162406.81,2026-07-18,2026-08-22,Conventional Mortgage,24.0,5.74,9322.15,Stewart Title,Completed
INSERT,2026-07-18T00:00:00,2026-07-18,TXN0234936,PT0408448,LST0408448,AG02610,AG02931,Rebecca Aguilar,239105.24,2026-07-18,2026-08-09,Conventional Mortgage,17.3,5.59,13365.98,WFG National Title,Completed
INSERT,2026-07-18T00:00:00,2026-07-18,TXN0234937,PT0435224,LST0435224,AG01460,AG01901,Stacey Larson,358982.79,2026-07-18,2026-08-31,Conventional Mortgage,12.1,5.1,18308.12,Stewart Title,Completed
INSERT,2026-07-18T00:00:00,2026-07-18,TXN0234938,PT0337689,LST0337689,AG00326,AG00485,Mark Carter,506592.32,2026-07-18,2026-08-17,FHA Loan,20.2,4.57,23151.27,Fidelity National Title,Completed
INSERT,2026-07-18T00:00:00,2026-07-18,TXN0234939,PT0053374,LST0053374,AG00481,AG02278,Diana Perez,632601.17,2026-07-18,2026-08-22,Jumbo Loan,11.6,5.82,36817.39,First American Title,Completed
INSERT,2026-07-18T00:00:00,2026-07-18,TXN0234940,PT0196110,LST0196110,AG00778,AG01937,Ruth King,808678.58,2026-07-18,2026-09-05,VA Loan,16.9,5.53,44719.93,Fidelity National Title,Completed
INSERT,2026-07-18T00:00:00,2026-07-18,TXN0234941,PT0087628,LST0087628,AG01331,AG02580,Brett Salazar,393585.34,2026-07-18,2026-08-14,Cash,100.0,5.88,23142.82,First American Title,Completed
INSERT,2026-07-18T00:00:00,2026-07-18,TXN0234942,PT0474114,LST0474114,AG00511,AG02525,Daniel Yang,657003.07,2026-07-18,2026-08-20,Conventional Mortgage,19.5,6.21,40799.89,Old Republic Title,Completed
INSERT,2026-07-18T00:00:00,2026-07-18,TXN0234943,PT0145643,LST0145643,AG01270,AG01278,Mrs. Amy Meyer,2709947.01,2026-07-18,2026-08-21,VA Loan,6.0,6.45,174791.58,Chicago Title,Completed
INSERT,2026-07-18T00:00:00,2026-07-18,TXN0234944,PT0519247,LST0519247,AG00086,AG01206,Eric Rowland MD,369996.21,2026-07-18,2026-08-25,Cash,100.0,6.25,23124.76,First American Title,Completed
INSERT,2026-07-18T00:00:00,2026-07-18,TXN0234945,PT0317463,LST0317463,AG01391,AG00367,Heather Jones,863510.91,2026-07-18,2026-09-14,Jumbo Loan,18.9,4.74,40930.42,First American Title,Completed
INSERT,2026-07-18T00:00:00,2026-07-18,TXN0234946,PT0096835,LST0096835,AG02215,AG00561,Christopher Riley,456623.91,2026-07-18,2026-09-02,Conventional Mortgage,12.7,5.43,24794.68,WFG National Title,Completed
INSERT,2026-07-18T00:00:00,2026-07-18,TXN0234947,PT0503223,LST0503223,AG00632,AG01968,Catherine Brown,259254.78,2026-07-18,2026-08-26,Conventional Mortgage,23.9,5.87,15218.26,Stewart Title,Completed
INSERT,2026-07-18T00:00:00,2026-07-18,TXN0234948,PT0319158,LST0319158,AG00340,AG00814,Tony Wilson,272059.63,2026-07-18,2026-08-07,Jumbo Loan,3.7,5.71,15534.6,Fidelity National Title,Completed
INSERT,2026-07-18T00:00:00,2026-07-18,TXN0234949,PT0355802,LST0355802,AG02206,AG02706,Austin Hansen,418390.72,2026-07-18,2026-08-07,FHA Loan,13.2,4.68,19580.69,WFG National Title,Completed
INSERT,2026-07-18T00:00:00,2026-07-18,TXN0234950,PT0441500,LST0441500,AG02783,AG02111,Rebecca Jefferson,148302.92,2026-07-18,2026-09-08,VA Loan,7.5,4.61,6836.76,Fidelity National Title,Completed
INSERT,2026-07-18T00:00:00,2026-07-18,TXN0234951,PT0316427,LST0316427,AG01544,AG01725,Larry Ruiz,128532.49,2026-07-18,2026-08-22,VA Loan,17.3,5.38,6915.05,Old Republic Title,Completed
INSERT,2026-07-18T00:00:00,2026-07-18,TXN0234952,PT0272936,LST0272936,AG00020,AG01454,Madison Scott,762351.13,2026-07-18,2026-09-10,Jumbo Loan,19.5,5.0,38117.56,First American Title,Completed
INSERT,2026-07-18T00:00:00,2026-07-18,TXN0234953,PT0480417,LST0480417,AG00472,AG01004,Robert Chang,328526.25,2026-07-18,2026-08-18,VA Loan,15.5,6.31,20730.01,Stewart Title,Completed
INSERT,2026-07-18T00:00:00,2026-07-18,TXN0234954,PT0072997,LST0072997,AG00930,AG01348,Kelly Burgess,656059.38,2026-07-18,2026-09-04,VA Loan,12.4,4.72,30966.0,WFG National Title,Completed
INSERT,2026-07-18T00:00:00,2026-07-18,TXN0234955,PT0496026,LST0496026,AG01569,AG00949,Olivia Adkins,934233.74,2026-07-18,2026-09-14,VA Loan,8.6,5.66,52877.63,Old Republic Title,Completed
INSERT,2026-07-18T00:00:00,2026-07-18,TXN0234956,PT0101595,LST0101595,AG02110,AG02043,Christopher Padilla,290873.35,2026-07-18,2026-09-09,FHA Loan,19.1,4.64,13496.52,Old Republic Title,Completed
INSERT,2026-07-18T00:00:00,2026-07-18,TXN0234957,PT0072288,LST0072288,AG00972,AG02773,Sara Jordan,55860.0,2026-07-18,2026-08-10,Conventional Mortgage,4.1,4.9,2737.14,Fidelity National Title,Completed
INSERT,2026-07-18T00:00:00,2026-07-18,TXN0234958,PT0506284,LST0506284,AG01923,AG00908,John Burch,428069.58,2026-07-18,2026-08-03,Jumbo Loan,24.3,5.59,23929.09,Fidelity National Title,Completed
INSERT,2026-07-18T00:00:00,2026-07-18,TXN0234959,PT0163968,LST0163968,AG01432,AG02561,Laura Warren,2283381.66,2026-07-18,2026-08-30,Conventional Mortgage,14.7,5.47,124900.98,First American Title,Completed
INSERT,2026-07-18T00:00:00,2026-07-18,TXN0234960,PT0089737,LST0089737,AG00855,AG00110,Nicholas Cruz,435083.84,2026-07-18,2026-08-13,Conventional Mortgage,13.9,6.44,28019.4,WFG National Title,Completed
INSERT,2026-07-18T00:00:00,2026-07-18,TXN0234961,PT0460298,LST0460298,AG02069,AG00519,Samantha Colon,94135.83,2026-07-18,2026-08-11,Conventional Mortgage,22.4,6.02,5666.98,Fidelity National Title,Completed
INSERT,2026-07-18T00:00:00,2026-07-18,TXN0234962,PT0508970,LST0508970,AG02947,AG01440,Chad White,2033246.05,2026-07-18,2026-08-12,VA Loan,17.0,6.16,125247.96,Stewart Title,Completed
INSERT,2026-07-18T00:00:00,2026-07-18,TXN0234963,PT0134450,LST0134450,AG02297,AG00466,Christie Pace,226476.16,2026-07-18,2026-08-29,FHA Loan,8.6,4.98,11278.51,WFG National Title,Completed
INSERT,2026-07-18T00:00:00,2026-07-18,TXN0234964,PT0008736,LST0008736,AG01792,AG00380,Lauren Soto,25042.97,2026-07-18,2026-09-12,Cash,100.0,5.46,1367.35,First American Title,Completed
INSERT,2026-07-18T00:00:00,2026-07-18,TXN0234965,PT0146307,LST0146307,AG01153,AG00009,Daniel Arnold,435040.24,2026-07-18,2026-08-16,FHA Loan,18.5,6.03,26232.93,Old Republic Title,Completed
INSERT,2026-07-18T00:00:00,2026-07-18,TXN0234966,PT0246198,LST0246198,AG01129,AG01156,Brandi Hernandez,172392.99,2026-07-18,2026-08-21,Conventional Mortgage,5.2,6.2,10688.37,Chicago Title,Completed
INSERT,2026-07-18T00:00:00,2026-07-18,TXN0234967,PT0063039,LST0063039,AG00868,AG01196,Seth Avila,320454.06,2026-07-18,2026-08-26,FHA Loan,4.6,6.31,20220.65,Old Republic Title,Completed
INSERT,2026-07-18T00:00:00,2026-07-18,TXN0234968,PT0290412,LST0290412,AG00365,AG00642,William Coffey,162349.27,2026-07-18,2026-08-14,FHA Loan,18.3,4.93,8003.82,Fidelity National Title,Completed
INSERT,2026-07-18T00:00:00,2026-07-18,TXN0234969,PT0477625,LST0477625,AG01891,AG02837,April Cole,493720.31,2026-07-18,2026-09-01,Conventional Mortgage,12.4,5.45,26907.76,First American Title,Completed
INSERT,2026-07-18T00:00:00,2026-07-18,TXN0234970,PT0178759,LST0178759,AG01658,AG02005,Seth Jones,760669.71,2026-07-18,2026-08-23,Cash,100.0,4.88,37120.68,Fidelity National Title,Completed
INSERT,2026-07-18T00:00:00,2026-07-18,TXN0234971,PT0480485,LST0480485,AG01076,AG02889,Sarah Sweeney,504468.42,2026-07-18,2026-08-17,VA Loan,21.4,5.78,29158.27,Chicago Title,Completed
INSERT,2026-07-18T00:00:00,2026-07-18,TXN0234972,PT0350313,LST0350313,AG00833,AG00959,Jeffrey Rush,1296972.24,2026-07-18,2026-09-08,FHA Loan,3.5,6.11,79245.0,Fidelity National Title,Completed
INSERT,2026-07-18T00:00:00,2026-07-18,TXN0234973,PT0088227,LST0088227,AG01540,AG02099,Rebecca Hester,38218.94,2026-07-18,2026-08-02,VA Loan,12.2,4.84,1849.8,Chicago Title,Completed
INSERT,2026-07-18T00:00:00,2026-07-18,TXN0234974,PT0016389,LST0016389,AG02609,AG00940,Natasha Hall,751739.63,2026-07-18,2026-08-20,Conventional Mortgage,10.3,6.11,45931.29,Chicago Title,Completed
INSERT,2026-07-18T00:00:00,2026-07-18,TXN0234975,PT0175754,LST0175754,AG00369,AG00379,Erin Smith,855377.42,2026-07-18,2026-09-08,Conventional Mortgage,18.2,6.03,51579.26,Old Republic Title,Completed
INSERT,2026-07-18T00:00:00,2026-07-18,TXN0234976,PT0320692,LST0320692,AG01893,AG00689,Tiffany Acosta,1141672.35,2026-07-18,2026-09-03,FHA Loan,6.7,5.28,60280.3,Stewart Title,Completed
INSERT,2026-07-18T00:00:00,2026-07-18,TXN0234977,PT0341007,LST0341007,AG00317,AG02599,Michelle Cole,405639.17,2026-07-18,2026-08-24,Conventional Mortgage,7.6,5.09,20647.03,Fidelity National Title,Completed
INSERT,2026-07-18T00:00:00,2026-07-18,TXN0234978,PT0206588,LST0206588,AG02357,AG02501,Frank Reeves,391541.8,2026-07-18,2026-09-11,Conventional Mortgage,8.2,5.29,20712.56,Fidelity National Title,Completed
INSERT,2026-07-18T00:00:00,2026-07-18,TXN0234979,PT0075832,LST0075832,AG02850,AG00388,Kim Hall,377680.11,2026-07-18,2026-08-23,Jumbo Loan,12.3,5.3,20017.05,Stewart Title,Completed
INSERT,2026-07-18T00:00:00,2026-07-18,TXN0234980,PT0229189,LST0229189,AG02979,AG00056,Tommy Crosby,296374.13,2026-07-18,2026-09-06,FHA Loan,7.9,5.54,16419.13,Old Republic Title,Completed
INSERT,2026-07-18T00:00:00,2026-07-18,TXN0234981,PT0150981,LST0150981,AG01822,AG01857,Scott Hall,158202.47,2026-07-18,2026-09-02,Cash,100.0,6.04,9555.43,Fidelity National Title,Completed
INSERT,2026-07-18T00:00:00,2026-07-18,TXN0234982,PT0438753,LST0438753,AG00372,AG02694,Jeffrey Wilson,65870.71,2026-07-18,2026-09-13,Conventional Mortgage,17.6,6.24,4110.33,Stewart Title,Completed
INSERT,2026-07-18T00:00:00,2026-07-18,TXN0234983,PT0444620,LST0444620,AG02215,AG02510,Cheryl Jones,1392461.14,2026-07-18,2026-09-05,Conventional Mortgage,11.7,5.19,72268.73,Fidelity National Title,Completed
INSERT,2026-07-18T00:00:00,2026-07-18,TXN0234984,PT0071616,LST0071616,AG02174,AG00741,Michael Farley,301575.39,2026-07-18,2026-08-12,Conventional Mortgage,4.6,6.12,18456.41,Chicago Title,Completed
INSERT,2026-07-18T00:00:00,2026-07-18,TXN0234985,PT0379271,LST0379271,AG01026,AG00283,Kayla Greene,1014217.69,2026-07-18,2026-08-13,Jumbo Loan,19.2,4.62,46856.86,Fidelity National Title,Completed
INSERT,2026-07-18T00:00:00,2026-07-18,TXN0234986,PT0511852,LST0511852,AG00972,AG01902,Mary Williams,845568.51,2026-07-18,2026-08-16,Conventional Mortgage,8.4,5.63,47605.51,First American Title,Completed
INSERT,2026-07-18T00:00:00,2026-07-18,TXN0234987,PT0050814,LST0050814,AG00767,AG01141,Lori Carter,481813.45,2026-07-18,2026-08-29,FHA Loan,3.5,5.37,25873.38,Fidelity National Title,Completed
INSERT,2026-07-18T00:00:00,2026-07-18,TXN0234988,PT0075286,LST0075286,AG00083,AG01537,Richard Williams,609966.58,2026-07-18,2026-08-10,Jumbo Loan,5.1,5.71,34829.09,First American Title,Completed
INSERT,2026-07-18T00:00:00,2026-07-18,TXN0234989,PT0454571,LST0454571,AG02995,AG00424,Sarah Ryan,192365.25,2026-07-18,2026-09-14,Conventional Mortgage,8.4,5.3,10195.36,Old Republic Title,Completed
INSERT,2026-07-18T00:00:00,2026-07-18,TXN0234990,PT0381910,LST0381910,AG00978,AG02564,Tiffany Leon,280003.05,2026-07-18,2026-09-10,Conventional Mortgage,14.7,5.19,14532.16,Stewart Title,Completed
INSERT,2026-07-18T00:00:00,2026-07-18,TXN0234991,PT0178369,LST0178369,AG01729,AG02110,Dr. Chad Rose DVM,75594.05,2026-07-18,2026-08-19,Cash,100.0,5.53,4180.35,First American Title,Completed
INSERT,2026-07-18T00:00:00,2026-07-18,TXN0234992,PT0323079,LST0323079,AG02804,AG00860,Sandra Johns,408908.86,2026-07-18,2026-09-10,Cash,100.0,5.22,21345.04,First American Title,Completed
INSERT,2026-07-18T00:00:00,2026-07-18,TXN0234993,PT0294598,LST0294598,AG01635,AG02732,Isaiah West,556566.6,2026-07-18,2026-08-27,Conventional Mortgage,17.8,5.57,31000.76,Old Republic Title,Completed
INSERT,2026-07-18T00:00:00,2026-07-18,TXN0234994,PT0358219,LST0358219,AG00954,AG00630,Desiree Maldonado,631735.67,2026-07-18,2026-09-15,VA Loan,12.8,5.72,36135.28,Chicago Title,Completed
INSERT,2026-07-18T00:00:00,2026-07-18,TXN0234995,PT0511226,LST0511226,AG00229,AG00066,Brittany Miller,1889925.95,2026-07-18,2026-09-01,FHA Loan,18.8,6.33,119632.31,Fidelity National Title,Completed
INSERT,2026-07-18T00:00:00,2026-07-18,TXN0234996,PT0245160,LST0245160,AG00709,AG02215,Steven Campos,177294.53,2026-07-18,2026-08-05,Cash,100.0,5.36,9502.99,Chicago Title,Completed
INSERT,2026-07-18T00:00:00,2026-07-18,TXN0234997,PT0457765,LST0457765,AG01231,AG00587,Ronald Pruitt,1435935.87,2026-07-18,2026-08-18,Cash,100.0,6.25,89745.99,Chicago Title,Completed
INSERT,2026-07-18T00:00:00,2026-07-18,TXN0234998,PT0510202,LST0510202,AG02618,AG00981,Charles Sims,903601.01,2026-07-18,2026-08-26,Cash,100.0,4.85,43824.65,WFG National Title,Completed
INSERT,2026-07-18T00:00:00,2026-07-18,TXN0234999,PT0485711,LST0485711,AG00478,AG02565,Juan Jarvis,803026.23,2026-07-18,2026-09-14,VA Loan,16.3,4.96,39830.1,Old Republic Title,Completed
INSERT,2026-07-18T00:00:00,2026-07-18,TXN0235000,PT0378327,LST0378327,AG02836,AG01667,Randy Schwartz,1162966.12,2026-07-18,2026-08-15,Conventional Mortgage,3.1,5.28,61404.61,WFG National Title,Completed
INSERT,2026-07-18T00:00:00,2026-07-18,TXN0235001,PT0266522,LST0266522,AG02172,AG02551,Debra Beck,450800.52,2026-07-18,2026-08-17,FHA Loan,24.0,5.23,23576.87,Old Republic Title,Completed
INSERT,2026-07-18T00:00:00,2026-07-18,TXN0235002,PT0175649,LST0175649,AG02463,AG02807,Jeremy Hernandez MD,502274.83,2026-07-18,2026-09-07,Conventional Mortgage,18.5,6.46,32446.95,Stewart Title,Completed
INSERT,2026-07-18T00:00:00,2026-07-18,TXN0235003,PT0508400,LST0508400,AG00183,AG00201,Jose Bell,1914356.41,2026-07-18,2026-08-26,Conventional Mortgage,6.3,5.5,105289.6,First American Title,Completed
INSERT,2026-07-18T00:00:00,2026-07-18,TXN0235004,PT0056670,LST0056670,AG02466,AG01795,Robert Ware,520142.09,2026-07-18,2026-09-11,VA Loan,22.5,4.92,25590.99,Chicago Title,Completed
INSERT,2026-07-18T00:00:00,2026-07-18,TXN0235005,PT0044818,LST0044818,AG02541,AG00038,Robert Mejia,466396.05,2026-07-18,2026-09-07,Conventional Mortgage,6.2,5.19,24205.95,First American Title,Completed
INSERT,2026-07-18T00:00:00,2026-07-18,TXN0235006,PT0501041,LST0501041,AG00302,AG02969,Scott Mckay,344749.99,2026-07-18,2026-09-03,Conventional Mortgage,18.3,5.24,18064.9,Old Republic Title,Completed
INSERT,2026-07-18T00:00:00,2026-07-18,TXN0235007,PT0219091,LST0219091,AG01569,AG00043,Dawn Bryant,326562.95,2026-07-18,2026-09-15,VA Loan,21.8,6.29,20540.81,Chicago Title,Completed
INSERT,2026-07-18T00:00:00,2026-07-18,TXN0235008,PT0399965,LST0399965,AG02991,AG01913,Carrie Valdez,2021189.37,2026-07-18,2026-09-11,FHA Loan,4.9,6.13,123898.91,First American Title,Completed
INSERT,2026-07-18T00:00:00,2026-07-18,TXN0235009,PT0418357,LST0418357,AG01033,AG02882,Kenneth Harris,279036.06,2026-07-18,2026-08-20,FHA Loan,5.2,6.03,16825.87,Fidelity National Title,Completed
INSERT,2026-07-18T00:00:00,2026-07-18,TXN0235010,PT0345355,LST0345355,AG00270,AG00349,Brian Martinez,928428.46,2026-07-18,2026-08-24,Conventional Mortgage,6.8,6.49,60255.01,Chicago Title,Completed
INSERT,2026-07-18T00:00:00,2026-07-18,TXN0235011,PT0184396,LST0184396,AG02492,AG02632,Connor Cabrera,258654.93,2026-07-18,2026-08-24,Conventional Mortgage,10.6,6.27,16217.66,Old Republic Title,Completed
INSERT,2026-07-18T00:00:00,2026-07-18,TXN0235012,PT0478148,LST0478148,AG02280,AG02789,Melissa Davis,355504.19,2026-07-18,2026-08-15,Cash,100.0,4.81,17099.75,WFG National Title,Completed
INSERT,2026-07-18T00:00:00,2026-07-18,TXN0235013,PT0405010,LST0405010,AG00787,AG00425,Cameron Ferguson,646006.74,2026-07-18,2026-09-02,Conventional Mortgage,14.7,6.29,40633.82,WFG National Title,Completed
INSERT,2026-07-18T00:00:00,2026-07-18,TXN0235014,PT0090103,LST0090103,AG01322,AG01763,Christopher Rollins,331252.37,2026-07-18,2026-09-01,Cash,100.0,4.99,16529.49,Chicago Title,Completed
INSERT,2026-07-18T00:00:00,2026-07-18,TXN0235015,PT0308637,LST0308637,AG02714,AG02811,David Stout,41516.73,2026-07-18,2026-08-04,Conventional Mortgage,4.5,5.9,2449.49,First American Title,Completed
INSERT,2026-07-18T00:00:00,2026-07-18,TXN0235016,PT0497289,LST0497289,AG00210,AG01227,Angela Young,336374.99,2026-07-18,2026-08-11,FHA Loan,19.7,6.47,21763.46,First American Title,Completed
INSERT,2026-07-18T00:00:00,2026-07-18,TXN0235017,PT0279319,LST0279319,AG02218,AG00996,Edward Park,147084.5,2026-07-18,2026-08-31,Conventional Mortgage,21.0,4.89,7192.43,Fidelity National Title,Completed
INSERT,2026-07-18T00:00:00,2026-07-18,TXN0235018,PT0096059,LST0096059,AG02869,AG01317,James Alvarado,271897.55,2026-07-18,2026-09-11,Conventional Mortgage,19.4,6.21,16884.84,First American Title,Completed
INSERT,2026-07-18T00:00:00,2026-07-18,TXN0235019,PT0138613,LST0138613,AG00185,AG01421,Michael Johnson,770436.25,2026-07-18,2026-08-19,FHA Loan,13.1,5.44,41911.73,WFG National Title,Completed
INSERT,2026-07-18T00:00:00,2026-07-18,TXN0235020,PT0519354,LST0519354,AG02119,AG01555,Christopher Stephens,130646.54,2026-07-18,2026-08-31,Cash,100.0,6.24,8152.34,Stewart Title,Completed
INSERT,2026-07-18T00:00:00,2026-07-18,TXN0235021,PT0035880,LST0035880,AG02424,AG01961,Austin Lewis,339556.7,2026-07-18,2026-08-18,VA Loan,20.0,5.52,18743.53,Stewart Title,Completed
INSERT,2026-07-18T00:00:00,2026-07-18,TXN0235022,PT0514973,LST0514973,AG02671,AG01220,John Smith,859271.09,2026-07-18,2026-08-24,FHA Loan,11.6,5.29,45455.44,First American Title,Completed
INSERT,2026-07-18T00:00:00,2026-07-18,TXN0235023,PT0510000,LST0510000,AG02903,AG01374,Brittany Davis,353211.04,2026-07-18,2026-08-23,VA Loan,10.9,4.78,16883.49,Old Republic Title,Completed
INSERT,2026-07-18T00:00:00,2026-07-18,TXN0235024,PT0440422,LST0440422,AG00847,AG02824,Jordan Matthews,240660.11,2026-07-18,2026-08-14,FHA Loan,14.9,5.0,12033.01,Chicago Title,Completed
INSERT,2026-07-18T00:00:00,2026-07-18,TXN0235025,PT0266959,LST0266959,AG01051,AG01177,Susan Washington,103553.23,2026-07-18,2026-08-21,Conventional Mortgage,18.0,5.44,5633.3,WFG National Title,Completed
INSERT,2026-07-18T00:00:00,2026-07-18,TXN0235026,PT0066406,LST0066406,AG02034,AG02404,Alex Walton,441912.33,2026-07-18,2026-08-25,Conventional Mortgage,4.1,5.57,24614.52,WFG National Title,Completed
INSERT,2026-07-18T00:00:00,2026-07-18,TXN0235027,PT0394002,LST0394002,AG00899,AG00738,Andrew Cox,362759.78,2026-07-18,2026-08-19,VA Loan,13.9,6.25,22672.49,Stewart Title,Completed
INSERT,2026-07-18T00:00:00,2026-07-18,TXN0235028,PT0420036,LST0420036,AG00148,AG01821,Robert Jones,188442.62,2026-07-18,2026-08-15,Conventional Mortgage,7.7,4.98,9384.44,WFG National Title,Completed
INSERT,2026-07-18T00:00:00,2026-07-18,TXN0235029,PT0497626,LST0497626,AG00611,AG01803,Thomas Thomas,396031.73,2026-07-18,2026-08-24,Conventional Mortgage,13.3,4.83,19128.33,Fidelity National Title,Completed
INSERT,2026-07-18T00:00:00,2026-07-18,TXN0235030,PT0150203,LST0150203,AG01814,AG00524,Suzanne Barrett,91373.13,2026-07-18,2026-08-03,FHA Loan,19.6,5.72,5226.54,Chicago Title,Completed
INSERT,2026-07-18T00:00:00,2026-07-18,TXN0235031,PT0070803,LST0070803,AG01143,AG01173,Robert Garza,296631.8,2026-07-18,2026-08-09,Conventional Mortgage,5.7,5.84,17323.3,First American Title,Completed
INSERT,2026-07-18T00:00:00,2026-07-18,TXN0235032,PT0294600,LST0294600,AG02374,AG02682,Gary Smith,753708.45,2026-07-18,2026-09-02,FHA Loan,15.9,5.39,40624.89,Fidelity National Title,Completed
INSERT,2026-07-18T00:00:00,2026-07-18,TXN0235033,PT0419887,LST0419887,AG00408,AG02599,Nathan Henderson,563551.91,2026-07-18,2026-08-17,FHA Loan,17.8,5.24,29530.12,WFG National Title,Completed
INSERT,2026-07-18T00:00:00,2026-07-18,TXN0235034,PT0116707,LST0116707,AG00365,AG00591,Jaime Gregory,321241.03,2026-07-18,2026-08-16,Jumbo Loan,24.0,6.05,19435.08,Fidelity National Title,Completed
INSERT,2026-07-18T00:00:00,2026-07-18,TXN0235035,PT0152069,LST0152069,AG01492,AG00666,Daniel Clark,362966.16,2026-07-18,2026-08-31,Conventional Mortgage,11.5,6.0,21777.97,Stewart Title,Completed
INSERT,2026-07-18T00:00:00,2026-07-18,TXN0235036,PT0019646,LST0019646,AG01960,AG01434,Jessica Odonnell,2382021.99,2026-07-18,2026-09-05,Conventional Mortgage,15.3,5.92,141015.7,Fidelity National Title,Completed
INSERT,2026-07-18T00:00:00,2026-07-18,TXN0235037,PT0487886,LST0487886,AG00481,AG02960,Jacob Johnson,636002.53,2026-07-18,2026-08-20,Jumbo Loan,3.2,5.12,32563.33,Stewart Title,Completed
INSERT,2026-07-18T00:00:00,2026-07-18,TXN0235038,PT0001707,LST0001707,AG02150,AG01178,Marilyn Sheppard,425495.13,2026-07-18,2026-08-20,Cash,100.0,4.65,19785.52,Stewart Title,Completed
INSERT,2026-07-18T00:00:00,2026-07-18,TXN0235039,PT0434480,LST0434480,AG01134,AG00183,Joshua Moreno,634948.64,2026-07-18,2026-08-31,FHA Loan,4.3,6.39,40573.22,Chicago Title,Completed
INSERT,2026-07-18T00:00:00,2026-07-18,TXN0235040,PT0258432,LST0258432,AG00978,AG00287,Jennifer Gomez,656531.45,2026-07-18,2026-08-06,FHA Loan,24.2,5.55,36437.5,Old Republic Title,Completed
INSERT,2026-07-18T00:00:00,2026-07-18,TXN0235041,PT0136092,LST0136092,AG01327,AG01609,Wendy Pollard,380345.2,2026-07-18,2026-08-07,Conventional Mortgage,13.9,4.88,18560.85,Stewart Title,Completed
INSERT,2026-07-18T00:00:00,2026-07-18,TXN0235042,PT0295983,LST0295983,AG01757,AG00732,Phillip Davis,185913.41,2026-07-18,2026-09-01,Conventional Mortgage,3.5,4.9,9109.76,Chicago Title,Completed
INSERT,2026-07-18T00:00:00,2026-07-18,TXN0235043,PT0374099,LST0374099,AG00451,AG02969,Desiree Alvarez,280447.58,2026-07-18,2026-08-04,Jumbo Loan,7.5,5.04,14134.56,Fidelity National Title,Completed
INSERT,2026-07-18T00:00:00,2026-07-18,TXN0235044,PT0328115,LST0328115,AG02739,AG02300,Christina Neal,1204251.24,2026-07-18,2026-08-08,FHA Loan,4.5,6.12,73700.18,Old Republic Title,Completed
INSERT,2026-07-18T00:00:00,2026-07-18,TXN0235045,PT0205617,LST0205617,AG01769,AG00290,Andrew Martinez,477732.12,2026-07-18,2026-08-26,Conventional Mortgage,21.2,4.74,22644.5,WFG National Title,Completed
INSERT,2026-07-18T00:00:00,2026-07-18,TXN0235046,PT0390302,LST0390302,AG00188,AG00129,Sara Petersen,167877.61,2026-07-18,2026-08-27,Cash,100.0,4.79,8041.34,Chicago Title,Completed
INSERT,2026-07-18T00:00:00,2026-07-18,TXN0235047,PT0430604,LST0430604,AG01523,AG01533,Patrick Morton,342076.5,2026-07-18,2026-08-18,Jumbo Loan,18.1,5.25,17959.02,WFG National Title,Completed
INSERT,2026-07-18T00:00:00,2026-07-18,TXN0235048,PT0155127,LST0155127,AG00397,AG02182,Matthew Lee,213816.67,2026-07-18,2026-08-31,Conventional Mortgage,22.4,4.51,9643.13,Stewart Title,Completed
INSERT,2026-07-18T00:00:00,2026-07-18,TXN0235049,PT0066358,LST0066358,AG01833,AG01164,Steven Johnson,51513.14,2026-07-18,2026-08-13,FHA Loan,17.3,5.93,3054.73,Old Republic Title,Completed
INSERT,2026-07-18T00:00:00,2026-07-18,TXN0235050,PT0063650,LST0063650,AG00256,AG02945,Andrew Hansen,232131.2,2026-07-18,2026-08-18,FHA Loan,9.6,5.19,12047.61,Fidelity National Title,Completed
INSERT,2026-07-18T00:00:00,2026-07-18,TXN0235051,PT0371995,LST0371995,AG01757,AG01701,Jesse Gonzalez,115661.9,2026-07-18,2026-08-03,Jumbo Loan,21.2,5.61,6488.63,WFG National Title,Completed
INSERT,2026-07-18T00:00:00,2026-07-18,TXN0235052,PT0208304,LST0208304,AG02809,AG00706,Edward Chavez,411400.81,2026-07-18,2026-09-08,Cash,100.0,5.23,21516.26,Fidelity National Title,Completed
INSERT,2026-07-18T00:00:00,2026-07-18,TXN0235053,PT0247940,LST0247940,AG00894,AG01890,Timothy Hanna,154413.98,2026-07-18,2026-08-25,FHA Loan,20.6,6.35,9805.29,Old Republic Title,Completed
INSERT,2026-07-18T00:00:00,2026-07-18,TXN0235054,PT0389887,LST0389887,AG00723,AG01655,Lisa Perkins,117287.78,2026-07-18,2026-08-27,VA Loan,15.4,6.37,7471.23,Chicago Title,Completed
INSERT,2026-07-18T00:00:00,2026-07-18,TXN0235055,PT0387163,LST0387163,AG02611,AG01661,Marcus Kemp,362185.11,2026-07-18,2026-09-04,Cash,100.0,6.34,22962.54,Old Republic Title,Completed
INSERT,2026-07-18T00:00:00,2026-07-18,TXN0235056,PT0411676,LST0411676,AG02333,AG02442,Amanda Henderson,1685870.47,2026-07-18,2026-08-13,Conventional Mortgage,17.9,6.33,106715.6,Fidelity National Title,Completed
INSERT,2026-07-18T00:00:00,2026-07-18,TXN0235057,PT0212075,LST0212075,AG01039,AG00652,Elizabeth Gilbert,149464.57,2026-07-18,2026-09-04,Cash,100.0,4.96,7413.44,WFG National Title,Completed
INSERT,2026-07-18T00:00:00,2026-07-18,TXN0235058,PT0203915,LST0203915,AG01246,AG00689,Dr. Brenda Rogers,854245.49,2026-07-18,2026-08-04,FHA Loan,16.4,6.37,54415.44,First American Title,Completed
INSERT,2026-07-18T00:00:00,2026-07-18,TXN0235059,PT0433058,LST0433058,AG01559,AG02735,Steven Martinez,327676.09,2026-07-18,2026-08-25,FHA Loan,21.7,6.44,21102.34,Old Republic Title,Completed
INSERT,2026-07-18T00:00:00,2026-07-18,TXN0235060,PT0131751,LST0131751,AG01311,AG02970,Mr. Ryan Carroll,333047.79,2026-07-18,2026-08-02,VA Loan,15.3,4.84,16119.51,Fidelity National Title,Completed
INSERT,2026-07-18T00:00:00,2026-07-18,TXN0235061,PT0114695,LST0114695,AG02139,AG00741,Matthew Arnold,972545.7,2026-07-18,2026-08-05,FHA Loan,9.1,4.83,46973.96,Old Republic Title,Completed
INSERT,2026-07-18T00:00:00,2026-07-18,TXN0235062,PT0356451,LST0356451,AG01307,AG01218,Derek Crawford,988906.55,2026-07-18,2026-08-19,Conventional Mortgage,8.1,5.13,50730.91,Old Republic Title,Completed
INSERT,2026-07-18T00:00:00,2026-07-18,TXN0235063,PT0472232,LST0472232,AG01072,AG01037,Jason Dudley,497362.76,2026-07-18,2026-09-01,Conventional Mortgage,12.2,5.4,26857.59,Stewart Title,Completed
INSERT,2026-07-18T00:00:00,2026-07-18,TXN0235064,PT0298627,LST0298627,AG02604,AG01887,Stephen Snyder,403504.04,2026-07-18,2026-08-25,Conventional Mortgage,18.6,4.72,19045.39,Fidelity National Title,Completed
INSERT,2026-07-18T00:00:00,2026-07-18,TXN0235065,PT0141549,LST0141549,AG00277,AG01975,Michael Finley,935272.02,2026-07-18,2026-09-12,Jumbo Loan,23.8,5.49,51346.43,Old Republic Title,Completed
INSERT,2026-07-18T00:00:00,2026-07-18,TXN0235066,PT0517986,LST0517986,AG00457,AG01358,Ronald Hebert,1043182.07,2026-07-18,2026-08-13,Conventional Mortgage,4.4,6.44,67180.93,Stewart Title,Completed
INSERT,2026-07-18T00:00:00,2026-07-18,TXN0235067,PT0455651,LST0455651,AG02473,AG02778,Paul Shaffer,332964.28,2026-07-18,2026-08-30,VA Loan,11.6,4.77,15882.4,Stewart Title,Completed
INSERT,2026-07-18T00:00:00,2026-07-18,TXN0235068,PT0246827,LST0246827,AG00766,AG02872,Scott Duran,209088.25,2026-07-18,2026-08-30,VA Loan,21.3,5.54,11583.49,First American Title,Completed
INSERT,2026-07-18T00:00:00,2026-07-18,TXN0235069,PT0325794,LST0325794,AG01729,AG01763,Brittany Gates,409984.07,2026-07-18,2026-09-10,Cash,100.0,5.88,24107.06,Stewart Title,Completed
INSERT,2026-07-18T00:00:00,2026-07-18,TXN0235070,PT0227496,LST0227496,AG00628,AG02063,Kristin Day,346818.42,2026-07-18,2026-08-18,FHA Loan,14.4,5.89,20427.6,WFG National Title,Completed
INSERT,2026-07-18T00:00:00,2026-07-18,TXN0235071,PT0023531,LST0023531,AG01789,AG02543,Elizabeth Rogers,707593.6,2026-07-18,2026-08-02,Cash,100.0,5.29,37431.7,Chicago Title,Completed
INSERT,2026-07-18T00:00:00,2026-07-18,TXN0235072,PT0221421,LST0221421,AG00778,AG02726,Sean Hicks,633115.44,2026-07-18,2026-08-17,Jumbo Loan,5.0,4.88,30896.03,Fidelity National Title,Completed
INSERT,2026-07-18T00:00:00,2026-07-18,TXN0235073,PT0167510,LST0167510,AG00706,AG01818,Paul Bryan,729497.82,2026-07-18,2026-09-13,VA Loan,7.1,4.83,35234.74,Fidelity National Title,Completed
INSERT,2026-07-18T00:00:00,2026-07-18,TXN0235074,PT0207004,LST0207004,AG00792,AG02315,Dr. Emma Mckinney,403602.26,2026-07-18,2026-08-06,FHA Loan,10.0,6.17,24902.26,Fidelity National Title,Completed
INSERT,2026-07-18T00:00:00,2026-07-18,TXN0235075,PT0249338,LST0249338,AG02582,AG01311,Thomas Parker,307753.37,2026-07-18,2026-08-25,Conventional Mortgage,21.3,4.93,15172.24,Stewart Title,Completed
INSERT,2026-07-18T00:00:00,2026-07-18,TXN0235076,PT0007768,LST0007768,AG01557,AG00464,Ronald Little,526737.56,2026-07-18,2026-09-14,Conventional Mortgage,6.5,6.11,32183.66,Stewart Title,Completed
INSERT,2026-07-18T00:00:00,2026-07-18,TXN0235077,PT0387515,LST0387515,AG02333,AG00316,Robert Bowman,642728.22,2026-07-18,2026-08-05,Conventional Mortgage,6.6,5.61,36057.05,Chicago Title,Completed
INSERT,2026-07-18T00:00:00,2026-07-18,TXN0235078,PT0347144,LST0347144,AG02553,AG02292,Sarah Santiago,1838332.51,2026-07-18,2026-08-31,VA Loan,14.1,6.22,114344.28,First American Title,Completed
INSERT,2026-07-18T00:00:00,2026-07-18,TXN0235079,PT0512810,LST0512810,AG02479,AG01597,Richard Gaines,659120.79,2026-07-18,2026-08-24,Conventional Mortgage,12.0,5.68,37438.06,Chicago Title,Completed
INSERT,2026-07-18T00:00:00,2026-07-18,TXN0235080,PT0330055,LST0330055,AG01401,AG01812,Lynn James,74595.16,2026-07-18,2026-09-09,Cash,100.0,5.44,4057.98,Stewart Title,Completed
INSERT,2026-07-18T00:00:00,2026-07-18,TXN0235081,PT0189009,LST0189009,AG02607,AG02046,Jennifer Conrad,1034633.11,2026-07-18,2026-08-17,FHA Loan,21.1,6.2,64147.25,Stewart Title,Completed
INSERT,2026-07-18T00:00:00,2026-07-18,TXN0235082,PT0468203,LST0468203,AG00320,AG00989,Stephen Gilbert,468248.29,2026-07-18,2026-08-21,Cash,100.0,6.17,28890.92,Fidelity National Title,Completed
INSERT,2026-07-18T00:00:00,2026-07-18,TXN0235083,PT0374895,LST0374895,AG00239,AG02112,Michael Olson,504677.84,2026-07-18,2026-09-11,Conventional Mortgage,17.5,4.62,23316.12,Chicago Title,Completed
INSERT,2026-07-18T00:00:00,2026-07-18,TXN0235084,PT0086443,LST0086443,AG02579,AG02964,Stephen Davis,177336.89,2026-07-18,2026-09-06,Conventional Mortgage,14.7,4.88,8654.04,Chicago Title,Completed
INSERT,2026-07-18T00:00:00,2026-07-18,TXN0235085,PT0314040,LST0314040,AG01899,AG00821,Brian Harris,960367.66,2026-07-18,2026-08-05,Cash,100.0,6.36,61079.38,Stewart Title,Completed
INSERT,2026-07-18T00:00:00,2026-07-18,TXN0235086,PT0350490,LST0350490,AG02322,AG02938,Michael Ortega,811132.0,2026-07-18,2026-08-27,VA Loan,20.1,4.69,38042.09,Chicago Title,Completed
INSERT,2026-07-18T00:00:00,2026-07-18,TXN0235087,PT0392984,LST0392984,AG02020,AG00047,Paul Wright,114458.13,2026-07-18,2026-09-06,Conventional Mortgage,16.0,5.51,6306.64,Chicago Title,Completed
INSERT,2026-07-18T00:00:00,2026-07-18,TXN0235088,PT0294290,LST0294290,AG02726,AG00012,Denise Rasmussen,676646.81,2026-07-18,2026-08-28,FHA Loan,5.0,5.66,38298.21,Old Republic Title,Completed
INSERT,2026-07-18T00:00:00,2026-07-18,TXN0235089,PT0291972,LST0291972,AG00452,AG02310,Kevin Davis,1526563.22,2026-07-18,2026-08-20,FHA Loan,9.6,4.96,75717.54,Chicago Title,Completed
INSERT,2026-07-18T00:00:00,2026-07-18,TXN0235090,PT0078340,LST0078340,AG01262,AG01493,Alexander Turner,349954.7,2026-07-18,2026-09-14,Jumbo Loan,5.2,5.3,18547.6,First American Title,Completed
INSERT,2026-07-18T00:00:00,2026-07-18,TXN0235091,PT0503017,LST0503017,AG01519,AG01021,Justin Lee,287017.62,2026-07-18,2026-08-02,Cash,100.0,5.03,14436.99,Stewart Title,Completed
INSERT,2026-07-18T00:00:00,2026-07-18,TXN0235092,PT0098758,LST0098758,AG00629,AG01862,Tricia Smith,124067.02,2026-07-18,2026-08-29,VA Loan,16.3,5.97,7406.8,Old Republic Title,Completed
INSERT,2026-07-18T00:00:00,2026-07-18,TXN0235093,PT0109147,LST0109147,AG01050,AG01319,William Campbell,139708.62,2026-07-18,2026-08-19,Conventional Mortgage,7.7,5.13,7167.05,Stewart Title,Completed
INSERT,2026-07-18T00:00:00,2026-07-18,TXN0235094,PT0150515,LST0150515,AG01549,AG01572,James Jackson,205984.32,2026-07-18,2026-08-25,Conventional Mortgage,19.5,5.38,11081.96,WFG National Title,Completed
INSERT,2026-07-18T00:00:00,2026-07-18,TXN0235095,PT0496880,LST0496880,AG01292,AG01427,Lisa Marquez,275675.18,2026-07-18,2026-08-13,Cash,100.0,5.89,16237.27,First American Title,Completed
INSERT,2026-07-18T00:00:00,2026-07-18,TXN0235096,PT0268251,LST0268251,AG00988,AG01720,Ashley Nguyen,629538.26,2026-07-18,2026-08-16,Cash,100.0,6.34,39912.73,Stewart Title,Completed
INSERT,2026-07-18T00:00:00,2026-07-18,TXN0235097,PT0068254,LST0068254,AG01579,AG02660,Steven Alexander,494721.73,2026-07-18,2026-08-20,Cash,100.0,5.08,25131.86,Stewart Title,Completed
INSERT,2026-07-18T00:00:00,2026-07-18,TXN0235098,PT0240951,LST0240951,AG01790,AG01394,Justin Garza,603665.99,2026-07-18,2026-08-14,Conventional Mortgage,21.8,5.72,34529.69,Fidelity National Title,Completed
INSERT,2026-07-18T00:00:00,2026-07-18,TXN0235099,PT0351619,LST0351619,AG00450,AG00634,Christopher Garcia,132644.21,2026-07-18,2026-09-05,Conventional Mortgage,15.4,5.13,6804.65,First American Title,Completed
INSERT,2026-07-18T00:00:00,2026-07-18,TXN0235100,PT0075828,LST0075828,AG00787,AG00474,Daniel Osborn,834987.92,2026-07-18,2026-09-15,Jumbo Loan,22.7,5.2,43419.37,Old Republic Title,Completed
INSERT,2026-07-18T00:00:00,2026-07-18,TXN0235101,PT0128631,LST0128631,AG01120,AG01817,Matthew Moore,313221.4,2026-07-18,2026-08-16,Cash,100.0,6.37,19952.2,First American Title,Completed
INSERT,2026-07-18T00:00:00,2026-07-18,TXN0235102,PT0482136,LST0482136,AG01706,AG00171,Robyn Trujillo,2447004.86,2026-07-18,2026-09-05,Conventional Mortgage,23.8,5.05,123573.75,WFG National Title,Completed
INSERT,2026-07-18T00:00:00,2026-07-18,TXN0235103,PT0205778,LST0205778,AG00105,AG00611,Barbara Humphrey,865418.2,2026-07-18,2026-09-04,FHA Loan,25.0,5.82,50367.34,Old Republic Title,Completed
INSERT,2026-07-18T00:00:00,2026-07-18,TXN0235104,PT0039212,LST0039212,AG00473,AG02919,Amy Barnes,122958.62,2026-07-18,2026-08-23,Conventional Mortgage,14.8,6.45,7930.83,WFG National Title,Completed
INSERT,2026-07-18T00:00:00,2026-07-18,TXN0235105,PT0040133,LST0040133,AG01412,AG02097,Darren Bruce,194960.3,2026-07-18,2026-08-17,Conventional Mortgage,19.0,5.54,10800.8,Stewart Title,Completed
INSERT,2026-07-18T00:00:00,2026-07-18,TXN0235106,PT0506427,LST0506427,AG02209,AG00718,Shannon Lynn,311958.94,2026-07-18,2026-08-30,Conventional Mortgage,10.8,4.6,14350.11,WFG National Title,Completed
INSERT,2026-07-18T00:00:00,2026-07-18,TXN0235107,PT0078712,LST0078712,AG02185,AG00884,Joseph Garrett,789876.09,2026-07-18,2026-08-29,FHA Loan,24.2,6.25,49367.26,Fidelity National Title,Completed
INSERT,2026-07-18T00:00:00,2026-07-18,TXN0235108,PT0495391,LST0495391,AG02054,AG00672,Misty Phillips,886310.77,2026-07-18,2026-09-05,FHA Loan,21.2,5.56,49278.88,Stewart Title,Completed
INSERT,2026-07-18T00:00:00,2026-07-18,TXN0235109,PT0456783,LST0456783,AG02053,AG01605,Jason Jenkins,750887.66,2026-07-18,2026-09-11,Cash,100.0,5.05,37919.83,Chicago Title,Completed
INSERT,2026-07-18T00:00:00,2026-07-18,TXN0235110,PT0443951,LST0443951,AG00282,AG02363,Bobby Gonzales,641598.13,2026-07-18,2026-08-14,Jumbo Loan,18.7,4.54,29128.56,Stewart Title,Completed
INSERT,2026-07-18T00:00:00,2026-07-18,TXN0235111,PT0082925,LST0082925,AG01737,AG02606,Carmen Alvarado,559765.69,2026-07-18,2026-08-10,Conventional Mortgage,16.7,5.72,32018.6,Old Republic Title,Completed
INSERT,2026-07-18T00:00:00,2026-07-18,TXN0235112,PT0434746,LST0434746,AG02703,AG02457,Eric Valenzuela,1018065.53,2026-07-18,2026-08-05,Jumbo Loan,15.8,6.46,65767.03,Old Republic Title,Completed
INSERT,2026-07-18T00:00:00,2026-07-18,TXN0235113,PT0059675,LST0059675,AG01124,AG00874,Dawn Ingram,874980.26,2026-07-18,2026-09-01,Jumbo Loan,21.6,6.48,56698.72,Chicago Title,Completed
INSERT,2026-07-18T00:00:00,2026-07-18,TXN0235114,PT0316790,LST0316790,AG01033,AG02393,Laura Jackson,491784.49,2026-07-18,2026-09-12,Conventional Mortgage,23.1,6.25,30736.53,First American Title,Completed
INSERT,2026-07-18T00:00:00,2026-07-18,TXN0235115,PT0224172,LST0224172,AG00259,AG00524,Michelle Copeland,646947.73,2026-07-18,2026-09-07,Conventional Mortgage,18.5,5.53,35776.21,Chicago Title,Completed
INSERT,2026-07-18T00:00:00,2026-07-18,TXN0235116,PT0459110,LST0459110,AG01817,AG00498,Andrew Nguyen,348534.07,2026-07-18,2026-08-14,Conventional Mortgage,15.0,6.41,22341.03,Old Republic Title,Completed
INSERT,2026-07-18T00:00:00,2026-07-18,TXN0235117,PT0517188,LST0517188,AG02482,AG02183,Leonard Mcconnell,795805.21,2026-07-18,2026-08-23,Conventional Mortgage,10.7,6.36,50613.21,First American Title,Completed
INSERT,2026-07-18T00:00:00,2026-07-18,TXN0235118,PT0492786,LST0492786,AG00215,AG00455,Christopher Baxter,527296.01,2026-07-18,2026-08-18,Conventional Mortgage,17.9,5.45,28737.63,Fidelity National Title,Completed
INSERT,2026-07-18T00:00:00,2026-07-18,TXN0235119,PT0390281,LST0390281,AG01730,AG00183,Angela Freeman,388441.09,2026-07-18,2026-08-29,Conventional Mortgage,9.9,5.99,23267.62,WFG National Title,Completed
INSERT,2026-07-18T00:00:00,2026-07-18,TXN0235120,PT0245548,LST0245548,AG00897,AG02524,Denise Johnson,553290.55,2026-07-18,2026-09-05,Cash,100.0,5.03,27830.51,Fidelity National Title,Completed
INSERT,2026-07-18T00:00:00,2026-07-18,TXN0235121,PT0479445,LST0479445,AG02676,AG01183,Terrence Spears,119867.31,2026-07-18,2026-09-05,Cash,100.0,4.53,5429.99,WFG National Title,Completed
INSERT,2026-07-18T00:00:00,2026-07-18,TXN0235122,PT0500678,LST0500678,AG00123,AG00540,Jacob Clark,457401.32,2026-07-18,2026-09-07,Conventional Mortgage,7.0,4.56,20857.5,Stewart Title,Completed
INSERT,2026-07-18T00:00:00,2026-07-18,TXN0235123,PT0156230,LST0156230,AG01408,AG01901,Alexandra Cruz,668851.18,2026-07-18,2026-08-25,Conventional Mortgage,10.6,4.6,30767.15,Chicago Title,Completed
INSERT,2026-07-18T00:00:00,2026-07-18,TXN0235124,PT0124229,LST0124229,AG02600,AG01916,Tonya Watkins,322471.48,2026-07-18,2026-08-09,Conventional Mortgage,21.0,6.23,20089.97,Chicago Title,Completed
INSERT,2026-07-18T00:00:00,2026-07-18,TXN0235125,PT0178577,LST0178577,AG01550,AG01151,Karen Rivera,2676051.02,2026-07-18,2026-08-09,FHA Loan,18.3,6.34,169661.63,First American Title,Completed
INSERT,2026-07-18T00:00:00,2026-07-18,TXN0235126,PT0036894,LST0036894,AG00803,AG00594,Mark Hall,341317.04,2026-07-18,2026-09-06,FHA Loan,13.2,6.21,21195.79,Chicago Title,Completed
INSERT,2026-07-18T00:00:00,2026-07-18,TXN0235127,PT0096556,LST0096556,AG00761,AG01115,Katelyn Garcia,1083218.25,2026-07-18,2026-08-30,FHA Loan,13.9,5.77,62501.69,First American Title,Completed
INSERT,2026-07-18T00:00:00,2026-07-18,TXN0235128,PT0181114,LST0181114,AG01062,AG00623,Taylor Harmon,1313186.68,2026-07-18,2026-08-02,Conventional Mortgage,14.5,5.7,74851.64,Chicago Title,Completed
INSERT,2026-07-18T00:00:00,2026-07-18,TXN0235129,PT0201570,LST0201570,AG02346,AG01602,Rachel Zuniga,742721.13,2026-07-18,2026-08-20,Jumbo Loan,17.2,6.04,44860.36,Stewart Title,Completed
INSERT,2026-07-18T00:00:00,2026-07-18,TXN0235130,PT0362817,LST0362817,AG00375,AG01827,Timothy Murillo,849685.86,2026-07-18,2026-09-10,FHA Loan,11.3,4.72,40105.17,Fidelity National Title,Completed
INSERT,2026-07-18T00:00:00,2026-07-18,TXN0235131,PT0315573,LST0315573,AG01047,AG00296,Jessica Cisneros,73780.6,2026-07-18,2026-08-25,Conventional Mortgage,4.8,5.02,3703.79,Chicago Title,Completed
INSERT,2026-07-18T00:00:00,2026-07-18,TXN0235132,PT0334713,LST0334713,AG00652,AG00827,Steven Bradley,898249.88,2026-07-18,2026-08-29,Conventional Mortgage,16.3,5.29,47517.42,First American Title,Completed
INSERT,2026-07-18T00:00:00,2026-07-18,TXN0235133,PT0428899,LST0428899,AG01061,AG01140,Christopher Smith,1672475.33,2026-07-18,2026-08-31,VA Loan,23.8,6.32,105700.44,Stewart Title,Completed
INSERT,2026-07-18T00:00:00,2026-07-18,TXN0235134,PT0417470,LST0417470,AG02202,AG00091,Kyle Salazar,285872.57,2026-07-18,2026-08-07,VA Loan,7.7,5.47,15637.23,Old Republic Title,Completed
INSERT,2026-07-18T00:00:00,2026-07-18,TXN0235135,PT0094139,LST0094139,AG02156,AG00826,Sean Allen,273525.58,2026-07-18,2026-08-13,Cash,100.0,6.05,16548.3,WFG National Title,Completed
INSERT,2026-07-18T00:00:00,2026-07-18,TXN0235136,PT0004317,LST0004317,AG02311,AG02479,Jenny Williams,189734.01,2026-07-18,2026-09-09,Conventional Mortgage,13.9,6.42,12180.92,WFG National Title,Completed
INSERT,2026-07-18T00:00:00,2026-07-18,TXN0235137,PT0221988,LST0221988,AG02603,AG00804,Scott Taylor,120206.43,2026-07-18,2026-08-23,Conventional Mortgage,3.3,6.06,7284.51,Old Republic Title,Completed
INSERT,2026-07-18T00:00:00,2026-07-18,TXN0235138,PT0137994,LST0137994,AG00890,AG00421,Scott Oneill,509457.19,2026-07-18,2026-08-13,Jumbo Loan,14.4,5.26,26797.45,Stewart Title,Completed
INSERT,2026-07-18T00:00:00,2026-07-18,TXN0235139,PT0171102,LST0171102,AG00440,AG01954,Teresa Pearson,400874.75,2026-07-18,2026-08-04,Conventional Mortgage,15.4,4.9,19642.86,Chicago Title,Completed
INSERT,2026-07-18T00:00:00,2026-07-18,TXN0235140,PT0512052,LST0512052,AG00365,AG00630,Shawn Martin,363039.12,2026-07-18,2026-08-04,VA Loan,24.8,5.51,20003.46,Stewart Title,Completed
INSERT,2026-07-18T00:00:00,2026-07-18,TXN0235141,PT0230878,LST0230878,AG02510,AG02990,Alisha Smith,670803.9,2026-07-18,2026-08-20,Conventional Mortgage,14.2,4.81,32265.67,Old Republic Title,Completed
INSERT,2026-07-18T00:00:00,2026-07-18,TXN0235142,PT0299741,LST0299741,AG02495,AG00085,Kevin Young,436529.75,2026-07-18,2026-09-15,VA Loan,16.3,5.42,23659.91,First American Title,Completed
INSERT,2026-07-18T00:00:00,2026-07-18,TXN0235143,PT0177789,LST0177789,AG01815,AG00543,Jennifer Smith,175431.54,2026-07-18,2026-09-07,Conventional Mortgage,22.8,5.1,8947.01,First American Title,Completed
INSERT,2026-07-18T00:00:00,2026-07-18,TXN0235144,PT0237708,LST0237708,AG01162,AG01269,Paul Wilson,500551.92,2026-07-18,2026-08-19,Cash,100.0,5.52,27630.47,Stewart Title,Completed
INSERT,2026-07-18T00:00:00,2026-07-18,TXN0235145,PT0290718,LST0290718,AG00274,AG00921,Cathy Jackson,355308.96,2026-07-18,2026-08-23,Conventional Mortgage,3.2,6.02,21389.6,WFG National Title,Completed
INSERT,2026-07-18T00:00:00,2026-07-18,TXN0235146,PT0097869,LST0097869,AG02575,AG02856,Roy May,401865.67,2026-07-18,2026-09-10,FHA Loan,17.3,5.57,22383.92,Fidelity National Title,Completed
INSERT,2026-07-18T00:00:00,2026-07-18,TXN0235147,PT0499453,LST0499453,AG00687,AG01934,Cynthia Cook,195986.71,2026-07-18,2026-09-01,Cash,100.0,5.75,11269.24,WFG National Title,Completed
INSERT,2026-07-18T00:00:00,2026-07-18,TXN0235148,PT0402070,LST0402070,AG01037,AG01687,Thomas Hawkins,323650.89,2026-07-18,2026-09-11,Jumbo Loan,17.2,5.98,19354.32,Stewart Title,Completed
INSERT,2026-07-18T00:00:00,2026-07-18,TXN0235149,PT0436842,LST0436842,AG00122,AG01572,Andrea Sloan,1305063.6,2026-07-18,2026-09-13,Jumbo Loan,19.3,5.6,73083.56,Stewart Title,Completed
INSERT,2026-07-18T00:00:00,2026-07-18,TXN0235150,PT0096143,LST0096143,AG01341,AG01796,John Rice,242387.59,2026-07-18,2026-08-08,Conventional Mortgage,6.9,6.2,15028.03,Chicago Title,Completed
INSERT,2026-07-18T00:00:00,2026-07-18,TXN0235151,PT0255314,LST0255314,AG01953,AG00827,Joshua Walton,1241535.49,2026-07-18,2026-08-08,VA Loan,4.6,5.87,72878.13,Fidelity National Title,Completed
INSERT,2026-07-18T00:00:00,2026-07-18,TXN0235152,PT0216377,LST0216377,AG02057,AG01265,Cheryl Vega,70141.43,2026-07-18,2026-08-14,Conventional Mortgage,10.6,5.14,3605.27,First American Title,Completed
INSERT,2026-07-18T00:00:00,2026-07-18,TXN0235153,PT0123896,LST0123896,AG02805,AG02011,Sherry White,218431.52,2026-07-18,2026-08-19,VA Loan,18.2,6.22,13586.44,Stewart Title,Completed
INSERT,2026-07-18T00:00:00,2026-07-18,TXN0235154,PT0007660,LST0007660,AG01942,AG02562,Jacob Harris,865514.44,2026-07-18,2026-08-29,Conventional Mortgage,21.0,6.49,56171.89,Old Republic Title,Completed
INSERT,2026-07-18T00:00:00,2026-07-18,TXN0235155,PT0501182,LST0501182,AG00839,AG00540,James Rivas,43410.65,2026-07-18,2026-08-18,FHA Loan,3.6,5.79,2513.48,Chicago Title,Completed
INSERT,2026-07-18T00:00:00,2026-07-18,TXN0235156,PT0098395,LST0098395,AG01364,AG02779,Joseph Hanna,509072.94,2026-07-18,2026-08-12,FHA Loan,16.4,4.96,25250.02,Stewart Title,Completed
INSERT,2026-07-18T00:00:00,2026-07-18,TXN0235157,PT0261238,LST0261238,AG02654,AG02244,Victor Johnson,656804.88,2026-07-18,2026-08-03,Conventional Mortgage,8.8,5.38,35336.1,Chicago Title,Completed
INSERT,2026-07-18T00:00:00,2026-07-18,TXN0235158,PT0513724,LST0513724,AG02554,AG02812,Dawn Mata,559952.52,2026-07-18,2026-09-05,FHA Loan,21.4,5.13,28725.56,Chicago Title,Completed
INSERT,2026-07-18T00:00:00,2026-07-18,TXN0235159,PT0004148,LST0004148,AG01221,AG01364,Ariel Snow,234806.45,2026-07-18,2026-09-08,FHA Loan,13.5,5.17,12139.49,WFG National Title,Completed
INSERT,2026-07-18T00:00:00,2026-07-18,TXN0235160,PT0045023,LST0045023,AG00019,AG00335,Gregory Welch,717241.12,2026-07-18,2026-08-15,Conventional Mortgage,23.8,6.43,46118.6,Chicago Title,Completed
INSERT,2026-07-18T00:00:00,2026-07-18,TXN0235161,PT0304724,LST0304724,AG01806,AG00055,Courtney Holland,295382.26,2026-07-18,2026-08-17,FHA Loan,13.2,5.48,16186.95,WFG National Title,Completed
INSERT,2026-07-18T00:00:00,2026-07-18,TXN0235162,PT0054102,LST0054102,AG02970,AG00268,Randy Parker,236122.09,2026-07-18,2026-08-26,Conventional Mortgage,7.4,4.81,11357.47,Chicago Title,Completed
INSERT,2026-07-18T00:00:00,2026-07-18,TXN0235163,PT0147828,LST0147828,AG00240,AG00912,Taylor Moore,741353.38,2026-07-18,2026-08-08,Cash,100.0,5.28,39143.46,WFG National Title,Completed
INSERT,2026-07-18T00:00:00,2026-07-18,TXN0235164,PT0401964,LST0401964,AG00575,AG01615,Margaret Bennett,200720.47,2026-07-18,2026-08-04,Conventional Mortgage,14.5,5.38,10798.76,Chicago Title,Completed
INSERT,2026-07-18T00:00:00,2026-07-18,TXN0235165,PT0181800,LST0181800,AG01580,AG01920,Courtney Silva,949437.29,2026-07-18,2026-08-30,FHA Loan,6.7,6.32,60004.44,First American Title,Completed
INSERT,2026-07-18T00:00:00,2026-07-18,TXN0235166,PT0352913,LST0352913,AG00815,AG01317,Katherine Cline,1286629.53,2026-07-18,2026-08-22,Conventional Mortgage,5.1,6.34,81572.31,Fidelity National Title,Completed
INSERT,2026-07-18T00:00:00,2026-07-18,TXN0235167,PT0507767,LST0507767,AG00264,AG01106,Brenda Jordan,945486.72,2026-07-18,2026-08-04,Conventional Mortgage,12.9,6.02,56918.3,Chicago Title,Completed
INSERT,2026-07-18T00:00:00,2026-07-18,TXN0235168,PT0513749,LST0513749,AG02400,AG00454,Mitchell Thompson,646174.57,2026-07-18,2026-08-23,Conventional Mortgage,24.6,4.53,29271.71,Fidelity National Title,Completed
INSERT,2026-07-18T00:00:00,2026-07-18,TXN0235169,PT0265721,LST0265721,AG01201,AG00752,Susan Ferguson,777305.48,2026-07-18,2026-09-05,FHA Loan,21.4,6.13,47648.83,Old Republic Title,Completed
INSERT,2026-07-18T00:00:00,2026-07-18,TXN0235170,PT0199543,LST0199543,AG02514,AG02054,Gerald Clark,444296.5,2026-07-18,2026-09-05,Conventional Mortgage,6.6,5.65,25102.75,WFG National Title,Completed
INSERT,2026-07-18T00:00:00,2026-07-18,TXN0235171,PT0198440,LST0198440,AG00413,AG00208,Debra Schneider,360013.94,2026-07-18,2026-08-30,FHA Loan,6.6,6.35,22860.89,Stewart Title,Completed
INSERT,2026-07-18T00:00:00,2026-07-18,TXN0235172,PT0130823,LST0130823,AG02951,AG01191,Jennifer Hall,679493.17,2026-07-18,2026-09-03,Conventional Mortgage,15.8,4.75,32275.93,WFG National Title,Completed
INSERT,2026-07-18T00:00:00,2026-07-18,TXN0235173,PT0167421,LST0167421,AG01050,AG02109,Vanessa Harris,536919.93,2026-07-18,2026-09-08,Conventional Mortgage,7.7,6.02,32322.58,WFG National Title,Completed
INSERT,2026-07-18T00:00:00,2026-07-18,TXN0235174,PT0108899,LST0108899,AG02641,AG00149,Jennifer Blackburn,256711.57,2026-07-18,2026-09-07,Cash,100.0,4.64,11911.42,Fidelity National Title,Completed
INSERT,2026-07-18T00:00:00,2026-07-18,TXN0235175,PT0247787,LST0247787,AG01585,AG02632,Jacob Jones,657758.95,2026-07-18,2026-09-11,FHA Loan,18.8,4.86,31967.08,WFG National Title,Completed
INSERT,2026-07-18T00:00:00,2026-07-18,TXN0235176,PT0357529,LST0357529,AG01134,AG01157,Danielle Hamilton,1096827.18,2026-07-18,2026-08-02,Conventional Mortgage,18.5,5.25,57583.43,First American Title,Completed
INSERT,2026-07-18T00:00:00,2026-07-18,TXN0235177,PT0096520,LST0096520,AG01428,AG02988,Andrea Smith,1034893.61,2026-07-18,2026-08-17,Conventional Mortgage,8.0,5.31,54952.85,Old Republic Title,Completed
INSERT,2026-07-18T00:00:00,2026-07-18,TXN0235178,PT0075028,LST0075028,AG02263,AG00505,Adam Cooper,99850.49,2026-07-18,2026-09-08,FHA Loan,9.6,5.7,5691.48,Chicago Title,Completed
INSERT,2026-07-18T00:00:00,2026-07-18,TXN0235179,PT0271540,LST0271540,AG02616,AG00984,Michael Scott,660746.59,2026-07-18,2026-08-15,VA Loan,19.1,5.04,33301.63,Chicago Title,Completed
INSERT,2026-07-18T00:00:00,2026-07-18,TXN0235180,PT0041177,LST0041177,AG00940,AG01385,Lisa Salazar,619592.14,2026-07-18,2026-09-08,Conventional Mortgage,8.0,4.61,28563.2,First American Title,Completed
INSERT,2026-07-18T00:00:00,2026-07-18,TXN0235181,PT0494968,LST0494968,AG00282,AG01709,Craig Watts,1241205.75,2026-07-18,2026-08-12,Conventional Mortgage,10.5,5.09,63177.37,Chicago Title,Completed
INSERT,2026-07-18T00:00:00,2026-07-18,TXN0235182,PT0263623,LST0263623,AG02119,AG01476,Christopher Burton,439381.89,2026-07-18,2026-08-28,FHA Loan,21.5,5.24,23023.61,Fidelity National Title,Completed
INSERT,2026-07-18T00:00:00,2026-07-18,TXN0235183,PT0213641,LST0213641,AG01615,AG01403,Paul Horne,615896.82,2026-07-18,2026-09-07,Jumbo Loan,22.4,6.12,37692.89,First American Title,Completed
INSERT,2026-07-18T00:00:00,2026-07-18,TXN0235184,PT0105470,LST0105470,AG02445,AG01722,Susan Williamson,135297.21,2026-07-18,2026-08-18,Conventional Mortgage,24.3,5.27,7130.16,First American Title,Completed
INSERT,2026-07-18T00:00:00,2026-07-18,TXN0235185,PT0515420,LST0515420,AG01686,AG01822,Felicia Macias,284033.03,2026-07-18,2026-08-06,FHA Loan,4.9,4.82,13690.39,Stewart Title,Completed
INSERT,2026-07-18T00:00:00,2026-07-18,TXN0235186,PT0182305,LST0182305,AG01002,AG01508,Ricky Bailey,148020.77,2026-07-18,2026-08-29,Conventional Mortgage,5.9,5.37,7948.72,WFG National Title,Completed
INSERT,2026-07-18T00:00:00,2026-07-18,TXN0235187,PT0177135,LST0177135,AG01520,AG02805,Rebecca Johnson,303876.8,2026-07-18,2026-08-14,VA Loan,16.9,5.68,17260.2,First American Title,Completed
INSERT,2026-07-18T00:00:00,2026-07-18,TXN0235188,PT0124461,LST0124461,AG00548,AG00977,Antonio Dalton,213600.85,2026-07-18,2026-08-10,Conventional Mortgage,9.2,5.6,11961.65,First American Title,Completed
INSERT,2026-07-18T00:00:00,2026-07-18,TXN0235189,PT0419804,LST0419804,AG02850,AG01038,Dorothy Burke,664006.89,2026-07-18,2026-09-11,Cash,100.0,6.47,42961.25,Chicago Title,Completed
INSERT,2026-07-18T00:00:00,2026-07-18,TXN0235190,PT0111596,LST0111596,AG01748,AG01078,Lisa Ray MD,401639.88,2026-07-18,2026-09-11,Conventional Mortgage,12.6,5.1,20483.63,WFG National Title,Completed
INSERT,2026-07-18T00:00:00,2026-07-18,TXN0235191,PT0260871,LST0260871,AG01830,AG02800,Kristie Mason,587513.07,2026-07-18,2026-08-04,Conventional Mortgage,14.7,6.06,35603.29,Old Republic Title,Completed
INSERT,2026-07-18T00:00:00,2026-07-18,TXN0235192,PT0024415,LST0024415,AG01478,AG01280,Robert Boyer,468235.62,2026-07-18,2026-08-05,FHA Loan,21.2,5.95,27860.02,Old Republic Title,Completed
INSERT,2026-07-18T00:00:00,2026-07-18,TXN0235193,PT0185826,LST0185826,AG01564,AG00145,Stacey Harvey,91388.58,2026-07-18,2026-09-06,FHA Loan,9.5,4.62,4222.15,Fidelity National Title,Completed
INSERT,2026-07-18T00:00:00,2026-07-18,TXN0235194,PT0206239,LST0206239,AG02368,AG02191,Jessica Pruitt,514383.88,2026-07-18,2026-09-08,Jumbo Loan,3.2,5.98,30760.16,Old Republic Title,Completed
INSERT,2026-07-18T00:00:00,2026-07-18,TXN0235195,PT0099943,LST0099943,AG00964,AG00140,Stephen Gilbert,634939.46,2026-07-18,2026-08-23,FHA Loan,16.1,5.33,33842.27,Stewart Title,Completed
INSERT,2026-07-18T00:00:00,2026-07-18,TXN0235196,PT0508099,LST0508099,AG01494,AG01306,Kathleen Owens,2392655.78,2026-07-18,2026-08-28,FHA Loan,10.6,5.76,137816.97,Chicago Title,Completed
INSERT,2026-07-18T00:00:00,2026-07-18,TXN0235197,PT0092307,LST0092307,AG01387,AG01617,Chase Foster,475894.0,2026-07-18,2026-09-14,Conventional Mortgage,15.4,5.04,23985.06,Old Republic Title,Completed
INSERT,2026-07-18T00:00:00,2026-07-18,TXN0235198,PT0174947,LST0174947,AG02948,AG01845,Anthony Henderson,212138.25,2026-07-18,2026-09-13,Conventional Mortgage,6.8,6.24,13237.43,Stewart Title,Completed
INSERT,2026-07-18T00:00:00,2026-07-18,TXN0235199,PT0381268,LST0381268,AG02289,AG02375,Brandon Rice,415231.61,2026-07-18,2026-08-29,FHA Loan,17.1,5.52,22920.78,Stewart Title,Completed
INSERT,2026-07-18T00:00:00,2026-07-18,TXN0235200,PT0512858,LST0512858,AG02262,AG00475,Dalton Simon,1289805.61,2026-07-18,2026-09-10,Conventional Mortgage,20.1,6.14,79194.06,First American Title,Completed
INSERT,2026-07-18T00:00:00,2026-07-18,TXN0235201,PT0378330,LST0378330,AG02756,AG00963,Thomas Garrison,652340.37,2026-07-18,2026-08-16,Cash,100.0,6.23,40640.81,Fidelity National Title,Completed
INSERT,2026-07-18T00:00:00,2026-07-18,TXN0235202,PT0419900,LST0419900,AG01924,AG01702,Alan Shaw,33932.82,2026-07-18,2026-09-08,Conventional Mortgage,4.9,5.8,1968.1,Chicago Title,Completed
INSERT,2026-07-18T00:00:00,2026-07-18,TXN0235203,PT0292161,LST0292161,AG01841,AG00066,Shaun Spears,927712.11,2026-07-18,2026-08-14,Cash,100.0,6.16,57147.07,Old Republic Title,Completed
INSERT,2026-07-18T00:00:00,2026-07-18,TXN0235204,PT0240190,LST0240190,AG00834,AG01176,Richard Taylor,771384.19,2026-07-18,2026-08-05,Conventional Mortgage,8.1,6.38,49214.31,Old Republic Title,Completed
INSERT,2026-07-18T00:00:00,2026-07-18,TXN0235205,PT0228519,LST0228519,AG02470,AG00092,Thomas Flynn,639996.09,2026-07-18,2026-08-21,Jumbo Loan,24.0,4.94,31615.81,Chicago Title,Completed
INSERT,2026-07-18T00:00:00,2026-07-18,TXN0235206,PT0355353,LST0355353,AG00517,AG02015,Tanya Bennett,129656.87,2026-07-18,2026-08-25,Jumbo Loan,22.7,4.71,6106.84,Chicago Title,Completed
INSERT,2026-07-18T00:00:00,2026-07-18,TXN0235207,PT0245504,LST0245504,AG01375,AG01263,Jessica Clarke,245438.04,2026-07-18,2026-08-12,Conventional Mortgage,6.3,6.27,15388.97,Chicago Title,Completed
INSERT,2026-07-18T00:00:00,2026-07-18,TXN0235208,PT0172005,LST0172005,AG01823,AG00981,Barbara King,226546.98,2026-07-18,2026-09-11,Cash,100.0,5.42,12278.85,First American Title,Completed
INSERT,2026-07-18T00:00:00,2026-07-18,TXN0235209,PT0304702,LST0304702,AG02821,AG00346,Jimmy Perkins,811944.16,2026-07-18,2026-08-27,Jumbo Loan,17.4,6.12,49690.98,Stewart Title,Completed
INSERT,2026-07-18T00:00:00,2026-07-18,TXN0235210,PT0506674,LST0506674,AG01407,AG01978,Benjamin Henderson,434128.39,2026-07-18,2026-08-14,Cash,100.0,5.75,24962.38,Stewart Title,Completed
INSERT,2026-07-18T00:00:00,2026-07-18,TXN0235211,PT0520233,LST0520233,AG02084,AG02418,Carol Sherman,573795.95,2026-07-18,2026-09-09,Cash,100.0,5.84,33509.68,First American Title,Completed
INSERT,2026-07-18T00:00:00,2026-07-18,TXN0235212,PT0229070,LST0229070,AG00132,AG02960,Kristopher Hernandez,133707.32,2026-07-18,2026-08-09,VA Loan,8.7,5.27,7046.38,Chicago Title,Completed
INSERT,2026-07-18T00:00:00,2026-07-18,TXN0235213,PT0064332,LST0064332,AG02087,AG02216,Richard Horn,949378.09,2026-07-18,2026-08-20,Jumbo Loan,10.5,5.55,52690.48,Fidelity National Title,Completed
INSERT,2026-07-18T00:00:00,2026-07-18,TXN0235214,PT0371717,LST0371717,AG00264,AG01129,Lawrence Griffith,3255381.41,2026-07-18,2026-08-12,Conventional Mortgage,23.3,5.82,189463.2,Fidelity National Title,Completed
INSERT,2026-07-18T00:00:00,2026-07-18,TXN0235215,PT0081945,LST0081945,AG01930,AG02504,Martin Collier,1347127.68,2026-07-18,2026-08-17,Conventional Mortgage,12.7,4.75,63988.56,Old Republic Title,Completed
INSERT,2026-07-18T00:00:00,2026-07-18,TXN0235216,PT0383635,LST0383635,AG02061,AG01938,Randy Bush,1166848.04,2026-07-18,2026-08-27,Conventional Mortgage,13.8,5.59,65226.81,First American Title,Completed
INSERT,2026-07-18T00:00:00,2026-07-18,TXN0235217,PT0028528,LST0028528,AG01521,AG02717,Marc Walker,151864.47,2026-07-18,2026-08-10,FHA Loan,13.8,6.17,9370.04,WFG National Title,Completed
INSERT,2026-07-18T00:00:00,2026-07-18,TXN0235218,PT0467689,LST0467689,AG02942,AG02355,Briana Yates,350019.81,2026-07-18,2026-08-29,Conventional Mortgage,15.1,5.47,19146.08,WFG National Title,Completed
INSERT,2026-07-18T00:00:00,2026-07-18,TXN0235219,PT0385397,LST0385397,AG02250,AG01672,Jasmine Flores,1852677.39,2026-07-18,2026-08-09,Conventional Mortgage,20.2,6.09,112828.05,Stewart Title,Completed
INSERT,2026-07-18T00:00:00,2026-07-18,TXN0235220,PT0476468,LST0476468,AG01237,AG00212,Samuel Morrow,865803.71,2026-07-18,2026-08-04,Conventional Mortgage,16.1,5.34,46233.92,WFG National Title,Completed
INSERT,2026-07-18T00:00:00,2026-07-18,TXN0235221,PT0500551,LST0500551,AG01496,AG00903,Tiffany Jackson,327762.23,2026-07-18,2026-08-09,Cash,100.0,4.52,14814.85,Old Republic Title,Completed
INSERT,2026-07-18T00:00:00,2026-07-18,TXN0235222,PT0148975,LST0148975,AG00462,AG02051,Barbara Malone,303091.61,2026-07-18,2026-08-30,Jumbo Loan,22.0,6.27,19003.84,Stewart Title,Completed
INSERT,2026-07-18T00:00:00,2026-07-18,TXN0235223,PT0392058,LST0392058,AG01375,AG01667,Tracy Hanna,230263.31,2026-07-18,2026-08-14,Jumbo Loan,22.1,5.69,13101.98,First American Title,Completed
INSERT,2026-07-18T00:00:00,2026-07-18,TXN0235224,PT0236310,LST0236310,AG02934,AG00615,Regina Bradshaw,1226252.37,2026-07-18,2026-08-04,Cash,100.0,4.53,55549.23,Old Republic Title,Completed
INSERT,2026-07-18T00:00:00,2026-07-18,TXN0235225,PT0095327,LST0095327,AG02570,AG00458,Stephanie Cruz,919744.58,2026-07-18,2026-09-09,Conventional Mortgage,22.6,4.86,44699.59,Chicago Title,Completed
INSERT,2026-07-18T00:00:00,2026-07-18,TXN0235226,PT0102317,LST0102317,AG01769,AG01797,Bryan Mitchell,702918.79,2026-07-18,2026-08-14,Cash,100.0,5.2,36551.78,Chicago Title,Completed
INSERT,2026-07-18T00:00:00,2026-07-18,TXN0235227,PT0073910,LST0073910,AG00282,AG00477,Harold Rivera,386969.72,2026-07-18,2026-08-27,Conventional Mortgage,13.2,4.71,18226.27,Fidelity National Title,Completed
INSERT,2026-07-18T00:00:00,2026-07-18,TXN0235228,PT0510848,LST0510848,AG02804,AG00675,Robert Anthony,192123.29,2026-07-18,2026-08-26,Conventional Mortgage,24.6,4.97,9548.53,WFG National Title,Completed
INSERT,2026-07-18T00:00:00,2026-07-18,TXN0235229,PT0231315,LST0231315,AG00079,AG00589,Ashley Nelson,312677.31,2026-07-18,2026-08-20,Jumbo Loan,8.1,5.88,18385.43,Old Republic Title,Completed
INSERT,2026-07-18T00:00:00,2026-07-18,TXN0235230,PT0207399,LST0207399,AG01714,AG02390,Cole Reynolds,318569.92,2026-07-18,2026-08-23,VA Loan,8.9,5.45,17362.06,WFG National Title,Completed
INSERT,2026-07-18T00:00:00,2026-07-18,TXN0235231,PT0314854,LST0314854,AG02969,AG00205,Christopher Phelps,484115.74,2026-07-18,2026-08-18,Cash,100.0,6.49,31419.11,Chicago Title,Completed
INSERT,2026-07-18T00:00:00,2026-07-18,TXN0235232,PT0509345,LST0509345,AG02281,AG01025,Tiffany Jacobs,126818.88,2026-07-18,2026-09-14,Conventional Mortgage,7.7,5.66,7177.95,Old Republic Title,Completed
INSERT,2026-07-18T00:00:00,2026-07-18,TXN0235233,PT0403302,LST0403302,AG00576,AG00637,Megan Patterson,1254431.38,2026-07-18,2026-09-01,FHA Loan,11.9,4.5,56449.41,Fidelity National Title,Completed
INSERT,2026-07-18T00:00:00,2026-07-18,TXN0235234,PT0390471,LST0390471,AG00696,AG00900,Justin Armstrong,329089.45,2026-07-18,2026-09-12,FHA Loan,9.7,4.94,16257.02,WFG National Title,Completed
INSERT,2026-07-18T00:00:00,2026-07-18,TXN0235235,PT0195036,LST0195036,AG01011,AG00182,Donald Bradley,767387.99,2026-07-18,2026-08-17,FHA Loan,3.1,5.52,42359.82,WFG National Title,Completed
INSERT,2026-07-18T00:00:00,2026-07-18,TXN0235236,PT0440726,LST0440726,AG01416,AG01503,Nancy Smith,867678.63,2026-07-18,2026-08-19,Conventional Mortgage,22.0,6.36,55184.36,Old Republic Title,Completed
INSERT,2026-07-18T00:00:00,2026-07-18,TXN0235237,PT0360995,LST0360995,AG02039,AG02317,Matthew Hughes,286067.82,2026-07-18,2026-08-11,Conventional Mortgage,6.7,5.08,14532.25,Stewart Title,Completed
INSERT,2026-07-18T00:00:00,2026-07-18,TXN0235238,PT0041157,LST0041157,AG00345,AG02409,John Mccarthy,1048325.9,2026-07-18,2026-08-26,Conventional Mortgage,18.9,6.19,64891.37,Old Republic Title,Completed
INSERT,2026-07-18T00:00:00,2026-07-18,TXN0235239,PT0014929,LST0014929,AG00742,AG00951,Michael Simmons,155553.17,2026-07-18,2026-09-09,FHA Loan,15.7,5.16,8026.54,Stewart Title,Completed
INSERT,2026-07-18T00:00:00,2026-07-18,TXN0235240,PT0208845,LST0208845,AG00322,AG02274,William Horton,595384.17,2026-07-18,2026-08-10,Jumbo Loan,6.1,6.28,37390.13,WFG National Title,Completed
INSERT,2026-07-18T00:00:00,2026-07-18,TXN0235241,PT0178591,LST0178591,AG00295,AG02538,Daniel Shaffer Jr.,112988.22,2026-07-18,2026-08-15,Conventional Mortgage,12.0,5.81,6564.62,Fidelity National Title,Completed
INSERT,2026-07-18T00:00:00,2026-07-18,TXN0235242,PT0449902,LST0449902,AG02791,AG00463,Christopher Beltran,567179.84,2026-07-18,2026-08-29,Cash,100.0,5.84,33123.3,Stewart Title,Completed
INSERT,2026-07-18T00:00:00,2026-07-18,TXN0235243,PT0128940,LST0128940,AG02127,AG00166,Kelsey Johnson,1557771.93,2026-07-18,2026-08-27,Jumbo Loan,9.5,6.21,96737.64,Stewart Title,Completed
INSERT,2026-07-18T00:00:00,2026-07-18,TXN0235244,PT0362225,LST0362225,AG01941,AG00062,Patrick Santana,236007.01,2026-07-18,2026-08-29,Jumbo Loan,10.0,4.82,11375.54,First American Title,Completed
INSERT,2026-07-18T00:00:00,2026-07-18,TXN0235245,PT0469143,LST0469143,AG02870,AG01759,Emma Patrick,594655.88,2026-07-18,2026-09-05,Conventional Mortgage,13.7,4.73,28127.22,WFG National Title,Completed
INSERT,2026-07-18T00:00:00,2026-07-18,TXN0235246,PT0133816,LST0133816,AG02481,AG00431,Yvette Hendricks,530713.7,2026-07-18,2026-08-28,Cash,100.0,5.67,30091.47,Fidelity National Title,Completed
INSERT,2026-07-18T00:00:00,2026-07-18,TXN0235247,PT0008632,LST0008632,AG00149,AG00810,Kevin Jones,386540.84,2026-07-18,2026-08-08,Conventional Mortgage,9.9,5.25,20293.39,Fidelity National Title,Completed
INSERT,2026-07-18T00:00:00,2026-07-18,TXN0235248,PT0475743,LST0475743,AG01401,AG00500,Monica Jones,271423.64,2026-07-18,2026-09-03,VA Loan,5.4,4.55,12349.78,Fidelity National Title,Completed
INSERT,2026-07-18T00:00:00,2026-07-18,TXN0235249,PT0417292,LST0417292,AG02404,AG01133,Jennifer Rivera,170776.62,2026-07-18,2026-08-30,Conventional Mortgage,5.8,6.31,10776.0,Stewart Title,Completed
INSERT,2026-07-18T00:00:00,2026-07-18,TXN0235250,PT0127335,LST0127335,AG02426,AG01036,Julie Davis,180003.71,2026-07-18,2026-08-22,Jumbo Loan,4.5,6.15,11070.23,Old Republic Title,Completed
INSERT,2026-07-18T00:00:00,2026-07-18,TXN0235251,PT0129583,LST0129583,AG01820,AG02830,James Hester,189539.33,2026-07-18,2026-09-14,Conventional Mortgage,8.4,4.93,9344.29,WFG National Title,Completed
INSERT,2026-07-18T00:00:00,2026-07-18,TXN0235252,PT0210048,LST0210048,AG01489,AG00948,Stacey Thomas,411878.76,2026-07-18,2026-08-24,Cash,100.0,5.87,24177.28,Old Republic Title,Completed
INSERT,2026-07-18T00:00:00,2026-07-18,TXN0235253,PT0367341,LST0367341,AG01006,AG01657,David Larson,392935.0,2026-07-18,2026-08-23,Conventional Mortgage,3.7,5.0,19646.75,Old Republic Title,Completed
INSERT,2026-07-18T00:00:00,2026-07-18,TXN0235254,PT0050515,LST0050515,AG00975,AG01304,Adrian Parker,447672.73,2026-07-18,2026-08-24,Cash,100.0,4.56,20413.88,Fidelity National Title,Completed
INSERT,2026-07-18T00:00:00,2026-07-18,TXN0235255,PT0237887,LST0237887,AG02873,AG00799,Matthew Ford,373431.45,2026-07-18,2026-08-13,VA Loan,20.3,4.71,17588.62,First American Title,Completed
INSERT,2026-07-18T00:00:00,2026-07-18,TXN0235256,PT0025750,LST0025750,AG02788,AG00196,Sean Fisher,397193.3,2026-07-18,2026-09-08,FHA Loan,24.2,5.01,19899.38,Fidelity National Title,Completed
INSERT,2026-07-18T00:00:00,2026-07-18,TXN0235257,PT0191808,LST0191808,AG01332,AG01347,Lindsay Richardson,478186.67,2026-07-18,2026-09-13,FHA Loan,9.2,5.5,26300.27,WFG National Title,Completed
INSERT,2026-07-18T00:00:00,2026-07-18,TXN0235258,PT0260063,LST0260063,AG01691,AG00456,Nicholas Martinez,516748.82,2026-07-18,2026-08-10,Conventional Mortgage,17.0,6.01,31056.6,Chicago Title,Completed
INSERT,2026-07-18T00:00:00,2026-07-18,TXN0235259,PT0344583,LST0344583,AG00071,AG01504,Vickie Johnson,1097538.38,2026-07-18,2026-08-04,Conventional Mortgage,4.4,6.22,68266.89,Old Republic Title,Completed
INSERT,2026-07-18T00:00:00,2026-07-18,TXN0235260,PT0446273,LST0446273,AG01172,AG02915,Kenneth Bailey,416453.14,2026-07-18,2026-08-02,Jumbo Loan,24.1,4.84,20156.33,WFG National Title,Completed
INSERT,2026-07-18T00:00:00,2026-07-18,TXN0235261,PT0295069,LST0295069,AG02549,AG00733,Kaitlyn Cardenas,636575.83,2026-07-18,2026-08-15,FHA Loan,4.9,5.59,35584.59,Chicago Title,Completed
INSERT,2026-07-18T00:00:00,2026-07-18,TXN0235262,PT0514468,LST0514468,AG00750,AG02509,Beverly Martinez,444283.52,2026-07-18,2026-08-31,FHA Loan,22.6,6.37,28300.86,Fidelity National Title,Completed
INSERT,2026-07-18T00:00:00,2026-07-18,TXN0235263,PT0325766,LST0325766,AG01749,AG02135,Anthony Johnson,229658.06,2026-07-18,2026-08-10,Conventional Mortgage,24.2,4.99,11459.94,Chicago Title,Completed
INSERT,2026-07-18T00:00:00,2026-07-18,TXN0235264,PT0010791,LST0010791,AG00467,AG00554,Mercedes Hernandez,2072685.35,2026-07-18,2026-08-18,Conventional Mortgage,7.6,5.52,114412.23,Stewart Title,Completed
INSERT,2026-07-18T00:00:00,2026-07-18,TXN0235265,PT0197388,LST0197388,AG00734,AG02861,Matthew Palmer,86068.98,2026-07-18,2026-08-02,Conventional Mortgage,3.0,6.11,5258.81,Old Republic Title,Completed
INSERT,2026-07-18T00:00:00,2026-07-18,TXN0235266,PT0370587,LST0370587,AG00400,AG02780,Laura Fields,489288.47,2026-07-18,2026-08-28,Jumbo Loan,14.9,6.23,30482.67,WFG National Title,Completed
INSERT,2026-07-18T00:00:00,2026-07-18,TXN0235267,PT0306225,LST0306225,AG00185,AG01891,Robert Cooper,659754.68,2026-07-18,2026-08-14,Conventional Mortgage,11.0,6.38,42092.35,Fidelity National Title,Completed
INSERT,2026-07-18T00:00:00,2026-07-18,TXN0235268,PT0111164,LST0111164,AG01329,AG00681,Autumn Robinson,488710.13,2026-07-18,2026-09-11,Jumbo Loan,20.1,5.87,28687.28,Old Republic Title,Completed
INSERT,2026-07-18T00:00:00,2026-07-18,TXN0235269,PT0418922,LST0418922,AG00880,AG00839,Michael Saunders,425914.06,2026-07-18,2026-09-03,Conventional Mortgage,21.3,4.66,19847.6,WFG National Title,Completed
INSERT,2026-07-18T00:00:00,2026-07-18,TXN0235270,PT0441892,LST0441892,AG00127,AG02560,Erin Jenkins,301216.13,2026-07-18,2026-09-10,Cash,100.0,5.81,17500.66,Chicago Title,Completed
INSERT,2026-07-18T00:00:00,2026-07-18,TXN0235271,PT0001378,LST0001378,AG00440,AG01050,Holly Love,223226.1,2026-07-18,2026-09-11,FHA Loan,7.5,6.35,14174.86,WFG National Title,Completed
INSERT,2026-07-18T00:00:00,2026-07-18,TXN0235272,PT0033551,LST0033551,AG00530,AG02220,Helen Rodriguez,217544.76,2026-07-18,2026-08-25,Conventional Mortgage,16.9,4.84,10529.17,Chicago Title,Completed
INSERT,2026-07-18T00:00:00,2026-07-18,TXN0235273,PT0517705,LST0517705,AG00497,AG01919,Amanda Alvarez,186934.91,2026-07-18,2026-09-06,Conventional Mortgage,4.6,4.86,9085.04,Stewart Title,Completed
INSERT,2026-07-18T00:00:00,2026-07-18,TXN0235274,PT0021793,LST0021793,AG01654,AG02596,Robert Espinoza,115239.96,2026-07-18,2026-08-18,Cash,100.0,5.3,6107.72,Old Republic Title,Completed
INSERT,2026-07-18T00:00:00,2026-07-18,TXN0235275,PT0369943,LST0369943,AG00290,AG02462,Jason Hamilton,318417.44,2026-07-18,2026-08-04,Jumbo Loan,19.3,5.47,17417.43,Fidelity National Title,Completed
INSERT,2026-07-18T00:00:00,2026-07-18,TXN0235276,PT0039394,LST0039394,AG02762,AG02710,Pamela Bates,1281748.84,2026-07-18,2026-08-13,Cash,100.0,5.47,70111.66,Old Republic Title,Completed
INSERT,2026-07-18T00:00:00,2026-07-18,TXN0235277,PT0322190,LST0322190,AG01828,AG01941,Christy Mcfarland,96584.11,2026-07-18,2026-08-06,VA Loan,9.4,4.72,4558.77,Chicago Title,Completed
INSERT,2026-07-18T00:00:00,2026-07-18,TXN0235278,PT0048842,LST0048842,AG00039,AG02885,Tamara Chandler,341155.61,2026-07-18,2026-08-24,Conventional Mortgage,6.5,5.71,19479.99,Fidelity National Title,Completed
INSERT,2026-07-18T00:00:00,2026-07-18,TXN0235279,PT0305320,LST0305320,AG02985,AG01220,Sarah Gutierrez,127033.24,2026-07-18,2026-09-13,FHA Loan,9.0,6.23,7914.17,WFG National Title,Completed
INSERT,2026-07-18T00:00:00,2026-07-18,TXN0235280,PT0150709,LST0150709,AG01567,AG00519,Lacey Mathis,875687.66,2026-07-18,2026-08-14,FHA Loan,21.3,5.21,45623.33,Chicago Title,Completed
INSERT,2026-07-18T00:00:00,2026-07-18,TXN0235281,PT0115946,LST0115946,AG02679,AG00677,Robin Ball,356040.77,2026-07-18,2026-08-06,Conventional Mortgage,11.5,6.11,21754.09,Old Republic Title,Completed
INSERT,2026-07-18T00:00:00,2026-07-18,TXN0235282,PT0194374,LST0194374,AG00957,AG01927,Donna Anderson,212764.02,2026-07-18,2026-08-20,Conventional Mortgage,20.0,4.71,10021.19,WFG National Title,Completed
INSERT,2026-07-18T00:00:00,2026-07-18,TXN0235283,PT0250971,LST0250971,AG02270,AG02078,Brooke Shields,293377.86,2026-07-18,2026-08-04,Conventional Mortgage,21.1,4.77,13994.12,Old Republic Title,Completed
INSERT,2026-07-18T00:00:00,2026-07-18,TXN0235284,PT0180358,LST0180358,AG01147,AG00725,Dylan Garrett,283261.55,2026-07-18,2026-08-30,VA Loan,15.2,5.51,15607.71,WFG National Title,Completed
INSERT,2026-07-18T00:00:00,2026-07-18,TXN0235285,PT0259271,LST0259271,AG00097,AG01051,Susan Martin,1489672.31,2026-07-18,2026-09-10,Conventional Mortgage,6.2,4.54,67631.12,First American Title,Completed
INSERT,2026-07-18T00:00:00,2026-07-18,TXN0235286,PT0408882,LST0408882,AG02013,AG00221,Cody Williams,1206961.32,2026-07-18,2026-09-05,Conventional Mortgage,11.1,6.36,76762.74,Stewart Title,Completed
INSERT,2026-07-18T00:00:00,2026-07-18,TXN0235287,PT0515301,LST0515301,AG01542,AG01413,Wanda Jackson,699498.67,2026-07-18,2026-09-08,Conventional Mortgage,17.9,6.0,41969.92,Chicago Title,Completed
INSERT,2026-07-18T00:00:00,2026-07-18,TXN0235288,PT0313419,LST0313419,AG01792,AG01221,Timothy Santana,537545.46,2026-07-18,2026-08-29,FHA Loan,17.9,6.37,34241.65,WFG National Title,Completed
INSERT,2026-07-18T00:00:00,2026-07-18,TXN0235289,PT0479459,LST0479459,AG01969,AG02243,Ashley Clark,391230.48,2026-07-18,2026-09-07,Conventional Mortgage,6.2,6.25,24451.9,WFG National Title,Completed
INSERT,2026-07-18T00:00:00,2026-07-18,TXN0235290,PT0151068,LST0151068,AG02791,AG00726,Connie Cooper,97685.24,2026-07-18,2026-08-19,Conventional Mortgage,8.0,4.8,4688.89,Old Republic Title,Completed
INSERT,2026-07-18T00:00:00,2026-07-18,TXN0235291,PT0181784,LST0181784,AG00324,AG02797,Robert Steele,209493.63,2026-07-18,2026-08-20,Cash,100.0,6.4,13407.59,Old Republic Title,Completed
INSERT,2026-07-18T00:00:00,2026-07-18,TXN0235292,PT0398845,LST0398845,AG02185,AG01165,Richard Koch,313974.35,2026-07-18,2026-08-02,Jumbo Loan,12.0,5.69,17865.14,Old Republic Title,Completed
INSERT,2026-07-18T00:00:00,2026-07-18,TXN0235293,PT0272509,LST0272509,AG01989,AG00886,Michelle Chambers,872926.71,2026-07-18,2026-09-12,Conventional Mortgage,7.7,4.5,39281.7,First American Title,Completed
INSERT,2026-07-18T00:00:00,2026-07-18,TXN0235294,PT0380726,LST0380726,AG01301,AG00873,Tiffany Thomas,248449.08,2026-07-18,2026-08-23,VA Loan,12.6,6.36,15801.36,Fidelity National Title,Completed
INSERT,2026-07-18T00:00:00,2026-07-18,TXN0235295,PT0421003,LST0421003,AG01822,AG01624,Carly Mitchell,551328.67,2026-07-18,2026-08-08,Jumbo Loan,23.3,6.09,33575.92,Fidelity National Title,Completed
INSERT,2026-07-18T00:00:00,2026-07-18,TXN0235296,PT0296940,LST0296940,AG01699,AG00592,Megan Jones,265391.32,2026-07-18,2026-08-30,Conventional Mortgage,13.9,6.46,17144.28,WFG National Title,Completed
INSERT,2026-07-18T00:00:00,2026-07-18,TXN0235297,PT0213684,LST0213684,AG02249,AG01756,Brenda Bender,397393.64,2026-07-18,2026-08-02,Conventional Mortgage,15.6,6.09,24201.27,Stewart Title,Completed
INSERT,2026-07-18T00:00:00,2026-07-18,TXN0235298,PT0139885,LST0139885,AG00868,AG01647,Gordon Miller,1026553.6,2026-07-18,2026-08-21,VA Loan,25.0,5.7,58513.56,Old Republic Title,Completed
INSERT,2026-07-18T00:00:00,2026-07-18,TXN0235299,PT0108797,LST0108797,AG00652,AG00731,Samantha Smith,380112.9,2026-07-18,2026-08-04,Conventional Mortgage,18.2,4.94,18777.58,Fidelity National Title,Completed
INSERT,2026-07-18T00:00:00,2026-07-18,TXN0235300,PT0508092,LST0508092,AG01211,AG01362,Matthew Johnston,511229.05,2026-07-18,2026-08-31,Conventional Mortgage,10.1,5.3,27095.14,Old Republic Title,Completed
INSERT,2026-07-18T00:00:00,2026-07-18,TXN0235301,PT0192214,LST0192214,AG01443,AG02914,Donna Mitchell,550613.01,2026-07-18,2026-08-16,Jumbo Loan,11.2,5.94,32706.41,Old Republic Title,Completed
INSERT,2026-07-18T00:00:00,2026-07-18,TXN0235302,PT0093960,LST0093960,AG00148,AG02384,Jessica Bowman,277234.91,2026-07-18,2026-08-04,VA Loan,9.4,4.83,13390.45,Old Republic Title,Completed
INSERT,2026-07-18T00:00:00,2026-07-18,TXN0235303,PT0407487,LST0407487,AG00162,AG01850,Robert Oconnor,184906.96,2026-07-18,2026-08-17,Jumbo Loan,11.6,4.93,9115.91,Old Republic Title,Completed
INSERT,2026-07-18T00:00:00,2026-07-18,TXN0235304,PT0380656,LST0380656,AG00532,AG01301,David Jones,180723.12,2026-07-18,2026-08-28,Jumbo Loan,3.5,5.87,10608.45,WFG National Title,Completed
INSERT,2026-07-18T00:00:00,2026-07-18,TXN0235305,PT0342303,LST0342303,AG00401,AG01079,Christopher Ward,537193.09,2026-07-18,2026-09-03,Conventional Mortgage,19.6,6.36,34165.48,Fidelity National Title,Completed
INSERT,2026-07-18T00:00:00,2026-07-18,TXN0235306,PT0043193,LST0043193,AG00603,AG00531,Tammy Holmes,797532.87,2026-07-18,2026-09-04,Conventional Mortgage,3.9,5.21,41551.46,Chicago Title,Completed
INSERT,2026-07-18T00:00:00,2026-07-18,TXN0235307,PT0318513,LST0318513,AG01212,AG02213,Robert Murray,594085.62,2026-07-18,2026-08-24,Cash,100.0,5.37,31902.4,Chicago Title,Completed
INSERT,2026-07-18T00:00:00,2026-07-18,TXN0235308,PT0126623,LST0126623,AG00667,AG00144,Susan Rodriguez,516543.73,2026-07-18,2026-08-27,VA Loan,5.0,4.68,24174.25,WFG National Title,Completed
INSERT,2026-07-18T00:00:00,2026-07-18,TXN0235309,PT0187160,LST0187160,AG01834,AG01162,Jennifer Berg,1173140.03,2026-07-18,2026-08-22,FHA Loan,6.8,5.89,69097.95,Chicago Title,Completed
INSERT,2026-07-18T00:00:00,2026-07-18,TXN0235310,PT0142894,LST0142894,AG00290,AG02336,Amanda Ortega,688271.9,2026-07-18,2026-08-05,Conventional Mortgage,14.5,5.79,39850.94,WFG National Title,Completed
INSERT,2026-07-18T00:00:00,2026-07-18,TXN0235311,PT0032983,LST0032983,AG00588,AG01822,Sara Anderson,485091.71,2026-07-18,2026-09-15,VA Loan,9.9,5.86,28426.37,First American Title,Completed
INSERT,2026-07-18T00:00:00,2026-07-18,TXN0235312,PT0146402,LST0146402,AG02206,AG00240,Samantha Stuart,816408.43,2026-07-18,2026-08-08,Conventional Mortgage,5.7,6.31,51515.37,WFG National Title,Completed
INSERT,2026-07-18T00:00:00,2026-07-18,TXN0235313,PT0002101,LST0002101,AG01720,AG02274,Larry Thompson,255926.39,2026-07-18,2026-08-18,VA Loan,5.1,5.96,15253.21,Old Republic Title,Completed
INSERT,2026-07-18T00:00:00,2026-07-18,TXN0235314,PT0094100,LST0094100,AG01573,AG00854,Michael Brown,644020.87,2026-07-18,2026-09-02,Cash,100.0,4.65,29946.97,First American Title,Completed
INSERT,2026-07-18T00:00:00,2026-07-18,TXN0235315,PT0141253,LST0141253,AG02822,AG01732,Samantha Cortez,430682.39,2026-07-18,2026-08-11,Conventional Mortgage,7.1,5.92,25496.4,Chicago Title,Completed
INSERT,2026-07-18T00:00:00,2026-07-18,TXN0235316,PT0447459,LST0447459,AG02803,AG02976,James Hill,334525.49,2026-07-18,2026-08-21,Conventional Mortgage,16.1,5.44,18198.19,WFG National Title,Completed
INSERT,2026-07-18T00:00:00,2026-07-18,TXN0235317,PT0370674,LST0370674,AG00065,AG00044,Catherine Weeks,463745.57,2026-07-18,2026-08-11,FHA Loan,20.7,4.72,21888.79,Old Republic Title,Completed
INSERT,2026-07-18T00:00:00,2026-07-18,TXN0235318,PT0009926,LST0009926,AG02092,AG00539,Julie Daniels,111489.05,2026-07-18,2026-09-03,Cash,100.0,5.62,6265.68,Fidelity National Title,Completed
INSERT,2026-07-18T00:00:00,2026-07-18,TXN0235319,PT0203845,LST0203845,AG02129,AG01360,Rebecca Phillips,243588.3,2026-07-18,2026-08-10,Conventional Mortgage,16.8,4.52,11010.19,Fidelity National Title,Completed
INSERT,2026-07-18T00:00:00,2026-07-18,TXN0235320,PT0002087,LST0002087,AG01775,AG02671,April Thornton,179474.14,2026-07-18,2026-08-13,FHA Loan,10.8,4.7,8435.28,Fidelity National Title,Completed
INSERT,2026-07-18T00:00:00,2026-07-18,TXN0235321,PT0511556,LST0511556,AG01482,AG02269,Christine Walter,422957.3,2026-07-18,2026-09-14,Conventional Mortgage,13.6,4.77,20175.06,Chicago Title,Completed
INSERT,2026-07-18T00:00:00,2026-07-18,TXN0235322,PT0104198,LST0104198,AG02918,AG00759,Daniel Nguyen,271620.51,2026-07-18,2026-08-03,FHA Loan,4.8,5.59,15183.59,WFG National Title,Completed
INSERT,2026-07-18T00:00:00,2026-07-18,TXN0235323,PT0001709,LST0001709,AG03000,AG02747,Traci Miller,309995.88,2026-07-18,2026-08-19,Conventional Mortgage,4.0,6.11,18940.75,WFG National Title,Completed
INSERT,2026-07-18T00:00:00,2026-07-18,TXN0235324,PT0325058,LST0325058,AG02863,AG02293,Debra Pope,154697.16,2026-07-18,2026-08-05,FHA Loan,13.7,5.9,9127.13,Chicago Title,Completed
INSERT,2026-07-18T00:00:00,2026-07-18,TXN0235325,PT0119139,LST0119139,AG01151,AG01361,Kimberly Cain,282620.53,2026-07-18,2026-08-05,Jumbo Loan,6.1,6.49,18342.07,WFG National Title,Completed
INSERT,2026-07-18T00:00:00,2026-07-18,TXN0235326,PT0205770,LST0205770,AG00733,AG01001,James Gibson,276475.54,2026-07-18,2026-08-26,Conventional Mortgage,23.6,6.01,16616.18,Fidelity National Title,Completed
INSERT,2026-07-18T00:00:00,2026-07-18,TXN0235327,PT0273514,LST0273514,AG02587,AG01422,Pamela Rowland,397694.46,2026-07-18,2026-08-14,Conventional Mortgage,11.6,5.07,20163.11,Chicago Title,Completed
INSERT,2026-07-18T00:00:00,2026-07-18,TXN0235328,PT0516681,LST0516681,AG00868,AG00331,Zachary Williams III,321597.44,2026-07-18,2026-09-03,VA Loan,3.9,5.23,16819.55,Old Republic Title,Completed
INSERT,2026-07-18T00:00:00,2026-07-18,TXN0235329,PT0283587,LST0283587,AG00641,AG02110,Mia Miller,326859.97,2026-07-18,2026-08-18,Conventional Mortgage,17.1,6.26,20461.43,Old Republic Title,Completed
INSERT,2026-07-18T00:00:00,2026-07-18,TXN0235330,PT0445136,LST0445136,AG02819,AG02421,Cameron Cohen,461555.48,2026-07-18,2026-08-20,Cash,100.0,5.72,26400.97,Fidelity National Title,Completed
INSERT,2026-07-18T00:00:00,2026-07-18,TXN0235331,PT0382226,LST0382226,AG00946,AG02987,Megan Burton,428751.87,2026-07-18,2026-08-25,Jumbo Loan,12.4,5.73,24567.48,Chicago Title,Completed
INSERT,2026-07-18T00:00:00,2026-07-18,TXN0235332,PT0276056,LST0276056,AG02205,AG01695,Monique Gonzalez,1088016.4,2026-07-18,2026-08-08,Conventional Mortgage,10.1,5.86,63757.76,Chicago Title,Completed
INSERT,2026-07-18T00:00:00,2026-07-18,TXN0235333,PT0214023,LST0214023,AG02741,AG01713,Jenna Mills,384754.11,2026-07-18,2026-08-13,Conventional Mortgage,23.4,6.18,23777.8,Stewart Title,Completed
INSERT,2026-07-18T00:00:00,2026-07-18,TXN0235334,PT0044125,LST0044125,AG01461,AG01917,Dr. Louis Graham MD,521266.11,2026-07-18,2026-08-08,Cash,100.0,6.01,31328.09,Chicago Title,Completed
INSERT,2026-07-18T00:00:00,2026-07-18,TXN0235335,PT0467932,LST0467932,AG02991,AG02667,Charles Smith,440701.18,2026-07-18,2026-09-07,Cash,100.0,4.86,21418.08,Fidelity National Title,Completed
INSERT,2026-07-18T00:00:00,2026-07-18,TXN0235336,PT0500850,LST0500850,AG01531,AG01137,Alfred Alexander,714540.66,2026-07-18,2026-09-10,FHA Loan,15.0,5.91,42229.35,Stewart Title,Completed
INSERT,2026-07-18T00:00:00,2026-07-18,TXN0235337,PT0229662,LST0229662,AG01949,AG02279,Austin Nguyen,366989.17,2026-07-18,2026-08-27,Jumbo Loan,23.6,5.48,20111.01,Old Republic Title,Completed
INSERT,2026-07-18T00:00:00,2026-07-18,TXN0235338,PT0237329,LST0237329,AG01123,AG02066,Charles Bowen,442143.47,2026-07-18,2026-09-12,FHA Loan,8.0,4.89,21620.82,Chicago Title,Completed
INSERT,2026-07-18T00:00:00,2026-07-18,TXN0235339,PT0006432,LST0006432,AG00684,AG02498,Steve Calderon,1610146.79,2026-07-18,2026-08-21,FHA Loan,3.4,6.17,99346.06,Chicago Title,Completed
INSERT,2026-07-18T00:00:00,2026-07-18,TXN0235340,PT0094516,LST0094516,AG02871,AG00012,Nichole Chambers,955574.48,2026-07-18,2026-08-13,Conventional Mortgage,23.1,5.99,57238.91,Fidelity National Title,Completed
INSERT,2026-07-18T00:00:00,2026-07-18,TXN0235341,PT0507122,LST0507122,AG02202,AG00245,Matthew Moses,289078.52,2026-07-18,2026-09-01,Jumbo Loan,21.9,5.93,17142.36,Old Republic Title,Completed
INSERT,2026-07-18T00:00:00,2026-07-18,TXN0235342,PT0010104,LST0010104,AG01928,AG01251,Sandra Wilkins DVM,1102203.0,2026-07-18,2026-08-05,Conventional Mortgage,10.2,5.44,59959.84,First American Title,Completed
INSERT,2026-07-18T00:00:00,2026-07-18,TXN0235343,PT0221259,LST0221259,AG01965,AG02859,Jonathan Wright,926109.06,2026-07-18,2026-08-11,FHA Loan,9.7,5.81,53806.94,Chicago Title,Completed
INSERT,2026-07-18T00:00:00,2026-07-18,TXN0235344,PT0183047,LST0183047,AG02793,AG01609,Mark Perez,464923.38,2026-07-18,2026-09-10,Jumbo Loan,14.6,5.36,24919.89,Fidelity National Title,Completed
INSERT,2026-07-18T00:00:00,2026-07-18,TXN0235345,PT0396500,LST0396500,AG02635,AG01335,Richard Thomas,192749.7,2026-07-18,2026-09-11,Conventional Mortgage,24.6,5.67,10928.91,WFG National Title,Completed
INSERT,2026-07-18T00:00:00,2026-07-18,TXN0235346,PT0501959,LST0501959,AG01399,AG01769,Casey Miller,157421.86,2026-07-18,2026-08-25,Conventional Mortgage,19.6,5.99,9429.57,Old Republic Title,Completed
INSERT,2026-07-18T00:00:00,2026-07-18,TXN0235347,PT0208360,LST0208360,AG01310,AG01699,Nicole Simmons,822824.86,2026-07-18,2026-08-30,Cash,100.0,5.56,45749.06,WFG National Title,Completed
INSERT,2026-07-18T00:00:00,2026-07-18,TXN0235348,PT0210401,LST0210401,AG01188,AG02011,Curtis Mosley,285440.59,2026-07-18,2026-09-11,FHA Loan,20.1,6.34,18096.93,Old Republic Title,Completed
INSERT,2026-07-18T00:00:00,2026-07-18,TXN0235349,PT0463830,LST0463830,AG00851,AG02231,Lisa Gordon,109059.08,2026-07-18,2026-08-10,FHA Loan,15.6,5.44,5932.81,Stewart Title,Completed
INSERT,2026-07-18T00:00:00,2026-07-18,TXN0235350,PT0403517,LST0403517,AG01998,AG01001,Ann Fisher,119044.46,2026-07-18,2026-08-28,Cash,100.0,5.89,7011.72,Stewart Title,Completed
INSERT,2026-07-18T00:00:00,2026-07-18,TXN0235351,PT0002919,LST0002919,AG02909,AG02502,Monica Fisher,162766.17,2026-07-18,2026-09-03,Conventional Mortgage,17.3,5.19,8447.56,First American Title,Completed
INSERT,2026-07-18T00:00:00,2026-07-18,TXN0235352,PT0101061,LST0101061,AG02092,AG00949,Dawn Gates,161560.37,2026-07-18,2026-08-12,Conventional Mortgage,4.0,5.61,9063.54,WFG National Title,Completed
INSERT,2026-07-18T00:00:00,2026-07-18,TXN0235353,PT0378394,LST0378394,AG00277,AG01248,John Lewis,383902.37,2026-07-18,2026-09-11,Conventional Mortgage,6.7,6.47,24838.48,WFG National Title,Completed
INSERT,2026-07-18T00:00:00,2026-07-18,TXN0235354,PT0151532,LST0151532,AG02984,AG00327,Troy Moore,120466.68,2026-07-18,2026-08-27,Cash,100.0,5.82,7011.16,Chicago Title,Completed
INSERT,2026-07-18T00:00:00,2026-07-18,TXN0235355,PT0001376,LST0001376,AG00725,AG02948,Daniel Miller,358931.52,2026-07-18,2026-08-07,Conventional Mortgage,17.2,4.72,16941.57,Stewart Title,Completed
INSERT,2026-07-18T00:00:00,2026-07-18,TXN0235356,PT0130384,LST0130384,AG00481,AG01820,Kelly Franco,1513820.09,2026-07-18,2026-09-07,Cash,100.0,4.5,68121.9,Old Republic Title,Completed
INSERT,2026-07-18T00:00:00,2026-07-18,TXN0235357,PT0253846,LST0253846,AG00501,AG02433,Nicole Wilson,316106.23,2026-07-18,2026-08-22,FHA Loan,13.4,4.84,15299.54,WFG National Title,Completed
INSERT,2026-07-18T00:00:00,2026-07-18,TXN0235358,PT0063945,LST0063945,AG00393,AG01919,Elizabeth Vargas,327612.99,2026-07-18,2026-08-16,Conventional Mortgage,19.3,4.74,15528.86,Fidelity National Title,Completed
INSERT,2026-07-18T00:00:00,2026-07-18,TXN0235359,PT0338472,LST0338472,AG02385,AG00202,Raymond Patterson,315424.12,2026-07-18,2026-08-03,Jumbo Loan,11.6,6.27,19777.09,Stewart Title,Completed
INSERT,2026-07-18T00:00:00,2026-07-18,TXN0235360,PT0516553,LST0516553,AG00169,AG02519,Hannah Mendoza,2520366.52,2026-07-18,2026-09-10,Conventional Mortgage,15.3,5.26,132571.28,Old Republic Title,Completed
INSERT,2026-07-18T00:00:00,2026-07-18,TXN0235361,PT0082137,LST0082137,AG02115,AG00915,Joshua Moreno,3281295.62,2026-07-18,2026-08-29,Conventional Mortgage,23.1,5.81,190643.28,Old Republic Title,Completed
INSERT,2026-07-18T00:00:00,2026-07-18,TXN0235362,PT0151243,LST0151243,AG00544,AG02648,Nicole Boyd,154793.46,2026-07-18,2026-08-02,Cash,100.0,6.14,9504.32,First American Title,Completed
INSERT,2026-07-18T00:00:00,2026-07-18,TXN0235363,PT0173771,LST0173771,AG00894,AG00685,Kimberly Evans,479887.47,2026-07-18,2026-08-28,Conventional Mortgage,14.9,6.21,29801.01,Fidelity National Title,Completed
INSERT,2026-07-18T00:00:00,2026-07-18,TXN0235364,PT0229830,LST0229830,AG00928,AG00294,Kathleen Berg,275735.8,2026-07-18,2026-08-24,Conventional Mortgage,14.2,5.69,15689.37,Fidelity National Title,Completed
INSERT,2026-07-18T00:00:00,2026-07-18,TXN0235365,PT0019335,LST0019335,AG00243,AG00173,Patricia Campbell,671387.37,2026-07-18,2026-09-03,Jumbo Loan,15.2,5.52,37060.58,Fidelity National Title,Completed
INSERT,2026-07-18T00:00:00,2026-07-18,TXN0235366,PT0368952,LST0368952,AG02944,AG01186,Kaitlyn Jacobs,264480.57,2026-07-18,2026-08-06,FHA Loan,23.7,6.34,16768.07,Chicago Title,Completed
INSERT,2026-07-18T00:00:00,2026-07-18,TXN0235367,PT0147396,LST0147396,AG00810,AG01569,Erin Norman,251342.21,2026-07-18,2026-08-13,Conventional Mortgage,23.5,4.55,11436.07,Stewart Title,Completed
INSERT,2026-07-18T00:00:00,2026-07-18,TXN0235368,PT0025230,LST0025230,AG00361,AG02789,Misty Norris,445819.2,2026-07-18,2026-08-05,Cash,100.0,5.87,26169.59,Chicago Title,Completed
INSERT,2026-07-18T00:00:00,2026-07-18,TXN0235369,PT0481630,LST0481630,AG00606,AG02796,Miss Kayla Burns DVM,393270.19,2026-07-18,2026-08-21,Conventional Mortgage,14.7,5.43,21354.57,Fidelity National Title,Completed
INSERT,2026-07-18T00:00:00,2026-07-18,TXN0235370,PT0493693,LST0493693,AG02063,AG02261,Loretta Thompson,193684.81,2026-07-18,2026-08-20,Conventional Mortgage,3.5,5.65,10943.19,WFG National Title,Completed
INSERT,2026-07-18T00:00:00,2026-07-18,TXN0235371,PT0251848,LST0251848,AG01534,AG00050,Steven Duncan,491039.06,2026-07-18,2026-08-17,VA Loan,21.0,5.87,28823.99,Old Republic Title,Completed
INSERT,2026-07-18T00:00:00,2026-07-18,TXN0235372,PT0090650,LST0090650,AG01960,AG01356,Justin Peck,652344.17,2026-07-18,2026-09-04,Jumbo Loan,17.9,5.46,35617.99,Fidelity National Title,Completed
INSERT,2026-07-18T00:00:00,2026-07-18,TXN0235373,PT0065440,LST0065440,AG02141,AG02904,Danielle Graham,440259.97,2026-07-18,2026-08-13,Conventional Mortgage,9.0,5.8,25535.08,WFG National Title,Completed
INSERT,2026-07-18T00:00:00,2026-07-18,TXN0235374,PT0471552,LST0471552,AG02713,AG01980,April Tyler,618089.91,2026-07-18,2026-08-31,Conventional Mortgage,3.3,5.11,31584.39,Chicago Title,Completed
INSERT,2026-07-18T00:00:00,2026-07-18,TXN0235375,PT0178294,LST0178294,AG00722,AG02759,Kim Herring,681200.85,2026-07-18,2026-08-07,Conventional Mortgage,22.3,5.77,39305.29,First American Title,Completed
INSERT,2026-07-18T00:00:00,2026-07-18,TXN0235376,PT0382965,LST0382965,AG01275,AG01928,John Miller,1080691.81,2026-07-18,2026-08-23,Conventional Mortgage,17.4,5.74,62031.71,First American Title,Completed
INSERT,2026-07-18T00:00:00,2026-07-18,TXN0235377,PT0012851,LST0012851,AG00287,AG01597,Traci Bell,502105.98,2026-07-18,2026-08-21,Conventional Mortgage,12.7,5.22,26209.93,First American Title,Completed
INSERT,2026-07-18T00:00:00,2026-07-18,TXN0235378,PT0143625,LST0143625,AG02287,AG02543,Jonathan Hicks,550713.93,2026-07-18,2026-08-06,Conventional Mortgage,7.0,5.81,31996.48,First American Title,Completed
INSERT,2026-07-18T00:00:00,2026-07-18,TXN0235379,PT0113693,LST0113693,AG02880,AG00140,John Medina,1584669.88,2026-07-18,2026-08-22,FHA Loan,10.5,6.21,98408.0,Fidelity National Title,Completed
INSERT,2026-07-18T00:00:00,2026-07-18,TXN0235380,PT0172407,LST0172407,AG02121,AG00540,Brandon Brown,344132.38,2026-07-18,2026-08-27,Cash,100.0,6.21,21370.62,Fidelity National Title,Completed
INSERT,2026-07-18T00:00:00,2026-07-18,TXN0235381,PT0089738,LST0089738,AG00867,AG01702,Michael Cole,2278073.21,2026-07-18,2026-09-06,Conventional Mortgage,9.8,6.34,144429.84,Stewart Title,Completed
INSERT,2026-07-18T00:00:00,2026-07-18,TXN0235382,PT0005418,LST0005418,AG02047,AG00214,Eric Rojas,207333.28,2026-07-18,2026-09-13,Jumbo Loan,15.0,5.67,11755.8,First American Title,Completed
INSERT,2026-07-18T00:00:00,2026-07-18,TXN0235383,PT0400506,LST0400506,AG00528,AG02337,Shelly Pham,1673092.29,2026-07-18,2026-09-15,VA Loan,6.8,5.47,91518.15,Stewart Title,Completed
INSERT,2026-07-18T00:00:00,2026-07-18,TXN0235384,PT0403958,LST0403958,AG00169,AG02664,Kendra Williams,829101.73,2026-07-18,2026-08-09,Conventional Mortgage,11.1,5.56,46098.06,Old Republic Title,Completed
INSERT,2026-07-18T00:00:00,2026-07-18,TXN0235385,PT0447471,LST0447471,AG00370,AG02160,Timothy Campbell,218600.32,2026-07-18,2026-09-04,FHA Loan,22.8,4.84,10580.26,Chicago Title,Completed
INSERT,2026-07-18T00:00:00,2026-07-18,TXN0235386,PT0318459,LST0318459,AG01618,AG01075,Carol Poole,154053.52,2026-07-18,2026-08-14,Conventional Mortgage,4.4,5.3,8164.84,Old Republic Title,Completed
INSERT,2026-07-18T00:00:00,2026-07-18,TXN0235387,PT0266158,LST0266158,AG01912,AG02731,Joe Ortiz,205598.54,2026-07-18,2026-08-12,Jumbo Loan,21.8,5.05,10382.73,First American Title,Completed
INSERT,2026-07-18T00:00:00,2026-07-18,TXN0235388,PT0292000,LST0292000,AG01379,AG02289,Carmen Brown,289466.01,2026-07-18,2026-08-17,FHA Loan,13.5,5.17,14965.39,WFG National Title,Completed
INSERT,2026-07-18T00:00:00,2026-07-18,TXN0235389,PT0341134,LST0341134,AG00103,AG01069,Carolyn Tucker,843317.65,2026-07-18,2026-09-15,Conventional Mortgage,7.6,5.74,48406.43,First American Title,Completed
INSERT,2026-07-18T00:00:00,2026-07-18,TXN0235390,PT0152470,LST0152470,AG00054,AG02897,Carlos Johnson,565719.07,2026-07-18,2026-08-11,Jumbo Loan,5.1,4.56,25796.79,Fidelity National Title,Completed
INSERT,2026-07-18T00:00:00,2026-07-18,TXN0235391,PT0414365,LST0414365,AG01092,AG01857,Alex Love,459468.33,2026-07-18,2026-09-03,Conventional Mortgage,11.5,5.35,24581.56,Fidelity National Title,Completed
INSERT,2026-07-18T00:00:00,2026-07-18,TXN0235392,PT0285261,LST0285261,AG00369,AG02869,Martha Charles,366702.26,2026-07-18,2026-08-23,Jumbo Loan,9.6,4.68,17161.67,Chicago Title,Completed
INSERT,2026-07-18T00:00:00,2026-07-18,TXN0235393,PT0409723,LST0409723,AG01433,AG02750,Tina Powell,132098.89,2026-07-18,2026-08-09,VA Loan,22.3,4.88,6446.43,First American Title,Completed
INSERT,2026-07-18T00:00:00,2026-07-18,TXN0235394,PT0190960,LST0190960,AG01062,AG00353,William Scott,1534431.35,2026-07-18,2026-09-07,Cash,100.0,6.26,96055.4,Chicago Title,Completed
INSERT,2026-07-18T00:00:00,2026-07-18,TXN0235395,PT0162313,LST0162313,AG00018,AG01134,Anna Rowe DDS,436465.36,2026-07-18,2026-09-11,Conventional Mortgage,18.3,4.94,21561.39,Chicago Title,Completed
INSERT,2026-07-18T00:00:00,2026-07-18,TXN0235396,PT0151104,LST0151104,AG00579,AG01710,Casey Jefferson,289656.63,2026-07-18,2026-09-04,Conventional Mortgage,4.6,5.01,14511.8,First American Title,Completed
INSERT,2026-07-18T00:00:00,2026-07-18,TXN0235397,PT0379100,LST0379100,AG00450,AG01306,Elijah Torres,554036.26,2026-07-18,2026-08-26,Conventional Mortgage,6.9,6.11,33851.62,First American Title,Completed
INSERT,2026-07-18T00:00:00,2026-07-18,TXN0235398,PT0111128,LST0111128,AG01945,AG02160,Mary Fields,281889.75,2026-07-18,2026-08-28,Jumbo Loan,24.3,6.07,17110.71,WFG National Title,Completed
INSERT,2026-07-18T00:00:00,2026-07-18,TXN0235399,PT0292022,LST0292022,AG00271,AG02617,Tara Velasquez,644070.52,2026-07-18,2026-08-21,Conventional Mortgage,24.2,6.14,39545.93,WFG National Title,Completed
INSERT,2026-07-18T00:00:00,2026-07-18,TXN0235400,PT0018126,LST0018126,AG02939,AG00664,Susan Moreno,285398.28,2026-07-18,2026-08-10,Cash,100.0,6.48,18493.81,WFG National Title,Completed
INSERT,2026-07-18T00:00:00,2026-07-18,TXN0235401,PT0098160,LST0098160,AG02299,AG00444,Kimberly Guerrero,877169.42,2026-07-18,2026-08-08,Conventional Mortgage,20.6,4.91,43069.02,Old Republic Title,Completed
INSERT,2026-07-18T00:00:00,2026-07-18,TXN0235402,PT0520683,LST0520683,AG01359,AG00759,Morgan Clark,718804.72,2026-07-18,2026-08-23,Conventional Mortgage,15.1,5.38,38671.69,WFG National Title,Completed
INSERT,2026-07-18T00:00:00,2026-07-18,TXN0235403,PT0425150,LST0425150,AG02259,AG00825,Jordan Yang,780937.56,2026-07-18,2026-08-02,Conventional Mortgage,5.6,4.77,37250.72,Fidelity National Title,Completed
INSERT,2026-07-18T00:00:00,2026-07-18,TXN0235404,PT0347408,LST0347408,AG02755,AG02402,Ronald Jones,892276.43,2026-07-18,2026-08-11,Conventional Mortgage,24.4,4.59,40955.49,Chicago Title,Completed
INSERT,2026-07-18T00:00:00,2026-07-18,TXN0235405,PT0339407,LST0339407,AG02899,AG01049,Ashley Holt,179501.35,2026-07-18,2026-08-03,Jumbo Loan,9.1,5.63,10105.93,First American Title,Completed
INSERT,2026-07-18T00:00:00,2026-07-18,TXN0235406,PT0464784,LST0464784,AG01173,AG00625,Darrell Diaz,429242.94,2026-07-18,2026-09-06,Cash,100.0,5.15,22106.01,First American Title,Completed
INSERT,2026-07-18T00:00:00,2026-07-18,TXN0235407,PT0498005,LST0498005,AG00484,AG00933,Tracy Kemp,947950.5,2026-07-18,2026-08-09,Conventional Mortgage,15.1,6.02,57066.62,Old Republic Title,Completed
